source_house,source_file,source_row_number,sr_no,state,honble_members_of_parliaments,constituency,allocated_amount_₹,raw_allocated_amount_₹,allocated_limit_amount_inr,canonical_work_category,raw_state,canonical_state,canonical_state_id,raw_constituency,canonical_constituency,canonical_constituency_id,raw_mp_name,canonical_mp_name,canonical_mp_id,canonical_work_id,financial_year
LOK_SABHA,Allocated Limit for Honble MPs (2).csv,2,1,Maharashtra,AASHTIKAR PATIL NAGESH BAPURAO,HINGOLI,190289442.0,190289442.0,190289442.0,OTHER_WORKS,Maharashtra,MAHARASHTRA,STATE_MAHARASHTRA,HINGOLI,HINGOLI,CONST_HINGOLI,AASHTIKAR PATIL NAGESH BAPURAO,AASHTIKAR PATIL NAGESH BAPURAO,MP_LOK_SABHA_AASHTIKAR_PATIL_NAGESH_BAPURAO,WORK_HASH_7344960496512851140,UNKNOWN_FY
LOK_SABHA,Allocated Limit for Honble MPs (2).csv,3,2,Jammu And Kashmir,ABDUL RASHID SHEIKH,BARAMULLAH,154773472.1,154773472.1,154773472.1,OTHER_WORKS,Jammu And Kashmir,JAMMU AND KASHMIR,STATE_JAMMU_AND_KASHMIR,BARAMULLAH,BARAMULLAH,CONST_BARAMULLAH,ABDUL RASHID SHEIKH,ABDUL RASHID SHEIKH,MP_LOK_SABHA_ABDUL_RASHID_SHEIKH,WORK_HASH_3299924033506455982,UNKNOWN_FY
LOK_SABHA,Allocated Limit for Honble MPs (2).csv,4,3,Bihar,ABHAY KUMAR SINHA,AURANGABAD_BR,147000000.0,147000000.0,147000000.0,OTHER_WORKS,Bihar,BIHAR,STATE_BIHAR,AURANGABAD_BR,AURANGABAD_BR,CONST_AURANGABAD_BR,ABHAY KUMAR SINHA,ABHAY KUMAR SINHA,MP_LOK_SABHA_ABHAY_KUMAR_SINHA,WORK_HASH_17026562344019637014,UNKNOWN_FY
LOK_SABHA,Allocated Limit for Honble MPs (2).csv,5,4,West Bengal,ABHIJIT GANGOPADHYAY,TAMLUK,147000000.0,147000000.0,147000000.0,OTHER_WORKS,West Bengal,WEST BENGAL,STATE_WEST_BENGAL,TAMLUK,TAMLUK,CONST_TAMLUK,ABHIJIT GANGOPADHYAY,ABHIJIT GANGOPADHYAY,MP_LOK_SABHA_ABHIJIT_GANGOPADHYAY,WORK_HASH_16034328008393545554,UNKNOWN_FY
LOK_SABHA,Allocated Limit for Honble MPs (2).csv,6,5,West Bengal,Abu Taher Khan,MURSHIDABAD,147000000.0,147000000.0,147000000.0,OTHER_WORKS,West Bengal,WEST BENGAL,STATE_WEST_BENGAL,MURSHIDABAD,MURSHIDABAD,CONST_MURSHIDABAD,Abu Taher Khan,ABU TAHER KHAN,MP_LOK_SABHA_ABU_TAHER_KHAN,WORK_HASH_12589558403041004557,UNKNOWN_FY
LOK_SABHA,Allocated Limit for Honble MPs (2).csv,7,6,West Bengal,ADHIKARI SOUMENDU,KANTHI,147000000.0,147000000.0,147000000.0,OTHER_WORKS,West Bengal,WEST BENGAL,STATE_WEST_BENGAL,KANTHI,KANTHI,CONST_KANTHI,ADHIKARI SOUMENDU,ADHIKARI SOUMENDU,MP_LOK_SABHA_ADHIKARI_SOUMENDU,WORK_HASH_15549307647176522889,UNKNOWN_FY
LOK_SABHA,Allocated Limit for Honble MPs (2).csv,8,7,Uttar Pradesh,ADITYA YADAV,BADAUN,147000000.0,147000000.0,147000000.0,OTHER_WORKS,Uttar Pradesh,UTTAR PRADESH,STATE_UTTAR_PRADESH,BADAUN,BADAUN,CONST_BADAUN,ADITYA YADAV,ADITYA YADAV,MP_LOK_SABHA_ADITYA_YADAV,WORK_HASH_8140320738428269465,UNKNOWN_FY
LOK_SABHA,Allocated Limit for Honble MPs (2).csv,9,8,Kerala,Adv Adoor Prakash,ATTINGAL,147000000.0,147000000.0,147000000.0,OTHER_WORKS,Kerala,KERALA,STATE_KERALA,ATTINGAL,ATTINGAL,CONST_ATTINGAL,Adv Adoor Prakash,ADOOR PRAKASH,MP_LOK_SABHA_ADOOR_PRAKASH,WORK_HASH_3583261540305985493,UNKNOWN_FY
LOK_SABHA,Allocated Limit for Honble MPs (2).csv,10,9,Kerala,Adv Dean Kuriakose,IDUKKI,147000000.0,147000000.0,147000000.0,OTHER_WORKS,Kerala,KERALA,STATE_KERALA,IDUKKI,IDUKKI,CONST_IDUKKI,Adv Dean Kuriakose,DEAN KURIAKOSE,MP_LOK_SABHA_DEAN_KURIAKOSE,WORK_HASH_9287894909973316076,UNKNOWN_FY
LOK_SABHA,Allocated Limit for Honble MPs (2).csv,11,10,Maharashtra,ADV GOWAAL KAGADA PADAVI,NANDURBAR(ST),147816309.1,147816309.1,147816309.1,OTHER_WORKS,Maharashtra,MAHARASHTRA,STATE_MAHARASHTRA,NANDURBAR(ST),NANDURBAR(ST),CONST_NANDURBAR_ST_,ADV GOWAAL KAGADA PADAVI,GOWAAL KAGADA PADAVI,MP_LOK_SABHA_GOWAAL_KAGADA_PADAVI,WORK_HASH_11881459409799589227,UNKNOWN_FY
LOK_SABHA,Allocated Limit for Honble MPs (2).csv,12,11,Kerala,ADV K FRANCIS GEORGE,KOTTAYAM,188722256.1,188722256.1,188722256.1,OTHER_WORKS,Kerala,KERALA,STATE_KERALA,KOTTAYAM,KOTTAYAM,CONST_KOTTAYAM,ADV K FRANCIS GEORGE,K FRANCIS GEORGE,MP_LOK_SABHA_K_FRANCIS_GEORGE,WORK_HASH_7325111485979572028,UNKNOWN_FY
LOK_SABHA,Allocated Limit for Honble MPs (2).csv,13,12,Uttar Pradesh,AFZAL ANSARI,GHAZIPUR,220500000.0,220500000.0,220500000.0,OTHER_WORKS,Uttar Pradesh,UTTAR PRADESH,STATE_UTTAR_PRADESH,GHAZIPUR,GHAZIPUR,CONST_GHAZIPUR,AFZAL ANSARI,AFZAL ANSARI,MP_LOK_SABHA_AFZAL_ANSARI,WORK_HASH_2628118723410895965,UNKNOWN_FY
LOK_SABHA,Allocated Limit for Honble MPs (2).csv,14,13,Jammu And Kashmir,AGA SYED RUHULLAH MEHDI,SRINAGAR,147000000.0,147000000.0,147000000.0,OTHER_WORKS,Jammu And Kashmir,JAMMU AND KASHMIR,STATE_JAMMU_AND_KASHMIR,SRINAGAR,SRINAGAR,CONST_SRINAGAR,AGA SYED RUHULLAH MEHDI,AGA SYED RUHULLAH MEHDI,MP_LOK_SABHA_AGA_SYED_RUHULLAH_MEHDI,WORK_HASH_7774752324826687946,UNKNOWN_FY
LOK_SABHA,Allocated Limit for Honble MPs (2).csv,15,14,Uttarakhand,Ajay Bhatt,NAINITAL UDHAM SINGH NAG.,147000000.0,147000000.0,147000000.0,OTHER_WORKS,Uttarakhand,UTTARAKHAND,STATE_UTTARAKHAND,NAINITAL UDHAM SINGH NAG.,NAINITAL UDHAM SINGH NAG.,CONST_NAINITAL_UDHAM_SINGH_NAG_,Ajay Bhatt,AJAY BHATT,MP_LOK_SABHA_AJAY_BHATT,WORK_HASH_6169250270824884532,UNKNOWN_FY
LOK_SABHA,Allocated Limit for Honble MPs (2).csv,16,15,Bihar,Ajay Kumar Mandal,BHAGALPUR,147000000.0,147000000.0,147000000.0,OTHER_WORKS,Bihar,BIHAR,STATE_BIHAR,BHAGALPUR,BHAGALPUR,CONST_BHAGALPUR,Ajay Kumar Mandal,AJAY KUMAR MANDAL,MP_LOK_SABHA_AJAY_KUMAR_MANDAL,WORK_HASH_5141808622060505223,UNKNOWN_FY
LOK_SABHA,Allocated Limit for Honble MPs (2).csv,17,16,Uttarakhand,Ajay Tamta,ALMORA(SC),147000000.0,147000000.0,147000000.0,OTHER_WORKS,Uttarakhand,UTTARAKHAND,STATE_UTTARAKHAND,ALMORA(SC),ALMORA(SC),CONST_ALMORA_SC_,Ajay Tamta,AJAY TAMTA,MP_LOK_SABHA_AJAY_TAMTA,WORK_HASH_12326104945337807473,UNKNOWN_FY
LOK_SABHA,Allocated Limit for Honble MPs (2).csv,18,17,Uttar Pradesh,AJENDRA SINGH LODHI,HAMIRPUR_UP,147000000.0,147000000.0,147000000.0,OTHER_WORKS,Uttar Pradesh,UTTAR PRADESH,STATE_UTTAR_PRADESH,HAMIRPUR_UP,HAMIRPUR_UP,CONST_HAMIRPUR_UP,AJENDRA SINGH LODHI,AJENDRA SINGH LODHI,MP_LOK_SABHA_AJENDRA_SINGH_LODHI,WORK_HASH_4479164947668869508,UNKNOWN_FY
LOK_SABHA,Allocated Limit for Honble MPs (2).csv,19,18,Uttar Pradesh,AKHILESH YADAV,KANNAUJ,147000000.0,147000000.0,147000000.0,OTHER_WORKS,Uttar Pradesh,UTTAR PRADESH,STATE_UTTAR_PRADESH,KANNAUJ,KANNAUJ,CONST_KANNAUJ,AKHILESH YADAV,AKHILESH YADAV,MP_LOK_SABHA_AKHILESH_YADAV,WORK_HASH_2779148821779363114,UNKNOWN_FY
LOK_SABHA,Allocated Limit for Honble MPs (2).csv,20,19,Uttar Pradesh,AKSHAYA YADAV,FIROZABAD,147000000.0,147000000.0,147000000.0,OTHER_WORKS,Uttar Pradesh,UTTAR PRADESH,STATE_UTTAR_PRADESH,FIROZABAD,FIROZABAD,CONST_FIROZABAD,AKSHAYA YADAV,AKSHAYA YADAV,MP_LOK_SABHA_AKSHAYA_YADAV,WORK_HASH_11827821989501220481,UNKNOWN_FY
LOK_SABHA,Allocated Limit for Honble MPs (2).csv,21,20,Manipur,ALFRED KANNGAM S ARTHUR,OUTER MANIPUR(ST),147000000.0,147000000.0,147000000.0,OTHER_WORKS,Manipur,MANIPUR,STATE_MANIPUR,OUTER MANIPUR(ST),OUTER MANIPUR(ST),CONST_OUTER_MANIPUR_ST_,ALFRED KANNGAM S ARTHUR,ALFRED KANNGAM S ARTHUR,MP_LOK_SABHA_ALFRED_KANNGAM_S_ARTHUR,WORK_HASH_1142093797586393899,UNKNOWN_FY
LOK_SABHA,Allocated Limit for Honble MPs (2).csv,22,21,Bihar,Alok Kumar Suman,GOPALGANJ (SC),147000000.0,147000000.0,147000000.0,OTHER_WORKS,Bihar,BIHAR,STATE_BIHAR,GOPALGANJ (SC),GOPALGANJ (SC),CONST_GOPALGANJ__SC_,Alok Kumar Suman,ALOK KUMAR SUMAN,MP_LOK_SABHA_ALOK_KUMAR_SUMAN,WORK_HASH_13289668619462068681,UNKNOWN_FY
LOK_SABHA,Allocated Limit for Honble MPs (2).csv,23,22,Madhya Pradesh,ALOK SHARMA,BHOPAL,147000000.0,147000000.0,147000000.0,OTHER_WORKS,Madhya Pradesh,MADHYA PRADESH,STATE_MADHYA_PRADESH,BHOPAL,BHOPAL,CONST_BHOPAL,ALOK SHARMA,ALOK SHARMA,MP_LOK_SABHA_ALOK_SHARMA,WORK_HASH_3679783602724984809,UNKNOWN_FY
LOK_SABHA,Allocated Limit for Honble MPs (2).csv,24,23,Maharashtra,AMAR SHARADRAO KALE,WARDHA,147000000.0,147000000.0,147000000.0,OTHER_WORKS,Maharashtra,MAHARASHTRA,STATE_MAHARASHTRA,WARDHA,WARDHA,CONST_WARDHA,AMAR SHARADRAO KALE,AMAR SHARADRAO KALE,MP_LOK_SABHA_AMAR_SHARADRAO_KALE,WORK_HASH_15509301179069049080,UNKNOWN_FY
LOK_SABHA,Allocated Limit for Honble MPs (2).csv,25,24,Assam,AMARSING TISSO,Diphu (ST),147000000.0,147000000.0,147000000.0,OTHER_WORKS,Assam,ASSAM,STATE_ASSAM,Diphu (ST),DIPHU (ST),CONST_DIPHU__ST_,AMARSING TISSO,AMARSING TISSO,MP_LOK_SABHA_AMARSING_TISSO,WORK_HASH_4783289235832972281,UNKNOWN_FY
LOK_SABHA,Allocated Limit for Honble MPs (2).csv,26,25,Andhra Pradesh,AMBICA G LAKSHMINARAYANA VALMIKI,ANANTAPUR,201899064.1,201899064.1,201899064.1,OTHER_WORKS,Andhra Pradesh,ANDHRA PRADESH,STATE_ANDHRA_PRADESH,ANANTAPUR,ANANTAPUR,CONST_ANANTAPUR,AMBICA G LAKSHMINARAYANA VALMIKI,AMBICA G LAKSHMINARAYANA VALMIKI,MP_LOK_SABHA_AMBICA_G_LAKSHMINARAYANA_VALMIKI,WORK_HASH_1496989975006196336,UNKNOWN_FY
LOK_SABHA,Allocated Limit for Honble MPs (2).csv,27,26,Maharashtra,Amol Ramsing Kolhe,SHIRUR,147000000.0,147000000.0,147000000.0,OTHER_WORKS,Maharashtra,MAHARASHTRA,STATE_MAHARASHTRA,SHIRUR,SHIRUR,CONST_SHIRUR,Amol Ramsing Kolhe,AMOL RAMSING KOLHE,MP_LOK_SABHA_AMOL_RAMSING_KOLHE,WORK_HASH_12443013510981894967,UNKNOWN_FY
LOK_SABHA,Allocated Limit for Honble MPs (2).csv,28,27,Rajasthan,AMRARAM,SIKAR,165691544.1,165691544.1,165691544.1,OTHER_WORKS,Rajasthan,RAJASTHAN,STATE_RAJASTHAN,SIKAR,SIKAR,CONST_SIKAR,AMRARAM,AMRARAM,MP_LOK_SABHA_AMRARAM,WORK_HASH_18192744260306718341,UNKNOWN_FY
LOK_SABHA,Allocated Limit for Honble MPs (2).csv,29,28,Punjab,AMRINDER SINGH RAJA WARRING,LUDHIANA,147000000.0,147000000.0,147000000.0,OTHER_WORKS,Punjab,PUNJAB,STATE_PUNJAB,LUDHIANA,LUDHIANA,CONST_LUDHIANA,AMRINDER SINGH RAJA WARRING,AMRINDER SINGH RAJA WARRING,MP_LOK_SABHA_AMRINDER_SINGH_RAJA_WARRING,WORK_HASH_8692577507919836076,UNKNOWN_FY
LOK_SABHA,Allocated Limit for Honble MPs (2).csv,30,29,Uttar Pradesh,ANAND BHADAURIYA,DHAURAHRA,147000000.0,147000000.0,147000000.0,OTHER_WORKS,Uttar Pradesh,UTTAR PRADESH,STATE_UTTAR_PRADESH,DHAURAHRA,DHAURAHRA,CONST_DHAURAHRA,ANAND BHADAURIYA,ANAND BHADAURIYA,MP_LOK_SABHA_ANAND_BHADAURIYA,WORK_HASH_17650121524295517026,UNKNOWN_FY
LOK_SABHA,Allocated Limit for Honble MPs (2).csv,31,30,Uttar Pradesh,ANAND KUMAR,BAHRAICH(SC),147000000.0,147000000.0,147000000.0,OTHER_WORKS,Uttar Pradesh,UTTAR PRADESH,STATE_UTTAR_PRADESH,BAHRAICH(SC),BAHRAICH(SC),CONST_BAHRAICH_SC_,ANAND KUMAR,ANAND KUMAR,MP_LOK_SABHA_ANAND_KUMAR,WORK_HASH_7366583560032677673,UNKNOWN_FY
LOK_SABHA,Allocated Limit for Honble MPs (2).csv,32,31,Odisha,ANANTA NAYAK,KEONJHAR(ST),147000000.0,147000000.0,147000000.0,OTHER_WORKS,Odisha,ODISHA,STATE_ODISHA,KEONJHAR(ST),KEONJHAR(ST),CONST_KEONJHAR_ST_,ANANTA NAYAK,ANANTA NAYAK,MP_LOK_SABHA_ANANTA_NAYAK,WORK_HASH_12923395493720107896,UNKNOWN_FY
LOK_SABHA,Allocated Limit for Honble MPs (2).csv,33,32,Tamil Nadu,Andimuthu Raja,NILGIRIS(SC),147000000.0,147000000.0,147000000.0,OTHER_WORKS,Tamil Nadu,TAMIL NADU,STATE_TAMIL_NADU,NILGIRIS(SC),NILGIRIS(SC),CONST_NILGIRIS_SC_,Andimuthu Raja,ANDIMUTHU RAJA,MP_LOK_SABHA_ANDIMUTHU_RAJA,WORK_HASH_5343681431621235481,UNKNOWN_FY
LOK_SABHA,Allocated Limit for Honble MPs (2).csv,34,33,Meghalaya,ANDREW J. SYNGKON,SHILLONG,98000000.0,98000000.0,98000000.0,OTHER_WORKS,Meghalaya,MEGHALAYA,STATE_MEGHALAYA,SHILLONG,SHILLONG,CONST_SHILLONG,ANDREW J. SYNGKON,ANDREW J. SYNGKON,MP_LOK_SABHA_ANDREW_J__SYNGKON,WORK_HASH_2830436473383408932,UNKNOWN_FY
LOK_SABHA,Allocated Limit for Honble MPs (2).csv,35,34,Manipur,ANGOMCHA BIMOL AKOIJAM,INNER MANIPUR,147000000.0,147000000.0,147000000.0,OTHER_WORKS,Manipur,MANIPUR,STATE_MANIPUR,INNER MANIPUR,INNER MANIPUR,CONST_INNER_MANIPUR,ANGOMCHA BIMOL AKOIJAM,ANGOMCHA BIMOL AKOIJAM,MP_LOK_SABHA_ANGOMCHA_BIMOL_AKOIJAM,WORK_HASH_1502371731253901835,UNKNOWN_FY
LOK_SABHA,Allocated Limit for Honble MPs (2).csv,36,35,Uttarakhand,ANIL BALUNI,GARHWAL,147000000.0,147000000.0,147000000.0,OTHER_WORKS,Uttarakhand,UTTARAKHAND,STATE_UTTARAKHAND,GARHWAL,GARHWAL,CONST_GARHWAL,ANIL BALUNI,ANIL BALUNI,MP_LOK_SABHA_ANIL_BALUNI,WORK_HASH_3258181097560072471,UNKNOWN_FY
LOK_SABHA,Allocated Limit for Honble MPs (2).csv,37,36,Maharashtra,ANIL YESHWANT DESAI,MUMBAI SOUTH CENTRAL,147000000.0,147000000.0,147000000.0,OTHER_WORKS,Maharashtra,MAHARASHTRA,STATE_MAHARASHTRA,MUMBAI SOUTH CENTRAL,MUMBAI SOUTH CENTRAL,CONST_MUMBAI_SOUTH_CENTRAL,ANIL YESHWANT DESAI,ANIL YESHWANT DESAI,MP_LOK_SABHA_ANIL_YESHWANT_DESAI,WORK_HASH_13520861689558925800,UNKNOWN_FY
LOK_SABHA,Allocated Limit for Honble MPs (2).csv,38,37,Madhya Pradesh,ANITA NAGARSINGH CHOUHAN,RATLAM(ST),147000000.0,147000000.0,147000000.0,OTHER_WORKS,Madhya Pradesh,MADHYA PRADESH,STATE_MADHYA_PRADESH,RATLAM(ST),RATLAM(ST),CONST_RATLAM_ST_,ANITA NAGARSINGH CHOUHAN,ANITA NAGARSINGH CHOUHAN,MP_LOK_SABHA_ANITA_NAGARSINGH_CHOUHAN,WORK_HASH_13105328028976347924,UNKNOWN_FY
LOK_SABHA,Allocated Limit for Honble MPs (2).csv,39,38,Odisha,ANITA SUBHADARSHINI,ASKA,147000000.0,147000000.0,147000000.0,OTHER_WORKS,Odisha,ODISHA,STATE_ODISHA,ASKA,ASKA,CONST_ASKA,ANITA SUBHADARSHINI,ANITA SUBHADARSHINI,MP_LOK_SABHA_ANITA_SUBHADARSHINI,WORK_HASH_14931737398512180527,UNKNOWN_FY
LOK_SABHA,Allocated Limit for Honble MPs (2).csv,40,39,Jharkhand,Annpurna Devi,KODARMA,166665931.8,166665931.8,166665931.8,OTHER_WORKS,Jharkhand,JHARKHAND,STATE_JHARKHAND,KODARMA,KODARMA,CONST_KODARMA,Annpurna Devi,ANNPURNA DEVI,MP_LOK_SABHA_ANNPURNA_DEVI,WORK_HASH_637951002659823173,UNKNOWN_FY
LOK_SABHA,Allocated Limit for Honble MPs (2).csv,41,40,Uttar Pradesh,ANOOP PRADHAN BALMIKI,HATHRAS (SC),147000000.0,147000000.0,147000000.0,OTHER_WORKS,Uttar Pradesh,UTTAR PRADESH,STATE_UTTAR_PRADESH,HATHRAS (SC),HATHRAS (SC),CONST_HATHRAS__SC_,ANOOP PRADHAN BALMIKI,ANOOP PRADHAN BALMIKI,MP_LOK_SABHA_ANOOP_PRADHAN_BALMIKI,WORK_HASH_6965403889298925744,UNKNOWN_FY
LOK_SABHA,Allocated Limit for Honble MPs (2).csv,42,41,Kerala,Anto Antony,PATHANAMTHITTA,147000000.0,147000000.0,147000000.0,OTHER_WORKS,Kerala,KERALA,STATE_KERALA,PATHANAMTHITTA,PATHANAMTHITTA,CONST_PATHANAMTHITTA,Anto Antony,ANTO ANTONY,MP_LOK_SABHA_ANTO_ANTONY,WORK_HASH_4052529819057473668,UNKNOWN_FY
LOK_SABHA,Allocated Limit for Honble MPs (2).csv,43,42,Maharashtra,ANUP SANJAY DHOTRE,AKOLA,147000000.0,147000000.0,147000000.0,OTHER_WORKS,Maharashtra,MAHARASHTRA,STATE_MAHARASHTRA,AKOLA,AKOLA,CONST_AKOLA,ANUP SANJAY DHOTRE,ANUP SANJAY DHOTRE,MP_LOK_SABHA_ANUP_SANJAY_DHOTRE,WORK_HASH_2876729145087977799,UNKNOWN_FY
LOK_SABHA,Allocated Limit for Honble MPs (2).csv,44,43,Uttar Pradesh,Anurag Sharma,JHANSI,147000000.0,147000000.0,147000000.0,OTHER_WORKS,Uttar Pradesh,UTTAR PRADESH,STATE_UTTAR_PRADESH,JHANSI,JHANSI,CONST_JHANSI,Anurag Sharma,ANURAG SHARMA,MP_LOK_SABHA_ANURAG_SHARMA,WORK_HASH_9599949645870033462,UNKNOWN_FY
LOK_SABHA,Allocated Limit for Honble MPs (2).csv,45,44,Himachal Pradesh,Anurag Singh Thakur,HAMIRPUR_HP,149570117.1,149570117.1,149570117.1,OTHER_WORKS,Himachal Pradesh,HIMACHAL PRADESH,STATE_HIMACHAL_PRADESH,HAMIRPUR_HP,HAMIRPUR_HP,CONST_HAMIRPUR_HP,Anurag Singh Thakur,ANURAG SINGH THAKUR,MP_LOK_SABHA_ANURAG_SINGH_THAKUR,WORK_HASH_11483227107467600171,UNKNOWN_FY
LOK_SABHA,Allocated Limit for Honble MPs (2).csv,46,45,Andhra Pradesh,Appalanaidu Kalisetti,VIZIANAGARAM,147000000.0,147000000.0,147000000.0,OTHER_WORKS,Andhra Pradesh,ANDHRA PRADESH,STATE_ANDHRA_PRADESH,VIZIANAGARAM,VIZIANAGARAM,CONST_VIZIANAGARAM,Appalanaidu Kalisetti,APPALANAIDU KALISETTI,MP_LOK_SABHA_APPALANAIDU_KALISETTI,WORK_HASH_920731908303345162,UNKNOWN_FY
LOK_SABHA,Allocated Limit for Honble MPs (2).csv,47,46,Bihar,ARUN BHARTI,JAMUI(SC),194924621.1,194924621.1,194924621.1,OTHER_WORKS,Bihar,BIHAR,STATE_BIHAR,JAMUI(SC),JAMUI(SC),CONST_JAMUI_SC_,ARUN BHARTI,ARUN BHARTI,MP_LOK_SABHA_ARUN_BHARTI,WORK_HASH_17524098739091974759,UNKNOWN_FY
LOK_SABHA,Allocated Limit for Honble MPs (2).csv,48,47,Uttar Pradesh,ARUN GOVIL,MEERUT,147000000.0,147000000.0,147000000.0,OTHER_WORKS,Uttar Pradesh,UTTAR PRADESH,STATE_UTTAR_PRADESH,MEERUT,MEERUT,CONST_MEERUT,ARUN GOVIL,ARUN GOVIL,MP_LOK_SABHA_ARUN_GOVIL,WORK_HASH_321179387191553659,UNKNOWN_FY
LOK_SABHA,Allocated Limit for Honble MPs (2).csv,49,48,Tamil Nadu,ARUN NEHRU,PERAMBALUR,147000000.0,147000000.0,147000000.0,OTHER_WORKS,Tamil Nadu,TAMIL NADU,STATE_TAMIL_NADU,PERAMBALUR,PERAMBALUR,CONST_PERAMBALUR,ARUN NEHRU,ARUN NEHRU,MP_LOK_SABHA_ARUN_NEHRU,WORK_HASH_12218950615569243577,UNKNOWN_FY
LOK_SABHA,Allocated Limit for Honble MPs (2).csv,50,49,Telangana,ARUNA. D. K,MAHABUBNAGAR,147000000.0,147000000.0,147000000.0,OTHER_WORKS,Telangana,TELANGANA,STATE_TELANGANA,MAHABUBNAGAR,MAHABUBNAGAR,CONST_MAHABUBNAGAR,ARUNA. D. K,ARUNA. D. K,MP_LOK_SABHA_ARUNA__D__K,WORK_HASH_12529675577371492393,UNKNOWN_FY
LOK_SABHA,Allocated Limit for Honble MPs (2).csv,51,50,West Bengal,ARUP CHAKRABORTY,BANKURA,147000000.0,147000000.0,147000000.0,OTHER_WORKS,West Bengal,WEST BENGAL,STATE_WEST_BENGAL,BANKURA,BANKURA,CONST_BANKURA,ARUP CHAKRABORTY,ARUP CHAKRABORTY,MP_LOK_SABHA_ARUP_CHAKRABORTY,WORK_HASH_2839300032342190880,UNKNOWN_FY
LOK_SABHA,Allocated Limit for Honble MPs (2).csv,52,51,Telangana,Arvind Dharmapuri,NIZAMABAD,281396355.1,281396355.1,281396355.1,OTHER_WORKS,Telangana,TELANGANA,STATE_TELANGANA,NIZAMABAD,NIZAMABAD,CONST_NIZAMABAD,Arvind Dharmapuri,ARVIND DHARMAPURI,MP_LOK_SABHA_ARVIND_DHARMAPURI,WORK_HASH_12729263911794486639,UNKNOWN_FY
LOK_SABHA,Allocated Limit for Honble MPs (2).csv,53,52,Maharashtra,Arvind Ganpat Sawant,MUMBAI SOUTH,147000000.0,147000000.0,147000000.0,OTHER_WORKS,Maharashtra,MAHARASHTRA,STATE_MAHARASHTRA,MUMBAI SOUTH,MUMBAI SOUTH,CONST_MUMBAI_SOUTH,Arvind Ganpat Sawant,ARVIND GANPAT SAWANT,MP_LOK_SABHA_ARVIND_GANPAT_SAWANT,WORK_HASH_8071034810083629129,UNKNOWN_FY
LOK_SABHA,Allocated Limit for Honble MPs (2).csv,54,53,Telangana,Asaduddin Owaisi,HYDERABAD,147000000.0,147000000.0,147000000.0,OTHER_WORKS,Telangana,TELANGANA,STATE_TELANGANA,HYDERABAD,HYDERABAD,CONST_HYDERABAD,Asaduddin Owaisi,ASADUDDIN OWAISI,MP_LOK_SABHA_ASADUDDIN_OWAISI,WORK_HASH_10942868689028177536,UNKNOWN_FY
LOK_SABHA,Allocated Limit for Honble MPs (2).csv,55,54,Madhya Pradesh,ASHISH DUBEY,JABALPUR,147000000.0,147000000.0,147000000.0,OTHER_WORKS,Madhya Pradesh,MADHYA PRADESH,STATE_MADHYA_PRADESH,JABALPUR,JABALPUR,CONST_JABALPUR,ASHISH DUBEY,ASHISH DUBEY,MP_LOK_SABHA_ASHISH_DUBEY,WORK_HASH_6413351421188916938,UNKNOWN_FY
LOK_SABHA,Allocated Limit for Honble MPs (2).csv,56,55,Uttar Pradesh,Ashok Kumar Rawat,MISRIKH(SC),147000000.0,147000000.0,147000000.0,OTHER_WORKS,Uttar Pradesh,UTTAR PRADESH,STATE_UTTAR_PRADESH,MISRIKH(SC),MISRIKH(SC),CONST_MISRIKH_SC_,Ashok Kumar Rawat,ASHOK KUMAR RAWAT,MP_LOK_SABHA_ASHOK_KUMAR_RAWAT,WORK_HASH_1379958268804204836,UNKNOWN_FY
LOK_SABHA,Allocated Limit for Honble MPs (2).csv,57,56,Bihar,Ashok Kumar Yadav,MADHUBANI,147000000.0,147000000.0,147000000.0,OTHER_WORKS,Bihar,BIHAR,STATE_BIHAR,MADHUBANI,MADHUBANI,CONST_MADHUBANI,Ashok Kumar Yadav,ASHOK KUMAR YADAV,MP_LOK_SABHA_ASHOK_KUMAR_YADAV,WORK_HASH_3789891675074756319,UNKNOWN_FY
LOK_SABHA,Allocated Limit for Honble MPs (2).csv,58,57,West Bengal,Asit Kumar Mal,BOLPUR(SC),275694456.7,275694456.7,275694456.7,OTHER_WORKS,West Bengal,WEST BENGAL,STATE_WEST_BENGAL,BOLPUR(SC),BOLPUR(SC),CONST_BOLPUR_SC_,Asit Kumar Mal,ASIT KUMAR MAL,MP_LOK_SABHA_ASIT_KUMAR_MAL,WORK_HASH_10141330172961962873,UNKNOWN_FY
LOK_SABHA,Allocated Limit for Honble MPs (2).csv,59,58,Uttar Pradesh,ATUL GARG,GHAZIABAD,155336470.0,155336470.0,155336470.0,OTHER_WORKS,Uttar Pradesh,UTTAR PRADESH,STATE_UTTAR_PRADESH,GHAZIABAD,GHAZIABAD,CONST_GHAZIABAD,ATUL GARG,ATUL GARG,MP_LOK_SABHA_ATUL_GARG,WORK_HASH_16969288675717138010,UNKNOWN_FY
LOK_SABHA,Allocated Limit for Honble MPs (2).csv,60,59,Odisha,AVIMANYU SETHI,BHADRAK(SC),147000000.0,147000000.0,147000000.0,OTHER_WORKS,Odisha,ODISHA,STATE_ODISHA,BHADRAK(SC),BHADRAK(SC),CONST_BHADRAK_SC_,AVIMANYU SETHI,AVIMANYU SETHI,MP_LOK_SABHA_AVIMANYU_SETHI,WORK_HASH_10373192705664598619,UNKNOWN_FY
LOK_SABHA,Allocated Limit for Honble MPs (2).csv,61,60,Uttar Pradesh,AWADHESH PRASAD,FAIZABAD,147000000.0,147000000.0,147000000.0,OTHER_WORKS,Uttar Pradesh,UTTAR PRADESH,STATE_UTTAR_PRADESH,FAIZABAD,FAIZABAD,CONST_FAIZABAD,AWADHESH PRASAD,AWADHESH PRASAD,MP_LOK_SABHA_AWADHESH_PRASAD,WORK_HASH_9390920010845527257,UNKNOWN_FY
LOK_SABHA,Allocated Limit for Honble MPs (2).csv,62,61,West Bengal,AZAD KIRTI JHA,BARDHAMAN-DURGAPUR,179658400.0,179658400.0,179658400.0,OTHER_WORKS,West Bengal,WEST BENGAL,STATE_WEST_BENGAL,BARDHAMAN-DURGAPUR,BARDHAMAN-DURGAPUR,CONST_BARDHAMAN_DURGAPUR,AZAD KIRTI JHA,AZAD KIRTI JHA,MP_LOK_SABHA_AZAD_KIRTI_JHA,WORK_HASH_1982171390598692975,UNKNOWN_FY
LOK_SABHA,Allocated Limit for Honble MPs (2).csv,63,62,Andhra Pradesh,B K PARTHASARATHI,HINDUPUR,160491894.1,160491894.1,160491894.1,OTHER_WORKS,Andhra Pradesh,ANDHRA PRADESH,STATE_ANDHRA_PRADESH,HINDUPUR,HINDUPUR,CONST_HINDUPUR,B K PARTHASARATHI,B K PARTHASARATHI,MP_LOK_SABHA_B_K_PARTHASARATHI,WORK_HASH_2773539159911806939,UNKNOWN_FY
LOK_SABHA,Allocated Limit for Honble MPs (2).csv,64,63,Uttar Pradesh,BABU SINGH KUSHWAHA,JAUNPUR,147000000.0,147000000.0,147000000.0,OTHER_WORKS,Uttar Pradesh,UTTAR PRADESH,STATE_UTTAR_PRADESH,JAUNPUR,JAUNPUR,CONST_JAUNPUR,BABU SINGH KUSHWAHA,BABU SINGH KUSHWAHA,MP_LOK_SABHA_BABU_SINGH_KUSHWAHA,WORK_HASH_11930424065888907334,UNKNOWN_FY
LOK_SABHA,Allocated Limit for Honble MPs (2).csv,65,64,Maharashtra,BACHHAV SHOBHA DINESH,DHULE,147000000.0,147000000.0,147000000.0,OTHER_WORKS,Maharashtra,MAHARASHTRA,STATE_MAHARASHTRA,DHULE,DHULE,CONST_DHULE,BACHHAV SHOBHA DINESH,BACHHAV SHOBHA DINESH,MP_LOK_SABHA_BACHHAV_SHOBHA_DINESH,WORK_HASH_8559897942238902277,UNKNOWN_FY
LOK_SABHA,Allocated Limit for Honble MPs (2).csv,66,65,West Bengal,BAG MITALI,ARAMBAG(SC),147000000.0,147000000.0,147000000.0,OTHER_WORKS,West Bengal,WEST BENGAL,STATE_WEST_BENGAL,ARAMBAG(SC),ARAMBAG(SC),CONST_ARAMBAG_SC_,BAG MITALI,BAG MITALI,MP_LOK_SABHA_BAG_MITALI,WORK_HASH_6548271283517390379,UNKNOWN_FY
LOK_SABHA,Allocated Limit for Honble MPs (2).csv,67,66,Odisha,BAIJAYANT PANDA,KENDRAPARA,147000000.0,147000000.0,147000000.0,OTHER_WORKS,Odisha,ODISHA,STATE_ODISHA,KENDRAPARA,KENDRAPARA,CONST_KENDRAPARA,BAIJAYANT PANDA,BAIJAYANT PANDA,MP_LOK_SABHA_BAIJAYANT_PANDA,WORK_HASH_12562395545026955199,UNKNOWN_FY
LOK_SABHA,Allocated Limit for Honble MPs (2).csv,68,67,Maharashtra,BAJRANG MANOHAR SONWANE,BEED,165899107.2,165899107.2,165899107.2,OTHER_WORKS,Maharashtra,MAHARASHTRA,STATE_MAHARASHTRA,BEED,BEED,CONST_BEED,BAJRANG MANOHAR SONWANE,BAJRANG MANOHAR SONWANE,MP_LOK_SABHA_BAJRANG_MANOHAR_SONWANE,WORK_HASH_13246807880385910581,UNKNOWN_FY
LOK_SABHA,Allocated Limit for Honble MPs (2).csv,69,68,Odisha,BALABHADRA MAJHI,NABARANGPUR(ST),147413962.1,147413962.1,147413962.1,OTHER_WORKS,Odisha,ODISHA,STATE_ODISHA,NABARANGPUR(ST),NABARANGPUR(ST),CONST_NABARANGPUR_ST_,BALABHADRA MAJHI,BALABHADRA MAJHI,MP_LOK_SABHA_BALABHADRA_MAJHI,WORK_HASH_13443378330621672965,UNKNOWN_FY
LOK_SABHA,Allocated Limit for Honble MPs (2).csv,70,69,Andhra Pradesh,Balashowry Vallabbhaneni,MACHILIPATNAM,147000000.0,147000000.0,147000000.0,OTHER_WORKS,Andhra Pradesh,ANDHRA PRADESH,STATE_ANDHRA_PRADESH,MACHILIPATNAM,MACHILIPATNAM,CONST_MACHILIPATNAM,Balashowry Vallabbhaneni,BALASHOWRY VALLABBHANENI,MP_LOK_SABHA_BALASHOWRY_VALLABBHANENI,WORK_HASH_16944621573197435571,UNKNOWN_FY
LOK_SABHA,Allocated Limit for Honble MPs (2).csv,71,70,Telangana,BALRAM NAIK PORIKA,MAHABUBABAD,147000000.0,147000000.0,147000000.0,OTHER_WORKS,Telangana,TELANGANA,STATE_TELANGANA,MAHABUBABAD,MAHABUBABAD,CONST_MAHABUBABAD,BALRAM NAIK PORIKA,BALRAM NAIK PORIKA,MP_LOK_SABHA_BALRAM_NAIK_PORIKA,WORK_HASH_10082673904735818034,UNKNOWN_FY
LOK_SABHA,Allocated Limit for Honble MPs (2).csv,72,71,Maharashtra,BALWANT BASWANT WANKHADE,AMRAVATI(SC),198293678.0,198293678.0,198293678.0,OTHER_WORKS,Maharashtra,MAHARASHTRA,STATE_MAHARASHTRA,AMRAVATI(SC),AMRAVATI(SC),CONST_AMRAVATI_SC_,BALWANT BASWANT WANKHADE,BALWANT BASWANT WANKHADE,MP_LOK_SABHA_BALWANT_BASWANT_WANKHADE,WORK_HASH_3637496579032683236,UNKNOWN_FY
LOK_SABHA,Allocated Limit for Honble MPs (2).csv,73,72,Maharashtra,BALYA MAMA SURESH GOPINATH MHATRE,BHIWANDI,147000000.0,147000000.0,147000000.0,OTHER_WORKS,Maharashtra,MAHARASHTRA,STATE_MAHARASHTRA,BHIWANDI,BHIWANDI,CONST_BHIWANDI,BALYA MAMA SURESH GOPINATH MHATRE,BALYA MAMA SURESH GOPINATH MHATRE,MP_LOK_SABHA_BALYA_MAMA_SURESH_GOPINATH_MHATRE,WORK_HASH_6914288901266101055,UNKNOWN_FY
LOK_SABHA,Allocated Limit for Honble MPs (2).csv,74,73,Delhi,Bansuri Swaraj,NEW DELHI,154306950.0,154306950.0,154306950.0,OTHER_WORKS,Delhi,DELHI,STATE_DELHI,NEW DELHI,NEW DELHI,CONST_NEW_DELHI,Bansuri Swaraj,BANSURI SWARAJ,MP_LOK_SABHA_BANSURI_SWARAJ,WORK_HASH_4727922556412530719,UNKNOWN_FY
LOK_SABHA,Allocated Limit for Honble MPs (2).csv,75,74,West Bengal,BAPI HALDAR,MATHURAPUR(SC),147000000.0,147000000.0,147000000.0,OTHER_WORKS,West Bengal,WEST BENGAL,STATE_WEST_BENGAL,MATHURAPUR(SC),MATHURAPUR(SC),CONST_MATHURAPUR_SC_,BAPI HALDAR,BAPI HALDAR,MP_LOK_SABHA_BAPI_HALDAR,WORK_HASH_12533412861368307600,UNKNOWN_FY
LOK_SABHA,Allocated Limit for Honble MPs (2).csv,76,75,Karnataka,BASAVARAJ BOMMAI,HAVERI,147000000.0,147000000.0,147000000.0,OTHER_WORKS,Karnataka,KARNATAKA,STATE_KARNATAKA,HAVERI,HAVERI,CONST_HAVERI,BASAVARAJ BOMMAI,BASAVARAJ BOMMAI,MP_LOK_SABHA_BASAVARAJ_BOMMAI,WORK_HASH_1410624682051989468,UNKNOWN_FY
LOK_SABHA,Allocated Limit for Honble MPs (2).csv,77,76,Andhra Pradesh,BASTIPATI NAGARAJU PANCHALINGALA,KURNOOL,159998515.1,159998515.1,159998515.1,OTHER_WORKS,Andhra Pradesh,ANDHRA PRADESH,STATE_ANDHRA_PRADESH,KURNOOL,KURNOOL,CONST_KURNOOL,BASTIPATI NAGARAJU PANCHALINGALA,BASTIPATI NAGARAJU PANCHALINGALA,MP_LOK_SABHA_BASTIPATI_NAGARAJU_PANCHALINGALA,WORK_HASH_16659381003245679166,UNKNOWN_FY
LOK_SABHA,Allocated Limit for Honble MPs (2).csv,78,77,Rajasthan,Bhagirath Chaudhary,AJMER,147000000.0,147000000.0,147000000.0,OTHER_WORKS,Rajasthan,RAJASTHAN,STATE_RAJASTHAN,AJMER,AJMER,CONST_AJMER,Bhagirath Chaudhary,BHAGIRATH CHAUDHARY,MP_LOK_SABHA_BHAGIRATH_CHAUDHARY,WORK_HASH_12719793718791702071,UNKNOWN_FY
LOK_SABHA,Allocated Limit for Honble MPs (2).csv,79,78,Rajasthan,BHAJAN LAL JATAV,KARAULI-DHOLPUR(SC),147000000.0,147000000.0,147000000.0,OTHER_WORKS,Rajasthan,RAJASTHAN,STATE_RAJASTHAN,KARAULI-DHOLPUR(SC),KARAULI-DHOLPUR(SC),CONST_KARAULI_DHOLPUR_SC_,BHAJAN LAL JATAV,BHAJAN LAL JATAV,MP_LOK_SABHA_BHAJAN_LAL_JATAV,WORK_HASH_11110922091612257214,UNKNOWN_FY
LOK_SABHA,Allocated Limit for Honble MPs (2).csv,80,79,Madhya Pradesh,BHARAT SINGH KUSHWAH,GWALIOR,151455276.0,151455276.0,151455276.0,OTHER_WORKS,Madhya Pradesh,MADHYA PRADESH,STATE_MADHYA_PRADESH,GWALIOR,GWALIOR,CONST_GWALIOR,BHARAT SINGH KUSHWAH,BHARAT SINGH KUSHWAH,MP_LOK_SABHA_BHARAT_SINGH_KUSHWAH,WORK_HASH_9469462301573825275,UNKNOWN_FY
LOK_SABHA,Allocated Limit for Honble MPs (2).csv,81,80,Gujarat,BHARATBHAI MANUBHAI SUTARIYA,AMRELI,147000000.0,147000000.0,147000000.0,OTHER_WORKS,Gujarat,GUJARAT,STATE_GUJARAT,AMRELI,AMRELI,CONST_AMRELI,BHARATBHAI MANUBHAI SUTARIYA,BHARATBHAI MANUBHAI SUTARIYA,MP_LOK_SABHA_BHARATBHAI_MANUBHAI_SUTARIYA,WORK_HASH_2273425095708453422,UNKNOWN_FY
LOK_SABHA,Allocated Limit for Honble MPs (2).csv,82,81,Gujarat,Bharatsinhji Shankarji Dabhi,PATAN,147000000.0,147000000.0,147000000.0,OTHER_WORKS,Gujarat,GUJARAT,STATE_GUJARAT,PATAN,PATAN,CONST_PATAN,Bharatsinhji Shankarji Dabhi,BHARATSINHJI SHANKARJI DABHI,MP_LOK_SABHA_BHARATSINHJI_SHANKARJI_DABHI,WORK_HASH_5521153155340892509,UNKNOWN_FY
LOK_SABHA,Allocated Limit for Honble MPs (2).csv,83,82,Madhya Pradesh,BHARTI PARDHI,BALAGHAT,154398389.0,154398389.0,154398389.0,OTHER_WORKS,Madhya Pradesh,MADHYA PRADESH,STATE_MADHYA_PRADESH,BALAGHAT,BALAGHAT,CONST_BALAGHAT,BHARTI PARDHI,BHARTI PARDHI,MP_LOK_SABHA_BHARTI_PARDHI,WORK_HASH_1018281640898135916,UNKNOWN_FY
LOK_SABHA,Allocated Limit for Honble MPs (2).csv,84,83,Maharashtra,BHASKAR MURLIDHAR BHAGARE,DINDORI(ST),147000000.0,147000000.0,147000000.0,OTHER_WORKS,Maharashtra,MAHARASHTRA,STATE_MAHARASHTRA,DINDORI(ST),DINDORI(ST),CONST_DINDORI_ST_,BHASKAR MURLIDHAR BHAGARE,BHASKAR MURLIDHAR BHAGARE,MP_LOK_SABHA_BHASKAR_MURLIDHAR_BHAGARE,WORK_HASH_11560799999374426332,UNKNOWN_FY
LOK_SABHA,Allocated Limit for Honble MPs (2).csv,85,84,Maharashtra,BHAUSAHEB RAJARAM WAKCHAURE,SHIRDI(SC),147000000.0,147000000.0,147000000.0,OTHER_WORKS,Maharashtra,MAHARASHTRA,STATE_MAHARASHTRA,SHIRDI(SC),SHIRDI(SC),CONST_SHIRDI_SC_,BHAUSAHEB RAJARAM WAKCHAURE,BHAUSAHEB RAJARAM WAKCHAURE,MP_LOK_SABHA_BHAUSAHEB_RAJARAM_WAKCHAURE,WORK_HASH_15502118584767139884,UNKNOWN_FY
LOK_SABHA,Allocated Limit for Honble MPs (2).csv,86,85,Chhattisgarh,BHOJRAJ NAG,KANKER(ST),164672734.1,164672734.1,164672734.1,OTHER_WORKS,Chhattisgarh,CHHATTISGARH,STATE_CHHATTISGARH,KANKER(ST),KANKER(ST),CONST_KANKER_ST_,BHOJRAJ NAG,BHOJRAJ NAG,MP_LOK_SABHA_BHOJRAJ_NAG,WORK_HASH_1591421602362566011,UNKNOWN_FY
LOK_SABHA,Allocated Limit for Honble MPs (2).csv,87,86,Uttar Pradesh,Bhola Singh,BULANDSHAHR(SC),147000000.0,147000000.0,147000000.0,OTHER_WORKS,Uttar Pradesh,UTTAR PRADESH,STATE_UTTAR_PRADESH,BULANDSHAHR(SC),BULANDSHAHR(SC),CONST_BULANDSHAHR_SC_,Bhola Singh,BHOLA SINGH,MP_LOK_SABHA_BHOLA_SINGH,WORK_HASH_8928669175147117537,UNKNOWN_FY
LOK_SABHA,Allocated Limit for Honble MPs (2).csv,88,87,Maharashtra,BHUMARE SANDIPANRAO ASARAM,AURANGABAD_MH,147000000.0,147000000.0,147000000.0,OTHER_WORKS,Maharashtra,MAHARASHTRA,STATE_MAHARASHTRA,AURANGABAD_MH,AURANGABAD_MH,CONST_AURANGABAD_MH,BHUMARE SANDIPANRAO ASARAM,BHUMARE SANDIPANRAO ASARAM,MP_LOK_SABHA_BHUMARE_SANDIPANRAO_ASARAM,WORK_HASH_16770802108013703284,UNKNOWN_FY
LOK_SABHA,Allocated Limit for Honble MPs (2).csv,89,88,Andhra Pradesh,Bhupathiraju Srinivasa varma,NARASAPURAM,147000000.0,147000000.0,147000000.0,OTHER_WORKS,Andhra Pradesh,ANDHRA PRADESH,STATE_ANDHRA_PRADESH,NARASAPURAM,NARASAPURAM,CONST_NARASAPURAM,Bhupathiraju Srinivasa varma,BHUPATHIRAJU SRINIVASA VARMA,MP_LOK_SABHA_BHUPATHIRAJU_SRINIVASA_VARMA,WORK_HASH_429326778590974050,UNKNOWN_FY
LOK_SABHA,Allocated Limit for Honble MPs (2).csv,90,89,Rajasthan,BHUPENDER YADAV,ALWAR,147000000.0,147000000.0,147000000.0,OTHER_WORKS,Rajasthan,RAJASTHAN,STATE_RAJASTHAN,ALWAR,ALWAR,CONST_ALWAR,BHUPENDER YADAV,BHUPENDER YADAV,MP_LOK_SABHA_BHUPENDER_YADAV,WORK_HASH_18123901467366520540,UNKNOWN_FY
LOK_SABHA,Allocated Limit for Honble MPs (2).csv,91,90,Odisha,BIBHU PRASAD TARAI,JAGATSINGHPUR(SC),147000000.0,147000000.0,147000000.0,OTHER_WORKS,Odisha,ODISHA,STATE_ODISHA,JAGATSINGHPUR(SC),JAGATSINGHPUR(SC),CONST_JAGATSINGHPUR_SC_,BIBHU PRASAD TARAI,BIBHU PRASAD TARAI,MP_LOK_SABHA_BIBHU_PRASAD_TARAI,WORK_HASH_5732581261318065716,UNKNOWN_FY
LOK_SABHA,Allocated Limit for Honble MPs (2).csv,92,91,Jharkhand,Bidyut Baran Mahato,JAMSHEDPUR,147000000.0,147000000.0,147000000.0,OTHER_WORKS,Jharkhand,JHARKHAND,STATE_JHARKHAND,JAMSHEDPUR,JAMSHEDPUR,CONST_JAMSHEDPUR,Bidyut Baran Mahato,BIDYUT BARAN MAHATO,MP_LOK_SABHA_BIDYUT_BARAN_MAHATO,WORK_HASH_16107993465376037564,UNKNOWN_FY
LOK_SABHA,Allocated Limit for Honble MPs (2).csv,93,92,Assam,BIJULI KALITA MEDHI,GUWAHATI,147000000.0,147000000.0,147000000.0,OTHER_WORKS,Assam,ASSAM,STATE_ASSAM,GUWAHATI,GUWAHATI,CONST_GUWAHATI,BIJULI KALITA MEDHI,BIJULI KALITA MEDHI,MP_LOK_SABHA_BIJULI_KALITA_MEDHI,WORK_HASH_14570537380168554624,UNKNOWN_FY
LOK_SABHA,Allocated Limit for Honble MPs (2).csv,94,93,Tripura,BIPLAB KUMAR DEB,TRIPURA WEST,147000000.0,147000000.0,147000000.0,OTHER_WORKS,Tripura,TRIPURA,STATE_TRIPURA,TRIPURA WEST,TRIPURA WEST,CONST_TRIPURA_WEST,BIPLAB KUMAR DEB,BIPLAB KUMAR DEB,MP_LOK_SABHA_BIPLAB_KUMAR_DEB,WORK_HASH_15707055800196797350,UNKNOWN_FY
LOK_SABHA,Allocated Limit for Honble MPs (2).csv,95,94,Andaman And Nicobar Islands,BISHNU PADA RAY,ANDAMAN AND NICOBAR ISLANDS,147000000.0,147000000.0,147000000.0,OTHER_WORKS,Andaman And Nicobar Islands,ANDAMAN AND NICOBAR ISLANDS,STATE_ANDAMAN_AND_NICOBAR_ISLANDS,ANDAMAN AND NICOBAR ISLANDS,ANDAMAN AND NICOBAR ISLANDS,CONST_ANDAMAN_AND_NICOBAR_ISLANDS,BISHNU PADA RAY,BISHNU PADA RAY,MP_LOK_SABHA_BISHNU_PADA_RAY,WORK_HASH_11248329323015930810,UNKNOWN_FY
LOK_SABHA,Allocated Limit for Honble MPs (2).csv,96,95,Rajasthan,BRIJENDRA SINGH OLA,JHUNJHUNU,147000000.0,147000000.0,147000000.0,OTHER_WORKS,Rajasthan,RAJASTHAN,STATE_RAJASTHAN,JHUNJHUNU,JHUNJHUNU,CONST_JHUNJHUNU,BRIJENDRA SINGH OLA,BRIJENDRA SINGH OLA,MP_LOK_SABHA_BRIJENDRA_SINGH_OLA,WORK_HASH_17320785895731857549,UNKNOWN_FY
LOK_SABHA,Allocated Limit for Honble MPs (2).csv,97,96,Chhattisgarh,BRIJMOHAN AGRAWAL,RAIPUR,153766451.1,153766451.1,153766451.1,OTHER_WORKS,Chhattisgarh,CHHATTISGARH,STATE_CHHATTISGARH,RAIPUR,RAIPUR,CONST_RAIPUR,BRIJMOHAN AGRAWAL,BRIJMOHAN AGRAWAL,MP_LOK_SABHA_BRIJMOHAN_AGRAWAL,WORK_HASH_4533771503686264440,UNKNOWN_FY
LOK_SABHA,Allocated Limit for Honble MPs (2).csv,98,97,Madhya Pradesh,BUNTY VIVEK SAHU,CHHINDWARA,147000000.0,147000000.0,147000000.0,OTHER_WORKS,Madhya Pradesh,MADHYA PRADESH,STATE_MADHYA_PRADESH,CHHINDWARA,CHHINDWARA,CONST_CHHINDWARA,BUNTY VIVEK SAHU,BUNTY VIVEK SAHU,MP_LOK_SABHA_BUNTY_VIVEK_SAHU,WORK_HASH_1222228711939738095,UNKNOWN_FY
LOK_SABHA,Allocated Limit for Honble MPs (2).csv,99,98,Gujarat,C R Patil,NAVSARI,158532494.4,158532494.4,158532494.4,OTHER_WORKS,Gujarat,GUJARAT,STATE_GUJARAT,NAVSARI,NAVSARI,CONST_NAVSARI,C R Patil,C R PATIL,MP_LOK_SABHA_C_R_PATIL,WORK_HASH_13946156735136527307,UNKNOWN_FY
LOK_SABHA,Allocated Limit for Honble MPs (2).csv,100,99,Andhra Pradesh,C.M.RAMESH,ANAKAPALLE,202531656.1,202531656.1,202531656.1,OTHER_WORKS,Andhra Pradesh,ANDHRA PRADESH,STATE_ANDHRA_PRADESH,ANAKAPALLE,ANAKAPALLE,CONST_ANAKAPALLE,C.M.RAMESH,C.M.RAMESH,MP_LOK_SABHA_C_M_RAMESH,WORK_HASH_8202044495091667038,UNKNOWN_FY
LOK_SABHA,Allocated Limit for Honble MPs (2).csv,101,100,Karnataka,CAPTAIN BRIJESH CHOWTA,DAKSHINA KANNADA,147000000.0,147000000.0,147000000.0,OTHER_WORKS,Karnataka,KARNATAKA,STATE_KARNATAKA,DAKSHINA KANNADA,DAKSHINA KANNADA,CONST_DAKSHINA_KANNADA,CAPTAIN BRIJESH CHOWTA,CAPTAIN BRIJESH CHOWTA,MP_LOK_SABHA_CAPTAIN_BRIJESH_CHOWTA,WORK_HASH_14825723868924453211,UNKNOWN_FY
LOK_SABHA,Allocated Limit for Honble MPs (2).csv,102,101,Goa,CAPTAIN VIRIATO FERNANDES,SOUTH GOA,147000000.0,147000000.0,147000000.0,OTHER_WORKS,Goa,GOA,STATE_GOA,SOUTH GOA,SOUTH GOA,CONST_SOUTH_GOA,CAPTAIN VIRIATO FERNANDES,CAPTAIN VIRIATO FERNANDES,MP_LOK_SABHA_CAPTAIN_VIRIATO_FERNANDES,WORK_HASH_18096139730724247820,UNKNOWN_FY
LOK_SABHA,Allocated Limit for Honble MPs (2).csv,103,102,Telangana,CHAMALA KIRAN KUMAR REDDY,BHONGIR,147000000.0,147000000.0,147000000.0,OTHER_WORKS,Telangana,TELANGANA,STATE_TELANGANA,BHONGIR,BHONGIR,CONST_BHONGIR,CHAMALA KIRAN KUMAR REDDY,CHAMALA KIRAN KUMAR REDDY,MP_LOK_SABHA_CHAMALA_KIRAN_KUMAR_REDDY,WORK_HASH_5163312802761194855,UNKNOWN_FY
LOK_SABHA,Allocated Limit for Honble MPs (2).csv,104,103,Uttar Pradesh,CHANDAN CHAUHAN,BIJNOR,147000000.0,147000000.0,147000000.0,OTHER_WORKS,Uttar Pradesh,UTTAR PRADESH,STATE_UTTAR_PRADESH,BIJNOR,BIJNOR,CONST_BIJNOR,CHANDAN CHAUHAN,CHANDAN CHAUHAN,MP_LOK_SABHA_CHANDAN_CHAUHAN,WORK_HASH_15267306186815871495,UNKNOWN_FY
LOK_SABHA,Allocated Limit for Honble MPs (2).csv,105,104,Rajasthan,Chandra Prakash Joshi,CHITTORGARH,147000000.0,147000000.0,147000000.0,OTHER_WORKS,Rajasthan,RAJASTHAN,STATE_RAJASTHAN,CHITTORGARH,CHITTORGARH,CONST_CHITTORGARH,Chandra Prakash Joshi,CHANDRA PRAKASH JOSHI,MP_LOK_SABHA_CHANDRA_PRAKASH_JOSHI,WORK_HASH_1457672886768471460,UNKNOWN_FY
LOK_SABHA,Allocated Limit for Honble MPs (2).csv,106,105,Uttar Pradesh,CHANDRA SHEKHAR,NAGINA(SC),147000000.0,147000000.0,147000000.0,OTHER_WORKS,Uttar Pradesh,UTTAR PRADESH,STATE_UTTAR_PRADESH,NAGINA(SC),NAGINA(SC),CONST_NAGINA_SC_,CHANDRA SHEKHAR,CHANDRA SHEKHAR,MP_LOK_SABHA_CHANDRA_SHEKHAR,WORK_HASH_11247747100141199794,UNKNOWN_FY
LOK_SABHA,Allocated Limit for Honble MPs (2).csv,107,106,Gujarat,CHANDUBHAI CHHAGANBHAI SHIHORA,SURENDRANAGAR,147000000.0,147000000.0,147000000.0,OTHER_WORKS,Gujarat,GUJARAT,STATE_GUJARAT,SURENDRANAGAR,SURENDRANAGAR,CONST_SURENDRANAGAR,CHANDUBHAI CHHAGANBHAI SHIHORA,CHANDUBHAI CHHAGANBHAI SHIHORA,MP_LOK_SABHA_CHANDUBHAI_CHHAGANBHAI_SHIHORA,WORK_HASH_9791049621931839642,UNKNOWN_FY
LOK_SABHA,Allocated Limit for Honble MPs (2).csv,108,107,Punjab,CHARANJIT SINGH CHANNI,JALANDHAR(SC),147000000.0,147000000.0,147000000.0,OTHER_WORKS,Punjab,PUNJAB,STATE_PUNJAB,JALANDHAR(SC),JALANDHAR(SC),CONST_JALANDHAR_SC_,CHARANJIT SINGH CHANNI,CHARANJIT SINGH CHANNI,MP_LOK_SABHA_CHARANJIT_SINGH_CHANNI,WORK_HASH_7752590773658839826,UNKNOWN_FY
LOK_SABHA,Allocated Limit for Honble MPs (2).csv,109,108,Maharashtra,CHAVAN VASANTRAO BALWANTRAO,NANDED,,nan,,OTHER_WORKS,Maharashtra,MAHARASHTRA,STATE_MAHARASHTRA,NANDED,NANDED,CONST_NANDED,CHAVAN VASANTRAO BALWANTRAO,CHAVAN VASANTRAO BALWANTRAO,MP_LOK_SABHA_CHAVAN_VASANTRAO_BALWANTRAO,WORK_HASH_18149349154164423466,UNKNOWN_FY
LOK_SABHA,Allocated Limit for Honble MPs (2).csv,110,109,Uttar Pradesh,CHHATRA PAL SINGH GANGWAR,BAREILLY,147000000.0,147000000.0,147000000.0,OTHER_WORKS,Uttar Pradesh,UTTAR PRADESH,STATE_UTTAR_PRADESH,BAREILLY,BAREILLY,CONST_BAREILLY,CHHATRA PAL SINGH GANGWAR,CHHATRA PAL SINGH GANGWAR,MP_LOK_SABHA_CHHATRA_PAL_SINGH_GANGWAR,WORK_HASH_6008649113147066023,UNKNOWN_FY
LOK_SABHA,Allocated Limit for Honble MPs (2).csv,111,110,Maharashtra,CHHATRAPATI SHAHU SHAHAJI,KOLHAPUR,147000000.0,147000000.0,147000000.0,OTHER_WORKS,Maharashtra,MAHARASHTRA,STATE_MAHARASHTRA,KOLHAPUR,KOLHAPUR,CONST_KOLHAPUR,CHHATRAPATI SHAHU SHAHAJI,CHHATRAPATI SHAHU SHAHAJI,MP_LOK_SABHA_CHHATRAPATI_SHAHU_SHAHAJI,WORK_HASH_6948486412627076410,UNKNOWN_FY
LOK_SABHA,Allocated Limit for Honble MPs (2).csv,112,111,Uttar Pradesh,CHHOTELAL,ROBERTSGANJ(SC),147000000.0,147000000.0,147000000.0,OTHER_WORKS,Uttar Pradesh,UTTAR PRADESH,STATE_UTTAR_PRADESH,ROBERTSGANJ(SC),ROBERTSGANJ(SC),CONST_ROBERTSGANJ_SC_,CHHOTELAL,CHHOTELAL,MP_LOK_SABHA_CHHOTELAL,WORK_HASH_17979291637981708395,UNKNOWN_FY
LOK_SABHA,Allocated Limit for Honble MPs (2).csv,113,112,Chhattisgarh,CHINTAMANI MAHARAJ,SARGUJA(ST),147000000.0,147000000.0,147000000.0,OTHER_WORKS,Chhattisgarh,CHHATTISGARH,STATE_CHHATTISGARH,SARGUJA(ST),SARGUJA(ST),CONST_SARGUJA_ST_,CHINTAMANI MAHARAJ,CHINTAMANI MAHARAJ,MP_LOK_SABHA_CHINTAMANI_MAHARAJ,WORK_HASH_673212527926679236,UNKNOWN_FY
LOK_SABHA,Allocated Limit for Honble MPs (2).csv,114,113,Bihar,CHIRAG PASWAN,HAJIPUR(SC),147000000.0,147000000.0,147000000.0,OTHER_WORKS,Bihar,BIHAR,STATE_BIHAR,HAJIPUR(SC),HAJIPUR(SC),CONST_HAJIPUR_SC_,CHIRAG PASWAN,CHIRAG PASWAN,MP_LOK_SABHA_CHIRAG_PASWAN,WORK_HASH_9970188788058917536,UNKNOWN_FY
LOK_SABHA,Allocated Limit for Honble MPs (2).csv,115,114,Tamil Nadu,CN Annadurai,TIRUVANNAMALAI,148579509.1,148579509.1,148579509.1,OTHER_WORKS,Tamil Nadu,TAMIL NADU,STATE_TAMIL_NADU,TIRUVANNAMALAI,TIRUVANNAMALAI,CONST_TIRUVANNAMALAI,CN Annadurai,CN ANNADURAI,MP_LOK_SABHA_CN_ANNADURAI,WORK_HASH_10907074694304645485,UNKNOWN_FY
LOK_SABHA,Allocated Limit for Honble MPs (2).csv,116,115,Tamil Nadu,D M Kathir Anand,VELLORE,160196941.1,160196941.1,160196941.1,OTHER_WORKS,Tamil Nadu,TAMIL NADU,STATE_TAMIL_NADU,VELLORE,VELLORE,CONST_VELLORE,D M Kathir Anand,D M KATHIR ANAND,MP_LOK_SABHA_D_M_KATHIR_ANAND,WORK_HASH_4424588261183914989,UNKNOWN_FY
LOK_SABHA,Allocated Limit for Honble MPs (2).csv,117,116,Tamil Nadu,D Ravikumar,VILUPPURAM(SC),197598306.1,197598306.1,197598306.1,OTHER_WORKS,Tamil Nadu,TAMIL NADU,STATE_TAMIL_NADU,VILUPPURAM(SC),VILUPPURAM(SC),CONST_VILUPPURAM_SC_,D Ravikumar,D RAVIKUMAR,MP_LOK_SABHA_D_RAVIKUMAR,WORK_HASH_10876976287219591822,UNKNOWN_FY
LOK_SABHA,Allocated Limit for Honble MPs (2).csv,118,117,Andhra Pradesh,Daggubati Purandeshwari,RAJAHMUNDRY,147000000.0,147000000.0,147000000.0,OTHER_WORKS,Andhra Pradesh,ANDHRA PRADESH,STATE_ANDHRA_PRADESH,RAJAHMUNDRY,RAJAHMUNDRY,CONST_RAJAHMUNDRY,Daggubati Purandeshwari,DAGGUBATI PURANDESHWARI,MP_LOK_SABHA_DAGGUBATI_PURANDESHWARI,WORK_HASH_789157714027940364,UNKNOWN_FY
LOK_SABHA,Allocated Limit for Honble MPs (2).csv,119,118,Andhra Pradesh,DAGGUMALLA PRASADA RAO,CHITTOOR,147000000.0,147000000.0,147000000.0,OTHER_WORKS,Andhra Pradesh,ANDHRA PRADESH,STATE_ANDHRA_PRADESH,CHITTOOR,CHITTOOR,CONST_CHITTOOR,DAGGUMALLA PRASADA RAO,DAGGUMALLA PRASADA RAO,MP_LOK_SABHA_DAGGUMALLA_PRASADA_RAO,WORK_HASH_6140482013549493869,UNKNOWN_FY
LOK_SABHA,Allocated Limit for Honble MPs (2).csv,120,119,Rajasthan,DAMODAR AGARWAL,BHILWARA,147000000.0,147000000.0,147000000.0,OTHER_WORKS,Rajasthan,RAJASTHAN,STATE_RAJASTHAN,BHILWARA,BHILWARA,CONST_BHILWARA,DAMODAR AGARWAL,DAMODAR AGARWAL,MP_LOK_SABHA_DAMODAR_AGARWAL,WORK_HASH_4776423275493299817,UNKNOWN_FY
LOK_SABHA,Allocated Limit for Honble MPs (2).csv,121,120,Uttar Pradesh,DAROGA PRASAD SAROJ,LALGANJ (SC),147000000.0,147000000.0,147000000.0,OTHER_WORKS,Uttar Pradesh,UTTAR PRADESH,STATE_UTTAR_PRADESH,LALGANJ (SC),LALGANJ (SC),CONST_LALGANJ__SC_,DAROGA PRASAD SAROJ,DAROGA PRASAD SAROJ,MP_LOK_SABHA_DAROGA_PRASAD_SAROJ,WORK_HASH_11414773756281314288,UNKNOWN_FY
LOK_SABHA,Allocated Limit for Honble MPs (2).csv,122,121,Madhya Pradesh,DARSHAN SINGH CHOUDHARY,HOSHANGABAD,147000000.0,147000000.0,147000000.0,OTHER_WORKS,Madhya Pradesh,MADHYA PRADESH,STATE_MADHYA_PRADESH,HOSHANGABAD,HOSHANGABAD,CONST_HOSHANGABAD,DARSHAN SINGH CHOUDHARY,DARSHAN SINGH CHOUDHARY,MP_LOK_SABHA_DARSHAN_SINGH_CHOUDHARY,WORK_HASH_15711744317519591948,UNKNOWN_FY
LOK_SABHA,Allocated Limit for Honble MPs (2).csv,123,122,Haryana,DEEPENDER SINGH HOODA,ROHTAK,147000000.0,147000000.0,147000000.0,OTHER_WORKS,Haryana,HARYANA,STATE_HARYANA,ROHTAK,ROHTAK,CONST_ROHTAK,DEEPENDER SINGH HOODA,DEEPENDER SINGH HOODA,MP_LOK_SABHA_DEEPENDER_SINGH_HOODA,WORK_HASH_12165063947798809212,UNKNOWN_FY
LOK_SABHA,Allocated Limit for Honble MPs (2).csv,124,123,Uttar Pradesh,Devendra Alias Bhole Singh,AKBARPUR,147000000.0,147000000.0,147000000.0,OTHER_WORKS,Uttar Pradesh,UTTAR PRADESH,STATE_UTTAR_PRADESH,AKBARPUR,AKBARPUR,CONST_AKBARPUR,Devendra Alias Bhole Singh,DEVENDRA ALIAS BHOLE SINGH,MP_LOK_SABHA_DEVENDRA_ALIAS_BHOLE_SINGH,WORK_HASH_13494191823897441485,UNKNOWN_FY
LOK_SABHA,Allocated Limit for Honble MPs (2).csv,125,124,Bihar,DEVESH CHANDRA THAKUR,SITAMARHI,163809205.1,163809205.1,163809205.1,OTHER_WORKS,Bihar,BIHAR,STATE_BIHAR,SITAMARHI,SITAMARHI,CONST_SITAMARHI,DEVESH CHANDRA THAKUR,DEVESH CHANDRA THAKUR,MP_LOK_SABHA_DEVESH_CHANDRA_THAKUR,WORK_HASH_9203644120175587023,UNKNOWN_FY
LOK_SABHA,Allocated Limit for Honble MPs (2).csv,126,125,Uttar Pradesh,DEVESH SHAKYA,ETAH,147000000.0,147000000.0,147000000.0,OTHER_WORKS,Uttar Pradesh,UTTAR PRADESH,STATE_UTTAR_PRADESH,ETAH,ETAH,CONST_ETAH,DEVESH SHAKYA,DEVESH SHAKYA,MP_LOK_SABHA_DEVESH_SHAKYA,WORK_HASH_13223511571990382282,UNKNOWN_FY
LOK_SABHA,Allocated Limit for Honble MPs (2).csv,127,126,Gujarat,Devusinh Jesingbhai Chauhan,KHEDA,147000000.0,147000000.0,147000000.0,OTHER_WORKS,Gujarat,GUJARAT,STATE_GUJARAT,KHEDA,KHEDA,CONST_KHEDA,Devusinh Jesingbhai Chauhan,DEVUSINH JESINGBHAI CHAUHAN,MP_LOK_SABHA_DEVUSINH_JESINGBHAI_CHAUHAN,WORK_HASH_15654800243133962679,UNKNOWN_FY
LOK_SABHA,Allocated Limit for Honble MPs (2).csv,128,127,Maharashtra,Dhairyasheel Sambhajirao Mane,HATKANANGLE,147000000.0,147000000.0,147000000.0,OTHER_WORKS,Maharashtra,MAHARASHTRA,STATE_MAHARASHTRA,HATKANANGLE,HATKANANGLE,CONST_HATKANANGLE,Dhairyasheel Sambhajirao Mane,DHAIRYASHEEL SAMBHAJIRAO MANE,MP_LOK_SABHA_DHAIRYASHEEL_SAMBHAJIRAO_MANE,WORK_HASH_727824432040328282,UNKNOWN_FY
LOK_SABHA,Allocated Limit for Honble MPs (2).csv,129,128,Maharashtra,DHANORKAR PRATIBHA SURESH ALIAS BALUBHAU,CHANDRAPUR,147000000.0,147000000.0,147000000.0,OTHER_WORKS,Maharashtra,MAHARASHTRA,STATE_MAHARASHTRA,CHANDRAPUR,CHANDRAPUR,CONST_CHANDRAPUR,DHANORKAR PRATIBHA SURESH ALIAS BALUBHAU,DHANORKAR PRATIBHA SURESH ALIAS BALUBHAU,MP_LOK_SABHA_DHANORKAR_PRATIBHA_SURESH_ALIAS_BALUBHAU,WORK_HASH_15210397234470598075,UNKNOWN_FY
LOK_SABHA,Allocated Limit for Honble MPs (2).csv,130,129,Odisha,DHARMENDRA PRADHAN,SAMBALPUR,147000000.0,147000000.0,147000000.0,OTHER_WORKS,Odisha,ODISHA,STATE_ODISHA,SAMBALPUR,SAMBALPUR,CONST_SAMBALPUR,DHARMENDRA PRADHAN,DHARMENDRA PRADHAN,MP_LOK_SABHA_DHARMENDRA_PRADHAN,WORK_HASH_5382151769411354431,UNKNOWN_FY
LOK_SABHA,Allocated Limit for Honble MPs (2).csv,131,130,Uttar Pradesh,DHARMENDRA YADAV,AZAMGARH,147000000.0,147000000.0,147000000.0,OTHER_WORKS,Uttar Pradesh,UTTAR PRADESH,STATE_UTTAR_PRADESH,AZAMGARH,AZAMGARH,CONST_AZAMGARH,DHARMENDRA YADAV,DHARMENDRA YADAV,MP_LOK_SABHA_DHARMENDRA_YADAV,WORK_HASH_4986612442857664288,UNKNOWN_FY
LOK_SABHA,Allocated Limit for Honble MPs (2).csv,132,131,Gujarat,DHAVAL LAXMANBHAI PATEL,VALSAD(ST),147000000.0,147000000.0,147000000.0,OTHER_WORKS,Gujarat,GUJARAT,STATE_GUJARAT,VALSAD(ST),VALSAD(ST),CONST_VALSAD_ST_,DHAVAL LAXMANBHAI PATEL,DHAVAL LAXMANBHAI PATEL,MP_LOK_SABHA_DHAVAL_LAXMANBHAI_PATEL,WORK_HASH_10762102854929492789,UNKNOWN_FY
LOK_SABHA,Allocated Limit for Honble MPs (2).csv,133,132,Bihar,Dileshwar Kamait,SUPAUL,150450930.9,150450930.9,150450930.9,OTHER_WORKS,Bihar,BIHAR,STATE_BIHAR,SUPAUL,SUPAUL,CONST_SUPAUL,Dileshwar Kamait,DILESHWAR KAMAIT,MP_LOK_SABHA_DILESHWAR_KAMAIT,WORK_HASH_1073895598124725599,UNKNOWN_FY
LOK_SABHA,Allocated Limit for Honble MPs (2).csv,134,133,Assam,Dilip Saikia,Darrang-Udalguri,147000000.0,147000000.0,147000000.0,OTHER_WORKS,Assam,ASSAM,STATE_ASSAM,Darrang-Udalguri,DARRANG-UDALGURI,CONST_DARRANG_UDALGURI,Dilip Saikia,DILIP SAIKIA,MP_LOK_SABHA_DILIP_SAIKIA,WORK_HASH_1858564857383088786,UNKNOWN_FY
LOK_SABHA,Allocated Limit for Honble MPs (2).csv,135,134,Bihar,Dinesh Chandra Yadav,MADHEPURA,150070866.1,150070866.1,150070866.1,OTHER_WORKS,Bihar,BIHAR,STATE_BIHAR,MADHEPURA,MADHEPURA,CONST_MADHEPURA,Dinesh Chandra Yadav,DINESH CHANDRA YADAV,MP_LOK_SABHA_DINESH_CHANDRA_YADAV,WORK_HASH_8110151294497349416,UNKNOWN_FY
LOK_SABHA,Allocated Limit for Honble MPs (2).csv,136,135,Gujarat,DINESHBHAI MAKWANA,AHMEDABAD WEST(SC),160434965.1,160434965.1,160434965.1,OTHER_WORKS,Gujarat,GUJARAT,STATE_GUJARAT,AHMEDABAD WEST(SC),AHMEDABAD WEST(SC),CONST_AHMEDABAD_WEST_SC_,DINESHBHAI MAKWANA,DINESHBHAI MAKWANA,MP_LOK_SABHA_DINESHBHAI_MAKWANA,WORK_HASH_15846983711970298158,UNKNOWN_FY
LOK_SABHA,Allocated Limit for Honble MPs (2).csv,137,136,Andhra Pradesh,DR BYREDDY SHABARI,NANDYAL,150675889.1,150675889.1,150675889.1,OTHER_WORKS,Andhra Pradesh,ANDHRA PRADESH,STATE_ANDHRA_PRADESH,NANDYAL,NANDYAL,CONST_NANDYAL,DR BYREDDY SHABARI,BYREDDY SHABARI,MP_LOK_SABHA_BYREDDY_SHABARI,WORK_HASH_15748931988926948669,UNKNOWN_FY
LOK_SABHA,Allocated Limit for Honble MPs (2).csv,138,137,Karnataka,DR C N MANJUNATH,BANGALORE RURAL,147000000.0,147000000.0,147000000.0,OTHER_WORKS,Karnataka,KARNATAKA,STATE_KARNATAKA,BANGALORE RURAL,BANGALORE RURAL,CONST_BANGALORE_RURAL,DR C N MANJUNATH,C N MANJUNATH,MP_LOK_SABHA_C_N_MANJUNATH,WORK_HASH_7958907355138683147,UNKNOWN_FY
LOK_SABHA,Allocated Limit for Honble MPs (2).csv,139,138,Andhra Pradesh,Dr Chandra Sekhar Pemmasani,GUNTUR,159774113.1,159774113.1,159774113.1,OTHER_WORKS,Andhra Pradesh,ANDHRA PRADESH,STATE_ANDHRA_PRADESH,GUNTUR,GUNTUR,CONST_GUNTUR,Dr Chandra Sekhar Pemmasani,CHANDRA SEKHAR PEMMASANI,MP_LOK_SABHA_CHANDRA_SEKHAR_PEMMASANI,WORK_HASH_8233813193751193986,UNKNOWN_FY
LOK_SABHA,Allocated Limit for Honble MPs (2).csv,140,139,Punjab,DR DHARAMVIRA GANDHI,PATIALA,147000000.0,147000000.0,147000000.0,OTHER_WORKS,Punjab,PUNJAB,STATE_PUNJAB,PATIALA,PATIALA,CONST_PATIALA,DR DHARAMVIRA GANDHI,DHARAMVIRA GANDHI,MP_LOK_SABHA_DHARAMVIRA_GANDHI,WORK_HASH_5291206171738214841,UNKNOWN_FY
LOK_SABHA,Allocated Limit for Honble MPs (2).csv,141,140,West Bengal,Dr Jayanta Kumar Roy,JALPAIGURI(SC),147000000.0,147000000.0,147000000.0,OTHER_WORKS,West Bengal,WEST BENGAL,STATE_WEST_BENGAL,JALPAIGURI(SC),JALPAIGURI(SC),CONST_JALPAIGURI_SC_,Dr Jayanta Kumar Roy,JAYANTA KUMAR ROY,MP_LOK_SABHA_JAYANTA_KUMAR_ROY,WORK_HASH_14906586665566169291,UNKNOWN_FY
LOK_SABHA,Allocated Limit for Honble MPs (2).csv,142,141,Maharashtra,DR KALGE SHIVAJI BANDAPPA,LATUR(SC),147000000.0,147000000.0,147000000.0,OTHER_WORKS,Maharashtra,MAHARASHTRA,STATE_MAHARASHTRA,LATUR(SC),LATUR(SC),CONST_LATUR_SC_,DR KALGE SHIVAJI BANDAPPA,KALGE SHIVAJI BANDAPPA,MP_LOK_SABHA_KALGE_SHIVAJI_BANDAPPA,WORK_HASH_12848321112157945749,UNKNOWN_FY
LOK_SABHA,Allocated Limit for Honble MPs (2).csv,143,142,Bihar,Dr Mohammad Jawed,KISHANGANJ,148669229.1,148669229.1,148669229.1,OTHER_WORKS,Bihar,BIHAR,STATE_BIHAR,KISHANGANJ,KISHANGANJ,CONST_KISHANGANJ,Dr Mohammad Jawed,MOHAMMAD JAWED,MP_LOK_SABHA_MOHAMMAD_JAWED,WORK_HASH_17994529400713717945,UNKNOWN_FY
LOK_SABHA,Allocated Limit for Honble MPs (2).csv,144,143,Uttar Pradesh,DR RAJKUMAR SANGWAN,BAGHPAT,147000000.0,147000000.0,147000000.0,OTHER_WORKS,Uttar Pradesh,UTTAR PRADESH,STATE_UTTAR_PRADESH,BAGHPAT,BAGHPAT,CONST_BAGHPAT,DR RAJKUMAR SANGWAN,RAJKUMAR SANGWAN,MP_LOK_SABHA_RAJKUMAR_SANGWAN,WORK_HASH_5453035539013126465,UNKNOWN_FY
LOK_SABHA,Allocated Limit for Honble MPs (2).csv,145,144,Tamil Nadu,DR RANI SRI KUMAR,TENKASI(SC),153060922.8,153060922.8,153060922.8,OTHER_WORKS,Tamil Nadu,TAMIL NADU,STATE_TAMIL_NADU,TENKASI(SC),TENKASI(SC),CONST_TENKASI_SC_,DR RANI SRI KUMAR,RANI SRI KUMAR,MP_LOK_SABHA_RANI_SRI_KUMAR,WORK_HASH_3690670978021820715,UNKNOWN_FY
LOK_SABHA,Allocated Limit for Honble MPs (2).csv,146,145,Kerala,Dr Shashi Tharoor,THIRUVANANTHAPURAM,147000000.0,147000000.0,147000000.0,OTHER_WORKS,Kerala,KERALA,STATE_KERALA,THIRUVANANTHAPURAM,THIRUVANANTHAPURAM,CONST_THIRUVANANTHAPURAM,Dr Shashi Tharoor,SHASHI THAROOR,MP_LOK_SABHA_SHASHI_THAROOR,WORK_HASH_18033678588833101117,UNKNOWN_FY
LOK_SABHA,Allocated Limit for Honble MPs (2).csv,147,146,West Bengal,Dr Sukanta Majumdar,BALURGHAT,157085364.9,157085364.9,157085364.9,OTHER_WORKS,West Bengal,WEST BENGAL,STATE_WEST_BENGAL,BALURGHAT,BALURGHAT,CONST_BALURGHAT,Dr Sukanta Majumdar,SUKANTA MAJUMDAR,MP_LOK_SABHA_SUKANTA_MAJUMDAR,WORK_HASH_271396570943388526,UNKNOWN_FY
LOK_SABHA,Allocated Limit for Honble MPs (2).csv,148,147,Gujarat,DR. HEMANG JOSHI,VADODARA,147000000.0,147000000.0,147000000.0,OTHER_WORKS,Gujarat,GUJARAT,STATE_GUJARAT,VADODARA,VADODARA,CONST_VADODARA,DR. HEMANG JOSHI,HEMANG JOSHI,MP_LOK_SABHA_HEMANG_JOSHI,WORK_HASH_9727335160383836168,UNKNOWN_FY
LOK_SABHA,Allocated Limit for Honble MPs (2).csv,149,148,Maharashtra,DR. HEMANT VISHNU SAVARA,PALGHAR(ST),147000000.0,147000000.0,147000000.0,OTHER_WORKS,Maharashtra,MAHARASHTRA,STATE_MAHARASHTRA,PALGHAR(ST),PALGHAR(ST),CONST_PALGHAR_ST_,DR. HEMANT VISHNU SAVARA,HEMANT VISHNU SAVARA,MP_LOK_SABHA_HEMANT_VISHNU_SAVARA,WORK_HASH_14474948479107812720,UNKNOWN_FY
LOK_SABHA,Allocated Limit for Honble MPs (2).csv,150,149,Maharashtra,DR. KIRSAN NAMDEO,GADCHIROLI-CHIMUR(ST),147000000.0,147000000.0,147000000.0,OTHER_WORKS,Maharashtra,MAHARASHTRA,STATE_MAHARASHTRA,GADCHIROLI-CHIMUR(ST),GADCHIROLI-CHIMUR(ST),CONST_GADCHIROLI_CHIMUR_ST_,DR. KIRSAN NAMDEO,KIRSAN NAMDEO,MP_LOK_SABHA_KIRSAN_NAMDEO,WORK_HASH_6080236970093225830,UNKNOWN_FY
LOK_SABHA,Allocated Limit for Honble MPs (2).csv,151,150,Madhya Pradesh,DR. LATA WANKHEDE,SAGAR,147000000.0,147000000.0,147000000.0,OTHER_WORKS,Madhya Pradesh,MADHYA PRADESH,STATE_MADHYA_PRADESH,SAGAR,SAGAR,CONST_SAGAR,DR. LATA WANKHEDE,LATA WANKHEDE,MP_LOK_SABHA_LATA_WANKHEDE,WORK_HASH_10367959267910883856,UNKNOWN_FY
LOK_SABHA,Allocated Limit for Honble MPs (2).csv,152,151,Kerala,DR. M.P ABDUSSAMAD SAMADANI,PONNANI,170434031.1,170434031.1,170434031.1,OTHER_WORKS,Kerala,KERALA,STATE_KERALA,PONNANI,PONNANI,CONST_PONNANI,DR. M.P ABDUSSAMAD SAMADANI,M.P ABDUSSAMAD SAMADANI,MP_LOK_SABHA_M_P_ABDUSSAMAD_SAMADANI,WORK_HASH_16362526457454866532,UNKNOWN_FY
LOK_SABHA,Allocated Limit for Honble MPs (2).csv,153,152,Gujarat,DR. MANSUKH MANDAVIYA,PORBANDAR,147000000.0,147000000.0,147000000.0,OTHER_WORKS,Gujarat,GUJARAT,STATE_GUJARAT,PORBANDAR,PORBANDAR,CONST_PORBANDAR,DR. MANSUKH MANDAVIYA,MANSUKH MANDAVIYA,MP_LOK_SABHA_MANSUKH_MANDAVIYA,WORK_HASH_14556468380302209898,UNKNOWN_FY
LOK_SABHA,Allocated Limit for Honble MPs (2).csv,154,153,Karnataka,DR. PRABHA MALLIKARJUN,DAVANAGERE,147000000.0,147000000.0,147000000.0,OTHER_WORKS,Karnataka,KARNATAKA,STATE_KARNATAKA,DAVANAGERE,DAVANAGERE,CONST_DAVANAGERE,DR. PRABHA MALLIKARJUN,PRABHA MALLIKARJUN,MP_LOK_SABHA_PRABHA_MALLIKARJUN,WORK_HASH_3257818597551147887,UNKNOWN_FY
LOK_SABHA,Allocated Limit for Honble MPs (2).csv,155,154,Odisha,DR. PRADEEP KUMAR PANIGRAHY,BERHAMPUR,147000000.0,147000000.0,147000000.0,OTHER_WORKS,Odisha,ODISHA,STATE_ODISHA,BERHAMPUR,BERHAMPUR,CONST_BERHAMPUR,DR. PRADEEP KUMAR PANIGRAHY,PRADEEP KUMAR PANIGRAHY,MP_LOK_SABHA_PRADEEP_KUMAR_PANIGRAHY,WORK_HASH_13382941613214598035,UNKNOWN_FY
LOK_SABHA,Allocated Limit for Honble MPs (2).csv,156,155,Maharashtra,DR. PRASHANT YADAORAO PADOLE,BHANDARA-GONDIYA,159680283.4,159680283.4,159680283.4,OTHER_WORKS,Maharashtra,MAHARASHTRA,STATE_MAHARASHTRA,BHANDARA-GONDIYA,BHANDARA-GONDIYA,CONST_BHANDARA_GONDIYA,DR. PRASHANT YADAORAO PADOLE,PRASHANT YADAORAO PADOLE,MP_LOK_SABHA_PRASHANT_YADAORAO_PADOLE,WORK_HASH_11312027144118749349,UNKNOWN_FY
LOK_SABHA,Allocated Limit for Honble MPs (2).csv,157,156,Punjab,DR. RAJ KUMAR CHABBEWAL,HOSHIARPUR(SC),147000000.0,147000000.0,147000000.0,OTHER_WORKS,Punjab,PUNJAB,STATE_PUNJAB,HOSHIARPUR(SC),HOSHIARPUR(SC),CONST_HOSHIARPUR_SC_,DR. RAJ KUMAR CHABBEWAL,RAJ KUMAR CHABBEWAL,MP_LOK_SABHA_RAJ_KUMAR_CHABBEWAL,WORK_HASH_3882575802704060948,UNKNOWN_FY
LOK_SABHA,Allocated Limit for Honble MPs (2).csv,158,157,Madhya Pradesh,DR. RAJESH MISHRA,SIDHI,262724510.4,262724510.4,262724510.4,OTHER_WORKS,Madhya Pradesh,MADHYA PRADESH,STATE_MADHYA_PRADESH,SIDHI,SIDHI,CONST_SIDHI,DR. RAJESH MISHRA,RAJESH MISHRA,MP_LOK_SABHA_RAJESH_MISHRA,WORK_HASH_4672316023669929102,UNKNOWN_FY
LOK_SABHA,Allocated Limit for Honble MPs (2).csv,159,158,Uttar Pradesh,DR. S P SINGH,PRATAPGARH,147000000.0,147000000.0,147000000.0,OTHER_WORKS,Uttar Pradesh,UTTAR PRADESH,STATE_UTTAR_PRADESH,PRATAPGARH,PRATAPGARH,CONST_PRATAPGARH,DR. S P SINGH,S P SINGH,MP_LOK_SABHA_S_P_SINGH,WORK_HASH_9597383087690463128,UNKNOWN_FY
LOK_SABHA,Allocated Limit for Honble MPs (2).csv,160,159,West Bengal,DR. SHARMILA SARKAR,BARDHAMAN PURBA(SC),147000000.0,147000000.0,147000000.0,OTHER_WORKS,West Bengal,WEST BENGAL,STATE_WEST_BENGAL,BARDHAMAN PURBA(SC),BARDHAMAN PURBA(SC),CONST_BARDHAMAN_PURBA_SC_,DR. SHARMILA SARKAR,SHARMILA SARKAR,MP_LOK_SABHA_SHARMILA_SARKAR,WORK_HASH_1073346720874356144,UNKNOWN_FY
LOK_SABHA,Allocated Limit for Honble MPs (2).csv,161,160,Karnataka,DR.K.SUDHAKAR,CHIKBALLAPUR,147000000.0,147000000.0,147000000.0,OTHER_WORKS,Karnataka,KARNATAKA,STATE_KARNATAKA,CHIKBALLAPUR,CHIKBALLAPUR,CONST_CHIKBALLAPUR,DR.K.SUDHAKAR,DR.K.SUDHAKAR,MP_LOK_SABHA_DR_K_SUDHAKAR,WORK_HASH_5761845707758943992,UNKNOWN_FY
LOK_SABHA,Allocated Limit for Honble MPs (2).csv,162,161,Telangana,DR.MALLU RAVI,NAGARKURNOOL(SC),147000000.0,147000000.0,147000000.0,OTHER_WORKS,Telangana,TELANGANA,STATE_TELANGANA,NAGARKURNOOL(SC),NAGARKURNOOL(SC),CONST_NAGARKURNOOL_SC_,DR.MALLU RAVI,DR.MALLU RAVI,MP_LOK_SABHA_DR_MALLU_RAVI,WORK_HASH_1851844456445911609,UNKNOWN_FY
LOK_SABHA,Allocated Limit for Honble MPs (2).csv,163,162,Jharkhand,DULU MAHATO,DHANBAD,147000000.0,147000000.0,147000000.0,OTHER_WORKS,Jharkhand,JHARKHAND,STATE_JHARKHAND,DHANBAD,DHANBAD,CONST_DHANBAD,DULU MAHATO,DULU MAHATO,MP_LOK_SABHA_DULU_MAHATO,WORK_HASH_5410390323712993794,UNKNOWN_FY
LOK_SABHA,Allocated Limit for Honble MPs (2).csv,164,163,Tamil Nadu,DURAI VAIKO,TIRUCHIRAPPALLI,147000000.0,147000000.0,147000000.0,OTHER_WORKS,Tamil Nadu,TAMIL NADU,STATE_TAMIL_NADU,TIRUCHIRAPPALLI,TIRUCHIRAPPALLI,CONST_TIRUCHIRAPPALLI,DURAI VAIKO,DURAI VAIKO,MP_LOK_SABHA_DURAI_VAIKO,WORK_HASH_3313925164465249563,UNKNOWN_FY
LOK_SABHA,Allocated Limit for Honble MPs (2).csv,165,164,Madhya Pradesh,Durga Das Uikey,BETUL(ST),151569502.9,151569502.9,151569502.9,OTHER_WORKS,Madhya Pradesh,MADHYA PRADESH,STATE_MADHYA_PRADESH,BETUL(ST),BETUL(ST),CONST_BETUL_ST_,Durga Das Uikey,DURGA DAS UIKEY,MP_LOK_SABHA_DURGA_DAS_UIKEY,WORK_HASH_12430728036993619903,UNKNOWN_FY
LOK_SABHA,Allocated Limit for Honble MPs (2).csv,166,165,Rajasthan,Dushyant Singh,JHALAWAR-BARAN,147000000.0,147000000.0,147000000.0,OTHER_WORKS,Rajasthan,RAJASTHAN,STATE_RAJASTHAN,JHALAWAR-BARAN,JHALAWAR-BARAN,CONST_JHALAWAR_BARAN,Dushyant Singh,DUSHYANT SINGH,MP_LOK_SABHA_DUSHYANT_SINGH,WORK_HASH_2712036554477644550,UNKNOWN_FY
LOK_SABHA,Allocated Limit for Honble MPs (2).csv,167,166,Karnataka,E. TUKARAM,BELLARY(ST),147000000.0,147000000.0,147000000.0,OTHER_WORKS,Karnataka,KARNATAKA,STATE_KARNATAKA,BELLARY(ST),BELLARY(ST),CONST_BELLARY_ST_,E. TUKARAM,E. TUKARAM,MP_LOK_SABHA_E__TUKARAM,WORK_HASH_10913201084266685393,UNKNOWN_FY
LOK_SABHA,Allocated Limit for Honble MPs (2).csv,168,167,Kerala,E.T. MOHAMMED BASHEER,MALAPPURAM,163895872.1,163895872.1,163895872.1,OTHER_WORKS,Kerala,KERALA,STATE_KERALA,MALAPPURAM,MALAPPURAM,CONST_MALAPPURAM,E.T. MOHAMMED BASHEER,E.T. MOHAMMED BASHEER,MP_LOK_SABHA_E_T__MOHAMMED_BASHEER,WORK_HASH_4154836193506346880,UNKNOWN_FY
LOK_SABHA,Allocated Limit for Honble MPs (2).csv,169,168,Telangana,EATALA RAJENDER,MALKAJGIRI,327477390.9,327477390.9,327477390.9,OTHER_WORKS,Telangana,TELANGANA,STATE_TELANGANA,MALKAJGIRI,MALKAJGIRI,CONST_MALKAJGIRI,EATALA RAJENDER,EATALA RAJENDER,MP_LOK_SABHA_EATALA_RAJENDER,WORK_HASH_8712894134449978859,UNKNOWN_FY
LOK_SABHA,Allocated Limit for Honble MPs (2).csv,170,169,Tamil Nadu,ESWARASAMY K,POLLACHI,162315106.1,162315106.1,162315106.1,OTHER_WORKS,Tamil Nadu,TAMIL NADU,STATE_TAMIL_NADU,POLLACHI,POLLACHI,CONST_POLLACHI,ESWARASAMY K,ESWARASAMY K,MP_LOK_SABHA_ESWARASAMY_K,WORK_HASH_9548732694628985182,UNKNOWN_FY
LOK_SABHA,Allocated Limit for Honble MPs (2).csv,171,170,Madhya Pradesh,Faggan Singh Kulaste,MANDLA(ST),151861648.4,151861648.4,151861648.4,OTHER_WORKS,Madhya Pradesh,MADHYA PRADESH,STATE_MADHYA_PRADESH,MANDLA(ST),MANDLA(ST),CONST_MANDLA_ST_,Faggan Singh Kulaste,FAGGAN SINGH KULASTE,MP_LOK_SABHA_FAGGAN_SINGH_KULASTE,WORK_HASH_4123086226178805789,UNKNOWN_FY
LOK_SABHA,Allocated Limit for Honble MPs (2).csv,172,171,Karnataka,G. KUMAR NAIK,RAICHUR(ST),147000000.0,147000000.0,147000000.0,OTHER_WORKS,Karnataka,KARNATAKA,STATE_KARNATAKA,RAICHUR(ST),RAICHUR(ST),CONST_RAICHUR_ST_,G. KUMAR NAIK,G. KUMAR NAIK,MP_LOK_SABHA_G__KUMAR_NAIK,WORK_HASH_8142301982549124259,UNKNOWN_FY
LOK_SABHA,Allocated Limit for Honble MPs (2).csv,173,172,Maharashtra,GAIKWAD VARSHA EKNATH,MUMBAI NORTH-CENTRAL,147000000.0,147000000.0,147000000.0,OTHER_WORKS,Maharashtra,MAHARASHTRA,STATE_MAHARASHTRA,MUMBAI NORTH-CENTRAL,MUMBAI NORTH-CENTRAL,CONST_MUMBAI_NORTH_CENTRAL,GAIKWAD VARSHA EKNATH,GAIKWAD VARSHA EKNATH,MP_LOK_SABHA_GAIKWAD_VARSHA_EKNATH,WORK_HASH_14857984731766929114,UNKNOWN_FY
LOK_SABHA,Allocated Limit for Honble MPs (2).csv,174,173,Madhya Pradesh,Gajendra Singh Patel,KHARGONE(ST),147000000.0,147000000.0,147000000.0,OTHER_WORKS,Madhya Pradesh,MADHYA PRADESH,STATE_MADHYA_PRADESH,KHARGONE(ST),KHARGONE(ST),CONST_KHARGONE_ST_,Gajendra Singh Patel,GAJENDRA SINGH PATEL,MP_LOK_SABHA_GAJENDRA_SINGH_PATEL,WORK_HASH_6446925270166823928,UNKNOWN_FY
LOK_SABHA,Allocated Limit for Honble MPs (2).csv,175,174,Rajasthan,Gajendra Singh Shekhawat,JODHPUR,147000000.0,147000000.0,147000000.0,OTHER_WORKS,Rajasthan,RAJASTHAN,STATE_RAJASTHAN,JODHPUR,JODHPUR,CONST_JODHPUR,Gajendra Singh Shekhawat,GAJENDRA SINGH SHEKHAWAT,MP_LOK_SABHA_GAJENDRA_SINGH_SHEKHAWAT,WORK_HASH_7476339525669641740,UNKNOWN_FY
LOK_SABHA,Allocated Limit for Honble MPs (2).csv,176,175,Tamil Nadu,GANAPATHY RAJKUMAR P,COIMBATORE,147370490.1,147370490.1,147370490.1,OTHER_WORKS,Tamil Nadu,TAMIL NADU,STATE_TAMIL_NADU,COIMBATORE,COIMBATORE,CONST_COIMBATORE,GANAPATHY RAJKUMAR P,GANAPATHY RAJKUMAR P,MP_LOK_SABHA_GANAPATHY_RAJKUMAR_P,WORK_HASH_18421375609877202904,UNKNOWN_FY
LOK_SABHA,Allocated Limit for Honble MPs (2).csv,177,176,Tamil Nadu,Ganesan Selvam,KANCHEEPURAM(SC),186508749.1,186508749.1,186508749.1,OTHER_WORKS,Tamil Nadu,TAMIL NADU,STATE_TAMIL_NADU,KANCHEEPURAM(SC),KANCHEEPURAM(SC),CONST_KANCHEEPURAM_SC_,Ganesan Selvam,GANESAN SELVAM,MP_LOK_SABHA_GANESAN_SELVAM,WORK_HASH_16573373918120920530,UNKNOWN_FY
LOK_SABHA,Allocated Limit for Honble MPs (2).csv,178,177,Madhya Pradesh,Ganesh Singh,SATNA,147000000.0,147000000.0,147000000.0,OTHER_WORKS,Madhya Pradesh,MADHYA PRADESH,STATE_MADHYA_PRADESH,SATNA,SATNA,CONST_SATNA,Ganesh Singh,GANESH SINGH,MP_LOK_SABHA_GANESH_SINGH,WORK_HASH_16707930650283088007,UNKNOWN_FY
LOK_SABHA,Allocated Limit for Honble MPs (2).csv,179,178,Assam,GAURAV GOGOI,JORHAT,147000000.0,147000000.0,147000000.0,OTHER_WORKS,Assam,ASSAM,STATE_ASSAM,JORHAT,JORHAT,CONST_JORHAT,GAURAV GOGOI,GAURAV GOGOI,MP_LOK_SABHA_GAURAV_GOGOI,WORK_HASH_6123018828853200716,UNKNOWN_FY
LOK_SABHA,Allocated Limit for Honble MPs (2).csv,180,179,Gujarat,GENIBEN NAGAJI THAKOR,BANASKANTHA,147000000.0,147000000.0,147000000.0,OTHER_WORKS,Gujarat,GUJARAT,STATE_GUJARAT,BANASKANTHA,BANASKANTHA,CONST_BANASKANTHA,GENIBEN NAGAJI THAKOR,GENIBEN NAGAJI THAKOR,MP_LOK_SABHA_GENIBEN_NAGAJI_THAKOR,WORK_HASH_16825216944183221557,UNKNOWN_FY
LOK_SABHA,Allocated Limit for Honble MPs (2).csv,181,180,Bihar,Giridhari Yadav,BANKA,147000000.0,147000000.0,147000000.0,OTHER_WORKS,Bihar,BIHAR,STATE_BIHAR,BANKA,BANKA,CONST_BANKA,Giridhari Yadav,GIRIDHARI YADAV,MP_LOK_SABHA_GIRIDHARI_YADAV,WORK_HASH_4936193381063915613,UNKNOWN_FY
LOK_SABHA,Allocated Limit for Honble MPs (2).csv,182,181,Bihar,Giriraj Singh,BEGUSARAI,147000000.0,147000000.0,147000000.0,OTHER_WORKS,Bihar,BIHAR,STATE_BIHAR,BEGUSARAI,BEGUSARAI,CONST_BEGUSARAI,Giriraj Singh,GIRIRAJ SINGH,MP_LOK_SABHA_GIRIRAJ_SINGH,WORK_HASH_8531485463247463644,UNKNOWN_FY
LOK_SABHA,Allocated Limit for Honble MPs (2).csv,183,182,Andhra Pradesh,GM Harish Balayogi,AMALAPURAM(SC),147000000.0,147000000.0,147000000.0,OTHER_WORKS,Andhra Pradesh,ANDHRA PRADESH,STATE_ANDHRA_PRADESH,AMALAPURAM(SC),AMALAPURAM(SC),CONST_AMALAPURAM_SC_,GM Harish Balayogi,GM HARISH BALAYOGI,MP_LOK_SABHA_GM_HARISH_BALAYOGI,WORK_HASH_9807450408563449171,UNKNOWN_FY
LOK_SABHA,Allocated Limit for Honble MPs (2).csv,184,183,Telangana,GODAM NAGESH,ADILABAD(ST),147000000.0,147000000.0,147000000.0,OTHER_WORKS,Telangana,TELANGANA,STATE_TELANGANA,ADILABAD(ST),ADILABAD(ST),CONST_ADILABAD_ST_,GODAM NAGESH,GODAM NAGESH,MP_LOK_SABHA_GODAM_NAGESH,WORK_HASH_2636749569121728170,UNKNOWN_FY
LOK_SABHA,Allocated Limit for Honble MPs (2).csv,185,184,Tamil Nadu,GOPINATH K,KRISHNAGIRI,147000000.0,147000000.0,147000000.0,OTHER_WORKS,Tamil Nadu,TAMIL NADU,STATE_TAMIL_NADU,KRISHNAGIRI,KRISHNAGIRI,CONST_KRISHNAGIRI,GOPINATH K,GOPINATH K,MP_LOK_SABHA_GOPINATH_K,WORK_HASH_14082668490197515509,UNKNOWN_FY
LOK_SABHA,Allocated Limit for Honble MPs (2).csv,186,185,Karnataka,GOVIND MAKTHAPPA KARJOL,CHITRADURGA(SC),147000000.0,147000000.0,147000000.0,OTHER_WORKS,Karnataka,KARNATAKA,STATE_KARNATAKA,CHITRADURGA(SC),CHITRADURGA(SC),CONST_CHITRADURGA_SC_,GOVIND MAKTHAPPA KARJOL,GOVIND MAKTHAPPA KARJOL,MP_LOK_SABHA_GOVIND_MAKTHAPPA_KARJOL,WORK_HASH_11066167375518612249,UNKNOWN_FY
LOK_SABHA,Allocated Limit for Honble MPs (2).csv,187,186,Andhra Pradesh,Gumma Thanuja Rani,ARAKU(ST),149458905.1,149458905.1,149458905.1,OTHER_WORKS,Andhra Pradesh,ANDHRA PRADESH,STATE_ANDHRA_PRADESH,ARAKU(ST),ARAKU(ST),CONST_ARAKU_ST_,Gumma Thanuja Rani,GUMMA THANUJA RANI,MP_LOK_SABHA_GUMMA_THANUJA_RANI,WORK_HASH_5610125437273160923,UNKNOWN_FY
LOK_SABHA,Allocated Limit for Honble MPs (2).csv,188,187,Punjab,GURMEET SINGH MEET HAYER,SANGRUR,147000000.0,147000000.0,147000000.0,OTHER_WORKS,Punjab,PUNJAB,STATE_PUNJAB,SANGRUR,SANGRUR,CONST_SANGRUR,GURMEET SINGH MEET HAYER,GURMEET SINGH MEET HAYER,MP_LOK_SABHA_GURMEET_SINGH_MEET_HAYER,WORK_HASH_1203394998185503034,UNKNOWN_FY
LOK_SABHA,Allocated Limit for Honble MPs (2).csv,189,188,Madhya Pradesh,Gyaneshwar Patil,KHANDWA,155690684.8,155690684.8,155690684.8,OTHER_WORKS,Madhya Pradesh,MADHYA PRADESH,STATE_MADHYA_PRADESH,KHANDWA,KHANDWA,CONST_KHANDWA,Gyaneshwar Patil,GYANESHWAR PATIL,MP_LOK_SABHA_GYANESHWAR_PATIL,WORK_HASH_9920035757208164970,UNKNOWN_FY
LOK_SABHA,Allocated Limit for Honble MPs (2).csv,190,189,Karnataka,H.D. KUMARASWAMY,MANDYA,147000000.0,147000000.0,147000000.0,OTHER_WORKS,Karnataka,KARNATAKA,STATE_KARNATAKA,MANDYA,MANDYA,CONST_MANDYA,H.D. KUMARASWAMY,H.D. KUMARASWAMY,MP_LOK_SABHA_H_D__KUMARASWAMY,WORK_HASH_10421854827731767480,UNKNOWN_FY
LOK_SABHA,Allocated Limit for Honble MPs (2).csv,191,190,Uttar Pradesh,HARENDRA SINGH MALIK,MUZAFFARNAGAR,147000000.0,147000000.0,147000000.0,OTHER_WORKS,Uttar Pradesh,UTTAR PRADESH,STATE_UTTAR_PRADESH,MUZAFFARNAGAR,MUZAFFARNAGAR,CONST_MUZAFFARNAGAR,HARENDRA SINGH MALIK,HARENDRA SINGH MALIK,MP_LOK_SABHA_HARENDRA_SINGH_MALIK,WORK_HASH_3293374370371897600,UNKNOWN_FY
LOK_SABHA,Allocated Limit for Honble MPs (2).csv,192,191,Gujarat,HARIBHAI PATEL,MAHESANA,147000000.0,147000000.0,147000000.0,OTHER_WORKS,Gujarat,GUJARAT,STATE_GUJARAT,MAHESANA,MAHESANA,CONST_MAHESANA,HARIBHAI PATEL,HARIBHAI PATEL,MP_LOK_SABHA_HARIBHAI_PATEL,WORK_HASH_1351540968185560557,UNKNOWN_FY
LOK_SABHA,Allocated Limit for Honble MPs (2).csv,193,192,Rajasthan,HARISH CHANDRA MEENA,TONK-SAWAI MADHOPUR,147000000.0,147000000.0,147000000.0,OTHER_WORKS,Rajasthan,RAJASTHAN,STATE_RAJASTHAN,TONK-SAWAI MADHOPUR,TONK-SAWAI MADHOPUR,CONST_TONK_SAWAI_MADHOPUR,HARISH CHANDRA MEENA,HARISH CHANDRA MEENA,MP_LOK_SABHA_HARISH_CHANDRA_MEENA,WORK_HASH_10816188993534696625,UNKNOWN_FY
LOK_SABHA,Allocated Limit for Honble MPs (2).csv,194,193,Delhi,Harsh Malhotra,EAST DELHI,147134131.0,147134131.0,147134131.0,OTHER_WORKS,Delhi,DELHI,STATE_DELHI,EAST DELHI,EAST DELHI,CONST_EAST_DELHI,Harsh Malhotra,HARSH MALHOTRA,MP_LOK_SABHA_HARSH_MALHOTRA,WORK_HASH_10059542703229375567,UNKNOWN_FY
LOK_SABHA,Allocated Limit for Honble MPs (2).csv,195,194,Gujarat,Hasmukh Bhai Soma Bhai Patel,AHMEDABAD EAST,147000000.0,147000000.0,147000000.0,OTHER_WORKS,Gujarat,GUJARAT,STATE_GUJARAT,AHMEDABAD EAST,AHMEDABAD EAST,CONST_AHMEDABAD_EAST,Hasmukh Bhai Soma Bhai Patel,HASMUKH BHAI SOMA BHAI PATEL,MP_LOK_SABHA_HASMUKH_BHAI_SOMA_BHAI_PATEL,WORK_HASH_10243570755300015179,UNKNOWN_FY
LOK_SABHA,Allocated Limit for Honble MPs (2).csv,196,195,Uttar Pradesh,IMRAN MASOOD,SAHARANPUR,147000000.0,147000000.0,147000000.0,OTHER_WORKS,Uttar Pradesh,UTTAR PRADESH,STATE_UTTAR_PRADESH,SAHARANPUR,SAHARANPUR,CONST_SAHARANPUR,IMRAN MASOOD,IMRAN MASOOD,MP_LOK_SABHA_IMRAN_MASOOD,WORK_HASH_9742084557681786599,UNKNOWN_FY
LOK_SABHA,Allocated Limit for Honble MPs (2).csv,197,196,Sikkim,Indra Hang Subba,SIKKIM,152003923.1,152003923.1,152003923.1,OTHER_WORKS,Sikkim,SIKKIM,STATE_SIKKIM,SIKKIM,SIKKIM,CONST_SIKKIM,Indra Hang Subba,INDRA HANG SUBBA,MP_LOK_SABHA_INDRA_HANG_SUBBA,WORK_HASH_1992455736951767990,UNKNOWN_FY
LOK_SABHA,Allocated Limit for Honble MPs (2).csv,198,197,Uttar Pradesh,IQRA CHOUDHARY,KAIRANA,147000000.0,147000000.0,147000000.0,OTHER_WORKS,Uttar Pradesh,UTTAR PRADESH,STATE_UTTAR_PRADESH,KAIRANA,KAIRANA,CONST_KAIRANA,IQRA CHOUDHARY,IQRA CHOUDHARY,MP_LOK_SABHA_IQRA_CHOUDHARY,WORK_HASH_671014989173284190,UNKNOWN_FY
LOK_SABHA,Allocated Limit for Honble MPs (2).csv,199,198,West Bengal,ISHA KHAN CHOUDHURY,MALDAHA DAKSHIN,147000000.0,147000000.0,147000000.0,OTHER_WORKS,West Bengal,WEST BENGAL,STATE_WEST_BENGAL,MALDAHA DAKSHIN,MALDAHA DAKSHIN,CONST_MALDAHA_DAKSHIN,ISHA KHAN CHOUDHURY,ISHA KHAN CHOUDHURY,MP_LOK_SABHA_ISHA_KHAN_CHOUDHURY,WORK_HASH_9377516065857055009,UNKNOWN_FY
LOK_SABHA,Allocated Limit for Honble MPs (2).csv,200,199,West Bengal,JAGADISH CHANDRA BARMA BASUNIA,COOCHBEHAR(SC),168604641.1,168604641.1,168604641.1,OTHER_WORKS,West Bengal,WEST BENGAL,STATE_WEST_BENGAL,COOCHBEHAR(SC),COOCHBEHAR(SC),CONST_COOCHBEHAR_SC_,JAGADISH CHANDRA BARMA BASUNIA,JAGADISH CHANDRA BARMA BASUNIA,MP_LOK_SABHA_JAGADISH_CHANDRA_BARMA_BASUNIA,WORK_HASH_11648273590668476564,UNKNOWN_FY
LOK_SABHA,Allocated Limit for Honble MPs (2).csv,201,200,Karnataka,JAGADISH SHETTAR,BELGAUM,147000000.0,147000000.0,147000000.0,OTHER_WORKS,Karnataka,KARNATAKA,STATE_KARNATAKA,BELGAUM,BELGAUM,CONST_BELGAUM,JAGADISH SHETTAR,JAGADISH SHETTAR,MP_LOK_SABHA_JAGADISH_SHETTAR,WORK_HASH_17905920844049386263,UNKNOWN_FY
LOK_SABHA,Allocated Limit for Honble MPs (2).csv,202,201,West Bengal,Jagannath Sarkar,RANAGHAT(SC),147000000.0,147000000.0,147000000.0,OTHER_WORKS,West Bengal,WEST BENGAL,STATE_WEST_BENGAL,RANAGHAT(SC),RANAGHAT(SC),CONST_RANAGHAT_SC_,Jagannath Sarkar,JAGANNATH SARKAR,MP_LOK_SABHA_JAGANNATH_SARKAR,WORK_HASH_17837672254122984802,UNKNOWN_FY
LOK_SABHA,Allocated Limit for Honble MPs (2).csv,203,202,Uttar Pradesh,Jagdambika Pal,DOMARIYAGANJ,160643957.1,160643957.1,160643957.1,OTHER_WORKS,Uttar Pradesh,UTTAR PRADESH,STATE_UTTAR_PRADESH,DOMARIYAGANJ,DOMARIYAGANJ,CONST_DOMARIYAGANJ,Jagdambika Pal,JAGDAMBIKA PAL,MP_LOK_SABHA_JAGDAMBIKA_PAL,WORK_HASH_14465757249585374917,UNKNOWN_FY
LOK_SABHA,Allocated Limit for Honble MPs (2).csv,204,203,Haryana,JAI PARKASH,HISAR,147000000.0,147000000.0,147000000.0,OTHER_WORKS,Haryana,HARYANA,STATE_HARYANA,HISAR,HISAR,CONST_HISAR,JAI PARKASH,JAI PARKASH,MP_LOK_SABHA_JAI_PARKASH,WORK_HASH_5552488533170149932,UNKNOWN_FY
LOK_SABHA,Allocated Limit for Honble MPs (2).csv,205,204,Uttar Pradesh,Jai Prakash,HARDOI (SC),147000000.0,147000000.0,147000000.0,OTHER_WORKS,Uttar Pradesh,UTTAR PRADESH,STATE_UTTAR_PRADESH,HARDOI (SC),HARDOI (SC),CONST_HARDOI__SC_,Jai Prakash,JAI PRAKASH,MP_LOK_SABHA_JAI_PRAKASH,WORK_HASH_14725129511061117809,UNKNOWN_FY
LOK_SABHA,Allocated Limit for Honble MPs (2).csv,206,205,Madhya Pradesh,Janardan Mishra,REWA,147000000.0,147000000.0,147000000.0,OTHER_WORKS,Madhya Pradesh,MADHYA PRADESH,STATE_MADHYA_PRADESH,REWA,REWA,CONST_REWA,Janardan Mishra,JANARDAN MISHRA,MP_LOK_SABHA_JANARDAN_MISHRA,WORK_HASH_3124669647010984031,UNKNOWN_FY
LOK_SABHA,Allocated Limit for Honble MPs (2).csv,207,206,Gujarat,JASHUBHAI BHILUBHAI RATHVA,CHHOTA UDAIPUR(ST),147000000.0,147000000.0,147000000.0,OTHER_WORKS,Gujarat,GUJARAT,STATE_GUJARAT,CHHOTA UDAIPUR(ST),CHHOTA UDAIPUR(ST),CONST_CHHOTA_UDAIPUR_ST_,JASHUBHAI BHILUBHAI RATHVA,JASHUBHAI BHILUBHAI RATHVA,MP_LOK_SABHA_JASHUBHAI_BHILUBHAI_RATHVA,WORK_HASH_1819939674251180758,UNKNOWN_FY
LOK_SABHA,Allocated Limit for Honble MPs (2).csv,208,207,Gujarat,Jaswantsinh Sumanbhai Bhabhor,DAHOD(ST),147000000.0,147000000.0,147000000.0,OTHER_WORKS,Gujarat,GUJARAT,STATE_GUJARAT,DAHOD(ST),DAHOD(ST),CONST_DAHOD_ST_,Jaswantsinh Sumanbhai Bhabhor,JASWANTSINH SUMANBHAI BHABHOR,MP_LOK_SABHA_JASWANTSINH_SUMANBHAI_BHABHOR,WORK_HASH_10503098501840640770,UNKNOWN_FY
LOK_SABHA,Allocated Limit for Honble MPs (2).csv,209,208,Bihar,JITAN RAM MANJHI,GAYA (SC),147000000.0,147000000.0,147000000.0,OTHER_WORKS,Bihar,BIHAR,STATE_BIHAR,GAYA (SC),GAYA (SC),CONST_GAYA__SC_,JITAN RAM MANJHI,JITAN RAM MANJHI,MP_LOK_SABHA_JITAN_RAM_MANJHI,WORK_HASH_13543115447530367594,UNKNOWN_FY
LOK_SABHA,Allocated Limit for Honble MPs (2).csv,210,209,Uttar Pradesh,JITENDRA KUMAR DOHARE,ETAWAH(SC),188747306.3,188747306.3,188747306.3,OTHER_WORKS,Uttar Pradesh,UTTAR PRADESH,STATE_UTTAR_PRADESH,ETAWAH(SC),ETAWAH(SC),CONST_ETAWAH_SC_,JITENDRA KUMAR DOHARE,JITENDRA KUMAR DOHARE,MP_LOK_SABHA_JITENDRA_KUMAR_DOHARE,WORK_HASH_10060654099478174607,UNKNOWN_FY
LOK_SABHA,Allocated Limit for Honble MPs (2).csv,211,210,Jammu And Kashmir,Jitendra Singh,UDHAMPUR,147000000.0,147000000.0,147000000.0,OTHER_WORKS,Jammu And Kashmir,JAMMU AND KASHMIR,STATE_JAMMU_AND_KASHMIR,UDHAMPUR,UDHAMPUR,CONST_UDHAMPUR,Jitendra Singh,JITENDRA SINGH,MP_LOK_SABHA_JITENDRA_SINGH,WORK_HASH_12335101303654764599,UNKNOWN_FY
LOK_SABHA,Allocated Limit for Honble MPs (2).csv,212,211,Uttar Pradesh,JITIN PRASADA,PILIBHIT,147000000.0,147000000.0,147000000.0,OTHER_WORKS,Uttar Pradesh,UTTAR PRADESH,STATE_UTTAR_PRADESH,PILIBHIT,PILIBHIT,CONST_PILIBHIT,JITIN PRASADA,JITIN PRASADA,MP_LOK_SABHA_JITIN_PRASADA,WORK_HASH_3740522078772032852,UNKNOWN_FY
LOK_SABHA,Allocated Limit for Honble MPs (2).csv,213,212,Jharkhand,JOBA MAJHI,SINGHBHUM(ST),147000000.0,147000000.0,147000000.0,OTHER_WORKS,Jharkhand,JHARKHAND,STATE_JHARKHAND,SINGHBHUM(ST),SINGHBHUM(ST),CONST_SINGHBHUM_ST_,JOBA MAJHI,JOBA MAJHI,MP_LOK_SABHA_JOBA_MAJHI,WORK_HASH_6422815054411996764,UNKNOWN_FY
LOK_SABHA,Allocated Limit for Honble MPs (2).csv,214,213,Assam,JOYANTA BASUMATARY,KOKRAJHAR (ST),147000000.0,147000000.0,147000000.0,OTHER_WORKS,Assam,ASSAM,STATE_ASSAM,KOKRAJHAR (ST),KOKRAJHAR (ST),CONST_KOKRAJHAR__ST_,JOYANTA BASUMATARY,JOYANTA BASUMATARY,MP_LOK_SABHA_JOYANTA_BASUMATARY,WORK_HASH_13994879579112262024,UNKNOWN_FY
LOK_SABHA,Allocated Limit for Honble MPs (2).csv,215,214,West Bengal,JUNE MALIAH,MEDINIPUR,147000000.0,147000000.0,147000000.0,OTHER_WORKS,West Bengal,WEST BENGAL,STATE_WEST_BENGAL,MEDINIPUR,MEDINIPUR,CONST_MEDINIPUR,JUNE MALIAH,JUNE MALIAH,MP_LOK_SABHA_JUNE_MALIAH,WORK_HASH_10610095774287977176,UNKNOWN_FY
LOK_SABHA,Allocated Limit for Honble MPs (2).csv,216,215,Madhya Pradesh,JYOTIRADITYA M. SCINDIA,GUNA,147000000.0,147000000.0,147000000.0,OTHER_WORKS,Madhya Pradesh,MADHYA PRADESH,STATE_MADHYA_PRADESH,GUNA,GUNA,CONST_GUNA,JYOTIRADITYA M. SCINDIA,JYOTIRADITYA M. SCINDIA,MP_LOK_SABHA_JYOTIRADITYA_M__SCINDIA,WORK_HASH_5185999655083143272,UNKNOWN_FY
LOK_SABHA,Allocated Limit for Honble MPs (2).csv,217,216,Chhattisgarh,Jyotsna Charandas Mahant,KORBA,155153738.1,155153738.1,155153738.1,OTHER_WORKS,Chhattisgarh,CHHATTISGARH,STATE_CHHATTISGARH,KORBA,KORBA,CONST_KORBA,Jyotsna Charandas Mahant,JYOTSNA CHARANDAS MAHANT,MP_LOK_SABHA_JYOTSNA_CHARANDAS_MAHANT,WORK_HASH_17093743104510260516,UNKNOWN_FY
LOK_SABHA,Allocated Limit for Honble MPs (2).csv,218,217,Tamil Nadu,K E PRAKASH,ERODE,147000000.0,147000000.0,147000000.0,OTHER_WORKS,Tamil Nadu,TAMIL NADU,STATE_TAMIL_NADU,ERODE,ERODE,CONST_ERODE,K E PRAKASH,K E PRAKASH,MP_LOK_SABHA_K_E_PRAKASH,WORK_HASH_13355641252737071343,UNKNOWN_FY
LOK_SABHA,Allocated Limit for Honble MPs (2).csv,219,218,Kerala,K RADHAKRISHNAN,ALATHUR(SC),147000000.0,147000000.0,147000000.0,OTHER_WORKS,Kerala,KERALA,STATE_KERALA,ALATHUR(SC),ALATHUR(SC),CONST_ALATHUR_SC_,K RADHAKRISHNAN,K RADHAKRISHNAN,MP_LOK_SABHA_K_RADHAKRISHNAN,WORK_HASH_130077100218161904,UNKNOWN_FY
LOK_SABHA,Allocated Limit for Honble MPs (2).csv,220,219,Tamil Nadu,K Subbarayan,TIRUPPUR,147000000.0,147000000.0,147000000.0,OTHER_WORKS,Tamil Nadu,TAMIL NADU,STATE_TAMIL_NADU,TIRUPPUR,TIRUPPUR,CONST_TIRUPPUR,K Subbarayan,K SUBBARAYAN,MP_LOK_SABHA_K_SUBBARAYAN,WORK_HASH_10897848384739830861,UNKNOWN_FY
LOK_SABHA,Allocated Limit for Honble MPs (2).csv,221,220,Kerala,K. C VENUGOPAL,ALAPPUZHA,147000000.0,147000000.0,147000000.0,OTHER_WORKS,Kerala,KERALA,STATE_KERALA,ALAPPUZHA,ALAPPUZHA,CONST_ALAPPUZHA,K. C VENUGOPAL,K. C VENUGOPAL,MP_LOK_SABHA_K__C_VENUGOPAL,WORK_HASH_7688524899541852399,UNKNOWN_FY
LOK_SABHA,Allocated Limit for Honble MPs (2).csv,222,221,Karnataka,K. RAJASHEKAR BASAVARAJ HITNAL,KOPPAL,147000000.0,147000000.0,147000000.0,OTHER_WORKS,Karnataka,KARNATAKA,STATE_KARNATAKA,KOPPAL,KOPPAL,CONST_KOPPAL,K. RAJASHEKAR BASAVARAJ HITNAL,K. RAJASHEKAR BASAVARAJ HITNAL,MP_LOK_SABHA_K__RAJASHEKAR_BASAVARAJ_HITNAL,WORK_HASH_16499662343431592229,UNKNOWN_FY
LOK_SABHA,Allocated Limit for Honble MPs (2).csv,223,222,Telangana,KADIYAM KAVYA,WARANGEL(SC),147000000.0,147000000.0,147000000.0,OTHER_WORKS,Telangana,TELANGANA,STATE_TELANGANA,WARANGEL(SC),WARANGEL(SC),CONST_WARANGEL_SC_,KADIYAM KAVYA,KADIYAM KAVYA,MP_LOK_SABHA_KADIYAM_KAVYA,WORK_HASH_10342725729894748355,UNKNOWN_FY
LOK_SABHA,Allocated Limit for Honble MPs (2).csv,224,223,West Bengal,Kakoli Ghosh Dastidar,BARASAT,147000000.0,147000000.0,147000000.0,OTHER_WORKS,West Bengal,WEST BENGAL,STATE_WEST_BENGAL,BARASAT,BARASAT,CONST_BARASAT,Kakoli Ghosh Dastidar,KAKOLI GHOSH DASTIDAR,MP_LOK_SABHA_KAKOLI_GHOSH_DASTIDAR,WORK_HASH_13461148911805174651,UNKNOWN_FY
LOK_SABHA,Allocated Limit for Honble MPs (2).csv,225,224,The Dadra And Nagar Haveli And Daman And Diu,Kalaben Mohanbhai Delkar,DADRA & NAGAR HAVELI (ST),147000000.0,147000000.0,147000000.0,OTHER_WORKS,The Dadra And Nagar Haveli And Daman And Diu,THE DADRA AND NAGAR HAVELI AND DAMAN AND DIU,STATE_THE_DADRA_AND_NAGAR_HAVELI_AND_DAMAN_AND_DIU,DADRA & NAGAR HAVELI (ST),DADRA & NAGAR HAVELI (ST),CONST_DADRA___NAGAR_HAVELI__ST_,Kalaben Mohanbhai Delkar,KALABEN MOHANBHAI DELKAR,MP_LOK_SABHA_KALABEN_MOHANBHAI_DELKAR,WORK_HASH_11527942683546809999,UNKNOWN_FY
LOK_SABHA,Allocated Limit for Honble MPs (2).csv,226,225,Tamil Nadu,Kalanidhi Veeraswamy,CHENNAI NORTH,171500000.0,171500000.0,171500000.0,OTHER_WORKS,Tamil Nadu,TAMIL NADU,STATE_TAMIL_NADU,CHENNAI NORTH,CHENNAI NORTH,CONST_CHENNAI_NORTH,Kalanidhi Veeraswamy,KALANIDHI VEERASWAMY,MP_LOK_SABHA_KALANIDHI_VEERASWAMY,WORK_HASH_10378362264864348751,UNKNOWN_FY
LOK_SABHA,Allocated Limit for Honble MPs (2).csv,227,226,Jharkhand,KALI CHARAN MUNDA,KHUNTI(ST),147000000.0,147000000.0,147000000.0,OTHER_WORKS,Jharkhand,JHARKHAND,STATE_JHARKHAND,KHUNTI(ST),KHUNTI(ST),CONST_KHUNTI_ST_,KALI CHARAN MUNDA,KALI CHARAN MUNDA,MP_LOK_SABHA_KALI_CHARAN_MUNDA,WORK_HASH_13525921169697660808,UNKNOWN_FY
LOK_SABHA,Allocated Limit for Honble MPs (2).csv,228,227,Jharkhand,KALI CHARAN SINGH,CHATRA,147000000.0,147000000.0,147000000.0,OTHER_WORKS,Jharkhand,JHARKHAND,STATE_JHARKHAND,CHATRA,CHATRA,CONST_CHATRA,KALI CHARAN SINGH,KALI CHARAN SINGH,MP_LOK_SABHA_KALI_CHARAN_SINGH,WORK_HASH_5903652921163729498,UNKNOWN_FY
LOK_SABHA,Allocated Limit for Honble MPs (2).csv,229,228,West Bengal,KALIPADA SAREN,JHARGRAM(ST),147000000.0,147000000.0,147000000.0,OTHER_WORKS,West Bengal,WEST BENGAL,STATE_WEST_BENGAL,JHARGRAM(ST),JHARGRAM(ST),CONST_JHARGRAM_ST_,KALIPADA SAREN,KALIPADA SAREN,MP_LOK_SABHA_KALIPADA_SAREN,WORK_HASH_7171776777909819310,UNKNOWN_FY
LOK_SABHA,Allocated Limit for Honble MPs (2).csv,230,229,West Bengal,Kalyan Banerjee,SREERAMPUR,147000000.0,147000000.0,147000000.0,OTHER_WORKS,West Bengal,WEST BENGAL,STATE_WEST_BENGAL,SREERAMPUR,SREERAMPUR,CONST_SREERAMPUR,Kalyan Banerjee,KALYAN BANERJEE,MP_LOK_SABHA_KALYAN_BANERJEE,WORK_HASH_1913613389535053924,UNKNOWN_FY
LOK_SABHA,Allocated Limit for Honble MPs (2).csv,231,230,Maharashtra,KALYAN VAIJINATHRAO KALE,JALNA,147000000.0,147000000.0,147000000.0,OTHER_WORKS,Maharashtra,MAHARASHTRA,STATE_MAHARASHTRA,JALNA,JALNA,CONST_JALNA,KALYAN VAIJINATHRAO KALE,KALYAN VAIJINATHRAO KALE,MP_LOK_SABHA_KALYAN_VAIJINATHRAO_KALE,WORK_HASH_17329414030928291015,UNKNOWN_FY
LOK_SABHA,Allocated Limit for Honble MPs (2).csv,232,231,Assam,KAMAKHYA PRASAD TASA,Kaziranga,147000000.0,147000000.0,147000000.0,OTHER_WORKS,Assam,ASSAM,STATE_ASSAM,Kaziranga,KAZIRANGA,CONST_KAZIRANGA,KAMAKHYA PRASAD TASA,KAMAKHYA PRASAD TASA,MP_LOK_SABHA_KAMAKHYA_PRASAD_TASA,WORK_HASH_17419236185245750310,UNKNOWN_FY
LOK_SABHA,Allocated Limit for Honble MPs (2).csv,233,232,Delhi,Kamaljeet Sehrawat,WEST DELHI,147000000.0,147000000.0,147000000.0,OTHER_WORKS,Delhi,DELHI,STATE_DELHI,WEST DELHI,WEST DELHI,CONST_WEST_DELHI,Kamaljeet Sehrawat,KAMALJEET SEHRAWAT,MP_LOK_SABHA_KAMALJEET_SEHRAWAT,WORK_HASH_10037763176196259998,UNKNOWN_FY
LOK_SABHA,Allocated Limit for Honble MPs (2).csv,234,233,Chhattisgarh,KAMLESH JANGDE,JANJGIR CHAMPA(SC),150384382.1,150384382.1,150384382.1,OTHER_WORKS,Chhattisgarh,CHHATTISGARH,STATE_CHHATTISGARH,JANJGIR CHAMPA(SC),JANJGIR CHAMPA(SC),CONST_JANJGIR_CHAMPA_SC_,KAMLESH JANGDE,KAMLESH JANGDE,MP_LOK_SABHA_KAMLESH_JANGDE,WORK_HASH_3663941910309376725,UNKNOWN_FY
LOK_SABHA,Allocated Limit for Honble MPs (2).csv,235,234,Uttar Pradesh,Kamlesh Paswan,BANSGAON(SC),147000000.0,147000000.0,147000000.0,OTHER_WORKS,Uttar Pradesh,UTTAR PRADESH,STATE_UTTAR_PRADESH,BANSGAON(SC),BANSGAON(SC),CONST_BANSGAON_SC_,Kamlesh Paswan,KAMLESH PASWAN,MP_LOK_SABHA_KAMLESH_PASWAN,WORK_HASH_11186850685157235629,UNKNOWN_FY
LOK_SABHA,Allocated Limit for Honble MPs (2).csv,236,235,Himachal Pradesh,Kangana Ranaut,MANDI,147000000.0,147000000.0,147000000.0,OTHER_WORKS,Himachal Pradesh,HIMACHAL PRADESH,STATE_HIMACHAL_PRADESH,MANDI,MANDI,CONST_MANDI,Kangana Ranaut,KANGANA RANAUT,MP_LOK_SABHA_KANGANA_RANAUT,WORK_HASH_15801316937214089727,UNKNOWN_FY
LOK_SABHA,Allocated Limit for Honble MPs (2).csv,237,236,Tamil Nadu,Kani K Navas,RAMANATHAPURAM,147000000.0,147000000.0,147000000.0,OTHER_WORKS,Tamil Nadu,TAMIL NADU,STATE_TAMIL_NADU,RAMANATHAPURAM,RAMANATHAPURAM,CONST_RAMANATHAPURAM,Kani K Navas,KANI K NAVAS,MP_LOK_SABHA_KANI_K_NAVAS,WORK_HASH_18415904161224276972,UNKNOWN_FY
LOK_SABHA,Allocated Limit for Honble MPs (2).csv,238,237,Tamil Nadu,Kanimozhi Karunanidhi,THOOTHUKKUDI,147000000.0,147000000.0,147000000.0,OTHER_WORKS,Tamil Nadu,TAMIL NADU,STATE_TAMIL_NADU,THOOTHUKKUDI,THOOTHUKKUDI,CONST_THOOTHUKKUDI,Kanimozhi Karunanidhi,KANIMOZHI KARUNANIDHI,MP_LOK_SABHA_KANIMOZHI_KARUNANIDHI,WORK_HASH_6161121386206549965,UNKNOWN_FY
LOK_SABHA,Allocated Limit for Honble MPs (2).csv,239,238,Uttar Pradesh,KANWAR SINGH TANWAR,AMROHA,147000000.0,147000000.0,147000000.0,OTHER_WORKS,Uttar Pradesh,UTTAR PRADESH,STATE_UTTAR_PRADESH,AMROHA,AMROHA,CONST_AMROHA,KANWAR SINGH TANWAR,KANWAR SINGH TANWAR,MP_LOK_SABHA_KANWAR_SINGH_TANWAR,WORK_HASH_4081091709426173226,UNKNOWN_FY
LOK_SABHA,Allocated Limit for Honble MPs (2).csv,240,239,Uttar Pradesh,KARAN BHUSHAN SINGH,KAISERGANJ,147000000.0,147000000.0,147000000.0,OTHER_WORKS,Uttar Pradesh,UTTAR PRADESH,STATE_UTTAR_PRADESH,KAISERGANJ,KAISERGANJ,CONST_KAISERGANJ,KARAN BHUSHAN SINGH,KARAN BHUSHAN SINGH,MP_LOK_SABHA_KARAN_BHUSHAN_SINGH,WORK_HASH_12890807227235040435,UNKNOWN_FY
LOK_SABHA,Allocated Limit for Honble MPs (2).csv,241,240,West Bengal,KARTICK CHANDRA PAUL,RAIGANJ,202677986.6,202677986.6,202677986.6,OTHER_WORKS,West Bengal,WEST BENGAL,STATE_WEST_BENGAL,RAIGANJ,RAIGANJ,CONST_RAIGANJ,KARTICK CHANDRA PAUL,KARTICK CHANDRA PAUL,MP_LOK_SABHA_KARTICK_CHANDRA_PAUL,WORK_HASH_18362168224191222368,UNKNOWN_FY
LOK_SABHA,Allocated Limit for Honble MPs (2).csv,242,241,Bihar,Kaushalendra Kumar,NALANDA,147000000.0,147000000.0,147000000.0,OTHER_WORKS,Bihar,BIHAR,STATE_BIHAR,NALANDA,NALANDA,CONST_NALANDA,Kaushalendra Kumar,KAUSHALENDRA KUMAR,MP_LOK_SABHA_KAUSHALENDRA_KUMAR,WORK_HASH_7221915111616034870,UNKNOWN_FY
LOK_SABHA,Allocated Limit for Honble MPs (2).csv,243,242,West Bengal,Khagen Murmu,MALDAHA UTTAR,147000000.0,147000000.0,147000000.0,OTHER_WORKS,West Bengal,WEST BENGAL,STATE_WEST_BENGAL,MALDAHA UTTAR,MALDAHA UTTAR,CONST_MALDAHA_UTTAR,Khagen Murmu,KHAGEN MURMU,MP_LOK_SABHA_KHAGEN_MURMU,WORK_HASH_8450659580182552194,UNKNOWN_FY
LOK_SABHA,Allocated Limit for Honble MPs (2).csv,244,243,West Bengal,Khalilur Rahaman,JANGIPUR,147000000.0,147000000.0,147000000.0,OTHER_WORKS,West Bengal,WEST BENGAL,STATE_WEST_BENGAL,JANGIPUR,JANGIPUR,CONST_JANGIPUR,Khalilur Rahaman,KHALILUR RAHAMAN,MP_LOK_SABHA_KHALILUR_RAHAMAN,WORK_HASH_8574687102309000974,UNKNOWN_FY
LOK_SABHA,Allocated Limit for Honble MPs (2).csv,245,244,Andhra Pradesh,Kinjarapu Ram Mohan Naidu,SRIKAKULAM,171200630.1,171200630.1,171200630.1,OTHER_WORKS,Andhra Pradesh,ANDHRA PRADESH,STATE_ANDHRA_PRADESH,SRIKAKULAM,SRIKAKULAM,CONST_SRIKAKULAM,Kinjarapu Ram Mohan Naidu,KINJARAPU RAM MOHAN NAIDU,MP_LOK_SABHA_KINJARAPU_RAM_MOHAN_NAIDU,WORK_HASH_3002973214945950223,UNKNOWN_FY
LOK_SABHA,Allocated Limit for Honble MPs (2).csv,246,245,Arunachal Pradesh,Kiren Rijiju,ARUNACHAL WEST,147000000.0,147000000.0,147000000.0,OTHER_WORKS,Arunachal Pradesh,ARUNACHAL PRADESH,STATE_ARUNACHAL_PRADESH,ARUNACHAL WEST,ARUNACHAL WEST,CONST_ARUNACHAL_WEST,Kiren Rijiju,KIREN RIJIJU,MP_LOK_SABHA_KIREN_RIJIJU,WORK_HASH_15188155284299509324,UNKNOWN_FY
LOK_SABHA,Allocated Limit for Honble MPs (2).csv,247,246,Uttar Pradesh,Kirti Vardhan Singh,GONDA,147000000.0,147000000.0,147000000.0,OTHER_WORKS,Uttar Pradesh,UTTAR PRADESH,STATE_UTTAR_PRADESH,GONDA,GONDA,CONST_GONDA,Kirti Vardhan Singh,KIRTI VARDHAN SINGH,MP_LOK_SABHA_KIRTI_VARDHAN_SINGH,WORK_HASH_10431867085815887546,UNKNOWN_FY
LOK_SABHA,Allocated Limit for Honble MPs (2).csv,248,247,Telangana,Kishan Reddy Gangapuram,SECUNDERABAD,147000000.0,147000000.0,147000000.0,OTHER_WORKS,Telangana,TELANGANA,STATE_TELANGANA,SECUNDERABAD,SECUNDERABAD,CONST_SECUNDERABAD,Kishan Reddy Gangapuram,KISHAN REDDY GANGAPURAM,MP_LOK_SABHA_KISHAN_REDDY_GANGAPURAM,WORK_HASH_6202150852960548014,UNKNOWN_FY
LOK_SABHA,Allocated Limit for Honble MPs (2).csv,249,248,Uttar Pradesh,KISHORI LAL,AMETHI,171500000.0,171500000.0,171500000.0,OTHER_WORKS,Uttar Pradesh,UTTAR PRADESH,STATE_UTTAR_PRADESH,AMETHI,AMETHI,CONST_AMETHI,KISHORI LAL,KISHORI LAL,MP_LOK_SABHA_KISHORI_LAL,WORK_HASH_4994953033202777116,UNKNOWN_FY
LOK_SABHA,Allocated Limit for Honble MPs (2).csv,250,249,Telangana,KONDA VISHWESHWAR REDDY,CHELVELLA,233721421.0,233721421.0,233721421.0,OTHER_WORKS,Telangana,TELANGANA,STATE_TELANGANA,CHELVELLA,CHELVELLA,CONST_CHELVELLA,KONDA VISHWESHWAR REDDY,KONDA VISHWESHWAR REDDY,MP_LOK_SABHA_KONDA_VISHWESHWAR_REDDY,WORK_HASH_11569676989325950663,UNKNOWN_FY
LOK_SABHA,Allocated Limit for Honble MPs (2).csv,251,250,Karnataka,KOTA SRINIVAS POOJARY,UDUPI CHIKMAGALUR,147000000.0,147000000.0,147000000.0,OTHER_WORKS,Karnataka,KARNATAKA,STATE_KARNATAKA,UDUPI CHIKMAGALUR,UDUPI CHIKMAGALUR,CONST_UDUPI_CHIKMAGALUR,KOTA SRINIVAS POOJARY,KOTA SRINIVAS POOJARY,MP_LOK_SABHA_KOTA_SRINIVAS_POOJARY,WORK_HASH_5041001798489947755,UNKNOWN_FY
LOK_SABHA,Allocated Limit for Honble MPs (2).csv,252,251,Assam,Kripanath Mallah,KARIMGANJ (SC),147000000.0,147000000.0,147000000.0,OTHER_WORKS,Assam,ASSAM,STATE_ASSAM,KARIMGANJ (SC),KARIMGANJ (SC),CONST_KARIMGANJ__SC_,Kripanath Mallah,KRIPANATH MALLAH,MP_LOK_SABHA_KRIPANATH_MALLAH,WORK_HASH_16135999983379527356,UNKNOWN_FY
LOK_SABHA,Allocated Limit for Honble MPs (2).csv,253,252,Haryana,Krishan Pal Gurjar,FARIDABAD,147000000.0,147000000.0,147000000.0,OTHER_WORKS,Haryana,HARYANA,STATE_HARYANA,FARIDABAD,FARIDABAD,CONST_FARIDABAD,Krishan Pal Gurjar,KRISHAN PAL GURJAR,MP_LOK_SABHA_KRISHAN_PAL_GURJAR,WORK_HASH_2963918344600143533,UNKNOWN_FY
LOK_SABHA,Allocated Limit for Honble MPs (2).csv,254,253,Uttar Pradesh,KRISHNA DEVI SHIVSHANKER PATEL,BANDA,147000000.0,147000000.0,147000000.0,OTHER_WORKS,Uttar Pradesh,UTTAR PRADESH,STATE_UTTAR_PRADESH,BANDA,BANDA,CONST_BANDA,KRISHNA DEVI SHIVSHANKER PATEL,KRISHNA DEVI SHIVSHANKER PATEL,MP_LOK_SABHA_KRISHNA_DEVI_SHIVSHANKER_PATEL,WORK_HASH_6704611440507544653,UNKNOWN_FY
LOK_SABHA,Allocated Limit for Honble MPs (2).csv,255,254,Andhra Pradesh,Krishna Prasad Tenneti,BAPATLA,167796849.1,167796849.1,167796849.1,OTHER_WORKS,Andhra Pradesh,ANDHRA PRADESH,STATE_ANDHRA_PRADESH,BAPATLA,BAPATLA,CONST_BAPATLA,Krishna Prasad Tenneti,KRISHNA PRASAD TENNETI,MP_LOK_SABHA_KRISHNA_PRASAD_TENNETI,WORK_HASH_13451223743148507592,UNKNOWN_FY
LOK_SABHA,Allocated Limit for Honble MPs (2).csv,256,255,Tripura,KRITI DEVI DEBBARMAN,TRIPURA EAST(ST),147000000.0,147000000.0,147000000.0,OTHER_WORKS,Tripura,TRIPURA,STATE_TRIPURA,TRIPURA EAST(ST),TRIPURA EAST(ST),CONST_TRIPURA_EAST_ST_,KRITI DEVI DEBBARMAN,KRITI DEVI DEBBARMAN,MP_LOK_SABHA_KRITI_DEVI_DEBBARMAN,WORK_HASH_11218344180077981362,UNKNOWN_FY
LOK_SABHA,Allocated Limit for Honble MPs (2).csv,257,256,Rajasthan,KULDEEP INDORA,GANGANAGAR(SC),147000000.0,147000000.0,147000000.0,OTHER_WORKS,Rajasthan,RAJASTHAN,STATE_RAJASTHAN,GANGANAGAR(SC),GANGANAGAR(SC),CONST_GANGANAGAR_SC_,KULDEEP INDORA,KULDEEP INDORA,MP_LOK_SABHA_KULDEEP_INDORA,WORK_HASH_6661340749136708507,UNKNOWN_FY
LOK_SABHA,Allocated Limit for Honble MPs (2).csv,258,257,Telangana,KUNDURU RAGHUVEER,NALGONDA,162952022.0,162952022.0,162952022.0,OTHER_WORKS,Telangana,TELANGANA,STATE_TELANGANA,NALGONDA,NALGONDA,CONST_NALGONDA,KUNDURU RAGHUVEER,KUNDURU RAGHUVEER,MP_LOK_SABHA_KUNDURU_RAGHUVEER,WORK_HASH_7907676641970493900,UNKNOWN_FY
LOK_SABHA,Allocated Limit for Honble MPs (2).csv,259,258,Uttar Pradesh,LALJI VERMA,AMBEDKAR NAGAR,147000000.0,147000000.0,147000000.0,OTHER_WORKS,Uttar Pradesh,UTTAR PRADESH,STATE_UTTAR_PRADESH,AMBEDKAR NAGAR,AMBEDKAR NAGAR,CONST_AMBEDKAR_NAGAR,LALJI VERMA,LALJI VERMA,MP_LOK_SABHA_LALJI_VERMA,WORK_HASH_15409771153154731633,UNKNOWN_FY
LOK_SABHA,Allocated Limit for Honble MPs (2).csv,260,259,Andhra Pradesh,Lavu Sri Krishna Devarayalu,NARASARAOPET,174009663.1,174009663.1,174009663.1,OTHER_WORKS,Andhra Pradesh,ANDHRA PRADESH,STATE_ANDHRA_PRADESH,NARASARAOPET,NARASARAOPET,CONST_NARASARAOPET,Lavu Sri Krishna Devarayalu,LAVU SRI KRISHNA DEVARAYALU,MP_LOK_SABHA_LAVU_SRI_KRISHNA_DEVARAYALU,WORK_HASH_15477417203696421510,UNKNOWN_FY
LOK_SABHA,Allocated Limit for Honble MPs (2).csv,261,260,Uttar Pradesh,LAXMIKANT PAPPU NISHAD,SANT KABIR NAGAR,147000000.0,147000000.0,147000000.0,OTHER_WORKS,Uttar Pradesh,UTTAR PRADESH,STATE_UTTAR_PRADESH,SANT KABIR NAGAR,SANT KABIR NAGAR,CONST_SANT_KABIR_NAGAR,LAXMIKANT PAPPU NISHAD,LAXMIKANT PAPPU NISHAD,MP_LOK_SABHA_LAXMIKANT_PAPPU_NISHAD,WORK_HASH_2805318875380574879,UNKNOWN_FY
LOK_SABHA,Allocated Limit for Honble MPs (2).csv,262,261,Bihar,LOVELY ANAND,SHEOHAR,147000000.0,147000000.0,147000000.0,OTHER_WORKS,Bihar,BIHAR,STATE_BIHAR,SHEOHAR,SHEOHAR,CONST_SHEOHAR,LOVELY ANAND,LOVELY ANAND,MP_LOK_SABHA_LOVELY_ANAND,WORK_HASH_2655388145463193759,UNKNOWN_FY
LOK_SABHA,Allocated Limit for Honble MPs (2).csv,263,262,Rajasthan,LUMBARAM,JALORE,147000000.0,147000000.0,147000000.0,OTHER_WORKS,Rajasthan,RAJASTHAN,STATE_RAJASTHAN,JALORE,JALORE,CONST_JALORE,LUMBARAM,LUMBARAM,MP_LOK_SABHA_LUMBARAM,WORK_HASH_473409269179074420,UNKNOWN_FY
LOK_SABHA,Allocated Limit for Honble MPs (2).csv,264,263,Karnataka,M. MALLESH BABU,KOLAR(SC),147065957.1,147065957.1,147065957.1,OTHER_WORKS,Karnataka,KARNATAKA,STATE_KARNATAKA,KOLAR(SC),KOLAR(SC),CONST_KOLAR_SC_,M. MALLESH BABU,M. MALLESH BABU,MP_LOK_SABHA_M__MALLESH_BABU,WORK_HASH_2024267507420668259,UNKNOWN_FY
LOK_SABHA,Allocated Limit for Honble MPs (2).csv,265,264,Tamil Nadu,M.K. VISHNUPRASAD,CUDDALORE,147000000.0,147000000.0,147000000.0,OTHER_WORKS,Tamil Nadu,TAMIL NADU,STATE_TAMIL_NADU,CUDDALORE,CUDDALORE,CONST_CUDDALORE,M.K. VISHNUPRASAD,M.K. VISHNUPRASAD,MP_LOK_SABHA_M_K__VISHNUPRASAD,WORK_HASH_11644818793442167984,UNKNOWN_FY
LOK_SABHA,Allocated Limit for Honble MPs (2).csv,266,265,Andhra Pradesh,Maddila Gurumoorthy,TIRUPATI(SC),180399007.0,180399007.0,180399007.0,OTHER_WORKS,Andhra Pradesh,ANDHRA PRADESH,STATE_ANDHRA_PRADESH,TIRUPATI(SC),TIRUPATI(SC),CONST_TIRUPATI_SC_,Maddila Gurumoorthy,MADDILA GURUMOORTHY,MP_LOK_SABHA_MADDILA_GURUMOORTHY,WORK_HASH_10642731421508126444,UNKNOWN_FY
LOK_SABHA,Allocated Limit for Honble MPs (2).csv,267,266,Telangana,MADHAVANENI RAGHUNANDAN RAO,MEDAK,147000000.0,147000000.0,147000000.0,OTHER_WORKS,Telangana,TELANGANA,STATE_TELANGANA,MEDAK,MEDAK,CONST_MEDAK,MADHAVANENI RAGHUNANDAN RAO,MADHAVANENI RAGHUNANDAN RAO,MP_LOK_SABHA_MADHAVANENI_RAGHUNANDAN_RAO,WORK_HASH_10209945972871239580,UNKNOWN_FY
LOK_SABHA,Allocated Limit for Honble MPs (2).csv,268,267,Andhra Pradesh,Magunta Sreenivasulu Reddy,ONGOLE,147000000.0,147000000.0,147000000.0,OTHER_WORKS,Andhra Pradesh,ANDHRA PRADESH,STATE_ANDHRA_PRADESH,ONGOLE,ONGOLE,CONST_ONGOLE,Magunta Sreenivasulu Reddy,MAGUNTA SREENIVASULU REDDY,MP_LOK_SABHA_MAGUNTA_SREENIVASULU_REDDY,WORK_HASH_14431580110939628794,UNKNOWN_FY
LOK_SABHA,Allocated Limit for Honble MPs (2).csv,269,268,Madhya Pradesh,Mahendra Singh Solanky,DEWAS(SC),147000000.0,147000000.0,147000000.0,OTHER_WORKS,Madhya Pradesh,MADHYA PRADESH,STATE_MADHYA_PRADESH,DEWAS(SC),DEWAS(SC),CONST_DEWAS_SC_,Mahendra Singh Solanky,MAHENDRA SINGH SOLANKY,MP_LOK_SABHA_MAHENDRA_SINGH_SOLANKY,WORK_HASH_4392430643864222760,UNKNOWN_FY
LOK_SABHA,Allocated Limit for Honble MPs (2).csv,270,269,Chhattisgarh,MAHESH KASHYAP,BASTAR(ST),147000000.0,147000000.0,147000000.0,OTHER_WORKS,Chhattisgarh,CHHATTISGARH,STATE_CHHATTISGARH,BASTAR(ST),BASTAR(ST),CONST_BASTAR_ST_,MAHESH KASHYAP,MAHESH KASHYAP,MP_LOK_SABHA_MAHESH_KASHYAP,WORK_HASH_15477694126271106134,UNKNOWN_FY
LOK_SABHA,Allocated Limit for Honble MPs (2).csv,271,270,Uttar Pradesh,Mahesh Sharma,GAUTAM BUDDHA NAGAR,148816284.1,148816284.1,148816284.1,OTHER_WORKS,Uttar Pradesh,UTTAR PRADESH,STATE_UTTAR_PRADESH,GAUTAM BUDDHA NAGAR,GAUTAM BUDDHA NAGAR,CONST_GAUTAM_BUDDHA_NAGAR,Mahesh Sharma,MAHESH SHARMA,MP_LOK_SABHA_MAHESH_SHARMA,WORK_HASH_7883037740052463056,UNKNOWN_FY
LOK_SABHA,Allocated Limit for Honble MPs (2).csv,272,271,Rajasthan,MAHIMA KUMARI MEWAR,RAJSAMAND,183892143.0,183892143.0,183892143.0,OTHER_WORKS,Rajasthan,RAJASTHAN,STATE_RAJASTHAN,RAJSAMAND,RAJSAMAND,CONST_RAJSAMAND,MAHIMA KUMARI MEWAR,MAHIMA KUMARI MEWAR,MP_LOK_SABHA_MAHIMA_KUMARI_MEWAR,WORK_HASH_4824343559448951317,UNKNOWN_FY
LOK_SABHA,Allocated Limit for Honble MPs (2).csv,273,272,Uttarakhand,Mala Rajya Laxmi Shah,TEHRI GARHWAL,147000000.0,147000000.0,147000000.0,OTHER_WORKS,Uttarakhand,UTTARAKHAND,STATE_UTTARAKHAND,TEHRI GARHWAL,TEHRI GARHWAL,CONST_TEHRI_GARHWAL,Mala Rajya Laxmi Shah,MALA RAJYA LAXMI SHAH,MP_LOK_SABHA_MALA_RAJYA_LAXMI_SHAH,WORK_HASH_4237384998491215296,UNKNOWN_FY
LOK_SABHA,Allocated Limit for Honble MPs (2).csv,274,273,West Bengal,Mala Roy,KOLKATA DAKSHIN,147000000.0,147000000.0,147000000.0,OTHER_WORKS,West Bengal,WEST BENGAL,STATE_WEST_BENGAL,KOLKATA DAKSHIN,KOLKATA DAKSHIN,CONST_KOLKATA_DAKSHIN,Mala Roy,MALA ROY,MP_LOK_SABHA_MALA_ROY,WORK_HASH_8685731331389974179,UNKNOWN_FY
LOK_SABHA,Allocated Limit for Honble MPs (2).csv,275,274,Tamil Nadu,MALAIYARASAN D,KALLAKURICHI,201599593.0,201599593.0,201599593.0,OTHER_WORKS,Tamil Nadu,TAMIL NADU,STATE_TAMIL_NADU,KALLAKURICHI,KALLAKURICHI,CONST_KALLAKURICHI,MALAIYARASAN D,MALAIYARASAN D,MP_LOK_SABHA_MALAIYARASAN_D,WORK_HASH_346081702476266393,UNKNOWN_FY
LOK_SABHA,Allocated Limit for Honble MPs (2).csv,276,275,Odisha,MALVIKA DEVI,KALAHANDI,147000000.0,147000000.0,147000000.0,OTHER_WORKS,Odisha,ODISHA,STATE_ODISHA,KALAHANDI,KALAHANDI,CONST_KALAHANDI,MALVIKA DEVI,MALVIKA DEVI,MP_LOK_SABHA_MALVIKA_DEVI,WORK_HASH_5766965895488036883,UNKNOWN_FY
LOK_SABHA,Allocated Limit for Honble MPs (2).csv,277,276,Punjab,MALVINDER SINGH KANG,ANANDPUR SAHIB,147000000.0,147000000.0,147000000.0,OTHER_WORKS,Punjab,PUNJAB,STATE_PUNJAB,ANANDPUR SAHIB,ANANDPUR SAHIB,CONST_ANANDPUR_SAHIB,MALVINDER SINGH KANG,MALVINDER SINGH KANG,MP_LOK_SABHA_MALVINDER_SINGH_KANG,WORK_HASH_5641483810797506074,UNKNOWN_FY
LOK_SABHA,Allocated Limit for Honble MPs (2).csv,278,277,Tamil Nadu,MANI. A.,DHARAMAPURI,164515071.1,164515071.1,164515071.1,OTHER_WORKS,Tamil Nadu,TAMIL NADU,STATE_TAMIL_NADU,DHARAMAPURI,DHARAMAPURI,CONST_DHARAMAPURI,MANI. A.,MANI. A.,MP_LOK_SABHA_MANI__A_,WORK_HASH_10450846401198784495,UNKNOWN_FY
LOK_SABHA,Allocated Limit for Honble MPs (2).csv,279,278,Tamil Nadu,Manickam Tagore B,VIRUDHUNAGAR,147000000.0,147000000.0,147000000.0,OTHER_WORKS,Tamil Nadu,TAMIL NADU,STATE_TAMIL_NADU,VIRUDHUNAGAR,VIRUDHUNAGAR,CONST_VIRUDHUNAGAR,Manickam Tagore B,MANICKAM TAGORE B,MP_LOK_SABHA_MANICKAM_TAGORE_B,WORK_HASH_4539048345746217232,UNKNOWN_FY
LOK_SABHA,Allocated Limit for Honble MPs (2).csv,280,279,Jharkhand,MANISH JAISWAL,HAZARIBAGH,147000000.0,147000000.0,147000000.0,OTHER_WORKS,Jharkhand,JHARKHAND,STATE_JHARKHAND,HAZARIBAGH,HAZARIBAGH,CONST_HAZARIBAGH,MANISH JAISWAL,MANISH JAISWAL,MP_LOK_SABHA_MANISH_JAISWAL,WORK_HASH_10055338030660185702,UNKNOWN_FY
LOK_SABHA,Allocated Limit for Honble MPs (2).csv,281,280,Chandigarh,MANISH TEWARI,CHANDIGARH,178351443.8,178351443.8,178351443.8,OTHER_WORKS,Chandigarh,CHANDIGARH,STATE_CHANDIGARH,CHANDIGARH,CHANDIGARH,CONST_CHANDIGARH,MANISH TEWARI,MANISH TEWARI,MP_LOK_SABHA_MANISH_TEWARI,WORK_HASH_14110432754433480249,UNKNOWN_FY
LOK_SABHA,Allocated Limit for Honble MPs (2).csv,282,281,Rajasthan,MANJU SHARMA,JAIPUR,167082901.1,167082901.1,167082901.1,OTHER_WORKS,Rajasthan,RAJASTHAN,STATE_RAJASTHAN,JAIPUR,JAIPUR,CONST_JAIPUR,MANJU SHARMA,MANJU SHARMA,MP_LOK_SABHA_MANJU_SHARMA,WORK_HASH_3510609737077584961,UNKNOWN_FY
LOK_SABHA,Allocated Limit for Honble MPs (2).csv,283,282,Rajasthan,MANNA LAL RAWAT,UDAIPUR(ST),147000000.0,147000000.0,147000000.0,OTHER_WORKS,Rajasthan,RAJASTHAN,STATE_RAJASTHAN,UDAIPUR(ST),UDAIPUR(ST),CONST_UDAIPUR_ST_,MANNA LAL RAWAT,MANNA LAL RAWAT,MP_LOK_SABHA_MANNA_LAL_RAWAT,WORK_HASH_8559723973848752240,UNKNOWN_FY
LOK_SABHA,Allocated Limit for Honble MPs (2).csv,284,283,Haryana,MANOHAR LAL,KARNAL,147000000.0,147000000.0,147000000.0,OTHER_WORKS,Haryana,HARYANA,STATE_HARYANA,KARNAL,KARNAL,CONST_KARNAL,MANOHAR LAL,MANOHAR LAL,MP_LOK_SABHA_MANOHAR_LAL,WORK_HASH_788093181999187111,UNKNOWN_FY
LOK_SABHA,Allocated Limit for Honble MPs (2).csv,285,284,Bihar,MANOJ KUMAR,SASARAM(SC),147000000.0,147000000.0,147000000.0,OTHER_WORKS,Bihar,BIHAR,STATE_BIHAR,SASARAM(SC),SASARAM(SC),CONST_SASARAM_SC_,MANOJ KUMAR,MANOJ KUMAR,MP_LOK_SABHA_MANOJ_KUMAR,WORK_HASH_6603836630673587248,UNKNOWN_FY
LOK_SABHA,Allocated Limit for Honble MPs (2).csv,286,285,West Bengal,MANOJ TIGGA,ALIPURDUARS(ST),147000000.0,147000000.0,147000000.0,OTHER_WORKS,West Bengal,WEST BENGAL,STATE_WEST_BENGAL,ALIPURDUARS(ST),ALIPURDUARS(ST),CONST_ALIPURDUARS_ST_,MANOJ TIGGA,MANOJ TIGGA,MP_LOK_SABHA_MANOJ_TIGGA,WORK_HASH_8954226674014911277,UNKNOWN_FY
LOK_SABHA,Allocated Limit for Honble MPs (2).csv,287,286,Delhi,Manoj Tiwari,NORTH EAST DELHI,225843858.0,225843858.0,225843858.0,OTHER_WORKS,Delhi,DELHI,STATE_DELHI,NORTH EAST DELHI,NORTH EAST DELHI,CONST_NORTH_EAST_DELHI,Manoj Tiwari,MANOJ TIWARI,MP_LOK_SABHA_MANOJ_TIWARI,WORK_HASH_3003616473654853466,UNKNOWN_FY
LOK_SABHA,Allocated Limit for Honble MPs (2).csv,288,287,Gujarat,Mansukhbhai Dhanjibhai Vasava,BHARUCH,147000000.0,147000000.0,147000000.0,OTHER_WORKS,Gujarat,GUJARAT,STATE_GUJARAT,BHARUCH,BHARUCH,CONST_BHARUCH,Mansukhbhai Dhanjibhai Vasava,MANSUKHBHAI DHANJIBHAI VASAVA,MP_LOK_SABHA_MANSUKHBHAI_DHANJIBHAI_VASAVA,WORK_HASH_18359946631896768684,UNKNOWN_FY
LOK_SABHA,Allocated Limit for Honble MPs (2).csv,289,288,Jammu And Kashmir,MIAN ALTAF AHMAD,ANANTNAG,147000000.0,147000000.0,147000000.0,OTHER_WORKS,Jammu And Kashmir,JAMMU AND KASHMIR,STATE_JAMMU_AND_KASHMIR,ANANTNAG,ANANTNAG,CONST_ANANTNAG,MIAN ALTAF AHMAD,MIAN ALTAF AHMAD,MP_LOK_SABHA_MIAN_ALTAF_AHMAD,WORK_HASH_11370473223508844542,UNKNOWN_FY
LOK_SABHA,Allocated Limit for Honble MPs (2).csv,290,289,Andhra Pradesh,Midhun Reddy,RAJAMPET,178951477.1,178951477.1,178951477.1,OTHER_WORKS,Andhra Pradesh,ANDHRA PRADESH,STATE_ANDHRA_PRADESH,RAJAMPET,RAJAMPET,CONST_RAJAMPET,Midhun Reddy,MIDHUN REDDY,MP_LOK_SABHA_MIDHUN_REDDY,WORK_HASH_14746575408289548420,UNKNOWN_FY
LOK_SABHA,Allocated Limit for Honble MPs (2).csv,291,290,Bihar,MISHA BHARTI,PATALIPUTRA,147000000.0,147000000.0,147000000.0,OTHER_WORKS,Bihar,BIHAR,STATE_BIHAR,PATALIPUTRA,PATALIPUTRA,CONST_PATALIPUTRA,MISHA BHARTI,MISHA BHARTI,MP_LOK_SABHA_MISHA_BHARTI,WORK_HASH_14382123573170438722,UNKNOWN_FY
LOK_SABHA,Allocated Limit for Honble MPs (2).csv,292,291,Gujarat,Mitesh Rameshbhai Bakabhai Patel,ANAND,147000000.0,147000000.0,147000000.0,OTHER_WORKS,Gujarat,GUJARAT,STATE_GUJARAT,ANAND,ANAND,CONST_ANAND,Mitesh Rameshbhai Bakabhai Patel,MITESH RAMESHBHAI BAKABHAI PATEL,MP_LOK_SABHA_MITESH_RAMESHBHAI_BAKABHAI_PATEL,WORK_HASH_568069542356251345,UNKNOWN_FY
LOK_SABHA,Allocated Limit for Honble MPs (2).csv,293,292,Ladakh,Mohamed Haneefa,LADAKH,161114542.0,161114542.0,161114542.0,OTHER_WORKS,Ladakh,LADAKH,STATE_LADAKH,LADAKH,LADAKH,CONST_LADAKH,Mohamed Haneefa,MOHAMED HANEEFA,MP_LOK_SABHA_MOHAMED_HANEEFA,WORK_HASH_6901322006349185987,UNKNOWN_FY
LOK_SABHA,Allocated Limit for Honble MPs (2).csv,294,293,Uttar Pradesh,MOHIBBULLAH,RAMPUR,147000000.0,147000000.0,147000000.0,OTHER_WORKS,Uttar Pradesh,UTTAR PRADESH,STATE_UTTAR_PRADESH,RAMPUR,RAMPUR,CONST_RAMPUR,MOHIBBULLAH,MOHIBBULLAH,MP_LOK_SABHA_MOHIBBULLAH,WORK_HASH_2280771883531696892,UNKNOWN_FY
LOK_SABHA,Allocated Limit for Honble MPs (2).csv,295,294,Maharashtra,MOHITE PATIL DHAIRYASHEEL RAJSINH,MADHA,195613601.7,195613601.7,195613601.7,OTHER_WORKS,Maharashtra,MAHARASHTRA,STATE_MAHARASHTRA,MADHA,MADHA,CONST_MADHA,MOHITE PATIL DHAIRYASHEEL RAJSINH,MOHITE PATIL DHAIRYASHEEL RAJSINH,MP_LOK_SABHA_MOHITE_PATIL_DHAIRYASHEEL_RAJSINH,WORK_HASH_14575745985153945336,UNKNOWN_FY
LOK_SABHA,Allocated Limit for Honble MPs (2).csv,296,295,Bihar,Mr Gopal Jee Thakur,DARBHANGA,147000000.0,147000000.0,147000000.0,OTHER_WORKS,Bihar,BIHAR,STATE_BIHAR,DARBHANGA,DARBHANGA,CONST_DARBHANGA,Mr Gopal Jee Thakur,MR GOPAL JEE THAKUR,MP_LOK_SABHA_MR_GOPAL_JEE_THAKUR,WORK_HASH_16192210155999042675,UNKNOWN_FY
LOK_SABHA,Allocated Limit for Honble MPs (2).csv,297,296,West Bengal,Ms Mahua Moitra,KRISHNANAGAR,159865046.0,159865046.0,159865046.0,OTHER_WORKS,West Bengal,WEST BENGAL,STATE_WEST_BENGAL,KRISHNANAGAR,KRISHNANAGAR,CONST_KRISHNANAGAR,Ms Mahua Moitra,MS MAHUA MOITRA,MP_LOK_SABHA_MS_MAHUA_MOITRA,WORK_HASH_17956901224737006147,UNKNOWN_FY
LOK_SABHA,Allocated Limit for Honble MPs (2).csv,298,297,Lakshadweep,MUHAMMED HAMDULLAH SAYEED,LAKSHADWEEP(ST),153942460.4,153942460.4,153942460.4,OTHER_WORKS,Lakshadweep,LAKSHADWEEP,STATE_LAKSHADWEEP,LAKSHADWEEP(ST),LAKSHADWEEP(ST),CONST_LAKSHADWEEP_ST_,MUHAMMED HAMDULLAH SAYEED,MUHAMMED HAMDULLAH SAYEED,MP_LOK_SABHA_MUHAMMED_HAMDULLAH_SAYEED,WORK_HASH_2550376483430144095,UNKNOWN_FY
LOK_SABHA,Allocated Limit for Honble MPs (2).csv,299,298,Uttar Pradesh,Mukesh Rajput,FARRUKHABAD,147000000.0,147000000.0,147000000.0,OTHER_WORKS,Uttar Pradesh,UTTAR PRADESH,STATE_UTTAR_PRADESH,FARRUKHABAD,FARRUKHABAD,CONST_FARRUKHABAD,Mukesh Rajput,MUKESH RAJPUT,MP_LOK_SABHA_MUKESH_RAJPUT,WORK_HASH_9459331146082990114,UNKNOWN_FY
LOK_SABHA,Allocated Limit for Honble MPs (2).csv,300,299,Gujarat,MUKESHKUMAR CHANDRAKAANT DALAL,SURAT,147000000.0,147000000.0,147000000.0,OTHER_WORKS,Gujarat,GUJARAT,STATE_GUJARAT,SURAT,SURAT,CONST_SURAT,MUKESHKUMAR CHANDRAKAANT DALAL,MUKESHKUMAR CHANDRAKAANT DALAL,MP_LOK_SABHA_MUKESHKUMAR_CHANDRAKAANT_DALAL,WORK_HASH_3283469214691006997,UNKNOWN_FY
LOK_SABHA,Allocated Limit for Honble MPs (2).csv,301,300,Rajasthan,MURARI LAL MEENA,DAUSA(ST),147000000.0,147000000.0,147000000.0,OTHER_WORKS,Rajasthan,RAJASTHAN,STATE_RAJASTHAN,DAUSA(ST),DAUSA(ST),CONST_DAUSA_ST_,MURARI LAL MEENA,MURARI LAL MEENA,MP_LOK_SABHA_MURARI_LAL_MEENA,WORK_HASH_229569157381747723,UNKNOWN_FY
LOK_SABHA,Allocated Limit for Honble MPs (2).csv,302,301,Tamil Nadu,MURASOLI S,THANJAVUR,147000000.0,147000000.0,147000000.0,OTHER_WORKS,Tamil Nadu,TAMIL NADU,STATE_TAMIL_NADU,THANJAVUR,THANJAVUR,CONST_THANJAVUR,MURASOLI S,MURASOLI S,MP_LOK_SABHA_MURASOLI_S,WORK_HASH_8165202208976506133,UNKNOWN_FY
LOK_SABHA,Allocated Limit for Honble MPs (2).csv,303,302,Maharashtra,MURLIDHAR MOHOL,PUNE,147000000.0,147000000.0,147000000.0,OTHER_WORKS,Maharashtra,MAHARASHTRA,STATE_MAHARASHTRA,PUNE,PUNE,CONST_PUNE,MURLIDHAR MOHOL,MURLIDHAR MOHOL,MP_LOK_SABHA_MURLIDHAR_MOHOL,WORK_HASH_12190220228105837125,UNKNOWN_FY
LOK_SABHA,Allocated Limit for Honble MPs (2).csv,304,303,Odisha,NABA CHARAN MAJHI,MAYURBHANJ (ST),147563957.1,147563957.1,147563957.1,OTHER_WORKS,Odisha,ODISHA,STATE_ODISHA,MAYURBHANJ (ST),MAYURBHANJ (ST),CONST_MAYURBHANJ__ST_,NABA CHARAN MAJHI,NABA CHARAN MAJHI,MP_LOK_SABHA_NABA_CHARAN_MAJHI,WORK_HASH_3892261693976154468,UNKNOWN_FY
LOK_SABHA,Allocated Limit for Honble MPs (2).csv,305,304,Jharkhand,NALIN SOREN,DUMKA(ST),147364097.1,147364097.1,147364097.1,OTHER_WORKS,Jharkhand,JHARKHAND,STATE_JHARKHAND,DUMKA(ST),DUMKA(ST),CONST_DUMKA_ST_,NALIN SOREN,NALIN SOREN,MP_LOK_SABHA_NALIN_SOREN,WORK_HASH_2101307000318709911,UNKNOWN_FY
LOK_SABHA,Allocated Limit for Honble MPs (2).csv,306,305,Uttar Pradesh,NARAYAN DAS AHIRWAR,JALAUN(SC),147000000.0,147000000.0,147000000.0,OTHER_WORKS,Uttar Pradesh,UTTAR PRADESH,STATE_UTTAR_PRADESH,JALAUN(SC),JALAUN(SC),CONST_JALAUN_SC_,NARAYAN DAS AHIRWAR,NARAYAN DAS AHIRWAR,MP_LOK_SABHA_NARAYAN_DAS_AHIRWAR,WORK_HASH_11313137180591177186,UNKNOWN_FY
LOK_SABHA,Allocated Limit for Honble MPs (2).csv,307,306,Maharashtra,NARAYAN TATU RANE,RATNAGIRI-SINDHUDURG,147000000.0,147000000.0,147000000.0,OTHER_WORKS,Maharashtra,MAHARASHTRA,STATE_MAHARASHTRA,RATNAGIRI-SINDHUDURG,RATNAGIRI-SINDHUDURG,CONST_RATNAGIRI_SINDHUDURG,NARAYAN TATU RANE,NARAYAN TATU RANE,MP_LOK_SABHA_NARAYAN_TATU_RANE,WORK_HASH_5259951126131185210,UNKNOWN_FY
LOK_SABHA,Allocated Limit for Honble MPs (2).csv,308,307,Uttar Pradesh,NARESH CHANDRA UTTAM PATEL,FATEHPUR,147000000.0,147000000.0,147000000.0,OTHER_WORKS,Uttar Pradesh,UTTAR PRADESH,STATE_UTTAR_PRADESH,FATEHPUR,FATEHPUR,CONST_FATEHPUR,NARESH CHANDRA UTTAM PATEL,NARESH CHANDRA UTTAM PATEL,MP_LOK_SABHA_NARESH_CHANDRA_UTTAM_PATEL,WORK_HASH_230973939079673239,UNKNOWN_FY
LOK_SABHA,Allocated Limit for Honble MPs (2).csv,309,308,Maharashtra,NARESH GANPAT MHASKE,THANE,147000000.0,147000000.0,147000000.0,OTHER_WORKS,Maharashtra,MAHARASHTRA,STATE_MAHARASHTRA,THANE,THANE,CONST_THANE,NARESH GANPAT MHASKE,NARESH GANPAT MHASKE,MP_LOK_SABHA_NARESH_GANPAT_MHASKE,WORK_HASH_8014411800999213493,UNKNOWN_FY
LOK_SABHA,Allocated Limit for Honble MPs (2).csv,310,309,Haryana,NAVEEN JINDAL,KURUKSHETRA,147000000.0,147000000.0,147000000.0,OTHER_WORKS,Haryana,HARYANA,STATE_HARYANA,KURUKSHETRA,KURUKSHETRA,CONST_KURUKSHETRA,NAVEEN JINDAL,NAVEEN JINDAL,MP_LOK_SABHA_NAVEEN_JINDAL,WORK_HASH_128816939491827406,UNKNOWN_FY
LOK_SABHA,Allocated Limit for Honble MPs (2).csv,311,310,Uttar Pradesh,NEERAJ MAURYA,AONLA,147000000.0,147000000.0,147000000.0,OTHER_WORKS,Uttar Pradesh,UTTAR PRADESH,STATE_UTTAR_PRADESH,AONLA,AONLA,CONST_AONLA,NEERAJ MAURYA,NEERAJ MAURYA,MP_LOK_SABHA_NEERAJ_MAURYA,WORK_HASH_11776925746907338058,UNKNOWN_FY
LOK_SABHA,Allocated Limit for Honble MPs (2).csv,312,311,Maharashtra,NILESH DNYANDEV LANKE,AHMEDNAGAR,147000000.0,147000000.0,147000000.0,OTHER_WORKS,Maharashtra,MAHARASHTRA,STATE_MAHARASHTRA,AHMEDNAGAR,AHMEDNAGAR,CONST_AHMEDNAGAR,NILESH DNYANDEV LANKE,NILESH DNYANDEV LANKE,MP_LOK_SABHA_NILESH_DNYANDEV_LANKE,WORK_HASH_17557220345637153178,UNKNOWN_FY
LOK_SABHA,Allocated Limit for Honble MPs (2).csv,313,312,Gujarat,NIMUBEN JAYANTIBHAI BAMBHANIYA,BHAVNAGAR,147000000.0,147000000.0,147000000.0,OTHER_WORKS,Gujarat,GUJARAT,STATE_GUJARAT,BHAVNAGAR,BHAVNAGAR,CONST_BHAVNAGAR,NIMUBEN JAYANTIBHAI BAMBHANIYA,NIMUBEN JAYANTIBHAI BAMBHANIYA,MP_LOK_SABHA_NIMUBEN_JAYANTIBHAI_BAMBHANIYA,WORK_HASH_12074722029848684518,UNKNOWN_FY
LOK_SABHA,Allocated Limit for Honble MPs (2).csv,314,313,Jharkhand,Nishikant Dubey,GODDA,147000000.0,147000000.0,147000000.0,OTHER_WORKS,Jharkhand,JHARKHAND,STATE_JHARKHAND,GODDA,GODDA,CONST_GODDA,Nishikant Dubey,NISHIKANT DUBEY,MP_LOK_SABHA_NISHIKANT_DUBEY,WORK_HASH_4468030341914900887,UNKNOWN_FY
LOK_SABHA,Allocated Limit for Honble MPs (2).csv,315,314,Maharashtra,Nitin Jairam Gadkari,NAGPUR,168195086.1,168195086.1,168195086.1,OTHER_WORKS,Maharashtra,MAHARASHTRA,STATE_MAHARASHTRA,NAGPUR,NAGPUR,CONST_NAGPUR,Nitin Jairam Gadkari,NITIN JAIRAM GADKARI,MP_LOK_SABHA_NITIN_JAIRAM_GADKARI,WORK_HASH_18352400895370061015,UNKNOWN_FY
LOK_SABHA,Allocated Limit for Honble MPs (2).csv,316,315,Bihar,Nityanand Rai,UJJARPUR,147000000.0,147000000.0,147000000.0,OTHER_WORKS,Bihar,BIHAR,STATE_BIHAR,UJJARPUR,UJJARPUR,CONST_UJJARPUR,Nityanand Rai,NITYANAND RAI,MP_LOK_SABHA_NITYANAND_RAI,WORK_HASH_387544085526454609,UNKNOWN_FY
LOK_SABHA,Allocated Limit for Honble MPs (2).csv,317,316,Rajasthan,Om Birla,KOTA,163906956.6,163906956.6,163906956.6,OTHER_WORKS,Rajasthan,RAJASTHAN,STATE_RAJASTHAN,KOTA,KOTA,CONST_KOTA,Om Birla,OM BIRLA,MP_LOK_SABHA_OM_BIRLA,WORK_HASH_5661943832527016988,UNKNOWN_FY
LOK_SABHA,Allocated Limit for Honble MPs (2).csv,318,317,Maharashtra,Omprakash Bhupalsinh Alias Pawan Rajenimbalkar,OSMANABAD,184758519.1,184758519.1,184758519.1,OTHER_WORKS,Maharashtra,MAHARASHTRA,STATE_MAHARASHTRA,OSMANABAD,OSMANABAD,CONST_OSMANABAD,Omprakash Bhupalsinh Alias Pawan Rajenimbalkar,OMPRAKASH BHUPALSINH ALIAS PAWAN RAJENIMBALKAR,MP_LOK_SABHA_OMPRAKASH_BHUPALSINH_ALIAS_PAWAN_RAJENIMBALKAR,WORK_HASH_1304003950911067588,UNKNOWN_FY
LOK_SABHA,Allocated Limit for Honble MPs (2).csv,319,318,Karnataka,P C Mohan,BANGALORE CENTRAL,159995711.1,159995711.1,159995711.1,OTHER_WORKS,Karnataka,KARNATAKA,STATE_KARNATAKA,BANGALORE CENTRAL,BANGALORE CENTRAL,CONST_BANGALORE_CENTRAL,P C Mohan,P C MOHAN,MP_LOK_SABHA_P_C_MOHAN,WORK_HASH_2336025001347386944,UNKNOWN_FY
LOK_SABHA,Allocated Limit for Honble MPs (2).csv,320,319,Uttar Pradesh,Pankaj Chowdhary,MAHARAJGANJ_UP,147000000.0,147000000.0,147000000.0,OTHER_WORKS,Uttar Pradesh,UTTAR PRADESH,STATE_UTTAR_PRADESH,MAHARAJGANJ_UP,MAHARAJGANJ_UP,CONST_MAHARAJGANJ_UP,Pankaj Chowdhary,PANKAJ CHOWDHARY,MP_LOK_SABHA_PANKAJ_CHOWDHARY,WORK_HASH_2621190420505840999,UNKNOWN_FY
LOK_SABHA,Allocated Limit for Honble MPs (2).csv,321,320,Assam,PARIMAL SUKLABAIDYA,SILCHAR,148300157.1,148300157.1,148300157.1,OTHER_WORKS,Assam,ASSAM,STATE_ASSAM,SILCHAR,SILCHAR,CONST_SILCHAR,PARIMAL SUKLABAIDYA,PARIMAL SUKLABAIDYA,MP_LOK_SABHA_PARIMAL_SUKLABAIDYA,WORK_HASH_10214534629042699248,UNKNOWN_FY
LOK_SABHA,Allocated Limit for Honble MPs (2).csv,322,321,Gujarat,PARSHOTTAMBHAI RUPALA,RAJKOT,147000000.0,147000000.0,147000000.0,OTHER_WORKS,Gujarat,GUJARAT,STATE_GUJARAT,RAJKOT,RAJKOT,CONST_RAJKOT,PARSHOTTAMBHAI RUPALA,PARSHOTTAMBHAI RUPALA,MP_LOK_SABHA_PARSHOTTAMBHAI_RUPALA,WORK_HASH_6859003536855480571,UNKNOWN_FY
LOK_SABHA,Allocated Limit for Honble MPs (2).csv,323,322,West Bengal,PARTHA BHOWMICK,BARRACKPUR,147000000.0,147000000.0,147000000.0,OTHER_WORKS,West Bengal,WEST BENGAL,STATE_WEST_BENGAL,BARRACKPUR,BARRACKPUR,CONST_BARRACKPUR,PARTHA BHOWMICK,PARTHA BHOWMICK,MP_LOK_SABHA_PARTHA_BHOWMICK,WORK_HASH_3006331256805931809,UNKNOWN_FY
LOK_SABHA,Allocated Limit for Honble MPs (2).csv,324,323,Karnataka,Parvatagouda Chandanagouda Gaddigoudar,BAGALKOT,167541747.1,167541747.1,167541747.1,OTHER_WORKS,Karnataka,KARNATAKA,STATE_KARNATAKA,BAGALKOT,BAGALKOT,CONST_BAGALKOT,Parvatagouda Chandanagouda Gaddigoudar,PARVATAGOUDA CHANDANAGOUDA GADDIGOUDAR,MP_LOK_SABHA_PARVATAGOUDA_CHANDANAGOUDA_GADDIGOUDAR,WORK_HASH_18141720847083946125,UNKNOWN_FY
LOK_SABHA,Allocated Limit for Honble MPs (2).csv,325,324,The Dadra And Nagar Haveli And Daman And Diu,PATEL UMESHBHAI BABUBHAI,DAMAN and DIU,245063957.0,245063957.0,245063957.0,OTHER_WORKS,The Dadra And Nagar Haveli And Daman And Diu,THE DADRA AND NAGAR HAVELI AND DAMAN AND DIU,STATE_THE_DADRA_AND_NAGAR_HAVELI_AND_DAMAN_AND_DIU,DAMAN and DIU,DAMAN AND DIU,CONST_DAMAN_AND_DIU,PATEL UMESHBHAI BABUBHAI,PATEL UMESHBHAI BABUBHAI,MP_LOK_SABHA_PATEL_UMESHBHAI_BABUBHAI,WORK_HASH_2006738368752118662,UNKNOWN_FY
LOK_SABHA,Allocated Limit for Honble MPs (2).csv,326,325,West Bengal,PATHAN YUSUF,BAHARAMPUR,147000000.0,147000000.0,147000000.0,OTHER_WORKS,West Bengal,WEST BENGAL,STATE_WEST_BENGAL,BAHARAMPUR,BAHARAMPUR,CONST_BAHARAMPUR,PATHAN YUSUF,PATHAN YUSUF,MP_LOK_SABHA_PATHAN_YUSUF,WORK_HASH_11348391510419267796,UNKNOWN_FY
LOK_SABHA,Allocated Limit for Honble MPs (2).csv,327,326,Assam,PHANI BHUSAN CHOUDHURY,BARPETA,147000000.0,147000000.0,147000000.0,OTHER_WORKS,Assam,ASSAM,STATE_ASSAM,BARPETA,BARPETA,CONST_BARPETA,PHANI BHUSAN CHOUDHURY,PHANI BHUSAN CHOUDHURY,MP_LOK_SABHA_PHANI_BHUSAN_CHOUDHURY,WORK_HASH_6033161484398555448,UNKNOWN_FY
LOK_SABHA,Allocated Limit for Honble MPs (2).csv,328,327,Maharashtra,Piyush Vedprakash Goyal,MUMBAI NORTH,147000000.0,147000000.0,147000000.0,OTHER_WORKS,Maharashtra,MAHARASHTRA,STATE_MAHARASHTRA,MUMBAI NORTH,MUMBAI NORTH,CONST_MUMBAI_NORTH,Piyush Vedprakash Goyal,PIYUSH VEDPRAKASH GOYAL,MP_LOK_SABHA_PIYUSH_VEDPRAKASH_GOYAL,WORK_HASH_13235554192645045618,UNKNOWN_FY
LOK_SABHA,Allocated Limit for Honble MPs (2).csv,329,328,Andhra Pradesh,PRABHAKAR REDDY VEMIREDDY,NELLORE(SC),147000000.0,147000000.0,147000000.0,OTHER_WORKS,Andhra Pradesh,ANDHRA PRADESH,STATE_ANDHRA_PRADESH,NELLORE(SC),NELLORE(SC),CONST_NELLORE_SC_,PRABHAKAR REDDY VEMIREDDY,PRABHAKAR REDDY VEMIREDDY,MP_LOK_SABHA_PRABHAKAR_REDDY_VEMIREDDY,WORK_HASH_13335132940490411306,UNKNOWN_FY
LOK_SABHA,Allocated Limit for Honble MPs (2).csv,330,329,Gujarat,Prabhubhai Nagarbhai Vasava,BARDOLI(ST),147000000.0,147000000.0,147000000.0,OTHER_WORKS,Gujarat,GUJARAT,STATE_GUJARAT,BARDOLI(ST),BARDOLI(ST),CONST_BARDOLI_ST_,Prabhubhai Nagarbhai Vasava,PRABHUBHAI NAGARBHAI VASAVA,MP_LOK_SABHA_PRABHUBHAI_NAGARBHAI_VASAVA,WORK_HASH_13344014675218663136,UNKNOWN_FY
LOK_SABHA,Allocated Limit for Honble MPs (2).csv,331,330,Assam,Pradan Baruah,LAKHIMPUR,147000000.0,147000000.0,147000000.0,OTHER_WORKS,Assam,ASSAM,STATE_ASSAM,LAKHIMPUR,LAKHIMPUR,CONST_LAKHIMPUR,Pradan Baruah,PRADAN BARUAH,MP_LOK_SABHA_PRADAN_BARUAH,WORK_HASH_9637982371141028784,UNKNOWN_FY
LOK_SABHA,Allocated Limit for Honble MPs (2).csv,332,331,Bihar,Pradeep Kumar Singh,ARARIA,147000000.0,147000000.0,147000000.0,OTHER_WORKS,Bihar,BIHAR,STATE_BIHAR,ARARIA,ARARIA,CONST_ARARIA,Pradeep Kumar Singh,PRADEEP KUMAR SINGH,MP_LOK_SABHA_PRADEEP_KUMAR_SINGH,WORK_HASH_9079661010004045740,UNKNOWN_FY
LOK_SABHA,Allocated Limit for Honble MPs (2).csv,333,332,Odisha,PRADEEP PUROHIT,BARGARH,147000000.0,147000000.0,147000000.0,OTHER_WORKS,Odisha,ODISHA,STATE_ODISHA,BARGARH,BARGARH,CONST_BARGARH,PRADEEP PUROHIT,PRADEEP PUROHIT,MP_LOK_SABHA_PRADEEP_PUROHIT,WORK_HASH_7252062732927150447,UNKNOWN_FY
LOK_SABHA,Allocated Limit for Honble MPs (2).csv,334,333,Assam,Pradyut Bordoloi,NOWGONG,98000000.0,98000000.0,98000000.0,OTHER_WORKS,Assam,ASSAM,STATE_ASSAM,NOWGONG,NOWGONG,CONST_NOWGONG,Pradyut Bordoloi,PRADYUT BORDOLOI,MP_LOK_SABHA_PRADYUT_BORDOLOI,WORK_HASH_12108037713862197002,UNKNOWN_FY
LOK_SABHA,Allocated Limit for Honble MPs (2).csv,335,334,Karnataka,Pralhad Venkatesh Joshi,DHARWAD,147000000.0,147000000.0,147000000.0,OTHER_WORKS,Karnataka,KARNATAKA,STATE_KARNATAKA,DHARWAD,DHARWAD,CONST_DHARWAD,Pralhad Venkatesh Joshi,PRALHAD VENKATESH JOSHI,MP_LOK_SABHA_PRALHAD_VENKATESH_JOSHI,WORK_HASH_10409584783572323479,UNKNOWN_FY
LOK_SABHA,Allocated Limit for Honble MPs (2).csv,336,335,Maharashtra,PRANITI SUSHILKUMAR SHINDE,SOLAPUR(SC),147000000.0,147000000.0,147000000.0,OTHER_WORKS,Maharashtra,MAHARASHTRA,STATE_MAHARASHTRA,SOLAPUR(SC),SOLAPUR(SC),CONST_SOLAPUR_SC_,PRANITI SUSHILKUMAR SHINDE,PRANITI SUSHILKUMAR SHINDE,MP_LOK_SABHA_PRANITI_SUSHILKUMAR_SHINDE,WORK_HASH_8401863163975508619,UNKNOWN_FY
LOK_SABHA,Allocated Limit for Honble MPs (2).csv,337,336,West Bengal,Prasun Banerjee,HOWRAH,147000000.0,147000000.0,147000000.0,OTHER_WORKS,West Bengal,WEST BENGAL,STATE_WEST_BENGAL,HOWRAH,HOWRAH,CONST_HOWRAH,Prasun Banerjee,PRASUN BANERJEE,MP_LOK_SABHA_PRASUN_BANERJEE,WORK_HASH_11106171850490374730,UNKNOWN_FY
LOK_SABHA,Allocated Limit for Honble MPs (2).csv,338,337,Odisha,Pratap Chandra Sarangi,BALASORE,147064254.1,147064254.1,147064254.1,OTHER_WORKS,Odisha,ODISHA,STATE_ODISHA,BALASORE,BALASORE,CONST_BALASORE,Pratap Chandra Sarangi,PRATAP CHANDRA SARANGI,MP_LOK_SABHA_PRATAP_CHANDRA_SARANGI,WORK_HASH_8769701876911875744,UNKNOWN_FY
LOK_SABHA,Allocated Limit for Honble MPs (2).csv,339,338,Maharashtra,Prataprao Jadhav,BULDHANA,147000000.0,147000000.0,147000000.0,OTHER_WORKS,Maharashtra,MAHARASHTRA,STATE_MAHARASHTRA,BULDHANA,BULDHANA,CONST_BULDHANA,Prataprao Jadhav,PRATAPRAO JADHAV,MP_LOK_SABHA_PRATAPRAO_JADHAV,WORK_HASH_4279172472976530908,UNKNOWN_FY
LOK_SABHA,Allocated Limit for Honble MPs (2).csv,340,339,West Bengal,Pratima Mondal,JOYNAGAR(SC),147000000.0,147000000.0,147000000.0,OTHER_WORKS,West Bengal,WEST BENGAL,STATE_WEST_BENGAL,JOYNAGAR(SC),JOYNAGAR(SC),CONST_JOYNAGAR_SC_,Pratima Mondal,PRATIMA MONDAL,MP_LOK_SABHA_PRATIMA_MONDAL,WORK_HASH_1779842233304354522,UNKNOWN_FY
LOK_SABHA,Allocated Limit for Honble MPs (2).csv,341,340,Delhi,Praveen Khandelwal,CHANDINI CHOWK,147470276.0,147470276.0,147470276.0,OTHER_WORKS,Delhi,DELHI,STATE_DELHI,CHANDINI CHOWK,CHANDINI CHOWK,CONST_CHANDINI_CHOWK,Praveen Khandelwal,PRAVEEN KHANDELWAL,MP_LOK_SABHA_PRAVEEN_KHANDELWAL,WORK_HASH_14322096511898783690,UNKNOWN_FY
LOK_SABHA,Allocated Limit for Honble MPs (2).csv,342,341,Uttar Pradesh,PRAVEEN PATEL,PHULPUR,151559884.1,151559884.1,151559884.1,OTHER_WORKS,Uttar Pradesh,UTTAR PRADESH,STATE_UTTAR_PRADESH,PHULPUR,PHULPUR,CONST_PHULPUR,PRAVEEN PATEL,PRAVEEN PATEL,MP_LOK_SABHA_PRAVEEN_PATEL,WORK_HASH_6558579533523059480,UNKNOWN_FY
LOK_SABHA,Allocated Limit for Honble MPs (2).csv,343,342,Uttar Pradesh,PRIYA SAROJ,MACHHLISHAHR(SC),147000000.0,147000000.0,147000000.0,OTHER_WORKS,Uttar Pradesh,UTTAR PRADESH,STATE_UTTAR_PRADESH,MACHHLISHAHR(SC),MACHHLISHAHR(SC),CONST_MACHHLISHAHR_SC_,PRIYA SAROJ,PRIYA SAROJ,MP_LOK_SABHA_PRIYA_SAROJ,WORK_HASH_15702130951597827972,UNKNOWN_FY
LOK_SABHA,Allocated Limit for Honble MPs (2).csv,344,343,Kerala,Priyanka Gandhi Vadra,WAYANAD,122500000.0,122500000.0,122500000.0,OTHER_WORKS,Kerala,KERALA,STATE_KERALA,WAYANAD,WAYANAD,CONST_WAYANAD,Priyanka Gandhi Vadra,PRIYANKA GANDHI VADRA,MP_LOK_SABHA_PRIYANKA_GANDHI_VADRA,WORK_HASH_6797144189084380291,UNKNOWN_FY
LOK_SABHA,Allocated Limit for Honble MPs (2).csv,345,344,Karnataka,PRIYANKA SATISH JARKIHOLI,CHIKKODI,147000000.0,147000000.0,147000000.0,OTHER_WORKS,Karnataka,KARNATAKA,STATE_KARNATAKA,CHIKKODI,CHIKKODI,CONST_CHIKKODI,PRIYANKA SATISH JARKIHOLI,PRIYANKA SATISH JARKIHOLI,MP_LOK_SABHA_PRIYANKA_SATISH_JARKIHOLI,WORK_HASH_9159831009671005155,UNKNOWN_FY
LOK_SABHA,Allocated Limit for Honble MPs (2).csv,346,345,West Bengal,Prof Sougata Ray,DUM DUM,147000000.0,147000000.0,147000000.0,OTHER_WORKS,West Bengal,WEST BENGAL,STATE_WEST_BENGAL,DUM DUM,DUM DUM,CONST_DUM_DUM,Prof Sougata Ray,SOUGATA RAY,MP_LOK_SABHA_SOUGATA_RAY,WORK_HASH_13308064569843914305,UNKNOWN_FY
LOK_SABHA,Allocated Limit for Honble MPs (2).csv,347,346,Uttar Pradesh,Prof SP Singh Baghel,AGRA(SC),147000000.0,147000000.0,147000000.0,OTHER_WORKS,Uttar Pradesh,UTTAR PRADESH,STATE_UTTAR_PRADESH,AGRA(SC),AGRA(SC),CONST_AGRA_SC_,Prof SP Singh Baghel,SP SINGH BAGHEL,MP_LOK_SABHA_SP_SINGH_BAGHEL,WORK_HASH_5359684508300511567,UNKNOWN_FY
LOK_SABHA,Allocated Limit for Honble MPs (2).csv,348,347,Uttar Pradesh,PUSHPENDRA SAROJ,KAUSHAMBI(SC),147000000.0,147000000.0,147000000.0,OTHER_WORKS,Uttar Pradesh,UTTAR PRADESH,STATE_UTTAR_PRADESH,KAUSHAMBI(SC),KAUSHAMBI(SC),CONST_KAUSHAMBI_SC_,PUSHPENDRA SAROJ,PUSHPENDRA SAROJ,MP_LOK_SABHA_PUSHPENDRA_SAROJ,WORK_HASH_12099559649686771541,UNKNOWN_FY
LOK_SABHA,Allocated Limit for Honble MPs (2).csv,349,348,Andhra Pradesh,Putta Mahesh Kumar,ELURU,147000000.0,147000000.0,147000000.0,OTHER_WORKS,Andhra Pradesh,ANDHRA PRADESH,STATE_ANDHRA_PRADESH,ELURU,ELURU,CONST_ELURU,Putta Mahesh Kumar,PUTTA MAHESH KUMAR,MP_LOK_SABHA_PUTTA_MAHESH_KUMAR,WORK_HASH_1084673191880799340,UNKNOWN_FY
LOK_SABHA,Allocated Limit for Honble MPs (2).csv,350,349,Uttar Pradesh,R.K. CHAUDHARY,MOHANLALGANJ(SC),147000000.0,147000000.0,147000000.0,OTHER_WORKS,Uttar Pradesh,UTTAR PRADESH,STATE_UTTAR_PRADESH,MOHANLALGANJ(SC),MOHANLALGANJ(SC),CONST_MOHANLALGANJ_SC_,R.K. CHAUDHARY,R.K. CHAUDHARY,MP_LOK_SABHA_R_K__CHAUDHARY,WORK_HASH_3179217487855015762,UNKNOWN_FY
LOK_SABHA,Allocated Limit for Honble MPs (2).csv,351,350,Odisha,RABINDRA NARAYAN BEHERA,JAJPUR(SC),147064617.1,147064617.1,147064617.1,OTHER_WORKS,Odisha,ODISHA,STATE_ODISHA,JAJPUR(SC),JAJPUR(SC),CONST_JAJPUR_SC_,RABINDRA NARAYAN BEHERA,RABINDRA NARAYAN BEHERA,MP_LOK_SABHA_RABINDRA_NARAYAN_BEHERA,WORK_HASH_6359347290313825654,UNKNOWN_FY
LOK_SABHA,Allocated Limit for Honble MPs (2).csv,352,351,West Bengal,RACHNA BANERJEE,HOOGHLY,147000000.0,147000000.0,147000000.0,OTHER_WORKS,West Bengal,WEST BENGAL,STATE_WEST_BENGAL,HOOGHLY,HOOGHLY,CONST_HOOGHLY,RACHNA BANERJEE,RACHNA BANERJEE,MP_LOK_SABHA_RACHNA_BANERJEE,WORK_HASH_11681099666203265403,UNKNOWN_FY
LOK_SABHA,Allocated Limit for Honble MPs (2).csv,353,352,Bihar,Radha Mohan Singh,PURVI CHAMPARAN,147000000.0,147000000.0,147000000.0,OTHER_WORKS,Bihar,BIHAR,STATE_BIHAR,PURVI CHAMPARAN,PURVI CHAMPARAN,CONST_PURVI_CHAMPARAN,Radha Mohan Singh,RADHA MOHAN SINGH,MP_LOK_SABHA_RADHA_MOHAN_SINGH,WORK_HASH_10340730455279054826,UNKNOWN_FY
LOK_SABHA,Allocated Limit for Honble MPs (2).csv,354,353,Karnataka,RADHAKRISHNA,GULBARGA(SC),147000000.0,147000000.0,147000000.0,OTHER_WORKS,Karnataka,KARNATAKA,STATE_KARNATAKA,GULBARGA(SC),GULBARGA(SC),CONST_GULBARGA_SC_,RADHAKRISHNA,RADHAKRISHNA,MP_LOK_SABHA_RADHAKRISHNA,WORK_HASH_12324334590703044572,UNKNOWN_FY
LOK_SABHA,Allocated Limit for Honble MPs (2).csv,355,354,Chhattisgarh,RADHE SHYAM RATHIYA,RAIGARH(ST),159706972.1,159706972.1,159706972.1,OTHER_WORKS,Chhattisgarh,CHHATTISGARH,STATE_CHHATTISGARH,RAIGARH(ST),RAIGARH(ST),CONST_RAIGARH_ST_,RADHE SHYAM RATHIYA,RADHE SHYAM RATHIYA,MP_LOK_SABHA_RADHE_SHYAM_RATHIYA,WORK_HASH_16276936595859088600,UNKNOWN_FY
LOK_SABHA,Allocated Limit for Honble MPs (2).csv,356,355,Uttar Pradesh,RAHUL GANDHI,RAE BARELI,147000000.0,147000000.0,147000000.0,OTHER_WORKS,Uttar Pradesh,UTTAR PRADESH,STATE_UTTAR_PRADESH,RAE BARELI,RAE BARELI,CONST_RAE_BARELI,RAHUL GANDHI,RAHUL GANDHI,MP_LOK_SABHA_RAHUL_GANDHI,WORK_HASH_1777629408219975487,UNKNOWN_FY
LOK_SABHA,Allocated Limit for Honble MPs (2).csv,357,356,Rajasthan,Rahul Kaswan,CHURU,147000000.0,147000000.0,147000000.0,OTHER_WORKS,Rajasthan,RAJASTHAN,STATE_RAJASTHAN,CHURU,CHURU,CONST_CHURU,Rahul Kaswan,RAHUL KASWAN,MP_LOK_SABHA_RAHUL_KASWAN,WORK_HASH_3198551711201942998,UNKNOWN_FY
LOK_SABHA,Allocated Limit for Honble MPs (2).csv,358,357,Madhya Pradesh,RAHUL SINGH LODHI,DAMOH,163058785.4,163058785.4,163058785.4,OTHER_WORKS,Madhya Pradesh,MADHYA PRADESH,STATE_MADHYA_PRADESH,DAMOH,DAMOH,CONST_DAMOH,RAHUL SINGH LODHI,RAHUL SINGH LODHI,MP_LOK_SABHA_RAHUL_SINGH_LODHI,WORK_HASH_5574395537776145058,UNKNOWN_FY
LOK_SABHA,Allocated Limit for Honble MPs (2).csv,359,358,Bihar,RAJ BHUSHAN CHOUDHARY,MUZAFFARPUR,147000000.0,147000000.0,147000000.0,OTHER_WORKS,Bihar,BIHAR,STATE_BIHAR,MUZAFFARPUR,MUZAFFARPUR,CONST_MUZAFFARPUR,RAJ BHUSHAN CHOUDHARY,RAJ BHUSHAN CHOUDHARY,MP_LOK_SABHA_RAJ_BHUSHAN_CHOUDHARY,WORK_HASH_15270939288112051208,UNKNOWN_FY
LOK_SABHA,Allocated Limit for Honble MPs (2).csv,360,359,Rajasthan,RAJ KUMAR ROAT,BANSWARA(ST),147000000.0,147000000.0,147000000.0,OTHER_WORKS,Rajasthan,RAJASTHAN,STATE_RAJASTHAN,BANSWARA(ST),BANSWARA(ST),CONST_BANSWARA_ST_,RAJ KUMAR ROAT,RAJ KUMAR ROAT,MP_LOK_SABHA_RAJ_KUMAR_ROAT,WORK_HASH_6413801120766735688,UNKNOWN_FY
LOK_SABHA,Allocated Limit for Honble MPs (2).csv,361,360,Bihar,RAJA RAM SINGH,KARAKAT,147000000.0,147000000.0,147000000.0,OTHER_WORKS,Bihar,BIHAR,STATE_BIHAR,KARAKAT,KARAKAT,CONST_KARAKAT,RAJA RAM SINGH,RAJA RAM SINGH,MP_LOK_SABHA_RAJA_RAM_SINGH,WORK_HASH_8956250680710189687,UNKNOWN_FY
LOK_SABHA,Allocated Limit for Honble MPs (2).csv,362,361,Maharashtra,RAJABHAU,NASHIK,152878682.1,152878682.1,152878682.1,OTHER_WORKS,Maharashtra,MAHARASHTRA,STATE_MAHARASHTRA,NASHIK,NASHIK,CONST_NASHIK,RAJABHAU,RAJABHAU,MP_LOK_SABHA_RAJABHAU,WORK_HASH_13067547296583044552,UNKNOWN_FY
LOK_SABHA,Allocated Limit for Honble MPs (2).csv,363,362,Himachal Pradesh,RAJEEV BHARDWAJ,KANGRA,179388967.1,179388967.1,179388967.1,OTHER_WORKS,Himachal Pradesh,HIMACHAL PRADESH,STATE_HIMACHAL_PRADESH,KANGRA,KANGRA,CONST_KANGRA,RAJEEV BHARDWAJ,RAJEEV BHARDWAJ,MP_LOK_SABHA_RAJEEV_BHARDWAJ,WORK_HASH_40622198953873003,UNKNOWN_FY
LOK_SABHA,Allocated Limit for Honble MPs (2).csv,364,363,Uttar Pradesh,RAJEEV RAI,GHOSI,147000000.0,147000000.0,147000000.0,OTHER_WORKS,Uttar Pradesh,UTTAR PRADESH,STATE_UTTAR_PRADESH,GHOSI,GHOSI,CONST_GHOSI,RAJEEV RAI,RAJEEV RAI,MP_LOK_SABHA_RAJEEV_RAI,WORK_HASH_14932999615386248441,UNKNOWN_FY
LOK_SABHA,Allocated Limit for Honble MPs (2).csv,365,364,Bihar,RAJESH RANJAN ALIAS PAPPU YADAV,PURNEA,147000000.0,147000000.0,147000000.0,OTHER_WORKS,Bihar,BIHAR,STATE_BIHAR,PURNEA,PURNEA,CONST_PURNEA,RAJESH RANJAN ALIAS PAPPU YADAV,RAJESH RANJAN ALIAS PAPPU YADAV,MP_LOK_SABHA_RAJESH_RANJAN_ALIAS_PAPPU_YADAV,WORK_HASH_12680821342069374746,UNKNOWN_FY
LOK_SABHA,Allocated Limit for Honble MPs (2).csv,366,365,Bihar,RAJESH VERMA,KHAGARIA,147000000.0,147000000.0,147000000.0,OTHER_WORKS,Bihar,BIHAR,STATE_BIHAR,KHAGARIA,KHAGARIA,CONST_KHAGARIA,RAJESH VERMA,RAJESH VERMA,MP_LOK_SABHA_RAJESH_VERMA,WORK_HASH_14058781337026411556,UNKNOWN_FY
LOK_SABHA,Allocated Limit for Honble MPs (2).csv,367,366,Gujarat,Rajeshbhai Naranbhai Chudasama,JUNAGADH,147000000.0,147000000.0,147000000.0,OTHER_WORKS,Gujarat,GUJARAT,STATE_GUJARAT,JUNAGADH,JUNAGADH,CONST_JUNAGADH,Rajeshbhai Naranbhai Chudasama,RAJESHBHAI NARANBHAI CHUDASAMA,MP_LOK_SABHA_RAJESHBHAI_NARANBHAI_CHUDASAMA,WORK_HASH_13516070239688615047,UNKNOWN_FY
LOK_SABHA,Allocated Limit for Honble MPs (2).csv,368,367,Bihar,Rajiv Pratap Rudy,SARAN,147000000.0,147000000.0,147000000.0,OTHER_WORKS,Bihar,BIHAR,STATE_BIHAR,SARAN,SARAN,CONST_SARAN,Rajiv Pratap Rudy,RAJIV PRATAP RUDY,MP_LOK_SABHA_RAJIV_PRATAP_RUDY,WORK_HASH_9025203833729575103,UNKNOWN_FY
LOK_SABHA,Allocated Limit for Honble MPs (2).csv,369,368,Bihar,Rajiv Ranjan (Lalan) Singh,MUNGER,147000000.0,147000000.0,147000000.0,OTHER_WORKS,Bihar,BIHAR,STATE_BIHAR,MUNGER,MUNGER,CONST_MUNGER,Rajiv Ranjan (Lalan) Singh,RAJIV RANJAN (LALAN) SINGH,MP_LOK_SABHA_RAJIV_RANJAN__LALAN__SINGH,WORK_HASH_15970229322442228353,UNKNOWN_FY
LOK_SABHA,Allocated Limit for Honble MPs (2).csv,370,369,Uttar Pradesh,Rajkumar Chahar,FATEHPUR SIKRI,147000000.0,147000000.0,147000000.0,OTHER_WORKS,Uttar Pradesh,UTTAR PRADESH,STATE_UTTAR_PRADESH,FATEHPUR SIKRI,FATEHPUR SIKRI,CONST_FATEHPUR_SIKRI,Rajkumar Chahar,RAJKUMAR CHAHAR,MP_LOK_SABHA_RAJKUMAR_CHAHAR,WORK_HASH_8887718954823758803,UNKNOWN_FY
LOK_SABHA,Allocated Limit for Honble MPs (2).csv,371,370,Uttar Pradesh,Rajnath Singh,LUCKNOW,154808797.1,154808797.1,154808797.1,OTHER_WORKS,Uttar Pradesh,UTTAR PRADESH,STATE_UTTAR_PRADESH,LUCKNOW,LUCKNOW,CONST_LUCKNOW,Rajnath Singh,RAJNATH SINGH,MP_LOK_SABHA_RAJNATH_SINGH,WORK_HASH_15726142286979898024,UNKNOWN_FY
LOK_SABHA,Allocated Limit for Honble MPs (2).csv,372,371,Gujarat,RAJPALSINH MAHENDRASINH JADAV,PANCHMAHAL,147000000.0,147000000.0,147000000.0,OTHER_WORKS,Gujarat,GUJARAT,STATE_GUJARAT,PANCHMAHAL,PANCHMAHAL,CONST_PANCHMAHAL,RAJPALSINH MAHENDRASINH JADAV,RAJPALSINH MAHENDRASINH JADAV,MP_LOK_SABHA_RAJPALSINH_MAHENDRASINH_JADAV,WORK_HASH_7319952110200766272,UNKNOWN_FY
LOK_SABHA,Allocated Limit for Honble MPs (2).csv,373,372,West Bengal,Raju Bista,DARJEELING,147000000.0,147000000.0,147000000.0,OTHER_WORKS,West Bengal,WEST BENGAL,STATE_WEST_BENGAL,DARJEELING,DARJEELING,CONST_DARJEELING,Raju Bista,RAJU BISTA,MP_LOK_SABHA_RAJU_BISTA,WORK_HASH_10144620688454753113,UNKNOWN_FY
LOK_SABHA,Allocated Limit for Honble MPs (2).csv,374,373,Uttar Pradesh,RAKESH RATHOR,SITAPUR,147000000.0,147000000.0,147000000.0,OTHER_WORKS,Uttar Pradesh,UTTAR PRADESH,STATE_UTTAR_PRADESH,SITAPUR,SITAPUR,CONST_SITAPUR,RAKESH RATHOR,RAKESH RATHOR,MP_LOK_SABHA_RAKESH_RATHOR,WORK_HASH_18100675407610981034,UNKNOWN_FY
LOK_SABHA,Allocated Limit for Honble MPs (2).csv,375,374,Assam,RAKIBUL HUSSAIN,DHUBRI,147000000.0,147000000.0,147000000.0,OTHER_WORKS,Assam,ASSAM,STATE_ASSAM,DHUBRI,DHUBRI,CONST_DHUBRI,RAKIBUL HUSSAIN,RAKIBUL HUSSAIN,MP_LOK_SABHA_RAKIBUL_HUSSAIN,WORK_HASH_6561954244294738708,UNKNOWN_FY
LOK_SABHA,Allocated Limit for Honble MPs (2).csv,376,375,Uttar Pradesh,RAM PRASAD CHAUDHARY,BASTI,204176957.1,204176957.1,204176957.1,OTHER_WORKS,Uttar Pradesh,UTTAR PRADESH,STATE_UTTAR_PRADESH,BASTI,BASTI,CONST_BASTI,RAM PRASAD CHAUDHARY,RAM PRASAD CHAUDHARY,MP_LOK_SABHA_RAM_PRASAD_CHAUDHARY,WORK_HASH_6984426650102288025,UNKNOWN_FY
LOK_SABHA,Allocated Limit for Honble MPs (2).csv,377,376,Uttar Pradesh,Ram Shiromani,SHRAWASTI,151746878.1,151746878.1,151746878.1,OTHER_WORKS,Uttar Pradesh,UTTAR PRADESH,STATE_UTTAR_PRADESH,SHRAWASTI,SHRAWASTI,CONST_SHRAWASTI,Ram Shiromani,RAM SHIROMANI,MP_LOK_SABHA_RAM_SHIROMANI,WORK_HASH_4174088335900610237,UNKNOWN_FY
LOK_SABHA,Allocated Limit for Honble MPs (2).csv,378,377,Telangana,RAMASAHAYAM RAGHURAM REDDY,KHAMMAM,147000000.0,147000000.0,147000000.0,OTHER_WORKS,Telangana,TELANGANA,STATE_TELANGANA,KHAMMAM,KHAMMAM,CONST_KHAMMAM,RAMASAHAYAM RAGHURAM REDDY,RAMASAHAYAM RAGHURAM REDDY,MP_LOK_SABHA_RAMASAHAYAM_RAGHURAM_REDDY,WORK_HASH_6740912124794356933,UNKNOWN_FY
LOK_SABHA,Allocated Limit for Honble MPs (2).csv,379,378,Uttar Pradesh,RAMASHANKAR RAJBHAR,SALEMPUR,160056927.1,160056927.1,160056927.1,OTHER_WORKS,Uttar Pradesh,UTTAR PRADESH,STATE_UTTAR_PRADESH,SALEMPUR,SALEMPUR,CONST_SALEMPUR,RAMASHANKAR RAJBHAR,RAMASHANKAR RAJBHAR,MP_LOK_SABHA_RAMASHANKAR_RAJBHAR,WORK_HASH_15537166055764602413,UNKNOWN_FY
LOK_SABHA,Allocated Limit for Honble MPs (2).csv,380,379,Uttar Pradesh,RAMBHUAL NISHAD,SULTANPUR,151231957.1,151231957.1,151231957.1,OTHER_WORKS,Uttar Pradesh,UTTAR PRADESH,STATE_UTTAR_PRADESH,SULTANPUR,SULTANPUR,CONST_SULTANPUR,RAMBHUAL NISHAD,RAMBHUAL NISHAD,MP_LOK_SABHA_RAMBHUAL_NISHAD,WORK_HASH_13077397942563579532,UNKNOWN_FY
LOK_SABHA,Allocated Limit for Honble MPs (2).csv,381,380,Uttar Pradesh,RAMESH AWASTHI,KANPUR,147000000.0,147000000.0,147000000.0,OTHER_WORKS,Uttar Pradesh,UTTAR PRADESH,STATE_UTTAR_PRADESH,KANPUR,KANPUR,CONST_KANPUR,RAMESH AWASTHI,RAMESH AWASTHI,MP_LOK_SABHA_RAMESH_AWASTHI,WORK_HASH_1159798881098861674,UNKNOWN_FY
LOK_SABHA,Allocated Limit for Honble MPs (2).csv,382,381,Karnataka,Ramesh Chandappa Jigajinagi,BIJAPUR(SC),269500000.0,269500000.0,269500000.0,OTHER_WORKS,Karnataka,KARNATAKA,STATE_KARNATAKA,BIJAPUR(SC),BIJAPUR(SC),CONST_BIJAPUR_SC_,Ramesh Chandappa Jigajinagi,RAMESH CHANDAPPA JIGAJINAGI,MP_LOK_SABHA_RAMESH_CHANDAPPA_JIGAJINAGI,WORK_HASH_10676142781251105549,UNKNOWN_FY
LOK_SABHA,Allocated Limit for Honble MPs (2).csv,383,382,Bihar,Ramprit Mandal,JHANJHARPUR,147000000.0,147000000.0,147000000.0,OTHER_WORKS,Bihar,BIHAR,STATE_BIHAR,JHANJHARPUR,JHANJHARPUR,CONST_JHANJHARPUR,Ramprit Mandal,RAMPRIT MANDAL,MP_LOK_SABHA_RAMPRIT_MANDAL,WORK_HASH_8653550844100595550,UNKNOWN_FY
LOK_SABHA,Allocated Limit for Honble MPs (2).csv,384,383,Delhi,Ramvir Singh Bidhuri,SOUTH DELHI,147559100.0,147559100.0,147559100.0,OTHER_WORKS,Delhi,DELHI,STATE_DELHI,SOUTH DELHI,SOUTH DELHI,CONST_SOUTH_DELHI,Ramvir Singh Bidhuri,RAMVIR SINGH BIDHURI,MP_LOK_SABHA_RAMVIR_SINGH_BIDHURI,WORK_HASH_3144849827101859474,UNKNOWN_FY
LOK_SABHA,Allocated Limit for Honble MPs (2).csv,385,384,Assam,RANJIT DUTTA,Sonitpur,147000000.0,147000000.0,147000000.0,OTHER_WORKS,Assam,ASSAM,STATE_ASSAM,Sonitpur,SONITPUR,CONST_SONITPUR,RANJIT DUTTA,RANJIT DUTTA,MP_LOK_SABHA_RANJIT_DUTTA,WORK_HASH_2326332239611338403,UNKNOWN_FY
LOK_SABHA,Allocated Limit for Honble MPs (2).csv,386,385,Haryana,Rao Inderjit Singh,GURGAON,147000000.0,147000000.0,147000000.0,OTHER_WORKS,Haryana,HARYANA,STATE_HARYANA,GURGAON,GURGAON,CONST_GURGAON,Rao Inderjit Singh,RAO INDERJIT SINGH,MP_LOK_SABHA_RAO_INDERJIT_SINGH,WORK_HASH_10052778834443768325,UNKNOWN_FY
LOK_SABHA,Allocated Limit for Honble MPs (2).csv,387,386,Rajasthan,Rao Rajendra Singh,JAIPUR RURAL,147000000.0,147000000.0,147000000.0,OTHER_WORKS,Rajasthan,RAJASTHAN,STATE_RAJASTHAN,JAIPUR RURAL,JAIPUR RURAL,CONST_JAIPUR_RURAL,Rao Rajendra Singh,RAO RAJENDRA SINGH,MP_LOK_SABHA_RAO_RAJENDRA_SINGH,WORK_HASH_14250148096367178823,UNKNOWN_FY
LOK_SABHA,Allocated Limit for Honble MPs (2).csv,388,387,Bihar,Ravi Shankar Prasad,PATNA SAHIB,147000000.0,147000000.0,147000000.0,OTHER_WORKS,Bihar,BIHAR,STATE_BIHAR,PATNA SAHIB,PATNA SAHIB,CONST_PATNA_SAHIB,Ravi Shankar Prasad,RAVI SHANKAR PRASAD,MP_LOK_SABHA_RAVI_SHANKAR_PRASAD,WORK_HASH_18275418106038751020,UNKNOWN_FY
LOK_SABHA,Allocated Limit for Honble MPs (2).csv,389,388,Maharashtra,RAVINDRA DATTARAM WAIKAR,MUMBAI NORTH WEST,147000000.0,147000000.0,147000000.0,OTHER_WORKS,Maharashtra,MAHARASHTRA,STATE_MAHARASHTRA,MUMBAI NORTH WEST,MUMBAI NORTH WEST,CONST_MUMBAI_NORTH_WEST,RAVINDRA DATTARAM WAIKAR,RAVINDRA DATTARAM WAIKAR,MP_LOK_SABHA_RAVINDRA_DATTARAM_WAIKAR,WORK_HASH_13946984992482458008,UNKNOWN_FY
LOK_SABHA,Allocated Limit for Honble MPs (2).csv,390,389,Uttar Pradesh,Ravindra Shyamnarayan Alias Ravi Kishan Shukla,GORAKHPUR,147000000.0,147000000.0,147000000.0,OTHER_WORKS,Uttar Pradesh,UTTAR PRADESH,STATE_UTTAR_PRADESH,GORAKHPUR,GORAKHPUR,CONST_GORAKHPUR,Ravindra Shyamnarayan Alias Ravi Kishan Shukla,RAVINDRA SHYAMNARAYAN ALIAS RAVI KISHAN SHUKLA,MP_LOK_SABHA_RAVINDRA_SHYAMNARAYAN_ALIAS_RAVI_KISHAN_SHUKLA,WORK_HASH_13024904185934355047,UNKNOWN_FY
LOK_SABHA,Allocated Limit for Honble MPs (2).csv,391,390,Maharashtra,Ravindra Vasantrao Chavan,NANDED,147000000.0,147000000.0,147000000.0,OTHER_WORKS,Maharashtra,MAHARASHTRA,STATE_MAHARASHTRA,NANDED,NANDED,CONST_NANDED,Ravindra Vasantrao Chavan,RAVINDRA VASANTRAO CHAVAN,MP_LOK_SABHA_RAVINDRA_VASANTRAO_CHAVAN,WORK_HASH_4859618223282703317,UNKNOWN_FY
LOK_SABHA,Allocated Limit for Honble MPs (2).csv,392,391,Mizoram,RICHARD VANLALHMANGAIHA,MIZORAM (ST),147000000.0,147000000.0,147000000.0,OTHER_WORKS,Mizoram,MIZORAM,STATE_MIZORAM,MIZORAM (ST),MIZORAM (ST),CONST_MIZORAM__ST_,RICHARD VANLALHMANGAIHA,RICHARD VANLALHMANGAIHA,MP_LOK_SABHA_RICHARD_VANLALHMANGAIHA,WORK_HASH_1502678016840375864,UNKNOWN_FY
LOK_SABHA,Allocated Limit for Honble MPs (2).csv,393,392,Tamil Nadu,ROBERT BRUCE C,TIRUNELVELI,147475440.1,147475440.1,147475440.1,OTHER_WORKS,Tamil Nadu,TAMIL NADU,STATE_TAMIL_NADU,TIRUNELVELI,TIRUNELVELI,CONST_TIRUNELVELI,ROBERT BRUCE C,ROBERT BRUCE C,MP_LOK_SABHA_ROBERT_BRUCE_C,WORK_HASH_3660641334269913617,UNKNOWN_FY
LOK_SABHA,Allocated Limit for Honble MPs (2).csv,394,393,Madhya Pradesh,Rodmal Nagar,RAJGARH,147000000.0,147000000.0,147000000.0,OTHER_WORKS,Madhya Pradesh,MADHYA PRADESH,STATE_MADHYA_PRADESH,RAJGARH,RAJGARH,CONST_RAJGARH,Rodmal Nagar,RODMAL NAGAR,MP_LOK_SABHA_RODMAL_NAGAR,WORK_HASH_17055174543303641939,UNKNOWN_FY
LOK_SABHA,Allocated Limit for Honble MPs (2).csv,395,394,Chhattisgarh,ROOP KUMARI CHOUDHARY,MAHASAMUND,153035414.0,153035414.0,153035414.0,OTHER_WORKS,Chhattisgarh,CHHATTISGARH,STATE_CHHATTISGARH,MAHASAMUND,MAHASAMUND,CONST_MAHASAMUND,ROOP KUMARI CHOUDHARY,ROOP KUMARI CHOUDHARY,MP_LOK_SABHA_ROOP_KUMARI_CHOUDHARY,WORK_HASH_8591753637548793502,UNKNOWN_FY
LOK_SABHA,Allocated Limit for Honble MPs (2).csv,396,395,Uttar Pradesh,RUCHI VIRA,MORADABAD,147000000.0,147000000.0,147000000.0,OTHER_WORKS,Uttar Pradesh,UTTAR PRADESH,STATE_UTTAR_PRADESH,MORADABAD,MORADABAD,CONST_MORADABAD,RUCHI VIRA,RUCHI VIRA,MP_LOK_SABHA_RUCHI_VIRA,WORK_HASH_15100709760586635890,UNKNOWN_FY
LOK_SABHA,Allocated Limit for Honble MPs (2).csv,397,396,Odisha,RUDRA NARAYAN PANY,DHENKANAL,155013957.1,155013957.1,155013957.1,OTHER_WORKS,Odisha,ODISHA,STATE_ODISHA,DHENKANAL,DHENKANAL,CONST_DHENKANAL,RUDRA NARAYAN PANY,RUDRA NARAYAN PANY,MP_LOK_SABHA_RUDRA_NARAYAN_PANY,WORK_HASH_15617877628085637616,UNKNOWN_FY
LOK_SABHA,Allocated Limit for Honble MPs (2).csv,398,397,Nagaland,S SUPONGMEREN JAMIR,NAGALAND,147000000.0,147000000.0,147000000.0,OTHER_WORKS,Nagaland,NAGALAND,STATE_NAGALAND,NAGALAND,NAGALAND,CONST_NAGALAND,S SUPONGMEREN JAMIR,S SUPONGMEREN JAMIR,MP_LOK_SABHA_S_SUPONGMEREN_JAMIR,WORK_HASH_9148595458468309055,UNKNOWN_FY
LOK_SABHA,Allocated Limit for Honble MPs (2).csv,399,398,Tamil Nadu,S Venkatesan,MADURAI,147000000.0,147000000.0,147000000.0,OTHER_WORKS,Tamil Nadu,TAMIL NADU,STATE_TAMIL_NADU,MADURAI,MADURAI,CONST_MADURAI,S Venkatesan,S VENKATESAN,MP_LOK_SABHA_S_VENKATESAN,WORK_HASH_14077870289647484839,UNKNOWN_FY
LOK_SABHA,Allocated Limit for Honble MPs (2).csv,400,399,Tamil Nadu,S. Jagathrakshakan,ARAKKONAM,180589332.3,180589332.3,180589332.3,OTHER_WORKS,Tamil Nadu,TAMIL NADU,STATE_TAMIL_NADU,ARAKKONAM,ARAKKONAM,CONST_ARAKKONAM,S. Jagathrakshakan,S. JAGATHRAKSHAKAN,MP_LOK_SABHA_S__JAGATHRAKSHAKAN,WORK_HASH_368944978887531319,UNKNOWN_FY
LOK_SABHA,Allocated Limit for Honble MPs (2).csv,401,400,Tamil Nadu,SACHITHANANTHAM R,DINDIGUL,147000000.0,147000000.0,147000000.0,OTHER_WORKS,Tamil Nadu,TAMIL NADU,STATE_TAMIL_NADU,DINDIGUL,DINDIGUL,CONST_DINDIGUL,SACHITHANANTHAM R,SACHITHANANTHAM R,MP_LOK_SABHA_SACHITHANANTHAM_R,WORK_HASH_17687331624713963803,UNKNOWN_FY
LOK_SABHA,Allocated Limit for Honble MPs (2).csv,402,401,Karnataka,SAGAR ESHWAR KHANDRE,BIDAR,147000000.0,147000000.0,147000000.0,OTHER_WORKS,Karnataka,KARNATAKA,STATE_KARNATAKA,BIDAR,BIDAR,CONST_BIDAR,SAGAR ESHWAR KHANDRE,SAGAR ESHWAR KHANDRE,MP_LOK_SABHA_SAGAR_ESHWAR_KHANDRE,WORK_HASH_16839519942615264273,UNKNOWN_FY
LOK_SABHA,Allocated Limit for Honble MPs (2).csv,403,402,Meghalaya,SALENG A SANGMA,TURA,147000000.0,147000000.0,147000000.0,OTHER_WORKS,Meghalaya,MEGHALAYA,STATE_MEGHALAYA,TURA,TURA,CONST_TURA,SALENG A SANGMA,SALENG A SANGMA,MP_LOK_SABHA_SALENG_A_SANGMA,WORK_HASH_3125569904681339853,UNKNOWN_FY
LOK_SABHA,Allocated Limit for Honble MPs (2).csv,404,403,Odisha,SAMBIT PATRA,PURI,147000000.0,147000000.0,147000000.0,OTHER_WORKS,Odisha,ODISHA,STATE_ODISHA,PURI,PURI,CONST_PURI,SAMBIT PATRA,SAMBIT PATRA,MP_LOK_SABHA_SAMBIT_PATRA,WORK_HASH_17441012695816373147,UNKNOWN_FY
LOK_SABHA,Allocated Limit for Honble MPs (2).csv,405,404,Uttar Pradesh,SANATAN PANDEY,BALLIA,180420041.4,180420041.4,180420041.4,OTHER_WORKS,Uttar Pradesh,UTTAR PRADESH,STATE_UTTAR_PRADESH,BALLIA,BALLIA,CONST_BALLIA,SANATAN PANDEY,SANATAN PANDEY,MP_LOK_SABHA_SANATAN_PANDEY,WORK_HASH_8176275752775715611,UNKNOWN_FY
LOK_SABHA,Allocated Limit for Honble MPs (2).csv,406,405,Maharashtra,SANJAY DINA PATIL,MUMBAI NORTH EAST,147000000.0,147000000.0,147000000.0,OTHER_WORKS,Maharashtra,MAHARASHTRA,STATE_MAHARASHTRA,MUMBAI NORTH EAST,MUMBAI NORTH EAST,CONST_MUMBAI_NORTH_EAST,SANJAY DINA PATIL,SANJAY DINA PATIL,MP_LOK_SABHA_SANJAY_DINA_PATIL,WORK_HASH_13840949181304555105,UNKNOWN_FY
LOK_SABHA,Allocated Limit for Honble MPs (2).csv,407,406,Maharashtra,Sanjay Haribhau Jadhav,PARBHANI,147000000.0,147000000.0,147000000.0,OTHER_WORKS,Maharashtra,MAHARASHTRA,STATE_MAHARASHTRA,PARBHANI,PARBHANI,CONST_PARBHANI,Sanjay Haribhau Jadhav,SANJAY HARIBHAU JADHAV,MP_LOK_SABHA_SANJAY_HARIBHAU_JADHAV,WORK_HASH_4175566599159137877,UNKNOWN_FY
LOK_SABHA,Allocated Limit for Honble MPs (2).csv,408,407,Bihar,Sanjay Jaiswal,PASCHIM CHAMPARAN,147000000.0,147000000.0,147000000.0,OTHER_WORKS,Bihar,BIHAR,STATE_BIHAR,PASCHIM CHAMPARAN,PASCHIM CHAMPARAN,CONST_PASCHIM_CHAMPARAN,Sanjay Jaiswal,SANJAY JAISWAL,MP_LOK_SABHA_SANJAY_JAISWAL,WORK_HASH_13679941316829104207,UNKNOWN_FY
LOK_SABHA,Allocated Limit for Honble MPs (2).csv,409,408,Telangana,Sanjay Kumar Bandi,KARIMNAGAR,172775317.1,172775317.1,172775317.1,OTHER_WORKS,Telangana,TELANGANA,STATE_TELANGANA,KARIMNAGAR,KARIMNAGAR,CONST_KARIMNAGAR,Sanjay Kumar Bandi,SANJAY KUMAR BANDI,MP_LOK_SABHA_SANJAY_KUMAR_BANDI,WORK_HASH_8232545742794367295,UNKNOWN_FY
LOK_SABHA,Allocated Limit for Honble MPs (2).csv,410,409,Jharkhand,Sanjay Seth,RANCHI,147064357.1,147064357.1,147064357.1,OTHER_WORKS,Jharkhand,JHARKHAND,STATE_JHARKHAND,RANCHI,RANCHI,CONST_RANCHI,Sanjay Seth,SANJAY SETH,MP_LOK_SABHA_SANJAY_SETH,WORK_HASH_1448561649590595039,UNKNOWN_FY
LOK_SABHA,Allocated Limit for Honble MPs (2).csv,411,410,Maharashtra,Sanjay Uttamrao Deshmukh,YAVATMAL-WASHIM,185640423.0,185640423.0,185640423.0,OTHER_WORKS,Maharashtra,MAHARASHTRA,STATE_MAHARASHTRA,YAVATMAL-WASHIM,YAVATMAL-WASHIM,CONST_YAVATMAL_WASHIM,Sanjay Uttamrao Deshmukh,SANJAY UTTAMRAO DESHMUKH,MP_LOK_SABHA_SANJAY_UTTAMRAO_DESHMUKH,WORK_HASH_10319972066840786300,UNKNOWN_FY
LOK_SABHA,Allocated Limit for Honble MPs (2).csv,412,411,Rajasthan,SANJNA JATAV,BHARATPUR(SC),147000000.0,147000000.0,147000000.0,OTHER_WORKS,Rajasthan,RAJASTHAN,STATE_RAJASTHAN,BHARATPUR(SC),BHARATPUR(SC),CONST_BHARATPUR_SC_,SANJNA JATAV,SANJNA JATAV,MP_LOK_SABHA_SANJNA_JATAV,WORK_HASH_8170832271136092425,UNKNOWN_FY
LOK_SABHA,Allocated Limit for Honble MPs (2).csv,413,412,Chhattisgarh,Santosh Pandey,RAJNANDGAON,147000000.0,147000000.0,147000000.0,OTHER_WORKS,Chhattisgarh,CHHATTISGARH,STATE_CHHATTISGARH,RAJNANDGAON,RAJNANDGAON,CONST_RAJNANDGAON,Santosh Pandey,SANTOSH PANDEY,MP_LOK_SABHA_SANTOSH_PANDEY,WORK_HASH_16792347818315892152,UNKNOWN_FY
LOK_SABHA,Allocated Limit for Honble MPs (2).csv,414,413,Odisha,Saptagiri Sankar Ulaka,KORAPUT(ST),269500000.0,269500000.0,269500000.0,OTHER_WORKS,Odisha,ODISHA,STATE_ODISHA,KORAPUT(ST),KORAPUT(ST),CONST_KORAPUT_ST_,Saptagiri Sankar Ulaka,SAPTAGIRI SANKAR ULAKA,MP_LOK_SABHA_SAPTAGIRI_SANKAR_ULAKA,WORK_HASH_3446271901572034661,UNKNOWN_FY
LOK_SABHA,Allocated Limit for Honble MPs (2).csv,415,414,Punjab,SARABJEET SINGH KHALSA,FARIDKOT(SC),150850348.2,150850348.2,150850348.2,OTHER_WORKS,Punjab,PUNJAB,STATE_PUNJAB,FARIDKOT(SC),FARIDKOT(SC),CONST_FARIDKOT_SC_,SARABJEET SINGH KHALSA,SARABJEET SINGH KHALSA,MP_LOK_SABHA_SARABJEET_SINGH_KHALSA,WORK_HASH_17949891686893123091,UNKNOWN_FY
LOK_SABHA,Allocated Limit for Honble MPs (2).csv,416,415,Tamil Nadu,Sasikanth Senthil,TIRUVALLUR(SC),171500000.0,171500000.0,171500000.0,OTHER_WORKS,Tamil Nadu,TAMIL NADU,STATE_TAMIL_NADU,TIRUVALLUR(SC),TIRUVALLUR(SC),CONST_TIRUVALLUR_SC_,Sasikanth Senthil,SASIKANTH SENTHIL,MP_LOK_SABHA_SASIKANTH_SENTHIL,WORK_HASH_901784090697365131,UNKNOWN_FY
LOK_SABHA,Allocated Limit for Honble MPs (2).csv,417,416,Haryana,SATPAL BRAHAMCHARI,SONEPAT,147000000.0,147000000.0,147000000.0,OTHER_WORKS,Haryana,HARYANA,STATE_HARYANA,SONEPAT,SONEPAT,CONST_SONEPAT,SATPAL BRAHAMCHARI,SATPAL BRAHAMCHARI,MP_LOK_SABHA_SATPAL_BRAHAMCHARI,WORK_HASH_8120027424688129556,UNKNOWN_FY
LOK_SABHA,Allocated Limit for Honble MPs (2).csv,418,417,West Bengal,Saumitra khan,BISHNUPUR(SC),147000000.0,147000000.0,147000000.0,OTHER_WORKS,West Bengal,WEST BENGAL,STATE_WEST_BENGAL,BISHNUPUR(SC),BISHNUPUR(SC),CONST_BISHNUPUR_SC_,Saumitra khan,SAUMITRA KHAN,MP_LOK_SABHA_SAUMITRA_KHAN,WORK_HASH_14018600830432900215,UNKNOWN_FY
LOK_SABHA,Allocated Limit for Honble MPs (2).csv,419,418,Madhya Pradesh,SAVITRI THAKUR,DHAR(ST),147000000.0,147000000.0,147000000.0,OTHER_WORKS,Madhya Pradesh,MADHYA PRADESH,STATE_MADHYA_PRADESH,DHAR(ST),DHAR(ST),CONST_DHAR_ST_,SAVITRI THAKUR,SAVITRI THAKUR,MP_LOK_SABHA_SAVITRI_THAKUR,WORK_HASH_13348911048615732349,UNKNOWN_FY
LOK_SABHA,Allocated Limit for Honble MPs (2).csv,420,419,West Bengal,SAYANI GHOSH,JADAVPUR,147000000.0,147000000.0,147000000.0,OTHER_WORKS,West Bengal,WEST BENGAL,STATE_WEST_BENGAL,JADAVPUR,JADAVPUR,CONST_JADAVPUR,SAYANI GHOSH,SAYANI GHOSH,MP_LOK_SABHA_SAYANI_GHOSH,WORK_HASH_17011450008131905958,UNKNOWN_FY
LOK_SABHA,Allocated Limit for Honble MPs (2).csv,421,420,Haryana,SELJA,SIRSA(SC),147000000.0,147000000.0,147000000.0,OTHER_WORKS,Haryana,HARYANA,STATE_HARYANA,SIRSA(SC),SIRSA(SC),CONST_SIRSA_SC_,SELJA,SELJA,MP_LOK_SABHA_SELJA,WORK_HASH_16033042153709078334,UNKNOWN_FY
LOK_SABHA,Allocated Limit for Honble MPs (2).csv,422,421,Tamil Nadu,SELVAGANAPATHI T M,SALEM,147000000.0,147000000.0,147000000.0,OTHER_WORKS,Tamil Nadu,TAMIL NADU,STATE_TAMIL_NADU,SALEM,SALEM,CONST_SALEM,SELVAGANAPATHI T M,SELVAGANAPATHI T M,MP_LOK_SABHA_SELVAGANAPATHI_T_M,WORK_HASH_6280933126191467180,UNKNOWN_FY
LOK_SABHA,Allocated Limit for Honble MPs (2).csv,423,422,Tamil Nadu,SELVARAJ V,NAGAPATTINAM(SC),147000000.0,147000000.0,147000000.0,OTHER_WORKS,Tamil Nadu,TAMIL NADU,STATE_TAMIL_NADU,NAGAPATTINAM(SC),NAGAPATTINAM(SC),CONST_NAGAPATTINAM_SC_,SELVARAJ V,SELVARAJ V,MP_LOK_SABHA_SELVARAJ_V,WORK_HASH_14156587934530154808,UNKNOWN_FY
LOK_SABHA,Allocated Limit for Honble MPs (2).csv,424,423,Kerala,SHAFI PARAMBIL,VADAKARA,147000000.0,147000000.0,147000000.0,OTHER_WORKS,Kerala,KERALA,STATE_KERALA,VADAKARA,VADAKARA,CONST_VADAKARA,SHAFI PARAMBIL,SHAFI PARAMBIL,MP_LOK_SABHA_SHAFI_PARAMBIL,WORK_HASH_1789188475295424966,UNKNOWN_FY
LOK_SABHA,Allocated Limit for Honble MPs (2).csv,425,424,Bihar,SHAMBHAVI,SAMASTIPUR(SC),147000000.0,147000000.0,147000000.0,OTHER_WORKS,Bihar,BIHAR,STATE_BIHAR,SAMASTIPUR(SC),SAMASTIPUR(SC),CONST_SAMASTIPUR_SC_,SHAMBHAVI,SHAMBHAVI,MP_LOK_SABHA_SHAMBHAVI,WORK_HASH_2927799851788268468,UNKNOWN_FY
LOK_SABHA,Allocated Limit for Honble MPs (2).csv,426,425,Madhya Pradesh,Shankar Lalwani,INDORE,147000000.0,147000000.0,147000000.0,OTHER_WORKS,Madhya Pradesh,MADHYA PRADESH,STATE_MADHYA_PRADESH,INDORE,INDORE,CONST_INDORE,Shankar Lalwani,SHANKAR LALWANI,MP_LOK_SABHA_SHANKAR_LALWANI,WORK_HASH_5835185214306017592,UNKNOWN_FY
LOK_SABHA,Allocated Limit for Honble MPs (2).csv,427,426,Uttar Pradesh,SHASHANK MANI,DEORIA,147000000.0,147000000.0,147000000.0,OTHER_WORKS,Uttar Pradesh,UTTAR PRADESH,STATE_UTTAR_PRADESH,DEORIA,DEORIA,CONST_DEORIA,SHASHANK MANI,SHASHANK MANI,MP_LOK_SABHA_SHASHANK_MANI,WORK_HASH_2761924714445345413,UNKNOWN_FY
LOK_SABHA,Allocated Limit for Honble MPs (2).csv,428,427,West Bengal,Shatrughan Sinha,ASANSOL,147000000.0,147000000.0,147000000.0,OTHER_WORKS,West Bengal,WEST BENGAL,STATE_WEST_BENGAL,ASANSOL,ASANSOL,CONST_ASANSOL,Shatrughan Sinha,SHATRUGHAN SINHA,MP_LOK_SABHA_SHATRUGHAN_SINHA,WORK_HASH_3965089801758228703,UNKNOWN_FY
LOK_SABHA,Allocated Limit for Honble MPs (2).csv,429,428,Punjab,SHER SINGH GHUBAYA,FIROZPUR,147000000.0,147000000.0,147000000.0,OTHER_WORKS,Punjab,PUNJAB,STATE_PUNJAB,FIROZPUR,FIROZPUR,CONST_FIROZPUR,SHER SINGH GHUBAYA,SHER SINGH GHUBAYA,MP_LOK_SABHA_SHER_SINGH_GHUBAYA,WORK_HASH_7574802578795128917,UNKNOWN_FY
LOK_SABHA,Allocated Limit for Honble MPs (2).csv,430,429,Madhya Pradesh,SHIVMANGAL SINGH TOMAR,MORENA,147000000.0,147000000.0,147000000.0,OTHER_WORKS,Madhya Pradesh,MADHYA PRADESH,STATE_MADHYA_PRADESH,MORENA,MORENA,CONST_MORENA,SHIVMANGAL SINGH TOMAR,SHIVMANGAL SINGH TOMAR,MP_LOK_SABHA_SHIVMANGAL_SINGH_TOMAR,WORK_HASH_614970520149000969,UNKNOWN_FY
LOK_SABHA,Allocated Limit for Honble MPs (2).csv,431,430,Madhya Pradesh,SHIVRAJ SINGH CHOUHAN,VIDISHA,147000000.0,147000000.0,147000000.0,OTHER_WORKS,Madhya Pradesh,MADHYA PRADESH,STATE_MADHYA_PRADESH,VIDISHA,VIDISHA,CONST_VIDISHA,SHIVRAJ SINGH CHOUHAN,SHIVRAJ SINGH CHOUHAN,MP_LOK_SABHA_SHIVRAJ_SINGH_CHOUHAN,WORK_HASH_1388744642885223794,UNKNOWN_FY
LOK_SABHA,Allocated Limit for Honble MPs (2).csv,432,431,Karnataka,SHOBHA KARANDLAJE,BANGALORE NORTH,147000000.0,147000000.0,147000000.0,OTHER_WORKS,Karnataka,KARNATAKA,STATE_KARNATAKA,BANGALORE NORTH,BANGALORE NORTH,CONST_BANGALORE_NORTH,SHOBHA KARANDLAJE,SHOBHA KARANDLAJE,MP_LOK_SABHA_SHOBHA_KARANDLAJE,WORK_HASH_2755333823984985226,UNKNOWN_FY
LOK_SABHA,Allocated Limit for Honble MPs (2).csv,433,432,Gujarat,SHOBHANABEN MAHENDRASINH BARAIYA,SABARKANTHA,147000000.0,147000000.0,147000000.0,OTHER_WORKS,Gujarat,GUJARAT,STATE_GUJARAT,SABARKANTHA,SABARKANTHA,CONST_SABARKANTHA,SHOBHANABEN MAHENDRASINH BARAIYA,SHOBHANABEN MAHENDRASINH BARAIYA,MP_LOK_SABHA_SHOBHANABEN_MAHENDRASINH_BARAIYA,WORK_HASH_13342598813241117821,UNKNOWN_FY
LOK_SABHA,Allocated Limit for Honble MPs (2).csv,434,433,Karnataka,SHREYAS. M. PATEL,HASSAN,147000000.0,147000000.0,147000000.0,OTHER_WORKS,Karnataka,KARNATAKA,STATE_KARNATAKA,HASSAN,HASSAN,CONST_HASSAN,SHREYAS. M. PATEL,SHREYAS. M. PATEL,MP_LOK_SABHA_SHREYAS__M__PATEL,WORK_HASH_10064775773668124270,UNKNOWN_FY
LOK_SABHA,Allocated Limit for Honble MPs (2).csv,435,434,Haryana,Shri  Dharambir Singh,BHIWANI MAHENDRAGARH,147000000.0,147000000.0,147000000.0,OTHER_WORKS,Haryana,HARYANA,STATE_HARYANA,BHIWANI MAHENDRAGARH,BHIWANI MAHENDRAGARH,CONST_BHIWANI_MAHENDRAGARH,Shri  Dharambir Singh,DHARAMBIR SINGH,MP_LOK_SABHA_DHARAMBIR_SINGH,WORK_HASH_17803083441229672749,UNKNOWN_FY
LOK_SABHA,Allocated Limit for Honble MPs (2).csv,436,435,West Bengal,Shri Abhishek Banerjee,DIAMOND HARBOUR,147000000.0,147000000.0,147000000.0,OTHER_WORKS,West Bengal,WEST BENGAL,STATE_WEST_BENGAL,DIAMOND HARBOUR,DIAMOND HARBOUR,CONST_DIAMOND_HARBOUR,Shri Abhishek Banerjee,ABHISHEK BANERJEE,MP_LOK_SABHA_ABHISHEK_BANERJEE,WORK_HASH_18316619915521764144,UNKNOWN_FY
LOK_SABHA,Allocated Limit for Honble MPs (2).csv,437,436,Punjab,Shri Amar Singh,FATEHGARH SAHIB(SC),147000000.0,147000000.0,147000000.0,OTHER_WORKS,Punjab,PUNJAB,STATE_PUNJAB,FATEHGARH SAHIB(SC),FATEHGARH SAHIB(SC),CONST_FATEHGARH_SAHIB_SC_,Shri Amar Singh,AMAR SINGH,MP_LOK_SABHA_AMAR_SINGH,WORK_HASH_12050147894121691867,UNKNOWN_FY
LOK_SABHA,Allocated Limit for Honble MPs (2).csv,438,437,Gujarat,Shri Amit Shah,GANDHINAGAR,147000000.0,147000000.0,147000000.0,OTHER_WORKS,Gujarat,GUJARAT,STATE_GUJARAT,GANDHINAGAR,GANDHINAGAR,CONST_GANDHINAGAR,Shri Amit Shah,AMIT SHAH,MP_LOK_SABHA_AMIT_SHAH,WORK_HASH_18381084755055080456,UNKNOWN_FY
LOK_SABHA,Allocated Limit for Honble MPs (2).csv,439,438,Madhya Pradesh,Shri Anil Firojiya,UJJAIN(SC),147000000.0,147000000.0,147000000.0,OTHER_WORKS,Madhya Pradesh,MADHYA PRADESH,STATE_MADHYA_PRADESH,UJJAIN(SC),UJJAIN(SC),CONST_UJJAIN_SC_,Shri Anil Firojiya,ANIL FIROJIYA,MP_LOK_SABHA_ANIL_FIROJIYA,WORK_HASH_1856692474860535832,UNKNOWN_FY
LOK_SABHA,Allocated Limit for Honble MPs (2).csv,440,439,Rajasthan,Shri Arjun Ram Meghwal,BIKANER(SC),147000000.0,147000000.0,147000000.0,OTHER_WORKS,Rajasthan,RAJASTHAN,STATE_RAJASTHAN,BIKANER(SC),BIKANER(SC),CONST_BIKANER_SC_,Shri Arjun Ram Meghwal,ARJUN RAM MEGHWAL,MP_LOK_SABHA_ARJUN_RAM_MEGHWAL,WORK_HASH_14172849616742327501,UNKNOWN_FY
LOK_SABHA,Allocated Limit for Honble MPs (2).csv,441,440,Uttar Pradesh,Shri Arun Kumar Sagar,SHAHJAHANPUR(SC),147000000.0,147000000.0,147000000.0,OTHER_WORKS,Uttar Pradesh,UTTAR PRADESH,STATE_UTTAR_PRADESH,SHAHJAHANPUR(SC),SHAHJAHANPUR(SC),CONST_SHAHJAHANPUR_SC_,Shri Arun Kumar Sagar,ARUN KUMAR SAGAR,MP_LOK_SABHA_ARUN_KUMAR_SAGAR,WORK_HASH_7731382366219793750,UNKNOWN_FY
LOK_SABHA,Allocated Limit for Honble MPs (2).csv,442,441,Karnataka,Shri B Y Raghavendra,SHIMOGA,147000000.0,147000000.0,147000000.0,OTHER_WORKS,Karnataka,KARNATAKA,STATE_KARNATAKA,SHIMOGA,SHIMOGA,CONST_SHIMOGA,Shri B Y Raghavendra,B Y RAGHAVENDRA,MP_LOK_SABHA_B_Y_RAGHAVENDRA,WORK_HASH_11602845011645108431,UNKNOWN_FY
LOK_SABHA,Allocated Limit for Honble MPs (2).csv,443,442,Kerala,Shri Benny Behanan,CHALAKUDY,164674770.1,164674770.1,164674770.1,OTHER_WORKS,Kerala,KERALA,STATE_KERALA,CHALAKUDY,CHALAKUDY,CONST_CHALAKUDY,Shri Benny Behanan,BENNY BEHANAN,MP_LOK_SABHA_BENNY_BEHANAN,WORK_HASH_1036242825487130225,UNKNOWN_FY
LOK_SABHA,Allocated Limit for Honble MPs (2).csv,444,443,Odisha,Shri Bhartruhari Mahtab,CUTTACK,147000000.0,147000000.0,147000000.0,OTHER_WORKS,Odisha,ODISHA,STATE_ODISHA,CUTTACK,CUTTACK,CONST_CUTTACK,Shri Bhartruhari Mahtab,BHARTRUHARI MAHTAB,MP_LOK_SABHA_BHARTRUHARI_MAHTAB,WORK_HASH_5836303085084093192,UNKNOWN_FY
LOK_SABHA,Allocated Limit for Honble MPs (2).csv,445,444,Jharkhand,Shri Chandra Prakash Choudhary,GIRIDIH,147000000.0,147000000.0,147000000.0,OTHER_WORKS,Jharkhand,JHARKHAND,STATE_JHARKHAND,GIRIDIH,GIRIDIH,CONST_GIRIDIH,Shri Chandra Prakash Choudhary,CHANDRA PRAKASH CHOUDHARY,MP_LOK_SABHA_CHANDRA_PRAKASH_CHOUDHARY,WORK_HASH_5549525152692866354,UNKNOWN_FY
LOK_SABHA,Allocated Limit for Honble MPs (2).csv,446,445,West Bengal,Shri Deepak (Dev) Adhikari,GHATAL,200747364.0,200747364.0,200747364.0,OTHER_WORKS,West Bengal,WEST BENGAL,STATE_WEST_BENGAL,GHATAL,GHATAL,CONST_GHATAL,Shri Deepak (Dev) Adhikari,DEEPAK (DEV) ADHIKARI,MP_LOK_SABHA_DEEPAK__DEV__ADHIKARI,WORK_HASH_4408400242267826602,UNKNOWN_FY
LOK_SABHA,Allocated Limit for Honble MPs (2).csv,447,446,Punjab,Shri Gurjeet Singh Aujla,AMRITSAR,147000000.0,147000000.0,147000000.0,OTHER_WORKS,Punjab,PUNJAB,STATE_PUNJAB,AMRITSAR,AMRITSAR,CONST_AMRITSAR,Shri Gurjeet Singh Aujla,GURJEET SINGH AUJLA,MP_LOK_SABHA_GURJEET_SINGH_AUJLA,WORK_HASH_751645933007863570,UNKNOWN_FY
LOK_SABHA,Allocated Limit for Honble MPs (2).csv,448,447,Rajasthan,Shri Hanuman Beniwal,NAGAUR,147000000.0,147000000.0,147000000.0,OTHER_WORKS,Rajasthan,RAJASTHAN,STATE_RAJASTHAN,NAGAUR,NAGAUR,CONST_NAGAUR,Shri Hanuman Beniwal,HANUMAN BENIWAL,MP_LOK_SABHA_HANUMAN_BENIWAL,WORK_HASH_5907971869971734020,UNKNOWN_FY
LOK_SABHA,Allocated Limit for Honble MPs (2).csv,449,448,Kerala,Shri Hibi Eden,ERNAKULAM,162177260.1,162177260.1,162177260.1,OTHER_WORKS,Kerala,KERALA,STATE_KERALA,ERNAKULAM,ERNAKULAM,CONST_ERNAKULAM,Shri Hibi Eden,HIBI EDEN,MP_LOK_SABHA_HIBI_EDEN,WORK_HASH_6459187981457456888,UNKNOWN_FY
LOK_SABHA,Allocated Limit for Honble MPs (2).csv,450,449,Bihar,Shri Janardan Singh Sigriwal,MAHARAJGANJ_BR,147000000.0,147000000.0,147000000.0,OTHER_WORKS,Bihar,BIHAR,STATE_BIHAR,MAHARAJGANJ_BR,MAHARAJGANJ_BR,CONST_MAHARAJGANJ_BR,Shri Janardan Singh Sigriwal,JANARDAN SINGH SIGRIWAL,MP_LOK_SABHA_JANARDAN_SINGH_SIGRIWAL,WORK_HASH_1575368413730900635,UNKNOWN_FY
LOK_SABHA,Allocated Limit for Honble MPs (2).csv,451,450,Odisha,Shri Jual Oram,SUNDARGARH (ST),173096756.9,173096756.9,173096756.9,OTHER_WORKS,Odisha,ODISHA,STATE_ODISHA,SUNDARGARH (ST),SUNDARGARH (ST),CONST_SUNDARGARH__ST_,Shri Jual Oram,JUAL ORAM,MP_LOK_SABHA_JUAL_ORAM,WORK_HASH_10962300440218479527,UNKNOWN_FY
LOK_SABHA,Allocated Limit for Honble MPs (2).csv,452,451,Jammu And Kashmir,Shri Jugal Kishore Sharma,JAMMU,147000000.0,147000000.0,147000000.0,OTHER_WORKS,Jammu And Kashmir,JAMMU AND KASHMIR,STATE_JAMMU_AND_KASHMIR,JAMMU,JAMMU,CONST_JAMMU,Shri Jugal Kishore Sharma,JUGAL KISHORE SHARMA,MP_LOK_SABHA_JUGAL_KISHORE_SHARMA,WORK_HASH_13029960363701760093,UNKNOWN_FY
LOK_SABHA,Allocated Limit for Honble MPs (2).csv,453,452,West Bengal,Shri Jyotirmay Singh Mahato,PURULIA,147000000.0,147000000.0,147000000.0,OTHER_WORKS,West Bengal,WEST BENGAL,STATE_WEST_BENGAL,PURULIA,PURULIA,CONST_PURULIA,Shri Jyotirmay Singh Mahato,JYOTIRMAY SINGH MAHATO,MP_LOK_SABHA_JYOTIRMAY_SINGH_MAHATO,WORK_HASH_9777798375518563666,UNKNOWN_FY
LOK_SABHA,Allocated Limit for Honble MPs (2).csv,454,453,Tamil Nadu,Shri Karti P Chidambaram,SIVAGANGA,159049284.1,159049284.1,159049284.1,OTHER_WORKS,Tamil Nadu,TAMIL NADU,STATE_TAMIL_NADU,SIVAGANGA,SIVAGANGA,CONST_SIVAGANGA,Shri Karti P Chidambaram,KARTI P CHIDAMBARAM,MP_LOK_SABHA_KARTI_P_CHIDAMBARAM,WORK_HASH_12665397938835241393,UNKNOWN_FY
LOK_SABHA,Allocated Limit for Honble MPs (2).csv,455,454,Kerala,Shri Kumbakudi Sudhakaran,KANNUR,147000000.0,147000000.0,147000000.0,OTHER_WORKS,Kerala,KERALA,STATE_KERALA,KANNUR,KANNUR,CONST_KANNUR,Shri Kumbakudi Sudhakaran,KUMBAKUDI SUDHAKARAN,MP_LOK_SABHA_KUMBAKUDI_SUDHAKARAN,WORK_HASH_4739182683650527333,UNKNOWN_FY
LOK_SABHA,Allocated Limit for Honble MPs (2).csv,456,455,Karnataka,Shri LS Tejasvi Surya,BANGALORE SOUTH,147000000.0,147000000.0,147000000.0,OTHER_WORKS,Karnataka,KARNATAKA,STATE_KARNATAKA,BANGALORE SOUTH,BANGALORE SOUTH,CONST_BANGALORE_SOUTH,Shri LS Tejasvi Surya,LS TEJASVI SURYA,MP_LOK_SABHA_LS_TEJASVI_SURYA,WORK_HASH_2730435766254011663,UNKNOWN_FY
LOK_SABHA,Allocated Limit for Honble MPs (2).csv,457,456,Kerala,Shri M K Raghavan,KOZHIKODE,147000000.0,147000000.0,147000000.0,OTHER_WORKS,Kerala,KERALA,STATE_KERALA,KOZHIKODE,KOZHIKODE,CONST_KOZHIKODE,Shri M K Raghavan,M K RAGHAVAN,MP_LOK_SABHA_M_K_RAGHAVAN,WORK_HASH_9905125743727453166,UNKNOWN_FY
LOK_SABHA,Allocated Limit for Honble MPs (2).csv,458,457,Uttar Pradesh,Shri Narendra Modi,VARANASI,162070276.1,162070276.1,162070276.1,OTHER_WORKS,Uttar Pradesh,UTTAR PRADESH,STATE_UTTAR_PRADESH,VARANASI,VARANASI,CONST_VARANASI,Shri Narendra Modi,NARENDRA MODI,MP_LOK_SABHA_NARENDRA_MODI,WORK_HASH_11919440429009973002,UNKNOWN_FY
LOK_SABHA,Allocated Limit for Honble MPs (2).csv,459,458,Kerala,Shri NK Premachandran,KOLLAM,171477994.1,171477994.1,171477994.1,OTHER_WORKS,Kerala,KERALA,STATE_KERALA,KOLLAM,KOLLAM,CONST_KOLLAM,Shri NK Premachandran,NK PREMACHANDRAN,MP_LOK_SABHA_NK_PREMACHANDRAN,WORK_HASH_14788472481579508218,UNKNOWN_FY
LOK_SABHA,Allocated Limit for Honble MPs (2).csv,460,459,Rajasthan,Shri PP Chaudhary,PALI,147000000.0,147000000.0,147000000.0,OTHER_WORKS,Rajasthan,RAJASTHAN,STATE_RAJASTHAN,PALI,PALI,CONST_PALI,Shri PP Chaudhary,PP CHAUDHARY,MP_LOK_SABHA_PP_CHAUDHARY,WORK_HASH_347311273564434846,UNKNOWN_FY
LOK_SABHA,Allocated Limit for Honble MPs (2).csv,461,460,Kerala,Shri Rajmohan Unnithan,KASARAGOD,156754633.1,156754633.1,156754633.1,OTHER_WORKS,Kerala,KERALA,STATE_KERALA,KASARAGOD,KASARAGOD,CONST_KASARAGOD,Shri Rajmohan Unnithan,RAJMOHAN UNNITHAN,MP_LOK_SABHA_RAJMOHAN_UNNITHAN,WORK_HASH_8245612712544771529,UNKNOWN_FY
LOK_SABHA,Allocated Limit for Honble MPs (2).csv,462,461,Assam,Shri Sarbananda Sonowal (18LS),DIBRUGARH,147000000.0,147000000.0,147000000.0,OTHER_WORKS,Assam,ASSAM,STATE_ASSAM,DIBRUGARH,DIBRUGARH,CONST_DIBRUGARH,Shri Sarbananda Sonowal (18LS),SARBANANDA SONOWAL (18LS),MP_LOK_SABHA_SARBANANDA_SONOWAL__18LS_,WORK_HASH_15908469795608118690,UNKNOWN_FY
LOK_SABHA,Allocated Limit for Honble MPs (2).csv,463,462,Uttar Pradesh,Shri Satish Kumar Gautam,ALIGARH,147000000.0,147000000.0,147000000.0,OTHER_WORKS,Uttar Pradesh,UTTAR PRADESH,STATE_UTTAR_PRADESH,ALIGARH,ALIGARH,CONST_ALIGARH,Shri Satish Kumar Gautam,SATISH KUMAR GAUTAM,MP_LOK_SABHA_SATISH_KUMAR_GAUTAM,WORK_HASH_926037615328906747,UNKNOWN_FY
LOK_SABHA,Allocated Limit for Honble MPs (2).csv,464,463,West Bengal,Shri Shantanu Thakur,BANGAON(SC),147000000.0,147000000.0,147000000.0,OTHER_WORKS,West Bengal,WEST BENGAL,STATE_WEST_BENGAL,BANGAON(SC),BANGAON(SC),CONST_BANGAON_SC_,Shri Shantanu Thakur,SHANTANU THAKUR,MP_LOK_SABHA_SHANTANU_THAKUR,WORK_HASH_2990968024139545749,UNKNOWN_FY
LOK_SABHA,Allocated Limit for Honble MPs (2).csv,465,464,Madhya Pradesh,Shri Sudheer Gupta,MANDSOUR,148988014.8,148988014.8,148988014.8,OTHER_WORKS,Madhya Pradesh,MADHYA PRADESH,STATE_MADHYA_PRADESH,MANDSOUR,MANDSOUR,CONST_MANDSOUR,Shri Sudheer Gupta,SUDHEER GUPTA,MP_LOK_SABHA_SUDHEER_GUPTA,WORK_HASH_13114166398864952683,UNKNOWN_FY
LOK_SABHA,Allocated Limit for Honble MPs (2).csv,466,465,Kerala,Shri Suresh Kodikunnil,MAVELIKKARA(SC),172429519.1,172429519.1,172429519.1,OTHER_WORKS,Kerala,KERALA,STATE_KERALA,MAVELIKKARA(SC),MAVELIKKARA(SC),CONST_MAVELIKKARA_SC_,Shri Suresh Kodikunnil,SURESH KODIKUNNIL,MP_LOK_SABHA_SURESH_KODIKUNNIL,WORK_HASH_11636111288123340450,UNKNOWN_FY
LOK_SABHA,Allocated Limit for Honble MPs (2).csv,467,466,Arunachal Pradesh,Shri Tapir Gao,ARUNACHAL EAST,147000000.0,147000000.0,147000000.0,OTHER_WORKS,Arunachal Pradesh,ARUNACHAL PRADESH,STATE_ARUNACHAL_PRADESH,ARUNACHAL EAST,ARUNACHAL EAST,CONST_ARUNACHAL_EAST,Shri Tapir Gao,TAPIR GAO,MP_LOK_SABHA_TAPIR_GAO,WORK_HASH_4159689721437062983,UNKNOWN_FY
LOK_SABHA,Allocated Limit for Honble MPs (2).csv,468,467,Tamil Nadu,Shri vijayakumar Vasanth,KANNIYAKUMARI,171500000.0,171500000.0,171500000.0,OTHER_WORKS,Tamil Nadu,TAMIL NADU,STATE_TAMIL_NADU,KANNIYAKUMARI,KANNIYAKUMARI,CONST_KANNIYAKUMARI,Shri vijayakumar Vasanth,VIJAYAKUMAR VASANTH,MP_LOK_SABHA_VIJAYAKUMAR_VASANTH,WORK_HASH_8986390048443565604,UNKNOWN_FY
LOK_SABHA,Allocated Limit for Honble MPs (2).csv,469,468,Maharashtra,Shrikant Eknath Shinde,KALYAN,147000000.0,147000000.0,147000000.0,OTHER_WORKS,Maharashtra,MAHARASHTRA,STATE_MAHARASHTRA,KALYAN,KALYAN,CONST_KALYAN,Shrikant Eknath Shinde,SHRIKANT EKNATH SHINDE,MP_LOK_SABHA_SHRIKANT_EKNATH_SHINDE,WORK_HASH_4728053827663565951,UNKNOWN_FY
LOK_SABHA,Allocated Limit for Honble MPs (2).csv,470,469,Maharashtra,SHRIMANT CHH UDAYANRAJE PRATAPSINHAMAHARAJ BHONSLE,SATARA,147000000.0,147000000.0,147000000.0,OTHER_WORKS,Maharashtra,MAHARASHTRA,STATE_MAHARASHTRA,SATARA,SATARA,CONST_SATARA,SHRIMANT CHH UDAYANRAJE PRATAPSINHAMAHARAJ BHONSLE,SHRIMANT CHH UDAYANRAJE PRATAPSINHAMAHARAJ BHONSLE,MP_LOK_SABHA_SHRIMANT_CHH_UDAYANRAJE_PRATAPSINHAMAHARAJ_BHONSLE,WORK_HASH_4604597206350245537,UNKNOWN_FY
LOK_SABHA,Allocated Limit for Honble MPs (2).csv,471,470,Goa,Shripad Yesso Naik,NORTH GOA,147000000.0,147000000.0,147000000.0,OTHER_WORKS,Goa,GOA,STATE_GOA,NORTH GOA,NORTH GOA,CONST_NORTH_GOA,Shripad Yesso Naik,SHRIPAD YESSO NAIK,MP_LOK_SABHA_SHRIPAD_YESSO_NAIK,WORK_HASH_11964687053550830912,UNKNOWN_FY
LOK_SABHA,Allocated Limit for Honble MPs (2).csv,472,471,Maharashtra,Shrirang Appa Barne,MAVAL,147000000.0,147000000.0,147000000.0,OTHER_WORKS,Maharashtra,MAHARASHTRA,STATE_MAHARASHTRA,MAVAL,MAVAL,CONST_MAVAL,Shrirang Appa Barne,SHRIRANG APPA BARNE,MP_LOK_SABHA_SHRIRANG_APPA_BARNE,WORK_HASH_8403932130688331430,UNKNOWN_FY
LOK_SABHA,Allocated Limit for Honble MPs (2).csv,473,472,Maharashtra,Shyamkumar,RAMTEK(SC),147000000.0,147000000.0,147000000.0,OTHER_WORKS,Maharashtra,MAHARASHTRA,STATE_MAHARASHTRA,RAMTEK(SC),RAMTEK(SC),CONST_RAMTEK_SC_,Shyamkumar,SHYAMKUMAR,MP_LOK_SABHA_SHYAMKUMAR,WORK_HASH_8605545204151686177,UNKNOWN_FY
LOK_SABHA,Allocated Limit for Honble MPs (2).csv,474,473,Andhra Pradesh,Sivanath Kesineni,VIJAYAWADA,147000000.0,147000000.0,147000000.0,OTHER_WORKS,Andhra Pradesh,ANDHRA PRADESH,STATE_ANDHRA_PRADESH,VIJAYAWADA,VIJAYAWADA,CONST_VIJAYAWADA,Sivanath Kesineni,SIVANATH KESINENI,MP_LOK_SABHA_SIVANATH_KESINENI,WORK_HASH_5937349337471707479,UNKNOWN_FY
LOK_SABHA,Allocated Limit for Honble MPs (2).csv,475,474,West Bengal,SK NURUL ISLAM,BASIRHAT,49000000.0,49000000.0,49000000.0,OTHER_WORKS,West Bengal,WEST BENGAL,STATE_WEST_BENGAL,BASIRHAT,BASIRHAT,CONST_BASIRHAT,SK NURUL ISLAM,SK NURUL ISLAM,MP_LOK_SABHA_SK_NURUL_ISLAM,WORK_HASH_6539916796179598188,UNKNOWN_FY
LOK_SABHA,Allocated Limit for Honble MPs (2).csv,476,475,Maharashtra,SMITA UDAY WAGH,JALGAON,148107373.1,148107373.1,148107373.1,OTHER_WORKS,Maharashtra,MAHARASHTRA,STATE_MAHARASHTRA,JALGAON,JALGAON,CONST_JALGAON,SMITA UDAY WAGH,SMITA UDAY WAGH,MP_LOK_SABHA_SMITA_UDAY_WAGH,WORK_HASH_7770146899734419233,UNKNOWN_FY
LOK_SABHA,Allocated Limit for Honble MPs (2).csv,477,476,Uttar Pradesh,Smt Anupriya Patel,MIRZAPUR,147000000.0,147000000.0,147000000.0,OTHER_WORKS,Uttar Pradesh,UTTAR PRADESH,STATE_UTTAR_PRADESH,MIRZAPUR,MIRZAPUR,CONST_MIRZAPUR,Smt Anupriya Patel,ANUPRIYA PATEL,MP_LOK_SABHA_ANUPRIYA_PATEL,WORK_HASH_9484550910110012520,UNKNOWN_FY
LOK_SABHA,Allocated Limit for Honble MPs (2).csv,478,477,Odisha,Smt Aparajita Sarangi,BHUBANESWAR,147420861.4,147420861.4,147420861.4,OTHER_WORKS,Odisha,ODISHA,STATE_ODISHA,BHUBANESWAR,BHUBANESWAR,CONST_BHUBANESWAR,Smt Aparajita Sarangi,APARAJITA SARANGI,MP_LOK_SABHA_APARAJITA_SARANGI,WORK_HASH_1508904748292508344,UNKNOWN_FY
LOK_SABHA,Allocated Limit for Honble MPs (2).csv,479,478,Uttar Pradesh,Smt Dimple Yadav,MAINPURI,192042469.1,192042469.1,192042469.1,OTHER_WORKS,Uttar Pradesh,UTTAR PRADESH,STATE_UTTAR_PRADESH,MAINPURI,MAINPURI,CONST_MAINPURI,Smt Dimple Yadav,DIMPLE YADAV,MP_LOK_SABHA_DIMPLE_YADAV,WORK_HASH_6370259594029609261,UNKNOWN_FY
LOK_SABHA,Allocated Limit for Honble MPs (2).csv,480,479,Punjab,Smt Harsimrat Kaur Badal,BHATINDA,159775982.4,159775982.4,159775982.4,OTHER_WORKS,Punjab,PUNJAB,STATE_PUNJAB,BHATINDA,BHATINDA,CONST_BHATINDA,Smt Harsimrat Kaur Badal,HARSIMRAT KAUR BADAL,MP_LOK_SABHA_HARSIMRAT_KAUR_BADAL,WORK_HASH_16781191911123942690,UNKNOWN_FY
LOK_SABHA,Allocated Limit for Honble MPs (2).csv,481,480,Uttar Pradesh,Smt Hema Malini,MATHURA,147000000.0,147000000.0,147000000.0,OTHER_WORKS,Uttar Pradesh,UTTAR PRADESH,STATE_UTTAR_PRADESH,MATHURA,MATHURA,CONST_MATHURA,Smt Hema Malini,HEMA MALINI,MP_LOK_SABHA_HEMA_MALINI,WORK_HASH_839694888026030465,UNKNOWN_FY
LOK_SABHA,Allocated Limit for Honble MPs (2).csv,482,481,Madhya Pradesh,Smt Himadri Singh,SHAHDOL (ST),150724861.1,150724861.1,150724861.1,OTHER_WORKS,Madhya Pradesh,MADHYA PRADESH,STATE_MADHYA_PRADESH,SHAHDOL (ST),SHAHDOL (ST),CONST_SHAHDOL__ST_,Smt Himadri Singh,HIMADRI SINGH,MP_LOK_SABHA_HIMADRI_SINGH,WORK_HASH_11833196258764557408,UNKNOWN_FY
LOK_SABHA,Allocated Limit for Honble MPs (2).csv,483,482,Gujarat,Smt Poonamben Hematbhai Maadam,JAMNAGAR,147000000.0,147000000.0,147000000.0,OTHER_WORKS,Gujarat,GUJARAT,STATE_GUJARAT,JAMNAGAR,JAMNAGAR,CONST_JAMNAGAR,Smt Poonamben Hematbhai Maadam,POONAMBEN HEMATBHAI MAADAM,MP_LOK_SABHA_POONAMBEN_HEMATBHAI_MAADAM,WORK_HASH_1220445589864572560,UNKNOWN_FY
LOK_SABHA,Allocated Limit for Honble MPs (2).csv,484,483,Maharashtra,Smt Raksha Nikhil Khadse,RAVER,153112586.1,153112586.1,153112586.1,OTHER_WORKS,Maharashtra,MAHARASHTRA,STATE_MAHARASHTRA,RAVER,RAVER,CONST_RAVER,Smt Raksha Nikhil Khadse,RAKSHA NIKHIL KHADSE,MP_LOK_SABHA_RAKSHA_NIKHIL_KHADSE,WORK_HASH_1863609999526458665,UNKNOWN_FY
LOK_SABHA,Allocated Limit for Honble MPs (2).csv,485,484,Tamil Nadu,Smt S Jothimani,KARUR,147000000.0,147000000.0,147000000.0,OTHER_WORKS,Tamil Nadu,TAMIL NADU,STATE_TAMIL_NADU,KARUR,KARUR,CONST_KARUR,Smt S Jothimani,S JOTHIMANI,MP_LOK_SABHA_S_JOTHIMANI,WORK_HASH_13431809243032856595,UNKNOWN_FY
LOK_SABHA,Allocated Limit for Honble MPs (2).csv,486,485,West Bengal,Smt Sajda Ahmed,ULUBERIA,147000000.0,147000000.0,147000000.0,OTHER_WORKS,West Bengal,WEST BENGAL,STATE_WEST_BENGAL,ULUBERIA,ULUBERIA,CONST_ULUBERIA,Smt Sajda Ahmed,SAJDA AHMED,MP_LOK_SABHA_SAJDA_AHMED,WORK_HASH_7216581644025255709,UNKNOWN_FY
LOK_SABHA,Allocated Limit for Honble MPs (2).csv,487,486,Madhya Pradesh,Smt Sandhya Ray,BHIND(SC),147000000.0,147000000.0,147000000.0,OTHER_WORKS,Madhya Pradesh,MADHYA PRADESH,STATE_MADHYA_PRADESH,BHIND(SC),BHIND(SC),CONST_BHIND_SC_,Smt Sandhya Ray,SANDHYA RAY,MP_LOK_SABHA_SANDHYA_RAY,WORK_HASH_7256426369706338869,UNKNOWN_FY
LOK_SABHA,Allocated Limit for Honble MPs (2).csv,488,487,Odisha,Smt Sangeeta Kumari Singh Deo,BOLANGIR,147000000.0,147000000.0,147000000.0,OTHER_WORKS,Odisha,ODISHA,STATE_ODISHA,BOLANGIR,BOLANGIR,CONST_BOLANGIR,Smt Sangeeta Kumari Singh Deo,SANGEETA KUMARI SINGH DEO,MP_LOK_SABHA_SANGEETA_KUMARI_SINGH_DEO,WORK_HASH_13735409440107799218,UNKNOWN_FY
LOK_SABHA,Allocated Limit for Honble MPs (2).csv,489,488,West Bengal,Smt Satabdi Roy (Banerjee),BIRBHUM,147000000.0,147000000.0,147000000.0,OTHER_WORKS,West Bengal,WEST BENGAL,STATE_WEST_BENGAL,BIRBHUM,BIRBHUM,CONST_BIRBHUM,Smt Satabdi Roy (Banerjee),SATABDI ROY (BANERJEE),MP_LOK_SABHA_SATABDI_ROY__BANERJEE_,WORK_HASH_947134909909359358,UNKNOWN_FY
LOK_SABHA,Allocated Limit for Honble MPs (2).csv,490,489,Maharashtra,Smt Supriya Sadanand Sule,BARAMATI,147000000.0,147000000.0,147000000.0,OTHER_WORKS,Maharashtra,MAHARASHTRA,STATE_MAHARASHTRA,BARAMATI,BARAMATI,CONST_BARAMATI,Smt Supriya Sadanand Sule,SUPRIYA SADANAND SULE,MP_LOK_SABHA_SUPRIYA_SADANAND_SULE,WORK_HASH_6659676797024797143,UNKNOWN_FY
LOK_SABHA,Allocated Limit for Honble MPs (2).csv,491,490,Bihar,Smt Veena Devi,VAISHALI,147000000.0,147000000.0,147000000.0,OTHER_WORKS,Bihar,BIHAR,STATE_BIHAR,VAISHALI,VAISHALI,CONST_VAISHALI,Smt Veena Devi,VEENA DEVI,MP_LOK_SABHA_VEENA_DEVI,WORK_HASH_13636177405503477559,UNKNOWN_FY
LOK_SABHA,Allocated Limit for Honble MPs (2).csv,492,491,Andhra Pradesh,Sribharat MathuKumli,VISAKHAPATNAM,164841922.0,164841922.0,164841922.0,OTHER_WORKS,Andhra Pradesh,ANDHRA PRADESH,STATE_ANDHRA_PRADESH,VISAKHAPATNAM,VISAKHAPATNAM,CONST_VISAKHAPATNAM,Sribharat MathuKumli,SRIBHARAT MATHUKUMLI,MP_LOK_SABHA_SRIBHARAT_MATHUKUMLI,WORK_HASH_14114557146812296425,UNKNOWN_FY
LOK_SABHA,Allocated Limit for Honble MPs (2).csv,493,492,Bihar,SUDAMA PRASAD,ARRAH,147000000.0,147000000.0,147000000.0,OTHER_WORKS,Bihar,BIHAR,STATE_BIHAR,ARRAH,ARRAH,CONST_ARRAH,SUDAMA PRASAD,SUDAMA PRASAD,MP_LOK_SABHA_SUDAMA_PRASAD,WORK_HASH_2449508173345539506,UNKNOWN_FY
LOK_SABHA,Allocated Limit for Honble MPs (2).csv,494,493,Tamil Nadu,SUDHA R,MAYILADUTHURAI,147332315.1,147332315.1,147332315.1,OTHER_WORKS,Tamil Nadu,TAMIL NADU,STATE_TAMIL_NADU,MAYILADUTHURAI,MAYILADUTHURAI,CONST_MAYILADUTHURAI,SUDHA R,SUDHA R,MP_LOK_SABHA_SUDHA_R,WORK_HASH_13059660169057300805,UNKNOWN_FY
LOK_SABHA,Allocated Limit for Honble MPs (2).csv,495,494,Bihar,SUDHAKAR SINGH,BUXAR,185211956.5,185211956.5,185211956.5,OTHER_WORKS,Bihar,BIHAR,STATE_BIHAR,BUXAR,BUXAR,CONST_BUXAR,SUDHAKAR SINGH,SUDHAKAR SINGH,MP_LOK_SABHA_SUDHAKAR_SINGH,WORK_HASH_3089429931006551408,UNKNOWN_FY
LOK_SABHA,Allocated Limit for Honble MPs (2).csv,496,495,West Bengal,Sudip Bandyopadhyay,KOLKATA UTTAR,147000000.0,147000000.0,147000000.0,OTHER_WORKS,West Bengal,WEST BENGAL,STATE_WEST_BENGAL,KOLKATA UTTAR,KOLKATA UTTAR,CONST_KOLKATA_UTTAR,Sudip Bandyopadhyay,SUDIP BANDYOPADHYAY,MP_LOK_SABHA_SUDIP_BANDYOPADHYAY,WORK_HASH_13681042989462572616,UNKNOWN_FY
LOK_SABHA,Allocated Limit for Honble MPs (2).csv,497,496,Odisha,SUKANTA KUMAR PANIGRAHI,KANDHAMAL,190712424.1,190712424.1,190712424.1,OTHER_WORKS,Odisha,ODISHA,STATE_ODISHA,KANDHAMAL,KANDHAMAL,CONST_KANDHAMAL,SUKANTA KUMAR PANIGRAHI,SUKANTA KUMAR PANIGRAHI,MP_LOK_SABHA_SUKANTA_KUMAR_PANIGRAHI,WORK_HASH_7919722675934763922,UNKNOWN_FY
LOK_SABHA,Allocated Limit for Honble MPs (2).csv,498,497,Jharkhand,SUKHDEO BHAGAT,LOHARDAGA(ST),171821957.1,171821957.1,171821957.1,OTHER_WORKS,Jharkhand,JHARKHAND,STATE_JHARKHAND,LOHARDAGA(ST),LOHARDAGA(ST),CONST_LOHARDAGA_ST_,SUKHDEO BHAGAT,SUKHDEO BHAGAT,MP_LOK_SABHA_SUKHDEO_BHAGAT,WORK_HASH_18216019309850714744,UNKNOWN_FY
LOK_SABHA,Allocated Limit for Honble MPs (2).csv,499,498,Punjab,SUKHJINDER SINGH RANDHAWA,GURDASPUR,147000000.0,147000000.0,147000000.0,OTHER_WORKS,Punjab,PUNJAB,STATE_PUNJAB,GURDASPUR,GURDASPUR,CONST_GURDASPUR,SUKHJINDER SINGH RANDHAWA,SUKHJINDER SINGH RANDHAWA,MP_LOK_SABHA_SUKHJINDER_SINGH_RANDHAWA,WORK_HASH_12164324177341477275,UNKNOWN_FY
LOK_SABHA,Allocated Limit for Honble MPs (2).csv,500,499,Karnataka,SUNIL BOSE,CHAMARAJANAGAR(SC),147000000.0,147000000.0,147000000.0,OTHER_WORKS,Karnataka,KARNATAKA,STATE_KARNATAKA,CHAMARAJANAGAR(SC),CHAMARAJANAGAR(SC),CONST_CHAMARAJANAGAR_SC_,SUNIL BOSE,SUNIL BOSE,MP_LOK_SABHA_SUNIL_BOSE,WORK_HASH_2139908618758498907,UNKNOWN_FY
LOK_SABHA,Allocated Limit for Honble MPs (2).csv,501,500,Maharashtra,Sunil Dattatray Tatkare,RAIGAD,147000000.0,147000000.0,147000000.0,OTHER_WORKS,Maharashtra,MAHARASHTRA,STATE_MAHARASHTRA,RAIGAD,RAIGAD,CONST_RAIGAD,Sunil Dattatray Tatkare,SUNIL DATTATRAY TATKARE,MP_LOK_SABHA_SUNIL_DATTATRAY_TATKARE,WORK_HASH_368439701073249433,UNKNOWN_FY
LOK_SABHA,Allocated Limit for Honble MPs (2).csv,502,501,Bihar,Sunil Kumar,VALMIKI NAGAR,147000000.0,147000000.0,147000000.0,OTHER_WORKS,Bihar,BIHAR,STATE_BIHAR,VALMIKI NAGAR,VALMIKI NAGAR,CONST_VALMIKI_NAGAR,Sunil Kumar,SUNIL KUMAR,MP_LOK_SABHA_SUNIL_KUMAR,WORK_HASH_14894764981287261344,UNKNOWN_FY
LOK_SABHA,Allocated Limit for Honble MPs (2).csv,503,502,Bihar,SURENDRA PRASAD YADAV,JAHANABAD,155325714.0,155325714.0,155325714.0,OTHER_WORKS,Bihar,BIHAR,STATE_BIHAR,JAHANABAD,JAHANABAD,CONST_JAHANABAD,SURENDRA PRASAD YADAV,SURENDRA PRASAD YADAV,MP_LOK_SABHA_SURENDRA_PRASAD_YADAV,WORK_HASH_4052298308727534465,UNKNOWN_FY
LOK_SABHA,Allocated Limit for Honble MPs (2).csv,504,503,Kerala,SURESH GOPI,THRISSUR,147000000.0,147000000.0,147000000.0,OTHER_WORKS,Kerala,KERALA,STATE_KERALA,THRISSUR,THRISSUR,CONST_THRISSUR,SURESH GOPI,SURESH GOPI,MP_LOK_SABHA_SURESH_GOPI,WORK_HASH_17636103563859923623,UNKNOWN_FY
LOK_SABHA,Allocated Limit for Honble MPs (2).csv,505,504,Himachal Pradesh,Suresh Kumar Kashyap,SHIMLA (SC),153563957.1,153563957.1,153563957.1,OTHER_WORKS,Himachal Pradesh,HIMACHAL PRADESH,STATE_HIMACHAL_PRADESH,SHIMLA (SC),SHIMLA (SC),CONST_SHIMLA__SC_,Suresh Kumar Kashyap,SURESH KUMAR KASHYAP,MP_LOK_SABHA_SURESH_KUMAR_KASHYAP,WORK_HASH_6133743402978638999,UNKNOWN_FY
LOK_SABHA,Allocated Limit for Honble MPs (2).csv,506,505,Telangana,SURESH KUMAR SHETKAR,ZAHIRABAD,147000000.0,147000000.0,147000000.0,OTHER_WORKS,Telangana,TELANGANA,STATE_TELANGANA,ZAHIRABAD,ZAHIRABAD,CONST_ZAHIRABAD,SURESH KUMAR SHETKAR,SURESH KUMAR SHETKAR,MP_LOK_SABHA_SURESH_KUMAR_SHETKAR,WORK_HASH_5878532126546254216,UNKNOWN_FY
LOK_SABHA,Allocated Limit for Honble MPs (2).csv,507,506,Uttar Pradesh,Swami Sachchidanandhari Sakshi ji Maharaj,UNNAO,147000000.0,147000000.0,147000000.0,OTHER_WORKS,Uttar Pradesh,UTTAR PRADESH,STATE_UTTAR_PRADESH,UNNAO,UNNAO,CONST_UNNAO,Swami Sachchidanandhari Sakshi ji Maharaj,SWAMI SACHCHIDANANDHARI SAKSHI JI MAHARAJ,MP_LOK_SABHA_SWAMI_SACHCHIDANANDHARI_SAKSHI_JI_MAHARAJ,WORK_HASH_951895928972784113,UNKNOWN_FY
LOK_SABHA,Allocated Limit for Honble MPs (2).csv,508,507,Tamil Nadu,T Sumathy (A) Thamizhachi Thangapandian,CHENNAI SOUTH,147000000.0,147000000.0,147000000.0,OTHER_WORKS,Tamil Nadu,TAMIL NADU,STATE_TAMIL_NADU,CHENNAI SOUTH,CHENNAI SOUTH,CONST_CHENNAI_SOUTH,T Sumathy (A) Thamizhachi Thangapandian,T SUMATHY (A) THAMIZHACHI THANGAPANDIAN,MP_LOK_SABHA_T_SUMATHY__A__THAMIZHACHI_THANGAPANDIAN,WORK_HASH_2674407640300613523,UNKNOWN_FY
LOK_SABHA,Allocated Limit for Honble MPs (2).csv,509,508,Andhra Pradesh,TANGELLA UDAY SRINIVAS,KAKINADA,199417886.8,199417886.8,199417886.8,OTHER_WORKS,Andhra Pradesh,ANDHRA PRADESH,STATE_ANDHRA_PRADESH,KAKINADA,KAKINADA,CONST_KAKINADA,TANGELLA UDAY SRINIVAS,TANGELLA UDAY SRINIVAS,MP_LOK_SABHA_TANGELLA_UDAY_SRINIVAS,WORK_HASH_2694097246291424681,UNKNOWN_FY
LOK_SABHA,Allocated Limit for Honble MPs (2).csv,510,509,Uttar Pradesh,TANUJ PUNIA,BARABANKI(SC),148198170.1,148198170.1,148198170.1,OTHER_WORKS,Uttar Pradesh,UTTAR PRADESH,STATE_UTTAR_PRADESH,BARABANKI(SC),BARABANKI(SC),CONST_BARABANKI_SC_,TANUJ PUNIA,TANUJ PUNIA,MP_LOK_SABHA_TANUJ_PUNIA,WORK_HASH_10886562884052789021,UNKNOWN_FY
LOK_SABHA,Allocated Limit for Honble MPs (2).csv,511,510,Bihar,TARIQ ANWAR,KATIHAR,147000000.0,147000000.0,147000000.0,OTHER_WORKS,Bihar,BIHAR,STATE_BIHAR,KATIHAR,KATIHAR,CONST_KATIHAR,TARIQ ANWAR,TARIQ ANWAR,MP_LOK_SABHA_TARIQ_ANWAR,WORK_HASH_6257638093193615607,UNKNOWN_FY
LOK_SABHA,Allocated Limit for Honble MPs (2).csv,512,511,Tamil Nadu,Thalikkottai Rajuthevar Baalu,SRIPERUMBUDUR,196905535.1,196905535.1,196905535.1,OTHER_WORKS,Tamil Nadu,TAMIL NADU,STATE_TAMIL_NADU,SRIPERUMBUDUR,SRIPERUMBUDUR,CONST_SRIPERUMBUDUR,Thalikkottai Rajuthevar Baalu,THALIKKOTTAI RAJUTHEVAR BAALU,MP_LOK_SABHA_THALIKKOTTAI_RAJUTHEVAR_BAALU,WORK_HASH_2858626007692970036,UNKNOWN_FY
LOK_SABHA,Allocated Limit for Honble MPs (2).csv,513,512,Tamil Nadu,THANGA TAMILSELVAN,THENI,147000000.0,147000000.0,147000000.0,OTHER_WORKS,Tamil Nadu,TAMIL NADU,STATE_TAMIL_NADU,THENI,THENI,CONST_THENI,THANGA TAMILSELVAN,THANGA TAMILSELVAN,MP_LOK_SABHA_THANGA_TAMILSELVAN,WORK_HASH_129162199229145493,UNKNOWN_FY
LOK_SABHA,Allocated Limit for Honble MPs (2).csv,514,513,Tamil Nadu,THARANIVENTHAN M S,ARANI,168337124.4,168337124.4,168337124.4,OTHER_WORKS,Tamil Nadu,TAMIL NADU,STATE_TAMIL_NADU,ARANI,ARANI,CONST_ARANI,THARANIVENTHAN M S,THARANIVENTHAN M S,MP_LOK_SABHA_THARANIVENTHAN_M_S,WORK_HASH_10887670479118519343,UNKNOWN_FY
LOK_SABHA,Allocated Limit for Honble MPs (2).csv,515,514,Tamil Nadu,Thiru Dayanidhi Maran,CHENNAI CENTRAL,147000000.0,147000000.0,147000000.0,OTHER_WORKS,Tamil Nadu,TAMIL NADU,STATE_TAMIL_NADU,CHENNAI CENTRAL,CHENNAI CENTRAL,CONST_CHENNAI_CENTRAL,Thiru Dayanidhi Maran,THIRU DAYANIDHI MARAN,MP_LOK_SABHA_THIRU_DAYANIDHI_MARAN,WORK_HASH_17845060648726708852,UNKNOWN_FY
LOK_SABHA,Allocated Limit for Honble MPs (2).csv,516,515,Tamil Nadu,Thirumaa Valavan Thol,CHIDAMBARAM(SC),147000000.0,147000000.0,147000000.0,OTHER_WORKS,Tamil Nadu,TAMIL NADU,STATE_TAMIL_NADU,CHIDAMBARAM(SC),CHIDAMBARAM(SC),CONST_CHIDAMBARAM_SC_,Thirumaa Valavan Thol,THIRUMAA VALAVAN THOL,MP_LOK_SABHA_THIRUMAA_VALAVAN_THOL,WORK_HASH_6341758240126241349,UNKNOWN_FY
LOK_SABHA,Allocated Limit for Honble MPs (2).csv,517,516,Chhattisgarh,TOKHAN SAHU,BILASPUR,147000000.0,147000000.0,147000000.0,OTHER_WORKS,Chhattisgarh,CHHATTISGARH,STATE_CHHATTISGARH,BILASPUR,BILASPUR,CONST_BILASPUR,TOKHAN SAHU,TOKHAN SAHU,MP_LOK_SABHA_TOKHAN_SAHU,WORK_HASH_4520272516979295824,UNKNOWN_FY
LOK_SABHA,Allocated Limit for Honble MPs (2).csv,518,517,Uttarakhand,TRIVENDRA SINGH RAWAT,HARDWAR,147000000.0,147000000.0,147000000.0,OTHER_WORKS,Uttarakhand,UTTARAKHAND,STATE_UTTARAKHAND,HARDWAR,HARDWAR,CONST_HARDWAR,TRIVENDRA SINGH RAWAT,TRIVENDRA SINGH RAWAT,MP_LOK_SABHA_TRIVENDRA_SINGH_RAWAT,WORK_HASH_2422340819110942232,UNKNOWN_FY
LOK_SABHA,Allocated Limit for Honble MPs (2).csv,519,518,Uttar Pradesh,UJJWAL RAMAN SINGH,ALLAHABAD,147000000.0,147000000.0,147000000.0,OTHER_WORKS,Uttar Pradesh,UTTAR PRADESH,STATE_UTTAR_PRADESH,ALLAHABAD,ALLAHABAD,CONST_ALLAHABAD,UJJWAL RAMAN SINGH,UJJWAL RAMAN SINGH,MP_LOK_SABHA_UJJWAL_RAMAN_SINGH,WORK_HASH_315738992591447236,UNKNOWN_FY
LOK_SABHA,Allocated Limit for Honble MPs (2).csv,520,519,Rajasthan,UMMEDA RAM BENIWAL,BARMER,147000000.0,147000000.0,147000000.0,OTHER_WORKS,Rajasthan,RAJASTHAN,STATE_RAJASTHAN,BARMER,BARMER,CONST_BARMER,UMMEDA RAM BENIWAL,UMMEDA RAM BENIWAL,MP_LOK_SABHA_UMMEDA_RAM_BENIWAL,WORK_HASH_7214338626482740530,UNKNOWN_FY
LOK_SABHA,Allocated Limit for Honble MPs (2).csv,521,520,Uttar Pradesh,UTKARSH VERMA MADHUR,KHERI,147000000.0,147000000.0,147000000.0,OTHER_WORKS,Uttar Pradesh,UTTAR PRADESH,STATE_UTTAR_PRADESH,KHERI,KHERI,CONST_KHERI,UTKARSH VERMA MADHUR,UTKARSH VERMA MADHUR,MP_LOK_SABHA_UTKARSH_VERMA_MADHUR,WORK_HASH_7702329068832393859,UNKNOWN_FY
LOK_SABHA,Allocated Limit for Honble MPs (2).csv,522,521,Tamil Nadu,V S Matheswaran,NAMAKKAL,162539930.1,162539930.1,162539930.1,OTHER_WORKS,Tamil Nadu,TAMIL NADU,STATE_TAMIL_NADU,NAMAKKAL,NAMAKKAL,CONST_NAMAKKAL,V S Matheswaran,V S MATHESWARAN,MP_LOK_SABHA_V_S_MATHESWARAN,WORK_HASH_9509638458701179539,UNKNOWN_FY
LOK_SABHA,Allocated Limit for Honble MPs (2).csv,523,522,Karnataka,V. SOMANNA,TUMKUR,147000000.0,147000000.0,147000000.0,OTHER_WORKS,Karnataka,KARNATAKA,STATE_KARNATAKA,TUMKUR,TUMKUR,CONST_TUMKUR,V. SOMANNA,V. SOMANNA,MP_LOK_SABHA_V__SOMANNA,WORK_HASH_4688993780145897328,UNKNOWN_FY
LOK_SABHA,Allocated Limit for Honble MPs (2).csv,524,523,Puducherry,Vaithilingam Ve,Puducherry,209368972.1,209368972.1,209368972.1,OTHER_WORKS,Puducherry,PUDUCHERRY,STATE_PUDUCHERRY,Puducherry,PUDUCHERRY,CONST_PUDUCHERRY,Vaithilingam Ve,VAITHILINGAM VE,MP_LOK_SABHA_VAITHILINGAM_VE,WORK_HASH_15858097669552884992,UNKNOWN_FY
LOK_SABHA,Allocated Limit for Honble MPs (2).csv,525,524,Telangana,VAMSI KRISHNA GADDAM,PEDDAPALLE,148451721.1,148451721.1,148451721.1,OTHER_WORKS,Telangana,TELANGANA,STATE_TELANGANA,PEDDAPALLE,PEDDAPALLE,CONST_PEDDAPALLE,VAMSI KRISHNA GADDAM,VAMSI KRISHNA GADDAM,MP_LOK_SABHA_VAMSI_KRISHNA_GADDAM,WORK_HASH_3375630701393895188,UNKNOWN_FY
LOK_SABHA,Allocated Limit for Honble MPs (2).csv,526,525,Haryana,VARUN CHAUDHRY,AMBALA (SC),255454264.0,255454264.0,255454264.0,OTHER_WORKS,Haryana,HARYANA,STATE_HARYANA,AMBALA (SC),AMBALA (SC),CONST_AMBALA__SC_,VARUN CHAUDHRY,VARUN CHAUDHRY,MP_LOK_SABHA_VARUN_CHAUDHRY,WORK_HASH_15085197923787863610,UNKNOWN_FY
LOK_SABHA,Allocated Limit for Honble MPs (2).csv,527,526,Kerala,Vellalath Kochukrishnan Nair Sreekandan,PALAKKAD,167807990.1,167807990.1,167807990.1,OTHER_WORKS,Kerala,KERALA,STATE_KERALA,PALAKKAD,PALAKKAD,CONST_PALAKKAD,Vellalath Kochukrishnan Nair Sreekandan,VELLALATH KOCHUKRISHNAN NAIR SREEKANDAN,MP_LOK_SABHA_VELLALATH_KOCHUKRISHNAN_NAIR_SREEKANDAN,WORK_HASH_17672141761834106360,UNKNOWN_FY
LOK_SABHA,Allocated Limit for Honble MPs (2).csv,528,527,Chhattisgarh,Vijay Baghel,DURG,147000000.0,147000000.0,147000000.0,OTHER_WORKS,Chhattisgarh,CHHATTISGARH,STATE_CHHATTISGARH,DURG,DURG,CONST_DURG,Vijay Baghel,VIJAY BAGHEL,MP_LOK_SABHA_VIJAY_BAGHEL,WORK_HASH_5161774561216578675,UNKNOWN_FY
LOK_SABHA,Allocated Limit for Honble MPs (2).csv,529,528,Uttar Pradesh,Vijay Kumar Dubey,KUSHI NAGAR,148900000.0,148900000.0,148900000.0,OTHER_WORKS,Uttar Pradesh,UTTAR PRADESH,STATE_UTTAR_PRADESH,KUSHI NAGAR,KUSHI NAGAR,CONST_KUSHI_NAGAR,Vijay Kumar Dubey,VIJAY KUMAR DUBEY,MP_LOK_SABHA_VIJAY_KUMAR_DUBEY,WORK_HASH_11073968646758861259,UNKNOWN_FY
LOK_SABHA,Allocated Limit for Honble MPs (2).csv,530,529,Jharkhand,Vijay Kumar Hansdak,RAJMAHAL(ST),147223957.1,147223957.1,147223957.1,OTHER_WORKS,Jharkhand,JHARKHAND,STATE_JHARKHAND,RAJMAHAL(ST),RAJMAHAL(ST),CONST_RAJMAHAL_ST_,Vijay Kumar Hansdak,VIJAY KUMAR HANSDAK,MP_LOK_SABHA_VIJAY_KUMAR_HANSDAK,WORK_HASH_17688241482673542230,UNKNOWN_FY
LOK_SABHA,Allocated Limit for Honble MPs (2).csv,531,530,Bihar,VIJAYLAKSHMI DEVI,SIWAN,147000000.0,147000000.0,147000000.0,OTHER_WORKS,Bihar,BIHAR,STATE_BIHAR,SIWAN,SIWAN,CONST_SIWAN,VIJAYLAKSHMI DEVI,VIJAYLAKSHMI DEVI,MP_LOK_SABHA_VIJAYLAKSHMI_DEVI,WORK_HASH_691287981812103912,UNKNOWN_FY
LOK_SABHA,Allocated Limit for Honble MPs (2).csv,532,531,Gujarat,Vinod Chavda,KACHCHH(SC),147000000.0,147000000.0,147000000.0,OTHER_WORKS,Gujarat,GUJARAT,STATE_GUJARAT,KACHCHH(SC),KACHCHH(SC),CONST_KACHCHH_SC_,Vinod Chavda,VINOD CHAVDA,MP_LOK_SABHA_VINOD_CHAVDA,WORK_HASH_9796373155547276182,UNKNOWN_FY
LOK_SABHA,Allocated Limit for Honble MPs (2).csv,533,532,Uttar Pradesh,VINOD KUMAR BIND,BHADOHI,147000000.0,147000000.0,147000000.0,OTHER_WORKS,Uttar Pradesh,UTTAR PRADESH,STATE_UTTAR_PRADESH,BHADOHI,BHADOHI,CONST_BHADOHI,VINOD KUMAR BIND,VINOD KUMAR BIND,MP_LOK_SABHA_VINOD_KUMAR_BIND,WORK_HASH_10144243444177893950,UNKNOWN_FY
LOK_SABHA,Allocated Limit for Honble MPs (2).csv,534,533,Madhya Pradesh,Virendra Kumar,TIKAMGARH(SC),147000000.0,147000000.0,147000000.0,OTHER_WORKS,Madhya Pradesh,MADHYA PRADESH,STATE_MADHYA_PRADESH,TIKAMGARH(SC),TIKAMGARH(SC),CONST_TIKAMGARH_SC_,Virendra Kumar,VIRENDRA KUMAR,MP_LOK_SABHA_VIRENDRA_KUMAR,WORK_HASH_5612585462583428511,UNKNOWN_FY
LOK_SABHA,Allocated Limit for Honble MPs (2).csv,535,534,Uttar Pradesh,VIRENDRA SINGH,CHANDAULI,147000000.0,147000000.0,147000000.0,OTHER_WORKS,Uttar Pradesh,UTTAR PRADESH,STATE_UTTAR_PRADESH,CHANDAULI,CHANDAULI,CONST_CHANDAULI,VIRENDRA SINGH,VIRENDRA SINGH,MP_LOK_SABHA_VIRENDRA_SINGH,WORK_HASH_6807460164285993435,UNKNOWN_FY
LOK_SABHA,Allocated Limit for Honble MPs (2).csv,536,535,Maharashtra,VISHAL,SANGLI,147000000.0,147000000.0,147000000.0,OTHER_WORKS,Maharashtra,MAHARASHTRA,STATE_MAHARASHTRA,SANGLI,SANGLI,CONST_SANGLI,VISHAL,VISHAL,MP_LOK_SABHA_VISHAL,WORK_HASH_1740696677950762266,UNKNOWN_FY
LOK_SABHA,Allocated Limit for Honble MPs (2).csv,537,536,Jharkhand,Vishnu Dayal Ram,PALAMU(SC),158176083.1,158176083.1,158176083.1,OTHER_WORKS,Jharkhand,JHARKHAND,STATE_JHARKHAND,PALAMU(SC),PALAMU(SC),CONST_PALAMU_SC_,Vishnu Dayal Ram,VISHNU DAYAL RAM,MP_LOK_SABHA_VISHNU_DAYAL_RAM,WORK_HASH_17943239328410155488,UNKNOWN_FY
LOK_SABHA,Allocated Limit for Honble MPs (2).csv,538,537,Madhya Pradesh,Vishnu Dutt Sharma,KHAJURAHO,147000000.0,147000000.0,147000000.0,OTHER_WORKS,Madhya Pradesh,MADHYA PRADESH,STATE_MADHYA_PRADESH,KHAJURAHO,KHAJURAHO,CONST_KHAJURAHO,Vishnu Dutt Sharma,VISHNU DUTT SHARMA,MP_LOK_SABHA_VISHNU_DUTT_SHARMA,WORK_HASH_15063571728566795239,UNKNOWN_FY
LOK_SABHA,Allocated Limit for Honble MPs (2).csv,539,538,Karnataka,VISHWESHWAR HEGDE KAGERI,UTTARA KANNADA,147000000.0,147000000.0,147000000.0,OTHER_WORKS,Karnataka,KARNATAKA,STATE_KARNATAKA,UTTARA KANNADA,UTTARA KANNADA,CONST_UTTARA_KANNADA,VISHWESHWAR HEGDE KAGERI,VISHWESHWAR HEGDE KAGERI,MP_LOK_SABHA_VISHWESHWAR_HEGDE_KAGERI,WORK_HASH_3531192610552004108,UNKNOWN_FY
LOK_SABHA,Allocated Limit for Honble MPs (2).csv,540,539,Bihar,VIVEK THAKUR,NAWADA,147000000.0,147000000.0,147000000.0,OTHER_WORKS,Bihar,BIHAR,STATE_BIHAR,NAWADA,NAWADA,CONST_NAWADA,VIVEK THAKUR,VIVEK THAKUR,MP_LOK_SABHA_VIVEK_THAKUR,WORK_HASH_13877792757963946628,UNKNOWN_FY
LOK_SABHA,Allocated Limit for Honble MPs (2).csv,541,540,Andhra Pradesh,Y S Avinash Reddy,KADAPA,156430260.1,156430260.1,156430260.1,OTHER_WORKS,Andhra Pradesh,ANDHRA PRADESH,STATE_ANDHRA_PRADESH,KADAPA,KADAPA,CONST_KADAPA,Y S Avinash Reddy,Y S AVINASH REDDY,MP_LOK_SABHA_Y_S_AVINASH_REDDY,WORK_HASH_18412820418103030036,UNKNOWN_FY
LOK_SABHA,Allocated Limit for Honble MPs (2).csv,542,541,Karnataka,YADUVEER KRISHNADATTA CHAMARAJA WADIYAR,MYSORE,147000000.0,147000000.0,147000000.0,OTHER_WORKS,Karnataka,KARNATAKA,STATE_KARNATAKA,MYSORE,MYSORE,CONST_MYSORE,YADUVEER KRISHNADATTA CHAMARAJA WADIYAR,YADUVEER KRISHNADATTA CHAMARAJA WADIYAR,MP_LOK_SABHA_YADUVEER_KRISHNADATTA_CHAMARAJA_WADIYAR,WORK_HASH_7853528379226285817,UNKNOWN_FY
LOK_SABHA,Allocated Limit for Honble MPs (2).csv,543,542,Delhi,Yogendra Chandoliya,NORTH WEST DELHI(SC),147876307.0,147876307.0,147876307.0,OTHER_WORKS,Delhi,DELHI,STATE_DELHI,NORTH WEST DELHI(SC),NORTH WEST DELHI(SC),CONST_NORTH_WEST_DELHI_SC_,Yogendra Chandoliya,YOGENDRA CHANDOLIYA,MP_LOK_SABHA_YOGENDRA_CHANDOLIYA,WORK_HASH_516545578373337535,UNKNOWN_FY
LOK_SABHA,Allocated Limit for Honble MPs (2).csv,544,543,Uttar Pradesh,ZIA UR REHMAN,SAMBHAL,147000000.0,147000000.0,147000000.0,OTHER_WORKS,Uttar Pradesh,UTTAR PRADESH,STATE_UTTAR_PRADESH,SAMBHAL,SAMBHAL,CONST_SAMBHAL,ZIA UR REHMAN,ZIA UR REHMAN,MP_LOK_SABHA_ZIA_UR_REHMAN,WORK_HASH_3348216823285119949,UNKNOWN_FY
