vendor_id,name
VEND_1E2CDFF8,KRIDL BHUSIRI ACCOUNT WORKS
VEND_FE50AC27,DARSH BUILDCON
VEND_D5832290,MEMBER SECY OB AND OC WWB BBSR
VEND_D4B439A8,BHARGAV SUMANTRAI PATEL
VEND_922257FD,R G SUPLLIER
VEND_0521784E,AJAY KUMAR SINGH
VEND_4C86DFA5,VIJAYA VIKRAM CONSTRUCTIONS
VEND_86E539F4,SHRI GURU NANAK INTERLOCKING CEMENT TILE
VEND_7CD9634C,RAJAT SUBHRA MANDAL
VEND_3B78FD88,BIRENDRA KUMAR MAHATO
VEND_B39450F9,SML ISUZU LTD
VEND_4C18AAAF,FPLUS ENTERPRISES
VEND_9BBC1F4B,MRK CONSTRUCTIONS
VEND_0703F738,SIDHU CEMENT STORE FATEHGARH CHANNA
VEND_6D248EF6,DASHMESH ENGG WORKS
VEND_57B29D02,SABBIR ANSARI
VEND_2A30A69C,SAI ENTERPRISES
VEND_E8770F21,TANYA CONSTRUCTION
VEND_08913FC4,JUNIOR ENGINEER RDSD BOKARO
VEND_E8A62730,SURINDER TRADERS
VEND_0F86844B,RAVEENDHRA G
VEND_81E50225,NIRMITHI KENDRA SHIVAMOGGA
VEND_C8ED4105,ADARSH KUMAR
VEND_937655FF,SIMPI
VEND_EBD87846,SRI SAI ENTERPRISES
VEND_B1FE3320,DHANAULA BKO
VEND_C843171B,BELLARY NIRMITHI KENDRA BELLARY
VEND_C048FFEC,SATHYA ENTERPRISES
VEND_2812804E,BHAGWATI STEELS
VEND_E0F678AA,KARAN INTELOCK TILES
VEND_6A8431E8,NAVA INDIA PATHIPAGAM
VEND_F657B7E2,VIRAT MODY SOLAR SITY
VEND_077AF324,QUALITTY ENTERPRISES
VEND_B240BDEC,JOTHIPRAKASH V
VEND_A57E6C95,SHAM LAL BAL MUKAND
VEND_D03193AB,BDO LAMGARA ROYALTY
VEND_B074C64D,RAJIB SINGH
VEND_0C3AA8E8,CMOBISTAN
VEND_D16B207E,EXAJOULE PVT LTD
VEND_288A43E1,VENKATESWARA RAO GANESANA
VEND_21A45F04,T S SOLAR POWER SYSTEM
VEND_2D84A82C,SACHIV GRAM PANCHAYAT KULAMADI
VEND_8FE6B05A,SARPANCH GRAM PANCHAYAT KERIYA
VEND_C448D802,SRI BALAJI CONCERN
VEND_C1C3CA82,PRATIBHA PRATISHTHAN
VEND_D5BDACE2,N NALLATHAMBI
VEND_D12F4B34,ASSISTANT ENGINEER MOHANIA
VEND_9C18320C,GRAM PANCHAYAT ARJUNWADI
VEND_CF7D172D,MS SHERPUR BRICK KILN
VEND_37B934E7,SHRI GURU KRIPA NARSINGH ASSOCIATES
VEND_E63F8739,MS KRISHNA TRADERS
VEND_43A6CDE8,ASSISTANT ENGINEER KUSHESHWAR ASTHAN
VEND_ED1312A7,ATTAR BROTHERS
VEND_3E99DC35,YADAV TRADERS
VEND_422CF481,MANISH FEBRICATION
VEND_2C0085C3,JR INDUSTRIES
VEND_FB5EC8DE,RAJASTHAN ELECTRONICS AND INSTRUMENTS LIMITED
VEND_852F6EA0,PARAM ENTERPRISES
VEND_0E50B6DC,KHYATI SPORTS
VEND_A985B3FB,ASSISTANT ENGINEER HAYAGHAT
VEND_292CD733,SRIJAN CONSTRUCTION
VEND_C1CC0842,GRAM PANCHAYAT MAU
VEND_6E09FA68,MARUF ALI CONTRACTOR
VEND_1DFC482F,PUNJAB CEMENT AND IRON STORE
VEND_7764AE35,NEOG HARDWARE
VEND_0A0C66C7,JITAN SAH
VEND_E094C492,JODHPUR VIDYUT VITARAN NIGAM LTD
VEND_F6749018,ASSISTANT ENGINEER HILSA A C
VEND_E27BCA99,ASSISTANT ENGINEER ISLAMPUR A C
VEND_B5458EFE,SARPANCHGRAM PANCHAYAT GADIYA
VEND_52EB6ECC,GRAM PANCHAYAT AMBADA
VEND_34FD7C1C,GRAM PANCHAYAT SURELA KISHOR SFC
VEND_29FE9996,AQUA PURE LIFE
VEND_19B4442D,GRAM PANCHAYAT RAJNA
VEND_7D7601F7,PUNNIYAKHIDI
VEND_12180C35,KAILASH BRICK TRADERS
VEND_432A833C,SONIPUR GRAM PANCHAYAT NEW
VEND_F1F474A2,DIVYANSHU CONSTRUCTION
VEND_38D23A53,CEO JANPAD PANCHAYAT SITAMAU
VEND_FD165ADC,EMF
VEND_8BE801C2,YASHIKA CONSTRUCTION CO
VEND_1A06867F,GRAM PANCHAYAT VADADALA
VEND_C0220F1F,PAVAN KUMARI DEVI
VEND_F9E7944E,PATDI
VEND_519844EA,S MEYYAPPAN
VEND_22B10C7B,GRAM PANCHAYATKANIYA
VEND_D4EB8D99,OMPARKASH
VEND_05BAF056,BRIENSHI SONOWAL
VEND_5A852B52,VAJEWAL GRAMPANCHAYAT
VEND_99F552DA,UMBA GRAMPANCHAYAT
VEND_EC013136,GOVIND DAS ARYA
VEND_09456077,EXECUTIVE ENGINER NREP GIRIDIH
VEND_2F249E2E,AMIT KUMAR
VEND_5E5194D7,MS MEENAKSHI HARDWARE
VEND_A181184A,GRAM PANCHAYAT SUNDREL J P DHARMPURI DHAR
VEND_F5D216F3,SUBANSIRI TRADERS ZIRO
VEND_410C5555,JESAPURA GRAM PANCHAYAT
VEND_7CC12E64,TARA SINGH BKO
VEND_810A95D6,A K CONSTRUCTION
VEND_5FF7BEC4,ASSISTANT ENGINEER LAEO SHEIKHURA BARBIGHA
VEND_AA3BC131,OM PRAKASH ARYA
VEND_7344A537,KHAND VIKAS ADHARI
VEND_32442BED,GUL AHMAD CONTRACTOR
VEND_4DE890B7,RAJ KUMAR SAGAR
VEND_32EE6EB5,JORAJINA MUVADA GRAM PANCHAYAT
VEND_B5803724,DHUNADARA GRAM PANCHAYAT
VEND_0DF028CE,KHIJALPUR VANTA GRAM PANCHAYAT
VEND_B981D2FE,KOTARIYA GRAM PANCHAYAT
VEND_99F8724E,MODERN METAL CRAFTS
VEND_B63142E8,SE O AND M MPPKVVCL SIDHI
VEND_4153E37D,GRAM PANCHAYAT BARIUMRAON
VEND_3B9C41E1,AMARNATH PANDEY AMARNATH PANDEY CONTRACTOR
VEND_B59123DF,GRAM PANCHAYAT BATUHI
VEND_B6FBEADD,PORDA GRAM PANCHAYAT
VEND_5FE14045,MS SURESH CHAUHAN
VEND_17F6E9A7,CHADARAM VENKATA RAMANA
VEND_C557AF14,ASST ENGINEER LAEO WD I BEGUSARAI VSK MATHIHANI
VEND_9400DEE3,SINGLA INDUSTRIES
VEND_AC06D73D,MSS MEDITECHNO
VEND_C7076ADB,SIDHU TRADERS
VEND_4B329A5C,A N KANNAN
VEND_43CCF8A4,RAJ INFRASTRUCTURE
VEND_0CF181A1,AE ARWAL
VEND_F87D3F24,KELTRON COMPONENT COMPLEX LTD KANNUR
VEND_D957092A,SUBHASHREE BISWAL
VEND_75D48B09,ANSH ENTERPRISES
VEND_B6C83806,FELSANI GRAM PANCHYAT GRAM PANCHYAT
VEND_95246CEB,NAVGAMA GRAM PANCHYAT GRAM PANCHYAT
VEND_B5F0DE5B,MAHINDRA AND MAHINDRA LTD
VEND_18FBFA31,BDO BARANGA MP LAD AC
VEND_4B8E387C,DINESH SINGH
VEND_D8EBD518,ASSISTANT ENGINEER LAEO BARACHATTI VIDHAN SABHA
VEND_9D8E55E8,S M ENTERPRISES
VEND_C04A8597,ASSISTANT ENGINEER AC JAMUI LAEO WD 01 JAMUI
VEND_3A790D63,ASSISTANT ENGINEER LAEO BODHGAYA VIDHAN SABHA
VEND_AAAEB9DA,ASSISTANT ENGINEER LAEO IMAMGANJ VIDHAN SABHA
VEND_64F2914C,SGR CONSTRUCTION
VEND_EB40011A,JAMANIA GRAM PANCHAYAT
VEND_4E341C45,GRAM PANCHAYAT BIGRI
VEND_E966C10F,GUMADIYA GRAM PANCHAYAT
VEND_3375749D,M SENTHILKUMAR
VEND_C342664E,RAM CONSTRUCTION
VEND_4FB4A223,L G ARASU
VEND_14DA0F20,BIDHANSABHA KSHETRA OBRA SAHAYAK ABHIYANTA
VEND_DF68A8C7,GRAM PANCHAYAT SAROL
VEND_82D18969,GRAM PANCHAYAT DAHEVAN
VEND_EB0D2EF7,GRAM PANCHAYAT UMLAV
VEND_62AC4423,GRAM PANCHAYAT KALU
VEND_3BEE21B4,GRAM PANCHAYAT NAPA TALPAD
VEND_015EFEFA,GRAM PANCHAYAT KAVITHA
VEND_6808228F,SAGAR CONSTRUCTION COMPANY
VEND_6591FB90,SREE AND CO
VEND_38184E7A,CDO ZILLA PARISHAD DMF
VEND_F96107E5,GRAM PANCHAYAT KANKAPURA
VEND_1A2A7328,OMASSERY LABOUR CONTRACT CO OPARATIVE SOCIETY
VEND_37BAAC5B,G P LOT
VEND_A55DE68B,JETHOLI GRAM PANCHYAT GRAM PANCHYAT
VEND_CD1775F1,BDO RAJGANGPUR
VEND_270CC97D,NIRMITHI KENDRA DAVANGERE
VEND_4DF151AE,SAMRIDHA CONSTRUCTION
VEND_05AB6A10,SPECTRUM SERVICES
VEND_765401D2,GRAM PANCHAYAT HARI BEHNA
VEND_9FB59BAD,KLK VENTURES PRIVATE LIMITED
VEND_B2A3C6DD,GIRI CONSTRUCTION
VEND_3526013B,SHREE GOREWALI JUTH GRAM PANCHAYAT
VEND_F52BBB08,MONUJ KURMI
VEND_A544DE5E,PROJECT MANAGER NIRMITHI KENDRA MANDYA
VEND_ED5F37EF,SAMAR BUILDING POINT
VEND_5F282B29,R G SUPPLIERS
VEND_95D82D6D,DMF
VEND_CBA7A594,SHARADA CONSTRUCTION AND SUPLIERS
VEND_9051F889,BDO NISCHINTAKOILI MPLAD HOLDING
VEND_D6EC6D65,KAMALPUR GRAM PANCHAYAT
VEND_55B56D34,XEN CITY DHBVN BHIWANI
VEND_6948FE4F,MANJUNATH S PAWAR
VEND_C33E2EE6,CHUMKI SAHA SARKAR
VEND_C2DA11B7,PRASHANTH
VEND_F2F4182B,MAHESH KULAGUDE
VEND_2E86CB7B,CHAIRMAN MAHALAXMI MAJUR SAHKARI SANSTHA LTD WANEWADI TAL BARSHI
VEND_FD15B1E5,V HARI BABU
VEND_892CD6CD,MALLAPPA GURUPAD GALAGALI
VEND_B7F893C9,MAHESH CHANDRA
VEND_882AF7CB,GANTHOLIYA ENTERPRISES
VEND_EA14CF93,DISTRICT MINERAL FOUNDATION SUNDARGARH
VEND_E33702D9,SOMANATH MALLAPPA HUNDRE
VEND_AC9365DE,GRAM PANCHAYAT RAS
VEND_FD4BD94C,PROJECT MANAGER NIRMITI KENDRA GADAG
VEND_1974E9A5,SREE GOKULAM HEALTHCARE PVT LTD
VEND_25F26D8D,THE VK COOPERATIVE LABOUR AND CONSTRUCTION SOCIETY LIMITED
VEND_11DAAAD6,GRAM PANCHAYAT PNAGARBARI
VEND_E3AAC71A,KRISHAN KISHORE PARCHURU
VEND_B07C1C23,BHAGWATI TILE STUDIO
VEND_C6A09F8A,THE GILL SEHKARI KIRAT TE USSARI SABHA LTD
VEND_1B1E4B25,PRABHAT CHANGMAI
VEND_448D98CD,TARUN CONCRETE UDYOG
VEND_61F2670A,UMESHA A NAIK
VEND_D1B55E3F,GRAM PANCHAYAT NAVLAYE
VEND_1D6E4CA0,MANJUNATH R KALAWAD
VEND_683BB34B,SARPANCH GRAM PANCHAYAT SENDURAS
VEND_1CAB1F02,MS A K ENTERPRISE
VEND_FB2E7C04,RAMA SHAMYA CONT
VEND_1A84DF00,DAS ENTERPRISE
VEND_AB48E798,BAHANAGA BLOCK JUNIOR ENGINEER III
VEND_8D90616D,SHRINIVAS S MAVINAKAI CONTRACTOR
VEND_87E6FBAD,SHRISHAIL BUDDAPPA HONNAKORE
VEND_F3B10FA8,SANGANAGOUD BIRADAR
VEND_EF203711,KARSAD GRAM PANCHAYAT
VEND_3C11E4DD,SHRI MOTABHADUKIYA GRAM PANCHAYAT
VEND_C57428C7,SUSANTA KUMAR DAS
VEND_1F6B3D7B,EE HPPWD PALAMPUR
VEND_0805705D,GP KUTAHAR
VEND_784775F5,D K NIRMITHI KENDRA
VEND_63DC9DB7,SARPANCH GRAM PANCHAYAT NAWAGAON
VEND_E657FDF7,SAGAR BHASKAR KOLHE
VEND_6DDAE72E,VENGADACHALAM
VEND_7B9BA47F,DEU BALAI
VEND_05D43CDE,GOPAL BALAI
VEND_FCBF23BD,KISHAN LAL BALAI
VEND_1741571B,BDO SUBDEGA PS MISC
VEND_4A48FB96,SURYA TEJA BORE WELLS
VEND_A4947530,GRAM PANCHAYAT PACHHTAR
VEND_08CD5DD4,ADITYA CONSTRUCTION
VEND_FE53483F,BHAGWATI CHAND
VEND_8BAED354,SURESH NAIKA
VEND_163C2C64,PROJECT DIRECTOR NIRMITHI KENDRA CHITRADRGA
VEND_0798E082,AMARESH JALAWADI
VEND_91BD6BAA,LEELADHAR
VEND_3F88257B,MS SURENDRA SINGH THEKEDAR
VEND_1D0AB199,BHIMANUGAM GRAM PANCHAYAT
VEND_DBF0FBB2,SHREE HARIOM INFOTECH
VEND_0D05B9EB,NAGARAJ PRAKASH PATTAR
VEND_9BFB0786,GRAM PANCHAYAT KOYLARI
VEND_E9081739,ARVIND SINGH SATNA
VEND_8422C7F1,THE SIDHU KIRAT TE USARI SEHKARI SABHA LTD
VEND_8916011F,PAMPAPATI H BELAGAL
VEND_09B144B6,RAJESH KUMAR PAL
VEND_996CC7DB,TUMKUR NIRMITHI KENDRA
VEND_B4ECE5ED,UJJAWAL ENTERPRISE
VEND_E8AAFBBC,G K SPORTS
VEND_960E63F6,OM FHOJI CONSTRUCTION
VEND_03CEA786,SATAPAR GRAM PANCHAYAT
VEND_405E356F,SARA GRAM PANCHAYAT
VEND_88C1114A,GAUTAM HANSE
VEND_A1D0AB4A,GRAM PANCHAYAT KACHHOLI
VEND_C8EFC565,RADHEY MOHAN INTERNATIONAL
VEND_96862BCE,G DAYAKAR
VEND_DE19CA94,VIVEK KUMAR SINGH
VEND_A12654D2,MONDAL CONSTRUCTION
VEND_E3175247,CHARBHUJA HARDROCK DRILLER
VEND_626EEA3C,C S TECHNOLOGIES
VEND_191A45CE,ARBM CONSTRUCTIONS
VEND_7D2CD1FD,INDAR MOPRKASH
VEND_4516CE61,RAHUL OMPRKASH
VEND_0665B46E,GP DUNKHRIGAHAR
VEND_AD68814F,SIRA RONGHANGPI
VEND_DAAFFAF9,GRAM PANCHAYAT MADDED
VEND_C8951187,SAI MANJULA AGENCIES
VEND_D7CBB034,MS MADANPAL SINGH
VEND_7A2014E3,JAI CONSTRUCTION
VEND_528DF338,MS SHOBHNATH VERMA
VEND_62298329,RAJKUMAR DUARAH
VEND_F72BA9F7,SADIKUL ISLAM
VEND_16BD54E0,DINESH KUMAR DUBEY
VEND_C9526CB6,MS AMAR MANI TRIPATHI
VEND_59761A57,MS SAKET TRADERS
VEND_F54E9666,RAVALIYA GRAM PANCHAYAT
VEND_C4052CC8,SINDHUJA CONSTRUCTION
VEND_8E718A24,BDO RAJGANGPUR DEDUCTION
VEND_618735FB,BAHANAGA BLOCK JUNIOR ENGINEER IV
VEND_C3829294,GEETANJALI TRADERS
VEND_FD28F1F0,ASSISTANT DIRECTOR WELFARE OF DIFFERENTLY ABLED TG SR CITIZENS YSR ANNAMAYYA DISTRICT
VEND_65C9F99A,SEKH BASIRUDDIN
VEND_E83F394B,B K APPANNA
VEND_2F327C1B,SHIV ENTERPRISES
VEND_1CA79052,MAHALUXMI BKO
VEND_8C8B219C,PROJECT MANAGER NIRMITHI KENDRA RAMANAGARA
VEND_A5AF735A,NIJJAR ENTERPRISES
VEND_16BDEEFF,SATYA RANJAN MISHRA JE
VEND_0BE4B4AE,BIJEPI BAGH
VEND_6C383C4C,PRITOM TRIBEDI
VEND_9BD16FDB,MHATMA BUDH PRATHMIK VIDYALAYA MUSAILA KHURD
VEND_2185377F,VIVEK ENTERPRISES
VEND_2B91B0A4,BANGAVADI GRAM PANCHAYAT
VEND_D06D4E5B,LALITA
VEND_456382CD,PRIYESH GOUNDADKAR
VEND_8C4E15D1,SHINDA SINGH
VEND_E15E0CC0,INDROI GRAM PANCHAYAT
VEND_2AD988E0,KR CONSTRUCTIONS
VEND_5F24A81B,CHAHAT ENTERPRISES
VEND_3B7634ED,PRAVINDRA KUMAR
VEND_5E470105,A P DEVELOPERS
VEND_B24907DE,CHATUBHRAJ BAGRIYA
VEND_9AFDB887,HANUMAN CONSTRUCTION
VEND_81DDD976,NORAVA
VEND_285256D7,SHRI SAI ENGINEERING WORKS
VEND_CE6FBAEA,JEPUR GRAM PANCHAYAT
VEND_699539FD,PRANABJYOTI SAIKIA
VEND_787BA5A5,MS AKHAND PRATAP TRADERS
VEND_89A6168C,GRAM PANCHAYAT VAGHRECH
VEND_05099F86,ANSH BUILDING MATERIAL
VEND_55298F81,SARPACH SACHIV GP PADMI
VEND_196B84DD,SARPANCH GRAM PANCHAYAT SHIVPUR
VEND_19A19CD5,HIRAL CONSTRUCTION
VEND_EC176F11,PINKY KUMARI SHARMA
VEND_9135EC22,SINGH CONSTRUCTION
VEND_16BE77B6,GANDHI CONSTRUCTION AND SUPPLIER
VEND_5727D37B,ASMITHA SC LABOUR CONTRACT SOCIETY
VEND_F8F2E66D,DHANDAYUTHAPANI K
VEND_493FF654,UNITONE HOME APPLIANCES
VEND_08849903,LALLAN SINGH CONTRACTOR
VEND_83595B15,FULETRA GRAM PANCHAYAT
VEND_808C049E,GRAM PANCHAYAT SHERGARH
VEND_D25FB422,DURGA ENTERPRISE
VEND_3264D7FB,GRAM PANCHYAT SATHUR
VEND_EDFF885F,SHIV SHAKTI IRON AND CEMENT STORE
VEND_93025F24,MR NUR ALAM SK
VEND_CF87C6A7,KALLOOR ELECTRONICS AND LIGHTING PVT LTD
VEND_9341F699,BOND CONSTRUCTION
VEND_07341FF4,KRAMSA AGENCY
VEND_B4C17FAE,DIVYA CONSTRUCTION COMPANY
VEND_8F9ACB10,SAJAL BRICKS COMPANY
VEND_9B083362,SANWARIYA BUILDING AND MATERIAL SUPPLIERS
VEND_7494072A,GRAM PANCHAYAT GADI BAROD
VEND_F2854DA1,RS INDUSTRIES
VEND_8B78DD16,KAMDHENU AGENCY
VEND_CD480FD6,P HANUMANTHAPPA
VEND_B7998BA8,VARASADA GRAM PANCHAYAT
VEND_D479AFEC,MOHAMMED RAHEEMUDDIN
VEND_3A9BA685,DIGANTA BARTHAKUR
VEND_5A627F50,SHIV SHAKTI ENTERPRISES
VEND_7108AB23,G S ENTERPRISES
VEND_D1E6A2A0,JAI PRAKASH
VEND_26D8DCA0,SUBHASMITA SAHOO
VEND_75CA6DFA,MANBEER SINGH
VEND_CD04B77B,GRAM PANCHAYAT SARIKHURAD
VEND_32E4DD65,HASAN SEIKH
VEND_085A7104,NITHESH P
VEND_492A302A,CHINTHAKUNTA MANIGOPALREDDY
VEND_BC7F9FF4,GRAM PANCHAYAT PATHAMOTI JANPAD PANCHAYAT UMARBAN
VEND_E3E2E2FD,PRESIDENT VILLAGE LEVEL COMMITTEE VATHALUR GP
VEND_A968EF45,GILL TRADING COMPANY
VEND_EFEDB43B,EXECUTIVE ENGINEER UPPCL EDD III EXP
VEND_3C11E2F5,FATEH TRADERS
VEND_45B510BC,PRABH KIRPA ENTERPRISES
VEND_EC1E1780,MS SANJAY KUMAR TIWARI
VEND_3A5F5C28,GIRISH CHANDRA JOM
VEND_EFC3DF51,BINIT HAZARIKA
VEND_36CC65EB,SRI JALADHARE BOREWELLS
VEND_DE8E5141,SATYAVER SIGH CONTRACTOR AND SUPPLIER
VEND_3F315C10,MS RAJENDRA SINGH PURAWAT
VEND_BE37D56F,ABHIMAN HARAPAL
VEND_69633611,GRAM PANCHAYAT LILAPUR
VEND_9684E99B,AADI AND RUDRANSH CONSTRUCTION COMPANY
VEND_B9CB0754,JE NREP MP GARHWA
VEND_7902ACE5,LAKSHYA CONTRUCTION
VEND_A3CB2824,DISTRICT ENGINEER
VEND_7FC50ADE,NARBADA CONSTRUCTION COMPANY
VEND_98B82C3F,JIEDKUPAR KHARMAW
VEND_3531D5BA,GRAM PANCHAYAT KHALPODI
VEND_E20AC4A4,MS JMS INFRA PRO JASH KAUSHIK
VEND_E5FFE783,SADUM NAGARAJA
VEND_2A9AD0B6,SG ENTERPRISE
VEND_EA7FD144,SHIVANI
VEND_DA30FF47,MRITYUNJOY KHANIKAR
VEND_3225F073,SUGREEV
VEND_4C9CF340,RENUKA CO OP LABOUR SOCIETY LIMITED
VEND_C0B21194,H S AGRO
VEND_150B9C71,ALAM BROTHERS
VEND_A6B4DAA3,GP MANALI
VEND_C50C7B8B,SAHYOG MAJUR ANE KAMGARO NI SAHKARI MANDALI LIMITE
VEND_330A3F5E,BINAY RANJAN SAHOO
VEND_B7C37419,SEDARADI GRAM PANCHAYAT
VEND_BE1B5DC0,GRAM PANCHAYAT LIMTARA
VEND_5269BA88,MOHIT CONSTRUCTION
VEND_048C6E82,LADOL GRAM PANCHAYAT
VEND_65A443D6,SARPANCH GRAMPANCHAYAT KALWACH
VEND_9F2A209A,CHARBHUJA CONSTRUCTION
VEND_6B911D03,GRAM PANCHAYAT TORLA
VEND_0384743E,SARPANCH GRAM PANCHAYAT LUCHGAON
VEND_866CDFB4,SARPANCH SHREE GRAM PANCHAYAT BHAGAD
VEND_207DDEC8,ANIL KUMAR HEGDE P
VEND_2AA3DB0D,MAHENDRA JAGANNATH LOKHANDE
VEND_045E8675,GRAM PANCHAYAT KHAPARWADA
VEND_7684CD57,GRAM PANCHAYAT VANGAM
VEND_1B14405E,DIVYAANSH CONSTRUCTION COMPANY
VEND_0FA9931F,SHIV CONSTRUCTICN KATSOORA
VEND_F04F12E6,SAMONA ENTERPRISES
VEND_D1531526,SARPANCH GRAMPANCHAYAT KALAMTHA
VEND_D98C31BB,SARPANH GRAM PANCHYAT ILMIDI
VEND_D0F96B89,SARPACH GRAM PANCHYAT MURKINAR
VEND_883F4166,BASUDEB HAZRA
VEND_C1983BF3,DIVINE ENTERPRISES
VEND_A1A8E3B7,THEPS COOPERATIVE SOCIETY
VEND_CA6C333F,AFZAL AHMAD CONTRACTOR
VEND_F9967BA1,SHAMSHAD CONTRACTOR
VEND_C4E9660F,DIPALI GOYAL
VEND_736F90C7,SN ENTERPRISE
VEND_2C195934,WAISONG TERANG
VEND_D8B155DC,SHIVNERI COOP LABOUR SOCIETY LTD
VEND_C6365852,SARASWATI CONSTRUCTION
VEND_B990F251,MIKTI NATH
VEND_7613CA86,SUJANGADH GRAM PANCHAYAT
VEND_B92EF43F,SHIGU GEORGE
VEND_E91FA516,MAA KALIKA CONSTRUCTION
VEND_D44A16E5,SACHIV GRAM PANCHAYAT MEHRAGHAT
VEND_CF5B3A30,BLOCK DEVELPOPMENT OFFICER BUDHANA
VEND_E6FD38DF,GRAM PANCHAYAT RICHHEDA
VEND_C4FF1DAC,DUDA MUZAFFARNAGAR
VEND_BC477485,BG ENTERPRISE
VEND_CB13F44B,RATU MONI SARMAH
VEND_485B2D0F,JWALAMUKHI JAGDAMBA MAJUR KAMGAR SAHAKARI SANSTHA
VEND_773B8C6E,SANGAM CEMENT AGENCY
VEND_323FE38C,UTPAL BORAH
VEND_DC644203,MS SAUVYA ENTERPRISES
VEND_C74E4CA0,GURU NANAK CEMENT STORE
VEND_A6617633,ASSISTANT ENGINEER KARAKAT LAEO WD 02 BIKRAMGANJ ROHTAS
VEND_B6FED6E7,NARRAVULA ASMATH KUMAR
VEND_7AD070A8,JOGINDER GOVT CONTRACTOR
VEND_89399F7C,SHANSHANK ENTERPRISES CONTRACTOR
VEND_BC469F97,BHARAT TRADING CO
VEND_B30E368A,UGTA SURAJ
VEND_98C1FC62,CONST COMMITTEE OF COMMUNITY HALL AT AMGURI KETE
VEND_E6D92EA2,VINAYAK AGENCY
VEND_C517C5C9,PERFECT ENTERPRISE
VEND_726D747C,TECHKRITI INFRATECH PVT LTD
VEND_B05D7DF7,BDO NAGROTA BAGWAN
VEND_954F7370,NARAYANA SHETTY
VEND_30232FBA,GRAM PANCHAYAT AMLAWADBEEKA
VEND_FAB02CAA,VAIBHAV ENTERPRISES ROOPAM RAI
VEND_91430B5D,GRAM PANCHAYAT NATNED
VEND_23F950DB,LAVKUSH CONSTRUCTION
VEND_8FD18CCB,GRAM PANCHAYAT BHERSAM
VEND_2DDD6F20,SATGURU BUILDING
VEND_EA452F3B,DILEEP
VEND_0A8B83D1,BDO NIMAPARA
VEND_A58510D0,KADVAR GRAM PANCHAYAT
VEND_5C4DD0F0,ANSHIKA CONSTRUCTION
VEND_8F9062BF,BHIMAPPA LANKESH BANDIVADDAR
VEND_E3D2DDEA,SARPANCH SACHIV NAWAGAONGAHIRA
VEND_8F84B736,AKANSHA ASSOCIATES
VEND_CD56273F,GRAM PANCHAYAT KANDANARA
VEND_BBBC627E,SLR CONSTRUCTION MOHAN S
VEND_678EA79D,EXECUTIVE ENGINEER PUBLIC HEALTH WORKS DIVISION MORBI
VEND_5B7F4F38,GTB ENTERPRISES
VEND_C9812F3D,CHIKMAGALUR NIRMITHI KENDRA
VEND_8018DD0F,RAINU CONSTRUCTION COMPANY
VEND_B38AE2E8,GP SOYAL
VEND_7121F8A2,SD TRADING COMPANY
VEND_3B751EFF,NEMI CHAND SHARMA
VEND_A68138AC,JOHN MARBIN KHARUMNUID
VEND_9381BE95,THE SHUBH COOP L AND C SOCIETY LTD
VEND_0EEC0594,KIRAN TEJASWI YALIBALLI
VEND_DFE42B6B,JAY BALAJI BOREWELL
VEND_8078DCAC,SANDEEP AGARWAL
VEND_A4E858CD,SARPANCH SACHIV GRAM PANCHAYAT BARGAON
VEND_D0CF797A,RACHNA ENTERPRISES
VEND_DF1965D9,RAJENDRA SINGH
VEND_CA897753,KHAN SINGH
VEND_268B3E1F,BDO RAIT
VEND_3168439F,KAMLESH YADAV THEKEDAR
VEND_9D8709A3,THE KARMA CO OP L AND C SOCIETY LTD
VEND_8B0EAD20,OM SHAKTHI BOREWELLS
VEND_FC88FB13,GP TATOHALI PARDANA
VEND_14F071B2,SHRIGANESH MAJOOR SAH SANTHA
VEND_8CE903F9,ABBAVARAM MALLIKARJUNA REDDY
VEND_A128F366,BISHT CONSTRUCTION
VEND_EF43E7E5,SUNIL SABAVVA SANDRIMANI
VEND_64089C4C,KANTESHWAR JUTH GRAM PANCHAYAT
VEND_BE1D3F39,MS OM VINAY KUMAR SINGH
VEND_3C6981B1,SAKLOO SAROJ
VEND_0674151C,RAMDHAN CHOTU
VEND_CA599572,ALOK SHRIPATRAO PARDE
VEND_D5103259,IMAMUDDIN
VEND_701D51D6,BUSHAHR TRADES
VEND_F1416A74,KEERTHISHA S K
VEND_79FFBADB,NEW GARG ENTERPRISES
VEND_615EB2A5,GRAM PANCHAYAT KHAMHARIYA BAAGRI
VEND_09065C44,GRAM KOSH NEGAI
VEND_AE63A2DB,N G CONSTRUCTIONS
VEND_06B46257,MMODERN ENGINEERING ASSOCIATES
VEND_5D342751,M S TRADERS
VEND_088C71AB,THE AGGARWAL GRAM UDYOG SAMTI
VEND_653F1966,HINDUSTAN ENTERPRISES
VEND_9119F1B4,SHRI SAI CONSTRUCTION
VEND_14EF24E7,PRAYAG ENTERPRISES
VEND_B64C1240,N K CONSTRUCTIONS
VEND_5314AE47,S K CONSTRUCTION
VEND_7B3CABBC,UMESH CHANDRA MISHRA
VEND_EAB676A6,MAHAVEER KISHANLAL
VEND_509611CA,TRIVENI CONSTRUCTION
VEND_C8227E50,GK CONSTRUCTION
VEND_1DF8A76F,THE KARIAN CO OP SOCIETY LTD
VEND_88C7C4CA,HAKIM SINGH
VEND_8894CBD3,KIRAN RADDER
VEND_08782F54,NARESH CONTRACTOR AND TRADING CO
VEND_431C3373,TULUSHI ENGINEERING
VEND_E429EAAC,PARDEEP CHOUDHARI
VEND_7ACD6592,SIDDHI VINAYAK CONSTRUCTION
VEND_E05B90F2,KASANA CONSTRUCTIONS
VEND_85F72126,SHRI KADBAL GRAM PANCHAYAT
VEND_DDF52BEA,GRAM PANCHAYAT PALASA
VEND_A1102FC4,DHANAULA PUMP STORE
VEND_96913A33,NIRMA DEVI JAT
VEND_29054ABD,RAMPRASAD
VEND_8B0AFD15,HANUMAN
VEND_4531CA86,PRADHAN SINGH
VEND_4D11CE27,SHRIKANT
VEND_D8314586,HANUMAN PRASAD
VEND_38E89E01,IRFAN KHAN
VEND_231CD077,BUBERE AND ASSOCIATES
VEND_69283FCF,NISHANT GULAB RATHOD
VEND_9565C413,GRAM PANCHAYAT TENDUHA NO 1
VEND_A1A12475,GHANSHYAM DAS AGRAWAL
VEND_364C6ACA,AMIT PAN
VEND_FD025D66,DASHMESH RETA BAJRI TALL
VEND_D38277D1,VELACHHA GRAM PANCHAYAT
VEND_481A6200,GRAM PANCHAYAT TIKRI MUSHERA
VEND_0911E5B5,MANJUNATH MALLAPPA KITTUR
VEND_25159C27,VEERESH G
VEND_D0F42372,VISHWANATHA GOWDA B N
VEND_378FABDC,JUGAMI ISWARY
VEND_92170A67,N KAMALAKAR REDDY
VEND_8016F202,MS APT CONSTRUCTIONS
VEND_9561AF60,ABDUL GANI KOKA
VEND_8ACC6D1C,LAVLESH KUMAR PANDEY
VEND_A00DF2B8,JAMIDARA TRADING COMPANY
VEND_32032257,BLOCK DEVELOPMENT OFFICER NAHAN
VEND_0C15052F,RITVI CONSTRUCTIONS
VEND_2E44CA2A,GHULAM MOHI UD DIN SHEIKH
VEND_D8EFB727,CHOUDHARY BHILDERS
VEND_033257FF,SHAM LAL SURINDER KUMAR
VEND_83349CBD,ANITA
VEND_5C7DB6D7,GRAM PANCHAYAT AMJHERA JANPAD PANCHAYAT SARDARPUR
VEND_487008A5,BDO RAJGARH
VEND_C7BBFA37,GANESH HARDWARE
VEND_CC46C827,PHILIP NARZARY
VEND_EF7F1B5F,RAJESH KUMAR
VEND_8C09A2F6,SACHIV GRAM PANCHAYAT NITAYA
VEND_DA7701CE,THE SARSWAL COOP L AND C SOCIETY LTD
VEND_381A673F,SANIL AHMAD
VEND_EC683101,RAM NARESH CONTRACTOR
VEND_4757CB1D,PRIYA MAJUR SHAKARI SANSTHA MARYADIT JALNA
VEND_B31EEE38,RAJ DINESH PANDIRKAR
VEND_5AF982DC,MANRAJ
VEND_3ABFEB7B,LUVARIYA GRAM PANCHAYAT
VEND_A9599099,SUKHPAL
VEND_E1C552BF,J M DALAPATI
VEND_76C2246E,GP JUNAS
VEND_AF59FB88,SUBBIAH S
VEND_A671737F,RANA CONTRACTOR AND SUPPLIER
VEND_64981198,TARIQ AHMAD MIR
VEND_4EC611C7,MALVI JINGER MOCHI SAMAJ KALYAN SAMITI
VEND_F92D0897,GRAM PANCHAYAT BITAL
VEND_E6802C40,AJAYKUMAR A
VEND_D0660BC8,GRAM PANCHAYAT DHANGAON
VEND_137722FB,ANUJ INTERLOCKING
VEND_32C58696,AVTAR AGRO INDUSTRIES
VEND_447CE051,SHARVAN LAL JAT
VEND_30155BDD,MS SHRIDEVI ASSOCIATS PROP DEEPAK PATIL
VEND_97654A76,GANGUN GRAM PANCHAYAT
VEND_53E660FA,PRADIP SAHA
VEND_8A500A58,LACHHMAN DASS CONTRACTOR
VEND_EB31ADB8,ROHTASH SINGH CONTRACTOR
VEND_A84A3498,BANDISERVAN GRAM PANCHAYAT
VEND_2C39B30F,LONGKI PHANGCHO
VEND_D1B8B574,JAI MAA CONSTRUCTION AND MATERIAL SUPPLIERS
VEND_475B1283,SHRI KABIR CONSTRUCTION
VEND_881EE0FE,PYNDAP MAIN TONGPER
VEND_E5497B52,MUP VAIVAKAWN
VEND_AAD7A26B,CONST OF CULTURAL STAGE INFORNT OF COSMOS CLUB
VEND_C26A10EE,MPS CONSTRUCTION COMPANY
VEND_3D4DA4A0,VINOD BUILDERS RAMPURA
VEND_4A8A1F68,UDAY KIRAN PROJECTS
VEND_636FA433,SHIVCHANDRA KUMAR PANDIT
VEND_F0DFD151,AHIR CONSTRUCTION
VEND_A1331DAC,SH RATTAN SINGH SO LAKHPAT SINGH RO BEERANBASS HOCHAK POGAL DISTRICT RAMBAN CONTRACTOR
VEND_8D859B65,JAYA LCS LTD
VEND_AC508CCF,SANINDRA BORO
VEND_91953BFA,ARYAN ENTERPRISES
VEND_BFB84008,UPNEDA
VEND_565AEC32,DIPTIMAYEE PRADHAN
VEND_1BF36A64,THE RUDRA CO OP L AND C SOCIETY LTD
VEND_4CDA619D,NEELAM VERMA
VEND_33D54463,SUN POWER TECNOLOGY AND ELECTICALS
VEND_8202DDC0,MS ECOLEAF ENERGIES PRIVATE LIMITED
VEND_10E55294,PADMAWATI MSSM
VEND_D13BB1E7,JAI HANUMAN CO OP LCS LTD
VEND_BD6C5E66,S K ENTERPRISES
VEND_23A8CCFF,GP CHHAWARA JP BADI
VEND_6DD11859,MANIRUL HAQUE ANSARI
VEND_87765048,RANGAMATI ENGINEERS CO OPERATIVE SOCIETY LTD
VEND_6B44B2EE,SDO OP DIVISION DHBVN ATELA KALAN
VEND_B079C41B,SUSHANTA PATEL
VEND_BFFEE48E,SHIV SHAKTI CONSTRUCTION PRO SMT INDU SINGH
VEND_F67651DC,MS OM ENTERPRISES
VEND_50DE03E9,SHRI KRISHNA BUILDING MATERIAL
VEND_22D1E52B,CONSTRUCTION OF ROAD FROM NABAJEEBAN SANGHA TO KAILASH NAGAR CHOWK NOONMAT
VEND_BBDB193D,BHAKTIRATAN DAS
VEND_4AE1F731,GRAM PANCHAYAT OBARHA JANPAD PANCHAYAT SIDHI
VEND_8C723B4E,KRISHNA ENTERPRISES AND SUPPLIERS
VEND_AD805453,TFS ENTERPRISES
VEND_9588E03B,OJASH CONSTRUCTION
VEND_4C0494DA,FAREDA GRAM PANCHAYAT
VEND_DB4163E4,ALVIN JONES NONGKHLAW
VEND_88A93E81,MS JDS ENTERPRISES
VEND_7AC55D8B,CIMECON ENTERPRISES
VEND_053AC840,GRK CONSTRUCTION COMPANY
VEND_20FC3A03,CAPITAL AC EDD BEHAT
VEND_2A93C132,RAM NARAYAN ENTERPRISES
VEND_73071144,SRI SRI NARASINGHA GOPAL NAMGHAR VILL KAMARGAON
VEND_0446458D,PROSANTA HATIBARUAH
VEND_7B3591F2,SAMARTH BROTHERS
VEND_74F30E40,SHRI MEWADA CONSTRUCTION
VEND_8300373A,MANUJ KUMAR TELIA
VEND_6FC42C43,RAMESH
VEND_3C61C0C8,RAMBEER SINGH
VEND_9E3C0C89,AJITH KUMAR P T
VEND_A31EA20B,THE MAA SHAKUMBHARI COOP L AND C SOCIETY LTD
VEND_EAA36019,STAR DEALERS
VEND_1979A196,ALYAS AHMAD MIR
VEND_90AFA250,GRAM PANCHAYAT MADWA
VEND_3D6FE39B,RAKESH KUMAWAT
VEND_83F11606,M P R ASSOCIATES
VEND_F9D624BE,SRI RAGAVENDRA BORE WELLS
VEND_4CFE8C54,BALWINDER SINGH
VEND_651E22A7,MAMTA CONSTRUCTION AND MATERIAL SUPPLIERS
VEND_1A581EF9,GR ENTERPRISES SAS NAGAR MOHALI
VEND_E5C746D5,KAPPALA JAGADEESH
VEND_79DDAA5F,SHAITAN KUMAWAT
VEND_F9847111,MONUMOHAN DUTTA
VEND_59CF1E66,JK INDUSTRIES
VEND_6E315051,GURU NANAK IRON STORE
VEND_C7B0D59C,ASN SERVICES PVT LIMITED
VEND_9EDC4FCB,RAJASTHAN CONSTRUCTION AND ENTERPRISES
VEND_E219B75F,VISHAL SUBHASH BAGUL
VEND_F6EE3D66,MS DIVYANSH CONSTRUCTION PRO PRAMOD KUMAR SINGH
VEND_09647CAE,GHADKAN GRAM PANCHAYAT
VEND_817E02F1,KANTA DEVI
VEND_29AF0082,PREM DEVI
VEND_343FA7B8,MAYA MOURYA
VEND_F5A5DB5F,MAMTA DEVI
VEND_53A75756,SUSHILA DEVI
VEND_4542E4C2,AARTI
VEND_10C7A606,DIPMALA TAK
VEND_1533C67E,SUMAN
VEND_1470557D,GITA DEVI
VEND_A870C401,AAKASH
VEND_99300C8F,SUNIL DULGACH
VEND_D0DB28C1,PAYAL DULGACH
VEND_270BC439,SUNITA
VEND_30FA9085,SUNIL BOHRA
VEND_EBF74839,RAVI BOHRA
VEND_243898E1,KAMAL BOHRA
VEND_E502AD43,NIRMALA RAIDAS
VEND_97902446,SAROJ JAJORIYA
VEND_CB8A585E,KAJAL KUMARI
VEND_80819AF7,ANITA DEVI
VEND_6E358491,KAMLA DEVI
VEND_DB594D4F,GOVIND BOHRA
VEND_AE3430BF,KAUSHLYA DEVI
VEND_6900F848,SHAZIBUL HASSAN MOLLAH
VEND_B47D068A,R S BARWALA INFRASTRUCTURE
VEND_9464E126,MUSHTAQ AHMAD PANJRA
VEND_E27E7BEE,MEHRAJ UD DIN SHAH
VEND_06446020,CEO JP PALI SANSAD MAD 18TH
VEND_0A0C1C78,SANTOKH SINGH
VEND_E2453D17,AKSHAT BUILDERS
VEND_525A49E8,CEO JANPAD KATGHORA
VEND_F97F3D3A,GRAM PANCHAYAT RAIKHEDI SFC
VEND_43E8B260,RISHAB DEV AGRO TECH
VEND_2D46F190,RUPAK KUMAR PATEL
VEND_B4F080CD,NAZAR P M
VEND_E9B603BE,AWADH CONSTRUCTIONS COMPANY
VEND_34547C2C,MICRO ENGINEERS
VEND_5C661091,UPENDRA CHOUDHRY JE ZP LATEHAR
VEND_6280471E,ANUNABH CORPORATION
VEND_FA595938,BDO RAJGANGPUR EGB
VEND_8656EE9E,JAI MAA BHAWANI CONSTRUCTION
VEND_06A8B7CC,SARMISTA PANDA
VEND_4C44929B,SARPANCH GRAM PANCHAYAT PIPROUD
VEND_629CB0CA,SSR ENTERPRISES
VEND_5B510BDE,MS TIKAM CHAND KUMAWAT CONTRACTOR
VEND_07320C52,CHANCH PRO ENGINEERS
VEND_7B4AE577,SAGAR K C
VEND_86713C64,GRAM PANCHAYAT SIJORA
VEND_1E1D68A5,BAPUJI NAYAK
VEND_979CD88B,PRESIDENT VILLAGE LEVEL COMMITTEE KVRR PURAM CHITVEL
VEND_D6E2628F,NARESH MANDAL JE ZILA PARISHAD LATEHAR
VEND_15ED01B7,V V SAMBASIVA SRI KRISHNA
VEND_10DD39DD,T BHANUMATHI
VEND_382A3204,ABUTURAAB ELECTRICAL ENGINEERING
VEND_A65833DC,SWAMINATHAN S
VEND_7431A221,BUDDHA ENTERPRISES
VEND_1AB2A457,ISHITA TRADERS
VEND_0B854507,SARPANCH GRAM PANCHAYAT POUNI
VEND_8D8001DE,MANJUNATHA TIPPANNA WADDAR
VEND_3A7DC228,NINAD PRADIPRAO WANKHEDE
VEND_109872FE,SHREE SHYAM CONSTRUCTION AND JAGDEESH PRASAD
VEND_995F4F4E,KPK CONSTRUCTION
VEND_6F695BCF,SRI BALAJI ENTERPRISES
VEND_D749A629,DEVARAJU JANATHA COLONY HNP
VEND_468B3B04,GRAM PANCHAYAT TILA
VEND_E1CF3103,KRISHNA CONSTRUCTION COMPANY
VEND_35C129B4,A S SIDDIQUE HARDWARE SHOP
VEND_B3102557,GRAM PANCHAYAT DHAMANDRI
VEND_73FF3D7A,ASSISTANT ENGINEER
VEND_D5F64E4C,RAGHUVANSI ENTERPRISES
VEND_0F487F83,KAILAS BABU
VEND_31821397,GOURAV VERMA
VEND_54933E75,AMIT NAGORAO MULE
VEND_AE301EED,VIDYA SINGH
VEND_0BD75888,GRAM PANCHAYAT KUMHAR DANIYA
VEND_D585E1FB,GRAM PANCHAYAT BACHEDI
VEND_97ECED97,YOG PRATAP CONSTRUCTION
VEND_21E6E855,PAWAN KUMAR SANJAY KUMAR
VEND_5BB47DEE,BLOCK DEVELOPMENT OFFICER
VEND_B2BDFEEB,YUVRAJ CONSTRUCTION
VEND_5726A081,MAHAVIRINDUSTRIESDHURI
VEND_383F9BD8,KONICA MINOLTA HEALTHCARE INDIA PVT LTD
VEND_4DB8EBD0,PRESIDENT VILLAGE LEVEL COMMITTEE ANANTHAIAHGARIPALLI GP
VEND_8F3D052E,THE MANGAWAS COOPERATIVE LABOUR AND CONSTRUCTION SOCIETY LTD
VEND_329D6C4C,EXECUTIVE OFFICER MUNICIPAL COUNCIL PATAUDI MANDI
VEND_B209E070,HIGHSTONE TECHNOLOGIES PRIVATE LIMITED
VEND_11814256,GRAM PANCHAYAT BARHALI TQ MUKHED
VEND_6C9E68C5,DEEPA SURGICAL
VEND_351B3D50,ARUN DEVELOPERS
VEND_75F36BEE,SYED MAHAMMAD FIROZ ALI
VEND_0DEF691F,GRAM PANCHAYAT UDIYAKALA
VEND_255E85BB,RAJKUMAR CONTRACTOR
VEND_5DCE8071,PVS AND COMPANY
VEND_B0F1BCF7,YUVRAJ ELECTRICALS
VEND_E3E1C6AB,AEN AVVNL KDL JJM
VEND_0B3FDD31,S A ENTERPRISE
VEND_980E55BF,BETHLEHEM VENGTHLANG LOCAL COUNCIL
VEND_8F361C0B,MS BEZBARUAH ENTERPRISE
VEND_162A77F3,KAMBOJ AGRI WORKS
VEND_D5F33629,SHIVAJI BHAJANTRI
VEND_0504FE5E,VIJAYARAGAVAN J
VEND_3EB737E9,MS UNITED ENTERPRISES
VEND_BD1E209C,MS SURYA MSSM
VEND_D1F33D08,TOTTADI MANIKANTA
VEND_8DC7AC99,D R CONSTRUCTION
VEND_BC26F642,BHIMASHANKAR MAJUR SAHKARI SANSTHA MARYADIT
VEND_8B6FE9C7,RAM PRASAD
VEND_03536903,SURENDER
VEND_C381607E,PARTAP SINGH
VEND_7ACAF924,SHEESH RAM
VEND_F1D7405C,VIKASH
VEND_72FF4F48,PARMANAND
VEND_AE405B33,SURESH KUMAR
VEND_6EB3744C,REENA KUMARI
VEND_FE3EC8A8,SUSHILA
VEND_8020E919,DEVKARAN
VEND_CA9759D1,SATVIR
VEND_200107F7,VIJENDRA KUMAR
VEND_5CDE890D,RAM SINGH
VEND_090DCA45,BHIVA RAM
VEND_9CBB6AEB,POOJA
VEND_196E2067,NAVEEN KUMAR
VEND_15285722,SACHIN
VEND_73C5E62E,RANVIR
VEND_F143A96A,DHOOP SINGH
VEND_F5230E34,RAHUL S WADDAR
VEND_CD85305A,JAI BHOLENATH MAJOOR SAHAKARI SANSTHA MARYADIT
VEND_77558B7A,BDONIMAPADA MISCAC
VEND_E3626A68,PURANMAL AND COMPANY
VEND_1FDBEB4F,SFC GRAM PANCHAYAT MATHNI
VEND_683B8BF1,BALAJI ENTERPRISES KHERENT
VEND_CE5E76B2,MS RADHE RADHE ENTERPRISES SHADIPUR JULANA
VEND_CF4C9EB1,KAPIL DALAL
VEND_D0BE687B,SATYA VIJAY SINGH
VEND_64E702C9,KONGANAPALLI RAVI SANKAR BABU
VEND_5AB6236C,SANKRA GRAM PANCHAYAT
VEND_331513DE,A MINE TRADERS
VEND_73167BFE,GURCHARAN SINGH MISTRI
VEND_398F61A4,GRAMPANCHAYAT INDORA
VEND_CD8A5FFB,MS SANJAY CONSTRUCTION KHARAK BAINSI MEHAM
VEND_238CAA9E,BILAL AHMAD LONE
VEND_BA08EE7E,MAHADEV CONSTRUCTION CO
VEND_7E10FEEC,MOURIN ENTERPRISE
VEND_31737775,CHAMPA
VEND_3A25D9F2,MS GAJENDRA SINGH CONTRACTOR
VEND_958FCC36,MS VINOD ENTERPRIES
VEND_A9C442D0,SACHIV GRAM PANCHYAT PIPERPANI
VEND_310B536E,RAVI CONSTRUCTION ASHOK KUMAR SONKAR
VEND_93E4535D,M SARAVANAN
VEND_832FFDEE,GEETA RAWAT
VEND_A5395A50,TUNA GRAM PANCHAYAT
VEND_782294EA,SHRI SHYAM CONSTRUCTION COMPANY
VEND_D3DF5E0B,AJINKYA YODDHA MAJOOR SAHAKARI SANSTHA M KAIJ
VEND_E2D4BD0A,NAGAR PALIKA PARISHAD BAGBAHARA
VEND_7DC4EA48,JAI MATA DI VP CONSTRUCTION
VEND_DFE44CA7,HARIKRISHNAN G
VEND_BAC72C18,OM RAWAT
VEND_DFAF416B,BAJRANG CONSTRUCTION
VEND_7F2C5E84,KAILASH MANGLA
VEND_827588BD,MS BORA HARDWARE
VEND_0FE72425,CONSTRUCTION OF CULTURAL STAGE AT BARHARID NEAR SRI SRI KALIA NAMGHAR
VEND_7B589005,SUHANI CONSTRUCTION
VEND_5B3376E0,UTKASHARSHA MAJOOR SAHAKAARI SANSTHA MARYADIT
VEND_FF9EB978,DEEPAK KUMAR SHARMA
VEND_2B9C0C04,KARAMJEET KAUR
VEND_2D258CAA,GOUBINDRA DEORI
VEND_4DDD1B87,MUKESH KUMAR
VEND_56D23A22,KOTHA VISOTRI GRAM PANCHAYAT
VEND_BA65216F,GUPS CHERUPULASSERY
VEND_17E6DAE7,MONDAL ENTERPRISE
VEND_8471ED7A,SHREE BALAJI SANITARY AND HARDWARE STORE
VEND_AF863734,M J CEMENT STORE AND BUILDING MATERIAL
VEND_70CC2324,SINGLA BRICKS MANUFACTURING COMPANY
VEND_AE3A09E3,R K DARSHAN ELECTRIC STORE
VEND_AD1D342E,SRYGR DARLIPARA
VEND_BC428558,SHA MOHAMAD
VEND_0C493E81,BALDEV SINGH
VEND_2F793FC9,RANI KAUR
VEND_182FE9A6,HAKAM KHAN
VEND_8B1BEEAB,FEROZ KHAN
VEND_4F44FAB7,SHRI KHETARPAL JI PROJECTS AND SUPPLIERS
VEND_CDB6AF38,ELLAPPAN CONTRACTOR
VEND_5D327934,INDO FARM EQUIPEMENT LTD
VEND_236A2B36,MS RADHIKA ENTERPRISES
VEND_7FC354A4,SANJU SHIVAPPA JEEVANNAVAR
VEND_993DEDB3,MITHLESH DEVI
VEND_5ABB19B2,GH LANDSCAPES
VEND_714A1E33,NAND KISHOR
VEND_4BF2BBCE,RAAMVEER SINGH
VEND_2A0A0B63,DARAB
VEND_17C436F6,MUKESH DEVI
VEND_ECE81614,SHUKANT
VEND_071C0999,UMEDI
VEND_B8557917,GEETAM SINGH
VEND_1A36F9D1,RAVINDRA SINGH
VEND_0280A430,RADHA
VEND_FB683405,RAMCHARAN SINGH
VEND_35A23401,HETRAM
VEND_5D00DB24,SANWARIYA CONSTRUCTION
VEND_A4DB9503,MS CHOWDHURY CONSTRUCTION
VEND_D22B2F1E,RAJESH SINGH
VEND_51A990A0,AJIMANA GRAM PANCHAYAT
VEND_D9FF050E,MARWARI YUVA MANCH
VEND_8B48F6A6,AMIYA KU DAS
VEND_3A59C813,VASUDEV CONSTRUCTION CO
VEND_AD5B8881,GURPREET SINGH
VEND_9D409EED,MAHANTESH B KULAKARNI
VEND_C523C873,RAJESH M R
VEND_671D2FB9,DEEPAK M B
VEND_05FC8EE4,MAHILA MANDAL
VEND_B20536FB,G H ENTERPRISES
VEND_5092E01A,GUDDI DEVI
VEND_E66CCFE8,ROSHAN PANDURANG BODKE
VEND_5BBA643D,MUDETI GRAM PANCHAYAT
VEND_76AF2FB1,SIMA BAI
VEND_79949EA1,LAKSHMANA
VEND_BCCE0BBF,HAKRU MEENA
VEND_D097FFD1,SHIV LAL MEENA
VEND_F5B4D79D,SHYAMA BAI
VEND_32A1F916,RAMKANYA BAI
VEND_9DC31A02,DEVLI
VEND_E5C4BEFC,GOPAL LAL MEENA
VEND_8E057627,MS MANZOOR BUILDERS
VEND_7CA09257,CHETAN PRAKASH MEENA
VEND_5068E6E2,PANDIAN V CONTRACTOR
VEND_53F1337F,MAHADEV ENTERPRISES
VEND_B2F6A1CA,THE SHRI COOP L AND C SOCIETY LTD
VEND_E38DF1E6,MEWAR CONSTRUCTION AND BUILDERS
VEND_EB0B0023,KALPESH VASANT VICHARE
VEND_3C8CA479,MS SIKANDER INDUSTRIES
VEND_39A22DF7,PARKASH CHAND PAWAN KUMAR
VEND_E1170DF7,SHREE KRIPA ENTERPRISES SATNA
VEND_9DD03AA5,PALASNI JUTH GRAM PANCHAYAT
VEND_03B79B9E,PUTALAI MAJOR SAHAKARI SANSTHA MARYAD NAVISHEMALI
VEND_D9E7D8CB,BHANA RAM
VEND_D93C2F15,GULAB SINGH
VEND_6AF37CC1,SARPANCH SACHIV DP DHAURABHANTA
VEND_F6A8B3C0,BSDEV INFRATECH INIDA PRIVATE LIMITED
VEND_D9A670CD,EDD SARDHANA MEERUT
VEND_548B9385,SARPANCH SOTAL
VEND_CEA80126,EX ENGINEER EDD II
VEND_25CD9A65,BHACHALVA GRAM PANCHAYAT
VEND_B21921D5,DILSENG A SANGMA
VEND_B9A78CCC,JAMINDRO R MARAK
VEND_13AADFB7,PRAKHYATH RAJ SHETTY
VEND_53D3D6BD,RAJESHBHAI R PRAJAPATI
VEND_E18F2EBD,BISWAJIT DEB
VEND_0CA093F4,WIN POWER CONSTRUCTION CO
VEND_E80AE1BB,GAUR CONSTRUCTION
VEND_716B01CA,RAJHANS
VEND_8649A2E8,BHOJRAJ MAJOOR SAH SANTHA SAWNER
VEND_6A8CE656,SAVITA
VEND_3B42D902,GAURAV BALIYAN CONTRACTOR
VEND_663FD65E,NAGARAJ GOSAL
VEND_3F3EE5EA,T N ANANDA
VEND_554D9532,CHAUTGI UMESHA
VEND_AC615236,CHARAN CONSTRUCTION
VEND_CB50AABE,KRISHNA CONSTRUCTION
VEND_2A1D46BA,VA MURALIDHAR
VEND_8199CE11,TANVEER ABIDALI LASHKARI
VEND_A5A1B13E,RAJIV MAJUR SAH SO LTD
VEND_A5481223,SAI SHARAN CONSTRUCTION CO
VEND_00428068,FRER GRAM PANCHAYAT
VEND_35101627,VIKRANT RAJENDRA INGOLE
VEND_B5FA200A,SAHOO CONSTRUCTION
VEND_C643771C,VISHRI CONSTRUCTION AND PAVER BLOCK
VEND_30658CFC,JAY SOMNATH CONSTRUCTION
VEND_61C85570,SHIVANNA T
VEND_5EF18AC6,DILSHAN CONSTRUCTION
VEND_726C08FB,ASHWATHAM SHASAPPA REBINAL
VEND_38642A06,CONTRACTOR BHAGWAT SINGH CHUNDAWAT
VEND_3478A31A,BACCHI DEVI SHIVRAJ SINGH SIKSHA SEWA SANSTHAN
VEND_784007AE,VALAVAV GRAM PANCHAYAT
VEND_5B621E80,UTPAL SAIKIA
VEND_67AA9B11,RANGANATH V K
VEND_7D426C8B,JAYARAMAIAH
VEND_0070C3BD,RAMESH G M
VEND_F9A1D5C0,MD ROFIKUL ISLAM
VEND_B6B6FFB8,JAIPUR VIDYUT VITRAN NIGAM LIMITED
VEND_0D84C1FE,RAVI ELECTRICALS
VEND_0E180E0D,GOPAL NAYAK
VEND_39D86ADB,NAVEEN ENTERPRISES
VEND_F3783E1A,STAR GALAXY NUTRITION
VEND_8F79EE97,SOWMYA EATHAMUKKALA
VEND_EB9C4CF0,PRASANNAKUMAR K S
VEND_483A6A53,SAGAR RAJARAM MATALE
VEND_1B90D781,KISHAN LAL
VEND_E66499E5,NAVALKISHOR
VEND_74FE3BAF,SARAJUDHIN
VEND_2D235ACE,ROHIT
VEND_DB068CE9,KARAN
VEND_ECEB1028,GRAM PANCHAYAT SANDIYA SFC
VEND_3630EAAA,GRAM PANCHAYAT MATKULI SFC
VEND_9EDB4DDA,TYAGI CONSTRUTION AND ORDER SUPPLIERS
VEND_337BA717,VLWC PRESIDENT THIMMASAMUDRAM
VEND_434BA6F4,ANBARASU
VEND_2B14C991,GRAM PANCHAYAT JAITPUR SEKHPUR
VEND_B41247B2,S R CONSTRUCTION
VEND_CDC7CF7E,MI CONSTRUCTION
VEND_F122022F,MAIHER SHAKTI ENTERPRISES
VEND_589FEBB3,KHANDULI VILLAGE ORGANISATION
VEND_F83EAD4F,GRAM PANCHAYAT KHAIRA LA
VEND_E3370787,UJJAWAL ENTERPRISES
VEND_BBD4B461,STN MSR PROTECTION UZIRAR CHAR JAIPARA
VEND_E9381A22,BARKAT AND SONS
VEND_82FA3262,R D MAURYA
VEND_EB79408D,RAVI S KATNALLI
VEND_92C75F7B,NEHRA ELECTRICALS AND CONSTRUCTION COMPNAY
VEND_69481F35,ASIR BARAN ROY
VEND_A70D0BA0,GRAM PANCHAYAT CHARURI
VEND_4689B072,GRAM PANCHAYAT KHANNI JHIKLI
VEND_187618E0,PRESIDENT PULGAON MKSSS LTD PULGAON
VEND_B7E9FFAE,OM ENTERPRISE
VEND_2CE72D9F,KORNEPATI ASHOK KUMAR
VEND_76C3D08C,VINS INFRA PROJECTS
VEND_9D82E216,PREDEEP KUMAR
VEND_00E090A2,ANATHA SAHOO
VEND_7A77C733,BHAGAWATI ENTERPRISES
VEND_78112504,LUCKY CONSTRUCTIONS
VEND_B290FE7C,PABITRA MOHAN LENKA TC
VEND_73803249,PRAKASH
VEND_19296BA2,BHABHA SHREE INFRATECH
VEND_B5D5DFA3,MPLAD HOLDING ACCOUNT JUJOMURA BLOCK
VEND_D57622BF,CHHOTU LAL MEENA
VEND_17D7AAFF,RAGHAV CONSTRUCTION
VEND_E2716036,LIMAJ GRAM PANCHAYAT
VEND_B0B86080,SUNIL
VEND_E5332587,SAMANTPURA GRAM PANCHAYAT
VEND_EC2C4FD9,SAMPAT NATH
VEND_A5B1C95A,JAMNA
VEND_95EEDABC,MAHENDRA SINGH
VEND_E81648AE,BINTU NATH
VEND_38AB9348,FATMA
VEND_7AC1A84F,BAHADUR SINGH
VEND_EED5233F,LALI KANWER
VEND_A85419D2,BASANTACON
VEND_8AF4C6F2,M VIVEKANANDHAN
VEND_3C7F3C74,RISHABH ENTERPRISES
VEND_E3D1B1F6,GEETANJALI PIDIKA
VEND_8B4075C2,RAO ADHIKARI SRINIVASA
VEND_8A41884F,MD SAHABAT HOSSAIN
VEND_686D2F25,MOHHMAD RIYAJUDHAN
VEND_FBACF499,RAGHBIR SINGH
VEND_57A2DEE2,KRISHNA TALWAR
VEND_07DE5ED3,SURENDRA KUMAR SHARMA
VEND_87A18D4A,ASHOK KUMAR
VEND_AEECE2D8,BIRBAL
VEND_1EAF7C06,LAKSHMI
VEND_CB345DE6,CHETARAM
VEND_C4CCB44F,KUNDA RAM
VEND_B3EAA7EC,POOJA DEVI
VEND_0FD6CA6D,SUBHASH
VEND_2DEF76DF,GOVINDA NAYAK
VEND_4976B111,GRAM PANCHAYAT NASIRPUR
VEND_E4DA4EC0,VEERANNA RAMPPA BARAKER
VEND_72A8229D,K BHASKAR REDDY
VEND_6531D032,VLC PRESIDENT REDDIVARIPALLI GP
VEND_95765FFB,PALASI PENTAIAH
VEND_74852810,DHANSHREE GANGARAM PATIL
VEND_D3919EBA,AKASH RAJENDRA KHARODE
VEND_8F543FFA,FUL KANWAR
VEND_5144B081,BHAGWAN SINGH
VEND_22898DD4,THE BOPARAI CO OP SOCIETY LTD
VEND_8D569520,ALI P B
VEND_D0038CDF,KONDETI VIJAYABHASKAR
VEND_32AE5548,BABUN KUMAR SAHU
VEND_46313C60,VIKAS CONSTRUCTIONS
VEND_DCC8715B,POOJA CONSTRUCTION
VEND_96FDC7EE,SOUMEN DAS
VEND_1259A650,SHRI MURUGAN ASSOCIATES
VEND_4051EB76,MS DAITHUN KH DAIMARI ENTERPRISE
VEND_69B99D42,SHRAMSAPHALYA MAJUR BANDHKAM SAH SOC LTD DOLHARE
VEND_4ACC2632,GRAM PANCHAYAT KANERA
VEND_186BC012,SUSANTA KUMAR POLEI
VEND_73712DD5,MS GOPESH INTERNATIONAL CONTRACTOR
VEND_8B9DB3B7,HEMANTA BHATTARAI
VEND_3778922B,CONSTRUCTION OF COMMUNITY HALL NEAR MAHAPURUSH SRI SRIMANTA SANKARDEV NAMGHAR
VEND_87C05DAB,CONSTRUCTION OF BOUNDARY WALL AND GATE NEAR RANGPUR NAGAR BATHOW THANSALI MANDIR
VEND_A09BF4A3,EXECUTIVE ENGINEER R B BUDGAM
VEND_439ED537,RAHUL
VEND_0D10B3B1,SHREE KRISHNA ENTERPRISES
VEND_572EFD78,JAI BABA KHAK NATH WELDING WORKSHOP
VEND_794F7A57,GUMANSINGH
VEND_371AB955,SONU
VEND_C24EBCC5,PARMESHWAR RAWAT
VEND_B54B0C04,PREM RAJ
VEND_8E5348B9,MAHAVEER RAWAT
VEND_4AA293DB,NOSAR
VEND_7B93BC9E,RAMI
VEND_E9DC4988,MOHAN SINGH
VEND_A93E596C,TARA DEVI
VEND_6AC02339,SUNIL SINGH
VEND_565C806C,RAM SINGH RAWAT
VEND_DD5F9DAB,PAHALVAN RAWAT
VEND_92315E99,NARBADA
VEND_073CD6E4,BHAWANI SINGH
VEND_868CC79B,BHOLA SINGH
VEND_2A9E1F59,MANJU GURJAR
VEND_E03A9B8F,SAGWAN GURJAR
VEND_5F002386,SANWAR LAL
VEND_C04E3E25,AJAY SINGH
VEND_EEAFF69A,VISHRAMI
VEND_EEF437E6,RAV INFRA
VEND_942CE157,ARP MOTERS PVT LTD
VEND_6A6AAEE6,NUKALA SRINIVASARAO
VEND_C9592A9B,YASHRAJ KASHINATH PASHTE
VEND_B8CBE1CA,MAHENDRA RAWATR
VEND_6F17F50B,GEETA DEVI
VEND_0945B053,PYARE LAL MAGHWANSHI
VEND_0B1C8BC3,PRIYA
VEND_08953AC7,NAVAL SINGH RAWAT
VEND_A7581CFF,SIR VISHVESHWARAYYA SUSHIKSHIT BEROJGARABHIYANTA SEVA
VEND_BF300FCE,ANURAG URBAN TECINFRA PVT LTD
VEND_C08FE63B,SHRI CONSTRUCTION
VEND_7AAD5115,HARSADPUR GRAM PANCHAYAT
VEND_688ABA7C,GRAM PANCHAYAT PADAJHIR
VEND_AE93E1A6,M VELU
VEND_0AB57030,PREM KAHAR
VEND_8A48235A,REKHA RAWAT
VEND_DAC358B3,GYAN SINGH
VEND_B91C5719,SURENDRA SINGH
VEND_3FBEBEDB,BHARAT SINGH RAWAT
VEND_421CEAAE,MANOHAR LAL KAHAR
VEND_79238D48,KAN SINGH
VEND_F0C5D91F,PRIYANKA KAHAR
VEND_9C8D5F6E,SEEBU SONU
VEND_4E61E9C8,GYANI
VEND_436A0A0F,SEETA DEVI
VEND_076E67B3,SONU SINGH RAWAT
VEND_38BD642A,KAVITA
VEND_7A60696C,MAMTA RAWAT
VEND_F4593EDD,SAPNA RAWAT
VEND_556139AA,JAY SINGH
VEND_3B6BEB51,SHUBHAM
VEND_DB97582A,MOHANI
VEND_9219F8EF,SURENDRA
VEND_5436DB17,FATEH SINGH
VEND_819A267E,MEERO CONSTRUCTION COMPANY
VEND_7040BD43,MANNARMANNAN P
VEND_1CE845F1,RADHA DEVI GURJAR
VEND_29C645F7,RADHESHYAM KUMHAR
VEND_4E9F2D5C,RAJENDR MEENA
VEND_671F6051,RAJENDR SINGH
VEND_2AF36CAF,SHANKAR LAL MEENA
VEND_C74C6348,SHANTI DEVI
VEND_DBEE39F9,SITA BHIL
VEND_AA98C82B,SOHANI DEVI MEENA
VEND_0627B152,SUMITRA KANWAR
VEND_8333BDD5,TEJU KUMARI MEENA
VEND_1F3D0F94,JAI ENTERPRISES
VEND_AC5AC89A,MILIND CHOUDHARY
VEND_0ED5CE40,MANGI DEVI MINA
VEND_3F829955,MS VAISHNAVI TRADERS
VEND_86F6BC75,MS ANURAG ENTERPRISES
VEND_220D6DED,L R URADE BILDING MATERIAL SUPLAYARS
VEND_8649EB3F,ASHISH KUMAR JAISWAL
VEND_1E822C1B,NITYANAND PALARIYA
VEND_2BBE1586,B D O BIJEPUR
VEND_7CB10171,UNDVA GRAM PANCHAYAT
VEND_E73D7C66,KAVYASHREE ENTERPRISES
VEND_F79A98BE,KALIYAKUVA GRAM PANCHAYAT
VEND_9DE8D333,VINAYAK TAMMANACHE
VEND_66007262,THE SACHDEVA CO OPERATIVE LABOUR AND CONSTRUCTION
VEND_A33C35CE,UMESH AJJAPPA GANGANI
VEND_02190984,MORAGAR JUTH GRAM PANCHAYAT
VEND_0A85DB79,RASIDA
VEND_8F375F7F,SULEMAN
VEND_7EBC2C8A,MADHURI
VEND_D3FD6965,KAJIRAM SALOI HARDWARE
VEND_DC7740B4,SUSHIL TRADERS
VEND_A7CCE78B,SARPANCH GRAM PANCHAYAT SOMALWADA
VEND_AA244902,UMAMAHESHWARI J
VEND_D43310A0,SIBSANKAR CHOWDHURY
VEND_8A07D237,ARJUN CIVIL WORKS
VEND_7BA746BC,SURYANARAYANA BAGEPALLI
VEND_35A7B6F0,SAURABH VERMA
VEND_00905DE3,VIVIKSHA CHOUDHARY
VEND_6B461BE5,RAVIYANA GRAM PANCHAYAT
VEND_A282A5C5,SURENDR KUMAR
VEND_1E0A4548,GRAM PANCHAYAT TAJPUR CHHIPA
VEND_1E418796,GURU RAM DASS PIPE AND TILE FACTORY
VEND_F33EC454,RANJAN SAMANTARAY
VEND_71218D1A,UNIQUE TECHNO SOLUTIONS PVT LTD
VEND_862B4A04,PANDIT
VEND_C32A5FBC,KANWAR PAL SINGH
VEND_2D3980AB,SUNIL KUMAR
VEND_2FFE8E40,LINGANANDA TALAWAR URF HANCHINAMANI
VEND_4F9AEDF7,SHUBHAM BHURE
VEND_6CB06B80,VSTONE INFRASTRUCTURE
VEND_6B4A2A55,V N CHAITANYA
VEND_010FA6D5,PREM BALAI
VEND_11F8DC39,SHANKAR LAL
VEND_9B99A7D2,KANKU BALAI
VEND_D0BE1959,DHISHU BALAI
VEND_A896FAFE,DEVKARAN BALAI
VEND_862F20E8,DEEPCHAND
VEND_0948E43F,DEVI LAL
VEND_AD257814,KHETA RAM
VEND_CE00095C,CHANDERKALA
VEND_86F9AB66,MANJU
VEND_0BAC49E7,SUMAN DEVI
VEND_A0C1E87E,BRAHMA DEVI
VEND_8C3025C4,AATMA RAM
VEND_1D397B9B,MAINA DEVI
VEND_0946A4BD,PREM KUMAR
VEND_5C97FD32,RADHESHYAM
VEND_4BF44A21,CHOTU SINGH
VEND_54649430,AS GROUP
VEND_DA91307F,GP KATKI
VEND_70F09B9F,EE MPPKVVCL MANDSAUR AE MPPKVVCL RATLAM
VEND_41D67E8B,PABITRA HANDIQUE
VEND_B8BC1F4B,SARPANCH GRAM PANCHAYAT KHOJALVASA
VEND_BAC34F92,GRAM BHARTI BALAGHAT
VEND_FB5F1172,BDO KANTAMAL MPLAD
VEND_73359B8D,OMPRAKASH
VEND_8A6268E0,JAIN SONS TRADERS
VEND_DA0D8A36,SATWIK SHEELAVANT
VEND_B3A279C2,SHIVARAJ DYAVAPPA DANDIN
VEND_5303A470,KIRAN GOWDA
VEND_A6BD9977,MADHUSUDAN BANCHHOR
VEND_85B55D62,GP CHANDEH
VEND_067B99B5,SAGANDEEP SINGH
VEND_4E6E2551,MR RAJESWARAN LOHIYADASAN
VEND_BC1B6283,GRAM PANCHAYAT SARDARPURA
VEND_0DF12B3C,S R V ENTERPRISES
VEND_91B8CAC1,SB TRADERS FABRICATIONS
VEND_E420D244,LAKHVIR KAUR SARPANCH
VEND_FE808751,KANG IRON CEMENT STORE
VEND_903F4F31,GRAM PANCHAYAT KAPASTHAL JANPAD PANCHAYAT SARDARPUR
VEND_443DE3BD,NIRANJAN BEHERA
VEND_63D09B71,KRISHNA KUMAR CONTRACTOR
VEND_AD6C374C,SONU SINGH
VEND_57531E29,DMF BOUDH
VEND_EF2E884E,SAMARTHA ENTERPRISES
VEND_B62623A5,KHOKHARAUMAR GROUP GRAM PANCHAYAT
VEND_65743CA4,KATTA PRASANNA KUMAR
VEND_6148B6FB,THE DEVI LUXMI CO OPERATIVE LABOUR AND CONSTRUCTION SOCIETY LIMITED
VEND_B4A51727,RAGHAVENDRA I NARAGATTI
VEND_1827C1D9,QUALITY CONTRACTORS
VEND_C6667658,BASAVARAJ MAHANTESH PATIL
VEND_9AD5B3E7,PUSALAPATI CHINNA KONDAIAH
VEND_C723ADAC,AMIR KHAN
VEND_066F29E1,CHIDIYA KHAN
VEND_99EE844B,JASAKARAN
VEND_27897320,SOM NATH
VEND_1E6AC3A8,RAHAMAN ENTERPRISE
VEND_2F278648,DIPTI ENTERPRISE
VEND_67021B4D,JUNIOR ENGINEER III
VEND_339107D5,SHRAVAN KUMAR SHETTY
VEND_24C9AA03,RAJINDERA BKO
VEND_ACA6C93D,KEVDI GROUP GRAM PANCHAYAT
VEND_FFA52CDE,NANJIBHAI DEVSHIBHAI MAKVANA
VEND_84C9DACC,SWARNA NARENDRA KUMAR
VEND_175E626A,KHEHRA TRADING COMPANY
VEND_F3AAE72A,SIX FILTERS TECHNOLOGY
VEND_B39EE413,SUKHDEV BALAI
VEND_AEC89BBA,TAVITI NAIDU REDDY
VEND_E6C9F268,SHRISHYAM ENTERPRISE
VEND_4DD1C6DD,ANITA RAJPUT KUMAR
VEND_EA66E24A,SHANKAR LAL GADRI
VEND_920AE06F,MAHAVEER KUMAWAT
VEND_8B1C8821,MAHAVEER PARSAD MALI
VEND_A9A16B99,CHOTU REGAR
VEND_2008B244,SELMA EKKA
VEND_6AA79C50,BADRI KUMHAR
VEND_1D97CC5F,DEBI LAL GUJAR
VEND_BFF18A87,PRAHLAD KUMAWAT
VEND_0CCE5E8F,BRAHMANANDA SAHOO
VEND_4B1D3B7F,THSHAR TRADING COMPANY
VEND_C3F72446,JASVANTPURA GRAM PANCHAYAT
VEND_71DF66E1,KUBER PRASAD
VEND_A16501EA,ANBARASAN G
VEND_78D7ADD9,KARTHIK P
VEND_8F102E88,MANJUNATH M C
VEND_AFF1F638,MANAGER SAMITI BABURAM MUNNI DEVI BALIKA
VEND_77DBDD41,MOBERA SINGH
VEND_47420070,MS NS INFRA ENTERPRISES
VEND_16ED49FB,ROJALOIN BEHERA
VEND_5AB1F8A6,RAJIVE C K
VEND_9AD735D9,GRAM PANCHAYAT BHANTHAL
VEND_24A3F5E5,BISHNU CONSTRUCTION
VEND_4BAB96DE,GRAM PANCHAYAT POKHI
VEND_451C67DA,TIRLOCHAN
VEND_FBFF03D8,HARISH CHANDRA JOSHI
VEND_BC4F68ED,VINOD CHANDRA BHATT
VEND_B04222AE,HARISH CHANDRA BHATT
VEND_265E4EAB,PAWAN BHATT
VEND_877BF4C8,NAVEEN CHANDRA BHATT
VEND_314C9A43,BHARTI RAWAT
VEND_35B23E41,MAHESH SHAHI SON OF TEJ BAHADUR SHAHI
VEND_4F3A0F48,RAKESH YADAV SON OF MAHANGU YADAV
VEND_DFFDA1AD,GRAM PANCHAYAT KATHOG
VEND_89A2D7E6,KHAND SHROT SAMANVAYAK SAMAGRA SIKSHA VIKASKHAND GEEDAM
VEND_93C64B8F,GRAM PANCHAYAT HATAUN
VEND_6B371A99,MS GOPINATH MAITY
VEND_C8ADCF7A,TIRUPATI ENTERPRISE
VEND_F33548E6,CHANCHAL SINGH
VEND_7F0EE3F8,ADITYA ENTERPRISES
VEND_287AB086,SHANKAR SINGH
VEND_5628BBD3,GP HARGUNEN
VEND_034ED7CC,SANTHIYA
VEND_038F32F1,MUHAMMED NASEER
VEND_8CB78732,HARISH CHANDRA BHATT TRADERS
VEND_B98506A8,KHERGAM VIBHAG MAJUR ANE KAMAGARO SAHKARI MANDLI LIMITED KHERGAM
VEND_480C5CE8,SDO UHBVN KALANAUR
VEND_957F0CB8,SHREE SHYAM ENTERPRISES
VEND_020E127C,GRAM PANCHAYAT ITKHEDA
VEND_07641832,GIGASAN GRAM PANCHAYAT
VEND_6A6013EF,BRINDHA
VEND_72DE62D6,DHIRAJ KUMAR
VEND_9E82311D,RAGHAVENDRA
VEND_F0923D8E,NATIONAL SPORTS AND GAMES
VEND_36EC9B7A,GP PAKHRIR
VEND_8BDCAA88,GP SORTA
VEND_57AEE1F7,MADDISETTI SATYA PRASAD
VEND_7C63FDF0,DEVENDER REDDY KAVVA
VEND_29BE54A5,GAURAV
VEND_FBBA9DA4,PRABHU LAL GAYARI
VEND_95D0E236,PRITHRIRAJ
VEND_965AF0BD,RATAN LAL GAYARI
VEND_83AFD728,SHANKAR LAL GAYARI
VEND_5E755A81,REKHA GAYARI
VEND_C2F8D311,SOHANI BAI GAYARI
VEND_180BF978,VALI BAI GAYARI
VEND_58300063,SOHAN LAL
VEND_B4921398,BHAGWANI BAI
VEND_E5B8AB3C,GRAMPANCHAYAT KARYALAY LAKHPURI
VEND_E30A71F1,K MURUSALEEM
VEND_4766EA93,SHYN CONSTRUCTION HOSUR
VEND_4E8EF32A,KANNADHASAN V
VEND_8FA6F059,SANJAY KUMAR
VEND_18668E48,VISHAL NAINWAL
VEND_948B137A,JATIN NAINWAL
VEND_1939B573,GAURAV SATI
VEND_977A0C0F,DINESH CHANDRA NAINWAL
VEND_EA120DE4,DEEPAK BADHANI
VEND_0C62AD76,KHILESH CHANDRA
VEND_3DE19388,ABHAY NAINWAL
VEND_7B875EE4,TRIBHUWAN CHANDRA
VEND_26233E8D,LALIT CHANDRA
VEND_DBD5E5A7,DEEPAK KUMAR TIWARI
VEND_FFC2E161,YOGESH CHANDRA
VEND_EFA6FDE0,SINGH MATERIAL CONSTRUCTION
VEND_E62D9719,GORA BHATHAL CEMENT STORE
VEND_D0776984,BAGGA SINGH
VEND_37D3555B,GARG IRON STORE BARNALA
VEND_627A307D,MEGH RAM AMAR NATH
VEND_0FD4E59D,SUBRAT ROUT
VEND_CD86455C,GRAM PANCHAYAT THACH THARMI
VEND_5B65EB83,GRAM PANCHAYAT KARYALAYA JAKAPUR TQ KANDHAR
VEND_9D437DE0,SARV KALYAN MANCH
VEND_346D8A2C,GURMAIL SINGH SARPANCH
VEND_9CEA0175,PREET PAINT STORE
VEND_503E77F4,PAVITAR SINGH
VEND_CCD97B0D,GRAM PANCHAYAT GUMMA
VEND_98A20E03,GRAM PANCHAYAT NAU
VEND_96ECFA3D,BABA BULLAJI BRICKS CO CHOWKE
VEND_1B1996D2,MAHADEV TRADERS
VEND_BC40C292,GRAM PANCHAYAT SHIVA
VEND_B7CD4B8F,CHANDRASHEKAR SHETTY
VEND_2828372C,MANOJ KUMAR
VEND_F99E4D3B,SHRI VIJAY SINGH SATNA
VEND_58FEE5AB,JANTA TRADERS
VEND_91525D1C,GRAM PANCHAYAT CHANDAWADA
VEND_8612CB97,VS INFRA
VEND_7051D36C,BASAPPA KENCHAPPA NAIK
VEND_CCC09F1B,LALTHANZUALA
VEND_4E2DD7E1,SHEKHAR
VEND_922DA836,MANTU ENTERPRISES
VEND_71340B64,MATA BHABORI MANDIR NIRMAN SAMITI
VEND_182AF8F6,TMT KANIMOZHI
VEND_BD1192E1,SANNA HUSENAPPA
VEND_A1F1688A,GRAM PANCHAYAT GALU
VEND_186DF581,ABHAY KUMAR MISHRA JE ZILA PARISHAD LATEHAR
VEND_C0D41C17,GP RAHLA
VEND_32C39CB9,GP PALI
VEND_FFC4374C,GP KOT DHALYAS
VEND_600482E8,ANIL KUMAR SINGH
VEND_E9934341,SHIV CONSTRUCTION PARBATSAR
VEND_FBBB8405,JAYALAKSHMI BUILDERS
VEND_22791E5D,DB VEERRARAGHAVAN
VEND_FEF66751,PRADEEP KUMAR YADAV
VEND_3C503BD8,BHUWAN CHANDRA JOSHI
VEND_4D3697CE,DIKSHA JOSHI
VEND_0F1804CA,PUSHPA DEVI
VEND_A73DCF32,HANSA DEVI
VEND_5C98EAD8,BASANT BALLBH JOSHI
VEND_372261B9,UMA ENTERPRISES
VEND_850FE4EB,GRAM PANCHAYAT KHADDAR
VEND_7A20CF2B,GRAM PANCHAYAT GOUNTA
VEND_56885915,GP BHARAROO
VEND_17D40894,GRAM PANCHAYAT PALI
VEND_F0B33CC7,GRAM PANCHAYAT NAUHALI
VEND_177253F7,GRAM PANCHAYAT UTPUR
VEND_58537F0E,GRAM PANCHAYAT MATEHAR
VEND_8C61C729,GRAM PANCHAYAT KOLANG
VEND_ECB54433,SEWA BHARTI SAMITTI ROPRI KALEHRU
VEND_709E3585,THE LAL KRIPA COOP LANDC SOCIETY LTD
VEND_FE94C7DE,GRAM PANCHAYAT TALKEHAR
VEND_5BB2DAED,GRAM PANCHAYAT BHADYARA BHULLA
VEND_01525BA0,ARUN K
VEND_60F647F2,GRAM PANCHAYAT TIKROO
VEND_C5193A81,GRAM PANCHAYAT BIHUN
VEND_7076D4AD,G P NICHALA GARORU
VEND_55230A41,PRADHANGP KADHAR
VEND_A636E3E4,PRADHANGP KUFRI
VEND_502C2772,PRADHAN GP DHART BAGLA SEC GP DART BAGALA
VEND_4F0CAA6D,DINESH NAYAK
VEND_9D411591,GP BARIDHAR
VEND_63504BC0,PRASHAR YUVAK MANDAL REHARDHAR
VEND_1BB3DE90,GRAM PANCHAYAT BHADYARA
VEND_B833C313,GRAM PANCHAYAT PIHAR BHEDLU
VEND_6B5AC190,GRAM PANCHAYAT BHAROL
VEND_59FFDB96,GRAM PANCHAYAT LATRAN
VEND_4EB3B37F,GP KUNNU
VEND_3A06A96B,GRAM PANCHAYAT SILH BADHANI
VEND_3C3E7C1C,GRAM PANHAYAT TULLAH
VEND_AD6D49D4,GRAM PANCHAYAT KHADIAR
VEND_95EE7969,GRAM PANCHAYAT TUNG
VEND_79AB86EB,PRADHAN GP MASOLI
VEND_AE5845BB,SRE MCM AND CO
VEND_EBBCE318,JODH SINGH SARPANCH RABBON UCHI
VEND_7E074659,GRAM PANCHAYAT GOLWAN
VEND_D3FFA14E,ANIJLI SHARMA
VEND_BD1D2175,GRAM PANCHAYAT BAGHIMA
VEND_58E7D68C,ABHIMANYU GIRI
VEND_F01F306F,BAGHA HARDWARE PAINT STORE
VEND_42488617,SHIVALIK ENGINEERS AND CONTRACTORS
VEND_5E579FBE,GRAM PANCHAYAT MOKHALI
VEND_B90F9F82,DEEPAK KUMAR
VEND_28B76D03,THAKUR AMRENDRA KUMAR SINGH
VEND_2456C2A8,BRAHMAN PARISHAD BERASIA
VEND_078E1373,MARUTI CONSTRUCTION
VEND_23639CC9,GRAM PANCHAYAT LANGNA
VEND_3BA76BC0,GRAM PANCHAYAT BHAGER
VEND_04446A7B,GP SUIN KUFRIDHAR
VEND_66CB1CC2,EDA HARSHA VARDHAN REDDY
VEND_D647E5B3,GP BELARDHAR
VEND_70836E5F,GP PANGNA
VEND_232A0A31,SHIVOHAM BY GAJANAN
VEND_4FB539A3,BALAJI CONSTRUCTION
VEND_D028EB66,GKNR CONSTRUCTIONS AND MAN POWER SUPPLIERS
VEND_323A6D3A,LIYON M V
VEND_C389E4C6,AGAMESWARI CO OPERATIVE LABOUR CONTRACT AND CONSTRUCTION SOCIETY LTD
VEND_1DC12295,LACHANPURA GRAM PANCHAYAT
VEND_00A1DB12,GRAM PANCHAYAT DURGWADA
VEND_F15ADD35,SB TRADING COMPANY
VEND_D7530522,EE APSIDC INTREST AND DISBURESEMENT
VEND_F022EE2C,TANISHKA PRAKASHAN
VEND_CDC8800D,SHANKER NATH
VEND_CA620467,MUNSHI RAM
VEND_89EEE51E,RAJEEV KUMAR SINGH
VEND_2CAD9F52,GRAM PANCHAYAT HAMAPUR
VEND_0AD38827,GRUP GRAMPANCHAYAT SANJELI
VEND_1490CEAC,RAJU S
VEND_A4BDC367,MANISH CONSTRUCTION AND VENDORS
VEND_84CB1886,SHREE BALAJI ENTERPRISES
VEND_1645F49E,NEW MAHA LUXMI BRICKS
VEND_F0BB9E55,YUVRAJ ELECTRICAL
VEND_90DBDD47,BABALU BEHERA
VEND_D588B8A2,RAJU GOGOI
VEND_4A7FF8AF,NEELAM
VEND_32D0A541,BDO SAIDPUR
VEND_51D68CDD,SHUBH ENTERPRISES
VEND_BDE1BFEF,INTERLOCKING TILE FACTORY
VEND_7FDA52E9,NAHAR TRADING
VEND_4060B84C,SAROJ BALA
VEND_61844C27,GRAM PANCHAYAT NIMACH
VEND_B82B6081,EVEREST CONSTRUCTION
VEND_234C5CDE,HARERAM PANDA
VEND_9860D253,GRAM PANCHAYAT NADHELAV
VEND_F1F9B62C,M S AULAKH CONTRACTORS
VEND_F3A52C9A,UMESH CHAND
VEND_64A02A64,BANWARI
VEND_16CC38CE,BHUPENDRA KUMAR
VEND_22936CF1,DHARMENDRA KUMAR
VEND_944412C0,GAJEBDRA
VEND_0F9A9FDE,HARI OM
VEND_F6E86500,KELLA DEVI
VEND_4C79EA3C,MAHESH CHAND
VEND_DF8FD36D,NARENDRA KUMAR
VEND_EDC5F051,MALLIBOYANA BALAKRISHNA
VEND_BE7FB2D9,NAVNIT TIWARI
VEND_B81EDE18,PAWAN DAI
VEND_23CB63EB,PREETI KUMARI
VEND_86CCB60A,RAMESH CHAND
VEND_552E6B3A,RAVINDRA KUMAR
VEND_1ACFB65E,UMESH KUMAR
VEND_540E91D4,YATENDRA KUMAR
VEND_34FB3827,YOGESH
VEND_D8D7ADF6,THE HR CO OP LC SOCIETY LTD
VEND_0CA8D574,GP JAMONIYA JP BIAORA
VEND_2E930C19,GRYGRAM PAN SENDMUDA
VEND_CF78B80E,GRAM PANCHAYAT KHOKSARA
VEND_61A1F3AB,SRYGR PANCH JHIRIPANI
VEND_E5B57BAD,SARPANCH GRAM PANCHAYAT JAMGAON M
VEND_DBBD138B,SARPANCH GRAM PANCHAYAT TELIGUNDRA
VEND_3A985275,GP THALI
VEND_6CEAA6BC,AAVESH RAUF SHEIKH
VEND_69DBE035,DDU KANYA INTER COLLEGE MITHAUWA
VEND_76552884,NAINA DEVI CONSTRUCTION
VEND_5BF16171,BDO GHASIPURA ROYALTY
VEND_615E841F,SUNIL ENTERPRISES DIRBA
VEND_E1CE4BB3,GP KHERDA BK STHANIK VIKAS NIDHI
VEND_C3466296,C S RAMESH
VEND_3D2A913A,MS BADYAL BROTHERS CEMENT STORE
VEND_8B64D245,VISHAL
VEND_2AD94CD4,GRAM PANCHAYAT BHAWSA
VEND_53AA8437,SABU K A
VEND_7B2059E4,GRAM PANCHAYT SARDA
VEND_9BBAEB1C,K R AND SONS BINTA ALMORA
VEND_DBE9D58C,VINOD CHANDRA
VEND_3BF2A0B2,SURESH CHANDRA
VEND_64B751BD,KHASTI DEVI JOSHI
VEND_55AFBFD2,BHUWAN CHANDRA MATHPAL
VEND_96DF2D6C,MAMTA MATHPAL
VEND_95F38996,BABITA PATHAK
VEND_C320E97B,DAYA DEVI
VEND_EFBDF2C8,TULSI DEVI JOSHI
VEND_7C2C3D0E,BHUWAN SINGH
VEND_DB63EA06,ANIL KUMAR
VEND_3264C809,CHARU JOSHI
VEND_BCE127B5,MUNNI DEVI
VEND_05934441,DHAN SINGH
VEND_9F075B0C,KHEEMA NATH
VEND_5F920DA9,DEVKI DEVI
VEND_BA8E5B39,NEEMA
VEND_C907AEC9,MANOJ MATHPAL
VEND_C3666C12,GUNTA RAVI
VEND_523D7D56,SUNDARASU
VEND_D08B344D,GRAM PANCHAYT KHARRA
VEND_9EF29F54,GRAM PANCHAYAT KHAMTRAI
VEND_DB69247E,GRAM PANCHAYT GODGIRI
VEND_F1509E06,GRAM PANCHAYT DEVRI
VEND_87130FCC,V INDRASENA
VEND_320EDAAF,SONIA RANI
VEND_098CBB46,JYOTIMAYI PATTANAYAK
VEND_526BA6F8,GP DUBAHA
VEND_BC7E6789,DASMESH TILES AND BULIDING MATERIAL
VEND_95E178DC,JASWINDER SINGH
VEND_6FB402C2,GS TILES
VEND_F6560382,RKTREDERS
VEND_312C6FF6,DINESH KUMAR
VEND_39290218,SD TILE AND ANDUSTRIES
VEND_9020949C,RAM KUMAR THERI SARPANCH
VEND_2D504CC2,JAY SHREE KRUSHNA MAJUR KAMGAR SANSTHA
VEND_3029D8DC,THE TITANI CO OP L AND C SOCIETY LTD
VEND_4561CFD0,DADA UDAL DEV INDUSTRIES
VEND_48E5A2A7,DHUPENDRA PRASAD
VEND_E4A4AFD9,LAKSHMI INDUSTRIES
VEND_F09619B3,SARPANCH CEMENT IRON STORE
VEND_5AB9709F,INDUS INITIATIVE COUNCIL
VEND_70ED7C36,POHAP SINGH
VEND_4F6C1C2F,MAHAVIR SINGH
VEND_AB7187B4,LOKENDRA SINGH
VEND_A2D5DC83,ASHA
VEND_4E1679B0,RIMJHIM
VEND_75E4AFC8,SAVITRI DEVI
VEND_2996AB48,KHAIMRAJ
VEND_B056AC32,SEENU
VEND_BB16FA61,PRAMOD
VEND_F0B4AAED,MEENA DEVI
VEND_04CB689E,PRAKASH CHANDRA
VEND_2735C853,NAMVATI
VEND_EBEC0384,CHANDRA SEN
VEND_38A1FFB5,ANIS
VEND_AFF09AA2,SAFIK
VEND_C972EA02,RICHARD HARDSON K
VEND_F3E41987,KARSAN SINGLA GOVT CONTRACTOR
VEND_DE2D02F6,SUBRATA SAHA
VEND_E69FAC27,PINNINTI RAMANAMMA
VEND_6664C025,RADHA BORA
VEND_A832F5FD,KEDARIYA GRAM PANCHAYAT
VEND_0109E3B1,GRAM PANCHAYAT MISROD SARPANCH GRAM
VEND_11380234,BEERAPPA S YANNI
VEND_E423D080,SHREE JAMBARVALA GRAM PANCHAYAT
VEND_A170E0A0,NIDHI ENTERPRISES
VEND_2B345110,VAIBHAV CONTRACTOR
VEND_AEC6F8FE,THE RENUKA CO OP L AND C SOCIETY
VEND_77AE71A0,J S TRADING
VEND_636AB479,BALISTER PATEL
VEND_9FAF5271,J S TRADERS
VEND_E6EBF7E2,JBM CONSTRUCTIONS AND SUPPLIERS
VEND_A600F2A6,PUSPANJALI MURMU
VEND_1C82CDE0,MAHENDRA KUMAR
VEND_35CEDA85,JOD SINGH
VEND_B046C2A5,DINESH CHNDRA
VEND_EC1989DB,KUMAS GRAM PANCHAYAT
VEND_A96350B7,KSK ENGINEERS
VEND_0052C688,GRAM PANCHAYAT PRATAPPURA
VEND_69A31C34,GRAM PANCHAYAT NARENDRAGARH
VEND_96ECEAB9,SHARADA ENTERPRISES
VEND_E499C0E1,MUKTHI KIRAN KUMAR
VEND_E189CB13,LANGHNAJ GRAM PANCHAYAT
VEND_0B92346A,SEEMA NAULA
VEND_BCEA0506,KERIYA GRAM PANCHAYAT
VEND_FDE2CFB9,PINDI UMA LAKSHMANA KUMAR
VEND_128CB1BA,DWIVIDI CONSTRUCTION AND SUPPLIER PRO HARE RAM DWIVEDI
VEND_27BBEA14,GRAM PANCHAYAT DHOLARVA
VEND_A3270157,K S CONSTRUCTION
VEND_CE2DB582,YARAGARLA RADHAKRISHNA
VEND_08168F3C,MEDO JAL AND SWACHATA SAMITI
VEND_30DA3E4C,SVB BUILDERS
VEND_9116396F,SAMASPURA GRAM PANCHAYAT
VEND_5A520825,DUMPALA SIVA KUMAR RAO
VEND_1153C276,J K D V PRASADA RAJU
VEND_BC342EF7,OHAB SK
VEND_F3FEE762,PIPODARA GRAM PANCHAYAT
VEND_7B23A0C4,SUDHAWATI DEVI
VEND_82A7B526,VIRAT BRICKS KILN INDUSTRIES
VEND_3A146079,P RAVEENDRAKUMAR
VEND_7E68B3D2,SARPANCH GRAM PANCHAYAT BHARLAI
VEND_587CD869,GRAM PANCHAYAT SINGARPUR
VEND_FC9D1BE7,SWAPNIL SANTOSH JADHAV
VEND_A7F43710,SHUBHAM ULLEWAD
VEND_EB1C46B3,MITRA TRADERS
VEND_EDCAE440,CHANDAN SINGH
VEND_62EE3B52,MS VARUNA CONSTRUCTION
VEND_87D6CFB2,KUNDANAM INDUSTRIES
VEND_75C8707E,CHOKARI GRAMPANCHAYAT
VEND_7A5F4856,S R S ENTERPRISES
VEND_F4FE0AE4,BALAKUMAR R
VEND_966C0509,ROYAL TRADERS
VEND_8A1B93D9,SRINATH GOWDA M S
VEND_20E6A0EF,GRAM PANCHAYAT JUNA VAGHANIYA
VEND_7DF7E371,PONNAM SREENIVAS
VEND_30C9E1B6,LAKSHMANAN C
VEND_63F6CADC,GUPTA RADIOS
VEND_15BE2234,BRAJAKISHORE SAHOO
VEND_CADF6F62,BASAVARAJ GANAGAPPA AMBIGER
VEND_4CDCEBB6,VIJAY S HODLUR
VEND_0E33E12B,R K AGENCIES
VEND_A48D97EC,ASHOK INFRAVENTURE
VEND_111A8FCC,DIBAKAR BEHERA
VEND_14388771,GRAM PANCHAYAT RAMPUR
VEND_6A870F4A,GP SHEKUKHEDA JAWAR
VEND_D789ACD1,GURMEL SINGH
VEND_E3114132,SANGRUR TILES
VEND_BF036040,SHIV DRILLER AND ALLIED TRADERS
VEND_C9D5A7B1,KARMJIT SINGH
VEND_BEBE6837,VIKAS
VEND_2D572B4A,MANA RAM
VEND_6D284E81,DEVILAL
VEND_99C5CA39,HARI SINGH
VEND_4B7C0672,HUNATA RAM
VEND_8E27ECCC,PRADEEP KUMAR
VEND_95C429F0,RAMNIWAS
VEND_F782BC86,DEV DUTT
VEND_8F128D42,KAVISH KUMAR
VEND_C11F347E,LAHORI RAM
VEND_9609F83D,NANDAKUMAR V
VEND_732B4FA8,MS RAJ ELECTRIC STORE
VEND_A03E7DD3,JATINDER SINGH
VEND_1DCE8617,MEERA ASSOCIATES
VEND_0BD19F2D,SRI LAXMI BHANDAR
VEND_188D4438,GEORGE JOSEPH
VEND_D9D044E6,ABHISHEK KUMAR SINGH
VEND_69EFD272,SHIVRAJ CONTRACTOR
VEND_51FB4AAD,HP STATE CIVIL SUPPLIES CORPORATION LIMITED SHIMLA
VEND_89DA89B8,SAGAR GENERAL STORE
VEND_1EBC206C,PRAMOD KUMAR RAY
VEND_68B15285,P PRAKASH
VEND_B054D5C8,DUBEY CONSTRUCTION PRO SANTOSH KUMAR DUBEY
VEND_523230B0,RAJAN N
VEND_30488712,PRASHANT K M
VEND_6575FB31,RAKESH KUMAR PASWAN
VEND_534F2EF8,RAJESH GHOSH
VEND_AA5E979F,ADEPU NARSAIAH
VEND_DC32C77D,TARORA GRAM PANCHAYT
VEND_8FEF1AB0,VEERAMANI S
VEND_80BD7220,DAPPU MAHENDER
VEND_B9E7DF12,ADVIK ENTERPRISES PRO RAHUL PRATAP
VEND_E0E08F3F,UPPAL BUILDING MATERIAL
VEND_267BC269,PANKAJ ELECTRICALS
VEND_33AE92B1,ANIL KURIAKOSE
VEND_73E03BDB,JAMNA LAL DAROGA
VEND_41273812,PRAKASH KUMAWAT
VEND_FBFA704C,SARPANCH GRAM PANCHAYAT REVE
VEND_3DCF46A2,GRAM PANCHAYAT BAMANGAM
VEND_C644A36C,JAGDISH SINGH
VEND_938BF9CB,GANGA ARYA
VEND_0DF16058,PRATIMA GAUNIYA
VEND_2915BC66,PAN SINGH MEWARI
VEND_E3FB8774,YASH GAUNIYA
VEND_4EE7023F,JAI BABA MAYA GIRI JI INTERLOCK TILES
VEND_34B9A162,PARAS KUMAWAT
VEND_93346C18,SARPANCH GRAM PANCHAYAT DANGANIYA B
VEND_757EE2F6,VARDHAN ENTERPRISE
VEND_0AB485D6,GOPAL SINGH BORA
VEND_29C62539,RAVINDRA SINGH RANA
VEND_F26762E8,SARAVANAN S
VEND_492961F5,KRISHNA KANDPAL
VEND_8BF89768,SEEMA NEGI
VEND_AD7DCCBD,JAGDESH SINGH
VEND_1DC8F8DB,HARISH RAM
VEND_3F0BCFB7,CHANDRA SHEKHAR
VEND_19CE55A2,ASHA DEVI
VEND_92E00908,BHAGIRATHI DEVI
VEND_C52FEC3F,KISHAN SINGH
VEND_1E0D7E91,SHOBAN SINGH
VEND_53BF0A56,NISHA BHAKUNI
VEND_C7B79192,PURAN SINGH
VEND_11005912,TRILOK SINGH
VEND_0CF8A9D1,MUHAMMED SAKKEER K
VEND_85EBD924,SARABJIT SINGH SO TULSA SINGH
VEND_B7EBAACF,KARTIK INDUSTRIES
VEND_9D08650B,NOUSHAD T V
VEND_98292270,GOLDEN CONSTRUCTION
VEND_C4ABC8A2,OM SAKTHI CONSTRUCTION
VEND_FF2CED6D,TIMBA GRAM PANCHAYAT
VEND_D77C4F9F,RLATHA
VEND_FD31A05A,SARPANCHSHRI UNAVA GRAM PANCHAYAT
VEND_A1DE67E4,ANKALIYA GRAM PANCHAYAT
VEND_59C3768D,GRAM PANCHAYAT AJARPURA
VEND_7CDC4F88,NEWDABBU TRADERS
VEND_EA794BDB,BIRADAR SIDDAPPA
VEND_40834249,GURNOOR BUILDING MATERIAL
VEND_604862C6,GRAM PANCHAYAT ANDHIYARI BARI
VEND_BFF1D3F2,THE GOLDEN COOPERATIVE SOCIETY LTD
VEND_2E949580,BABU C K
VEND_0256A406,PM ADARSHGRAM YOJNA G P SAMSHERPUR
VEND_F10D6449,T SOMESWAR RAO
VEND_092F69EF,VIRMANI FURNITURE
VEND_C655B243,BHARAT DUTTA
VEND_E995BE33,ABHISHEK V GOUDAR
VEND_5360FDD9,JAGDEEP SINGH
VEND_DC3193FB,XAVIER PRABHU
VEND_170D9759,PEERDAN NAYAK
VEND_E3DF51BB,PRINCE ENTERPRISES
VEND_0042D083,BALRAM
VEND_DA5F05E5,RAVINDRA
VEND_007ECD36,RAMAN SINGH
VEND_C3A38212,KAMAL SINGH
VEND_3C75A203,PRAVEEN KUMAR
VEND_95A0C275,RAMRATI
VEND_03B562C2,NIRANJAN
VEND_1093A074,OMVATI
VEND_DE19E102,COMPUTER VISION
VEND_E8EF8BF8,MAHESH AND COMPANY
VEND_89D41846,VIJAY BOOK STALL
VEND_B3FF491A,AMRIT SINGH
VEND_1188C7CB,NEW RAMESH FABRICATION
VEND_3AB3A9C4,GOVIND SINGH
VEND_3B8D95A5,SYED RAHEMATH ALI
VEND_7EEBA5DD,MPEB
VEND_87593321,SARPANCHASHRI PURAL GRAM PANCHAYAT
VEND_137DAF43,SARPANCH GRAM PANCHAYAT VASANIYAKALAN
VEND_9BB51861,SARPANCH GRAM PANCHAYAT HIRANKHEDA
VEND_8BCD5A6F,GAJANA GRAM PANCHAYAT
VEND_EB56CAA9,SHRI RADHA KRISHAN CONTRACTOR
VEND_967B820C,SARPANCH KULWANT KAUR
VEND_316541D1,RAKESH KUNJILAL ZADKHANDE
VEND_FF973BB2,AGLOD GRAM PANCHAYAT
VEND_E87FDE8E,MA LAXMI ELECTRICAL ENGINEERING WORKS
VEND_EA1433AD,CONSTRUCTION OF HALL AT LAKHIPUR COLLEGE LAKHIPUR
VEND_CBC58EDB,LAMBA CEMENT AND IRON STORE GHANAULI
VEND_6FE9FEFC,DASMESH TRADERS GHANAULI
VEND_CF400BA3,LHANGTI KONYAK
VEND_2AF04386,A ONE BRICKS DABHOTA HP
VEND_FC1DEBE3,RAJINDER KAUR SARPANCH THALI KHURD
VEND_52E3754F,NARSINGA SRINIVAS
VEND_22986F10,RAKIB CONSTRUCTION
VEND_681F5903,GOURANGA CHARAN
VEND_375E7A27,KADUBAI SIDRAM MAGASVARGIYA MAJOOR SAHAKARI S LIMITED LATUR
VEND_2F7E7D3D,GRAM PANCHAYAT MAHANTPUR JP DAMOH
VEND_89A460C3,VEE ESS ENTERPRISES
VEND_628C3AEE,RM ENTERPRISE
VEND_67B1B751,K BHAGYALAXMI
VEND_6503DA41,GRAM PANCHAYAT TIKKAR
VEND_A64ADAAE,PILUDARA GRAM PANCHAYAT
VEND_600B5934,ELEEN AND CO
VEND_769F82B2,SUBRAT KUMAR MUKHI
VEND_2E879F9C,SHRAMIK MAJOOR BANDHKAM SAHAKARI SANSTHA MARYA
VEND_339391AA,ACHU ALIAS ALEX
VEND_B145CCD7,JASPREET KAUR WO SANDEEP SINGH
VEND_CD21D41B,SHRI RAMESHWAR CONSTRUCTION
VEND_E08B4A4A,SANJAY GOEL
VEND_C5B5E97F,RAJENDRA ENGINEERS
VEND_C196C4D6,SATYA PRIYA PAUL
VEND_E13731B6,SARITA BEHERA
VEND_F526AFE6,SURADA SONIYA
VEND_C9C89762,TAMADA VISWANADHAM
VEND_A8F4FC8E,NAYANDEEP LAMA
VEND_0CE1EF2E,UDAY KHULAL
VEND_7049227C,BHANUMATI TUDU
VEND_B5C6649E,SAROJ KUMAR SAMANTARAY
VEND_38844C1D,CH ROSHAN PATRO
VEND_D752BA76,GUPTA TELE SYSTEM
VEND_708C6A02,SHREE BALAJI CEMENT STORE
VEND_CD1EC40D,BHUTARDI GROUP GR PANCHAYAT
VEND_EE66182D,VASANTDADA PATIL MAJUR SAHAKARI SOCIETY LTD DHAVALESHWAR
VEND_E886A612,KKG
VEND_D8EC7B68,HARIS BABU
VEND_DD37C7B0,GRAM PANCHAYAT DHAURABHATHA
VEND_46946800,JUNIOR ENGINEER
VEND_13664A4A,B JAYA PRAKASH
VEND_A370D63D,PACHHA AJAY
VEND_8F9F0BD1,SUNAINA BHANJDEO
VEND_7982B366,THE GANGA CO OPERATIVE LABOUR AND CONSTRUCTION SOCIETY
VEND_57472061,ASST ENG III
VEND_85346A1E,ANKUSH SHARMA
VEND_594CEEC6,KOTHARIYA GRAM PANCHAYAT
VEND_F8928EB9,JEEBAN KUMAR MISHRA
VEND_07713C50,SUPRIYO DEB
VEND_4C224A3B,ATTARI FABRICATION
VEND_319C19A1,PESI PRIVATE LIMITED
VEND_330B1704,SHREE BALAJI CONSTRUCTION
VEND_A2EC0DF7,NARANPURA KAMPA GRAM PANCHAYAT
VEND_100800E4,DHARPURA KHANT
VEND_82D58393,ANUJ PANWAR
VEND_1CD30DCB,EXECUTIVE ENGINEER AND EO
VEND_CA2AC9A4,SRI MAHESHWARI CONTRACT WORKS
VEND_4AAB4398,SARPANCH SACHIV GRAM PANCHAYAT KUTHREL
VEND_AC1F4BC5,JAI BABA BARFANI TRADER
VEND_B47472F8,SHIVANAND MALLAPPA MENASINAKAI
VEND_4A9B23F2,BIMAL HANSE
VEND_3DD354D2,GALAM RAVI
VEND_3C9F139D,TANVEER ENGINEERING
VEND_7C6BAB66,BDO CHAMPUA ROYALTY
VEND_A62602B8,TIRUPATI CONSTRUCTION
VEND_F3DFEFEF,UTHAYAN T
VEND_EF626FE6,DURAIRAJ JAYAKUMAR CO
VEND_B4C02B2F,MARTOLIA TRADERS
VEND_1BCE99A4,MR DHAN SINGH
VEND_EE6368DA,SANKET SUDHAKAR KHEDEKAR
VEND_D2043D01,GAJANVAV GRAM PANCHAYAT
VEND_B798E58A,PAREVALA GRAM PANCHAYAT
VEND_408CDEE7,DEVPARA GRAM PANCHAYAT
VEND_E7D8291A,T SIVACHANDRAN
VEND_048CC32C,BAVALI GRAM PANCHAYAT
VEND_DE176ECC,GRAM PANCHAYT CHAPAPADAR
VEND_7355F368,NANI LAKHAVAD GRAM PANCHAYAT
VEND_1315C87F,D S AKBAL CIVIL CONSTRUCTION
VEND_27BBA7E7,DABBUGUNTA BHAKTAVATSALAM
VEND_40802BCF,SUBRAMANIYAN S
VEND_32E9B58C,SURJIT SINGH BKO
VEND_FD2B6C2C,ABHISHEK JAMBU MOHITE
VEND_046D1D2B,MANOJ SINGH
VEND_4A830B21,THE CHAIRMEN VLWC KAMASAMUDRAM
VEND_B3BDC3DA,HEADMISTRESS SNUPS CHURULY
VEND_1246EDA6,HEMLATA
VEND_2C397F3B,SEKARAN VENGADESAN
VEND_D17D6AEA,PREMA DEVI
VEND_40C5F814,BEJ NATH
VEND_D1709406,YOGESH SINGH
VEND_C87DE827,ANITA PANDEY
VEND_4074F5F7,HIMASNHU BISHT
VEND_74B8C6CE,BHADUR SINGH
VEND_0CD159E2,BALWANT SINGH
VEND_57FC5579,R K CONSTRUCTIONS
VEND_697258C6,SWAMI NARENDRA ELECTRICAL
VEND_07EA2B2B,CS BUILDERS
VEND_053595BD,CHANDAN SINGH BISHT
VEND_C1BFABC5,LEELA BISHT
VEND_C5DF0336,PRATAP SINGH BISHT
VEND_846A3C3C,VIDEYA VANTI
VEND_4AA83F9D,BHILLOWAL TRADERS
VEND_31DDF45A,YUVRAJ ENTERPRISES
VEND_769ECF92,H K CONSTRUCTION
VEND_93EBD3B5,MAGA BUILDERS
VEND_D7A5EEE5,AJITH KUMAR SHETTY
VEND_54FD7B08,MOTA AGARIYA GRAM PANCHAYAT
VEND_B18F2DFC,CHANDAN
VEND_6626E260,RAKHI
VEND_1CC5242D,VISALIYA GRAM PANCHAYAT
VEND_236D4AEF,RAMESH CHANDRA
VEND_5EAED51D,NAVEEN JOSHI
VEND_947020D9,MAHIPAL
VEND_C4197939,GRAM PANCHAYAT ZAZORI
VEND_7D927A73,MOHD ANIS MOHD SHAFI
VEND_7D9E55ED,NALAM RAVI TEJA CONTRACTOR
VEND_6138798A,GRAM PANCHAYAT TREMBLI
VEND_896A459B,NUTAN KAMGAR SAHAKARI SANSTHA
VEND_FF404F49,MOPARTHY SRINIVASA RAO
VEND_22D72AB0,SWARAN SINGH CONTRACTOR
VEND_E218EAB0,THE LUV KUSH COOP LABOUR AND CONSTRUCION SOCIETY LTD
VEND_FA76E63E,VADIHBOINA CHENCHU REDDY
VEND_7D980E74,NAVA GHANSHYAMGADH GRAM PANCHAYAT
VEND_C01C7243,SUNDARI BHAVANI GRAM PANCHAYAT
VEND_C20F5E38,DEVI LAL KUMAWAT
VEND_B1CEC46C,MOHAN LAL KUMAWAT
VEND_83628155,BABU LAL
VEND_99FD5489,DHAN RAJ
VEND_719095BE,KAILASH PURI
VEND_C44FF4A2,MAMTA KUMAWAT
VEND_387705AA,POOJA KUMAWAT
VEND_B0082A86,PARASI DEVI
VEND_F7EDBDC8,SHAYRI DEVI
VEND_556829C7,JAI ISHT DEV SUPPLIER
VEND_B3095FC3,RAVIKUMAR M
VEND_7452E7DD,LAXMIKANT ANIL SOMANI
VEND_71C34BE9,SANKAR SINGH
VEND_AE7CBC8A,KHADAK SINGH
VEND_CA653F84,D BHABANI SANKAR DORA
VEND_27018FF0,SUNIL KASHYAP
VEND_9DA85CB2,TIRUMALASETTY ASHOK KUMAR
VEND_1DFE5D03,JAGDISH SINGH BISHT
VEND_9E4A9523,HARENDRA SINGH
VEND_1E7A4967,RAMEHAR
VEND_C967F8EB,SH ANCHAL SINGH SO KHUSHI RAM RO KUMATE TEHSIL RAJGARH DISTRICT RAMBAN CONTRACTOR
VEND_D4CA13E0,ANIKET KUMAR SINGH
VEND_47F6FEF6,NEERAJ DATTATRAY RANDIVE
VEND_069962FC,SURAJ MEHTA
VEND_714ECE55,MHACHEN HUMTSOE
VEND_31C563B8,DIGITECH ELECTRONIC SYSTEMS PRIVATE LIMITED
VEND_A2E6F0C2,AGGARWAL CONSTRUCTION CO
VEND_3A516DB5,KAPILA TRADING CO
VEND_7F121139,BANTY ELECTRICAL
VEND_59CAEEF0,ALAPATI SATYANARAYANA
VEND_84CC56A3,SHUBHAM VIJAYRAO GADBAIL
VEND_15C2A080,DOPPALAPUDI VASUDEVA RAO
VEND_275477BB,GODHAN SINGH
VEND_E061D282,NIRAJ SINGH BORA
VEND_ED855F01,BHUSHAN RAGHUNATH GHARAT
VEND_936588BE,GRAM PANCHAYAT CHAKRAMPUR
VEND_EFF75D6E,CONSTRUCTION OF NATGHAR NEAR BHOSAMARI
VEND_48ADF2F4,GRAM PANCHAYAT KATHEGRA
VEND_858967BC,SARPANCH GRAM PANCHAYAT CHACHEDI
VEND_A6AAC8B6,ABDUL LATHEEF K
VEND_BCBDA7C6,GRAM PANCHAYAT ZARIKHURD
VEND_4D488E0E,BANDARU NARASIMHA RAO
VEND_8E625620,TALUKA DEVELOPMENT OFFICER MAHUDHA MPLADS
VEND_A8B929AB,JANAK SINGH
VEND_B01D6E0E,ANSHUMAN PARMAR
VEND_B33FDBA8,MISHRA GROUP
VEND_115ED501,NEELIMA
VEND_ECFC8E00,PURNIMA
VEND_4921A24C,LAVISH RAMOLA
VEND_2703E3A2,GAGAN RATURI
VEND_B94BE679,NIKIT
VEND_E0FF3413,SS STEEL INDUSTRIES SIRSA
VEND_0B817D61,MIR AND CO PROP BILAL AHMAD MIR
VEND_8FC69DDA,SHANKAR LAL BASER
VEND_0EA21ADF,SAINIK ENTERPRISE
VEND_3642B958,ABHIBHASHAK SANGH GOHARGANJ
VEND_BF1A5E4D,PRABIR KUMAR RAKSHIT
VEND_ACBA647F,KRISHNA BARMEY SARKI19
VEND_537E216C,GRAMPANCHAYAT VIRVA
VEND_22577AF8,MD AZEEMUDDIN
VEND_14F15854,TAHIR MOHIUDDIN MIR
VEND_29796BB7,BANWARI LAL SURESH KUMAR
VEND_AEA00BE8,ASHWANI KUMAR
VEND_C37D4333,NAV DURGA CONCRETE UDYOG
VEND_4D01A64E,THE SHARDA CO OP L AND C SOCIETY LTD
VEND_C65834FC,JAI SHANKAR TRDING CO
VEND_FA027A2A,T SOUNDARAPANDIYAN
VEND_3878FF11,M S 790 NSS KARAYOGAM NADUBHAGAM
VEND_2B5E049D,GRAM PANCHAYAT HEERAPUR
VEND_9459A353,NAGRAJ K R
VEND_CB47A6CD,SUBESINGH
VEND_B1A5B642,KIRAN
VEND_699C888A,LAKHVIR SINGH
VEND_7946953D,NARENDER
VEND_C8361CB3,RAJBALA
VEND_883291FD,DARSHANA DEVI
VEND_3D06EC3E,BHATERI
VEND_86BA44B4,MS DHILLON TILE FACTORY
VEND_7863FC3E,RENUKA DEVI R
VEND_F4A9B055,GP NATHAN
VEND_98CFBF86,PARTH CONSTRUCTION COMPANY
VEND_80973FAB,LAKSHMI L
VEND_78D74382,PRAFULLA KUMAR MISHRA
VEND_2D1C8BF6,BIJU M
VEND_3CDCF877,NIRMAL KUMAR ROUT
VEND_0F25F84C,RANJIT KAUR
VEND_6C9FD664,GURU NANAK BUILDING AND MATERIAL STORE
VEND_F14B8468,GRAM PANCHAYAT SIRAPALLI TQ HIMAYATNAGAR
VEND_8BFACDF5,GURNOOR STEEL SHUTTERING AND CEMENT STOE
VEND_AD9AA1F2,GAGANDEEP SINGH
VEND_A19FED7C,KULWINDER SINGH BHWANPURA
VEND_87F91186,RAVI NAIK
VEND_A65CB0AD,GRAM PANCHAYAT MAHRATOLA
VEND_46377B01,GRAM PANCHAYAT DASHRANGPUR
VEND_95A92D94,DHILLON CEMENT STORE
VEND_39769C68,ASMAT BB
VEND_76F7726F,GRAM PANCHAYAT FULIPURA
VEND_BE8301FD,GRAM PANCHAYAT CHARCH
VEND_B36EF523,GRAM PANCHAYAT SALODA
VEND_0CADF93B,SULATA BAROI
VEND_852AF2DF,PTA GOVT UP SCHOOL KALARCODE
VEND_B051DD3B,SEETHA
VEND_5517B665,RAVIDAS M
VEND_D7662E11,THANKAMONY R
VEND_B31FB57C,P VENKATARMI REDDY
VEND_676C3DC4,ACUTE ENGINEERS AND CONTRACTORS OPC PRIVATE LIMITED
VEND_712D6F0D,KADIYALA GOPALA KRISHNA
VEND_40B3603F,VISWANADHULA NAVEEN KUMAR
VEND_B5B8B522,NAVEEN INFRASPACE PRIVATE LIMITED
VEND_141185C2,DR RAM MANOHAR LOHIYA SHIKSHA SANSTHAN
VEND_C687B2D5,CHANGADA GP ACCOUNT
VEND_1BF05371,HIMMAT
VEND_85479ECD,SAO MANNROW CONSTRUCTIONS PRIVATE LIMITED
VEND_D15FCFEC,JINDAL CONSULTANTS
VEND_4641F3D3,GRAM PANCHAYAT KALIARAI
VEND_EE5CBF3D,THE CHAIRMAN VLC KALUVAPALLE GP
VEND_824C189A,SURESHKANNAN M
VEND_DCC06F7A,PRIYA KHATIK
VEND_37613E77,YOVRAJ SOLNKI
VEND_F172A501,GHANSHYAM REGAR
VEND_52693175,RATANI KHATIK
VEND_941C7394,KAILASH BHIL
VEND_6AC72FCA,TEENA KHATIK
VEND_D637EED6,MAYA BHIL
VEND_239442E5,GEETA REGAR
VEND_2E8F151D,RANI KHATIK
VEND_33E5ACFD,PARBHU LAL KHATIK
VEND_6C12DA7A,DALLA RAM REGAR
VEND_C75B22C4,GEETA DEVI VAISHNAV
VEND_1A52E049,DIPAK KHATIK
VEND_762982A5,GOVIND SADHU
VEND_CA7749C4,HARSVARDHAN
VEND_8D7D9C70,BHANWAR LAL SHARMA
VEND_DAC98E26,KAMLESH KHATIK
VEND_9270764D,LAD DEVI VAISHNAV
VEND_A9897664,DINESH KUMAR REGAR
VEND_F4962A9F,CHOTI BALAI
VEND_1B6B7612,RAMESH CHAND BALAI
VEND_5870BBA3,PAVAN KUMAR SHARMA
VEND_B95521E8,KALU RAM BALAI
VEND_CA4306BB,KAMLA DEVI BALAI
VEND_7A2340FA,LEELA DEVI BALAI
VEND_89B42228,JAI MATA DI ENTERPRISES
VEND_4FD3916C,BHULA DEVI BALAI
VEND_F9403F2A,JAGDEESH CHAND BALAI
VEND_D78BA0A9,BALU LAL BALAI
VEND_F41F9130,RAMESH CHAND SHARMA
VEND_4E3A37F3,SEEMA DEVI BASHER
VEND_E1F96D86,KARANVEER SINGH
VEND_9B63F13E,MANDEEP SINGH
VEND_DDFCF646,BCS ENTERPRISES
VEND_BAE6DAA9,SAMA ABHISHEK REDDY
VEND_D0348F0D,R R CABLE NETWORK
VEND_C346496A,KISHAN LAL MEENA
VEND_2A6BF294,MADHU DEVI MEENA
VEND_C22E12C0,BIBHU RANJAN NAYAK
VEND_5CF606BA,AJAYA KUMAR BEHERA
VEND_F840D1E7,IMTIJUNGLA
VEND_A802E846,TEMSU AO
VEND_FA54D21A,GODA GRAM PANCHAYAT
VEND_1C1BAD18,THANGARAJA S
VEND_761AA7F7,MS SANTOSH TRADERS
VEND_5E8980FB,PAWAN HARDWARE
VEND_DD1BBF41,ASSISTANT ENGINEER1 BHATLI BLOCK
VEND_72640686,SHREE BALAJI CONSRTUCTION CO
VEND_AC9A70A7,RAJEEV KUMAR TRIVEDI
VEND_3079B3DE,KESHAV DUTT AND BROTHERS
VEND_592F3155,KUMRA SANITATION GALLERY
VEND_C108E9AE,BHAWANI ENTERPRISES
VEND_181147BC,PARKESH CHAND
VEND_B3BE59EC,NARAYAN ROUT AND SMT SWARNALATA ROUT
VEND_5214D6E9,ASHEET KUMAR NANDA
VEND_96CD89EE,GRAM PANCHAYAT CHANDWAR
VEND_CC172E30,JAIN RAJ
VEND_47F072C0,SANKARLAL AGARWALA
VEND_0DB4DC22,GRAM PANCHAYAT MURMUNDA
VEND_4A200E18,MORE HARDWARE
VEND_0A6FC2E9,BEBETO N MARAK
VEND_44022D4E,SATNAM SINGH
VEND_A217EA18,GRAM PANCHYAT KONDRUNJ
VEND_BA4FFF71,AMAR AGRO INDUSTRIES
VEND_655BF831,MOHD RAFIQ MIR
VEND_D21E6FDD,GHULAM HASSAN MIR
VEND_FF3F3DA8,ILLUMIX LED LIGHTING PRIVATE LTD
VEND_4088CAED,GRAM PANCHAYAT CHAMARAY TOLAGAON
VEND_1F56ABFF,GRAM PANCHAYAT RAMHEPUR
VEND_FD51382A,GRAM PANCHAYAT MAGARWADA
VEND_B7D077F6,GRAM PANCHAYAT TARO
VEND_3F52C4A8,GRAM PANCHAYAT PAHADI WAVAN
VEND_DF576620,SANTOSH KUMAR MALLICK
VEND_D12ABE6A,PAVAN GANESH MAJUR SAH SANSTHA LTD KHARWANDI
VEND_FAC8EAFB,HP ASSOCIATES
VEND_06AB1F5A,A J CONSTRUCTION
VEND_40CD654D,SOTISOLA IMKONG
VEND_54F40A54,N YONA KONYA
VEND_35AC7F37,MAUSAM KUMAR
VEND_4996263A,SEEMA
VEND_CB3C76F4,POORAN MAL
VEND_9C50E3BE,MS SATYADEEP HEIGHTS
VEND_9B34034C,SAJNI DEVI
VEND_A23DA903,SATISH KUMAR
VEND_A8CF1C6B,CHETAN BAIRWA
VEND_226CA17A,SHASHIKANT
VEND_D462589E,ANMOL KALIA
VEND_7B4FFF8A,GRAM PANCHAYAT SILON
VEND_E56CAF74,GRAM PANCHAYAT BHANPUR
VEND_8DC2BF15,GRAM PANCHAYAT NAYAGAON
VEND_0E93A7DA,GRAM PANCHAYAT DHAWAD
VEND_673C907F,GRAM PANCHAYAT BUDOUR
VEND_E1A6F320,ABDUL NASAR M P
VEND_F701324C,VADIYA GRAM PANCHAYAT VADIYA
VEND_65A3FACF,DEV NARAYAN CONSTRUCTION COMPANY
VEND_AF1CF745,MAHENDRA ADHIKARI
VEND_40CC679C,ULTIMATE SOLUTION
VEND_B6FCE7DE,AVICHAL TRADERS
VEND_DA58C219,KUMAR V
VEND_833DA2EF,SHAIK TAJUDDIN AHMED
VEND_4FC192F3,ANIRUDDHA ENTERPRISES
VEND_8A2E6452,IMTINUNGSANG
VEND_3ADF50A9,SHIVAM ENTERPRISES
VEND_DDED94F2,JAMWAL AND BROS
VEND_5D4CEBDD,MAYADHAR BEHERA
VEND_F6EEB8D0,PAL CONSTRUCTIONS
VEND_3AAFF4A4,PALLE SRAVANATH REDDY
VEND_772F803E,MANOHARA
VEND_A63E8782,DODIWADA GRAM PANCHAYAT
VEND_281B011A,PHALGUNI NIAL
VEND_3EAFFEE9,SUDARSAN KATA
VEND_2C0D6E86,VASTU SHREE CONSTRUCTIONS
VEND_13EED30F,TS SEKAR
VEND_9A85D9A1,SRI LAKSHMI ELECTRICAL SERVICE
VEND_E971B9C9,GILL PAINTS AND HARDWARE STORE
VEND_B54C0F41,CHESTI ENTERPRISES
VEND_E1A366F8,K K STONES AND CEMENT SUPPLIERS
VEND_A1191154,GRAM PANCHAYAT KHUDAWALI
VEND_35F8ACB3,GRAMPANCHAYAT BAHGAVAN
VEND_7AE614C1,GRAM PANCHAYAT BARKHADI
VEND_EC6691A5,CHANDISAR GRAM PANCHAYAT
VEND_4E78A7B4,MEMAR GRAM PANCHAYAT
VEND_9423F826,DHANVADA GRAM PANCHAYAT
VEND_3A1534B2,NAGARAJA SHETTY
VEND_4A387352,LATVA JUTH GRAM PANCHAYAT
VEND_C2EC1170,HIMMATPURA JUTH GRAM PANCHAYAT
VEND_9B32A27D,GRAM PANCHAYAT DHARCHANA
VEND_7B9AD9E3,ALAUL ISLAM
VEND_B2BF7D67,MOHINI ANIL BHISE
VEND_ED6BB165,HEERA SINGH BISHT
VEND_48B22E97,MOHINI DEVI
VEND_5963693A,RANJEET SINGH
VEND_18011C0A,GRAM PANCHAYAT DARRABHATHA B
VEND_24DFA878,HOSPITAL MANAGEMENT COMMITTEE PHC ANGADIPURAM
VEND_2566C4FA,DINDAYAL MAJUR SAHKARI SANSTHA MARYADIT
VEND_1226F957,ALAPATI CONSTRUCTIONS
VEND_DFBF913C,GRAM PANCHAYAT BADHAURA
VEND_D61C8AB4,MOTI VARNOLI GRAM PANCHAYAT
VEND_B2A33E57,CHHATHIYARDA GRAM PANCHAYAT
VEND_5F06EB8D,JAMBUGORAL GRAM PANCHAYAT
VEND_BF96A6D9,M ENTERPRISE
VEND_C274796F,SAHIB PREET TRADERS
VEND_F381436E,SHRI SWAMI CONSTRUCTIONS PROP P C SHATAVAJI
VEND_2805C0EB,SHANMUGAPRIYAN M
VEND_EDFC480C,GRAM PANCHAYAT PATNA
VEND_D7364764,SHARANAPPA
VEND_1F3601F2,THIRUPATHYRAJ R
VEND_6EF6566F,TANU ENTERPRISES
VEND_0C547168,BHULLAR FARMS
VEND_4C2C99FC,THE M P COOPERATIVE LABOUR AND CONSTRUCTION SOCIETY LTD
VEND_12D2791F,BEANT SINGH
VEND_A83C2E39,YELUGOTI CHANDRA SEKHAR REDDY
VEND_376F5026,DHARSAN GRAM PANCHAYAT
VEND_A049A593,TERI GRAM PANCHAYAT
VEND_1518FD4E,G SOMA SEKHAR REDDY
VEND_FDADBD51,HAMADPARA GRAM PANCHAYAT
VEND_32DC63A6,PRAKASH P
VEND_65BD4680,ERICROGER N SANGMA
VEND_2C562764,RESTER BROWN SANGMA
VEND_2D3CE734,GRAM PANCHAYAT LALUTOLA
VEND_845E1CAC,SANJAY MAJUR SAHKARI SANSTHA MARYADIT
VEND_48C37654,BOLLEDDU SANGEETHA RAO
VEND_112D5FA1,K SAJEEVAN
VEND_BCC01895,RENGAMALAI PERUMALTHEVAR
VEND_0839FF2E,HIMALAYAN CONSTRUCTION
VEND_E0D34FBB,DIVYANSH YADAV
VEND_5C08F657,SARO OVERSEAS PRIVATE LIMITED
VEND_9229F019,HARISH POOJARI
VEND_B6556163,CHETTUKINDHI BALARAJU
VEND_EBE8D8FE,ABHOR GRAM PANCHAYAT
VEND_1D421C62,RUSHABH RAMESH JAGTAP
VEND_E243442D,EX SERVICEMEN ASSOCIATION
VEND_F8EFF224,HOTHIJI KHADBA GRAM PANCHAYAT
VEND_EE583602,MADHUSUDAN PARHI
VEND_0745479C,JAYDEEP ENTERPRISE
VEND_BDF4DE4A,CK ENTERPRISE
VEND_5B7194D3,PADMALOCHAN DANDSENA
VEND_3B3C26AD,K AND B CONSTRUCTIONS
VEND_224A34C4,JANGOM JYOTI BORA
VEND_6AD1DD8B,KIRAN DAS Y L
VEND_9A271418,MEDOJU VENUGOPAL
VEND_9C8D53F6,SAHIL SHARMA CONTRACTOR
VEND_15CF743F,M P CONSTRUCTION
VEND_F95C3CAA,SRI VINAYAKA CONSTRUCTIONS
VEND_C2E3BE49,BHAJPURA GROUP GRAM PANCHAYAT
VEND_4FA52990,VEGADAVAV GRAM PANCHAYAT
VEND_4AED3CEE,GRAM PANCHAYAT SHREENAGAR
VEND_C4B4CA59,GRAM PANCHAYAT NONI
VEND_369AB5EB,GRAM PANCHAYAT KHAMARIYA
VEND_BF1044BE,JUNIOR ENGINEER RAMANAGUDA
VEND_BC3DEAEF,ASSISTANT ENGINEERII RAMANAGUDA BLOCK
VEND_B30AB116,SARPANCH GRAM PANCHAYAT BODIDR
VEND_47E3B509,NARANPAR ROHA JUTH GRAM PANCHAYAT
VEND_8163F656,GRAM PANCHAYAT KATKUHI
VEND_E9C5C308,MS BDO JHUMPURA ROYALTY AND ADDITIONAL CHARGES
VEND_55943B8B,PATNAM NAGESH
VEND_229C6139,UMESH S
VEND_B7626A88,LOKESH C
VEND_3EA2E133,GURUKIRPA CONTRACTOR
VEND_5D08E384,HARCHAND SINGH
VEND_0014B84A,VEJANDLA EKAMBARESWARA RAO
VEND_BC87C16C,DARAMVIR SINGH CONTRACTOR
VEND_EAF5A465,BABA HARIDAS TRADERS
VEND_23B3789B,ADAPA NARAYANA REDDY
VEND_D2826FAA,AEN O M AVVNL REENGUS
VEND_AD8C38FD,TVINKAL SAROJ
VEND_03486D64,SHIVA SAI SC WELFARE ASSOCIATION
VEND_63924990,SHEBBIN SEBASTIAN
VEND_5741637B,ISDRA GRAM PANCHAYAT
VEND_83EF4D9F,UMESH J
VEND_C787A40F,K S HARISH KUMAR
VEND_CC3F6AB1,SWARUP SARKAR
VEND_710D324A,ASHOK CEMENT AND IRON STORE
VEND_A69CC8A4,D AND GRANDSONS ENGG PVT LTD
VEND_27875FD5,SRI BANNARI AMMAN TRADERS
VEND_1CB743E4,A CUBE ENTERPRISE
VEND_6F1EC265,PERUMAL P
VEND_3C79DA22,JANA ENTERPRISE
VEND_2FB218A7,BADARI PRASAD SHIKSHA PRASAR SAMITI SUTI SUKARAULI
VEND_E9828C2F,OSLAM GRAM PANCHAYT
VEND_9791B9B7,TAPAN KUMAR DHAR
VEND_C745642C,IMPVT OF ROAD WITH SAND GRAVELLING FROM HARIS RAY HOUSE TO SARBESWAR
VEND_F005D9CB,GOGLA GRAM PANCHAYAT
VEND_2F13FE79,RENNOVTION OF COMMUNITY HALL AT KHAIJA DOLAIGAON
VEND_8B59A658,GRAM PANCHAYAT GUDHORA
VEND_57FCD8BC,GRAM PANCHAYAT TALBHEV
VEND_06618A6F,SANDHIYA AND CO
VEND_937F2399,NAFIS ENTERPRISE
VEND_6D88009A,SHUBHAM SUDHAKAR MOHITE
VEND_BF17A7AB,HARISH SINGH
VEND_15BC673C,GAURAV SINGH
VEND_BBE0625B,JUGDISH SINGH
VEND_6E34909E,DAYAL SINGH
VEND_1AEB3207,AANAD SINGH
VEND_B71E8187,JAYBHARAT MAJOOR SAHAKARI SANSTHA M LATUR
VEND_AC23C59F,HEERA SINGH
VEND_328F9826,GRAM PANCHAYAT SONHAR
VEND_3DBDF7B9,LEELA DEVI
VEND_1411A3E2,JYOTI
VEND_9A1F6FD6,GRAM PANCHAYAT NAGESHRI
VEND_0DDBEA04,MOIDU P S
VEND_5DFAC46E,GRAM PANCHAYAT SANGALI
VEND_91DE1B09,HEADMASTER GUPS KAMBALAKKAD
VEND_DA28ED34,DASHMESH TILE FAACTORY
VEND_7CC6413E,RPS ENTERPRISES
VEND_FE886E9A,BINSU DANIEL
VEND_1C23C291,GRAM PANCHAYAT GOTHDA
VEND_5F665D5B,UNITED FENCE SYSTEMS
VEND_B97253D8,MADESHA H
VEND_445F6BAE,RAJENDRA PRASAD OJHA
VEND_347114ED,DAN SINGH NEGI
VEND_2F2AA725,DILIP KUMAR KUSHWAHA JE ZP LATEHAR
VEND_B23FABF2,LINGAPPA
VEND_C458F518,CH BALAJI MAJUR SAHKARI SANSTHA LIMITED KATHWADA
VEND_FDCF6C94,GRAM PANCHAYAT GHATAI
VEND_15F04529,GRAM PANCHAYAT KHARAIDAVAR
VEND_6BD4E53A,VIRMA RAM
VEND_62CE4899,GRAM PANCHAYAT RAIPUR
VEND_16C3D0A3,ALPU DEVI
VEND_25D7AF6C,DULFIKAR K V
VEND_9483FF73,REKHA DEVI
VEND_57707BCD,MAMATA DEVI
VEND_F4C8046B,DOLARAM
VEND_E09E1267,DWIVEDI TRADERS
VEND_6AEA352F,PUKHRAJ
VEND_18BEF428,RENUKA
VEND_4FABD1A9,PUSHPA
VEND_4BF0AF86,MOTI CHANDUR GRAM PANCHAYAT
VEND_6E5865EB,ABDU SADIQUE I P
VEND_FFABE15B,THE MEHLA COOP LC SOCIETY
VEND_292B3CDE,MAHADEV PRASAD
VEND_B14A9F0D,PETER JYRWA
VEND_7644A332,TEMSUZULU JAMIR
VEND_76A0AD65,PANGERNUKSHI
VEND_9B535BE6,PREM SAI MAJUR SAHAKARI SANSTHA MARYADIT
VEND_132645DD,SHARMA CONTRACTOR
VEND_10552577,UMAKANT
VEND_37DFD2FD,SHIVKUMAR
VEND_804093B1,R MARLEMBA AO
VEND_5BA3E7B0,PRALHAD
VEND_7193815A,AMBIKA MAJOOR SAHAKARI SANSTHA MARYADIT
VEND_A75C1A0C,AKUMMEREN SANGLIR
VEND_2773190E,SURAT BORGOYARY
VEND_6F43AC7D,VINOD KUMAR PARASHAR
VEND_833C9294,NAND LAL SUTHAR
VEND_E52D694C,BHAIRU LAL JAT
VEND_EEC63068,TEENA KUMARI
VEND_DB02EB75,SANWAR MAL
VEND_EB81F03D,GAYATRI DEVI
VEND_ED7D900D,SUNITA REBARI
VEND_02E00419,PRAHALAD REBARI
VEND_4EC78EBF,NOLI DEVI
VEND_44BC48CA,DEBI LAL REGAR
VEND_7DB9B365,VIMALA REGAR
VEND_1D154755,RUP LAL
VEND_76CBC49F,SANJAY RAYAKA
VEND_6536471C,LAXMI HEALTH AGENCIES
VEND_420C60C8,MOHANAN E G
VEND_8CBD2BC6,SEEMA DEVI
VEND_5432DD27,GRAM PANCHAYAT AMARGADH
VEND_2BF6D21F,HISANA THASNI KV
VEND_FE202081,SHANTHIPRIYA MPS
VEND_BBDF557C,GRAM PANCHAYAT BAMRA
VEND_92432348,N V SURENDRAN
VEND_5C7A2C85,SABU R
VEND_6E2A6832,MEERA ENTERPRISE
VEND_F764FF1A,POWERON BUISNESS SOLUTIONS
VEND_1E91A0BD,SUNRISE ENTERPRISES
VEND_3F887C3E,THEJAS TRADING CORPORATION
VEND_F6A649B8,WARSI MEDICO SYSTEMS AND SERVICES
VEND_EBAC6B15,SOFTHARD INNOVATIONS SOLUTIONS PRIVATE LIMITED
VEND_07500CDB,VEJALPUR GRAM PANCHYAT
VEND_B3441292,GRAM PANCHAYAT RATANG
VEND_49E1B12B,GRAM PANCHAYAT KOYLARJHORI
VEND_1DC635F6,MS SUSHMA CONSTRUCTION
VEND_9F37EA9B,MAA ENTERPRISE
VEND_400E729A,CHANDRA KANT MANI
VEND_8A891C4B,MAA PITAMBRA GROUP
VEND_7751813A,GRAM PANCHAYAT JAITPUR
VEND_FAA6C5A8,INDERJEET SINGH
VEND_9EEE344C,SRI TIRUMALA ELEVATORS AND ENTERPRISES
VEND_CBB0E363,GRAM PANCHAYAT KAIKHODA
VEND_F3C53D96,SHRI SANKAT MOCHAN JAN KALYAN SAMITI
VEND_C31281CA,CH SHRAMLAXMI MAJUR SAH SANSTHA LTD WALADGAON
VEND_2D8C7449,MS KARAM CHAND HARI SINGH BKO
VEND_F5204E7C,SUDHIR BARE
VEND_5F6D26C4,DILIP PATEL
VEND_6A68A6F3,RAGHVENDRA MARUTI NAIK
VEND_FA589DBE,VINAYAK MANE
VEND_5EA9C74F,PITHA HANSDAH
VEND_55826205,CHERUKURU CHINNA PENCHALAIAH
VEND_42F5E1D0,MR MAHANTA NARZARY
VEND_62A911F4,BIDYADHARA PATRA
VEND_E43495EB,BDO KUSUMI
VEND_E184CEA2,JAI HIND PENTING PLUMBER ROAD V BUILDING WORKS MAJUR
VEND_76A02010,BIBI NASRIN
VEND_43F7B56B,BIJU K VARGHESE
VEND_745D704E,GOYAL SPORTS AND TROPHY HOUSE
VEND_EF15D34E,SHIVSHANKAR MAJOOR SAHAKARI SANSTHA LIMITED
VEND_AEB09433,MUNGI NAVEEN REDDY
VEND_4C334DFF,VED ELECTRICALS
VEND_22107249,AM CONSTRUCTION
VEND_EB453B6C,MAROTI ELECTRICAL
VEND_5F0EB091,MR KURWAN GRAM PANCHAYAT KURWAN
VEND_DA29D77E,LOKESH KUMAR MEENA
VEND_912F0A8E,KASTHURI SHANMUGAM
VEND_09157136,ALAGARSAMY P
VEND_F5190252,GP BHAWARCHUWA
VEND_68DD3EA4,VIJAYPUR GP
VEND_3226B3FB,KHATAKHEDI
VEND_71B29A54,MAHADEVIYA GRAM PANCHAYAT
VEND_ACCC3946,GHOGHA GRAM PANCHAYAT
VEND_F002FE03,GP AAJU
VEND_1E954EAC,JALIYA GRAMPANCHAYAT
VEND_433FE781,MS JOSHI ENTERPRISES
VEND_C7E35BA7,LAKHAN LAL
VEND_9B2D46E4,AVINESH KUMAR OJHA
VEND_BCBEF279,HARISH CHANDRA
VEND_F3372BE6,SYED RAHAMATHULLA
VEND_6FB35536,MAMTA BISHT
VEND_FC62D328,VINAYAK ANANDRAV INGAVLE
VEND_E297F152,SONA DEVI
VEND_2C165566,TEJ SINGH
VEND_2C1CAF5A,OUM SAI CONSTRUCTION
VEND_DA9E7E02,CHITRODA MOTA GRAM PANCHAYAT
VEND_721A34C3,VADU GRAM PANCHAYAT
VEND_54D82C6A,CHENNABOINA ANIL KUMAR
VEND_DAF0C875,BHABANI SHANKAR BARIK
VEND_4C6DB918,THE SAHIL CO OPERATIVE LABOUR AND CONSTRUCTION SOCIETY LTD
VEND_62CC1CAD,SARPANCH SACHIV GRAM PANCHAYAT GANYARI
VEND_7A5DF4EB,GRAM PANCHAYAT KARYALAY HANGARGA TQ NAIGAON
VEND_996B919D,APRAJITA CONSTRUCTION
VEND_1B57D307,YOGENDRA KUMAR PATEL
VEND_F0F4633F,BIJU HUSSAIN
VEND_27E4C5D8,PJB BRICKS INDUSTRY
VEND_53389319,SARPANCH SHREE MAGODI GRAM PANCHAYAT
VEND_B0B0E6D8,GOPINATH RAM
VEND_9D85534B,T NAGA BHARGAVA REDDY
VEND_B414D539,PRATIK PRAVUPADA PARIDA
VEND_7AC683CE,GRAM PANCHAYAT DAURIYA
VEND_1B4C3C16,S S TRADERS
VEND_03739DA7,SASIDHARAN K N
VEND_27063B44,NITIN VISHNU SURWASE
VEND_CF98C5F4,PRABHAKARAN K
VEND_59DF3F6B,GP BIRSINGPALI
VEND_6D613918,GRAM PANCHAYAT GANGARDI
VEND_06E9C03C,BOMBAY SPORTS SYNDICATE
VEND_F8152DBF,NEW SYNDICATE SPORTS
VEND_70E210FF,ZIMIDARA AGRO STORE
VEND_0BA83543,DILSENG M SANGMA
VEND_9342EE7D,CT INDUSTRIES
VEND_2212C705,UNIQUE ELECTRICAL
VEND_A4B5AD2C,NAMDEV AVINASH NAZARE
VEND_037FE5EC,SARPANCH SACHIV GP DEVGARH
VEND_9C33F021,S KHALENDAR BASHA
VEND_3070767C,SHIV SHAKTI CONSTRUCTION AND ORDER SUPPLIER
VEND_D27C16AB,S SYED SIRAJUDEEN
VEND_E86FB3E8,VIGNESHWARAN
VEND_DF1B542A,MARKANTI SATHISH
VEND_E89E6C44,RAJENDRA KUMAR YADAV
VEND_F3D9BCFA,LADOLI GRAM SEWVA SHAKARI SAMITI LIMITED
VEND_11FD62C6,UMESH BHUE
VEND_A1F9DAF4,GURKIRPA STEEL
VEND_B1DD5C76,GADHVANA GRAM PANCHAYAT
VEND_BA9ED946,BALRAM SINGH MEHROWAL
VEND_AA744E89,JUNI BHILDI GRAM PANCHAYAT
VEND_E5E2B122,SARABJIT CEMENT STORE VILL BADDON
VEND_DC13E8B6,DAYARAM
VEND_D0C87A24,SHYAM SUNDAR
VEND_EC232048,RAM KANWARI
VEND_C5CF404D,TEJMAL
VEND_CD08903C,KAMLESH BAI
VEND_2CDD7064,DIVYA
VEND_46096E6C,HIMANSHI
VEND_7B69AD8A,ASHISH
VEND_9C9F1C65,DINESH
VEND_12731166,KANTI BAI
VEND_7115D90F,RATANLAL
VEND_EFC4F2D8,PREM BAI
VEND_D115923F,RAMCHANDRA
VEND_2E3C9595,TARACHAND
VEND_1A9D81B1,BASANTI
VEND_47E75640,JAIN INDUSTRIES
VEND_845971DC,RAJU YADAV
VEND_E8DCFF4E,EE EUDD 1
VEND_F5C8B861,DHRUV SINGH CONTRACTOR AND SUPPLIER
VEND_5DCD203B,GRAM PANCHAYAT KARYALAYA KHANDGAON HAMID
VEND_3ADC7E32,RAVI REALCON PVT LTD
VEND_0168D859,P RAGHAVENDAR REDDY
VEND_AEF37793,SUKHDEEP SO OF BIRBAL
VEND_BA15F647,GOYAL CRUCIBLE HOUSE
VEND_AF492028,SUPRIYA ASHOK BHOSALE
VEND_149D7717,SHAMSHER SINGH
VEND_A32F4E9A,FATMA BEGUM
VEND_1212274C,ANJANADRI ENTERPRISES
VEND_6E7585AB,SARFRAZ KHAN
VEND_9A505A65,P B CONSTRUCTION PROP DILIP BHUNIA
VEND_8DBAD1CF,RAJESH BISHT
VEND_9162FA3D,TANISA ENTERPRISE
VEND_A4F4D747,KAMLESH SINGH
VEND_0F345D5E,GANESH SOMNATH AVHAD
VEND_BA54EB98,FARAJ KHAN
VEND_4C1F130E,SAJEEESH KUMAR
VEND_FFFB82E3,RAATH AUTOMOTIVES PVT LTD
VEND_E5939C16,TEHADKIYA ENTERPRISES
VEND_2188AF3C,RAJ KUMAR GHADAIPATRO
VEND_9E97E033,JE PANCHAYAT SAMITI DASAMANTPUR
VEND_76629D20,BALAGA SRIRAMULU
VEND_AAE7103F,SHIVAJI ENTERPRISES
VEND_3E569B8E,SHUBHAM SHANKAR GAIKWAD
VEND_187BCCD6,PANKAJ SHARMA
VEND_B7A963B4,SATYA DEV CONSTRUCTION CO
VEND_874ADEF5,GURU CONSTRUCTION COMPANY
VEND_EEF8024D,M A CONSTRUCTION
VEND_C0F80B43,SR ENTERPRISES PROP SHAHRUKH
VEND_0A6C4C52,MOHAMMED MEHROOZ FARHAN MD MUNEER AHMED
VEND_F9A941BC,MATHEW M
VEND_AFB578E9,DASARI MURALI
VEND_18CA473A,CHAITALI DNYANESHWAR SANGALE
VEND_FF31E236,SHAIK RAFI
VEND_17633023,THANDU SAIDULU
VEND_903A2B4F,CHHALVANT JUTH GRAM PANCHAYAT
VEND_EC74B731,PIYUSH ELECTRICALS
VEND_F5883291,MAA CHINTPURNI TRADERS
VEND_4E9019FF,MS INDRANI POWER
VEND_1CCF6B6F,RAM CHANDAR YADAV
VEND_9E494C25,GHANSHYAMNAGAR GRAM PANCHAYAT
VEND_7E03063C,BLOCK DEVELOPMENT OFFICER ROYALTY
VEND_8EA86C64,ASHOK KUMAR RATHORE
VEND_6E74F532,DINESH RATHORE
VEND_9F00D4D6,MEGHA RATOR
VEND_F6AB1792,ASHA RATORE
VEND_CBFE67A8,SATYA NARAYAN NAGAR
VEND_B002FBAF,MAMTA RATHORE
VEND_2B3418E8,TONU KUMAR
VEND_BFDDF77D,MAYA KUMARI RAATHORE
VEND_CBF84A9D,HEMANT KUMAR SRIVASTVA
VEND_C1CEBF08,PARVATI CONSTRUCTION
VEND_0BE3472A,SUBASH CHANDER
VEND_035CF099,MAKHAN SINGH
VEND_EE776C19,SHIVAJI BHIMU JADHAV
VEND_9998CBED,CHULI GRAM PANCHAYAT
VEND_98BD4696,MM CONSTRUCTIONS
VEND_7A374C67,BHUPINDER SINGH
VEND_E82887EE,MUKESH KUMAR BEHERA
VEND_D9A32A60,MS AD PROJECT
VEND_4665E986,P KANNAN
VEND_86FFEC14,DHARAVATH KRANTHI KUMAR
VEND_C1366A34,ASSISTANT ENGINEER DASAMANTPUR BLOCK
VEND_721F5DE4,SRI GURUDEVA CHARITABLE TRUST
VEND_3152A3AF,JAYAPRAKASHAN THOTHAN
VEND_9D6830FB,JAI SANTOSHI MATA MSS LTD CHH SAMBHAJINAGAR
VEND_39B037FA,DILLOD
VEND_9C05A54B,SANSKRUTI ASSOCIATES PVT LTD
VEND_74F263A4,MANDA RAJITHA
VEND_616E24B3,ARTI BHATT
VEND_91D25ACE,JB BROTHERS
VEND_D3496762,ARUNKUMAR R
VEND_DFCC8F49,SECRETARY PATTIAM GRAMAPANCHAYATH
VEND_8AD2B3C2,GAYATRI ENGINEERING COMPANY
VEND_C9C3764C,HARIPAR KERALA GRAM PANCHAYAT
VEND_72F66E83,KRISTHU MAHLIA PUDUPU SANGAM
VEND_E65D7707,DASHMESH BRICK TRADERS
VEND_176B495B,RELIABLE TRADERS
VEND_55657B94,RAJKUMAR TIWARI
VEND_E8A68EF7,UTVAD GRAM PANCHAYAT
VEND_AC4C7FDB,GRAMPANCHAYAT ROHSIBUJURG SANSADNIDHI
VEND_92A34566,JANARDHANA A
VEND_70F82A4D,OM KALESHWAR TRADERS
VEND_BBA8F4A0,JUNIOR ENGINEER DASAMANTAPUR BLOCK
VEND_94E5DBF6,SUDHIR BHATT
VEND_6550E55F,GANGADHARAN V K
VEND_333DBF4B,VAJKSR00060651
VEND_B8884501,GRAM PANCHAYAT KANAJIYA
VEND_6A0BB11C,AE SUNITA MAHARA NANDAPUR 3
VEND_290E8C6F,SEXNA CABLE INDUSTRIES
VEND_5BD5EB6E,BT AGRO UDYOG
VEND_E60B8A2C,MADHAV KUMAR RADHE SHAM
VEND_F5AFA3D4,ANOKH SINGH
VEND_441E74BB,MALEWADI MSS LTD MALEWADI TAL PATHARDI
VEND_65053309,SHIVSHAKTI MAJOOR CO OP SOCIETY LTD
VEND_C333CD1D,M BUTCHAIAH AND COMPANY
VEND_7CB3F045,EVERGREEN ENTERPRISE
VEND_D4F59E55,GRAM PANCHAYAT NAWATOLA
VEND_A526384D,SINGLA CEMENT STORE
VEND_4A705AE4,PRATAP KUMAR SENAPATI
VEND_8CBFFE51,GRAM PANCHAYAT KUKASVADA
VEND_D20130EF,NOUSHAD M
VEND_FAFFE2D6,MADAVI BHEER SHAW
VEND_30EAD949,MURUGAN G
VEND_A0EC8CA5,SOKHDA KHURD GRAM PANCHAYAT
VEND_4023AF0B,SAJAN DANIEL
VEND_414FD484,MEGHA CONSTRUCTION COMPANY
VEND_D1AADE26,RAUNAK ENTER PRISES
VEND_9C9359A4,ROHID GRAM PANCHAYAT
VEND_DA4C2F56,SAMPANGI NARSAIAH
VEND_093D5D23,VADGAMDA GROUP GRAM PANCHAYAT
VEND_B17EFDE3,BHARGAVA RAM ENTERPRISES
VEND_DD58B505,MAA DURGA WORKSHOP
VEND_9D474EA6,GRAM PANCHAYAT BAGHAYU
VEND_D611C58E,PURUSOTTAM MEHER
VEND_AA0793FD,CHANDRAKANT DIXIT
VEND_63CA268C,GRAM PANCHAYAT VASTANA
VEND_0775083B,R SIVAKUMAR
VEND_64AA7B0C,VSR AGENCIES
VEND_773E41D6,J K ENTERPRISES JALENDHAR
VEND_802A55DA,SATYENDRA SINGH
VEND_0A0FB1CC,MS PARVEEN KUMAR GOVT CONTRACTOR
VEND_D8903E44,VANGAVEETI RAVINDRA BABU
VEND_906FAFD2,AM ASSOCIATES
VEND_64C9DA05,WOMAN MUSAFIR KHANA
VEND_16E526E0,RASHEED S A
VEND_D181D84C,AMA ZILA PANCHAYAT UTTARKASHI
VEND_8CE957DA,NARESH KUMAR GUPTA
VEND_086D39D2,SHRI MAHARANA DEVELOPERS
VEND_577DF834,RAJESH CHAUHAN
VEND_BCF07A31,GRAM PANCHAYAT CHOSALA
VEND_2115BDB6,RAKESH JATAV
VEND_AADB0ADD,RAMSAINGH JATAV
VEND_BB97B436,KEDAR JATAV
VEND_D31BE407,KAMLESH JATAV
VEND_25D8172F,MITHLESH JATAV
VEND_3D12436E,L N ENTERPRISES YADUNANDAN YADAV V K
VEND_AF753F58,KESHAVAMURTHY
VEND_19E88CD8,D R KUKADIA
VEND_8B1F99D6,MS ALI CONSTRUCTION
VEND_FC965B06,RANGPUR GRAM PANCHAYAT
VEND_53C4B26D,GRAM PANCHAYAT BACHHADAWADA JANPAD PANCHAYAT NALCHHA DISTRICT DHAR
VEND_C952A678,JASVIR SINGH
VEND_10A6EA9F,TARSEM LAL
VEND_59FA972A,KULDIP KUMAR
VEND_43AF7478,SUKANTA ENTERPRISE
VEND_BE858D64,BOBICONSTRUCTIONCOMPANY
VEND_53CF5F24,NARAYANA
VEND_3617C62D,RAJA K
VEND_19D42315,BHAGYADHAR SAHOO
VEND_CE2BE81B,BASAVARAJU
VEND_B1A64CBD,DAKTAR MURMU
VEND_0C15BE83,SELVA VARGEESE SOOSAIMICHEAL
VEND_12AE61D8,THANGHULIANA
VEND_74F4C5CC,KHOKHAR GRAM PANCHAYAT
VEND_F8B83D0B,BALJIT RAM
VEND_2FEA9A13,ANIL KUMAR BHATT
VEND_F9DCD0DD,SUSHIL BHATT
VEND_17F84ED0,TEJPURA GRAM PANCHAYAT
VEND_98EDD2EC,RAJNEDRA SINGH
VEND_64607139,BHARAT CONSTRUCTION
VEND_4E44D353,SOBHITA BHATT
VEND_0B66B549,TECHDRIVE ENGINEERING PRIVATE LIMITED
VEND_6EA0965E,MAMTA BHATT
VEND_E37A10FA,AVTAR TRADING COMPANY
VEND_02191785,GURU KIRAT TILE FACTORY
VEND_B83AAB51,JOGINDER SINGH CONTRACTOR
VEND_BA3F86B9,JEEVA S
VEND_524DB76B,SHRI MAHALAXMI MAJUR SAHAKARI SANSTHA LTD LAXMIWADI
VEND_12EF130E,GRAM PANCHAYAT NAUGAWAN DHIR SINGH
VEND_7C86AD16,PRASANTA DUTTA
VEND_4775CD72,NADASHA GRAM PANCHAYAT
VEND_4A8A08F0,C
VEND_C5CFF452,AGGARWAL SANITARY STORE
VEND_04675E07,GRAMPANCHAYAT LOHDONGRI
VEND_64952091,KISSAN SANITARY AND PAINT STORE
VEND_BAF7E276,DASMESH ELECTRICAL
VEND_3F694CAD,GURCHARAN SINGH AND SONS
VEND_B3FE1ADE,GRAMPANCHYAT SONEGHAT
VEND_27109F63,DIPESH DAYARAM DALAVI
VEND_36E92795,VINOD RAUT SO MUNNA RAUT
VEND_C0353013,AKOTI GRAM PANCHAYAT
VEND_2378E7D4,CHHATRAL GRAM PANCHAYAT
VEND_EE896F42,GAMANPURA GRAMPANCHAYAT
VEND_47133FE8,KEDARNATH BASVANT MANURKAR KOLHAPUR
VEND_29E46AEB,PRASENJIT DAS
VEND_B80CF5E3,KHANPURA GRAM PANCHAYAT
VEND_24F60565,KAVITA CONSTRUCTION COMPANY
VEND_43F95B06,PANKAJ KUMAR
VEND_BF603B2A,GRAM PANCHAYAT GHOGARI TQ HADGAON
VEND_1D5AD2FD,SURENDAR
VEND_1FD96777,PRIYANKA
VEND_D129F3DC,JANKI DEVI
VEND_67A05E38,RAKESH
VEND_F2602D8A,SAJI C
VEND_45C8BBA2,SHRI RAM INDUSTRIES
VEND_93242420,KAVITA DEVI
VEND_DFB57B2E,BHARAT
VEND_0B6029D4,PITRAM
VEND_48C7F428,SARANGAM GUNNAIAH
VEND_E3A435C1,SOBIN SABU
VEND_A68C09DB,SMC BHALYANI
VEND_707C223F,GRAM PANCHAYAT MAUMASANIYA
VEND_3AB66DE6,SKYBOAT MARKETING
VEND_41BD74B4,SHRINIVAS SADASHIV MENI
VEND_F5C6FD4B,KARANSHER SINGH
VEND_74577335,BHAWNA
VEND_5202FC9A,GRAMPANCHAYAT KARYALAYA KININAWRE
VEND_18927B9A,REKHA BHATT
VEND_B8C15509,SAROJ BHATT
VEND_67F4D0BF,NIRWAN BRICKS UDYOG
VEND_2E369FDC,VAMSI ENTERPRISES
VEND_84CD14BE,PARDEEP ELECTRICAL
VEND_9D9955B8,GRAM PANCHAYAT DHANOURA
VEND_5F0A618E,BAWA BUILDING MATERIAL
VEND_C9DD668C,GS BUILDING MATERIAL STORE
VEND_487EA512,GUGALIYANA GRAM PANCHAYAT
VEND_D8109DEB,ABHISHEK PAINT STORE
VEND_A9A2F958,JASKA GRAM PANCHAYAT
VEND_055A37EF,GRAM PANCHAYAT KARYLAY TALNI TQ HADGAON
VEND_C6FE6FFD,MANPREET SINGH
VEND_35F7C302,DHARAMPUR BHALTHI GRAM PANCHAYAT
VEND_B5C35E47,RAMESH CONSTRUCTION
VEND_123E17DD,DHARAM TRADERS
VEND_C7DF6D4E,ABDUL WAHID MAGRAY
VEND_E3A3D0D4,JILA CHANDRAWANSHI GOULI MAHASABHA SAMITI BHOMA SEONI
VEND_03C79350,GRAM PANCHAYAT CHHUI
VEND_595FD6A2,REDDYS ENGINEEERING CONTRACTORS
VEND_17DD8C77,FOR SEVA CONSTRUCTION
VEND_2C5CBA06,ANUDEV J C
VEND_4C215647,KAVALYELLAIAH
VEND_4455959A,N RAMALINGAM
VEND_E3D2E4AF,SALADI GRAM PANCHAYAT
VEND_1D727F67,VIRANI AGRO
VEND_51630E20,MAA VAISHNO TRADERS
VEND_8666A6F3,GRAM PANCHAYAT INDRI MAWAI
VEND_A334F580,GRAM PANCHAYAT JHIRIYA
VEND_C7A8AEC4,GRAM PANCHAYAT BARKHEDA
VEND_DA233F64,PRINCE KUMAR
VEND_4E2F5D24,SHAPURAM GANESH
VEND_94E923D1,RAJENDRA PRASAD
VEND_E0E54037,MUNNA LAL
VEND_252DCB0F,MADAN CHANDRA
VEND_B38F3A90,ABHISHEK SANJAY PATIL KASABA TARALE TAL RADHANAGARI
VEND_0B29DE27,CONSTRUCTION OF CREMATORIUMS AT GAON DIMORIA
VEND_90FF92F6,SARPANCH GRAM PANCHAYAT ADAMPUR TQ BILOLI
VEND_A68C5683,B M CONSTRUCTION
VEND_C59FEAA0,KUMBHASAN GRAM PANCHAYAT
VEND_9014C743,SRI VENKATESWARA CONSTRUCTIONS
VEND_74CDBDF9,K RAMESH REDDY
VEND_E8CC15DF,RAJ KUMAR N
VEND_EEFD9028,DEKA BROTHERS EMTERPRISE
VEND_9843E1E1,SATYA SAIKALYAN SEWA SAMITI
VEND_7B288F8A,SILIGURI TRADING CENTRE PREVIOUSLY KNOWN AS G AND D TRADERS
VEND_106A7C00,LAKHWINDER SINGH
VEND_F925D330,JADU RAIDANGIA
VEND_8C773EBD,BHAVESH AJAY KUTHE
VEND_9BB3B19C,KIRAN SHASHIKANT GAIKWAD
VEND_F126CC3F,MOUNESH
VEND_B5D3C0DA,YVS FITNESS AND GYM EQUIPMENT
VEND_0E75B91C,GIRIDHAR DIGAMBAR PATILDAKORE
VEND_60B259AE,APARNA CONSTRUCTION AND SUPPLIERS
VEND_06A47CCE,RAHUL K P
VEND_A7CD7464,R P ELECTRICALS
VEND_F5AA2768,GRAM PANCHAYAT MOTAP
VEND_21291062,GRAM PANCHAYAT BAJIPURA VAGPURA
VEND_05A0229E,ECO COOLING SOLUTIONS
VEND_34B88467,GP SILARIKALA JP UDAIPURA
VEND_AE953EE6,KRIMTA DEVI
VEND_63DD5590,GP SAGONIYA JP BADI
VEND_9E896F70,VIJAYA KUMAR S
VEND_FF195DE4,SUKHLIPURA GRAM PANCHAYAT
VEND_B0998352,ANKODIYA GRAM PANCHAYAT
VEND_280BD98F,SAHAYA THATHEYOUSH S
VEND_2D5B89E3,SHERKHI GRAM PANCHAYAT
VEND_F0455EBC,DIGITAL AUDIO VIDEO SOLUTIONS
VEND_21104BE0,KASHIPURA GRAM PANCHAYAT
VEND_05CCC089,JUNIOR ENGINEER MARSHAGHAI BLOCK 7
VEND_34B78CFB,GP BRGF PAJHRAPALI
VEND_1FC9EC2E,GRAM PANCHAYAT TADAVA
VEND_339E8D23,GURJEET SINGH
VEND_1DE7CD99,SASHI BHUSAN SAHOO
VEND_5078EAFD,AMIT TOMAR
VEND_6688E76F,RAMKISHAN DUBEY
VEND_17856B41,MAYA SOREN
VEND_D26214C9,SUKHWINDER SINGH
VEND_4CC6FBA6,SRINIVAS REDDY BOYELLA
VEND_D8EB547B,CHHAPARI GRAM PANCHAYAT
VEND_CC21C366,CONSTRUCTION OF COMMUNITY CULTURAL ACTIVES AT BRIHATTAR RUKMINI NAGAR SOCIO CULTURAL CENTRE RANGA
VEND_24CD08E0,BUGHANI BROTHERS AND COMPANEY
VEND_E4492B46,KAMADGIRI TRADERS
VEND_866C9316,ASANGEPPA HANUMANTAPPA BANDIWADDAR
VEND_9EEDDFDF,R CUBE CONSTRUCTION
VEND_0B71760B,WAIPIN K MARAK
VEND_79998BB8,MANDEEP KAUR
VEND_502243CD,JASWINDER KAUR
VEND_EE7B6CE4,RITUPURNA SWAIN JE
VEND_DC2255C3,REMA N R
VEND_1C1B9F31,SARPANCH GRAM PANCHAYAT CHOURAHET
VEND_F4EA9EBA,LACHHMI DEVI
VEND_FA72D412,MAGASVARGIYA SUYASH TANTRIK MAJOOR SAH SANTHA
VEND_2B79A6EF,SUNRAYS GREEN SOLUTIONS LLP
VEND_E05E0CB4,JAYAKUMAR E
VEND_552E4B27,MANSAROVAR CONSTRUCTION COMPANY SANCHORE
VEND_5BA5FD54,RISHIKESAVAN K
VEND_69D908D8,MS P MAITY CO
VEND_E8C7ACBF,SAKTHI T
VEND_1C609F94,JE SALIPUR DILLIP KUMAR ROUL
VEND_4F1E9A24,A P ENTERPRISE PROP PARESH KUMAR PARUA
VEND_704933F0,BASANT KUMAR
VEND_4DD49F4F,SURAJ
VEND_DE6A18F0,AMIT NAINWAL
VEND_982497E9,SURESH BHATT
VEND_44DC1368,HARISH PANDEY
VEND_EBFAF7EC,BADRI PRASAD
VEND_FFB92351,RUSHIKESH BHARAT GUND
VEND_A3F608E5,JAIN IRON STORE
VEND_D8E40D4A,JYOTI RAWAT
VEND_5BABB672,SHUBHAN RAWAT
VEND_5F1C5342,SANJAY
VEND_5BD2ABF3,MADAN SINGH
VEND_E5691DF7,S K ROMAN PAINTS HARDWARE AND ELECTRICALS
VEND_45C17243,PARKLANDS SOLAR PRIVATE LIMITED
VEND_FD99EFFF,GRITALSON ARENGH
VEND_6B927942,BASEEL LATHEEF NK
VEND_C1DF44FE,SANJAYA KUMAR PATEL
VEND_18DCD082,NAGKA GARAM PANCHAYAT
VEND_01CA394E,LOKANATH BEHERA
VEND_F588821B,LATE HARIHAR PRASAD SAHANI P M V
VEND_6D4602A3,SAJEEDHUSSAIN I SHAIKH
VEND_B2E20C42,FULPREET SINGH
VEND_3716F969,SWAMI POWERTECH
VEND_9176CB77,SHRI GANESH ELECTRICAL AND CONTRACTER
VEND_2D67F989,VISHWESHWARI ELECTRICALS
VEND_FC276F62,SHEKHAR CHANDRA
VEND_E061F0E9,SATHAR C M
VEND_04C6D6DC,PANKAJ JOSHI
VEND_4BB3F679,EXECUTIVE ENGINEER N R E P DEOGHAR MPLADS
VEND_BFB5F163,GRAM PANCHAYAT MALIDA
VEND_2B64DBEC,SUTRAPU RAJENDRA PRASAD
VEND_12F41845,GAVINOLLA CHANDRA REDDY
VEND_11B6852A,THADOD GRAM PANCHAYAT
VEND_6CFE583C,MEDI KRISHNA
VEND_AD6A300E,THE SHIVAM CO OP L AND C SOCIETY LTD
VEND_211CA765,SUBRAMANIAN
VEND_14F71950,JANTA INTER COLLEGE ASIDHAWA
VEND_2C6A9467,GRAM PANCHAYAT SAHADA
VEND_5B5ECFCE,FAZIL AHAMMED P
VEND_B2FF8ED2,GADDAM RAVIKIRAN REDDY
VEND_E9D767A1,NOUSHAD P
VEND_367157BD,KAPS MOTORS
VEND_7B0D31E2,B H HARISH
VEND_D30D5DB6,TCM STEELS
VEND_36265F6F,PRATIGYA HARDWARE STORE
VEND_A747A27B,CHAIRMAN NAMDEO MAHARAJ MAJOOR SAHKARI SANSTHA LIMITED LIMBOLI
VEND_87836E6C,BDO LAKHANPUR
VEND_3090F789,MS SARMA TIMBER FARNITURE HOUSE
VEND_D5804241,PUNJAB CEMENT STORE
VEND_B850A98E,JARNAIL SINGH
VEND_34F732A4,SARPANCH GRAM PANCHAYAT RUHI
VEND_8259B06F,SARPANCH GRAM PANCHAYAT PARSAHI
VEND_639E1ECB,RENNOVATION OF NATGHAR AT RABHAPARA
VEND_557B5851,KAHONA GRAM PANCAHAYT
VEND_9D1F481A,SAGARIKA SWAIN
VEND_29BDA9DA,AAI LAXMI ENTERPRISE
VEND_01A992FB,GRAMNIDHI GRAMPANCHAYAT KAUTHAL
VEND_2DEDBA98,SHRINIVASKUMAR GADIVADDAR
VEND_131F6892,A V ENTERPRISES
VEND_6A807724,NAVEEN HANAMANT WAGH
VEND_A13C61BC,GRAM PANCHAYAT CHHINAM
VEND_DBC2A51D,KRISHNAPPA C S
VEND_60B7CC57,KANDHASAMY N
VEND_0ABE4B6D,MALLAREDDY VUTUKURU
VEND_7A5902AD,SAHARA INFRASTRUCTURES
VEND_B357DBCE,SAROJ KANTA NAIK
VEND_A9610E95,SONALI
VEND_695B0C04,JAI MAA CONSTRACTION AND SUPPLIERS
VEND_99C7125F,V P THANKACHAN
VEND_1CEF486E,KUNA BALAKRISHNA
VEND_2475B64A,SOORAJ P R
VEND_9F3D89DC,THE JEEN MATA COOPERATIVE LABOUR AND CONSTRUCTION SOCIETY LIMITED
VEND_3309B104,MS MANGAL ENTERPRISES
VEND_DE159935,SAMADHIYALA PATI GRAM PANCHAYAT
VEND_345FAA0A,RAVI CHANDRA BHUDHANI
VEND_BD2639EE,VIMALA DEVI
VEND_908ACDCB,KHASTI DEVI
VEND_1307B173,NITESH CHANDRA
VEND_1E4D3CA0,PANKAJ MEHRA
VEND_003D1EFB,NDHRITI ENTERPRISE
VEND_6F21068D,SUROJ T
VEND_9407A057,ARK CONSTRUCTION
VEND_FBB6DC2B,MODALAVALASA RAMESH
VEND_9FF490D9,OMRAN PROJECTS PRIVATE LIMITED
VEND_0CC0BC57,JAY VIND KUMAR SINGH
VEND_39073CE8,BABY KUMARI
VEND_01F7260C,SUMIT LAL SAH
VEND_822E4CF0,RAHMAT AND COMPANY
VEND_1A966B62,HEAD MISTRESS ST MICHAELS HIGH SCHOOL KAVIL
VEND_6794B052,APPANNA MALLAPPA YALLURE
VEND_E475D6E0,KUNA ANJANEYULU
VEND_2CFFBD81,KINTALI SAI KUMAR
VEND_3CA91962,SATHIYA AND CO
VEND_5F3B8E1A,IMPROVEMENT OF BAMBOO BRIDGE AT KAMALABAGAN NARENGI GUWAHATI
VEND_3DA6314C,CONSTRUCTION OF BOUNDARY WALL AND COMMUNITY HALL AT JYOTINAGAR KALI MANDIR PRANGON UNAYAN
VEND_71692F89,CONSTRUCTION OF BOUNDARY WALL NEAR KRISHNA MANDIR NAMGHAR KUNDIL NAGAR HIRIMBAPUR
VEND_95B36400,ARJUN CONSTRUCTION GHAGHARA
VEND_78A7F3C5,CONSTRUCTION OF LINK ROAD AT NIZ HAHARA GAON PATH
VEND_D1BEFD05,HEAD MISTRESS
VEND_DF530E20,CONSTRUCTION OF COMMUNITY HALL AT SASTRINAGAR UNNAYAN SAMITY
VEND_344B128E,SK ENTERPRISES
VEND_9105FEAF,HARIHARASUDHAN V
VEND_35E31607,SANJAY KUMAR PRADHAN
VEND_DA7DEE1E,H H INFRASTRUCTURE
VEND_81B11A02,KANDAKATLA MAHENDER
VEND_1E214F2C,VASAI GRAM PANCHAYAT
VEND_8A2B2A44,RANODARA GRAM PANCHAYAT
VEND_D534AB0C,BADODRA ROPDA GRAM PANCHAYAT
VEND_849D31AB,NANDEJ GRAM PANCHAYAT
VEND_E00A8C5C,ROYAL BUILDING MATERIAL
VEND_72BCC827,RAHUL KUMAR
VEND_1D71CD99,THE SHAKTI CO OP L AND C SOCIETY LTD
VEND_4F65E0BA,THE LEHRI CO OP L AND C SOCIETY LTD
VEND_96976EE3,GRAM PANCHAYAT JHOLA
VEND_E021938C,GRAM PANCHAYAT KHURSIPAR MAL
VEND_87526317,SHREE GANESH IRON STORE
VEND_F9D73533,NARESH RATHI
VEND_3350AB02,SHIVAM CONSTRUCTION AND SUPPLIERS
VEND_2CE7B57D,HIMASHREE ENTERPRISE
VEND_56588978,AMLAREM SECONDARY SCHOOL
VEND_36D71F1F,TOMBESIL A SANGMA
VEND_3A8B779F,HEMANTA KUMAR DEORI
VEND_3BE6279F,DEWALKHEDA
VEND_D7B7C29C,SEMRAKALA
VEND_1802970F,VAISHNOBI ENTERPRISE
VEND_3842CDD6,SIDHU CEMENT AND SCRAP STORE
VEND_6DDE2279,BALJINDER SINGH
VEND_18D73DE1,GOYAL TRADERS
VEND_44B9333B,DIVYA INDUSTRIES
VEND_F61758EC,CHANDAN BASAVARAJ HONDAPPAGOL
VEND_A1B1E9EB,GRAM PANCHAYAT PAHUNI
VEND_5C4A5FF9,RAJESH GHANSHYAM GIRHEPUNJE
VEND_B033FD44,REHOVOT GROUPS
VEND_8AB11C95,GRAN PANCHAYAT KORAMBHI
VEND_3B027FED,S RAJAKUMARI
VEND_1E3C1331,P S RAVEENDRAN NAIR
VEND_A57CA321,K NIRMALA
VEND_DD34F4EF,SURYA NARAYAN LENKA
VEND_922C55CD,KUNDAN SINGH BISHT
VEND_6A539CCD,DIGAMABAR SINGH
VEND_0B10F5DA,BHASKAR JYOTI GOGOI
VEND_31AE51FA,MURLI DHAR CONSTRUCTION
VEND_42C5C418,BR CONTRACTING COMPANY
VEND_60747210,BHAGIRATHI BHUIYAN
VEND_A305EB0D,ABHIJIT BARUAH
VEND_E14A3B25,SARPANCH GRAMSVEAK GRAMPANCHAYAT KADEGAON
VEND_C3F2CFB1,PADMABATI GUDALA
VEND_0C63E900,CHANDRAMA NAIK
VEND_4754BC4C,CONSTRUCTION AND RENOVATION OF COMMUNITY HALL NEAR PAKRETARY KHANKA
VEND_2AB09C31,NSSKPT HS OTTAPPALAM
VEND_5E2C4347,SHISHPAL
VEND_EDBA6F32,KAMLA
VEND_7E9F11ED,CHINTAPALLI DURGA RAGHUNATH
VEND_C643F727,LAKSHMI KANWAR
VEND_4B0C1B23,RAMPYARI
VEND_FD66D938,GAJANAN MAHARAJ MAJUR KAMGAR SAHAKARI SANSTHA MARYADIT PANDHARKAWADEA
VEND_75D4156E,GRAM PANCHAYAT BHADROLI KHURD
VEND_0EA00E4A,SARPANCH PANCHAYAT KANOD
VEND_295E14C8,BHAGUDA GRAM PANCHAYAT
VEND_88227245,GANGA MAJOOR KAMGAR SAHAKARI SANSTHA MARYA BILOSHI
VEND_B72F2DD9,MUNISH BUILDING MATERIAL
VEND_B662BFA0,MALKIT SINGH
VEND_99ADC220,MUSA MANSOOR
VEND_8B29E90E,RATTAN LAL AND SONS
VEND_70E4DD2C,GRAM PANCHAYAT SOSA
VEND_A01E80E7,DIPAK SAIKIA
VEND_66A5D521,SHIVARATRI VENKATAIAH
VEND_A5617441,GRAM PYT KAILASHPUR INDRA AWAS JIWAN
VEND_7731476D,SAMRUDDHI MAJOOR SAHAKARI SANSTHA MARYADIT NASHIK
VEND_F2563A72,REDDY SUPPLIERS
VEND_8FFBDB7E,PANDIT SANTRAM AGYARAM SARPANCH PUBLIC SCHOOL
VEND_E1397600,AIMS ENTERPRISES
VEND_B4970486,SANJU B GHORPADE
VEND_A817AC71,ONKAAR MEDICAL AND SURGICALS
VEND_21EE2CEB,HARSH ENTERPRISES
VEND_68CDF96F,PUNJAB ELECTRICAL
VEND_02DF11B1,JAI BAIRO SHATRING STORE
VEND_F5F7292C,GOPI RIBA
VEND_A88002C1,UNITED IMPEX MOHALI
VEND_BC87A985,BONEKAR BHOOMAIAH
VEND_56938116,GARO BAPTIST CONVENTION
VEND_20377D8E,ABDUL SAJID
VEND_3BB7B374,NITESH TRADING COMPANY
VEND_611F82D8,NEW SONI CEMENT STORE
VEND_8047CD5A,NEMAI KUNDU
VEND_273AC0B7,GRAM PANCHAYAT SONDLAKHARA
VEND_EFF0CFC5,GRAM PANCHAYAT DELASA
VEND_0A22859D,GRAM PANCHAYAT HATHISA
VEND_B6F7EBA5,GRAM PANCHAYAT KAMROLI
VEND_4C84193E,GRAM PANCHAYAT MIRJAPOR
VEND_7978EAC4,GRAM PANCHAYAT MINDHI
VEND_E5FFE142,GRAM PANCHAYAT SONDAMITHA
VEND_E66CAB80,GRAM PANCHAYAT JAMAKUDO
VEND_0B358068,GRAM PANCHAYAT BHATAGAN
VEND_05795693,GRAM PANCHAYAT ASNAD
VEND_3D49D973,ASHARAF V P
VEND_6A8A0EC7,GMLPS THRIKKALLUR
VEND_DB60E93B,HARIPRASAD G M
VEND_0139A7A2,GLPS MUNDEKKARADU
VEND_2347B097,M P NAGARAJ
VEND_CFBA9940,BATTU YELLAM
VEND_F12D3696,AJITH PRASAD C R
VEND_8F7C0EB5,GURJINDER SINGH PLUMBER
VEND_67BEC28C,GURPREET SINGH ELECTRICAN
VEND_E7CA6C42,SARADOI GRAMPANCHAYAT SARADOI
VEND_355F7302,SHIV OM ENTERPRISES
VEND_DAE4F60F,BLOCK DEVELOPMENT OFIICER ZAINGEER
VEND_06D7E3BD,PRADEEP ART
VEND_7F48B01E,GRAMPANCHAYAT KAMBARE BUDRAK
VEND_31BDBA24,GRAM PANCHAYAT MUNDRAI KHURD
VEND_FA10666F,AEN O M DANTARAMGARH
VEND_E01479A4,RANJIT SINGH
VEND_C18F83AE,NEETA SINDHI
VEND_AEF4A64A,KRUTAYAGNA BUSINESS SOLUTION
VEND_E2691C5C,KUNDANGI POTTESU
VEND_694E0FDF,SOM SURGICALS
VEND_35E8FFF8,ROHIM MORAN
VEND_9036125E,TEJASHRI VITTHAL PATIL
VEND_C42A6A26,RAMESH YADAV
VEND_71A80DCE,GRAM PANCHAYAT CHANDANWADA KHURD
VEND_98E762B2,DHAMODHARAN M
VEND_CB32FCAA,CC FOR CONSTRUCTION OF COMMON WORK SHEDS NEAR MAA MONGALMOYEE MANDIR
VEND_59273E03,RAVEENDRAN M
VEND_9D44A224,GOVINDA CONSTRUCTION AND DEVELOPERS
VEND_68B664A5,KANNAN G
VEND_9424228B,SREEJITH U
VEND_4629AE5C,MAHENDRA KHANDEI
VEND_5FEB062A,DHAKAD SAMAJ
VEND_2DC50614,SUNEEL KUMAR REDDY BIJIVEMULA
VEND_39B7835A,ABHIJIT SUBHASH RATHOD
VEND_8CD3FE17,MUNNI KUMARI
VEND_808A5059,ANITA BISHT
VEND_CB36D8C2,GOEL STEEL TRADERS
VEND_796CB8F2,MEHTA HARDWARE
VEND_C5153FD8,KAVACH GROUP ASHISH
VEND_2C00EAFF,CH PRIYADARSHANI MAJUR SAHAKARI SANSTHA MARYADIT RATOLI
VEND_EF00C0C9,NIRAJ SINGH BISHT
VEND_4D875EB9,GRAM PANCHAYAT KRISHNPUR
VEND_FADB1766,DISESH SINGH BISHT
VEND_C6981331,SLB CONTRACTOR
VEND_7AC1CDFF,BASNTI DEVI
VEND_AEF2C726,BINOD GOCHHAYAT
VEND_FCD7A89D,SHIVAM ART AND PHOTO
VEND_3B26C778,SADGURU TRADERS PROP
VEND_1AA3984B,BILAL AHMAD DAR
VEND_9012B6F0,SURGE GLOBAL PRIVATE LIMITED
VEND_09FB95DB,SOMAR BORUAH
VEND_A928F866,BAVANA DILLESWARARAO
VEND_164E03B5,CHAKRAPANI B S
VEND_07CAECF1,GURDEEP SINGH
VEND_A34B7994,HANUMAN MAJUR SAH STY GADEGAON
VEND_AA051413,JONATHAN THANGLIANA CARE OF BDO THINGSULTHLIAH
VEND_C9FD4762,SANDHIYA OTHISAMY
VEND_833583CF,DON BOSCO COLLEGE
VEND_2ADA2617,AMARESH CH NAYAK
VEND_1259B152,ADITYA VISHWAKARMA
VEND_E7A75368,G R MAHESH
VEND_4D4323D6,RAJANI KUMAR MANDALA
VEND_1F25C920,WISHAVKARMA
VEND_E4960986,TARSEM KAUR SBI
VEND_75CA7E0C,JAI DHANOP MAA CONTRCTOR
VEND_9DAC4DBB,KAKARLAPUDI SRINIVASA RAJU
VEND_C08E1107,KHURSID AHMED
VEND_97548F49,SRV AND CO
VEND_66BF3E8E,ASIT BISWAS
VEND_516924B0,NASKAR BISWAS
VEND_6AEBF4C9,MAHAVEER PARSADH MANTRI
VEND_3855C9DC,KAVITA MANTRI
VEND_872A0338,SANJAY JAIN
VEND_06B5CAC4,TEENA JAIN
VEND_3C8A3C68,SAYARI DEVI
VEND_C3789E06,GURLAL SINGH
VEND_222DA249,SHAKTI MAN MEENA
VEND_5F162C4C,BALMUKAND VAISHANV
VEND_28030F29,PULI RAMGOPAL
VEND_7491626D,SUNIL KHATI
VEND_DCEEE9CC,AARPITA
VEND_D928DFC1,SANJAY MANTRI
VEND_91EA7CE1,NAGAROOTS PVT LTD
VEND_40D3D3CB,TALUKA DEVELOPMENT OFFICER MATAR
VEND_65CE965B,YS CONSTRUCTION PRO PINTU SAWLA
VEND_E0D52E8B,PAVALEPUR GRAM PANCHYAT
VEND_001E6B67,R B INFRA
VEND_CB49E431,TATA MOTORS LIMITED
VEND_19038B98,AGAMAMIDI SAI KUMAR
VEND_A1B1827D,DEEP STAR CONSTRUCTION COMPANY
VEND_E73E5AA1,GRAM PANCHAYT NARPURA
VEND_54447A7D,SARJ DENTAL AND SURGICALS
VEND_F2ED416B,A K CONTRACTOR
VEND_7BC6779F,TGREDCO
VEND_1E8F03A2,NAGARAJAN S
VEND_6F97F767,DHANRAJ MAJUR SAHKARI SANSTHA MARYADIT KHADKI DEOLA TQ WADWANI DIST BEED
VEND_D3F0B44D,SNEHA MAJUR KAMGAR CO OP SOCIETY LTD
VEND_162D32FD,SRI PERIYANDICHIAMMAN CONSTRUCTIONS
VEND_1A493B6E,SHYAM SUNDAR MAJHI
VEND_4DB1E42C,RAJASTHAN CONSTRUCTION COMPANY
VEND_4DE04266,VENKATESH
VEND_947D43AC,PUSPANJALI ASSOCIATES
VEND_5FE38F4B,SIDDAREDDY
VEND_F86F7E48,VIDYUT VITRAN KHAND BALDIRAI
VEND_501CF352,JEET ELECTRIC WORKS SEKHA
VEND_7B7DECDD,D BASKARAN
VEND_1325E41D,UPPIRETLA VENKATESWARLU
VEND_1B13918C,CITY LIGHT ELECTRICAL AND MULTI SERVICES
VEND_7E31D939,LOKESH K BANDIWADDAR
VEND_5F8A6A33,B J CONSTRUCTION
VEND_DFF124B1,MH ENTERPRISES DELHI
VEND_B3F84390,SAROJ KUMAR KATUAL
VEND_7AAB2239,ESHOPVY
VEND_D3815DCB,M K TRADERS
VEND_AD5A827A,CLEARWAY ENTERPRISES
VEND_C38CB9ED,AUM ENTERPRISES
VEND_155C24E4,HMS MEDICAL SYSTEM
VEND_EEEBF983,HV ENPTERPRISES
VEND_BCC7AAD4,SHRI VALLABH CONSTRUCTION
VEND_18DD5551,HEMKUNAD SCINTIFIC
VEND_FA12254A,VENNA VEERA VENKATA SATYANARAYANA
VEND_1181EC06,ASA SPORTS
VEND_C91580F5,VIHAA SURGICAL
VEND_3CDD5F1D,MEDICOM HEALTH CARE
VEND_CD7A5CBF,VERNA SPORTS
VEND_830A5A14,K T SOMASHEKHAR
VEND_D61C93E7,ALMELKAR ARCHITECTS INTERIOR DESIGNERS
VEND_E2342DD7,SATUSANA GRAM PANCHAYAT
VEND_ED690C34,KHADALPUR GRAM PANCHAYAT
VEND_9C11432C,CHHOGALA GRAM PANCHAYAT
VEND_5B06B96F,PAVAN CONSTRUCTIONS
VEND_71BD5C1A,JETALVASANA GRAM PANCHAYAT
VEND_2190B37D,HASANPUR GRAM PANCHAYAT
VEND_AC85168F,TULARAM MEHER
VEND_816598ED,CHITTA RANJAN PRADHAN
VEND_32874FB7,SAI KRIPA ENGINEERS ASSOCIATES SATNA
VEND_AD55D244,RANJITH A V
VEND_3E65C7B5,S KARUNANITHI
VEND_A2460095,DASARI ANITHA
VEND_8FFBCF4A,JUNISHEDHAVI GRAM PANCHAYAT
VEND_EBA28156,LALJINAGAR GRAM PANCHAYAT
VEND_30EF3F70,SALDI GRAM PANCHAYAT
VEND_8E642900,R RAJASEKHAR
VEND_B66FF25F,MOTIMANEKPUR GRAM PANCHYAT
VEND_41A6C836,MADHELI GRAM PANCHAYAT
VEND_E8115F09,AJAY KUMAR
VEND_58F1AA20,GHANSYAM
VEND_1C5C614D,NEMI SINGH
VEND_E080C07F,PANNA LAL
VEND_B59B119B,HEMA
VEND_B2693D9C,MAYA
VEND_0AED0B6C,ROUDRANTAK INFRATECH
VEND_24FBA0AA,DEYARAM
VEND_F0F7BFBB,MADAN MOHAN
VEND_85D15698,RATAN LAL
VEND_7D4E693C,CHINGA
VEND_519F88E1,MAGLA
VEND_E573C7E3,LAKSHYE MEHER
VEND_B8071B87,SHIV SHAKTI CONSTRUCTION
VEND_8F945E55,JP YADAV CONSTRUCTIONS COMPANY
VEND_066195D7,SARSAV GRAM PANCHAYAT
VEND_E610CB6B,GP SAJJANWAS
VEND_F77A1041,PRAVENDRA SINGH
VEND_25873F97,SRI SHIVAGURU INFRA
VEND_F3AAF252,M NAGENDER
VEND_CA6EF91E,GRAM PANCHAYAT PRATAPGADH
VEND_BEC5A474,SRIJANE GROUP
VEND_4DAAC915,MOPURI SRINIVASA RAO
VEND_44F2BFC5,DHANPURI GROUP GRAM PANCHAYAT
VEND_C417AD1D,CHALVAD GRAM PANCHAYAT
VEND_720C4A04,C B PRAKASH
VEND_7416A3FC,T KRISHNAMOORTHI EMERALD
VEND_B8A752C0,GP MANIKPUR JP KARANJIYA
VEND_5551D077,AARAV ENTERPRISES
VEND_E639EE90,E.RATHIKA
VEND_59091E5C,SIDHU AND SONS BKO
VEND_42235F1F,RAJJU SEN
VEND_281000FC,SITARAM DEVKARAN BAIRWA
VEND_C262677D,KAILASH RAMSWROOP
VEND_2D86D535,PARDHIP HANUMAN
VEND_3D4A0BC5,JEETRAM NANDRAM
VEND_3C330AD9,RASIKANANDA MISHRA
VEND_5674A486,ANIL K C
VEND_61E05B79,SHWETA NEGI
VEND_EBF9E58D,RAJU N
VEND_B44FA3C0,SHREE BALAJI CONSTRUCTION COMPANY
VEND_BD6FCBC8,MOHAMMED BASHEER MT
VEND_AFC0D0FD,SWAMI VIVEKANANDMAJUR SAHAKARI SANSTHA MARYA KERVADE TARF MANGAON
VEND_E44A2B82,SHIVA TRADERS
VEND_B5DAADFC,MAA MANSA ENTERPRISES
VEND_DBD9B9AC,ARKA ENTERPRISES
VEND_7920F667,VINOD KUMAR GOVT CONTRACTOR
VEND_F3E703F4,PURUSHOTHAMAN M
VEND_AF817FCC,ENDOLITE INDIA LTD
VEND_0FF8EDCC,MS TARENDRA KUMAR
VEND_37C4800C,GP KARAJGAON PANI PURAVATHA
VEND_DEB8A182,RAMDYAL LALU GHASAL
VEND_0FC802DB,SUMITRA RAMDAYAL
VEND_15389948,RAMESHWARI JATAN
VEND_4A1153D6,KAMAL TEJU CHOUDHARY
VEND_5FEFE80A,RADHAMOHAN NORAT
VEND_0B112D82,BIDYESWAR KAMAN
VEND_6543E762,AASHISH SADUL
VEND_1D3F25B2,JATAN SADUL
VEND_2C1A2185,MUKESH RAMDHAN
VEND_FD2B980F,DHIRAJ BABA VIRKHARE
VEND_981E27F4,SHIVAM BUILDING MATERIAL
VEND_F99A8861,MAHARISHI DURWASHA BRICKS KILN CO
VEND_0C32D658,GILL PIPE INDUSTRY
VEND_E0B3E708,RADHA K
VEND_8FB8450F,GOVARDHAN IRON
VEND_F0135221,AFSANA ENTERPRISE PROP SK ANUAR
VEND_B0BEBEFB,GRAM PANCHAYAT BORTOLA
VEND_02622093,SAISRADHA MAJUR SAHA SANSTHA MARYADIT ALKUTI
VEND_373D6A7F,PARIHAR TRADERS
VEND_12F49316,GRAM PANCHAYAT SONEKHARI
VEND_23204BF6,MUTHUSELVAM K
VEND_4E023D92,LAXMANRAO DHOBALE MAJUR SAHAKARI SANSTHA LTD
VEND_CEC4E5F8,KIRAN KUMAR M
VEND_4B3160A6,SARPANCHSHRI KARANPUR GRAM PANCHAYAT
VEND_0974E3DB,SARPANCHSHRI AITHOR GRAM PANCHAYAT
VEND_75186AB5,SHREE SAINATH CONSTRUCTION
VEND_C3499125,MOHINDER PAL SUPPLIER
VEND_A715FC5C,MR KAILASH MAJHI
VEND_A02E080D,BALI ART STUDIO
VEND_4B6D4BD6,RAJAT UPADHYAY
VEND_8C003793,THAKUR STEEL ENGG WORKS
VEND_6E871DA3,RB BUILDERS
VEND_65A13E01,CH SANKALP MAJUR SOCIETY POHEGAON
VEND_C29173FE,ABDULLAH ELECTRICALS
VEND_CB70611C,GRAM PANCHAYAT FALLA
VEND_F84CA88F,NRUSINGHA CHARAN DUTTA
VEND_238B45D3,SELVAM
VEND_01C5DA2E,UGRESON MOHAPATRA
VEND_A84BC6C2,MEGHAALIYASANA GRAM PANCHAYAT
VEND_58C6A319,DELOLI GRAM PANCHAYAT
VEND_E6679B7E,ZIMIDARA CEMENT STORE MIANPUR
VEND_69CE3803,MANIKANT KUMAR
VEND_AA5C19F0,SARPANCH GRAM PANCHAYAT DAMDAM
VEND_A2C716E9,MANJOT ENTERPRISES COMPANY
VEND_75A35B31,THE AGS COOPERATIVE LABOUR AND CONSTRUCTION SOCITY LTD
VEND_546BBE24,AAYUSH BUILDWELL
VEND_377A102D,DHUNSOL GRAM PANCHAYAT
VEND_6B6F2DD0,SARPACH GGP KAMAD
VEND_934B7EEC,RAMESH SADASHIV HEGADI
VEND_8EEB0D58,R KUMAR
VEND_269BF4F0,SANGMA GRAM PANCHAYAT
VEND_690B4BAC,KOMAL
VEND_393E76E6,RAHUL MAURYA
VEND_073F8299,ALANGARAM E
VEND_340A1EC3,GP KHOLADI
VEND_F16E0955,BEST ELECTRICALS
VEND_114D3ED5,MANGAL SINGH
VEND_BC7B7EBF,PARDEEP KUMAR GOVT CONTRACTOR
VEND_2E10320E,SHRAVANA ENTERPRISES
VEND_97846DAB,VINOD KUMAR CONTRACTOR
VEND_04E38298,BANDANA SRIVASTAVA
VEND_528D7B8D,CHIBHADA GRAM PANCHAYAT CHIBHDA
VEND_AB9E53EA,HANDOD GRAM PANCAHAYT
VEND_358E25D3,DHRANDAV GROUP GRAM PANCHAYAT DHRANDAV
VEND_0CD62919,YASHASVI ENTERPRISES
VEND_0F9F3874,APIYA GRAM PANCHAYAT
VEND_3140767E,D S PRABHU
VEND_44E80F01,RAHUL VISHWANATH AAGE
VEND_6BB726DB,CHHANCHHVA GRAM PANCHAYT
VEND_F91FBF6C,SURVADA GRAM PANCHAYT
VEND_3B478F66,KURALI GRAM PANCHAYT
VEND_54F70633,SARING GRAM PANACAHAYT
VEND_CEBF0D92,SATENDRA KUMAR SINGH
VEND_7D300592,ANASTU GRAM PANCHAYT
VEND_FFA4C555,BIJARNIYA CONTRACTOR AND SUPPLIERS
VEND_96C8476F,DHAVAT GRAM PANCHAYT
VEND_BBD2AAB6,RAVICHANDRAN G
VEND_EA2FDFC2,JOYNAL ABEDIN
VEND_D7B4B6ED,AJ CONSTRUCTION PROP ATUL J NAGAPURE
VEND_E3FCEDB4,SRINIVAS K
VEND_3F64DA27,AJNKYA AVINASH TAWADE
VEND_8EB033F9,K ASOKA KUMAR SENAPATY
VEND_1B064F75,JAI MAA VAISNO INFRATECH PRO AMIT KUAMR GOYAL
VEND_D0AA6486,KALA GRAM PANCHAYT
VEND_6184C38F,VEMARDI GRAM PANCAHAYT
VEND_21F2D3FA,HANNU SINGH RATHI ENTERPRISES
VEND_206EC418,BABLA CONSTRUCTION CO
VEND_2238078F,KANVIRDI GRAM PANCHAYAT
VEND_8DFA2E9C,JASWANT SINGH
VEND_3DE2823F,GOPI CEMMENT STORE
VEND_F930E809,JUNIOR ENGG I
VEND_9BA45DF1,BALWANT GRAM UDYOG SAMITI
VEND_160E4B95,SHRI SANT GAJANAN MAHARAJ MAJUR SAHAKARI SANSTHA MARYA PACHGAON
VEND_4A9318F4,DIGVIJAY UTTAMRAO MOHITE
VEND_164FFC7E,ANAND SUHAS PAWAR
VEND_D3A153A2,SAMTA MAJOOR SAHKARI SANSTHA MARYA RAJURA
VEND_A3E8FB8D,OM SAKTHI MAJOOR SAHAKARI SANSTHA MARYADIT
VEND_81D71526,KAVERI MAZOOR SAHAKARI SANSHAN MARYADIT
VEND_FFCA7D85,THE MALAD CP OP LABOUR SOCIETY LTD
VEND_4F26BAB7,GARAL GRAM PANCHAYAT
VEND_64E3233E,BIMAL DEBBARMA
VEND_DEF0F405,DHARMENDRA KUMAR CHAUDHARY CONTRACTOR
VEND_162D423C,SHISHUPAL UTTAM MEMORIAL CONVENT
VEND_184B40A4,BISWAJIT PAUL
VEND_FD4D7E0F,TALEGAON ROHI MAJOOR SAHAKARI SANSTHA LTD
VEND_24EAE1CD,SMIT MAJUR SAHAKARI SANSTHA MARYA RAJURA
VEND_40E4D9C0,PRE SWAWALAMBI MAJOOR KAMGAR SAHAKARI SANSTHA MURTIZAOUR
VEND_B1B4CA14,DAYAMAYEE ENTERPRISE PROP NABARUN MAITY
VEND_F9051023,RAMGARHIA CONSTRUCTION WORKS
VEND_EE41AB83,UNTWALIYA CONSTRUCTION COMPANY
VEND_FDFA6D76,ANJALI CONSTRUCTION PROP ANJALI SAHOO
VEND_D9C7BC69,VINAYAGA CONSTRUCTIONS AND EARTH MOVERS
VEND_B1A6CF38,THANGACHAMY
VEND_4467D767,MARAN SECURITY SYSTEM
VEND_DFA6C5D0,ANANTH CONTRACTOR
VEND_3DC8618F,SARPANCH GRAMPANCHAYAT DHOPTESHWAR
VEND_FCD76762,SARPANCH GRAMPANCHAYAT GONDHANKHEDA KAMKHEDA
VEND_1753FB37,ASSISTANT ENGINEER KORAPUT BLOCK
VEND_479841CD,UMESH KAMATAR
VEND_2A0404DF,GRAM PANCHAYAT MUNDIPAR
VEND_4CD3A72E,VUPPALAPATI MURALI NAIDU
VEND_C4A01E54,HEMANGINI PALBABU
VEND_A0E76C92,OPULENCE PHARMA AND HEALTH CARE SERVICES
VEND_B239B91A,AMIT KUMAR DAS
VEND_8EB50918,KAMALJIT SINGH SO RAM KISHAN
VEND_B4833721,KALSI INTERLOCK TILES
VEND_E824465E,GRAM PANCHYAT HADALA SORIMBHADA
VEND_96D78F00,GRAM PANCHAYAT NADALA DEVGADH
VEND_9F2829E7,DE OP ADILABAD
VEND_A5DD7BD1,MS SUBRATA SAHA
VEND_80784716,THE JD CONSTRUCTION CO OP L AND C SOCIETY LTD
VEND_6D0DF1F6,BHAGAWATI ENTERPRISE
VEND_5D963546,MUNIYASAMY J
VEND_EFC1BDCD,MANZOOR IQBAL BATT
VEND_155FFBFF,AEON MEDICAL PVT LTD
VEND_4922265B,BANTU PRASHANTH
VEND_4C183056,SHREENATH CONSTRUCTION COMPANY
VEND_EE9192F8,SABI ELECTRICAL
VEND_90DFA04E,SHRI HITESH DAS
VEND_B2ABC358,VIJAY ELECTRONICS
VEND_EFA1A2C0,M SIVA KRISHNA REDDY
VEND_31766763,RAMA DEVI
VEND_92E3EA04,SATHI VENCHERS OPC PRIVATE LIMITED
VEND_E8927DB2,POORAN SINGH
VEND_14B32A14,B B ENTERPRISE
VEND_F24C39AA,ASHISH DEVRAO MASNE
VEND_8FBCC3A4,TEJA SINGH PIPE FACTORY
VEND_51298134,SURENDRA KUMAR MISHRA
VEND_8DFBC638,RAMINENI NAGARAJA NAIDU
VEND_909B51BF,JYOTI MEHRA
VEND_367251EA,PREM
VEND_34AFD59D,DEVENDRA MEHRA
VEND_1FCD2593,BHUVENDRA SINGH
VEND_60FFC7C3,DUTT BROTHER AND COMPANY
VEND_C4E42C0D,MS BISWAS ENTERPRISES
VEND_DAA6C1EF,MAA TARINI FABRICATION
VEND_48CC27C1,CHANDINI ENTERPRISES
VEND_D7C7A420,SURENDRA KUMAR MISHRA CONSTRUCTION
VEND_204F7B04,GRAM PANCHAYAT BEDWA
VEND_F4EB611D,BLUE DIAMOND ENTERPRISE
VEND_6E0C93AC,GRAM PANCHAYAT KANBHAIPURA
VEND_D705D854,GRAM PANCHAYAT SUDAN
VEND_45EE3450,HASLAT INFRASTRUCTURE
VEND_AD32256C,GRAM PANCHAYAT DEVIPUR
VEND_22B98EA2,P R ENTERPRISE AND CONSULTANCY
VEND_848718EE,R ILAMURUGU
VEND_68D4BC25,NARENDRA MOHANTY
VEND_800A3A59,SAMARPAN CORPORATION
VEND_A84FA1D9,VIKAS KUMAR
VEND_11A7177A,KULWINDER SINGH
VEND_0B4118CE,SACHIN KUMAR SHARMA
VEND_2D3A6497,PAVAN SHARMA
VEND_764DAB2A,SATAYNARAYAN
VEND_8442460F,SUREKHA
VEND_B8DF7D34,KISHORI DEVI
VEND_16968EEA,RANJITGADH GRAM PANCHAYAT
VEND_97E860B1,GOKALPURA GRAM PANCHAYAT
VEND_47F0153A,RAJINDER SINGH GILL
VEND_1B38B83E,RAVEENDRA NAIDU ANDRAVARI
VEND_F1FD9D51,MS ENTERPRISES
VEND_10810552,SRI RAM PROMOTERS
VEND_38B04414,GRAM PANCHAYAT PONIYA KUK
VEND_4ABD0FB1,GRAM PANCHAYAT KHOBI
VEND_5791F2AA,GRAM PANCHAYAT GOURTALA
VEND_E9C020D1,LIVING JUNE NONGBRI
VEND_BF5EDA34,RAMPUR BAGHELAN BAL KALYAN SAMITI
VEND_1089B9CF,AKHANDALAMANI HARDWARE AND PAINT STORE
VEND_B59D09C2,AJAYA KUMAR SAHOO
VEND_F76CADEC,KAMAL HARDWARE AND CEMENT STORE
VEND_7C68460F,SUPDT OF POLICE LINE FUND
VEND_BDAE1CFE,WAJIAJER PRESBYTERIAN SECONDARY SCHOOL
VEND_DC56BABD,BRAHMAGURU CONSTRUCTION
VEND_F589A695,ABHISHEK
VEND_18D4A999,RAJINDER SINGH
VEND_36931612,BAJRANG CONSTRUCTIONS
VEND_275CA8C4,DALJIT KUMAR THAKERWAL
VEND_41F3C7A6,M SRINIVASAN
VEND_9DB8175A,GURWINDER SINGH SO AMARJIT SINGH
VEND_D628E2F9,CHALLA MOHANA RAO
VEND_F49AEA4F,RAM PUKAR SINGH
VEND_308BB792,VANKOD GRAM PANCHAYAT
VEND_C2E6DA34,PADHORA GRAM PANCHAYAT
VEND_CF1CB194,AMBAKHUNT KANPUR GRAM PANCHAYAT
VEND_2DDC0FD7,GOYASUNDAL GRAM PANCHAYAT
VEND_8BF7ACC2,N S CONTRACTOR
VEND_BF0C9E37,MS ROYALTY DASARATHPUR BLOCK
VEND_5ECE7C2D,RAJESH TRADERS
VEND_447D2C8D,ANKIT
VEND_27C7C9C2,SAMBANA SRNINIVASA RAO
VEND_2B605BD6,JAGADISH TITHRE
VEND_F37091B3,THE RAJESH CO OP L AND C SOCIETY LTD KATHURA
VEND_6BC9BD84,THE KALYAN COOPERATIVE LABOUR AND CONSTRUCTION SOCIETY LIMTED
VEND_1F69F08F,SRI THIRUMAL CONSTRUCTION
VEND_55552493,DISHA ENTERPRISES
VEND_41E8E905,GURU DAKSH PARJAPATI DHARMSHALA
VEND_C9493CD0,MILAN SAHAKARI MAJUR SANSTHA MARYADIT SOLAPUR
VEND_CC2C815A,RAJENDRAN G
VEND_A38979AE,SHRI GAJANAN MAJUR SAHKARI SANSTHA LTD SOLAPUR
VEND_9FB6082E,S G CONSTRUCTIONS
VEND_CAAAAADD,MZADA ELECTRICALS
VEND_AD5FB08B,RIDHI SIDHI PAINT TRADERS
VEND_71364CB5,DIMPLE SHARMA
VEND_24BCBB1B,CHANDRA DEVI
VEND_EC35FE36,SACHIN NANDRAM KARALE
VEND_A487F7B8,SHAPEGREY CONSTRUCTION PVT LTD
VEND_CAED7C2E,SHAIKNASSAM KHAJAPEER
VEND_309E408D,ASOKAN V
VEND_3925A625,NITISH KUMAR
VEND_9485A6D6,MANJU DEVI
VEND_F7CA9285,SURESH SINGH
VEND_033E3312,AJAY SHARMA
VEND_1BA4C771,GOURA CHANDRA MISHRA
VEND_E171BF00,SUKHDEV GURJAR
VEND_64102295,GOPAL LAL GURJAR
VEND_634E723E,GOPAL LAL SEN
VEND_7B6F901A,MAHAVEER SEN
VEND_4E05E2F2,ROSHAN LAL GURJAR
VEND_76895459,LAKSHMI DEVI
VEND_A07E5736,NARAYAN LAL GURJAR
VEND_D3B701DF,PRATIK MANGESH KAJALE
VEND_FAD55DF2,GRAM PANCHAYAT JESAWADA
VEND_6F13A1CB,AVANI AGENCY
VEND_C9AFEFEE,RAJAN V
VEND_98AC19F0,DHANARAM
VEND_79B9464B,FULI DEVI
VEND_19FC0F33,GOPAL KANWAR
VEND_767537C6,UDAYA KANCHAN
VEND_80E2235F,HITESH
VEND_A9EEE50A,JHUNJAR SINGH
VEND_5B7C1754,SOMA SUDARSHAN REDDY
VEND_DD552113,LILA DEVI
VEND_90899D6F,MAHIPAL SINGH
VEND_1B22E7E0,NITESH KANWAR
VEND_105EA660,PANARAM
VEND_916D94F9,THE HIND SAMACHAR LTD
VEND_0E500327,KTWO HEALTH CARE PVT LTD
VEND_66D567E1,KASHINATH BASANNA METRI
VEND_018AB1F4,DHAUKAL DHULA AND MACHINERY STORE
VEND_21BC6910,RAM JI DASS
VEND_F41E1162,ASHOKA SOLAR ENERGY SERVICE LUDHIANA
VEND_588C1320,RAVI RAMU RATHOD
VEND_FF1C6C38,MS GORKH NATH BKO
VEND_1034EC3F,ANUP NARENDRA GUNIJAN
VEND_A6DD8C2C,LIPOKNUKSHI
VEND_7870049C,VINDHYA SOLAR AND LIGHTING SOLUTIONS
VEND_4A8F9C22,DODDABASANAGOUDA ANANDGOUDA PATIL
VEND_36A91FD2,PRESIDENT VILLAGE LEVEL COMMITTEE MADAPUR GP ATLOOR M
VEND_50A23FC6,GRAM PANCHAYAT DUNGARA
VEND_59DF7246,GRAM PANCHAYAT MANGALADEVI
VEND_1FDEDC37,PRAVIN GANESHRAO PARANDE
VEND_4ECB4278,GRAM PANCHAYT DHALSHIMAL
VEND_D28B34EE,SRI RAGAPRANITHA SPEECH AND HEARING CENTRE
VEND_E1F2110A,KARTTIK SING
VEND_7EA19A20,GRAM PANCHAYAT RAYAN
VEND_814D8591,GRAM PANCHAYATA VAJELAW
VEND_9C680AEF,GRAM PANCHAYATA MATWA
VEND_692E984E,MOOD BADRINAIK
VEND_25EF2071,THE KARTIK CO OP L AND C SOCIETY LIMITED KACHROULI
VEND_4755E524,RAKESH KUMAR GUPTA
VEND_761AA408,GRAM PANCHAYAT NANDAWTA
VEND_6BA1B295,CHAUTA GRAM PANCHAYAT
VEND_7017AAFA,V PUGALENDHI
VEND_610E7B22,R KOTTISHWARN
VEND_0994BDF1,JMD PROMOTERS
VEND_52B4B954,SHRI HARI CONSTRUCTION
VEND_9E763AE6,BHAGWATI ENTERPRISES
VEND_25FB6308,CHAIRMAN VILLAGE DEVELOPMENT COMMITTEE MATHALA
VEND_9CEC6A12,BALACHANDRAN R
VEND_5327DC48,RINCHVANI GRAM PANCHAYAT
VEND_BA51F1E8,GUGULOTH RAMESH BABU
VEND_26F1B41F,BHALANA GRAM PANCHAYAT
VEND_9B9DD1F3,BORATVADA GRAM PANCHAYT
VEND_5B66BA06,KUREJA GRAM PANCHAYAT
VEND_EB11CA51,MALSUND GRAM PANCHAYAT
VEND_92C274A8,VANSA GRAM PANCHAYAT
VEND_30FA394D,PILUVADA GRAM PANCHAYAT
VEND_47F559F9,RAM MILAN
VEND_7B90A5D3,SARPANCH GRAM PANCHAYAT RAMPURA
VEND_B13F728B,SHREE KANHA JI
VEND_3C3D90EB,MANI S
VEND_AE0741AC,PASULA GANGA REDDY
VEND_FBB34AD2,BISWAS CONSTRUCTION
VEND_79715FBA,SANDEEP KUMAR
VEND_E6397A87,GRAM PANCHAYAT BANKI
VEND_9E423CCA,AJITH
VEND_D1714BAC,CHIRANJI LAL MADAN LAL
VEND_2298DA8A,THE OM SWASTIK CO OP L AND C SOCIETY LTD
VEND_F90D6B3E,LAXMI BRICKS COMPANY
VEND_6B15A04B,AMIT GOVT CONTRACTOR
VEND_F25D576E,GOPAL SINGH RAWAT
VEND_5BA8C385,GAJARAJ MAJHI
VEND_43C63124,PALASVADA GRAM PANCHAYAT
VEND_09A88CAC,PAWAN KUMAR
VEND_57C7BCA5,THE QADIAN MOHALLA AKALGARH CO OP L AND C SOCIETY LTD
VEND_5351A498,POOGNANASIGNPRABU
VEND_7CE29089,PAVITHRASREE ENTERPRISES
VEND_00A6FCD1,GRAM PANCHAYAT ANIDA
VEND_122FA9AA,BIKASH KUMAR BARA
VEND_3142B4E7,BALVEER SINGH NEGI
VEND_B8D8747E,SINGH TRADERS
VEND_6AB81FDD,GOVIND CHANDRA MOHANTA
VEND_FCB43CAC,NAMBARDAR BRICKS CO
VEND_66ED1F39,RATHA KISHORE SAHOO
VEND_ED0ADEEA,ANANTA TRACTORS
VEND_B65A501F,BIR SINGH
VEND_C7C4DD19,KUMUDINI BEHERA
VEND_78753D65,PREM SINGH PANWAR
VEND_B6F27199,S S ENTERPRISE
VEND_603ABA02,CHITTARANJAN PATRA
VEND_97ED0E3E,RAJ KUMAR
VEND_4255BFC7,ARMAN TILES INDUSTRIS
VEND_29AA0679,SHREE SHYAM TRADING COMPANY
VEND_81870A59,SHIV SHAKTI CEMENT AND SHUTTERING STORE
VEND_BA3FC53D,MUKHYA KARYAPALAN ADHIKARI JANPAD PANCHAYAT PONDI UPRODA
VEND_A9941612,ROHIT KUMAR
VEND_EEB0C96B,CHANDIRA RAMESH
VEND_1C1AE516,PRAMOD OJHA
VEND_2E93A68B,RVINDER
VEND_2C76C799,M SURESHKUMAR
VEND_DCDC8D98,JIGIRI MOUNIKA
VEND_06DA1E52,M S SRI L C R AND SONS
VEND_CBB161C3,RUKMANI DEVI
VEND_FAB72B16,SANJAY CHHETRI
VEND_906AE11E,CONST OF COMMUNITY HALL AT BONGAIGAON DISTRICT EX SERVICEMEN ASSO
VEND_DF3CD074,VADHANA GRAM PANCHAYT
VEND_0432C065,TAKARWADA GRAM PANCHAYAT
VEND_E517E4BE,BB BRICKS
VEND_18CC6122,GURMAIL SINGH
VEND_EBA1BEB7,UMESH ANANTA NAYKAR
VEND_DDAF0265,MUKUND MADHAV BHISHM PRATHMIK VIDYALAYA
VEND_EB90E116,B P AND SONS
VEND_6905126C,MATRIBHOOMI CONSTRUCTION PRO ROHIT SINGH
VEND_534C93CA,KONJALI GRAM PANCHAYAT
VEND_FD0633F8,BHANVAD GRAM PANCHAYAT
VEND_1CBDA56C,RAMA KRISHANA TRADERS
VEND_73FFBCB0,CHAND AND SONS BHATTA CO
VEND_43CF94F0,JAI GIRI MAA ENTERPRISES
VEND_DEFD04D1,PARVEEN GUPTA AND CO
VEND_FBEEFC6B,BHUTANI TRADERS
VEND_AC6356CF,SEEMA SUDHAKAR REDDY
VEND_EE0DE9D5,P GOGOI ENTERPRISE
VEND_E1107521,NILIM PRIYA KIRO
VEND_7322566F,CHANDRAKANT AIHOLLI
VEND_8B3872B3,NITHIN KUMAR M N
VEND_FBED9AC7,EXECUTIVE ENGINEER 11KV AND LT NETWORK SAHIBABAD
VEND_8F943B6A,GRAMPANCHAYAT HINOTIYA
VEND_66701143,GRAM PANCHAYAT SIMRIYA KALA
VEND_73DB9C7C,AZAD CEMENT STORE
VEND_37B4845D,REYNOLD M SANGMA
VEND_E492E7E9,P HARIBABU REDDY
VEND_6AD82A1E,S S D CONSTRUCTION
VEND_41A378CD,MEDICAL OFFICER PHC THENHIPALAM
VEND_6169115C,MEDICAL OFFICER AND PRESIDENT
VEND_2F38E85F,SUBHASH CHAND PAINTER
VEND_E4E3E463,Y NAGESWAR RAO
VEND_D2AF58B8,VISHAL RAMDAS NIKAM
VEND_EC7B082F,AAKASH CONSTRUCTION
VEND_0BE19B24,BENAKA ENTERPRISES
VEND_BB9D3DA9,S SELVI
VEND_527C75AE,BIPLABA KESHARI PRADHAN
VEND_FF5BB263,JAMUNA PRASAD
VEND_2DCB80C7,JUNIOR ENGINEER BLOCK OFFICE LAXMIPUR GHADEI
VEND_F9864785,ANISETTY NAGESWAR RAO
VEND_C7323105,LAXMI AUTO AGENCIES PRIVATE LIMITED
VEND_FF543730,SHREYA ENTERPRISES
VEND_603E815D,KHANPUR MIRAPUR GROUP GRAM PANCHAY
VEND_10D34684,GRAM PANCHAYAT PADALWAS
VEND_3370B309,DEEPA TRADERS
VEND_69AE3B6C,SHREE VISHWAKARMA INDUSTRIES
VEND_E25A74CA,BASAVARAJ GOUDAPPA KARIKALL
VEND_ABC1F608,KANECH BUILDING MATERIAL STORE
VEND_7D37C6BD,SANDHU BRICKS
VEND_FF63A174,SUMIT IRON STORE
VEND_1358481A,NAJAR SINGH
VEND_B08FC872,PUNJAB MECHANICAL WORKS
VEND_53DB0FBB,GOJALI GRAM PANCHAYAT
VEND_F2EAA848,PADMANABHA REDDY R
VEND_50888323,GRAM PANCHAYAT VANBHORI
VEND_C0F572F0,PRATAP KUMAR SETHY
VEND_5FD7845D,MANDALI GRAM PANCHAYAT
VEND_BB03C5C1,MK TRADERS
VEND_D1BB3474,AJABPURA GRAM PANCHAYAT
VEND_3A3F51BB,SUJANPURA GRAM PANCHAYAT
VEND_ED8D78E2,SANJAI TRADERS
VEND_B0EEE467,SOMANATH BACHELI
VEND_FB6CA141,DALBEER SINGH
VEND_1A7A143E,CHIEF VETERNARY OFFICER HARIDWAR
VEND_DE2132B2,G R CONSTRUCTION
VEND_448E0F57,REJI S
VEND_7F227375,GRAM PANCHAYAT KHEGAM
VEND_CE602E55,SACHIV SARPANCH VISHESH NIDHI GRAMPANCHAYAT KURANKHED
VEND_E042527E,AVISHKA ENTERPRISES
VEND_F1929033,DHUNDHAVANA GRAM PANCHAYAT
VEND_D24D113B,G JOSEPH
VEND_A0CE814B,MEKAPILLA RAJESH
VEND_64E02799,JANARDHANA REDDY BOBALI
VEND_69EBA91A,JAY KHANDERIYA MAJUR SAHAKARI SANSTHA LTD
VEND_11200ADD,JAI MAHAKAL TRDERS
VEND_1215337C,SHREE DADOR JUTH GRAM PANCHAYAT
VEND_B9651E43,JAIRAM
VEND_3A7D0B67,VIRENDRA SINGH
VEND_7C3951CF,MURTI DEVI
VEND_6C6A37ED,BHAWAN SINGH
VEND_1F29152E,ARVIND SINGH
VEND_F1B968FA,BHADAR SINGH
VEND_EC810867,VINEETA DEVI
VEND_001F981B,SARPANCH GRAM PANCHAYAT PANEKA
VEND_A9C53092,SARPANCH GRAM PANCHAYAT LAKHANPURKALA
VEND_B1E0F654,JYOTI TRADERS
VEND_AC282405,RAHUL ASHOK MHATRE
VEND_6712986E,LAKHAPAR JUTH GRAM PANCHAYAT
VEND_6AF5B057,CHARANTUNGI GRAM PANCHAYAT
VEND_1302D75E,CHANDAN P GOWDA
VEND_D7C57CF1,AKHILA C
VEND_B8A99CA7,GRAM PANCHAYAT GANDHITOLA
VEND_50E4FB8C,THANMAYA CONSTRUCTIONS
VEND_BAC08187,RAGHUNATH PANDA
VEND_50685AEE,GUDLA VENKATA PAVAN
VEND_8195B6CF,SHIVANNA C
VEND_AA472EDF,KAMALA KURIYA
VEND_2477D9B0,GRAM PANCHAYAT HATNOOR
VEND_A0CA559C,GRAM PANCHAYAT BAHADARPUR
VEND_D168FBEA,RADHA KURIYA
VEND_DE1ADCBC,GRAM PANCHAYAT PANDARIYA
VEND_744E2556,JMB ASSOCIATES
VEND_D227AEC4,KANPARA GRAM PANCHAYAT
VEND_94F49009,ASSISTANT ENGINEER BAC KALUK
VEND_73C54E09,SONDHIYA CONSTRUCTIONS RAJU SONDHIYA
VEND_22A57064,KR ENGINEERING CONSTRUCTIONS
VEND_C61132AA,CHAKRAPANI PRADHAN
VEND_7864EB38,SAMARTH INFRASTRUCTURE
VEND_18528F97,ARETHI GROUP GRAM PANCHAYAT
VEND_4B74FBE1,AJAY SINGH JANTWAL
VEND_8E55F775,AMIT SINGH JANTWAL
VEND_917F434C,SUBHAM JANTWAL
VEND_4A7B4A84,ISHWAR SINGH JANTWAL
VEND_2688A18D,CHENNAI HORTICULTURE SERVICE SOCIETY
VEND_70DEA49B,HEMANT SINGH
VEND_BA4E85AE,HARISH KUMAR
VEND_848B9466,VIRDI CHAIN LINKING
VEND_DA444F75,RAM CHAND
VEND_7708586C,AMRIK SINGH
VEND_532321BE,PRAKASH CHAND
VEND_5DB96E51,THALAVANIMUTHU
VEND_BB3D7B61,JEEVANRAM
VEND_B8CA863C,MAHAVIR PRASAD
VEND_7BECEDD3,NANURAM CHAUDHARY
VEND_BF9B785F,ISHWAR RAM
VEND_AAFFFBE2,CEO JP KARTALA
VEND_29CDD810,SUNDARI DEVI
VEND_C2231996,RAJKUMAR
VEND_C74666A1,MOOL CHANDRA
VEND_2633D96A,SADHU RAM
VEND_297EEA44,MANGALI PEDDA ANJANEYULU
VEND_96B9C3A6,BHARAT CHANDRA SINGH
VEND_BB271154,SHIVAM TRADERS
VEND_75C0EEF0,ROOP SINGH
VEND_D0528905,MEERA DEVI
VEND_ABCAB36A,SUAA BAI
VEND_39E18B7E,AEN RANPUR
VEND_84E4880D,KAUSAL KISHOR
VEND_5DA889F1,POONAM DEVI
VEND_DDC86718,LALITA BAI
VEND_1E413012,REENA HARIJAN
VEND_F0805E03,ANSHUAWASTHI
VEND_59052129,HANSRAM
VEND_C8C3C6B7,RASULPURA GRAM PANCHAYAT
VEND_F1004062,PALKHANDA
VEND_2D96B5E6,BHUSHAN GAUTAM PATIL
VEND_64085C3C,ZUMKHA GRAM PANCHAYAT
VEND_9A76B476,HARSHITA CONSTRECTION
VEND_1BABB8F5,RSR CONSTRUCTIONS
VEND_8BC1095D,BHARAT PAVER AND CONCRETE INDUSTRIES
VEND_9E37DF99,GARG SCIENTIFIC AND SURGICAL CO
VEND_12860C09,ARAVINTHAN G
VEND_AB489230,CH SHRI BHAVESWARI MSS LTD UTTUR
VEND_7977BD5A,SOHAN SHIVAJI MOTE
VEND_05E6EE60,GAYATRI ENTERPRISES
VEND_9BE99E3C,GP CHUKAN
VEND_5E5EC239,RIYA ENTERPRISES
VEND_7C0318D2,MADHAV ASSOCIATES
VEND_C0D0A0E9,TARI DEVI
VEND_1D7D3185,HANSI DEVI
VEND_62C9DBBA,MANDAVA SWAMULU
VEND_C2F6A4A7,SAJIR A
VEND_DEE11664,P PRAVEEN KUMAR
VEND_59C7FF92,GUNUKULA MADHAVA REDDY
VEND_0DC13CD6,VICE PRESIDENT VTDA BALLERUGUDA
VEND_F992CBAB,NANDHINI CONSTRUCTION
VEND_835B9EE8,ROSHAN LAL AND COMPANY
VEND_68635123,SAINI ELECTRICAL STORE AND WORKS
VEND_165E50D0,JASPAL SINGH
VEND_DF9F483A,NIRAKAR SWAIN
VEND_2ED9D9F5,MS BISWAL TRADERS
VEND_A7AFF3FC,TEAM SPORTS WEARS
VEND_8C466A7F,THE SEGA SHREE BALA JI COOP LABOUR AND CONST SOCIETY LTD
VEND_1D802405,EDUSPORTS
VEND_ED30DB01,GUPTA MACHINERY STORE
VEND_A12D2292,POOSINI PRAVEEN GOUD
VEND_98D46A4B,SAYAJINAGAR GRAM PANCHAYAT
VEND_788BE489,KALIKA M S S LTD SOLAPUR
VEND_A984BBE6,BHARAT M S S M WADAPUR
VEND_3F49172B,KASHTKARI M K SAHA STY LTD
VEND_802C18E1,SAGAR SINGH MEENA
VEND_B505B92F,HEMRAJ MEENA
VEND_6725A91B,BACHU SINGH
VEND_50AE7F52,SHIVCHARAN MEENA
VEND_1386B098,JAMANTI
VEND_3CCBA677,MAMTA KUMARI
VEND_69DFEADE,BHARAT SINGH
VEND_60FF1C47,AMIT EKKA
VEND_09FB3FDA,VIJENDRA SINGH
VEND_E3037B1B,AJIT SINGH RATHORE
VEND_8D65F947,JJ ENTERPRISES
VEND_A28921B7,ARUNACHALESWARAR CONSTRUCTION
VEND_8C3D4DD2,NEERAJ GOVT CONTRACTOR
VEND_931F28ED,SWEAT IT SPORTS
VEND_4D04D703,HEMA PETROLEUM
VEND_A52FD074,MS RAVI ASHOK KUNCHIKORVE
VEND_CE8BB56B,SARPANCH SACHIV CHHATTARPUR
VEND_B28CDF4C,VIJAYARAM CONSTRUCTIONS
VEND_B863F72B,DUDHALA GP
VEND_2BDD905B,MS ANSARI SHARIQ IQBAL AHMED
VEND_2ADA61DC,VASANTHAM ENTERPRISES
VEND_86B7D915,MANGTU PARDESI
VEND_5B3DA9CC,A S ENTERPRISE
VEND_8F413732,OMA KANWAR RANAWAT
VEND_3579FA30,MOHIT AINGH
VEND_E440492E,GRAM PANCHAYAT DAMOURA
VEND_316E740A,KANCHAN KANWAR
VEND_6D80398B,GANOTRA COMMUNICATIONS
VEND_04873947,NAGESH J
VEND_534315E2,MURUGAIYAN K
VEND_8E3500FD,MS GUDIYA CONSTRUCTION
VEND_D8EB70E6,A ARUCHAMY
VEND_CD022EBD,SHEKHAWATI ENGINEERING WORKS SHOP AND CONSTRUCTION COMPANY
VEND_49BB197B,MAHESH
VEND_3BE1F18B,SAMIR KABI
VEND_D781D488,RATHOD RAMESH
VEND_C41773DA,PARASHURAM MADAR
VEND_A3B36795,LALITENDU SATPATHY
VEND_E75E84F7,ANIL CONSTRUCTION
VEND_EB743451,BANSAL ELECTRICAL STORE BHIKHI
VEND_171B8903,HARDEV MARBLE INDUSTRIES MANSA
VEND_7B822A1B,UMESH PRASAD DAS
VEND_28A5F971,PRAVIN W KALE
VEND_67D867AF,DINESH RAMBHAU CHORE
VEND_17F676FD,SHANTI MOHAN JHA
VEND_A5E9D878,GUNASEKAR K
VEND_17C8FCA4,NILACHAL CONSTRUCTION
VEND_C0386EE6,ELITE CONSTRUCTION
VEND_8DB62989,LAKHI HAZARIKA
VEND_F3F1663B,PARAMJIT SINGH
VEND_F8EF3A4B,SIMRANJIT SINGH
VEND_D524B368,CHAND SINGH SO YODHA SINGH
VEND_1C2556D4,GRAM PANCHAYAT RAMDEVRI
VEND_4CBFDF96,RAMACHANDRAN GOVINDASAMY
VEND_2906E9D5,JAY HAMUNAN MAJUR SAHAKARI SANTHA MARYADIT
VEND_1C8870A7,TRIMURTI MAJUR BANDHKAM SAHAKARI SANSTHA
VEND_0EF500C5,MS JAY BEE AND COMPANY
VEND_12825D16,SANDIP BALU THOMBARE
VEND_91FD1389,MATTA PHANI BHUSHANA RAO
VEND_FB58EEA4,AEN JDVVNL RURAL SRI GANGANAGAR
VEND_3981CBB8,SHREE SHANKAR TRADERS
VEND_9F351258,MP STATE AGRO
VEND_C619D706,BDO GHATGAON ROYALITY
VEND_89F4BABC,GENERAL FUND GRAM PANCHAYAT SAVARKHED
VEND_3D86CB92,GRAM PACNHAYAT PINJAR
VEND_8C426AD3,NARENDRA KUMAR JAISWAL VAISHNAVI COMMUNICATION
VEND_866A0590,SHIVAKUMAR VENKATAGIRIYAPPA
VEND_E45095A8,HM GOVT LPS PALLIKKAL
VEND_9ED4AF69,SUNIL GANPAT PADYAR
VEND_61DACB33,UDHAYAM MURUGAIYAN CONSTRUCTION
VEND_49C85240,GRAM PANCHAYAT JHANDA TALAB
VEND_520149A6,AANANDHA KAMATCHI BUILDERS
VEND_CE7C3D05,MOHIT BUILDING CONSTRUCTIONS
VEND_D44E586A,SURESH ENGINERING WORKS
VEND_247D2346,BALWINDER PAL
VEND_5E8B04C3,KUNAL YUVRAJ RASAL
VEND_D59390B1,MUKESH BHAT
VEND_B2F01E53,MANOHAR BHAT
VEND_B5EC28ED,DEVRAJ BHAT
VEND_86F6C003,GP GADARWAS JP BADI
VEND_F0175172,KALU RAM BHAT
VEND_6A9B2674,YOURAJ BHAT
VEND_BCEB3D7B,RAJESH MEENA
VEND_A31CC944,BHULI DEVI
VEND_DBBC1897,MOHAN LAL BHAT
VEND_69FFD764,RISHABH TRADERS
VEND_CBB1B014,KEDAR BHAT
VEND_C8021F40,SHAITAN
VEND_27959869,NARENDRAN BUILDERS
VEND_16D90320,MUHAMMED RAFEEK KT
VEND_7868B55C,GP JANAKPUR JP BADI
VEND_981B9AD6,SHAHUL HAMEED K
VEND_B2309FA6,BORUAH HARDWARE
VEND_152D9B39,SHREE RADHE CONSTRUCTION
VEND_E5BEAA27,ANSI BAI
VEND_9B487EDA,KAILASH KUMAR
VEND_044B4682,PARTHA PRATIM PHUKAN
VEND_D716432E,THE NILGIRIS DISTRICT CONSUMERS CO OP WHOLESALE STORES LTD
VEND_8E34ED42,SHRI SAI ENTERPRISES
VEND_275E1CCC,ASHISH RAJENDRA DAHAKE
VEND_1116AC6C,BALAKRISHNA SAHOO
VEND_A5F438BC,ASHISH BARDHAN
VEND_84BB3CC4,KALYAN JAT
VEND_BBD167F7,DULANANDA HANSA
VEND_4CC630BB,HARI KRISHAN
VEND_3EDFABD2,JYOTIRMAYEE DASH
VEND_3A9784B7,RABINDRA MOHANTY
VEND_7B62D3D3,MEKPATI KONDALA RAO
VEND_50DEC6A0,NARESH AVALA
VEND_7DCED819,P ASHARAF
VEND_69A71FEF,SHREE KARNI TENT HOUSE AND LIGHT DECORATION
VEND_6840E117,PRAVEENKUMAR KAYAKAD
VEND_3FA5BEAE,CHAUDHARY CONSTRUCTION CO
VEND_E0BFFEBC,SATIJA MOTORS P LTD
VEND_600954B8,NANA KANKOT GRAM PANCHAYAT
VEND_920F1EB6,SRI VAARI INFRAS
VEND_1F20A637,SRI HUBRAJ JAISAWAL MAHILA MAHAVIDYALAYA BARIYAWAN
VEND_0ED619A1,PRASAD M G
VEND_168B871E,NESHAM THANGAM BUILDERS
VEND_12FCA34C,SIDRAMAPPA SANGAPPA METI
VEND_FCCA36ED,KRISHAN SINGH
VEND_51B90B0B,SHRI DEV NARAYAN BULIDING MATERIAL SUPPLIERS
VEND_34FFFBBC,JASHANDEEP SINGH
VEND_5933D6E4,BABA SHER SHAH WALI CEMENT PIPE AND TILE FACTORY
VEND_C5625326,MS ANSHVEER CONTRACTOR
VEND_36A42C99,EXECUTIEVE ENGINEER
VEND_B5BC2046,NAVITA DEVI
VEND_E2B76F74,ANIL KUMAR SAINI
VEND_4778A982,MUNESH KUMAR SAINI
VEND_649CF68E,DHBVN NATHUSARI
VEND_58A1C86F,RAVI PRAKASH SAINI
VEND_9998547B,GOMATI DEVI
VEND_9E2FE6A2,YOGESH SAINI
VEND_E334B56A,PANKAJ KUMAR SAINI
VEND_489E3CFB,BIDAMI DEVI
VEND_F53B8718,SHRI NARSINGH CONSTR
VEND_308868AE,BHUKYA MANGAMMA
VEND_B6B5C0E3,AMAR SHUKLA
VEND_609F24D2,GRAM PANCHAYAT SUWASARA BUJURG
VEND_3BB78056,KHONGLAH SECONDARY SCHOOL
VEND_EA4999D7,AISHWARY ELECTRICALS
VEND_6643B358,GRAM PANCHAYAT DAHODPURA JANPAD PANCHAYAT NISARPUR
VEND_E0CC9DAB,SHUBH LABH TRADING COMPANY
VEND_13FADA75,JAYA S
VEND_EA989A71,SAROJ KUMAR SETHY
VEND_DEEB58C8,NONGTALANG COLLEGE
VEND_CAFDF12A,RANJIT KUMAR SAHU
VEND_47500C23,KOTESHVAR RAO SANKRANTI
VEND_87E91036,AB ENTERPRISE
VEND_DAC9CB37,ASIAN TRADERS
VEND_B4B72A9F,KARNA GURUNATH MORE
VEND_0D6F4D83,SEBASTIAN T T
VEND_F9BB36A1,SUHAS SHIVAJI CHAVAN
VEND_B320CF78,ANIL BASAWANI KHANNA
VEND_EEBC0CB3,K NARAPUREDDY
VEND_C4853917,CITY HEARING AIDS SHIMOGA
VEND_40AE0732,REVANSIDHA MAJUR SAHAKARI SANSTHA
VEND_605F3936,KHONGLAH RCLP SCHOOL
VEND_8E099B23,TUSHAR DNYANDEO RASAL
VEND_A0F1D559,V SELLAPPAN
VEND_0559C1D9,KUMARASWAMI H GOUDAR
VEND_7ED125ED,EE RURAL ENGINEERING SERVICE DN 2 RAMANUJGANJ
VEND_D3492A3C,EXECUTIVE ENGINEER EDD LAKSAR
VEND_7AB9CFCF,GANDI KRISHNA
VEND_DF372DE5,BHINWA RAM
VEND_8E586E20,KARAN SINGH BENIWAL
VEND_6EC44A12,KUSHAL
VEND_D6EFBB14,PRKAY CONSTRUCTION PRIVATE LIMITED
VEND_9A3409AF,RAMESH MAHALA
VEND_907B9B08,KUCHIPUDI BANGARU BABU
VEND_6DC2F42F,SANJU DEVI
VEND_88778B2C,SITA RAM
VEND_E168B0FD,SUNITA DEVI
VEND_0DFCC2C8,KULDEEP RAJ
VEND_8412D801,SEBASTIAN V C
VEND_33E01844,JAI CONSTRUCTION COMPANY
VEND_BD87DD34,BUKYA ANIL NAYAK
VEND_A4123C08,AADHAR MSS LTD DHOKSAL
VEND_E86062DE,GRAM PANCHAYAT NIWARI
VEND_056B8247,CHANDA DEVI
VEND_4A3FD432,BALU RAM BHIL
VEND_ED53DE54,BHAIRU LAL
VEND_95EA719F,GRAM PANCHAYAT KERALA
VEND_D5225F54,GOVIND SHARMA
VEND_358EC87A,KAILASH SHARMA
VEND_14B63E9A,KRISHAN GOPAL TAILOR
VEND_60D89507,ROYAL BUILDERS
VEND_6177FD7B,RAMKANYA DEVI
VEND_C5B5D491,RATAN LAL BHEEL
VEND_03D07E59,BAIDYANATH CHANDAN
VEND_2B94EEAE,VISHNU CONSTRUCTION
VEND_DFC36E59,BHUBANESWARI STEELENIUM
VEND_393A727F,K ELUMALAI
VEND_357D7AA1,NAMAN ENTERPRISES
VEND_1AD8ABDE,HARISH INFRA PROJECTS
VEND_7A8DF9C3,DOMINIC A SANGMA
VEND_A925CB1E,SURYA BRICKS COMPANY
VEND_089C5453,MITTAL BRICKS
VEND_D67E952F,EDDULA CHANGAL REDDYGARI MAHESWARA REDDY
VEND_92FC8BB3,GRAM PANCHAYAT SUJANPUR
VEND_BFCB10A8,HEMANTH KUMAR T
VEND_4427623F,DANARDAN MOHANTA
VEND_653EE59C,KUBERAN AND CO
VEND_E854B5BD,TK ENTERPRISES
VEND_8C8B9C19,GRAM PANCHAYAT AMJHAR MAL
VEND_D4D585EA,SARPANCH GRAMSEVAK GRAMPANCHAYAT REL TQ KANNAD
VEND_18330CC9,GRAM PANCHAYAT DONGAR MANDLA
VEND_DE764CDC,GRAM PANCHAYAT PURWA
VEND_FFE290A1,GRAM PANCHAYAT GHUTAS
VEND_83E8A551,GRAM PANCHAYAT BADI KHAIRI
VEND_E7063B20,GRAM PANCHAYAT SAKWAH NAINPUR
VEND_1519D3A9,DEO MANDLA
VEND_601748AA,PASUPULA VENKATALAKSHMI
VEND_998DE2B9,KARUN RAJ BALASEETY
VEND_8C81DB9D,SAHOTA BUILDING MATERIAL
VEND_6BD1A9C2,GP CHIKHALI
VEND_44DA75C4,NANGALI ENTERPRISES
VEND_843CA64C,RAJASEKAR
VEND_914DC69D,GRAM PANCHAYAT DUNGARIYA
VEND_77E1808D,BACHANNAGARI CHENNA REDDY
VEND_09138DEB,OM NAMAH CONSTRUCTION
VEND_509C2669,OHM PIPES PVT LTD
VEND_5ED69F35,GANAPATI PIPES AND INDUSTRIES PVT LTD
VEND_A6AAECAF,ASHOK KUMAR PRADHAN
VEND_5E3F863E,SHREE UMMED SURGICAL AND EQUIPMENT
VEND_0D803745,HAPPY SANITARY AND PAINT STORE
VEND_6F86C5A1,DEEPALI
VEND_472110A8,HEMA BHATT
VEND_A11C9DB2,BOPARAI BUILDING MATERIAL
VEND_516A6B07,BHATTI CEMENT AND IRON STORE
VEND_0BC0C273,SARASWATI UCHCHTAR MADHYAMIK VIDYALAY
VEND_505B398E,OM CONSTRUCTION
VEND_900C390B,OGIREDDY SATYA LOKESH KUMAR
VEND_18F1287D,JSS CONSTRUCTIONS
VEND_6EFA44CE,R PHARMA
VEND_1E06AB12,EEEDD 3 LONI
VEND_96E09832,RODA GRAM PANCHAYT
VEND_0AABEC66,SHAJAHAN ALI
VEND_49F47703,PRESIDENT VLC GURAPPAGARIPALLI GP VEERABALLI
VEND_E0C34B27,JYOTI PRASAD BORGOHAIN
VEND_C690AE23,SHAILENDRA SINGH RAWAT
VEND_6F41781C,VIKAS PURI
VEND_EF6ED57E,POOJA RAWAT
VEND_CF9C6BC4,DALIP SINGH
VEND_1109DCA6,JODHARAJ
VEND_E8045112,N S CONSTRUCTION
VEND_2B6D6344,SURESH PRAJAPAT
VEND_B8F13409,SAMAY SACHIN KASLIWAL
VEND_BF8BC37D,BHUPESH BAFILA
VEND_EFED268F,NARVA SRINIVAS
VEND_5E81F985,MANOJ
VEND_5C5A4BF0,NILESH
VEND_100A2EF4,RAJURAM
VEND_34DB6EC9,JAYNTILAL
VEND_E63D0CF4,M MURTHY
VEND_3710D0F3,SHANTI
VEND_85BC21C2,ABHIJYAN BHUYAN
VEND_532E0006,CHANDU
VEND_F3B0E58C,CHAGNI
VEND_68944D7C,KAMA
VEND_8F8891A1,SHARKI
VEND_565FDB43,MAMTA
VEND_407DC84E,PUNKI
VEND_AA3C44E0,SHAU
VEND_0FAA351F,GHISALAL CHOUDHARY
VEND_510C0221,RAMDEI DEVI
VEND_7E8F2C69,NATHI
VEND_3474C18E,SURESH CHOUDHARY
VEND_18D4B22D,LAXMAN CHOUDHARY
VEND_C0037A35,PRDHAN CHOUDHARY
VEND_AFCE19FF,RAM KUMAR UPADHYAY
VEND_E25DFA8B,JITENDRA KUMAR TRADERS
VEND_387054D5,MAVAPAR GRAM PANCHAYAT
VEND_59600236,ZINZARI GRAM PANCHAYAT
VEND_A58AA7A4,VEER TEJA ENTERPRISES
VEND_93CB09E4,LOLINDHA CH SANGMA
VEND_EF15B86D,ADITYA KUMAR MOHANTY
VEND_8ADC9F0B,PRAVAKAR SAMAL
VEND_6BCAE917,MS SURENDRA MAURYA THIKEDAR
VEND_58EECC9F,MAHATMA FULE LCS MARKANDA
VEND_7CBE2BEF,MS AKRUTI SUPPLIERS
VEND_44B8BDCA,LAKHBIR SINGH
VEND_E0627815,MR RANGPUR GRAM PANCHAYAT
VEND_13D6D9D1,SUPREME ELECTRICALS
VEND_C381FB1C,ANNAPURNA ENTERPRISES
VEND_B84375B4,SARDAR NATIONAL DEVELOPMENT INSTITUTE
VEND_F297586D,MS SHIVA BRIKS COMPANY
VEND_48F7669A,AMARJEET CONTRACTOR
VEND_5E214CE5,GRAM PANCHAYAT KAAMTA
VEND_AA084A4D,BHATASANA GRAM PANCHAYAT
VEND_86E9595E,P VEERACHAMY
VEND_5BB7975B,SHAJU P DEVASSY
VEND_F0251262,MEV CONSTRUCTION COMPANY
VEND_D97105E6,CHOUDHARY BUILDING MATERIAL SUPPLIERS
VEND_775C5727,GRAM PUNCHAYAT BHATGAON
VEND_346A938A,JAI MAA ENTERPRISES
VEND_E1C76971,BHUPINDERJIT SINGH MASSN
VEND_6C21CED6,DIBYAJIT SAIKIA
VEND_0AAB37A0,SHANTANU MONDAL
VEND_5F968B40,AMS CORPORATION
VEND_C6B09083,KAMLESH KUMARI MASSN
VEND_E3A6A9BB,NAVI SAMBYAL
VEND_A937D45B,SHREE DEV BUILDING MATERIAL SUPPLIERS
VEND_25995B0C,SRI NIRANJANI CONSTRUCTION
VEND_B2178C10,GAUTAM ASSOCIATE
VEND_29D8E0A1,MADHAV CONSTRUCTION
VEND_89611005,BINUKUMAR A
VEND_CEAA82BD,SHREE MORAYA MAJUR SAHAKARI SANTHA MARYADIT KOTUL
VEND_7CB19BCD,GRAM PANCHAYAT BANKAL
VEND_055429A1,KAPILA TRADERS
VEND_13CDD68F,NALLATHAMBY I
VEND_F3D58065,SHREE NATH CONSTRUCTION
VEND_82BC9A22,MOHANDAS RAI
VEND_A4534A91,KESAR SINGH
VEND_DD69B5A6,SATGURU TRADERS
VEND_504FE189,VENKATESAN M
VEND_1005DB2A,SWATI ENTERPRISE
VEND_A2BE0387,KONDAPALLI NARENDRA
VEND_5C6DF7E4,VIVIDHA VIKAS YOJANA GRAMPANCHYAT MANDAVI
VEND_8BD44925,GRAM PANCHAYAT CHIMRA
VEND_88CE30AF,GRAM PANCHAYAT KESHMARDA
VEND_9413A0CA,GRAM PANCHAYAT MINMINIYA MAIDAN
VEND_BD9847FC,GRAM PANCHAYAT MADMADA
VEND_0E560601,TULU SAHOO
VEND_9F1F64F9,GRAM PANCHAYAT BUNDIYA
VEND_689DD66C,RAMESH CH PANIGRAHI
VEND_59529DFF,ACHOLISH KUJUR
VEND_5C278FDD,PALAVALASA RAVIKUMAR
VEND_C2951084,GRAM PANCHAYAT DHOLAR
VEND_E7B4E7C2,RAM CHANDRA SINGH
VEND_BD6C7218,BHAGIRATHI TRIPATHY
VEND_20858C8C,PATI RAM
VEND_9AC59E12,SEENIMOHAMED M
VEND_6C66B781,PROMOD KUMAR SINGH
VEND_BB39CABA,SG CONSTRUCTION
VEND_E76A70A8,RAJKISHOR SAHU
VEND_B52BB705,ALAM ENTERPRISES
VEND_010CEABB,RAJESH THAMADAPALLE
VEND_93D36949,GRAM PANCHAYAT DHAMARDA
VEND_7B1857EC,GRAM PANCHAYAT KATIYA
VEND_167523D2,MITHUN KUMAR SONI
VEND_AA35413B,KAVIT BHARDWAJ
VEND_94D774F1,UDHAYA CONSTRUCTIONS
VEND_441CA248,AZHAR KHAN
VEND_A88A633B,SHUBHAM SANJAY PATINGE
VEND_FEC8992C,PERUMAL MANIKANDAN
VEND_FA8B5EEB,MOTA KOTHASANA JUTH GRAM PANCHAYAT KOTHASANA
VEND_70DCAEEB,SRI KUBERALAKSHMI CONSTRUCTION
VEND_08F81560,RADHAKRISHNAN
VEND_CC1C8058,PASVARI GRAM PANCHAYAT
VEND_22DAE961,SARDAR INTERLOCK TILES
VEND_77FD058E,JASVEER SINGH SARPANCH
VEND_66CDFC1D,AMBA JEE DEVELOPERS
VEND_D3BE6D3D,DISTRICT DISABLED AND SENIOR CITIZEN WELFARE OFFICER KOPPAL
VEND_60BAD682,KUSHAL CONSTRUCTION
VEND_902C81B1,NAMITA PARIDA
VEND_04325550,AMIT KUMAR YADAV CONTRACTOR SUPPLIERS
VEND_4EE7C33A,ASHA YADAV
VEND_9CFCB6C8,RAJU P LAMANI
VEND_5FE8165F,SWA SRIRAM CHARAN SMRITIKA SHIKSHA SAMITI
VEND_9E6994C1,RAHUL NATH YOGI
VEND_36162636,ANIL BABJI
VEND_C409ACCF,RUKMA DEVI
VEND_0FAB4DD0,VIMLA
VEND_A63A76EA,VIJAAY
VEND_E7705C7E,MUKESH NATH YOGI
VEND_E89C6F55,SATPAL SINGH MASSN
VEND_37D6D7FF,SURENDRA REBARI
VEND_2311B8B5,SONU NATH
VEND_43E88A9F,TARLOCHAN RAM MASSN
VEND_9B406EF0,BALWINDER SINGH MASSN
VEND_D98D7EED,PAULRAJ
VEND_6F427CEF,SUNIL BABJI
VEND_6DF18413,ISARI GRAM PANCHAYAT
VEND_ABDD491C,JEYARANI K
VEND_981B4EC6,RISHU CONSTRUCTION
VEND_BED1B12D,PATEL BROTHERS
VEND_37015EEE,GRAMPANCHAYAT KANGASHIYALI
VEND_90D637D2,SRI AMMAN CONSTRUCTION
VEND_3E41878A,GRAM PANCHAYAT PANARJHIR
VEND_E626311D,BIPUL CHANDRA BORUAH
VEND_5A323C09,VEERPAL KAUR SARPANCH
VEND_DCD054F2,SAT NARAIN MODI AND SONS
VEND_57A49EB7,GRAM PANCHAYAT KHAJARI
VEND_125DA992,JASPAL9855924367
VEND_84DDE220,ABHIJIT BORKAKATI
VEND_5D25241B,SHRI KRISHNA CONTRACTORS
VEND_E7C056B9,RUSHIKESH SUJIT SALVI
VEND_D6E5DB37,JYOTI RANJAN BEHERA
VEND_B7EE28F1,AMANDEEP SINGH
VEND_A36A0EC9,INAKONA SURYAPRAKASHARAO
VEND_FE04CD90,BHAWAN BUDHALKOTI
VEND_75E7C1CF,VIMLA DEVI
VEND_789B6D9C,PARAS NATH YADAV
VEND_11CDDFD6,PUNJAB ENERGY DEVELOPMENT AGENCY
VEND_30BB2BFA,MS THE KURALI COOP L C SOCIETY LTD
VEND_BA2DBB75,CHAVVA RUKMANGADHA REDDY
VEND_E375A838,SANJAY BKO
VEND_41F2D5CD,SUBASH CHANDRA PRADHAN
VEND_B58A262B,K V SIVARAMAKRISHNA
VEND_424FB335,BEERENDRA RANA
VEND_74687ABF,SARPANCHSHRI SUNAK GRAM PANCHAYAT
VEND_08F345E0,SHIVANI PANDEY
VEND_47B85967,SONIYA PANDEY
VEND_ED944BF6,GRAM PANCHAYAT BARUD
VEND_7C0B1590,LALITA PANDEY
VEND_817D8A6E,NUTAN PANDEY
VEND_266B7D9A,SHANTI PANDEY
VEND_A6DD2002,TARA DUTT PANDEY
VEND_EA32BEE8,LOKESH PANDEY
VEND_1EC18667,PUSHPESH PANDEY
VEND_2720B53F,NIRMLA PANDEY
VEND_251CEEA8,GOVIND BHALLABH
VEND_D30C1925,CHANDRASHEKAR PANDEY
VEND_EFAAB367,MS VANSH BRICK KILN
VEND_49A65D88,PURAN MEHRA
VEND_1F002845,NEGI SUPPLIER
VEND_50F26120,SHIVAM BRICKS INDUSTRY
VEND_6283D84F,SOHAL TRADERS
VEND_FAD66613,RAM PARTAP YADAV
VEND_8D9ECB01,BHAGAT SINGH BUILDING MATERIAL STORE
VEND_7FD4A297,MS GHUMAN CEMENT STORE
VEND_2181D0AC,RAJESH K
VEND_BFF76FCA,KAPIL KESHAVRAO AMBHORE
VEND_13544B23,DABKA GROUP GRAM PANCHAYAT
VEND_9669767F,SANKLI GRAM PANCHAYAT
VEND_F69C2DEB,MEENA ENTERPRISES
VEND_CEDA8909,RABINDRA KUMAR NAYAK
VEND_1DF2F753,PRAKASH CHANDRA ARYA
VEND_FE5271BE,KHUSHAL SINGH
VEND_270C43A7,DIPENDRA SINGH
VEND_109B0F64,MAHESH CHANDRA SINGH
VEND_32CB219A,TIRLOK SINGH
VEND_81BA2765,LATA DEVI
VEND_6315A7EC,GOPAL RAM
VEND_3771A965,PANI RAM
VEND_4A658448,KAILASH CHANDRA
VEND_4437D34A,VIPIN CHANDRA
VEND_84DCF893,CHATUR SINGH
VEND_8FE26F62,LALIT MOHAN SINGH BOHRA
VEND_259FFBFC,OM MAJUR SAHAKARI SANSTHA LTD
VEND_4100C0FB,LALIT KUMAR
VEND_7EEAAFDB,MAA BHADARIYA RAI ENTERPRISES
VEND_1D923273,NOORDEEN
VEND_675B4663,JOHA SEKH
VEND_F26542DC,SHAILESH DEEPAK PARAMANE
VEND_BB3B7563,DNYNESHWAR RAMJI BHANDERKAR
VEND_A6729DAD,PRAJWAL TUKARAM SHINDE
VEND_4CB2983D,MR MANIBHADRA ROUT
VEND_FE205789,NSS GIRLS HIGH SCHOOL KARUKACHAL
VEND_330D269E,UDAY KUMAR M H
VEND_49C56697,ANAGHBABU P
VEND_7F3C792E,SONI CONSTRUCTION
VEND_66BE6052,BIJAYA KUMAR NAYAK
VEND_85B91DD9,PREM SINGH
VEND_84851831,RAJKAPOOR SINGH CONTRACTOR
VEND_3881857F,ODC CARD CALENDAR
VEND_140999B9,BALDEV RAJ MASSN
VEND_FC7BD695,V ANIL KUMAR
VEND_DE15A819,RIAR CEMENT STORE
VEND_2A7E3C47,ASSAM ENTERPRISE
VEND_F26438E2,JAGTAR SINGH SARPANCH
VEND_CAD6F615,MS MILKHI RAM BKO
VEND_E52D10B8,SANKET ASHOKRAO BOKE
VEND_D35AC26B,ADHYAKSH GRAMKOSH SFC DHOLKA
VEND_EE1DEC77,ADHYAKSH GRAMKOSH SFC TITARI
VEND_2046BD5F,ADHYAKSH GRAMKOSH SFC MORDA
VEND_40FA59DD,ADHYAKSH GRAMKOSH SFC PANCHED
VEND_E71126B0,GANGADURAI CONTRACTOR
VEND_5B17528D,GP KHALANA
VEND_3E5E6F4C,GP DHULMAHU
VEND_6E1D4FB9,RAHAMAN CONSTRUCTION
VEND_812A8455,MAA SHARDA VALDING WORK SHOP
VEND_7E6A6D40,MARANENI UPENDER RAO
VEND_9E000186,SHRI RAM GAUSHALA EVAM PARYAVARAN SAMVARDHAN KENDRA HATTA
VEND_5D28B6F0,SUNIL KUMAR CONTRACTOR
VEND_7D5974D7,LANGARPUR
VEND_84C448A1,NIRA DEVI
VEND_04342B65,S SAYYADSABVALI
VEND_6798B741,BANUPRIYA TRADERS
VEND_D918B5AC,THUVVA BHAGEERATHA REDDY
VEND_50AB3162,NISHAN SINGH
VEND_E51E71F1,VM TRADERS
VEND_42D70651,ARSHPREET SINGH
VEND_20D86554,DAL BAB BIDHI CHAND BRICKS UDYOG SAMITI
VEND_AC2622D1,SURESH BABU K B
VEND_99A11B46,MR BIKRAMJIT BARIK
VEND_7A8D702A,NARESH KUMAR BHAWANI SHANKAR BARMER
VEND_91BD0E18,BYAWASTHA SHULK JVIC PAHO
VEND_A2D3AD3D,TILBY JOSEPH
VEND_FAB48AB7,GANGASARAM SRINIVAS REDDY
VEND_9C05F539,ARJUN POMU PAWAR
VEND_12AC6256,GRAM PANCHAYAT LAKHNOTI
VEND_CC67E185,JAIDEEP SINGH CEMENT STORE
VEND_CB06D7A1,MAA SHAKTI INTERPRAJES
VEND_10318876,SHANKAR LAL PUNAMCHAND
VEND_02D89C4D,MUINUDDIN CONTECTER
VEND_6A27E12B,GRAM PANCHAYAT BHARNAL
VEND_76285B42,DHARAMPAL
VEND_191D0F1B,GAINDA SINGH DEVELOPERS
VEND_89749CD5,AAKANKSHA SINGH
VEND_30A6A1C9,SWING CRAFT
VEND_3180D1D4,MANJU ENTERPRISES
VEND_B91BFB3B,VISHWAKARMA SURTING STORE
VEND_70FCDFB0,JASWANTH SINGH
VEND_CC620220,HARMAN ENTERPRISES
VEND_2000EDE6,NIMRAT INTERLOCK TAILES
VEND_8A6F16D3,KRISHNA STEEL
VEND_B1713EF9,ENJAR GRAM PANCHAYAT
VEND_773B7932,K M JOSEPH
VEND_23BA6CFE,PRATAP SINGH
VEND_AD2C1299,VIMLA SINGH
VEND_3EE55904,JOSHI BROTHERS
VEND_C30DB32E,PARTEEK CONSTRUCTION
VEND_4C94C8D5,AH BUILDER AND CONTRACTOR
VEND_FEF06493,GANESH KUMAR
VEND_EE99CC5A,SUN ENTERPRISE
VEND_46453A5C,MS NPR AND COMPANY
VEND_CB953C7C,KADAMPUR
VEND_98E8A326,JAHANGIRPURA
VEND_532BDD98,RADHESHYAM SINGH
VEND_86726B88,RAO CONSTRUCTION CO
VEND_E5326B0B,GP MARHOON
VEND_831F4FBB,JAVID IQBAL
VEND_6DA38B43,LS ENTERPRISES
VEND_A682F72E,SREE MAA MOTORS
VEND_29E45708,AJAY
VEND_3ECC0C2B,LOKENDRA KUMAR
VEND_40EB9557,PAWAN
VEND_B57BB603,VIJAY SINGH
VEND_55FB472F,SANTRA DEVI
VEND_740B6782,RESHMA DEVI
VEND_46FF90E8,ARCHANA
VEND_4BB88AA7,SHIVKRIPA CONSTRUCTION
VEND_9EC5DF4D,MAA SANTOSHI TRADERS
VEND_42EFA606,METRO ENTERPRISES
VEND_A3FF785A,THE BABA SITARAM CO OP L AND C SOCIETY
VEND_7433CCF5,SATINDERPAL SINGH
VEND_EC3B7E80,MS SUPRIYA CONSTRUCTION
VEND_314F16E7,PRADEEP KUMAR V
VEND_69F16627,ARPIT CONSTRUCTION COMPANY
VEND_84FB52BF,OM SREE RAGHAVENDRA BOREWELLS
VEND_55D44594,SHIVDEEP SINGH
VEND_7875D55D,ATHARV ENTERPRISES
VEND_91FA936A,JAINULABDEEN N
VEND_202107B1,FRAM PANCHAYAT MEKH
VEND_86B84200,GRAM PANCHAYAT PALTHANA
VEND_F0E13B0F,DIVAGAR CONSTRUCTION
VEND_5A8FAB57,SHIVAM SOURAV NAIK
VEND_A4A07C65,D R BUILDING MATERIAL SUPPLIER
VEND_041273AD,ARVIND KUMAR YADAV
VEND_360E2803,PRASANTA KUMAR SENAPATI
VEND_537DF7CC,BARDAWAL VIKAS
VEND_E5415BD0,KHAJAN SINGH
VEND_550C615C,CMO NAGAR PANCHAYAT HINDORIYA
VEND_7C1A2492,THOTA RAJU
VEND_621B2868,LAL SINGH
VEND_FBACF35F,DALJEET SINGH AITHMIAN
VEND_897C6519,SHAJI P KURIAKOSE
VEND_BFDD8268,JOSHY THOMAS
VEND_9F2B4E49,SANDEEP SINGH
VEND_3D16A175,VIPIN SAHRMA
VEND_B481ADCC,KOTALI SHANKAR
VEND_FC7CBD7C,KRISHNA DEVI
VEND_E8F0D1E0,BABITA JOSHI
VEND_32A8DEF0,NK INFRA
VEND_6C38C97B,MUKESH SINGH
VEND_746EF512,VAVAR GRAM PANCHYAT
VEND_FB6F065C,NATIONAL INSTITUTE OF PHYSICAL MEDICINE AND REHABILITATION
VEND_1F42BCD2,MOKHA GRAM PANCHYAT
VEND_D42B4A8E,KARAGHOGHA
VEND_5C3F7E83,DASHMESH SANITARY STORE
VEND_C52824BC,JOYTARA CONSTRUCTION
VEND_8C80A053,SHANVI CONSTRUCTION
VEND_57520571,DARSHAN KUMAR
VEND_CB060F79,DONAKONDA GANGARAJAM
VEND_408AC863,GRAM PANCHAYAT BADAUDAKHURDA
VEND_FF85360C,KARTIK ENTERPRISES
VEND_A2FA7700,GRAM PANCHAYAT NAWAGAON
VEND_1BE32925,PAMPANA NAGARAJU
VEND_48684126,GRAM PANCHAYAT DANIYAKHURDA
VEND_E1E6670B,GRAM PANCHAYAT DALSATOLA
VEND_714F74B7,GRAM PANCHAYAT AAMGAON
VEND_F2E5A4AA,GRAM PACNHAYAT KOSMANDA
VEND_E8F33F97,KISSAN BHATTA MAUR KALAN
VEND_5BC55DEB,AMANDEEP SHUTTERS MANSA
VEND_ECD20B86,AMBEY BRICKS KAMALU
VEND_7CC1A706,GURU NANAK TRADING CO
VEND_D820BF17,GIANI REPAIRING MAUR MANDI
VEND_B3D95ECC,KULDEEP SINGH
VEND_5FC3E77A,VAMSHI KRISHNA PUSHPALA
VEND_1D243423,SANDHU CEMENT STORE
VEND_7D74AE07,NARESH SINGH
VEND_5E3A73DC,GRAM PANCHAYAT SAHANIYA
VEND_FA484A92,TAWDEER ENTERPRISES
VEND_04D6C742,THE SHYAM KRIPA CO OP L C SOCIETY LTD
VEND_E64DB76F,BDS BRICKS INDUSTRIES
VEND_4F03A3D7,VIKRAM
VEND_0C408967,KAPIL ENTERPRISES
VEND_EB73FD0A,T A V SIVA PRASAD
VEND_F6DA5499,JILHA VARSHIK YOJANA G P SATHAGAON
VEND_FB5C9347,JOY J S
VEND_A9BED73D,M SATYARAO AND CO
VEND_7C4D36DE,ISAROL GROUP GRAM PANCHAYAT
VEND_EAB11A6F,PAWAN KUMAR JAIN
VEND_C67FD37D,JYOTHI NAIK
VEND_85B07EA8,BDS CONTRACTORS
VEND_011CA8F6,M S MAHIPAL SINGH
VEND_F539E0B3,RAM PYARE LAL MEMO PUBLIC PRIMARY SCHOOL
VEND_9CABB168,GRAM PANCHAYAT TUVA
VEND_678645C8,RAJU MEENA
VEND_35C6252F,IDRISH MANSOORI
VEND_384CCF3E,GRAMNIDHI GRAMPANCHAYAT WARUD
VEND_023431F5,SAI BROTHERS AND CO
VEND_852305F1,NARANA GRAM PANCHAYAT
VEND_2F44E900,BDPO ATELI NANGAL
VEND_2B98B8DF,DHIBIN E S
VEND_3F2E425B,SATRUGHNA SAHOO
VEND_8EDE52E2,RAMU K
VEND_3BC06167,ARVIND KUMAR
VEND_D4136A81,THE MANOJ PANNU CO OP LC SOCIETY LTD
VEND_06F4F252,SARPANCHSHREE GRAM PANCHAYAT VEJALKA
VEND_7DA1F181,ISHFAQ ALI DIN
VEND_BAAEBF50,KAILAS MAJUR STY GHOYAGAON
VEND_77FF53E9,SAYALI DEEPAK KALE
VEND_2BE9EDC7,HOUSE TECHNOLOGOES
VEND_B2AD44EA,MAHALAXMI TRADERS
VEND_45E4B4DC,BANDARU CHANDRASEKHAR
VEND_EAD81895,JOGNIYA EARTH MOVERS
VEND_291C8CF1,SANGEETA MAHARANA
VEND_7A59246F,SWEETY CONSTRUCTION
VEND_6B09D660,D M TRADERS
VEND_BD27E6CE,JEET ENTERPRISES
VEND_411E24AD,PATEL ASSOCIATES
VEND_A9CE3CAC,DASHMESH FEBRICATOR
VEND_B1246D7E,LALRINCHHANI
VEND_EC960E96,BINDER SINGH
VEND_CB2665F9,RUBY SINGH
VEND_0365157D,MATIN NOOR SHEIKH
VEND_B3B9BE43,SHRIKANT YALLAPPA KARAGANNI
VEND_6E77432F,JAI KRISHAN
VEND_92DABB40,HMS CONSTRUCTION COMPANY
VEND_707D1385,GRAM PANCHYAT CHAPLE
VEND_67FB17AD,SARPANCH GRAM PANCHAYAT KANTIYA
VEND_B84F53DA,EDD URBAN ROORKEE
VEND_9CEF8B5D,MS PRAKASH CONSTRUCTION CO
VEND_C14DE24F,MANJU NAULA
VEND_D9D60D22,SUGRIV
VEND_40A73B13,RANJNA
VEND_2E26C0C7,BALVIR SINGH
VEND_15ED67B9,THE BANKAT LANDC SOCEITY LTD
VEND_CFE5E920,GRAM PANCHYAT GARAMBHADI
VEND_19F2ADD5,UMEED SINGH
VEND_1834326E,SADAAM HUSAIN
VEND_B2573829,DEVENDRA KUMAR
VEND_CAB593C6,AMAR SINGH
VEND_56AF7BC4,GRAM PANCHYAT ROHALKHURD
VEND_5296260E,JOGINDER SINGH
VEND_8DBA86D4,PEDKAI ELECTRICALS
VEND_4245F658,RUNU HAZARIKA
VEND_77BF8C87,ALPHA EQUIPMENTS
VEND_5639662B,SUKHMINDERJIT SINGH
VEND_97038E5D,DARA SINGH
VEND_37575DDF,SUBHASH CHAND
VEND_2D7E9300,RAMLAL SWAMI
VEND_17D72AE4,SANTOSH DEVI
VEND_2284A492,BABITA CHOUDHARY
VEND_2C5E04D7,SRIRAJ CONSTRUCTION
VEND_47217710,PRADEEP CONSTRUCTION COMPANY
VEND_344BB4F0,MS MANVI ENTERPRISES
VEND_6190C7F6,SONIYA MALI
VEND_082D98B0,JAY HANUMAN ENTERPRISES
VEND_017CDC79,ROOP NARAYAN SAINI
VEND_92CC6582,SAHIL GUPTA MISTRI
VEND_022E120E,TOPHAN SETHI
VEND_B8EE2F00,WE R
VEND_B38B848F,THE SAKET CO OP L C SOCIETY
VEND_730E85B2,BHEEM SINGH GAJRAJ
VEND_3499776E,KAPIL
VEND_0C9F0E6A,SAROJ
VEND_BECEDFB3,AARTI DEVI
VEND_421B0DC0,AASHA DEVI
VEND_3DC67537,GODAVARI
VEND_36697160,RAJPAL
VEND_50FE6EDE,SASIDHARAN NAIR K K
VEND_21A2ABA0,S S CONSTRUCTION
VEND_443099D7,LALI
VEND_0F41FF9E,MAHAVEER MALI
VEND_29EF522A,LADI
VEND_5C771918,MUKESH SHARMA
VEND_172C9425,POOJA SHARMA
VEND_A8619AC5,MOHD QASIM KHARI
VEND_99C927FE,BRJI RAJ SHARMA
VEND_F590513A,CHANDRA PRAKASH
VEND_43328625,SHRAWAN KUMAR PAREEK
VEND_936202FE,BHARAT BHATTA CO
VEND_A8931E2B,SHREE RAM ENTERPRISES
VEND_DE319E2D,SAHANAJ
VEND_2FBF0229,USMAN MOHAMMAD
VEND_7CE9C27A,RAMDHAN JAT
VEND_5E646EB7,HEMRAJ JAT
VEND_2582F406,GHEESA LAL MEEWARA
VEND_3FED326C,RAJ CONSRUCTION COMPANY
VEND_21D9FF82,SHRINGAAR HARDWARE WORK SHOP
VEND_AF2C7648,ALTERENERGYZ
VEND_5A3F8452,BHINDA GRAM PANCHAYAT
VEND_BECDF81B,AJAY BAJPAYEE
VEND_F1DC924C,ARUMUGAM
VEND_746449BB,VINJALPAR GRAM PANCHAYAT
VEND_6573BD2A,KALPANA PADHY
VEND_E8FE4B9C,GRAM PANCHAYAT GOURMATI
VEND_75C5BE71,ROCKY CONSTRUCTION
VEND_61EA6280,PURUSHOTHAMAN E P
VEND_64438B42,GUJARAT LOKSEVA CHARITABLE TRUST
VEND_75A69B57,RAVIKUMAR KADI
VEND_0F2C7305,GRAM PANCHAYAT MENPANI
VEND_73050BA0,GRAM PANCHAYAT GANGIBAHARA
VEND_C259CF1A,GRAM PANCHAYAT BIRANPURKALA
VEND_1FE49EF6,GRAM PANCHAYAT GANGPUR
VEND_A9A66C1A,GRAM PANCHAYAT BAMI
VEND_9287C359,GRAM PANCHAYAT SURAJPURA JANGAL
VEND_A0EA0452,AEN JVVNL LAXMANGARH
VEND_FCBC5DC9,NOOKA CHANDRAKANTH
VEND_7FE6C874,JAGDAMB INDUSTRIES
VEND_B37DB226,MEHRAJ U DIN KHAN
VEND_55FE8A83,SACHIN SHAHAJI LONDHE
VEND_E5FCF8B0,SUBRAMANI A
VEND_E7909AC1,SANGMESHWAR CEMENT AND SHUTTERING STORE
VEND_70EF9434,BRAJESH KUMAR SINGH
VEND_C9E40AFA,BHIM SAIN GARG BKO
VEND_27AACFDE,GURCHARAN SINGH
VEND_FC0368CB,LAKHA NATH
VEND_EF1E5340,MAGANA DHAKER
VEND_0883C18F,BONAGIRI NARSAIAH
VEND_D7D56E32,KAMLESH RAYKA
VEND_31296FBE,OMPRAKASH RAYKA
VEND_0D64B927,JAGRITI TREDERS
VEND_DE6C9808,MS NNR INFRASTRUCTURE
VEND_F18C4596,JASWANT KAUR SARPANCH DHARARI JATTAN
VEND_168E4A66,AHAMMAD BASHEER
VEND_A3A89011,REAL SECURITY AND SERVICES
VEND_16774E2A,KARMJIT SINGH MISTRE
VEND_DA8695C2,THIRUMALAIYAN CONSTRUCTION
VEND_7AF0D307,RAJNISH HARDWARE STORE
VEND_5C4F42D3,SHIVKUMAR SHIVHARE
VEND_3218BE4C,LABH SINGH
VEND_C6E0A558,PREM SAGAR
VEND_862A8943,KIRAN AUTO HUB LLP
VEND_EE822B53,AHMED MEERA MOHIDDIN
VEND_DAE8502C,CHINTPURNI BRICKS CO
VEND_3C95FF51,AGGARWAL STEEL TRADERS
VEND_7061421F,CHANDRA BHUSHAN CONSTRUCTION
VEND_8F57F8E8,VIDHYA SINGH
VEND_070DB7CB,VIKASH CONSTRUCTION AND SUPPLIERS
VEND_6962D81D,SRIKRISHNA ENTERPRISE
VEND_18008A43,TECH CONSULTANT
VEND_8EEC3410,VAGHAROTA GRAM PANCHAYAT
VEND_C3EDFFF4,SHRIKANT BALASHEB KHATING PRO S B KHATING
VEND_8C88C67D,G RAVICHANDRAN
VEND_6426A53A,AMBEY BRICKS KILN CO
VEND_4F38DD0E,GRAM PANCHAYT CHOKAR
VEND_2EE09B12,BHUWANLAL RAHANGDALE
VEND_CEDD7AD0,JUNIOR ENGINEER BDO NARAYANPATNA
VEND_932C89FB,LUCKY COMPUTER HARDWARE
VEND_37DCE7A9,MITHAPUR NAKKI
VEND_5FBA754C,GRAM PANCHAYAT BRAJPURA
VEND_2402EB14,HEADMISTRESS ALAVIL NORTH LP SCHOOL
VEND_9B8328C6,SHRI BALAJI S F CONSTRUCTION COMPANY
VEND_430CC28F,SIDDHESH SADANAND VIBHUTE
VEND_80884216,SHRAMJIVI MAJUR SAHAKARI SANSTHA MARYADIT RAIPATAN
VEND_3319488E,GRAM PANCHAYAT TIKARI
VEND_0DB24034,PAL TRADING COMPANY
VEND_8F19C29B,GUPTA IRON STORES
VEND_A842718A,BASANT LAL SATENDRA KUMAR
VEND_0508CBC4,NEW BANSAL SUPAR STEEL
VEND_FB331C97,GP TARADAND
VEND_6ADFBC8D,CHOUDHARY TILES
VEND_CC451183,GRAM PANCHAYAT GUDANWARA
VEND_B85059B8,VINDHYAVASHINI CONSTRUCTION COMPANY
VEND_60086939,PATIKE RAJENDAR
VEND_7D00C8EB,SIRAM SUSHMA
VEND_452133CE,R PRAKASH ELECTRICAL AND ENGINEERS NASIK
VEND_9D33B9E1,BACHHALI NARSIMHULU
VEND_21628FCF,EXECUTIVE ENGINEER ELECTRICITY DD GRAMIN BASTI
VEND_B003DEFD,MEHTA SURGICAL
VEND_F2093A5E,SARAVANA ENGINEERING AND INFRATECH PRIVATE LIMITED
VEND_F1DFFA85,GRAM PANCHAYT BHAINSGAON
VEND_366ED43E,GRAM PANCHAYT KARMARI
VEND_45C236A2,GRAM PANCHAYT BHOND
VEND_015A158E,GRAM PANCHAYT MUNDAPAL
VEND_934BF3E0,GRAM PANCHAYT ICHHAPUR
VEND_BA0A4B25,GRAM PANCHAYT BAGMOHALI
VEND_46A5D24B,KINJARAPU SRINIVASARAO
VEND_9ACFE819,SHREE CONSTRUCTION PROP SHIVRAJ GYANDEVRAO GUTTE
VEND_7A6AFF59,HARSHITH SANJEEVA POOJARY
VEND_36D195E5,LALBAHADUR MAGAS VARGIY MAJOOR SAHAKARI SANTHA MARYA SELU
VEND_C0B66776,UMMED ENTERPRISES
VEND_49767642,INDUPURU ACHYUTHA SANKAR REDDY
VEND_83505E6B,INDOMITE VENTURE
VEND_FA59B656,SUHANI ENTERPRISES
VEND_0869CFF8,THE KITAB ARR PUBLICATION
VEND_07CAEC61,SANTHOSH M D
VEND_1D198FFC,L D TRADERS
VEND_5C88B833,GADSAI GRAM PANCHAYAT
VEND_9AAF0D67,SURINDER KUMAR
VEND_823B705A,NANDITHA ENTERPRISES
VEND_5EA296B0,MS AMAN KUMAR
VEND_DACE9CDC,BHARTI SAMAJ
VEND_DA1D098F,DALJIT SINGH XBAS
VEND_C3A80E52,VISHAVKARMA WELDING
VEND_2214250E,HEER PAINT STORE
VEND_BCDC29DD,SARAT CHANDRA JENA
VEND_6DE7C827,RICKY DKHAR
VEND_30038C52,DURGA CONSTRUCTION COMPANY
VEND_44457F26,AGGARWAL BKO SEKHA
VEND_3FAB533B,DHANER TRADERS MEHAL KALAN
VEND_24912E79,J K TRADERS
VEND_62C1CCB9,VIBHU TRADERS
VEND_B2CACD42,GANESH DHANRAJ SAGAR
VEND_6B49A8FA,MATOSHRI MAJUR SAH SANSTHA MARYADIT
VEND_DB000FFC,THEPADA GRAM PANCHAYAT
VEND_C0DB89C5,GRAM PANCHAYAT JHIJHAN
VEND_142E73F5,SALGARE SUJIT MAHARUDRA
VEND_E3CEB853,RAINBOW DEVELOPERS
VEND_5D513C00,GP BAHADKUR
VEND_820D9860,ROBERT BENISON WAHLANG
VEND_E9A4425C,GRAM PANCHAYAT GERSA
VEND_BBCD46D2,SKYTECH ENTERPRISES
VEND_952F67B4,MS SUMOTI CONSTRUCTION
VEND_CBD3A491,SAJAN JOSE
VEND_5CE4F6BC,GP UMAR
VEND_10783C1E,SUBASH CHANDRA GOCHHAYAT
VEND_2EF67E5E,THAMILARASAN
VEND_EFDE6E82,WANBOR NONGNENG
VEND_88EEB55D,SUNSHINE KHARBANI
VEND_450C862D,SHREE KRISHNA INFRASTRUCTURE
VEND_060081B6,RAJESH K V
VEND_E90E3F67,GRAM PANCHAYAT KANHALGAON
VEND_13764438,S KRISHNAKANTH
VEND_0F0E4D28,PRABHU CONSTRUCTION
VEND_3C64CCFC,VIKASH CONSTRUCTION
VEND_DE53B5DF,CHANDAN KUMAR
VEND_784F0801,LAVI JOSHI
VEND_437D3A6F,AIJAZ AHMAD BHAT
VEND_D48F47B5,SHREE RAM TRADERS
VEND_2B6433EC,JP ENTERPRISES
VEND_2B1805EB,DEWAN FOURWHEELS PVT LTD
VEND_4C56DAA7,AMAR BRICKS
VEND_46CB0CD4,ADHIVEL THEMMAVUR
VEND_757C93BA,SHATISH CHANDRA BHATT
VEND_AE705152,BHAWNA DEVI
VEND_6A56E077,KAMAL CHANDRA
VEND_767062AE,NAVIN CHANDRA
VEND_C29835C5,BHAIRVI DEVI
VEND_B03C89FD,HIRA DEVI
VEND_E6027F10,IMNA BHATT
VEND_93942204,SHRI GIRIRAJ DHARAN CONSTRUCTION
VEND_1BEAE8D4,DEVIDATT
VEND_4595B26D,RAJU GANANPATI ZIPARE
VEND_A2B6D4C7,AASHA SINGH OM CONSTRUCTION
VEND_626EE76E,PRESIDENT VILLAGE LEVEL WORKS COMMITTEE RANGASAMUDRAM GP PORUMAMILLA M
VEND_D01E3C9D,ABHISHEK PUROHIT
VEND_8BDA8E91,ANAND
VEND_9E8B141F,THE SHRI BABA RUPADASS COOPERATIVE L AND C SOCIETY LIMITED DONGRA AHIR
VEND_1E4DDC05,SHAHINSHA
VEND_E64E3E8F,L VEERABHADRAIAH
VEND_52A9061D,VADANA GRAM PANCHAYAT
VEND_4D72060B,FOR SHRI MALKUJI MAHARAJ MAJUR KAMGAR SAHAKARI SANSTHA M BHAMB RAJA
VEND_9C0A9742,CHANDRODA GRAM PANCHAYT
VEND_323D414E,R SHANKARAIAH
VEND_D6CEECE9,GEDELA ANIL KUMAR
VEND_E25F8794,N RAJU
VEND_145F42C9,GRAM PANCHAYAT GUJJRAKALAN
VEND_BA0BFDF1,JAGMAL
VEND_DEC8F16B,BIMLA
VEND_24AFE0F8,SUMITRA
VEND_B87110CE,ANJANA
VEND_8E831EFF,GRAM PANCHAYAT LADPURA
VEND_D4EF922C,K SRINIVASULU
VEND_89E751F7,RESHAB NEGI
VEND_091B8028,ROBHI
VEND_9B2243E6,MAHENDER SINGH
VEND_2BC27DBB,GRAM PANCHAYAT NOGAMA
VEND_191E2827,SARPANCHSHRI KHATASANA GRAM PANCHAYAT
VEND_99264AFD,SARPANCHSHRI GANGAPURA GRAM PANCHAYAT
VEND_0600A6A6,ANUJ KUMAR PANDEY
VEND_5A6FABDF,SARPANCHSHRI VARVADA GRAM PANCHAYAT
VEND_D3CEEF98,GRAVITY INFRA SOLUTIONS
VEND_F68EB0B0,NISARGA CONSTRUCTIONS
VEND_F3B92BE2,SHRIVASTAVA GROUP
VEND_7AC1027F,RADHA SWAMI BKO
VEND_7F363F40,ANANDA
VEND_45CE40A4,JAI HANUMAN MSSL LONARWADI
VEND_7F887208,GUNMALA CONSTRUCTION
VEND_265B9348,HM INFRA SOLUTION
VEND_325E9075,GRAM PANCHAYAT SUNWARA
VEND_815DD577,VINAYAK ENTERPRISES NANGAL BIHALAN
VEND_A4D32695,GRAM PANCHAYAT KARYALAY TAKBID TQ NAIGAON
VEND_AFE5BF70,KING COMPUTERS AND PHOTO COPY
VEND_9BF76D2F,MIROVNIK ENTERPRISES LIMITED LIABILITY P
VEND_958563DA,VNB TECHNOLOGIES PRIVATE LIMITED
VEND_CDCFB5E1,PRADEEP CONSTRUCTIONS
VEND_040CBAF9,A M INFRA SPACE
VEND_4B21B39A,MASHOODKHAN J
VEND_E3627A04,B K M CONSTRUCTIONS
VEND_B2B5A6C6,SRI SAI BALAJI CONSTRUCTIONS
VEND_736EBE7D,BALAKRUSHNA JENA
VEND_2208EAF8,GAGANDEEP SINGH SARPANCH SO KAKU SINGH
VEND_19294804,PIGEON ENTERPRISES
VEND_1F07DE72,MOTICHARAN PATEL
VEND_AD1C45A5,BHASKAR SINGH
VEND_5897AEE6,KOMMI SIDDULUNAIDU
VEND_50A74982,NALI REDDI PRASAD
VEND_7C581617,RAGHAV CONSTRUCTION AND SUPPLIERS
VEND_0211E1B2,DAITARI DASH
VEND_E1398942,JAYAKUMARI S
VEND_55071BE0,MS GOURI BIDYUT CONSTRUCTION
VEND_BBD9510A,JAGMOHAN SINGH DEOL
VEND_1FB6601F,SETHI RADIOS
VEND_97DE931F,SAI CONSTRUCTION CO
VEND_B2A678B2,REETA SINGH
VEND_7212E83D,JIYA CONSTRUCTION
VEND_F74CE578,BATTA GOVINDARAJU
VEND_ACF5B575,GULAM HUSSAIN
VEND_1F0DD762,KAKVAKADI BHUMAIAH
VEND_9B5F46B7,GRAM PANCHAYAT KARYALAYA LIMBGAON
VEND_3AE8BF10,MR GP BRGF MOHDA
VEND_D60A1B5E,MR SARPANCH GP BHUTHIYA
VEND_4955237C,MR GP BRGF NAVRANGPUR
VEND_A6D4E2D7,MR SARPANCH GP BALSI
VEND_0E59041A,OM CEMENT ENT UDYOG
VEND_4ECD1003,MAA SANTOSHI INDUSTRY
VEND_D36D9A33,NEHA JAIN
VEND_38C47BD4,RANJEET KUMAR
VEND_56623D5E,HARSH TRADERS
VEND_BC5ACA5C,KHEDA BROTHERS
VEND_D2C51C9C,VINOD
VEND_21FE2709,SATGURU CONSTRUCTION CO
VEND_E03BEDBC,GRAM PANCHAYT RAJNAGAR
VEND_987852E2,CHETPALLY RAJESH
VEND_21FED4D9,G HARIBABU NAIDU
VEND_DFA5949D,GRAM PANCHAT PAHURBEL
VEND_C65CB273,SRI RAJ PASWAN
VEND_65F1769B,SARPANCH GRAM PANCHAYAT KUNDA
VEND_55DDE31C,MONALISA MOHAPATRA
VEND_180971E6,KOTHAYADI GRAM PANCHAYAT
VEND_C30F2A32,LABDADHARA GRAM PANCHAYAT
VEND_8DD68C8E,RAMILA
VEND_22022415,SUMAN KUMARI
VEND_10BFE049,SONAM DEVI
VEND_050B71BB,RAVINA
VEND_7D1D4071,NIRAJ KUMARI
VEND_E9154511,RAMVATI
VEND_B6ED2CC8,GIRVER PRASAD
VEND_8758358C,KEDAR SINGH
VEND_55232D6C,MEERA
VEND_9F42D5BD,CHANDA
VEND_7741C9B2,VISVENDRA
VEND_09C20AA0,VIRANDRA
VEND_11B21BBB,CREATIVE DESIGN
VEND_FEEB99C8,PAWAN ENTERPRISES
VEND_8C1C3A1B,GURU NANAK TRACTOR WORKS
VEND_AC862E6E,MANAVALAN S
VEND_694D1071,HARMONY MOTORS PVT LTD
VEND_8F6AD128,SAI KIRSHNA HONDA
VEND_E38B5164,NALLA BUCHI REDDY
VEND_F7ED0AC6,GP SINGAT
VEND_3C861381,KRUSHNA RAMDAS SURVE
VEND_03424B46,HARISHA L
VEND_B0D8CF44,HARISHA A
VEND_69613BA9,M D TRADERS
VEND_B9D61976,JD WORLD
VEND_1B801E22,MEDSOR IMPEX
VEND_5318364D,KAPIL DEV SINGH
VEND_71B2B4BC,REKHA ENTERPRISE
VEND_E398F86C,GRAM PANCHAYAT BAMHANI
VEND_C262378D,IA IRON WORKS
VEND_292A00D2,RB ENTERPRISE
VEND_86EDFF96,MR SARPANCH GRAM PANCHAYAT KUNJNAGAR
VEND_BDF74044,GRAM PANCHAYAT JORI KHURD
VEND_B13BFBEF,SHIVA CEMENT STORE KITDUNNA
VEND_A9312BED,M UDAY KIRAN GOUD
VEND_335065AB,KHUTAL VIBHAG MKSS
VEND_1757495B,DHIRAJ ANANTA GHODVINDE
VEND_052197FC,SUNWORLD SPORTS
VEND_512E2F9D,JASVEER KAUR
VEND_FAA9F5EC,GRAM PANCHAYAT DONGRITOLA P
VEND_33977C70,SHIVA SAI ENTERPRISES
VEND_61A22821,SHRI BHATHROT GRAM PANCHAYAT
VEND_E22FEB1F,VIMLA INTERNATIONAL SCHOOL
VEND_623165C9,HEADMISTRESS SINI SREEDHARAN
VEND_34E3C8F1,SIDDAPPA D G
VEND_D4F07E76,SWARNA CONSTRUCTION AND SUPPLIERS
VEND_0601A494,BHUVAN ENTERPRISES
VEND_809EAFA0,EE RES RAIPUR
VEND_93309DA8,PATAN AYUB ALI KHAN VLC PRESIDENT
VEND_4681DA10,MANIMUTHU
VEND_917957B6,SUGATHAN KS
VEND_5E65B843,ABHILASH V
VEND_4224EF8D,POLIMERA CHINNA NAGIREDDY
VEND_98F714C4,GRAM PANCHAYAT DEVRINAYAK
VEND_C69A4928,MAA VAISHNO KRIPA
VEND_393130F6,GRAM PANCHAYAT MAJHAGANWA
VEND_344084E5,GP AROLIYA JAWAR ASHTA
VEND_7B884BBB,DB ROYAL CONSTRUCTIONS
VEND_9E144A21,KSANBOK PYRTUH
VEND_D22BD0F3,VEMULA MOUNIKA
VEND_6D85BBA1,RICHARD NONGPHLANG
VEND_4E463D68,VIRA GRAMPANCHAYAT
VEND_03FD8F54,BANSARA RUMNONG
VEND_25EA0E14,VALA RAM
VEND_FFC31926,CHARITY DORA ROPMAY
VEND_28303136,SHAKIB KHAN
VEND_E4372F3E,DHAPU
VEND_78615833,INDERA
VEND_856DA65E,RAMESH KUMAR
VEND_08CD4F58,CHOGARAM
VEND_FB9E918D,JAGDISH CHOUDHARY
VEND_D0879C83,REKA KUMAR
VEND_7DA49876,RANA ELECTRICAL WORKS
VEND_91D4F024,SUMANT CONSTRUCTION
VEND_34A27BD8,PRADHAN JI CONSTRUCTION COMPANY
VEND_391A020E,DHIGARALA CONSTRUCTION COMPANY
VEND_9560E413,N MANJUNATHA
VEND_A1E91320,SHAHEED BABA DHARAM SINGH SEKHON TRADERS
VEND_322C4A81,PUNEET KUMAR SO HEM RAJ
VEND_95CD71A2,KALPTARU
VEND_49DCE092,GRAM PANCHAYAT SARANDI
VEND_5C62046D,ROUF AHMAD SHAH
VEND_B1EA45BE,RAHUL KESAR
VEND_69B68F2F,DAVINDER SINGH BKO
VEND_E9D8EA64,SUDHANSHU KUMAR
VEND_4482CE2B,THORDI GRAM PANCHAYAT
VEND_1DC83EAE,SHREE YOGESHWAR SAHAKARI MAJOOR BANDHKAM SANSTHA LTD
VEND_C5B4D1DF,R P CONTRACTOR
VEND_E3CDD515,GRAM PANCHAYAT GUKHRAI
VEND_1C5078D0,JAGSEER SINGH
VEND_27C3534A,BROTHER TRADERS
VEND_0AA01745,REVANASIDDAPPAHANAVAL SRUJAN ENTERPRISES
VEND_52B42F30,UPPARA RAMACHANDRA
VEND_66580486,SHANKRAPPA HANUMANTAPPA NAYAK
VEND_BFF4AFD0,TALVIR SINGH SO SOHAN SINGH
VEND_018C4907,DALJIT SINGH
VEND_8297309C,DEBARGHYA CONSTRUCTION
VEND_6D0D1A33,AMAN CONTRACTOR
VEND_8E6C3392,YELGATTE NAMDEV TUKARAM
VEND_B90637F6,GRAM PANCHAYAT DHAROI
VEND_117A55F6,SUDHARSAN
VEND_435CB943,GANESH JAT
VEND_9ACCFB38,SHOBHARAM JAT
VEND_E55D2665,FARID AKHTER
VEND_548CCFEA,RADHA JAT
VEND_09612611,GRAM PANCHAYAT JHUMKA
VEND_685812CA,RATAN JAT
VEND_0C268923,RAMLAL JAT
VEND_DC9FBC91,AMBALAL JAT
VEND_1CA375D2,GANESH GURJAR
VEND_0D951995,BISHAN SINGH
VEND_82DA7122,GULZAR BIBI
VEND_64045238,DHARM VIR SINGH
VEND_557A6117,SARPANCH GRAM PANCHAYAT KHAMHI
VEND_F9008A31,SHRI GURU KRIPA NARSINGH ASSOSIATES
VEND_FB4594EA,PARBDEAL
VEND_0AAF3127,SAJID K A
VEND_C52C08B8,KULDEEP KUMAR
VEND_3C8A399B,SH SADHAM HUSSAIN SO MOHD RAFIQ RO JANOORI DEHDAH DISTT RAMBAN 182144 CONTRACTOR
VEND_25B66B38,SARPANCH GRAM PANCHAYAT NARSINGPUR
VEND_67077725,VIDYA VIHAR
VEND_D2A7CCE3,BONI TAMEN
VEND_845086E4,GRAMPANCHAYAT KHAROLA
VEND_8F1CEA4E,CH LAXMI JAYSHREE HARI MSSL WAGHOLI
VEND_78FB34E8,CH PANDURANG MSSL SUNDARWADI
VEND_DB4DBA96,SENDHURAN
VEND_E5E46617,GRAM PANCHAYAT UDAKA
VEND_47934F4A,GRAM PANCHAYAT TORANIYA
VEND_0601C870,GRAM PANCHAYAT MAJEVADI
VEND_DF4A8160,RAGHAV INDUSTRIES
VEND_8917518E,OM PARKASH SO RATAN CHAND MISTERY
VEND_DB314A09,BHAWANI CONSTRUCTION COMPANY DHANI BORAJ
VEND_EE536D77,BHANPURA BAAL SIKSHAN VIKAS SAMITI
VEND_3D65B892,PALL IRON AND HARDWARE STORE
VEND_BB86EB3F,SHAM LAL
VEND_ABAB841C,SHRI GANESH WELDING WORKS
VEND_ECA6647A,R S CHINDI CONTRACTOR
VEND_0C344442,SHREE VISHE BHAJE CONTRUCTION CO
VEND_405758F8,KRISHAN GOPAL TELI
VEND_40427971,DURGA LAL
VEND_028B5FD3,LALI DEVI
VEND_5ED9A941,SHREEJI SECURITY AUTOMATION
VEND_3F9264B2,PARSHOTAM LAL SHARMA
VEND_405BEE29,GODARA CONSTRUCTION COMPANY
VEND_CC663609,MANOWAR BANO
VEND_4AF5CAB7,MONA
VEND_E360BC13,RAJESH
VEND_06D778AA,LEELA
VEND_3A0CCA83,SONIYA
VEND_498B5924,DEEPAK
VEND_6E27F78B,LAXMAN NATH
VEND_32AF2D60,HARIOM
VEND_0895DBFA,LAXMAN
VEND_45DC094D,KANCHAN
VEND_C24526BF,SANJU
VEND_069FE573,PARSI
VEND_664723FD,THE SHARAN COOP L AND C SOCIETY
VEND_288C68B4,MADHAV CONSTRUCTION COMPANY
VEND_5DF4E3F7,MUGHAL FILLING STATION
VEND_93E8BFB8,MOHD ZAINAT
VEND_D02BBB5C,NEW ZEBRA CONSTRUCTIONS CO
VEND_C6E87962,LUCKY CONSTRUCTION PRO DHEERAJ RAUT
VEND_B78AAAF2,SHUBHAM GHANSHYAM YENURKAR
VEND_5AD8217B,GANDRATHI MALATHI
VEND_791D40B5,GRAM PANCHAYAT GOLEGOAN TQ NAIGAON
VEND_F9712610,GRAM PANCHAYAT ARAIBAND
VEND_5F38DF7D,SHREE KRISHNA CONTRACTOR AND SUPPLIER
VEND_41F7E81C,GOURAV SINGH
VEND_12ED5168,ANJALI
VEND_57A1DBBF,NELAM
VEND_7755805E,PRAMILA DEVI
VEND_ABA56527,BEENA DEVI
VEND_E9DB255B,VEERPAL SINGH
VEND_62C347FC,PRITHVIPAL SINGH
VEND_ED06C6CF,GRAM PANCHAYAT DULHAPUR
VEND_EFF881CB,GYANDEEP SINGH
VEND_29991180,MULE RAMAMOHAN REDDY
VEND_701ACBFB,PLATIA CEMENT STORE
VEND_0B7B1305,SK CONSTRUCTION COMPANY AND SUPPLAYARS
VEND_D55D9A7C,JASAPAR GRAM PANCHAYAT
VEND_05C11F50,ANANT CONSTRUCTION
VEND_AAD81DC9,JRR CONSTRUCTION
VEND_394D5FA3,SHRI GURU BANKATSWAMI MSS NEKNUR
VEND_A123123F,GP KACHNARIYA ASHTA
VEND_9DB571EB,KALLEDA VINOD
VEND_1D544C99,GP HARNAVDA ASHTA
VEND_9D4A1B01,SVYP CONSTRUCTIONS
VEND_900ED438,GAURAV GAJANAN INGALE
VEND_E097EE7E,SARSWATI VIDYA MANDIR PARTAWAL
VEND_71E95AD4,SHISHU SADAN NICHLAUL
VEND_C0E0ABD4,SARSWATI SHISHU MANDIR SISWA
VEND_C5D0ED85,SACHIN NAMADEV RATHOD
VEND_6C2D519C,BINDRA ENGINEERS
VEND_9D67CCE5,MS MD ENTERPRISE
VEND_63CDD038,MUSHTAQ AHMED
VEND_85D5BB43,MADAN LAL BHIL
VEND_C642960D,PRATAPI BHIL
VEND_F7415009,PUSHPA BHIL
VEND_1CC74BD9,REKHA BHIL
VEND_03C017F6,RAJU
VEND_E0C8CCC3,SUNDAR BAI
VEND_FEB98409,RAMCHANDRA GURJAR
VEND_C5501FDD,PUSHPA BAI
VEND_E7456A94,SATYNARAYAN GURJAR
VEND_9393BDFC,GP CHANAWAG
VEND_0FBBC42E,SH PAYAR SINGH SO LAL MAN RO HOCHAK BANJUNI DISTRICT RAMBAN CONTRACTOR
VEND_338203FA,SMT SHILPA DEVI WO SONE CHAND RO PAPRIYA DISTRICT RAMBAN CONTRACTOR
VEND_83920386,SH SURJEET SINGH SO KAHAN CHAND RO HOCHAK UKHRAL RAMBAN DISTRICT RAMBAN CONTRACTOR PWDJNKCONT202431
VEND_26F9BB53,GRAM PANCHAYAT MARDAPAL
VEND_12BCBE55,PANCHAYAT BARIGAWAN NO 02
VEND_09D90CAC,GD GALAXY INFRA
VEND_A54A598A,SH MANGAL DEEP SINGH SO ARJAN SINGH THAKER RO MAROG TEHSIL AND DISTT RAMBAN CONTRACTOR
VEND_3BA7A00D,GP SULLAH
VEND_689D576B,SHIVA CONSTRUCTIONS
VEND_D55CA15A,P RAJAMANI
VEND_6337A13C,SINGLA SANITARY STORE
VEND_2DA1E52A,SANTOSH SARTHI
VEND_3AE4772B,SHRI RAM TRADING COMPANY
VEND_DB6F6DA1,MAHENDRA
VEND_FF997E97,JITENDRA
VEND_C4ECFB5F,DHARMPAL
VEND_A055354E,MAHAVEER
VEND_DE25BB35,ROTASH
VEND_F81C2414,RAJENDRA
VEND_00DCF16D,SANDEEP
VEND_D13FE0A4,PAPPU
VEND_2113FF12,BALAJI CONSTRUCTION CO
VEND_A3F2D3E3,VIJANDER SHARMA
VEND_48A1BCEC,SARPANCH GRAMPANCHAYAT RONAPAL
VEND_9D81B6B8,RAM PRASAD JAT
VEND_2D4C4A06,SARSWATI VIDYA MANDIR INTER COLLEGE
VEND_AB486347,SHANTARAM VITTHAL SHELKE
VEND_0945984C,MUDDANGULA RAMA KRISHNA
VEND_08D5E03A,KALURAM JAT
VEND_31A9EFA4,SRI ANNAPURNA BUILDING MATERIAL SUPPILER
VEND_F1815E6D,SHEKHPAT GRAM PANCHAYAT
VEND_9833AF83,CHENDHUR CONSTRUCTIONS
VEND_ADE8442D,VADLAMUDI PARVATHI
VEND_B98AD337,YASHODHA MOTORS PVT LTD
VEND_02065E92,SUNNY KUMAR
VEND_DC45FCDC,KAUSHAL BRICKS INDUSTRIES
VEND_13225AC8,DNS WAHLANG MEMORIAL HIGHER SECONDARY SCHOOL
VEND_8C85C032,A SATHYANARAYANA
VEND_DD066B6E,RAJINDER SINGH RANDHAWA
VEND_21E5F349,SAMAGRA VIKAS YOJANA GRAM PANCHAYAT BHUNESHWARPUR
VEND_B513EBD2,HIMANSHU BOOK CO
VEND_CEE635F4,GRAM PANCHAYAT SUKHPUR
VEND_9FBD4E54,NAVAJIVAN TRUST
VEND_99D60CC3,POCKET BOOK CENTER
VEND_91EAD055,GRAM PANCHAYAT JAMBUDA
VEND_6612BDEE,GRAM PANCHAYAT NANI MONPARI
VEND_89D7136F,RAKESH KUMAR
VEND_B538F825,SANTOSH KUMARI
VEND_2F891FBB,RAJAT KUMAR
VEND_B2DDDADB,SHASHI KUMAR
VEND_5B150470,HEMACHANDRA RAJU KONDARAJU
VEND_2101F9F0,SUDIPTA SAHOO
VEND_6D1B6885,THIPPANI RAM REDDY
VEND_61D12B2A,KRUTIBAS NAYAK
VEND_D84B1070,SUSHIL KUMAR
VEND_B5A2D6F3,PRAHLAD KHATIK
VEND_BA2509E6,FUTURISTA ENTERPRISES PVT LTD
VEND_48A1DFB0,NENU DEVI
VEND_2244DFC9,DALU DEVI
VEND_A712299B,RUKHAMO DEVI
VEND_8354F05E,KELI DEVI
VEND_18A50DA0,HARKHU DEVI
VEND_12780552,SUKI DEVI
VEND_9E4306B5,AMARU DEVI
VEND_1E779689,HANUMAN RAM
VEND_66246009,GORDHAN RAM
VEND_152A43F7,RANCHHA RAM CHOUDHARY
VEND_A069C3E2,GRAM PANCHAYAT CHANDO
VEND_569FEE98,RAMA RAM
VEND_CBF6BC4C,GRAM PANCHAYAT GAJADHARPUR
VEND_2D35E802,RAMBHA DEVI
VEND_F78776A6,HAPU DEVI
VEND_185E6D7C,MOUKI DEVI
VEND_92C0DA69,JIYO KUMARI
VEND_FFC7FA05,ACHALA RAM
VEND_DC102089,KAMAL CONSTRUCTION
VEND_0DAFB350,RADHA REGAR
VEND_ADB02C98,SANDEEP MAJ KAM SAH STY LTD
VEND_E5792733,SHRAWAN REGAR
VEND_C35E98F7,VIKRAM KUMAR
VEND_FEE5E2EC,JAMNA LAL REGAR
VEND_C223D814,PUSHPA REGAR
VEND_B4A7927A,RISHAV
VEND_281B80DF,DHARMENDER KUMAR
VEND_F7E8F143,SHER SINGH
VEND_C9537668,SHUBH RAM
VEND_9696213F,SUMITRA DEVI
VEND_763D03A2,VINOD KUMAR
VEND_978E19F1,RADIANCE ELECTRICALS
VEND_84811FED,MADHU
VEND_FF262119,AEN CSD 1 JDVVNL SGNR
VEND_F537103D,THALLA SRINIVAS
VEND_5A4EFA1A,EE EDD BSR RURAL
VEND_5B9B2B1B,IRFAN AHMED
VEND_A13882BD,PRAKASH CHNADRA
VEND_83400007,SAMAGRA VIKAS YOJANA GRAM PANCHAYAT MANPUR
VEND_A77FD448,ASHWINI SANJEEV PATIL
VEND_73EE803F,ALLAMPALLI SURIBABU
VEND_6E165F33,SURESH CONSRUCTION
VEND_3DFE1E9D,SHREE NAGNARAY CONSTRUCTION COMPANY
VEND_D8D8BC60,OWAIS SHOKIT
VEND_FB7A1048,CHOWDHARY ZULKAR NAIN
VEND_777066C0,LIAQAT ALI
VEND_4B1167AD,FARID BUILDING MATERIAL
VEND_0BF0C6AB,AMAR NATH JAIN AND SONS
VEND_58AF15AB,AJEET
VEND_97397FAB,BAVALAVADAR GRAM PANCHAYAT
VEND_DFE49075,GRAM PANCHAYAT BHOOTODI
VEND_34EA944B,KARNAIL SINGH HUSSIANPUR JOHLA
VEND_B97EC479,CHEEMA BRICK KILN
VEND_3E96D607,SARPANCH PAVANDEEP KAUR DAULATPUR
VEND_D06C9048,RAHUL ENTERPRISES
VEND_2B4EAC5B,MAMTA GURJAR
VEND_D98D0847,JAGIR SINGH
VEND_6A3F55E8,GULABI DEVI
VEND_146A1DE1,YERRA DEVARAJ
VEND_4D22FA99,PRUTHVIRAJ GURJAR
VEND_8A7B32BF,GRAM PANCHAYAT UNCHABEDA
VEND_4C7F36EA,KHANPATLA GRAM PANCHAYAT
VEND_18C1D620,ANURADHA PUNNAKU
VEND_0C7DBCED,SHUBHAM SINGH GOUD
VEND_693B77C8,NAVNIRMAN TRADERS
VEND_4145802E,DINNE PRATAP REDDY
VEND_BC07EC39,MANDRUP GURJAR
VEND_8D5039A3,CHUKI DEVI
VEND_BCAF64D8,MS BK BRICKS INDUSTRIES
VEND_7978226D,MANVEER
VEND_A6CC38DC,CHAUDHARY MEHER
VEND_8F14B3FA,MS MAHAJAN TRADERS
VEND_329AF29B,VIJAYVEER
VEND_2704E008,SALMAN KHAN
VEND_011D254F,NEBHNANI STONE CRUSHER
VEND_C75FFD96,GYARSI DEVI
VEND_A3C962EE,BHADUR SINGH GOUR
VEND_93672873,BHAGVAN SINGH SAVNER
VEND_83901858,CHETAK MSS LTD BORGAON BU
VEND_207122E5,SHIVRAJ GURJAR
VEND_0E0BD411,GANPAT LAL
VEND_5DF74EEC,SHIVRAJ
VEND_F0DA9073,S K TRADING CO BABLU
VEND_A1641D8C,DHANANJAY KUMAR
VEND_29C49123,KAVYA CONSTRUCTION
VEND_39FFF62E,JAHANGIR AHMAD KUMAR
VEND_5F420EF3,CMO MUNICIPAL COUNCIL BANKIMONGRA
VEND_AF6C9DD8,SHRI BALAJI CONSTRUCTION COMPANY
VEND_CC3580C4,PARTHA SARATHI PATRA
VEND_9EECA492,MOHD ALTAF MIR
VEND_FEB27820,GRAM PANCHAYAT JANGAL
VEND_A0A6D59E,THE KESHOPURA HANDA COOP LC SOC LTD
VEND_BB836B16,LEKKALA BRAHMAREDDY
VEND_9887DDD9,FERULAL HIGHER SECONDARY
VEND_4BDF6CD7,PRAYAS
VEND_BD5FD0C6,PRAMOD KUMAR CHOUDHURY
VEND_6672122F,SANDEEP MADHUSUDAN MOHANTA
VEND_419130E9,HANUMAN CONSTRUCTION COMPANY
VEND_AC814595,SK CONSTRUCTION AND ENGINEERS
VEND_BAB7B6CB,IATREILANG FISH FARMER FED PRO CO LTD
VEND_6C0FF0D3,NAVAGAM GRAMPANCHAYAT
VEND_5F3F3033,SUMRA ENTERPRISES
VEND_2460D13E,ABDUL REHMAN
VEND_1FA35B02,ASSISTANT ENGINEER O M AJMER VIDYUT VITRAN NIGAM LIMITED LAXMANGARH
VEND_280E7555,TULSI CONSTRACTION
VEND_3952F3AB,GANGOTRI MAJOOR SAHAKARI SANSTHA MARYADIDT
VEND_B26321F9,E MAX COMPUTER EDUCATION
VEND_FA8EF4F5,NANDANVN MAJOOR SAHAKARI SANSTHA MARYADIT
VEND_BA6974CC,GRAM PANCHAYAT KARYALAY SAYAL BHADRA
VEND_C13C11CD,PRASANT KUMAR SAHOO
VEND_7B259059,DHRUBA CHARAN DAS
VEND_8640C25D,REETA
VEND_B7224E5B,DNYANESHWAR SHINDE
VEND_15DD37D2,JAG MOHAN SINGH
VEND_18C7F608,KIRAN PRABHA
VEND_0B940274,GRAM PANCHAYAT NETRANG
VEND_B028BDD4,MILIND MAJOOR SAH SANTHA
VEND_C09256E0,KISHAN MAHAVIDYALAY EDUCATIONAL SOCIETY KHADDA
VEND_7F27F94A,GRAM PANCHAYAT KOKALEGOAN TQ NAIGAON
VEND_887A7F9E,GRAM PANCHAYAT KARYALAYA JAWALA DE LOHA
VEND_8B005816,GRAM PANCHAYAT SUJLEGOAN TQ NAIGAON
VEND_84360311,YOGESH SURESH FARDE
VEND_1C18AA8D,BILDI GRAM PANCHAYAT
VEND_87BAB094,TARUN THAKUR
VEND_AF9DCAA9,GRAM PANCHAYAT BHARI
VEND_BCB7B3B1,NARINDER SINGH
VEND_E15F796F,HAVTAD GRAM PANCHAYAT
VEND_5D72007B,VIRPUR GRAM PANCHAYAT
VEND_4E9F4FDD,VLC PRESIDENT NAGAVARAM GP
VEND_CC5A89AC,SUNIL MANKOTIA
VEND_D7B4BB0E,MANASH CHETIA
VEND_2634FB69,S PRAKASH
VEND_D39F377D,MOHAN LAL SHARMA
VEND_7671D0CD,SOHAL FABRICATORS AND ENGG WORKS
VEND_71E08223,MS SANTOSHI TRADERS
VEND_6B92B8F8,PARAVADA GRAM PANCHAYAT
VEND_C98EF062,SARASWATI SISHU MANDIR TEEGAON
VEND_716AD11A,K B ENTERPRISE
VEND_FCEB5D34,VESANIYA GRAM PANCHAYAT
VEND_6EDEDE34,PACHHEGAM GRAMPANCHAYAT
VEND_D60465DF,GRAM PANCHAYAT DEOGHAD
VEND_00FD5656,GRAM PANCHAYAT PUHPUTRA
VEND_C627A7CA,GANDHINAGAR MUNICIPAL CORPORATION
VEND_14CCD701,CMO CHHURIKALA SANSAD MAD
VEND_B73EDFEB,GOLAVI GRAM PANCHAYAT GOLAVI
VEND_4BF9B0E9,NOKHA GRAM PANCHAYAT NOKHA
VEND_964CD8F8,SIMAR GRAM PANCHAYAT
VEND_133C2A00,JANA CONSTRUCTION PROP PARESH CHANDRA JANA
VEND_61720056,PUSPA CONSTRUCTION PROP HIRANYA MAITY
VEND_4BE6BC54,VENKATESH MAJOOR SAHAKARI SANSTHA LTD
VEND_A021E356,AJOY KUMAR MANDAL
VEND_5007733C,THE KHUIYAN NEPALPUR MALIK COOP LC SOCIETY
VEND_891C2E3F,SAJAD HUSAIN
VEND_BC77464A,SHASWAT CONSTRUCTION
VEND_286DE938,SRI VENKATESWARASWAMI MAHILA PODUPU SANGHAM NAIDUPALEM
VEND_6B69CAAA,THE SWATI COOP LC SOCIETY LTD
VEND_5CB09F47,MOHAMMED KAHAJA RAHAMATHULLAH
VEND_21A5E3F3,NAGAR PALIKA PARISHAD CHOURAI
VEND_9485F176,VIKRANT
VEND_EF6F64B6,DIMPLE
VEND_05E5C5BA,MUKESH KUMAR SWAMI
VEND_F8F8D36E,MUKESH KUMARI
VEND_C30C40FF,KAMLESH SHARMA
VEND_A401170B,AJIT KUMAR
VEND_98A5377A,O L RAVI
VEND_A6E7C8E0,ARJUN KUMAR BAURI
VEND_B09266AA,GRAM PANCHAYAT GAMJU S B M
VEND_254E2341,SHIVCHARAN SHRIRAM RATHOD
VEND_441A01C9,TINKAJ ENTERPRISES PROP TINKAJ KUMAR SINGH
VEND_E8C96655,RANDHIR SINGH
VEND_9FA32DC8,NARAYAN RAMRAO TAMANNA
VEND_0663512C,BHART KUMAR SHARMA
VEND_DFEBD909,JAGDISH MALI
VEND_A1383236,KALU LAL
VEND_70E15B8C,KANCHAN DEVI
VEND_E5E2C118,KHATIK MAMTA KUMARI
VEND_BF0DCB70,PAZHANIVELRAJAN GNANASURIYAN
VEND_2545244E,PAPPU LAL KEER
VEND_3233664A,SANGITA KHATIK
VEND_D7FAF22D,SHARDA DEVI
VEND_829E4A4A,SOHAN
VEND_E4BE182F,UDAY LAL PURBIYA
VEND_E5A6081E,PUSHPA LAL KHINCHI
VEND_6BBCF483,SURESH PURBIYA
VEND_4D978285,GRAM PANCHAYAT MALGUWAN
VEND_9D58C9B2,GRAM PANCHAYAT PIPRA MADORI
VEND_3C9A2F83,TANKALA RAVISANKAR GUPTA
VEND_04702DC8,GRAM PANCHAYAT PIPRA BILARI
VEND_D25E3CF7,GRAM PANCHAYAT TALMAU
VEND_A4BDF1F3,GRAM PANCHAYAT AHAAR
VEND_67830EF0,GRAM PANCHAYAT BANERA
VEND_8B4508F9,PAWAN ENTERPRISIS
VEND_95A8FB6D,SURAJ NANDKUMAR MOGRE
VEND_924FE3BA,TALAGANA VASUDEV
VEND_96EFD005,IK ONKAR SHARTING STORE
VEND_F2DD029C,SAINI SANITARY WARES BATH COLLECTION
VEND_47B9CA35,DEEPAK HARDWARE
VEND_52D8600E,GULFAM
VEND_1E1A162B,TRIPTI ENTERPRISE
VEND_3A9B6BCE,DEVIDAS SAMBHAJI CHAVAN
VEND_030A5672,HALASWAMY A
VEND_0DE0C1F7,KAMDINGLIANA
VEND_46AA321E,LALRINZAMA
VEND_FE1743E1,MS RABIN CON
VEND_0890FE5E,KALOTA SAMAJ
VEND_DA66C0BA,GRAM PANCHAYAT GURSARI
VEND_C8B40BD0,KARANDEEP SINGH
VEND_6843B187,GRAM PANCHAYAT FUTER CHAK 1
VEND_9F760212,ROHIT RAMDAS MEDAGE
VEND_77DC0274,GRAM PANCHAYAT HIRAPUR NAJ SARKANPUR
VEND_B4A21461,GRAM PANCHAYAT IMALIYA
VEND_C74556CA,BAHUBALI ASSOCIATES
VEND_CEEF4D45,GRAM PANCHAYAT IMLANA
VEND_7129704A,GURU NANAK TRADERS
VEND_0F80E46D,GRAM PANCHAYAT KANNPUR
VEND_E58DADA6,HARERAM CONSTRUCTION AND MATERAIL SUPPLIER
VEND_2F1E26A7,MS PRANAV ENGINEERS
VEND_28DBB140,SHIRISH MAJOOR SAHAKARI SANSTHA MARYADIT
VEND_6C9A0B59,ANKUSH PRADIPRAO NACHONE
VEND_9C10D5E0,SAHEB KHA HAMID KHAN
VEND_E800B12B,PRADIP ARUN SHINDE
VEND_8D0A67B4,SHIVENDRANAGAR GRAMPANCHAYAT
VEND_3BA93624,DHAN GURU NANAK CEMENT SANITARY AND SHUTTRING STORE
VEND_C2A10E0C,KRISHNA SHUTTERING STORE
VEND_9DD33D69,GRAM PANCHAYAT ISNAV
VEND_D18D632A,SHIVPAD SARKAR CONTRACTOR
VEND_BC5F6D34,GRAM PANCHAYAT LIMBALI
VEND_43C38495,RAKESH CONSTRUCTION
VEND_FDFA73B8,GRAM PANCHAYAT GADA
VEND_0AC25855,HARIRAM
VEND_948B0BAD,VIDHYA
VEND_FA7332A8,VIBHUTI SECURITY SOLUTIONS
VEND_B8195D8F,RAMKARAN
VEND_9ED72A6B,JAYPAL
VEND_B52D755E,BADO
VEND_E24F6E3C,INDRA
VEND_98BFE466,SUMIT KUMAR
VEND_0EA11D2B,KALU
VEND_698C9634,HARISH
VEND_EF3302D1,JAGDISH PRASHAD
VEND_53E4B726,SANGEETA
VEND_EB42ABC0,KASHI RAM
VEND_2FEF7408,PALA RAM
VEND_FA46E79B,OM PRAKASH
VEND_4DAE2015,RAJAN MAGAR
VEND_F11B0267,BHUPESH KUMAR
VEND_9EEC92BD,D MAHENDRA
VEND_F3725EBE,KHARA GRAM PANCHAYAT
VEND_A0B38D41,SHAMEEM REYAZ BHAT
VEND_F1E2D3F4,ARIF ISHTIYAK SHEIKH
VEND_4039559F,APRJ CONSTRUCTIONS PRIVATE LIMITED
VEND_12FD76DF,LIENMANG GANGTE
VEND_B4B7C2E2,FAROOQ AHMAD BHAT
VEND_CB8B8857,ANUPAM GHOSH
VEND_C0D34A45,ASHISH KUMAR KESHARI
VEND_2D9CD528,RAHIS AHMAD
VEND_891F7D71,GULFAN
VEND_0D1CB490,MOHAMMAD IDRISH ANSARI
VEND_8D13B8FC,SAYDA
VEND_E7F801B8,SOMESWAR NARZARY
VEND_89F51EB3,MS SARVAJEET SINGH
VEND_A08CEFBB,SARPANCH GRAMSEVAK GRAMPANCHAYAT WAKAD TQ KANAND
VEND_2B2E9597,INF RAJ
VEND_4F31F6FC,VENKATACHALAM
VEND_9F1EC9F1,JDVVNL CHOHATAN
VEND_5E5C679D,SHABHRAI MOTI JUTH GRAM PANCHAYT
VEND_AE5DB60E,GRAM PANCHAYAT OCHCHHAN
VEND_83B331F6,GADE KISHAN
VEND_9F1FA691,NAGARAJU PANDIRI
VEND_B7CE9F03,VIVEK HANS CONTRACTOR
VEND_BB0709B4,RANGLAR PRIVATE LIMITED
VEND_6CBF1469,SHIVARATHRI NARESH
VEND_68B9A3E7,SHIV NARESH SPROTS PVT LTD
VEND_358CDCAF,GRAM PANCHAYAT BAMBER
VEND_2D9E1416,ANUPSINGH VIJAYSINGH RAJPUT
VEND_2E720148,ROHIT INDUSTRIES
VEND_EA00D928,GITASHREE BEHERA
VEND_6C45AABE,SHRI DEVKRUPA COMSTRUCTION COMPANY
VEND_EF3E9DB4,PREMI ARTS
VEND_24E5C408,DEVARAM
VEND_5D480428,GANESHI
VEND_BBA6EE0A,GUMANI
VEND_6BAB7FC8,JAI SINGH
VEND_C4B6E031,JEETRAM MEGHWANSHI
VEND_CB32D85D,KALU RAM CHOUDHARY
VEND_9D971CDF,KAMLESH GURJAR
VEND_1106CCD6,KARTAR
VEND_4BC52C63,LALARAM MEGHWANSHI
VEND_522C9F6C,MATRA DEVI
VEND_AE54A5A0,MEVARAM
VEND_7B0EAABE,NAHAR SINGH
VEND_793FA30A,RAMAVATAR
VEND_AE4D0F0A,RANGLAL
VEND_36C6464A,SEETA DEVI BHAMBHI
VEND_32F47AAE,SHANKAR GURJAR
VEND_4FC9974C,SUNIL GURJAR
VEND_A71863BF,DEEPAK VAISHNAV
VEND_D8AED486,GUNJAN
VEND_66278095,YOGESHWARI MAJOOR SAHAKARI SANSTHA LIMITED MANGWADGAON
VEND_7E04B2BA,NAGEN HAZARIKA
VEND_957FBED4,SAHEBJAN SHAIK
VEND_3CD69B1F,GOURU KARTHIK
VEND_A54E923C,GRAM PANCHAYAT KHANORA
VEND_81C10F0A,GRAM PANCHAYAT SIHUNTA
VEND_0031839E,GRAM PANCHAYAT JIYUNTA
VEND_7FBE03E1,MANGTA SHEIKH
VEND_CAA8F08A,NIMAIN ROUL
VEND_F65641EA,SS PLAY FIT AND GYM
VEND_8128C9B2,J S ENTERPRISES
VEND_52B5524B,S K CONTRACTOR
VEND_B4CAEFA3,SUBASH
VEND_C916D142,ROHAN
VEND_AC8A43CF,ARTHI DEVI
VEND_262F5BDD,NEHA
VEND_4C65662C,NITIN SINGH
VEND_5B2AAF7B,SAUMYA
VEND_21125778,NISHA CONST PROP MACHINDRA M PUJARI
VEND_F8331CEC,DURYODHAN BEHERA
VEND_4EC9B6D3,RAHUL DEV
VEND_BDD4000E,MUNAGALA NAVYA
VEND_F23A9A9E,SARATH S
VEND_7E7B4643,JAGDEV SINGH
VEND_8CCEB1FE,KAUSHAL DEVIDAS HARPALANI
VEND_51517A08,SUNUTA
VEND_8CF7EEBD,OMPATI
VEND_5473481C,AMITA KUMARI FAGERIA
VEND_B201DF95,VIJAY PAL
VEND_16306F41,SATVEER
VEND_FD6B1AD4,VIJAYANTA
VEND_92EA1E34,PUSHPENDRA
VEND_3FAE74BF,YOGITA
VEND_923BD554,MOHER SINGH
VEND_FBA5DF74,VEER TEJA CONSTRUCTION COMPANY
VEND_85B0ED9D,VILLAGE LEVEL COMMITTE PRESIDENT POLLOPALLI GP
VEND_D45DD7D3,MIYAN BROTHERS
VEND_536E17C5,UNNATI CONSTRUCTIONS
VEND_B5FC7E89,KULWINDER KAUR
VEND_00521846,GURU NANAK TILES
VEND_AD74CEAB,GRAM PANCHAYAT BERI KHURD
VEND_71EA996A,KHAMBHDA
VEND_DAA50647,VIJAY KUMAR
VEND_21227838,JVVNL INDERGARH
VEND_7AB44E4F,GRAM PANCHAYAT HARPURA MADIYA
VEND_400B6588,MENKA YADAV
VEND_9DA1FE53,M ANJENAYA REDDY
VEND_29CF03AE,MD BENAJEER AJMAL ANSARI JE NREP LATEHAR
VEND_F099D893,SHIVSHANKAR MAJOOR SAHKARI SANSTHA MARYADIT
VEND_CB20B6D0,SAKARIYA GROUP GRAM PANCHAYAT
VEND_C83C0A2C,EDD MZN
VEND_28C61CE4,JVVNL TALERA
VEND_A91B5E23,ADAPA THAMMANNA NAIDU
VEND_B5DF8D13,DEVARAJA D HARALAHALLI HNP
VEND_F16F2E33,RTO SAMBALPUR
VEND_9A8AFE47,KARUPPAIAH T
VEND_519ED6C6,KHUADA GRAM PANCHAYAT
VEND_CF51F0CC,SAGAR SINGH
VEND_8799F9E4,SUKHCHAIN SINGH
VEND_55C416AF,TARUN VIJAN
VEND_71F08804,SUNDARAM YADAV
VEND_3BBC0640,CHANDA DEVI YADAV
VEND_B5B0EE7C,NISHA YADAV
VEND_F945E261,JITENDAR KUMAR YADAV
VEND_84913435,AANCHI DEVI
VEND_9346F5AA,THE HARIT COPERATIVE L AND C SOCIETY LTD
VEND_695B6DAE,GRAMPANCHAYAT WADALA
VEND_FBE1FB95,KAKAR ASSOCIATES
VEND_5457DD3E,FAROOQ AHMAD WANI
VEND_64D9A94D,KARTIK CHANDRA MAHARANA
VEND_7ECB4F4F,GRAM PANCHAYAT PUNI
VEND_37CF8B92,MANOJ KUMAR SWAIN
VEND_212B9DA7,NILESH SHIVAJI KADAM
VEND_0A680F61,K BALA SUBRAMANYAM
VEND_C7210CAC,GRAM PANCHAYAT BANJI
VEND_36C6A6A5,OM STEEL
VEND_CB10C4DD,CHANDRABHAGA CONSTRUCTIONS
VEND_52ED591D,K TABREEZ KHAN
VEND_4FDD6242,K L RAVIKUMAR
VEND_2874805B,SINE DUKU RAJI
VEND_F2DF51BC,GRAMPANCHYT SHIVANKHED KH
VEND_F41E3DE1,KODITHYALA PADMAJA
VEND_C308D9F6,GRAMSEVK GRAMNIDHI G K MOKHANDI TQ UMRI
VEND_CA878162,BASHIR MOHAMMAD
VEND_F9F7D2C0,BALBIR SINGH CO
VEND_F146318E,SANDIP SAMPATRAO SHINGADE
VEND_5CED8CEE,NONGLATEM SECONDARY SCHOOL NONGLATEM
VEND_4E9B4179,GRAM PANCHAYAT GHONGHADIH
VEND_256AC5DA,BHATIB GRAM PANCHAYAT
VEND_5C7858D1,JANTA SPORTS
VEND_FE692A76,GRAMPANCHAYAT PHONDAGHAT
VEND_6FBF8C76,SANTOSH KUMAR DAS
VEND_92782FF5,R CHINNADURAI
VEND_C1A581F7,BALIRAM UTTAMRAO PUYAD
VEND_CCEA70BE,GP PINGLA MPLADS
VEND_CE9D4288,DARSHANA KAUR SARPANCH JUGLAN NEW
VEND_F88B0CEA,OM DEEPAK DESHMUKH
VEND_979B66A5,SIDHU BKO
VEND_4F6ECC9D,HINDUSTAN TRADERS
VEND_528A305D,KALSUBAI ADI MAJOUR SAH STY LTD WAKI
VEND_B6057ACD,BOLUNDRA GRAM PANCHAYAT
VEND_21C72B8B,MS GANESH CEMENT STORE
VEND_E583A80F,HARENDRUMA INFRASTRUCTURE
VEND_06E85B27,SHAINA IRON STORE RITU
VEND_78B6640F,PRESIDENT VILLAGE LEVEL COMMITTEE JAGUVARIPALLI GP
VEND_323C5468,SHABARI CONSTRUCTIONS
VEND_DDBC6BE3,GRAM PANCHAYAT DOOBDEI
VEND_9822F927,KKS CONTRACTOR
VEND_8AA0A2AC,VANDHIYA GRAM PANCHAYAT
VEND_AECF75F4,JUNA KATARIYA GRAM PANCHAYAT
VEND_95582F17,GRAMIN MAHILA MAHAVIDDYALAYA RANIPUR RAZMO
VEND_DEBAE11A,SARRADA MOTOCORP LLP
VEND_B6C93FA1,S BHASKAR RAO
VEND_0D48E142,VLC PRESIDENT NEELAKANTARAOPETA GP
VEND_6AD75307,NAVA ISHANPUR GRAM PANCHAYAT
VEND_3B9A383E,BHAVYA ENTERPRISE
VEND_A1AF8B51,NAVAGAM GRAM PANCHAYAT
VEND_EC292109,SRI GANESH ENTERPRISES
VEND_40264F56,PREMIER ENGINEERING WORKS
VEND_B69DD43D,PWAN KUMAR
VEND_235FEF1F,KHINCHIPURA CONSTRUCTION
VEND_B07ACF03,MS J B PRADHAN
VEND_E79ED76C,MAHI ENTERPRISES DHARMENDRA KUMAR
VEND_370FC443,ASSISTANT ENGINEER GYALSHING DISTRICT ZILLA PANCHAYAT
VEND_B6D3B6DF,VARIETY STATIONARY STORE
VEND_5CF37909,GRAM PANCHAYAT MOICHARNI
VEND_BAC39CE0,SUYOG SURESH THAKUR
VEND_19547801,AWADH INTERNATIONAL ACADEMY
VEND_5B925197,PARASH KHATIWODA
VEND_85DCF778,ACHARYA SHREE SURAJBA HIGH SCHOOL
VEND_17EE57AD,INDERPAL SINGH
VEND_A22B03AA,LAIMBER RAM MASSN
VEND_C39A1A0B,MANJIT SINGH
VEND_921A9A82,HEADMISTRESS HOLY FAMILY HIGH SCHOOL PARAMPUZHA
VEND_84DD4C64,YEDAV CHANDRA SEKHAR
VEND_26580E09,MASRAT SIDIQ GILKAR
VEND_67AC1326,PARVAIZ ENTERPRISES
VEND_6731CA91,BABOO LAL MEENA
VEND_A64B7CA2,SD ENTERPRISES
VEND_739493DB,ANKAJ TRADERS
VEND_59E3000A,GHASIRAM
VEND_3BD26B3F,JAGDISH
VEND_B0FD9E8C,NAVDEEP
VEND_2A8A71EA,SUDHIR
VEND_DCDF3AFE,DHARMVEER
VEND_E73EFEE2,NEERAJ
VEND_619E2675,MANDEEP
VEND_B1FB1530,DEVAKI CONSTRUCTIONS
VEND_0A9AFB78,GUNCHHALI GRAM PANCHAYAT
VEND_0A9AEA96,MARIRAJA N
VEND_BAB61005,BALVEER SINGH RATHORE
VEND_0CF1E614,RANCHHODPURA GRAM PANCHAYAT
VEND_7948CAFB,RAJNI
VEND_89F3C1D4,MONIKA PANT
VEND_DF0ADC06,ROJKA GRAM PANCHAYAT
VEND_D310DB78,KIRAN RAWAT
VEND_763E1C86,GEETA
VEND_B7EE01EF,KHODLA GRAM PANCHAYAT
VEND_FBC3C3A3,CHANDR PRABHA DEVI
VEND_C3717B66,SHRI BALAJI SERVICES
VEND_EEAFD83E,UDYATI CONTRUCTION
VEND_B47AB626,GRAM PANCHAYAT BORIACH RAJWADA KAMBADA
VEND_EF0126BF,GRAM PANCHAYAT KHOHIR
VEND_D5EB9F05,SARPANCH GRAM PANCHAYAT NAGDHARA
VEND_AD506534,GRAM PANCHAYAT WADA
VEND_31518467,VISHAL PANDIT SHINDE
VEND_945B0265,SANCHU MAYA RAI
VEND_3B51A09D,BOSS FITNESS EQUIPMENTS AND FOODS
VEND_0813B94E,ARIFUDDIN MOHAMMAD
VEND_BCF5A36B,TALWAR MILL STORES
VEND_8EAEF92B,GRAM PANCHAYAT CHIKANA TQ DHARMABAD
VEND_14887C4D,PARVEZ IQBAL
VEND_77AFE7B1,BALAJI CONSTRUCTION LAMBI AHIR
VEND_E809444B,SWAROOP BHAUSO MORE
VEND_9C093496,MK AND CO
VEND_20D940C0,GRAM PANCHAYAT TARVADIYA VAJA
VEND_12BC45EE,SARSWATI SHISHU MANDIR PADRA CHANAKYAPURI REWA
VEND_28E2688F,GRAM PANCHAYAT BORDI INAMI
VEND_47316CC2,D S BUILDERS
VEND_0A36CA66,VARAD
VEND_97657655,NANI BHATLAV
VEND_1103FE9F,ISHANPOR
VEND_C622B32A,SARPANCH GRAM PANCHAYAT BAGDUMAR
VEND_F695DFB9,GURMEET SINGH
VEND_CF475784,TURAKA RAJA
VEND_9894158D,FATEHABAD
VEND_772CC95A,KANCHUMATI NARESH
VEND_8E6EE9E7,SHIVA SPUN PIIPES
VEND_858F0B9C,MUNJAKHEDI
VEND_B954F699,SARPANCH GRAM PANCHAYAT JHHARGUDA
VEND_DA1F44D1,GRAM PANCHAYAT SURERA
VEND_509024FC,J S BATTH CONTRACTORS
VEND_2C94F94E,PATAN GRAM PANCHAYAT
VEND_B0E3C919,MS KSK AND CO
VEND_847B948A,BHASKAR BRAHMA
VEND_E30A2C83,VIRVIDARKA GRAMPANCHAYAT
VEND_4896ACF4,ALCON CONCRETE PRODUCT
VEND_9CCFD827,VLC PRESIDENT RAJUKUNTA
VEND_80884429,PARMAR IRON STORE
VEND_C79EB532,GRAM PANCHAYT KOTRA
VEND_C2DFFECC,PHIGOTRA BUILDING MATERIAL
VEND_8954555F,SHRI AMAR CHATTRAWAS NAGAUR
VEND_7CFF3A7C,MR SUBHASH INTER COLLAGE BEGAM GANG UMREE BEGAM GANJ
VEND_BECD876E,CRDS CONSTRUCTION COMPANY
VEND_FEE80B8F,PERIYASAMY PERIYANNAN
VEND_BF644FFA,SYED ABDUL GHOUSE
VEND_31E0E4B5,HARIHAR GOUDA
VEND_7205A7E3,GRAM PANCHAYAT MOTISHERADI
VEND_E6031BC0,MOHIT EKANATH SHINDE
VEND_F16FEEA8,JATADHARI BHOI
VEND_970AFF25,JEBIN JOHNSON
VEND_58A4FF15,SAVADH MAHADEV DUDHAL
VEND_DF1F1CC4,PANKAJ TULSHIRAM NAIK
VEND_209E813D,THAKUR CONSTRUCTIONS
VEND_C4E51274,DAYAPAR GRAM PANCHAYT
VEND_F7755693,GRAM PANCHAYAT DHORAN PARDI
VEND_F6C10517,GRAM PANCHAYAT VICHARPUR
VEND_D724E4A1,GRAM PANCHAYAT LACHHANPUR
VEND_AD27E624,VAKA VENKATESWARULU
VEND_C8DCF2A8,TABA NETA GOYANG
VEND_A7B31642,JANTA STONES PVT LTD
VEND_2D631936,SHARDA MOTORS
VEND_E2E1E070,PADMANABHA VEERAKAMBLA
VEND_36FE8BC9,NANI VAVDI GRAM PANCHAYAT
VEND_3B2F3FBB,SHRI KOTHARA JUTH GRAM PANCHAYAT
VEND_000CF66F,GANGA REDDY TANAKASHALA
VEND_7094D6B7,HARI TRADING COMPANY
VEND_7B918539,LAKSHAY ELECTRICALS
VEND_95DF8322,RAJAN VARGHESE
VEND_B67858DC,V U ASSOCIATES
VEND_CD593E92,THULASI
VEND_D3F85406,JORAPURA GRAM PANCHAYAT
VEND_4BCDCDF9,LAXMAN MEENA
VEND_3628D20D,GAJENDRA SINGH
VEND_ED5ABBFA,BONDLA VENKATI
VEND_8367B462,HEMRAJ GURJAR
VEND_4635AEA8,DWARKA DASS MOHAL LAL
VEND_8CE63227,BABA DEEP SINGH CEMENT STORE
VEND_1A257B50,METTU SRINIVAS REDDY
VEND_A3968D1C,DARSHAN LAL AND BROTHERS
VEND_8BDA224E,SHANTI KUNJJ SHIKSHA SAMITI TEJGAD
VEND_699CD69F,ZEAL INTERNAYIONAL
VEND_00E7D78A,ROCHAK KUMAR JHA
VEND_14725CC3,ODA GRAM PANCHAYAT
VEND_BF6B25CC,SUNIL KUMAR SHARMA
VEND_CC8AFA62,BHIM CHAND
VEND_C13A2F06,GARG IRON AND HARDWARE STORE
VEND_E6B64F6B,VIJAYANAGARA NIRMITHI KENDRA
VEND_5D6DD2A4,CHOUHAN BRICK COMPANY
VEND_0AE74CE3,ASSITANT ENGINEER DEV ZP SUB DIVISION BIJHARI
VEND_F553AA42,CHETAN SHARMA
VEND_942A8F57,RAM KRISHAN SINGH
VEND_1115C575,BHATIA TADING CO
VEND_E4045644,ELIZABETH S MARAK
VEND_8076DF1B,REZINA R MARAK
VEND_A4C6F5E7,SUJIT KUMAR JENA
VEND_5DF3BEFD,MS DORMOM ENTERPRISES
VEND_1E9D86F8,AVTAR SPEECH AND HEARING CLINIC
VEND_7318FE3B,MS TUMI LONMO ENTERPRISES
VEND_FE9D780F,ADITYA ENGINEERS
VEND_903ECED5,ARIHANT INDUSTRIAL CORPORATION LIMITED
VEND_F8F31BB5,S SATYANARAYANA
VEND_35A39127,SHREE SANKALP KRUPAMKSSM
VEND_D751033B,J V TRADERS
VEND_7172CB24,KRUSHNANAGAR GRAM PANCHAYAT
VEND_48806C93,H M SATANI
VEND_2581DC1D,PRAKASH TAYSAM
VEND_B0D4A4FB,GODADATI VENKANNA
VEND_87CA523F,PAWAN KUMAR SINGH
VEND_92F72189,MITTAL TILES
VEND_6A2B1A61,LAKH ENTERPRISES
VEND_5AB99F70,JITENDRA MISHRA
VEND_2310EE00,MUKUL DURGAPAL
VEND_2D1CF41C,VIVEK PANDEY
VEND_F4A5DB6B,KAMAL POKHARIYA
VEND_217BCB48,SUNIL BHATT
VEND_88F8BB66,JAGDEESH
VEND_9194CE73,FASIAL KHAN
VEND_A2D62B98,ATMA HARDWARE CEMENT STORE
VEND_88E4A69D,GRAM PANCHAYAT NIGHAVI
VEND_1236DD67,NIRMITHI KENDRA YADGIR
VEND_B21F2FE7,ABDUL AZEEZ POONTHALA
VEND_A7B15AAE,DAHIDA GRAM PANCHAYAT
VEND_763222E5,GAJANAND
VEND_1436E9BF,DEEPA RAM
VEND_D60688E0,SHYAM SUNDER
VEND_1DC3EB01,GANGA RAM
VEND_36FA3612,SHIV LAL
VEND_C759053B,SHYAM LAL
VEND_61A16A3E,CHAGAN LAL
VEND_F67F0AED,DALEEP
VEND_54574B0E,KS CEMENT STORE
VEND_A3BADD4B,PRATIBHA M S S LTD
VEND_AD03852F,MP LAD SAMIRPUR
VEND_E8F0AC25,CAREVEL MEDICAL SYSTEMS PVT LTD
VEND_CBC8F14E,MANJERI MEDICAL COLLEGE GOVERNMENT EMPLOYEES CO OPERATIVE SOCIETY LTD
VEND_F06E5E3C,FOCUZ COMPUTERS
VEND_5D80F794,ARTISANS DEVELOPMENT CO OPERATIVE LTD
VEND_33B507A6,MEDIWAY HEALTHCARE
VEND_0DB116B3,MEDITECH CORPORATIONS
VEND_49AB1292,MEDILINE SURGICALS
VEND_68587FC0,BLAZE SYSTEMS AND SERVICES
VEND_EDC3189F,STARCARE MARKETING AND SERVICES
VEND_6BD34BE1,INSTROMEDIX INDIA PVT LTD
VEND_2E6B8ED6,VANKHUTA GRAM PANCHAYAT
VEND_DC8A5AB6,MUHAMMED FASIL
VEND_C48F043A,MS RTS ENTERPRISES
VEND_89B6A0CE,SHRINATH ASSOCIATES
VEND_744236EA,SHREE BARAH KHAMBA STONES
VEND_9CBEA353,SHUBHAM DHANAJI THORAT
VEND_B0C5BBF9,R K ENTERPRISES
VEND_66AA3DCF,FERNANDO LYNGDOH
VEND_369D6E11,ST MARYS SECONDARY SCHOOL
VEND_5F73F17A,GRAM PANCHAYAT KARSU
VEND_D2C2033E,HEAD MISTRESS ST MARCELLINAS GHS NATTASSERY
VEND_94C7E23D,H LALBUATSAIHA
VEND_5BCF9AA4,MS BSL ENTERPRISES
VEND_29D6A229,RAMA BRICK WORKS
VEND_A2E26E97,AARTI AND COMPANY
VEND_D606FA0E,YUVAK MANDAL SAGNEHER
VEND_360C84B8,DHARAI GRAM PAMCHAYAT
VEND_37EE45D2,NALLA KRISHNA CHAITANYA
VEND_A82D081F,MS DOYING BOTE ENTERPRISE
VEND_1F105A30,MS TEKSENG PRINTING ENTERPRISES
VEND_9C54762E,PANKAJ THAKUR
VEND_4109FFCE,SEIJAL ENTERPRISES
VEND_0B346156,NIVRUTTI RAGHUNATHRAO BOBDE
VEND_3E013862,AEN JDVVNL
VEND_25C6D027,V KARUTHIRUMAN
VEND_FA80B937,GRAM PANCHAYAT SAHANPUR
VEND_B1ADC016,PREETHAM GANESH
VEND_7D89D925,GANGA ENTERPRISES PROP PRIYESH KOTHARI
VEND_643DD3EA,GP TRILOKNATH
VEND_C656A0E0,NARMADA FURNITURE AND INTERIOR
VEND_7C7C8228,JUMMI TAIPODIA
VEND_A411ADE3,RIAZ UL HAQ
VEND_5022997E,RAJESH KUMAR CONTRACTOR
VEND_E47CD9AD,SHREE CHAMUNDA CONSTRUCTION COMPANY
VEND_CCEBDD46,NAVA MALANIYAD GRAM PANCHAYAT
VEND_187CCF77,BHANDARI AUTOMOBILES PVT LTD
VEND_113A9DCC,GRAMPANCHAYAT JASAPAR
VEND_04AEEE98,MEHRAJ UD DIN BADROO
VEND_1098E8AA,MOBHA PANCHAYAT
VEND_3CA6ECE8,BANOTH SUDHAKAR
VEND_87C2F6AF,MOHAN LAL MEENA
VEND_91565556,VINITA
VEND_38038569,SINGHAL IRON STORE
VEND_26ABDDCE,KHELBAI
VEND_072CFA37,SIDHARTH MEENA
VEND_22C6DBFD,DAAKHBAI
VEND_04DB70FA,MEHAR SINGH AND SONS
VEND_671C7954,PUNIT KUMAR
VEND_C7721190,HARI SINGH MEENA
VEND_662E6A3F,MEERAI ELECTRICALS
VEND_8DA7A15B,SHRI SUVISHWA ELECTRICALS
VEND_D978DAAB,GRAM PANCHAYAT KHALKHANDVI
VEND_E895F371,VIBHA ELECTRICALS
VEND_DA4C5F8D,GP DHIRAR
VEND_B2738B8F,GRAM PANCHAYAT DIVI
VEND_70FBF27C,PITAHADIYA GRAM PANCHAYAT
VEND_D4F9BA05,SHREE RINARI GRAM PANCHAYAT
VEND_A03F8908,GRAM PANCHAYAT JOGIBANDH
VEND_93EC9EA8,YESHI CHODEN SUNICKJEE
VEND_FC3BDCEF,SHRI GANESH MAJUR SAHAKARI SANSTHA MARYADIT
VEND_2F0F19CC,AADISHAKTI CONSTRUCTION
VEND_8EB89529,ANEESH K P
VEND_B35F4835,KURVA MALLAIAH
VEND_B6746274,VANGAL SEETHARAMI REDDY
VEND_7C5962A1,SARABJIT SINGH
VEND_AC839A43,N J ENTERPRISES
VEND_4B16F7D4,S DILIP KUMAR REDDY
VEND_A4E6F376,RAMCHANDRA YADAV
VEND_D4EA0196,SHAZIA KOSSER
VEND_A0BEBCCE,JUNIOR ENGINEER BARGARH BLOCK
VEND_10A61079,BRILLIANT MOTOR AGENCY LLP
VEND_8C7E7A33,YASHVI TRADERS
VEND_83457A5E,JIJAI MAJOOR SAHAKARI SANSTHA LTD
VEND_04A6688A,SHAYMALENDU MONDAL
VEND_107AC505,KUMAR ANURAG
VEND_6565199F,KRISHNAVENI LOGANATHAN
VEND_E9EB517B,JHALANI MOTORS
VEND_516AFA15,VEER NARMAD SOUTH GUJARAT UNIVERSITY GENERAL FUND
VEND_54AEAAFD,RANI RANI MAJRI SARPANCH
VEND_905A5A04,GRAM PANCHAYAT GALALIYAWAD
VEND_F269F6C3,HARIYALA GRAM PANCHAYAT
VEND_286255AA,SURANA ASSOCIATES
VEND_1D8F4054,VRAJPAR GRAM PANCHAYAT
VEND_F8DDA696,SANJAYA KUMAR MISHRA
VEND_C44B9D6E,M SIVA SANKAR PRASAD
VEND_F2AC24C7,PRABHUJI CONSTRUCTION
VEND_8ED61790,JUNIOR ENGINEER SANKHA
VEND_68316AC8,BASHANLING NONGRUM
VEND_76AF81E8,HARSIDDHI CONSTRUCTION
VEND_633F7EDC,NATIONAL BOOK STALL KOTTAYAM
VEND_7FD610A7,JAI MAA SOLAR SYTEM
VEND_13B95811,MR VENKATA SUBBA REDDY SURAM
VEND_06D23DE9,PAVAN CHARANDAS CHAPLE
VEND_9FEC7F0C,PRAKASH CONSTRUCTION COMPANY
VEND_915C4715,ASSISTANT ENGINEER 1 PREETIMAYEE
VEND_83798196,PABAN DUTTA
VEND_A43D91C8,P VISHNU VARDHAN
VEND_C544A075,NEW SAGAR MAJOOR VA BHANDHKAM SAHAKARI SANSTHA MARYADIT
VEND_F66523C1,DEVANAND ALLAPURAM
VEND_C368C2E2,RUDRA ENTERPRISE GANDHINAGAR
VEND_48C25277,NEELESH JAIN
VEND_EE7AAF00,SIKANDER SINGH CHIB
VEND_775E64A9,DHNNA JATT TRADING COMPANY
VEND_C1F529A9,PHILLIPS INTERNATIONAL
VEND_6827E131,PARAS RAM SOM NATH BARNALA
VEND_3764CD52,GRAM PANCHAYAT PETLA
VEND_6BEE721C,M KUMAR CONSTRUCTION COMPANY
VEND_EC12DF2E,YASHPAL SINGH MAHARA
VEND_C60F1DA1,BDO BHARMOUR MPLADS
VEND_FD6AB460,MS SUKHDEV PARSHAD MAINI AND COMPANY
VEND_69AF37B8,PREM KUMAR NIKHIL KUMAR
VEND_320ED36E,G SOMARAJAN
VEND_EB1EDF15,SAHIRUL HISAB
VEND_4E5C74E5,MOUSUMI BANIK
VEND_55C2D181,SECRETARY GRAMPANCHYAT KARKHEDA
VEND_4992BB98,DORBAR SHNONG IEWMAWIONG
VEND_BB9DF989,DURAI V
VEND_7736C52F,SHIVSINGH MEENA
VEND_29E84C3F,RAMNARESH MEENA
VEND_951755C1,RASHMI MEENA
VEND_0487CC98,SURESH
VEND_D6608D6D,MS THONGDOK ASSOCIATES
VEND_C4D5142D,FAROD GRAM PANCHAYAT
VEND_633D830E,SUMITRA KAUR
VEND_C402619D,VISHWKARMA INTERLOCK TILE
VEND_0EBB610E,JAIN SANITARY AND HARDWERE
VEND_53F7500A,SANDEEP CEMENT STORE
VEND_CBFDF9CE,MANJEET SINGH
VEND_6A18ECA7,BACHCHU SINGH
VEND_A60E0798,GRAM PANCHAYAT SIRAS
VEND_D3D85284,HELABELI GRAM PANCHAYAT
VEND_9AF91462,MALANAKA GRAM PANCHAYAT
VEND_102BC4B5,L P ASSOCIATES
VEND_C9BDB931,SATYAM CONSTRUCTION
VEND_8BE592F6,MURLI MANOHAR JOSHI
VEND_7FB0FA91,IT PROFESSIONALS CO OPERATIVE SOCEITY
VEND_5278D806,GRAM PANCHAYAT KAKUNPURA
VEND_CF2C8945,DHILLON BRICK
VEND_BE0F7108,ANUP JYOTI BORA
VEND_83C656BE,DREAM ENTERPRISE
VEND_DB65D492,THEETHAPILLAI P
VEND_7D5B0DC8,MEGHPAR GRAM PANCHAYAT
VEND_149F80E7,SHIV STEEL CONTRACTOR
VEND_781BE43D,NIRMALA JOSHI
VEND_B8933F56,SHRI GURU ARJAN DEV JI
VEND_58D47B72,BHUWAN CHANDRA
VEND_DAE4FC64,VIVEK JOSHI
VEND_462486FF,SANKHALA GP
VEND_9D35CD42,RIYAS ALI
VEND_9F71A6BE,BALJIT KAUR
VEND_75F8DC3D,CHEEMA PAINT BULDING GUJJARWAL
VEND_67ECBC00,H LIANTLUANGA
VEND_0F459991,AKHAJ GRAM PANCHAYAT
VEND_145672B6,MOHD IKRAMUL HUSSAIN
VEND_A3E42838,OLI ULLAH KHAN
VEND_516D6ED3,MUKHYA K J P PONDI UPRORA
VEND_FE7F9DC4,KARIPE VILAS
VEND_D297C9F3,RAMPAR ABADA
VEND_E6CF25A1,MANTHENA GANGAREDDY
VEND_8AC7541E,MS S K CONSTRUCTION AND SUPPLIRE
VEND_F5181B2A,MS PREM CHANDRA
VEND_C196BF58,SHRIKANT DATTATRAY GOLESAR
VEND_49838E28,DALBARA SINGH
VEND_399AE8E2,KUBER ENTERPRISE
VEND_60964D44,KRISHNA MARBLES
VEND_33225E5F,CHARANJIT KAUR
VEND_4627E71C,SURYA ENTERPRISE
VEND_5AA6EF19,SHRI BALAJI CEMENT STORE
VEND_D5C0A57E,VIVEK VINOD PAKHAD
VEND_6A59B4ED,GRAM PANCHAYAT GOPALPUR
VEND_2B6EE323,SHRIYOG ELECTRICALS
VEND_9EBE8D29,JAGDEEP KAUR MEHTON
VEND_C4B68FC2,AMRIT BRICK WORKS
VEND_F94BED17,MUNDRA AUTOMOBILES PRIVATE LIMITED
VEND_506905A1,GP KUTHED BUDHODA
VEND_FB7189ED,JAGWINDER SINGH
VEND_D0123B86,KRISHNA TRADERS
VEND_D7C4EA19,MS ASHUTOSH ELECTRICALS YAVATMAL
VEND_668BEF4B,HARBANS KAUR
VEND_C666CF64,MS A S ENTERPRISES
VEND_79CE26C9,EUDD 11 KV LT
VEND_AF39139F,MS KUNAL ELECTRICALS CONTRACTOR YAVATMAL
VEND_0F2BF6E8,SENG KYNTHEI LAWSOHTUN
VEND_A42D62F6,CHARBHUJA CONTRACTOR
VEND_97DDD2CB,MAA TARA ENTERPRISE
VEND_E8BEFAE2,R Y ENTERPRISE
VEND_5DC8A0D8,MANMEET SAHEJPAL
VEND_6271E1AF,K TECH SYSTEMS
VEND_94180ED4,SONU CO OP LABOUR AND CONST SOCIETY LTD
VEND_E498BE4B,PONA HANG LIMBOO
VEND_594DF087,RAJENDRA KUMAR
VEND_92EC8AE4,JASVIR SINGH MASSEAN
VEND_DF2B4D5D,BISHESWAR ROUT
VEND_105A952D,GRAMPANCHAYAT KARYALAYA BASPUR
VEND_C798AAA6,GRAM PANCHAYAT BUDHANBHATH
VEND_B1A91835,LAMKYRDAN SUNGOH
VEND_19E3D194,ELMOON SURONG
VEND_91A682B1,FERMANUS SYIEMIONG
VEND_5DD8AEAB,RIBOK KHARPRAN
VEND_2FC47857,TREIBOR KHARPAN
VEND_DDC6590D,ANIMESH NARENDRA KEER
VEND_1EA36D02,VAV JUTH GRAM PACHAYAT
VEND_CBF14715,SUMARLANG LYNGDOH
VEND_0F9C2AC1,GRAM PANCHAYAT JORNANG
VEND_F3DC5C1A,GRAM PANCHAYAT JAALAT
VEND_8879A310,MS SUDHEER TRADERS
VEND_9FC109BA,GANESH MAJUR SAHAKARI SANSTHALTD LINGNOOR
VEND_55EC41DA,SHRI BALAJI MAJUR SAHAKARI SANSTHA LTD
VEND_98847590,GIMMY PAULOSE
VEND_B01684F7,KANDA JUTH GRAM PANCHAYAT
VEND_72C74619,P SAJEEVAN
VEND_8D4EB51B,GRAM PANCHAYAT SANKRA
VEND_7921AB59,GRAM PANCHAYAT MONGRAGAHAN
VEND_04856023,SKMBIC DILDARNAGAR
VEND_9519A710,SALASAR ENTERPRISES
VEND_9F63032F,BLUENEST SERVICES
VEND_AEFAB437,SHREE JI ENTERPRISES
VEND_EAA62E35,CHHOTALA SAFETY PRODUCTS PVT LTD
VEND_3FA9898D,DORBAR SHNONG MADAN AND RIAT LABAN
VEND_C08E9D74,GHANSHYAMPUR GRAM PANCHAYAT
VEND_6F58460D,AMANPREET SINGH
VEND_D101B15C,SAI GANESH MAJUR SAH SANSTHA LTD KHAMBE
VEND_6DCCBCC4,SAMEER ENTERPRISES
VEND_B19E607B,SHASHANK PRAMOD LINGRAS
VEND_4F6D57E8,MENTIZ INFRATECH INDIA
VEND_7ECCAB09,THE MANGWAL COOP LABOUR AND CONSTRUCTION SOCIETY LIMITED
VEND_2853D28A,OPET TAGGU
VEND_618E1105,T R ENTERPRISE
VEND_3FF84BBC,SHAILENDRA HINDURAO UMBARKAR
VEND_A3CBE6D6,RANJITPAR GRAM PANCHAYAT
VEND_9AF30420,DEVENDRAPPA
VEND_0B2C35C8,CEO JANPAD PANCHAYAT KORBA PMAGY
VEND_838BCE43,MOHD RIZWAN MOHD NAZIM
VEND_B583950A,GP KUWAR KOTRI JP NARSINGARH
VEND_28DEE3F4,GP MANDAWAR JP NARSINGARH
VEND_0B75C357,MUTHYALA SAI TEJA
VEND_90D36D9E,SANGRAM KESHARI BEHERA
VEND_AC7E071A,MS NIMA ENTERPRISES
VEND_3BC09410,GRAM PANCHAYAT VIRPUR
VEND_EBFABA6A,MAHIC GHAZIPUR
VEND_ADC14612,MANSHITH CONSTRUCTIONS PRIVATE LIMITTED
VEND_C3629942,BABA DAYA SINGH BKO
VEND_0CB21CA7,HIVRA M S S LTD CHHATRAPATI SAMBHAJINAGAR
VEND_2ED95C06,PARAG SUNIL GAUD
VEND_A2170252,PURNA CHANDRA SAMAL
VEND_AF265BC4,SUPREME MOBILES PVT LTD
VEND_1E2423D1,THE SUNRISE CO OP L AND C SOCIETY LTD
VEND_D46C2881,SARVODYA INTER COLLEGE KOTWA MUHAMMADPUR
VEND_72115205,DUMKHAL GROUP GRAM PANCHAYAT
VEND_8112244A,HAJI NOORULLAH J H SCHOOL ILTIFATGANJ
VEND_53A55883,JARIMARI LABOUR CO OP SOCIETY LTD
VEND_5EB73C49,ATMANAND MSS LTD AVANA
VEND_C8CA34B9,GRAM PANCHAYAT KARYALAYA NAVRANGPURA KANDHAR NANDED
VEND_9A78A951,GRAM PANCHAYAT KARYALAYA MANGNALI
VEND_0905C656,PARDIP KUMAR
VEND_1D1F869C,AMRIT E MOTERS
VEND_3D3DE38E,DAL SINGH
VEND_17A09C09,SADANAND
VEND_D2A7AE05,NASIB SINGH
VEND_4FC36B12,SHAHI BROTHERS
VEND_21D590A0,GP SHANSHA
VEND_0F8BA1C4,SINGLA CEMENT BUILDING MATERIAL STORE
VEND_93C9EC18,JATINDER KUMAR
VEND_EA085970,DAVINDER SINGH
VEND_A72B8846,JK HARDWARE CEMENT STORE
VEND_48CA424D,GP KHANGSAR
VEND_DDBB69DD,DEEPAK GUPTA
VEND_978EC05F,GP WARPA
VEND_3C9679BD,SANDANBOINA KUMARASWAMI
VEND_961FCBA3,ATUL PLYWOOD AND GLASS HOUSE
VEND_903BAD7B,GP KEYLONG
VEND_B34F6745,JAGROOP SINGH
VEND_11D22FB8,GP BAOBOG
VEND_E1CF8FD7,ABDUL VAHID
VEND_74EE7FCE,GP GOUSHAL
VEND_F70CCF4C,PRAHLAD JANGID
VEND_D97C05FC,MANJU JANGID
VEND_F3B32717,ISMAIL
VEND_BE28ABE1,MUNNI
VEND_97F8D717,RUBI
VEND_7D92BFDC,IRFAN AHAMAD
VEND_81AEE6C4,SADDAM HUSSAIN
VEND_662E59A2,RAMRATAN
VEND_34487F43,NARENDER KUMAR
VEND_0C4EFFEC,RUBINA BANO
VEND_824A5225,INDARJEET JANGID
VEND_A892EA87,SHOYEB AKHTAR
VEND_230F733D,ASLAM MOHAMMAD
VEND_13A0AB49,AJAY OAD
VEND_9E18B1FA,LEKHRAJ GURJAR
VEND_CC4E85F8,HARI KANWAR
VEND_D53DE20A,AABID HUSAIN
VEND_B9224F45,HASAN MANSURI
VEND_2C479544,GP DARCHA
VEND_D20725A0,AEN O AND M JDVVNL PINDWARA
VEND_2D85D61D,ST PETER AND UP PRIMARY SCHOOL MAWPAT
VEND_372BF61E,NARMDA CONTRACTION
VEND_A4354129,MAHESH CHANDRA ARYA
VEND_A4A098AB,TIYA ENTERPRISES
VEND_07802911,BALAJI CONTRACTION KAPNI TAKIPURA
VEND_76C5DEEB,BANKIEWLANG VO NRLM KHLIEH UMTREW
VEND_EA447586,NEW TODAWATA CONSTRUCTION
VEND_C6B417A2,BHUWAN CHANDRA ARYA
VEND_03BCD8AB,N CHANDRA
VEND_4F6CD030,ARSHEED HASSAN LONE
VEND_49E086DB,SHARMA SANITATIONS
VEND_E9CF87CC,VK KRISHANA BROTHERS
VEND_1C8B5378,BAICHALIKHURD
VEND_CCAC194F,BRIJ TRADERS PROP SATISH KUMAR
VEND_57DF4D33,PRO LITE INDIA
VEND_5FBE609B,T SURESH KUMAR
VEND_F708B36C,HEADMISTRESS SNHS NANKICITY
VEND_99B5908D,NARPAT RAM
VEND_BF7F8446,M RAJENDRAN
VEND_226956DC,SANTOSH SAINI
VEND_F8B6D4F0,HARBHAJAN SINGH
VEND_53FD52BB,TARABH GRAM PANCHAYAT KACHERI
VEND_C8F0DC4A,TARZEN BUILDING SOLUTIONS
VEND_32DD4A8C,GILL BUILDING MATERIAL
VEND_D3C6EED3,GILL INTERLOCK TILES
VEND_97DD3A94,FRIENDS SALES COPORATION
VEND_4D1EBB79,MS LTY ENTERPRISES
VEND_FC6774F1,MIRAJ ENTERPRISE PROP SK JAHANGIR
VEND_90FF942E,SHRI KRISHNA ASSOCIATES PRO ANJALI YADAV
VEND_E114A7DE,MASUD ENTERPRISE PROP SAIFUL MALLICK
VEND_94C44D47,SUBHAJIT SAHOO
VEND_CE71D594,SARPANCH SHRI DELADVA GRAM PANCHAYAT
VEND_D3DC64BF,BHULLAR CEMENT STORE
VEND_087AE729,MS BUILD WORKS CORPORATION
VEND_E81683AF,GUNDLURU NAVEEN KUMAR
VEND_3ED0E2FA,GANGADHAR SHIVARAY NIMBAL
VEND_D3CF64C7,RAMDAYAL SAINI
VEND_401C8DF8,RAJESH KUMAR GURJAR
VEND_D92E3B37,MONIKA DEVI
VEND_5FBF9945,GITA DEVI SAINI
VEND_59A5DF03,URMILA DEVI
VEND_B3EC97B5,MANNI DEVI
VEND_05606286,REKHA
VEND_02CEC008,POOJA SAINI
VEND_2CD64D2A,KAVITA MEENA
VEND_999AAB74,TOFALI DEVI
VEND_B66A463C,RAKESH KUMAR MEENA
VEND_93C9761B,KHYALIRAM SAINI
VEND_E53C6816,SURENDRA SAINI
VEND_2D1751B4,RAVINDRA SAINI
VEND_25D29A40,NAMDAR SK
VEND_4C1753E3,SARATH S R
VEND_CFC51624,CH GAYATRI MSS LTD AT BHILDARI TQ KANNAD
VEND_967B5655,LAKSHMINARAYAN MAJUR SAHKARI SANSTHA MARYADIT
VEND_14164AEA,JALESWER HIGHER SECONDARY SCHOOL
VEND_C33EACEF,PASCHIM KATHURI PRE SENIOR MADRASSA AT KATHURI
VEND_C449433F,SHREE BALA JI COMPUTER
VEND_E7754D70,PP MANI
VEND_8D4610E9,ASIB ENTERPRISE
VEND_D6BD63EB,ATCHUTA RAO REDDI
VEND_F2CF1C1D,GUPTA ENTERPRISES
VEND_C0D0CA57,SHAMEER M
VEND_4FCC29C0,DP ENTERPRISES
VEND_9603CC9A,BENGAL CONSTRUCTION
VEND_2655812E,NOMO ENTERPRISES
VEND_A5009E7B,ASSISTANT ENGINEER LAEO WORKS DIVISION SAHARSA
VEND_155CF26E,JAI MAA VADIKHAND CONSTRUCTION AND BUILDING MATERIAL SUPPLIERS
VEND_98508A47,SARPANCH GRAM PANCHAYAT AMLADAKALAN
VEND_61EAD31B,BALACHANDRA SHANKARAPPA DASAR
VEND_8EF4F4D7,ANIL BAKARAM CHOPADE
VEND_36ED8DA5,PARSAPPA RAMAPPA MADARAKHANDI
VEND_B7A043B3,USHA K
VEND_7061FE86,PALLA JCB
VEND_452679F8,RABHADA GRAM PANCHAYAT
VEND_7FFC7CF2,DOLIYA GRAM PANCHAYAT
VEND_9F2CA5C7,VASUDEVA STEEL TRADERS
VEND_A8A379F9,BILLA BRICKS MANUFACTING
VEND_A4E9CB0B,HARMESH SINGH
VEND_3DEC4BF3,HEADMISTRESS GOVT HSS CHOWARA
VEND_90EB772E,S ANILKUMAR
VEND_BBAA2038,DHAMRAS INFRASTRUCTURE PRIVATE LIMITED
VEND_550884B6,NARAYAN CONTRACTOR AND SUPPLIER
VEND_F21782B3,KANHA CONSTRUCTION
VEND_77DE6F8E,AIBORLANG MAKDOH
VEND_F87D9084,BABA BHODEWALAL JI BUILDING MATERIAL
VEND_BB72654C,TERSA GRAM PANCHYAT
VEND_0E778C09,KALIDASAN
VEND_29836C6F,NAGARANI
VEND_06F2ED57,AM SOLAR ENERGY
VEND_A16BBCCC,KOJ PUMING
VEND_F22CB09E,GRAM PANCHAYAT ERAND
VEND_54A2E8DE,SANGEY NORBU SERMU
VEND_567E1BC0,MOHD ASIMUDDIN
VEND_053F985A,BABA CHHABALPIR ENTERPRISE
VEND_F59B3F54,JUNIOR ENGINEER CHANDRAPUR ONE
VEND_387317DC,JUNIOR ENGINEER CHANDRAPUR TWO
VEND_F4E11F6C,J M D ENTERPRISES
VEND_E2FFC219,THE NARENDER COOPERATIVE LABOUR AND CONSTRUCTION SOCIETY LIMITED
VEND_ACDE072A,GRAM PANCHAYAT NARKELI
VEND_AE84176C,DHANETHA BKO
VEND_89666751,RAJVEER KAUR
VEND_6C7A1948,GRAM PANCHYAT LAIKDUM SGVY
VEND_DDA8BA35,KOTODA FO GRAM PANCHAYAT
VEND_ACB2B68D,GRAM PANCHYAT KHAIRWAR BAI SGVY
VEND_A0CC1CB3,DEBABRATA BISWAL
VEND_07CA8047,MAYUR NARAYAN LALE
VEND_143E5C94,DEVELOPMENT OF PLAYFIELD AND SPORTS GROUND AT CHANDANPUR UNNAYAN SAMITY
VEND_3F6CE74F,JAI BAJRANG BALI ENTERPRISES
VEND_BDB66A4F,CONSTRUCTION OF COMMUNITY HALL NEAR BRIHATTAR CHAIMILE LAKSHMI MANDIR ARTHA SAMAJIK UNNAYAN SAMITY
VEND_6C3ADB43,P VENKATA SIVA REDDY
VEND_0CC777D6,JOPIR MIZE
VEND_9FEE0913,ARCHITA PRIYADARSANI MISHRA DO BARADA RANJAN MISHRA
VEND_669E6511,ANGREJ SINGH
VEND_D2F975A4,BHUSHAN PRADIPRAO DESHMUKH
VEND_CED04E41,SATGURU BATALA
VEND_4B57FE7B,BOMMI SHANKARA
VEND_91C60EA2,SHRI DURGA BHATTA COMPANY
VEND_02DAEE86,HAPPY CEMENT STORE
VEND_ECB3E2EF,KIRAT BKO
VEND_089B3C36,RAKESH KAUR MASSN
VEND_215CFF73,PRABHLEEN ENTERPRISES
VEND_8C85F56B,TERESA ENTERPRISE
VEND_0E98242C,GRAM PANCHAYAT RATA
VEND_7BFE2319,NEEKITA BRICK KLIN
VEND_4551D22A,THANGAVEL BALAJI
VEND_94C71879,SHRI DEV INFRA
VEND_2BD48347,BALTEJ SINGH
VEND_45D0ED26,SHAFIQ AHMED
VEND_465F2BD1,SAAJUAN GUPTA
VEND_38473526,BUTA SINGH
VEND_BF7DBDD9,MOHD ISHAQ NAIK
VEND_3041DA6C,SUKHDEV SINGH
VEND_867CC23A,DARSHAN SINGH
VEND_1E0A2CE0,NANDURI GRAM PANCHAYAT
VEND_900FCBF7,DURGA PRASAD RAI
VEND_97587D4D,AKSHAY VILAS KALMAKAR
VEND_C6374BC5,SUMANTI KULLU
VEND_2D76F4A0,M M TECHNOLOGIES
VEND_17812817,BRIGHT CONTSTRUCTION
VEND_445DE0B6,KERALA SMALL INDUSTRIES DEVELOPMENT CORPORATION
VEND_6CA907BF,MS DRR HARDWARE
VEND_72C8C941,THE BABA CHANDAN DAS COOPERATIVE LC SOCIETY LIMITED BITHLA
VEND_BD6C5E41,ASAD SAYEED KHAN
VEND_B2266694,DHOLASAN GRAM PANCHAYAT
VEND_1B54D526,AN ENTERPRISE
VEND_E6625A59,GRAM PANCHAYAT BAWADI BADI
VEND_C571BC5D,PALANISAMY R
VEND_5E8CD84D,RAMESH T
VEND_0C92816F,TABA TAPANG
VEND_981202B1,SUBRAT MANGARAJ
VEND_581EA8A5,H T SUBHAS
VEND_6367BDC5,MANAGING DIRECTOR APMSIDC
VEND_BCC43FB8,AVS AND CONSTRUCTION
VEND_475441D3,ESHIKA ENTERPRISES
VEND_7A23A449,MANO RANJAN MALLIK
VEND_DB9360BE,SHYAMALENDU PANDA
VEND_5B4FAAB2,APAR CONSTRUCTION COMPANY
VEND_C1195729,KHARACHIYA GRAM PANCHAYAT
VEND_38179D5B,ASSISTANT ENGINEER O M AJMER VIDYUT VITRAN NIGAM LIMITED PATAN
VEND_E3AA8F65,GRAM PANCHAYAT NARTEA
VEND_D2F0AD28,DIGAMBAR VITTHAL KORADKAR
VEND_A046C3E1,NORA EVALYN HIGHER SECONDARY
VEND_D78897BB,THE WAHEGURU COOP L AND C SOCIETY LTD
VEND_D461FADC,MS AJMER PAUL SINGH BKO
VEND_3308F853,KOPPULA SHANKAR
VEND_B3767A2D,RAHUL SAHEBRAO CHAVAN
VEND_9F145185,SIVACHANDRAN
VEND_D0D599AF,VARIETY BOOK STORE
VEND_62C9DE9F,GRAM PANCHAYAT KUNKURI
VEND_82BC321E,THE AD GROUP CO OPERATIVE LABOUR AND CONSTRUCTION SOCIETY L
VEND_152BD94E,SACHIV GRAM PANCHAYAT DOLARIYA
VEND_30F21356,RAVEENDRA REDDY GOTTIKADU
VEND_0CF4F199,SUSHANT DINKAR PATIL
VEND_9A07429D,SHARVARI SHRIKARISHANA DESHPANDE
VEND_CDA36E34,DORBAR SHNONG LUMDIENGJRI
VEND_480AF78A,RAJ CONSTRUCTION
VEND_0B06A6D6,CONST OF OFFICE ROOM AT ATHUGAON NAMGHAR
VEND_1F605BCD,CONSTRUCTION OF SAND GRAVEL ROAD FROM MOTIBAR RAHMAN HOUSE TO HASSAN ALI HOUSE
VEND_FCF22ED3,CONSTRUCTION OF REST HOUSE AT BARCHARA SAMSAN GHAT
VEND_935C43B2,B SRIDHAR
VEND_5E64D71B,CHIRAYU PRAKASH MUNGAD
VEND_257D09F0,NEIGHRIMS STAFF ASSOCIATION
VEND_146BF278,PADUM KANT
VEND_29F59A81,CHIEF EXECUTIVE OFFICER JANPAD PANCHAYAT KARTALA
VEND_9FE5E67D,SHREE VENKATESHWARA CONSTRUCTION
VEND_15D3AAD0,KUMARAVEL G
VEND_0210EC39,ADITYA SANTOSH DESHMUKH
VEND_29E0D666,VEDICHARLA VENKATESWARLU
VEND_BD61D889,K GUNASEKAR
VEND_BF04DAE9,RIPIL MAWPHNIANG
VEND_473B393D,SHREE SANWARIYA TRADERS
VEND_4CF16A2E,KAMARAJ AYYAVU
VEND_71388920,FAROOQ AHMAD DAR
VEND_88E9E322,SHALA PRABANDHAN SAMITI JASARVANI
VEND_41ADF09F,KWINRILAN RYNJAH
VEND_52075959,MAJISA BUILDIND MATERIAL AND CONSTRUCTON
VEND_B80E5A67,MOHAMMAD YOUSUF KAND
VEND_DA7B5EC6,MUTHU
VEND_8704EAD7,CHAUTH MAL MERNA
VEND_C3C4F519,KHYALI RAM MEENA
VEND_E5FAE4C6,AMIT KUMAR MEEN
VEND_53775A3C,LOHADISI DEVI
VEND_E9AD237F,SUNIL KUMAR BAIRWA
VEND_A114AB95,VIKRAM KUMAR BAIRWA
VEND_93FCE753,RAMDHAN MEENA
VEND_072E6F34,MANBHARI DEVI
VEND_0C9DEE54,TOKO YAMI TELI
VEND_25D6099E,IRAM ENTERPRISES
VEND_40623002,VEERESH
VEND_36341CBB,AMAR
VEND_1528195E,ANAMICA ENTERPRISE
VEND_C25E3190,TUSHAR SUBHASHRAO THAKARE
VEND_00B169E7,S SCEMENT PIPE FACTORY
VEND_6925CEE9,V LALRINKIMI
VEND_CF7B9A1E,MEGA INTERPRISE
VEND_D6600029,JOHN V P
VEND_CB2241E8,SMC GSSS PHUSANION KA TALLA
VEND_17099B38,HM GUPS PULLIYIL
VEND_4A024BFB,VINODAN C
VEND_845EB6D7,VIHAVKARMA MARBLE INDUSTRIES BARNALA
VEND_592856E0,JAI KISSAN BKO
VEND_9BEF9253,A NAVEEN
VEND_1C7A60E5,VIKRAM VISHWAS PATIL
VEND_9E4402CE,DIRECTOR STATE INSTITUTE OF LANGUAGES
VEND_B9769647,BANSAL BRICKS COMPANY
VEND_CF2BEBD4,KERALA SAHITYA ACADEMY
VEND_62C5A277,SLH TRADERS
VEND_FCBFFFEA,KALER BRICKS COMPANY
VEND_F449B1A4,THE SHREE JI COOP L AND C SOCIETY LTD
VEND_22450870,KALER TILE FACTORY
VEND_BA143D31,KUNHIMOIDU K K
VEND_A21983A1,GURU RAMDASS BRICKS CO
VEND_75DEC6E1,GURWINDER SINGH
VEND_BF5957CB,NATIONAL BOOK STALL
VEND_A278F2C0,T SAI SUMANTH REDDY
VEND_99F031BD,SPYVISION SOLUTIONS AND TECHNOLOGY PVT LTD
VEND_4E1E5B29,GAZI RAHAMAN
VEND_DF664284,ATHULYA BOOKS
VEND_FD1DE8AF,SOCIETYOF EMPOWERMENT EDUCATION DEVELOPMENT
VEND_C2C4A0BA,KALYANI TRADERS PROP GAGENDRA KHALATKAR
VEND_9634CBE3,MS GAURAV CONTRACTOR
VEND_8DF6EAB6,SHISHUPAAL HARODE
VEND_34005D67,NIRMALA MANIKRAO THAKRE
VEND_1E73A638,MANIKRAO THAKRE
VEND_FF094613,NIRMALA AMRUTE
VEND_D2A28BF7,NIKITA PRAKASHSING ROTWAL
VEND_AF5891E1,MUNAVATH RAJU
VEND_66959E9B,VACHCHALA KURWADE
VEND_2107611C,BALJINDER SINGH SGP GHDELLA
VEND_3F303D04,HIND ENTERPRISE
VEND_D77952C4,LAXMITA HARDWARE AND BUILDING MATERIALS
VEND_7E59B0A3,SHARDA CONSTRUCTIONS
VEND_76EE0788,SALASAR CONSTRUCTION COMPANY ANIL KUMAR JANU
VEND_E3C154A2,SHRI RAIPUT CEMENT OPTICAL AND TRADERS
VEND_8A8EA4EC,RAJAT SHARMA CONTRACTOR
VEND_DAE2BED7,JYOTI JAMWAL
VEND_B31DD420,JAI AMBEY CONSTRUCTION AND TRADING
VEND_86354E92,EWOLVES SPORTS AND FITNESS
VEND_46CCDA80,THE HEADMASTER PURATHIYIL NEW MOPLA U P
VEND_1E3D7496,DESHABHIMANI PUBLICATIONS
VEND_4EBB7D15,OMKAR NAVNATH THORAT
VEND_4408681F,ARORA PAINT STORE
VEND_63AE315C,AKASHDEEP
VEND_4DD96CFD,NIJJAR BUILING MATERIAL
VEND_3300EE6F,JIMMY PLYWOOD AND HARDWARE
VEND_98048534,SARWAN
VEND_F8F40A74,DANNY LANGSTIEH
VEND_87376D2E,VIPAN KUMAR CONTRACTOR
VEND_038ABFFF,AMIT ANIL MUDBAKHE
VEND_41FA50EE,KARAMJIT KAUR SARPANCH BATTA
VEND_F2F46B13,INDIA BOOK STORES
VEND_0E1CA1D5,BASKARAN S
VEND_72A47811,THE VLC CHAIRMAN DEVARAPALLI BASKI
VEND_7986A558,SARABJEET SNGH HARBANS SINGH
VEND_5789AE7C,RITESH SONI
VEND_2F7F5DD4,BOSE
VEND_47D01C13,GRAM PANCHAYAT PHOOL DHAWADI
VEND_6A36C843,SATYA SAI TRADERS
VEND_6D7C58B1,TRIPURA SCHOOL SPORTS BOARD
VEND_4C4AD3A1,SARPANCH GRAM PANCHAYAT KHANPUR
VEND_055C2A62,BOTHI RAMAKRISHNAN S
VEND_C262592B,DATTATRAY DAMODAR NIPHADE
VEND_189A7E4E,S IMMANUVEL
VEND_B0C4C988,SIMULBARI ANCHALIK
VEND_34491601,KHAIRE SHAILESH BABAN
VEND_458DCA7D,BIJIT BRAHMA
VEND_1848BA3F,SOMANA BOYANA VENKATA CHALAPATHI
VEND_4880CBD2,PRAJWAL K
VEND_D337CE4E,SANGEET CONTRACTOR
VEND_F1B8E2A9,GURPREET STEEL SEETRING STORE
VEND_E8416166,GAGANDEEP SINGH SIDHU
VEND_3DCAA683,BIKRAMJIT SINGH
VEND_06578D0D,GANESH CHANDRA SAHU
VEND_7AE5E854,LOVEJEET SINGH
VEND_EC2C5EB4,SHEMEER M
VEND_613B2389,DORBAR SHNONG MAWPAT PYLLUN
VEND_AE518A63,JAI LAXMI CONSTRUCTION
VEND_6891FB38,R SS CEMENT STORE
VEND_89E1F471,BATRA TREADING COMPANY
VEND_7ABCD4DE,KISHAN RAM
VEND_87D79861,AVTAR TREADING COMPANY
VEND_98593F4C,SEETAL SINGH AND SONS
VEND_3EEEAFB5,HUNDAL TREADING COMPANY
VEND_A73F1948,BAVITHIRA BUILDERS
VEND_BB5F14A1,PARDEEP SINGH MASSN
VEND_101F2450,GURU NANAK CEMENT STORE KAHANGARH
VEND_F1CE9459,DPS ENTERPRISES
VEND_6C0D9050,GRAM PANCHAYAT UBERAO
VEND_E1F9B0D5,RAH GRUP GRAM PANCHAYAT
VEND_6472B0E3,GRAM PANCHAYAT MATODHA CHOUBAN
VEND_3AF2D6C4,MALAV GRAM PANCHAYAT
VEND_CA672D89,GOPALAKRISHNAN
VEND_8EAD2AB9,PARUNA GRAM PANCHAYAT
VEND_CDF99819,SHRIMAN ABASAHEB MAZUR SAHKARI SOCIETY LTD MHAISAL
VEND_C8E31720,BABALJEET MAJRI NEW
VEND_B813D5ED,NARENDRA AND COMPANY
VEND_D0B1B47F,GRAM PANCHAYAT NAVA VAGHANIYA
VEND_87635987,DEEPAK SINGH
VEND_B64A9499,MANJU NAYAL
VEND_C6789D17,GANGA DEVI
VEND_1C64DAB0,MANAGING DIRECTOR HPSEDC
VEND_43CA967D,PUSPA NAYAL
VEND_26C3CBDA,GOKUL VASANT ILAG
VEND_5D90DC7E,SARPANCH SACHIV GP KUDKAI
VEND_75685F1D,MS PATIAL BRICKS
VEND_F5605406,NATIONAL CONSTRUCTION COMPANY
VEND_BD178B63,GUGULOTH RAMBABU
VEND_D0EA3C30,K RAMASAMY
VEND_6838AC3F,GRAM PANCHYAT MANGLI
VEND_76E6F07B,REKHA RANI
VEND_7A3BCDFE,B CHANDRA OBUL REDDY
VEND_937CA3C5,PUSHKAR SAHAKARI MAJOOR SANSTHA MARYADIT
VEND_FA0C08C9,RANAWAS GRAM PANCHAYAT
VEND_2C863BC0,SHYAM CO OPERATIVE LABOUR SOCIETY LTD
VEND_C88ABC07,TARA MAA ENTERPRISE
VEND_73D27415,ASHOK CONSTRUCTION CO
VEND_B72E90DA,ABHISHEK KUMAR
VEND_60E26100,RP ELECTRICALS
VEND_1675A967,SARPANCH SACHIV G P DHURGUDA
VEND_E54A8C41,GRAM PANCHAYAT KHOKARLA
VEND_320B6177,GURU GOBIND SINGH STEEL WORKS
VEND_A49A8989,BATABARI AMBARI MARKULA
VEND_3C391C5D,NAYAPARA ANCHALIK
VEND_DE6616C1,DEV ENTERPRISES
VEND_7F31BBDD,VATAM JUNA GRAM PANCHAYAT VATAM JUNA
VEND_756C169F,BAJWA AIRCON SERVICES
VEND_AF5D8D6F,KUVARVA GRAM PANCHAYAT
VEND_CBCF3023,GRAM PANCHAYAT KARYALAYA SONKHED LOHA NANDED
VEND_3BCEA1B2,JAI PRAKASH VERMA
VEND_2E598399,FORTUNE HEIGHTS
VEND_63719E65,HIM CONSTRUCTION
VEND_DAB8F5FC,CORAL ENGINEERS AND INNOVATIONS
VEND_B1563904,P KUMAR
VEND_78C342DF,SHANKAR G S
VEND_86F318A7,VIRADI GRAM PANCHAYAT
VEND_5E3FB932,RAJSHEKHAR S SAJJAN
VEND_67D4D0E0,SINJINI CONSTRUCTION
VEND_568B29A9,RAJINDER BLD MTRL STR AND RENTAL SERVICE
VEND_E22B15F0,AROOSA INTERLOCK TILES
VEND_AD7B7CC4,Y N ENTERPRISES
VEND_31D42A9E,GRAM PANCHAYAT KADRENWA
VEND_288C8874,BINAD BASUMATARY
VEND_9350D782,VIJAY ELECTRIC TRADERS
VEND_D5EB0B3C,GRAM PANCHAYAT DHAWALPUR
VEND_601C0047,VAIBHAV LAXMI PIPE
VEND_9C15504F,GANESH SAMB VHARKAT
VEND_DF0137C3,CHOUHAN LOKESH
VEND_5A95C02E,MS CHANDAN TILES INDUSTRY
VEND_91844C03,ANKIT KUMAR MEENA
VEND_0DC3CEEC,MUDVADA GRAM PANCHAYAT
VEND_E3FB91B1,MS SARVESH KUMAR THEKEDAR
VEND_4CF1468C,PUSHPANJALI SHRI LAXMI ENTERPRISES
VEND_11D74853,NAGALAKSHMI D
VEND_3B643041,SURINDER SNGH BKO
VEND_10B5FA07,SAINI WELDING STORE
VEND_9F2F4930,CHAVLAJ GOVINDDA GRAM PANCHAYAT
VEND_CD2FE72E,A SATHAIAH
VEND_85C099DE,HEADMISTRESS
VEND_3AE1AEFC,GRAM PANCHAYAT PANDEYTOLA
VEND_594FED18,GRAM PANCHAYAT KATHROTA
VEND_9A1641E6,CHOUDHRY IRON STORE
VEND_69D31FF7,SAROJ KUMAR YADAV
VEND_D47FB9D5,SHIVPAL
VEND_D44CE10A,BAHADURMAL
VEND_9BE0F624,MAHESH KUMAR
VEND_148E92FF,JAIPRAKASH
VEND_99878EA0,JAIPAL
VEND_14122904,BANTA
VEND_CFB3F2CF,SKN CONSTRUCTION COMPANY
VEND_D6C7F144,JUNIOR ENGINEER BEGUNIAPADA BLOCK II
VEND_4B63ABC2,RAMPARA GRAM PANCHAYAT
VEND_41C75B1F,BAKUL CONSTRUCTION
VEND_EF85341B,MUKTAR HUSSAIN
VEND_3863EE1B,SUN ENGINEERING
VEND_F92D1DF4,SURPANCH GRAM PANCHAYAT KALCHA
VEND_94ACB9EC,DEBBETI SATYANARAYANA
VEND_2CDA4D14,GRAM PANCHAYAT KALIPUR NIRMAN YOJNA
VEND_2E65FA59,TRIVENI PRINTERS AND TECHNOLOGY
VEND_49644805,BITTO DEVI
VEND_16FCC08F,MUHAMMED MA
VEND_2812BB9D,SUBEDAR PRITAM SINGH
VEND_C82E8131,JATINDER NATH
VEND_BB985170,SURYANSH ASSOCIATE
VEND_31896CD2,PIZIMIT LEPCHA
VEND_D28CE4D0,TATIPELLY GANGADHAR
VEND_47428D93,JANTA INTER COLLEGE BELA PARSA AMBEDKARNAGAR
VEND_DA1C372E,SACHIV GRAM PANCHYAT SINGPUR
VEND_B0F8C82A,MAHADEV CONSTRUCTION COMPANY
VEND_B9566238,MARUTHI AND CO
VEND_3E4FB287,RIBHOI TRADITIONAL HEALER ASSOCIATION
VEND_BE26B676,ROOP LAL
VEND_C8FC1420,SHIV CONSTRUCTION
VEND_E1DD5724,GURMUKH SINGH THEKEDAR
VEND_C22D6E8A,GRAM PANCHAYAT CHAMARI
VEND_4B658828,PRABHUDAYAL OJHA
VEND_CF22939C,RAMSUKH OJHA
VEND_AD780674,BHANWARI DEVI
VEND_84D64CEF,GOVERDHAN OJHA
VEND_58C02F29,SARASWATI DEVI
VEND_2A6FF8F6,GATTU DEVI
VEND_1B8BF1EC,RAMU DEVI
VEND_AEDA6D66,CHAND
VEND_DB8EE28C,BHAWARI DEVI
VEND_F8FDEB82,KESAR DEVI
VEND_2F583A6E,GOPI DEVI
VEND_CEC00F0B,SHIV SHAKTI TRADERS
VEND_EE39D78C,K D TRADING COMPANY
VEND_080C621E,MAHI TRADING COMPANY
VEND_58E74ABC,NIHAL CHAND ENTERPRISES
VEND_3987BAE4,SAMANYA FUND GRAM PANCHAYAT TIGAON
VEND_419CD74C,THE MAA DURGA SOCIETY COOPERATIVE LABOUR AND CONSTRUCTION SOCIETY
VEND_D3D40A47,GRAM PANCHAYAT CHAUBARA
VEND_CF5E96D5,RUKHMAI CONSTRUCTION PROP BAPU D SONAVANE
VEND_1027D908,GRAM PANCHAYAT MORAHA
VEND_3A188C01,R S TRADERS
VEND_B193123D,SIRIGIRI ADINARAYANA
VEND_A4FC24A0,GP DAMARI
VEND_08AC9F25,AKASH DHYANESWAR RATHOD
VEND_FC817C61,GRAM PANCHAYAT SARANI
VEND_6A7708CA,PADMALOCHAN CHANDA
VEND_1DD6E2E7,HEMANTA BEHERA
VEND_4C36CD5A,SUSHIL KALITA
VEND_3F2AF19D,RAGHUNATH SAHOO
VEND_B9681E59,GOVIND SHRIRAM MUNGAL
VEND_CFAA7437,MAHESHAPPA JAVALI
VEND_F3D55218,EVOLVE
VEND_ACA3EB1B,MS DAWA ENTERPRISES
VEND_B725C56D,MS G T CONSTRUCTION
VEND_98111C59,PICHILLI SANKARAIAH
VEND_121B5A5A,TAJING TAMUT
VEND_6645075A,SONIA BAI MITTAL
VEND_CA8538F9,HEAD MASTER SNV SANSKRIT H S S
VEND_77E52744,SHAMSUDHEEN MP
VEND_603420E1,SHARMA TRADERS
VEND_E3E0EAEF,AKASH CHANDAN
VEND_2B396EB6,JALPA TRASPORT CONSTRUCTION
VEND_9A97E4CD,MIDDID NARASIMHA REDDY
VEND_DE42F30F,K RAMAKRISHNA REDDY
VEND_F3006083,CHOUDHARI CONSTRUCTION
VEND_44384599,SHREE AMBIKA ENGINEERING WORK
VEND_8C00BC6A,AMEER FAISAL P
VEND_9EF82259,DULUMONI DULAKAKHORIA
VEND_0B18A91A,MUNISH KUMAR
VEND_EF49D64B,SAMPTI DEVI
VEND_7A1D4C0C,ANITA DAROGA
VEND_D65A791E,SUNITA DAROGA
VEND_686D33B4,REKHA KANWAR
VEND_F7BA2FCA,NORAT KANWAR
VEND_BB470B0D,LEKRAJ GURJAR
VEND_C6570004,DEEPAK SINGH GOUR
VEND_376FC063,MISSER STEEL AND IRON WORKS
VEND_C5CB23D0,ABHILASH BALKRUSHNA DARWATKAR
VEND_70E68906,PANKAJ DEEPAK CEMENT AND PAINT STORE
VEND_7F95A081,THE BESAR COOPRATIVE LABOUR AND CONSTRUCTION SOCIETY LTD
VEND_96AF8591,THIRUPPATHI CONSTRUCTION
VEND_E7B2522A,GRAM PANCHAYAT KHARSHALI
VEND_4CCFF53B,JAYANTA GHOSH
VEND_464BE09B,NARAYAN SINGH RAWAT
VEND_420DFB0D,JAGDISH CHAND
VEND_B9EFB589,MANGI LAL GURJAR
VEND_E123EDB4,GOPAL
VEND_982D5265,RATAN LAL GURJAR
VEND_64548431,PINKY DEVI RAWAT
VEND_9FB74F22,KALI DEVI
VEND_B389BFB4,MANNA SINGH RAWAT
VEND_10167AF1,SOHAN SINGH RAWAT
VEND_82AB612E,SAKHA KANWAR
VEND_6C758C3F,DEVENDRA SINGH GOUR
VEND_F2CEF2AB,BHAGIRATH SINGH
VEND_A883BDE3,MUKESH
VEND_BD1E47EF,MAHAVEER SINGH RAWAT
VEND_D1F46729,SONA
VEND_724C8C54,SEETA RAM
VEND_A52CC6FE,SUNDARLAL
VEND_56FBE8FC,PARVATI
VEND_389F0961,MANSINGH
VEND_0F96324C,ISHWAR
VEND_587C5736,SANTOSH
VEND_1E846743,LALJEET SINGH
VEND_D8024964,FUTURE SYSTEM
VEND_6028B506,MS GKK INFRA AND ASSOCIATES
VEND_119F507B,R PALANISAMY
VEND_FEBFD3B0,VISHRAMPURA GRAM PANCHAYAT
VEND_27D44669,SACHIV GRAM PANCHAYAT PADRAITHAKUR
VEND_80D9D600,SHREE RAM SUPPLIERS
VEND_9930F3F7,GRAM PANCHAYAT BARIYA JANPAD PANCHAYAT GANDHWANI DHAR
VEND_DA724983,JUNA DEVALIYA GRAM PANCHAYAT
VEND_15570CE4,SHIVPUR GRAM PANCHAYAT
VEND_B9A4C582,MALUNJA BDK WADR MAJUR SAH SANSTHA MAR YADIT
VEND_359218E6,RAMESH SWAMI
VEND_2D944062,BHANWAR LAL
VEND_70DC0490,PARVEEN KUMAR
VEND_6E651E48,PRAKASH MATWA
VEND_90BBB869,SITA DEVI KUMAWAT
VEND_4C1C0633,MANJU BALA MASSN
VEND_D7B48DEC,KALZIDHAR CEMENT
VEND_CF1FDA1E,THE S AND R GROUP COOPERATIVE LABOUR AND CONSTRUCTION SOCIETY LIMITED KAITHAL
VEND_35715032,MEENASEKARI N
VEND_B0420985,VED PUBLICATION
VEND_52E847E4,SEVA ENGINEERS SOLAPUR
VEND_C86A13F3,BANSHNGAINLANG NONGKYNRIH
VEND_0E4EA2EF,SARPANCH GRAM PANCHYAT KIROL
VEND_99C15481,MSTRISHAKTI COVIL INDUSTRIES
VEND_7288057A,ABHISHEK CONTRUCTION COMPANY
VEND_F110043A,GANESHPURA ALODA GRAM PANCHAYAT
VEND_F88EC643,SHANKAR LAL ENTERPRISES
VEND_76C9BA43,CONST OF COMMUNITY HALL NEAR ADLAGURI LAXMI MANDIR
VEND_A49C2027,CHIKHLI TALUKA AADIVASHI UTKARSH SAHKARI MANDLI LIMITED VADPADA
VEND_C1448AD3,OM PRAKASH MALI
VEND_21EC0685,KAILASH KUMAWAT
VEND_1FDC0165,CHHANU DEVI VAISHANAV
VEND_DA99A452,RAWELI
VEND_534333A3,RADHE KRISHNA SOLAR ENERGY SYSTEM
VEND_541EBCA6,SK MUJIBAR RAHAMAN
VEND_53199676,KAPADYARI
VEND_2BD57AF9,BALBIR KAUR
VEND_61515DBF,YENDETI HARI KRISHNA
VEND_3D46B4BA,MS SARLA ASSOCIYETS
VEND_2E57D1D5,Z S CONSTRUCTION
VEND_236BB3DA,SARPANCH GRAM PANCHAYAT CHIJGAM
VEND_22AC346B,LODRA GRAM PANCHAYAT
VEND_1EC21C78,HEMARI KRO
VEND_E5200948,NEISEINGUL TIENGSING
VEND_ACEB3828,TALUKA DEVELOPMENT OFFICE NADIAD
VEND_002601FC,MEMBER WORKS COMMITTE GP PETERU
VEND_7F857242,SARPANCH GRAM PANCHAYAT PATHARA
VEND_A1E51956,KRISHNAMOORTHI
VEND_9D5F7FA6,GRAM PANCHAYAT BHALOD
VEND_DF0F9680,KAJODMAL KUMAWAT
VEND_0A6FD848,JEEVRAJ GURJAR
VEND_40A26482,BILLU GURJAR
VEND_D71B84A1,MADHULAL
VEND_FB6601F2,BHAGCHAND
VEND_F4F8BBA6,PYARCHAND
VEND_3D434E71,PRABHULAL
VEND_8C43C461,GANGARAM BAIRA
VEND_65A42FE7,SITARAM KUMAWAT
VEND_9A075464,FORANTA KUMAWAT
VEND_5CEB5A2E,B SAMINATHAN MASINAGUDI
VEND_04EEEB5C,RAMASAMY BALASUBRAMANIAN
VEND_6CEAA0BD,DAWOOD ENTERPRISES
VEND_FBFCC080,SOHAN KUMAR
VEND_2CBE8400,SABINI
VEND_E41E2597,SUSHMA
VEND_FCA5ABD5,KAMLESH
VEND_F0E5EB59,HOSHIYAR SINGH
VEND_BBDB9A54,ROHITASH
VEND_52562FAD,GRAM PANCHAYAT BIJRADIH
VEND_1F882AD9,PRS BROTHERS
VEND_C21C6E0D,RD ENTERPRISES
VEND_BA97033E,DINDIGUL DISTRICT LIBRARY
VEND_CF6C506D,GUPTA TUBEWELL AND MACHINERY STORE
VEND_7BBBDC54,SARASWATI SHISHU MANDIR RAJENDRAGRAM
VEND_6B08B7F8,MODERN FURNITURE
VEND_72CA8E55,ASHAPURA INFRATECH
VEND_19A5FD81,RISHAV JAMWAL
VEND_AF68C1E6,BACHNA DEVI
VEND_5EF9CA2A,KAILASH SINGH
VEND_124F2E4F,GOTTUMUKKALA SURYA NARAYANA RAJU
VEND_0FCFABE9,SATYA LAXMI SHANKAR
VEND_0AA2C395,BIDP INDIA PRIVATE LIMITED
VEND_27001C60,GURJANT SINGH
VEND_2A8AA71B,TAGGAR TRADING COMPANY
VEND_A043E773,SAMALESWARI SUPPLIERS
VEND_0ED8DA6F,SHRI DEV CONSTRUCTION
VEND_39862CB5,GRAM PANCHAYAT RUNIJA
VEND_844D978D,HARSH CONSTRUCTION CO
VEND_1C7FF15D,BHARAT TRADERS
VEND_263EBBFC,RAVINDER SINGH JALALPUR
VEND_F556D758,SK ENTERPRISE
VEND_298F9872,BUDDHADEB DATTA
VEND_C1D50FED,KASINATHAN
VEND_06EC27BD,SANJAY SHARMA
VEND_FBDF6FEE,VIJAYABALAN
VEND_BFC61889,PALMATA BUILDING MATERIAL SUPPLIERS
VEND_09E607A8,PAMALA YAMUNA
VEND_D617A628,RAVI DASS
VEND_5255BEDD,H T INFOSOL
VEND_75E94A3A,RANGPURADA GRAM PANCHAYAT
VEND_386B346C,HM NSS HSS MANAKKAD
VEND_D8E168E8,G B SASIKUMAR
VEND_0BC667E9,GRAM PANCHAYAT PANDHARI
VEND_B5326619,DHAMMU AGRI WORKS
VEND_280647FF,PUNJAB BUILDING MATERIAL
VEND_A7C1080E,PARAMJEET SINGH
VEND_072618F2,S THANIKASALAM
VEND_886277B3,NETWORLD TECHNOLOGIES
VEND_BDE19D62,JASPAL SINGH JAFARPUR
VEND_6C3EBF41,RAJIB HAQUE
VEND_67201475,KUNDU BROTHERS CO OP L AND C SOCIETY
VEND_603759FA,G M ENTERPRISE
VEND_55CF9DF9,ASST ENGINEER II BASANTA BEHERA
VEND_470202AC,SALA GRAM PANCHAYAT
VEND_F8F7D674,TAJ TRADING COMPANY
VEND_B9807ADA,DEEP SIDHU TRADING COMPANY
VEND_D56AD768,TEILANG DIENGDOH
VEND_366DA987,GRAM PANCHAYAT DEVTIKRA
VEND_DF12A702,B SRISHAILAM
VEND_61C58611,RAM DARSHAN
VEND_2C3B93F8,SATHI VANDICHALIL
VEND_E2A0189C,M D ENTERPRISE
VEND_74EA619A,LEY7 PT ENTERPRISE
VEND_BA2FE53D,S J CONSTRUCTION
VEND_0F1A062A,V PRATHI CONSTRUCTIONS
VEND_9B3B420D,GRAM PANCHAYAT RANIPURA
VEND_E3C690D7,SUNIL ENTERPRISE
VEND_C7DD48D6,PALLAB JYOTI DUTTA
VEND_7B7D7A71,PALAK SHIKSHAK SANGH MADHYAMIK SHALA MANGROL
VEND_EBA17CEA,B K INTERNATIONAL
VEND_CFC4AEB9,MAHAK INTERNATIONAL
VEND_B4634253,SANDEEP S PANICKER
VEND_580BE73F,THE DEFENCE ENGINEERING COMPANY
VEND_E149A69F,INTERIORS STUDIO
VEND_4B7E5BF6,ALOM NYIGANG
VEND_7C496B37,HM GOVT HIGH SCHOOL MUDICAL
VEND_75FB4E4B,SOUMYA RANJAN TARAI
VEND_FB6FF536,SANJUKTA BEHURIA
VEND_6342A339,MAA KALI ENTERPRISE
VEND_2507CFC8,S THIRUNAVUKKARASU
VEND_89EA79D3,BHATGAON
VEND_79C8BE34,MS KIRTI KIRAN BRICK INDUSTRY
VEND_05B86237,TVS VEHICLE MOBILITY SOLUTION PRIVATE LIMITED
VEND_68882B60,NARINDER PAL
VEND_79B5FB58,BILLA DA BHATHA
VEND_6EFA9324,CHURANJI LAL VED PARKASH
VEND_C4941C4E,ALLURU SRINATH REDDY
VEND_EE1BA898,DORBAR SHNONG OF MYNTHNING VILLAGE
VEND_DF45102D,HASDA
VEND_D9CB89B0,CHAMPARAN
VEND_45F315AD,THE SHREE BALA JI COOP LABOUR AND CONSTRUCTIO SOCIETY
VEND_ED229F60,PARAM CONSTRUCTION MATERIAL
VEND_8FE115A2,MS KINIGS FABRIGATORS
VEND_EE879917,THE JAI MAHAVIR COOPER LABOUR AND CONST SOCIETY LTD
VEND_9178D860,JNP ENTERPRISES
VEND_B40690A8,MR PYNDAPBOR MANNER
VEND_518EC271,TABOM MIZE
VEND_0040A16A,SHNONG UMKYRPONG
VEND_B5C6827B,RISHA L RANI
VEND_3EB8AA11,ESEKIEL LAPANG
VEND_6B71A695,KALRA BROS TRADING CO
VEND_06C1615E,ASHRAF E
VEND_1D3577A6,MAHAJAN TRADERS
VEND_A7D8550D,A S TRADERS AMARWARA
VEND_9C357974,GAIJI TV
VEND_FDCD9639,MANMOHIT HARDWARE CEMENT STORE
VEND_08BF093C,TALOH TASING
VEND_C170FD42,VEC MULANG NONGBAH
VEND_7CCD5F1F,MIGOM KAMUM
VEND_0C563164,RICHARD PLAIN
VEND_69CF5E00,HUKAM CHAND
VEND_7E0EE80D,MANAGER DC BOOKS
VEND_10214A50,MANAGER KAIRALI PUSTHAKASHALA
VEND_04E8B5A9,KASALPURA GRAM PANCHAYAT
VEND_0267B0CE,NINTHSON NEL RYNGDONG
VEND_781C7EC7,ROOR CEMENT STORE
VEND_C3C74E5A,SURAGPUR GRAM PANCHAYAT
VEND_35080062,AGRAWAL CONSTRUCTION
VEND_92551D5D,ARIKRISHNAN K
VEND_37EDFA7A,GLOBAL DEVLOPMANT
VEND_BAAE1C88,SIVAJAGANATHAN G
VEND_91575D73,LAVACHHA GRAM PANCHAYAT
VEND_F9DE2FE3,SARAS GRAM PANCHAYAT
VEND_BF5F43D8,ADMOR GRAM PANCHAYAT
VEND_173296BF,KUDIYANA GRAM PANCHAYAT
VEND_D1B395D7,SIVAGAMASUNDARI B
VEND_7AE10E1B,NARAYANASAMY
VEND_17DF7C45,SR THRESIAMMA JOSEPH HEADMISTRESS
VEND_0F0118C2,RANVEER
VEND_EAC5CD96,RAJ CONSTRUCTION COMPANY
VEND_C0638749,LAKSHMI NARASIMHA SWAMY CONSTRUCTION
VEND_807425CB,LALIT KUMAR PALIWAS
VEND_1DCF8A5B,GOVERNMENT ENT HOSPITAL
VEND_0CB3AF32,ABDUL BASITH KT
VEND_326B18E4,BHUSHAN SURESH TAORI
VEND_263136F5,RENU KUMARI
VEND_F1D9171A,VARSH
VEND_3D2BB1E8,LEO TILES PVT LTD
VEND_E68B37A4,TK CONSTRUCTION
VEND_69A9CDF7,DAS SCIENTFIC HOUSE
VEND_E38313F1,SS CONSTRUCTION
VEND_A843096E,SHEKAR GOUD PALUSA
VEND_3FBE3312,THE JAI BALAJI COOP L AND C SOCIETY LTD
VEND_441A6531,SHRI DONGARI DEVI MAJUR SAHAKARI SANSTHA
VEND_2F26ACB1,MS ANOOP PATEL
VEND_529C5DEF,BAKROL GRAM PANCHAYAT
VEND_55B32598,LEELA GADRI
VEND_A1C42A55,DURGA GURJAR
VEND_F9E70A14,CHAGAN GADRI
VEND_23672C39,KALU GADRI
VEND_6B0B725C,SATYANARAYAN PAREEK
VEND_18991671,GORU GURJAR
VEND_C8343373,MAHADEV GURJAR
VEND_8E7C2A68,RAMKISHAN GURJAR
VEND_967D4C3A,AANAND PAREEK
VEND_5EA86F1F,MANSHA KUMARI GURJAR
VEND_0827C43F,KALYANMAL GURJAR
VEND_55C60EAB,RALISANA GRAM PANCHAYAT
VEND_369E8B3C,SIVABOOSANAM
VEND_45AF0491,RAJWINDER KAUR
VEND_17290577,AVINASH H C
VEND_09D1C8FB,SHAHNAWAZ HUSSAIN WANI
VEND_00A09F74,KARUPPUSAMY
VEND_A0AEDFC3,RAOOF AHMAD
VEND_B8183CE6,MS MALIK BROTHERS PROP SHABIR AHMAD MALIK
VEND_79ADF9E0,JINU A
VEND_41256504,DEBAKANTA ROY
VEND_736EA326,GANESH SAHOO
VEND_11B05AED,MANOJ KUMAR ROUTRAY JE
VEND_1AB88B58,NIDHI KUMARI
VEND_787E54EB,MURLI MANOHAR SHIKSHA SAMITI PATERA
VEND_8E3F0D4A,UNNATI AND PRAGATI CONTRACTOR AND SUPPLY
VEND_0AE769A7,HEM RAJ
VEND_CBFF3C54,KESHRI NANDAN SAINI
VEND_938FB5A7,MS JOVANPREET CONTRACTOR
VEND_C94D6F3E,SIJIMON K R
VEND_DFE115D0,RADHAKRISHNAN P
VEND_4A688D30,GURPREET SINGH SARPANCH BATTI
VEND_937C6D7F,GIYAN KAUR SARPANCH BHATHERI KALAN
VEND_BB9003CB,JOSEPH P K
VEND_CCEE84AB,NONGSYNRIEH DEFICIT
VEND_7D07391A,AGRIMA TRADERS
VEND_8500342F,BABA RAMDEV CONSTRUCTION
VEND_C45C2EDD,GP BAGHEIGARH
VEND_F6B8C531,SAVERA AUTOCRAFT LLP
VEND_428B0284,HILARIOS SYNGKLI
VEND_87B8489B,LAZARUS KLEIN
VEND_0E3F77AE,SHIHOR GRAM PANCHAYAT
VEND_35987813,NITUL BORA
VEND_9E7AB0AB,AMBLI GRAM PANCHAYAT
VEND_A1550949,MORESHWAR MSS LTD RAJUR
VEND_44909851,VAVARI GRAM PANCHAYAT
VEND_15403060,TANMOY ENTERPRISE
VEND_28CFBDE2,LOKENATH CONSTRUCTION
VEND_2B3B51BD,MAHEDNRA
VEND_21873F3D,SUSHEELA
VEND_B87C3A10,GATHAMAN GROUP GRAM PANCHAYT
VEND_73DC574B,RAMAVTAR
VEND_7607D72D,KAILASH
VEND_817AC29D,HARPATI
VEND_85B8E3CA,GRAM PANCHAYAT TIMLA
VEND_B6081D03,K N MURALI KRISHNA
VEND_51B81355,AK ASSOCIATES
VEND_EB02FE52,KOMMI SIDDULU NAIDU
VEND_134D3E96,MS J D ENTERPRISE
VEND_B81818F7,AJIT KUMAR PRADHAN
VEND_8FA9F345,SAMIR BISOYI
VEND_A744CE1B,MS RANA TILES MAKER
VEND_2EBDBCD8,S SAHADEVA REDDY
VEND_DCBCD624,RADHAKRISHNAN K
VEND_A7BAF4DA,SHAIK SARDAR
VEND_7EFEB6DE,SHIVRAJ VAISHNAV 1
VEND_B9100417,SATHEESAN N
VEND_F673169A,SONU VAISHANAV
VEND_3285A534,HEERA DEVI GURJAR
VEND_790A3411,PARMESHWAR GURJAR
VEND_967A9F22,DILKHUSH VAISHANAV
VEND_B4F127B6,HANJA DEVI GURJAR
VEND_D62E9605,MANJU DEVI CHOUHAN
VEND_0CF3EA59,SOJIRAM GURJAR
VEND_DF8CF3C0,RAMDHAN GURJAR
VEND_1ECD2CAF,GOPAL BAIRWA
VEND_549FD11E,RAMESHWAR GURJAR
VEND_096C81F5,MANOJ KUMAWAT
VEND_6ECFE106,JAI BAJRANGBALI CONSTRUCTION
VEND_A1D2CD79,AYYAPPAN ENTERPRISES
VEND_261327E3,HARPREET SINGH
VEND_9D475794,DHARAMJIT SINGH
VEND_0B26CE4C,SARABJIT SINGH CEMMENT
VEND_A0C5CEBE,GRAM PANCHAYAT TAKALI BRU NAIGOAN
VEND_5C02C5EE,PARDHOL GRAM PANCHAYAT
VEND_2D51DED9,SH MOD SHAFI SO GHULAM MOHD RO RAJGARH TEHSIL RAJGARH DISTRICT RAMBAN CONTRACTOR
VEND_249B34D3,MEENA TIWARI
VEND_BD49A527,NONGBAREH SC HWC
VEND_48CFB22C,CHARAN SAMADHIYALA GRAM PANCHAYAT
VEND_94529890,LUNKHONEH
VEND_D0F7CF86,DEV CONSTRUCTION
VEND_CCB528D9,HEALTH AND WELLNESS SUB CENTRE PASADWAR
VEND_D311A3D9,NISHWANTH CONSTRUCTION
VEND_BF6402FA,SURESH LAMANI
VEND_24CA0535,PUREWELL
VEND_F5AF02B0,PANCH PIPLA GRAM PANCHAYAT
VEND_1C45242B,CHANCHAL CONSTRUCTION AND SUPPLIERS
VEND_467D2F43,NARESH KUMARI
VEND_804D3718,JAGDISH JANGIR
VEND_42BA581A,JAGDISH PRASAD
VEND_A8C1D7D7,GRAM PANCHAYAT MANPURA
VEND_B1071506,DK ENTERPRISES
VEND_D49F6DA7,RAGUNATH GURJAR
VEND_BC16F254,AEN AVVNL LOSAL
VEND_57A13EF1,RAMJAS GADARI
VEND_F333004F,SURESH MEENA
VEND_AD004943,DEVENDRA GADARI
VEND_75542C28,TARA KUMAWAT
VEND_7367CE7C,PREM KUMAWAT
VEND_A3ADEFF1,CHAMOLI GENRAL STORE
VEND_9C62BDD3,RAKESH SINGH
VEND_4528A44A,ATMA RAM SOHAN LAL AGENCIES PRIVATE LIMITED
VEND_12ABDB3D,ASIF ALI
VEND_821BE0C3,SARPANCH GRAM PANCHAYAT KHAPARIYA
VEND_5D1B3369,AMITABH
VEND_DC2EA678,RAJU KAR
VEND_2557DCDB,NARSINHPURA GRAM PANCHAYAT
VEND_C1B7B5A1,LINCH GRAM PANCHAYAT
VEND_3BBD8DAD,LENZING MIZE
VEND_51D4C37D,PRATHUGADH GRAM PANCHAYAT
VEND_49AA9EBE,NARAYAN DEBNATH
VEND_26DE982D,MERKURY ELECTRICAL CORPORATION
VEND_897C0418,RAVMOTI GRAM PANCHAYAT
VEND_69927E14,GARHWAL CONSTRUCTION COMPANY
VEND_C2F40DD5,ROSHAN LAL KUMAWAT
VEND_530FB6D5,GEHRI DEVI
VEND_927C4F67,PARSI DEVI
VEND_D0C31736,ROSHAN GURJAR
VEND_79DCEA41,JAGAT NARAYAN SARASWATI VIDYALAYA SAMITI
VEND_2E39DE4A,RATAN KUMAWAT
VEND_5CBFFFD0,ARJUN GURJAR
VEND_88998B10,NARAYAN GURJAR
VEND_437D1700,SAJANA DEVI
VEND_5218E2BE,DINESH CHANDRA GURJAR
VEND_26806E7B,MUKESH VAISHANAV
VEND_C6A9732B,RANJEET SING RAJPOOT
VEND_71BA1ECF,NARAYAN VAISHANAV
VEND_F25FF8F3,SHIVRAJ VAISHANAV
VEND_235CA11C,RATANI DEVI GADARI
VEND_7DD022AE,UDI DEVI GADARI
VEND_F3B96FC0,LOTESHVAR GRAM PANCHAYAT
VEND_1458F684,NARAYAN LAL GADARI
VEND_48A89850,UDAY LAL GADARI
VEND_A0F7AB19,DAHINTHARA METHALI JUTH PANCHAYAT
VEND_5F6F187A,KHUSHIRAM
VEND_6099DC61,PMKR BIKES LLP
VEND_09340BFA,JALANSAR GRAM PANCHAYAT
VEND_44DEB34E,SHANTHI ELECTRICALS
VEND_8C87D361,DHARMENDRA KUMAR RAO
VEND_979349D0,ADHVIKA MAJUR SAHKARI SANSTH MARYA MEHENDURI
VEND_9479E424,SHUBHAM RAMDAS ZADE
VEND_E1A6A3DE,ZIMIDARA HARDWARE
VEND_7E3FBC82,GRAM PANCHAYAT KOTADA
VEND_3E5B5B70,MAHILA MANDAL KAFLON
VEND_CFC2427E,DIVISIONAL ENGINEER ELECTRICAL OPERATIONS TGNPDCL METPALLY
VEND_2310A28B,KALYAN CONSTRUCTION COMPANY
VEND_3C87F8FE,GANGAVARAPU SIVAPRASAD
VEND_E7C2C0AA,CHENN KRISHN MUTTMSETTI
VEND_C9E18C13,MS KARNI KRIPA CONSTRUCTION CO
VEND_8CA8F5B4,KADIYALI GRAM PANCHAYT
VEND_F34E2A58,MS Z N ASSOCIATES
VEND_139CE92F,MEDIA INFOTECH
VEND_5B7E42D5,TP CENTRAL ODISHA DISTRIBUTION LTD
VEND_7CC5B07A,VARUGHESE K
VEND_9C294D4D,E KAMARAJ
VEND_E90E2BA6,KA PHAN L NONGLAIT MEMORIAL LP SCHOOL NONGTHLIEW
VEND_F4EA45A9,VIVIDH VIKAS YOJANA G P ASHTI TQ HADGAON
VEND_8E8E8C01,TORCHIT ELECTRONICS PRIVATE LIMITED
VEND_54A841E6,M VENKATA SUBBAIAH
VEND_640FEE3B,M A HALEEM
VEND_6AEF6E0A,SOUBHAGYA KUMAR NAYAK
VEND_80E7E63D,R S CONSTRUCTION
VEND_7A753C5E,PANCHHI CONSTRUCTION
VEND_D6AD87E9,LAL CHAND PAWAN KUMAR AND SONS
VEND_39190182,MAWIONG KHRI PRES LP SCHOOL
VEND_8B3319E7,CONSTRUCTION OF ATHLETIC TRACK AT KHARGHULI RAJOHUWA KHELPOTHAR
VEND_FE3B1459,JOPAI MIZE
VEND_F13371E1,SHAYAM ENTERPRISES
VEND_ECEDDB35,ROMEO TALOM
VEND_1E60E3C9,RAPHI TALOM
VEND_9150C006,GRAM PANCHAYAT SEMARA
VEND_EA180EC4,RABIUL KHAN
VEND_87AABA4E,AEGIS AUTOMATION INDIA PVT LTD
VEND_67A2E21F,INDRAD GRAM PANCHAYAT
VEND_EF0EE69A,LANGTOR HIGHER SECONDARY SCHOOL
VEND_371EE203,SHIVPURA GRAM PANCHAYAT
VEND_F4A1631C,PARTHAMPURA KHANDI GRAM PANCHAYAT
VEND_F90FB9DE,KALIYANA GRAM PANCHAYAT
VEND_E0662DD5,VADAGAMA VITTAL
VEND_78B4C207,KINNESSTAR NONGRANG
VEND_1743AB90,THORI VADGAS GRAM PANCHAYAT
VEND_44D9C6EC,JALESWAR COLLEGE TAPOBAN
VEND_E08499B5,HOSPITAL MANAGEMENT COMMITTE CHC CHUNGATHARA
VEND_ED9D9A33,PRIYAMITRA MSS LTD JALNA
VEND_0949C757,CHANDRA SINGH DHABAI
VEND_8E7DCA5B,DAYA RAM YOGI
VEND_F329062F,LAL CHAND
VEND_6CCE0279,RAJBALA DEV
VEND_3BB51E3D,SUKH RAM
VEND_262F664D,SATVEER SINGH
VEND_469D3FEA,UMENDAR KUMAR MEENA
VEND_2285558B,PINKI
VEND_BB145795,KAMALI
VEND_82B31C3E,GRAM PANCHAYAT CHOKLI
VEND_482EA5E1,GOSINDRA GRAM PANCHAYAT
VEND_4724F134,YENAKANDLA CHINNA RAMANJANEYULU
VEND_56294E18,SEETHA REMI REDDY
VEND_BD7FAB85,RANDEEP SINGH SANDHU
VEND_A116EB23,GOEL MARBLE
VEND_51A93CAB,KHURANA PAINT HARDWARE AND SANITARY STORE
VEND_FFF8AAA5,PINGALWADA GRAM PANCHAYAT
VEND_94749FD1,MANGLEJDHNORA GRAM PANCHAYT
VEND_2F66ABCD,MS BALAJI COUNSTRUCTION
VEND_D3F65A7C,SHIKHA MATHUR
VEND_D1398A3D,SIMHARAYULU BELLAMKONDA
VEND_CB795E5F,KATIPELLY JAGADHEESHWAR REDDY
VEND_EBD3173B,EE PWD BUILDINGS C AND M DIVISION TRICHY
VEND_95DA6069,SHIVARAMAIAH
VEND_9CE24765,ARSENAL CONSTRUCTION
VEND_0624BF61,THE ARVY COOP L AND C SOCIETY LTD
VEND_7CD5B91F,DHANAVADA GRAMPANCHAYAT
VEND_8A4A6D49,ANAYAT ALI
VEND_59F5FFAC,GP KACHHALIYA
VEND_682E8F02,SHRI JAGDAMBA CONSTRUCTION
VEND_C68CBEB0,HARSH CHOPRA
VEND_24014748,VAMSI KRISHNA CONSTRUCTIONS
VEND_FA6F102C,GBM ENGINEERING AND CONSTRUCTION
VEND_120873D3,MOHANPUR GRAM PANCHAYAT
VEND_48573BBD,ST THOMAS HSS HIGHER SECONDARY SECTION
VEND_06118AB0,JALIYALA GRAM PANCHAYAT
VEND_7EE4C5A2,SHUBHAM DADASO PAWAR
VEND_6618E0E8,MANIMUTHU A
VEND_CD712668,VIKASH ENTERPRISES
VEND_E850FAF7,LUMRYMMU LP SCHOOL MYNSO
VEND_E448F2E9,SYED YASEER ZAMA SYED ZAFAR ALI
VEND_ADB0FF24,GRAM PANCHAYAT SILAVAT
VEND_7ECD0F8D,BAHADURGADH GRAM PANCHAYAT
VEND_1F083842,NIKIL SHETTY
VEND_8821D972,GOUTAM SINGH CHOUHAN
VEND_241294D3,DIVINE BULDERS
VEND_6E87BE50,SGP GALAB KALAN
VEND_E468B8B2,GRAM PANCHAYAT MOPKA
VEND_C7AE8BB9,DHAKA MATERIAL SUPPLIERS
VEND_24D5FA66,SAMAR APSARA INFRATECT
VEND_01D0620D,AEN A5 JVVNL
VEND_17711DB5,SHIVARAJ BHIMAPPA BISANALLI
VEND_5A10AE0E,SHREE SALASAR PASHU AAHAR
VEND_DAEF99A2,BHAWAN NIRMAN
VEND_7CA29518,THE SHIV SHANKAR CO OP L AND C SOC LTD
VEND_412BA730,VRS ENTERPRISES
VEND_26E8C333,COMMISSIONER MUNICIPALI CORPORATION SANSA
VEND_4FD871A3,AMEER
VEND_AE39E4D0,ANILKUMAR BABU T K
VEND_EADE6362,KAIRALI LABOUR CONTRACT CO OP SOCIETY
VEND_FB47CB3A,GRAM PANCHAYAT CHANDORI
VEND_09EE767D,PURAN CHANDRA
VEND_868587F3,DAYAKISHAN TIWARI
VEND_465B5379,JEYAMANI
VEND_A9B792E6,GRAMIN PANI PURWATHA
VEND_4432A2FE,GEMPRO INDIA ENTERPRISES
VEND_332BC707,GURU KIRPA INDUSTRY
VEND_8C988B2E,SONI TIWARI
VEND_44506C33,PALLAPU UPPALAIAH
VEND_53F1F7E5,REKHA TIWARI
VEND_A1B690AE,BD EDUCATIONAL AND SOCIAL SOCIETY
VEND_926E5089,AMARJIT SINGH
VEND_48BC1B0D,SURAJ ASHOK SONWANE
VEND_90B1F25E,ASSISTANT ENGINEER WATER RESOURCES DEPARTMENT
VEND_1CA698E8,RADHE KRISHNA SURGICAL TRADING
VEND_98D34E35,A N SREEDEVI HEADMISTRESS
VEND_00270E6B,ANSAMMA THOMAS HEADMISTRESS
VEND_10015EF4,GRAM PANCHYAT SONWADA
VEND_E380D024,SARPANCH GRAM PANCHAYAT CHANDWAD
VEND_17635242,RITIKA THAKUR
VEND_B8FCEA91,ABHISHEK RANA
VEND_280CB051,C P MURALIDHARAN
VEND_367E4FAE,KAMAL DEV
VEND_929C4763,ANIRUDH SHARMA
VEND_5DE2F064,G S ASSOCIATES
VEND_05030AA9,KESHAV KRISHAN
VEND_D5BFBEBE,PINNACLE INDUSTRIES LIMITED
VEND_0ACE5BDB,SHRUTI SHARMA
VEND_5EC3CB98,MS RAJLAXMI ENTERPRISE
VEND_C08A0B4A,SANJEEV KUMAR
VEND_7B6D874B,DECEM ENTERPRISE
VEND_FCF98560,MOHIT SHARMA
VEND_1AFB9C41,VISHAKHA
VEND_E2D576F9,RUCHIKA
VEND_9B4E2499,SAGAR SHARMA
VEND_E5F63A7F,NIGAH WELDING WORKS RAHON
VEND_015FB123,MEENATCHI CONSTRUCTION
VEND_047DB58B,GHANSHYAM SINGH RAWAT
VEND_F37F9FEA,PARAMOUNT SOFTECH
VEND_C7F8B686,T D PARODKAR AND COMPANY
VEND_75712EF6,GRAM PANCHAYAT KHAPRIKALA
VEND_1D0FCB0B,BHUMANNA DUDA
VEND_9F54C772,TIROT SING MEMORIAL COLLEGE
VEND_AFFFE688,GOYAL PIPE AND HARDWARE STORE
VEND_F0D5BC1B,DEV AND RENNOVATION OF SWAHID BEDI AT WARD NO 21
VEND_E3F73DFE,GURDEV SINGH SO GULJARI
VEND_3FB584E3,MS SEEMA ENTERPRISES
VEND_5CB15463,NIRMAL KAUR
VEND_824E3949,JINTU SAIKIA
VEND_5CA41967,NEW SUPER KITCHEN APPLIANCES
VEND_9C78211E,PRUTHVI BUILDERS
VEND_B3DC30DB,KOLLAREDDY SUNEEL REDDY
VEND_ABAE06A2,SATIYA GRAM PANCHAYAT
VEND_7DDACB82,MANAS RAMESH DESALE
VEND_689107E7,GRAM PANCHAYAT PADARDI
VEND_527B448D,GRAM PANCHAYAT KHAMBHALA
VEND_E94A1261,SURESH K L
VEND_81639C33,JYOTIRMAYEE SAHOO
VEND_D8FB5AB5,SARAFATULLAH
VEND_C74EDED7,SIYARAM CONSTRUTION AND GENERAL ORDER
VEND_BD14017D,SACHDEVA TARDING COMPANY
VEND_E4653BBE,MS KRISH BRICK KILN
VEND_250EA039,RABBUL HUSSAIN
VEND_515D46B7,ABDUK RAJAK
VEND_1F2FE58C,RAJUL AHMED
VEND_AC3E1438,BARAKAM RAVI KUMAR REDDY
VEND_4F1A869A,VENGATESH AND CO
VEND_2899B3BA,SANDEEP SAINI
VEND_FA9446E1,SHIVA KESHAVA CONSTRUCTIONS AND INDUSTRIES
VEND_C4E71BBE,MATH BHOJAYAT GRAM PANCHAYAT
VEND_52738964,VENKATESH S
VEND_D7848940,MS SHRI SIDH JI CONTRACTOR
VEND_D59C3FAC,ZEE ENTERPRISES
VEND_B173CB77,CONSTRUCTION OF ROAD AT JUNAKI PATH
VEND_C83EC054,CONSTRUCTION OF OPEN STAGE NEAR CHANDRAPUR SARBAJANIN DURGA MANDIR
VEND_4A148628,CONSTRUCTION OF LINK ROAD AT MIKIR KACHARI ROAD AT DEULGURI
VEND_9C2C624B,CONSTRUCTION OF COMMUNITY HALL AT SHREE SHREE RAM THAKUR SEVASHRAM BHASKAR NAGAR
VEND_34C36CF0,MOHD BASHARAT ALI
VEND_B1ED4497,KOURA IRON STORE
VEND_46935B7B,SUNNY ELECTRICAL CO
VEND_872D5124,ANIL ELECTRIC WORKS
VEND_07B30531,E RAMA CHANDRAIAH
VEND_D2E251E4,GANGADHAR SIRIGADE
VEND_DAB46D51,ALLAM RAJU
VEND_3CA49248,BHARAT MARBLES
VEND_95D7CB5E,MS SIWACH ENGINEERING WORKS
VEND_67C46DD4,JAKHAD SUPPLIERS
VEND_51512025,PUNJAB IRON STORE
VEND_211B0D54,MANN ENTERPRISES
VEND_088921F6,NORANG RAM
VEND_8A1A1B49,RAMESH MEGHWAL
VEND_0BA3B33C,JAVED KHAN
VEND_36879E79,PUNAM
VEND_3D03F6BA,POOJA KUMARI
VEND_52B255E7,MOHAN LAL
VEND_E549C258,NASIM BANO
VEND_4BB9C786,NASARIN BANO
VEND_CDD58AC2,KESHAR DEV
VEND_1FD3150A,MANOJ KUMAR MEGHWAL
VEND_6D464CB2,SUBITA
VEND_D0E674DE,KISHNI
VEND_F20D644C,MAYA WATI DEVI
VEND_AF20A8A4,PRAMOD MEGHWAL
VEND_ED03AB91,MEETU RAM
VEND_4A0ADA75,KIRAN DEVI
VEND_BF5C4E02,MAMTA MEGHWAL
VEND_71B9B5BC,ANIL
VEND_669A4D2C,LAL CHAND MEGHWAL
VEND_8B75B9BC,AMBIKA
VEND_656593E7,RACHPAL SINGH
VEND_83782449,SHIVIN CONSTRUCTION AND CO
VEND_556BD000,HARI SHANKAR SINGH
VEND_A8DAA353,MAC SYSTEMS
VEND_D4FC0500,VIJALIYA GRAM PANCHAYAT
VEND_6DB31A38,S A M ENTERPRISES
VEND_CFE55B14,HRIDLOI BASUMATARY
VEND_BD87622F,JAMVALI GRAM PANCHAYAT
VEND_3CD15F08,LINDUM TAJU ENTERPRISE
VEND_021C7DE5,SURENDRA KUMAR YADAV
VEND_48C1F707,MEERA GARHWAL
VEND_3EF00822,RAJU DEVI
VEND_EA04019D,GRAM PANCHAYAT BHATIYA
VEND_E1C6D7D8,SARPANCH SACHIV GRAM PANCHAYAT AMATI
VEND_464110B2,SARPANCHSHRI LAXMIPURA GRAM PANCHAYAT
VEND_1790319A,NAVI FOT GRAM PANCHAYAT
VEND_383EA270,GRAMPANCHAYAT WAGADE
VEND_9B6990E9,SHANKAR MAJHI
VEND_B4792617,RADHE CONSTRUCTION
VEND_BFB187F6,PHOOL MALI SAINI SEWA SANSTHAN
VEND_BC038CFB,SACHIN S MADIWALAR
VEND_AB764913,COSINE GREEN POWER
VEND_9405CB71,ABDUL HAMID
VEND_3893A470,SYED MOHAMMAD AHMAD
VEND_1AAACFBE,SHIV TRADERS
VEND_1BEA041E,JJ SOLAR LIMITED
VEND_FEA16D55,CONST COMMITTEE PROTECT MEASURE VILL PUB MACHARA KASUMARA
VEND_DC80793E,KISHAN INFRASTRUCTURE
VEND_523490FA,TRALIN MYNSONG
VEND_C144A3C3,MS HALIM SK
VEND_10234760,BANBUHAIING MAKDOH
VEND_FA5348ED,MS SHIV SHAKTI ENTERPRISES
VEND_F26EB8F7,THE JAT MATA DI COOP L AND C SOCIETY LTD
VEND_2B285821,THE R K GRAM UDYOG SAMITI
VEND_DB16DCC9,PRASANJEET PADIHARI
VEND_0EC81C69,GP KUTHILA JP TEONTHAR
VEND_0CA68CD5,SHREE SHYAM STEELS
VEND_C40A2BFF,RAJHANS TOYS AND SPORTS
VEND_542479EF,MANOJKUMAR M R
VEND_8C6C5B06,PANNALAL MASRE
VEND_ABA80366,JE BDO ATTABIRA PUSPALATA BEHERA
VEND_1A55A3AD,MEMBER HWC THURPPALEM
VEND_E7BFD781,GRUP GRAM PANCHAYAT DHEDIYA
VEND_8E5202A9,H M ENTERPRISE
VEND_B56A1988,THE KAUSHAL COOP L AND C SOCIETY LTD
VEND_8A773A3E,ASHISH PATEL
VEND_DDDF469E,GRAM PANCHAYAT BAN
VEND_36D1F7D4,S K ENTERPRISE
VEND_E3B10213,MS SHYAMAL SARMAH
VEND_DC3CB516,TAREDI GRAM PANCHAYAT
VEND_E0BE7197,GRAM PANCHAYAT DHEKAL BADI
VEND_2EECA479,VANAM KRISHNA
VEND_C200507E,BAJRANG ENTERPRISES
VEND_9A389386,SAJITHABANU
VEND_835A7C79,SRI SRI BHAGAWATI MANDIR COMMITTEE
VEND_B9FE9D75,SURADA MADHAVI SRI
VEND_F85B695B,CONSTRUCTION OF CULTURAL STAGE AND COMMUNITY HALL AT ATHUGAON C
VEND_5F145CDF,MS LAKSHMI NRUSIMHA ENGINEERS AND CONTRACTORS
VEND_43B04E43,RANGANATH V
VEND_BA0CCF4F,SENAPATI VENKATA PRASAD
VEND_D2E17B5B,SURMA NONGSIEJ
VEND_163E4BEB,UCC UGC ACCOUNT
VEND_0BC7A13D,PARMINDER SINGH CONTRACTOR
VEND_285EEE8D,MS PUSHPENDRA KUMAR RAI CONTRACTOR
VEND_1FEC9D7F,GRAM PANCHAYAT RAGOULI JP BIJAWAR
VEND_DEC01A32,BENEFIT INDIA
VEND_8F1E2E38,RAMNARAYAN YADAV
VEND_A1550C8C,GODARAM YADAV
VEND_47DDDEFA,RAMA DEVI YADAV
VEND_25AC60A6,SACHIV GRAM PANCHAYAT BACHAVANI
VEND_91AC11CF,JOSIDHAA DEVELOPER
VEND_34190A71,MS DUHAN BHATTA CO
VEND_25531772,MS SHIVAAY ENTERPRISES JIND
VEND_94D13845,JOGINDER
VEND_90A4B123,PROJECT OFFICER ITDP NEDUMANGAD
VEND_53308C0C,ASHUTOSH ENTERPRISES
VEND_2A2E070F,SU SOLARTECH SYSTEMS PVT LTD
VEND_474C1994,DEV RAJ GUPTA AND SONS
VEND_62088ED3,JYOTI NYIGANG
VEND_B99EF814,GP DHANALG
VEND_9703DF8B,MOHENDRA KALITA
VEND_1ADBB63A,GRAM PANCHAYAT KHAWASA
VEND_75E584DF,GRAM PANCHAYAT DOKARWANI
VEND_E295C126,MPLADS EX ENGINEER PHE DIV HND
VEND_52BACEE6,SUYOG M S S LTD A NAGAR
VEND_1D712219,DUSARI ANJANEYULU
VEND_34DBAA4F,MS CHATTERJEE CONSTRUCTION
VEND_0244FB20,MISC ACCOUNT BDO RANPUR
VEND_1994FB4B,M S ENTERPRISE
VEND_D945DE43,BADARUDEEN K
VEND_CAA14752,SHIV LAL MEGHVAL
VEND_C1ED89E9,CHANDI BAI
VEND_DA7A61DA,BHANWAR LAL MEGHWAL
VEND_93A81FBA,BABU RAGHUNATH JI M MAHA VIDYALAY
VEND_030E6179,PRASANTA KUMAR BEHERA
VEND_590953C9,GIRIRAJ DHARAN GAU SHALA JEEV RAKSHA SAMITI RICHHAWAR
VEND_EDC4AA6A,RAJESH KUMAR GHOSH
VEND_C2BBCD01,NUMBERDAR BUILDING MATERIAL
VEND_10F2C5A6,SUPER TILE FACTORY
VEND_78EC3638,SANJALI GRAM PANCHAYAT
VEND_6C1B05CC,MEGHRAJ GRAM PANCHAYAT
VEND_6AB2FE7D,THE SANJAY COOP L AND C SOCIETY LTD
VEND_6D975B0A,SOPAN VITTHALRAO ZADE
VEND_430CB302,AKASH MALI
VEND_32776DE9,AMAR TRACTORS
VEND_73F0C036,ASHOK MALI
VEND_2463E60A,PURAN MALI
VEND_394EE7EF,GRAM PANCHAYAT KHERAKALA
VEND_508BAC6B,BHARAT KUMAR
VEND_979A7395,MANGI LAL
VEND_2846630C,MANOJ GEHALOT
VEND_D07076FC,NARENDRA
VEND_919F8EFC,GRAM PANCHYAT ADEGAON
VEND_A4AA2872,PRAHLAD SAIN
VEND_BDBAA520,SHYAM LAL GEHLOT
VEND_4DA2CEC0,GRAM PANCHAYT KHAIRI R INDIRA GANDHI VRIDHAVASTHA PENSAN YOJANA
VEND_CDE71CF6,GRAM PANCHAYAT PATHRIYA
VEND_2E9E1335,SAKTHIVEL K
VEND_FB379E6A,YOGESH KUMAR
VEND_A4FEE293,DUDI TRADING AND CONSTRUCTION CO
VEND_13DA4958,DREAM ENTERPRISES
VEND_16D4CE70,NITIN DNYANDEV RADE
VEND_413DAAF8,MANSOOR KEETHADATH
VEND_4E75DCA7,GRAM PANCHAYAT SARSAI
VEND_82939FC1,SARVESH GAJANAN CHORGE
VEND_B9626D62,MADHAVKAMPA GRAM PANCHAYAT
VEND_9D5E4791,VINAYAK
VEND_9F47C09E,KA FUND SHNONG RALIANG
VEND_94AC179B,GRAM PANCHAYAT MAANGROL
VEND_4900BCF3,GRAM PANCHAYAT ILAV
VEND_2F8857F2,JITPUR GRAM PANCHAYAT
VEND_46A23F9E,GRAM PANCHAYAT KHANGELA
VEND_DBF8AD37,LIPI MOHAPATRA
VEND_B56C44B9,SAGAR NIVRUTTI KHUTWAD
VEND_4BCFDF54,SRINIVAS PATNAIK
VEND_1E6967E9,SHRI KANHA TRADERS
VEND_54E9B18E,MS JP CONTRCTOR
VEND_762DE270,GRAM PANCHAYAT BADAJUNGERA
VEND_9802FDCC,MS YASH CONTRACTOR AND SUPPLIERS
VEND_A32888C4,CHUNNI LAL
VEND_9EF61B22,GOPI M
VEND_FB446196,A V PANDU
VEND_50D3417B,CONSTRUCTION OF ROAD AT MILIJULI PATH BHASKAR NAGAR
VEND_BCB37F9B,CC CONSTRUCTION OF COMMUNITY HALL NEAR SHIVA MANDIR NAMONI
VEND_7B02A109,NARESH KUMAR SO SOHAN LAL MISTERY RAI CHAK
VEND_CB6DC76E,SARPANCHSHRI NAVAPURA GRAM PANCHAYAT
VEND_1C2B3A0A,RAJIV ENTERPRISES BAJWARA
VEND_6111A8B8,THE JAI SHREE RAM COOPERATIVE LABOUR AND CONSTRUCTION SOCIETY LTD
VEND_D162C8BE,SWARAN BUILDING MATERIAL
VEND_398A30AF,AVREEN INDUSTERIES MUKERIAN
VEND_E48D8D8B,UBHI ENTERPRISES TIHARA
VEND_68C4FE79,ATHARUDDIN CONTRACTOR
VEND_8BCD1930,RAJARSHI CHHTRAPATI SAHUJI SIKSHA AND JAN JAGRAN SAMITI
VEND_5A75ADD3,MAROJU SILPA
VEND_69A22875,DASHMESH PIPE STORE
VEND_74AD4EDC,SANA CONSTRUCTIONS
VEND_419DCD59,SAHIL TRADING COMPANY
VEND_B85D027A,BHADARA GRAM PANCHAYAT
VEND_E28F0005,LAKHVEER SINGH
VEND_BAAFBF8F,KANAGARAJ P
VEND_85BF4284,CO HARMAN BRICKS SUPPLY CO
VEND_7A557C4F,UMTYLLUN SOHSYNNAM ANIMAL WELFARE SOCIETY
VEND_744DF622,SPI NONGSIEJ
VEND_6A450080,BABLI
VEND_C046C76D,GIBONSING KYNTER
VEND_9B617F16,DURYODHAN DAS
VEND_C40A0DAA,SARASWATI SISHU BIDYA MANDIRA SORO
VEND_B2B1D4D7,HARDWARE KING
VEND_6A4229F7,BASANTA KUMAR PALEI
VEND_1EA2B70C,DEVENDRA
VEND_2DDB5A9E,FOOLWATI
VEND_916AC051,BHURA
VEND_EC04FE78,GULAB
VEND_C5667439,HAZARI
VEND_795CB6F7,KANHAIYA
VEND_9414E927,SUPER TILE WORKS
VEND_7F3DBF08,PARASRAM
VEND_278DA610,SADAN SINGH
VEND_FD7C9D8D,SHRIRAAM
VEND_B5BF3782,YASHWANT
VEND_6DEDDBB1,DHARMENDRA
VEND_9C0198F3,HARMUKH
VEND_7A5D852F,SATYAVEER
VEND_7A752A00,VIMLESH
VEND_90328EF5,SANTOSH KUMAR RAUT
VEND_910DF58D,R BASKAR
VEND_5016C6A8,BOWELMAN
VEND_1E9250AD,B M ENGINEERING AND CONSTRUCTION
VEND_508BF9EB,SARALADEVI WORK CONTRACTS
VEND_1A16866C,ALAM CONSTRUCTION
VEND_B0808A1C,RAJA ENTERPRISE
VEND_08EBC236,AJING ENTERPRISE
VEND_505C8592,SAGAR SATMARAM ALLAM
VEND_797DF85B,GAIVINATH CONSTRACTION VIJAYPUR
VEND_05A410F1,JAY PRAKASH VERMA
VEND_AA6B7660,FULMATI DEVI PURV MADHYAMIK VIDYALAY
VEND_CAC6FE1F,THE BALAJI COOPERATIVE LC SOCIETY LTD
VEND_8B72F6C9,RAJ CONTRACTOR
VEND_EC9F47D5,KOUSHIK A
VEND_905ACC02,BSGS CONSULTANCY AND SERVICES
VEND_7EAA6530,MIYANI GRAM PANCHAYAT
VEND_A46BDD2D,KALPESH RAM GOJE
VEND_59D24296,RATAN
VEND_5521533F,GUDDI
VEND_B1634C02,KISHAN
VEND_F1B96DE0,GAJRAJ
VEND_068E5CFB,RAMLAL
VEND_8BB5F166,DFJUNIOR ENGINEER III BARANGA BLOCK
VEND_1E00571C,SINGH BUILDING MATERIAL
VEND_398A7BEE,SANDHIYA CIVIL AND ELECTRICAL CONTRACTOR
VEND_3E517A24,JOGINDER PAL
VEND_E66A1011,SPR TRADERS
VEND_6CD76550,UPPATHI VENKATESWARLU
VEND_5AF52774,PRADEEP B
VEND_6A947FDB,H MARISWAMY AND SONS
VEND_2DC4AADD,SRI VENKATESHWARA PARKING TILES PAVERS
VEND_9BE96816,THE MITATHAL CO OP L AND C SOCIETY
VEND_FE2B3164,KARMVEER
VEND_FD8403D0,NIHAL SINGH
VEND_31A727B7,RAJ BALA
VEND_539A39D6,SHIV KUMAR
VEND_47586482,GRAMPANCHAYAT KARYALAYA TAGARKHEDA
VEND_256B8BF8,BHARAT ENGINEERING WORKS
VEND_555C9778,GRAMPANCHAYAT WALSANGAVI GIRAKCHAL
VEND_B664CFE1,GRAM PANCHAYAT RAMNAGAR
VEND_9C2171C8,THIMMANIGUNTA NARSIMULU
VEND_4BD64A0E,GRAM PANCHAYAT RAJUPURA
VEND_3D17C854,BANSAL SANITARY AND IRON STORE
VEND_FFA1E234,HARI OM PAINT AND IRON STORE
VEND_26C11CD7,SARITA PING
VEND_F1D0DEC4,GRAM PANCHAYAT KHERDA
VEND_2E77CEF1,THOMAS GEORGE
VEND_179ED308,DANE THIRUPATHI
VEND_3EDA38CF,GRAM PANCHAYAT KHANPUR
VEND_0521C016,LALIT CHAUHAN
VEND_356420DC,MASADARA GRAM PANCHAYAT
VEND_9A43C423,BAJWA TILES MART NEW
VEND_DB059945,BAWA BRICKS SUPPLY CO
VEND_58808914,SHRI SHYAM METAL
VEND_9A58E263,MA PHULANDEVI CONSTRUCTION
VEND_81F1A452,VANTERU NANDAGOPAL REDDY
VEND_EA8807BE,TALO SHA
VEND_F7068334,STAR BRICKS COMPANY
VEND_15B87D4E,SHAKTI VENTURES
VEND_DA35B126,RS CEMENT STORE
VEND_9F4574BA,HIND TILES INDUSTRY
VEND_152B8482,BHARVADA GRAM PANCHAYAT
VEND_680F2445,SHREE BALA JI CEMENT AND BUILDING MATERIAL
VEND_803B02C6,DAMA SIVA BABU
VEND_9E86E55F,MS SAPRAI TRADING CO
VEND_88E10636,JVG ENTERPRISES
VEND_09BB4881,GP JHARKHEDI A
VEND_F740A9B1,GP ROLAGAON A
VEND_DC9B3EA3,SAMAKHIYARI GRAM PANCHAYAT
VEND_3E102254,AMBAVAD GRAM PANCHAYAT
VEND_54D3741D,SARWAN NATH AND BROTHERS
VEND_4F5D3031,JB TRADERS
VEND_33E18364,MUHAR CEMENT STORE
VEND_506445AF,BELARIUS RONGPEIT
VEND_42989A9C,VEDANT ENTERPRISES PROP RANJEET KUMAR
VEND_7CB4FFBB,NARESH
VEND_52C020F9,THE ARYA COOP L AND C SOCIETY LTD
VEND_E7445F7B,BHAGWANTI
VEND_147094E0,BAJRANJ TRADERS CONTRACTOR
VEND_0F8B8B91,D B ENTERPRISE
VEND_DB81EF0B,ANAND KUMAR
VEND_8FED3150,RAJENDRAN
VEND_9F3294F9,AVON INTERLOCK TILE INDUSTRIES BARNALA
VEND_2256A86A,CHANDRAGOUDA G NAGANAGOUDAR
VEND_33CE75EE,RUKINI SOMEPALLE
VEND_07C0D49A,GP BHARKACHHA KHURD JP BADI
VEND_417C895A,RANDHAW CEMENT TILE FACTORY
VEND_3B473BC3,SITA DEVI
VEND_202C9C6F,AKULA MAHENDHAR
VEND_0082BCCD,MS HANS RAJ BRICK KILN OWNERS
VEND_95DEB501,PANKAJ
VEND_526E34D0,RAJA
VEND_1AC94203,SIDDESWARA R
VEND_0DB1368A,R K ENTERPRISE
VEND_811D08D0,RAINU CEMENT AND BUILDING MATERIAL STORE
VEND_601810A9,RAJAN AGNIHOTRI
VEND_FB9BF00F,THOTA BALIJA MADHU
VEND_771C2C86,DHANDAPANI AND CO
VEND_C3DBBAA7,KSR CONSTRUCTIONS
VEND_66059912,ABBASALI SHAHUSSAIN KOGANOLE
VEND_A1B39078,JAY MAA KARNI ENTERPRISES
VEND_A6D1A6D5,ANUJA KUMAR JENA
VEND_5F8AA173,PILATUS RONGHANG
VEND_50FDCA24,SENG BHALANG KI LONGKMIE UMTARLEN
VEND_D2E6A6A9,DEEPAK YADAV
VEND_468F823B,HEMLATA KUMARI
VEND_5D5A2E79,POOJA KALBELIYA
VEND_A145F789,HEERA LAL KALBELIYA
VEND_6F160384,SITA KALBELIYA
VEND_06B9B3FB,MITHA LAL KALBELIYA
VEND_6B5987C3,SOSAR
VEND_A1CB3F35,RAJU KALBELIYA
VEND_7F26723A,KAJAL YADAV
VEND_6F003964,VISHNU KUMAR MEGHWAL
VEND_8C4793A6,MOHINI MEGHVAL
VEND_874A9F45,SUNDER
VEND_CD27E72B,NANA LAL
VEND_D3779C48,BHUPENDRA KUMAWAT
VEND_C6EE1F40,KAMLESH KUMAWAT
VEND_816B9F91,SURENDRA SINGH CHUNDAWAT
VEND_A91311A6,DURGA KUNWAR
VEND_9C5AEF9B,ASHA RANA
VEND_145F7091,GOVIND SINGH CHUNDAWAT
VEND_C842AF54,SATENDRA SINGH
VEND_94C6643A,THE GURU KIPRA COOP L AND C SOCIETY LTD
VEND_44B1EE2C,ADI SATYANARAYANA
VEND_69DFB6D9,M SRIDHAR RAO
VEND_BA5F2905,PAWAN ANANTU JARIYE
VEND_097852F6,GURDIT TILE TRADING CO
VEND_3C5AC420,TARUN CONSTRUCTION SUPPLIERS
VEND_790E0BA3,ALEX THOMAS
VEND_CA53701D,PRASANTA BEHERA
VEND_22866371,DUNIRAM
VEND_72EAA694,SAVITRI
VEND_845E6462,RAJENDRA SINGH JEENA
VEND_3DFF628B,BEENA NAULA
VEND_3E79639C,MINA RAWAT
VEND_3D7D93C3,DKHIAH PRESBYTARIAN SCHOOL
VEND_9E358431,MP ENTERPRISES SADAR BAZAR LUDHIANA
VEND_BD91C05C,MUNIR AHMED
VEND_50F1D75E,THE SAIFALI CO OPERATIVE LABOUR AND CONSTRUCTION SOCIETY
VEND_777C220E,GRAM PANCHAYAT HARRATIKRA
VEND_E2DA6D28,RAJA SAHIB JI TRADERS
VEND_B75BEE1E,KADIVETI ANVESH KUMAR REDDY
VEND_25879196,SARAO CEMENT STORE
VEND_0C0613D4,SAGI VEERA VENKATA SATYA SAIBABA VARMA
VEND_241CF72A,YANGPHEL TRADING COMPANY
VEND_06D4B8EA,BHOOP SINGH
VEND_84176A9D,SARDAR BELAVALLI COLONY ASK
VEND_4441A119,GRAM PANCHAYAT VAVKULLI 2
VEND_6EA46845,WHITESTAR INFRASTRUCTURE
VEND_CFA484B9,B RAVI
VEND_8341EA36,MALU GRAM PANCHAYAT
VEND_3587C585,VADINATH GRAM PANCHAYAT
VEND_4A7FA352,DASHRATH KUMAR YADAV
VEND_38FF5CF5,GRAM PANCHAYAT SALHEWADA
VEND_94611F1C,HARWINDER SINGH SO UJAGAR SINGH
VEND_502CF342,SRI KABINDRA BARDALOI
VEND_D7EEF21D,MS VISHWAKARMA BRICK INDUSTRY
VEND_EAA896DF,DEO BUILDING MATERIAL
VEND_51ACE8BF,MANKA GRAM PANCHAYAT
VEND_BAED02D3,SHRI GURUJI SHIKSHAN SAMITI SAUSAR
VEND_73112DF6,GP GULKHEDI S
VEND_DE41BE24,DINESH RAM
VEND_835835D3,GOVIND ELECTRICALS
VEND_93B1E962,NAIMA DEVI
VEND_16E6C997,NEMA RAM
VEND_AA4AD7C0,OBULAREDDY VISHNUVARDHAN REDDY
VEND_FD32E163,DHARMA RAM BHAKAR
VEND_79643895,MUKESH KUMAR SAINI
VEND_505D4F6B,LAXMAN SINGH
VEND_7287AA91,BIRDI DEVI
VEND_671AE663,PANDIT DINDYAL GRAM VIKAS SAMITI PANDURNA
VEND_96E9C38A,PARSA RAM
VEND_E13E5355,MASTER ELECTRIC STORE
VEND_96A7810C,RUPALI
VEND_451E936E,CHELA RAM
VEND_0315F913,K J SUBBEGOWDA
VEND_A91375C7,HEMA RAM
VEND_AA640E87,SUNDAR DEVI
VEND_BF8B09E7,LADU SINGH
VEND_F156CDAE,GANESH RAM DHAKA
VEND_C668A2D4,MS JE VI ATTABIRA BLOCK
VEND_BE179B16,ABHI BUILDING MATERIAL STORE
VEND_8F528B2D,SAPTHAGIRI BOREWELLS
VEND_7C0BD54B,ROMESH CHANDER
VEND_726E4ACB,GHANI SHAM
VEND_172AB197,ARVIND KUMAR SINGH
VEND_6EA340B6,ROHIT DIPAK CHAVAN
VEND_9720BFD1,AAHELI CONSTRUCTION
VEND_F5B0089C,GADDAM SRINIVAS REDDY
VEND_F3D702B1,RAM NATH
VEND_86527432,H K LOKESH
VEND_8CF5687C,GAYAM SREENIVASULU
VEND_7EF1FE77,CHAMKAUR SINGH
VEND_852E6579,MS BALWANT SINGH AND SONS
VEND_79EB758B,SUM TAGGU
VEND_F6E0803D,BHANU CONSTRUCTIONS
VEND_33509239,HEER HARDWARE PAINT STORE
VEND_53D974DA,TAMEM JAMOH
VEND_A6D3E562,DAYA ENTERPRISES
VEND_F4CF39AE,K BANUDOSS
VEND_1341229B,J P TRADING COMPANY
VEND_6A7502FC,SHREE GANESH TRADING CO
VEND_8CD23A79,MANIK DHOOLA STORE DHAULA
VEND_D468C925,SARPANCH KATKOI JOOTH GRAM PAN
VEND_6920274D,NANGKU JERANG
VEND_F1669CF8,YAPUN JERANG
VEND_9D7B2FDD,JAMES GAO
VEND_2B70CF5D,GOPINATHAN NAIR
VEND_B634EE2A,TAPAS KUMAR DAS
VEND_2965D7D0,ARUN GAO
VEND_0045894C,HEM SINGH
VEND_C37B0AD2,SHREEJI CONSTRUCTION
VEND_F0974C95,YAKEN DARANG
VEND_8260CB8F,YAKIYAM PAYUM
VEND_17D36DD6,OMAN PAYUM
VEND_F32A751C,TANIK PAYUM
VEND_30A29F1A,OPI GAO
VEND_8C9F008F,YAJER TAKOH
VEND_7EEFBE4F,MRINAL PHUKON
VEND_0DF54DFC,BRGD ENTERPRISES
VEND_C73645EF,BHANWAR SINGH KAJLA
VEND_1F64DF17,GOPAL LAL SAMOTA
VEND_38D59D83,SPA LABOUR CONTRACT COOPERATIVE SOCIETY LTD
VEND_D9CF8315,KALALAYAM GRAPHICS
VEND_5DD7D6AC,SUNIL KUMAR RANWA
VEND_FDF947E2,BHATTI ENTERPRISES
VEND_A145FA77,MS ASHOK KUMAR AVINASH KUMAR
VEND_BE23525B,SHRI GAJANAN MAJOOR VA BANDHKAM SAHKARI SANSTHA MARYADIT MHALSAKORE
VEND_913A42D9,SAGAR MAL
VEND_48854953,TIJU DEVI
VEND_16C2D740,HARDEVA RAM
VEND_227ECD12,KALU RAM
VEND_FD0860F0,BAJARANG LAL SAMOTA
VEND_9BF22D5A,MS NEW VIJAY BRICK WORKS
VEND_597F3D8B,MOHANI DEVI
VEND_7282D367,BANWARI LAL
VEND_829894A9,MUKESH KUMAR RANWA
VEND_648AE05A,KAHLOW TRADERS
VEND_E6CBDD62,PARVATI DEVI
VEND_7ADA67AC,PRINCE BITTAN TRADING AND CONST CO
VEND_6AD10101,AMRIT LAL AND COM
VEND_6FD9B0EA,SAKSHI CEMENT STORE
VEND_56D8DEAD,PARMJIT KAUR
VEND_357F4CEA,KAMLESH KUMAR
VEND_96FA3A58,BHUVAD GRAM PANCHAYAT
VEND_AB0C88BE,THE GUNIA BRICK KILN GRAM UDYOG SAMITI
VEND_3B719547,KHALSA AND CO
VEND_8B9F34CA,JS MALHI TRADING CO
VEND_6B2ECAF0,RANDHAWA BRICK KILN
VEND_211578D8,KHAMBHARA GRAM PANCHAYAT
VEND_3B2003C2,BHALOT GRAM PANCHAYAT
VEND_9CCA601F,CG STATE RENEWABLE ENERGY DEVELOPMENT AGENCY
VEND_B4F4AD78,SARPANCH OF TIWARTA
VEND_6F3257B4,JASWANT SINGH AND BROTHERS CONSTRUCTION
VEND_98DF2F07,HARPREET TRADING CO
VEND_8193F9F5,BHM AND SONS CONSTRUCTIONS PRIVATE LIMITED
VEND_2A853471,GP SHIVTALA JP BADI
VEND_D595DB98,CONSONA HEALTHCARE
VEND_3E6B2DE6,BALLAVARI MAHESWAR REDDY
VEND_3EF03450,UPANANDA CONSTRUCTION
VEND_CCF524F8,SHARANAKUMAR
VEND_58A1481D,SANDESHWAR MAJOOR SAHKARI SANSTHA
VEND_13041FAB,RAJASHEKAR
VEND_33F6113B,BDO DMJ
VEND_B5C836CD,SHRI RANJEET PANDIT INTER COLLEGE AARTHIK SAHAYARA KOSH
VEND_9DA318D9,PRADEEP KUMAR PANDA
VEND_9D7AE71E,PURUSOTTAM HEMBRAM
VEND_8A34ABBA,VASANTHARAM ENTERPRISES
VEND_FD2F4BC8,SATA RAM
VEND_6F33CDAE,JYOTI SHARMA
VEND_FC8FE66A,PRITTAM SINGH
VEND_1639FF23,DETHALI GRAM PANCHAYAT
VEND_2A6DAF70,MS SMART TECH
VEND_28F73EB5,KRISHAN GARG
VEND_0DC6E790,DINESH WATER PROOFING
VEND_35FE120C,RAM CHANDRA YADAV
VEND_76C6EDED,ABASANA GRAM PANCHAYAT
VEND_120902EB,SANGAPPA SHEKARAPPA RAMADAND
VEND_10E47AA6,INDARVA JUNA
VEND_EAF82ED4,INDU HARDWARE
VEND_7593B882,PUNJAB BRICKS SUPPLY CO
VEND_8980CD89,MS AMAN CEMENT STORE
VEND_7F13C2D7,AS TRADING CO
VEND_D562DDC0,DHALIWAL ENTERPRISES
VEND_AA47F821,DANIEL
VEND_FEA57589,KOLIYAD GRAMPANCAHYT
VEND_3A1AFEFC,SANIYAD GRAM PANCAHAYT
VEND_76532D5A,NKS INDUSTRIES
VEND_201B2ADA,KARAN GRAM PANCHAYAT
VEND_B6028A66,PANELI GRAM PANCHAYAT
VEND_511EF17E,GP DHANPURI
VEND_E6D51EC8,NVM CONSTRUCTION
VEND_1D04BB57,MOHIT LOHAN
VEND_F66BAA6B,PRAMOD KUMAR
VEND_32C88D8F,SOMVEER SINGH
VEND_975364BF,ANUKUL SINGH
VEND_B7D049DC,NIKHIL ENTERPRISES
VEND_E7665631,ROOP LAL AND SONS
VEND_24251A3D,URMILA
VEND_10E7E343,NEERAJ KUMARI
VEND_B69AEE83,MS RP CONSTRUCTION PRO VIJAY BAHADUR PANDEY
VEND_3F481D8F,BHAI BHAI ENTERPRAIGE
VEND_AA2ECA86,ACCOUNT OFFICER
VEND_81E92397,ANIKET ANIL SHINDE
VEND_DEE48CC7,GRAM PANCHAYAT CHIKHALPUTI
VEND_97A1673B,GRAM PANCHAYAT GOLAWAND
VEND_E0B3F12C,SVR CONSTRUCTIONS
VEND_2AA839B6,GRAM PANCHAYAT TOURENGA
VEND_B6BB0B5F,SECRETARY G.P. WAI MENDHI
VEND_28F1BA9A,P S CONSTRUCTION
VEND_29A998E4,THIMMAREDDY BANGARU
VEND_EA0EDA79,AMODARA GRAM PANCHAYUAT
VEND_AEDDE37A,VISHAL VILAS GHOLAP
VEND_B3C630B8,DEHLI GRAM PANCHAYAT
VEND_494CEEA4,RAJGADH KOSMADI GROUP GRAM PANCHAYAT
VEND_C4334719,SIVANESH T
VEND_9FF1F66F,SHRI BALAJI CONSTRUCTION
VEND_D74F4982,CH SHRIKRUPA MAJUR CO OP SOCIETY
VEND_672D70AF,SAKTHIVEL A
VEND_2AF1BABF,MS KHEMABABA CONSTRUCTION COMPANY
VEND_F6144FE4,GHATOURA AGRICULTURE WORKS
VEND_475A460C,DKS PRECAST CONCRETE ENGINEERING AND BUILDING
VEND_4613319C,DROM CONSTRUCTION
VEND_F9D8E300,LALHMINGMAWIA
VEND_95953BBA,JUNTUPALLI KRISHNA
VEND_E1478EBC,AEN O AND M JVVNL SULTANPUR
VEND_39196A93,SAJI K ABRAHAM
VEND_4CCE006F,MORJAR GRAM PANCHAYAT
VEND_23C1FEF6,TRILOK SINGH NAULA
VEND_B5BDBDE7,SATYAM TRADERS
VEND_C11AD23A,SAINIK TRADERS
VEND_733C0F5A,GAURAV BRICK FIELD
VEND_8334B5B4,ANSHUMAN PANDA
VEND_A043AD0C,MUJAPUR GRAM PANCHAYAT
VEND_C2E2650D,SHREYA TRADING
VEND_C2957721,THE AADITYA COOPERATIVE LABOUR AND CONSRUCTION SOCIETY
VEND_8B4F468D,SHRI GANESH INTERLOCK TILES AND BRICKS
VEND_F693F7DB,MR DEV URINAL LTN GARAKHIYA GOHAI THAN
VEND_844D1D0B,GIVE FOR SOCIETY
VEND_43D194DF,DHIRA CONSTRUCTION CO
VEND_9B9CE7D1,DIPENDRA DEWAN
VEND_9563C68C,JV ENGINEERS
VEND_01D5EE52,S BABA SURGICALS
VEND_4846638B,UNNATI CONSTRUCTION
VEND_49933A8F,MAAN CONSTRUCTIONS
VEND_37ED297C,NALLA SIVA PRASAD
VEND_33E436E4,DEVI SWAYAM SAHAYAKA MAHILA SANGAM
VEND_A7DD1477,HARI CONSTRUCTION
VEND_A2174A4A,M RATHNA DEVI
VEND_D2E5ADE7,PENDLI LAXMI
VEND_A97E0744,MOTA LAYJA GRAM PANCHAYAT
VEND_4F29EF71,SIDHU HARDWARE PAINT STORE
VEND_0FCAC969,SAJU S
VEND_EA750DED,HARIOM INTERPRIZEZ
VEND_CE3E00A5,GURLAB SINGH
VEND_872BF6E5,MANTHAN TRADING CO
VEND_888F3E2E,AMAN INTERPRISES
VEND_4E5F9264,MANI UPVC WINDOW AND DOORS
VEND_764F5EC1,SANGAPPA S KUMBAR
VEND_DBBCC257,GRAM PANCHAYAT CHAREGAOV
VEND_4A07103E,SAIRAM CONSTRUCTION CO
VEND_CC215392,VARDANAN N
VEND_96714C39,BALBIR SINGH
VEND_A400B8CD,JAGTAR SINGH
VEND_813D039F,DHARMENDRA KUMAR SAHU
VEND_7BD6F2BE,SUBRAMANI V
VEND_939CE8FA,DIGVIJAY KEWALRAM NIMBEKAR
VEND_4AF8B62F,LILADHAR PANT
VEND_87C320DA,GRAM PANCHAYAT KUMHARI
VEND_7AFF36D2,GRAM PANCHAYAT KANHERA
VEND_64AD63AE,MIHMYNTDU RC EVE SECONDARY SCHOOL
VEND_75F81011,GOYAL CONSTRUCTION
VEND_39445993,HUKAM SHREE
VEND_F9617FBC,MP STATE CO OPERATIVE MARKETING FEDERATION LTD SEHORE
VEND_0A39BA84,DEVELOPMENT FUND SHILLONG VIDYALAYA
VEND_308C4799,GANGA ELECTRIC
VEND_2D084CEC,VIRUPAKSHAPPA M SATANNAVAR
VEND_A1C65455,KULDEEP WELDING AND TRACTOR WORKSHOP
VEND_E8CBAC82,BABA GAREEB DAS BUILDING MATERIAL
VEND_C1A39BBD,JAGDISH CEMENT STORE
VEND_C833309B,BS CONCRETE INDUSTRY
VEND_2CDC7124,MESVAN GRAM PANCHAYAT
VEND_59AC6F12,G S TILES FACTORY
VEND_F69DD794,LAXMI CONSTRUCTION COMPANY
VEND_7CF80489,GURU NANAK RAITA BAZRI SUPPLIER
VEND_A4082DB2,INDRAJIT VASANTRAO SALUNKHE
VEND_6A620D1C,BHABOKLANG RYNTATHIANG
VEND_4C2986BD,MANAGAI PATHIPAGAM
VEND_74A47CA8,KHARTHANGMAW LP SCHOOL
VEND_B2F472B8,GNX IT SHOP AND SERVICES
VEND_6973DC05,GRAM PANCHAYAT JALIA
VEND_6596FABF,ISHFAQ AHMAD MIR
VEND_C4264152,CH MAULI MAJUR SAHKARI SANSTHA LTD BEED
VEND_61A45642,RURAL EDUCATION SOCIETY
VEND_0AB40A1D,SUNDA SUPPLIERS
VEND_AC1BEA03,THACHINAMOORTHY
VEND_1B423BF5,NEOM BUILDERS
VEND_6EDEA410,MOHIT CONSTRUCTOR
VEND_E5BA1D9F,GRAM PANCHAYAT JUJARPUR
VEND_69C57CA4,DHILLON UDYOG COMPANY
VEND_835A73D2,C N ARUMUGAM
VEND_8EA323F6,SAT LIGHT AND POWER
VEND_FB37A30B,SALLEPALLE VENKATA RAMI REDDY
VEND_6E6B0971,ASSISTANT ENGINEER PANCHAYAT SAMITI POTTANGI
VEND_A1EC2443,SUKHWINDER SINGH SARPANCH
VEND_4434A2CA,BHARKUNDA GRAM PANCHAYAT
VEND_2BF06F23,KANIYEL GRAM PANCHAYAT
VEND_F3C5F400,PAWAN KUMAR CONTRACTOR
VEND_ABEBB200,BHUVALDI GRAM PANCHAYAT
VEND_EAEB496F,RUPESH ANANT DURGAVALE
VEND_727BC2DD,ASIT KUMAR PATEL
VEND_AE922ED9,PHRINLYSHON K SYIEMLIEH
VEND_11A70453,SATPAL
VEND_9965675B,PARVEEN
VEND_010631D1,N H ENTERPRISES
VEND_59C95189,MANISH
VEND_AE03321A,VEERAKUMAR K
VEND_BF223C1A,KHETARAM
VEND_47D68207,RAJARAM
VEND_BD1EF56D,GRAM PANCHAYAT KHALBUJURG JANPAD PANCHAYAT DHARMPURI DISTRICT DHAR
VEND_2DB67A8E,SURESH BABU K S
VEND_3DCEC89B,DEEPIKA
VEND_69DC5DB5,BABA RAMDEO CONSTRUCTION
VEND_96783586,VIKAS SPORTS AND GENERAL STORE
VEND_A8F5846C,RAYIA BRICKS CO
VEND_A14EBE1A,SIDHU CEMENT AND SANITRY STORE
VEND_48F75470,INDIAN CONSTRUCTION COMPANY
VEND_E1D077CD,POONAM KUMARI
VEND_419AE725,SHANKARLAL
VEND_41F35B45,BAJWA BORING AND HARDWARE STORE
VEND_A6A601C1,SAJAD AHMAD WANI
VEND_5807161E,MS RAZA WELDING WORKS
VEND_CA2BA39C,POSANPALLY ESHWAR REDDY
VEND_DE81B17D,KARAMDI GRAM PANCHAYT
VEND_7E999BCB,SHAJIMON B
VEND_55D363C0,PAPAN KUMAR MANDAL
VEND_F6BFA4AE,HIMANSHU GUPTA
VEND_47A90956,SLOKA ENTERPRISES
VEND_CFD0C244,ABIKESH SHARMA
VEND_310A3D88,OMER NABI BHAT
VEND_1F15F568,MODERN CONSTRUCTION
VEND_AD1E5EEE,VINAYAK CONSTRUCTION
VEND_0DCF6A4E,NIMAHA KHAKLARY
VEND_CDDDCB73,RAM THAKUR CONSTRUCTION
VEND_7048EFBD,SWASTIK ENTERPRISES
VEND_05FBFFD6,VARALAKSHMI
VEND_1213B63E,MS MALLICK SUPPLIERS
VEND_D245BD1A,AJIT SENAPATI
VEND_9A5A350B,NEERAJ THAKUR
VEND_91487F7E,MUTHUMURUGESAN
VEND_364BEC82,ANANDI DEVI
VEND_6A0D46D3,GIGA DEVI
VEND_C4266145,GUMAN MAL
VEND_1CFB6761,HARALAL RAM
VEND_597A215B,JANKI
VEND_E34E7E8F,JETHI DEVI
VEND_F71C9A17,RAMESHWAR LAL
VEND_8BCE924F,RAMESHWARI
VEND_A4FC365F,GANESH RAM
VEND_F793DE6A,MALLARAM
VEND_77B116C9,RANJIT
VEND_F6ADB030,SATYANARAYAN SAMATIYA
VEND_51DCA643,RUDRESH M V
VEND_DD95578C,BHAJAN LAL
VEND_E7076B46,POORANARAM
VEND_E899E475,GOVIND RAM
VEND_60D61A5C,MANROOP SINGH
VEND_69FB1273,KRISHAN
VEND_A855330C,PARTAP
VEND_B4C8F2AD,MANI RAM
VEND_81D2BE4C,SHAYAR
VEND_3C3B9D27,HARDAT
VEND_ADD27BF8,MANGI RAM
VEND_48759445,SUBHASH CHANDRA
VEND_17BD3509,CHYANAN
VEND_FC11BC6B,MOHAR SINGH
VEND_6E33C455,RAMSAWROOP
VEND_3B3D79D1,BNARSI
VEND_289D2EF9,DHANA RAM
VEND_95D09D64,NIRANA RAM
VEND_280DD443,RACHNA
VEND_75611BE7,SHISHRAM
VEND_9DF97B8E,GAYTRI
VEND_E2A05A9E,RAMSINGH
VEND_D58DA822,OM
VEND_AEC67F65,STAYVEER SINGH
VEND_4AE0E2DF,GIRDHAWARI
VEND_DF265BA9,SWASTIKA CONSTRUCTION CO
VEND_D5CF030D,SHRI KOB GRAMPANCHAYAT
VEND_E954EEA3,SHRI DELVADA GRAM PANCHAYAT
VEND_BE18AA14,SHRI GANGDA GRAMPANCHAYAT
VEND_22D1DFD8,GRAM PANCHAYAT BAGANWAL
VEND_A0813DDE,KANDAVALLI BUTCHAMMA
VEND_32EC5BF9,LOVELY TRADING CO
VEND_C79F1B86,SHRI VELVA GRAM PANCHYAT
VEND_CCC4D111,PUSHPA MAJOOR K S STY
VEND_10A97E3C,GRAM PANCHAYAT BADKUD
VEND_FF48E9BD,PRAVESH GUPTA
VEND_4FE14A09,BARAD GANGA MOHAN
VEND_A57FF164,THE AZAD CO OPERATIVE LABOUR AND CONSTRUCTION SOCIETY LIMITED FEROZEPUR
VEND_4805A5E9,JADI GRAM PANCHAYAT
VEND_4515ACCB,DURGADAT
VEND_83431F7B,CHAIRMAN WORKS COMMITTEE LAM
VEND_F6CE316F,MALWA ENTERPRISE
VEND_3D05A7F8,CHAIRMAN WORKS COMMITTEE GOLLAPALEM
VEND_FE4442C5,MEMBER VILLAGE WORKS COMMITTEE BANDARUPALLI
VEND_D2B3F18A,HIRAPUR GRAM PACHAYAT
VEND_D155A4BB,ASHA TRADERS PROP SUNITA JAISWAL
VEND_1F00E17C,SARVESH CONSTRUCTION PROP RAJENDRA
VEND_3E324C04,GIRIJA TRADING COMPANY
VEND_C708842F,LAITDOM MIHNGI SCHOOL CRC SPORT CLUB
VEND_DB02A473,Y SRINIVAS
VEND_5FBF6367,CHILIPI RAMANA REDDY
VEND_4E136CEB,DHUNDHWAL ENTERPRISES BARMER
VEND_719C01A8,MITHIVAV GRAM PANCHAYAT
VEND_B19CC6D3,ALOK RANJAN CHOUDHURY
VEND_D0B0432E,GRAM PANCHAYAT MOTIRAVAL
VEND_2909B70F,SURENDRA BABU C
VEND_A6E56B23,PATLIPUTRA HI TECH ARTIFICIAL LIMB CENTER
VEND_84331DD4,JAI SHARDHA TRADERS
VEND_DE3AA853,SHIVA BRICKS KILN COMPANY
VEND_667B9509,LACHHMAN SINGH AND SONS
VEND_06A4217A,SIBANI ENTERPRISE
VEND_90D2F50B,PAWANDEEP KAUR
VEND_98EBE0DF,FATEPUR VAN JUTH GRAM PANCHAYAT
VEND_2A5B9085,MOTA KALAVAD GRAM PANCHAYAT
VEND_21730DEE,THE LAKSHIT CO OP SHIMLA KAITHAL
VEND_07B7119A,CHAKRADHAR SETHI
VEND_4392FD10,SHREE SIDHATRI ENTERPRISES
VEND_E50545B0,SOM CONSTRUCTION AND MATERIAL SUPPLY
VEND_133669FF,SATHEESH CONSTRUCTION
VEND_5E6A2E7D,SAINI CEMENT SARIA STORE
VEND_AADC0026,UKAR BAIRA
VEND_A41A2D8F,SHIV PRAKASH
VEND_7859A045,SAYAR
VEND_7E6378AB,KUSUM DEVI
VEND_DD173584,BADAM NAYAK
VEND_36655A9D,KISHAN GADRI
VEND_5214FD17,KHANA GADRI
VEND_8FEE1E13,AMBA LAL
VEND_7BB2AA08,GANPATI TILES MATTI
VEND_C77ECDCA,NARESH TRADERS AND SETRING
VEND_78BAD12D,CHIRANJIV ARTS SERVICE
VEND_609E8ADD,BALDANA GRAM PANHAYAT
VEND_8DFF57B5,S R ARUMUGAM
VEND_9C5BFDCE,MS BALAJI BRICK CO INTAL KALAN
VEND_D2883F56,MS GOYAT TRADING CO JIND
VEND_364E5C1D,JINDAL STEEL SALES
VEND_79D8174A,DELU CONTRUCTION COMPANY
VEND_BCF4B01F,VATESHWAR MAJOOR AND BANDHKAM SAHAKARI SANSTHA
VEND_357735ED,SGP ALIGARH
VEND_CCC1A77B,ONKAR MANI TRIPATHI
VEND_40ED3EE9,JAGESHVER TRADERS
VEND_6B95D0A3,PORWAL AGENCIES
VEND_86710AD8,PARMILA
VEND_5FF2C12D,SADUTHALA GRAM PANCHAYAT
VEND_5E03FFB2,BANSHI LAL
VEND_D027D95F,TOPOJI BHAGYALAXMI
VEND_C418FE58,PRITHVI RAJ
VEND_7E526F84,RUKMA MEVI
VEND_4E97A526,MAYA DEVI
VEND_248DF5B2,DHOLU RAM
VEND_A0D858FB,DALVEER SINGH
VEND_1DCCDCC2,PANNA DEVI
VEND_22B4FCE2,REHAL AGRI WORKS
VEND_BDE5DEDA,MS RABIJIT HAZRA
VEND_2D4DED73,KARAN SINGH BKO
VEND_E6E58185,DEVRASAN GRAM PANCHAYAT
VEND_801E846F,HOSSAIN CONSTRUCTION
VEND_04ADED25,ASHOKA CONSTRUCTION COY
VEND_46191F72,GURDEEP SINGH CHAMARHERI
VEND_BA6162C7,CHANDRASEKHAR NAIDU S
VEND_3FDF6669,TIRUPATI ASSOCIATES
VEND_792855EA,AAI MOGAL KRUPA ENTERPRISE
VEND_EEE64DAB,BELIM IRFAN USMANBHAI
VEND_4BA09B93,IMPRESSION
VEND_8C64787D,BIREN SING HANSE
VEND_4AE3E0B5,TEJOSHEE KATAKI
VEND_48E8A6AD,DIRECTOR ALL INDIA INSTITUTE OF SPEECH AND HEARING
VEND_A437D734,CHANDHAMAMA MPS TUKYATHANDA
VEND_2E0C5FDC,A K ENTERPRISES PROP ABHISHEK KUMAR
VEND_643632E9,SUNNY ACC CEMENT AND TMT SARIA STORE
VEND_925759F3,MS DHILLON BUILDINGH MATERIAL AND EARTH REMOVER
VEND_4D267F6F,GHULAM MURTAZA
VEND_DB3636DB,AVSON ENTERPRISE
VEND_C624AE07,DAVINDER KUMAR
VEND_C63AE409,PRASHANTA KUMAR POLEI
VEND_0F2D004B,GRAM PANCHAYAT ARJUNI
VEND_D8DFC28B,BIREN KUMAR SAHU
VEND_21441D8A,MS KISAN ENT BHATTA
VEND_20D9CAB4,TIWARI TRADERS
VEND_2A2D5A54,PUSHPA KHAD BHANDAR
VEND_BAFBD79D,SDR TECHNOLOGY
VEND_F8C58151,FENSI KHATUN
VEND_672A9253,RK AND COMPANY
VEND_93D363CC,GP CHHATARPURA
VEND_A7194909,LAKHTUN BIBI
VEND_C5617464,MOTI MONPARI
VEND_C4455AB3,MD JOSIM
VEND_A3DD7D6B,MD SAMIUL SK
VEND_3F923641,SULTANA BEGAM
VEND_16C63D4A,SUMARAN SK
VEND_3C2BE323,SULTAN SK
VEND_8D49F994,AJAHASAD SK
VEND_27AD37E8,CHANDRA SINGH PARPAR TRADERS
VEND_183C4865,MD SENAUL SK
VEND_6F98E617,D K ASSOCIATES
VEND_298EA99B,TASLIM SK
VEND_8E946C8C,NABI SEKH
VEND_DE7D81DF,DHURBA HARDWARE
VEND_F506525C,DEVENDRA KHATIK
VEND_F42936E0,MD EKAL SK
VEND_A5D0B2B0,JAMIL AKHTAR
VEND_DA1E88DF,RAMDEV CONSTRUCTION COMPANY
VEND_48340FFD,AINUR SEKH
VEND_F9190C81,HASIMUDDIN SEKH
VEND_200E5E6B,FATEMA KHATUN
VEND_B347F048,MD FAHAN RAJA
VEND_35A2676E,NAJERA BIBI
VEND_041D629F,SHRIKANT MAJOOR SAHAKARI SANSTHA MARYADIT SONWALA
VEND_F7A5AA9C,RAHIMA KHATUN
VEND_BBECB03A,SHYAM DAS
VEND_040E26BF,AKHTARI KHATUN
VEND_CF82F7F1,LOKESH CONSTRUCTION COMPANY
VEND_2597E44F,MAA VAISHNO MARBLES AND SANITARY WARE
VEND_142C580E,NARENDRA SINGH CHUNDAWAT
VEND_B0BD5476,PRATHAP K
VEND_EF0D4106,ANMOL SALES CORPORATION
VEND_BCEA536F,JUNTIAR K MARAK
VEND_65D13793,BUDHLADA BRICKS KILN
VEND_9EC13651,DILIP KUMAR DASHORE
VEND_A3F7FAAC,MAHENDRA MASARE
VEND_C36A7C96,SUDESH KUMAR ENTERPRISE
VEND_3906112A,MS SHIV SHAKTI TRADERS
VEND_E0EB326A,ASHISH TRADERS
VEND_0971231A,GURU KIRPA TRADING CO
VEND_B586E878,GRAM BHARTI
VEND_540FFEC1,LABX
VEND_0F090E70,PAMPAPATI
VEND_B669433B,NANDAN SINGH
VEND_212D6A09,BABA SADARAM TRADING COMPANY
VEND_EA2EB026,SUMIT JANTWAL
VEND_0BAFC7CB,GREEN YARD SECONDARY SCHOOL
VEND_4B587BD4,SURAJ PALADIYA
VEND_5B12A056,SHAREEF U DIN KHATANA
VEND_88962C32,MEMBER GPC GUDAVALI
VEND_AB61E250,JASNATH CONSTRUCTION CO
VEND_9133EE95,NITIN JANTWAL
VEND_8F8CDAE5,LATA ARYA
VEND_12242D9B,JEEWANTI DEVI
VEND_37B2D2F5,BASANT LAL
VEND_BBC26A6F,ANANDPURA GRAM PANCHAYAT
VEND_F5824067,PRADEEPA S V
VEND_6FC5BA6C,MADASAMY C
VEND_0C04C4B6,SHRI MAA DURGE CONSTRUCTION PRO REETU VERMA
VEND_BCF6BCE1,UDAY CHAND NANDY
VEND_49CE7801,SHREE ENTERPRISES
VEND_714F56AD,BISWANATH HARDWARE
VEND_7FAAFCBC,KAJAL
VEND_BBE492E6,JASPAL
VEND_DC766466,BHOOVAN CHANDRA
VEND_79322540,SUSHMA DEVI
VEND_97476321,AASHA
VEND_40CDB16A,BHAGWATI SUYAL
VEND_D5D21A09,YADAV BUILDERS
VEND_33E959A7,SANGEETA ARYA
VEND_5C09B437,HITESH SUYAL
VEND_DC24A815,ALLAPURAM SHIVA KUMAR
VEND_AE217C8C,GRAM PANCHAYT LENGWARA
VEND_7874A5DD,GRAM PANCHAYT TILAI
VEND_70D7B0BC,GRAM PANCHAYAT KRUSHNUR TQ NAIGAON
VEND_1EE7AF94,SHOBHA CONSTRUCTION
VEND_169D94C6,GRAM PANCHAYT NEVNARA
VEND_7F588F93,LALPUR GROUP GRAMPANCHAYAT
VEND_6F0BE81A,UDAI SINGH DEVRA
VEND_919D8F1A,YAMANURAPPA HANAMANT BUDIHAL
VEND_71AADA45,RAJESH KUMAR S N
VEND_E21F4381,VITTAL DYAMANNA KAMBAR
VEND_E8D25E26,SURENDER KUMAR
VEND_F72C2D2A,ASHIS KUMAR SEAL
VEND_CBFD7DE1,HELLUM LEARNING LAB PRIVATE LIMITED
VEND_3BD2E0D3,MOHD SADDA GAMLA WALA
VEND_3B409728,BHADARI PADRA
VEND_1BBD114E,MITHU LAL
VEND_D6CA3FD0,KALI
VEND_D52F4795,SUBHASH SINGH KACHAAVA
VEND_4E966057,RAJMAL MALI
VEND_C58DB276,LADU LAL
VEND_D28A7EED,KAMLESH MALI
VEND_0CFC4A7E,HEMRAJ MALI
VEND_DDF74247,SH MOHD MUZAMAL SOHIL SO ABDUL REHMAN RO HEWAGAN SOJMATNA RAMOO DISTRICT RAMBAN CONTRACTOR
VEND_FBC23B35,PHUTELA COMPUTER KINGDOM
VEND_BDE4E860,RAMETI
VEND_05488CB5,NIRANJAN PANDA
VEND_FFCBF17E,GADU RAM
VEND_9781C413,PRABHU DAYAL
VEND_5F6539FF,NETRAM
VEND_A20280E6,MEHARCHAND
VEND_82C68D12,RAY SINGH
VEND_6E7A4702,ADARAM
VEND_21ACF935,BHAGATURAM
VEND_9BB4BCA7,DHAPA
VEND_A7C9FC01,KAMALA
VEND_82FE27DE,CHERLAPALLY SRINIVAS
VEND_02116170,SURYASE ENERGY
VEND_0B19BC2E,PANDITH SAI KIRAN
VEND_B5DD2073,HANUMAN BOREWELL AND EARTH WORKES
VEND_7719C8DC,THE MALLOWAL COOPRATIVE LC SOCIETY
VEND_D9D02AC3,KESHO RAM AGGARWAL AND SONS
VEND_522AF09F,SATPAL AND SONS
VEND_C80D4E93,DEEPAK CEMENT AND HARDWARE STORE
VEND_0EBEA650,AYE ENTERPRISE
VEND_EB812A76,SHELNA GRAM PANCHAYAT
VEND_C6FAE868,GRAM PANCHAYAT PAHUNGAON
VEND_318B2E4E,MOGA STONE SUPPLIERS
VEND_F6992717,HOSHYAL SINGH
VEND_F5B72912,OM OPRAKASH
VEND_D84CDB66,SHARMILA
VEND_93D1070A,POONAM
VEND_F8BBFFE0,CHANA
VEND_E5D406BE,DANA RAM
VEND_5994A772,SHANKUTALA
VEND_0C794A5F,HANAMANTAPPA VADDAR
VEND_53C5384B,MS BALAJI CONSRUCTION
VEND_1B416475,MOUROUGANE
VEND_45B71EE9,DASHARATH SAHU
VEND_F7109E98,CHANDRAPPA YALLAPPA MADAR
VEND_FCC312D1,CONSTRUCTION OF BOUNDARY AND GATE AT GAKHURAPARA NIZDAMAKA NEAR SRI SRI JA
VEND_C91E9024,GRAM PANCHYAT NAWAGOAN TE SGVY
VEND_352447E8,V K BROTHER
VEND_11ED5A6D,HONEY SAHOTA
VEND_C5FF3293,CONSTRUCTION F RAISED PLATFORM AT MIDDLE BARGHOL
VEND_75723EC0,TEM TAKAR
VEND_D56AB3B3,UMA KABAK
VEND_01C9BFEF,KULDEVI TRADERS
VEND_08DB5BCD,VIKASH ELECTRICALS
VEND_57996E9B,VRL SUPPORTERS
VEND_00D73F38,MALLIKARJUN DALAWAI
VEND_3050E662,KAVVA DEVENDER REDDY
VEND_38D277E9,NEW BHATIA TRADERS
VEND_77A61AA5,RAJESH VISHNU
VEND_02BBB59A,RAJENDRA SETHI
VEND_BE7E93D6,SHREE HARGOBIND SAHIB ENTT UDYOG
VEND_278725C0,PRITPAL SINGH
VEND_748C49DB,GRAM PANCHAYAT PATAN IGR VRIDDHAWASTHA PENSION
VEND_DB9A016F,TARSEM SINGH
VEND_39C38F86,RAKSHITH N R
VEND_EB01C139,HARDEEP SINGH
VEND_6709750A,PREMARAM
VEND_165F6F12,SHRAVAN RAM
VEND_2DCEB57A,SHUBHAM VILASRAO CHAVHAN
VEND_0979D986,MADHUBALA
VEND_B00A50C4,NIKITA
VEND_2D85F768,MOHAMMAD SIDDEQ
VEND_23B7B529,KPCC ENTERPRISE
VEND_E53901F6,GAUTAM CHHETRI
VEND_A98733DF,SURINDERA MACHINERY STORE
VEND_3AB36CE7,SAHIDALI CONSTRUCTION
VEND_DDAF900A,BICHITRANANDA SAHU
VEND_647B9225,SHARMA BKO
VEND_96443EF7,VISHKARMA KALAB STORE
VEND_71F7DADC,VEROKE CEMENT STORE
VEND_A8CC5924,GRAM PANCHAYAT CHICHPOL IGR VRIDDHAWASTHA
VEND_C84EB572,GP HALYATAR
VEND_B3D9404E,PS ENTERPRISES
VEND_E6ACC47B,SYNSHAI JANA
VEND_3289AAAC,AJIDA MARBANIANG
VEND_161A9A2C,VICKY PALE
VEND_D22D82D2,SUHAS GULBRAO GOTMARE
VEND_B172BEB4,MS BALVEER SINGH YADAV CONTRACTOR
VEND_F75D97DC,GRAM PANCHAYAT GUNGARADI
VEND_6751F1D1,ABDUL LATHEEF
VEND_819DB0FD,GHUMMAN SPUN CEMENT PIPE AND CEMENT STORE
VEND_5CF902BA,GRAM PANCHAYAT AKARJAN MULBHOOT
VEND_BC9FD431,GUPTA CONSTRUCTIONS AND CONSULTATIONS
VEND_47FA9E9C,HOSPITAL MANAGEMENT COMMITTE
VEND_2F96916F,GRAM PANCHAYAT PENDRI
VEND_A1134BF8,PARAKHMONI KALITA
VEND_0C651AB5,METHI GRAM PANCHAYT
VEND_C2A2A260,KURAI GRAM PANCHAYT
VEND_B56237A0,ABHI CONSTRUCTION
VEND_D00358CA,PAR EXCELLENCE IT SOLUTIONS
VEND_6C8AAE82,CONSTRUCTION OF STAGE AT JAPORIGOG JANAJATI YUBAK SANGHA
VEND_48C50BA4,CONSTRUCTION OF COMMUNITY HALL NEAR SHRI SHRI RADHA GOBINDA MANDIR SEVA MARUP AT KEKURANAGAR
VEND_5F5FD273,K S PRADEEP
VEND_755D9344,SAHARAN CONSTRUCTION COMPANY
VEND_E4B2478E,GURTEJ SINGH PANCH
VEND_3DDF9065,K S ENTERPRISES
VEND_B6054A4D,SACHIV GRAM PANCHAYAT SOMALWADA KHURDCHADONE
VEND_2BC6C1D5,MAAN CONCRETE
VEND_1538B16C,MISTRI BALWINDER SINGH
VEND_D4EF111E,NAGARAJAN
VEND_F0B8A364,GRAMPANCHAYAT KOTHA SARPANCH SACHIV
VEND_FB502FEB,PANTANI NARESH KUMAR
VEND_3D3DB670,AK SINGH
VEND_9D97C4CA,RANJIT KUMAR BALABANTARAY
VEND_78462262,SARPANCH GRAM PANCHAYAT GANAUD
VEND_739465CA,VIBINDAS
VEND_14CCFD6D,GRAM PANCHAYAT JHAPHAL
VEND_C7F1D6EF,MEGHPAR GRAMPANCHAYAT
VEND_D0235A4C,J AND D CONTRACTORS
VEND_3D30C116,PRASAD JINKA
VEND_99644CAE,AMAN ENTERPRISE
VEND_9AF37CDB,PALIWAL STONE SUPPLIER
VEND_946B6C4E,K LIANHMINGTHANGA
VEND_39C092F0,SIDHU AND COMPANY
VEND_0F3F73A4,V MUTHAIAH
VEND_86884B97,NEW ERA CO OP LCS LTD
VEND_C729CDC8,GP BARARA
VEND_600341D8,MAWKHAR CHRISTIAN SECONDARY SCHOOL
VEND_69B17E70,KAKRUNG TERONPI
VEND_3EA2763C,KAILASH CHANDR TIWARI
VEND_EE1B5C2E,ARBAJ RAFIKAHAMAD INAMDAR
VEND_CA01E644,BALDEV CHAND
VEND_7EBB3D48,SENG PATOR
VEND_E5558F39,GRAM PANCHAYAT BHENDRA
VEND_B5856EB1,BRIJITA BEYPI
VEND_042A2E18,JANTASING KRO
VEND_6050E19F,HARPO SING RONGHANG
VEND_1013CDCB,APS POWER SYSTEM
VEND_07EE63CE,GRAM PANCHAYAT LERIYA
VEND_08510E2B,SHAKTHI CONSTRUCTION
VEND_443B9A00,GROUP GRAM PANCHAYAT MANDALI
VEND_0C3C5065,GRAMPANCHAYAT UNDEGAON TAL BARSHI
VEND_249A4A45,NEW KOHINOOR MARBLE INDUSTRIES
VEND_2615A2BD,DUNABOYINA BABULU
VEND_13736299,MAHENDRA SINGH PARIHAR
VEND_BDC87037,J K CONSTRUCTION AND BLACK STONE CHIPS SUPPLIERS
VEND_72393091,JAY SARDAR CEMENT PRODUCTS
VEND_A2210742,MOHD ASLAM
VEND_A8379721,AKASH PIPES
VEND_4F7C79DF,HAMAR BASTAR
VEND_7FF4A162,HELIOS MEDICAL SYSTEMS
VEND_84DAB773,GP KHOLANAL
VEND_8B55D0FD,SRI VRR CIVIL CONTRACTORS
VEND_21F55669,GOYAVANT GRAM PANCHAYAT
VEND_70E066EA,CONST OF BOUNDARY WALL AT KIRTANPARA HIGH SCHOOL
VEND_E8D041A2,CONST OF CC BLOCK ROAD FROM KATHALGURI PWD ROAD TO MOHEN RAY HOUSE
VEND_A466EA6B,BISWAMBAR ROUT
VEND_75FE5343,SOMASAR GRAM PANCHAYAT
VEND_0F6B397A,SURABHI KUMARI
VEND_8A5B4B3B,VISHWVIJAY BHAGWAN ROTE
VEND_48DD806F,LASSARA POHLEWAS SAKINDER SINGH
VEND_E124BBF9,CHANDA RAMAKRISHNA
VEND_3593FA69,CREATIVE CONSTRUCTION
VEND_6601FE54,SREE FURNITURE
VEND_F110D8F9,PARDEEP TRADING AGENCY
VEND_369CE2A3,GRAM PANCHAYAT BORWADI TQ BHOKAR
VEND_F83984F7,PARABAKARAN
VEND_294187BD,GRAM PANCHAYAT DORLI TQ BHOKAR
VEND_66DBC87E,GRAM PANCHAYAT SAMANDARWADI TQ BHOKAR
VEND_CE551831,GOPIDI DHANUNJAY
VEND_B319F154,ARYAN PAINTS AND SANITARY
VEND_B86D12B2,GRAM PANCHAYAT HIRRI
VEND_B42DDB52,GRAM PANCHAYAT BHUMKA
VEND_C2FF33E2,KARAN SINGH
VEND_346BDA88,SOHAN SINGH
VEND_74CD46B3,HUSNER MACHINERY STORE
VEND_4E514695,MS SATKAR BKO
VEND_6FF2820F,JASWINDER KHAN
VEND_3DFD1E6D,MAHESH CHANRD MELKANI
VEND_EA957BF9,KRISHNA MELKANI
VEND_7E29D4DA,LAXMI DEVI
VEND_D9DB5577,RAJVINDER SINGH
VEND_BB365F46,KHAJAN CHANDRA MELKANI
VEND_F1A83F65,KRASNI DEVI
VEND_799FC559,SUDHIR KUMAR MOHANTY
VEND_1B88CCB5,DIBYA PRASAD NAYAK SUPPLIER
VEND_9B8AAF0F,SURENDRA TILES UDHYOG
VEND_AF7A5BA4,GARG CEMENT STORE
VEND_537F119C,NATIONAL CEMENT STORE
VEND_04858512,RAMNIVAS
VEND_54401413,ALHADPURA GRAM PANCHAYAT
VEND_D264B550,DEEPAK TRADING
VEND_B6D5FF9F,VIJAYPAL SINGH
VEND_BD1992F2,MAMRAJ PANWAR
VEND_6F68A3DC,DERALA GRAMPANCHAYAT
VEND_3778FAE7,SUMER KANWAR
VEND_BA50A129,JAYVARDHAN SINGH
VEND_17432032,GRAM PANCHAYAT SIMALIYA KHURD
VEND_41A00632,NORAT MAL
VEND_1654FFA5,SANTOSH KANWAR
VEND_BDB0C49A,UMMED SINGH
VEND_7A20A8C8,JITENDRA SINGH
VEND_36CA2682,SANNU KANWAR
VEND_9E51646C,SIRU KANWAR
VEND_04A5ED0D,LILADHAR
VEND_CF749017,TARAMANI
VEND_8E2D221B,OMI DEVI
VEND_34D968E9,DROPADI
VEND_EECE3A07,KAMLESH KANWAR
VEND_570F1A84,SHREE VANDALIYA GRAM PANCHAYAT
VEND_2DF5D57E,VANKANEDA GROUP GRAM PANCHAYAT
VEND_08DAB5BA,KSHATRIYA CONSTRUCTIONS
VEND_615A5FE0,GOTHHADA JUTH GRAM PANCHAYAT
VEND_F7D99C86,REPUBLIC VENGTHLANG YMA
VEND_6F568D64,RAMOLA BUILDING MATERIAL SUPPLIER
VEND_6EA6850E,SHRINEETH SHETTY
VEND_9E89FC57,HP CONSTRUCTION COMPANY
VEND_4444E529,RAKESH KUMAR BKO
VEND_CADEF2D4,CHANAN SINGH
VEND_603FC16A,ANAND SWETT
VEND_DF304894,GRAM PANCHAYAT GHIRGHOL
VEND_9936E0C1,SHRAMA CONSTRUCTION
VEND_7F1D6FB3,YERUBANDI VENKATARAO
VEND_477E9DD8,GRAM PANCHYAT SURANGDOH
VEND_60AF079A,TANISHA ENTERPRISE
VEND_A5F859EE,MR GRAM PANCHAYAT VADOD
VEND_6E9FA6F8,BHODIPURA JCB SERVICE
VEND_FF62D0C3,THE SAURAV CHOUDHARY COOPERATIVE LABOUR AND CONSTRUCTION SOCIETY LTD KAKOT
VEND_2C31F004,NARMADA STONE CRUSHER
VEND_B8C6C281,SUKLAL BHEEL
VEND_AA44695C,L S ENTERPRISE
VEND_86F1556D,SUBH LABH ENTERPRISES
VEND_38354EA7,LEHRU LAL VYAS
VEND_E112C973,MUKESH KUMAR SWARNKAR
VEND_C2162310,PANKAJ KUMAR DANGI
VEND_359FF4AA,PAWAN KUMAR SONI
VEND_0F7200A3,SANTOS DEVI
VEND_FB37A651,DJYOTI DEVI
VEND_16F3E6CC,NARAYAN LAL SEN
VEND_35A6776E,NANA LAL BHEEL
VEND_C80C9D4E,SANTANU ENTERPRISE
VEND_71479B9A,PREMA KUMAR C V
VEND_5E06AF4D,BANSAL INDUSTRIES
VEND_B497ABAE,MINU ENTERPRISE
VEND_155A7ED6,GELLA RADHIKA CONTRACTOR
VEND_C9EE0B8C,KRISHNA D DODDAMANI
VEND_4E74DA52,SUNIL KUMAR SINGH
VEND_B877590D,MS SHIVALAY TRADERS
VEND_DC7DD7CE,VARETHA GRAM PANCHAYAT
VEND_77E77343,GUPTA BUILDING MATERIAL
VEND_FC220C30,GRAM PANCHAYAT DUDWARA
VEND_679FDFA5,KAMBO TRADING
VEND_E97925D3,QUALITY SCIENTIFIC AND MECHANICAL WORKS
VEND_B8860B0B,LAXMI RMC
VEND_A8B3FD5F,MAHLA AUTO STORE
VEND_01858A4A,GRAM PANCHYAT DEV NAGAR NEW
VEND_BA0BCF8F,DEEPAK TOMAR
VEND_DDAF9651,BARKAM RAJITHA
VEND_627DC295,ZAIREMTHANGPUII
VEND_0110EC46,MALAICHAMY P
VEND_11A5575A,VARKALA VENKAT REDDY
VEND_C5B2B8C9,ARORA BUILDING MATERIAL STORE
VEND_A9AC9CE6,ABHI HARDWARE AND PAINT STORE
VEND_827B0F8B,ANIL KUMAR Y
VEND_F196E904,PARDHAN SINGH
VEND_AF87A618,MS NEW LUXMI ELECTRIC CO
VEND_AD40B076,SUN ENGINEERING ENERGIES
VEND_8ADC847A,VST GLOBAL STEELS PRIVATE LIMITED
VEND_153B290A,M M SAJU
VEND_F73015EF,THE KAUSHIK CO OP L AND C SOCITY PABNAWA
VEND_ED7BBFBE,PREM SHANKAR KUMAR BHARTI AE LAEO WORKS DIVISION SAHARSA
VEND_C860462C,RAMESH P M
VEND_9791C3FD,GURU NANAK TILES FACTORY
VEND_B92AF7AE,DHILON BUILDUP
VEND_18FBF8A9,IQBAL SINGH
VEND_E4B96542,MARIMUTHU
VEND_6391FC13,KALAPATI SURESH
VEND_575E3A25,SIMRAN INDUSTRIES GROUP
VEND_74ABDA8A,SAMPAT SINGH
VEND_602BB1D7,BAJWA BUILDING MATERIAL
VEND_55D3CDF7,TEJAS TILES FACTORY
VEND_CBF72B03,SALIKRAM TRADERS
VEND_264ADF1C,OM SAI BUILDERS
VEND_AA70783A,UTTAM TRADRES
VEND_CDB8071F,SARASWATI SISHU MANDIR BHAIROGANJ SEONI
VEND_F4C1993F,SHAIK RAHIL FARAZ
VEND_64413215,KS KAHLON CEMENT STORE
VEND_303205BD,RAMACHANDRA
VEND_FFF70E96,BATIGHAR MUKTITRADE PRIVATE LTD
VEND_E3DE8325,SK KUTUBUDDIN
VEND_4DF64C84,EAST WOOD ENTERPRISE
VEND_2A4F0076,MAJUMDAR ENTERPRISE
VEND_7049A9D1,BHOLAV GRAM PANCHAYAT
VEND_807970D9,GARG IRON STORE
VEND_F27ECB8E,KAMAL KUMAR
VEND_FCE0F6AE,KALMAD GRAM PANCHAYAT
VEND_237E5581,KUNTALPUR GRAM PANCHAYAT
VEND_B71F8F07,JAGJIWAN SINGH SO GURPIAR SINGH
VEND_B67CC4FE,BHANWAR LAL GURJAR
VEND_21C4B48A,SUKHPAL SINGH SO CHET SINGH
VEND_589C172B,RCC BUILDING RAJMITA
VEND_097D3272,KGR GROUPS
VEND_A41EF983,R K TRADERS
VEND_3A4D2C9E,M ANAND
VEND_48E93D5E,PAPPU SO RISHIPAL MISTERY VILL KHOKHAR
VEND_714FCEC6,BAJWA INTERLOCK TILE FACTORY BUILDING MATERIAL
VEND_C9DCFCE2,MR KHANAY GRAM PANCHAYAT
VEND_0C8128ED,BRIJENDRA SINGH PARMAR THEKEDAR
VEND_B6F939D8,SK STEEL FABRICATORS
VEND_770AFAED,YAHIA ALAM
VEND_51E0526F,SHRI DHUFI NANI GRAM PANCHAYAT
VEND_F24A3B9B,ZIKIYARI GRAM PANCHAYAT
VEND_90F20DCC,PONNAR SANKAR CONSTRUCTIONS
VEND_ADEE9EAE,GRAM PANCHAYAT RAYMA
VEND_46350BBB,S S AND CO
VEND_67379398,BLUESTONE INFRATECH
VEND_6770A6F9,BABA RAM DEV BKO
VEND_0B0BDD8B,LADDI SINGH
VEND_9011CDF1,KIRPAL SINGH
VEND_46AA8A48,HARDEV SINGH
VEND_EDCEDD0A,SATNAM KAUR
VEND_734CB78A,DSA CONSTRUCTION
VEND_898516B3,SWARGIYA CHHOTELAL FOOLMATI SEWA SAMITI
VEND_F5519DF9,ROYAL ENTERPRISES
VEND_C3072BB8,SRI VENKATESWARA VADDERA COOLI SANGAM
VEND_6B2C8762,R K SCIENTIFIC AND CHEMICALS
VEND_B7B042CF,MADHU K
VEND_036F1815,MS SHIV CONSTRUCTION
VEND_0C809AE5,MANTHAN MORESHWAR JADHAV
VEND_41E0EAB4,YELLANKI SAI RAM
VEND_40517867,LASSARA LAKHOWAS SWARANJIT KAUR
VEND_CA23E776,GEHLOT CONSTRUCTION COMPANY
VEND_E472975C,ARTI DEVI
VEND_0171B892,MANSIH KUMAR SINGH
VEND_65C3DB0B,BUDIKE CHINNA REDDY
VEND_AD39C7E9,DONALD REBE ENTERPRISES
VEND_B996CA85,SHREE GANESH CONSTRUCTION
VEND_D3A28FF9,ARUNA
VEND_00868B9D,JIBIN JACAB
VEND_E69E1A41,AGGARWAL TRADING COMPANY
VEND_FA0F9D49,GURJINDER SINGH
VEND_28CA84E4,S SRINIVAS
VEND_66D8A45E,T B CONSTRUCTION
VEND_841993FB,P P MUSTHAFA
VEND_65A365CC,SHRISHAIL SANAGAPPA HUGAR
VEND_734C04D5,LAXMAPPA GADDANKERI
VEND_5738F32E,SHIPRA DAS
VEND_949C0B40,DHANDABANI K NALLUR
VEND_E39DA875,CHITTAR LAL SHIKSHA NIKETAN SAMITI
VEND_324A31DC,SURJEET BANGADAVA
VEND_8D45E03C,PARMESHVAR LAL SARAN
VEND_B8CB36DE,KHINVANI
VEND_F48FD5AD,TIKU RAM MEGHWAL
VEND_15714802,KHETA RAM SARAN
VEND_45BA37CF,KISHAN LAL SARAN
VEND_AC7466D0,RAM NIWAS
VEND_08BEA13F,THE JAI MAA CHINTPRUNI L AND C SOCIETY
VEND_CB9394E8,KRISHAN LAL CONTRACTOR
VEND_50914BBD,DUNGAR RAM
VEND_1CB4273F,SUMIT RANA
VEND_AEBAFD10,SAHDEV
VEND_B7BD956E,PREM ENTERPRISES
VEND_D01738C5,DHAIRYA TRADERS
VEND_EABD9B14,BHIWANI SINGH
VEND_308E750F,KALIGOTA NARSAREDDY
VEND_8C01938B,RAVI M
VEND_E5F25FDB,GRAM PANCHAYAT RANGPUR
VEND_1F9C49B8,SUNDAY DIENGDOH
VEND_6E3DB090,HM OF GHSS MARUTHA
VEND_66C9C281,HM OF GLPS CHADANGAMKULAM
VEND_F21A6AC8,BHUPINDER KUMAR
VEND_39E05FB9,VIRBHAN SINGH GOVT CONTRACTOR
VEND_B2410EE7,TOPU R SANGMA
VEND_6C0BC37D,SARSWATI SHISHU MANDIR SUKWARI
VEND_EC1AB1A0,FIT SIRAT
VEND_32E87AD0,G K INDUSTRIES
VEND_4502987D,KARAM CHAND PARDEEP KUMAR
VEND_30C1BA7A,SHNONG MOWKYNDENG
VEND_EAA8A490,GREEN SHINE TRADERS
VEND_080961C3,SHRI SHYAM CONSTRUCTION
VEND_298DCFC1,MANOJ KUMAR PASWAN
VEND_F3F87FB5,GRAM PANCHAYAT DUDHAMANIYA
VEND_8450F8C2,GRAM PANCHAYAT TILAKAWADA
VEND_ACDC7152,KATHDA GRAM PANCHAYAT
VEND_832D475E,TAD GRAM PANCHAYAT
VEND_B6F03661,KODAY JUTH GRAM PANCHAYAT
VEND_AFA371FC,NAGALPUR GRAM PANCHAYAT
VEND_609F2D28,RAJPAR ASARANI JUTH GRAM PANCH
VEND_F91CCC7B,JAMTHADA AJAPAR JUTH GRAM PANCHAYAT
VEND_789D2E6A,MASKA GRAM PANCHAYAT
VEND_0684A68C,LUDVA GRAM PANCHAYAT
VEND_43E06307,BISHIMLU KRI
VEND_A90578A2,BASENLU KRI
VEND_B8FC48A8,GRAM PANCHAYAT KUNTUR TQ NAIGAON
VEND_9AB42FF6,SUSANLU KRI
VEND_44D85015,SAHAYLU KRI
VEND_045626A1,KARPUNG KARDUK CENTRE FOR FOLK PERFOMING
VEND_BD5F8294,RAJIB CHOWDHURY
VEND_76A6DB8C,MAHAROOF P A
VEND_68F3C3EC,SAMANYA NIDHI GRAMPANCHAYAT GUNTHARA
VEND_9F4635A2,FATEH AGRO WORKS
VEND_9F89337C,DES RAJ
VEND_95F9EBD6,ANJANI TRADING
VEND_3B9683B5,ABHINANDAN PRESHAR
VEND_09CD1810,MISRA BROTHERS CONSTRUCTION
VEND_CACD2985,SANTOSH BILLAWRIA
VEND_49D543C6,RAMAN KUMAR
VEND_AA127569,JAGADEESH N BASHETTI
VEND_0D41C9B4,GRAM PANCHAYAT SAMANYA FUND
VEND_F7B4DA9B,VAKKANTULA NAGENDRABABU
VEND_EC0D493A,VISHAVKARMA WELDING WORK
VEND_BF90E124,PARMJIT SINGH MASSEAN
VEND_401B07BD,VIKI VITHALRAO BHADE
VEND_B2B07842,T ASHOK KUMAR
VEND_CE2576EC,B N MAMATHA
VEND_1AE838C5,ABHILASH M S
VEND_7B807DBE,RAMAN KUMAR MASSEAN
VEND_08BB3620,SINGH ENGG WORKS
VEND_D285CED4,ANAND KUMAR GUPTA
VEND_6234654B,VEMURI TIRUMALA RAO
VEND_7BFC8F99,H N RAMACHANDRA
VEND_F3DD8504,V KALIESWARAN
VEND_D1DA64D5,SUHAN ENTERPRISE
VEND_CD576EF9,SANTI ENTERPRISE
VEND_8C8202DE,SUDHEER KRISHNAY SHEREGAR
VEND_3F02117E,ALI CONSTRUCTION
VEND_02D81B61,RAVI KANT
VEND_B6F7A43E,B RAJENDRAPRASAD
VEND_B10CF8A4,SHAHIL CONSTRUCTION
VEND_FDCECA25,NAZRUL ENTERPRISE
VEND_202F71C8,R R CONSTRUCTION
VEND_0CF88E31,GRAM PANCHYAT KHINIYA
VEND_8708EE1F,PNASAR GROUP GRAM PANCHAYAT
VEND_90DC3444,GRAM PNACHAYAT LALPUR
VEND_4E1C802C,B B KANG ENTERPRISES
VEND_A12BF8E8,TARA PRASAD PATTANAIK
VEND_F26F5323,TANSI TOOL ENGINEERING WORKS
VEND_B039652A,ANITA BARKESIYA
VEND_D6B24FBF,MANGALI DEVI
VEND_6328CC31,RESHMI
VEND_33AB87C2,GOPAL LAL
VEND_F3353EC4,NARENDRA SINGH
VEND_E27562E6,SR CONTRACTORS
VEND_4F5E0326,PARAMANANDA DUTTA
VEND_3DD1EEEA,MS ABHI CONTRACTOR SUPPLIERS
VEND_FBD7B005,PAVAN KUMAR S J
VEND_CFFB3E1C,LAKSHMAN H T
VEND_B4B6B28C,CH PANCHKESHWAR MAJUR BANDHKAM SAH SANSTHA
VEND_8B6C490B,DHAVAL KUMAR
VEND_FA645598,PRAVIN KUMAR
VEND_65676D75,AKASH KUMAR
VEND_5D419095,LAXMI
VEND_67926372,KANTI LAL
VEND_D6C99831,TEENA DEVI
VEND_D5FB3BD4,CHANDRIKA RAWAL
VEND_4656ED89,KARCHHA GRAM PANCHAYAT
VEND_DCA4ECB2,BOUNDARY WALL AT RAMPUR NEAR KALIBARI
VEND_6C09592F,BOUNDARY WALL NEAR DURGA MANDIR KATHAL
VEND_345C2F2D,ROAD CC BLOCK FROM RABI NATH HOUSE
VEND_FD0A5162,COMMUNITY HALL NEAR GANESH MANDIR
VEND_24738FFE,COMMUNITY HALL NEAR NARSING AKHRA
VEND_FCED5A28,COMMUNITY HALL RANI GAIDINLIU
VEND_39322137,BOUNDARY WALL AT BAIRABPALLY NEAR HANUMAN MANDIR
VEND_E2895720,BOUNDARY WALL NEAR KALI MANDIR BARIKNAGAR SILCOORIE BARAMBABA GP
VEND_5F5024BD,INDHIRA CONSTRUCTION
VEND_33185A31,BEDA GRAM PANCHAYAT
VEND_4B3C10B3,GRAM PANCHAYAT JHIRNIYA
VEND_6BC60DF0,KATWADI BAGDATH
VEND_504CF253,ESURI INFOTECH
VEND_90E44AE0,HM ACCOUNT OF VRVMGHSS VAYALAR
VEND_377EFACE,SONERIPURA GRAM PANCHAYAT
VEND_173CCD7D,NILIMA MOHANTY
VEND_D8EA89AB,SAHOTA CEMENT PIPE WORKS
VEND_4294F830,VARSHA MAJOOR SAH SANTHA AMRAVATI
VEND_8E76E5D9,FINE STEEL FURNITURE
VEND_1F0CDC66,SATPAL SINGH
VEND_0B87C99D,AYTRI
VEND_09474ACE,RAJU CEMENT STOTE
VEND_23497CDB,JAGSIR SINGH
VEND_B0FF1B95,PREM BMS
VEND_30DF5E5D,GP KHURSHURU JP UDAIPURA
VEND_5784E4B0,GRAM PANCHAYAT ASTOL
VEND_12AD45A6,RVA CONSTRUCTION
VEND_8107C6F8,GAJANAN DEVAJI HATWAR
VEND_FEE8E9A3,GRAM PANCHAYAT SIGOUN
VEND_51720290,RIKRAK M SANGMA
VEND_A75475BB,MPLADS HOLDING ACCOUNT TALUKA PANCHAYT KACHERY SAYLA
VEND_4F7687C2,GRAM PANCHAYAT BARI
VEND_5128EA12,GRAM PANCHAYAT GULGANJ
VEND_995E2103,C YOSHVA
VEND_FBFC76F2,JE XI ATTABIRA BLOCK SUSHIL PRADHAN
VEND_FC21807E,SARABJIT HEER
VEND_97B0457A,RAKHAV GRAM PANCHAYAT
VEND_4203C4E8,GRAM PANCHAYAT UTARDA
VEND_C7CAD181,PRABIN NATH
VEND_6C3BFB9E,SHILOJ GRAM PANCHAYAT
VEND_97D39720,ZIMIDARA IRON STORE
VEND_AAEA99B5,GAUTAM BUDDHH INTER COLLEGE CHACHIKPUR
VEND_E1CDA386,KRISHNA MACHINERY STORE
VEND_6639ACCB,MAHIMA SINGH
VEND_B270206B,SAMANDEEP SINGH
VEND_0AB8F552,NAVDEEP SINGH
VEND_FF660752,RAKMAN SANGMA
VEND_7C62DD96,TRANSVEL N SANGMA
VEND_45028AE3,THE SAIN CO OPERATIVE MULTIPURPOSE SOCIETY
VEND_53D308EE,OM SHRI RAMA KRISHNA MARBLE
VEND_B6E70518,SHAH BUILDING MATERIAL
VEND_8BD7C1C1,GURSEWAK SINGH
VEND_8CD0D3DF,POOMPANDI P
VEND_96A1A84E,AMAR NATH SINGH
VEND_CB670364,SHARATH S G
VEND_0FF68B43,ZANOR GRAM PANCHAYAT
VEND_16E4C112,SUDHA ENTERPRISES
VEND_D1877392,BAGARIA CONSTRUCTION COMPANY
VEND_736A132B,SHREE BALA JI PIPE INDUSTRIES
VEND_3CE8B93D,GRAM PANCHAYAT BIHTA
VEND_7A3B717C,BHOLE SHANKAR DECORS
VEND_8C62F40E,TAYAL TRADING CO
VEND_54BA1CFA,GRAM PANCHAYAT AMRONIYA
VEND_10F60D52,VEDESH GUPTA
VEND_9CD410C0,AVTAR SINGH
VEND_FCD61E42,NABIPUR GRAM PANCHAYAT
VEND_F137DA45,UMASHANKAR VERMA CONSTRUCTION
VEND_FA266650,THE BAJRUR CO OP L C SOCITEY LTD
VEND_6E70BA49,AEN OM AVVNL ROOPANGARH
VEND_A492421A,SARPANCH HIMMATPUR GRAM PANCHAYAT
VEND_185F0A2F,THE GHAGGAR COP L C SOCIETY LTD ROPAR R
VEND_C769FFB5,GRAM PANCHAYAT ERORA
VEND_9B5CB866,SIRPANCH SINGHA GRAM PANCHAYAT
VEND_29229974,GORAL GRAM PANCHAYAT
VEND_9320DEDC,BOUNDARY WALL OF NATH CHATRABASH
VEND_6E10A25F,SANWARIYA REGAR
VEND_A401041C,HARDIAL SINGH
VEND_FEF1BF66,HARIKRISHNAN CONSTRUCTIONS
VEND_9E8B4DF2,GRAM PANCHAYAT GURAIYA
VEND_2D5F4D87,AJIT PIPE STORE
VEND_0FAADF76,SELCO SOLAR LIGHT PRIVATE LTD
VEND_F5A26CB6,SUMIT DEEPAKRAO DESHMUKH
VEND_2BCDD7C1,DIWALIPURA GRAM PANCHAYAT
VEND_79C84CBC,ASHIK AHMED SAIKIA
VEND_52607D65,RATANPUR GRAM PANCHAYAT
VEND_5F946AF6,HAPA GRAM PANCHAYAT
VEND_F7389EE0,MALATHY CHELLAPANDIYAN
VEND_69CECC63,BRUCELEE S SANGMA
VEND_E9A7EF3F,ALEXIS A SANGMA
VEND_55BC2801,BADALPURA GRAM PANCHAYAT
VEND_B21E0645,HIGH SCHOOL CHARGODA
VEND_57B2DACD,GRAM PANCHAYAT BANDIBAR
VEND_1C5E5D94,GRAM PANCHAYAT KORSAR KOTHAR
VEND_D24BF09A,THE PHULEWALA COOPERATIVE LABOUR AND CONSTR PHULEWALA
VEND_FC42F2A6,RUPESH AND HAWA SINGH SALES
VEND_10A0B853,DHARMVIR KUMAR
VEND_5CC104EA,BIBHUTI BHUSAN BEHERA
VEND_213BEFF1,GRAM PANCHAYAT NAVGAM
VEND_2D86E61F,SURUTHI CONTRACTOR
VEND_C00205F5,NAKSHA ENTERPRISES
VEND_B00140A7,GRAM PANCHAYAT HIMALA
VEND_17AD3219,GRAM PANCHAYAT UNCHVANIA
VEND_E602A4B4,KAILASH SUBBA
VEND_05F40CC1,MACHARLA YELLAIAH
VEND_12C0A26A,EE EDD HARRAIYA
VEND_E17F5A75,MANJEET KUMAR YADAV
VEND_4D99BFFD,RAMASHIS YADAV
VEND_98F0E5E3,PARTH RAVINDRA PATIL
VEND_CF685D64,BHARATI CONSTRUCTION
VEND_4CA6AE26,NIRMITHI KENDRA HASSAN
VEND_AE2BE69D,MITASMITA MAHAPATRA
VEND_18CCB3E9,SAGGU ENGINEERING WORKS
VEND_853C0744,CHALINDRA GRAM PANCHAYAT
VEND_B3E13539,TALEPURA MADANA GRAM PANCHAYAT
VEND_668F448F,RADHAPPA C
VEND_ADCD0837,BHARATH KUMAR V
VEND_1BCB653A,GRAM PANCHAYAT JASWANTNAGAR
VEND_2A257374,DE OPERATION GHANPUR
VEND_B8888F79,GRAM PANCHAYAT NARGUDA
VEND_71D91D35,MS BROTHER BRICK KILN CO
VEND_9200CCFE,VASUDEV SINGH N
VEND_896171EB,SAIL ENTERPRISE
VEND_0C949163,GRAM PANCHAYAT RACHHARDA
VEND_FF4B5A34,ALAGU V
VEND_9353B0FE,ASST ENGINEER KORAPUT BLOCK2
VEND_E58D185D,SAHYADRI SHRAMSAFALYA MAJOOR SAAKARI
VEND_FF7F5015,GANGA MATA CO OP LABOUR SOCIETY LIMITED
VEND_4097E0EB,BALABHADRA KISHAN
VEND_78B2C983,ROCKY CEMENT STORE
VEND_0D27D446,ABDUL KARIM
VEND_97165876,HARIPURA GRAM PANCHYAT
VEND_BE5FE683,TARUN PRAJAPATI
VEND_BF4220B9,ADARSH SOOD
VEND_CCFC6E1C,PRAGATI INTERPRISES
VEND_17A8939A,HP STATE CIVIL SUPPLIES WS PANCHRUKHI
VEND_98CC55FA,SABITA MALLICK
VEND_3F1B072D,D K ENTERPRISE
VEND_915FD9B3,MS SURGIMAX INSTRUMENTS
VEND_72DD9CF2,SAYED KASIM
VEND_E3E4F9EA,RAMESWAR NAIK
VEND_31319DEC,CHOUHAN SPORTS
VEND_A3276719,CONSTRUCTION OF CLASSROOM AT DAKHINPAT EDUCATIONAL WELFARE SOCIETY
VEND_ABAD462C,VALIA GRAM PANCHAYAT
VEND_C6F4DC2F,GRAM PANCHAYAT ISHWARIYA MANDAVAD
VEND_01CE0D7A,AASHDEEP ASSOCIATES
VEND_00039DEF,RAJU CEMENT STORE
VEND_FBA11AF0,GRAM PANCHAYAT PARSADA CHAKWE
VEND_B6392171,NABAM TATUM
VEND_855C01A6,L P SCHOOL PRESBYTERIAN MYNSKA
VEND_B40C9B31,AASHDEEP CONSTRUCTION PROP ASHA TIWARI
VEND_F3C78818,SHANTANU BORKAKOTY
VEND_6E8690B0,MUKESH NAUTIYAL
VEND_02D0A9EF,SURESH CHANDRA NAUTIYAL
VEND_668320A9,MAMTA NAUTIYAL
VEND_17AF6FD8,CHETHAN UDYOG TWOWHEELERS LLP
VEND_F8F67851,JINDAL IRON STORE NIHAL SINGH WALA
VEND_F4730254,SHREYAS CONTRACTORS
VEND_14FAF3C9,SARASWATI SANSKAR MANDIR PAIPAKHAR HANUMANA
VEND_929EF374,G RAMESH
VEND_CF8ADB9D,BHANPURA GRAM PANCHAYAT
VEND_ECC5448E,NORTH EAST INNOVATION
VEND_0A18CC84,HOSPITAL MANAGEMENT COMMITTEE
VEND_C8354063,KANBIPALLI GRAM PANCHAYAT
VEND_526AF462,SHRI TERKAR GANGKAK
VEND_D6016333,ANAND ENTERPRISES
VEND_277CC239,RAM BHAWAN YADAV
VEND_8880E50F,EXECUTIVE ENGINEER RES DIVISION BALODABAZAR
VEND_D47625F9,MRUTYUNJAYA PAHI
VEND_7B67CB66,AVUTHU VINOD REDDY
VEND_B1F7F213,POLADIYA GRAM PANCHAYT
VEND_E2DBB9A7,SHIV CONTRUCTION
VEND_814BA7FA,GUDISEVA NAGENDRAM
VEND_6477BDDE,BABA SAI TRADERS
VEND_33B2A2B9,NARESH KUMAR SAHU
VEND_BB361A71,BOSE AGENCY THENI
VEND_A0CCCDF0,KRISHNA CEMENT STORE
VEND_F3BF47E5,NIKHIL SHIRSHAD
VEND_09434238,A VIGNESHWARAN
VEND_0376E9E5,RAJ NARAYAN BIND
VEND_4870ADBC,GRAM PANCHAYAT SARAIPATERA
VEND_6450EDB6,SHRI LAXMI CONSTRUCTION
VEND_BF55D2AB,JAGANNATH ENTERPRISE
VEND_5D8E5872,GRAM PANCHAYAT NARDAHA
VEND_C651D1E2,RAMKRISHNA M
VEND_4E75E896,JAI MAHAVIR BHATHA CO DEHLIZ KALAN
VEND_AEE3C351,AK CEMENT HARDWARE STORE AHMEDGARH
VEND_48129964,G P KITLANA OSR
VEND_AEA4ABD0,THE SHANTI NIKETAN COOPERATIVE MULTIPURP
VEND_93CB5947,GRAM PANCHAYAT BARDU CHAINA
VEND_850811B3,DANAIAH
VEND_159A877D,JAY BAJARANG BALI BUILDING MATERIAL AND SUPPLIER PANNUGANJ
VEND_91C9B326,DESHPAL SINGH CONTRACTOR
VEND_92361AEF,PRAHLAD SINGH
VEND_422BCC4F,BABITA KANWAR
VEND_F730B046,BHANWAR KANWAR
VEND_DBD3DE83,AARAV INTERNATIONAL JALANDHAR
VEND_34CABB6F,T RAJALINGAIAH
VEND_8804C911,RAM PRAKASH SINGH SIKSHA SAMIT
VEND_F326406E,YUVARAJA
VEND_4AEBF1C3,PRATIK AUTOMOBILES RANCHI
VEND_CA44615E,MADHAV ENTERPRISE
VEND_F69F2954,SIMRAN SPEECH AND HEARING CLINIC
VEND_A7A5F456,SAIBABA STONE CRUSHER AND CONSTRUCTION
VEND_30F36778,ANAND BALAKU KONKANI
VEND_9AAA5EA1,GURUDEV CONSTRUCTION
VEND_C0FF73AE,PIYUSH CONSTRUCTION
VEND_88020B24,GRAM PANCHAYAT MOTIPUR
VEND_41698535,GIAN SINGH
VEND_3175F7C9,GRAM PANCHYAT BASOLI
VEND_B07714B2,KAMAL SINGH THATHOLA
VEND_DC244064,SINGH SAHUB FERBRICATORS
VEND_3BB990E4,ABHINAV TRADERDS
VEND_E9CC9484,MOHAN SPORTS
VEND_49BFA466,SAIKAT DEY
VEND_D3CB98E5,NARSIMULU CHAPALA
VEND_825E9EA1,UNIVE TILES
VEND_9DB4562E,KAMAL BELWAL
VEND_A970259C,PARDUMAN THALIYA
VEND_3F3A5764,GAURAV BELWAL
VEND_03BB5872,DEV IRON STORE
VEND_B75B239C,RAJPOOT RAJEEV KUMAR THAKUR SINGH
VEND_5CB44FE9,PARAS BELWAL
VEND_7753A8F6,POONAM BELWAL
VEND_ED768373,REKHA JOSHI
VEND_299841B6,SURJEET SINGH
VEND_75D34CA9,SURAT SINGH
VEND_75998A2E,LAVJEET SINGH PANU
VEND_CE518BF3,LAVPREET SINGH
VEND_EBE4FE2F,DILBAG SINGH
VEND_19DC1668,BRIJPAL SINGH
VEND_D2AA8E1F,JAIN SANITARY STORE
VEND_ACAE8717,NEMICHAND
VEND_947F3D9A,AMAR CHAND DABARIYA
VEND_592F922C,OMPRAKAS RAIGAR
VEND_5982E582,BHOLU
VEND_615EE981,KALURAM
VEND_3BCE6776,HARI RAM
VEND_2E166684,KUSHALIYA DEVI
VEND_F85875A0,SITARAM RAIGAR
VEND_55129768,AMARCHAND
VEND_19C052E2,HEMA DEVI
VEND_0D7019B6,ANNPURNA BRICK COMPANY
VEND_F3F3EA04,MP LAD BDO LATHIKATA
VEND_9ED80BDF,ADITYA RAJU DONODE
VEND_56C32D7A,RAMLAL HEERAJI PRAJAPAT
VEND_25AD3690,DALPAT KUMAR
VEND_0DCE5518,ASHAPURA CONSTRUTIONS
VEND_F3F8914B,YMA UPPER REPUBLIC
VEND_3F34E1FB,CHAND MAHAMMAD
VEND_7C4625DD,SHAW CONSTRUCTION
VEND_EB9DE072,MS SINGLA ENTERPRISES
VEND_5E11455C,RAVINDER KUMAR
VEND_14CF71C2,DHARVADI GRAM PANCHAYAT
VEND_1C7BAFE6,MAGHAPURA GRAM PANCHAYAT
VEND_11ECBDD6,RAMPAL SO BALDEV SINGH
VEND_5BA00FAC,MITTAL PAINTS AND HARDWARE STORE
VEND_0949E17B,GP KONIYA KALAN JP TEONTHAR
VEND_8D0F9D38,GRAM PANCHAYAT MEVASA KAMARIBAINA
VEND_E0D87DBF,GRAM PANCHAYAT BHEEKAMPUR
VEND_1315B91A,YOGESH ASHOK BURDKAR
VEND_A44ED6B8,MAHENDRA PRATAP YADAV
VEND_20A1601E,KAMLA PRASAD SINGH
VEND_9B3273D3,SARVESHWAR AND BROTHERS
VEND_142B205F,ANMOL INFRASTRUCTURE AND DEVELOPERS
VEND_966398F2,S S INFRATECH
VEND_E7EB3F61,ARJUN DAS
VEND_970625E5,SHIVA MAHILA MANDAL
VEND_7758247C,INDRAJIT BHOI
VEND_211E04BC,KURVA SRINU
VEND_2D17319D,PURNA CHANDRA BARIHA
VEND_09C055BD,GRAM PANCHAYAT DAUTOLA
VEND_B1882165,G S CONTRACTOR
VEND_24A424AD,GRAM PANCHAYAT ATRAGAON
VEND_63F1E40C,RANGDAS SWAMI M S S LTD POKHARI
VEND_947E00CE,ASSISTANT ENGINEER BLOCK DEVELOPMENT
VEND_B174856B,GRAM PANCHAYAT BAHORANBHEDI
VEND_0364C4D5,GHULAM RASOOL WANI
VEND_24A2044C,HT ENTERPRISES
VEND_66F28BA4,SHIV SHANKAR BUILDING MATERIAL SUPPLIER
VEND_C39063CC,SARPANCH GRAM PANCHAYAT PALI
VEND_7D4C5278,MOTA ITALA GRAM PANCHAYAT
VEND_1FBF77BD,DIPESH SUDHIR PARAB
VEND_320B0A51,TINGANI NAGESH
VEND_DF30BFA2,M RAJKUMAR
VEND_A8EF9547,BOBBILI VENKATA SWAMI YADAV
VEND_8E9C7D7D,SAMRIDDHI CONSTRUCTION
VEND_3AC49575,AWADH BIHARI BAL KALYAN SAMITI SARASWATI SHISHU MANDIR
VEND_CBB8D52B,SARASWATI SHISHU MANDIR SAMITI SHAHDOL
VEND_B4E7562A,BASAVARAJ
VEND_34D0D6AC,SECRETARY G.P. NAYGAON
VEND_FCC366AA,MS MINONG ENTERPRISE
VEND_44329BC9,ABANI KUMAR MOHANTY
VEND_0313C103,J G AND CO SHASHANK J G
VEND_19450AD9,SHAKTI TRADING CO
VEND_FFD2799E,THE KAILASH CO OP L C SOCIETY LTD
VEND_AB886F66,KMS DAWNGKIMA
VEND_37675011,JK TILE FACTORY
VEND_7FB0CE33,ZAREPPA
VEND_B92ABA02,SHRI MUKUNDRAJ MAJOOR SAHAKARI SANSTHA
VEND_015C24C8,KANAGARAJ S
VEND_28707915,HRANGAWLIANA
VEND_8E18F330,ROSESIFUL WANNIANG
VEND_B64B495C,AMAN ENTERPRISES
VEND_31DFAC87,KISSAN PIPE STORE
VEND_6D0AA2F7,GURDHIAN SINGH
VEND_C1907F18,BDO PACHHAD
VEND_F1BE82CC,LOVISH INTERNATIONAL
VEND_9687B80C,SANJAY SINGH YADAV
VEND_5171B0EC,GREATFULWELL SOHSHANG
VEND_B593AAF9,SHANMUHANANTHAM M
VEND_49E82A84,SODHI ENTERPRISES BATHINDA
VEND_415C7893,BDO PAONTA SAHIB
VEND_50CF1370,GP SATYAS
VEND_F8C39EBB,PANKAJ ROY
VEND_22B879D5,YMA RAMHLUN NORTH
VEND_6B64A8BE,JUNIOR ENGINEER DASAMANTPUR BLOCK
VEND_9519B74B,M DEVARAJA REDDY
VEND_F69B0B93,RSR CONSTRUCTION
VEND_679123EE,JAY AMBIKA ENTERPRISES
VEND_E3747652,AYUSH CONSTRUCTION
VEND_FF540DBD,PHOOL CHAND HOUSE NO 599 MAULI JAGRAN CHANDIGARH
VEND_0377EE8E,MADHVARAJ JAIN
VEND_67C20413,IMRAN ALI BEPARI
VEND_06751D77,BILASHIYA GRAM PANCHAYAT
VEND_FE7351EA,SUBHASMITA SAHU
VEND_7B6533B2,MUVAL GRAM PANCHAYAT
VEND_3D204D23,GRAM PANCHAYAT BILGAYE
VEND_77503E3D,HARIDAS T
VEND_414FFE88,KALAIMANI NALLUR
VEND_DFCF0E64,SACHIV GRAM PANCHAYAT BHATTI
VEND_010B9974,GRAM PANCHAYAT GHATERA
VEND_6DC2CE34,K BHASKAR RAO
VEND_B5ED1648,A S T CONSTRUCTIONS
VEND_7CF13F98,PRESS CLUB JOGINDER NAGAR
VEND_DF9A7D2D,SANGRAM KESHARI SAMANTASINGHAR
VEND_AA569DE1,PALLAB JYOTI NATH
VEND_1313BD68,SUWA LAL MEENA
VEND_C3AC3C0D,SAMIR RAMKRUSHNA TAJNE
VEND_CF4073BB,A K CONSTRUCTIONS
VEND_A4800605,ANIL KUMAR JAISWAL
VEND_21C29BE6,RAMLAL YADAV
VEND_EDBD6531,TAMAR NILLING
VEND_86447397,SEEMA ENTERPRISES
VEND_5C4EACFB,GRAM PANCHAYAT SAPTI TQ HAGAON
VEND_58D41E53,KUMAR D
VEND_B340F892,UTHSAV H J
VEND_A1628BD5,SANJIB MAJHI
VEND_C58F4151,LOKESH M R
VEND_AAD7E970,KONE ELEVATOR INDIA PRIVATE LIMITED
VEND_DC274D5D,ABDUL MANNAN SHEIKH
VEND_D74A5A21,MANGALARAM SUMALATHA
VEND_D04AAE5B,JUNI FOT GRAM PANCHAYAT
VEND_364BA30F,EX EN EDD JALALPUR
VEND_6B448D31,MADHAVA B
VEND_030C2295,MOSALI RAJASHEKAR REDDY
VEND_FBFCA7A2,RUBUL BORUAH
VEND_1B79EF45,SHIVA CONSTRUCTION CO
VEND_4D3CAA5D,JS AND CO
VEND_5FD5499E,HIMANSHU MISHRA
VEND_4A63F6FC,MANISH KUMAR JOSHI
VEND_3E5B2AD1,NEERAJ SINGH
VEND_00DF9FF1,PANVEET SINGH NARULA
VEND_51D910ED,GUNEET KAUR
VEND_59A14F97,ERA CONSTRUCTION
VEND_69C22268,GRAM PANCHAYAT DHUBGHAT
VEND_75494218,VARALAXMI DEVELOPER
VEND_430BB23B,AMUTHA TRADERS
VEND_14CCBD8C,JITENDRA SINGH RATHORE
VEND_EA58E1B1,RAJ CONSTRUCTION AND DEVELOPMENT
VEND_8D07B59A,ENGINEERS VERTICAL SERVICES PVT LTD
VEND_A45C612A,HITESH KUMAR
VEND_C9BE7FA7,ZOHMINGLIANA CARE OF TUITHIANG LOCAL COUNCIL
VEND_98FAFEA5,GOGOI ENTERPRISE
VEND_A70C7DCF,LEITAN RAMTHAR LOCAL COUNCIL
VEND_9F71491B,TANKARIYAPANTH
VEND_4967EA9F,PIPLYARAGHO
VEND_6DCC9192,BKID0009100
VEND_E7592627,GOLAP SAIKIA
VEND_6A80A440,KANDARIYA
VEND_10644E77,A EN O AND M JVVNL BEHROR RURAL
VEND_F32CAE28,GEETLAL
VEND_83244B26,RAKESH DEHARIYA
VEND_DE35C4E4,SUKHDAS
VEND_4949B836,RAKRESH DEHARIYA
VEND_E7DC22D9,HANIFABAD
VEND_616E1BDA,GARRISON CONSTRUCTIONS
VEND_A660DCB9,ONKAR DWIVEDI
VEND_B1933F6D,SHIEKH NAJEER
VEND_782E50EB,TOTARAM BABA MSS LTD
VEND_D6AFE354,SEFALI ENTERPRISE
VEND_3553D3EA,VANSHIKA IRON AND STEEL TRADERS
VEND_61451EDE,GANGONI MALLESH
VEND_6E8865A9,C SELVAKUMAR
VEND_D6E406C7,S SUDALAIMUTHU
VEND_B61A0D86,BHAVANI TRADERS
VEND_AD951944,DHARMENDRA SINGH KANAWAT
VEND_E5765BD4,MAYA BAIRWA
VEND_291F5825,RAGHUVEER GURJAR
VEND_DCFFC537,PRATIBHA GURJAR
VEND_8BC0E787,RADHESHYAM KUMAWAT
VEND_1FCE57AE,MUKESH DAROGA
VEND_E9550A76,RANI KUMARI
VEND_2AEB34F2,COLLECTION ACCOUNTS OF HPSEB
VEND_64A6798F,G PARANDHAMAIAH
VEND_BCC8EE4A,ANJU KANWAR
VEND_71DAA17B,JITENDRA SINGH KANAWAT
VEND_F697D725,RADHA KISHAN DAROGA
VEND_612B8E98,SURYABHAN SINGH KANAWAT
VEND_7AE42C88,BABITA KANWAR GAUR
VEND_AC5ED8D3,NALLASAMY M
VEND_BDB3DDDA,GRAM PANCHAYAT RALIYATI
VEND_0F612937,AJAY CONSTRUCTION
VEND_837A0D41,GP NANUKHEDA
VEND_21C649A3,GRAM PANCHAYAT KHAREDI
VEND_87498FC8,DIMOND ENTERPRISES
VEND_023E01F0,SOMAYYA MATHAPATI
VEND_7E30283F,SHIVAKUMAR P G
VEND_C2E98336,SANJIV CONSTRUCTION
VEND_C5C732B6,BALJIT SINGH
VEND_E1926DBB,AMARESHA V
VEND_CB762F15,A JOHNROBERTSON
VEND_33D08C3B,ALEXANDER C
VEND_ECD4453E,RAJA CONSTRUCTION
VEND_CA5391CD,M APPADURAI
VEND_A8F199E2,GR ENTERPRISES
VEND_6C3AB553,GP BAGHERA
VEND_5CE826C5,KANNUSAMY AND CO
VEND_0FF09FFC,DHIRASINGH
VEND_F813F178,SB INTERMEDIATE COLLAGE SANDI
VEND_899341E0,SAGADHRA GRAM PANCHAYAT
VEND_F9192450,SH SANDEEP SINGH SO GUCHA RAM RO HOOCHAK UKHRAL DISTRICT RAMBAN CONTRACTOR
VEND_56FEDCD6,KATAKAM ABHILASH REDDY
VEND_1ACCBBBF,T SHYAM ENTERPRISES
VEND_7816B714,MS LAXMI COMPUTER AND BATTERY
VEND_3C35DF45,JOYNATH GHOSHAL
VEND_9392FC88,KOLDA GRAM PANCHAYAT
VEND_C34D15EB,DURAI P
VEND_6622821D,RAMESH TK
VEND_67118E67,SOMIK SEN
VEND_518969C7,RAJDEEP PAUL PURKAYASTHA
VEND_7F6BA6CC,RAJU ROY
VEND_D3E004AA,AMBIKA PRASAD BISOYI
VEND_66CFC043,SHUPRIO NATH
VEND_3240DDC7,JOY DAS
VEND_32F3EF39,PALLAVI ANANT GHUDE
VEND_11216663,INCETEKH ENERGY SOLUTIONS
VEND_689EFC52,DURGA IRON STORE
VEND_A8995B87,SHERU MOHAMMAD
VEND_079C9289,S A R PHARMA
VEND_8281AD38,ANTONY LYNGDOH
VEND_1AC309C3,MOOLCHAND
VEND_B1D0AC0C,BIJAY KUMAR TUDU
VEND_71FAB806,K K ENTERPRISES
VEND_F2F129FC,DURGA DEVI
VEND_116A9462,YMA TUIVAMIT BRANCH
VEND_63ABC53F,C JEEVAN BABU
VEND_EC2932E0,MANGAT RAM
VEND_E9A824AD,SRI M R CONSTURCTION
VEND_FB3A2215,SARPANCH SACHIV GP LATA
VEND_719E6F41,SARPANCH SACHIV GP VISESRA
VEND_47BB48BE,VSMART ENERGY SOLUTION
VEND_3433E521,MR ALBERT MASIH
VEND_0AF12F08,NAYUM PATEL
VEND_76515EC1,LAMBARDAR GURBAX CEMENT STORE
VEND_70351C7C,SHANKAR HARDWARE AND CEMENT STORE
VEND_806C7CF9,DEVELOPMENT BLOCK KAMROU AT TILORDHAR
VEND_67A63758,CHINDAM MOHAN
VEND_6A0A198B,GRAM PANCHAYAT BARHATTI
VEND_73F409EF,NAAZ CONSTRUCTIONS
VEND_585ECD5C,GRAM PANCHAYAT RENGAKHARKALA
VEND_5BB50E89,GRAM PANCHAYAT DHONGAITOLA
VEND_4D48476A,GRAM PANCHAYAT KHILODI
VEND_2084B01C,MAHANTHESH H
VEND_8E3250BD,KAMIDI RATHNAKAR REDDY
VEND_F982660B,MHIP LUANGMUAL
VEND_A4BA5BD2,UBUN2
VEND_AEBC98DF,MALLAM ANJAIAH
VEND_F0A63B5F,T MUNI RAJU
VEND_9667E966,SARPANCH GRAM PANCHAYAT RUPADEH
VEND_D33479A3,SWASTIK ROLLING SHUTTER
VEND_C9EA108C,SURJIT AGRICULTURE REPAIR WORKS MATTI
VEND_421973D1,ACHALPUR MAJOOR KAMGAR SAHAKARI SANSTHA
VEND_C50007DA,S VELPANDI
VEND_FE37CA0B,P K ENTERPRISES
VEND_74548B9E,MS REMGONG ENTERPRISES
VEND_4CD04B60,PRAVEENA YENNAPUSALA
VEND_AB2219C2,GARG BKO PANJGRAIAN
VEND_9A57B9F1,THE RAMPUR GANDA COOP L AND C SOCIETY LMT
VEND_0DE493E5,SHRI SAI BABA CONSTRUCTION
VEND_5C4100A7,YMA FALKLAND EAST
VEND_7EF9E17E,ZEMABAWK LOCAL COUNCIL
VEND_279068A1,AV CONSTRUCTION
VEND_4D0A4AE7,SINGLA TRADERS
VEND_8E36C2C4,GOURAV TRADERS
VEND_AFF1890B,MOHIT STEEL MANUFACTURING
VEND_202BBB75,RUBI M S S LTD
VEND_C019387B,BALAJI BHATTA GRAM UDYOG
VEND_CB10E830,HEAD MASTER IN CHARGE RSMHS PAZHANGALAM
VEND_04BD420D,SIRSA HW AND PIPE STORE
VEND_60018ABC,GRAM PANCHAYAT BHALGAM
VEND_70495F99,BS JOHAL TILE FACTORY
VEND_B65C86CA,MHIP CHAWLHHMUN
VEND_E0B80633,GRAM PANCHAYAT MOKALWADI
VEND_29033B90,GRAM PANCHAYAT NIMBI KHURD
VEND_926F50D2,SHRI RAM CONTRACTOR AND SONS
VEND_1E6D5109,N B ENTERPRISE
VEND_97F4DBF3,KARNIAL SINGH AND SONS
VEND_B85904B1,SATENDRA KUMAR
VEND_BAF44B37,SHREE SHYAM CONSTRUCTION COMPANY
VEND_2FBA1373,GRAM PANCHAYT NATWARNAGAR
VEND_E72C99E6,GOURANG CHARAN LENKA
VEND_28A4273B,SARANGADHAR PRADHAN
VEND_4206F440,GAJANAND TRADERS
VEND_A700EF22,MAHADEV TRADING COMPANY
VEND_756243FD,MUNI LAL
VEND_B80919D2,BUTA SINGH SO RULIYA RAM MISTERY KULAR
VEND_9CDBE66A,BINALBEN VIPULKUMAR DAVE
VEND_18C38BE8,JASVIR KAUR SARPANCH
VEND_041BBF6C,M N SHAH HIGHSCHOOL RAMOS
VEND_5B622F76,BDPO SAFIDON
VEND_9FE6DC6A,BOTLA RAVEEN PRASAD
VEND_A31414DA,LUXMI PIPE STORE
VEND_DCF64D04,NIGHTSTAR SHANGPLIANG
VEND_F0BABAA3,SAGGU BUILDING MATERIAL
VEND_AB474A31,JOSEPHINE SANGRIANG
VEND_573CD010,ANJAN KALITA
VEND_7341270D,GRAM PANCHAYAT SURVA
VEND_F6E8660D,TRANLYROY KHARBANI
VEND_EE35526F,PHRANGDING LYNGKHOI
VEND_675B7652,SREEJITA ENGINEERING
VEND_83B79484,GRAM PANCHAYAT BHIMDEVAL
VEND_D52217CC,SNR ENTERPRISES
VEND_75D9A0CE,BIJOYSTAR K LYNGDOH
VEND_DE1487F9,MADASAMY A
VEND_50D44A7C,GOLUSULA RAMA KRISHNA
VEND_433C899E,PINGSTARWELL NONGPHUD
VEND_AC6CADFC,KIRANJEET KAUR SARPANCH PIPLIAN
VEND_C139915D,PYNBIANGBOR SAD
VEND_7563BA9A,SHABEER AHMAD
VEND_F00C223D,D PARUSHURAMULU
VEND_691D27C3,GRAM PANCHAYAT MANDORNA
VEND_A3FDAE26,VIP CONSTRUCTION
VEND_D45726FC,TINESH JAIN
VEND_6F3F04C1,SALEEM ALI
VEND_675E3518,AVANI CONSTRUCTION COMPANY
VEND_9E76550A,GRAM PANCHAYAT HADMATIYA
VEND_6AA2BA4B,MOHAMMAD AMIN WANI
VEND_47882711,BHOOKYA SATHISH
VEND_20089E7F,SSS KALYANPUR
VEND_F6CFE8C4,L C AGRO
VEND_9522AF76,ANSUMA BORO
VEND_81B3ED9D,AMEY SUBHASH NINAWE
VEND_D48AD713,DAYAL ENTERPRISES
VEND_C7759992,PRINTBOX
VEND_76CBFA14,BHARPUR SINGH
VEND_97FA9930,FAQIR CHAND IRON WORKS
VEND_F6F9330A,KHACHORA AHIRWAR
VEND_7CB4B691,JAJALA JAGAN RAO
VEND_67D6E8C2,GRAM PANCHAYAT KULHAR
VEND_B5378C85,TAHASILDAR BAHALDA
VEND_8C032BF9,SWAMI SHRADHHANAND SANSKRIT HS VIDYALAY NAUDHIYA
VEND_71C6433C,BDO BAHALDA MPLADS LS
VEND_7BA658B6,GRAM PANCHAYAT GODRI
VEND_4B920CDD,V DHAMODHARAN
VEND_0020ABB0,MAHESH SINGH
VEND_81CA3008,A S H TRADERS
VEND_B14DD4D4,KANDASAMY V
VEND_EF988B32,DHARMENDRA SINGH
VEND_FB41E919,RAJESHWARI R
VEND_47DE2F9C,GRAM PANCHAYAT CHIDORIYA
VEND_73A248FD,KAVITHA
VEND_991A320E,RAMESH KUMAR AND CO
VEND_DA129454,DARSHAN ENTERPRISES
VEND_BAD1F852,M B SALES CORPORATION
VEND_2F187AFE,BATHINDA CONNECTINGH LINKS
VEND_351F2C58,SANGHA BUILDERS
VEND_370B510B,KARMJEET KAUR
VEND_27BA711C,NS BRICKS IND
VEND_92860DEA,BHUPINDER KAUR
VEND_64815F54,NAB SINGH
VEND_6F92FF82,MANA SINGH
VEND_467643BA,MASHHOOR ALI
VEND_D1189DCC,GANPAT SINGH KANAWAT
VEND_2C5F61BA,SEWAK KHAN
VEND_A7B715F1,GURU BUILDING MATERIAL BERCHHA
VEND_664B46F8,CC CONSTRUCTION OF COMMUNITY HALL NEAR BAMUNIMAIDAM SARBAJANIN DURGA MANDIR
VEND_33AE4E74,KASWAN NIRMAN COMPANY
VEND_5D6E3798,SARPANCH GRAM PANCHAYAT CHHOTESALHI
VEND_1E37AABC,SDSCO PALAMPUR
VEND_0637A4DB,GP MURTONDA
VEND_FC679CD8,NITESH PRADHAN
VEND_87437C53,VENKATESH R
VEND_EF01C583,MS KALSI BUILDING MATERIAL DASUYA
VEND_F7D0ACFD,MGNREGS CONVERGENCE FUND BDO VPTS GANDARVAKOTTAI
VEND_28A4E639,KUNAL KUMAR
VEND_3DCEE48C,RAJDHANI ENGINEERING
VEND_22546BFC,PALLADIUM BUILDTECH
VEND_66A5ECC6,VIPIN TIWARI
VEND_857D55A0,KHAJURIYA GRAM PANCHAYAT
VEND_C8469744,ROMESH MAWKON
VEND_9D0068E2,ASHNI KUMAR MISTERY SEHRAK
VEND_49E53C89,BIJU S PILLAI
VEND_2965659C,SHRI RAM CONSTRUCTION
VEND_B123481D,MUNDARA CONSTRUCTION COMPANY
VEND_FACFD15B,GP JIMJIMA
VEND_E62C0D93,PIYAVA GRAM PANCHAYAT
VEND_2A139C9D,VIKAS MAJUR SAHAKARI SANSTHA MARYADIT MALKAPUR
VEND_FCC3CA66,NATH ENTERPRISES OSMANABAD
VEND_573ACA9C,YANGALA MARIYAMMA
VEND_28F7FB39,LAXMI TRADERS
VEND_5CA465EA,NIRMAL SINGH
VEND_B3F8ED13,SHREE HARI TRADERS
VEND_38C3CB34,VIRK CEMENT STORE
VEND_FFBCA68E,LAL JI CEMENT PRODUCTS
VEND_E1E22844,JAGTAR SINGH SO GURDEEP SINGH
VEND_18529282,BATH AND BHINDER TILE FACTORY
VEND_4F0064EC,GP KAROT
VEND_05CD982F,PRADEEP CHATURVEDI
VEND_7E0AE1FB,INFRAPOWER
VEND_C5C8CB83,NET RAM MANI RAM ELECTRICAL CARPORATION
VEND_E064A356,G SATYANARAYANA
VEND_68413201,AHIDUL KHAN
VEND_891AA514,GOLLENA RAMESH
VEND_A3A7EA67,JAYADRATHA GIRI
VEND_BE64584D,SARPANCH SACHIV GRAM BHATKULI RENU
VEND_BB515D60,MSS ASHAPURA CONSTRUCTION COMPANY SINER
VEND_36625820,ABNINDRA KUMAR CONTRACTOR
VEND_58D365A7,INDRA JEET VERMA
VEND_8D5EB0F2,RAM LAKHAN CONTRACTOR AND SUPPLIER
VEND_740B6EB2,APURVA MAJOOR SH SANSTHA LTD RUICHHATISHI
VEND_BC732C73,KS AND CO
VEND_382590B3,M BABURAJ
VEND_EEC9AA9C,NANDAN GRAM PANCHAYAT
VEND_7F53E7D4,MAYUR ANKUSH GHORPADE
VEND_9B070019,D PRASHANTH KUMAR
VEND_D5A6C0F5,RAVI METAL WORKS
VEND_5599073F,BARAVALA GRAM PANCHAYAT
VEND_39A3F3E2,RANVANSHI GRAM PANCHAYAT
VEND_BE6E89FC,KUNISETTI SURIBABU
VEND_358A1A2A,MOLBIO DIAGNOSTICS PRIVATE LIMITED
VEND_520CF8AE,BABA NARAYAN CONSTRUCTION
VEND_E5F038B0,ANIKET GAJANAN DHENGALE
VEND_5AB1C387,NARAYANASAMY S
VEND_7EA42BC3,SHAKTI CONSTRUCTION CO
VEND_5BC47F58,VIKRAM RAJENDRA YAMGAR
VEND_10877A92,BALAGAN SIDHU
VEND_28BE704D,SACHIV GRAM PANCHAYAT MOHARI
VEND_039C4420,PARAMJIT SINGH MASSEAN
VEND_F54F6D3C,HAMANDEEP SINGH
VEND_320529C6,MS BT ENTERPRISE
VEND_EC65CB53,POKALA MALLESWARA REDDY
VEND_C142B50C,NOONE NAGESH
VEND_3487A5DA,SACHIV GRAM PANCHAYAT BIOARA
VEND_E76234BE,SARPANCH OF GRAM PANCHAYAT BAXSHAHI
VEND_DC37B491,GANESH ENTERPRISE
VEND_6568D84C,GEETA KANWAR
VEND_91C521AB,DASHRATH DAN
VEND_CAB76249,SANWAL DAN
VEND_9E1E2227,KHET DAN
VEND_DB8725F4,SUBAL KANWAR
VEND_63B81B35,MOTI SINGH
VEND_2B907D78,KAILASH KANWAR
VEND_973AA49B,HINGALAJ DAN CHARAN
VEND_82B5435A,RANJEET DAN
VEND_0923E34E,SHREE RAM EARTH MOVERS
VEND_A4A55A01,GRAM PANCHAYAT MAKKHANPUR
VEND_24DF9699,GRAM PANCHAYAT JEVRA N
VEND_113A5F11,MITTAL MACHINERY STORE
VEND_0A6229E6,RINGKHANG BASUMATARY
VEND_129CE9E7,ARHAM CONSTRUCTION
VEND_33047D79,GRAM PANCHAYAT BARBASPUR
VEND_6B78DF29,GRAM PANCHAYAT KUNVA
VEND_19367BC2,BHAGWAN BABA MSS LTD MANEPURI
VEND_F8A2CAAB,GURUKRIPA CONSTRUCTION
VEND_8B086EFE,GURU KIRPA CEMENT AND SHUTTERING STORE
VEND_E037D101,CHIRAG INDUSTRIES
VEND_B4EDE67F,R D CONTRACTOR AND SUPPLIER
VEND_C9192EE8,ARUN KUMAR UPADHYAY
VEND_DB39E747,GURTAJ WELDING WORKS
VEND_4072F25C,CC CONSTRUCTION OF COMMUNITY HALL AT DHARAPUR MAJARBAHAR PRATHAM KHEL
VEND_4BAB4776,MAHENDRA AGARWALA
VEND_4B7354DD,DURGA DAS ROY
VEND_20AFB812,AFRIN ENGINEERING AND CONSTRUCTION
VEND_8DE36480,LALIT MOHAN
VEND_F941E65D,HEM CHANDRA
VEND_E921CF0A,SONU ELECTRICALS
VEND_9C8B4DA1,JAGDISH MACHINERY CORPORATION
VEND_68D6FD79,GRAMIN VIKAS EVAM JANSEVA SANSTHAN
VEND_63ACBA47,GRAM PNACHAYAT DUDHALA
VEND_7E0B06CB,KEYA CONSTRUCTION
VEND_8B98F836,AMOL BADRINARAYAN KALASKAR
VEND_08AF065E,BANI SK
VEND_C14E818B,BR ENTERPRISE
VEND_62ADF028,NAVADRA GRAM PANCHAYAT
VEND_95CC1A1F,RAJ BRICK INDUSTRIES
VEND_FA950EB2,OM PARKASH NARINDER KUMAR
VEND_682520C1,KALA RAM SO DESU RAM
VEND_A24F5A78,GURUKRIPA INFO SYSTEM
VEND_46F278E7,GRAM PANCHAYAT CHHAPAR
VEND_29D14C28,CHITIKELA VEERA VENKATA MOHAN BABU
VEND_0648932A,THIRUPPATHI RAMAKRISHNAN
VEND_37589951,CH SAI PRASAD MAJUR SAHAKARI SANSTHA MARYADIT
VEND_E64567B1,AKASH VIJAY KARALE
VEND_4CE94E99,SHRI RAM AVTAR YADAV INTER COLLEGE GOIJI AZAMGARH
VEND_F4B97E33,CH INGONDA MAJUR SAHAKARI SANSTHA M INGONDA TQ PARANDA DIST DHARASHIV
VEND_D20B5EFD,AGGARWAL KHAD STORE
VEND_E91A952F,AGGARWAL BRICK COPANY
VEND_B2B0C451,JIWAN INDUSTRIES
VEND_D56D5B90,GRAM PANCHAYAT SHIVRAJPUR
VEND_72E952F6,GRAM PANCHAYAT MOGNA
VEND_CCF7D2C0,AMBARISH V
VEND_1610B2F4,HEMANTA KUMAR ROUT
VEND_48A64620,SHAIWON ENTERPRISE
VEND_5FF40BDF,MR LAXMAN RAJAIAH
VEND_0D41BBC6,DERHASAD BASUMATARY
VEND_1FEFF8ED,LAKSHMINARAYANA K S
VEND_16A6F1B7,DEDHNA MACHINERY STORE
VEND_759FA499,GURU RAVIDAS WELDING WORKS
VEND_F08DC033,VIJAY ELECTRICALS
VEND_57887A4D,BORA HARDWARE AND ELECTRICALS
VEND_0D5E3094,VARDHMAN STEELS
VEND_58E6FFD8,GRAM PANCHAYAT VARMADANG
VEND_2D3B077E,SATNAM TILE AND MARBLE HOUSE
VEND_D53DA7BB,MITTAL HARDWARE AND PAINT STORE
VEND_764CEC7D,SAWARIA TRADERS
VEND_251815BF,DALZIT SINGH
VEND_6DEE0CF6,JR WORKS
VEND_B924ED6F,GRAM PANCHAYAT KUWARPURA MOHANGARH
VEND_2CD01241,GRAM PANCHAYAT KHAKRON KHAS
VEND_6AAFD300,GRAM PANCHAYAT IQBAL PURA
VEND_BB307F32,GRAM PANCHAYAT DARGAYN KALA
VEND_AB7FC2A5,GRAM PANCHAYAT PUNOL KHAS
VEND_4592A739,GRAM PANCHAYAT MUHARA
VEND_A6D9BA9A,GRAM PANCHAYAT VIRAU
VEND_AD37884E,GRAM PANCHAYAT RANIGANJ
VEND_5AD6B33C,GRAM PANCHAYAT PHATEHA KA KHIRAK
VEND_6C08F01C,GRAM PANCHAYAT RATANGUWAN
VEND_8D41CCFE,GRAM PANCHAYAT JARUA
VEND_DF9F4476,GRAM PANCHAYAT SIMARIYA
VEND_86E5A05D,N SATYANARAYANA
VEND_A7B0DDE1,ABIDA
VEND_D1A0A9E9,ADNAN
VEND_E3D92320,CHHOTU LAL
VEND_BCA0A5A2,RASHIDA
VEND_BAA82F49,REHANA BANU
VEND_3CDC58EF,RIJWANA BANU
VEND_32C0D08D,SANJAY KUMAR SUWALKA
VEND_9F74C91D,SHAHIDA BANU
VEND_D7212C47,SUMITRA SUWALKA
VEND_F45067CB,VDYA LAL
VEND_4E076C70,VAHID KURESHI
VEND_8742B31E,BALVEER SINGH RAWAT
VEND_1C9C21C7,PRIYANKA DEVI
VEND_898E3D9F,GOPI SINGH RAWAT
VEND_01E84D01,SAYAR SINGH
VEND_C35AEA6C,RADHEY SHYAM RAWAT
VEND_D7FE417E,RANJEET SINGH RAWAT
VEND_69DD2B02,GAGANDEEP SINGH MISTERY BODAL
VEND_DBF0FC16,SANJAY SEN
VEND_6CDA3C1F,VELAN CONSTRUCTION
VEND_369B9AD6,GEYUM PADU
VEND_CD2FE257,GRAM PANCHAYAT VADAL
VEND_6AD482BD,GRAM PANCHAYT
VEND_301BC92E,GURU NANAK ELETRICAL WORKS
VEND_B5FEE4E0,PHURBA SHERPA
VEND_8451D8D8,JAYANTHA SALIYAN T
VEND_A15CD174,SRI AMBEY TILES UDHYOG
VEND_0CD21E67,VIJAY TRADERS
VEND_ED8E86E4,POWER SOLUTIONS
VEND_8EC9F3CC,THE SANVI CO OP LC SOCIETY LTD
VEND_448EF59F,UNICARE ACADEMY
VEND_2DF4B236,SELVAM B
VEND_1BEF1539,BIJAY MAHANTI
VEND_104A5892,SHRI NATH TRADING COMPANY
VEND_9CEF4D6A,UMRALA GRAM PANCHAYAT
VEND_42A7E8E7,THE KAITHAL BHANU COOPERATIVE LABOUR AND CONSTRUCTION SOCIETY LIMITED KAITHAL
VEND_A8CB28D9,KHEMCHAND
VEND_FBABF286,DASHRATH
VEND_D287C705,RIDHI CHOPRA
VEND_2F327460,PRABHAKAR MARBLE EMPORIUM
VEND_25BD5301,LALIT KUMAR SHARMA ELECTRIC CONTRACTOR CONTRACTOR SIRSA
VEND_6D279575,SHAMIM AIJAZ BHAT
VEND_21A2FE34,ROHIT GARG
VEND_4AA38045,PRAMOD SINGH SAPHIYA
VEND_10D2052A,TEJPAL SAPHIYA
VEND_1AB83D55,NAMDEV CONSTRUCTION COMPANY
VEND_189AFFFE,ASHOK KUMAR GUPTA
VEND_005DFC07,YUDHVIR SINGH NEGI
VEND_0C3C4022,SUSHIL KUMAR CONTRACTOR
VEND_EC3FBBB9,ACD BARAMULLA
VEND_8FD9B5AB,VIRPAR GRAM PANCHAYAT
VEND_5F62B5C1,MAN SHUTTERING AND HW STORE
VEND_75B62AE3,LAKHVIR CHAND
VEND_CC51BD16,CHAHAK CONSTRUCTION CO
VEND_95761CAA,GP KURAL
VEND_CACF67D3,SIYARAM CLOTH STORE
VEND_CDB70039,RAKESH KHAJURIA
VEND_BCF97029,HARPAL
VEND_0A4A524D,CHRISTHUDAS
VEND_2B294929,DYNAMIC INFRATECH
VEND_CBFDC4E5,GRAM PANCHAYAT BHAWRAS
VEND_4FF47253,RAMLAL GURJAR
VEND_4A15ACEC,WARAICH PIPE AND TILE FACTORY
VEND_5DCBE11A,NEW BHINDER TRADERS
VEND_659302BA,JAGROOP KUMAR
VEND_12F02290,ADC CUM CPO NRE PANIPAT
VEND_937F55B0,RAMANDEEP
VEND_B9F81618,RANI
VEND_43AF0450,GAURAV CONTRACTOR
VEND_5B6616F5,GHUNDA S GRAM PANCHAYAT
VEND_5F816477,GRAM PANCHAYAT CHOWK BRADTA
VEND_6F8DD257,NADARI GRAM PANCHAYAT
VEND_5F2B32EB,MPLAD HOLDING ACCOUNT
VEND_DAC492FD,CHELUVARAJU D
VEND_998F78AC,MS UD ENTERPRISE
VEND_0412931D,RIDDHAM CONSTRUCTION
VEND_DE725790,NAVBHARAT SAHITYA MANDIR
VEND_E0BB9858,VIKRAM SINGH
VEND_E845D5D1,MOR TRADERS
VEND_CD1F81AA,MS KRISHNA BHATTA
VEND_75D884C7,KISAN BUILDING MATERIAL SUPPLIER
VEND_FDA7EC93,JINDAL CHIPS STORE
VEND_E04D4039,JAGLAN ELECTRIC AND HARDWARE STORE
VEND_3E3A0E6F,LAKSHIT TRADING COMPANY
VEND_F16D5DB8,GRAM PANCHAYAT BHADARWAR
VEND_22DAC73F,KRISHNA SUPPLIERS
VEND_DF68D835,K P SHRINIDHI
VEND_1EA01471,J D LOKESH
VEND_02134210,LALSINGH
VEND_8CBBEA18,MR CONSTRUCTION
VEND_8711E3A0,RAMDAS
VEND_2CAB09B6,NEERAJ KUMAR
VEND_1F7EC9A0,TEJVEER SINGH
VEND_4A14131A,NEKRAM
VEND_07F86D3D,MOHARSINGH
VEND_402F80D2,MUKESH CHAND
VEND_4EA8AC42,BHUMIKA BUILDING MATERIAL AND SUPPLIERS
VEND_9FBCA128,SIDHESWAR MAHARANA
VEND_3EEF629C,PURANDEI KASHYAP
VEND_289C5D48,BROTHER ALUMINUM FABRICATOR
VEND_EBA99666,TALWINDER SINGH
VEND_57053243,CHAHAL TRADING CO
VEND_3B4DA2C5,HARDEEP SINGH DRIVER
VEND_296C7D53,FOJI CEMENT STORE
VEND_128FEBFB,BIJULI BASUMATARY
VEND_49648683,SWAMY NAIK BHUKYA
VEND_D195E69E,SHRI PANDURANG HARI MAJOOR VA BANDHKAM SAH SSANSTHA
VEND_AE107CB4,CASHUTEC NIRMITHI KENDRA
VEND_171BA476,ABHISHEK ENTERPRISES
VEND_6A7B37AE,SUPER INFRACORP PRIVATE LIMITED
VEND_AF915699,GRAM PANCHAYAT PUSLA
VEND_0ED3DDF4,RICHARD A
VEND_EA16D50D,NOVELTY ENGINEERING AND CONSTRUCTION
VEND_54DD6DC5,HANAMANT GOUDAR
VEND_4DE18092,MOHAMMAD FAYYAZ UR RAHMAN
VEND_6E900C29,GP GHATEHA JP TEONTHAR
VEND_C22F5B1F,GURUKRIPA HARDWARE
VEND_6202F00A,MANSA BRICKS
VEND_0E597125,NEW SIRSA STEEL WORKSHOP
VEND_FD34DE7E,BALA RAVI
VEND_2FD15A55,DHARMODHAN BAGLARY
VEND_0AAAFB57,SUKHWINDER SINGH SO MEJOR SINGH
VEND_D228D20E,SHRI GANAPATI MAJUR SAHAKARI SOCIETY LTD ALAKUD S
VEND_A78D57B6,MADHAV INDUSTRIES
VEND_72163569,GP BHANJRARU
VEND_ECF313FE,DILLIP UDDIN JE
VEND_7B9098F7,LOVELY TILE PLANT
VEND_DBC67815,PARVEEN SINGH CO
VEND_6C604685,YERRAGUDI RAVISEKHAR REDDY
VEND_23994E9D,RAMESH KUMAR BKO
VEND_CCF326A8,GRAM PANCHAYAT KADWA
VEND_A066B0C2,PARAMESWARI V
VEND_F8252485,GRAM PANCHAYAT BOODA
VEND_F28B9225,GRAM PANCHAYAT BARDI
VEND_9A0A9A92,WARAICH SPUN PIPE INDUSTRIES
VEND_E7A2260F,CH JAWAHAR M S S LTD CHH SAMBHAJINAGAR
VEND_9FDC9A38,MAHENDRA KUMAR SHARMA
VEND_F5E59AEE,AVINASH HADIMANI
VEND_6089F671,SHIVAM CONSTRUCTION SURES CHANDRA YADAV
VEND_52A40BEA,MRS REKHA DEVI
VEND_24023D38,EVEREST ENTERPRISES
VEND_93376A03,MANISH KUMAR
VEND_9C7323B7,KARTIKEY CONSTRUCTION
VEND_82E6EA92,DEVID PROP OF GOOWILL FIRMS
VEND_B94B2F5E,M M ASSOCIATES
VEND_90646484,GOVERDHAN ENTERPRISES
VEND_C1E89EB0,GRAM PANCHAYAT NARANPURA
VEND_E3F6AD10,JNC BOUNDARY WALL
VEND_58F10015,SARPANCH GPKHARSALIA 16126
VEND_6B86F6B6,KEGOM BOLE
VEND_246BFDF8,JASWANTH S P
VEND_54B9EB17,JK INTERLOCK
VEND_F95EDDF5,GRAM PANCHAYAT ACHNAGAON
VEND_61C41737,THE SUNSHINE COOP LABOUR AND CONSTRUCTION SOCIETY LIMITED
VEND_91B985C6,LAXMIDHAR NAYAK
VEND_60914E49,PRATIMA CONSTRUCTION
VEND_37540CDA,REETUMONI SATOLA PHUKON
VEND_256BF006,SHRIRAM SUPPLIER
VEND_B1BCF160,ESSAR CONSTRUCTIONS
VEND_74B56C6D,SWAMI VIVEKANAND INTERMEDIATE COLLEGE
VEND_0C1D5D22,SAJANTIMBA GRAM PANCHAYAT
VEND_1BF42CFE,BDO SANGRAH
VEND_B071ECAD,A SAHULHAMEED
VEND_857F2BFB,MEKALSUTA STEEL AND GOVERMENT SUPPLIER
VEND_3952E295,BAHULAYAN S
VEND_FED4B3A7,G KRISHNA MOHAN NAIDU
VEND_9606E67C,MS K P ENTERPRISE
VEND_47446FC1,GRAM PANCHAYAT TONGPAL
VEND_1CA53952,GRAM PANCHAYAT NETANAR 1
VEND_86679CCD,MAHIMA ENTERPRISE
VEND_388410A0,GRAM PANCHAYAT KIKIRPAL
VEND_575C355C,KHAIRA CEMENT STORE
VEND_F5729DAA,HARMAN SINGH
VEND_7FF2108C,AEN O M JVVNL NAGAL RAJAWATAN
VEND_5EE676A8,MEHAKDEEP SINGH
VEND_1A5D1B0D,GRAM PANCHAYAT NANA MOTA AVATADIYA
VEND_A7F6B039,BASHA BUILDERS
VEND_3906836F,KUKATI KAILASAM
VEND_1B3F994B,KASNAU TRADING COMPANY
VEND_FA601A77,GP PAHILPAAR JP NAIGARHI
VEND_F2FF9AF4,LUCKY CONSTRUCTION
VEND_8C02000F,HLWC PRESIDENT C GOPULAPURAM GP KAMALAPUAM MANDAL
VEND_6518088F,SH OMESH SINGH SO MANGAT RAM RO CHAPRAN TEHSIL POGAL PARISTAN UKHRAL DISTRICT RAMBAN CONTRACTOR
VEND_7604680F,SARPANCH SACHIV GRAM PANCHAYAT CHANDKHURI
VEND_00C6FBF4,UJJAWAL KUMAR NATH
VEND_D69B3E8A,THE MAHAKAL COOP L AND C SOCIETY LTD
VEND_44A7CED0,GRAM PANCHAYAT BHAGOHAR
VEND_B648994B,MAGESHWARI
VEND_5EAC5E92,DHAYAL ENTERPRISES
VEND_3557A2C3,BABULAL
VEND_B346694B,PANNA
VEND_902EA865,PAPPU RAM
VEND_8BFDA8DE,TAHIR KHAN
VEND_5EEFE789,THE HIMANSH COOPERATIVE L AND C SOCIETY
VEND_C962BAAC,GRAM PANCHAYAT VADHAVI
VEND_302409BB,SUNIL DATTATRAY KUDALE
VEND_179FB1DF,GRAM PANCHAYAT UMRALA
VEND_F9323DA3,SUDHIR KUMAR NATH
VEND_FA29006F,MS M B ENTERPRISES
VEND_D57DF17E,JUNEJ GRAM PANCHAYAT
VEND_B050D77A,VADALA GRAM PANCHAYAT
VEND_A37D3654,PAYAL BROTHERS
VEND_870AF475,EXECUTIVE ENGINEER EDD KAPTANGANJ AZAMGARH
VEND_3B167475,KANHIRAM
VEND_CA695C21,GP MAHANGVA
VEND_EDCC0677,RUPCHAND
VEND_F36DE6A8,VIVEK THALOR
VEND_7860D8BF,SHEO PAL SAINI
VEND_11A485DC,GAJJU CONSTRUCTION COMPANY
VEND_013775E2,ALTI SRINIVASA RAO
VEND_6916C9F9,VALYA DEVI
VEND_C3CD2D90,NEETA ARYA
VEND_47D5656E,SHER RAM
VEND_45AE3164,AKSHYA KUMAR
VEND_8F0AEEEF,VISHAL KUMAR
VEND_9BA8034A,TARAWATI
VEND_C9C6B7FE,VENI SHANKAR
VEND_B3A09A0E,VINOD LUHAR
VEND_E1EE60F1,SHABHU LUHAR
VEND_847653B8,RATANI DEVI
VEND_CE33BCC9,NARAYANI DEVI LUHAR
VEND_92D6A3BC,MADHU LUHAR
VEND_19998917,SATYNARAYAN PANCHAL
VEND_470E8AEF,MAHVEER SINGH
VEND_090E47D1,GENDA KANWAR
VEND_50E25B83,PRAKASH JAT
VEND_2127A534,SANTOK JAT
VEND_FCE15458,HARI JAT
VEND_D5587B1C,JASSU JAT
VEND_67C926BE,GAYTARI JAT
VEND_E3286F5D,MAYA JAT
VEND_FD97D3E8,BALKISHAN JAT
VEND_AB6EDB3C,KOMAL JAT
VEND_1DAC608A,MAMTA SHARMA
VEND_C4FC79E3,SURESH JAT
VEND_E9F852B0,GANPAT
VEND_0461EB80,SAMBHULAL
VEND_C8B94DC4,G ASHOK KUMAR
VEND_1748829C,GREEN LAND NURSURY
VEND_57EA20BC,ANSHU KUMARI
VEND_4322F56C,SARASWATI SHISHU MANDIR ANUPPUR
VEND_A274FD05,BASHEER N
VEND_67EC020A,CHANAN RAM AND SONS
VEND_1529F7DF,RAM DASS SO BACHAN SINGH
VEND_63358034,GANESH LAL
VEND_A35F6F61,GOURI KRISHI BHANDER
VEND_FE443FD5,LAVISH ENTERPRISES
VEND_80776370,MAHESHBHAI RANCHHODBHAI PRAJAPATI
VEND_1AC53B81,YASH PAUL AND CO BKO
VEND_FCBB4D93,P B INFRASTRUCTURE
VEND_A36BFB94,JASWAL TRADERS
VEND_FF79F941,SHIV RAM TRADERS
VEND_AE24D1E4,RAMESHJI AND SONS
VEND_C5F88F97,SURBHI TRADING COMPANY
VEND_35E8C100,BUTA SINGH AND SONS
VEND_F575DFD0,GREEN NURSERY
VEND_5D085536,DHRUV TILE FACTORY
VEND_4471B412,RK TRADER
VEND_6FAFADAC,JULKA BRICK KILN
VEND_F19937B7,PRABH RCC PIPES
VEND_C1D0E7F4,GLOBAL TRADES
VEND_1385298F,NEW SANWARIYA TRADERS DEPALPUR
VEND_9D96B086,R N CONSTRUCTION
VEND_E7BF7B91,MAHADEVPURA GROUP GRAM PANCHAYAT
VEND_4A2496AF,ANMOL KOHLI
VEND_D91F8C58,SAGAR CONSTRUCTION AND SUPPLIERS
VEND_633C3361,MP STATE AGRO IND DEV CORPN LTD BURHANPUR
VEND_1DE77F78,USP ENTERPRISE
VEND_23FD0612,THE TANYA CO OPERATIVE CONSTRUCTION SOCIETY LIMITED
VEND_D3676C56,B S TRADERS
VEND_540313AC,AMIT CONSTRUCTION COMPANY
VEND_34FE5E7C,BARTHI DEVI
VEND_3A319DC6,MAHAKAURI DEVI
VEND_7CFB5D30,BALAJI TILES UDYOG
VEND_E63D2DFE,MEWA RAM
VEND_E81F5196,RAJWATI DEVI
VEND_C91FBF2C,RANJEET
VEND_2C9FDDEC,SURINDER SINGH BOLAR
VEND_4F99FFE4,GURBAKSH KAUR
VEND_EDE63970,S K FARUKI WELDING AND FABRICATION WORKS
VEND_8C0FD83A,SANJEET KUMAR
VEND_14E83C11,DHAN DHAN BABA VADHBHAG SINGH JI PAINT AND SANITARY HOUSE
VEND_77F83923,SWAPNIL RAGHUNATH THORAT
VEND_5A1FE8CC,MANIKANDAN A
VEND_342D07E6,DHANISHA KUMAWAT
VEND_44949936,SARITA KUMAWAT
VEND_851C103E,SARASWATI MAJOOR SAHAKARI SANSTHA LTD
VEND_F3D99F08,GRAM PANCHAYAT RANAVADWALA
VEND_5F711804,GHOTRA TRADERS
VEND_C122088C,SUNIL WELDING WORKS
VEND_0DBC0D43,PO DRDA SIRMAUR
VEND_F6D857CD,KAVACHIYA GRAM PANCHAYAT
VEND_DC47E914,S PANDIARAJAN
VEND_375789FF,EOMC NAHAN
VEND_CFAF5948,DEEP CEMENT STORE
VEND_4213031D,S S HARDWARE AND PAINT STORE
VEND_5113CD4F,NIJJAR INFRASTRUCTURES
VEND_A04B6A97,JASSAL TENT HOUSE
VEND_064D2DDD,SHAJU T
VEND_70606E81,RAJINDER NATH SHARMA
VEND_1071B9E2,VIJAYBHAI ATTARDE
VEND_D4A903C4,GRAM PANCHAYAT BARIAFALI
VEND_68D7E462,SARPANCH SHREE GRAM PANCHAYAT
VEND_179E800F,SHRUSHA ENTERPRISES
VEND_CD5B5E04,PURABI INDUSTRIES
VEND_7269219B,PASUNJ NI MUVADI GRAM PANCHAYAT
VEND_AAC4F4A2,PRABHASH CHANDRA MISHRA
VEND_57108C51,HADAMTALA GRAM PANCHAYAT
VEND_B131611B,GOPALA KRISHNAN D
VEND_4BE780EF,HS STEEL STORE
VEND_A18EE930,PRA INFRA PROJECTS
VEND_0CB6E8EB,DUDHALA GRAM PANCHAYAT
VEND_F0DB9A25,RAJASTHAN KHADI SANGH
VEND_8D8093CD,JAY CEE INDUSTRIES
VEND_109C46B2,MILON DAS
VEND_46086DF3,RAKESH KUMAR SINGH
VEND_146DAA6D,VEER TAJAJI CONSTRUCTION COMPANCY
VEND_E7911F37,GRAM PANCHAYAT KUTHERA
VEND_D73D464A,PARDEEP SINGH
VEND_6EBA214A,SARPANCH GRAM PANCHAYAT BIRRA
VEND_08E414DC,ANALGHAD LUNIVAV GRAM PANCHAYAT
VEND_C29EB04C,PATIDAD GRAM PANCHAYAT
VEND_0BFFB78C,BHOJPARA GRAM PANCHAYAT
VEND_F5F883A5,AKHANDALAMANI ENTERPRISES
VEND_76537C63,MOHAMMED TAIYAB
VEND_C308EC9C,V2 VENTURES
VEND_A4FFEFC2,SUJAY SUNIL AROTE
VEND_E3FA8943,RJM ENTERPRISES
VEND_51E107BB,EXECUTIVE ENG MPEB MANDSAUR
VEND_3D4A42D1,GP KANDAILA JP GANGEO
VEND_A7250121,GP SEMARIYA JP REWA
VEND_D44D03E9,GP DEEH JP TEONTHAR
VEND_765C2A89,KHADIJA
VEND_838FD653,SHARUKH
VEND_4AF22F39,GAYTARI
VEND_9A28FB87,BADRI
VEND_43F2C786,SUNDA
VEND_A2C9A5D6,YUNUS
VEND_46D923D9,ANWAR
VEND_970BD627,SADIK
VEND_0FF6C3AC,ARIF
VEND_C27C5223,MUBARIK
VEND_C9F2CCCC,RAMKUWAR
VEND_8C51FFE5,DILSAD
VEND_DE47285D,SOKAT
VEND_9D307075,KISHAN BOLCK COMPANY
VEND_1D061BCC,AHSHAN CONSTRUCTION AND SUPPLIERS
VEND_B6C46306,PILANIA CONSTRUCTION
VEND_FAE15BCA,JOGENDRA KUMAR BARIK
VEND_1F6BD5CB,RAMAKANT RANA
VEND_7C4B745D,MS GALAXY AGENCY
VEND_73EDA4ED,SK HOSSAIN ALI
VEND_ABFA12E5,ADARSH SPORTS
VEND_C9F498C0,BHARAT BHOOMI
VEND_7DDDBA64,HUKMNAMA SAMACHAR
VEND_D6840185,MS LAXMAN GENA SO RAM RATAN GEN
VEND_E444B5B6,PHATIK KACHARI
VEND_3EBC2301,GP KALESAR
VEND_170DBA03,GUPTA TILES STUDIO
VEND_6858EDFB,HEADMISTRESS GUPS NERIAMANGALAM
VEND_34849BF2,SAMADISH MAL
VEND_A8C80DF2,BALAJI CONSTRUCTION AND SUPPLIERS
VEND_37F1948F,TUSHAR JOHARI
VEND_05D3DC2E,NARESH KUMAR
VEND_2D531509,SUMAN CHOUDHARY
VEND_AD8BE90F,TOLARAM JAT
VEND_B8D35317,SHRWAN KUMAR MEGHWAL
VEND_D384B1E9,SHRE DHAKAD BROTHERS
VEND_803205AB,SITA
VEND_67195D88,SUBHASH JAKHAR
VEND_3A096DFF,PRABHUDAYAL SUTHAR
VEND_118F37DA,G VENKAT REDDY
VEND_D37B3E1E,RN CONSTRUCTION CO
VEND_598F4C39,MARUTI BUILDNEST PVT LTD
VEND_5F22EDBD,KATHIRESAN THANGAVEL NADAR
VEND_CA9A09D1,PYARI BAI
VEND_DF324056,MS BROTHERS SALES SUPPLIERS
VEND_A5549D61,DEVI LAL SALVI
VEND_309BD415,VITTALAGOUD HANAMANTGOUD PATIL
VEND_1C0C8B55,DAL CHAND KHATIK
VEND_BCC7F626,ABIDA BANU PINARA
VEND_AFDE7193,SUNDAR LAL SEN
VEND_056F9C02,RAVI SEN
VEND_EC515542,BABU KHAN
VEND_6F1A807B,CHHOTU RAM
VEND_A6C95E89,SHAKILA BANU
VEND_F06814D4,GOPARAM SAINI
VEND_A9AD2D1D,BABULAL SAINI
VEND_21959953,BANARASI DEVI
VEND_64AC809D,DESAD GRAM PNCHAYAT
VEND_58F9A99E,BHAVANI TREDERS
VEND_F240E2AC,MADAN LAL
VEND_C5F8D826,JAMNA DEVI
VEND_82D35FE2,BAJRANG LAL
VEND_FB42A03F,MG CONSTRUCTION
VEND_E9244DB2,M S B N ENTERPRISES
VEND_9F88CC29,ARATIK
VEND_874F74EB,SARPANCH GRUP GRAM PANCHAYAT ZARNA
VEND_882E587F,MOHD AFNAN
VEND_7D0BA610,RASHID
VEND_2C812563,FARID AHAMAD
VEND_446DB713,PARVEEN AKHTER
VEND_6DCCC110,VISHAKHA TAILOR
VEND_B59EA00B,DIKSHA TAILOR
VEND_3BFC13FD,MOHAMMAD SHARIF
VEND_971A6674,NISHAD BEGAM
VEND_3497A1E6,MUSHAHID NURI
VEND_24820257,JUNED KHAN
VEND_009DBB80,JAVED HAMEED SHEIKH
VEND_3254F874,JAVED MIRZA
VEND_9069FA44,MARGAM MAHENDER
VEND_EC72146E,SAHIL RAZZA
VEND_EF0529D3,VIJAYASEELAN
VEND_E551C5BB,SRI SANKARA CEMENT TILES
VEND_408A0BB6,GRAM PANCHAYAT BHAINSWARI
VEND_44F656F8,GRAM PANCHAYAT DUNDA
VEND_974C7395,GRAM PANCHAYAT DUNDA TOURA
VEND_38AF878D,ABDUL MAJEED WANI
VEND_4E3537A4,OM SAI TRADERS
VEND_53877CE5,SHREE MAHALAXMI STONE CRUSHER
VEND_3E9361C0,GRAM PANCHAYAT MATWADA
VEND_BB86C07A,SOHAN LAL ROAT
VEND_EA08FE41,KUNCHAM MADAVARAO
VEND_EAA5A83E,GURURAJ GULAPPA ANGADI
VEND_44F2F8D7,MS SAI CONSTRUCTION COMPANY
VEND_2518750C,GALAKOTI CONSTRUCTION AND SUPPLIER
VEND_EB3AE459,SARPANCH DUNGARI GRAM PANCHAYAT
VEND_5E747DFA,GRAMPANCHAYAT PATHARDI
VEND_1567F1A4,AMAN TRADERS
VEND_83899816,SHILPI TRADERS PAHADI
VEND_9B0D7D97,SARPANCH GRAM PANCHAYAT SURAJGAON
VEND_1A879610,LALIT TRADING CO
VEND_EBC74166,A K ENTERPRISES
VEND_C99186EF,T PAPATHI
VEND_28A14A49,GRAM PANCHAYAT SABHA NIDHI KOPRA
VEND_57991D56,GP BELRI
VEND_714110DD,GP CHANDNIYAKHEDI
VEND_C3AE4891,RAPUR CHANDRA SEKHAR
VEND_04BA11F4,GRAM PANCHAYAT SAREKHA KALA
VEND_5E601792,SHARVESH AND COMPANIES
VEND_20C54426,SARDAR VALLABHBHI PATEL SAMITI
VEND_B5B3CF6D,MK INFRA
VEND_7A7186B2,AARTI BOOK CENTRE
VEND_4D651C10,GRAM PANCHAYAT SHAMALDEVI
VEND_08F373B4,PRADEEP K S
VEND_72E6AF03,KVS NEXTGEN TRADERS
VEND_E65FD401,TAMAL MONDAL
VEND_D1824B96,SOJENDRO D SANGMA
VEND_5681E645,MAL GRAM PANCHAYAT
VEND_87C03488,MD SAMIRUDDIN SEKH
VEND_EE19BE05,BIDISHA STORE
VEND_2E301B5C,JOLNESH M SANGMA
VEND_BBD6676C,ROBETIO R MARAK
VEND_1405CFAA,RAVI KUMAR JANGID
VEND_53924A87,AK TRADERS AND COMPANY
VEND_2279A06B,NAVA NAGNA GRAM PANCHAYAT
VEND_82196F7A,CHITTIBOINA PADMAVATHI
VEND_3AD6C44F,CC FOR CONSTRUCTION OF BOUNDARY WALL AT VIDYA BHARATI MULTIPURPOSE EDUCATION PROJECT AT HAJONGBARI
VEND_D4609974,NARSINGH MAURYA
VEND_82A17F0F,SHRI DWARIKA COMPUTERS
VEND_9E577D7D,VENKTESH PAMMAR
VEND_4A057EC5,RANGASWAMY
VEND_36081B36,ABHAY PRATAP VAIDYA CONTRCTOR
VEND_6633A705,KUNDAN SINGH
VEND_3FB625F9,MS HARIOM CONSTRUCTION COMPANY
VEND_7F7252D2,RAGHUPATHI GUNDUBOINA
VEND_B31985BB,MANIRAM HUKMARAM
VEND_82A54342,RANGBAH SHNONG UPPER LUMPARING
VEND_60174200,DEV ENTERPRIESE
VEND_48A4FC4B,DELWADA GRAM PANCHAYAT
VEND_089E69F6,NONGHANCHORA GRAM PACNHAYAT
VEND_341B7707,BHAGIRATHI CHAMPATI
VEND_20E6CE03,SHREE GANESH TRADING
VEND_B511DE3B,KRISHNA PRASAD SHETTY BK
VEND_7335ADD9,EXECUTIVE OFFICER MUNICIPAL COUNCIL NURPUR DISTT KANGRA HP 176202
VEND_2033D0BD,GIRIJA SANKAR PATI AE
VEND_3B05EB6E,RANJIT KUMAR KHOSLA JE
VEND_AB878BCD,JE LAXMIPUR RAJANI KANTA PANIGRAHI
VEND_ECE3A70F,DORBAR SHNONG LAITMAWSIANG
VEND_9868678B,JADA GRAM PANCHAYAT JADA
VEND_6A0823E9,SK MUSTAK ALI
VEND_B652764C,HILAL E AHMAR ENTERPRISES
VEND_885134E3,BARAQ ENTERPRISE
VEND_1D09B892,HEALTH SOLUTIONS
VEND_8B5D76BD,HETILSON MARAK
VEND_B1D2C75C,JAGANATH PRADHAN
VEND_7861E959,AGAM SINGH SUBBA
VEND_5B04AD9D,GP PATNAUN MPLADS
VEND_B69A91F7,MPLAD ANANDAPUR
VEND_343AC616,TAHASILDAR ANANDAPUR
VEND_6D6D73CB,PRASANTA PINGUA
VEND_F558FB56,A G CONSTRUCTION
VEND_C25B1834,BABLI DEVI
VEND_5FFDE050,IYAPPAN K
VEND_4BAC8E9F,NARAYAN MARBLES
VEND_179FAE2C,K JAYASEKHARAN
VEND_C8A5A336,ZARKHALI JUTH GRAM PANCHAYAT
VEND_9FA1467D,CHACHAPAR GRAM PANCHAYAT
VEND_F98B4DC2,REBOT ORTHOCARE
VEND_5565E987,BHIMARAYA YAMANAPPA
VEND_400FA3BE,RIYA SALES
VEND_7BF8FED1,RAJARAM MAHAKUD
VEND_269C0E2A,MGNREGS CONVERGENCE FUND
VEND_72078B58,PINK SALVAGE SOLUTION
VEND_49CBF451,RESILIENT INFRA SOLUTION
VEND_2443C850,ALTAIR CORPORATION
VEND_0CF91E0A,TRILOKI NATH TRIPATHI
VEND_2F8D3F84,GRAMPANCHAYAT CHANAKAPUR
VEND_F9D9F020,DHILLON CONSTRUCTIONS
VEND_66C9977E,RAMESH B
VEND_2F0CDB0E,THE LOTUS ENTERPRISE
VEND_02EE8A8D,SANALIYA GRAM PANCHAYAT
VEND_256D06C2,GP KHAIRA JP RAIPUR KARCHULIYAN
VEND_2C5161BE,GP DADAR KOTHAR JP GANGEO
VEND_54C5D4CF,INFOMIDAS
VEND_8BC34296,ARJUNSINH DEEPAK ATIGRE
VEND_C1980DEA,SHREE NIWAS FURNITURE
VEND_EFD1F02D,SHRI RADHEY ENTERPRISES
VEND_7201B1C7,MS RAJAN SAINI
VEND_E32A644B,K P SRIKANTHA ANEKANNAMBADI
VEND_DAD634AB,CHAKKURU SRINATH
VEND_CE580E90,RAVIKANT D JADHAV
VEND_7CC2D7E1,RAVI K
VEND_00547AE0,THIRUMALAI T
VEND_036C778C,GULZAR HUSSAIN
VEND_609350BF,RAMANI CONSTRUCTION
VEND_37873A72,NANJAPPA E
VEND_788780C5,AASHIRWAD BUILDERS AND CONTRACTER
VEND_DE1568F3,SUBHASH ACHARJEE
VEND_CF867C9A,THIRUMOORTHY CONSTRUCTION
VEND_FF15F45F,D MOHAN REDDY
VEND_2D9EBFD1,GRAM PANCHAYAT GOLADHAR
VEND_2EE5D0C1,NAGIREDDY RAJIREDDY
VEND_3B2B2546,MS BHANGU AND BHANGU TILE INDUSTRIES
VEND_854DBA71,KOTADA PITHA GRAM PANCHAYAT
VEND_1AD49E79,GRAM PANCHAYAT AADNAR
VEND_10430E41,KRISHAN SINGH DHARARI JATTAN
VEND_3A772388,AMANDEEP SINGH RAIPUR
VEND_B418A1A5,SHRI VISHVAKARMA TRADERS
VEND_3DF4F5BF,SHARMA CEMENT STORE
VEND_B84BD6DF,C S R CONSTRUCTION
VEND_592F7BDE,GAURAV TRADING COMPANY
VEND_17E5EE4F,RAVINDER SINGH
VEND_392C2C6A,ETHAYAVANAN D
VEND_59F3DCDE,SRI BUILDERS
VEND_E33673C3,SILU RANI NAIK
VEND_6504CC65,GS RAJPUT
VEND_8AB48A7D,MADHAV HARDWARE
VEND_61FA33F3,RAJVEER KAUR GILL
VEND_4859BFEA,BALVIR SINGH MAHERNA KALAN
VEND_FECB1C93,AMARJEET KAUR KAILEY
VEND_31C282DC,BARVALA BAVISHI GRAM PANCHAYAT
VEND_A82A9950,SAWIN ENTERPRISE
VEND_FF2E9E9D,CH KESARIYAJI MSS LTD VAIJAPUR
VEND_CB069EAA,BISHNU DUTTA
VEND_35A35FDB,GRAM PANCHAYAT KOOD
VEND_BEB570F0,SARPANCH SACHIV GRAM PANCHAYAT CHANGERI
VEND_2B63018D,GOKAL CHAND PIRTHI CHAND
VEND_9FDE7A2F,GRAM PANCHAYAT KALANI
VEND_FE108AF5,SINGLA SANITARY AND PAINT STORE
VEND_F8D5444D,SH KAMALJIT KUMAR SARPANCH GP HEDON BET
VEND_115E3F00,ANMOL TRADING COMPANY
VEND_4C4694C4,VISHNU CARRIERS PRIVATE LIMITED
VEND_5E86F571,DURGA DEVI JAT
VEND_7ECEEE4B,GOPA RAM MEGHWAL
VEND_E32C2E0B,JHAMKU CHOUHAN
VEND_F916E0CA,ASHOK POOJARY
VEND_666EEBB6,GRAM PANCHAYAT BAGH JANPAD PANCHAYAT BAGH
VEND_D0A59CE3,MAMTA DEVI MEGHWAL
VEND_96CD74CD,SURYA CONSTRUCTION COMPANY
VEND_2B601210,DAYA SINGH
VEND_43F70CEE,KANAKA DEVI
VEND_184B3907,SURESH KUMAR MEGHWAL
VEND_50C7A8B1,SURENDRA KUMAR
VEND_73598F2B,GRAM PANCHAYAT BASATA
VEND_DA013FA4,SARPANCH SACHIV GRAM PANCHAYAT USHADH
VEND_13052049,GRAM PANCHAYAT MALKHEDA
VEND_0092CFFD,GRAM PANCHAYAT BHAGORI
VEND_F22CC7BC,GRAM PANCHAYAT KUNDALIYA
VEND_A4902686,SANTOSH KUMAR SAHNI
VEND_C95BEF74,PANKAJ NAMDEVRAO GAVHALE
VEND_038BE0AF,RADHEY GLOBAL INDUSTRIES
VEND_946A63A9,M K CONSTRUCTION COMPANY
VEND_D7CE8330,APUN GHAR
VEND_054B7993,MS AJIT SAHARIA
VEND_1841DF5B,VILLAGE PANCHAYAT JAMAALPUR
VEND_65FDD8AA,MS ALPANA INDUSTRY AND HARDWARE SHOP
VEND_89ABA5DE,JAYESH SHAHAJI GHUGE
VEND_061355C3,VISHAL TRADERS
VEND_DAA5BB19,ENUGU RAVINDER
VEND_6C27BD7D,PATEL CEMENT SUPPLIERS
VEND_C02CE62C,SAHANUR ISLAM MONDAL
VEND_7956A789,CONSTRUCTION OF COMMUNITY HALL NEAR SHRI MAA THAKURANI GOKHANI THAN JOGIPARA GOALPARA
VEND_E2E9CC73,SAIFUL ISLAM
VEND_C5EAC96B,BAHARUL ISLAM
VEND_5F7FF035,GRAM PANCHAYAT ZARI
VEND_5041F424,NAGAR PANCHAYAT KESHKAL
VEND_01CDBEFC,ABUL HUSSAIN
VEND_EE10468C,DHIVYA K
VEND_059AB39A,AUTOMOTIVE MANUFACTURERS PVT LTD SECUNDERABAD
VEND_9663F54E,DOABA CEMMENT MANDEEP KUMAR
VEND_FF0FEEA4,GRAM PANCHAYAT SHERPURA SEMBHAR
VEND_FAAE95D8,GOYAL MILL STORE
VEND_6D7F3EA7,CHANGOD GRAM PANCHAYAT
VEND_AB5EC10D,GYANU WELDING FABRICATION
VEND_05B71BE1,OM IRON AND CEMENT STORE
VEND_6919CE6A,SHRI RAM INTERLOCK TILE INDUSTRY
VEND_790206B0,BABA BHOLE NATH FILLING STATION
VEND_6424DE0D,DHIRAJ RAJENDRA BULLE
VEND_0316AA40,ANJALU BASUMATARY
VEND_93B063ED,MITTAL IRON STORE
VEND_93084703,SHRI RAM CEMENT STORE
VEND_EE49BA1C,RAJKUMAR KOLEY
VEND_C248B79D,SRI THAI AGENCIES
VEND_27F56F43,NIKITA RATAN TAMBE
VEND_DA677335,GRAM PANCHAYAT DEODARA
VEND_8C43E002,SKM INFRASTRUCTURES
VEND_CF65334A,GRAM PANCHAYAT SIVANIKHURD
VEND_FDD85E7B,JALLI VENKATA ANIL KUMAR
VEND_64623985,MANIVEL AND CO
VEND_8774AD2B,ISHWAR SINGH TARAGI
VEND_8338BCB8,PRATAP SINGH TARAGI
VEND_1AF04BD3,SANTOSH GOURSHETTY
VEND_4DD6026D,NAVAL TARAGI
VEND_D50DA7E8,MOHAMMAD FAYAZUDDIN
VEND_C30E6C4C,N N TALAWAR
VEND_FD2DB964,TRITHA SAHU
VEND_E3555707,GANESH DUTT
VEND_2CCCF6F8,GHANTIYAL GRAM PANCHAYAT
VEND_DD4A9D75,SATYAM PATEL
VEND_6C687930,SHRI RAM BKO
VEND_54300A35,ANMOL STEEL WORKS
VEND_ABED3281,BALRAM CONSTUCTION
VEND_1BCC19BD,HARWINDER LAL
VEND_AE1AB612,JASHANPREEET SINGH
VEND_0040E85B,SHANKER SALES CORPORATION
VEND_E372549D,NITESH MEWARA
VEND_DE3D8802,NABHA TUBEWELL CO
VEND_31A370E4,GOBINDGARH IRON STORE
VEND_48DC678D,MAKANSAR GRAM PANCHAYAT
VEND_A1DEAABA,AKASH CONSTRUCTION
VEND_B24EE531,PRASANNA KUMAR B P
VEND_24FF9ED7,K C SEETHARAMAPPA
VEND_BC997478,YALLAPPA T
VEND_01EEE193,MANJUNATH MADIVALAPPA KATTERKAR
VEND_B6722EF2,MS SALASAR CONSTRUCTION COMPANY
VEND_25F4C48F,GRAM PANCHAYAT PANDRAPANI
VEND_6DD5E072,GRAM PANCHAYAT SILARI
VEND_6356CC0B,GRAM PANCHAYAT JANAKUR
VEND_5EF66529,GRAM PANCHAYAT CHARBHATA KU
VEND_4F0EB7D5,GOVIND SPORTS
VEND_CB67BA6A,SHIVKRUPA CONSTRUCTION PROP ADESH HANUMANT MUSTAPURE
VEND_ED4567AA,SARPANCHSHREE GRAM PANCHAYAT GODHAVATA
VEND_BC4BEA68,DEVARAJ BASAVANNI PASCHAPURE
VEND_0C45E8C2,THREESHAKTHI ENTERPRISES
VEND_B6EA06A8,SANTOSH Y KAPSIKAR
VEND_FAB4EA34,GRAM PANCHAYAT LOBHI
VEND_8D22BAF0,THE GAJUWALA SOLAN COOPERATIVE LABOUR AND CONSTRUCTION SOCIETY LTD
VEND_9C6623AB,D V VINOTH DAMU
VEND_21E11F57,BRINDAVANA CONSTRUCTIONS
VEND_D32C500D,GRAM BHARTI SHIKSHA SAMITI
VEND_E71428C7,ARJUN SOLAPURA
VEND_5AE681FE,BHAGAT SINGH YUVA CLUB
VEND_EB73521F,BIJAY KUMAR BAHALI
VEND_F566E9DF,NONGNAH SECONDARY SCHOOL
VEND_55ED74FA,VENUS SALES CORPORATION
VEND_8CE6BE2A,PAVANKUMAR RAMAPPA SHIRUR
VEND_4799684E,LIMOS SAYOO
VEND_887F4B49,MAYUR DINESH CHAVAN
VEND_236C4C5E,THE SIDDHARTH COOPERATIVE LABOUR AND CONSTRUCTION SOCIETY LIMITED
VEND_08FABA83,MALWA TILE INDUSTRIES BATHINDA
VEND_D3F1453C,MANIMARAN PERALI
VEND_C76ABE86,NUTAN DNYANESHWAR JADHAV
VEND_4E73ACEA,SENG SAMLA DONGIAWPYNGKAT LOCAL COMITTEE
VEND_720B56B5,S A H CONSTRUCTION
VEND_4BB532C1,CRYSTAL ENTERPRISE
VEND_8F591A2E,SARVAGYA CONSTRUCTION
VEND_1992AB48,BHAIYAJI SPORTS AND STATIONARY
VEND_7649B876,BHOOMI ELECTRONICS AND HOME APPLIANCES
VEND_85CB5BA4,KHADI BHANDAR DUNGARPUR
VEND_D2D16916,SOUMYA BASAVARAJ CHIKKAHARAKUNI
VEND_DAD07306,INNOMATICS INFO PRIVATE LIMITED
VEND_A5B7F763,SHRI NAGNECHIYA MATA CONSTRUCTION
VEND_C2CAFAA5,DAYANANDA NAYAK
VEND_E1651DEA,ASIF AHMED
VEND_D82E007F,G RAJESH SHETTY
VEND_BCBA09A3,NIRAJ KUMAR
VEND_7CF702FE,SENIOR DEPUTY MAGISTRATE KHOWAI
VEND_D5DF0FC0,MANIKPRABHU
VEND_D409C347,P S N AUTOMOTIVE MARKETING PVT LTD
VEND_DCB4E2DA,B A HARISH
VEND_7B2D77A5,MUKESH KUMAR MEENA
VEND_F87B5EB5,ABHRAMPARA GRAM PANCHAYAT
VEND_D48A96B2,THOTA RAMESH CONTRACTOR
VEND_0548C014,ARAVELLY SURENDER RAO
VEND_4C75ADAB,JAI BHOLE SHANKAR BKO
VEND_FF9D690B,HARIRAM CHAUDHARY
VEND_BEE4BCE1,GAJENDRA BAIRWA
VEND_2E381729,LALA
VEND_6F25621A,OM PRAKASH BAIRWA
VEND_D52E8EBD,SHIVRAJ JAT
VEND_F30F40F7,MUKESH BAIRWA
VEND_6E72B3C4,KUNTI
VEND_3827680F,JEBUNA
VEND_243BD1CE,KRISHNA
VEND_7D70A0AC,ABHINAY BHURTEL
VEND_89A73985,MS DASHMESH TRADING COMPANY
VEND_F2076C9B,VADANA DEVI
VEND_B8E73F98,GIRDHARI RAM
VEND_23F8B02E,CHAMNA RAM
VEND_A1B25214,ROURWTWN BASUMATARY
VEND_C1745D70,MS SRI SIRI CONSTRUCTIONS
VEND_29062563,JAI LUXMI CEMENT STORE
VEND_609A3D95,GP PAPLAH
VEND_EB6E9B56,IIT ROAD TO GHANA BORO
VEND_48278E68,ASA STEEL TRADERS
VEND_A47E57DB,ROFIQUL ISLAM
VEND_8CECBD3E,SHEIKH ASIF YATOO
VEND_C4E64B98,GOYAL STEELS
VEND_1D97D37E,SATHYANARAYANAN
VEND_69031229,GAYATRI SINGH
VEND_6629937A,SARPANCH SACHIV GRAM PANCHAYAT MEDUKA
VEND_21FB12A7,SARPANCH SACHIV GRAM PANCHAYAT NARAUR
VEND_30D6E841,MS GAUTAM TRADERS
VEND_B26D5C54,SARPANCH SACHIV GRAM PANCHAYAT BARWASAN
VEND_B41DAD86,SARPANCH SACHIV GRAM PANCHAYAT SEMARDARRI
VEND_B8BAA2E5,MS RAJENDRA KUMAR SINGH
VEND_6BD72311,RANA CONSTRUCTION COMPANY
VEND_C22CB261,JYOTI CONSTRUCTION CO
VEND_D5ECBD0E,RAMAKANTA DANGUA
VEND_17B5E45F,BHUPENDRASINGH BALWATSINGH BINDRA
VEND_5B5EAF50,DOMBE K MARAK
VEND_ABB84B30,CANIO SALGADO M SANGMA
VEND_3E1FDBD9,G K CONSTRUCTION
VEND_64A5582D,MALLIK ENTERPRISE
VEND_D554A317,DON BOSCO TECHNICAL SCHOOL
VEND_434D27B0,THE MAJHOT COOP LANDC SOCIETY LTD
VEND_02C03B68,TOURIYAKHAS
VEND_250DD57B,HARKANPURA
VEND_30B9D0E1,MAHEBACHAKRA3
VEND_DFD152B1,MAHEBACHAKRA4
VEND_E14A3040,BHAGWANTPURA
VEND_945D742B,TEELANARENI
VEND_979616A1,DINAU
VEND_1C1B64E1,KACHHIYAGUDA
VEND_88C56E9D,GRAM PANCHAYAT BARDEVRI
VEND_05C96F2E,SEPURA
VEND_3BF6F4EC,GRAM PANCHAYAT GUNDRAI
VEND_0438F51F,G P TALLI BHUJJAL
VEND_4B18FA6D,SATISH CHANDRAKANTH METI
VEND_1EAFFD1C,KUROWA BHASA SANTI BAZAR
VEND_029235BF,SARPANCH OF GRAM PANCHAYAT POTAPANI
VEND_0EDE8AC5,DHOBIKUVA PANCHAYAT
VEND_C4827F1C,KHIJRIL KHOKAR
VEND_B8FD6EB2,KS KUNDAN INFRA PRIVATE LIMITED
VEND_2E028B74,GRAM PANCHAYAT CHORA DUNGRI
VEND_DA15B5ED,BRAHMANVASI
VEND_171590BD,S KATHIRVEL
VEND_F78A39FD,GP KOPRA JA
VEND_07FDC4BA,GRAM NIDHI GRAMPANCHAYAT MUBARAKPUR
VEND_F62E2FA8,GRAM PANCHAYAT DESAI VADALA
VEND_3FF557FC,PREIDENT VC AIBAWK
VEND_266A1E42,SINBATH MARAK
VEND_6499644B,MS MAHENDRA KUMAR UTTAM
VEND_9CEDDCAC,KODATI KANUKAIAH
VEND_EC51398D,VARDHMAN MARBLES
VEND_E2873488,COMMON WORKS IA
VEND_96B62DAC,PATEL CONSTRUCTION AND SUPPLIERS
VEND_45CCA1B9,KAILASH CONSTRUCTION COMPANY
VEND_E92B5A0F,GORKHA KHAN
VEND_76B06BDB,SARPANCH GRAMSEVAK GRAMPANCHAYAT HIRADPURI TQ PAITHAN
VEND_576FCABE,DAWHARU GOYARY
VEND_C4DC12E5,OMESH SHARMA
VEND_F80CBF00,SARPANCH GRAM PANCHAYAT GORA
VEND_C7E44E83,S ILANCHIZHIAN
VEND_403318D7,GRAM PANCHAYAT KHAMHARIYA
VEND_AF7A33D7,SURAJPURA GRAM PANCHAYAT
VEND_C4577AA4,AMARDI GRAM PANCHAYAT
VEND_FD1C6A08,DITLA GRAM PANCHAYAT
VEND_F3DF6444,GRAM PANCHAYAT SARONA
VEND_6E69C70A,GOPALGRAM GRAM PANCHAYAT
VEND_FEE4F4C4,SHEL KHAMBHALIYA GRAM PANCHAYAT
VEND_8C806AA5,GHUGHABHAI GANDABHAI KANJIYA
VEND_478FBAC1,SUKHPUR JUTH GRAM PANCHAYAT
VEND_64B6A3EA,S MAGENDREN
VEND_0E57A7A3,AKASH ENTERPRISE
VEND_4A85BFA7,M KASIVISWANATHAN
VEND_C82E934B,GRAM PANCHAYAT BALDAKACHHAR
VEND_5CB010A3,GRAM PANCHAYAT BARENDA
VEND_8922C09D,SK ABUL KASHAM
VEND_1456D351,GRAM PANCHAYAT BAR
VEND_B342A21D,SHIEKH ISLAM TAHIRUL ISLAM
VEND_FC0AD78A,HP CIVIL SUPPLY BHABA NAGAR
VEND_A4AA63C5,SATJIT TRACTOR TROLLY JCB CRANE SERVICE
VEND_F46760E7,GRAM PANCHAYAT MAHUDIYA
VEND_0751F038,GRAM PANCHAYAT BARKHEDABUZURAG
VEND_AC7DA971,VIJI GOVINDARAJ
VEND_79117235,AMN ENTERPRISES
VEND_CEE4A157,ATANU HALDER
VEND_AFC49626,GP CHABUTRA
VEND_42DBEA61,UNICORN IT SERVICES
VEND_301676EF,GRAM PANCHAYAT PARASKOL
VEND_48F83EB5,GRAM PANCHAYAT SONBARSA
VEND_8465197D,JAY BALA JI CONSTRUCTION
VEND_168A9F47,JYOTHIRMAI INFRASTRUCTURES
VEND_4CAF802E,SHARAT GRAM PANCHAYAT
VEND_26E87B78,MUTHUKRISHNAN D
VEND_C86242CA,SONAM BOSE AE
VEND_295BD345,KABRA CONSTRUCTION
VEND_346C082E,V MURUGAN
VEND_FBAFF1AF,MAHAMAYA ENTERPRISES
VEND_09FFA347,AMIT GAUTAM
VEND_D3B714CA,SHUSHILA MARNDI
VEND_39A69836,ANITA NAIK
VEND_86F2FED5,GRAM PANCHAYAT BELAI
VEND_8FACE514,GRAM PANCHAYAT MASURHAI
VEND_29B32BC0,GRAM PANCHAYAT MANESIA
VEND_9924A032,C NAVANEETHAKRISHNAN
VEND_8009A5ED,GRAM PANCHAYAT KADAVIYA
VEND_E4A4C680,SATYAKRISHNA ENTERPRISE
VEND_89C70185,LUMALITHA SHIRA
VEND_86CA583A,TAMARITHA K MARAK
VEND_77231EE5,NANASAKHPAR GRAM PANCHAYAT
VEND_1CA6FFEB,BANDHIYA GRAM PANCHAYAT
VEND_50E83B79,MADIHA TRADERS
VEND_93BD8E4A,PEER ZADA MUNEER AHMAD SHAH
VEND_596B5756,GRAM PANCHAYAT BHELA
VEND_D9C13203,GRAM PANCHAYAT AMARPUR
VEND_1A9D4AF2,GRAM PANCHAYAT LAR
VEND_C36869E3,NEW CHAMPION SPORTS
VEND_CDEF10CE,RAVICHANDRAN S
VEND_0F79ECF4,KALIDASS
VEND_9BC316B0,GRAM PANCHAYAT NAAVANIYA
VEND_7A67657D,BALAJI CONSTRUCTION COMPANY
VEND_5BD36DE0,PURNO R SANGMA
VEND_87C27A53,GUDMENY R MARAK
VEND_73819916,LUZENDRO D SANGMA
VEND_C3A63599,SAHITA D SHIRA
VEND_1E1DEF29,SRINIVAS REDDY PATIL
VEND_16469892,SAGAR ENTERPRISE
VEND_217B972D,UPCL PITHORAGARH
VEND_6901ED81,GRAM PANCHAYAT BHAIRA
VEND_329E991D,GRAM PANCHAYAT KUMRAU KHIRIYA
VEND_CF4198A8,LAKSHYA RAJ CONSTRUCTION COMPANY
VEND_D3900BCE,GRAM PANCHAYAT KAKARWAHA
VEND_4F14D5F7,SUBRAMANIYAN G
VEND_0C515CDA,HARPREET SINGH SARPANCH
VEND_FA529AA2,SOUMEN ADHIKARY
VEND_60BE5C8A,MERCILDA MARAK
VEND_6D796EAB,ARTI KALYAN AUTADE
VEND_7A675463,SEIN RAIJ BATAW
VEND_724DACA0,VIKRAM SAINI
VEND_3C884CA9,RAJ KUMAR BKO
VEND_21045870,SAMATPARA GRAM PANCHAYAT
VEND_7E063E9D,MENDAPARA GRAM PANCHAYAT
VEND_9C2EC4CF,BANAJ GRAM PANCHAYAT
VEND_9C461E1A,SURAJ PASWAN
VEND_AB4B5AAD,BHERUNATH CONTRACTOR AND TRADERS
VEND_9A56AE91,DURGESH M K
VEND_1B77741C,SH MOHD RAFI SO KEEMA RO DALWAH SANGALDAN TEHSIL GOOL DISTRICT RAMBAN CONTRACTOR
VEND_8F0B3188,PUSHPA SUBBA
VEND_5A0D7D80,GRAM PANCHAYAT MAMAN BANANDAR
VEND_53ADF5AB,MAA NARMADA CONSTRUCTION
VEND_BB0FE539,VIJAY SAHU
VEND_39F7B704,GRAM PANCHAYAT MUNGAWAL
VEND_70AE0E78,GRAM PANCHAYAT NAGARI SWACH BHARAT MISSION YOJANA
VEND_DA068F76,NIDIMUSALI VENU GOPAL REDDY
VEND_EE97AEBA,SEVAK BHARUDIYA GRAM PANCHAYAT
VEND_7F026BEE,SHAIK KALEEM
VEND_D8A05F06,SARPANCH SACHIV GRAM PANCHAYAT SIVNI
VEND_7B5D51D1,GMG ENGINEERING WORKS
VEND_A9C0FE88,SARPANCH SACHIV GRAM PANCHAYAT BADRAUDI
VEND_299A4576,MS TASMIN HARDWARE7896377621
VEND_76A4DE12,SRI V SREEKANTH REDDY PRESIDENT VLWC MAHANANDIPALLI
VEND_41187345,SAWAN NEGI
VEND_24DA4A3B,KANWAR TILE FACTORY
VEND_BB9BE78A,N ANANDHAKUMAR
VEND_0089D165,GRAM PANCHAYAT RANDHANA
VEND_76855E22,GRAM PANCHAYAT KATAGAON
VEND_067D1537,KANHAIYA KUMAR SINGH
VEND_E0251D72,GANAPATHY ELECTRICAL
VEND_C1E3B042,GRAMPANCHAYAT KARRI
VEND_62D8AF84,BASANTA KUMARI
VEND_90C773D7,MAHAVEER SINGH
VEND_7CDB2D1D,ROSHAN LAL
VEND_6A21EE37,OM PRAKASH JAT
VEND_F9819E4D,AZAD
VEND_262C4AF5,MURALEEDHARAN NAIR PK
VEND_999171F5,NITIN CONSTRUCTION COMPANY
VEND_29E94984,NAVAINDIA PUBLICATIONS
VEND_1EAE6CA6,ARUPJYOTI PEGU
VEND_EE380FEF,HYGIENE SURGICAL AND CHEMICALS
VEND_8A88FFBA,AATHVIK CONSTRUCTION
VEND_CF3BDBDB,MRS RASHU SHARMA WO AKSHAY KUMAR RO HALDNU THOPAL BATOTE TEHSIL BATOTE DISTRICT RAMBAN CONTRACTOR
VEND_941934D6,YUDHVIR SINGH
VEND_8BA87EBD,KRISHNA TILES GALLERY
VEND_A6F10999,P SELVAM
VEND_BEB6B1C4,CHERAK B MARAK
VEND_DB122B2B,JOY GURUDEB BUILDERS
VEND_3FE030B7,GRAM PANCHAYAT BHENDARA
VEND_8BE712F8,AJAY KUMAR AGARWAL
VEND_599C1310,NANDA CONSTRUCTIONS
VEND_30B67F91,BAMBHANIYA GRAMPANCHAYAT
VEND_080C1034,CHOUDARY ENTERPRISES
VEND_0954E288,THE HAR HAR MAHADEV COOP LC SOCIETY TLD
VEND_6B3622EA,LAKSHY ENTERPRISES
VEND_3EE00B88,JAYADRATA GIRI
VEND_9E5A7ECA,BHUPAL SINGH
VEND_36079D4E,NILKANTH POWER
VEND_A3D92009,HEMA CONSTRUCTIONS
VEND_037E944E,MS ANAND ENTERPRISES KEWALI
VEND_C696C6D1,GOMATHY
VEND_3815A9D9,SANDEEP BECK
VEND_B50F8B6C,JAYARAJ KAMAT
VEND_A3B0BBAE,AALAM KHAN
VEND_4760C715,RAGHUVEER SINGH
VEND_3A71AEEE,CHINA RAM
VEND_B176A857,PREM KUMAR H J
VEND_21B24F17,AATHAVAN CONSTRUCTION
VEND_96014983,EMPRALA VENKATESULU
VEND_A36EC3B5,R SARAVANAN
VEND_AB0BACAF,DEVARAJULU NAIDU B
VEND_295A91C7,KANDULA BRAHMAIAH
VEND_8FC5CE02,KALESHA GUNDLOOR
VEND_1BBDFBDA,AMASA MOHAN
VEND_D8756A00,G NAGABHUSHANA REDDY
VEND_B834E44C,M K AGENCY
VEND_C79DF1A9,KESAR
VEND_3C7C6965,SHERU
VEND_78947661,DHARMA
VEND_6444FC1B,CHHAGANI
VEND_39458348,SEETA
VEND_77EBE85A,CHOTI
VEND_E1BB014A,CHOTHMAL
VEND_93646EB1,VISHAL BAIRWA
VEND_BB39FAE9,SATYANARAYAN
VEND_7F8B78B2,AJMER VIDYUT VITARAN NIGAM LTD AJMER
VEND_7E244123,SINTU
VEND_05B2815C,DRUG
VEND_FA91ECAD,P RAMADASS
VEND_F9BB1408,K M HARISH KUMAR
VEND_A2A3B965,RGSY BLOCK DFVELOPMENT OFFICER ALOOSA
VEND_B0EB72BB,M S RAVI
VEND_A76E0789,SELVI M
VEND_208B7510,MSS INFRA
VEND_58A51A12,VASTUANANTA DESIGNS
VEND_37AFB1B0,KATVANA GRAM PANCHAYAT
VEND_7D342315,THE SAMRATHAL CO OP LC SOCIETY
VEND_37C52241,ROFIKUL ISLAM
VEND_C33D111E,KERALA GRAM PANCHAYAT
VEND_C9E0D279,NANGIAIROI LP SCHOOL
VEND_DE0A6C1C,KHAPMAW PRES LP SCHOOL
VEND_2B772B23,HOSABAI MAHILA MAJOOR SAHAKARI SANSTHA LIMITED SARNI AA
VEND_A244B0BA,ABRAHAM PERSARA UP SCHOOL
VEND_2A0100B0,RISHANSTAR UMSONG
VEND_F487DB83,SUNDU RAMANAIAH
VEND_3E2C117F,AH GLASS AND ALUMINIUM POINT
VEND_1B214E6B,GP BARAH KALAN JP BADI
VEND_29BF7237,GAURAV ENTERPRISES
VEND_111F8216,MARUTI SUZUKI INDIA LIMITED
VEND_42005569,ARULSELVI
VEND_BC3926D1,M P CONSTRUCTIONS
VEND_404FBA58,ANUJ KUMAR CHANDAN
VEND_D92ABC22,NEW SRINIVASA CONTRUCTION
VEND_BE814741,GP SER JAGAS
VEND_AC56ECFA,B A CONTRACTOR
VEND_75808D27,BALOL GRAM PANCHAYAT
VEND_6D87AA4F,GAAM PANCHAYAT VARAMA
VEND_F8CC897B,THILAKAVALLI
VEND_A7B48645,FUNKHA BASUMATARY
VEND_1958A2D8,PALANICHAMY
VEND_1FAAD0EB,KRADHI MUSHAHARY
VEND_60643459,KHANDARKAR YASH KASHINATH
VEND_B5B57562,AMOL SHANKAR HAMBRE
VEND_9BB83E16,SHREE CHARBHUJA CONSTRUCTION
VEND_19B5A162,RAJMAL
VEND_00F2884A,BISWA JIT GOGOI
VEND_1655F47B,BIMLA DEVI
VEND_7DE1F60E,NAJMA BANO
VEND_AD20CA41,DALIP
VEND_9D1B12A7,ASHA RAM MEGHWAL
VEND_DF23A65A,ROSHANI
VEND_09ABB2D2,RATI RAM SARAN
VEND_DD145348,MAHESH SARAN
VEND_3AFF297D,JAGDISH PRASAD SARAN
VEND_31DC7B4A,RAJ KUMAR BHAGAT
VEND_8E733FEC,GRAM PANCHAYAT BAGDHAR
VEND_64E4EF2B,GRAM PANCHAYAT GARNOYA
VEND_27DC4FBD,ROYAL COLLECTION
VEND_BABEBC73,H V PRAKASH REDDY
VEND_D2F65B3F,BALAJI BHATTA CO
VEND_26733A5B,JANGRA CONSTRUCTION CO
VEND_3402EA7F,NAVEEN CHANDRA
VEND_C2462613,JAGAT PRAKASH NAINWAL
VEND_FF16887A,DEWAS NAINWAL
VEND_88F49889,SHAMBHU DUTT
VEND_DB5AF535,J K SRINIVASAN
VEND_87FA108A,LAKSHMAN SINGH
VEND_6962DF2A,BHABANI SHANKAR MOHANTA
VEND_C51482DD,GURU TEG BHADUR CEMENT PIPE INDUSTRIES
VEND_EA2CA3C1,SHRI SHIV SHANKAR BRICKS COMPANY GIDDAR
VEND_85FD9CDD,MANORANJAN PATI
VEND_38DD7FDD,G VENKATESAN
VEND_77307BA4,BALKAR SINGH
VEND_8536CD80,UDIT NAINWAL
VEND_A0E002C8,GP PANOH
VEND_C6367CD2,MANKU SHUTTERING STORE AND WELDING WORKSHOP
VEND_DC4395B7,BANOTH PREMSINGH
VEND_AB2FA6BD,VIVEK SHARMA
VEND_52E0DD1A,SULTAN SINGH
VEND_6D88765A,GOPI RAM
VEND_3122AFE3,B PAUL AND CO
VEND_6D1F24CC,SHOBHA SINGH
VEND_F0F45154,GRAM PANCHAYAT BAHARI
VEND_94D126E3,FHARJANA BANU
VEND_7515C379,OM ELECTRIC
VEND_64B28A58,PEMA RAM
VEND_0E29BA7D,SOUTH GARO HILLS ACADEMY FOR CRICKET FOUNDATION
VEND_F4D3697C,CHIMNA RAM
VEND_ACB05F17,GRAM PANCHAYAT JAMANI
VEND_379A3B5C,GUDDI BANU
VEND_7674836E,BHARAT RAJ
VEND_CF9301D1,RAMSWROOP
VEND_454771DE,NIZAM KHAN
VEND_B5E1B69F,MENJER KHAN
VEND_F781C2E2,EXECUTIVE ENGINEER ELECTRICITY DISTRIBUTION DIVISION 2ND
VEND_ABD5DB44,M S SUNIL TRADERS
VEND_85C1D7ED,DHARM PAL
VEND_07855C85,NAYAN SEKH
VEND_CFC86F4B,CH GAJANAN MSS LTD
VEND_DC0FA33C,PANDURANG K KUNKUR
VEND_BE3E7BDD,HARISH L KONERI
VEND_4EBC7D8D,THE CLASSIC INTERNATIONAL CO OP L AND C SOCIETY
VEND_B7F1948B,MALLIKARJUN VIJAYKUMAR
VEND_4B56267A,GRAM PANCHAYAT PEDWI JANPAD PANCHAYAT DHARMPURI
VEND_46C154F2,LOTUS MEDICAL SYSTEMS
VEND_847CCEB8,VRAJ JAYANTIBHAI PATEL
VEND_AD612546,KHAD KHAMBHALIYA GRAM PANCHAYAT
VEND_263A9542,FATEPUR GRAM PANCHAYAT
VEND_8CFD687C,SARPANCH GRAMPANCHAYAT MOTABHANDARIYA
VEND_095F61FF,CHIKKARAJU D
VEND_5AA59ED3,VELMURUGAN S
VEND_F1056B8A,PURAN CHOUDHARY CONSTRUCTION COMPANY
VEND_55614292,MALVAN GRAM PANCHAYAT
VEND_7482CDC9,TRINATH B MARAK
VEND_4F002283,ADARSH BAL SHIKSHAN SAMITI
VEND_1E0C73A4,ASSIF ALI KAMAL BATCHA
VEND_FEBC8F8A,PRADEEP
VEND_DCE3E3DE,ABISHEK THAKUR
VEND_0DB39155,S MUNEESWARAN
VEND_E13AFA0F,RANU GRAM PANCHAYAT
VEND_AABA6E8B,MATHILLA MARAK
VEND_3B1A7A1A,ALONGBAR DAIMARY
VEND_B0DD3463,CAPITAL STEEL CORPORATION
VEND_D2C43BF8,MANISHA SUYAL
VEND_9872DE17,SAKSHI SANWAL
VEND_E18FDC9F,IMRAN
VEND_FBF6ACD6,SHER MOMHAD
VEND_DFE031CE,RAMUNA DEVI
VEND_DA4CE745,KAJAL CHAUHAN
VEND_3B54C6B4,KUSHI DEVI
VEND_4122EA4F,HIMANSHU
VEND_96E7DB63,AJIT
VEND_0CB1EB41,AMIT
VEND_A5F747E9,GANGA BHATT
VEND_B9F9FC5D,SIDCO SALES EMPORIUM
VEND_5859F94C,POOJA BHATT
VEND_FA1D87BC,GANESH
VEND_8A2D1C2E,RAM SWARUP
VEND_89CD279E,ASHU
VEND_7E24A93D,PINKI BISHT
VEND_EE333662,RAMSURAT
VEND_97D9DE75,ADARSH
VEND_5664A8D6,GRAM PANCHAYAT PARAPATTI
VEND_DF5B21F6,GRAM PANCHAYAT TOLMA
VEND_F5FF61CB,GRAM PANCHAYAT KHONP
VEND_54D7E7BB,GRAM PANCHAYAT BARAT
VEND_9F7C8A2C,GANGADHARAM BATTA
VEND_AF83F8B0,UT INTERNATIONAL TILES
VEND_DD23660A,AJITHKUMAR P
VEND_E7359CC0,ANBUSUNDARAPRIMALAM R
VEND_DFF3A724,AMICHANDBHAI PATEL GROUP SERVICES
VEND_E3579154,BALAJI MAZUR SAHAKARI SANSTHA LTD FATTEPUR
VEND_D7B9D2F2,SRINIVASA RAO YARLAGADDA
VEND_3AF4F93B,AKASH AGENCY
VEND_0FF1315B,THOR INDUSTRIES PRIVATE LIMITED
VEND_D66B4B4C,MERCURY MEDITECH
VEND_68013F9D,UP NEDA PROJECT BASTI
VEND_7D7A065A,MEDDEY TECHNOLOGIES PVT LTD
VEND_1AA951D3,INFIEDGE VENTURES PRIVATE LIMITED
VEND_8A3F05AD,GRAM PANCHAYAT NARANPURA JANPAD PANCHAYAT NALCHHA
VEND_164BB411,GRAM PANCHAYAT BAMHORI ABDA
VEND_CAAF6097,PRAVEEN JOGIN
VEND_44539D61,GANAPATI CONSTRUCTION
VEND_71DF81B4,JABARULLA M
VEND_D462ADC5,TIRUPATI SUBBARAMI REDDY
VEND_2EB7EFDD,GP KOKOBHANTHA
VEND_41960799,MAA MANISHA ENTERPRISE
VEND_DCB0CF67,GRAM PANCHAYAT DIUDI
VEND_D2A3F196,PRASHANT AGRAWAL
VEND_73D8AB01,MS SHRI SHARDA INFRA GROUP SIDHI
VEND_94E331CF,BABA RAMDEV CONSTRUCTION CO
VEND_BBF29830,GREEN VALLEY CONSTRUCTION COMPANY
VEND_B73C6327,MK CEMENT AND SANITARY STORE
VEND_CA5916A2,RAMSWROOP KUMAWAT
VEND_331A3004,PARWATI
VEND_07E8B3C3,KISHOR KUMAR
VEND_407AA081,BABULA BEHERA
VEND_63C8900B,LIPIKA LOPAMUDRA
VEND_6FD1C06B,GOKULA CHANDRA NAYAK
VEND_376DE18D,SARMILA KUMARI NAYAK
VEND_81B41700,NARALI GRAM PANCHAYAT
VEND_8A0D37B2,SANJAY PANDIT
VEND_F5DDED23,DEV NARAYAN PANDAY
VEND_EB2A9D2F,JEENA DEVI
VEND_D08A3198,KRISHNA KUMARI
VEND_EF099A1D,KHIHLANG L P SCHOOL MYNKREM SHANGPUNG
VEND_E7AE9042,CONST OF COMMUNITY HALL NEAR CHOUKIHALI RAS FIELD
VEND_90353006,RAJA STEEL CENTRE
VEND_3DFD9CB7,GRAM PANCHAYAT NAUKHRDA
VEND_E3A8B432,AXIS TECH
VEND_40EDBFB0,SARPANCH GRAM PANCHAYAT BHILADIYAKHURD
VEND_3F961F66,BASANAGOUDA RUDRAGOUDA MALAGINAHALLI
VEND_CD190CB4,SAIKRUPA CONSTRUCTION
VEND_CC600A45,SAH CONSTRUCTION
VEND_BD854EEB,TRATIYA RAJYA VITTA AYOG GRAM PANCHYAYAT RAMGARI
VEND_0FCAB609,TIRUPATI BALAJI CONSTRUCTION COMPANY
VEND_E6BF3F32,MANIKANDAN
VEND_285A9DE4,MA ENTERPRISES
VEND_AD11E8AB,BHEMA RAM
VEND_2E65038C,ANDI DEVI
VEND_9B33C7C7,MUNGA RAM
VEND_56C2CBE8,JOGA RAM
VEND_5892086F,DARIYA DEVI
VEND_10403FD1,MATHRA DEVI
VEND_05E5A333,NARINGA RAM
VEND_0F01B5D2,SANVALA RAM
VEND_C8122F42,GRAM PANCHAYAT BADEHAR
VEND_64D5100C,ABDUL MAJEED
VEND_50546BF0,HARSH VARDHAN SINGH SISODIA
VEND_C5BE2513,BANSAL BUILDING MATERIALS
VEND_1E73A8A9,SANDEEP KUMAR BKO
VEND_3DF9B5FF,NAGARAJU
VEND_CAF353A0,CHARADVA GRAM PANCHAYAT
VEND_E572CD1E,PRASAD SHANTARAM DARADE
VEND_4BF63CD1,T S ENTERPRISES
VEND_D24A2236,D SAKTHIVEL
VEND_3C5E5203,SURAJKUMAR SARJERAO RASKAR
VEND_9D026833,VENNA KASI REDDY
VEND_5362D86B,JASWINDER SINGH SARPANCH
VEND_DC476B3B,SANKET BHAUSAHEB VYAVAHARE
VEND_F23AF1A5,SHYLAJA K
VEND_46EA145B,DAVINDER SINGH MISTRI
VEND_00569BA8,GANESHPURA GAMBHU GRAM PANCHAYAT
VEND_3620679B,EDD DUMARIYAGANJ
VEND_2F701698,VENKATAREDDY
VEND_A37CEFB7,GRAM PANCHAYAT GADA BABAN SINGH
VEND_D6290AB5,BHUSHAN TRADING CO
VEND_E11FF74F,PARWINDER KAUR SARPANCH
VEND_008F3A87,JINDAL BRICK KILN CO
VEND_E102AE0B,SIMARJEET KAUR
VEND_447A6CC7,BABITA RABHA
VEND_03C74B94,GOBLAJ GRAM PANCHAYAT
VEND_08995C9D,THE KRISHNA CO OP L AND C SOCIETY LTD
VEND_C35FEAE6,GRAM PANCHAYAT MAINPUR KHURD
VEND_6ED6BC68,AVTAR SINGH GURDIP SINGH
VEND_A1613DEC,AGGARWAL IRON STORE
VEND_1BFDE71E,CHOUDHARY SUPPLIERS
VEND_0E32612D,MOHAN BALAI
VEND_20304338,KALU BALAI
VEND_7B520E77,KALU GURJAR
VEND_54A99BE4,MS GURU NANAK TILES
VEND_8A30C71C,SAMPAT SALVI
VEND_AF503F34,HEERA KHAROL
VEND_59EF989E,RN BRICKS GRAM UDYOG SAMITI
VEND_DBAC3BCB,KAMALA KHAROL
VEND_358D24D9,REKHA KHAROL
VEND_19C22BE1,PRAKASH KHAROL
VEND_48259C8F,PUSPA
VEND_9DE082EA,DEVRAI
VEND_B043AA7C,SS TOHI STEEL FURNITURE HOUSE
VEND_7511AE3B,BADRI GURJAR
VEND_03AAF54D,P SARAVANAN
VEND_4B4079FA,ARBINGSTONE SHYLLA
VEND_67B63956,BABU K
VEND_F2DAD7D7,BILIANCY MANGU
VEND_EFE65A4F,SARPANCH GRAM PANCHAYAT UMARIYA
VEND_EF50D924,SARPANCH GRAM PANCHAYAT BHEROPUR
VEND_39E0E2AD,SARPANCH GRAM PANCHAYAT TILAI
VEND_E9E80BA0,GP BAG PASHOG
VEND_EED41154,SURESH KUMAR YADAV
VEND_5F5766E9,MANAGING COMMITTEE MARKASA SECONDARY SCHOOL
VEND_894E937E,SAGI CONSTRUCTIONS
VEND_890E81A7,CON COMMUNITY HALL NR BLP HAJJ BHAWAN
VEND_4CD91E28,RAJPURA GRAM PANCHAYAT
VEND_7DE084DB,SARPANCH SACHIV GRAM PANCHAYAT DONAGARIYA
VEND_ACAC5955,SARPANCH SACHIV GRAM PANCHAYAT MAJHGAWA
VEND_EC096A60,THE JAI SHREE BALAJI COOP L AND C
VEND_CBDA661A,SUDHAKAR S
VEND_57743389,SARPANCH SACHIV GRAM PANCHAYAT MASURIKHAR
VEND_F36C1563,JIVRAJ
VEND_5D9D254B,SAPAVAT PARSHYA
VEND_46713861,NAGNECHIYA CONSTRUCTION COMPANY
VEND_DBCEB1ED,TIJA
VEND_29073667,SONU DEVI
VEND_5B4F01CE,GRAM PANCHAYAT BANOTI
VEND_86C84744,SRI SIVARAMA CONSTRUCTIONS
VEND_25C5B70A,KUNDANRAM
VEND_80798B6D,DEEPIK
VEND_70822322,HARIOM CONSTRUCTION
VEND_F2C8697B,JPM ENTERPRISES
VEND_3DDA5569,SAROJ BARIK
VEND_C94FF659,BARU KHAN BORING COMPANY
VEND_318985BA,GRAM PANCHAYAT SAKARIYA
VEND_9F02E5F7,GARM PANCHAYAT KHANDHAURA
VEND_9A699811,GRAM PANCHAYAT TEDAMA
VEND_0E292B39,MP SPORTS AND STATIONARS
VEND_7E563A5F,MR MANAS BHANJAN JENA
VEND_3009808F,DIVYA ENTERPRISES
VEND_A22D08A3,TTP ENTERPRISE
VEND_94B3CD9E,TMB ENTERPRISE
VEND_6049427A,MAHALAKSHMI ENTERPRISE
VEND_8549FEFF,NAGPAL AGRO INDUSTRIES
VEND_2460E6F5,RAMSNAIHI CONSTRUCTION AND SUPPLIERS
VEND_4BA3335B,MAA LAKSHMI TRADING COMPANY
VEND_1EEC1365,KARAMJEET SINGH
VEND_2E2E9179,PANKAJ YADAV
VEND_189F7837,MAHALLAXMI TRADERS
VEND_19B27D71,GOVT ELEMENTRY SCHOOL KISHANPURA
VEND_9DB07719,BRIJESH
VEND_2235D52D,MUNDAN BROTHERS
VEND_01BD94B0,SACHIV GRAM PANCHAYAT BAMHANGAONKALA
VEND_266A9E02,BUDHLAKOTI ENGINEERING ENTERPRISES
VEND_4A9C4A8C,BHARAT HARDWARE
VEND_377BDACE,KOTHAPALLI KESAVULUREDDY
VEND_369B40B5,GRAM PANCJAYAT LAMBORA
VEND_C86ABA6D,GRAM PANCHAYAT CHOTILI VIDI
VEND_C6D1BB04,KALKA CONSTRUCTION
VEND_236A4815,LILESWAR MAJHI
VEND_EF58B35B,V K DRAVID PRASAD
VEND_63AB588C,NEMILI RAJENDRAN
VEND_47D67690,ANTONY SELVAN M
VEND_6407E576,KODAGU NIRMITHI KENDRA
VEND_C55C9AA0,KASAMPUR GRAM PANCAHAYT
VEND_93A7CC26,ISHA ENTERPRISES PRO POOJA KUMARI
VEND_3B0BD023,NAVODAYA CONTRACTORS
VEND_54D44E98,HARKARAN BAIRWA
VEND_6A4074C3,SHANKAR LAL BAIRWA
VEND_13DE76B5,SARDA BAIRWA
VEND_BD307853,BODAKUNTA SHANTHOSH
VEND_D84D329A,SANVI CONSTRUCTION
VEND_23F59DBF,HARSHADBHAI JAMUBHAI PATEL
VEND_9B7F15FE,MUTTANNA
VEND_126B12B4,SADHLI GRAM PANCHAYT
VEND_354F4025,CONSTRUCTION OF ROAD FROM SOKAKATA TO MOISHKHULI KHAMAR ROAD GOALPARA
VEND_8F00764C,THE JAINISH COOPERATIVE LABOUR AND CONSTRUCTION SOCIETY LIMITED
VEND_BEEEF62D,V K PALANISAMY
VEND_966F7177,VAISHNAVI ENTERPRISES
VEND_A79A635D,MS VIDYAWATI ENTERPRISES
VEND_309CEC2F,EMPYREAL ENGINEERING AND CONSTRUCTION PVT LTD
VEND_23C0F9A9,HARKESH ELECTRONICS AND SANITORY STORE
VEND_735A6E32,BASUDEB ENTERPRISE
VEND_FEA76564,SHREE VINAYAK ENTERPRISES
VEND_5D822A95,KIRAN BORUAH
VEND_CE0DBD65,SANJU RAM
VEND_2307C762,YOGESH KUMAR MANGLA
VEND_A40D9FA0,SHREE SHYAM INTERLOCK TILE
VEND_04D52982,PMS CONSTRUCTION
VEND_3750FD80,PUNJAB IRON CEMENT STORE
VEND_FF57C5A6,PALWINDER SINGH SAHOLI
VEND_DC7A26C7,ASHLEY CH MOMIN
VEND_F75A1169,ANDRESH CH MARAK
VEND_95281EA8,GRAM PANCHAYAT JHALA
VEND_C218E29C,MS BHOLE BROTHERS
VEND_E1A7F2F8,GRAM PANCHAYAT GHUGHUTA
VEND_80E2AA8E,MOVATPURA GRAM PANCHAYAT
VEND_E702C3D5,VINAYAGA ELECTRICALS
VEND_BD1AC9E0,BAIDYA NATH GHOSH
VEND_DB792246,RAMA KANT
VEND_E9D94565,LALI DEVI JAIN
VEND_A7AE09AD,BHAIRU LAL BAIRWA
VEND_532F1C03,SKT CONSTRUCTIONS
VEND_69C8D544,GRAM PANCHAYAT SAJORA
VEND_270110D9,CHOUDHARY ASSOCIATES
VEND_7E287A1A,CREATIVE PROJECTS
VEND_7DD450C1,GRAM PANCHAYAT GALIYAVADA
VEND_0C816972,SK ASRAFUL AHMED
VEND_42FFC7DA,SIDANA TRADERS
VEND_7504DEEE,RENGAMMAL
VEND_79677D6B,CHRISTO CONSTRUCTION
VEND_E9A794B8,RATANARAM
VEND_11C75C66,PARMAR TILES
VEND_322DA14E,DURGSINGH
VEND_41FE1170,IQWAL MASSEAN
VEND_0C7A23FB,JAGU DEVI
VEND_24930757,NEERAJ KUMAR MASSEAN
VEND_6C252C22,PUSBA
VEND_AAED0907,MANGA SINGH
VEND_FA947804,SHRI GANGE TRADERS
VEND_C7689340,SP ENTERPRISES
VEND_6603CEAB,BHEBHA GRAM PANCHAYAT
VEND_052E27CE,PERIYADURAI
VEND_4970BA70,PRAFUL ENTERPRISES
VEND_630766F3,HARDEEEP SINGH
VEND_E643D31C,NAVA DEVALIYA GRAM PANCHAYAT
VEND_F3637270,RAJPOOT AUTO AGENCY SIDHI
VEND_2F1D4968,JAGJIT SINGH SO NACHHATAR SINGH
VEND_AA8F7127,ELLAPPAN
VEND_4819756D,GRAM PANCHAYAT ANTROLI
VEND_7A2FB880,THE RAHAN COOPERATIVE LABOUR AND CONSTRUCTION SOCIETY LIMITED
VEND_D27A96E0,SAKHVANIYA GROUP PANCHAYAT
VEND_D3541C4B,SHREE HANUMAN BRICKS
VEND_CF46B7E5,PREET AND COMPANY
VEND_A2EE210C,GANESH IRON STORE
VEND_D52B4EEF,SHREYAS M D
VEND_820D9A7C,PRADIP BORAH
VEND_7A0EF742,BABLU TRADERS
VEND_F434AE76,S N BRICK FIELD
VEND_6CD2915D,THE BHAGAT SINGH CO OP L AND C SOCIETY LTD
VEND_F1D7373D,KUSHINAGAR CONSTRUCTION COMPANY
VEND_D3FD78AB,KUMARESH GHOSH
VEND_D329B020,M S BONIA HARDWARE STORE
VEND_C8F29606,DHANDA BHATTA CO
VEND_7FE518C5,MS SHRI BALA JI TRADERS
VEND_D2ED301C,MS DURGA TRADING COMPANY
VEND_2D12034D,VAMALI GRAM PANCHAYAT
VEND_80459427,RAKESH CHAND
VEND_60F13CBD,KALAYAN SINGH
VEND_C38FA5F6,GP RAFEEQUEGANJ S
VEND_2CBA7A61,KUSHAL KONCH
VEND_7963EAD7,SOMA ENTERPRISE
VEND_7D8EA9E6,DEV CHAND
VEND_A02ECF9D,ALLAVULA RAJU
VEND_574C5EDE,A AND A BUILDERS AND PROMOTERS
VEND_85A68B46,MOHIR UDDIN
VEND_4E13C684,AMOL MARUTI PATIL ADAMAPUR TAL BHUDARGAD
VEND_EE2BE4B2,KEERTHI S J
VEND_5A8A45ED,DHONI MAHADEVAKUMARSOWRI
VEND_9B255572,MS SHAKTI CONCRETE PRECASTING WORKS
VEND_09AAA5DA,BHIMAPPA ARAKERI
VEND_C213B204,SAI CONSTRUCTION
VEND_0532C9C9,THE JIVAN JYOT MAJUR KAMDAR SAHAKARI MANDALI LIMITED
VEND_FD39DE56,GOALPARA SCIENCE LAB PHASE 2
VEND_DAB4B81F,MARAVI TRADERS
VEND_B1A52735,NLECTRA
VEND_8EFF2091,KISAN ELECTRIC
VEND_20EE25EB,JEBADHAS V
VEND_DA70AB52,FEBRICON INDUSTRIES
VEND_E3502507,TAKDE RAMESH
VEND_87A90B1C,LAKSHMI B
VEND_2B0DDC5D,O P GRAM UDYOG BKO
VEND_74A16E4C,KHATRRA SANITARY AND TILE MART
VEND_51C8A894,SHARMA ELECTRICAL STORE
VEND_C4CB1BA3,NAWAB WELDING WOKS
VEND_A55F8046,DUGGAPPA E
VEND_D30ADAA8,BHAGAWANTH SINGE
VEND_5A5037E4,ADHIKARY ENGINEERING WORKS AND CIVIL BUILDING CONTRACTOR
VEND_E5198DC0,MAA DURGA SALES CORPORATION
VEND_E0528A93,KUMAR TRADERS
VEND_78CD103A,TATLA DEPARTMENTAL STORE
VEND_BD7BC3E3,GURPREET KAUR
VEND_D8E2B568,JEEWAN MOTORS PVT LTD
VEND_FBA12079,NATVARGADH GRAM PANCHAYAT SVABHANDOL
VEND_931C9D80,DEV KRIPA TRADERS
VEND_63E901E1,BASSON CEMENT AND HARDWARE STORE
VEND_7032A4C2,ROOPWATI
VEND_4EE36381,AJAYRANI
VEND_FF33418C,ALPHA SPORTS CENTRE
VEND_CB66B2D2,MS AIZA ENTERPRISES
VEND_30E0C2FC,GRAM PANCHAYAT ROPRI
VEND_9D20885B,DEVENDRA SINGH
VEND_5961CBCF,HARVEER
VEND_479A190F,BHOORA
VEND_276A2E3B,BHOORI DEVI
VEND_25358477,MEENA KUMARI
VEND_5A561A2C,HARI RAM SINGH
VEND_62CC9BCD,G H TRANSMISSION
VEND_CC9B74D1,ALAL UDDIN
VEND_87D90A98,ABHISHEK KALE
VEND_5A504F28,EXECUTIVE ENGINEER OPERATION APEPDCL KAKINADA
VEND_F0885948,RASIK INDUSTRIES
VEND_885285E7,DARWARI TRADERS
VEND_48BEFA12,WAHEGURU STEEL SHUTTERING STORE
VEND_924E3513,EXECUTIVE ENGINEER OP DIVISION NO 1 DHBVN
VEND_035255B4,MS TANUJA CONSTRUCTION
VEND_B19A37E0,HARVINDER SINGH BRAR
VEND_B1B8CBF3,KOTHANYACONSTRUCTION
VEND_3E777B2B,BASAVARAJ M ILAGER
VEND_65CE3BF5,KRISHNA ENTERPRISES
VEND_C3F2D873,C SATHYA NARAYANA
VEND_A638AFC3,MS DHANVIKA CONSTRUCTIONS
VEND_8271E674,THIYAGARAJAN S
VEND_5EE4E4BB,NIKHIL SAHARAN
VEND_5080C089,NITISH KUMAR SAHARAN
VEND_AA9ADC5F,SAMPAT KUMAR
VEND_C9F31C6D,KASHMIR SINGH
VEND_99D42E48,ANISH KUMAR
VEND_F36D0BF8,ADITYA SAHARAN
VEND_0886750B,RAHUL SAHARAN
VEND_015FF37B,MUALKAWI VC
VEND_CE8ADFC8,GRAM PANCHAYAT RAMBOD
VEND_E7FFDC24,RC CONSTRUCTION
VEND_F49B99BE,M 4 ENTERPRISES
VEND_09B8AF6B,MS SHIV SHAKTI BKO
VEND_EA59CD6C,AKULA SRINIVAS
VEND_F8350E7D,PRATAP KUMAR BEHARI
VEND_6AFED193,RETGARH TRADERS
VEND_28CDA2F1,LOCAL COMMITTEE NONGSNING VILLAGE
VEND_CFEE57F4,MOHANAKUMARA D G
VEND_C195FF2A,GOPI CONTRACTOR
VEND_E6C6DC7F,AYAN MAHAVEER GOWADIYA
VEND_63EB1591,AMALIRANI SEBASDIYAN
VEND_14884D21,SALIM CONSTRUCTIONS
VEND_CB1D44AD,DILESH ASHOK WASKAR
VEND_56DB6CF3,A LAVANYA
VEND_6F1D7CF1,SHRI BABA RAMAPEER CONSTRUCTION AND SUPPLIER
VEND_F7D93C50,CHAWLA ENTERPRISES
VEND_852DC55F,GRAM PANCHAYAT BANSULA
VEND_C491B123,SAMPATI BAIRWA
VEND_6F42FAED,MOHAN MINA
VEND_D7E004E6,LAKSHMAN BAIRWA
VEND_F33F2E5C,SANJAY YOGI
VEND_AA0C7F7C,MAMTA BAIRWA
VEND_C96677B3,SANJU BAISHNAV
VEND_295B2658,BHANWAR LAL SEN
VEND_DE3F6733,SHANTA DEVI
VEND_2D370D5A,PANKAJ SUWALKA
VEND_B86160D2,RAMESHAWAR JAT
VEND_ADC37960,UKAR NATH
VEND_4AF8435A,GUGNANI MOTORS
VEND_C893E2FE,WELLAYDAY SANGMA
VEND_FFF28481,SENGMITHA M SANGMA
VEND_99CC51D0,WILLING D SHIRA
VEND_5FEB04FB,CHHODVANI JUTH GRAM PANCHYAT
VEND_6A13FF65,J P CONSTRUCTION COMPANY
VEND_6287B9C4,PRAVINBHAI MAKVANA
VEND_01D511C4,THAMMI VENKATA RAMANAIAH
VEND_281C31C7,RAM KALAN LOHA BHANDAR
VEND_2F806B50,AHMEDABAD MUNICIPAL CORPORATION
VEND_4C88A397,NIBEDITA PRADHAN
VEND_F8116686,HARPREET KAUR
VEND_355EF69C,STELLAR INFRA
VEND_09954B56,H RAMANJANAPPA
VEND_5D6D4341,MS KA KUR LE KYLLUNG JOWAI
VEND_3331A5CF,CHOSTER THANGKHIEW
VEND_77E46870,GP KHEDHACHITAWLIYA
VEND_1FFFE8C1,DONBOK SYNGKLI
VEND_5454E408,THIRTYDAY SANKLI
VEND_0874C73A,FRANCIS LAPANG
VEND_DB9030DA,GP WANOLI I
VEND_1FC3374D,AKRASU REAL
VEND_0B703D6F,PARGAT SINGH
VEND_13A34A80,DESRAJ
VEND_F2FC34AA,HIGH RISE ENGINEERS PRIVATE LIMITED
VEND_0A566C80,MS M S I ENTERPRISE
VEND_9B6E138A,DM CONSTRUCTION
VEND_6FF65FD1,MALLIK CONSTRUCTION
VEND_69E0C20A,MS ASIATIC BRICK COMPANY
VEND_8EE9FE7E,N N ROAD CONSTRUCTION
VEND_520A8B2A,SUTHAR CONSTRUCTION COMPANY DHANDHELA
VEND_8CFD0B9B,AKSHAYA KUMAR SAHOO JUNIOR ENGINEER LAMTAPUT BLOCK
VEND_4CD157BA,AMARABATI MAJHI JUNIOR ENGINEER LAMTAPUT BLOCK
VEND_7387C354,ZENIX COMPUTER
VEND_F145F66A,LABARD INSTRUCHEM PVT LTD
VEND_0695119F,PATHPI REDDY RAMCHANDRA REDDY
VEND_5077CD51,NIMMA POTHANNA
VEND_7F57C865,RATOHRE CONSTRUCTION
VEND_F6DD3999,MANOHAR LAL
VEND_782C1F50,MANCHHA RAM
VEND_7C306443,CHANDRABHAN
VEND_BDBD2C9B,GANESHA RAM
VEND_C91B9060,GURU NANAK AGRI HARDWARE AND SANITARY STORE
VEND_3E56B06A,HARRAI BELDING WORKS
VEND_7CC8ACE8,GELU DEVI
VEND_639F4DDB,SOAMI INTERLOCK TILE FACTORY
VEND_178E3162,GP HANOH
VEND_B2848E11,CHELLADURAI
VEND_42037E49,NARPAT KUMAR
VEND_EE92CDE8,KHIMA DAS
VEND_58D6D305,DHEPIDEVI
VEND_0F160F42,RAVANA GRAMPANCHAYAT
VEND_B3544CCC,NEW ZIMIDARA CEMENT STORE
VEND_91275D28,NAHAR SINGH AND CO
VEND_8BC8484A,SAHI TRADING CO
VEND_F88FAA8F,PUSHPANJALI TRADING CO
VEND_34574805,SARPANCH BUILDING MATIRAL STORE
VEND_B7AA0E08,SIDDHI VINAYAK BKO
VEND_AF1DC71A,RACHARLA RAMULU
VEND_629E360D,KSP BUILDER
VEND_DEDD2FA6,SRINIVASA CONSTRUCTION
VEND_C5990A20,SANJANA
VEND_3357F6C1,GP ANU
VEND_C45E5AA5,GP MAJHOG SULTANI
VEND_3CAB6B18,SPD BUILDERS
VEND_15CE4143,GOPAL CHAND SHARMA
VEND_088DAF81,ESLAVATH SUNDER
VEND_4CDC7BE3,BHUKYA NARESH
VEND_565C5A51,CLASSIC TILES
VEND_37C235EC,SAINI TRADING COMPANY
VEND_00B7E372,NANKANA IRON STORE
VEND_8A8CCE8D,KALGIDHAR TRADERS
VEND_699062C1,CHENDURLITES
VEND_62496012,PRATHAPA RAJENDRA PRASAD
VEND_39C95B9C,JAGDAMBA ENTERPRISES
VEND_DA2B6EFF,S D ENTERPRISE
VEND_64623C7A,SHYAM SOLAR TRADING
VEND_6F266B19,HARSHIT JEENA
VEND_2213D9DA,PAN SINGH JEENA
VEND_999CF1A8,KAMLESH JEENA
VEND_B732DB70,SIDHDHASAR GRAMPANCHAYAT
VEND_92F78459,TEKLO BORO BASUMATARY
VEND_7174F266,THE FITNESS STORE
VEND_03D8D05C,MATESHWARI CONSTRUCTION
VEND_68DF50EF,GOYAL CEMENT STORE
VEND_AFA6B21E,MALWA CEMENT STORE
VEND_F2CFEA67,GRAM PANCHAYAT BHANDARPUR
VEND_FFDB43D1,HARJEET SINGH
VEND_DE745D41,HARBANS SINGH
VEND_B62D9957,LOVEPREET SINGH
VEND_4D659BEB,ASPAN CEMENT PRODUCTS
VEND_27ACC8FA,KULDEEP SINGH SO KEWAL SINGH
VEND_A00B9AB4,RAJINDER SINGH SARPANCH TALWANDI KHOTE
VEND_35E3C5BC,SUNIL KUMAR BKO
VEND_F065149A,KUNDAN STEELS
VEND_FD8E8948,MANOJ B R
VEND_BBA43F37,JAGDEEP BUILDING MATERIAL
VEND_4DFCAB13,NILESH KISAN AVHAD
VEND_3B854B7C,NARULA AND SONS
VEND_87146E8D,GRAM PANCHAYAT LUHNA
VEND_240ABBF4,PALANIAPPAN
VEND_9DC38666,GOPAL CHANDRA CHOWDHURY
VEND_6705066D,BOLLI SRIHARI
VEND_ED7E5A6C,HARWINDER KUMAR
VEND_83FDEB3E,GP SUCHAI
VEND_3890B6E0,ANIL KUMAR CONTRACTOR
VEND_E69ABBC7,JAGANNATHA SWAIN
VEND_BB324660,VADGAMADA GRAM PANCHAYAT
VEND_CC11F358,GRAM PANCHAYAT MADAI
VEND_A7696908,VIMALRAJ
VEND_353481DC,GP KAKAR MPLADS
VEND_DB3FFE96,ROY HARDWARE
VEND_15048881,GRAM PANCHAYAT BIRKOL
VEND_2090B4FE,NEELAM ENTERPRISES
VEND_2176EE1C,JANKIT INDUSTRIES
VEND_758ED186,PRANJIT GOHAIN
VEND_E1A3271B,ONUBALLA S MARAK
VEND_0B67F350,MAJIBUR RAHAMAN
VEND_992E8EDE,MS NOOR CEMENT WORKS
VEND_05759E84,SHRI BALAJI MAJUR VA BANDHKAM SAHAKARI SANSTHA
VEND_671CE30D,GREEN TARA CONSTRUCTION
VEND_EFD29CED,GRAM PANCHAYAT BORIGAON
VEND_525FE84C,GRAM PANCHAYAT BHAISAKHURI
VEND_9BC01673,CONST OF COMMUNITY HALL AT MULAGAON SHIV MANDIR
VEND_CF94FAC4,PATIDAR TRADERS
VEND_38F49470,ARJUN BARNASIYA
VEND_B0E4C832,LAKHI SINGH
VEND_4A74224F,GURMUKH SINGH
VEND_0B47BD76,BHARAT SANITARY HOUSE
VEND_57C27267,MOHAN LAL GURNAM SINGH BKO
VEND_E5792BF0,VIKAS ENTERPRISES
VEND_D4E7DFC7,THE BHANRA GRAM UDYOG SAMITI
VEND_55C51678,MUNISH TRADING CO
VEND_9ACD8511,BATHOI IRON STORE
VEND_85BBDBDB,HARJINDER SINGH
VEND_B2E07A43,GURINDER SINGH
VEND_D191ACB7,KESHAR SINGH
VEND_2B4067BD,CHETAN SINGH
VEND_C9550E2A,ANTRI DEVI
VEND_08D37869,GRAM PANCHAYAT DHAR
VEND_4DDFD9D2,AJAYKUMAR K
VEND_AAEAA89F,GREEN CONSTRUCTION
VEND_CE43321E,KISSAN ELECTRICALS
VEND_F3176134,CHHINGA VENG LOCAL COUNCIL
VEND_206547C8,LALTHANGMAWIA
VEND_0EC5070D,CONST OF COMMUNITY HALL NEAR KATHALGURI RAS FIELD
VEND_CCF9850C,GP TEMBHI
VEND_EE7C2339,LALTHLAMUANA CARE OF RAMHLUN SPORTS COMPLEX LOCAL COUNCIL
VEND_F76F3038,MALLICK CONSTRUCTION
VEND_07B71681,SARIKA
VEND_552755AA,VARUN ENTERPRISES
VEND_4DD1D029,HEMANTH KUMAR
VEND_AD6274ED,GP DHAKHRA JP TEONTHER
VEND_2598A095,DAMBHE CONSTRUCTION COMPANY AT POST DHOPTWADI PATODA DIST BEED
VEND_CB5E1216,SOOD INTERLOCK TILES
VEND_BB79D37C,SARPANCH AND SACHIV KHORSI GRAM PANCHAYAT
VEND_BEC5DBDA,SAIF ALI F HAMDULE
VEND_2D124B37,SARPANCH GRAM PANCHAYAT DODKAWAHI
VEND_5E5AFEF0,GP GAWALI
VEND_BFA05D4F,GRAM PANCHAYAT GOTHRA BHUKRAN
VEND_BC50D127,DINKAR SOPAN JAGTAP
VEND_61988486,PABITRA DAS
VEND_21236A3D,E SATYANARAYANA
VEND_75A8390D,U N RAMACHANDRAN
VEND_5E0E055E,SPORTS SYNDICATE
VEND_41970836,SUKHWINDER KAUR
VEND_859254BD,SAVITA ENTERPRISES
VEND_8816B25D,PUNGALE KAILAS DATTATRAY
VEND_062154BC,MS JK WULLAR TRADERS
VEND_6C2282E8,MSMODAMAMBA CONSTRUCTIONS
VEND_F7823A0B,MUKHTIAR SINGH AND BROS
VEND_3B9CF607,GURPREET TRADING CO
VEND_74125B34,BHIYA RAM
VEND_54F6E080,SHARAN RAM
VEND_BF332811,KULDEEP KUMAR LUHAR
VEND_819E538F,DHEERAJ LUHAR
VEND_B9875B47,SANT BRICKS INDUSTRIES
VEND_2D102CF9,KASHMIR TRADING CO
VEND_934B5615,DHIR BUILDING MATERIAL STORE
VEND_03620036,MAHALAXMI TRADING COMPANY
VEND_350EAF1D,MALLURI SREELAKSHMI
VEND_89F4657F,KUCHADI GRAM PANCHYAT
VEND_AF8BDB01,JK CONSTRUCTION
VEND_71F60C97,THE MAHARISHI MARKENDESHWAR C O L C LTD
VEND_7165E593,T A S C GROUP CO OP L AND C SOCIETY TOBA
VEND_D8B07A34,BIJNESH
VEND_AAD27916,SOHAIL KHAN ENTERPRISE
VEND_C31CF485,SARVABHWMAN P P
VEND_6DF91773,ROYAL INFRA POWAR CORPORATION
VEND_B643451D,HARMEET SINGH
VEND_27810495,NAGAR PALIKA ALMORA
VEND_10E32146,SYED SUHEL GUTTI
VEND_1ED715EA,S K CHATTERJEE ELECTRICALS PVT LTD
VEND_641444F3,HARUN AL RASHID
VEND_13CF4C7E,DHANTI HARDWARE
VEND_39D296EE,NAGINA CEMENT STORE
VEND_8A9A0A29,EDD SALON
VEND_466BB2B0,ANAND PRAVIN WARUDKAR
VEND_BB61AF22,CHANDRASHEKAR N S
VEND_E48BB4A8,RAGHURAM HUME PIPES PVT LTD
VEND_01BB0865,THOMAS JOHN
VEND_A3C7B910,GRAM PANCHAYAT KATIRA
VEND_91E0D633,RPN CONSTRUCTIONS
VEND_340FB867,KINJARAPU RAMESHBABU
VEND_B682559E,ANBALAGAN D
VEND_FDC344F3,YOGA CONSTRUCTION
VEND_1D461298,BALAJI CEMENT STORE
VEND_052E48DA,SHIV SHAKTI BKO
VEND_A7FCA7B1,KARNAIL SINGH
VEND_BE69338C,N G ELECTRIC AND PIPE LINE
VEND_DAD20144,SP CONSTRUCTION CO
VEND_1430C81C,HEMALKUMAR NAVINBHAI LAD
VEND_C6DE40A5,MANJULA DASH
VEND_BEBC0D1D,GAMBHIR SINGH RANA
VEND_A7601EF9,GURUVUTHAI R
VEND_8CBD89AE,HARMAN TRADERS
VEND_6E0B5BC8,SURJIT ENTERPRISES
VEND_E7E40D4B,MAHAVIR MARBLES
VEND_0DD37FCA,SHIV STEEL CORPORATION
VEND_677760E5,SEKHON ENTERPRISES
VEND_5BF63E39,AGARDEEP SINGH GURMEET SINGH
VEND_35CC61A8,GAGGA RAM BANARSI DAS
VEND_715D0397,AMANDEEP SINGH JOGINDER SINGH
VEND_26AECFD9,RAMA TRADERS
VEND_FAFD36D1,JAGU AND COMPANY
VEND_4F1DF330,KARUNAKARA REDDY GUJJALA
VEND_7853E4C7,KHALSA TRADING CO
VEND_594E8019,NILAVA GHOSHAL
VEND_7F8EDFD2,M S GORAYA BRICK KILN CO
VEND_B6A43CD1,KARKOLIYA GRAM PANCHAYAT
VEND_3B5B1F9A,R K CEMENT STORE
VEND_CECA43F3,ARVINDRAJ CONTRACTORS
VEND_B0F81B6C,VIJAY LAXMI RIGS
VEND_777A0F33,SUNIL MASIH
VEND_11B68FCB,KANG BROTHERS
VEND_1D45DB92,BANDI SIVARAM REDDY
VEND_76025E0E,INDRANATH DAS
VEND_78926EFB,BHAIRAV CONSTRUCTION AND MATERIAL SUPPLIER
VEND_5CF020D3,SANJAY PARIHAR
VEND_59DBA29F,JVVNL ITAWA
VEND_F94068EA,GRAM PANCHAYAT BHURSIPAKARI
VEND_D47FC249,GRAM PANCHAYAT MUDGHUSARI
VEND_D0AB8299,JUNIOR ENGINEER 2 DERABISH BLOCK
VEND_2A29B6B9,GRAM PANCHAYAT BANTIPATHRA
VEND_CD985620,GRAM PANCHAYAT BANDHA
VEND_85161999,BHARAT SOLAR AND MECHANICAL WORKS
VEND_CDF66B85,JANUGAMA RAMESH
VEND_112AFF78,AP CO OP L C SOCIETY LTD BIGHAR
VEND_3DA80B94,KERALA ARTISANS DEVELOPMENT CORPORATION LTD
VEND_C9F40294,UDIT ENTERPRISES
VEND_EFADB842,VIJAYA GANAPATHI AUTOMOTIVES
VEND_29E0130B,SIYOT GRAM PANCHAYAT
VEND_9ECBD6D0,CHHASARA JUTH GRAM PANCHAYAT
VEND_8F082CE5,MM CENTRAL AVADAMY NEBUA
VEND_E77ECFF2,SHRI DUMRA GRAM PANCHAYAT
VEND_E56D8F59,GP RAST
VEND_F57A5D67,TAPAS KUMAR JENA
VEND_AE066A88,JULAKANTI SAIDI REDDY
VEND_65996F30,SATYNARAYAN
VEND_81483899,ASHOK KUMAWAT
VEND_9EB6E063,HI TECH ELECTRICALS
VEND_530B374B,DUNDRA KUMARA SWAMY
VEND_71EC0368,BABU BRIJ BIHARI SINGHMAHAVIDYALAY
VEND_3889A9AE,ABHISHEK RATHOD
VEND_21A46106,GURBINDER SINGH
VEND_FE446AA0,LUCKY CEMENT STORE AND BUILDINGH MATERIAL
VEND_30983897,NEW DHIMAN AGRA WORKS
VEND_C05BBC4A,GARDHARI LAL
VEND_EFBA612F,GP BINGA
VEND_FF0DFE84,DEEPU SINGH
VEND_80F2BBC4,S CHETHAN
VEND_78DCA0EB,PASUPULETI DAMODARA
VEND_83AFBDB4,SATHIYANATHAN
VEND_70BD7DAA,HARDEEP WELDING WORKS
VEND_CC6C160F,KIDI GROUP GRAM PANCHAYAT
VEND_A0258D84,MITTAK CONCRETE INDUSTRY
VEND_F0832A27,SAI ENTERPRISE
VEND_8B37624E,BIKRAM SINGH JCB SERVICE
VEND_E8E010E9,JAMIDAR NARZARY
VEND_1FFDBBCD,GP KHARWAR
VEND_7679A7ED,GROUP GRAM PANCHAYAT MOKAL
VEND_5389F5C2,AGGARWAL TRADING COMAPNY
VEND_B78D8F18,GILL TRANSPORT CO AND BUILDING M
VEND_F0D67506,MESERS DEEPURAJ BILDING MATERIAL AND FURNITURE
VEND_3403BA28,SHRI BHANWAR SAI CONSTRUCTION COMPANY
VEND_834A7D70,GRAM PANCHAYAT AIRAN MIRJAPUR
VEND_41837DFF,MOUTTOURAMAN G
VEND_DE738251,TARASAVA JUTH GRAM PANCHAYAT
VEND_F9467EFB,HYDRANGEA ENTERPRISES
VEND_88914136,JAGADEESWARA REDDY DEKIREDDY
VEND_4C4DEC7F,KUTHURU SHEKAR
VEND_FAD66208,RAVIDAS
VEND_5420AA30,GRAM PANCHAYAT DIUR
VEND_4AF6B4F6,LOYOLA SCHOOL
VEND_7E2ECA69,EHRAR KHA
VEND_96C5F8D7,MR ALBERT R SANGMA
VEND_A85C0968,TIWARI ELECTRICALS
VEND_392FE38C,KUSANTINI PING JE
VEND_C1A53608,SRS CO
VEND_610F425C,G K RAMESH CONTRACT WORKS
VEND_FEF2101D,NARBIR CHHETRI
VEND_796E80AE,B LAKSHIDEVI
VEND_07BC797D,MSBORING WORKS
VEND_8E5FB009,MAA ASHAPURA KIRANA AND MATERIAL SUPPLIERS
VEND_7AEC35A0,JIYANSH ENTERPRISES
VEND_B51743BF,GUNASEKARAN N
VEND_FA002BDF,GP KOTI BOUNCH
VEND_ED83951C,AMBETHA GROUP GRAM PANCHAYAT
VEND_CE5A7927,MUP AINAWN VENG
VEND_9CCC5DE3,SWASTIK IDUSTRIES
VEND_CAE43CBD,PANJA ENTERPRISE
VEND_7A6BD8A7,UMA CONSTRUCTIONS
VEND_1DE33928,P S RAJENDRAN PUDUVETTAGUDI
VEND_ACA967CE,MS TRADERS
VEND_922100D2,SUDIP BALA
VEND_43213AF8,OORKAVALA CHAKRAVARTHY
VEND_6283DA84,DURAMA MOTOR SPORTS AND ADVENTURES
VEND_3AA89178,CHANCHAL KR ROY
VEND_BDACEBDC,CONSTRUCTION OF ROAD FROM KAKORPARA GHORAPOTA MAA KALI MANDIR TO RESIDENCE OF DAROGA RABHA AT CHO
VEND_228ECC68,RAJGOPAL MARANDI
VEND_0E859218,CONSTRUCTION OF ROAD FROM THABALPARA GAON PATH MADHAV RABHA HOUSE TO AJIT RABHA HOUSE AT LELA GAON
VEND_AAD2D7C9,MS AGGARWAL AND CO
VEND_FEFB9938,CONST OF BOUNDARY WALL WITH IRON GATE NEAR KISMATPUR RAJHUWA JANAZA MATH
VEND_B332505B,CONSTRUCTION OF SCIENCE LABORATORY BUILDING AT GOALPARA COLLEGE
VEND_C0FCCBF7,OM ENTERPRISES
VEND_3F11E583,ASHIKA DISTRIBUTORS
VEND_78C23D84,VISWAS CARE
VEND_0CED2696,KRISHNA BRICKS
VEND_63BCA428,GP TOBRIKHEDA
VEND_8F1FBE3C,GP MUNDLI
VEND_10535884,KETHI KRISHNA REDDY
VEND_99149AC4,CH DNYANESHWAR MAJOOR SAHAKARI SOC LDT
VEND_87E4A120,RANI MOTORS
VEND_BBA83D39,EE PWD BLY
VEND_CDF7D080,CHINAMAYA KUMAR MOHARANA
VEND_A73569C4,TRIGARTA SAHU
VEND_6DD0C7CC,SWAGATIKA CHHUALSINGH
VEND_FE595EBC,ROYAL BRICKS AND CONSTRUCTION
VEND_ADBBA9E7,JULHAS ALOM SIKDER
VEND_F34DB350,YASH CONSTRUCTION
VEND_3BF03E04,GOGDIA JUTH GRAM PANCHAYAT
VEND_830DACD8,BHANWAR SINGH RAJPUROHIT
VEND_50DA7CF2,T ENTERPRISE
VEND_558C5F07,A R ENTERPRISE
VEND_C46BDB08,KIRMANI BUILDERS AND SUPPLIERS
VEND_9F9A55BE,SUFA ASSOCIATES
VEND_5A4D68F0,MS HAMDANI SPORTS GALLERY
VEND_8FCBF49C,AAQIB ENTERPRISES
VEND_B5B4841F,MILANG ENTERPRISES
VEND_8387918F,EEEDD R ROORKEE
VEND_8CA75067,VISHWANATH ENTERPRISES
VEND_FFACF648,D VINOTH
VEND_B0B70C6A,SHREE ISAPAR GRAM PANCHAYAT
VEND_E9D64DB3,ABHISHEK SURESH SATHE
VEND_101C8D5A,J JUSTIN PRATHEEP
VEND_A882D8C2,BROTHER ENTERPRISE
VEND_8DCDC47D,NAGESH
VEND_95AB7545,DEEPTIMAYEE BHATALABHADRA
VEND_9855AF0E,DALA RAM
VEND_543B6565,VIRAMA RAM
VEND_9FD2065D,ARJUNSINGH
VEND_1D6D929D,BULBUL ALAM
VEND_30F494A0,YMJ ENTERPRISE
VEND_175519B6,SAILENDU KUMAR BAL
VEND_BDFE6367,THE RR COOPERATIVE LABOUR AND CONSTRUCTION
VEND_4897CF9E,KAJLA CEMENT AND SANITARY STORE
VEND_C7D90465,BILLA BRICKS INDUSTRIES BKO
VEND_D5725A5D,SURINDER SINGH
VEND_A7C13B1D,KAVYA TILES
VEND_AB95F5E8,SEWAK SINGH
VEND_67C5E884,GRAM PANCHAYAT DANDA
VEND_96B1755F,DHARMINDER SINGH
VEND_22F24CCB,BIRDI BRICKS
VEND_C9C3382D,WALUNJE SHUBHAM DHONDIRAM
VEND_83DA0057,GRAM PANCHAYAT RATAPALLI
VEND_CD0306EF,GRAM PANCHAYAT SIWANI KALA
VEND_73C5420C,BACHAN INTERLOCK TILES
VEND_4B44AFD0,GRAM PANCHAYAT BARKHERA DURGADAS JP PATHARIYA
VEND_4A4E79C1,AMRIK SINGH LALINA
VEND_5BFAFB94,SARPANCH SACHIV GRAM PANCHAYAT VINAYAKPUR
VEND_53326013,SARPANCH SACHIV GRAM PANCHAYAT PIPERCHHEDI
VEND_FD9552C0,SARPANCH SACHIV GRAM PANCHAYAT UMARPOTI
VEND_70B1F5A0,J L BABU
VEND_784DFBFD,MANJUNATHA L
VEND_562FEF13,VARRE VENKANNA
VEND_B18F0351,R M MP AGRO SATNA
VEND_00360DAC,GOYAL PAINT AND HARDWARE STORE
VEND_2CE5DD61,AJAY SUBHASHRAO GHAVGHAVE
VEND_77BD0791,DREAM SKETCH CO
VEND_7247BD0C,BLOSSOM CLUSTER LEVEL FEDERATIONPYNDENGUMIONG
VEND_DCD95F89,MS LANGSTIEHRIM PRESBYTERIAN LP SCHOOL LANGSTIEHRIM
VEND_D07033AB,SAKIR KHAN
VEND_2FED2708,LATIF KHAN
VEND_E46D11BE,DINE KHAN
VEND_B368C193,FIROJ SHAH
VEND_E811CFA3,RANJU DEVI
VEND_35C09542,FULE KHAN
VEND_77F1807B,ESS KAY BRICKS INDUSTRIES BKO
VEND_E17F586C,KAILASH CHAND
VEND_973D81BB,DAYANAND
VEND_AE59C4F9,SUSHIL
VEND_1746499E,RINU DEVI
VEND_D70DC410,KUMARI LAKSMI
VEND_E6B13AEC,ANITA KHATANA
VEND_C3D06D36,LAL SINGH JALAL
VEND_9FCC67D2,IQBAL SINGH CEMENT STORE
VEND_ADD9B6F5,GRAM PANCHAYAT DANGIYAPURA
VEND_DB069027,MS PUNIT KUMAR DIXIT CONTRACTOR
VEND_41E479DB,GRAM PANCHAYAT GANESHPUR
VEND_EAEF7DF4,NIAMTRE SAPHAI
VEND_B900DAAB,GRAM PANCHAYAT MODIPARA
VEND_2DB7A448,NARENDER BUILDING MATERIAL
VEND_C44B8E8C,SHANKRAJ CONSTRUCTION
VEND_BEF5938A,K P CONSTRUCTIONS
VEND_30067847,SARAD SUBBA
VEND_938BD7A7,KRISHNA CHANDRA SEN
VEND_74D4B907,PRANJAL KONWAR
VEND_223B2F27,S VIRAT CONTRACTOR
VEND_40BA80D9,SATTIN R MARAK
VEND_5A5CD4A6,AFTAB MOHAMMEDIKRAM KHAN
VEND_B65CDF9C,BHAIRAVNATH MAJUR SAH SAN KOLAMBI
VEND_C279A229,P D ENTERPRISE PARIMAL
VEND_E2EF60B2,BHANA RAM KESHO DASS DHURI
VEND_8E2F5F90,SHIVO BKO
VEND_7E8EF861,AMRINDER SINGH
VEND_951BC8F3,BHIM SAIN MEGH NATH
VEND_A19BE674,PARASHURAM SINGH YADAV
VEND_976B251C,GYANA
VEND_D3EE477E,DHEERAJ KUMAR
VEND_16EB677A,INKAR
VEND_FD764415,RAMI DEVI
VEND_BB2D1A99,ASHOK
VEND_E3243954,REHANSHI MATERIAL SUPPLIERS
VEND_BB8BFA68,SANT CONSTRUCTION COMPANY
VEND_2B163927,AMIRGADH GRUP GRAM PANCHAYAT
VEND_A6F3BCA0,RADHIKA CO OP L AND C SOCIETY LIMITED
VEND_50A27916,TAKAR GAO
VEND_4B6CDC85,NONGGER GAO
VEND_739E2807,TATEM TABING
VEND_3F7563A7,YATING TAKO
VEND_8478DB85,NEMINATH ELECTRICALS
VEND_34E98BCE,GRAM PANCHAYAT JAMDI
VEND_E3DE913A,ARGHYA CONSTRUCTION
VEND_FCEA8879,GRAM PANCHAYAT MATARVANIYA
VEND_5712CAE4,BAMMIDI RAMAKRISHNA
VEND_F94F48DA,GRAM PANCHAYAT MOTA KOTDA
VEND_3A757285,UCHHABI DEVI
VEND_D883BE56,BALMUKUND KUMAWAT
VEND_E3901192,PARMESHWAR KUMAWAT
VEND_805B2B0B,DHANNA LAL KUMAWAT
VEND_9C0BA37B,GRAM PANCHAYAT NALPAWAND
VEND_2FD2F6EE,SUDHAGANI LAXMIKANTH
VEND_36A451C6,RAJIB PHUKAN
VEND_77B43748,RANVIJAY CHAUHAN
VEND_ADCE9DA1,KUMMARI MADHU
VEND_BF0BEC3A,SANJAY GOUDA
VEND_A9F249D4,HANUMESH
VEND_ECA233EF,HARPREET TRADERS
VEND_60CE732C,WINDRA ELECTRIC STORE
VEND_4A8618F2,MS SIANG YOUTH ENTERPRISES
VEND_EDD8123B,SHINGARA SINGH
VEND_3A11CC1E,HPSCSC KANDRORI
VEND_2058527F,RAJWINDER BAWA
VEND_82DD96DC,JAI SACHIDANAND HARDWARE
VEND_D22A1C24,MANIK DHIMAN
VEND_43B7E3BC,KARAMJIT BUILDING MATERIAL
VEND_0BF56E89,ANIL EET UDYOG
VEND_0374ACE2,ASIAN BRICK KLIN
VEND_EE558007,UP STATE AGRO
VEND_804226C6,SEHAJ BUILDING MTERIAL
VEND_D1FEACB3,ADVENT INFOMAX PVT LTD
VEND_A7AAFEC2,CN ATITHI GRIHA PUJA MANDIR KEOTKUCHI
VEND_AE38624E,R PADMAVATHY
VEND_07CD55C7,MANI
VEND_7184175C,AITHA SRINIVAS
VEND_4020DE72,SAMSHAD
VEND_0E9BE0D6,RAGHVEER SINGH JANGID CONTRCTOR
VEND_76EAAE5C,DUKHI RAM
VEND_0CF678E8,SHAM LAL AND SONS
VEND_EEB32E6D,JOHN P A
VEND_F289E58F,SHITAL V KURAPE
VEND_58840B56,KARAN SANITARY STORE
VEND_AC289F0F,KRISHNAKUMAR G
VEND_CC27975E,KHAMIDANA GRAM PANCHAYAT
VEND_78D77B55,UTTAM VENTURES
VEND_88E96A02,R K PADASALAGI
VEND_BF6563DF,UNTADI GRAM PANCHAYAT
VEND_5C9EB18A,SUKH DEV BALAI
VEND_972EA8A1,NANU RAM BALAI
VEND_6EDE3871,SAMPTI BALAI
VEND_8D222348,ALOLI DEVI BALAI
VEND_744A8045,BADAMI
VEND_C048621A,KANCHAN BALAI
VEND_C268270D,UDA BALAI
VEND_106FD52E,JAGDISH OD
VEND_1D5CB787,KAILASHI OAD
VEND_FC921BB7,SURENDRAN
VEND_489A466E,SOBDER ALI KHAN
VEND_1F69A5C2,CONSTRUCTION OF OFFICE ROOM OF RAJAHUWA SRI SRI LAKSHMI PUJA COMMITTEE KAWAIMARY
VEND_1DAE6D18,SARPANCH
VEND_C4EDDF21,MS ENS ENTERPRISES
VEND_53C6F710,WEBEL TECHNOLOGY LIMITED
VEND_DB7AECAB,RADHA CONSTRUCTION NIWARI
VEND_FA108047,RAMAN ENTERPRISES
VEND_22F58BBD,RAJYA PRAWARTIT YOJNA G P SEMRA
VEND_94268FE7,MUNICIPAL COUNCIL KONDAGAON
VEND_BD1D6CB8,GP NOURI
VEND_DD2FC9C0,MOU ENTERPRISE
VEND_C08CA33E,ANKU
VEND_7E6AA90D,RAVI KUMAR KIRAR
VEND_411A3E74,SARTI
VEND_4D0EB749,SREE ENTERPRISE
VEND_D81C7030,SAINI ENTERPRISES
VEND_D0BB7B54,PAWAN CONSTRUCTION COMPANY
VEND_4F88DA2C,GP SHELU KHURD
VEND_ABEEB028,NIRU KATAKI BORUAH
VEND_9BA9BD79,GOODWILL COMMERCIAL
VEND_382FAECB,TULSHI RAM
VEND_183FCC96,DILIP KUMAR
VEND_02DC837B,NENA RAM
VEND_9948F86E,PYARELAL
VEND_B92FC9E7,SANJANA DEVI
VEND_1E73C1FE,MANJU TRADING COMPANY
VEND_B3AF3417,KARISHMA
VEND_309E655A,SHABNAM BANO
VEND_503573D4,ALMAD BANO
VEND_F55B05E5,BALKESH BANO
VEND_E89245F7,MAHBOOB KHAN
VEND_8C0C066B,RUKSANA
VEND_2E5A5649,PANKAJ SINGH
VEND_A4055605,KUP SINGH
VEND_CB3D522B,JIRA GRAM PANCHAYAT
VEND_6486D7E2,DORBAR SHNONG MULUM
VEND_E2D9C0FD,PADMAVATI CONSTRUCTION
VEND_27AD2A49,MADHVAS GRAMPANCHAYAT
VEND_19BE8C2B,GRAM PANCHAYAT DEROL
VEND_D6EC1742,BORU GRAMPANCHAYAT
VEND_B5A76CFC,JHAKHRIPURA GRAM PANCHAYAT
VEND_20126672,SHABAN
VEND_C23453A2,RUKMANI
VEND_4DCD4D29,MAMRAJ
VEND_49B7E01F,SHREE PITRA KRPA
VEND_05AF87B1,ZARA ENTERPRISE
VEND_0E0E8915,GRAM PANCHYAT DHORA
VEND_CC86B6A0,KISHOR EKNATH GITE
VEND_12C9CABD,MANOJA KUMAR SETHI
VEND_42BDCE7B,ASSISTANT ENGINEER I NAYAGARH BLOCK
VEND_8350A475,JUNIOR ENGINEER I NAYAGARH BLOCK
VEND_A7BA3933,JUNIOR ENGINEER VI NAYAGARH BLOCK
VEND_14EEF97A,VEER TEJA
VEND_78C5D638,ASSISTANT ENGINEER NAYAGARH BLOCK
VEND_EB17819D,JUNIOR ENGINEER VII NAYAGARH BLOCK
VEND_CD2C8A22,JUNIOR ENGINEER IV NAYAGARH BLOCK
VEND_2730E29E,TAJ MOHAMMED KAYAMKHANI
VEND_2B47DE08,AKARSH JAIN S
VEND_B5F024FF,S B CONSTRUCTION CO
VEND_E96F2313,GRAM PANCHAYAT KAUDIKASA
VEND_2C1DCBFB,GUNNALA SRINIVAS REDDY
VEND_0354CE2B,RAJESWAR
VEND_E9B0472E,GRAM PANCHAYAT MURETITOLA
VEND_E5C9FC10,SD ATEEQ
VEND_EAE80F88,EKIKRUT BUDGET VITRAN YOJNA HASNABAAD
VEND_BFD79001,RAHUL SANTOSH BACHHAV
VEND_C8BCA48F,GRAMPANCHAYAT KARYALAY VILEGAON TQ DEONI
VEND_6840123E,RAKESH RAJU MAGAR
VEND_46A996D1,MS JAY KISHAN CONTRACTOR
VEND_CA1C256E,ANBU PRABU A
VEND_E2D34678,PRASAD S SHETTY
VEND_798B04C8,ASHOK KUMAR M A
VEND_9EA85E31,RAJU S KOMAR
VEND_0646888A,LEGENDARY DISTRIBUTORS PVT LTD
VEND_E8133E2B,MARPINA SRINIVASA RAO
VEND_B725B809,H M NSS UP SCHOOL THRIKKARIYOOR
VEND_D9A7D8DA,JS AND COMPANY
VEND_34A23155,GNANANETRA ENGINEERING AND INFRA PR
VEND_0FBA7561,CHAIN SINGH
VEND_37487AD2,DROPTI
VEND_FDAB3786,SITARAM
VEND_CE5FDC6D,SUMER DEVI
VEND_A9650680,ILIYAS
VEND_E86E3667,MS T P ENTERPRISE
VEND_B354EFFE,NIRMLA
VEND_FD3A4874,SOURABH HARDWERE AND CENETARY WARE
VEND_A06414A9,ATISHAY TRADERS
VEND_2DADF1BB,HIND HARDWERE
VEND_194DEC1F,SATYAJEET SANJAY PATIL
VEND_CC3ED362,VSR ASSOCIATES
VEND_4F54AA1E,PACHAR AND COMPANY
VEND_1A51D98F,SUNDARAM BUILDING MATERIAL STORE
VEND_04B3FC64,SATYAM SALES
VEND_CF2B0DC3,SIKHA CHETIA BORUAH
VEND_9797F54B,JASRAJ ELECTRICALS
VEND_E89FAF9F,AGGARWAL STEEL IMPORTERS
VEND_095136AA,DHWRWMSING BARO
VEND_83BF82F0,JAYANANDA
VEND_C6DCD461,SHAIK SHOYAB AHAMED
VEND_93A76717,GRAM PANCHAYAT DONGAAMA NIRMAN KARYA
VEND_1F8D1466,JAMUNA MEHER ENTERPRISES
VEND_A4E3EF6E,GRAMPANCHAYAT KARYALAY MANGRUL TQ CHH SAMBHAJINAGAR
VEND_76AF495E,AASHROY CONSTRUCTION
VEND_FA015E28,JUNIOR ENGINEER II NAYAGARH BLOCK
VEND_9A2025D5,PRINCE CONSTRUCTION AND COMPANY
VEND_90324458,DINESH M
VEND_97DA71F3,DSS ENTERPRISES
VEND_816F8C29,MS CONSTRUCTION OF RAISE PLATFORM AT KANCHANPUR PUB S
VEND_CA74B292,SATBIR KHAN
VEND_F5E955FB,MANOJ KUMAR SRIVASTAVA
VEND_1C69D0FE,KCS TRADERS
VEND_8E7069D3,BHOLE SHANKAR BRICKS INDUSTRY
VEND_47E1F63F,JEEWAN CHANDRA JOSHI
VEND_403969E6,DEBCHARAN BASUMATARY
VEND_B241ED68,DHARAM DAS THEKEDAR
VEND_26DCC37E,SUYAL TRADERS AND ART
VEND_9AC42027,LOVELY AUTOS
VEND_2EF3392B,THE KUNDU CO OP SOCIETY LTD
VEND_050BDE76,VIJAYKUMAR HANAMAPPA MADAR
VEND_B3384927,CHINMAYA KUMAR PRUSTY
VEND_F1125EA4,MAYA GADARI
VEND_A2746676,ARVIND KUMAR PAREEK
VEND_ED5B7246,DINESH BAIRWA
VEND_D60897C5,GIRDHAR KUMAR PAREEK
VEND_22541277,KUSAM PAREEK
VEND_0DADE530,MANOJ KUMAR PAREEK
VEND_BFD78A82,TULASIRAM BAIRWA
VEND_11FD4B1E,SUSHILA DEVI TELI
VEND_F5550F50,BABU LAL TELI
VEND_16F2C0E0,BHAVESH TELI
VEND_A2A1EA41,KHUSHBU TELI
VEND_BE9806F5,BHAVANA TELI
VEND_A9A1B29D,KESI DEVI
VEND_79E484F2,MAHAVEER TELI
VEND_F99E04F5,DEBI LAL PAREEK
VEND_AF39F33C,JR ENTERPRISE
VEND_EC11404B,WARAICH TRADERS
VEND_3EDE27B0,GHUMAN BKO
VEND_D0DB3FF7,D A ENTERPRISES
VEND_1530A126,VARDHAN INFRA
VEND_696A1062,MOPURI RAMBHUPAL
VEND_FB8FC5C0,THILODE
VEND_1ABC62D6,SHANKER TRADING COMPANY
VEND_BEB86952,LUXMI IRON STORE
VEND_22270091,GURJANT SINGH WELDING WORKS
VEND_06B56CE1,RAJA ENGG WORKS
VEND_49331736,ANMOL YADAV
VEND_7E65B562,AMAN KUMAR
VEND_2529E1C5,DS BUILDING MATERIAL
VEND_677D2618,FAUJI IRON AND CEMENT STORE
VEND_C3DB660C,AMAR NATH SHANKAR DASS
VEND_82D64B9F,MS BAL AND CO
VEND_0D07D279,BHARAT PAINT
VEND_48EA2051,PRINCE MARBLES AND GRANITE
VEND_F77679FB,BIRAN
VEND_DAC2B3EA,PUSHPENDRA SINGH
VEND_A9065AE6,DAS CONSTRUCTION
VEND_82F50D4D,GP BRAHLARI
VEND_EFE11BC7,RAGHAVENDRA M H
VEND_868AB5EF,GRAM PANCHAYAT VAJDI
VEND_B10DA120,NIDHEESH GOPAL
VEND_672347ED,MINKENG NONANG
VEND_1C2D1EE0,THE A SQUARE COOP L AND C SOCIETY PANIPAT
VEND_9FF2B991,GRAM PANCHAYAT KUTENA
VEND_DD34D969,GRAM PANCHAYAT HARDI
VEND_5B1062BF,BRAJ MOHAN
VEND_325136FB,ANKIT KUMAR
VEND_C7C2CD50,GANNE NARENDER REDDY
VEND_FAC642A8,HIRAMBA NARZARY
VEND_347D7252,ASSISTANT ENGINEER BAC NAMCHEYBONH
VEND_7B0F35BA,GRAM PANCHAYAT BARROHI
VEND_83A464B7,NARENDRA SINGH SHEKHAWAT
VEND_80AA8957,KAKARAVA GRAM PANCHAYAT
VEND_258413C2,VIJAY SINGH MEENA
VEND_56D69FE8,PAWAN KUMAR MEENA
VEND_CBA69889,GP KATLI
VEND_01FF8EE4,SIRIGADHE SAIVIKRAM
VEND_56DC1F1B,GRAM PANCHAYAT SALHEJHARIYA
VEND_50A5714E,GADESHWARI CONSTRUCTION COMPANY
VEND_C8381B33,MAHADEVA YALLAPPA ASODI
VEND_849DF5EE,PREETILA SUGATHAN
VEND_0AB16F28,KURUVA RAMAKRISHNA
VEND_1C01BB42,AMAR CHAND
VEND_1598ECE6,GP BAREKEL
VEND_57BA89CB,GP LAXMIPUR
VEND_E08CB93C,SHYN CONSTRUCTION
VEND_9EB43AC0,CC CONSTRUCTION OF BOUNDARY WALL AT LUTUMA BOHAGI UTSAV LUTUMA KAHILIPARA
VEND_1832A800,CC CONSTRUCTION OF COMMUNITY HALL AT GANESH NAGAR RAJOHUWA BOR NAMGHAR GANESH NAGAR BASISTA
VEND_2A57248F,ASSISTANT ENGINEER LAMTAPUT BLOCK SANTOSH KUMAR MAHANTY
VEND_AEEB70EE,CARD BOX COMPANY
VEND_6D66BA44,RATI RAM CONTRACTOR AND SUPPLIERS
VEND_D6E0E877,CC CONSTRUCTION OF COMMUNITY HALL AT SONAPUR PUBLIC CREMATORIUM DEVELOPMENT COMMITTEE
VEND_450D42EA,GRAM PANCHAYAT TANGA
VEND_18ACBB14,CC CONSTRUCTION OF COMMUNITY CULTURAL ACTIVES AT AJOLI YOVA SILPI SANGHA AT GANESH NAGAR
VEND_B2541C7E,RESHAM SINGH
VEND_2F59AFC7,CHARANJIT SINGH
VEND_0923E618,PRADIP MAHATO
VEND_58085D67,MATAJI HARDWARE AND TILES
VEND_7DCC429D,DAKMO KARLO
VEND_99521C7E,MS USHOSREE CONSTRUCTION
VEND_BF79DDB9,GELI TADA
VEND_75C1A5C5,LEGAM NGOMLE
VEND_148F55EA,KEBOM BUCHI
VEND_7883A1A3,TOMO TABA
VEND_BC403554,JUMKI KADU
VEND_DA09182D,MARGAM KARLO RIJI
VEND_41E560E0,IGE BOJE
VEND_4E911795,JIRTO PADUNG
VEND_9B2BEE93,SACHIV GRAM PANCHAYAT CHADONE
VEND_E760FD9A,SURAJ KUMAR HARIJAN
VEND_99D7ADDF,KOMAL KUMARI HARIJAN
VEND_FA50B6E9,PALDEN WANGCHUK BHUTIA
VEND_077412B5,ASHOK KUMAR THEBAR
VEND_2F863A4E,GA CONSTRUCTION PERALAM
VEND_48A19B06,MANOJ OMPRARKASH
VEND_530910BC,DURAIVEL VS
VEND_0CA2836C,GP SAKLANA
VEND_A1F4D338,JBD TILES AND SANITATION
VEND_B486F9DD,PAWAN JINDAL
VEND_85B49223,PAWAN KUMAR AND COMPANY
VEND_BA5A4C09,BHAGWATI ELECTRIC SERVICE
VEND_78DC1CC1,KHALSA BKO
VEND_87EFD8D1,JAIN PLYWOOD
VEND_E5E5A5FC,SHREE BHERUNATH TRADERS
VEND_BF231778,GP DHALARA
VEND_9DD45FA4,RR FABRICATER
VEND_AF33CD1F,BHARATHI CONSTRUCTION
VEND_6D2FE795,GP KOTHUWAN
VEND_47CEDD24,R UDHAYAKUMAR
VEND_B75C6066,NAGAPPA BARAMAPPA HARAWAL
VEND_D7EE0852,ANITA POWER
VEND_75928471,SIVARAMAN
VEND_8C4413BE,RAJA SINGH
VEND_532EE2E9,PROVIDING ONE AMBULANCE FACILITIES FOR BPHCS IN JALESWAR MODEL HOSPITAL
VEND_F0D33E65,BALASHAN SYIEM
VEND_87928E61,LUTFOR RAHMAN
VEND_0C6EA71B,DILMAMUD SK
VEND_0C073719,RONALD CRASTA
VEND_E6B088EA,SARILLA RATHAN RAJU
VEND_0F93FF86,MANJUSHREE PLASTICS PRIVATE LIMITED
VEND_66F7883D,GP SIHANA
VEND_4FD657D7,DHIRAJ PERIWAL
VEND_B295C45B,BHUSAN RAI
VEND_0F03C7FE,KAJOD MAL YADAV
VEND_EA457F77,SUMERI DEVI
VEND_7705512F,ANITA YADAV
VEND_0E37CA3D,SURENDRA KUMAR SAINI
VEND_888332AA,LALIT KUMAR SAINI
VEND_9A8F1B0E,JVS CONSTRUCTIONS
VEND_1EA17223,GRAM PANCHAYAT CHINCHGAVAN
VEND_83FBC48F,MITTAL ENTERPRISES
VEND_AE3E4566,JASSI SINGH
VEND_5FE31479,GUPTA BRICKS CO
VEND_77E7F01F,STABIN NARZARY
VEND_B028AFAE,JINDAL PLY AND PAINT STORE
VEND_9831BB6A,SOMENDRA SINGH
VEND_7A011681,NANDANVAN GRAM PANCHAYAT
VEND_0862657E,GURU KIRPA SCRAP STORE
VEND_47C7A3CA,JODHPUR VIDHYUT VITRAN NIGAM LTD BHADRA
VEND_611013B2,MANJINDER SINGH
VEND_816A198B,AVDHESH GLOBAL SERVICES
VEND_53969804,MEU GRAM PANCHAYAT
VEND_1CCB12B0,RINKU BORGOHAIN
VEND_68344A3F,SUMIT SADASHIV GORE
VEND_45F60768,TULSIPURA GRAM PANCHAYAT
VEND_5B67599A,HANOL GRAM PANCHAYAT
VEND_D5E6E367,THE BADAMI COOP LC SOCIETY LTD
VEND_E952E8A4,BATH INTERLOCK TILES
VEND_2A5ED0AD,TULUNGA NARZARY
VEND_990D6B67,SARPANCHSHREE GRAM PANCHAYAT DABHALA
VEND_BCA65292,DORA GRAM PANCHAYAT
VEND_9BB11A49,RATHOR SAMAJ HARDA
VEND_6B2D5F40,SINGHU MURMU
VEND_F5EDA8F0,NITHIYAKUMARAN B
VEND_2C1641E6,JAYANTA KUMAR JENA
VEND_91A03EA1,BHAGWATI MAHILA MANDAL CHATTAR
VEND_470A0153,KUMAWAT LABOUR SUPPLIERS
VEND_03CBD0AA,MULLU RAMBABU
VEND_7BF0E7E2,JAGAT NARAIN MAHAVIDYALAYA ARUSA NARAINPUR AMBEDKARNAGAR
VEND_24A3AEF7,SATI PRASAD SMARAK INTER COLLEGE BANGAOVN DIHWA
VEND_F1AF4417,SHUNMUGAVEL
VEND_0380C696,TKT ENTERPRISE
VEND_B21C28B9,GP CHALARG
VEND_9C729175,GP JALPEHAR
VEND_1602013D,MS KANSAL CEMENT AND MACHINERY STORE
VEND_E1E31876,HARIPAR GRAM PANCHAYAT
VEND_0D8F7410,ANNASARAM KRUSHNA REDDY
VEND_C875EFC3,GRAM PANCHAYAT MUJGAHAN
VEND_7E883FAB,GRAM PANCHAYAT SALAPAR
VEND_8980E170,DHRUBA JYOTI SAIKIA
VEND_A09800CF,GRAM PANCHAYAT BADE MORATHPAL
VEND_B501798B,C LALRINLIANA
VEND_9E38924A,M C L TRADERS
VEND_6384C485,ROBERT KHAMKHANPAU
VEND_B681CCA6,AZHAGU MURUGAN AND CO
VEND_A833E9F6,YANKAPPA SHANKRAPPA KARIYALLAVVAGOL
VEND_E6175638,SDSCO PAONTA
VEND_3F6CA20B,MS WALIA BRICKS
VEND_1720AF5C,H ROKHUMA
VEND_3598D98A,MS GURU NANAK ENTERPRISES
VEND_F5A20219,SHARMA MILL STORE
VEND_728E6339,PARVEEN SINGH LAADI HDFC
VEND_68D03C79,MONU
VEND_2F6709C0,SHARMA BRICKS SUPPLY CO
VEND_E4960690,SOHAL COMMISSION AGENT
VEND_6B12A9B0,URMAL
VEND_4354587B,DASHMESH TRADING CO
VEND_B9A539A5,B S BUILDING MATERIAL
VEND_5532841F,MS JAI GIRRAJ JI CONSTRUCTION
VEND_18077404,GOYAL STEEL CORPORATION
VEND_0E497AFF,MS RAJVEER SINGH CONTRACTOR
VEND_F9C1A73B,UMESH POOJARY
VEND_9460D0D4,GP GURARIYA JP BADI
VEND_9C62CFFF,NIHAR RANJAN PANDA
VEND_831F3F51,MS TANVI ENTERPRISES
VEND_CC3EE701,GARJA SINGH
VEND_499189B9,GP RAMPURA JP UDAIPURA
VEND_4610FEEE,GRAM PANCHAYAT GANESHPURA
VEND_DE715A05,HASANPAR GRAM PANCHAYAT
VEND_F5D00EB7,KRISHNA TILES AND BATH
VEND_1762A016,GP PURLI MPLADS
VEND_25CAAD86,SHIVA PAINTS AND HARDWARE STORE
VEND_219A34A0,PURAN SHANKAR GADRI
VEND_04423D00,S MAHIPAL GOUD
VEND_3A1303F9,RAJWINDER SINGH
VEND_EDD5746B,BHANGU MOBILE CARE AND ELECTRONICS
VEND_FE33E9DA,GRAM PANCHAYAT KACHHWANYA JANPAD PANCHAYAT DHARMPURI
VEND_83EE2D4E,RUSHIKESH SHIVAJI IGHE
VEND_2F74D9BB,KHEDAPATI BUILDER
VEND_D312F77F,MVT GOPAL
VEND_7BC22910,NALLAPPA N
VEND_E8F48661,MINPONG HALLANG
VEND_1A602BA4,KHAMHI WANGSA
VEND_EF5CDD57,ARJUN ELECTRICALS
VEND_D50E08AA,MAHAVEER PRASHAD SAINI
VEND_D318CF1E,BABA PREMDAS U M VIDYALAYA KARMAINI MAHBAL AMBEDKARNAGAR
VEND_312F9F48,HOKAP SANGAM
VEND_C7B1BCC6,G D INTERNATIONAL SCHOOL BHATAULI ASGAVA AMBEDKARNAGAR
VEND_3502D58F,MS NP ENTERPRISES
VEND_7421B84B,UNKESH
VEND_D5B0F3AE,TARA CHAND
VEND_D436A497,AMRAT BAI
VEND_8BFACB73,ANOOP BACHRAJ
VEND_D8C88108,MANKORI
VEND_40F72D58,MS ARSANG ENTERPRISE
VEND_E14CC104,UMRAV SINGH
VEND_AA6C68E2,LUXMI BUILDERS
VEND_4CFCF59E,EXECUTIVE ENGINEER RURAL ENGINEERING SEVICE DIVISION
VEND_C4AEB4FA,GRAM PANCHAYAT GHUGHARA
VEND_9ED3F36B,ADHUNIK TRADERS
VEND_392B07B8,JAGDISH CHANDRA KANDPAL
VEND_1146798E,OTIS ELEVATOR COMPANY LTD
VEND_3C6EBEAE,RAYCON COOPERATIVE LABOUR CONTRACTS CONSTRUCTION SOCEITY LTD
VEND_1B06DBB2,YMA SUB HEADQUARTERS HNAHTHIAL
VEND_D94E6B2D,LM ZALIANA
VEND_422CF5D2,LALRAMCHHANA
VEND_9A3D3162,R KAWLZIDINGA
VEND_80991984,BS CEMENT STORE
VEND_957E9F22,AMARENDRA NARZARY
VEND_E01B9D5F,GAGANDEEP SINGH SARPANCH
VEND_6221C5E2,THE VRINDAVAN COOP L AND C SOC LTD KTL
VEND_8E2EB8AD,MANOHAR SINGH
VEND_B5C208C1,JATINDER KAUR
VEND_D3493693,GRAM PANCHAYAT MANOLA
VEND_5DE25E8F,PARVINDER SINGH
VEND_8D7AE27E,SAKSHATH SHETTY
VEND_F4C5506B,SHAIK AHAMAD BASHA
VEND_1C301A43,AKSHAY MAJOOR SAHAKARI SANSTHA MARYADIT
VEND_2ADFF2A4,HELP LINE MULTIPURPOSE ENTERPRISE
VEND_BCEF6802,UJENDRA UDAYRAO INGAWALE
VEND_CB8BF08A,MONDAL HARDWARES AND BUILDERS
VEND_323EB58D,PERMITHSON B MARAK
VEND_160D6D66,SINGLA SUBMERSIBLE PIPE STORE
VEND_3D4669F9,PARVEEN CEMENT STORE
VEND_A543C785,GARG ENTERPRISES
VEND_722279E9,ARUN
VEND_25E355D6,MR PURNA CHANDRA SAHOO
VEND_5EECFE0B,SRI BALAJI ENGINEERING
VEND_70A6473B,MICHAEL RONGPI
VEND_B8A0B728,RANU SINGH
VEND_8612B51C,MULA RAM
VEND_5FE1C71D,MAFA RAM
VEND_DF1CD047,MOVAN DEVI
VEND_7B69B406,MAHENDEA SINGH
VEND_F499E0E0,KASHMIRI FURNITURE AND ELECTRONICS
VEND_57505B18,HARIOM PLYWOOD AND FIBRE HOUSE
VEND_7C1AEB24,SWATI NIGALTIYA
VEND_8E33608F,ELITE PULSE HEALTH CARE PRIVATE LIMITED
VEND_45F9BEEA,SARPANCH SACHIV GRAM PANCHAYT UFRA
VEND_64BBD5C8,GRAM PANCHAYT GUDHELI
VEND_BFA4074E,GRAM PANCHAYT BERLAKAL
VEND_9595D314,GRAM PANCHAYAT SUDLI
VEND_9B35507C,SHITALNATH ENTERPRISES
VEND_63BC5A31,GRAM PANCHAYAT JANGALBEDA
VEND_BAD0A6C4,HANUMAN SINGH KUMAWAT
VEND_F4CD2C6D,MEESHRI DEVI
VEND_AFF56F13,SURINDER NATH
VEND_D6624815,NILAM DEVI
VEND_559D8F2D,SARPANCH SACHIV GP KANCHANDIH
VEND_108A4875,OM PARKASH RAIGAR
VEND_99DA488A,BRONSON NARZARY
VEND_EEEBCA2F,BIKASH NARZARY
VEND_ACBA386C,SATPAL YADAV
VEND_818B7510,THE ELIZA COOP L AND C SOCIETY LTD
VEND_EBBB2F44,ASHOK KUMAR MEENA
VEND_F9E5CED3,MAHESH KUMAR MEENA
VEND_64224627,UMMED SINGH SHEKHAWAT
VEND_984A1AFC,NANACHHI
VEND_A03675F8,SARDAR MAL
VEND_2B3856A4,RAMVIR
VEND_EC244C3B,STJUDEPOONJAR
VEND_6FC93F4E,SHREE DEVNARAYAN CONSTRACTION
VEND_BC08B14A,RAMPHOOL BODYA
VEND_DF9E43B6,GURU NANAK ALUMINIUM AND STEEL WORKS
VEND_481BEE3B,KALI DEVI MEENA
VEND_3B65A10B,KARNI RAM
VEND_F353BF52,R MOORTHI
VEND_AF67E48D,RAJNESH KUMAR
VEND_0AAFBC0E,MS N G ENTERPRISE
VEND_30FFDEBE,GP MILLAH
VEND_072405E9,MS AMBALA BRICKS CENTRE
VEND_5D290E5F,SHREE SHYAM TRADING CO
VEND_0942CDCB,BHOLLA TRADING CO
VEND_D0C11359,GOEL IRON STORE
VEND_9497C335,S A TRADERS
VEND_FF6DFC93,SALUJA ENTERPRISES
VEND_6D539A73,KRISHNA KUMAR K R
VEND_B80717E6,JAI DURGA BRICKS
VEND_726131A7,EXECUTIVE ENGINEER
VEND_5C7F228C,KANTESH DODDHANUMANTHAPPA BASAPPANAVAR
VEND_C746FAED,ANAND TANAJI DURGAI
VEND_308BFD60,SHIVAKUMAR M SARAGANACHARI
VEND_EDA837C0,GRAM PANCHAYAT OLADAN
VEND_E7C4D464,MS BRK ENTERPRISE
VEND_3C3234BA,GP KOTHI JHIKLI
VEND_196EB439,GP MUHALKAR
VEND_FC40E639,HEAD MISTRESS ST MARY S CG HS SCHOOL
VEND_55383201,ST JOSEPHS UP SCHOOL KARITHALA
VEND_78A5A718,PANCHANENI SAMATHA
VEND_1DB9CAA8,C CHITHAMBARAM
VEND_8EC8B650,DEVIKA SANGMA
VEND_36018734,GRAM PANCHAYAT TAALPUR
VEND_30721993,VANINMAWIA
VEND_CDBF6EB7,C LALCHHUANPUIA
VEND_B65BB2A1,LABMEDICA SYSTEMS PVT LTD
VEND_6950168A,DASHRATH SINGH
VEND_ACB92C30,GRAM PANCHAYAT HATHLEVA
VEND_C2D0E687,KHAJAN SINGH AND BROTHERS
VEND_C6375388,MANISHA KANWAR
VEND_414D9A81,PAWANI
VEND_1D16439C,GRAM PANCHAYAT SINGARPUR JANGAL
VEND_8BC88A20,GRAM PANCHAYAT CHANDAINI
VEND_3ACA2B90,VEENA KANWAR
VEND_FFFAB1A8,SHANTA
VEND_65F67FE2,GRAM PANCHAYAT JALAG
VEND_5E8B6BA5,DUNGRA RAM
VEND_9DEA1840,GRAM PANCHAYAT SARI
VEND_F2235A4B,MOHIT KANDPAL
VEND_A01F94C1,PUSHPA KANDPAL
VEND_D02D360E,GRAM PANCHAYAT CHIPRI
VEND_A5BF71C7,HARBHJAN SINGH MASSEAN
VEND_5E0EC34F,NEW DASHMESH SOAP FACTORY
VEND_9877474C,DEVESH ANESH DHAVLE
VEND_CF68DD23,PUNJAB TUBBEWALL
VEND_5E8C7845,SAR AND SAC GRAM PANCHAYAT PIPARKHUNTI
VEND_3294FC16,MANJIT KAUR SARPANCH HODLA KALAN
VEND_5241F7DE,MS CHAHAL BULIDERS
VEND_45532E56,SATHI SAYYAD BABA MAJOOR SAH SAN MARY
VEND_B6E9F6E6,LOVELY BRICK TRADERS
VEND_5F778083,SHIV JOT TRADING COMPANY
VEND_483381DF,KHIVA TRADERS
VEND_DB1C8330,GRAM PANCHAYAT NANDHAN
VEND_977AF3A5,MS RAJINDER SINGH BHAGWANT SINGH AND CO
VEND_67FA04BC,NAMAN TRADERS
VEND_5124F3AB,PUNJAB INTERLOCK TILES
VEND_15360FE3,GP SAINJ
VEND_DADD9C07,ASSISTANT ENGINEER ELECTRICAL SECTION TIRURANGADI
VEND_2173EF25,PRAFULLA KUMAR SAHU
VEND_E3255CFF,MOHIBUR RAHMAN
VEND_6F3E1F93,MOBY MOHANAN
VEND_B3F5C5DC,JITENDRA SINGH RAJPUT
VEND_27E36764,SAT PARKASH AND CO
VEND_CFE61961,JEEVIKA TRADERS
VEND_1B10F620,BAINGANGA BRICKS INDUSRIES
VEND_33A733AC,SURJIT SINGH
VEND_328B8449,AAMYRA TRADERS
VEND_F3AD74E5,QAUDRI FEBRICATION
VEND_31AA4F70,NAGARAJU B
VEND_35BABB65,MANUJ KUMAR BRAHMA
VEND_03B84B55,SANGAMESH PARAPPA GANI
VEND_227CAFE6,HANAMANT WADDAR
VEND_DB0E0A10,SYED KARIMULLA
VEND_E0973873,V PRASAD
VEND_FE209B55,GOWNIPURAM VISALI
VEND_058A45FF,VADAMALAPETA DILLIMMA
VEND_E4DAAA96,KALURI HEMAKUMAR
VEND_69E7FBA7,SRINIVAS REDDY GADILA
VEND_C5E5389B,K SELVARAJ
VEND_8C4A163F,SIVA HEALTH CARE
VEND_9C9942B3,PANDIARAJAN
VEND_091A0574,BHANDARI ENGINEERING CORP
VEND_AAFE88C4,R MALLAIAH
VEND_92712BC6,MANOJ KUMAR JENA
VEND_422E4C31,BANSAL TRADING COMPANY
VEND_95472A8F,KARTHIKA M
VEND_B832CB6E,SYED JAMEEL
VEND_3DA19053,MP LAD BDO KUSUMI
VEND_F6828333,GRAM PANCHAYAT DEMHA
VEND_D1283DAA,GRAM PANCHAYAT PIPERBAHRA
VEND_79D3D945,GRAM PANCHAYAT SHRIKOT
VEND_357DFD19,ATHARVA NURSING AND PARAMEDICAL COLLEGE
VEND_7F8777F8,ANUPOMA M MARAK
VEND_4D6FF63B,MKK IRON STORE
VEND_41388860,MS LUXMI BKO
VEND_146A9259,GP CHANDYAL
VEND_68BADA45,BODDUKURI JALANDHAR
VEND_A2659A84,ASHA KANWAR
VEND_7A74327D,DEVI LAL LUHAR
VEND_946C5C13,KAILASH CHANDRA TELI
VEND_D0BE9576,KAILASHI KANWAR
VEND_68F14E60,MOVANI BAI
VEND_B1AE8801,NANEE DEVI
VEND_76CBBBFF,SUNITA DEVI CHOHAN
VEND_A1FB1AE4,SURESH GADRI
VEND_B506A738,SUSHILA KUMAWAT
VEND_733CC1BA,TAMU KANWAR
VEND_EFA16BFF,GP BARSWAN
VEND_3D50ABBB,BHAGAT RAM SO HARI RAM
VEND_C28FCB4A,BHEEM SINGH SO SURJIT SINGH
VEND_1673CE0C,RIKHI RAM SO MAGHI RAM
VEND_90055C33,JASPAL SINGH SO CHANDA RAM
VEND_080E218D,GURSEWAK SINGH SO RIKHI RAM
VEND_C6EEE4D8,LAKHBIR SINGH SO BANT SINGH
VEND_C6BF872B,HARDEEP KAUR WO MITHU SINGH
VEND_6EC326DE,KAMLESH KAUR WO BHAGAT SINGH
VEND_9666100F,GURBAJ SINGH SO GURMEL SINGH
VEND_DE84DDBE,INFRASTRUCTURE DEV OF SWAHID BEDI AT
VEND_0C8F6574,CONST OF COMMUNITY HALL 3RD PHASE NEAR
VEND_78EDF56E,HANEEFA CONSTRUCTION
VEND_FB88D32B,SB BRICKS GRAM UDYOG
VEND_A9523609,DEEPAK SALES COMPANY
VEND_DD9365E0,BDO SHILLAI
VEND_F0C65A66,KANDE SRINIVASULU
VEND_FD3F9765,GRAM PANCHAYAT SALEHA
VEND_8684FEB4,JYOHTI CONSTRUCTIONS
VEND_B2350B12,KANDARI ASSOCAITE
VEND_7AB5751B,R SARAVANAN CONTRACTOR
VEND_40E05C1C,ENOK A SANGMA
VEND_A8481F03,MANU B MARAK
VEND_EE9AB377,GELLEN CH MARAK
VEND_98AC2F8F,RAJIV KUMAR
VEND_E9BD7BA1,A SURESH
VEND_BFACB22C,BEERU ENTERPRISES
VEND_261245B1,NERI
VEND_2DC66567,AGARWALLA LIGHT HOUSE
VEND_C78DE102,JAI DURGA
VEND_1DDB81E6,JORAWAR TRADING CO
VEND_F530312B,VYTAL SRINIVASA CHOWDARY
VEND_A7FB794E,MERUPAR GRAM PANCHAYAT
VEND_3A313CEA,NAVA GHANTILA GRAM PANCHAYAT
VEND_2EB8D019,R R THULASI BUILDERS INDIA PRIVATE LIMITED
VEND_28807464,BS AND SONS
VEND_9A6C5F55,SUBHASAGOUDA PATIL
VEND_90E38E74,TARSEM BRICKES COMPANY
VEND_7E20B91F,MANESH
VEND_E38CD302,GIRRAJ PRASAD MEENA
VEND_F9348400,MAHENDRA BUNKAR
VEND_A593B44E,BIMALA
VEND_667F3F97,MANOJ KUMHAR
VEND_636EF625,RAMOTAR MEENA
VEND_59EDDD56,TARACHAND VERMA
VEND_9359CA0B,FOR PRESIDENT VIJAY MAJOOR SAHAKARI SANSTHA
VEND_DB05130D,UMASHANKAR SAIN
VEND_84FBF7E1,BHAGWAN SAHAY
VEND_65B5DA06,GIRRAJ PRASAD
VEND_76B3E70E,SUNDER MOHAN HEMBRAM
VEND_25CC8DCF,ACHARASAN GRAM PANCHAYAT
VEND_FDB5DED2,JAMBA JUTH GRAM PANCHAYAT
VEND_2F8AFB9E,GURU NANAK GRAM UDYOG SAMITI
VEND_041E461D,NETRA RANJAN MISHRA
VEND_94B02C9E,MEDA AADARAJ GRAM PANCHAYAT
VEND_440D5EE7,SUKVAL GROUP GRAM PANCHAYAT
VEND_E173C76A,RAYPUR JUTH GRAM PANCHAYAT
VEND_C9BF8AD6,JAKHEL GRAM PANCHAYAT
VEND_8A235AC2,G KALESHA
VEND_75255251,JAY BHAVANI ENTERPRISE
VEND_2079B704,SWARA ENTERPRISES
VEND_47402C49,CHAGAN LAL JAT
VEND_09050C77,RAMESH SINGH
VEND_D1789199,DHARADHARA GRAM PANCHAYAT
VEND_75A75AF8,MITALIN DHAL
VEND_9791F204,KONDRU HAREESH
VEND_5224CEEE,SHYAM SUNDER ENTERPRISES
VEND_F0C1DB05,DASHMESH AGRICULTURE WORKS
VEND_25F21D89,DAVID CONSTRUCTION COMPANY
VEND_DC4D172D,JAYESHBHAI DHAKADIYA
VEND_70125950,ORIENTAL CONSTRUCTION
VEND_C957090C,GOYAL CEMENT AND IRON STORE
VEND_A2511170,RABIN DUTTA
VEND_F7A38540,NANDKISHOR NAMDEORAO THOTE
VEND_A9FB5537,A K TRADERS
VEND_F4FCF155,EHIKA GROUPS
VEND_37F542B3,GRAM PANCHAYAT HARSI
VEND_91E366AA,RAGHAVENDRA D
VEND_DBA38614,DURGA AGRO AGENCIES
VEND_376265C3,K VADIVEL
VEND_04976E01,DEIVASIGAMANI
VEND_5FEFE5F3,BERIN KLEIN
VEND_DDE91234,MINISLU BRAHMA
VEND_7368AA68,BRIGHTSTONE BEY
VEND_CD69B297,TADAM SOKI
VEND_AAEFC21C,MS JB ENTERPRISE
VEND_73984622,SAJI K KOYA
VEND_AA6331A7,RAJESH M
VEND_AB7EE64E,AMUM MOYONG
VEND_6F955396,BOMONG MOYONG
VEND_20FE0D4F,SHIV OM GRAM UDYOG SAMITI
VEND_36FC59F6,DHIMAN WELDING WORKS
VEND_3D2DC14B,KHALSA CEMENT STORE
VEND_9E4ACA41,MPTI RAM GARG BKO
VEND_9562FE75,REKHAPALLI VEERA VENKATA KRISHNARJUNARAO
VEND_B2D5E716,SENDUP DUKPA
VEND_86AE315D,KAMLESHKUMAR LABHUBHAI GONDALIYA
VEND_7235CFFF,KIRAN BHARAT KUMAR DAVE
VEND_CC0965B1,SARPANCH SACHIV GP PITHAMPUR
VEND_F064CF84,MARK ENTERPRISES
VEND_12925B5F,THE SALASAR COOP L 7 C SOCITY LTD KKR
VEND_0655B3A5,MAHADEV PROFILES AND STEEL INDUSTRIES
VEND_48558F55,MR SARPANCH SACHIV GP JALPUR
VEND_98B38EAF,HARSHAL AGENCIES
VEND_A784161B,MUKESH CHAGAN CHOUDHARY
VEND_AE04E35D,GRAM PANCHAYAT ANSODAR
VEND_BD9B678F,SRI SAKTHI ENTERPRISES
VEND_BBF69BF9,RAMSING KISANLAL JAT
VEND_BD7A4FD7,MANJU RAMSINGH JAT
VEND_BD9AD090,JAYRAM RODU
VEND_C8327143,BHAIRU LAL HIRA JAT
VEND_DBEF1888,DHARMENDR BHAIRU JAT
VEND_34BCCC70,RAMRATAN RAMNATH
VEND_80F87A09,BOPAL SINGH BAIRU LAL
VEND_59F77153,KAMALA TETU
VEND_4043B6DE,PRIYKA MAHENRA JAT
VEND_C644A4E7,MS LAL PRATAP SINGH
VEND_2F473474,PHURBA NARBU DUKPA
VEND_807B775B,GRAM PANCHAYAT BORGAONKHURD
VEND_7E1E9B33,MATEGAMA VINOD REDDY
VEND_E8AA03B8,VIKRANT ENGINEERING
VEND_69B0C3ED,MANI V
VEND_B2E9067C,SAINI BROTHERS
VEND_5E15316D,RK TRADERS
VEND_C0589561,KERALA SURGICAL EQUIPMENT COMPANY
VEND_020EFB33,MR SARPANCH SACHIV GP BHOTHALDIH
VEND_F593D57C,AMIYA KUMAR PANDA
VEND_DBF8D51C,RAMDHENU ENTERPRISES
VEND_A824EBAF,KISHAN FORCE
VEND_49B34A52,BUILD UP CONSTRUCTION
VEND_EEF84F23,HARISH METI
VEND_76EE232A,BOLLAMPALLI RAJA KUMAR
VEND_F9026E9D,NAGARAJA B
VEND_831FC34C,SAMRIDDHI ELECTRO AND CO
VEND_28369C69,RAJIV KUMAR CONTRACTOR
VEND_4DFB4427,SAHEB PRADHAN
VEND_A8E66A1C,SRIKANTH T
VEND_75F5D5F8,SREE MURUGAN CONSTRUCTION
VEND_DBFADF96,BIKKINENI ANITHA
VEND_B72BB772,ATANU KUMAR PAIRA
VEND_D9DDB043,VARUN KUMAR CONTRACTORS
VEND_B35CA480,GRAM PANCHAYAT MALOUD
VEND_601D30A9,LAKSHMAN
VEND_F2EB28C8,LEARMILDFORD A SANGMA
VEND_5218A75F,RINGU KAYUM
VEND_5A694AEC,PANEY YANA
VEND_1E26BCD5,CHELLO YACHAP
VEND_D224853B,HABIBUR RAHMAN
VEND_F038788E,SBRS INFRASTRUCTURE
VEND_C35EBEAC,PANEY AKASH
VEND_434C03AF,GRAM PANCHAYAT DEVDHI
VEND_6A275665,GRAM PANCHAYAT VASNA
VEND_A3EC2394,SRI RAKHAN G MOMIN
VEND_221A280F,PALODAR GRAM PANCHAYAT
VEND_A1440B1B,TARH YATU
VEND_94A9EDBE,TARH SINIA
VEND_FD1B502B,CHARADU GRAMPANCHAYAT
VEND_11A4C79F,TARH YAMA
VEND_7ACCC08A,CHANDRABHAN SINGH CONVENT SCHOOLL
VEND_99166624,SUBH ENTERPRISES
VEND_56974E22,A S ENTERPRISES
VEND_504620AD,DEV RAJ MASSEAN
VEND_C488E89C,TUSHAR ACHARYA
VEND_8956CF65,LIMB GRAM PANCHAYAT
VEND_42301A67,JIJAI MAJUR SAH SOCIETY
VEND_6F445125,NENAVATH DEVI
VEND_0D8E3E08,NEELAM CONSTRUCTION
VEND_839716B0,SKY GREEN SYSTEMS
VEND_3A8A629A,VIGYAN UPKARAN KENDRA
VEND_2ED61454,L N DREAMWAY CONSTRUCTION
VEND_9A04173A,GRAM PANCHAYAT PADIARKHAR
VEND_B4FAD8E7,PRADEEPA P
VEND_4771F391,S VENKATAIAH
VEND_ADCCD784,PABAN BORAH
VEND_F83AB7CA,SARVESHWAR VIDYUT MAJOOR VA BANDHKAM SAHAKARI SANSTHA MARYA
VEND_73957D20,M RAJA REDDY
VEND_A6F57472,ROHIT PRAKASH PORJE
VEND_9E9D29EF,MS NACHIYAR CONSTRUCTION
VEND_B8924BC2,DATTATRAYA ASHOK SHELAR
VEND_03D51CC8,GNS CONSTRUCTION
VEND_A8754394,SONALI RAJARAM KAPADI
VEND_966171CF,GRAMONNATI
VEND_5A043F85,GRAM PANCHAYAT KALASHAN
VEND_32A2B1BD,TORU DANDA ANJ
VEND_ECDE04FA,EXECUTIVE ENGINEER RURAL ENGINEERING SERVICE DIVISION MAHASAMUND
VEND_E9338572,GRAM PANCHAYAT ROHINI
VEND_088EF1FB,KHALSA ENTERPRISES
VEND_80CA7C83,S YOGAMBAL
VEND_8271CF5F,PAWAN KUMAR UPPAL
VEND_CB1F1BB1,JASVIR KAUR SARPANCH MALAKPUR
VEND_5A65BD64,PRMESHVAR HATHIRAM
VEND_101BE6E3,VV SIDDESHA
VEND_770EC78F,RATAN CHANDRA RAHA
VEND_DCBB03CF,MS SHIVAM BUILDING MATERIAL
VEND_CCA8D4C3,BIMAL AUTO AGENCY
VEND_3E49798B,GP LANA BAKA
VEND_955CDC24,GRAM PANCHAYAT NIVODIYA
VEND_406F48EC,SARPANCH GRAM PANCHAYAT JAIRAMNAGAR
VEND_A3E053FF,GANESH JOSHI
VEND_41EA5302,NIRMAL JOSHI
VEND_755DE161,SARPANCH SACHIV GRAM PANCHAYAT VIKASPALI
VEND_D2004A90,MAMTA JOSHI
VEND_2156285B,DHARIWAL INTERNATIONAL
VEND_AA56D371,GRAM PANCHAYAT ANTHARA
VEND_DAAC6FB9,CHHASIA GRAM PANCHAYAT
VEND_471E4962,SUBHASH SINGH
VEND_C0FD6A59,HEERALAL
VEND_A48E729C,NANAJAMPUR GRAM PANCHAYAT
VEND_85E4F9A3,BHOJRAJ GADRI
VEND_65DB3A1D,VINOD KUMAR SHARMA
VEND_4505A625,AANAND SHARMA
VEND_F87164D2,SURJI
VEND_FFA00294,JAIDEVI
VEND_6E904BA4,BHAIRARAM
VEND_E81BC7A9,MOHANRAM LACHURAM
VEND_0B209326,SHERARAM
VEND_4C09E697,THE VTR COOP L AND C SOCIETY LTD
VEND_690A95F0,ALPHATECH SOLUTIONS
VEND_1CB4D448,KOHINOOR TRADERS
VEND_3D18F8DC,NITUL BARUAH
VEND_49CDDDA1,MOTA SAMADHIYALA
VEND_C7871A25,THANGARASU
VEND_F9196DAA,C NITHYANANTHAN
VEND_2E772CAD,THE HALER JANTA CO OPERTIVE LABOUR AND CONSTRUCTION SOCIETY LIMITED
VEND_EF51D2CA,THE NEW BHARAT COOP L AND C SOCEITY LTD
VEND_0D47E5DA,M MAHAKUMAR
VEND_AFB9CEB6,SHAHED UDDIN AHMED
VEND_5377FC49,SEKH ISMAIL
VEND_3A37EA19,SARPANCH VILLAGE DEVLOPMENT OFFICER GRAM PANCHAYAT JEWALI
VEND_424EBFCA,ABDUL KADER
VEND_C2C7782D,NORTAVATA GRAM PANCHAYAT
VEND_1F7F60FE,THE LAVANYA CO OPERATIVE LABOUR AND CONSTRUCTION SOCIETY LIMITED
VEND_9944A5A1,ABDUL SATTAR
VEND_7A371D6C,PARNAPALLI KIRAN KUMAR
VEND_29FD34E8,MAUZA GRAM PANCHAYAT
VEND_3F7A5969,ZARNAVADI GRAM PANCHAYAT
VEND_DF5BD1D6,RAJVADI GRAM PANCHAYAT
VEND_B88AE89C,SARPANCH SACHIV GRAM PANCHAYAT RATGA
VEND_A248FF92,NANDKISHOR DHAKA
VEND_D01DC38C,THE AMIT COOP L C SOC LTD SONGAL
VEND_3E1A724F,PRETTIUSH D MARAK
VEND_39F6DC2B,MAHADEVA K
VEND_76E22C40,GRAM PANCHAYAT VEKARIYA
VEND_535BB261,SHRIDHARA AMIN
VEND_6FB21BFF,GRAM PANCHAYAT KOSMI
VEND_70DE7057,SARPANCH SACHIV GRAM PANCHAYAT RISAMA
VEND_3FE706B6,MS DEEPARAM GODARA
VEND_C5A547DA,MK INFRATECH
VEND_01B1978D,AGRAWAL NAVYUVAK MANDAL SATNA
VEND_D6FB03BF,DEDIYAPADA GROUP GRAM PANCHAYAT
VEND_EACCAAB5,ALMAVADI GRAM PANCHAYAT
VEND_C0B66627,SOMPURA GRAM PANCHAYAT
VEND_B0452094,DHOLAR GRAM PANCHAYAT
VEND_7DB5136F,SARDAR ENTERPRISES
VEND_8A0E1A81,GLLARAM
VEND_3E11805C,DHARARAM
VEND_8CAE7BBF,ABAL DEVI
VEND_864E6BFA,KOTAGALLA RAJU
VEND_78DD65AB,VIJAY KUMAR AMIN
VEND_96BB7441,SAMBHOI GRAM PANCHAYAT
VEND_D23BA1D7,MATIYALI TRADERS
VEND_53D57B89,PARTH CONSTRUCTION
VEND_AD4DC52D,SHEELA M
VEND_FB9EDED5,HARSHIT KUMAR RAJ
VEND_CD577C93,GP DARIN MPLADS
VEND_F98F9809,KUMAWAT CEMENT AGENCIEY ABHAWAS
VEND_6D835797,GRAM PANCHAYAT KAUDIYA
VEND_42A5FDB6,SARPANCH GRAM PANCHAYAT JANJI
VEND_3B794995,MAHENDRA SINGH BHADAURIYA
VEND_235F5D1F,ETA GRAM PANCHAYAT
VEND_F697B951,THE HARIHAR COOPERATIVE LABOUR AND CONSTRUCTION SOCIETY LIMITED
VEND_08B5E743,RATAN KUMAR SAHA
VEND_BD835DAF,VIRENDER KUMAR
VEND_A4EB9623,SHREE CONSTRUCTION COMPANY
VEND_176755F1,GRAM PANCHAYAT BORGAON
VEND_5C01B581,AKILESH R
VEND_B25DF7B7,GRAM PANCHAYAT PALNA
VEND_B5EF3BF9,MEATCHI R SANGMA
VEND_D7C03ED0,SHREE DHARMAJI ADIVASI SOCIETY
VEND_D54968FB,MANOGARAN P
VEND_0FFF86A3,VISHNU H
VEND_61D7FBA0,SARPANCH GRAM PANCHAYAT KHANDSA
VEND_49A9BC8D,PROVA CONSTRUCTION
VEND_04F014AA,SPORTS JUNCTION
VEND_06D528B2,MOTA BHADIYA GRAM PANCHAYT
VEND_431FECCD,TIKAR GRAM PANCHAYAT
VEND_2749616C,MAYAPUR GRAMPANCHAYAT
VEND_22A88180,SIMLI GRAM PANCHAYT
VEND_A16021F7,MS DC ENTERPRISES
VEND_E46E6455,DHILLON HARDWARE STORE
VEND_DC78214F,GIRISH CHAND YADAV
VEND_ADFCF549,CHARBHUJA ENTERPRISES
VEND_1110F0F1,GRAM PANCHAYAT DURGAPALI
VEND_47907C77,RAJ TRADING
VEND_64A4370D,DEROL STATION GRAM PANCHAYAT
VEND_2468FA37,DHABHAI CONSTRUCTION
VEND_28CDEE5F,SHRI AASHAPAR JUTH GRAM PANCHAYAT
VEND_B8AA45C4,SHREE KHIRSARA VI GRAM PANCHAYAT
VEND_7313A0BA,SAI TRADERS
VEND_9D3DC3AD,KHIMA RAM
VEND_DB3D59D6,TENZING TSHERING SHERPA
VEND_6A7C7692,MULBHUT G P BARTARAI
VEND_C45A3B88,KR ENTERPRISES
VEND_B58F774F,SWAMI NARAYAN CONSTRUCTION
VEND_F7D06901,AMIYA
VEND_84966EA6,DHANI KUMARI
VEND_CA58743C,RAKESH CHOUHAN
VEND_68267513,KANYA KANWAR
VEND_7AB44E76,CHUNA RAM
VEND_D74F64B2,PARAS KANWAR
VEND_02DF01C0,SHUBHAM KUMAWAT
VEND_D65D1CC1,NANA JAMBUDA GRAM PANCHAYAT
VEND_6BCB916A,M S SRI MAHASHAKTHI ENTERPRISES
VEND_56D21E96,CC FOR CONSTRUCTION OF BOUNDARY WALL AT UJJAL NAGAR NAMGHAR
VEND_E4132111,CC CONSTRUCTION OF BYE LANE ONE UJJWAL NAGAR KAHILIPARA
VEND_BF5E33FE,BIMLA AUTOMOBILES
VEND_E6E511E6,KESIMPA GRAM PANCHYAT
VEND_E333C529,DILLIP KUMAR ROUT
VEND_39CB6C60,GRAM PANCHAYAT CHANDKHURI
VEND_18DBD840,VIRJAI GRAAM PANCHAYT
VEND_C38DDBBE,NANIKORAL GRAM PANCAHAYT
VEND_0B1F70EA,RATANPAR GRAMPANCHAYAT
VEND_2FAB7AE9,JANG BAHADUR BAL VIDYA MANDIR
VEND_E058EFCC,ADVANCE TECHNOLOGY INDIA
VEND_27CC4879,KRISHANEND CONSTRUCTION SATNA
VEND_4F2BECE0,THE NEW GOYAT CO OP LANDC SOCIETY
VEND_0AA6F89B,RAVALIYAVADAR GRAM PANCHAYAT
VEND_EE8BF2D3,MODERN INDUSTRIES
VEND_95AE1151,AASTHA UMV SONVAL
VEND_DA196F98,GRAM PANCHAYAT UPLAI
VEND_8DF4D789,GANDHRA GRAM PANCHAYT
VEND_099787DA,AKA CONSTRUCTION
VEND_D15846E2,GP KARWAL
VEND_CDEA088B,GAWALU
VEND_F0A3B4B0,SHRIMANTH SAHEBAGOUD PATIL
VEND_E6FD3BB4,ASHISH CONSTRUCTION CO
VEND_531CDDDC,RASALTYA GRAM PANCHAYAT
VEND_D23A5125,GADANI GRAM PANCHAYAT
VEND_6E1DEEBD,HEAD MISTRESS ST MARYS U P SHOOL
VEND_CAC60DED,GRAM PANCHAYAT DUDHIYA
VEND_BED56AE7,BHAGCHAND CONSTRUCTION COMPANY
VEND_5091E1DA,SRI PONKAALIAMMAN INFRA PROJECTS
VEND_2F6A41AA,KR KUMAR
VEND_3175415A,PARMAR MUKESHBHAI MANSUKHBHAI
VEND_EBC2690B,GRAM PANCHAYAT BHARRITOLA
VEND_ECD91877,VIJAYAKUMAR CONSTRUCTION
VEND_ADCAD85B,GOVENSTAR D MARAK
VEND_793F30D9,C LOGANATHAN
VEND_0B826DC1,GRAM PANCHAYAT KARMADIYA
VEND_8FF835F4,KSB SOLUTIONS
VEND_73D9F2FB,JITPUR GRAM GROUP GRAM PANCHAYAT
VEND_88EA0C4B,NAIB SINGH
VEND_97F155B2,SELVANAYAKIAMMAN BUILDERS
VEND_04FA2AB8,DISTRICT MINERAL FOUNDATION TRUST UTTARKASHI
VEND_155CE809,CHANCHAKVAD GRAM PANCHAYAT
VEND_F2C0D5CA,GP DHANED
VEND_1E8F4CB5,SANKHOLIA TRADING COMPANY LACHADSAR
VEND_16976332,ARJUN RAM
VEND_4293E486,ELACHI
VEND_FD2F8330,LILAPUR GRAM PANCHAYAT
VEND_304B9BD2,DAD INCORPORATION
VEND_F7237E8E,HARANIYAV GRAM PANCHAYAT
VEND_2008940E,SHIV CONSTRUCTION COMPANY
VEND_376FF108,MAGROO MANDIR MAHDEV SABHA AVAM VIKAS SAMITTEE MAGROO
VEND_62378354,GRAM PANCHAYAT TIPANGARH
VEND_5EF3CD3E,JEROME LESLIN
VEND_F4213162,CHANDAN BHUYAN
VEND_903CD8BA,EURO CARE ENTERRISES
VEND_A1296082,MAHADEV BUILDING MATERIALS
VEND_EEF7C117,SARPANCH NADAGCHOND
VEND_5FCA7098,BHUKYA RAMESH
VEND_F472733B,G J CONSTRUCTIONS
VEND_6CAF03C6,SOLANKI BHEEM RAO
VEND_5FCEF28A,DAHEGAMDA
VEND_4C8CAD5B,SARPANCH GOLWADA GROUP GRAM PANCHAYAT
VEND_D61D5045,JONNA PRABAKAR RAO
VEND_C153B9EA,MS SHRI RAM CONSTRUCTION SUPPLIER
VEND_BDC66899,OS AND CO
VEND_E203D078,SAV CONSTRUCTION KUMARESAN MANILAL
VEND_05085AA5,BECHARARAM
VEND_AB018F33,SUDHAKAR RATHOD
VEND_D30C7640,GRAM PANCHAYAT MEVASA BAVANA
VEND_A3736BA7,K NARENDER
VEND_D7E18207,MESSERS MAHI INFRA
VEND_7CC2EBB7,SHIR GRAM PANCHAYAT
VEND_D883DA1D,GRAM PANCHAYAT BHAKURRA
VEND_6C441316,GARM PANCHAYAT METEPAR
VEND_E9938F9E,GRAM PANCHAYAT PINKAPAR
VEND_2A5EB141,YAJUM NIRIN
VEND_B6D143B7,HUMA ENTERPRISES
VEND_118C9291,MISHRARAM
VEND_49EA59D7,SOMATMAL
VEND_0F2EF0FC,GRAM PANCHAYAT MANDWI JP MANAWAR
VEND_A1ACF915,SHREE RAWAT BHOJ ENTERPRISES
VEND_4DD90275,BADAL GADRI
VEND_E38EE0F4,VISHAL DODDI
VEND_180BA4E5,MADHU J
VEND_5AC057E8,AMEERAFZAL BAGEWADI
VEND_B24FCB1E,AAO ERO SRIKALAHASTI
VEND_5B5B863D,EE RURAL DIVISION APSPDCL TIRUPATI
VEND_C6BE2C68,A RAMAMOORTHY
VEND_F21ED401,VIKRAM SINGH GUJAR
VEND_54DAA24F,AHOK KUMAR
VEND_F18A8B5B,DEVKI PRASAD
VEND_13093036,MAHVIR PRASAD
VEND_CB39F22A,V GOMATHI CIVIL CONTRACTOR
VEND_A23D7FD3,THONTI CHINNA NARSAIAH
VEND_6E2A0677,BRAMMAROUTHU NARESH KUMAR
VEND_F462E081,GRAM PANCHAYAT BHIYAL
VEND_51C22F0A,R R CONSTRUCTIONS
VEND_D5C95AEE,MIRAPURI GRAMPANCHAYAT
VEND_616052A6,SANGAM CONSTRUCTION COMPANY
VEND_9E18511B,JYOSHANA
VEND_AF1E3E53,VARATHARAJAN RAMASAMY
VEND_5E03CD60,K K THAMBAN NAMBIAR
VEND_0E26CEB8,SENTHIL C
VEND_8F7023F6,DAMASA GRAM PANCHAYAT
VEND_21A79A5B,BODANAPU MALLESWARI
VEND_14156702,BOREDDY KAMESWARA REDDY
VEND_68216128,AYYAN CONSTRUCTION
VEND_45D928D5,GRAM PANCHAYT KACHNAR
VEND_A84D9D25,BHARATH CONSTRUCTION
VEND_86177F16,MS POONAM CONSTRUCTION COMPANY
VEND_F96FAE18,AMIT KUMAR SAI
VEND_A68B2331,SPR IMPEX PRIVATE LIMITED
VEND_AFD9296B,PUNJAB TUBEWELL STORE
VEND_D78F6A40,GRAM PANCHAYAT BANDHALA
VEND_DC9C2E81,PAPPULA LAKSHMI NARAYANA
VEND_B529962F,GRAM PANCHAYAT KAND
VEND_8FD3D3FC,LAKHI BUILDING MATERIAL STORE
VEND_48EF30F1,SUKHBIR SINGH
VEND_67BDB9A3,VIDHAN INFRACON PRO NITIN KUMAR SHUKLA
VEND_0CEB6669,SAMASPUR GRAM PANCHAYAT
VEND_114963B4,GRAM PANCHAYAT REWAS
VEND_3EF0079E,GP PANBIHAR
VEND_F516E5A3,PRINCIPAL SARASWATI HIGH SC SCHOOL BADAMELRHA
VEND_EAC49E64,MA DURGA TRADERDS
VEND_3C987A3C,SARANG BUILDING MATERIAL SUPPLIERS AND CONSTRUCTION
VEND_34F769A9,MITHUN DEBBARMA
VEND_2DF4CE6E,MAHABALAJI CONSTRUCTIONS
VEND_1042AB38,CONSTRUCTION OF OPEN STAGE AT THABALPARA YOUTH CLUB THABALPARA KUKURKATA
VEND_6389532D,AYYAPPA BOREWELLS
VEND_2676C8D0,MAA KALAWATI PS
VEND_12F61315,MRS THANGAMANI K
VEND_90F06CCC,MS B ENTERPRISE
VEND_F007911C,SATYAM ENTERPRISE
VEND_A4171439,DINESH RAI
VEND_DF73DE2E,AGRI BUSINESS CENTER SHAPAR
VEND_917D9625,CHIKHALI GRAM PANCHAYAT
VEND_D59A61B6,LERKA GRAM PANCHAYAT
VEND_760D9DB3,LALIT MOHAN MOHANTA
VEND_4122ADB4,DALJYOR UNEMPLOYED ENGINEERS COOPERATIVE
VEND_5FFBBB1F,AHMED ENTERPRISE
VEND_C22207BE,SWAPNIL WASUDEO BHAKTE
VEND_EDAED18D,THE BEHLBA CO OP L AND C SOCIETY
VEND_A798C8C1,BAWKTLANG
VEND_C72F6C8F,BABA NEEM KAROLI ENTERPRISES
VEND_6741E070,R K GUPTA
VEND_9DA334F3,TARNETAR GRAM PANCHAYAT
VEND_8D12789D,AV TRADERS
VEND_0133FFCB,ACME CONSTRUCTION
VEND_52250686,HONEST ENGINEERS
VEND_0803EFC8,RASANA MOTA GRAM PANCHAYAT
VEND_BF4532CC,KAMARAJ S
VEND_82C816C8,PUDA GRAM PANCHAYAT
VEND_EA17483C,SHEEL SONS
VEND_75776863,SRSG ASSOCIATES
VEND_B5FEDFE3,RAMSAN GRAM PANCHAYAT
VEND_A60ABE77,SODHANA GRAM PANCHAYAT
VEND_CCB9E2A9,GRAM PANCHAYAT KATHODA FAZALPUR
VEND_EE8FBCA5,GRAM PANCHAYAT HIRANKHEDA
VEND_22189AE0,GRAM PANCHAYAT AUSANKHEDI
VEND_81FDDB89,EMMADI SHARADA
VEND_9552C4DA,GRAM PANCHAYAT KULGAON
VEND_B053DF5D,CHAMETHA GRAM PANCHAYAT
VEND_09E8E225,AKONA GRAM PANCHAYAT
VEND_1A393C9C,TRIDIB POWER
VEND_D42AF205,G G TRADERS
VEND_220B5607,KERALA FINANCIAL CORPORATION
VEND_0E034B1B,GRAM PANCHAYAT DATRENGA
VEND_425A6842,GRAM PANCHAYAT SEU
VEND_1DA5E146,JEEVE CONSTRUCTIONS
VEND_E11B30F3,RK TRADING AND CONSTRUCTION COMPANY
VEND_230C7A94,MANJUNATH AIDAMANI
VEND_7EC77D0A,SINGLA BUILDING MATERIAL STORE
VEND_3E020BED,TAWARI CONSTRUCTION
VEND_44DBF480,ROCK STONE CONSTRUCTION
VEND_C97AC365,MS MIDAS CONSTRUCTION
VEND_EF7A2AEF,RATUL GOWALA
VEND_306208CB,NAGARAJ
VEND_8B8C5F77,GRAM PANCHAYAT TAKHLAKHURD
VEND_C58F2262,NANI ADBOLI GRAM PANCHAYAT
VEND_CD2789E7,PARSHURAM UDO COOP LABOUR SOCIETY LTD
VEND_1316225D,SWASTIK SAHAKAR S M
VEND_20D41906,VAMOJ GRAM PANCHAYAT
VEND_63FB1E65,GRAM PANCHAYAT SUKLA
VEND_8EB92A76,GRAM PANCHAYAT SEELADEHI
VEND_AED3DDAE,FAIRDEAL ENTERPRISE
VEND_1F89BB7A,LAKSHMANAN
VEND_0D07CEF2,KALIDAS RAMASAMY
VEND_205E9384,BENNY VP
VEND_5CD661A7,GYALCHEN TAMANG
VEND_CE2156D1,ACHIK HERITAGE PURSUITS
VEND_8DF41320,ASHAPURA CONSTRUCTION
VEND_13E0E5AE,SRI SRINIVASA ENTERPRISE
VEND_705AFBF4,VARATHAN A
VEND_6909B053,INDIAN FOUNDARY AND STEEL INDUSTRIES
VEND_078DC595,SATHISH
VEND_64F4054B,DARSHADI GRAM PANCHAYAT
VEND_2DE067B9,MAHENDER KUMAR
VEND_C981184B,SUBI
VEND_018A214D,DROPATI
VEND_2FB96934,NATHU LAL
VEND_DCDDECA0,PRABHU
VEND_1028BDAD,MAHADEV PRASAD MEMORIAL SCHOOL SAMITI
VEND_3EEC8415,RAJENDRA PATEL SHIKSHAN SANSTHAN
VEND_4B210C25,MUMAL
VEND_07FCF3AF,DIPARAM
VEND_B617CF14,DILKUSH PRAJAPAT
VEND_8F1FD6E4,OMPRKASH
VEND_255B1E73,SKYLINE CONSTRUCTION
VEND_9E35A079,VCP FIELD VENG
VEND_AB64DAF5,SHAHID SAINIK CONSTRUCITON COMPANY
VEND_8D7DB495,LEKH RAJ
VEND_A4E5BB5D,JAIDI CHINNA REDDY
VEND_769E6B29,RAJ ENTERPRISES
VEND_6CA06A89,NAVASKHAN
VEND_D7938CAB,SHRI RAM KUMAR MOHONI DEVI ADARSH SHIKSHAN SANSTHAN
VEND_9FDA46EE,ADITYA SURYAKANT GHEVADE
VEND_F4D64B88,GP NERI
VEND_842A4099,SRI SWAMI DAYAL MEMORIAL PUBLIC SCHOOL
VEND_E4A63018,SHAILESH UDAYSINGH BHOSALE
VEND_658BFB99,ABBURI SRINIVASA RAO
VEND_9D763CE8,AKANSHA CONSTRUCTION
VEND_44E3163A,UP POWER CORPORATION LIMITED
VEND_A8374B82,POONIYA CONSTRUCTION COMPANY
VEND_7C5A158D,SAINIK SCHOOL AMETHI
VEND_DD116AA2,SANTOSH SHAMRAO INGALE
VEND_1F0008C9,ST FRANCIS DE SALES SECONDARY SCHOOL MAWRYNGKNENG
VEND_25448B16,SAINI STEEL FABRICATORS
VEND_482CDB61,MS ANDHANA CONTRACTOR
VEND_83878C91,P
VEND_48BE14AA,SULTANPUR GRAM PANCHAYAT
VEND_50F56A7F,DHARALA GRAMPANCHAYAT
VEND_CF5A7488,GRAM PANCHAYAT BEMCHA
VEND_3F93280D,GRAM PANCHAYAT LOHARDIH
VEND_B2BEAF31,RANEKPAR GRAM PANCHAYAT
VEND_231519AE,SUKHPAR GRAM PANCHAYAT
VEND_AA291403,ARBAJ KHAN
VEND_6E8C5F6B,GRAM PANCHAYAT JOBAKALA
VEND_FA9732F6,RIPUDAMAN SINGH SOLANKI
VEND_65F93AC7,PIRSINGH
VEND_8BA1D7F5,SAMARJEET SINGH
VEND_653C25A5,MS RAHUL INTERNATIONAL
VEND_21534E0F,GRAM PANCHAYAT TUPAKBORA
VEND_E80E9362,ZAQIR HUSSAIN
VEND_76CE3B5C,A RAVI KUMAR
VEND_5E81A024,PUSHPA M
VEND_5E7BBDD0,R VIGNESH
VEND_79ED12E2,U KARTHICK
VEND_CEDC474A,PUNAM DAS
VEND_B627D624,SK CONSTRUCTIONS
VEND_77CE8D52,JAI MATA DI CONSTRUCTION KELWARA
VEND_3C945E09,SHRI RAMDEV CONSTRUCTION
VEND_7A895B43,ARIGELA CHINNA GANGADHAR
VEND_0ADAE46E,SAGANPURA GRAM PANCHAYAT
VEND_14AA0C87,BAPULAL DAMOR
VEND_FD42F7E3,VAKTAPUR GRAM PANCHAYAT
VEND_515FEECE,GANESAN P
VEND_ED24610B,NAVRATAN
VEND_667AE756,BHUPENDRA SINGH
VEND_8457268B,NARAYAN LAL
VEND_CC9C225F,PUKHRAJ JAT
VEND_B94D5262,MAHAVEER GURJAR
VEND_75E5B1A0,HEERA
VEND_48C72691,MOSAM DEVI
VEND_BDFA3506,POOJA KANWAR
VEND_7F551A82,KANKU
VEND_DC750C60,PRABHU WELDING WORK SHOP
VEND_54B7162B,SWASTIK TRADERS
VEND_831EB40B,BHAGRATI
VEND_BCD49ECC,RAMBAI
VEND_3C26C824,DASMA
VEND_154F238A,SANGEETA PARTE
VEND_247E0A31,MANISHA
VEND_978FBEA4,BHAJANLAL
VEND_57F105CA,KISHANLAL
VEND_E4217639,RAHUL KAROCHE
VEND_8D0D8FB3,PARMI KAROCHE
VEND_66A35A41,SANGEETA DHURVE
VEND_72D925A0,VIJAY KAROCHE
VEND_E77943AB,LILMA
VEND_431F2EDC,KANAHIYA
VEND_DC5272D0,SUGANTI PANDRAM
VEND_FE634279,ANKIT KUMRE
VEND_F8C4A9EA,ARUN VISHVAKARMA
VEND_40AA544D,NARABDI NAVDE
VEND_DD957E40,GAYATRI KAROCHE
VEND_C9E9EAD4,SUKHRAM EVANE
VEND_963F9BDA,MS SARLA ENTERPRENEUR
VEND_00E0270D,SHUNITA EVANE
VEND_8196B5E5,LATE RAM SUNDER SHUKLS SMARAK KANYA INTER COLLAGE SIKATIYA
VEND_8E7CEB31,VIRVURU CHENCHAIAH
VEND_77B81501,SHYAM JI ENTERPRISES
VEND_F64B34CB,ST BERCHMANS COLLEGE
VEND_CAA9EC56,MANAK BRAJLAL EVANE
VEND_A5E7350A,ANUPMA RAI MEMORIAL COLLEGE OF EDUCATION
VEND_FCD34F3B,SARPANCH SACHIV GRAM PANCHAYT SINDEHI
VEND_B3830674,N A CONTRACTOR
VEND_009DFCE5,PRAKASH CHANDRA BUDHLAKOTI
VEND_1461F827,NAVEEN SINGH
VEND_91159B03,BHAWANI DEVI
VEND_C57E1EE1,SRI RAMA INFRA PROJECTS
VEND_4349F2AE,DR TRADING COMPANY
VEND_8B4B8AA0,TANU INFRASTRUCTURE
VEND_EBC0B04B,G D CONSTRUCTION
VEND_9E8DCB17,ABHINANDAN ENTERPRISE
VEND_3DA15C92,MASUM CONSTRUCTION
VEND_F394DDCC,GRAM PANCHAYAT BARWAS
VEND_B6BE10FE,MS RUDRAKSHA SALES
VEND_BF9A04AD,SAKTHIVEL E
VEND_0D86BCBC,GANGA VALLEY ENTERPRISE
VEND_1CA829A6,ASHOK G DODAWAD
VEND_09487ECD,R2V CONSTRUCTIONS
VEND_42562B3B,PALASH ENTERPRISE
VEND_3F49B54E,MS MIR ENTERPRISE
VEND_E36CB791,SAMPATTI MEMORIAL GRAMIN VIKAS SANSTHAN
VEND_38834A10,SAMPATTI MEMORIAL GRAMIN VIKAS TRUST
VEND_B67D90FC,GP KUI
VEND_D574BD5E,SHREE CONSTRUCTION
VEND_4EC02407,B DAS CONSTRUCTION
VEND_D9A2A1C7,GP SUMMERKOT
VEND_EE794D92,RAMITA PARHI
VEND_B3DF6191,SUDHIR SHIRISH DIVEKAR
VEND_55FAFDFF,RAMASAMY AND SONS
VEND_E581EF7E,SARPANCH SACHIV GRAM PANCHAYT TAKSIWA
VEND_F568D3A8,ADIWADA GRAM PANCHAYAT BECHARJI
VEND_70CD1072,JAGDAMBA CONSTRUCTION COMPANY
VEND_36306FE6,AMRUTVEL GRAMPANCHAYAT
VEND_9A7BA006,ANITA SENAPATI
VEND_A523C03E,SWARAN SINGH TARLOCHAN SINGH
VEND_4B2E046E,SAMANYA NIDHI SAR SACHIV GP KANHERI SARA
VEND_2D5B065E,MAIDUL KHAN
VEND_40258F09,SATGUR SIMRAN TRADERS
VEND_A96C8A4D,PRINCE SAINI
VEND_4C3BE929,KIRUBAI CONSTRUCTION
VEND_EC8A7DD8,GRAM PANCHAYAT BACHHAURDIH
VEND_4B7A8AC8,BALAMURUGAN K
VEND_82BBF8A0,BHANIYA JUTH GRAM PANCHAYAT
VEND_AD14324F,UPENDRA KUMAR THIADY
VEND_7EF8C629,S V TECH CORPORATION
VEND_F64358AE,TAHASILDAR DASPALLA
VEND_FFA3D4EE,BLOCK DEVELOPMENT OFFICER DASPALLA
VEND_E99216D3,KHALILD AHMAD
VEND_A50C5AAB,ASHOK MAJUR SAHAKARI SANSTHA LTD
VEND_EDCCD8A0,PINKI KRISHI UDYAMI SEVA KENDRA PROP PINKI KUMARI
VEND_864265D7,GV INDUSTRIES
VEND_EC3B9CFF,MADAN SIGH
VEND_D0AD8ED9,GANESH SINGH MEHRA
VEND_4481250F,NIRMAL NGATE
VEND_9DD6E7F5,NOONE RAJASHEKAR
VEND_1DBD3539,VINITA DEVI
VEND_3C9A00F4,FANCY SPORTS
VEND_A400B649,GRAM PANCHAYAT MURMURA
VEND_809318BD,GRAM PANCHAYAT SAJAPALI
VEND_E7A0C0E7,SURESH CHANDRA SAHOO
VEND_1D252715,YALLAPPA KARIYAPPA KARIGAR
VEND_ED8338B8,RAMESH CHANDRA JANI
VEND_84764619,DILLIP KUMAR BEHERA
VEND_6868A41E,BRUNDABAN BIHARI PANDA
VEND_43FE0270,RASHMI RANJAN DASH
VEND_2F1517B0,SAMANTA ENTERPRISE
VEND_9A837D8E,THE KALAYAT SHRI SHRYAM JI CO OP LC SOCIETY LTD
VEND_BBEA9362,THE RUDAR SISWAL CO OP LC SOCIETY LTD
VEND_F7E1748D,GP DHOURABHATHA
VEND_9F0BC4F2,AALYA CONSTRUCTION
VEND_64F4DFF7,KULDIP KUSHWAHA
VEND_1670FE46,MS PEETAMBARA CONSTRUCTION
VEND_C03E3C49,RAJA RAJESWARI CONSTRUCTIONS
VEND_4CD04396,MS SAWARIYA TRADERS
VEND_65C50A06,GP BANAHA DHINI
VEND_59439D42,MAHINDER SINGH
VEND_8621EEE3,GRAM PANCHAYAT GADADONGRI MAL
VEND_CEFC2CB6,RATNA ENGINEERING CORPORATION
VEND_42B7D03D,GRAM PANCHAYAT DURUG
VEND_A646F87A,RAGHUNATHJI MATERIAL SUPPLIERS
VEND_F5EC4EFB,GR DEEPTHI GOKULAKRISHNAN CONSTRUCTION
VEND_7D6193C9,JANUDA GRAM PANCHAYAT
VEND_9E4757F6,GRAM PANCHAYAT KANEK
VEND_65465564,BAGRI TRADERS MAHUTA
VEND_DF5091C1,GHEESA RAM CONSTRUCTION COMPANY
VEND_98AA55D9,MORVAD GRAM PANCHAYAT
VEND_BED2A6FA,ANKIT VASANTBHAI RAMPARIYA
VEND_B460ACAB,NEELAPPA G BADIGER
VEND_E824DE1B,M AND N MOTORS PRIVATE LIMITED
VEND_8C04B59E,ARJUN BHATT
VEND_B53650AB,BHUWAN CHANDRA BHATT
VEND_748302DD,MOHAN CHANDRA
VEND_631CC6D1,TRICHOLAN
VEND_6E9ACBE8,DINESH BHATT
VEND_03671605,NARASIMHAN N
VEND_BF734B95,KHOLIYA ENTERPRISES
VEND_5DC8E994,GRAMPANCHAYAT S F NIMBHA
VEND_B6CC1F57,M JANARDHAN REDDY
VEND_1DFBCF26,VAIBHAV M K SAH SOC LENAD
VEND_76B83574,MP STATE COOPERATIVE MARKETING FED LI RAJGARH
VEND_8BAA77CE,GRAM PANCHAYAT BHENDIMAHAL
VEND_C837C44B,MALSAWMTLUANGA
VEND_9CC8C8A7,SHIV KRIPA HARDWARE AND SANITARY STORE
VEND_096F5FE3,DHANA VIMAL
VEND_03AAEA44,SARPANCH GRAM SEVAK GRAMPANCHAYAT SHIRASGAON TQ KANNAD
VEND_496EBD08,DURTLANG LOCAL COUNCIL
VEND_3520DE98,VEENA ENTERPRISES
VEND_3B66815D,SRINATH JEE INTERMEDIATE COLLAGE BASDILA
VEND_E02B04E2,KANUR KUMMARI RAMESH
VEND_9BFDAC9C,SURAJ JASSAL
VEND_C343BF87,ROHIT BHARAT SAWANT
VEND_46E4A79E,MS ANVI CONSTRUCTION
VEND_C0D4479E,MS JYOTI CONSTRUCTION AND SUPPLIERS
VEND_36C75D8D,RUPAL KUKAS GRAM PANCHAYAT
VEND_A7EEA35F,GARG PIPE STORE
VEND_CF8FAE63,SDO OP DIVISION DHBVN UMRA
VEND_39C13ED5,SDO OP DIVISION DHBVN MUNDHAL
VEND_811E68EF,THE GILL GRAM UDYOG SAMITI BKO
VEND_227D4554,UMAR CONSTRUCTION BIRGAON
VEND_8A5CF10F,NEW SHIV ELECTRIC STORE
VEND_FE4D763A,JINDAL PLYWOODS
VEND_D24AC599,SHIVANSHI CONSTUCTION
VEND_040D7916,GRAMPANCHAYAT S F GADEGAON
VEND_4C3C9EF5,SARPANCH SACHIV G P DANAPUR SAMAYNA FUND
VEND_DD279E8F,ANKUSH IRON STORE
VEND_39C9934B,SARPANCHA SACHIV G P KARALA BK
VEND_AEF39868,GRAMPANCHAYAT WADGSAON MENDHE TAJNAPUR
VEND_663BE26B,GRAM PANCHAYAT KAILASHPUR
VEND_6DE629E9,MR NAGABHUSHANA
VEND_DA1F2143,GARM PANCHAYAT SALBA
VEND_67502CDE,M S A R GROUP
VEND_C89AD0FD,GRAM PANCHAYAT HASUWA
VEND_35CCCEC9,SUKHJINDER SINGH
VEND_B0BF2F20,BAWA CEMENT STORE
VEND_FF943845,VAVDI GRAM PANCHAYAT
VEND_19B23DFB,SIRANJEEVI M
VEND_93DF3A50,JAIN COMPUTER
VEND_7636A151,SENTHILKUMAR D
VEND_6EC8655F,GP SARI
VEND_0EEEA7A6,NGURTHANTLUANGI
VEND_A1DB3EA7,PC LALTHANLIANA
VEND_3B6474A8,DAVID LALENGZAUVA
VEND_0B46FBE4,P LALLIANHLUNA
VEND_E9712FCB,PC CHUAUKUNGA
VEND_EFCBDABC,GRAM PANCHAYAT CHANDROPA
VEND_3A0F6891,C VANLALZAMA
VEND_360B61DF,MEHTA RAMESHKUMAR GOUTAMLAL
VEND_7F9A0219,PSEB NATHANA
VEND_C88C9F7D,BDO PATTANAKKAD
VEND_9F41E3C9,AGGARWAL MARBLE HOUSE
VEND_C02F66B0,K RAMU
VEND_0B2E6764,SHREE BALAJI TREDERS
VEND_305C7BED,JAI SHAKTI STEEL INDUSTRY
VEND_D7C7ECC7,DNYANESHWAR PANDURANG SAHANE
VEND_47A9FF94,KHATLA EAST LOCAL COUNCIL
VEND_76B933CA,MAUBAWK LOCAL COUNCIL
VEND_38E97037,LAWIPU LOCAL COUNCIL
VEND_9E456CEF,SALEM VENG LOCAL COUNCIL
VEND_A8D09E2B,RAJYA VITTYA AAYOG GRAM PANCHAYAT KOHKADEVER
VEND_B782C486,RUGANATHPUR GRAM PANCHAYAT
VEND_EE551EC2,GRAM PANCHAYAT KATARPARA
VEND_03A3A202,CHALODA GRAM PANCHAYAT
VEND_8C0580AE,BABITA DEVI
VEND_4DFA8938,GIGRAJ
VEND_3EAE323D,KHUSHI AGARWAL
VEND_DD785B11,KRISHN
VEND_00072D5D,NARESH KUMAR GURJAR
VEND_735E0E89,ULKA GURJAR
VEND_D73D8B5D,VIKASH JAGNANI
VEND_006AB3B6,GUNDA NA PARA
VEND_0CD2A7B5,ROHIKA GRAM PANCHAYAT
VEND_AC6ABC63,HIRANA GRAM PANCHAYAT
VEND_42B75D7D,POUDEL AND POUDEL ENTERPRISE
VEND_2C01C0DB,NEPTUNE ENTERPRISE
VEND_67109FA8,THANBANGLOVA
VEND_9FD7E8AC,ETHIRAJ R
VEND_ACFF2244,GANGAVARAPU MADHAN
VEND_B317E7D3,ELANGOVAN
VEND_3329751C,PERUMALSAMY
VEND_98AC864E,KILARI KONDAPA NAIDU
VEND_CCBF8285,JK APPASAMY CONSTRUCTION
VEND_84746BFE,SRINIVASA BOREWELLS
VEND_C7553ADA,MAHESWARI
VEND_BE826A1F,SRI KAMATCHI CONSTRUCTION
VEND_6596068F,A G SAMPATH
VEND_271293F5,LAKADBARI MAJUR ANE KAMGARONI SAHKARI MANDALI LIMITED
VEND_298AB494,NASHIR KHAN
VEND_788C70BB,GP BHOGRWAN
VEND_9F2CC6D5,GOURI SHANKAR ROY
VEND_340DFB84,LOVJEET SINGH
VEND_778286EF,RAGHVENDRA SINGH CHOUHAN
VEND_42B230A0,PINTU KUMAR
VEND_0A4433CD,PARVTI
VEND_AC001D89,CHANDAN K K
VEND_BC0B7151,AMBA
VEND_081BDCBC,GRAM PANCHAYAT KALANTRA
VEND_6A0B4CFA,GRAM PANCHAYAT KHANDELSAR
VEND_2DCAAAE9,MOKA SATYA DHANA CHANDRA SEKHAR
VEND_A41D993E,MOTI LAL
VEND_272D9D48,SHREE BHOMIYAJI INTERPRISES
VEND_AF80370D,SARTANPAR GRAM PANCHAYAT
VEND_F6636B8D,CHHOTELAL
VEND_881EAA3E,NANDARKHA GROUP GRAM PANCHAYAT
VEND_E0437CB8,GRAM PANCHAYAT KHADKI
VEND_EE039741,GRAM PANCHAYAT BHUKBHUKI
VEND_9F76E3D4,GRAM PANCHAYAT KHADGAWAN
VEND_BADDCC83,GRAM PANCHAYAT PONDIDIH
VEND_09299E13,DHINDSA CONTRACTOR
VEND_C9E017AD,GHEESA RAM
VEND_4BD28267,RAJU SAINI
VEND_7A623A70,LOVEKUSH
VEND_1023A0E8,MUSTAK KHAN
VEND_1A1CA290,GOKULASELVAN M
VEND_0AD71B90,NAAYAN LAL BAIRWA
VEND_8B879327,KUNDAN MAL BAIRWA
VEND_0D8761C7,THE KARAM SINGH CO OP LTD
VEND_BD339DD6,HEMRAJ BAIRWA
VEND_4EA06DF1,BADRI LAL MALI
VEND_45C72E5F,KANWAR LAL MALI
VEND_C05C8538,DEV KISHAN MALI
VEND_6CA22715,NANA RAM MALI
VEND_5D0C1E2C,JAGDISH CHANDRA PAHADIYA
VEND_618EE57B,SANWAR LAL BAIRWA
VEND_78A71884,ISHAR LAL
VEND_F52C55C7,PRAAMESHWAR BAIRWA
VEND_A7178584,RAMESHWAR LAL MALI
VEND_FB74A168,VINOD BAIRWA
VEND_F36DAE91,TATOSAN GRAM PANCHAYAT
VEND_0E174428,SAHAYOG MKSS
VEND_D954EACF,A P R ENTERPRISES
VEND_DFB6C980,R C ENTERPRISES
VEND_AE028D8C,PRADEEP KUMAR S
VEND_0F283BC5,AMARANARAYANA N
VEND_CCA971C7,GULSHAN KUMAR
VEND_5E44F17B,GUNJA KUMARI
VEND_345FD290,JABAR SINGH
VEND_A0B62DEF,JITENDRA DEVASI
VEND_1EB26EF8,SHAKEEL AHMAD PANDIT
VEND_64489020,JJ MOTORS
VEND_8625E245,CHANDRA KALAPERUMAL
VEND_B38A737F,SK SHUTTERS AND FABRICATORS
VEND_95091A1F,GP AJROLI
VEND_D2C681EF,RAGHAVENDRA K T
VEND_6F514E9F,MAHENDAR SINGH
VEND_69C1D9B7,ALALI GRAM PANCHAYAT
VEND_DDD047A4,ARJUN B N
VEND_927A54E8,GRAM PANCHAYAT KANDACH
VEND_F195AD94,SATMANA GRAM PANCHYAT
VEND_E1F56728,O M ROY MEMORIAL SECONDARY SCHOOL
VEND_F82584ED,CHITHRA KARTHIKEYAN
VEND_151325A7,GRAM PANCHAYAT PRAHNUIE
VEND_04AB13AA,PRAVEEN SIDDAKATTE
VEND_E5D00DD4,SACHIN KUMAR GARG
VEND_F645D400,S R B CONSTRUCTION
VEND_C15F1CF5,TUSAR CONSTRUCTION
VEND_8FA5DB52,GRAM PANCHAYAT BARETHA
VEND_B6F0AF0B,RAJAT MONDAL
VEND_6FDD1CDA,SARODA CONSTRUCTION AND CO
VEND_6B9BB9D8,VINAYAGAM ENTERPRISES
VEND_F56EB5E9,GP BERUA JP SILWANI
VEND_753D0637,SM ADIL CONSTRUCTION
VEND_D15B5945,GP MANGROL JP BADI
VEND_DA3019E4,GP UMRAOGANJ JP OBEDULLAGANJ
VEND_4213A552,GP TIGARIYA JP OBEDULLAGANJ
VEND_877FFA80,GP TAJPURA JP OBEDULLAGANJ
VEND_A7E64EF2,BEST GRADE SOLUTIONS LLP
VEND_02CB59A8,EAGGLE EYE INFRASTRUCTURES
VEND_DDC7DE3A,SARPANCH SACHIV GRAM PANCHAYAT KORDA
VEND_B12C7DBF,SARPANCH AND SACHIV GRAM PANCHAYAT AHILDA
VEND_2B502F0A,GOUTAM CONSTRUCTION
VEND_07F8AEDD,SUDAVAD GRAM PANCHAYAT
VEND_AB729F8C,DERI PIPARIYA GRAM PANCHAYAT
VEND_92E46707,BITU RAY
VEND_53E2143D,MANU KUMAR
VEND_4558A4BF,GANGADARAN
VEND_1481ED61,GP NAGABARI
VEND_0DC5C08A,TINGAK ABOH
VEND_1819801C,GRAM PANCHAYAT GHANDALWIN
VEND_B7B009FA,SUSHANTA KUMAR BARAD
VEND_48603B95,GRAM PANCHAYAT SALNA
VEND_A556F003,PANDERI GRAM PANCHAYAT
VEND_1998D4E3,JARAGALI GRAM PANCHAYAT
VEND_7F642A28,PAN KHAN GRAM PANCHAYAT
VEND_245532BA,SHANAVANKIYA GRAM PANCHAYAT
VEND_5189D101,KANDHI GRAM PANCHAYAT
VEND_2B3E758B,KAKIDI MOLI GRAM PANCHAYAT
VEND_C8A5B460,VELAKOT GRAM PANCHAYAT
VEND_0AD6EFA5,S P CONSTRUCTION
VEND_C88E83EB,NAGADIYA GRAM PANCHAYAT
VEND_BD16E252,SANTRA ENTERPRISE
VEND_AF964360,ITVAYA GRAM PANCHAYAT
VEND_745A8174,CHINMAYEE SWAIN
VEND_BF38F6B0,ANANDHA CONSTRUCTION
VEND_EC2747C5,A I ENTERPRISE
VEND_9BDBB9A9,NAB KUMAR BEHERA
VEND_A7F5D0DB,SHIVAM CONSTRUCTION
VEND_849C4BCB,FELINA GABIL MOMIN
VEND_98C5E6E7,SHIVARI MAJOOR SAHAKARI SANSTHA MARYADIT OROS
VEND_6EA92D1F,KEDARINATH PROJECTS
VEND_F5B09F08,PRAKASH KUMAR
VEND_619808C3,TIPU DEVI
VEND_CA5A7E99,SAVITA DEVI
VEND_D3D7BA1B,BASI DEVI
VEND_BEB57B1A,SUJI DEVI
VEND_FE3BB0D3,SONAKI DEVI
VEND_4298C5A2,SANAGA DEVI
VEND_AFF9BFA3,USHA DEVI
VEND_E28FF59F,DHANANJAY RAI
VEND_E25B2518,KRUSHNA CHANDRA ACHARYA
VEND_8BBAC58A,SARASWATI SHISHU MANDIR PIPARAJHAPI
VEND_DAEC888B,SUDEEP KUMAR LENKA
VEND_A28EE02B,VIJAY SALES AGENCIES
VEND_EF469ECB,PANCHANAN BISOI
VEND_9F8BB079,MS JUNIOR ENGINEER LAMTAPUT BLOCK SUNIL KUMAR MAHAPATRA
VEND_23DDDC7C,MANJINDER SINGH SHANKARPUR SAR
VEND_1C914201,MS ISWAR LAL MAHTO JE NATIONAL RURAL EMPLOYMENT PROGRAM
VEND_EAC201A3,KARMAL GRAM PANCHAYAT
VEND_BC0ACAF3,COOPERATIVE STORE
VEND_A1506D12,MOHAMMAD JAMAL
VEND_D2D517A4,BHAVESH KUMAR
VEND_BF78856D,AKRAMUL HUSSAIN
VEND_5FC118DE,GNK CONSTRUCTIONS
VEND_3FE978CE,GP PATER MP
VEND_10B9ABA8,MANHA CONSTRUCTION
VEND_42311D8B,BANUMATHI RAMANATHAN
VEND_CCF9FAAF,KHELARAM MURMU
VEND_76111FC0,THE SHIRDI SAI COOPERATIVE MULTIPURPOSE SOCIETY
VEND_4BBAE094,ROY ENTERPRISE
VEND_9060AD81,MUSAYYADA
VEND_6D0C5AF1,SUBHANKAR PAIKARAY
VEND_2895DBE1,K VENKATA SHYLENDRA BABU
VEND_E8D86EB8,RAJPAL TRADING CO
VEND_B0B87428,JITO KAUR
VEND_A598077F,SOBHIT RAI
VEND_B86F4033,CHAMPA DEVI
VEND_621D3615,SHARDA ENTERPRISES
VEND_5C777B17,PALASH PREMCHAND MUSALE
VEND_417AEB99,RAJMEEN TRADERS
VEND_72E82BE7,ADIL FAROOQ BHAT
VEND_52981C9D,MS HARDEV SINGH AND SONS
VEND_AA1502ED,BALWANT ELECTRIC WORKS
VEND_D79F38BE,JUGRAJ SINGH WELDING WORKS
VEND_18B112E6,SANKARA RAO RAYAPUDI
VEND_C71EC063,SARPANCH SECRETARY GRAM PANCHAYAT BADRIKHEDA
VEND_58BDDAFE,SHIVA BUILDERS
VEND_A2E43AB0,RAISUM SEIKH
VEND_49956B98,HARAPRASAD JENA
VEND_D45B0A0C,SITAPATI SETHI
VEND_D7644F80,SOUVAGYA CONSTRUCTION
VEND_EFF7D5DB,DF
VEND_DFC03D85,EXECUTIVE ENGINEER EDD KOPAGANJ MAU
VEND_4612C8B6,ONKAR MAJUR SAHKARI SANSTHA MYDT JALNA
VEND_0E9CEA1F,JVVNL SIKRAI
VEND_2F765216,SHAMSHERPURA GRAM PANCHAYAT
VEND_C5F67FAD,DADKA GRAM PANCHAYAT
VEND_139D0261,BABARI GRAM PANCHAYAT
VEND_E57E67DF,MANOJ MAHALI
VEND_A615660B,MOKADI GRAM PANCHAYAT
VEND_817E8B61,POYDA GRAM PANCHAYAT
VEND_97FAAB95,MR PASVALA GRAM PANCHAYAT
VEND_1759977B,MOTA DESAR GRAM PANCHAYAT
VEND_2EC4D5C2,NATHAD GRAM PANCHAYAT
VEND_0DBD3276,BHINGRAN GRAM PANCHAYAT
VEND_F17BCB2A,KASINATH BARAL
VEND_C115FF08,KANSARI GRAM PANCHAYAT
VEND_164A3996,GP SAMOUR
VEND_B2ABDC53,OLVAN GRAM PANCHAYAT
VEND_B3B3246D,SHRI KHAJUDRA GRAM PANCHAYAT
VEND_CE6ED492,SHRI KHAN GRAM PANCHAYAT
VEND_8F3B78A0,MR KALAPAN GRAM PANCHAYAT
VEND_9A688BF8,ALAMPUR GRAM PANCHAYAT
VEND_542E2EA3,ROSHAN INFRA
VEND_2274E70D,GRAM PANCHYAT DHANORI
VEND_1C280245,DEMAI GRAM PANCHAYAT
VEND_B4E1639B,DEBABRATA ROY
VEND_36591238,USHA SHARMA
VEND_22A543F1,P VINOD KUMAR
VEND_BD73457C,SHWET BARANI
VEND_D51D31A6,V THIRUMALAISAMY
VEND_91E772CA,BAVDIDAL GRAM PANCHAYAT
VEND_70EF1EA7,CONSTRUCTION OF COMMUNITY HALL AT MUJKURI RAJOHUWA NAMGHAR AT MUJKURI KUSHDHOWA
VEND_72E26454,B NANDHAKUMAR
VEND_CE505A6D,SULTAN CONSTRUCTION
VEND_05C56E2D,AMINPUR GRAMPANCHAYAT
VEND_370476F6,DALANI MUVADI
VEND_E9D009FB,PAPPU KUMAR YADAV
VEND_0161B4AA,BUDDHA SINGH
VEND_D45733A3,SARPANCH SACHI BHALESAR
VEND_0783AE2A,K MUTHURAMAN
VEND_D13110E2,JAI BADRIVISHAL CONSTRUCTION AND TRADERS
VEND_6FBD097C,SAMARESH KUMAR BHUYAN
VEND_B37B7FFF,PREMALATHA POLU
VEND_014B4929,JUNAID RAHIM SHAGOO
VEND_9801669E,ARDUVADA GRAM PANCHAYAT
VEND_F5F621CF,GIRISH KUNDAPUR NAYAK
VEND_D57A0DC2,NIRMITHI KENDRA BANGALORE RURAL DISTRICT
VEND_14B6B7F3,RADHE KRISHNA ENTERPRISES
VEND_B40FDBC7,GRAM PANCHAYAT MARHANA
VEND_B5C979A2,S K CONSTRUCTION CO
VEND_52FB460D,MP STATE AGRO INDUSTRIES DEVELOPMENT CORPORATION LTD DAMOH
VEND_59BDB950,RABIN TAMANG
VEND_1F95698D,INF DEV DGTL ZAKIR HS SCL
VEND_070BC7B0,JANGID BRAHAMAN VISHWAKARMA MARWADI SUTA
VEND_A728EAD1,STAR ELECTRICAL
VEND_7C930BD2,ANKITA ENTERPRISE
VEND_5DFD28DE,PADAPADAR GRAM PANCHAYAT
VEND_81694E55,MOTISAR GRAM PANCHAYAT
VEND_293D9EAA,VADLI GRAM PANCHAYAT
VEND_299C3E2D,CHIKHALKUBA GRAM PANCHAYAT
VEND_3C6F5C04,K V PRASANNA KUMAR
VEND_DF0FE81D,ANIRUDDHA KISANRAO PATIL
VEND_DBBF3D00,GRAM PANCHAYAT GHOTA
VEND_27DE2CAD,MS SUNIL YADAV
VEND_65C7E8C7,GRAM PANCHAYAT JALALABAD GEN FUND
VEND_297B4195,SEC GR PAN TALEGAON BK
VEND_AD2D5A42,BAIDYA ENTERPRISE
VEND_CE8A96F2,SAR AND SAC GRAM PANCHAYAT PATERKONI
VEND_3B975F32,K THARUN KUMAR
VEND_4D3A4766,RANAWAT CONSTRUCTION
VEND_E654F40B,B N ENTERPRISES
VEND_B2613D8B,GP ROPA PADHAR
VEND_0E4A00DF,PANKAJ KUMAR SINGH
VEND_B22F180F,NORTH EAST POWERLINE INDUSTRIES
VEND_E2D60B7F,AMIT SINGH DHILLO
VEND_990ADC9B,MUDHASANA GRAM PANCHAYAT
VEND_A5540B9D,GRAM PANCHAYAT DHANORA GEN FUND JOIN
VEND_045EC107,SARPANCH GRAM PANCHAYAT WADGAON
VEND_5CA42F9B,MAGIZH ENTERPRISES
VEND_0D6F8920,INDHU ENTERPRISE
VEND_0EF5C1AA,V MURALI
VEND_3516992B,GP KARALASH
VEND_CC0414B8,GP KARCHHARI
VEND_06B30EFD,GP PUJARLI3
VEND_C313B56C,SARITHA S
VEND_68616200,ARJUN KAMBLE
VEND_6CA13647,VE KAY CONSTRUCTIONS
VEND_DCE496A1,GRAM PANCHAYAT GORANA
VEND_6CD04EB3,RI WAR JAINTIA COLLEGE
VEND_97813BA4,PRAFULLA CHANDRA BEHERA
VEND_F9937424,GRAM PANCHAYAT BUDHDHA
VEND_C36F8937,MP LADS 18TH LOKSABHA HATADIHI
VEND_E34CA5B6,PRABHAV GUPTA
VEND_4ACC60AB,GRAM PANCHYAT PATHARKUHI
VEND_0034C4A7,SARADA ENGINEERING WORKS
VEND_E42FC5F6,BHAVYA TRADERS
VEND_4E5E5CB7,HEMA KORANGA
VEND_47F11F24,KUNAL PANT
VEND_447A6A68,SANJAY DIWAKER
VEND_8A38FCB2,THE DHIROWAL BRICKS KILN GRAM UDYOG SAMITI
VEND_68579A46,BINDER PAL
VEND_9F8C803A,VEER INTERLOCK TILES
VEND_6115D48B,OM TRADERS
VEND_A1088D45,SA ASSOCIATES
VEND_16BD3EA2,MANISHA AGARWAL CONTRACTOR
VEND_E07C6C56,GRAM PANCHAYAT SONDH
VEND_81B92C97,GRAM PANCHAYT AANDU
VEND_CF793526,DECORUM FURNITURES INTERIORS
VEND_0CA10646,ANIL BHATT
VEND_795B8CD2,MOHD RIZWAN
VEND_D81F25BD,SABHA FUND GRAM PANCHAYAT BASSA RAJA KA BAGH
VEND_9BE3E449,BRINGWELL MARTHONG
VEND_A449026A,NARAYANAN J
VEND_81F96BE8,KITBOK SHADAP
VEND_BBDF8372,HARIDEV ENTERPRISES
VEND_4463AA90,GRAM PANCHAYAT NAUDIYA
VEND_A0C3EC05,HARADHAN ENTERPRISE
VEND_5082A05D,BS BUILDERS
VEND_6EAD9BE0,ACCORD ADVERTISING AGENCIES
VEND_CD0284E9,MS VIDYARTHI CONSTRUCTION
VEND_53F5A86E,BHUSHAN KUMAR SAROJ
VEND_1829FCD5,LALSIAMTHANGI
VEND_939CB13A,THODUPUNURI RAMESH
VEND_BB5F9037,ALAMELU ENTERPRISES
VEND_BEB06546,ASIF SK
VEND_FCF9399D,SARVESH SURYAKANT FOKANE
VEND_FBB8EF34,GRAM PANCHAYAT SAROTRI
VEND_4E318CAE,RITA BISHT
VEND_4F09A2FA,UPASNA BISHT
VEND_9AF7D2B3,MAYANK PANDEY
VEND_E7E08527,TEJENDRA SINGH
VEND_6C80F2B7,ROHIT PANDEY
VEND_299AA972,GRAM PANCHAYAT SIMGAON
VEND_7A014AF3,V KRISHNAMOORTHI
VEND_C850AC96,NABAJIT BORUAH
VEND_8144AAEF,GREGORYN M MARAK
VEND_5BC65CED,D SQUARE ENTERPRISES
VEND_ADCD09A3,T N NAGARAJ
VEND_30E73471,T LAKSHMI NARAYANA GBN
VEND_112B30F8,N A SUBRAMANYA
VEND_FCF66272,MS SALMA HARDWARE
VEND_0FE89CC9,JOYDIE LAURAM MARAK
VEND_E402E028,ODE GRAM PANCHAYAT
VEND_046F7A18,CHARSENG CHAMBUGONG MARAK
VEND_D3ED1D61,BOLLU MURALI
VEND_166C303A,DEBI PRASAD DAS
VEND_5153EDC7,RUDRAGOUDA DEVARAMANI
VEND_5D273452,MOHAN RAM YADAV
VEND_701D2B5D,VINAY ENTERPRISES
VEND_AD1A9530,TAHASILDAR BHUBANESWAR
VEND_67091D87,MKM ENTERPRISE
VEND_297A613E,VAIBHAV ENTERPRISES
VEND_898F050D,KATTUBADI SRINIVASULU
VEND_60F2F09D,SAHED CONSTRUCTION
VEND_45A29EC0,TAHASILDAR HATADIHI
VEND_99E6EB3A,SAKIREVU PALLI PRASANNA KUMAR REDDY
VEND_06F86789,A K JAISH ENTERPRISES
VEND_57E84ACD,BISHOK PATEL
VEND_ECF78CBD,MANDALA LATCHAYYA
VEND_4313435A,VIVEK BRICKS CENTRE BKO
VEND_933A7BA3,JIWA RAM RATTAN CHAND
VEND_FB7A5807,SHRI RAM TRADERS
VEND_9F41C798,DHILLON SHUTRING STORE
VEND_CF47CE5E,SARUP SINGH
VEND_C32D779D,NAV BHARATH CONSTRUCIONS
VEND_C6C66E35,VIPIN KUMAR
VEND_503E4EBF,GARIB NAWAJ SUSHIKSHIT BEROJGAR SEVA SAH
VEND_67138E1C,RAJ DIGITAL STUDIO
VEND_A6185A6E,NISHU GUPTA
VEND_87F2F549,K R RAMACHANDRAPPA
VEND_8EC79C89,V P UPPAR
VEND_136E751A,ANUPAM MONDAL
VEND_8923889C,SABITRI DAS
VEND_71C489CE,THE YASHIKA CO
VEND_EAEB84D7,GURU KIRPA GATE STORE
VEND_C113C68B,GURU TEG BAHADUR CEMENT AND MATERIAL STORE
VEND_14896586,GRAM PANCHAYAT JOGIGUFA
VEND_9393E0D1,NAVCHETAN RURAL DEVLOPMENT ASSOCIATION
VEND_8606E490,THE PARVATI DEVI COOPERATIVE LABOUR AND CONSTRUCTION SOCIETY LIMITED BATHERI
VEND_D33F215D,MOHAMMAD HASHIM
VEND_1693640F,SARPANCH SACHIV GP KADAI
VEND_B8626942,TALARI SRIKANTH
VEND_3DC2D82E,SKV CONTRACTOR
VEND_52A16A99,SARPANCH SACHIV JANO
VEND_3BD4CAC7,GRAM PANCHAYAT KOTHI
VEND_D80569A5,KOTHI GEHARI
VEND_49A9B666,SARAPANCH SACHIV GRAM PANCHAYAT KALMI KAKARDHA
VEND_D7E189E8,VIKRAM ENTERPRISES
VEND_5955E9BD,AMNA JAIN
VEND_9B0F4E38,GP LOWER REWALSAR
VEND_4E1398B8,ROYAL BENGAL CONSTRUCTION
VEND_2AC69F0A,TAHASILDAR KUARMUNDA ROYALITY
VEND_81009C99,EBOZEZ T SANGMA
VEND_940A4570,CONTIGENCY
VEND_2FCE88F6,SENGPRANG R SANGMA
VEND_A7652CDC,ADDITIONAL CHARGE
VEND_F0537A0F,EGB
VEND_57E1603D,LIONNEL AUSTIN RECHIL MARAK
VEND_DDAC3A2A,WITHHELS SD
VEND_F3590475,MEGHNA CHADA MARAK
VEND_7056C7D8,GRAM PANCHAYAT ASAWTA
VEND_83E5130F,MS PARMENDRA SINGH CONSTRUCTION COMPANY
VEND_9AE98A95,GRENALISH N MARAK
VEND_1EA89EF2,GRAM PANCHAYAT NARELAKALAN
VEND_BF470456,ROBINUS SANGMA
VEND_7F086EA8,J K R CONSTRUCTION
VEND_9FCFF67C,RETROFITTING IN BULIDING AT KRISHNA NAGAR
VEND_146F7568,COMMUNITY HALL AT SALBARI BATHOU THANSALI
VEND_624B5025,KHEROL GRAM PANCHAYAT
VEND_1A7339C8,SUKHWINDERA MACHINERY STORE
VEND_C73D0C8A,LOVELY SINGH
VEND_C1ABB736,CONSTRUCTION OF BOUNDARY WALL OF NABAJYOTI COLLEGE KALGACHIA
VEND_3AA5201E,LAL BAHADUR SHASTRI SHIKSHAN SAMITI
VEND_119D8EAE,VISHWASAMRAT MAGASUARGIYA MAJOOR SAHAKARI SANSTHA MARYADIT
VEND_BFD6CA74,MAU GRAM PANCHAYAT
VEND_07E554F5,PABITRA SAIKIA
VEND_B77E5B39,SAR ET INGTI
VEND_589811CC,TAMBURU SRINIVAS
VEND_8866BA5B,SANJAY GANDHI HOSPITAL
VEND_47FAA6C6,SELVAKUMAR
VEND_D1EFC536,A S SANKARAN
VEND_6E4809E1,S UDHAYAKUMAR
VEND_29D3C258,GRAM PANCHAYAT ICCHAPUR
VEND_EC23B209,GRAM PANCHAYAT PADARIYA BICHHIYA
VEND_5E8453B7,BAUBI DEVI
VEND_260266D5,GRAM PANCHAYAT KHALILPUR
VEND_E2D82343,GRAM PANCHAYAT MANADANPARA
VEND_83C4DC63,GRAM PANCHAYAT BELA
VEND_474059CE,THE SARSAWATI CO OP
VEND_CEF0F7A3,SARPANCH GRAM PANCHAYAT KHERDHA
VEND_32C3B3EB,MIB CONSTRUCTION
VEND_952D6FC7,VETERINARY EQUIPMENT TECHNOLOGIES
VEND_5F68D764,CONST OF COMMUNITY HALL IN FRONT OF LARUKHOWA MANDIR BORIGAON
VEND_34A7B00F,M CO
VEND_CFE3C868,RAGHAV ENTERPRISES
VEND_1CBB3021,KRATIKA MATERIAL SUPPLIERS
VEND_CD72F90F,LALNUNSIAMA
VEND_A58D70B0,TC LALLALA
VEND_376B0B43,MS LOWKHO ENTERPRISES
VEND_F61558AA,MS ANG WANG TRADERS
VEND_2C5C4FD3,MARIDURAI AND CO
VEND_8A365066,GRAM PANCHAYAT MUSALUR
VEND_15045FE1,S R ENTERPRISE
VEND_7DED024B,BASPA GRAM PANCHAYAT
VEND_0CDDC53F,SVK BOREWELL TRADERS
VEND_27243A2E,GRAM PANCHAYAT SALADARA
VEND_30851BC3,SARKAR ENTERPRISE
VEND_E1D2504D,KATHAMUTHU SEKAR
VEND_0A4D56DB,ONLINE SOLUTIONS
VEND_5F6B08BE,SUDESH
VEND_4B8527EF,JAYANT CONSTRUCTIONS
VEND_4F0B3D79,GRAM PANCHAYAT DHANKHORI
VEND_2326533B,BIJAY ROUTARAY
VEND_E1019A32,NAYAN BURAGOHAIN
VEND_78AB040A,RIDDHI VILAS PATIL
VEND_B9B52BD1,RUPESH AND HAWASINGH SALES
VEND_EECB94E1,GRAM PANCHAYAT RUPAPALI
VEND_8796F533,GRAM PANCHAYAT KATAIPALI SEE
VEND_19884CFD,THE CHINDER SIHAG CO OP LC SOCIETY LTD
VEND_98F6D241,BENBIN MARAK
VEND_5F2DC172,HADAPPA ENTERPRISE COMPANY
VEND_4EA5704E,CHAND PASHA
VEND_2798162F,MUNUSAMY
VEND_F25CBD62,BALRAJ SINGH
VEND_822D1E7E,UTKARSH UNEEMPLOYED ENGINEERS SEVA CO-OP SOCIETY
VEND_012A6E2B,JAI MAA DURGA AND BANDHU CONSTRUCTION
VEND_D71E5E9C,PSN AUTOMOBILES PVT LTD
VEND_D2F2D0A6,VAHEDPURA GRAMM PANCHAYAT
VEND_6169E996,JAY SHREE SHITLA MATA BUILDING MATERIAL SUPPLIERS
VEND_63B88C51,LAKHAN PATEL
VEND_41272CAD,MAA DURGA IRON STORE
VEND_076E49D0,GHACHELI GRAM PANCHAYAT
VEND_53AB8B8B,SANGAM BRICKS COMPANY
VEND_3FC8F107,GRAM PANCHAYAT NIMOLA JANPAD PANCHAYAT DHARMPURI
VEND_29B60F15,DAWA LEPCHA
VEND_BAA3CD6F,GRAM PANCHAYAT TANDA KHEDA JANPAD PANCHAYAT SARDARPUR
VEND_E394B0CC,SUPRAVA BEHERA
VEND_8837B0AA,BACCHI DEVI SHIVRAJ SINGH SIKSHA SEWA SANSTHAN SA
VEND_763B8A11,GRAM PANCHAYAT BHARUHI
VEND_17ED46DB,SHRI SARYU PRASAD UCCHTAR MADHYAMIK VIDYALAYA SAMITI
VEND_9E26999C,CC COMMUNITY HALL AT 28A INDUSTRIAL EASTATE
VEND_07BD0E64,BORAH ENTERPRISE
VEND_9C144292,HM UHSS ANNANAD
VEND_1521377D,UDIPTA KUMAR BORAH
VEND_F5583CAC,SANJEEV BRICKS CO GEHRI BHAGI
VEND_A5491CF0,PRAFULLA KUMAR PANDA
VEND_8AD1C9DF,GP JANGAL ROPA
VEND_9BE037A8,PONNABOYANA SRINIVAS
VEND_328FFD43,BANSAL BROTHERS
VEND_C196B436,A2S PROJECTS INDIA PVT LTD
VEND_1C48D393,PATTO CEMENT STORE NIHAL SINGH WALA
VEND_4D0FBA3B,ROMANA MACHENICAL
VEND_27D57131,MS DHANRAJ ENTERPRISES
VEND_67C1139D,MITUL DEKA
VEND_85278DAB,MOHD ASSIF
VEND_308FCAB6,BHIMA SINGH SO NIRMAL SINGH
VEND_4612623A,HARI NANDAN RAJAK
VEND_202A6ED6,SVSST INFRASTRUCTURE
VEND_5E7F3249,GP BAIRI
VEND_6DBA20D5,GANGA SINGH
VEND_45E65A9A,MANJIT KAUR
VEND_71025C21,LAXUMAN GURUNG
VEND_C3215F9B,DRISHTI CONSTRUCTION COMPANY
VEND_7149F18C,GP BEHAL
VEND_11CBE1FC,GP BHADYAL
VEND_E9512AA2,LUDHIANA SALES CORPORATION PRIVATE LIMITED
VEND_997484FE,LASKAR CONSTRUCTION
VEND_7AF2E0B0,ANSH ENTERPRISES AND FURNISHERS
VEND_1A95656D,GP PARAL
VEND_0666A7D5,AGGARWAL BKO
VEND_EE8D14E3,GRAM PANCHAYAT RIGAR
VEND_EF493078,GRAM PANCHAYAT SAKROHA
VEND_C151ACE1,GRAM PANCHAYAT SAMLOUN
VEND_33AD37C9,GRAM PANCHAYAT TROH
VEND_1F523A77,TRUSTED WALLS
VEND_CCD450F9,K L M CONSTRUCTIONS
VEND_FBFABACE,BIBASH CHHETRI
VEND_CA69F40C,NACHATRA CONSTRUCTION
VEND_370965D7,JAYANTH M J
VEND_6A1DE68C,NADA GRAM PANCHAYAT
VEND_992DA413,AEROSE INFRA
VEND_417BBC74,DIRECTOR HAREDA PANCHKULA
VEND_AD71159B,KAMATCHI KANIYAPPAN
VEND_0BB9665C,RAWAT GOVERNMENT CONTRACTOR
VEND_8F3E02EB,PRIYANKA ENTERPRISES
VEND_253A4CE6,JAREENA
VEND_1087ACB4,AFROJA
VEND_F49B2E3A,SAJIDA BANO
VEND_1B2C1A4B,FIROJA BANO
VEND_A437C07F,MOMIN
VEND_B0C50825,RAKEEB MOH.
VEND_409F256C,IMRAN SILAWAT
VEND_5FCE16E0,JAHANGIR
VEND_7C4A9404,RUKHSANA
VEND_C7989DA8,MOH.RAFIK SILAWAT
VEND_C3AC7050,JANNAT
VEND_CDEEB7F1,VINAYAK ENTERPRISES
VEND_A64023DE,DEWAN ENTERPRISE
VEND_E65C313E,P K TRADERS
VEND_6922243E,SHIV SHAKTI FURNITURE
VEND_1EF206C7,INDKAL
VEND_727A11CF,DHARMENDAR CHAUDHARY
VEND_393509BA,THE AVIGHNA COOPERATIVE LABOUR AND CONSTRUCTION
VEND_32E617FA,VONDH GRAM PANCHAYAT
VEND_00F53326,S Q TECHNOLOGIES
VEND_7F43625A,KUR SOOKPOH KHADAR WYRNAI DEVELOPMENT SOCIETY
VEND_D1FFF2F9,RAHUL SINGH RATHORE
VEND_CE5EC191,NARMADA SWAIN
VEND_9E379012,ARCHITECTURAL ENGINEERING CONSTRUCTION COMPANY
VEND_E7F624B2,THWAI SYIEM SOCIETY MOOPALA
VEND_53AC55AA,DHANOLAXMI ENTERPRISES
VEND_5AF861AF,ARJUN KUMAR SAH
VEND_173342E1,SLR ENTERPRISES
VEND_20BB58D7,MS SAMRIDDHI ENTERPRISES
VEND_A172DE41,SANJAY TARACHAND JADHAV
VEND_A61752BC,GRAM PANCHAYAT HATHBAND
VEND_4D92B590,GRAM PANCHAYAT NAWAPARA
VEND_0D8E9461,MARPALLY VIJAYENDAR REDDY
VEND_A4D6526E,GRAM PANCHAYAT SANKARI
VEND_FC33A0DC,GRAM PANCHAYAT JANGDA
VEND_6B1E3C3F,MR GELEY SINTANG MARAK
VEND_B2EA7C79,GRAM PANCHAYAT BITKULI
VEND_B012981A,ARVIND SINGH CONTRACTOR
VEND_8AD73230,GRAM PANCHAYAT NANDARKHA
VEND_45DA5B6E,HEMLATA ENTERPRISE
VEND_5917E3D6,S CONSTRUCTION
VEND_0980B0E4,AMBA PRASAD ROTARY CHARITABLE TRUST
VEND_30C6844C,MAA VINDHYAVASINI CONSTRUCTION
VEND_18C61006,ABHIJIT SARKAR
VEND_12F6059A,VARDHAN ASSOCIATES
VEND_69F7359C,ADRASH TRADING COMPANY
VEND_34841199,NARAYAN SINGH
VEND_B7D82FCA,SHREE CHARBHUJA ENTERPRISES
VEND_87489DE8,ABUL KALAM AZAD
VEND_FC71E3FD,MAHALAXMI MPS
VEND_25B10D60,SENGOTTUVEL A
VEND_CCE61FD4,R K COMPUTER
VEND_E9C70AB0,SARMILA CONSTRUCTION
VEND_B6AB01C6,INGORALA GRAM PANCHAYAT
VEND_53E9425F,SHREE SUNDARGADH GRAM PANCHAYAT
VEND_55BCB5B2,MAINA
VEND_95A88BF6,RUKSEENA
VEND_0C7E9C32,RAJAK
VEND_731B8A15,JAMSHED
VEND_186F72CA,RUVINA
VEND_71510AAA,IBBAR
VEND_AC1B20D1,KALSUM
VEND_E9FD9732,BARSINA
VEND_1611D553,HANSEERA
VEND_A688574D,NAJMA
VEND_CFC0DA62,KAMRUDDIN
VEND_1C29D36D,GRAM PANCHAYAT KHANDODA
VEND_8D4FCBC9,THE BABA DAULATGIRI CO OP L C SOCIETY LTD JIND
VEND_3C83D52D,GRAM PANCHAYAT KATHYAUN
VEND_1AD001E1,GS MALIK ENTERPRICES HASANPUR
VEND_EBE9685C,MS LUXMI BRICKS CO RAKHI KHAS
VEND_137E15C6,P AND T CONSTRUCTION
VEND_46F2CF69,GRAM PANCHAYAT KHANDLA
VEND_048A40A2,SATYAM BALASAHEB UDAGE
VEND_E3E0F832,NAGARAJAVARMA R
VEND_19DC8F4C,KEBAL ENTERPRISE
VEND_F9A41375,THE DHANKAR COOP L AND C SOCIETY LTD
VEND_44569F96,DEB KUMAR KHAN
VEND_6CDE3B41,HOICHOI ENTERPRISE
VEND_567C246D,MOTI KUNKAVAV GRAM PANCHAYAT
VEND_A6E0CD84,MS JAI SINGH VERMA
VEND_6CE51CF6,VC KANGHMUN
VEND_34E016AB,MORNING FOOTBALL CLUB
VEND_670A5E39,BADARKHA BERASIA
VEND_7BF9817C,DHATRAWADA
VEND_36E02524,BOLASA
VEND_7D97BCB9,PIPLODADWARKADISH
VEND_0BF4B9DE,GUNAI
VEND_B5E92E8B,SHASHWAT CONSTRUTION
VEND_70146375,GRAM PANCHAYAT LOHARDI
VEND_451E5F51,VALLURU SURESH
VEND_B641181A,RUBAL TRADING COMPANY
VEND_11305D53,LAVUDYA NARAHARI
VEND_CECD2557,SRI VENKATESHWARA MAHILA PODUPU SANGEM
VEND_B30DF14A,SARPANCH SHRI NEDARDI GRAM
VEND_01DA1EED,IBHARAMPURA GRAM PANCHAYAT
VEND_3BAEF55D,SKYTECH INFRASTRUCTURE
VEND_5031592E,RAJ KISHOR MAHATO
VEND_BF61F7E3,SRINIVAS KG
VEND_E850396F,NATHAVAS GRAM PANCHAYAT
VEND_EDCD9BE6,MAA ASHAMBARI CONSTRUCTION COMPANY
VEND_0B49E553,NORTH EAST MAINTENANCE
VEND_159F3BAE,RANSIKI GRAMPANCHAYAT
VEND_D5F805FD,CC LINK ROAD AT SWARAJ NAGAR
VEND_3596C777,RAMAKRISHNA YADAV
VEND_F0EAE429,SWAPAN DEBBARMA
VEND_5E2C36E9,RASID
VEND_0E7CBEF3,ASGARI
VEND_2EBB0356,HASEENA
VEND_F7C87844,VAKILA
VEND_402CD330,GURU KIRPA
VEND_E2E06EE8,JAHAGIR SALEEM
VEND_07EF38EB,KUMARASWAMY
VEND_F32A001E,BIBEKANANDA BARIK
VEND_59D293A4,GP KANJIAN MPLADS
VEND_DE97981B,GPCHOWKI
VEND_ADC69FDF,GRAM PANCHAYAT KASOLA
VEND_CC845E77,GP PEHAD
VEND_59CB2C2C,GRAM PANCHAYAT KESHOPUR
VEND_21C08E87,GRAM PANCHAYAT MEHGAON
VEND_3DAFC957,SUNDARESH G
VEND_77C82B7D,RAJ ENTERPRISE
VEND_DD061C3C,SEEMA TRADERS
VEND_453A1BC9,SEKH ALIF HOSSAIN
VEND_27826238,VAIBHVI CONSTRUCTION AND SUPPLIERS
VEND_5FA59800,MS KHAN CONSTRUCTION
VEND_B365FB8A,GAGAN BOOK SUPPLIER
VEND_D3E94887,SUJIT KUMAR CHAKRABORTY
VEND_41B3AAA9,HANUMAN PRASAD VISHKARMA
VEND_A97AA32A,SILVANOS VALAPPILLIL ANTONY
VEND_29BAA219,JSK ENTERPRISES
VEND_A35EF968,DEBASIS PALUI
VEND_8E29F840,JAGANNATH PATRA
VEND_662B3C66,MS B KACHARI ENTERPRISE
VEND_810DB988,RASMIKANTA PATTNAYAK
VEND_0F775046,DEE OP TSNPDCL MAHABUBABAD
VEND_DEBA47DE,GRAMPANCHAYAT JALGAON GHAT TQ KANNAD
VEND_774F6C6E,BP SWEET WATER TECHNOLOGIES
VEND_402C5CC7,V K CONSTRUCTION
VEND_3DA4BB39,KADVASAN GRAM PANCHAYAT
VEND_19D7ADE7,CHAPPALA CONSTRUCTION
VEND_BA8B8165,SARASWATI TRADING COMPANY
VEND_49EBA3D1,G D INFRA SERVICES
VEND_0DB4C3E4,KAJAL TRADERS
VEND_D9D1BFCE,SUNDHA SUPPLIERS
VEND_9611893E,BDO KUNZER
VEND_FFD4D57B,K S ENTERPRISE AND SUPPLIERS
VEND_3682A4E0,LOVELY AGRO
VEND_AC365050,ISHTIYAQ AHMAD SOFI
VEND_63DDB2EC,BANALARI WORLD CARS SHOWROOM
VEND_E0C25BB2,SAN RAID SECONDARY SCHOOL UMLAPER
VEND_B066EC30,SHUBH SHUKLA
VEND_A2EACA57,ROCKY KYLLA
VEND_5823ADB1,KEWAL SINGH
VEND_13969170,MUKESH HARKARAN
VEND_A8029ADF,KULDEEP
VEND_5FBC2961,MANGILAL
VEND_BD8F44C2,RAMLAL CHOTU
VEND_C6582722,SAWARLAL BHAWARLAL
VEND_4E815B54,SHREEPAL LAXMAN
VEND_57C356A0,VAKIL
VEND_8F04218C,PHOOL CHAND SAINI
VEND_EE50269A,R R ENTERPRISE
VEND_BAEBF558,KOTAKONDA TIRUPATI
VEND_2CF70AC5,SARMAN PATEL
VEND_256C6AC1,OM CONSTRUCTION COMPANY
VEND_1D03B90D,CONSTRUCTION OF SANITARY TOILETS AND PORTION OF BOUNDARY WALL
VEND_139978D1,GRAM PANCHAYAT JARHADIH
VEND_5D311E1E,CONSTRUCTION OF RCC NATGHAR AT BARPARA RAJAHUWA KALI MANDIR
VEND_BB4EA6BE,CONSTRUCTION OF STAGE AT COMMUNITY CENTR
VEND_0F0BCFBF,SUNDARAMOORTHY P
VEND_4A9664FA,BUILDGOOD COUNSTRUCTION AND DOVELOPMENT
VEND_456C17E1,AMS CONSTRUCTIONS
VEND_AD22CDA3,SUNIL KUMAR GIRI
VEND_C19010C0,J MONDAL ELECTRIC
VEND_2E90E186,RALH STEEL
VEND_80D4CF33,ARUN GOHAIN
VEND_21B7881B,CHAMAN LAL SHARMA
VEND_663C6415,VICKY CONSTRUCTION COMPANY
VEND_574B2073,KARBESTONE K SANGMA
VEND_64946FD6,KHONDEKAR JASIM UDDIN
VEND_3C8E3E47,GOURAV SHARMA
VEND_4028502B,G M ENTERPRISES
VEND_BC1916CB,SONY BUILDING MATERIAL STORE
VEND_29F803BC,R D TILES
VEND_C6BFFF1F,AGGARWAL BRICK WORKS
VEND_68601C9C,GP ZHIRNIYA
VEND_D6011D57,SFC MULBHOOT RAWATKHEDA
VEND_55CA64D8,SFC MULBHOOT GOYAL
VEND_9F18F008,SAYED HASAN
VEND_4764AB43,HANSIRA
VEND_51071A1A,ANGOTH SHIVA RAM
VEND_826AB293,DERIN NESAMANI
VEND_14FCCED5,MARUTI ENTERPRICES
VEND_B2C2063A,SANTOSH B TIMMAPUR
VEND_97446465,RAJESH KUMAR SAINI
VEND_88EB78E9,VANDANA DEVI
VEND_3047DD67,ARDOI GRAM PANCHAYAT
VEND_DC028633,GRAM PANCHAYAT BADHANA
VEND_91A60608,RAMOD GRAM PANCHAYAT
VEND_B5AD0D81,SIDRA CONTRACTOR AND SUPPLIER
VEND_ABD717A9,UDAY LAL
VEND_C50B54F9,YOURAJ
VEND_EC4621D6,KHANA
VEND_E3674642,SHANKAR
VEND_06E2476E,SUDI DEVI
VEND_9381F297,SAPTSHANKARI PRIVATE LIMITED
VEND_78B8FF50,BHERU
VEND_7ED97C6B,SATWINDER SINGH
VEND_3792BE0A,K SURYANARYANA
VEND_AC3CA63A,TVR GROUPS
VEND_AD7122D5,M S SHRI RAM BRICKS CO
VEND_354B1F96,M S SHRI KRISHNA ENTERPRISES
VEND_A2C582AE,PADHARIYA GRAMPANCHAYAT
VEND_7ADC072D,VIKASH KUMAR SINHA
VEND_1B2E8982,AJAY BUILDING MATERIAL
VEND_46BF1339,MS LUXMI STEEL TRADERS
VEND_9ED2C05F,THE SHIV SHAMBHU COOP MULTI PURPOSE SOCIETY LTD
VEND_AF78A61F,MITTAL BUILDING MATERIALS
VEND_DA5BA3AD,MS PREETI GARG
VEND_30E893FD,PERUMAL RAJ CONTRACTOR
VEND_25DAC61D,KKV CONSTRUCTION
VEND_E8B393B7,PRIYAM PRITY
VEND_3692F636,UNITECH INSULATION
VEND_687A416C,SOMNATH SASMAL
VEND_34771A38,SUSHILA ENTERPRISE
VEND_1235EDA2,GRR ENTERPRISES
VEND_C0CA34C6,SHANKARGOUDA GOUDAR
VEND_A09C9074,S MUTHUSAMY
VEND_C2D9C1F3,EE RES CHHATARPUR
VEND_6FFFD2C8,GRAM PANCHAYAT PUSALDA
VEND_224E71A3,GRAM PANCHAYAT SAGARPUR
VEND_2151A003,MUKESH KUMAR BANJARE
VEND_D7BCA5D5,RAJA A
VEND_1D566D08,ASHOKA TRADING COMPANY
VEND_8AC2D9FA,DUGGU MADHUKAR
VEND_003FEF11,KRISHNA INFRATECH
VEND_1B5F829C,KOMMURAJULA UPPALAIAH
VEND_C8396231,SAR AND SAC GRAM PANCHAYAT PAKARIYA
VEND_907F9A6C,SARPANCH GRAM PANCHAYAT LAKHALI
VEND_211A5752,ANANTHA GIRI BABU
VEND_D2A3E53E,ISHFAQ SHAFI
VEND_A9BEE75C,KERALA STATE RUBBER CO OPERATIVE LTD
VEND_D662648A,HARIPURA N GRAM PANCHAYAT
VEND_02A4A29E,CHANDGADH GRAM PANCHAYAT
VEND_06C8BE91,MS M R ENTERPRISE
VEND_9FAEB96E,DAVID NOKCHA JAMIR
VEND_4C1CFB49,BLUESTAR MARSING
VEND_C9090192,NYAYMURTI BANWARILAL PURVA MADHYAMIK VIDYALAY ITAURI KHALISPUR
VEND_3B4E5FBD,TRIDIP DAS
VEND_685414A7,SRI AMMAN ELECTRICALS
VEND_5249CD77,SOYEB ENTERPRISE
VEND_E7505EF9,S S SOLAR SOLUTION
VEND_4B4BE0BC,PATHAN FURQAN ABDULLA KHAN
VEND_57F7C4F3,SURYANARAYANA REDDY VARA
VEND_A217AFB1,MOTIRAM DATTARAO BOBADE
VEND_FC5B9E37,MAATARA ENTERPRISE
VEND_DB538CDD,RAJASEKAR MATHIVANAN
VEND_18BAE18A,NEELA CONSTRUCTION
VEND_D689F044,SIDHU ENTERPRISES
VEND_08AABB7C,KOYALIYA GRAM PANCHAYAT
VEND_B490D818,SRK MOVERS
VEND_736D02DA,GURBAKHSH SINGH
VEND_DA353A9C,RAJINDER KUMAR
VEND_E691CB70,NAVEEN
VEND_8D27CFC8,BIKRAMJEET SINGH
VEND_13DBEA10,LATUDA GRAM PANCHAYAT
VEND_DEDC74CF,KRISHNA CORPORATION
VEND_C91D2212,SHREE KAPURA MANDALI
VEND_E8497EF6,LALIT KUMAR VERMA
VEND_9D11F9E2,ESWARI SIVASEMAN
VEND_593D16A0,MHIP LENG BRANCH
VEND_57BBD270,SHREE GANESH BKO
VEND_212D8C77,KAPOOR MILL STORE
VEND_A2100727,SHREE JAGDISHWAR INTERNATIONAL
VEND_1D823699,MZP SUBHEADQUARTERS AT ELUNGDAR
VEND_C1560B56,JAGDEV SINGH MISTARY
VEND_7C9DCC5E,KULDEVI CONSTRUCTION
VEND_09D0EFF5,BALAJI BRICKS INDUSTRIES
VEND_11A4314C,A S ENTERPRISES DHURI
VEND_9DC5D8E9,TARSEM CHAND CONTRACTOR
VEND_84B57CFF,DEPUTY COMMISSIONER AND CHAIRMAN PROJECT MANAGER NIRMITHI KENDRA BELAGAVI
VEND_CEBA7A8A,NACHHATTAR SINGH
VEND_7A2F0635,MALOTHU SARITHA
VEND_8FF961C9,PURNACHANDRA ROUT
VEND_E3C015CF,THE ANSH COOPERATIVE LABOUR AND CONSTRUCTION SOCIETY LTD SANDHOLI
VEND_E4A5D6A2,KRISHNA BLOCK AND CONSTRUCTION DEGANA
VEND_2AF06B55,BOPARAI ENTERPRISES
VEND_77AE8308,SWYANG PRAKASH MOHANTY
VEND_7918F50A,SELVAKUMAR R
VEND_70B531AE,KODURU RAJESH REDDY
VEND_9C6928B7,RATAN SOLANKI
VEND_57A2F49B,DIPAK
VEND_2BF583F2,ANAND SINGH BHATI
VEND_7C1D867C,PARSA RAM MEGHWAL
VEND_9BDB0764,BRIJESH YADAV
VEND_99E7DA40,VIKARAM YADAV
VEND_AB766A7D,JITENDRA KUMAR
VEND_FCE20386,MS BHUMIKA WELDING SHOP
VEND_7A67CAC8,NENAWATH RAVINDER
VEND_2CD2FDAF,SHUBHAM JINDAL INCOME TAX AND GST ADVISOR
VEND_05337D00,GORELAL TIROLE
VEND_6E87E951,RUPESH GENDALAL PRAJAPAT
VEND_94F0E4DD,PANDAN
VEND_89182CFC,VASUDEV CHOUHAN
VEND_6B60257D,CHANDIRI NARSIMHA REDDY
VEND_B1870E6D,S UDAY KUMAR
VEND_8955245A,SURYA TRANSFORMER AND SWITCHGEARS
VEND_689C926E,DYCONN ENTERPRISE
VEND_CFF20E34,MAVJINJAVA GRAM PANCHAYAT
VEND_952EAC89,GP UHAL MPLADS
VEND_C713587D,SAT PAUL CHOUDHARY
VEND_F1E19D17,KUSUM SHARMA
VEND_1C54B2B0,SAVARIMUTHU THAINESH
VEND_E0B5DE35,SUDEM BASUMATARY
VEND_947CB431,KATIPELLY JAGADESHWAR REDDY
VEND_6C0AF3E4,SRINIVAS REDDY KUPPIREDDY
VEND_7AB6A24E,GRAM PANCHAYAT GALABKHURD
VEND_F251F44C,MAHIPAL REDDY MALLEPALLY
VEND_37BA8B18,PRATIBHA ENTERPRISES
VEND_8DF0CF2A,GAGANDEEP
VEND_4778FBB3,DHILLON BUILDING MATERIAL
VEND_BA4315EE,MR CONSTRUCTIONS
VEND_6ECB5DEB,GRAM PANCHAYAT BARTIYABHATA
VEND_9E571604,THE PRESIDENT VLC GURRAPPAGARIPALLI OF VEERABALLI
VEND_21CE4B19,TUSHAR DNYANESHWAR JOMDE
VEND_7B000C10,GRAM PANCHAYAT RASODA
VEND_634A80D0,SOMANAYAKA
VEND_C681F3BC,JAKIR HOSSAIN
VEND_94DC69DE,IOHHOK L P SCHOOL NONGKYNNYIH
VEND_9C546AEC,GRAM PANCHAYAT TIKKAR RAJPUUTAN
VEND_F49F59C0,GP SIPAWRA
VEND_AA70F870,MORAD GRAM PANCHAYAT
VEND_71844E11,Y SRINIVASULU
VEND_08F6EEEF,RAJA RAM MAHTOO
VEND_3760B856,RAMBHODA GROUP GRAM PANCHAYAT
VEND_E9206237,MOHAN
VEND_C693E314,GRAM PANCHAYAT BONAND
VEND_56308146,CL STG DEV EA FIL DAL STR MRM
VEND_24FA3C33,ASIF AHMAD BHAT
VEND_EA744A87,HARI NARAYANAN K
VEND_F25DEB13,MOHD WASEEM RAJA BATLOO
VEND_1298BBE5,GRAM PANCHAYAT SEVNI
VEND_EE442B81,NAVA GRAM PANCHAYAT
VEND_4CB5F625,DIGAMBAR MAJUR SAHAKARI SANSTHA MARYADIT
VEND_42C85258,K D CONSTRUCTIONS
VEND_BD3B2B77,CHANDRAN V C
VEND_0028902F,GANTA SHIVA KUMAR
VEND_C6AD4067,MAA MANASHA BUILDERS
VEND_937EBC46,DILIP BAL
VEND_87148317,TONDON IRON STORE
VEND_115DE5FA,UP STATE CONT AND INRASTURE DEVELOPMENT CORPOTION LTD
VEND_9CBB378C,SACHIV SO SAHADEV BAMNE
VEND_95ED4132,JAGADISH SO AJIT CHOUHAN
VEND_8786EE7E,SACHIN SO JAGDISH CHAUHAN
VEND_450D18E0,NKT AND CO
VEND_40028DAB,RAKESH BAMNE
VEND_41658E00,SHESHRAO GENDU PATWARI
VEND_B87F3540,RAMCHARAN SO SAHADEV BAMNE
VEND_E98C9840,SAHADEV BAMNE SO FAGU BAMNE
VEND_714F50A2,SHIVRATI WO SAHADEV
VEND_8EBDF988,KAVITA WO RAMCHARAN
VEND_230407AD,VANDANA BAMNE DO JOGILAL
VEND_2D858B2A,ASIAN SPORTS
VEND_D7D0E784,CHANDRAKALA
VEND_ADA19F66,SUNITA SHARMA
VEND_8C511462,SIMARJEET SINGH
VEND_CCF91018,LONGA DEVI
VEND_F5EF7AD5,PADAM SINGH
VEND_6E09456E,BHAGWAN DEI
VEND_B2115AE0,VINESH
VEND_FE920DC6,SONDEI
VEND_1D123AEF,KUSUM
VEND_490EE5AF,MAA MANGALA TRADERS
VEND_4C5CA0D9,BHEEM SINGH
VEND_0892659B,J K ENTERPRISES
VEND_AC31F394,DURGA WELDING WORKS BARI
VEND_B3BC3EA2,RAKESH KUMAR MISTARI KARTOLI
VEND_21954B55,VIKRAM SINGH MISTARI KARTOLI
VEND_2C43C2FE,SAWARIYA SETH
VEND_F1721A24,DINESH KUMAR LABOUR KARTOLI
VEND_4D4E17A7,TARSEM LAL LABOUR KARTOLI
VEND_0AA5399D,BAKHSISH SINGH LABOUR KARTOLI
VEND_205ABA75,SURESH KUMAR LABOUR KARTOLI
VEND_70CDE30D,DINESH KUMAR CONT
VEND_6EE3258C,RADHA SWAMI TRADERS
VEND_96F33676,YOGINDER SINGH
VEND_D5EA1AE6,KONDH GRAM PANCHAYAT
VEND_177C527E,GRAM PANCHAYAT SOKHADA
VEND_968A2F97,GRAM PANCHAYAT BIKRAM BAG
VEND_87DBFEC5,G DURAIRAJ
VEND_4C143C83,SOJALI GRAM PANCHAYAT
VEND_1F250861,KAMATCHIRAJAN K
VEND_66F34719,S MURUGAN
VEND_765CD51D,GRAM PANCHAYAT MUSKARA
VEND_227969C5,PARWAT SINGH CHOUHAN
VEND_D58C6DEF,TS AND STATIONARY
VEND_36D478FC,GP BADEHAR
VEND_60F35ED1,SUNDAR T
VEND_9D4E2F09,SUDHAN RAI
VEND_7ADABB95,P SHANBAGAVALLI RAYAPURAM
VEND_23951A3B,MAA TARA BUILDERS
VEND_F4853CAB,VIRAAT CONSTRUCTIONS
VEND_858EC60E,SHRI SHYAM MILAN TRUST
VEND_C3F812CB,SONA SINGH
VEND_9A13F6CB,VAJEER SINGH
VEND_49EE2ECC,LABOUR CESS MPLADS DUDCTION
VEND_9905E83C,ONN INFRATECH
VEND_AAAF95E2,GRAM PANCHAYT LATHGAON
VEND_4AC2A06A,ODISHA DISTRIBUTING AUTHORITY
VEND_2CBEE708,THE KHERI GULAM ALI COOP L AND C
VEND_B1ECD6E4,SHREE GANESH INTERLOCK TILES AND BRICKS
VEND_EA034BC9,A M ENTERPRISE
VEND_4C5EC403,NARASIMHAMURTHY H
VEND_3F644377,GRAM PANCHAYAT CHALTHAN
VEND_5502EF88,HAROON AHMAD ZARGAR
VEND_570331CD,SURIYA CONSTRUCTION
VEND_F1D75592,G P NIGARBAND
VEND_18AAAD62,KEDAR INDUSTRIES AND TECHNOLOGY
VEND_95D96D5F,MS BHARTA RAM
VEND_8F1A2A30,J M CONSTRUCTIONS
VEND_5A4DAFF5,BARMAN CONSTRUCTION
VEND_40F09E07,SRI VENKATESHWARA CONSTRUCTIONS
VEND_A79D45F7,ASSISTANT ENGINEER DEHRI
VEND_F31E4F63,SHIDHHI VINAYAK TRADARS
VEND_3E91C760,ASSISTANT ENGINEER KARAGAHAR
VEND_69F85C11,NARPAT SINGH
VEND_B7C04320,KISHOR SINGH
VEND_BA0FA814,P ANJANEYULU
VEND_3A485965,SANGEETA DEVI
VEND_1C36DECE,M RAJANARSAIAH
VEND_4B3ED698,BALAKUMAR
VEND_AD4E24F6,SHREE RANA BAI CONSTRUCTION
VEND_F6B61162,G VIGNESHKANNA
VEND_73FC4247,CC FOR PUBLIC STAIRCASE NEAR KALI MANDIR SWAHID NAGAR
VEND_9C2AF736,SRI CHENNAMBIKA CONSTRUCTION
VEND_061535B9,MAHI BUILDERS
VEND_88FA1450,RIYAZ AHMED
VEND_07C66C68,DEVANABOYINA CHINA VENKATA SUBBAIAH
VEND_E7A9D5A3,DEVIDAS KESHAV VISHE
VEND_DE21267C,NAGESWAR DAS
VEND_4BD4ED7E,LAVETI SATISH KUMAR
VEND_C4438858,BHAGU DEVI
VEND_24F187AA,MRA INFRA VENTURE PRIVATE LIMITED
VEND_2C905417,HR ENTERPRSES
VEND_895213CA,G P MATTAL BAKHOG
VEND_EA74D2DA,BHIMA RAM
VEND_A5BF758E,DALI BAI
VEND_499AEC1E,MANK LAL
VEND_58EBD549,JOGARAM
VEND_2D31A89D,HINGALLA GRAM PANCHAYAT
VEND_A8B6248B,SANDHU BROTHER CEMENT STORE
VEND_47799EB0,MANISH BRICKS INDUSTIES
VEND_0D094F09,NEW ARORA SANITARY STORE
VEND_2ABF329A,SEGVA GRAM PANCHAYAT
VEND_29947DA0,GRAM PANCHYAT NAGJHIRI
VEND_31539A16,GRAM PANCHYAT AMLAVDIYA
VEND_72AF32CE,MR ELECTRONIC
VEND_5745A2AC,GANESH CONSTRUCTION CO
VEND_B1649F28,RAJAN NATANI
VEND_F713866C,RAVINDER KAUR
VEND_2CD0C5E9,BHANGAL TRADERS
VEND_DC98A272,M S SHIVA TRADERS
VEND_ED7F40FE,MANOJ KUMAR YADAV
VEND_755C22F9,P G ENTERPRISE
VEND_89D0EFD3,MOTA MANDVA GRAM PANCHAYAT
VEND_9B55FCEC,SARPANCH SACHIV GRAM PANCHAYAT MANOURA
VEND_EABC0BAD,SARPANCH GRAM PANCHAYAT DARGAON
VEND_FAC5CF92,HM SNDPHSS PALISSERY
VEND_ACCB3632,SARPANCH GRAM PANCHAYAT DOMA
VEND_E472E88A,SARPANCH GRAM PANCHAYAT ACHHOLI
VEND_7AA4B776,K CEMENT HOUSE
VEND_F857E857,CHIEF EXECUTIVE OFFICER
VEND_8DAF1D07,KUMAON TRADERS
VEND_BFDED96C,KALIMATA BUILDERS
VEND_014AA79D,KISHORE KUMAR BISEN
VEND_73C78D40,GRAM PANCHAYAT SALHAIYA S B M
VEND_0479A465,AASHI CONSTRUCTION AND SUPPLIER
VEND_DF6126C1,PAULLOSTE MAKDOH
VEND_23B073B4,SIVAPRAKASAM
VEND_CC6B4981,KALESHWAR MAJUR KAMGAR SAHKARI SANSTHA KALESHWAR
VEND_0B5B5A63,SRI SRINIVASA ELECTRICALS
VEND_AB749CA6,TIPPANNA HALAGATTI
VEND_64464A6E,SHREE BHERUNATH ENTERPRISES
VEND_E4C29351,S E A ENTERPRISE
VEND_4D569F77,LIPIKA ENTERPRISE
VEND_14EFDE4C,SUKHMAN TRADING CO
VEND_2D6E69F0,CHIEF EXECUTIVE OFFICER JAKEDA SRINAGAR
VEND_3A713D84,SHIVESHWAR MAJOOR SAHAKARI SANSTHA MARYADIT JAVKHEDA THOMBRE
VEND_EBEBBA4D,NIRANJAN SINGH
VEND_5CEE52B6,NORANG LAL
VEND_C139DA5D,PARMESHWAR LAL
VEND_8552BE20,RASAL KANWAR
VEND_2F2E3776,SURENDAR KUMAR NAYAK
VEND_CF0A84F2,BHANWAR LAL NAYAK
VEND_718E4508,GIRDHARI LAL NAYAK
VEND_15F3A130,PURKHA RAM
VEND_64CA911C,SANT LAL NAYAK
VEND_C123AB0E,BHAIRU SINGH
VEND_D8D000D4,BIMAL DEVI
VEND_28959A9A,NATHMAL
VEND_50AF7613,SHARWAN KUMAR
VEND_37035D2F,SUMAN KANWAR
VEND_C142EB23,SHREE MAHAKAL CONSTRUCTION
VEND_D3FE16B2,SUNIL KAMBOJ
VEND_47B6BBAA,PRASHANTH M
VEND_CC611BF5,EKSAL GRAM PANCHAYAT
VEND_A36240C5,AKHIL ANIL PALKAR
VEND_7A933C54,VEERARAGAVAN M
VEND_B2F047E0,DHAMADOD LUMBHA
VEND_0C268A40,GRAM PANCHAYAT BATWARA
VEND_697AFED3,MS LAXMI IRON TRADING CO
VEND_CD12B822,ASMATULLAH KHAN
VEND_3E608F38,THE FRIENDS GULIANA COOP L AND C SOC LTD
VEND_E8A51729,GHULAM HUSSAIN
VEND_6ADF644B,KHOLVADA GRAM PANCHAYAT
VEND_761A1586,E RAGHAVENDER GOUD
VEND_D191F556,TREILAN SYNGKLI
VEND_8B748F2D,SUKHVEER SINGH
VEND_6D975CAD,A K CONTRACTORS
VEND_B3DC852B,K R CONSTRUCTIONS
VEND_BA4AD916,NITU DEKA
VEND_0130D392,SACHIV GRAM PANCHAYAT KERKHIDI
VEND_502AE3E5,SACHIV GRAM PANCHAYAT NANPA
VEND_34002070,GOVINDARAJU M
VEND_D3355E65,KESHAV L JADHAV
VEND_F64E7102,NATPAVI ASSOCIATESS
VEND_D875809E,PARENT TEACHERS ASSOCIATION
VEND_605B8138,GRAM PANCHAYAT LAMLEHAR
VEND_6ADD932D,R M ENGINEERING WORKS
VEND_DA50E1A2,PRINCIPAL GOVT COLLEGE OF NURSING THRISSUR
VEND_AD481E7F,ANAND PAL
VEND_32845512,SHAILENDRA SINGH PAWAR
VEND_5E86B8BE,NAGARPALIKA AMARWARA
VEND_68D6BD69,TAJUDEEN
VEND_BC536CAD,S PRABAKAR
VEND_A75FC680,UMESH K MAHAPATRA
VEND_D13C015B,MAHADEV ASSOCIATES
VEND_8DD22678,ANUDEEP REDDY YARRAPU
VEND_002F59B7,ABHIJEET AGENCIES SOLAPUR
VEND_BC96863F,PREJILIKA SANGMA
VEND_ECE391F2,LAKHAPARA GRAM PANCHAYAT
VEND_8C84DB69,RAJVEER SINGH
VEND_6BD4B5E7,SIDDARTH CHOUDHARY
VEND_BFB0023F,BHANU PRATAP
VEND_050018F5,RAJDEEP SINGH
VEND_4F825ACC,MOTI JOSHI
VEND_D1B4F34E,HITESH SUTHAR
VEND_A472B2EE,NARSI RAM
VEND_EC4406ED,PARDHAN GP THORA BHALOON
VEND_39770912,CONSTRUCTION OF OPEN COMMUNITY HALL AT LOKPRIYA GOPINATH BORDOLOI CLUB AT LELABORI HARIMURA
VEND_6C8E6DA3,AADHI CONSTRUCTIONS
VEND_1E08F1B1,RAJ KUMAR GUITA
VEND_D178B459,PARDHAN GRAM PANCHAYAT KAMNALA
VEND_20989A0E,AQUIFER INNOVATIONS
VEND_1328C017,SHREE GANESH TRADERS
VEND_3CF6BE07,KHASTA GRAM PANCHAYAT
VEND_3A960813,GPPURA
VEND_FE2F7257,WATER WORLD
VEND_71441E94,ANDHERI WADARI LABOUR CONTRACT SAHAKARI
VEND_5BC9BB7A,GRAM PANCHAYAT TARAPUR
VEND_0E5057E4,PRABIR KUMAR MANDAL
VEND_CE01F678,MAMIDALA KAMALA
VEND_9B62A941,GOUR SUNDAR ROY
VEND_A51CF7AE,VC DARLUNG
VEND_53CBE0E2,BHASKAR CONSTRUCTION SERVICES
VEND_10285B9D,HARNAIB SINGH
VEND_211A735B,SHINDER PAL SINGH
VEND_91C331E5,JANAK RAJ PROP MS KISSAN BHATTA CO MAUR KALAN
VEND_680A20D5,NEW SOLANKI CONSTUCTION
VEND_8E32CB49,THE ANMOL TURAN COOPERATIVE LABOUR AND CONSTRUCTION
VEND_92D37A0B,GRAM PANCHAYAT KAHANI
VEND_F974870E,R A KARMIKA KOLAPAKKAM BOB
VEND_BC8F519B,BAL REDDY GUNDAVELLY
VEND_8189910B,SHIVIRAJ MALI
VEND_BE30340D,HARDAYAL GURJAR
VEND_7A46AA31,JEEVRAJ
VEND_4CBD362E,LALARAM
VEND_EFABD02C,NORAT
VEND_BDD4FAB7,KANARAM
VEND_6CE1A919,KOTTALA RAMI REDDY
VEND_77A5BAEC,GRAM PANCHAYAT SILARI SFC
VEND_FB7915BF,GRAM PANCHAYAT SURELAKALA SFC
VEND_BC365EB9,GRAM PANCHAYAT JHALOUN SFC
VEND_F02559F3,SUHANA ENTERPRISE
VEND_53BBAD73,MS SR CONSTRUCTION
VEND_88BE010A,AKHIL BHARTIYA BISHNOI MAHASABHA
VEND_8192E63B,SABARI CONSTRUCITON
VEND_210AB3EA,COMPUTER HOUSE
VEND_8F6777EE,DHAMDI GRAM PANCHAYAT
VEND_C42AAD61,BABACHIYA
VEND_9B15DD32,BMN TRADING CO
VEND_9A2BE7CE,TARA BUILDER
VEND_FFB3ED25,JAGADEESHWAR HANUMANDLA
VEND_D574763A,SHRI BRAHMANI ENTERPRISES
VEND_A114A5BE,MS LEGGONG ENTERPRISE
VEND_9EB551F8,SEKH ENTERPRISE
VEND_25A24AF7,SRIVATSAVAI SATYA LAVAN VARMA
VEND_22B9B510,GRAM PANCHAYAT MAYALI JEJAD
VEND_E1B6B37F,MANOHARI DEVI
VEND_5E366B6F,SUNIL ROY
VEND_9F8EF1B5,PRIYANKA RANWA
VEND_7B3E2B16,SARITA DEVI
VEND_A9CA949B,RATHNAKUMARAN C K
VEND_9A32B000,CONST OF COMMUNITY HALL NEAR MAHARANI PUJA COMPLEX DEWANGAON
VEND_9414C831,G MOHAMMAD ILIYAS BASHA
VEND_B1D0627B,KINDARVA GRAM PANCHAYAT
VEND_4ACB621A,GORAV ECHARA
VEND_F1727F63,TALARI UTTANNA
VEND_6E7E8AEF,RAKIBUL ENTERPRISE
VEND_C282C25E,RUDRA ENTERPRISES
VEND_3B8EBE34,CHETAN
VEND_9161D0B1,ROHITRASH KUMAR
VEND_4F9FECAB,VIJAY
VEND_0D1B9AE2,GARWAL CONSTRUCTION COMPANY
VEND_367A350E,PRANAB HAZARIKA
VEND_35A65662,ZUDVADALI GRAM PANCHAYAT
VEND_09D7CDCD,ANKOLALI GRAM PANCHAYAT
VEND_E6C95665,POHKSEH LOCAL COMMITTEE
VEND_1E1E91C9,EXECUTIVE ENGINEER DHBVNL MAHENDERGARH
VEND_29299FC2,PICHVA PICHVI JUTH GRAM
VEND_0A71F0EA,BALOCH GRAM PANCHAYAT
VEND_7790B915,JASMATPUR GRAMPANCHAYAT
VEND_BB50D2B1,SARPANCHSHRI MANEKPURA GRAM PANCHAYAT
VEND_73900376,MADAPATHI NAGARAJU
VEND_69AF0390,SUNILKUMAR D
VEND_BF523F8C,MR SARPANCH SACHIV BIJATIPALI
VEND_DD5A064E,BOMMINENI RAMANJINEYULU
VEND_DDDACF63,GRAM PANCHAYAT MIRKHEDI
VEND_7A9369FA,GRAM PANVJAYAT SUMREDI
VEND_EE87D792,GRAM PANCHAYAT HANOTAPARICHIT
VEND_2189AFBC,GRAM PANCHAYAT LOTANI
VEND_CF79B104,KAIRALI BOOKS PVT LTD
VEND_8EB7AEBB,IMRAN B
VEND_52DC4348,GRAM PANCHAYAT TARAPUR JANPAD PANCHAYAT DHARMPURI
VEND_2131F9AA,UTTARAKHAND POWER CORPORATION LIMITED
VEND_76FAC769,G RAVI
VEND_2E0AC5CB,SYED GH RABBANI
VEND_344004CD,SARPANCH GRAM PANCHAYAT BHANSULI K
VEND_88BBD383,GP GUNAWA
VEND_434DD099,AMBIKA TRADERS
VEND_8AD65C1E,GRAM PANCHAYAT SURPUR R
VEND_C8B3012F,GRAM PANCHAYAT UDAYPUR
VEND_8D852728,GRAM PANCHAYAT SINGHAT
VEND_C659921D,BANKA SINGH
VEND_EDCFBAFD,S K REVADI CONSTRUCTION
VEND_0B700D6E,SARASWATI SISHU SHIKSHA SAMITI RATLAM
VEND_9A15B9C8,KODIDRA GRAM PANCHAYAT
VEND_972DE24C,SUBHRAJITA PANI
VEND_D0001640,SADHANA MISHRA
VEND_5579F1CB,GRAM PANCHAYAT CHOTEKAPSI
VEND_29EA8F1A,SUSANTA KUMAR SAHOO
VEND_8E2D1676,GRAM PANCHAYAT KOILIBEDA
VEND_A3961588,SWAGATIKA DAS
VEND_495F877E,DHARMENDRA KUMAR SAMANTARAY
VEND_8DD5944E,JAGDEESH PRASAD CHAUDHRY CONTRACTOR
VEND_4FAFB0B4,MADADI VENKAT SHYAM SUNDER REDDY
VEND_40731BF6,SHRI SARASVA GRAM PANCHAYAT
VEND_2AC6A2EC,SHRI SIMAR GRAM PANCHAYAT
VEND_6BB43355,GP JARONDHA
VEND_2D8F1443,THIMMARAJU J
VEND_418C1B2C,BHAWANA ALMARI BAKSHA UDYOG
VEND_D8864F81,THIRUMURUGAN R
VEND_A6633648,VAV GRAM PANCHAYAT
VEND_1A0276AD,UDHAVAN GRAM PANCHAYAT
VEND_0348461F,KHANDIVAV GRAM PANCHAYAT
VEND_7E15AC67,JABAN GRAM PANCHAYAT
VEND_C542323A,GANDHARA GRAM PANCHAYAT
VEND_56C0BC22,PRIYA ENTERPRISE
VEND_8C9372F5,GARG BUILDERS
VEND_47659210,JOTVAD GRAM PANCHAYAT
VEND_FCE8BEE8,KARA GRAM PANCHAYAT
VEND_FD389558,MAHALAXMI MAJUR SAHKARI SANSTHA
VEND_250CAAA0,GARMULA GRAM PANCHAYAT
VEND_4A461030,KANJIPANI GRAM PANCHAYAT
VEND_A4766CE2,KRUPAL CONSTRUCTION
VEND_3FD6FD5A,EXECUTIVE OFFICER
VEND_1085D9D4,HIMUDA
VEND_0CBD4491,SARPANCHSHRI VISHOL GRAM PANCHAYAT
VEND_955C275B,KANTAMSETTI AYYAPPA SWAMY
VEND_031D8CF8,SHERE PUNJAB TRADING CO
VEND_642BE411,SHRI KAJ GRAM PANCHAYAT
VEND_1347E7AB,SHRI DAMALI GRAM PANCHAYAT
VEND_FAF1CDF9,SHRI JANTRAKHADI GRAM PANCHAYAT
VEND_43CCD6A8,PABAN AGARWALA
VEND_9681A708,SHRI ARNEJ GRAM PANCHAYAT ARNEJ
VEND_13530E95,GRAM PANCHAYAT DEVNI
VEND_1CB26448,GP PUJARLI 4
VEND_832AC245,JITESH
VEND_B902629D,UP STATE AGRO INDUSTRIAL CORPORATION LTD BICHPAI URMAURA
VEND_3F79EBE8,DEEP SHREE ENTERPRISES
VEND_E845323F,RAJA V
VEND_F82C3EF2,DHARMVARAPU MURALI
VEND_6B2C323B,AJ ENTERPRISES
VEND_9240F118,KIRAN ANIL BHAGAT
VEND_E6765EFB,GRAM PANCHAYAT KHUTELI
VEND_ACCFF336,SANDEEP KUMAR GARG CONTRACTOR
VEND_6C4429FB,BILAL AHMAD SURKHA
VEND_2394BFD5,GRAND TRADING COMPANY
VEND_33C913C1,SAI SOLAR SYSTEM
VEND_F66B4683,NADIMUTHU K
VEND_E3E8CB5D,MOHD IQBAL MALIK
VEND_C440D923,SATHISHKUMAR S V
VEND_5E5D400D,SARPACH SACHIV BHATPAL
VEND_29816518,SARPANCH SACHIV TERDUL
VEND_0D681622,KRITIKA TRADERS SUPPLIER
VEND_E990F8B0,SARPANCH GRAM PANCHAYAT GURANJAGHAT
VEND_9FE35675,THE PANVI DANGI CO OP L AND C SOCIETY LTD
VEND_31747630,BALAJI ENTERPRISES
VEND_593BE435,ATUL ASHOK KADAM
VEND_F476CC38,GRAM PANCHAYAT HATHGADA
VEND_5B4A5587,GP DHANANA I CPC
VEND_71FA2D99,GP JAGOTHI
VEND_5242323F,SHRI LUMBHA GRAM PANCHAYAT
VEND_0A878A55,GP BRASLI
VEND_6286BCFA,GP LOWERKOTI
VEND_A507486A,GP KHANGTERI
VEND_13B9BB77,GP DALGAON
VEND_396418C6,GP BHAMNOLI
VEND_6F76011E,MANDAL SUPPLIERS
VEND_53C1648A,GP KUTHARI
VEND_01BB9FED,GP SHRAUNTHA
VEND_AD2815B6,UTTAM KUMAR MAITY
VEND_481D437B,GUCHHAIT ENTERPRISE
VEND_D5DF91CE,MAA KALI SUPPLIERS
VEND_17E922C6,GP DHARARA
VEND_8EBFA677,MUMTAJ ALI
VEND_53104057,SAZID TAK
VEND_D35259F4,MS JAI DURGA TRADERS
VEND_799D8ACB,SAKIL MOHMMAD
VEND_B4012285,FARDEEN TAK
VEND_1466B667,GP BHALARA
VEND_DBB556DF,IKRAM TAK
VEND_329106DD,JUNED DEVDA
VEND_2870849D,GRAM PANCHAYAT KHICHRI
VEND_632BC5E6,GRAM PANCHAYAT LINJIR
VEND_7B02977E,GP SHEEL
VEND_41266964,VITHODA JUTH GRAM PANCHAYAT
VEND_E581A3CD,PARVEEN KAUR
VEND_0D50A913,MANDROPUR GRAM PANCHAYAT
VEND_4512A6A7,RABIYA
VEND_E82EF0EB,SAINA
VEND_9372D7CB,GRAM PANCHAYAT GUDRUKALA
VEND_4B8ED057,RAISA
VEND_234AAF19,GRAM PANCHAYAT JAMADI
VEND_E109EAEE,POOJA MALVIYA
VEND_4A06DD33,SPARTA FITNESS
VEND_8865F483,SAMANYA FUND G P PIWANDAL
VEND_91965672,IRSAD NAGOURI
VEND_4C26890F,YUSUF MOHMMAD
VEND_1AB33BE4,SARPANCH GRAM PANCHAYAT SORAM
VEND_4A696DD1,MADISHETTI SANTHOSH KUMAR
VEND_E24B3AB2,ARHAN ENTERPRISE
VEND_8EE73AA0,SHARP SYSTEMS
VEND_01F6B8CE,KRISHNADI RAMESH
VEND_D28CCD90,LAKHA SINGH
VEND_61B77434,MS JANTA SUBMERSIBLE AND ELECTRICAL STORE
VEND_D68F0878,GRAM PANCHAYAT PATHA
VEND_6A536D44,SHARDA TIWARI CONSTRUION
VEND_0235A1C6,TARUN TRADERS
VEND_0F7E1AD1,SHREDHARA RURAL DEVP PROJECTS
VEND_0E9C554D,SMIT COLLEGE
VEND_3A53B3DB,GRAM PANCHAYAT KOHKA MO
VEND_3E9E80DB,SHOBHA KANT MAHTO
VEND_81210AFF,GARAM PANCHAYAT BAGDAI
VEND_8FD08A88,R B ENTERPRISE
VEND_A076FC0B,MAHAMMAD ABDUL RAHIM
VEND_7DDCD374,KOTHAV GRAM PANCAHAYT
VEND_8620FE73,AMAN KHARE
VEND_515A0705,RANJITH CONSTRUCTION
VEND_CDA48205,KEDARU SANGMA
VEND_F1909015,BDO PATTA MPLAD LS
VEND_AE9E16CD,MAHENDRA YADAV
VEND_7AC1C1D5,SHRI SWAMI SAMARTH MAJOOR SAHAKARI SANSTHA MARYADIT
VEND_CF1B7D9A,MR PANNALAL YADAV
VEND_290B5DEE,SILME K MARAK
VEND_49CEFD67,FEMINA W MOMIN
VEND_256BAB6C,BHAGU
VEND_9FA40F08,JINKI
VEND_97B315C7,SUGI
VEND_6F5ADB89,NENU
VEND_FEA360DB,FOJRAJ
VEND_232A4127,SELLAPPAN A
VEND_BC090A26,FIROSE KHAKHLARI
VEND_3B25FC5E,CHAMUNDA CONSTRUCTION
VEND_40DF1DE2,CHAMPALAL
VEND_30C01A93,REKHA ROSE DUKRU
VEND_CB944830,GRAM PANCHAYAT SARJAPUR JANPAD PANCHAYAT DHARMPURI DISTRICT DHAR
VEND_77C635F7,GRAM PANCHAYAT SANKOTA JANPAD PANCHAYAT DHARMPURI DISTRICT DHAR
VEND_9568A48D,THE BASANT NAGAR COOP SOCIETY
VEND_41196D99,BECHAR BECHARJI GRAM PACHAYAT
VEND_B88CCE9A,UMIYA ASSEMBLY TECHNOLOGIES
VEND_F9DA9D31,GRAM PANCHAYAT BANDAHU
VEND_67388B8E,JAGSEER SINGH SO BHOLA SINGH
VEND_4A9A33A3,HANSA RAM
VEND_94C7F48D,JETI DEVI
VEND_6556DEBC,MOHNLAL
VEND_4AD2DD2F,RAMSWAROOP GURJAR
VEND_CB19F468,CHHITAR LAL GURJAR
VEND_C42F28A2,RAMPRASAD GURJAR
VEND_13A9026E,BHOMA RAM GURJAR
VEND_2ADDAEA3,RATAN LAL KHATI
VEND_76A9F71D,RAMTI DEVI
VEND_1F3E58BB,CHANDAN BORDOLOI
VEND_ACABDB89,GHISA LAL GURJAR
VEND_E460D484,PRABHU LAL GURJAR
VEND_FBCC8BF1,R V INDUSTRIES
VEND_90B222A1,PRETHINGTON MARAK
VEND_F13D6F96,MR SARPANCH SACHIV GP MACHEWA
VEND_D112C72F,THE BPR CO OP LABOUR AND CONSTRUCTION SOCIETY LTD
VEND_78601A46,M R ENTERPRISE
VEND_3D201A5E,ACADAMIC HIGHT THE CHILDRANE ACADEMY
VEND_69A05030,KISHORE THAPA
VEND_6D04170D,REP BEN OF DHARMASALA BINAMANDIR CLB GRP
VEND_D7D75A31,MANAS KANTI ROY
VEND_B42D58F1,RAKESH KUMAR PANDHI
VEND_12EAED27,GANPATI PASHU AHAR UDYOG
VEND_CCCD8592,SAPPIN CH MOMIN
VEND_9C1B810B,RAJU MARIYAPPAN
VEND_6469B3C1,MURUGAN P
VEND_0AC348FD,KAVINKUMAR R
VEND_F2F9C6D7,NANDISH K
VEND_543A9128,M CUBE INFRATECH PRIVATE LIMITED
VEND_013A4D17,FATSAR GRAM PANCHAYAT
VEND_172B8570,UMA MAHESWARA RAO B
VEND_2B8B25C4,RAJESK KUMAR RAI
VEND_A125470F,SANTHOSHKUMAR P
VEND_5A115F3F,PARTH AND ASSOCIATE
VEND_C351C7DA,SHIVANAND JANARDHAN NAGRE
VEND_4BD0AF39,MUTTAPPA WADDAR
VEND_D8E50371,MUZAFAR SHAREEF
VEND_35D2FDB3,GP KHARLA
VEND_CD97A6DE,DASSAULT ENERGY PRIVATE LIMITED
VEND_CCF779C2,UJJAL HAZARIKA
VEND_505F7207,PRATIK VINODRAO MANIKPURE
VEND_A4157578,EMLANGKI SAPOOH
VEND_82B07929,JAY AMBE CONSTRUCTION
VEND_255054D6,ASGAR MOLLA
VEND_A26F9E7E,JINDAL TUBEWELL STORE
VEND_D69B36CF,SARPANCH GRAM PANCHAYAT ERMUR
VEND_AADCC2EE,MS GURU NANAK PIPE INDUSTRY
VEND_2A70FC70,GANESH BRICKS CO
VEND_4FA7FD39,SAMBATHKUMAR CONSTRUCTION
VEND_7D108875,SUMAN CONSTRUCTION COMPANY
VEND_36A60C97,DHARMARAJAN RAMAIAH
VEND_EF1DFA62,NUMBERDAR ENTERPRISES
VEND_9E2F0FB9,MACHNOOR YELLAREDDY
VEND_DC87832E,EE PWD CUD GST
VEND_7E4F29F8,RB TRADERS
VEND_77E3D472,INDRAWATI KUMARI
VEND_A6B80AB3,DHANAPAL
VEND_523D2CE8,SARABJIT KAUR WO PRITAM SINGH
VEND_4C263C66,GRAM PANCHAYAT KAKWADI
VEND_C793B8DD,GURU CONSTRUCTIONS
VEND_201A9EBD,GRAM PANCHAYAT KODEGAON RY
VEND_BDE6668D,C A SAIDALAVI
VEND_3674F414,GRAM PANCHAYAT DARRI
VEND_59B277F0,PALEPU VISHNU PHANI SRIKANTH
VEND_48EDAFD7,PAHADPUR GROUP GRAM PANCHAYAT
VEND_B11A3395,G P NEVRA
VEND_F105A9DA,RAJESH CHAUDHARY
VEND_E20850D0,GP SIDHIPURNIPANIYA
VEND_A93E09EF,PUSHPA PUNETHA
VEND_72DA8B92,JIBON KRISHNA PATRA
VEND_18C49AD3,HITESH TIWARI
VEND_012F1116,SANTOSH PALADIYA
VEND_19885C74,KAMAL KISHORE JOSHI
VEND_A8842183,BHAGWATI KAMAL KISHORE
VEND_873D653E,KAMAL PANDEY
VEND_4E7CFB8B,BINA PATHAK
VEND_2E1B3894,NEEMA UPRETI
VEND_63C2E8C3,GARIMA UPRETI
VEND_97027ACC,KAMAL UPRETI
VEND_35206A07,BHAWANA PATHAK
VEND_BA6E6757,RUCHI PATHAK
VEND_E10BFB51,HARIPRIYA PATHAK
VEND_94359BCE,BOINI ASHAPPA
VEND_07965E2E,GR FULFAKAR TRADING COMPANY
VEND_A4801A1D,PRAGATHI CONSTRUCITONS
VEND_AA99546A,GRAMPANCHAYAT VIRAMGAON TQ PHULAMBRI
VEND_9799BE9A,REN DSA BUILDING BILASIPARA GROUND FLOOR
VEND_060C8069,MS ANAS HARDWARE
VEND_3C93000B,BISWAS BROTHERS ENTERPRISE
VEND_421B907D,BHARAT NIRMAN CO
VEND_2255FC5F,R B MAKER
VEND_76172B61,IYAPPAN A G
VEND_378B7D10,SACHIVSARPANCH GRAM PANCHAYAT SEMRIHARCHAND
VEND_86FF539B,PULLALACHERUVU RAJASEKHAR REDDY
VEND_438003DE,BANNEBOYINA POSHETTY
VEND_C1CC52C7,TOKALA MARUTHI
VEND_CDB2C112,MANDAL CONSTRUCTION
VEND_9998F937,NAGNECHA MATERIAL SUPPLIERS
VEND_1AFCAED5,MUSKU RAJA REDDY
VEND_7C4EFD1A,K M PALANISAMY AND CO
VEND_31373055,GRAM PANCHYAT UMARDHA
VEND_811C6BBE,GRAM PANCHYAT MURGIDHANA
VEND_C78DA2ED,MASUD ENTERPRISE
VEND_F2E031A2,CHIRIKI RAMA MURTHY
VEND_7E5BF354,VENKATA SUBBA REDDY POTHIREDDY
VEND_A155FD40,GROUP GRAM PANCHAYAT NANIBHUGEDI
VEND_2E0177D6,SARAPACH SACHIV GRAM PANCHYAT
VEND_5CEBA156,BELLUM SANATH KUMAR
VEND_5D58AB33,GP CHAPANI
VEND_3FB7C9E9,RASU T
VEND_A52CA0CB,KRISHNAN GOPINATH
VEND_09CABE06,TIRTH AGRO INDUSTRIES
VEND_958535D3,KARAM VIR SINGH CONTRACTOR
VEND_31EB7E2C,MAHABUBOR RAHMAN
VEND_27F91739,E RAJESH
VEND_6B3045A3,CONSTRUCTION OF COMMUNITY HALL AT DEKDHOWA MAJAR SHARIF
VEND_BB4EDF2D,KAMALDEEP SINGH
VEND_4F4987E3,GRAM PANCHAYAT APRUJI
VEND_4A218DF6,AMARJIT KAUR
VEND_79BFEE03,DARSHAN SINGH AMARJEET KAUR
VEND_8DE4E979,GRAM PANCHAYAT SUKLI
VEND_25F1008F,GRAM PANCHAYAT SALHEGHORI
VEND_D44447E0,GRAM PANCHAYAT BHATHA
VEND_8374AE8E,GRAM PANCHAYAT NARAYANPUR
VEND_7032FFD4,MS HARSH ENTERPRISES
VEND_D3D1E050,GP THALA JP UDAIPURA
VEND_4EF4BB62,FOJIVADA GRAM PANCHAYAT
VEND_93D8D42B,GP MAGARDHA JP BADI
VEND_7DFF5842,GP FATEHPUR JP BEGAMGANJ
VEND_932689E1,CONST OF WOODEN BADMINTON COURT UNDER NORTH SALMARA DISTRICT ASSOCIATION
VEND_7B29AB96,SECRETRAY RAJASTHANI BHASHA SAHITYA AND SANSKRITI ACADMY
VEND_5948742D,SECRETARY RAJASTHAN SAHITYA ACADEMY
VEND_018A89F0,SHRI DEV CONSTRUCTION COMPANY
VEND_3C269F39,SHEIKH FARID AGRO TECH
VEND_99AC1664,SUNNYS STATIONERY WORLD
VEND_DF26A95C,SANKAR LAL VAISHNAV
VEND_B1A80F32,MANJU BAIRWA
VEND_4C97234A,SIDHU AND CO
VEND_55D0BBDE,JJ LALA PROJECTS PRIVATE LIMITED
VEND_B43C85B3,RAMARECHI GRAM PANCHAYAT
VEND_73DC62D9,MS ND ENTERPRISE
VEND_ED566D73,MAAHENDAR CONSTRUCTION COMPANY
VEND_01F91DD2,MAALAXMI
VEND_97DADF31,SIKA HANSEPI
VEND_3776FCB4,GOODNESH MARAK
VEND_9A60317C,CON REST ROOM PILGRIM NR DHUBRI KALIBARI
VEND_09C59482,CONSTRUCTION OF TOILET BLOCK NEAR HAJI M
VEND_332DD6E6,CON TOILET REST ROOM NR DHUBRI HARISABHA
VEND_93A5C104,VAPRUMU DEMO
VEND_5D1D5DB0,R RAVICHANDIRAN
VEND_E6A430E6,EDAYAMOORTHY
VEND_4EC9A7AB,PRINCIPAL NODAL OFFICER GP MAJHWAR
VEND_B58177EA,GRAM PANCHAYAT KOPRA
VEND_975F7291,RAJPUR GRUP GRAM PANCHAYAT
VEND_0F12722C,A S BHUVANESHKUMAR
VEND_512E5DD4,B SUNDAR
VEND_B659FBCB,TRILOCHAN SAHOO
VEND_FE9D7585,SARPNACH SACHIV GRAM PANCHAYAT UMMEDPURA
VEND_4F6EB43C,GRAM PANCHAYAT GUMDEL
VEND_2C024AE4,D AND P ENTERPRISE
VEND_A622ACD3,SENTHIL KUMAR P
VEND_F8463CD4,RASHTRIYA MAJUR KAMGAR SAH SANSTHA TELHARA
VEND_45551308,SUCCESS ASSOCIATES
VEND_E2D38959,JAI LAKSHMI CEMENT STORE
VEND_4906859D,DASHMESH BKO
VEND_FBF50C89,SARTHAK ENTERPRISES
VEND_9E58DE9E,MAIHAR TRADING COMPANY
VEND_87F22E06,HARJAP SINGH AND SONS
VEND_D8EB558D,MS BALJINDER SINGH
VEND_96B9B8E1,DIPANKAR DEY
VEND_AB8C3876,GRAM PANCHAYAT GHURPUR
VEND_552DC347,SURAJ KARAN
VEND_79205CD6,BABU CHAUDHARI CONTRACTOR
VEND_F95FE193,NEMIRAJU
VEND_02279F79,RAMSHUBH BUILDING MATERIAL
VEND_FF8D2D4F,VIJAYAKUMAR GURAPPA DHARWAD
VEND_EA921430,LAPPINGSON D MARAK
VEND_9575FEE7,DHARMENDRA NAIN
VEND_9521CD3F,KIRPAL SINGH AND SONS
VEND_96E51A65,TENGKU SANGMA
VEND_61E681A4,HAWK TRADERS
VEND_5C7C64EC,HP STATE CIVIL SUPPLY CORPORATION LTD SHIMLA
VEND_F13F213F,DEGAVATH RAJU NAIK
VEND_E9571FA4,SILAWAT CONSTURATION COMPANY GAGRANA
VEND_8C38AA8C,GP KUTNASIR JP BADI
VEND_828D3E9F,SHRI GIRIRAJ DHARAN GOUSHALA JEEV SEWA SAMITI
VEND_D698DAEA,GRAM PANCHAYAT CHITAPUR
VEND_F6D2BE0D,BOMMARATI SAI KRISHNA
VEND_33EE28F6,GOKAVI SHIVAKUMAR
VEND_1170EA3D,SARPANCH ROJAD PANCHAYAT
VEND_F3D97D81,DISTT EDUCATION OFFICER
VEND_DD4FFEF7,NISSAN SINGH SARPANCH ACHANAK
VEND_E2CF4B64,GINDA SINGH
VEND_63F00995,VYSHNAVI PARASPARA SAHAYAKA SAHAKARA PODUPU PARAPATHI AND MS
VEND_BA4FEB6C,BHARATH M V
VEND_79D4D9C5,RAMYA D
VEND_8712C08A,RAMANDEEP SINGH
VEND_87CF7B90,MALKEET SINGH
VEND_1EB80EBF,VIJAHAN CONSTRUCTOIN
VEND_5A628375,HAPPY SINGH
VEND_138A9F7A,PARAMJIT KAUR
VEND_5B5387D9,KIRANJEET KAUR
VEND_C930C944,SPR INFRA
VEND_3725D6FB,TUMMALA SRINIVASA RAO
VEND_24E68120,AEN RURAL AVVNL KISHANGARH
VEND_7E30A2B0,JAYPRAKASH YADAV
VEND_D2894F5E,SUNAMI ENTERPRISE
VEND_9D76B904,SAMEER SHANKARAO PATIL
VEND_BE16D8D5,SARPANCHSHRI PALI GRAM PANCHAYAT
VEND_1D125E27,SARPANCH GRAM PANCHAYAT GUJRA
VEND_500E7ADD,E MADHUSUDHAN REDDY
VEND_AF5DC5A4,SARPANCH GRAM PANCHAYAT DEMAR
VEND_C838BF70,SARPANCH GRAM PANCHAYAT DHOURABHATHA
VEND_C7B4AF90,SARPANCHSHRI BRAHMANVADA GRAM PANCHAYAT
VEND_9C237BA3,SRIHARI RAO AMARANENI
VEND_038BE8FB,RAJUPURA GRAM PANCHAYAT
VEND_A3C6F05F,RAJU SINGH
VEND_FBB001FE,CC KRISHNA NAGAR UNNAYAN SAMITTEE
VEND_86AFC1AD,Y P ENTERPRISE
VEND_B734745F,SRI BIKROM ENGHI
VEND_D5C1AAFC,GRAM PANCHAYAT CHALHA
VEND_2E7A4791,GRAM PANCHAYAT KHAMHAR
VEND_5D54FF28,SHARMA ASSOCIATES
VEND_3621D2AC,DIAMOND ENTERPRISES
VEND_4E793B23,YUDHVIR CONTRACTOR
VEND_299922F2,SITARAM PRASAD SETHI
VEND_EF5B7CE5,RAMKUMAR M
VEND_7D0C8347,SPOORTHY MAHILA PODUPU SANGEM
VEND_EA31CED6,SHRI GANPATI CONSTRUCTION COMPANY
VEND_F58A939A,BABA VISHWANATH ENTERPRISES
VEND_5B0D1C4E,NAPAD TADPAD GRAMPANCHAYAT
VEND_370EFA70,TODA GRAM PANCHAYAT
VEND_AA9CCF12,GRAM PANCHAYAT KANDO KANSAR
VEND_9EC0C72B,MOKIRALA MADHU VAMSHI KRISHNA
VEND_3D2BE28D,ASSISTANT ENGINEER NOKHA LAEO WD 02 BIKRAMGANJ ROHTAS
VEND_12581C9E,ASSISTANT ENGINEER DINARA LAEO WORKS DIV 02 BIKRAMGANJ ROHTAS
VEND_B8D91CCD,GP MANJHELI
VEND_18AC5405,RAKESH KUMAR DASH
VEND_7C2F068F,GRAM PANCHAYAT RUWAFUL
VEND_16CEC6D4,T DEENARANGAN
VEND_4676745D,SATYA PRAKASH NARAYAN BHATTARAY
VEND_86D85F87,NATARAJAN MANI
VEND_483A875C,MANGALPURA NAGOT GRAM PANCHAYAT
VEND_82044089,GURUPRASAD CONSTRUCTION COMPANY
VEND_1C37C2CC,SUVIDHA MAJUR SAHKARI SANSTHA MARYADIT
VEND_2FC4C75B,ANIJABITHA SANGMA
VEND_69F6C5EA,SUPRIYA A SANGMA
VEND_F9C53DB2,SATYANARAYAN GURJAR
VEND_39190DB5,TEJURAM GURJAR
VEND_F5FAB5DC,ABHIJIT DAS
VEND_48FCEC9B,THIRUPATHI CHANDANAGIRI
VEND_D226737D,YATHISH SHETTY
VEND_860E4B44,SHREE SHAYEE ASSOCIATES
VEND_18CB3325,MOHAMED RIYAS
VEND_7115009D,G P MOUHADHODHA
VEND_B582B597,SATYANARAYAN SONI
VEND_A7A93EA1,MS DURGA CONSTRUCTION
VEND_D05D0E96,MORA SATHISH
VEND_3171CA53,BBC TRIANGLE
VEND_506A9F44,GRAM PANCHAYAT GUNDLAI
VEND_9CB646D4,SHAIK MOULALI
VEND_8E2A4A64,GUDLA ASHOK
VEND_8A446671,DAGAD KAMGAR COOP LABOUR SOCIETY LTD
VEND_A4CF9B96,CHANDRARUP MAJOOR SAHAKARI SANSTHA
VEND_5A4F4E80,RAHUL CO OPERATIVE LABOUR SOCIETY LTD
VEND_BD111329,SFC MULBHOOT BHOJAKHEDI
VEND_23569D80,SFC MULBHOOT KISHANGARH
VEND_108A7646,PATAN MAHABOOB BASHA
VEND_E61026AF,GRAM PANCHAYAT TARSADABAR
VEND_764C26E9,GRAM PANCHAYAT UKHALI MEHANDALI
VEND_665427D0,VADDE YADAIAH
VEND_0CFC328E,DIHINGIA HARDWARE
VEND_3ECB7C65,M V VENKATASWAMY CNT
VEND_9B3200EA,ALLIED SURGICALS
VEND_A94D5F35,JASPAL DASS
VEND_9104E19A,RAMDEV INFRASTRUCTURE
VEND_7C89AB10,GRAM PANCHAYAT BHAGANI
VEND_4542439A,GRAM PANCHAYAT GOJAR
VEND_DF0F3FB9,GRAM PANCHAYAT GURUWALA SINGHPURA
VEND_A42D5CEF,GRAM PANCHAYAT BHAROG BANERI
VEND_15052387,SURENDRA SINGH CONTRACTOR
VEND_1EC5AB8D,SUDIKSA INFRA PROJECTS
VEND_1B18C612,WAHEGURU BUILDING MATERIALS STORE
VEND_54A5B285,ANITA ENTERPRISE
VEND_1616028C,NAZIR AHMAD SURKA
VEND_5DC5061A,ALPHA ENGINEERING SERVICE
VEND_6F4A0FF0,SURIYAKUMAR S D
VEND_9AF1DED3,PIPLI GRAM IDBI
VEND_D51303CD,MALLIKARJUN NANDAPUR
VEND_89ED75BD,RAMPAR GRAM PANCHAYAT
VEND_2F31F15E,NAKKA GURRAPPA
VEND_A0135C03,GRAM PANCHAYAT GATORA
VEND_001B4A17,MOHINDER SINGH
VEND_A472450C,DIPANGKOR DOLEY
VEND_F23E54B5,MANASH JYOTI BORUAH
VEND_37F4C3C2,BORO MAA ENTERPRISE
VEND_DB90132A,THE KARGIL COOPERATIVE LABOUR AND CONSTRUCTION SOCIETY
VEND_3378548D,GRAM PANCHAYAT
VEND_F4F3DCE6,GRAM PANCHAYAT SONAJORI
VEND_98882012,GRAM PANCHAYAT MOHANPUR
VEND_4BA5EEEC,THE ROYAL MADANPUR COOP LAB AND CON SOC LT
VEND_07E210DC,JANTA BKO
VEND_D0D38186,TAYAL TRADING COMPANY
VEND_3C554499,JANGID CONSTRUCTION COMPANY
VEND_C95A6B7E,GRAM PANCHAYAT JAANA
VEND_F776AB14,AKLIMA KHATUN
VEND_5C4D44AE,MS DWITHUN BASUMATARY ENTERPRISE
VEND_20E24030,SUNILAL BASUMATARY
VEND_87300AAC,THE PARDEEP SINGHMAR CO OP L C SOCIETY LTD
VEND_31799CBA,PRINCIPAL SARASWATI SHISHU MANDIR MOHGAON HAWELI
VEND_A6AE381D,SK ABDUL KHALEK
VEND_C873C14F,KOMMALAPATI TELLAIAH
VEND_5F7BC6BD,SANDEEP YADAV
VEND_C6D1B68F,AMEER ENTERPRISES
VEND_B2B1697E,MANAN CONSTRUCTION
VEND_E1B26095,SOHAM SATISHBHAI AMIN
VEND_9BE79028,ENDALA GRAM PANCHAYAT
VEND_3008622C,NARNARAYAN CERAMICS
VEND_B1C5926D,BASAVARAJ GUMATIMATH
VEND_2AC77756,SOHAN LAL MASSEAN
VEND_3CADD772,LOVELY ELECTRICALS
VEND_E606A5AF,PREET ELECTRICALS
VEND_0B9CFDEE,SHAHIR TRADING AND CONSTRUCTION COMPANY
VEND_AAB5368E,GANESAN VICTORIA
VEND_6939A609,GRAM PANCHAYAT TURENAR DMFT
VEND_61BE3609,KANNAN
VEND_E4F77F84,SARASWATI SHISHU MANDIR MOHKHED
VEND_9CA981BF,RAVINDRA PRATAP YADAV
VEND_38C95872,MANAS NASKAR
VEND_B534BBDE,MANAGER SHREE SATNESHWAR VIDYA MANDIR
VEND_D85FB754,G P KATHLI BHARAN
VEND_A7CDF9E8,SHREE SHYAM ENTERPRISE
VEND_EDD86E87,CONSTRUCTION OF CULTURAL PROJECT AT PANCHAGRAM
VEND_BBC3493D,MS K GHOSH AND CO
VEND_F5A0F856,BIBHUDATTA ROUTRAY
VEND_598356F3,MEHERIN ENTERPRISE
VEND_D0EA7960,GRAM PANCHAYAT CHAUPHAL PAWAI
VEND_BE0294AE,AISURYA RAJALAXMI NATHA
VEND_21A8D728,GP GANDHWANI
VEND_F38F89CB,ADS SOLUTION
VEND_512FD7C6,SHAIBORLANG THABAH
VEND_8EB77E35,PROVIDING 1 AMBULANCE FACILITIES FOR IN SIMLITOLA CHAR PRIMARY HEALTH CENTER
VEND_28DC76C0,PUSPADHAR GOGOI
VEND_9BBBF36B,VILLAGE EMPLOYMENT COUNCIL RENGDIL
VEND_126BDBAB,SHAHU AGRO SALES
VEND_19DA265D,PAVAN YADAV
VEND_DACC8C16,SNEHA MAJOUR SAHAKARI SANSTHA MAYADIT
VEND_2D697F9C,JIVDANI MATA MAJOOR SAHAKARI SANSTHA
VEND_96C215FE,BIKASH KOLEY
VEND_3B93FBFC,NEW POPULAR ENTERPRISE
VEND_B7F224D2,P BUCHANNA
VEND_766526E0,PARASHURAM HANCHATE
VEND_3511D66E,OMEGA ENTERPRISES DIBIYAPUR
VEND_DB7BEC72,ASHOK SINNANGAPPA DODAMANI
VEND_72EC1DC9,CODS CONSTRUCTIONS
VEND_5CCEE12A,DURAI T
VEND_37A958A8,BALAKRISHNA SHETTY
VEND_0F291489,G L KRISHNA REDDY
VEND_102E0266,KAMANNA K
VEND_BC2F7D3F,S KAMALAKAR RAO
VEND_31E8A404,FORTUNE ENTERPRISE
VEND_51DFC722,GRAM PANCHAYAT PASAN
VEND_C1F92F62,BABA BAIJNATH HS SCHOOL SARUPAHAN
VEND_364B19D6,JARNAIL SINGH GOVT CONTRACTOR
VEND_1508474C,MAHINDRA AND MAHINDRA LIMITED
VEND_5CB79C29,GP AGHAR
VEND_5B90E054,GRAM PANCHAYAT AAMBALIYA
VEND_C2D4020A,SADARA AALUSANA GRAM PANCHAYAT
VEND_2C5FF7AD,KHAISER
VEND_691D7AA9,PURNA BAHADUR DHOLI
VEND_BD9EC1A1,DANGARWA GRAM PANCHAYAT
VEND_5A05EAD4,SHIVA AGRICULTURE WORKS
VEND_0574B512,VARSANG GRAM PANCHAYAT
VEND_495CAD09,JASPAL SINGH SARPANCH
VEND_FB4A68F0,GANPATI ENTERPRISES
VEND_0BEA4CBB,GP KANDO BHATNOL
VEND_2BE0646F,A HARISH KUMAR REDDY
VEND_B062C102,CC DEULGURI
VEND_F589E0F2,PRAKHAND SHIKSHA PRASAR PADADHIKARI
VEND_29EB0B3D,BALAJI CONSTRUCTIONS
VEND_3A686304,SUBHAS CHANDRA DEY
VEND_8F318B5F,GRAM PANCHAYAT KATWADI BAGDATH
VEND_D455D057,KAILASH EKNATH SURYAWANSHI
VEND_73011EF1,NIRMALA ENTERPRISE
VEND_979DBCB6,SUBHASH TRADING CO
VEND_ED63B85F,RAVI KUMAR
VEND_1CC44B88,JEEVA ENTERPRISES
VEND_B0C53FD9,RULDU SINGH
VEND_9A3022A4,SANDEEP KHAN
VEND_50CE881B,RAI ENTERPRISE
VEND_99609BB9,EVANNASSAR SHYLLA
VEND_478DB9F6,HARGOBIND SINGH
VEND_C7257219,BILLU SINGH
VEND_41E72AF3,BALBIR CHAND
VEND_35534924,ADITYA CONSTRUCTIONS
VEND_01AE986C,NAMITA SATPATHI
VEND_718D4AAD,RADHIKA TRADERS
VEND_D8A098CB,GRAMPANCHAYAT RUSTAMABAD
VEND_3DD872FC,SHREE CONSTRUCTION PRO SHIRKANT VIKRAM GAIKWAD
VEND_57A8CFF3,SHRMA SPORTS AND GARMENTS
VEND_1A12EBEC,GNANAPANDITHAN
VEND_DDD9D3DD,JP INTERMEDIATE COLLEGE
VEND_C7E458B3,PRASUN CHANDA
VEND_18DD02D5,SEN SUPPLIERS
VEND_ED6F42BD,KESHAV DUTT
VEND_CAB2A92A,MARNYA RINA
VEND_36D2C142,S P ENTERPRISE
VEND_4600587C,VAYAD GRAM PANCHAYAT
VEND_FF26A228,GRAM PANCHAYAT KOLAR
VEND_54EDA76D,GRAM PANCHAYAT SAINWALA MUBARIKPUR
VEND_22408EAF,GRAM PANCHAYAT PARDUNI
VEND_F467956F,BORIYAVI GRAM PANCHAYAT
VEND_C4DA0D08,HAREN CHAROH
VEND_721B7A18,SABIBUR ENTERPRISE
VEND_A6501294,NEW MANDAL ENTERPRISE
VEND_726CA9ED,SHRI DATTA LABOUR KAMGAR SAHAKARI SANSTHA
VEND_1B9402E2,OM MURUGA CONSTRUCTIONS
VEND_1EA2E409,QUALITY MARBLE GRANITES
VEND_C6A0C74E,GRAM PANCHAYAT CHANDERSHEKHARPUR
VEND_2E9B24B5,MADINA ENTERPRISE
VEND_792AF58D,BISHAL CHOWHAN
VEND_31C9D320,JASPREET SINGH
VEND_7844E6FF,SANJIB GOGOI
VEND_77551A31,DELA GRAM PANCHAYAT
VEND_F31AA981,MDFA
VEND_413E58E9,MS SK CONSTRUCTION AND SUPPLIER
VEND_EA8E6A3C,GP VARUD
VEND_F45CD21B,PREMIER HEALTH CARE
VEND_D2562095,BDO MEHLA MP LADS MANDI
VEND_6A96BFC6,AXOM AUTOMOBILES PVT LTD
VEND_8AD4B80B,SIMON P M
VEND_0B6DA85F,MS OM CONSTRUCTION COMPANY
VEND_7F498327,INDRAYANI MAJUR SAHAKARI SANSTHA MARYADIT
VEND_B2881988,BHULLAR STEEL STORE
VEND_1A62D3BA,VISHAVKARMA WALDING WORKS
VEND_83168DA1,RAM SHUTTERING AND CEMENT STORE
VEND_6293C642,BHAMADIA GRAM PANCHAYAT
VEND_56996FD2,MS HARI KRISHAN AGRO
VEND_3137B6F2,JAI SHREE BALAJI CONSTRUCTION
VEND_6CE6BF92,P MANOGARAN
VEND_A17E1B78,MRINMOY BANERJEE
VEND_022EBFB7,CHADASANA VILLAGE
VEND_E469B495,BLOCK DEVELOPMENT OFFICER SOLAN
VEND_85E363CD,KALIYAMMAL MUTHUPANDI
VEND_75CF64EB,GOTTAM KUMAR
VEND_6CB8AE0B,MUNEER
VEND_01FB3755,GRAM PANCHAYAT BUDHORE
VEND_97995F1D,SRI RAMALINGESHWARA ENTERPRISES
VEND_5104BA20,UDAY LAL GADRI
VEND_2D637E13,KALESH
VEND_762A8F47,NARAYAN
VEND_9ABFAE44,ANJU
VEND_DDBA9E06,JAKKOJU SRINIVAS
VEND_00570A8A,SUHAVI ENTERPRISES
VEND_840E7907,SANWAR MAL JAT
VEND_4AAD20ED,BHERU LAL
VEND_675A16D5,SHANKARI BAI
VEND_C286B954,MEENA
VEND_24D54538,BALI
VEND_B5E45CFB,MANGI
VEND_F3AC5041,PAREM DEVI
VEND_10DC07C4,SHUSHILA DEVI
VEND_5FCB62A6,HANUMANA RAM SUTHAR
VEND_E9538F0A,AGGARWAL IRON AND CEMENT STORE
VEND_FBEECEEB,UMARECHA JUTH GRAM PANCHAYAT
VEND_AB9700D1,RENUKA CONSTRUCTION
VEND_E99B627F,GP NAWNA BHATWAAD
VEND_F1DC3424,JASVEER SINGH
VEND_8B5C8733,THE RAJDHAN CO OP L C SOCIETY LTD
VEND_1F19E7C8,GRAM PANCHAYAT DHARMAPUR
VEND_5D444119,SHREE CHHATAR GRAM PANCHAYAT
VEND_ED52D16D,RUPAK PATEL
VEND_CBC0FF1A,MALWA PIPE INDUSTRIES
VEND_818F74AB,SABNUR CONSTRUCTION
VEND_60ED6258,PALAIAPPA MOTOR WORK AND PIPES
VEND_FB1BC680,GOVIDULA SRINIVAS
VEND_0575C15D,KHASI JAINTIA SYNOD SEPNGI URBAN MISSION
VEND_AEF00461,TANSI PROJECT CELL ERODE
VEND_D0824D90,MPPKVV COM LTD
VEND_CF383C1E,GRAM PANCHAYAT TIKRI
VEND_71AD158E,GRAM PANCHAYAT NAGWARA
VEND_FB04CC51,GRAM PANCHAYAT KAPKHEDA
VEND_F5D8C7DE,MOTASAKHPAR GRAM PANCHAYAT
VEND_570C6327,GOPAL RANJAN ENTERPRISES
VEND_02F78E86,KUNTA MAHIPAL REDDY
VEND_A4B797C1,GARAM PANCHAYTA KHOTLAAPAL
VEND_398287E5,A T ELANGOVAN
VEND_EF553F24,BALIJA SHEKAR
VEND_658F892B,MAHALAXMI CONSTRUCTION AND BUILDING MATERIAL
VEND_CE2BC62D,R M ENGINEERING
VEND_AB9D1BF3,GRAM PANCHAYAT KORTA
VEND_306E025C,GRAM PANCHAYAT DHODREPAL
VEND_31940044,DD BKO
VEND_1924EA6E,SETHI ENTERPRISES
VEND_5F67B350,SONU CEMENT STORE
VEND_2E0AC50F,DEE OPERATION TSNPDCL THORRUR
VEND_D546BCB2,VIVEK KUMAR ROAD ROLLER
VEND_04DB97B7,R VISHWANATH
VEND_BCE45A19,COSMIC POWER
VEND_D4595476,SAKH ABDUL HANNAN
VEND_152A3FC5,GP DHAMANDRI
VEND_19FF89B9,GUNDALA SURESH REDDY
VEND_C1764FD7,NATIONAL TRADERS
VEND_A68593E4,HIMMAT KUMAR
VEND_2C3A0842,DIWAM ENTERPRISES
VEND_3D7D3C59,SATISH KAKARADDI
VEND_85805EC3,H AND C STORES
VEND_C2A25F7E,KHARAD GRAM PANCHAYAT
VEND_DD2E5815,SARPANCH GRAM PANCHAYAT BARLIA
VEND_C66F7BDC,SRI BALAJI AND COMPANY
VEND_593A5C55,SHREE STONE CRUSHER
VEND_38B99C4B,JAI BIRSA TREDARSH CSC E AGRI INPUT MATERIAL SUPPLIER
VEND_936C169C,HARITHAM BOOKS
VEND_70FF06F5,MATHRUBHUMI PRINTING AND PUBLISHING CO LTD
VEND_F8DAB6BE,KANKAR KANWAR
VEND_F6DF1DC7,DURGA KANWAR
VEND_9D898BF2,BAHADUR
VEND_19378DE5,GRAM PANCHAYAT MANDHOLI KALAN
VEND_97967F53,BONKUR ANJILAYYA
VEND_EDCB5948,CHIEF MUNICIPAL OFFICER MANDSAUR
VEND_C351E75D,HIND CONTRACTOR
VEND_8B77928D,RABIN SHOW
VEND_5FCFFBB4,NABIN KUMAR SHAW
VEND_40FB5381,PRATICK KUMAR GHOSH
VEND_233841C6,JHALMAN DASS MASSEAN
VEND_895A9DDA,WISHWAKARMA WELDING
VEND_C7D56E0A,GRAM PANCHAYAT JARJOLA
VEND_677CC11E,GP KELVI
VEND_7DEA8C11,EXECUTIVE ENGINEER RURAL DEVELOPMENT DEPARTMENT
VEND_953E69BF,GRAM PANCHAYAT JAMLI
VEND_FA0487FB,CHATTHA TRANSPORT
VEND_44878D40,KAARTHIKEYAN S
VEND_0DC1BC7F,CONSTRUCTION OF COMMUNITY HALL AT GOURNAGAR JUNIOR COLLEGE
VEND_9CD27512,SAHIL PRECAST
VEND_683498F0,CONSTRUCTION OF COMMUNITY HALL AT SARAPARA VILLAGE BARDAMAL
VEND_C897D2B0,GRAM PANCHAYAT SAMAILA
VEND_A79B7C6F,GP SATHWIN
VEND_F481BECA,GRAM PANCHYAT SAUR
VEND_9D902747,GRAM PANCHAYAT SOHARI
VEND_A826B3D9,GRAM PANCHAYAT USNAR KALAN
VEND_AB26A509,MGNRGS CONVERGENCE ACCOUNT
VEND_90E71DCC,CONSTRUCTION OF CLASSROOM AT GOALPARA GIRLS COLLEGE GOALPARA
VEND_72DE3485,CONSTRUCTION OF COMMUNITY HALL AT KRISHNAI WEEKLY MARKET
VEND_C44F5D23,CONSTRUCTION OF ADDITIONAL ROOM IN EXISTING COMMUNITY HALL AT KURUNG DODAN LAKHIPUR
VEND_5A467D4B,BANDANA TANTY
VEND_DDE4EC40,PARAMESWAR SAHOO
VEND_E88CCEF8,SUNARAM MARANDI
VEND_627E182C,SASMITA NAYAK
VEND_FE306383,PRATIK AJIT REDDY
VEND_4DFDDA26,ADALWADA GRAM PANCHAYAT
VEND_5F3B55EC,RAJ KUMAR MONDAL
VEND_FA7B25F8,VIVEKANAND REDDY KOTHAKAPU
VEND_E08207BF,S NAWAJ REDDY
VEND_6586B007,ANANDHI RAJASEKARAN
VEND_89B02E22,GRAM PANCHAYAT PAIKPAL
VEND_387ECB4B,GRAM PANCHAYAT JHARUMARGAON
VEND_02B98D3E,SDO S U S D NO 2 BHIWANI
VEND_AA6EE73F,KUMMATHI NARAYANA REDDY
VEND_7624687D,A GURIVI REDDY
VEND_37FBCD23,G VENU GOPAL
VEND_53FEACB8,GRAM PANCHATYAT GHANAHATTI
VEND_CFD6103A,NISATHKHAN H
VEND_43634CA4,HALDHARVAS GRAM PANCHAYAT
VEND_7AA5E345,SHIVANAGOUDA JANAGOUDRA
VEND_F39A29AA,SHIWALI KUMARI
VEND_1E1C336B,NORDEN LEPCHA
VEND_0823217E,S M CONSTRUCTION
VEND_BEA6BC25,VISHAL JAISWAL
VEND_68441D0A,SEINRAIJ SHNONG SABAHMUSWANG
VEND_9AA2D1A4,FATHIMA CONSTRUCTIONS
VEND_BB268CC8,RANJIT CHOUDHURY
VEND_E2818560,ESWARA RAO KADAMA
VEND_75CF7949,PROMITA CONSTRUCTION
VEND_637844EF,SATHYA ASSOCIATE
VEND_5B39B3AF,ALBIN LAMARE MEMORIAL SECONDARY SCHOOL NANGBAH
VEND_648DD4EE,THEJAS TRADERS
VEND_22B097F7,JAYAPRAKASH R
VEND_D859BEDC,CONSTRUCTION OF BOUNDARY WALL NEAR DARUL ULAM TARITUL KORAN HAFIZI MADRASSA NEAR SIMLABARI BAZAR
VEND_812CAA80,K J SUPPLIERS
VEND_715E2FE0,SHUBHAM CONSTRUCTION VAMASA
VEND_148182D9,SANKETGOUDA BASANAGOUDA PATIL
VEND_159B55F6,RAVI KUMAR REDDY BADEPALLI
VEND_C1AB561F,EEEDD 2 CHANDPUR
VEND_3B8035E1,THE PANILION
VEND_0BB369AF,SRI DVAARAKHA TECH
VEND_5F837464,HIND MOTORS SIKAR
VEND_E221EFED,UNICEM ENGINEERS
VEND_DE1D18D6,GP BAGRI
VEND_4869E515,GP BHARARA
VEND_0194B998,GP DEORIGHAT
VEND_1F88A513,GP DHARKANDRU
VEND_4652043C,GP DHARMPUR
VEND_6237B257,GP GHORNA
VEND_F511717C,BACHAN SINGH
VEND_9793428E,KALA RAM
VEND_CB404974,LATA
VEND_46B5589B,DURGA KUMARI
VEND_D4F79771,SHREE RAMDEV CONSTRUCION
VEND_E73333EB,PARAS MAL MEENA
VEND_C44DFFC6,GP MAHOG
VEND_E1EE3B75,GP SANDHU
VEND_B27FF2A5,GP SHADIMATIYANA
VEND_961523B0,GP DHARTRUPUNU
VEND_3CB025EB,GP JHADISARA
VEND_EEDCB2AB,KANPUR ELECTRICITY SUPPLY COMPANY LIMITED
VEND_DB0265A4,CURLESHA KOKSI SANGMA
VEND_D51C3AB9,PINGALI GRAM PANCHAYAT
VEND_9C57C635,GRAM PANCHAYAT SANSOLI
VEND_C70235E9,SARPANCH KATOL GRAM PANCHAYAT
VEND_6B265254,CONST OF COMMUNITY HALL NEAR TAPATTARY HIGH SCHOOL
VEND_E3E85047,RAJU DOLEY
VEND_5755C4EE,AHTESHAM CONTRACTOR
VEND_5B259DFA,ANSUMWI NARZARY
VEND_169CD654,PULIVARTHI VENKATESWARLU
VEND_19519DED,GONE RAVI
VEND_765F078F,PRADDEP MANE
VEND_B25D8623,GAUTAM ENTERORISES
VEND_0907B5E8,NANA RAMPAR GRAM PANCHAYAT
VEND_D18DB600,HARBATIYALI GRAM PANCHAYAT
VEND_D8112657,MITANA GRAM PANCHAYAT
VEND_964F0DFE,ANURUPA ENTERPRISE
VEND_95A042F7,AS ENGINEERING WORKS
VEND_BF6987F0,SIDDHESHWAR ENTERPRISES
VEND_003F5FB4,SATLUJ BRICKS INDUSTRY
VEND_52A57509,REHMET BUILDING MATERIAL SANITARY
VEND_A09B4426,RDC ENTERPRISE
VEND_EA5235A0,MR KITLANG MASKUT
VEND_C181A301,NAVEEN KUMAR H P
VEND_AFC7B81C,CN PLT BHEL ST SD BHEL BZ
VEND_EC73DFA1,CONSTRUCTION OF COMMUNITY HALL AT LOKPRIYA GIRLS COLLEGE KALGACHIA
VEND_48C45E5D,VPR ENTERPRISES
VEND_398390C2,GP BALH BIHAL
VEND_A191C7E2,GP BHAIL
VEND_5C6305AB,LT COL OC 24MP BN NCC CWA
VEND_1D34D590,SUKHDEV PESTICIDE SAFERA
VEND_9D903D97,GURBAX SINGH CHET SINGH
VEND_41108188,BAGADOLLA BHUMANNA
VEND_B89AF991,GP BELA
VEND_005E2568,DASARI PRAVEEN
VEND_C533FBC1,GP BHADROL
VEND_5BF7F153,EE RWS AND S P DIVISION NANDYAL
VEND_ACE1B76C,GP GHOOND
VEND_200D778C,GP MAHORI
VEND_6E61C5E8,SARPANCHA SACHIV GRAM PANCHAYAT ORCHHA
VEND_1217810D,GP GALOR KHAS
VEND_6D8716BD,JAY GAJANAN MAJUR SAHAKARI SANSTHA LTD
VEND_FC7181EE,SAFIULLA ENTERPRISE
VEND_5678FC9E,THANGAVEL DURAISAMY
VEND_1AEFE741,RAM AVADH JANTA INTER COLLEGE BARIYAWAN AMBEDKARNAGAR
VEND_6B8AB1B0,MS V P CONSTRUCTION
VEND_BA17CEE6,S M BRICK KILN
VEND_049D49C9,SMC PRESBYTERIAN SECONDARY SC BARATO
VEND_2FB9646D,GRAM PANCHAYAT TANKAL
VEND_0B20D083,GRAM PANCHAYAT RETHVANIYA UNDHVAL
VEND_052482D7,GRAM PANCHAYAT MINKACHH
VEND_C59FCF94,CHIDA ORAM
VEND_CBDF9321,GRAM PANCHAYAT SADAKPOR
VEND_C2E2B72A,PRAGATI M K S M LTD
VEND_0758D7B8,DHIRENDRA C PATEL
VEND_59CFFE5F,GRAM PANCHAYAT TALAVCHORA
VEND_98B8E099,R P R N PUBLIC SCHOOL RAMPUR SAKARWARI AKABARPUR AMBEDKARNAGAR
VEND_F14FD57F,GRAM PANCHAYAT AMETHI
VEND_22AA9D2A,CONST OF COMMUNITY HALLL IN FRONT OF BASUDEV KIRTANGHAR DHARAMPUR
VEND_D2D75F0A,GRAM PANCHAYAT GAGRA
VEND_209DBFCE,GRAM PANCHAYAT ANGARA
VEND_A80F85BC,GRAM PANCHAYAT BODRAPURI
VEND_A0FAEC59,JASWINDER SINGH SO DARSHAN SINGH
VEND_AFBC9F29,MARUTI ENTERPRISES
VEND_ED1F9AD4,CHAKKAPARANI P
VEND_B9843803,GRAM PANCHAYAT AMLIDIH
VEND_7ADE1320,SARPANCH GRAM PANCHAYAT MATWAD
VEND_A661C825,GRAM PANCHAYAT MADAIBHATHA
VEND_99CA8BE7,GRAM PANCHAYAT TARSINWA
VEND_391F3C1B,GRAM PANCHAYAT CHARI
VEND_3A4D19E4,GRAM PANCHAYAT PARSULI
VEND_0319FDBC,GP KOTLA PANJOLA
VEND_44CBD32B,BHUPENDRA RAMANBHAI PATEL
VEND_12BDF409,SUBHAM CONSTRUCTION COMPANY
VEND_C6A22ECC,GRAM PANCHAYAT VANZNA
VEND_B9E47909,STATE INSTITUTE FOR MENTALLY CHALLENGED
VEND_64B01511,GRAM PANCHAYAT THALA
VEND_092A19A7,A S CONSTRUCTIONS
VEND_46EA685D,SAYED NOOR PASHA
VEND_C2A982E0,NACHHATAR SINGH
VEND_092A1EEE,BHAVYA CONSTRUCTION
VEND_92970183,VENKAT RAM REDDY GANTA
VEND_0D890BA4,SAMBRET RAJ D
VEND_2721D4D0,AHILYA BAI PAL UCHCHATAR MADHYMIC VIDYALAY
VEND_079609AF,SAILU PANDI MUKKULA
VEND_9F017DE1,VILLAGE PANCHAYAT DHOLAI
VEND_A1736EF9,GRAM PANCHAYAT GOVANDI BHATHALA
VEND_15F60DE7,DASHMESH SPUN PIPE FACTORY
VEND_B0DDA618,GRAM PANCHAYT KHAMUBKHEDI
VEND_30695ACA,MITHINGA SWARGIARY
VEND_D3A414FB,GRAM PANCHAYAT BODWANK
VEND_79B62B86,GRAM PANCHAYAT TEJLAV
VEND_00C4788B,GRAM PANCHAYAT MALIYADHARA
VEND_71A9FF94,GRAM PANCHAYAT PIPALGABHAN
VEND_46FB6510,MAGASWARGIYA KARUNA MAJOOR SAHAKARI
VEND_BCD5CB56,GRAM PANCHAYAT ALIPORE
VEND_87E545C9,GRAM PANCHAYAT CHASA
VEND_268124A8,DS ENTERPRISE
VEND_FB0DBB47,GRAM PANCHAYAT GHEJ
VEND_B1EDB62F,GRAM PANCHAYAT GHEKTI
VEND_C3A7CACF,GRAM PANCHAYAT VANKAL
VEND_CE51BA3C,GRAM PANCHAYAT SUNTHVAD
VEND_0373DB34,GRAM PANCHAYAT BAROLIA
VEND_DA3F2F19,MUSTAFA MUSTAQUL ISLAM
VEND_C79A0391,GRAM PANCHAYAT SOLDHARA
VEND_BF262E84,ASHRAFUL ISLAM
VEND_717B39DE,KARTHIK D R
VEND_A99383B2,GYAN ENTERPRISES
VEND_66E66B62,GRAM PANCHAYAT MAJIGAM
VEND_36F0EC38,GRAM PANCHAYAT MALWADA
VEND_DC2F9D45,GRAM PANCHAYAT SAMROLI
VEND_4865AA22,SAMPATH KUMAR M S
VEND_39E4A673,RAMESHKUMAR M
VEND_291E0EC0,KARTHIK K V
VEND_99CDDA8E,PAL KAUR
VEND_D4A692A3,GRAM PANCHAYAT CHIKHLI
VEND_91371F0F,GRAM PANCHAYAT CHITALI
VEND_154FB8A6,SANOSARI GRAM PANCHAYAT
VEND_9273170B,GRAM PANCHAYAT SARAIYA
VEND_C227696C,GRAM PANCHAYAT CHIMLA
VEND_F0C353EF,GRAM PANCHAYAT BALWADA
VEND_23CCEBA2,PROGRESSIVE AUTOMOBILES PRIVATE LIMITED
VEND_9C7A5F67,BASAVARAJ JADRAMAKUNTI
VEND_F28E7DA5,J S ELECTRICALS
VEND_F6A604FE,PAPPATHI
VEND_CF183A1D,GANESAN VEERANAYAKAR
VEND_4183B967,BHAGYODAY RUBBER MOULD
VEND_ACE06731,SARPANCH PANCHAYAT MOGAR
VEND_0AC367E2,SARPANCH SHREE GRAM PANCHAYAT SATEM
VEND_0B93607D,GRAM PANCHAYAT MAHUDI PUNI BHUNWADI
VEND_71FEA1C3,GRAM PANCHAYAT GANDEVA
VEND_C89FDB16,AVINASH P
VEND_354A585F,UPGRADATION OF COMMUNITY HALL NEAR MAA MANASHA MANDIR
VEND_F89A0A86,GP BASA THEOG
VEND_1C663716,DEE OPERATIONAL RURAL TSNPDCL
VEND_C0FD78FA,R K IMAGING
VEND_BAE05669,SRI VAISHNAVI CONSTRUCTIONS
VEND_40BDCD30,GP BHARNAL
VEND_1F2E843A,RT ENTERPRISE
VEND_DE27F073,DHALIWAL CEMENT STORE
VEND_0C78F294,JILLA DHANUNJAY
VEND_2C88E005,SHOBANA S
VEND_F33E2EC7,BIKE SINGH
VEND_F1574F72,BALRAM SINGH
VEND_85CF1170,K SATHISH RAI
VEND_D24EEBDB,KASANA BULIDING MATERIAL SUPPLIERS
VEND_C9F25308,CHAUDHARY TRADING CO
VEND_08DA378E,N SANKAR
VEND_1E4C1CE1,KODUVALLY BLOCK MULTI ENGINEERING LABOUR CONTRACT CO OPERATIVE SOCIETY
VEND_6531AE36,K P AHAMMEDKUTTY
VEND_D4DEFEE0,NENAVATH RAVINDER NAIK
VEND_B0E6C904,NAVA CHITANYA MPS
VEND_432001B1,RADHE KRISHNA CONSTRUCTION JALORE
VEND_714AF8BB,MUDHAIDEVI MAJUR SAHKARI SANSTHA MARYADIT
VEND_4F05808C,SHRIRAM MAJUR SAHKARI SANSTHA MARYADIT
VEND_7CA02C84,BALAJI MAJUR SAHKARI SANSTHA MARYADIT
VEND_9238C86C,GANPATI BRICK INDUSTRIES
VEND_1E43BA35,SHANKARAGOUDA V AGASIMUNDIN
VEND_999D3DFE,KALLEPSING MARAK
VEND_DF4B3A92,MUNNA MARAK
VEND_4F83A0C4,GRAM PANCHAYAT ULNAR
VEND_9355A902,GRAM PANCHAYAT DHOBIGUDA
VEND_EE890D3D,GRAM PANCHAYAT BHIRINDA
VEND_2348874F,PRATAPPURA JUTH GRAM PANCHAYAT
VEND_8F4F3447,JAGAN NATH AGGARWAL BKO
VEND_E6687011,GRAM PANCHAYAT SUNEDA
VEND_F231C495,SANDHASAL
VEND_5435B11B,CHHALIER JUTH GRAM PANCHAYAT
VEND_6B5AB463,JALAMKHANT NA MUVADA GRAM PANCHAYAT
VEND_56584402,DEEBA CONTRACTOR
VEND_78F783D7,SACHIN KUMAR
VEND_39FF1F91,VIPINA
VEND_7E0A8A36,ABDUL MOTLEB
VEND_83AFAC14,SANPRAY D SANGMA
VEND_0F39ABD5,A DEEPA
VEND_A7524CC5,MINOLA MAKRI
VEND_54E78A83,MARAI MATA CONSTRUCTION COMPANY
VEND_F0DB6660,SASTHA ELECTRICAL WORKS
VEND_1455DD43,NARAYAN SINGH DEVENDA
VEND_67810C10,NITHEESH K
VEND_7504C1F0,KARNE VINOD
VEND_733B2168,GRAM PANCHAYAT TATENGA
VEND_E123BC75,MSV CONSTRUCTIONS
VEND_4DB85E0F,MANJUNATH VAJJARMATTI
VEND_8D441E1D,JYOTI PIPE
VEND_369ADA32,BASKARAN A S
VEND_D70DB5BA,JAY AMBE BUILDING MATERIAL SUPPLYERS
VEND_25BD835E,GRAM PANCHAYAT OFFICE DODKI
VEND_9F217ACE,D R AND COMPANY
VEND_78B901B9,JHIRMAL SINGH
VEND_7423B40D,KWALITY IMPEX
VEND_981866B4,DADAPOR GRAMPANCHAYAT
VEND_F63FBD0D,BALA RANI BKO
VEND_3CAB63B6,SURAJIT SAIKIA
VEND_5FC2B7C2,GRAM PANCHAYAT NIMLAI
VEND_0F7679E0,GRAM PANCHAYAT VANSI
VEND_4FC5A5A1,GRAM PANCHAYAT MAROLI
VEND_3FD5C863,PARVEEN SINGH
VEND_36E66361,GRAM PANCHAYAT MIRJAPORE
VEND_1F4B2C42,GRAM PANCHAYAT NADOD
VEND_6244E71A,IJAZ KHAN
VEND_26A55C9D,GRAM PANCHAYAT PARSOLI
VEND_374D8E61,GRAM PANCHAYAT PARUJAN
VEND_56872B2C,GRAM PANCHAYAT KOLASANA
VEND_C6F7D51F,GRAM PANCHAYAT SIMALGAM
VEND_6011766B,GRAM PANCHAYAT BORSI
VEND_2FB90704,GRAM PANCHAYAT MANGROL
VEND_AC4854F7,GRAM PANCHAYAT MAGOB BHATHA
VEND_25B5F5CA,CHAHAL INTERLOCK TILE FACTORY
VEND_C3CB7735,GRAM PANCHAYAT DIPLA
VEND_48CC7342,GRAM PANCHAYAT BHINAR
VEND_9267CE47,GANESHPURA GRAM PANCHAYAT
VEND_928398A2,GRAM PANCAHYAT DELVADA VADOLI ALURA
VEND_A466B8A4,GRAM PANCAHYAT UMBHRAT
VEND_539D7BAE,GRAM PANCHAYAT DANTI
VEND_18799F02,EMPI MEYA
VEND_F71E0332,SK TRADING CO
VEND_918B463A,TIRUPATI MAJUR KAMGAR SAHAKARI SANSTHA MARY
VEND_6CD5DEDD,SARPANCH GRAM PANCHAYAT PATHARI
VEND_08E6433C,SACHIN VISHWANATHRAO RAUT
VEND_9E82FBEF,MAA KALI ENTERPRISE JHUMPA BARMAN
VEND_33500170,DIP ENTERPRISE
VEND_4DE207FB,SUNRISE ASSOCIATES
VEND_C8B482AD,TANDRA TRADERS
VEND_9AC0422E,SHYAM KANTA GHOSH
VEND_80F1CA30,YADAV COMPUTER
VEND_6CA973CC,GAUTAM TRADERS
VEND_5782BACD,ZUBA ENGINEERING AND TECHNOLOGY
VEND_52900598,MURARI LAL
VEND_E9612A2E,R ENTERPRISE
VEND_5AB0F8F0,GP BAWADIYACHOR IC
VEND_216EE78F,JANNYAK
VEND_A879BA73,DEEPAK JASU
VEND_A96F43EF,GRAM PANCHYAT PADALWAS
VEND_BB19A87D,GP KALOOR
VEND_94F2DE9A,GP BALDUHAK
VEND_E06EFDFC,SHRI RAM TRADERS BELA
VEND_BAA50BDE,APPADURAI SAMINATHAN
VEND_D92199D1,BABA TEERATH DAS BAL VIDHYA MANDIR
VEND_B8FD8B8B,GP MANN
VEND_13AE010F,GP JALARI
VEND_A12D859A,GP BARDHYAD
VEND_1A6F1F08,GRAMPANCHAYAT CHIDGAON
VEND_672CEFEA,BADAN SINGH
VEND_5D9E7136,GP KOHLA
VEND_DDE809DF,GP BATRAN
VEND_638CBED8,RAMDIN SINGH
VEND_B52A62C4,GP CHORU
VEND_12CC43F1,RAMESHWAR PRASAD
VEND_A725D61B,SUNHERA
VEND_B2C03FC8,VASIRAM
VEND_FBE88D17,VINESH KUMARI
VEND_F3BDE0B0,VISHWAKARMA MAJOOR SAHAKARI SANSTHA MARY
VEND_3B609C0A,GRAM PANCHAYAT GUNNOTHA
VEND_570C9EE1,DATAR
VEND_CC83E5D1,CHELARAM BAWRI
VEND_2D5F08B7,SPD CONSTRUCTION
VEND_BFF964BC,VIKASH UDYOG
VEND_8F8F6E02,VENKATRAO NARSINGRAO MADPELLIWAR
VEND_A9B61943,SOVAN CONSTRUCTION
VEND_35D3F33F,SRI SAI LAKSHMI CONSTRUCTIONS
VEND_348FEC56,GUMMA SYAMASUNDARARAO
VEND_D40FDA2B,DINESH CHOUDHARY
VEND_7294C579,POUDEL AND POUDEL ENTERPRISES
VEND_FC2DF7C4,NATH ENTERPRISE
VEND_5A39C2BF,THE GABI NAGAR CO OP LC SOCIETY LTD
VEND_E3DAB681,DDE TVPM
VEND_060B1E12,SARPANCH GRAM PANCHAYAT MASA
VEND_82451667,SWETA KUMARI
VEND_92145F29,GRAM PANCHAYAT VADI
VEND_2E2CF5BB,AKSHARA ENTERPRISES INDIA PVT LTD
VEND_154A7BFC,GRAM PANCHAYAT MOVASA
VEND_62D9ACFB,MARUTI YANDIGERI
VEND_CFCF19B3,KESHYAP ENTERPRISE
VEND_98CE69D2,AMBADAS MAROTRAO KADAM
VEND_D83EA2B0,ACE MOTORS PVT LTD TIRUR
VEND_E6567A9F,GRAM PANCHAYAT SUTREL
VEND_D9C54EEB,RUDRA TRADERS
VEND_C9DE4069,GRAM PANCHAYAT GUMANPURA
VEND_C818A9A2,GRAM PANCHAYAT BHAMBLA
VEND_512E2324,SFC MULBHOOT LUNI
VEND_37D7F496,SFC MULBHOOT TALOD
VEND_3905EC4F,SFC MULBHOOT MUNJ
VEND_DA5FA6F3,SFC MULBHOOT PIPLIYA SISODIYA
VEND_45C3704E,K C ENTERPRISES
VEND_04403F82,ANUSAYADEVI MAJOOR SAHAKARI SANSTHA MARYADIT
VEND_CEC310F4,VAVADI GRAM PANCHAYAT
VEND_A7179624,A R CONSTRUCTION
VEND_9014D2F9,GADHULA GRAM PANCHAYAT
VEND_40EB2E54,PRATAPARA GRAM PANCHAYAT
VEND_D16C914E,RAGHUPATI PEGU
VEND_97798129,JANET SYIEM
VEND_5ACEF0E6,SIGIREDDY SAGAR REDDY
VEND_47D7B033,HEMRAJ NIROULA
VEND_D08FB6CC,UMANG RAI
VEND_9F8622C5,ROSHAN POKHREL
VEND_6EC8B0D2,JAYANTI ELECTRIC CO
VEND_0C4FA569,NIKODIYA GRAMPANCHAYAT
VEND_F35327C6,A M DAN AND SON
VEND_05BE52AF,DEVAKUMARI D
VEND_ADA24913,AMBALA VILLAGE
VEND_9DC59AF9,SUPERINTENDENT OF POLICE KOPPAL
VEND_92AA44C4,SURPANCH SHREE GRAM PANCHAYAT DHANOL
VEND_B1543306,SAHANWIN
VEND_072B710C,GP NASOGI
VEND_E9929AF5,GP VASHISHTH
VEND_56ECA18E,GRAM PANCHAYAT KURKUNGA 1
VEND_44F7311C,GRAM PANCHAYAT JOKBAHALA
VEND_FB456E80,PANKAJ BORGOHAIN
VEND_89207957,JALIYA ANKO GRAM PANCHAYAT
VEND_46E27B1E,K JAGANATHAN
VEND_1C4FDF5E,GRAM PAMCHAYAT SHOGI
VEND_2BD12721,GP SHANAG
VEND_0BF8DC73,GP PRINI
VEND_20D64C0B,SAIKRUPA ENTERPRISES
VEND_BE61B568,NADARKHA GRAM PANCHAYAT
VEND_EC29BA92,SARPANCH GRAM PANCHAYAT UNDACH LUHAR FALIYA
VEND_52FFF7A6,KPL EQUIPMENTS PRIVATE LIMITED
VEND_7EF67CCF,GRAM PANCHAYAT ANTALIA
VEND_43230C91,SARPANCH SHREE GRAM PANCHAYAT PATI
VEND_B0370586,GRAM PANCHAYAT KHERGAM
VEND_763A807A,AMBAJI TRADERS
VEND_D1CB6BBF,GRAM PANCHAYAT VADSANGAL
VEND_9A59034C,SARPANCH SHREE GRAM PANCHAYAT ENDHAL
VEND_C3BD75C8,SHRI AGRASEN MARKETING
VEND_A4E04293,GRAM PANCHAYAT AJRAI
VEND_0DD5C633,VYSNAVI INFRA
VEND_CB5E2610,G DAKSHINAMOORTHY
VEND_85150A68,AJMAL RAM
VEND_C030B0FF,PASUPULA MOUNIKA
VEND_B43AF959,JUNAID IRFANI DAR
VEND_53160F72,P MAHIPAL REDDY
VEND_C8726B3A,MALKOTA CEMENT STORE KARTOLI
VEND_19463A51,JEETENDRA SINGH
VEND_CCE938E1,GP TAREKELA
VEND_2B30F94F,GRAM PANCHAYAT RANGMATIYA
VEND_DC1A2900,JAI BABA LAL DYAL KARTOLI
VEND_1E163768,GRAM PANCHAYAT LOHARINDIPA
VEND_05FBF5DD,BAGLAMUKHI CONSTRUCTION KARTOLI
VEND_D26BB5AB,VIDYA VIKAS ACADEMY
VEND_79C931F4,GENI DEVI
VEND_016D5449,GODHA RAM
VEND_A96588B5,NIRMA DEVI
VEND_5783823C,PUNMA RAM
VEND_1BC9056D,UKA RAM
VEND_664D6669,GP GIRSA
VEND_977D394F,SARPANCH SHRI GRAM PANCHAYAT MENDHAR
VEND_9A220047,JAYSHREE AUTOMOBILES INDIA PRIVATE LIMITED
VEND_5BE5A696,AJIT SINGH CONTRACTOR
VEND_367DFAE9,MS BHARTIYA CONSTRUCTION
VEND_F8A2BB18,MPLAD HOLDING ACCOUNT SBI
VEND_15F81F7A,GRAM PANCHAYAT MANIKPUR
VEND_50357846,M VENKATESH
VEND_3A212066,GRAM PANCHAYAT CHAITMA
VEND_A77DBDCC,GRAM PANCHAYAT BARIUMRAV
VEND_5F562D49,LODHI GRAM PANCHAYAT
VEND_B39AA806,SOTAVAD GRAM PANCHAYAT
VEND_EDB1A5F8,KOTAVAD GRAM PANCHAYAT
VEND_68F658C0,RUGNATHPURA GRAM PANCHAYAT
VEND_2F2D7D62,SAIYED DEVELOPERS
VEND_7EBFA098,M PRABAKAR REDDY
VEND_705670B9,GOVT ELEMENTARY SCHOOL MIRAN CHAK
VEND_30A108CC,P VELUCHAMY
VEND_7AB95196,SOLAR POWER ENTERPRISES
VEND_9C12F906,1.03001E+11
VEND_B00EE61A,LEO FORSE LED LIGHTS
VEND_A365C7FC,ROSHU CONSTRUCTION
VEND_DBAB11E4,BUSHAN KUMAR
VEND_61DB6B60,GRAM PANCHAYAT BALWASA
VEND_12131B53,GRAM PANCHAYAT PARWALIYA
VEND_9ABDE959,JOGINDER KUMAR
VEND_D53C1528,SHYAM STEEL
VEND_E6D31F01,GRAM PANCHAYAT TINDODI BLOCK BHAIRAMGARH
VEND_292EDDAA,RAVI KANT TRIPATHI
VEND_789C7201,MALLIKARJUN
VEND_134FFF6F,GRAM PANCHAYAT BHAVARPUR
VEND_B6E5B101,JETPURA GRAM PANCHAYAT
VEND_4C9CA76A,GRAM PANCHAYAT DATTIGARA JANPAD PANCHAYAT BADNAWAR
VEND_289D9D5A,NUNEMUNTHALA RANGAIAH
VEND_77D5F7C7,GRAM PANCHAYAT KHAIRA
VEND_14FB4F78,WAHEH SHNONG BARATO
VEND_4D100A94,GRAM PANCHAYAT GAJNOD JANPAD PANCHAYAT BADNAWAR
VEND_D31FBF2A,M K SPORTS
VEND_ED31960F,R V SPORTS
VEND_CA3EDF46,VM ENTERPRISES
VEND_E8822383,PRITAM SINGH AND SONS
VEND_8B2980B4,REWA INTERNATIONAL
VEND_D49BB332,BRAR ASSOCIATES
VEND_C5DB07A8,SAKADEVAN C
VEND_5A424D1A,MOHD RAHIM AND CONSTRUCTIONS
VEND_7DDDC7EE,JBS CONSTRUCTION SUBRATA
VEND_C52DB016,GRAM PANCHAYAT BALWARIKALAN JANPAD PANCHAYAT GANDHWANI
VEND_C2CEC4E3,HASIBAR RAHAMAN LAYEK
VEND_34348C73,KADAIYACHANWAR
VEND_C8A06F87,GRAM PANCHAYAT PATNA DEVRI
VEND_2AE43803,MANZOOR AHMED
VEND_5887FE93,SARPANCH GRAM PANCHAYAT NAUSHERA KHURD
VEND_DB5CCC81,SARPANCH GRAM PANCHAYAT BAL KALAN
VEND_9460DD88,THE SANDEEP CO OP L AND C SOCIETY
VEND_206EF24D,AJMCONSTRUCTIONS
VEND_380A327E,J E N R E P DEOGHAR VENDER ACCOUNT
VEND_F9AB8DE3,AEE SOUTH SUB DIVISION PSPCL AMRITSAR
VEND_28601B1A,MANJUNATH BHIMAPPA GODIKATTI
VEND_CC6D6CEE,JAY DURGE POORVE MADHYMIK VIDHYALAY
VEND_D3923D95,PARSHOTAM DASS
VEND_91EF222C,KARU HANSDAH
VEND_20B1C817,CR ASSOCIATES
VEND_E59B2820,LINGAM ENTERPRISES
VEND_D7ADE576,ADAPALA SRIDHAR REDDY
VEND_03712C6F,SHOAIB MALIK
VEND_26A997F8,SRINIVASA GM
VEND_4F7F3789,JINA MARAK
VEND_B3E431E3,PROLOY RABHA
VEND_ABF159E5,TWEEL K MARAK
VEND_E641D65E,AVR TRADER
VEND_2F2581C4,SUNSHINE CONSTRUCTION
VEND_1A35D4BC,INDER PAUL SHARMA
VEND_DE820EC8,SOUMJIT CONSTRUCTION
VEND_F8DC8016,JAI JAI MAHAVIR TRADING COMPANY
VEND_53E1D6CF,BSG INTERNATIONAL
VEND_97092317,VAIBHAV PRADIP JADHAV
VEND_39C48337,SHOBHARANI K
VEND_9F84BD53,RABINDRA NATH SINGH
VEND_7EA6CADF,THE BAJARANGBALI COOP L AND C SOCIETY LTD
VEND_4D328DA0,TIMJIM MOMIN
VEND_25AA7725,GRAM PANCHAYAT KARYALAYA BALANTWADI
VEND_B65D97F6,SHRI KRISHNA CON COM NITU YADAV
VEND_14FCE9D8,SREE BALAJI CONSTRUCTION
VEND_225F3945,SUJANA RAM
VEND_18A5A833,KAMAL ELECTRICALS
VEND_28064A46,OINAM PREMJIT SINGH
VEND_7829799C,TUSHAR SATISH RAWALE
VEND_09E84B3F,KHAGEN BORAH
VEND_18E12EAD,NAVKAR
VEND_205452E1,HI TECH TRONICS
VEND_AE1B720C,SHRIKANT MOHANRAO BURANGE
VEND_4409A64F,MULBHUT YOJNA G P PONDIKHURD
VEND_E8CB7506,FINCHADI VILLAGE
VEND_919B1899,OTHER RESOURCE GP RODE
VEND_214F0533,SINGLA BROTHERS BKO
VEND_E1A2472A,GP MANJHLI
VEND_4FDE965E,RAJYA PRAWARTIT YOJNA GP PO SARMA
VEND_63A6C5B5,GP SURI
VEND_D631BA9E,JASPREET TRADING COMPANY
VEND_FAAD1B32,PALLE BALAVARDHAN REDDY
VEND_BF5A39E3,BALJEET SINGH
VEND_C5E43BF1,DORBAR IAW MUKSOW MOWKAIAW
VEND_D8F2BABF,ALAGANDULA ASHOK
VEND_8E82BFE1,BABA SAHIB DASS ENTERPRISES
VEND_F065066E,SHRI HINGLAJ ENTERPRISES
VEND_299D5965,N CONSTRUCTION
VEND_9C63354E,S M BRICKS
VEND_14C0C598,AMNINDER PAL
VEND_6A0EB687,LOLADA GRAM PANCHAYAT
VEND_285E527D,M V UDYOG
VEND_A859B1C9,SHRI MOTI FAFNI NANI FAFNI JUTH GRAM PANCHAYT
VEND_84E1FA13,DORBAR SHNONG SHANGPUNG MISSION
VEND_6BB6DE91,MAA TARA CONSTRUCTION
VEND_4AB3D3B7,PANKAJ MAJUR SAHKARI SANSTHA MARYADIT
VEND_0C482411,JASWINDER KUMAR
VEND_362788EC,BARG ENTERPRISES
VEND_2A52D535,DAYANAND SURESH SAVARDEKAR
VEND_4EE87D44,LAL CHAND MEENA
VEND_BFF72FF5,VIRTA GRAM PANCHAYAT
VEND_0BD2C172,JAGUDAN GRAM PANCHAYAT
VEND_3DEDF59F,MANPREET SINGH SO HANS SINGH
VEND_E730DC57,SHIVA BRICK KILN ENTERPRISES
VEND_25C6A06F,NISHAN SINGH SARPANCH
VEND_24738A89,HEM RAJ DARSHAN KUMAR
VEND_F48CA2CF,JUPU BHUMANNA
VEND_A7F5C986,SHRI BAJRANGDAS KUTI
VEND_F7EC6070,IRANA GRAM PANCHAYAT
VEND_867C4DB5,DHORIYA HARIPURA GRAM PANCHAYAT
VEND_1E26E2C1,RAMDEV SUPPLIERS
VEND_284E9855,Y S CONSTRUCTION
VEND_340FAA37,RAJESH CHOUDHARY
VEND_8BA04D35,BANTHIWADA GRAM PANCHAYAT
VEND_ADFF2AC5,THE KHURANA COOPERATIVE LABOUR AND CONSTRUCTION SOCIETY
VEND_E30F2FB5,NAVEEN SULLI
VEND_F9AF404E,SOM PAL CHAUDHARY
VEND_A09466AC,THE BHAGWATI CO OP L AND C SOCIETY LTD
VEND_85338A24,AKS CONSTRUCTIONS
VEND_38B5A9F1,REMI ELEKTROTECHNIK LIMITED
VEND_44F26F0C,B P LAB SOLUTION
VEND_D1C700EC,B AND C INDUSTRIES
VEND_60D3F6F2,CHEMIND CHEMICALS
VEND_7BB7F411,VINUVARNAN S
VEND_E7F3D080,BACHHI DEVI
VEND_8D8BB6F9,PRADEEP SINGH
VEND_D3510EBA,BHAIRAV SINGH
VEND_43311FDB,JEEVAN SINGH
VEND_628CD4E0,SHOVAN SINGH
VEND_8897F8D4,NAINI ENTERPRISES
VEND_E9F2225D,SAURABH CONSTRUCTION AND TRADERS
VEND_FA270B70,ARUNACHALA CONSTRUCTION
VEND_6159A52C,S K AND COMPANY
VEND_8186ED3C,MS SINGLA BRICKS MAJRI JATTAN ROPAR
VEND_1D17E6D9,MS HEAVEN TRADERS
VEND_684C7324,GP CHANDONE
VEND_B2D67A8F,ADHARSHILA SEWA SANSTHAN
VEND_53F26570,ONLINE COMMUNICATION
VEND_1EBF3A86,KANHA JI CONSTRUCTION
VEND_E1B0D33B,SHREE GUKAN CONSTRUCTION
VEND_8642E10E,BHATTACHARJEE GROUP AND CO
VEND_99033A54,KARAKHEDI
VEND_03B7CF62,SHAHJAD ALIMOHD SAMIULLA RAEEN
VEND_03109416,ARWARIYA
VEND_16277076,GRAM PANCHAYAT KUDARI
VEND_DB5D735D,PUNITH BONDADE SRI VENKTESHWARA ENTERPRISES
VEND_C6E1803F,PALKI
VEND_ACBB276A,SUDHIR BABU DHOTRE
VEND_7B609788,THARR
VEND_DCD4847C,SONTHAR
VEND_335CA2FB,RAJU ENTERPRISE
VEND_62C793AB,KRISHNA CONSTRUCTION CO
VEND_91C826B1,BALI TUDU
VEND_8A953317,GRAM PANCHAYAT DHARSIWA
VEND_7DB6F79F,GRAM PANCHAYAT PONGARIHA
VEND_D140CC80,THE SHIV COOPERATIVE LABOUR AND CONSTRUCTION SOCITY LIMITED
VEND_B18F6025,GRAM PANCHAYAT KHADESRA
VEND_592FF19D,N SARAVANAN
VEND_9C20D6F6,GRAM PANCHAYAT KUTRU
VEND_A083BA49,KOTDA ROHA GRAM PANCHAYAT
VEND_1E3E71AE,K R ENTERTPRISES
VEND_F682A875,NARAYAN DUTT JOSHI
VEND_81073211,PAN DEV
VEND_4B907F7A,PUNAM JOSHI
VEND_999C4D58,CHAMPA JOSHI
VEND_557A3BF1,KALAWATI DEVI
VEND_5C65B318,SHANKAR DUTT JOSHI
VEND_58764949,SUSHANTA DIGAL
VEND_544487C5,GIRIRAJ TRACTORS
VEND_8126550E,PRAKASH KUMAR NAYAK
VEND_81142893,BANDHU ENTERPRISE
VEND_0631E0B7,GOKALGADH GRAMPANCHAYAT
VEND_4A40B39D,S K FURNITURE
VEND_07CA814A,P R V ENTERPRISES
VEND_7EBA992E,SHREE GANESH CEMENT STORE
VEND_527189D3,BENDANGLA YADEN
VEND_24450D0D,SENTILILA AO
VEND_8A0F0B68,SUSILA MUTHURAMAN
VEND_076B143E,DEVINAPURA GRAMPANCHAYAT
VEND_5DA0251A,SELVAMAYANDI V
VEND_19FB0553,SOWMIYA CONSTRUCTION
VEND_243261C6,EXCELLENT TRADERS
VEND_63371393,PANINDIA FABRICATOR
VEND_96085DD6,RAMESHWAR CONSTRUCTION
VEND_17030EA8,GURVINDER KAUR
VEND_8CC38D22,JITEN DAS
VEND_4E481B3E,KALPANA CONSTRUCTION
VEND_12F6A476,GRAM PANCHAYAT PATSENDRI
VEND_4A1908DE,GRAM PANCHAYAT BODESRA
VEND_4C52C872,ZANU GRAM PANCHAYAT
VEND_86DD3827,EX EN EDD II GAURIGANJ
VEND_B084E039,LATE JIYANI DEVI HARIVANSH CHAUDHARY INTER COLLEGE GHUGHASA MAKDOOMPUR BANKATI BASTI
VEND_099A486D,GRAM PANCHAYAT JETPUR DU
VEND_EA5EEB11,WAN ENTERPRISE
VEND_ACCE4F15,SANDHU FARM TIPPER TROLRY
VEND_9E990E51,GURUNATHAN
VEND_D9E1D144,MOTI GARAMALI GRAM PANCHAYAT
VEND_3A72C04D,OM CONSTRUCTION ROHAT
VEND_EBAF2423,VIG ELECTRICAL AND ELECTRONICS
VEND_00C6B061,UPPAL TRADERS
VEND_EFBD4D2A,MAHAKAL TRADING COMPANY
VEND_A7213DBF,OM HARDWARE
VEND_C31BEB47,HSH INTERLOCK
VEND_DC0E0D0B,SUNNY PAUL
VEND_B7617805,MANOJ KUMAR SINGH
VEND_EA91EB8A,SAMPA ENTERPRISE
VEND_194E71AD,SMT LACHI DEVI SAMAJ KALYAN INTERMEDIATE COLLAGE JATAHA BAZAR
VEND_87080E4B,PERUGU HARI PRIYA
VEND_E25E4A78,PROVIDING ONE AMBULANCE
VEND_49D5AD3B,BHAGAL TRADING CO
VEND_4CE3BC84,GURVEER CEMENT AND VERKA FEED STORE LODHI MAJRA
VEND_9C351FD3,GHANA SAIKIA
VEND_27049947,PAWAN KUMAR KAMAT
VEND_46C12CD4,GOBIND WELDING ALUMINIUM FABRICATION
VEND_B0DB5424,SINGH ELECTRICAL AND REPAIRS ROPAR
VEND_F51D9F43,SURINDERJEET SINGH AND SONS
VEND_CFC9ACB6,HUSANAPPA HARIJAN
VEND_38C9A329,SARPANCH OF MANGAMAR
VEND_EDC037F1,MITTAL GENERATOR
VEND_624A8BBE,GP SHALIN
VEND_E881F9CC,BHADARA GRAMPANCHAYAT
VEND_A0FCE7F0,DINESH N
VEND_2E983C57,GANESAN K
VEND_2CE979C2,PROJECT OFFICER HIMURJA KANGRA AT DHARAMSHALA
VEND_A16C5A77,TABDA GROUP GRAM PANCHAYAT
VEND_4F8CA6D8,GHANTOLI GROUP GRAM PANCHAYAT
VEND_CCF392B5,SUREN CHETIA
VEND_FE25B6A3,SVS ENTERPRISES
VEND_520B32DD,NEHA CREATIONS
VEND_17678373,MANVI ENTERPRISES
VEND_BAAB8C2E,GRAM PANCHAYAT KUTELAMUDA
VEND_CED182A4,SUKHDEV BUILDING MATERIAL
VEND_2742673B,ABHISHEK PRAKASH JAIN
VEND_90FFDB09,PANCHAL METAL CAST
VEND_3A8E1A4C,RANJODH SINGH
VEND_37CE61CF,KUMAR CONSTRUCTION COMPANY
VEND_73613633,DUPPALA RAVEENDRA
VEND_CEB8BE89,SANDEEP MARUTI NARHE
VEND_7212753B,PENTA RAVI PRASAD
VEND_C7070956,KHANDEKAR ARAF AHAMMED
VEND_853CF518,GRAM PANCHAYAT JIA KHAS
VEND_F9807DA3,GRAM PANCHAYAT TONGKONGERA
VEND_ECE8103C,YURAJ CONSTRUCTION
VEND_E2DF52CA,VIKKEY KUMAR
VEND_01A25A83,RAI PIPE AND HARDWARE STORE
VEND_BBBE2B25,PGP SAKROH
VEND_98DE0B28,CHAUDHARY BUILDING MATERIAL STORE AND SUPPLIER
VEND_9B5DEBC8,MS GP NANAWAN FINANCE AC
VEND_B764C3D0,MD JAHEDUL HOQUE
VEND_70DA920F,SOMNATH GUPTA
VEND_34E8BC8A,ELANGO
VEND_443EBB13,GRAM PANCHAYAT BODHWADA JANPAD PANCHAYAT TIRLA
VEND_FAF35E80,GRAM PANCHAYAT MEHGAON JANPAD PANCHAYAT DHARMPURI DISTRICT DHAR
VEND_818182E8,ESLAVATH RAMESH
VEND_8C06A98B,CHANDRASEKAR NAIDU POTHALA
VEND_FEE738B1,GRAM PANCHAYAT DHALAM
VEND_D01F6770,GRAM PANCHAYAT BIJARABHATHA
VEND_C68F7032,RASHIKA RAMBHAU DHUMAL
VEND_7F6F8926,NAVE DEI
VEND_04FC3AD1,CHANCHAL KUMARI SAINI
VEND_781DFF3C,TUSHAR SAINI
VEND_40631CCC,MANISH SAINI
VEND_C6236603,SONU SAINI
VEND_D543F25D,NISHA KUMARI SAINI
VEND_8C2C4489,SANTARA DEVI
VEND_7AE7C562,UGANTI
VEND_4981BDC0,TAK CONSTRUCTION
VEND_67510CEF,C VIJAYAKUMAR WORKS CONTRACT
VEND_E7E684F1,JAI DURGA ENTERPRISES
VEND_055AB0B6,GARUDI GROUP GRAM PANCHAYAT
VEND_F0C1D4AE,GP MORSU SULTANI
VEND_B67DAC82,GODAVARI ENTERPRISES
VEND_AD84ACC6,MS SWARASWATI ENTERPRIES
VEND_46C44093,GP KHARGAHNA BBA
VEND_B163F141,THE NEHLA BENIWAL CO OP LC SOCIETY LTD
VEND_5D669895,PRASAD PRAKASH KETKAR
VEND_C639ACB9,GRAM PANCHAYAT KESLI
VEND_4815BBC3,GRAM PANCHAYAT RAHEJ
VEND_28AF85DE,BAL VIKAS SEWA SAMITI KHASPUR
VEND_69B04015,GRAM PANCHAYAT BILLIBAND
VEND_E39BCE03,K SAI KIRAN
VEND_E5180AD3,MULBHUT GP HARDEVA
VEND_CA6D6F61,SIBASANKAR PRADHAN
VEND_7A8ED66B,S AGORAM
VEND_B98BDBD3,AJAY KHARE
VEND_E826D837,DEVESH PANDIT
VEND_97C59A6D,PRATHAM SUNGAT
VEND_E91295AC,LALIT SUNGAT
VEND_15D42587,BHANI RAM
VEND_C5FC7A9A,KAUSHALYA DEVI
VEND_DAE71C17,THE MM CO OPERATIVE LABOUR AND CONSTRUCTION SOCIETY LTD
VEND_6DA3FCA4,SUDESH KUMARI
VEND_27405C90,SHARMILA KUMARI
VEND_DAE5681A,GRAM PANCHAYAT RAMA DHOUN
VEND_49171FD7,ABHAY SHANKAR KAMBALI
VEND_6C502296,POORVA ENGINEERS AND CONSULTANTS
VEND_F38E81B6,SWAYAM SAHAYATA SAMITI BAHOT
VEND_41CFD3A5,GRAM PANCHYAT GUNDRAI
VEND_1AF3EE3A,MS SHRI VARA MATAJI JCB
VEND_A27B7FC6,GRAM PANCHAYAT SAKARIA
VEND_1D5A967B,EDD TILOI
VEND_F90A80A7,GP DHALWAN
VEND_D191E9C3,AJAY STEEL HOUSE
VEND_2F02A39B,GEETA CO OP LABOUR SOCIETY LTD
VEND_FCDEF38E,MAHENDRA ENTERPRISES
VEND_74FA7B08,JNANENDRA DOLEY
VEND_756A1E96,SHUTTERING
VEND_F10377AA,KEVIU MIACHIEO
VEND_1E29F953,SAGISHETTY JAGAN
VEND_739DAA5E,MIR RAJU
VEND_2FF80F7D,PATEL INTER COLLEGE TENUA ASNAHARA BASTI
VEND_AE73ADC4,MATOSHREE MAJOOR SAHAKARI SANSTHA LIMITED
VEND_DD10B55B,CONST OF CULTURAL STAGE AT PACHANIA
VEND_92C693D1,SARPANCH SACHIV GRAM PANCHAYT DHAMNAR
VEND_90EECBC8,SARPANCH SACHIV GRAM PANCHAYT UMRI
VEND_95DC2FA5,GP AMODA JP OBEDULLAGANJ
VEND_37D1FCD6,RESHAM SINGH CONTRACTOR
VEND_0164CB15,CMO ZIRAPUR
VEND_B1B9A972,TEN
VEND_94260838,DHUMPETA VENKATESH
VEND_2A24F1DA,BALAJI PRECAST AND CONSTRUCTION COMPANY
VEND_85762204,GP KOTRA JP SANCHI
VEND_5B52920D,GP POLAHA JP OBEDULLAGANJ
VEND_1AB69B62,GRAM PANCHAYAT KHARSODKALAN
VEND_B7E822A3,S G CONSTRUCTION
VEND_6A73EABD,MADAN LAL BAJDOLYA
VEND_7AA08039,SHRI NEELAMBIKA CONSTRUCTIONS
VEND_9A8D900F,BALASUBRAMANIAM S
VEND_81772A9B,ASSISTANT ENGINEER RURAL AVVNL SIKAR
VEND_07E35238,A B CONSTRUCTION
VEND_14D5FFE3,NEW NASKAR ENTERPRISE
VEND_E92669F9,SHRI RAM SUPPLIER GORAIYA RAMPUR
VEND_5D53D7E3,NACHATRA CONSTUCTION
VEND_3A21B212,SHRI RELIYA GRAM PANCHAYAT
VEND_90F814A6,SECRETARY KERALA STATE BOOKMARK
VEND_B9D307CF,KHIJADIYA RADADIYA GRAM PANCHAYAT
VEND_FE52B3B0,CC GOPAL NAGAR SHIV MANDIR PATH
VEND_C22BDA2C,ANIL KUMAR MAJHI
VEND_62BF4C70,NILESH SHRIVANT WANKHADE
VEND_9E6643EF,SAI SCIENTIFIC
VEND_2EF45C17,MOTATIMBLA GHAGHOSAR GRAM PANCHAYAT
VEND_603F9834,PRI.G.G.HR.SEC.SCHOOL CHURAHAT
VEND_D3A54514,DIPAK MAHADEORAO PADOLKAR
VEND_9ED3E5DC,SAR SCHIV PATAN
VEND_4A56D5D6,SAR SCHIV SILWATI RAMPUR
VEND_B9060D8C,GREEN SCALE
VEND_DF41F69A,E P SIVAKUMAR
VEND_7C2D7F98,ADGAM GRAM PANCHAYAT
VEND_B885FE8C,GP TAL
VEND_272E08F9,MAHESH SHIKSHA PARISHAD
VEND_11509B25,BHOJYA GUGULOTH
VEND_E1770C89,SUMER SINGH
VEND_4DC13C8A,VIDYA
VEND_74C8CE18,BHADER SINGH
VEND_F4665C9F,BHUNAD
VEND_A54FAEA1,K B CONSTRUCTION
VEND_144FBDCF,HALAPAR GRAM PANCHAYAT
VEND_EB3B7EE8,SHREYASWIFT INDIA INFRA PPRIVATE LIMITED
VEND_E19C111B,EDD JAGDISHPUR
VEND_F830B9DB,CHITRODA GRUP GRAM PANCHAYAT
VEND_2CDD0F88,ESSKAY ENTERPRISES DELHI
VEND_129E07D9,BODY FIT LINE INTERNATIONAL
VEND_8DE5F27C,MOHARA
VEND_5DF00E5D,GRAM PANCHAYAT MATNAR
VEND_4ED9D546,NITU
VEND_94EEC336,SANDEEP CEMENT STORE BADDON
VEND_A07F41B3,POSTLING DKHAR
VEND_BEDCD6E0,KHLIEHMANNUP LP SCHOOL
VEND_A1555B1B,SANKAR LAL AGARWALLA
VEND_C7766E6B,KULVINDRA ENTERPRISES
VEND_278BC794,SURESH E
VEND_1F3F475C,ESHWAR
VEND_8DC0747F,VISHAL CONSTRUCTION
VEND_9DA883DE,GRAM PANCHAYAT BAMANPUR
VEND_B8EB9D95,GRAM PANCHAYAT DEVRA
VEND_B0211E74,K SUDHAKAR REDDY
VEND_79D7AB27,R VASANTHA
VEND_5D304EB6,LAXMAN LAL AHIR
VEND_AB4462BE,AMMBA LAL MALI
VEND_32793C01,KANHAIYA LAL MALI
VEND_CD0FA658,MOHANI BAI
VEND_CE162BC2,RAJU MALI
VEND_58162FB7,RATAN LAL AHIR
VEND_8CEF1575,SANTOSHI BAI MALI
VEND_8996F7D5,SITARAM MALI
VEND_3EC8A1C7,NARAYAN LAL AHIR
VEND_2160A816,VADLA MONAIAH
VEND_57EA3DD6,GRAM PANCHYAT PRSODA
VEND_CAC725EE,MALEKPUR GRAM PANCHAYAT
VEND_E67BA7A7,OM LAXMI CONSTRUCTION COMPANY
VEND_0B68A070,SARASWATI SHIKSHA MANDAL
VEND_526BE79B,ANIRUDDHA ARVIND MAHADIK
VEND_79233321,EARANNA
VEND_D78CB658,PYNKHLAINBOR DHAR
VEND_E8DFF932,DONG ELECTRIC LPS RATACHERRA
VEND_099C90A3,GRAM PANCHYAT SAKARA J
VEND_EEBA5E79,RAMAN CHIHANSUNG
VEND_7E7907A9,AMIT TRADERS
VEND_EA4F3285,GRAM PANCHAYAT POKSARI
VEND_610EE3FA,N S CONSTRUCTION COMPANY GAJUWAS
VEND_433460DC,JEEVAN SHARMA
VEND_091A9684,AMBA LAL JAAT
VEND_5D8B3052,BHAWANIRAM JAAT
VEND_326D4E3D,LAAD DEVI
VEND_8677A2F2,UDI DEVI
VEND_E8B682D1,RAMKANYA JAAT
VEND_2476D5F0,DURGA LAL JAAT
VEND_90E7AE5A,NANDU DEVI
VEND_4EEBCFF2,USMAAN GHANI
VEND_56EAE245,TAAYRA BEGAM
VEND_799EB303,AJAY KUMAR VERMA
VEND_B110223E,MANBHAR DEVI
VEND_3A24A670,LATIFUR RAHMAAN
VEND_8CD366DA,SULEMAAN SEKH
VEND_53C80FFD,TAPAN BHATTACHARJEE
VEND_66BBB680,BORBORI ENTERPRISE
VEND_ED25391F,CONSTRUCTION OF LT LINE FOR PROVIDING POWER SUPPLY TO STREET LIGHTS
VEND_4D0F72C7,GP CHULHARI
VEND_6E0B0A12,VALADHARI GRAM PANCHAYAT
VEND_1FFAC875,GRAM PANCHAYAT ZUMAVADI
VEND_928C067B,GRAM PANCHAYAT MORJHARI
VEND_6C3E7F73,ELECT DIV II AZM EXP AC CNO 24 ETD II
VEND_147C1D44,RAVI ELECTRONICS
VEND_D62853EA,SARPANCH GRAM PANCHAYAT JHANDEY
VEND_556A9077,THE THAYRA RANGI CO OP L AND C SOCIETY
VEND_FA58B314,AKASH SK
VEND_A0C504EA,SHOUCKATH C K
VEND_8F0449C8,PADNAVATI CONSTRUCTION
VEND_882D6EF2,BHARAT BUILDING MATERIAL
VEND_18AE5732,ASHOK KUMAR YADAV
VEND_9BB8FC5F,PULLA REDDY G
VEND_105EF109,C SREENIVASULU
VEND_59FC5F18,MS VIVEK MARBLES
VEND_B4657207,RAJ MAL
VEND_09369761,GURU NANAK BKO JOGA
VEND_46CEE9B5,RITESH KUMAR YADAV
VEND_465EFB7B,SANJIB NARAH
VEND_D62E99D6,MANOJ GENERAL STORES
VEND_247C75E0,NELLAI MOTOR VEHICLE PRIVATE LIMITED
VEND_5EC48780,VAISHALI CONSTRUCTION CO
VEND_E9EEFC16,MS SHYAM CONSTRUCTION
VEND_6B5085C8,KRISHNA CONSTRUCTION AND SUPPLIER
VEND_EAE77893,GRAM PANCHAYAT NAWADA
VEND_4D1B5B31,GP CHANGORI
VEND_647C6BDD,GRAM PANCHAYAT KENDA
VEND_103CF68A,GRAM PANCHAYAT SAKTIBAHARA
VEND_9AC2AC18,SAMBHAJI MADHUKAR KUMBHAR
VEND_E43A9D28,SANKHEJ GRAM PANCHAYAT
VEND_5DFC5428,GP BAMADADIH
VEND_167FD2D8,MANIAR VEHICLES PVT LTD
VEND_7D135CBD,J S INTERLOCK TILES
VEND_1DAF712B,PERUMAL WORK CONTRACTOR
VEND_74F7CA60,SAHIL KUMAR BHOGAL
VEND_1EEC62AD,M KARUNAMOORTHY
VEND_B4E1265D,VINIT GOVIND BHATIA
VEND_5CB21D87,JUNA PIPALIYA GRAM PANCHAYAT
VEND_071C9A3E,JANGVAD GRAM PANCHAYAT
VEND_BA9B6DD5,GANAPATHI
VEND_E18C7EED,GRAMPANCHYAT HATTIJ
VEND_68496241,SRI VAARI TOTAL GAZ DISTRIBUTORS
VEND_3CE6349C,GRAM PANCHAYAT BAKWA
VEND_C39244C3,GPRAM PANCHAYAT PIPARDI
VEND_044FF939,BOINI VENKATAPPA
VEND_B178F9BD,KONGARI PRABHU
VEND_22777C4D,SHREE JI TRADERS
VEND_0DF474E4,MOHIT PUBLICATIONS
VEND_3BF6D2F1,ANBAZHAGAN
VEND_5895718E,ANNADURAI E
VEND_62994849,ANAGADH GRAM PANCHAYAT
VEND_E32AA9BA,DINESH P K
VEND_985D7C2D,M RAJASEKHAR
VEND_3CBA245E,ANKIT MAHESH AGRAWAL
VEND_BC5E474A,SATISH AGGARWAL AND COMPANY
VEND_8E56A80A,JITENDRA TIROLE
VEND_7B01BE7E,SUMIT PATIL
VEND_04A7C817,MANOJ KUMAR T M
VEND_546ED39F,GURJEET SINGH SEKHON
VEND_F06B9BFF,D KAMALAKANNAN
VEND_2C28C36C,SAHIL KUMAR JE
VEND_13EA693E,POOJA CONSTRUCTION COMPANY
VEND_4C94D962,N K ENTERPRISES
VEND_D9E22739,SHREE HARI CORPORATION
VEND_11B4DA49,SARPANCH GRAM PANCHAYAT JATHAUL
VEND_DF731692,SARPANCH GRAM PANCHAYAT DANDE
VEND_A192D6D4,SARPANCH GRAM PANCHAYAT KALER MANGAT
VEND_1527B8E2,KALPESH HARISHCHANDRA PAWAR
VEND_2A246B90,MODRAN AGRO MACHINERY STORE
VEND_A2E8658F,ARORA TARDERS
VEND_4512D393,A S ENTERPRISE ANKAN
VEND_F8042FF8,M G CONSTRUCTION PROBIR
VEND_B17E410C,MAJUMDER ENTERPRISE
VEND_46755EC4,SURBHI GOUBANS SEWA AND PARYAVARN SANSTHAN ORCHHA
VEND_C47FAB43,GP TAPRE MPLADS
VEND_05E3331E,H R CONSTRUCTION COMPANY
VEND_87B796EB,KARTHICK PRATHAP P
VEND_ECEDBD5D,NANAKSAR PIPES
VEND_91D92E7A,PARKASH PIPE INDUSTRIES
VEND_E726EB81,JAGJIT SINGH
VEND_DEEE624E,MS KAJLA CONTRACTOR
VEND_34C35124,UTPAL DAS
VEND_35B2CDC6,CONST OF FENCING FOR THE PRESERVATION OF NAYACHARA BEEL AT NAYACHORA PH I
VEND_125B9B52,GP KASAISODA
VEND_2C2DC9D2,SRI RAJALAKSHMI ENTERPRISES
VEND_BD23C74E,SHAKKARAVARTHY SUMATHI
VEND_63206ADB,RM MEENAKSHI SUNDARAM
VEND_5052DF44,SADHA CONSTRUCTION
VEND_7872A32B,GOVT ELEMENTARY SCHOOL MEHLANWALA
VEND_85BCB6C6,GOVT ELEMENTARY SCHOOL MEERANKOT KALAN
VEND_581992B5,GOVT ELEMENTARY SCHOOL TALWANDI SIPAHI MAL STATE FUND SCHEME
VEND_2CF085F1,B VEERESH
VEND_62D2C872,ASHOK KUMAR SAMAL
VEND_12EC6FDB,JBBL SOLAR
VEND_FBE5DD5F,JAMANVAV GRAM PANCHAYAT
VEND_3A533A69,REKULAPALLY SANTHOSH REDDY
VEND_239A4369,NISHAS ENTERPRISES
VEND_43C8E115,KARATI BUILDERS AND ORDER SUPPLIERS
VEND_8CBBB066,CHEVIANCE K SANGMA
VEND_89A08878,EATNENI RAMESH
VEND_4AAB9BCD,THE SUKHMANI CO OP LC SOCIETY LTD
VEND_54927830,POONIA CONSTRUCTION
VEND_85C2FBFF,CHUANA K SANGMA
VEND_CC7756E8,AMAR UJALA LTD
VEND_32E62A11,UNITY ENTERPRISES
VEND_7762FC5F,SARPANCH SACHIV GRAM PANCHAYT BAJRANGARH
VEND_59595344,SARPANCH SACHIV GRAM PANCHAYT DHURDHURU
VEND_3DA482B3,SARPANCH SACHIV GRAM PANCHAYT BILONIYA
VEND_3DA98753,SARPANCH SACHIV GRAM PANCHAYT CHHIPON
VEND_F37FBF54,SHRI SIDDHI VINAYAK CONSTRUCTION COMPANY
VEND_5E1EB517,RAVICHANDRAN
VEND_7F2DBF84,GP BALAG
VEND_035853B7,GP SHATAYAN
VEND_F55535B0,GP TIYALI
VEND_2EBF9A2C,GP BAROG
VEND_0AAE979F,OMLESHVAR MAHADEV CONSTUCTION
VEND_F35842C1,GP SARIUN
VEND_D83C6371,SARPANCH GRAM PANCHAYAT KODAPAR
VEND_0A790918,GP MUNDU
VEND_4DEE9ACD,PREM SINGH CHOUDHARY
VEND_D7DB9A21,SADHU RAM JAT
VEND_58C4C760,SARPANCH GRAM PANCHAYAT FARFAUD
VEND_157E82A0,BRAJ KISHOR
VEND_E75FCD3C,HARI SINGH BAIRWA
VEND_F4BBB194,SAVATRI DEVI
VEND_D91DB6CA,MORDHWAJ
VEND_6D178FD9,KAPTAN SINGH
VEND_AF196A12,SHOBHA RAM PRAJAPAT
VEND_47A0D9E1,RAVI JAT
VEND_448CE4B4,PREM VATI
VEND_855F3361,RAMESHWAR DAYAL JAT
VEND_FCFE327A,MITTHU RAM
VEND_9C7EC31D,PAT RAM CHOUDHARY
VEND_5F0E353B,LOKESH
VEND_CBFF7396,GUPTES DEVI
VEND_A1E5D526,A R BUILDCON CONSTRUCTION
VEND_B5D36B06,PHULWATI
VEND_62C37FEE,GRAM PANCHAYAT BALINTA
VEND_645FC5AD,RAMO DEVI
VEND_9CD9D9D3,CHHAGAN SINGH CHHANGA
VEND_BDDBAB22,ANIL KUMAR CHAUDHARY
VEND_F12B213A,RINKU
VEND_C3F534D4,KALSI IRON AND HARDWARE STORE
VEND_5897D23A,SELLAPANDIYAN
VEND_A72C8893,GRAMPANCHAYAT KARYALAYA SANGUCHIWADI
VEND_9F51B1E0,P MASANA PANDI
VEND_204E1009,PRATAPBHAI BHUPATBHAI BHAMBHLA
VEND_E3DD731F,GRAM PANCHAYAT CHHIPON
VEND_1B2C41B2,GRAM PANCHAYAT DHAMNA
VEND_8B2005C5,GRAM PANCHAYAT SHAHWAJPUR
VEND_D094DF26,RAKESH KUMAR CONTRACTOR
VEND_803F15A9,GORRELA SRIRAMULU
VEND_F8379CD2,KAMMARI ANURADHA
VEND_F68165F5,GRAM PANCHAYAT FULWARI F
VEND_9F1B6FD5,GRAM PANCHAYAT KUDHURTAL
VEND_9A26851E,GRAM PANCHAYAT CHANDALI
VEND_1C99BF26,GRAM PANCHAYAT MANOHARPUR
VEND_64DC3BD7,GRAM PANCHAYAT HARNACHAKA
VEND_3C7D34FF,DALJIT INDUSTRIES
VEND_4BA31BAE,BALAM SINGH
VEND_541B7053,GP BINDLA DIGWA
VEND_C8280053,SARPANCH SACHIV GRAM PANCHYAT PADRIYA
VEND_B8E4D19C,GANESH CONTRACT WORK
VEND_0DEF1597,SURINDER SIGH
VEND_6B0D9EBC,VIOLET ENTERPRISES
VEND_3684D243,VICKRAM ENTERPRISES
VEND_6F03FC0A,PRATHAMESH DILIP PATIL
VEND_28F7056A,NAVAJYOTI PRINTING PRESS PVT LTD
VEND_24BE8279,SDMC GOVT SEC SCHOOL KHEERWA
VEND_08F6C273,SHRI GANPATI BUILDTECH
VEND_E2F435FC,BHEEMAN
VEND_F0BF2F89,THE KAUSHIK SINGHANA COOP LC SOCIETY LTD
VEND_34F24EC9,JITENDER KUMAR
VEND_E0A305B2,THAKRI MATTI
VEND_FC1826AD,MAHESH BATTU
VEND_E98EE479,VARGHESE CHACKO
VEND_CCAD05A3,HARSHA CONSTRUCTIONS
VEND_E08F6D12,ANKITA TRADERS
VEND_FC24C9C7,TAMMANA SHARMA
VEND_1FFF1F1C,APSPDCL
VEND_C3B65981,SRI RAJARAJESHWARA INFRA
VEND_6FA76274,SUNDAR LAL CONTRACTOR MOONPUR
VEND_B3F3A07C,KOLITHAD GRAM PANCHAYAT
VEND_9E89E91E,MANDAN KUNDLA GRAM PANCHAYAT
VEND_D68F83B4,MOOL BHOOT GRAM SABHA KUDARI
VEND_36FC90C0,MANCH RANG MANCH
VEND_79B0B395,MS SURAJ CONSTRUCTION
VEND_4303DB64,KHAN TRADERS
VEND_267279C1,SHREYASH BANDHU PATIL
VEND_1507B567,MAHENDRA HARI PATIL
VEND_DD46B2AA,GRAM PANCHAYAT SARETHI
VEND_3D1F285A,JAY SHREE OM BANNA
VEND_8F769850,FISHCO
VEND_CD7D9083,GRAM PANCHAYAT BANSKHEDI ASPAL
VEND_21F4B437,SUMI CONSTRUCTION
VEND_CDE75612,PORIKA VENUGOPAL
VEND_918B9F67,VIJAY DABAS
VEND_BA8C32FA,GRAM PANCHAYAT UTRAJ
VEND_AFAFA313,KARSAN SINGLA GOVT CONT
VEND_64FDF3E1,NABAGOPAL BHANDARI
VEND_27D70450,MS SHAKTI TRADERS
VEND_03386C79,ARNAZ HARDWARE
VEND_AA9223D7,NEETU CONSTRUCTION
VEND_896A7B2B,CH JAIKISAN MAJUR SAHAKARI SANTSHA LTD IRLE
VEND_07875245,PARSANTAJ GRAM PANCHAYAT
VEND_C01435DD,NORBU DHENDUP BHUTIA
VEND_F9DD5988,SHASHIKUMAR
VEND_B30648A0,N ANJAN GOUD
VEND_73CEA611,CHARBHUJA SUPPLIERS
VEND_9DBFB0CE,BEEO AJNALA 1 STATE FUND
VEND_F70ADC1F,GOVT HIGH SCHOOL MEERANKOT KALAN SCHOOL WELFARE FUND
VEND_E680656F,M S KAUSHAL BROTHERS BKO
VEND_E4026A29,MGNREGS CONVERGENCE ACCOUNT
VEND_4C4E217A,THE KHEHRA CO OP LC SOCIETY LTD
VEND_3CE2C954,GRAM PANCHYAT MADHOTA 2
VEND_6F3F74FE,GRAM PANVHYAT MADHOTA 2
VEND_93C67268,AMIT MATHUR
VEND_9BCA0066,GP KOT SHILARU
VEND_AD0B2268,JAGDEV SINGH URF BHOLA SINGH
VEND_93D4AD5F,K MANJUNATHA KAMATH
VEND_9ED17409,ABHISHEK B K
VEND_216556A6,GRAM PANCHAYAT LUGASI
VEND_08B2F43A,PRADHAN INFRAVENTURES
VEND_F6DFCC11,TELI SAMAJ SANGHTAN PANDURNA
VEND_85282848,D PRABHAKAR REDDY
VEND_E60D033D,V SELVARAJ
VEND_67276ACC,V R CONSTRUCTIONSAND DEVELOPERS
VEND_ED0B58FE,MD LAL MOHAMMED
VEND_273B3D03,NUNSAVATH JYOTHI
VEND_F5804ED9,GAYATHRI DEVI S
VEND_C9EB5CC5,GRAMPANCHAYAT GADHE JALGAON TQ AURANGABAD
VEND_5E302527,MAA GAYATRI ENTERPRISES
VEND_B147F779,THE COMMANDO CO OP LC SOCIETY LTD
VEND_107A006E,DUDESHWAR ENTERPRISES
VEND_37C1A8CA,A A CONSTRUCTION
VEND_6CDA0C69,M S ENTERPRISES
VEND_3FD26B6D,BHOBEN KUTUM
VEND_8343F731,GRAM PANCHAYAT ZAINABAD
VEND_B3671299,BALAPPA PATIL
VEND_8C6B4954,KOYALKAR KISHAN
VEND_4A217A68,NANNE TRADERS
VEND_8133A67D,GP MANJHIAR
VEND_573C573F,CHANDAN TANDI
VEND_200369BE,GP GOIES
VEND_E0A5B35E,GODAVARISH DEEP
VEND_7728EEA9,SKYPOWERSYSTEM
VEND_4C379100,PARAMESWARI
VEND_F667CFAE,G J TRADING COMPANY
VEND_F0AC21FE,SHIYA GRAM PANCHAYAT
VEND_FB3C92B5,ROJH CONSTRUCTION COMPANY
VEND_798FE382,SRI BABA VISHWANATH ENTERPRISES
VEND_B6DE345C,GILL BOOK DEPOT
VEND_32CE74C6,DEV FURNITURE AND ELECTRONICS
VEND_69A20CF7,MAA BHAWANI COMPUTER ZONE
VEND_6C60D553,ISUZU MOTORS INDIA PRIVATE LIMITED
VEND_BCBF5A21,M S SOFIA ENTERPRISES
VEND_6026A0A6,RAVI KUMAR SO SATNAM SINGH MISTRI PATTI CHHOURIAN
VEND_8B76263F,SRI LAKSHMI VENKATESHWARA ENTERPRISES
VEND_F86E5508,KALPAVRUKSHA ENTERPRISES
VEND_CC669085,BEEMAN DHARUAINGAN
VEND_EF3E3E9D,ARNAB BANERJEE
VEND_E53974F0,BABASH A
VEND_B3CF9975,JAI BHAWANI MATERIAL SUPPLIERS
VEND_5F6349F5,VENU A
VEND_BBBF0634,SWAGATA DAS
VEND_553DA1AE,SHIV SHAKTI BULDING MATERIAL SUPPLIERS
VEND_F4C2731C,GRAM PANCHAYAT PANDOKHAR
VEND_C6EB16D4,LOTHPUR GRAM PANCHAYAT
VEND_D254E2DC,VAJAPUR GRAM PANCHAYAT
VEND_F31BB3DA,BINOD CHETRY
VEND_63313DE7,JEEWAN KUMAR
VEND_E09826FF,DAYANANDA SHETTY
VEND_04F0A997,SATNAM RAM
VEND_5246AE99,NIRMAL SINGH SO BALOR SINGH
VEND_88EF093C,DIWAN YADAV
VEND_16828712,SANJOG BHUWANLAL NARWARE
VEND_571776AF,GRAM PANCHAYAT GONI
VEND_383E4D84,DIPAK GAM
VEND_0FF4B1FA,SREE INFRA
VEND_A8EC3382,DEBA KUMAR KUTUM
VEND_0F88C386,GP CHILHIYAMAR
VEND_DB72E81F,PUTALIYA GRAM PANCHAYAT
VEND_82F63465,VISHAWKARMA ENGINEERING AND BORING WORKS
VEND_6C47C70A,DEVBHUMI DEVALIYA GRAM PANCHAYAT
VEND_55A3D62D,KARTAR ENTERPRISES
VEND_D4863B6C,MS AGGARWAL ENGINE STORE
VEND_B0615383,CHOGEL SHERPA
VEND_1DC730A4,INDRAJEET
VEND_F1332ACF,THE NAWANSHAHAR JANTA COOP L C SOCIETY LTD
VEND_F420830C,MULTILINE VENTURES
VEND_523BE21F,REHMAT IRON STORE
VEND_07336459,SHREEKANTH SHARANAPPA TUMBAGI
VEND_61153553,MOKHDI GRAM PANCHAYAT
VEND_6B397D09,M S ANSHIKA ENTERPRISES
VEND_03E301FC,OM TRADING
VEND_26C088A9,GP PENDARWANI
VEND_51985224,TEJ KUMAR KHARGA
VEND_42337C8D,D COMPANY
VEND_C29D688A,GRAM PANCHAYAT CHANDRIKAPUR
VEND_0DC5FF97,GRAM PANCHAYAT AMBADI
VEND_D20666E0,SAMAY SINGH
VEND_ACF5C5A9,SUNDAR SINGH
VEND_930FBFA1,ATAR SINGH
VEND_76709E8E,GRAM PANCHAYAT BHANKODAR
VEND_8A0AB713,VISHWNATH PRATAP SINGH
VEND_F4D9477D,MOHAN VATI
VEND_02144D56,MUKTI DEVI
VEND_DB09AC6F,SHAIK ABDUL MAZEED
VEND_EF641F5D,GRAM PANCHAYAT DHANAPALI
VEND_D56CF22A,GRAM PANCHAYAT SARKANDA
VEND_32D81EDB,NOMAL DHAKAL
VEND_61489D1A,TINUMANGYANG
VEND_F3F71FC7,SARPANCH GRAM PANCHAYAT JHAKLAI
VEND_68668BAE,KIRTHVIKA CONSTRUCTION
VEND_8E82CC4B,MAHATMA FULE MAJOOR SAH SANTHA HASANAPUR PARDI
VEND_610AB8D3,NANA HABIPURA GRAM PANCHAYAT
VEND_37011DE7,POWER ENGINEERING WORKS
VEND_1E1CC928,SANGWAN ELECTRICALS
VEND_C75F495C,GURINDERPAL SINGH MISTRY
VEND_E4B4755E,GP BAMHANI
VEND_B53934C0,YOUTH SERVICE SAND SPORTS DEPARTMENT
VEND_5335B0F9,PRATAPPUR GRAM PANCHAYAT
VEND_82957636,RAKESH N
VEND_80F5B8D6,THAKUR TRADERS
VEND_EE1FFC75,MAA VAISHNO CONSTRUCTION
VEND_D85F4E05,UMESH SHRIVASTAVA
VEND_0D5BFB43,ROKHI GHOSH
VEND_EB4611A6,MOHIT CONSTRUCTION AND BUILDING MATERIAL
VEND_8F3C20BA,GLOSIA ENERGY INDIA PRIVATE LIMITED
VEND_FCDF81C1,BAMPALLY GANGA REDDY
VEND_CD1D4D87,RAGUL N
VEND_24ECE17A,SATHIYAMURTHY P
VEND_04948F6B,SHAKTI IT INFOTEH AND CONSULTANTS
VEND_ACD18E2C,MS AMRIT BRICK CO
VEND_5A95664B,KULVEER SINGH
VEND_B3B391D9,ALKA AGARWAL
VEND_AD4ACC00,MOTASUKAMBA GROUP GRAM PANCHAYAT
VEND_6E841CA7,ARYAN BULDERS NAGAUR
VEND_00B4ED7B,HARESHBHAI VAJUBHAI MITHAPARA
VEND_36F935FF,PIDUGU RAMESH
VEND_C9FCED9C,SHREE BHAI CONSTRUCTION COMPANY
VEND_7B2024D8,DUNGARIYA
VEND_44547D0C,NIDANPUR
VEND_4070BB21,SHREE JEE ENTERPRISES
VEND_F2484694,GORAJ GRAM PANCHAYAT
VEND_24E088F8,GITARTHA BAYAN
VEND_35E0DFB8,GRAM PANCHAYAT MOTLA
VEND_E3A933E9,PUNJAB TRADERS
VEND_718A3CCC,MT ENTERPRISE
VEND_7CFF6FA6,GRAM PANCHAYAT GHOTI
VEND_A545D413,GRAM PANCHAYAT TAPPER
VEND_2C5D8370,KISSAN TRADERS
VEND_93C40765,KOUSIK DAS
VEND_64042B18,EEEUDD TOWN HALL
VEND_3EA27342,EEEDD NAJIBABAD
VEND_57282E99,GRAM PANCHAYAT KARYALAYA SHEKAPUR KANDHAR NANDED
VEND_044F74FA,RANA PAINT AND HARDWARE
VEND_84D19563,NAVNEET TRADERS
VEND_6E2AF5D3,GP VIKRAMPUR
VEND_31FF511D,SAROJA R
VEND_B4FCB93C,HARDEEP SINGH LABOUR UPPER BHAMBOTAR
VEND_CE9DF2A0,BLOCK DEVE OFFICER BPR
VEND_B2554724,ABHISHEK RAMESH PATIL
VEND_ED6FF907,EDISON K
VEND_09B492A2,GRAM PANCHAYAT BOBER
VEND_98ABF038,GRAM PANCHAYAT KANGOO
VEND_F56884FB,GRAM PANCHAYAT ARTHI
VEND_B3E1D156,GRAM PANCHAYAT BARTO
VEND_C3E1CF3A,GRAM PANCHAYAT KANDAR
VEND_08856037,GRAM PANCHAYAT KHILRA
VEND_E4594937,GRAM PANCHAYAT KAPAHI
VEND_9766C715,GRAM PANCHAYAT BAYLA
VEND_22E880D8,GRAM PANCHAYAT SALWANA
VEND_8C117D15,GRAM PANCHAYAT KALAHOD
VEND_ECFC5C59,THIRUMURUGACONSTRUCTION
VEND_9C5D96E1,MITHALESH CONTRACTOR
VEND_0B060C69,NARENDRA KUMAR CONTRACTOR
VEND_CDCE4C52,ECO SYSTEM
VEND_90875151,SAHDEV AND SONS
VEND_C55D5A87,BISHT ENTERPRISES
VEND_8E828623,GRAM PANCHAYAT TILKHAIRI
VEND_884FEED7,GRAM PANCHAYAT DEVRI KH
VEND_98AE9226,GP BARKHEDA SETU JP OBEDULLAGANJ
VEND_91405322,GP GHONT JP BADI
VEND_5E5057E7,GP PADONIYA JP OBEDULLAGANJ
VEND_B56CB137,JUBRAJ SEN
VEND_C1F09260,AKASH DUTTA
VEND_BE146591,NSR TRADING CO
VEND_A8628A55,GP THANA JP OBEDULLAGANJ
VEND_ACB981C3,SHYAMSUNDAR PAUL
VEND_9A6B5734,CHOPRA ENTERPRISE
VEND_719E26A0,SHIVANI SOLAR SYSTEM
VEND_55337599,GP NADOR JP OBEDULLAGANJ
VEND_6533C8FA,GRAM PANCHAYAT KHALAL
VEND_10246527,KS BUILDING MATERIALS
VEND_D870D9D2,JAVAHAR NAVODAYA VIDYALAYAM KOTTAYAM
VEND_8DC4FFC7,MS AJAIB SINGH BKO
VEND_145480E6,GRAM PANCHYAT GHAR
VEND_3E34E57F,JETHA RAM CONSTRUCTION COMPANY
VEND_EFF1D5A5,ANNU PRIYA
VEND_66011FA8,PERUMAL SGC
VEND_558BF265,GRAM PANCHAYAT KACHHAUA
VEND_11695DDF,BHAVYA CONSTRUCTION COMPANY
VEND_F06018AB,GRAM PANCHAYAT KHIOD
VEND_9DEB9B6B,SUNIL LAL S
VEND_2F1FA859,ZALODA GRAM PANCHAYAT
VEND_923C7D4B,LONKA GRAM PANCHAYAT
VEND_B87A6375,RAVENDRAN R P
VEND_035CC425,GP KHEMRA
VEND_5D5E22F0,TRIDENT MEDI CARE
VEND_F5A6CD5D,MA TARA CONSTRUCTION
VEND_53BC2073,TALIBPUR PANDORI COOPERATIVE LABOUR AND CONSTRUCTION SOCIETY LTD
VEND_D3615DB2,MAMILLA SURESH
VEND_D433D0F9,THE SUMIT CO OP LC SOCIETY
VEND_D9B81610,TEMSUWATI
VEND_BBA7F9FD,PENTASTAR POWERCON PVT LTD
VEND_3D82C847,SHIVA JI BKO
VEND_2A80025E,BANSAL BKO
VEND_EE8B2F2A,CREATIVE BUILDERS AND DECORS
VEND_FDF8955A,SURYANSH ENTERPRISES
VEND_6D23D4B1,MS MAA VINDHYAVASANI BUILDING MATERAIL
VEND_4CF54B94,MAA DURGA CONSTRUCTION AND SUPPLIER
VEND_9A403395,MS RAMSAKHI TRADERS
VEND_A5BAB812,AV ENTERTAINMENT
VEND_3751EF1D,BANSAL PIPE INDUSTRIES
VEND_6C357BFA,MUNISH TILE FACTORY
VEND_E399A4DE,B GNANAVEL CONTRACTOR
VEND_E1B06EC0,AATHINI ULTRATECH
VEND_C230D227,JAGDISH CONSTRUCTION COMPANY
VEND_03253BDD,FAYAZ AHMAD DAR
VEND_0630472D,SANJOG EKNATH MANKAR
VEND_B18F4141,SINAJ ANANDPURA GRAM PANCHAYAT
VEND_952E3F35,KANPURA SINAJ GRAM PANCHAYAT
VEND_4FC72015,VANPARDI GRAM PANCHAYAT
VEND_167E38E7,MAKHA STEEL WORKS
VEND_020605A8,CHEJARLA BHASKAR REDDY
VEND_CE7C4AED,HARIPRASAD B V
VEND_C49B18BF,THE ROSA CO OP L AND C SOCIETY LTD
VEND_719C1D45,AAKASH TREDERS
VEND_33B973CB,GRAM PANCHYAT JHADEL
VEND_E02CAAAF,K PRABHAKAR
VEND_0649AC4B,SUMEET SINGH
VEND_9BAE3AF0,ALAN UTHUPPAN
VEND_6D0BC398,GRAM PANCHYAT GORATILA
VEND_2982C0A8,A S R ENTERPRISE
VEND_293E4079,AMAN KUMAR LABOUR BHAMBOT PATTI
VEND_B35FDD46,RATNAGARI RAJA SHEKAR GOUD
VEND_085AA80D,AYODHYA ENTERPRISES
VEND_B02D3E09,DANSOLI GRAM PANCHAYAT
VEND_1821B291,MOTA MADHAD GRAM PANCHAYAT
VEND_1A287455,SOCIAL AND ECONOMIC LIFE DEVELOPMENT DISTRICT KHATARSHNONG
VEND_7DA27E95,CMO NAGARPALIKA MANDLA
VEND_3163455B,GOLUSULA MAHESH
VEND_AA29ABA3,PRDEEPTA KUMAR PANDA
VEND_3D271C76,JOSTIN MASHARING
VEND_632F69EF,SEBASTIAN KHARMAWPHLANG
VEND_64058667,MAINA KUMAWAT
VEND_2EF0F402,RAMNARAYAN KUMAR
VEND_1A727CE9,KALLI DEVI
VEND_1E24E6A2,DEU DEVI
VEND_8B1F0871,MAYA KUMAWAT
VEND_F5C2DB1F,DEVI
VEND_F438CECD,PINTU REGAR
VEND_24454079,GOPAL KUMAWAT
VEND_839395DF,DEVKARAN REGAR
VEND_1AB0BA45,DALU KUMAWAT
VEND_E93D0111,BHAGWATI GURJAR
VEND_3A888014,LILA KUMAWAT
VEND_51D99E5A,RAMU BHIL
VEND_300EA66B,RADHA BAIRWA
VEND_A263CFEB,SHANKER KUMAWAT
VEND_BB716571,BABAR ENTERPRISE
VEND_B210AC54,HAZI LN ENTERPRISE
VEND_E1BD89CE,MALATI CONSTRUCTION PROP SOMA GHOSH
VEND_C1E3DFC0,JAMES AUGUSTINE
VEND_A9F35DE7,ASHOK SUNAM
VEND_9BBEDDC4,SUNIL KUMAR S
VEND_139DAC45,SATYENDRA BORAH
VEND_535CF7A2,R M ENTERPRISE
VEND_EE9AB23E,JORPURI
VEND_5466CC38,GOVINDSINGH
VEND_CAED5739,DALPAT
VEND_3FDC6574,SARANJIT SINGH
VEND_1B0B6FA9,MAHIPALSINGH
VEND_5758C32C,PARVEENSINGH
VEND_7225097D,MAMATAKUNWAR
VEND_65306098,KARISHANPURI
VEND_AD50CE09,TOLA
VEND_FA2910C7,PANKU
VEND_9CA8F586,DIMPAL
VEND_28E86846,ASOK
VEND_50A13908,K K CONSTRUCTION
VEND_7D9B0BCD,TYAGI CONSTRUCTION
VEND_5CF71A24,TATA PASSENGER ELECTRIC MOBILITY LIMITED
VEND_7C4D774B,C K RAVIKUMAR
VEND_046B1107,SUNIL KUMAR MASSEAN
VEND_51D83F1B,M P PUNIYA CONSTRUCTION COMPANY
VEND_A098082D,RAM KUMAR
VEND_91481537,ALL IN ONE CONSTRUCTION
VEND_3CA667E7,BAVALIYA NATHUBHAI VAGHABHAI
VEND_CDBB508F,RAM PARSHAD
VEND_3295283B,TABASUM ASHRAF
VEND_B42CC93A,CHITRASEN SENAPATI
VEND_DCBEB9CE,DHAN KUMAR LAMA
VEND_5F3B6C8C,DERDI JANBAI GRAM PANCHAYAT
VEND_3746D794,DHAMEL GRAM PANCHAYAT
VEND_5392A895,M RAMESH REDDY
VEND_44DF1B02,BLUECON INDIA
VEND_F30F080B,VEENUS ENTERPRISES
VEND_33089D04,MS VANSHIKA ENTERPRISES
VEND_70BC6CC0,JYOTI PRASAD THAKURIA
VEND_21BC6BE3,VINISHA ENTERPRISE
VEND_5AF9C74C,ASHIM BALI
VEND_2B5E643C,NIMBLE T SANGMA
VEND_08FA37ED,SARPANCHSHRI KARLI GRAM PANCHAYAT
VEND_FD124A3F,MALJINJAVA GRAM PANCHAYAT
VEND_E9C0CA52,SADODAR GRAM PANCHAYAT
VEND_AC565E49,GRAM PANCHAYAT BEENA
VEND_4FFC8C11,GRAM PANCHAYAT DONGARGAON
VEND_F6BDB28A,BHAVPUR GRAM PANCHAYAT
VEND_2E85A445,AMAR AHIRWAR
VEND_07174AFC,ADORA SNAME M MARAK
VEND_28E5B89B,RAJPAL TRADING COMPANY
VEND_3213E299,BABA DEEP SINGH INTERLOCK TILE FOC
VEND_17E11FBD,YELSHETTIAPPAGOUDA
VEND_28F942CC,KHAREDA GRAM PANCHAYAT
VEND_6EAC9A20,SINGLA IRON STORE
VEND_4779D561,RIMON DEV
VEND_92B5A802,KANWAR BAI
VEND_46ECA5BB,B K AGENCY
VEND_2E376897,RAMESHWAR DAYALAND BROTHERS
VEND_2F458826,MANTROJ GRAM PANCHAYAT
VEND_C0E62083,BACHAR GRAM PANCHAYAT
VEND_D308B3B0,SAMRA GRAM PANCHAYAT
VEND_ED8DD061,SMV INFRASTRUCTURE
VEND_001CE668,SHAUKATH HASHMI
VEND_7EECED1E,THANGELA RAMESH
VEND_9389056D,SOLLU SURENDHAR
VEND_5C9AF3A0,SOURAV SARKAR
VEND_9F6E32E0,GRAM PANCHAYAT GHANSORE
VEND_FC13BE68,GANTA RAJESHWAR
VEND_993FAA80,VENKATA SEKHAR DERANGULA
VEND_C21DA09D,GUNAPATI PHANI KUMAR
VEND_C9F82DF0,BADAM
VEND_04668657,GULAB DEVI
VEND_3FCE827F,RATANI
VEND_328005C4,SHISHUPAL
VEND_D519C609,SHREE KSHEMAKRI CONSTROCTION
VEND_E16B534E,HARIPRASAD K
VEND_9A91D493,GRAM PANCHAYAT KHERI MOTLA
VEND_636BB843,GRAM PANCHAYAT RETA
VEND_82555A35,TENDARLY WAICHEI
VEND_1F0E2561,NAMITA
VEND_72E87578,RAJNESH SINGH
VEND_F76A2BA6,RUDRA HARDWEAR
VEND_5FE1CDA7,SARPANCH GRAM PANCHAYAT SARSENI
VEND_E5DF8AF8,GP BORDA JP BIAORA
VEND_A5625533,DALPUR GRAM PANCHAYAT
VEND_251B497F,GARDEN GYM
VEND_87AA4D86,SAINBORLANG JALONG
VEND_BA5569A7,HARSIMRAN BKO
VEND_36E4769B,TAJ MAJUR KAMGAR SAHAKARI SANTHA AT BABHALI
VEND_7C5FF8B6,NALLA RAMESH
VEND_79994EDA,YADNYESH ENTERPRISES NASHIK
VEND_306CCBAA,SATENDRA ENTERPRISES
VEND_03D549DC,ARUN CONSTRUCTIONS
VEND_D7F44446,GP DHANIYA KHEDI JP SANCHI
VEND_BAD9C999,GP DEORI JAGIR JP SILWANI
VEND_13613DBB,GP TULSIPAAR JP SILWANI
VEND_06FFA7F7,AMULYA
VEND_FB450DDE,RAJU BHARGAV R
VEND_479BC50A,DIPESH BISWAS
VEND_D6276A2C,RADHIKA ENGENIEERING COMPANY
VEND_79CC316F,ABDUL GAFOOR
VEND_C44E6A88,GRAM PANCHAYAT USARI
VEND_D357E3B4,ABUL KALAM LASKAR
VEND_D17A549D,M G CONSTRUCTION
VEND_B4DDC216,SUYASH VISHNU MITKAR
VEND_74E4A62F,P2G NETWORK
VEND_6F698969,GRAM PANCHAYAT TALAPAR
VEND_D297067C,MOMAJI COMPANY
VEND_F8426D24,RASHI TRADERS
VEND_E1C774DE,GRAM PANCHAYAT POUNDI
VEND_23F46F7F,YOGESH KUMAR C
VEND_182D29D8,RAVI MS
VEND_C0960F1B,MOTA PANCHA DEVDA GRAM PANCHAYAT
VEND_44C973F5,BADODRA GRAM PANCHAYAT
VEND_BD71DC01,TUKAI GHADAI MAJUR SAH SANATHA LTD
VEND_560C8581,SR ENTERPRISE
VEND_97C17645,GOVINDA SHANTILAL UPADHYAY
VEND_E48A8E5F,GRAM PANCHAYAT JAMODIKALA
VEND_DB0CCFD4,JAI SHREE SHYAM CONTRACTOR
VEND_192FE3B6,GRAM PANCHAYAT MADIYADAROI
VEND_2745970D,GRAM PANCHAYAT BARBAI
VEND_D4B7EE98,GRAM PANCHAYAT NORJA
VEND_91F6D8F1,EDMUND S SANGMA
VEND_48ABBEF8,SADI
VEND_E7D8D1DB,RAMESH BHARTI
VEND_1D9A3076,GAURI ENTER PRISES
VEND_50A50559,MAHALAXMI ENTERPRISES
VEND_AB8C8565,SIDDHARTH ENTERPRISES
VEND_474AFDF3,GP KALINDA MATIANA
VEND_1665948D,GP BHAPOO
VEND_C8E89736,BRIJ MOHAN
VEND_C1F13B0A,NIRMAL SINGH TERHAL
VEND_3C81E047,ANSARI CONSTRUCTION
VEND_295B36C9,JALADHARA TECHNOLOGIES
VEND_EF6A3F53,R K GROUPS
VEND_FD9FD82D,CONST OF THREE NOS CANPOY BRIDGE WITH INSTALLATION OF ST EEL POST
VEND_E0819D92,NAWLESH KUMAR SINGH
VEND_B84B0963,JANGAM SURYANARAYANA
VEND_7C2B205E,GRAM PANCHYAT KURANDI
VEND_B702ABD0,GRAM PANCHAYAT MADPAL JAGDALPUR
VEND_D52E9CB7,RADODARA GRAM PANCHAYAT
VEND_105B6F43,GRAM PANCHAYAT SIDMUD
VEND_CD80E804,GRAM PANCHAYAT GARAWANDKALA DMFT
VEND_F0E0A9A8,GRAM PANCHAYAT KALCHA DMFT
VEND_13585EB4,JANPAD GRAM PANCHAYAT SEJWANI
VEND_04C7F5D2,CHANDRALOK CONSTRUCTION COMPANY
VEND_354696A6,ANUSAYA MAHILA MSS
VEND_F1B35767,KULRIA INT UDHYOG
VEND_8AED6795,GRAM PANCHAYAT PARARA
VEND_768D73C0,ZORABER SINGH
VEND_7D6DE36E,DEVINDER SINGH JAMWAL
VEND_3D6AC777,TAHASILDAR PIPILI
VEND_EC0BA406,UPENDER GUGULOTH
VEND_4D7A471A,MOTI BUMADI JUTH GRAM PANCHAYAT
VEND_CB95F7EC,SARPANCH GRAM PNAHCHAYAT LOHARSHI SON
VEND_124333AD,MANAS KUMAR KAR
VEND_5F609114,ASHAPURA CONSTRUCTION CO
VEND_93891DE1,BIJU K J
VEND_4CD5956D,REMIJIUS LYNGSHIANG
VEND_524AA6FA,SARPANCH GRAM PANCHAYAT DARRIGHAT
VEND_D2D22EBC,NAGAR PARISHAD MEGHNAGAR
VEND_06DE9F0A,GRAM PANCHAYAT CHILHATI
VEND_5DECACBF,GURDEEP SINGH SO AJAIB SINGH
VEND_D8CC0367,GP MOONDLAKHURD S
VEND_880E0F3F,GP MOUDA
VEND_5CCD3926,GP PUKHARI
VEND_4929F060,GP SALWAN
VEND_AE630BE5,GP BHAJOTYRA
VEND_6328DC97,DEB KUMAR SPORTS
VEND_83FF5009,GONE SHANKAR
VEND_0030BEBA,SARA TRADERS
VEND_C29CD982,R RAJENDRAN
VEND_DA40F46A,MS SRV INTERNATIONAL
VEND_BEFC5B74,AMRIK SINGH SO MOHINDER SINGH
VEND_4679721B,ASSISTANT ENGINEER NDZP
VEND_A79A23F4,SHIVANAND P MADAR
VEND_F14DBE11,S M S ENTERPRISE
VEND_F39D1AAA,VAVDI ROAD GRAM PANCHAYAT KACHERI
VEND_129B8E65,RAMAKRISHNA ACADAMY
VEND_366352F9,SARPANCH GRAM PANCHAYAT NARWA KALLAN
VEND_61983988,JOY SANTOSHI ENTERPRISE
VEND_1959CA6D,CHANDAN BRICK KILN
VEND_922E1900,SARPANCH GRAM PANCHAYAT MUTANPAL
VEND_D2626F41,CAFE
VEND_19828C6F,GRAM PANCHAYAT KANDHRAPUR
VEND_0ECC82AA,SARSWATI SHISHU MANDIR CHURAHAT
VEND_015D5947,SHREE NANA LAYJA GRAM PANCHAYAT
VEND_91C3E797,H G DEVENDRA
VEND_157785CE,GRAM PANCHAYAT GANDHI GRAM
VEND_681E38DE,GRAMPANCHAYAT PIMALGAON GANGDEO TQ PHULAMBRI
VEND_7D3453D8,SONISAR GRAM PANCHAYAT
VEND_CF820A2E,GRAM PANCHYAT DHANGAON
VEND_93221376,DS VIRK BUILDING MATERIAL
VEND_2B7319A5,MANGAROLIYA
VEND_1E9DC3B1,BHOLENATH TRADING NAGRIYA PANCHELA
VEND_1FB609E8,DEHGAM GRAM PANCHAYAT
VEND_55E83338,V RAMULU
VEND_20B06F16,SAI KRIPA CONSTRUCTION WORK
VEND_29ED8409,KLESTAR SYIEM
VEND_7DD87261,MEDISKY ENTERPRISES
VEND_4FF8943E,SHREE NIMBESHWAR CONSTRUCTION COMPANY
VEND_67BFDF43,JIWAN SINGH SAWAI SINGH KUMPAWAT
VEND_0DA26301,SORAV KUMAR
VEND_A1A33836,VINAY KUMAR JATAV
VEND_C9E9AF51,RAJBHADUR JATAV
VEND_376D67A3,VITESH
VEND_D4D1341B,JIJO VARGHESE
VEND_E2A8854E,PRAKASH L
VEND_22DA4B16,DHANORA GRAM PANCHAYAT
VEND_E2381B88,UMIYAPURA GRAM PANCHAYAT
VEND_8E9A6B85,PASUPARTHI HAREESH
VEND_EEEC8388,SARPANCH OF GRAM PANCHAYAT KAPOT
VEND_605F4862,TAHIRA BEGUM
VEND_74BB10AA,GRAM PANCHAYAT GUWALI
VEND_4D3F0286,UDALPUR GRAM PANCHAYAT
VEND_5CF11FF9,RESHAMIYA GRAM PANCHAYAT
VEND_28C69DBC,TRAMBODA GRAM PANCHAYAT
VEND_A2CF5070,RUPAVATIRAMPARA GRAM PANCHAYAT
VEND_52793E70,M VENKAIAH NAIDU
VEND_59E9C73F,PILNE A SANGMA
VEND_B18696B5,NATIONAL INFRATECH
VEND_83F8CF1E,BOJANNA DINESH
VEND_7510FC24,EXECUTIVE ENGINEER HPPWD DIVISION BHAWARNA
VEND_E2094DD1,GRAM PANCHAYAT MASROOND
VEND_C01C14A4,G S CONSTRUCTION
VEND_3CD45C55,DHANYABOTI SORHIA
VEND_E4FA3D9C,AWADH CONSTRUCTION
VEND_BC058F6D,HEADWHEEL SYSTEM AND SERVICES PVT LTD
VEND_4EE29292,PUNARAM DOLEY
VEND_986E972E,MANGAL BEY
VEND_5FC584D2,JAKHA GRAM PANCHAYT
VEND_3E76F25A,KANSA GRAM PANCHAYAT
VEND_65229F90,JESANGPURA GRAM PANCHAYAT
VEND_36012AB4,JITPUR GROUP GRAM PANCHAYAT
VEND_3C2A985D,AMBAVA GROUP GRAM PANCHAYAT
VEND_8D7CC594,C AMBETHKAR
VEND_8B4E3520,SUPTI ENTERPRISE
VEND_6504590D,DILIP CHHETRI ACHARYA
VEND_2D73B33C,KHAKHADI GRAM PANCHAYAT
VEND_EB6A397F,RUGHNATHPURA GRAM PANCHAYAT
VEND_B45DC220,NAGSHWAR MAJOOR SAHKARI SANSTHA LTD
VEND_B43755A9,SHRI SAIKRUPA MAJUR SAHAKARI SANSTHA LTD
VEND_D1E18646,SARPANCH GRAM PANCHAYAT TALKESLI
VEND_50423B87,RHUTIK ANANT DHENE
VEND_35769DFC,SARPANCH GRAM PANCHAYAT BAGALKHEDI
VEND_1D9174E0,CH KRANTISINHA NANAPATIL MSS LTD AT POST POTHRA DIST BEED
VEND_5338A115,BHAVANI NDCC TB THANDA
VEND_68C30C80,PROJECT CLEAN SURROUNDING
VEND_1CAF0FDA,GRAM PANCHAYAT TAMNAR
VEND_9B4B679E,SHILLONG COMMERCE COLLEGE
VEND_4D251F8A,UDDYOG
VEND_9525AF02,PRANAB HATUI
VEND_7F7FB559,SIL BUILDING MATERIAL ENTERPRISE
VEND_56800274,MUKHERJEE ENTERPRISE
VEND_CF783DAE,SWAPNA ENTERPRISE
VEND_D3160C89,HARISH KUMAR G
VEND_C575044C,AYAAN ENTERPRISE
VEND_2DF4CC7A,D N RAMDAS
VEND_656B4A9C,K B MANJUNATHA
VEND_15D9B205,KOTTALA MOHAN REDDY
VEND_FB3A3A49,BYRAREDDY V
VEND_60CCCFB9,GRAM PANCHAYAT JANUTHAR
VEND_4B48E6FE,MUKUND MADHAV BHISHM PRATHMIK VIDYALAYA ISHAKPUR
VEND_DB376164,NUR MAHAMMAD
VEND_A14B915B,HRISHIKESH HALDAR
VEND_079668B3,GP CHANGER
VEND_502C4EE9,YADAV TRADERSH NAGOD
VEND_55DB9C0C,DEVARAJAN S
VEND_2A2C2244,KOTHANDA RAMAN D
VEND_753AE9DB,PIPLANA GRAM PANCHAYAT
VEND_454C8152,PRANJAL BORGOHAIN
VEND_A8EA4F89,S T SOLUTIONS
VEND_E9B6DABA,GP BADAI
VEND_1163E61B,GP BATHMANA JABRI
VEND_1D0F208C,BORSING SYIEM COLLEGE
VEND_CA67402D,BAHIA TILE FACTORY
VEND_B0DBABB6,BAHIA BUILDING MATERIAL SUPPLIERS
VEND_8B8ECB5B,MS ETIMA CONSTRUCTION
VEND_0C357012,MANI M
VEND_279FC3AD,SIRAJ SK
VEND_A8A909C0,GRAM PANCHAYAT FAREEDPUR
VEND_915B17C5,GRAM PANCHAYAT BASRIYA
VEND_1D1F9F4D,GRAM PANCHAYAT SERWASA
VEND_083E5657,GRAM PANCHAYAT MASER
VEND_D4570CEB,GRAM PANCHAYAT DAILWADA
VEND_1FCA4C93,N VENKATESWARA REDDY
VEND_67E3E7CF,GRAM PANCHAYAT SATOHARI
VEND_45599713,DISTRICT MINERAL FUND
VEND_DAD1A319,GP BHARMOTI KHURD
VEND_75354D1B,PARTHA BHOWMICK
VEND_238B504B,SK AJAHAR
VEND_8960C853,NILOY BANERJEE
VEND_A896E4C2,BASER MATERIAL SUPPLIERS TALORA
VEND_BB2FFFB1,SANTOSH KUMAR MUND
VEND_5AA499AB,MS DIMPY BRICKS
VEND_41B0EB05,ROBERT LYNGDOH
VEND_2B774275,MICRO SALES AND SERVISES
VEND_930CC8FA,TAGESWAR PEGU
VEND_230E2386,MS AB CONSTRUCTION
VEND_C9D936A6,SYSTECH
VEND_67D7D458,BITS N BYTES
VEND_85F9AE43,MELUSAN GRAM PANCHAYT
VEND_F3F832AB,BAMANVA GRAM PANCHAYAT
VEND_4C3A1795,JAGADISHA C
VEND_4E4396F7,GENNEXT SOLUTIONS
VEND_ABB316D2,ADHARSHILA POTTERIES
VEND_70A3E691,BHENKVAD GRAM PANCHAYAT
VEND_AC1866C3,SHRI GANPATI TILES MATTI
VEND_9A596A61,GP TIHRA
VEND_6D9E7F72,GANNAMANENI MAHENDER RAO
VEND_96AD418A,IMTIAZ AHMED
VEND_CA88E5CE,BIJJAM PENCHALREDDY
VEND_0E8181D5,GRAM PANCHAYAT MATA
VEND_EDB64E53,DOGRA ART
VEND_44748C61,AMBAVADI GROUP GRAM PANCHAYAT
VEND_B0BDCCD0,SHAJI M S
VEND_5E2CAE59,SREEKUMAR R
VEND_16A852E5,RAJENDRA PRASAD B
VEND_5FECF177,UNIQUE CONSTRUCTION
VEND_937F9495,RAJEEV K R
VEND_FF1AA74F,KATHALAPOOR MAHESH
VEND_F5237DB4,SURINDER PAUL SINGH
VEND_785D3615,SURINDER SHARMA
VEND_E107700C,NAVKANJ ASSOCIATES
VEND_474A23E5,N R CONSTRUCTION
VEND_E6AAA4D8,OBUL REDDY GANUGAPENTA
VEND_E96A0A55,NATIONAL IRON STORE
VEND_DA9D0265,KADDHURI KATTAIAH
VEND_E917F476,ASANVAD GRAM PANCHAYAT
VEND_965C78B1,ALAM HUSSAIN
VEND_A213D2A5,MANISH TILES
VEND_89501B9B,BAYYA ENT HOSPITAL
VEND_965BF1F8,T ASHOKKUMAR
VEND_5AD6484A,ODHA GRUP GRAM PANCHAYAT
VEND_38F33684,KHODA GRAM PANCHAYAT
VEND_CE0B5687,GRAM PANCHAYAT BAYKHEDA JANPAD PANCHAYAT UMARBAN
VEND_9137D277,GRAM PANCHAYAT TANDA JANPAD PANCHAYAT BAGH
VEND_E9624EE8,SANTOSH DASH
VEND_EA7B6FFE,PRAMOD KUMAR PADHI
VEND_F9D08B49,PRADIP KUMAR MALLICK
VEND_D36FBDCB,SARPANCH OF GRAM PANCHYAT MAKHANPUR
VEND_2BA6C4E9,SARPANCH OF GRAM PANCHYAT SAPALVVA
VEND_E5AB4651,SARPANCH OF GRAM PANCHYAT ALGEDANGH
VEND_2C4EEF57,GRAM PANCHAYAT NISHALIYA
VEND_9F6E6C11,MOHAMMED ALIM UDDIN MONDAL
VEND_2AEAFB74,LATIPURTIMBU GRAM PANCHAYAT
VEND_4A253C10,KESHAV ENTERPRISES
VEND_CE159ED7,GRAM PANCHAYAT BADE KILIPAL 02
VEND_7A75D82D,CH RAMA KRISHNA
VEND_3FC6A69C,ASHOK SARDER
VEND_AD859CC7,TOP BRICK INDUSTRY
VEND_9394353D,ZILLA NIRMITI KENDRA
VEND_61F8875C,GRAM PANCHAYAT KUSHIYARI
VEND_A6258BBA,AG ENTERPRISES
VEND_9724E473,EASTERN ENTERPRISE
VEND_2D9719C8,SHIVAN BRICKS INDUSTRIES
VEND_C98F23D1,SANDEEP IRON STORE MALOUT
VEND_165E7E85,GRAM PANCHAYAT BUDHI BAROD
VEND_73678462,GRAM PANCHAYAT BADAGAON
VEND_3B0BDBD9,GRAM PANCHAYAT MATALABPURA JANPAD PANCHAYAT DHARMPURI DISTRICT DHAR
VEND_35E429E0,VALAM GRAM PANCHAYAT
VEND_D4970ADB,SK INNOVATIONS
VEND_94ED463A,MBM PROJECTS AND SERVICES PRIVATE LIMITED
VEND_41FC22E5,MOHAMED AYUB B
VEND_DEC86323,ABDUL NOUFAL T
VEND_48B5C0E0,BENGAL ASSOCIATE
VEND_00869E3F,BIDOLIWALA CONSTRUCTION COMPANY
VEND_695A5B05,BORIYA JAGAPUR GRAM PANCHAYAT
VEND_F3755E65,NARAYAN LAL MENARIYA
VEND_6E21BD0F,MITHU LAL MENARIYA
VEND_5976EDEF,LAXMAN LAL GURJAR
VEND_F28BB4C7,HITESH MENARIYA
VEND_18AA6A07,PRAM SHANKAR MENARIYA
VEND_63BA2154,JALENDAR NATH
VEND_43AC9FA0,BHAGWATI DEVI MENARIYA
VEND_97BF4A35,KANHIYA LAL MENARIYA
VEND_B5ABD5ED,SANTOSHI DEVI MENARIYA
VEND_D532DED6,SURESH K R
VEND_82FAA929,KRISHNA ELECTRIC CO
VEND_0576DC6E,BHASSEN SPORTS PVT LTD
VEND_AF02317E,GRAM PANCHAYAT KUNDARAIYATWADI
VEND_2021748B,C NARENDRA
VEND_4BEEBE97,AJJE CHANNAPPA
VEND_3A3126F4,MUHAMMAD IMTIYAZ KHAN
VEND_27EE4FAF,AJAY KUMAR YADAV
VEND_4E8F90FB,JAI MATA DI ADITYA CONSTRUCTION
VEND_74DB2AF7,SUMAN KUMAR
VEND_34A86F99,MANOJ VARMA
VEND_25DA1D87,SANDIP BAIDYA
VEND_D843CD9D,SARPANCH SACHIV G P KARANPUR
VEND_1156F82F,TALARI OBULESU
VEND_13F38AFD,PARTO JATAV
VEND_E6E245A8,JOGENDER
VEND_6DC05DFD,HARVEER SINGH
VEND_1444510C,PREMLATA
VEND_B8377B23,SATISH
VEND_9D0775BC,SHAKUNTALA
VEND_B7205AEB,AKHILESH SHARMA
VEND_3409135C,K KESAVULU
VEND_C3634488,M W ENTERPRISE
VEND_7D79DF25,MODERN GROWN
VEND_469EBC8C,PGT COLLEGE
VEND_EB953DE2,OMKAR CHAND
VEND_F56787FA,B G ENTERPRISE
VEND_A5C2F956,SHREE SANWALIYA ENTERPRISES
VEND_5B68E72A,GP SUNDLA
VEND_C233D104,GP LIGAA
VEND_A466D03A,P R B CONSTRUCTION COMPANY
VEND_5A462C85,KOMU VIKRAM REDDY
VEND_314C9B86,SK GOLAM NABI
VEND_49708873,SARPANCH SACHIV BIKOR
VEND_468AFC74,SARPANCH SACHIV JAMUNIYA
VEND_688EB2AF,EXECUTIVE ENGINEER IPH DIVISION DHARAMSHALA
VEND_19E459CA,N BALAKRISHNA
VEND_650AAE52,NANA KHADABA GRAM PANCHAYAT
VEND_63A662E0,GRAM PANCHAYAT AAMKHEDASUKHA
VEND_A0D51283,SANJIT DAS
VEND_6EA2184D,DURAIPANDI
VEND_8D1B8E55,GOPAL CHANDRA MONDAL
VEND_060B1A1F,S LASKAR ASMA ENTERPRISE
VEND_CEA61F38,PRIYA AND PIYUSH ENTERPRISE
VEND_6F8CF689,SHAIKH AMER ANWAR
VEND_94C62831,ANADI JALAPATHI REDDY
VEND_30AE0C63,SARASWATI PIPE HOUSE
VEND_876AFC6D,JYOTISH ENTERPRISES
VEND_23ADE90B,SSK SANITATION
VEND_65DF7A61,KALPIT ENTERPRISES
VEND_E214AEBC,GOURAV KUMAR CONTRACTOR
VEND_7ED80DC3,HARISH CHANDRA AGRWAL
VEND_9FB4A63E,MADRAS ENT RESEARCH FOUNDATION P LTD
VEND_EF9D3575,BADRODDOZA SK
VEND_A4BBFC37,BIMAL KUMAR DAS
VEND_F9BF06C0,PUNAM BLOCKS AND CONSTRUCTION
VEND_C9D5FED2,R S ENTERPRISES
VEND_207C3625,DASHMESH TILES
VEND_C74B842E,BUTTAR TRADERS
VEND_83C8565A,MAHENDRAPUR GRAM PANCHAYAT
VEND_D00EB257,UMIYANAGAR GRAM PANCHAYAT
VEND_42CA745D,GRAM PANCHAYAT NEBUHA WEST
VEND_30D2E8C0,AVANYA PRATAP SERVICE AND CONSTRUCTION
VEND_762F4E0B,DIPMAL BORO
VEND_56078066,SHARA ENTERPRISE
VEND_3316A8F6,RAZA ENTERPRISES
VEND_A31E1B22,KAIPU SIVA REDDI
VEND_5A784CAE,AJANTHA CONSTRUCTION
VEND_0792F848,GP SHAKHOLI
VEND_E90F7A54,VERSATILE
VEND_25602219,BHALLA TELECOM
VEND_74DE6F9C,CHANDU LAL MEENA
VEND_DC4012E0,KANNAN M
VEND_553447E0,SEKHON CEMENT AND SHUTTERING STORE PURKHALI
VEND_925227D7,DHAMAN BRICKS TRADERS BAGWALI
VEND_A2844FA3,SWRAN SINGH
VEND_EEAADCA6,R SENTHILKUMAR
VEND_4776E5F5,I MAX SCIENCE HOUSE
VEND_D7F5F0DE,BHARMAL STEEL TRADERS
VEND_DFCD0157,C P GOPALAKRISHNAN
VEND_FF121633,MS LUXMI ENTERPRISES
VEND_FEB0DA24,RAJO MOTORS PRIVATE LIMMITED
VEND_359F8971,GROUP GRAMP PANCHAYAT CHHASIYA 1
VEND_AFC891B2,GP MAU JP SARANGPUR
VEND_52336A2C,BHAKTI CEMENT PRODUCTS
VEND_561ACAF8,MANI TRADERS
VEND_E9F1F2B4,SRI ARUPADAI VELAVAN WATER SUPPLY
VEND_E7A3A54E,N P CONSTRUCTION CO
VEND_55A3AB6F,GP BALEER
VEND_26383A94,MADHIRAJU RAMABADRA RAJU
VEND_B119FAC3,AS KALRA
VEND_46AFDA30,SHRI RADHE KRISHAN ENTERPRISES
VEND_3CDFC059,BALRAJ YADAV
VEND_FA187EEF,SREENATH ENGG SALES AND SERVICE PVT LTD
VEND_DD6CBEA1,GRAM PANCHAYAT BAKHAPUR
VEND_968C89C0,RAMPAUL
VEND_E3C4B6DE,DHANALAKSHMI S
VEND_5844D74D,GP NERI KOTLI
VEND_5586223A,GRAM PANCHAYAT JAMUNIHA
VEND_7D3DA56A,STAR CONSTRUCTION
VEND_8D036D11,KARTHICK G
VEND_B32E6B08,DEY CONSTRUCTION
VEND_35667467,OM PRAKASH SINGH YADAV
VEND_520EEE19,N ASHA
VEND_D4514B6B,GRAM PANCHAYAT BARANA
VEND_AEE8B08A,AKULETI ASWATHA NARAYNA SWAMY
VEND_0CA79A00,SAWMI ENTERPRISE
VEND_B0A5B60F,MANU KRISHI UDHYOG
VEND_B23B34AB,SOSANGLEMBA
VEND_1917E86A,VILLAGE COUNCIL LONGSA
VEND_D7DA66F1,CHUBATOSHI PONGEN
VEND_9F50111F,ALEMKABA
VEND_EABB5A1D,SANGLIPONG
VEND_E15A7879,SWAPAN ENTERPRISE
VEND_98375915,GRAMPANCHAYAT PACHRA
VEND_2C6D684A,MS SRI GURUNADHA ENTERPRISES
VEND_79521880,GRAM PANCHAYAT KATHAUN
VEND_3203F2DF,MS DHRITI ENTERPRISE
VEND_87F26965,JITENDRA RATHORE
VEND_0179A3C1,KARTIK BORSAIKIA
VEND_C1427F5B,SAJAN SINGH
VEND_F6C409EB,SUN SHINE CONSTRUCTION
VEND_3C71EA89,RBH ENTERPRISE
VEND_41CA523F,LAKSHMINARAYAN ENTERPRISE
VEND_46BCF44C,MPLAD JUELORAM BLOCK ACCOUNT
VEND_1D3EE50A,LOKESH C N
VEND_F66E460F,DHBVN
VEND_6BC87B8B,GP GHANGHAL
VEND_0D29021A,DIGAMBER SINGH NEGI
VEND_2C0AA7DA,GRAM PANCHAYAT CHHAL
VEND_FA89E391,GRAM PANCHAYAT KIDA
VEND_6AF39FC8,VENTURE SPECTACULAR
VEND_082BEDA9,GRAM PANCHAYAT ONGANA
VEND_D726D1CD,GP KITPAL
VEND_69F8BE3D,NEHA PLAYWAYS EQUIPMENTS PRIVATE LIMITED
VEND_01CAF6E0,DIVISIONAL FOREST OFFICER PALAMPUR
VEND_300F4780,PRITI INFRATECH
VEND_8B785BDE,SMT DAULATA DEVI UCCHATAR MADHYAMIK VIDYALAY
VEND_F233A6E4,MALAIARASAN
VEND_FC01D22D,SHYAM KUMAR SARMA
VEND_767A2C3E,MINATI KISAN
VEND_BC36F833,MANSA GRAM PANCHAYAT
VEND_3D55444F,AFSAR ENTERPRISE
VEND_401A46D1,ROHAN ANAND
VEND_40E2495E,NARENDRA MEENA
VEND_92A4665B,UNLIMITED INC
VEND_B291A939,LOT INTERNATIONAL
VEND_E30BA3BA,INDIA SALES CORPORATION
VEND_208F97F2,MOGA CONSTRUCTION
VEND_80E9BAF2,ASSISTANT ENGINEER KARGAHAR
VEND_F206F573,MAMA MISO
VEND_471281D7,MD MANZAR ALAM
VEND_A46AD4D2,AZAD CONSTRUCTION
VEND_921686CC,GRAM PANCHYAT BJAAMGAON
VEND_C85BFE54,SARPANCH GRAM PANCHAYAT GARHI
VEND_B6093765,EE EN EDD III CAPITAL AC ELECTRICITY
VEND_9D73A915,GRAM PANCHAYAT AMARWAH
VEND_1CEB757D,GRAM PANCHAYAT PIPLYA KAMIN JANPAD PANCHAYAT DHARMPUR
VEND_8B861BE3,GRAM PANCHAYAT EKLARA BUZURG JANPAD PANCHAYAT DHARMPUR
VEND_A453A77A,GP KADHAIYA JP GAIRATGANJ
VEND_BF4583A2,GRAM PANCHAYAT SONGARH JANPAD PANCHAYAT SARDARPUR
VEND_D1C0A2DC,GP MAKODIYA JP OBEDULLAGANJ
VEND_5086387B,GP GOPISUR SATKUNDA JP SANCHI
VEND_716A3F04,GP LILGAWAN JP GAIRATGANJ
VEND_B148A5F6,GRAM PANCHAYAT KARYALAYA NANDANVAN KANDHAR
VEND_D84781E7,GP BEELKHEDI JP OBEDULLAGANJ
VEND_A0B24DAA,GP UMRAI BAHRA JP BADI
VEND_BE6B559A,GRAM PANCHAYAT MOTI BANDIBAR
VEND_74557438,MAN MOHAN
VEND_73F0E2E5,TEJA RAM
VEND_A3FE0CE3,PEPI KUNWAR
VEND_74E6A2A6,SUNDAR ANCHAN
VEND_BEED61D6,THE MS COOPERATIVE LABOUR AND CONSTRUCTION SOCIETY LIMITED
VEND_2523DE75,ABHAY RAJ SINGH
VEND_2659CE21,RANJEET KUMAR VERMA CONTRACTOR
VEND_A19E0FC2,PRABHAT CONSTRUCTION AND SUPPLER
VEND_F097CECE,GP BINEKA JP OBEDULAGANJ
VEND_3096B125,VARINDER SAHNI HDFC
VEND_13649E41,NOUFAL P P
VEND_2DDD91E1,BADRODDAJA MONDAL
VEND_E2FF9EF2,MA TARA ENTERPRISE
VEND_3A2DB748,EKLAVA GRAM PANCHAYAT
VEND_D1E3194D,PENTAGON TECH FUSION SERVICES PVT LTD
VEND_D6AD2AF3,MAILO WASH DALBOT SHIRA
VEND_EBB07AF0,GRAM PANCHAYAT TAPIPLYA
VEND_9594AA5D,ARITHA GRAM PANCHAYAT
VEND_097C0A74,SHERIN ENTERPRISES
VEND_6C2644B8,GRAM PANCHAYAT KARAD
VEND_9D6D8C21,SK ASRAFUL HAQUE
VEND_D9257681,GRAM PANCHAYAT SIHOT CHHOTI
VEND_1FEE08E7,IQRA EDUCATION AND WELFARE SOCITY
VEND_7DCC6FCD,MODERN DECOR
VEND_A486FFC5,HARKU GADRI
VEND_F8DED8CF,DEVI RANAWAT
VEND_FF173134,GRAM PANCHAYAT MARHATHA
VEND_2A76B257,YUVRAJ SINGH
VEND_9F08FD1B,SARPANCH CHITRODA GRAM PANCHAYAT
VEND_B255D784,GRAM PANCHAYAT KHADGAWANKALA
VEND_43305795,GRAM PANCHAYAT DHABAI
VEND_D6277189,ABDUS SABUR
VEND_41EA8995,SANJAY B M K SAH SANSTHA PARASTOLA
VEND_BDA0B5A8,VELAVADAR GRAM PANCHAYAT
VEND_8B3E3E20,CHOUDHARY CONSTRUCTION
VEND_AA79BFC3,SANDEEP KUMAR SONASIB CHAND MISTRI BHUDHOBARKAT
VEND_BC832A57,GOYAL SUBMERSIBLE
VEND_5820EFC9,AIOK M SANGMA
VEND_8B39040A,GRAM PANCHAYAT CHAINPUR
VEND_A7E46F33,GRAM PANCHAYAT GHUTRADHIH
VEND_1542B74F,GRAM PANCHAYAT KARKALI
VEND_F9B8D439,GRAM PANCHAYAT MADGURI
VEND_EE7408DD,GRAM PANCHAYAT SEMRA
VEND_F41951D9,GRAM PANCHAYAT KORANDHA
VEND_96A635B3,GRAM PANCHAYAT KUJRIADIH
VEND_A0FC47D6,SANMUGAM M K
VEND_79D2140B,AVIADU ENERGY AND INFRA PRIVATE LIMITED
VEND_30A01A4B,ABDUL RASHEED P
VEND_1184602F,NANNAN M MARAK
VEND_C36F45DA,MATHIOUSH SANGMA
VEND_F2BF8991,SARESTAR IAWPHNIAW
VEND_08381038,REMBYRNGAW PRES LP SCHOOL
VEND_0028F7D5,MAWKOHLAR
VEND_2EE57060,GREPOLINE SHIRA
VEND_75A20D57,GPDAMYANA
VEND_1D1DDCA4,GH SCAFFOLDERS
VEND_05593DA3,KARANGADH GRAM PANCHAYAT
VEND_2B5BB418,YUVARAJ KUMAR SHETTY M
VEND_AAF2CAF0,SUJIT DEWAN
VEND_BCF736B1,ANANDPARA GRAM PANCHAYAT
VEND_008CA5B8,SINGSAR GRAM PANCHAYAT
VEND_E664B6FB,DHAMNEJ GRAM PANCHAYAT
VEND_62251841,MULBHUT YOJNA G P SASIN
VEND_BFF6BE9D,MITANIN PROTSAHAN RASHI LEPRA
VEND_C733A3F2,SRI BALAJI ELECTRICALS
VEND_72E341BF,GRAM PANCHAYAT BHIMA
VEND_D7FC2ECA,GP FATHPUR KALAN
VEND_4EAE026F,SRIRENUKACONSTRUCTION
VEND_2952447C,SWASTIKA RAI SHARMA
VEND_29E3FC56,MEGAASTARCONSTRUCTIONS
VEND_8557852F,ANKITA SUPPLIER
VEND_927F199E,PS ELECTRONICS
VEND_720542AA,SHRI YASHWANTRAYA MAJUR SAHAKARI SANSTHA MARYADIT
VEND_4CC1BC88,PIPALLAG GRAM PANCHAYAT
VEND_C40F13AC,DHARAI GRAM PANCHAYAT
VEND_BEBA34FC,GRAM PANCHAYAT DARAIN
VEND_A557B453,GRAM PANCHAYAT GHIYAR
VEND_5FA5AF8F,GRAM PANCHAYAT TENDUDOL
VEND_C02A17DB,MAHAKUMBHA PROPERTIES PVT LIMITED
VEND_5894551C,RUDRA MADHAB SAHU
VEND_BD1DD5F3,RUDRA CONSTRUCTION
VEND_EB29E8B8,ROYALITY ADDL ROYALITY
VEND_49736821,GRAM PANCHYAT BAMHANI
VEND_98320963,SHREE KRISHNA CEMENT STORE
VEND_8369A402,SRI ELUMALAIYAN ENTERPRISES
VEND_1A96E60D,EXICUTIVE ENGINEER PWD EM DIVISION NAVA RAIPUR
VEND_52609E00,FINGERPRINT
VEND_D2B727CC,IMLICHUBA
VEND_66A27B21,VENKATESHWARA ORTHOCARE
VEND_67026887,GRAM PANCHAYAT KHAJURIYA
VEND_743DDD55,JAY SHANKAR SINGH
VEND_D1F1E642,AULAKH HOME SOLUTIONS
VEND_A0488766,MAA VAISHNO SHAIKSHIK EVAM DHARMARTH TRUST
VEND_76410EF4,MAHANBIR SINGH
VEND_356E6BB9,BABA RAM CHARAN VERMA BALIKA POORVA MADHYAMIK VIDYALAY
VEND_257020A6,MOHAN PERIYASAMY
VEND_CE2982A0,SHUBHAM ENTERPRISES
VEND_983A93E3,SANACKIYARAMAN GANESAN
VEND_75E62B24,PRABHAT ENTERPRISES
VEND_063A3612,SANJIB MALLIK
VEND_829DC5A1,ZUBAIR FAYAZ WANI
VEND_EA5BA166,CANTILEVER ENGINEERS
VEND_B71B524B,GRAM PANCHAYAT LOHARI JANPAD PANCHAYAT NISARPUR
VEND_3879ABDE,AADIRUDHAN CONSTRUCTION
VEND_5BE84C53,SP SINGH TRADERS
VEND_17DA4F36,BALJINDER PAL SONI
VEND_97CB6A7C,NALLAVELLI DHAMODAR REDDY
VEND_8294C9D3,GRAM PANCHAYAT NANI SANJELI
VEND_FB07E055,SHRI KRISHNA TRADERS
VEND_AB4AA940,LIFELINE22
VEND_0AEB3976,PHUPU TSHERING BHUTIA
VEND_C15ADDCA,PREM CONSTRUCTION KABJA
VEND_4D8770CD,MADHURYAMAYEE JENA
VEND_78B526FF,LAXMI ELECTRICALS
VEND_E60D0ECB,THE JAI BABA BHAIYA COOPERATIVE LABOUR AND CONSTRUCTION
VEND_0D5BF507,GRAM PANCHAYAT DEURMAR
VEND_70E1E5E6,KERALA ARTISANS DEVELOPMENT CORPORATION LTD NRO KOZHIKODE
VEND_FECE49DB,GRAM PANCHAYAT BASNAJHAR
VEND_C58E897E,GRAM PANCHAYAT MAHARAJGANJ
VEND_4C5F408F,GRAM PANCHAYAT HATI
VEND_EBDB4971,GP MAVAIYA NOWGONG
VEND_ECE00888,GRAM PANCHAYAT BASOHARA
VEND_EAFE1012,GRAM PANCHAYAT DEORI
VEND_636182DE,MA SARODA ENTERPRISE
VEND_363BCBA6,JAGAT SINGH CONTRACTOR
VEND_92F28F73,CMO NAGAR PARISHAD SATAI
VEND_3FD37225,SONU HARDWARE
VEND_D95A2AD3,GRAM PANCHAYAT ANKOT
VEND_49FC4211,UVES ENTERPRISES
VEND_588F839F,ZEEDAN ENTERPRISE MUSTAQUE AHAMED MOLLA
VEND_B71AFD1C,JAI SHREE RAM ENTERPRISES
VEND_8018C6ED,ARORA BRICK CO
VEND_6AB2ADBD,FRIENDS SHUTTERING STORE
VEND_F6BC923A,AKSHAY BROTHERS
VEND_D73D6AB9,AKSHAY TRADERS
VEND_23B39EBF,GP BURIGATI
VEND_CFDAE00F,KV TRADERS
VEND_D2385AF4,AZEEZ
VEND_D9B8FC9C,KOTHAPALLY VISNUVARDHAN REDDY
VEND_976AF750,SHRI BHERU NATH BUILDING MATERIAL SU
VEND_510869F9,GP BEHARIYA
VEND_E3C61292,RYMBAI VILLAGE ECO TOURISM SOCIETY
VEND_03550222,SYNRANG SHAHKHAIN RYMBAI
VEND_E8F650C8,GOKUL CHHETRI
VEND_8C8EFA5C,DORBAR DONG APHA
VEND_3EBB26E5,G SIVAPRASATH
VEND_F9306DF1,BABITA TRADING
VEND_B12A1139,BMR EV INDUSTRIES PVT LTD
VEND_DED92EFE,YNG FITNESS SHOP
VEND_6226C259,GP TATIYANA
VEND_37679544,PANCHAM SINGH
VEND_F8B3B50F,RAMACHANDRAN
VEND_0F0DD5EB,MAKANI DEVI
VEND_1D8939FF,BINDA DEVI
VEND_5C249B0F,RUCHI NEGHI
VEND_F8049012,MANOJ SINGH NEGHI
VEND_E04C617E,SATISH SINGH
VEND_A654A528,ALPHONSE GEORGE
VEND_2C5F82AC,RAM MURTI
VEND_354507E2,MANOJ SINGH NEGI
VEND_ECBFC8C0,DHANVEER SINGH
VEND_99510206,SUKHA
VEND_AAADE768,HAGAMI DEVI
VEND_0CA7180A,LALURAM
VEND_ED30C7F9,MIYARAM
VEND_2C954714,BHOJARAM
VEND_09E57D55,KALURAM SALVI
VEND_6156521B,PREMI DEVI
VEND_CFBEC2E0,HIRI DEVI
VEND_327494D0,GAYATRI CONSTRUCTION PROP HARSHVARDHAN PRATIK
VEND_B145652E,K K MANGLIYA CONSTRUCTION COMPANY
VEND_B7AA2CE5,JAI SHREE OM BANNA
VEND_942967CC,SHAGUN BRICKS INDUSTRY
VEND_A1A76565,BAKKA REDDY SRIKANTH REDDY
VEND_E7E3A24D,ASST ENGG LAEO WORKS DIVB SAHARSA RAHUL KUMAR PASWAN
VEND_B89C5F2C,S N ENTERPRISES
VEND_3D188633,SARPANCH GRAM PANCHAYAT KOHALA
VEND_3D19A6E4,NARAYAN LAL BHIL
VEND_FC7DC873,MANGI LAL NAYAK
VEND_A932551F,RADHA DEVI
VEND_CECBF040,SOHAN LAL REGAR
VEND_24DB13D6,RUKHIYA BEHAM
VEND_B8AD9676,SABBIR MOHAMMAD
VEND_06146F61,SEETA DEVI GADRI
VEND_6548C9E3,LAXMAN GADRI
VEND_379C19FC,KHUSHI CONSTRUCTION COMPANY
VEND_C353260F,MS SHYAM CONSTRUCTION COMPANY
VEND_152A23FE,RAJESHWAR AGRO SALES
VEND_AD43A819,RADHEY RADHEY GRAVELS PVT LTD
VEND_2C559F1D,THE RD COOP L C SOCIETY BGARH
VEND_3B54703F,AVADHUT GUNDU HALAVE
VEND_730686FC,JAI SINGH AND SONS
VEND_62BCC844,VARAHI JOOTH GRAM PANCHAYAT
VEND_663795E7,PSR CONSTRACTION
VEND_8358DDB1,G SUDHAKAR
VEND_C67DE536,SHRI RAMPHER YADAV CHAUDHARY SHIKSHAN SANSTHAN UMV
VEND_F1186B63,GOLDI CONTRACTOR
VEND_45FFBF62,PAWAN BHALLA BKO
VEND_AE63879A,JAGAN NATH BKO
VEND_07065C8F,JERPANU LEPCHA
VEND_A60547D0,PATLOLA RAMESHWAR REDDY
VEND_24C1E29B,GRAM PANCHYAT PATHROHI
VEND_50ED8CFD,MANOB DUTTA
VEND_B9EEF1D0,FZ FITNESS INDIA
VEND_EC9D4835,SURAJ CONSTRUCTION
VEND_88E7470A,GRAM PANCHYAT JAGTARA
VEND_AD09544F,SANTU AHIRWAR
VEND_FAA1B1A6,E SOLUTIONS
VEND_649001A0,LUDARA GRAM PANCHAYAT LUDARA
VEND_B5428A18,KHALSA EXPORTS PRIVATE LIMITED
VEND_3D3CD35D,GRAM PANCHAYAT BORIRAMPUR
VEND_A24B8DF8,THANGAMANI S
VEND_0786C9F3,GANGASAHAY
VEND_EF5C6C73,SUNGJEMMENBA
VEND_08572E56,NEERAJ KUMAR MEENA
VEND_586191DE,SUKADHAR MEHER
VEND_7AEA29AA,GRAM PANCHAYAT VASLI JANPAD PANCHAYAT GANDHWANI
VEND_AB0B59FE,J S ENTERPRISE
VEND_5BA5160C,PEACOCL FEATHERS
VEND_BE399642,GRAM PANCHAYAT SANKARA
VEND_19FC8D0F,GRAM PANCHAYAT DARGAHAN
VEND_7A9AD4D4,GRAM PANCHAYAT MALHARI
VEND_632EB225,GRAM PNCHAYAT MANIKPUR
VEND_CDFF9FCD,SK TRADERS
VEND_BDCCD1BF,GRAM PANCHAYAT CHHIRARI
VEND_BCA86987,JP BROTHERS
VEND_F82EC89C,GRAM PANCHAYAT BASAHARI
VEND_4DA703EA,GRAM PANCHAYAT GIROL
VEND_B6DC65F9,GRAM PANCHAYAT MUHLI
VEND_85EB954C,SMT DHANPATI DEVI JAISWAL LAGHU MADHYMIK VIDYALAYA
VEND_09040C53,GRAM PANCHAYA PAUNSARI
VEND_D3073B06,AMY HEALTHCARE SERVICES
VEND_49631AC1,DEVA GANAPATHI REDDY
VEND_3AF62883,PS CONTRACTOR
VEND_7654F5B0,GRAM PANCCHAYAT BHENGARI
VEND_039F6AD0,GRAM PANCCHAYAT TENDA
VEND_AFB7EB71,GRAM PANCCHAYAT AMLIDIH
VEND_30BFDDFB,GRAM PANCCHAYAT RUMKERA
VEND_B3C04B01,GRAM PANCCHAYAT NAWAPARA T
VEND_56C9E5D8,GANNI SURYA PRABHAKAR CHOWDARY
VEND_E33542DF,DEVESH KUMAR PATLE
VEND_3CF42127,R SELVARAJ
VEND_3B07606D,DEVILAL MODPATEL
VEND_D5F3AACE,KENTLI TANGSANG
VEND_AC53B20D,NAIB SINGH SO JAGJEET SINGH
VEND_1B67D1C3,DRANLI ROY MAWLONG
VEND_6A34638B,NAMALA RAKESH
VEND_42DBE8E3,DIL KUMAR RAI
VEND_A37A578D,PAL AND SONS
VEND_E8B72BD5,MR G P BANJA
VEND_A2359671,SHAIK AND CONSTRUCTION
VEND_FA8EF386,GRAM PANCHAYAT JANIYADRA
VEND_9F0ADF7B,MEDICAL SUPERINTENDENT CSS SCHEME GGH KHAMMAM
VEND_FC0F0785,RAIMOND SOLAR PVT LTD
VEND_0EF58BB0,SURESH KUMAR MASSEAN
VEND_B9C06B69,INIYA CONSTRUCTIONS
VEND_139BEBE9,VELAMURI PANDU RANGA REDDY
VEND_4D317D9B,RIB GRAM PANCHAYAT
VEND_4F10685E,MANTU KUMAR BASUMATARY
VEND_741FBAC5,PHOOLA
VEND_010CE94B,VASUDEV
VEND_4C200E5C,GIRDHARI
VEND_A40C1E5A,THE SHARDA COOP L AND SOCITY LTD
VEND_1AEA4620,DALCHAND
VEND_D6E127F7,RAJVEER
VEND_9B7E17DC,GRAM PANCHYAT RUNKHEDA
VEND_0C623F82,ASHIPURA GRAMPANCHYAT
VEND_CB8154BB,TARPURA GRAM PANCHYAT
VEND_EEBB995F,BECHARI GRAM PANCHYAT NEWWW
VEND_CBDAE5FA,ST PETER SECONDARY SCHOOL BARATO
VEND_A62244BF,BHEEMAPPA
VEND_276228EF,JANAK PRASAD SHARMA
VEND_61840B94,RUPAK MANNA
VEND_0527E76D,BHARAT SAHU
VEND_6D6BF963,KETHAMREDDY SANTHISWARUP REDDY
VEND_D3CC6F91,MUSKAN CONSTRUCTION
VEND_4139E636,AMAR SHAHEED GULAB SINGH LODHI SHIKSHA SAMITI
VEND_0C102E2D,SIDDHARTH CONSTRUCTION AND SUPPLIERS
VEND_C7CF5632,MANOJ MURLIDHAR GUJAR
VEND_4E6EED3C,NARINDERA CEMENT STORE
VEND_30825C60,ZONE 08
VEND_815FFC2C,GRAM PANCHAYAT MOHERA
VEND_08B07AEA,GRAM PANCHAYAT RAKADIH
VEND_2BDAA969,GRAM PANCHAYAT LADER
VEND_4C125703,JUNIOR ENGINEER 2 SURESH PUSPALAK
VEND_DFED9BBF,SDSCO DEHRA
VEND_23C8FBAB,MADHUSMITA MAJHI
VEND_20DC7726,M S HARSHA BARDHAN PRAHARAJ
VEND_446F13D9,SUDEEP ACHARY
VEND_60259CCA,SRI GANAPATHI CONSTRUCTIONS
VEND_AFC766D7,MIR RAFIKUL ISLAM
VEND_93F0552E,THAKRE CONSTRUCTION
VEND_A159B0EF,SHRI HANUMAN INFRA
VEND_D6C66CB0,ZIAD CONSTRUCTION
VEND_1878CE37,SARPANCH GRAM PANCHAYAT PARSADAKISAN
VEND_7BC4A3D9,ANAND ENGG WORKS
VEND_A82DD236,JASNATH COMPUTER SALE AND SERVICE
VEND_4B8CCC2E,SANIA CONSTRUCTION
VEND_1F1802D0,VELUTHURLA BUJJI REDDY
VEND_72E1F5E3,BHANWADIYA GRAM PANCHAYAT
VEND_B825D216,GRAM PANCHAYAT CHHAPARIYALI
VEND_A4B830FB,GRAM PANCHAYAT TOL SALADI CHOTELI
VEND_CD4AA7C4,SAAZ BUILDING
VEND_172D614A,JAMMU CEMMNT STORE
VEND_915B114D,KRISH ENTERPRISES
VEND_9E56EAA8,MANAS RANJAN DAS KANUNGO
VEND_0111B51A,RAVICHANDRA V
VEND_B9CFDCEE,SK MOSARAF HOSSAIN
VEND_F32FF59D,SHARDA BKO
VEND_B1AD78F4,MAA LAKHI ENTERPRISE
VEND_BBC2246E,R S ENTERPRISE
VEND_D129B834,CACINO R MARAK
VEND_575795B1,S KUMAR CONSTRUCTION COMPANY
VEND_E2C99527,THREEVAND CH MARAK
VEND_DAA92232,DASHMESH HARDWARE AND BUILDING MATERIAL STORE
VEND_D9A21351,GRAM PANCHAYAT TIRLA JANPAD PANCHAYAT TIRLA
VEND_E92F7290,GREDEN M MARAK
VEND_7A44FBF3,WARNING MARAK
VEND_C87969B5,RIKSE M SANGMA
VEND_BAFC3C7B,RAMA AND COMPANY
VEND_DF03D5B3,SLOWRINA CH MARAK
VEND_B73CA17F,BRUCE M SANGMA
VEND_1EF6674D,RANGSILCHI CH MARAK
VEND_501DE0EC,RAMENSON CH MARAK
VEND_681D8605,ENIAN N SANGMA
VEND_A21527B0,DEBUST R MARAK
VEND_270E0190,MEJINGSTONE D SANGMA
VEND_BED5BA15,GARG CONSTRUCTIONS
VEND_2BC17615,PRED SAGARA
VEND_BF9156D5,SHAZIA BEGUM
VEND_5D1C592D,GOPAL PUROHIT
VEND_CF02F13A,KANAKA RAJEEV GANDHI
VEND_E336336D,PRESIDENT VILLAGE LEVEL COMMITTEE
VEND_A0B097BB,BUDA GRAM PANCHAYAT
VEND_74495221,GP KHANNI UPARLY
VEND_2DA74954,DUNAVADA GRAM PANCHAYAT
VEND_C2CF9396,SWAGIMANI HEMBRAM
VEND_FC61DAD3,SHIV KUMAR THEKEDAR
VEND_D308DDA5,GRAM PANCHAYAT VIROL
VEND_FCA6C571,VISHAL MOTOR BODY BUILDERS
VEND_0D730713,THE NAKKI CO OP LC SOCIETY LTD
VEND_9A0F8D97,SAPAN KHARGA
VEND_29EEE531,MS S SARKI
VEND_3F0A0A82,SHRI ARJUN GURUNG
VEND_5BA05F20,CHAUDHURI ASHRAFUL KARIM
VEND_EBDCCACA,SAMIRUL CONSTRUCTION
VEND_CCFB4025,TSHERING PANDAY SHERPA
VEND_FA418883,SK KALU
VEND_88DAAED2,ATIYAR RAHAMAN
VEND_5E4BC493,GRAM PANCHAYAT KHEDI
VEND_59D2631C,MUNNA HUSAIN
VEND_0CAD3DB2,GP BEEDPURA JP SANCHI
VEND_3BB5225F,GP SADALATPUR JP SANCHI
VEND_DAAB4E82,GRAM PANCHAYAT DABHOU
VEND_DD876851,GRAM PANCHAYAT SAHAJPURI
VEND_3ECEFBD2,GRAM PANCHAYAT SINGHORI
VEND_FE4074B7,GRAM PANCHAYAT GHUGHRA
VEND_85BD0579,GRAM PANCHAYAT DEELWARA
VEND_1EE1DFDC,GRAM PANCHAYAT PADMI
VEND_DF188C14,GRAM PANCHAYAT JHULPUR
VEND_5245A7A0,GRAM PANCHAYAT KONDRAMAL NARAYANGANJ
VEND_64590564,GRAM PANCHAYAT KHALOUDI
VEND_2EF5B6DB,GRAM PANCHAYAT KUMHALI
VEND_F0F1603D,GRAM PANCHAYAT KHAMHERKHEDA
VEND_E83998F6,GRAM PANCHAYAT UMARIYA
VEND_178116B5,GRAM PANCHAYAT SUDGAON
VEND_7B101FB4,GRAM PANCHAYAT PIPARIYA RAIYAT
VEND_9B331A06,GRAM PANCHAYAT DHAURGAON
VEND_C81AF0A4,GRAM PANCHAYAT MUNGWANI
VEND_697DF21C,GRAM PANCHAYAT GITHAR
VEND_65815BA0,K N HARSHA
VEND_A7BE836C,GRAM PANCHAYAT PARASWADA
VEND_BC4EA09F,GRMA PANCHAYAT KATRA
VEND_6932FD76,GRAM PANCHAYAT GONJHIMAL
VEND_030DD8EF,GRAM PANCHAYAT BADJHAR
VEND_9335E971,DE OP TSNPDCL KNR
VEND_9876F25E,KARTHIKEYA CONSTRUCTIONS
VEND_4BC54907,SUPER ELECTRICALS
VEND_09A2E17D,VADLAKONDA SREENU
VEND_5C355204,DUGGU MAHENDER RAKESH
VEND_6B8E8777,MS ANNAPURNA ENTERPRISE
VEND_D8C94509,SHANTANU VASUDEVRAO NAVGHARE
VEND_D9D176C5,RAJESH DNYANOBA NEVHAL
VEND_6E4A9A19,MS LAKSHMI NARAYAN ENTERPRISE
VEND_E71489CF,GORDHAN SINGH
VEND_0C8AECD8,RAMCHARAN
VEND_299985C4,DEVI SINGH
VEND_91609513,ROSHANLAL
VEND_7F6D5E8E,BALVEER SINGH
VEND_06329DC2,OMVEER SINGH
VEND_1AC73727,CHARAN SINGH
VEND_086FDF01,SORNAGANDHI
VEND_3E987DFC,GP GHORAN
VEND_9C7B8D5A,YMA PUTLUNGASIH BRANCH
VEND_4B69EE70,SUBVILLAGE COMMITTEE CHHUMKHUM
VEND_E7F7E092,VILLAGE COUNCIL RANGTE
VEND_F54E5C76,YMA ZAWLPUI BRANCH
VEND_7F038BFE,MAHARASHTRIAN SWARNKAR SAMAJ
VEND_C100D18C,RISHOT KSHIAR
VEND_9738F74B,JEEVAN KUMAR PERMANNUR
VEND_BCE812D5,KHUSHAL CHAND
VEND_97315C59,KUNAL TRADERS
VEND_1CBB6106,SOURODIP SARKAR
VEND_6E9B3660,CHEEMA CEMENT STORE
VEND_668B18DE,PSPCL WEST SUB DIV CHHEHARTA
VEND_55EB5A6A,GRAM PANCHAYAT BANKODI
VEND_B90B4626,VISHU ELECTRICALS
VEND_3CC9D351,GOPINATHAN
VEND_87B53235,KRISHNA PAL
VEND_DF15A0A1,KMR CONSTRUCTION
VEND_6E11DE68,HANDA ELECTRIC STORE
VEND_EF006F63,SAHA ENTERPRISE
VEND_79CC02BB,HAFIZA ENTERPRISE
VEND_6E4D09B4,SURESH CONTRACTOR
VEND_95C25C92,SANDEEP SHARMA
VEND_6B57C961,GOVIND SINGH CHOUHAN
VEND_AD24B15B,GP BASODHAN
VEND_41D34180,DODWADIYA CONSTRUCTION
VEND_B9B6E7BD,NEERAJ CONTRACTOR CO BHIR
VEND_73344FF0,JAYDEB KUNDU
VEND_92024D01,GRAM PANCHAYAT LANGODRA
VEND_670626F5,RAM BHAGWAN IRON TADERS
VEND_D078B2A8,GHANASHYAM ELECTRIC STORES
VEND_361A61CE,SUDHEESH A V
VEND_D929F244,LASTBORN JONES SHANGPLIANG
VEND_32176208,YESHWANT MAJOOR SAHAKARI SANSTHA MARYADIT PATHRUD TALUKA BHOOM DIST DHARASHIV
VEND_CD175D47,EDWIN LEPCHA
VEND_A4F098D7,MANOJ TENCHIPA RAI
VEND_540CA7AB,NANIPANIYALIGRAMPANCHAYT
VEND_8DB8B8DC,MOHD IMRAN MOHD USMAN
VEND_1521A5E2,SHRI BALA JI COMPANY
VEND_4E17CD38,SHREE BKN FABRICATION AND IDUSTRIAL SOLN
VEND_45160D8A,DEEPAK ENTERPRISES
VEND_1F34C0A0,SWAPAN DHAR
VEND_C9B488F0,SOPU DEVI
VEND_44E7C5CC,KURUBA SESHAPPA
VEND_727D54C4,SEKA DEVI
VEND_D228E3FC,VADLAKONDA PARAMESH
VEND_132824F3,KANTILAL
VEND_90E89C77,GALBARAM
VEND_FDE2D895,BABI DEVI
VEND_A49BF8AC,LACHHI
VEND_26E2DE59,KARTARAM
VEND_D6FF3F69,KARNARAM
VEND_D591135C,PAYARI
VEND_D7DBAD4F,JETARAM
VEND_AD63A0DC,SUJARAM
VEND_4DA26D45,KARISHAN
VEND_D4AFF2A1,PARKASH
VEND_03A90F7A,JITENDARNATH
VEND_7E544320,YALAGURDAPPA APPANNA BANDI
VEND_6886C518,SUBHAM AGENCIES
VEND_3D7241E3,PASUNJ GRAM PANCHAYAT
VEND_5A5A08FA,SARPANCH GRAM PANCHAYAT BAJJARWADA
VEND_349D8D0F,NIRAN HAZARIKA
VEND_33712A8A,ARDHVIKA TRADING COMPANY
VEND_B0F6B748,BRENISH K SANGMA
VEND_CA2C7CA2,PAUL CH SANGMA
VEND_37F56F9E,MARCUISH R MARAK
VEND_3EA59489,GRITHING T SANGMA
VEND_FEB4AC3A,SALCHINA N MARAK
VEND_B0B5EDC1,RAM BATTERY
VEND_CD7E33C6,PUNNIYAMOORTHY D
VEND_D9BEF091,RAJKUMAR BALASUBRAMANIYAN
VEND_AB060307,SAHIL CEMENT AND HARDWARE STORE
VEND_DD6B4704,SWANJEE KUMAR MISTER KHOKHAR DWAKHARI
VEND_43B5B7C0,GRAM PANCHAYAT KHAMCHAURA
VEND_C4C1A980,AMIYA GHARAMI
VEND_23EBD14B,KMALA RANI BKO
VEND_0C63E5C1,RAM LAL
VEND_419E249F,S ANANDA NAIDU
VEND_68C78E3A,SUJATA HOME APPLIANCES PRIVATE LIMITED
VEND_DFDBFBA5,DHAPI
VEND_A80F8EC5,OBARAM
VEND_C817E8C4,NETTAM BALAKRISHNA
VEND_25138BF3,MADHAROLLA SANJEEV KUMAR
VEND_7B18CAAE,GP BANI
VEND_ED97FF9F,DEVAGDH GRAM
VEND_F432ED81,SHABANA BEE
VEND_B6DB8619,SONIA JASROTIA
VEND_BE0A2A78,CHUNI LAL
VEND_7874F988,MS BROTHERS CONSTRUCTIONS
VEND_86FC249A,JAGDISH NARAYAN
VEND_FD624D3A,VIGODI GRAM PANCHAYAT
VEND_1A6D6D4C,PAJVALI GRAM PANCHAYAT
VEND_9CEBED45,N SHOBAN KUMAR
VEND_1C198783,C RAVI CHANDRAN
VEND_CED15086,TIRUMALA CONSTRUCTIONS
VEND_47C47DB1,PONNUSAMY
VEND_6B6D21E4,CONSTRUCTION OF COMMUNITY HALL FOR SHAKTI CLF
VEND_4BD53C8D,CONSTRUCTION OF SEPTIC TANK OVER SHED FOR LATRINE AND BATHROOM AT GOALPARA GIRLS COLLEGE GOALPARA
VEND_CEAC50E6,GRAM PANCHAYAT HADMATKHUTA
VEND_EBFD1C9C,KARAN CONTRACTOR
VEND_91B62856,GRAM PANCHAYAT GAMDI PURV
VEND_8A21E006,RAOMPMKVVCL
VEND_14D5A019,SACHIVGRAMPANCHAYATPANJARAKALA
VEND_083321CE,SYNDICATE GYM INDUSTRIES
VEND_05A49BD5,MOHAMMED ALI M
VEND_A3DBDC51,THE KISAN COOP L AND C SOCIETY LTD
VEND_3667214A,LAKSHMI AUTOMOTIVES INDIA PVT LTD
VEND_7A76CFC9,SHANKRA GRAM PANCHAYAT
VEND_ACC824B3,THE KUBER CO OP LC SOC LTD
VEND_21BAF482,ADAVAYYA HIREMATH
VEND_2BE8E4E3,SHIVA BUILDING MATERIAL
VEND_F48A6EDE,KESI REDDY MURALIDHAR REDDY
VEND_F4B67499,DHAKA BROTHERS
VEND_B367DB4E,CHABKHA GRAM PANCHAYAT
VEND_E5ACD8DF,MS GURU NANAK TRADERS
VEND_A34FD881,MS NEW SHIV SHAKTI PAINT STORE
VEND_C6B1C7DC,LUMSHYIAP UPPER PRIMARY SCHOOL
VEND_1D5A7D45,DELVADA GRAM PANCHAYAT DELVADA
VEND_6B0E80F0,MS PAKHIJA ENTERPRISE
VEND_093B6E73,SREE KAVI ENTERPRISES
VEND_D70062A0,GULIA TRADERS
VEND_0CBD0D3F,ASHOK KUMRA PANDA
VEND_AB54B0AB,NARENDRA CONSTRUCTION COMPANY
VEND_D13988D8,ROY MATHEW
VEND_EC334A1E,CHOWDHURY ENTERPRISE
VEND_2CEBA26B,SHRI ALPHONES M SANGMA
VEND_70C66B2F,SAURABH KATARA
VEND_23CD5ABB,BHUDEV CONSTRUCTION
VEND_514329C2,MR DEVELOPERS
VEND_80CE6594,SHRI ARMANDO CH MARAK
VEND_4CF3599D,LOKVIKAS MAJOOR SAH SANT LTD
VEND_7DA9160F,SHRI YANGKEE CH MARAK
VEND_FD1A6AC6,BHADRIA CONSTRUCTION
VEND_2C25445E,SHRI BARTHOLOMEO CH MARAK
VEND_9B996D97,SAROJ DEVI
VEND_F3C3423D,SHRI DILSANG CH MARAK
VEND_323830D6,RATANPARGRAMPANCHAYT
VEND_F711115C,TULSI DEVI
VEND_7662887E,SHRI LUCKSHWELL M SANGMA
VEND_1F04718C,SHUBHAM BHAU JAGTAP
VEND_76040F7C,DHARA
VEND_F3C5105F,SMT MINOTI CH MARAK
VEND_1F203F03,RAMACHANDRA ELECTRICALS AND ENGINEERING STORES
VEND_87AFBA8F,GRAM PANCHAYTAT KAMTI
VEND_378411F4,SHRI CHALLANG MOMIN
VEND_B7980804,SAARTHI ENTERPRISES
VEND_86584423,HARDAYAL
VEND_D21557F9,MATESHWARI ENTERPRISES
VEND_72641920,SHRI RINGRAK CH MARAK
VEND_588B3B42,GRAM PANCHAYAT NANDIYA
VEND_3FBDB916,GRAM PANCHAYT KHAPA
VEND_D0EA1304,SURESH NATH
VEND_3A4DAB77,KANHAIYALAL
VEND_CB1DDCBF,GHANI DEVI
VEND_DE4332DA,MANOJ GURJAR
VEND_E581D075,RAGHUNATH
VEND_FEC30B55,VIJESH I
VEND_225D1F86,SHRI KRISHNA CONSTRUCTION
VEND_1415A097,GRAM PANCHAYAT DARIMA
VEND_1606CDD2,NAVYUWAK MAJOOR SAH SANTHA
VEND_C6CE942E,VIJAY RAMESHRAO BELAGE
VEND_731D1DE9,JAI SHREE BHAWANI INFRASTRUCTURE
VEND_4F4FB29B,ATHARVA ENTERPRISES
VEND_09509EBE,RAJENDAR PANDEY CONTRACTOR
VEND_CD30C029,RAJSHREE CONSTRUCTION
VEND_EFA9C0B8,TAHASILDAR BEGUNIA
VEND_5672EC3D,SOUMITA ENTERPRISE
VEND_5E3FC867,MRUTYUNJAYA DAS
VEND_DDC0C909,MAA RAMAWATI CONSTRUCTION
VEND_4F63B492,GUNDALA JAM GRAM PANCHAYAT
VEND_F5D332FD,B S ASSOCIATES
VEND_D7EE5405,TEJA TREADER
VEND_85828EC8,SUSHILA MEENA
VEND_2EEF4594,GRAM PANCHAYAT GODAHI
VEND_DD03C654,RAMESH RAI
VEND_FFC3952E,SHERPA ENTERPRISE
VEND_26B81803,GRAM PANCHAYAT DOHANA
VEND_6E3C8AC4,THE JAI DURGA COOP L AND C CONS SO LTD PILNI
VEND_BDB91FED,NANDLAL
VEND_328765DD,DABUR ENTERPRISES
VEND_7EF02AE8,GP KARSAI
VEND_7D4D63AF,JORAWAR SINGH AND SONS
VEND_77D4FD96,E NATARAJ
VEND_4D309586,BAKHARLA GRAM PANCHAYAT
VEND_4E9F2EA7,LOHIT SONOWAL
VEND_BC28833C,ARPAN ENTERPRISE
VEND_F7895ADA,LAISHETTI VENKATI
VEND_3290EC9A,GRAM PANCHAYAT KASOR
VEND_9F0ACEC6,GRAM PANCHAYAT PIPLAV
VEND_1C940788,GRAM PANCHAYAT PALOL
VEND_FAD8142F,GIREESH PANDU RATHOD
VEND_451D8CFC,GRAM PANCHAYAT KOTHAVI
VEND_13541E98,MUNA LAL MASSEAN
VEND_14A6CAD8,TUKARAM HANAMANT DALAWAYI
VEND_5057B44A,AKSHATA AJIT KHEDEKAR
VEND_14816521,HUSANAPPA S MADAR
VEND_72408520,SANDEEP CEMMENT STORE
VEND_DBCDC05E,GRAM PANCHAYAT BANTVA
VEND_B7715104,SRI LAKSHMI NARASIMHA ENTERPRISES
VEND_D0EF7A3A,GRAM PANCHAYAT BHADKAD
VEND_A8347E05,RGM ENTERPRISES
VEND_3F99E505,VIKRANT ASSOCIATES
VEND_75DA2B82,GRAM PANCHAYAT DALI
VEND_27A00790,GRAM PANCHAYAT MAGHROL
VEND_86F63922,GRAM PANCHAYAT BARMANI
VEND_E75FF3D4,GRAM PANCHAYAT BARHAI
VEND_40A55D8A,BHADRESHVAR GRAM PANCHAYAT
VEND_938F5B1C,MATADI MARBLE AND TILES
VEND_8D9A02C3,JAVED AHMAD
VEND_9E516AEA,RAJENDRAN A
VEND_68EDFE11,GRAM PANCHAYAT KHADKUI
VEND_72351D9A,GRAM PANCHAYAT WAGLAWAT MOHANIYA
VEND_4FC2C976,GRAM PANCHAYAT PANDRER
VEND_B0F7F999,P D CONSTRUCTION
VEND_EDF4A0C0,JANARDHAN S C
VEND_76FE9941,ARORA ENTERPRISES DASUYA
VEND_1EC90AC5,V LAKSHMIPATHI
VEND_CB7FFD24,MANISH RAI
VEND_82AE449B,BRAHMANND EDUCATION ACADEMY INTER COLLAGE
VEND_70103356,MALATI ENTERPRISE
VEND_A940E17F,GREENS CONSTRUCTION
VEND_A49026BD,KULWINDER SINGH SO MAHINDER SINGH
VEND_7882DFE7,PARKASH SINGH MISTRI SO MAHINDER SINGH VILL KALUWAL
VEND_BE5DBB80,AK ENTERPRISE
VEND_ED77F715,STRUGGLE CONSTRUCTION
VEND_BB4F335E,DULAL CH SANGMA
VEND_E7422B28,GRAM PANCHAYAT KHIRKHIT
VEND_20FF8290,HRISHIKESH VIJAY CHORE
VEND_7C3D98EA,GRAM PANCHAYAT MAANPUR
VEND_F1AD7151,EDD 1 HARDOI
VEND_114B3BBE,GRAM PANCHAYAT GAJORA
VEND_3D7B0C45,MULTI PURPOSE TRADE CENTRE
VEND_044904A9,DONBOSH N SANGMA
VEND_B3F750AC,GRAM PANCHAYAT BADRAKHA
VEND_2A5DC4CC,SANJU MOLLA
VEND_475B6357,EDD SAHABAD HARDOI
VEND_C3450596,BHAUMIK CONSTRUCTION
VEND_54D81CA3,13 FC GP JULWANIYA G P JULWANIYA
VEND_20D9F8E6,DASHMESH CEMENT STORE
VEND_7837C953,HATHROL GRAM PANCHAYAT
VEND_3080182B,GRAM PANCHAYAT DETHALI
VEND_55DB41A9,GP SAKOLA
VEND_3D08D950,GRAM PANCHAYAT DALOLI
VEND_EC0C2BC0,GRAM PANCHAYAT TRANJA
VEND_11C26F39,GRAM PANCHAYAT NANDOLI
VEND_EFD0AD98,GRAM PANCHAYAT SANDHANA
VEND_E5588F2D,ROYAL FURNITURE ELECTRICALS
VEND_0637E131,GRAM PANCHAYAT PALLA
VEND_BBA7D47D,GRAM PANCHAYAT ASHAMALI
VEND_398A8AFC,GP BELIYABADI
VEND_038D0AA8,GRAM PANCHAYAT BELHA
VEND_A8A6958E,PRAKASH SHETTY
VEND_E8C04BB3,GRAM PANCHAYAT HADWADO JANPAD PANCHAYAT SIDHI
VEND_F72B29FA,RUCHIR C MARAK
VEND_8B12A9A1,DEY ELECTRIC
VEND_4C49EABB,ASESAR SINGH CONTRACTOR
VEND_46CA4376,S RAVEEN
VEND_FA1E85A8,YOHAN ENTERPRISES
VEND_90C0BB7B,BALASAR GRAM PANCHAYAT
VEND_025C0302,BAJWA CONSTRUCTION CO
VEND_AAC33737,SAMBIT ENTERPRISES DOLPURA
VEND_4112493D,VETRI ASSOCIATE
VEND_CCB75711,BISWAJIT GHOSH
VEND_85606C58,AKSHAY SUNIL GAIKWAD
VEND_C981CAA7,PAMOL GRAM PANCHAYAT
VEND_5FEC838F,MEENUGU ANJAIAH
VEND_765EE77C,GRAM PANCHAYAT DUGGABEBGAL RAJYA PRAVARTIT YOJNA
VEND_ADBD93FE,SACHIV GGEM PANCHAYAT BEHRAKHEDI
VEND_E1B158F3,GRAM PANCHAYAT AMBHETA
VEND_38EF94F0,GRAM PANCHAYAT DESHAD
VEND_FFA11365,GRAM PANCHAYAT KOTHA
VEND_B5940985,SEEHRA BROTHERS STEEL WORKS
VEND_5A67DF8E,ANITA TRADERS
VEND_97BB0B22,DHARA CONSTRUCTION
VEND_F7C32170,SRI KESHAV RAM PATEL
VEND_22450613,GRAM PANCHAYAT NANDIDA
VEND_2CA80584,GRAM PANCHAYAT MULER
VEND_8460FAB6,GRAM PANCHAYAT MOSAM
VEND_3CF3AE47,PARAMOUNT CONSTRUCTION PWD
VEND_B5B7C5BE,MS GADAHARI ENTERPRISES
VEND_E414CF8E,AKSHIT ENTERPRISES
VEND_0E0BB7D2,SARASWATI TILES
VEND_0D88F4F0,MITTAL IRON AND CEMENT STORE
VEND_86EDCB95,KANSAL ENTERPRISES
VEND_BA15FC35,SAMRAT CONSTRUCTION
VEND_E5ED55AE,SAMADON ENTERPRISE
VEND_F39A5579,MS DULAL DUTTA AND SONS
VEND_5D845D15,SATYENDRA KUMAR PRASAD
VEND_787E677F,SHRI RAM MURTI CONSTRUCTION
VEND_3AF8D311,THE NEW MODERN COOP LABOUR AND CONSTRUCTION SOCIETY LTD
VEND_E42DA23E,GRAM PANCHYAT FARHADA SGVY
VEND_9081605E,GRAM PANCHYAT CHAKARBHATHA SGVY
VEND_39F1B045,GRAM PANCHYAT KARUPAN SGVY
VEND_2E13CCA7,GRAM PANCHYAT DODA SGVY
VEND_288C8AC5,PK TRADING COMPANY
VEND_27E56CAB,SULABH DOHUTIA
VEND_B249B802,AJIT BHUYAN
VEND_6839CA8E,RAKESH TERANG
VEND_96CAF60C,JITENDRA AGARWAL
VEND_6D4EE721,PRIYA RONGHANGPI
VEND_D1ADF9BD,GRAM PANCHAYAT SIMROL SHU
VEND_9CCEA089,SEIKH MIRAJ
VEND_0088574C,JAGAN NATH DHARAM CHAND
VEND_6825FD24,RAJU SAHU
VEND_F1C7F493,MUJIBUR RAHAMAN
VEND_3EF20DD3,RATHIKA B
VEND_A067AF80,GAUTAM KUMAR
VEND_42D5828A,GRAM PANCHAYAT DUNGAR
VEND_497B37BA,GP KALIPITH JP RAJGARH
VEND_D6CC499A,HIMANTA GOGOI
VEND_9C58B2E6,T SHASHI KANTH
VEND_980A4696,DAKA RAJESHWAR REDDY
VEND_98609F0B,GRAM PANCHAYAT NANDOURA
VEND_1E401CD1,GRAM PANCHAYAT GHOGHARA
VEND_C1C3B5A7,VARULA SWAROOPA
VEND_B918F527,ASHUTOSH HANUMANT BALKAVADE
VEND_6096625B,GRAM PANCHAYAT MOHAMMADPURA
VEND_8E57B48C,PRACHI CONSTRUCTION
VEND_B62D6419,GP PUSPAL
VEND_B2A6B02C,PALON RONGPI
VEND_74FEB0AC,ABDUL SALEEM M
VEND_3C93DA09,THE MH CO OPETATIVE LABOUR AND CONSTRUCTION SOCIETY LTD
VEND_9F08195A,MOOKAMBIKA CONSTRUCTIONS
VEND_2D21855B,SADGURU SAI INFRA WORLD PVT LTD REWA
VEND_2754B601,THE MP STATE AGRO IND DEV CORP LTD SHEOPUR
VEND_04706C86,GRAM PANCHAYAT HALDHARU
VEND_042ECCFA,NEERAJ ELECTRICALS
VEND_20204748,BALA JI AND COMPANY
VEND_17C0A5E9,SAMAGRA SIKSHA GOVT HMS KATAIPALI C
VEND_74DE27A2,KALAIYARASAN
VEND_09F229B0,MARKFED
VEND_62BF1165,KALAIMAMANI
VEND_B93A3C50,SAMAGRA SIKSHA GOVT HSS GIRLS GHARGHODA
VEND_FB40112E,CH CHATRAPATY MSS LTD DHARWANTA TQ GEORAI DIST BEED
VEND_2C4A544C,RAJIB SAIKIA
VEND_9C03775A,GOMATHI CONSTRUCTIONS
VEND_FD1E45DE,PAPAIAH DAMPETLA
VEND_C02B9010,SHREE CHHANYATI BRAHMIN MAHASANGH
VEND_9D68C657,BEIKHAITUA
VEND_27477A82,GOPI SINGH
VEND_33B60AC1,ST ENTERPRISE
VEND_238681EB,AKHILESH MOTORCYCLE PRIVATE LIMITED
VEND_B95F1731,MS OM SAI INTERPRISES
VEND_51EDC0DD,GP GHADWA JP JAWA REWA
VEND_DEED57AB,RADHA GOBINDA SUPPLIER
VEND_CA4F299B,HARJIT SHUTTERING STORE
VEND_A317B009,MAHIYAPUR GRAM PANCHAYAT
VEND_90BD4F6E,V NATHAN
VEND_DC119748,GRAM PANCHAYAT RAHAD
VEND_7C7992E1,UPENDRA TECH INFRASTRUCTURE AND SOLUTIONS
VEND_4AFD0DEA,CTRACE SOFT SOLUTIONS PVT LTD
VEND_98593D1E,MANU KRISHI UDYOG
VEND_96FF78CD,I CUBE SOLUTIONS
VEND_8D7CFE60,FRONTIM SOLUTIONS LLP
VEND_AEE507FF,FUNG PENG NAMCHOOM
VEND_7213D591,MUNINDRA KR NATH
VEND_27EB2FEF,PUNA RAM BORA
VEND_3A026F73,PUSHPRAJ SONSTRUCTION
VEND_5FCA7EC8,GP KATHBADODA
VEND_4278A4AF,GRAM PANCHAYAT JARAKHIYA
VEND_268480E2,GURU PRASAD PODH
VEND_607356E3,GRAM PANCHAYAT SONDKA
VEND_5EC155C4,BHAGANTI
VEND_87940D05,SUNIL SAHU
VEND_42C97C4C,MUKHRAM MEENA
VEND_9B011E76,CHHOTI
VEND_980D01FC,SNJANA
VEND_966D638A,GRAM PANCHAYAT CHOKI
VEND_2523B0E8,MAYUR GANPAT UBHE
VEND_DEA31954,DUGGASANI VIJAYAKUMARREDDY
VEND_7A5E9F22,GP DEOGAWAN
VEND_75B0ECDE,RAJARSHI DEV NATH
VEND_70678751,GRAM PANCHAYAT MUNGAPAR
VEND_4CCBD154,GRAM PANCHAYAT CHHINDA
VEND_44ACA8FC,B G TRADERS
VEND_9E4DE55E,GRAM PANCHAYAT DULAKHEDI
VEND_C3EDA981,GRAM PANCHAYAT MATAPADA
VEND_06488F2D,GRAM PANCHAYAT KARDAWAD
VEND_EA5891F4,GRAM PANCHAYAT JHAVLIYA
VEND_8CA44C19,GRAM PANCHAYAT PAREWA
VEND_4AA94FF4,GRAM PANCHAYAT RATAMBA
VEND_3C4D3A57,HARSHIT MATERIYAL SUPPLIER
VEND_EA1DC6CA,RAMKISAN MEENA
VEND_297693F6,SHRI KRISHAN MEENA
VEND_F8FE33F3,RINKU MEENA
VEND_87A6F5AB,TAMBOLI MOSIDDHIK
VEND_F461FE5A,GRAM PANCHAYAT KALAVAD
VEND_C5C20AE1,HC BEIMATHA
VEND_97320961,S DEBORY
VEND_4F934AC6,CHEEMA ENTERPRISES
VEND_9933A6C8,SHIV KUMAR CONTRACTOR
VEND_28C674BC,MEDI NANA MANDVADA GRAM PANCHYAT
VEND_66573235,BHUPINDER SINGH SO CHUHAR SINGH
VEND_C105D00D,MAHARSHI ARVIN BAL KALYAN SAMITI
VEND_ED2CE36E,LC LALRINCHHUNGA
VEND_7F9E5164,CL BUANGA
VEND_4677EB9A,BAWITLUANGA
VEND_6735A050,TENESI
VEND_00209E10,THANNGURI
VEND_30F64BBF,S BEIRAHROPHA
VEND_DE8A0E16,B VANLALHRIATA
VEND_C33B837C,THE L D COOPERATIVE LABOUR AND CONSTRUCTION SOCIETY LTD
VEND_4004864A,MS JANTA TILE COMPANY
VEND_DD25B6DF,ARUN KUMAR CONTRACTOR AND SUPPLIERS
VEND_6A4C4D2B,K YUVARAJ
VEND_6E0C800F,CHACHA BHATIJA CONTRACTOR SANGOD
VEND_01C9968D,NAVA DEVPURA GRAM PANCHAYAT
VEND_E6574B41,WAHKAJI SECONDARY SCHOOL
VEND_009233BC,PHLANGDILOIN DAY LP SCHOOL
VEND_D8770CF6,PHLANGDILOIN SECONDARY SCHOOL
VEND_2BE8C7F7,PYNDENWAR LP SCHOOL
VEND_2F1460EE,RAJIV KAMAN
VEND_95A8FD7A,NC CHHUATHA
VEND_C8ECF9E4,CH DUATSANGA
VEND_735BC69B,HELEN IRENE
VEND_39595AF5,PRESIDENT YMA
VEND_33437E68,PRESIDENT YCA
VEND_A2AE56FF,VEC BUNGHMUN
VEND_32913B1C,YMA NEW KHAWLEK BRANCH
VEND_7B6FB2F6,VYAS PHOTOCOPY AND STATIONERS
VEND_C136FD13,ATUL COMPUTERS
VEND_346E8EBB,CONST OF BUILDING FOR COMMUNITY CULTURAL ACTIVES AT JYOTINAGAR NEAR MAA MANASHA MANDIR
VEND_31CDD317,CONSTRUCTION OF COMMUNITY HALL AT JYOTI NAGAR MAHILA SAMITI JYOTINAGAR
VEND_19218C09,RAILTRO ENGINEERING PVT LTD
VEND_3E1EFC3D,NB HARDWARE STORE
VEND_AD22C139,PUSHPINDER SINGH
VEND_A9DF9327,BHAJAN SINGH
VEND_481CDAD1,MD RAZZAK
VEND_BA37767C,JAYA POOJARY
VEND_170BF09D,AVINASH TATYASAHEB KHAMGAL
VEND_B9C11751,MAGAN CONSTRUCTION CO
VEND_0607098E,GRAM PANCHAYAT UNDACH VANIYA FALIYA
VEND_2CED8FC6,YAMANAPPA R MADAR
VEND_C6C28E65,GP KHAMRAUDH
VEND_0A64D392,JITENDRA VISWAKARMA
VEND_2A1E223E,SDO GOPAL NAGAR TECH GOPAL NGR SUB DIV PSPCL EAST DIVISION
VEND_44419D62,MO RANJAN AND SONS
VEND_2B8E3889,KANISHKA ENTERPRISES
VEND_773452DA,MEELU CEMENT AND HARDWARE STORE
VEND_5E2E5A2C,SAHIL TRADING CO
VEND_05B22033,MANOJ KUMAR BKO
VEND_D7AC15E3,HARYANA RENEWABLE ENERGY DEVELOPMENT AGENCY HAREDA
VEND_FC1AD0A3,VISHAL CHAUHAN
VEND_DAD3BC96,PSK SANTOSH PATRO
VEND_51A624CF,BANIBRATA CONSTRUCTION
VEND_66C64369,ADITYA GANESHRAO GAWANDE27AWDPT5004E1ZQ
VEND_38D168DD,MAULI VIGHNAHARTA CONSTRUCTION COMPANY
VEND_499D64C7,MS BALAJI ENTERPRISES
VEND_73987BAD,KUBER CONCRETE SOLUTIONS
VEND_E8214562,RABINDRA KACHARI
VEND_FD8F2285,SHRI SHYAM CONTRACTOR
VEND_2CBE32C4,NAVNIT SUDHIRRAO TOLEY
VEND_BAABBDEB,ROHAN S MUTNAL
VEND_E7825970,PATHFINDER ENGINEERS CO OPERATIVE SOCIETY LTD
VEND_F9EDEE3A,ZONAAL CONSTRUCTION
VEND_C00184B0,YOGESH KUMAR YADAV
VEND_28E605B4,SANGRAM RAMDAS PAWAR
VEND_1D335F6C,SRK CONSTRUCTION
VEND_1F1E6529,AMARJEET YADAV
VEND_5A098DEF,GRAM PANCHAYAT SAMARDAHA
VEND_9323865D,ANAND MAJUR SAHKARI SANSTHA LTD BHIMNAGAR KOREGAON
VEND_77FE36D2,BISWA RANJAN BORAH
VEND_5233A8B4,ABHILASH K U
VEND_D3672D7C,CH SWAPNIL MSS LTD
VEND_18BF10D2,BALLIRAM
VEND_C5F364FB,RAMLI
VEND_B14B1C18,ROOMA
VEND_A94120F7,RAKHI DEVI
VEND_1BB12241,PREM BRICKS INDUSTRY
VEND_795E67CF,ABBULA MALLA GOUD
VEND_ACB1773E,AEN AVVNL CSD I SIKAR
VEND_676C074D,SUDAMA DEVI SAVITRI BAI FULE BALIKA INTER COLLEGE ASHOK ANAGAR JEEVAT
VEND_789F5BF1,RAMCHARAN RAMAWADH SMARAK INTER COLLEGE BHIKHUPUR
VEND_E68020D5,GRAM PANCHAYAT ALSAYAKHEDI
VEND_178D8E62,CSE CONSTRUCTION PVT LTD
VEND_C15B8AC3,PODAMEKALA MANOJ KUMAR
VEND_122168B3,GP BHANAURA
VEND_DB5CDB96,ANAND SHANKAR
VEND_BBAC4440,GRAM PANCHAYAT BHELWADEEH
VEND_0B6FB325,RIHAN BUILDING MATERIAL AND SANITARY
VEND_6E91282D,THE GURU NANAK CO OP L AND C SOCIETY LTD
VEND_FFCE5A52,GRAM PANCHAYAT KOULINJA
VEND_C9952CD9,GADE RATHAN PRASAD
VEND_CEF39B45,THIRAVIDAMURUGAN
VEND_DE1ABCAC,SUMAN INFO
VEND_E4F0F619,SYMBIOSIS COMPUTER VISIONS
VEND_F5AD9239,SHREE COMPUTERS
VEND_70F792F6,JAHAJAVI
VEND_04F9462A,TASMEEN
VEND_59B1956C,ARIF KHAN
VEND_C7B5FB2D,ABBAS KHAN
VEND_1D17421A,NASREEN
VEND_B00AD9D7,PARVEJ
VEND_A4F4BA81,AJEET GURJAR
VEND_3DD22420,SUKARAM
VEND_B632DDF2,CHANDER
VEND_A7BD7BF1,RIHANA
VEND_D1B4DB6A,ISTAQ MOHAMMAD KHAN
VEND_1BC5D6BF,JANNATI
VEND_9934212A,DIBASINI SABAR
VEND_77E89EB4,GHUGHRALA GRAM PANCHAYAT
VEND_1A9A27D9,CHARKHA GRAM PANCHAYAT
VEND_AE7D179F,UNITARIAN HIGHER SECONDARY SCHOOL PURIANG
VEND_18FF1F0B,BALVIR SINGH SIDHU
VEND_C9837D56,THE NATHUSARI CHOPTA COOP LC
VEND_4A668755,ANKIT SINGH CHHAUHAN
VEND_3EC81C31,KARAN TRADING COMPANY
VEND_318A09F5,JINGSHAI BARIT LOWER PRIMARY SCHOOL
VEND_096247DE,EEEDD MURADNAGAR
VEND_9DE57DBC,SAMAJ SEWA NYAS
VEND_C91827BF,KRIDL BHUSIRI ACCOUNT
VEND_E285124B,HAKIMA BEGUM
VEND_EE265584,DHOLAVANI GRAM PANCHAYAT
VEND_3886CB57,KALKI MADHAW HARDWEAR
VEND_E0A4939D,ADIIVE TECHNOLOGES PRIVATE LTD
VEND_48D5D269,NIRMAL SHARMA
VEND_99F8C15C,SRI MAHALAKSHMI BLUE METALS AND CONSTRUC TIONS
VEND_6FAB6C3A,NARESH GORE
VEND_54C1A444,AGARWAL ENTERPRISE
VEND_A2903006,JATINDER PURI
VEND_2BC35B33,BISHNU PEGU
VEND_4D2FD54B,GRAM PANCHAYAT SHIKARPURA JANPAD PANCHAYAT NALCHHA
VEND_B21374CF,SANT RAM
VEND_A344A152,SHARIPH KHAN
VEND_F657F4A6,SAMMEEN
VEND_18CA3740,HARADAYAL
VEND_C4D1714C,SSS CONSTRUCTION
VEND_7B942F81,DABHODA GRAM PANCHAYAT
VEND_BFF527EC,R PANDIYAN
VEND_564F6F3D,HEMANTA DAS
VEND_D4BCC060,MEVDA GROUP GRAM PANCHAYAT
VEND_405FA7B0,THE SHREE PARBHU RAM COOPERATIVE LABOUR AND CONSTRUCTION SOCIETY LIMITED
VEND_3E484B1B,ANNAI ELECTRICALS
VEND_632657D4,GURCHARAN AGRO INDUSTRIES
VEND_E40431AC,BAXIPUR GRAM PANCHAYAT
VEND_C94813AA,DEVARAJ
VEND_2B1D0B2C,BJ TRADERS BRICKS AND TILES MANFUFATURES
VEND_053BD260,MS HARI OM KRISHI FARM SURAT
VEND_61201B73,KHUSI ENTERPRISE
VEND_3206278C,DIXA BISHT
VEND_70BA6AC5,DHARMESHKUMAR BABUBHAI PATEL
VEND_A6682405,BOMMAI ZILLA NIRMITHI KENDRA
VEND_FB7290A2,ISHWARBHAI R PRAJAPATI
VEND_D327813A,DINESH SINGH MASSEAN
VEND_92FCE4E9,KASHMIR LAL MASSEAN
VEND_882ADC2A,GRAM PANCHAYAT MASIYARI
VEND_E5D055A0,EASHWARAN ELECTRICAL WORKS
VEND_AC026EF8,SAGAR MANSING SALUNKHE
VEND_02A1C173,GRAM PANCHYAT SIMALIA
VEND_4237C570,JATINDRA ENGINEERING CO
VEND_8DB234DC,BASKARAN PERUMAL
VEND_7189E15A,K THIAGARAJAN
VEND_2F4B9F36,RADHIKA SAINI
VEND_A024A90C,KISHORI SAINI
VEND_D1A72B44,CHANDRA KANT SAINI
VEND_AC1E4AE0,CHANCHAL KUMARI
VEND_8253737D,JASPAL SINGH SO DHANA SINGH
VEND_F14EEDF4,SINGLA SALES CORPORATION
VEND_06FA1DE5,CHURIK A MOMIN
VEND_55E0A0C8,K JAGANMOHAN
VEND_53659A39,POWER FITNESS
VEND_38CC5445,JATINDER KHAJURIA
VEND_3F3D435B,MOLLA SAFIKUL ALAM
VEND_8A4B1444,BABA TRADERS
VEND_AC8DFD05,SARAPDAD GRAM PANCHAYAT
VEND_EC5362BF,VENDER MESRS PATEL DEVILAL UDHVAJI SURAJGAV
VEND_41526EC7,SRISHTY INFRA
VEND_4197E300,RAJASEKAR V
VEND_BAE0B48A,AMODARA GRAM PANCHAYAT
VEND_C096BC9B,HARYANA COMPUTER
VEND_29BEBD43,DHAN GURU NANAK TILES HUB
VEND_D694DE44,MALGANI NARENDER GOUD
VEND_D81E3FA2,YEDIRE SRISAILAM
VEND_417862CA,N K TRADERS
VEND_FEA933EB,GRAM PANCHAYAT SUNGAL
VEND_214E58DC,GP PIPLIPADA
VEND_DE4CCF53,SACHIV GRAM PANCHAYAT SHAIL
VEND_5568932C,GP AMARPURAKALAN
VEND_E5D1A399,GP KARBALKHORA
VEND_F5693834,GP RATANGARH
VEND_B564697A,GPKALKACCH
VEND_5BFAA695,GP CHIKANI
VEND_A7AD757B,S M BUILDERS BHAGYANAGAR
VEND_D91F7B6C,HARVINDERJIT SINGH
VEND_D45DE1EA,G KUMAR
VEND_6E2AA16F,MS H K CONSTRUCTION
VEND_352A54E3,AKREETI CONSTRUCTION
VEND_A84B3342,MADHUPUR GRAM PANCHAYAT
VEND_7D7AEFF8,GP KHODRI
VEND_79B07C1D,YOGRAJ BUILDERS AND DEVELOPERS
VEND_F49B4063,RASU
VEND_A69FBA53,RAVILLA SWATHI
VEND_D8F24341,PROGRESSIVE CO OPERATIVE LABOUR CONTRACT AND CONSTRUCTION SOCIETY LIMITED
VEND_C03D1D19,SAMUI ENGINEERING AND CONSTRUCTION
VEND_4CCC4C4B,JNS ENTERPRISES
VEND_A83F9C7D,GRAM PANCHAYAT BASIYA BHOTI
VEND_EED1BC9D,GAUTAM BUDDH
VEND_6159D37D,SARPANCH GP BAMORI
VEND_A5F5966F,SANKALP INFRA
VEND_C9879579,ISRAT CONSTRUCTION
VEND_F18FB441,SARVODAYA INDUSTRIES
VEND_F7043EA2,HARIRAM CONSTRUCTIONS
VEND_0B4D588D,DELIGHT TRADING COMPANY
VEND_3601B374,SHYAM ENTERPRISES
VEND_52D1260C,MS KIRAN BALA BKO DAFFAR
VEND_D7DACDAE,GAJULA SUDHAKAR
VEND_A1945002,GRAM PANCHAYAT TRONKALA SFC
VEND_9D22803D,M MOHAN
VEND_AE2A98FD,D D ENTERPRISE
VEND_83E25CB4,MS SHRAVAN KUMAR YADAV
VEND_122D454C,JAI SHREE RAM ENTERPRISE
VEND_74BF655E,RAJAT ENTERPRISE
VEND_475CACE9,GP KUNDIYAPADA
VEND_43596E6E,AARTI ENTERPRISES
VEND_D469973E,8.03105E+11
VEND_EDB6EA34,NIRAJ SHARMA
VEND_566C5F4C,P SUJITH REDDY
VEND_E30CF11B,GRAM PANCHAYAT PANDHANYA JANPAD PANCHAYAT DHARMPURI
VEND_260612F1,TOIJAM DEBANANDA SINGH
VEND_CE47C239,GRAM PANCHAYAT BIKHRON JANPAD PANCHAYAT DHARMPURI
VEND_D7C9B62C,GRAM PANCHAYAT PUTARRA
VEND_22F69584,ACME ENTERPRISE
VEND_CE728636,LAXMISHANKAR PRATHAMIK VIDYALAYA
VEND_AFFA8901,MS RAJINDER SINGH
VEND_C7805747,KANG BRICKS
VEND_A3477B65,CHARBHUJA E BIKES
VEND_90A6B4AC,VAISHAK
VEND_68BE11F0,GOGAJI CONSTRUCTION COMPANY
VEND_55FF3552,MS SATYAM ENTERPRISES
VEND_5EFE1C0E,LAXMI ENTERPRISE
VEND_73442459,BRIGHT INFOSIS
VEND_4E973500,SAWARAN SINGH 93735
VEND_807CA756,TERSEM LAL LABOUR 93735
VEND_FA662E21,PAWAN KUMAR LABOUR 93735
VEND_D6960DDE,KULDEEP LABOR 93735
VEND_2F24FC76,SUNNY CHAUDHARY LABOUR 93735
VEND_E812A333,BAHADUR SINGH LABOUR 93735
VEND_21536E91,LAL SINGH LABOUR 93735
VEND_630F0653,GRAM PNACHAYAT PREMPARA
VEND_442F1EA3,GRAM PANCHAYAT PECH KI BAORI
VEND_F87F13FF,PRIORITY AUTORIDERS PRIVATE LTD
VEND_6B76A74C,GP DADHWA JP RAIPUR KARCHULIYAN REWA
VEND_923C06A9,RUBY ENTERPRISE
VEND_4FA26F97,SPORTS ORBIT EVENTS
VEND_B60CD8B3,KR INFRA
VEND_CE41F1F6,SRIDHAR RAM TRIPATHI
VEND_1DE01F20,GRAM PANCHAYAT SAMARUMA
VEND_C23A56B9,GRAM PANCHAYAT LOHDAPANI
VEND_81B7AB82,KESHARPURA GRAM PANCHAYAT
VEND_8407E8AA,GAMBHIRPURA GRAM PANCHAYAT
VEND_079CE4A9,ASSISTANT ENGINEER BAC RANKA
VEND_A475287C,KINOD KUMAR
VEND_08E6C942,DINESH BISWAS
VEND_02CC7361,MALASIKA GRAM PANCHAYAT
VEND_CB27032C,CHANDIGARH STONE CRUSHER
VEND_D3DA0EE9,GUPTA TRADERS
VEND_26C61252,BHARAT BRICKS UDYOG
VEND_73A1BB39,MOHAMMAD ASLAM
VEND_225CC10B,SHAHEEL
VEND_F5C4AA8F,IRSHAD
VEND_83A75F0B,HARSHIT
VEND_DC7671CC,MAA CHINTPURNI BUILDING MATERIAL
VEND_29227953,TALIB
VEND_0367886B,TANJIM
VEND_F5C5ECC5,AKARM
VEND_308A3820,MAYANK
VEND_7F1F1281,IFTEKHAR UDDIN
VEND_FC552BD2,PURNIMA CONSTRUCTION
VEND_E7DE067F,SHRI NABIN TUDU
VEND_2E94062F,CONSTRUCTION OF OPEN COMMUNITY HALL AT BHAKARPARA KHILLAMARA ANCHALIK BIHU FIELD RANGJULI
VEND_1DF8F2B0,CMO KOLARAS
VEND_4A2F3B50,AMAR MANGAR THAPA
VEND_87552EBD,SRIDHAR G BANNIKOPPA
VEND_F9D81528,UNITED ENGINEERS
VEND_BDC4C796,NAVESH KAPIL
VEND_AFF43B7E,VIKESH KUMAR
VEND_B63F53F1,GAURAV KAPIL
VEND_C81A47FC,BHATIYA GRAM PANCHAYAT
VEND_A9750780,SUMAN PRADHAN
VEND_45520E9E,NOSHA D SANGMA
VEND_F7F987F4,MOHAN KUMAR H
VEND_125C64D8,JANATA MAJUR SAHAKARI SANSTHA MARYADIT KUPWAD
VEND_37A5762A,ABDUL MAJEED K
VEND_98AF18A8,K SURESH
VEND_F4495429,GP BHALETA
VEND_0B73E66E,TECHNO SOLUTIONS
VEND_72F0DC77,MOYAD NATHAJI GRAM PANCHAYAT
VEND_B4C0DC2A,SONPARI GRAM PANCHAYAT
VEND_24F0637A,G V CONSTRUCTIONS
VEND_B212A963,DONTHI PAVANI
VEND_0BC8CFB9,KUSHAL N J
VEND_01D857C6,KOUNDINYA
VEND_CB3B44F0,SANKAL T JUTH GRAM PANCHAYAT
VEND_13DD1019,SOHLONG LP SCHOOL
VEND_C4623EF6,DEEPAK RATHORE
VEND_DDCDF16A,SHANTI CONSTRUCTION COMPANY
VEND_D397CC6B,GURBIK TILES
VEND_7AAC2358,SOHI TRADERS
VEND_FE914AE1,PACHHTARDI GRAM PANCHAYAT
VEND_483F0022,EXECUTIVE OFFICER MUNICIPAL COUNCIL NURPUR
VEND_F6361D96,SARPANCH ENTERLOCK TILES
VEND_EDF2139B,K SRAVANTHI
VEND_E35E3E83,KALICON ELECTRICS
VEND_1BA9919F,GP KALEEND
VEND_1A3B3CEA,GP KUCHWADA JP UDAIPURA
VEND_D4B694D5,AKASH UNNIKRISHNAN
VEND_D400E671,SHRI BALAJI ENTERPRISES
VEND_89F792B8,KHIRDHAR GRAM PANCHAYAT
VEND_1A2D991A,HIMACHAL ELECTRIC CO
VEND_975C7C50,BURDAK CONSTRUCTION COMPANY
VEND_9AD6AE6E,DHAVA GRAM PANCHAYAT
VEND_C66FAF52,GRAM PANCHAYAT PACHER KHAS
VEND_5F9661F1,SANWARIYA
VEND_5EE723D3,MS BUL BUL ENTERPRISE
VEND_7B163F07,BANSHI CONSTRUCTION CO
VEND_D5BF9A9E,PRUTHIVRAJ PRAMOD BHAMBLE PRO PRUTHIVIRAJ BHAMBLE
VEND_0481AB98,INDRAN GRAM PANCHAYAT
VEND_6CC4CC7E,SUMARKYNTI SWER
VEND_3F7BA9D0,GRAM PANCHAYAT SAYKHA
VEND_574AFDAC,SHAREE RAM CONSTRACUTION
VEND_9D913230,GRAM PANCHAYAT VILAYAT
VEND_3FA3F6E9,GRAM PANCHAYAT KOTHIYA
VEND_DBEDF565,GRAM PANCHYAT KHOJABAL
VEND_D804AEC8,R C TRADERS
VEND_11FAE1C8,CONSTRUCTION OF OPEN COMMUNITY HALL AT JYOTIGAON KANAKLATA MAHILA SAMITY KATHAKUTHI
VEND_6A836B3D,CONSTRUCTION FOR COMMON SITTING AREA AT DHUNUBHAGA
VEND_5A93385E,SANWARIYA ENTERPRISES
VEND_867E809B,GRAM PANCHAYAT MUDIYA
VEND_B7FA15CF,GRAM PANCHAYAT GORAKHPUR
VEND_E1AB0514,GRAM PANCHAYAT PASI
VEND_3A57AE60,SHAINE ENTERPRISES
VEND_E8C0E49D,GRAM PANCHAYAT TARATARA MATU
VEND_E07B9F59,PANDURANG SITARAM BHALERAO
VEND_7BC21A20,LUXMI HARDWARE STORE
VEND_A659BCC8,BHATEJA SONS
VEND_D90092E8,AVTAR MARBLES
VEND_AE626A2F,KHIMALIYA GRAM PANCHAYAT
VEND_8241C979,GRAM PANCHAYAT KADRO
VEND_B581BCBC,PRIME SPORTS SURF ACES
VEND_E26FCE91,MAX SPORTS FLOOR INDIA
VEND_3DA5C757,V RAJASEKARAN
VEND_7EE7AD67,RAAM SINGH
VEND_DE2C13BF,PALASH MITRA
VEND_A6381462,QUADRI SAYYAD JALAL ALI AHAMAD
VEND_56FBEE1C,CONSTRUCTION OF ADDITIONAL ROOM AT GOJAPARA ZAMAT COMMUNITY HALL DARAK
VEND_49E60BF9,ADHYAKSH GRAMKOSH SFC HATNARA
VEND_8EFF2A60,ADHYAKSH GRAMKOSH SFC DELANPUR
VEND_0736404D,ADHYAKSH GRAMKOSH SFC KOTHADI
VEND_D7149ADA,ADHYAKSH GRAMKOSH SFC MUNDADI
VEND_05FB65A9,INSTALIMB INDIA PRIVATE LTD
VEND_BEDDC257,CONSTRUCTION OF OPEN COMMUNITY HALL AT BAKAITARI ANCHALIK SHIV MANDIR
VEND_2510D308,KSHITISH KUMAR PATEL
VEND_4752E2D7,RITESH TRADERS
VEND_53BBFFE3,A STAR INDUSTRIES
VEND_0D55938D,SHAMSHER SINGH LABOUR UPPER BHAMBOTAR
VEND_1FD17516,SATNAM SINGH LABOUR UPPER BHAMBOTAR
VEND_4722DDAD,SANSAR CHAND MISTARI UPPER BHAMBOTAR
VEND_6676EF5A,MAKHAN SINGH YADAV
VEND_9B7E490E,MR METTRINSON G MOMIN
VEND_0A04142D,RENUKA MATA MSS SALEGAON NER
VEND_88632AF4,KAMAL HOSSEN MONDAL
VEND_3A2619AC,SUHANA CONSTRUCTION
VEND_F7A8FDBE,KAJEM ENTERPRISE
VEND_077E9DED,SNEH HYDRATECH ENGINEERING SOLUTION
VEND_3119C27C,SAMSER JUHA SEKH
VEND_A99012C9,CONSTRUCTION OF BOUNDARY WALL WITH IRON GATE NEAR PLAY GROUND OF GOALPARA EIDGAH FILED
VEND_726B61ED,CONSTRUCTION OF ADDITIONAL ROOM NEAR KUBRESWAR MANDIR AT MOISHKHULI
VEND_3EC53131,CONSTRUCTION OF ADDITIONAL ROOM AT MOISKHULI KHAMAR BIHU SAMITY DARRANGIRI
VEND_A7969DD8,MOYAD VAS RUPAJI GRAM PANCHAYAT
VEND_9A23FB3E,LUNVA GRAM PANCHAYAT
VEND_AF06CD33,SHANTAPPA CHANNAPPA BARADENALA
VEND_CB448ACD,CONSTRUCTION OF ADDITIONAL ROOM AT MOISKHULI KHAMAR BIHU SAMITY DARRANGIRI KUSHDHOWA
VEND_F80E022F,GRAM PANCHAYAT DOOGOLI
VEND_3E8483C4,GP BAMBAL
VEND_E76DC624,CONST OF BYE LANE NO 1 HOLLY HOME SENIOR SECONDARY SCHOOL ROAD
VEND_4A5BD3B1,SHREE AMARAPRA GRAM PANCHAYAT
VEND_0FB6F4A6,SARDAR ENTERPRISE
VEND_9AEA81AB,CONSTRUCTION OF OPEN COMMUNITY HALL AT TARUN SANGHA AT MORNOI
VEND_D51BA3A6,MR KANDRAI SARPANCH GRAM PANCHAYAT KANDRA
VEND_D44C0E0E,SIDCO
VEND_552C6B50,MURPHY THUMRAH
VEND_18B70B42,KHAN ENTERPRISES
VEND_42D913E5,MATRIX SOLUTION
VEND_DBC7704E,BOBBA LAKSHMI CHANDANA
VEND_F48074E8,KATPAR GRAM PANCHAYAT
VEND_83B85FD9,THE LEHRAGAGA CO OP L AND C SOCIETY LTD
VEND_F27963A7,HARMESH LAL ENTERPRISES
VEND_19575D32,LAROYIA BRICK KILN CHHOKRAN
VEND_AAEC69AD,RAJESH KUMAR PANDHI
VEND_8043CF11,PARAMADEVAN
VEND_5121BCC7,MITTAL BATH CARE
VEND_12A92252,VINAYAGHA CONSTRUCTIONS
VEND_82DC2C28,MITTAL MARBLE AND CEMENT STORE
VEND_C5DDA538,RANA BUILDING MATERIAL STORE
VEND_A1EE6240,MALTI SONS
VEND_913C23DF,MS GOYAL BRICKS
VEND_EDA1C384,GURDHYAN SINGH
VEND_3028DB2B,AVN CONSTRUCTIONS
VEND_CCEF59C9,ARVIND KUMAR PANDEY
VEND_B506007B,CONSTRUCTION OF BUS SHED AT TUKURA BORMOHAN
VEND_317ADBE4,CONSTRUCTION OF BUS SHED NEAR RONGSAI SALPARA LP SCHOOL AT BADHAPUR
VEND_A3722131,CONSTRUCTION OF BUS SHED NEAR ARUNJYOTI SANGHA SELAPARA
VEND_A7F265E3,CONSTRUCTION OF ADDITIONAL ROOM AT BARDAMAL COMMUNITY HALL NEAR LAKHI MANDIR
VEND_0F24C61E,CONSTRUCTION OF BOUNDARY WALL AT BADUNGDUPPA KALA KENDRA
VEND_8E9F58BF,SRI BHAGIRATHA SAGARA SANGAM
VEND_8A5D91E9,PRITHWISH ENTERPRISE
VEND_302EE7FE,SIDHESWARI CONSTRUCTION
VEND_8B6DA878,KUTUBUDDIN FAKHARUDDIN EZZY KUAA
VEND_CF5946F1,GRAM PANCHAYAT SURAJGAO
VEND_122517D2,MOHAN SHAW
VEND_C23ECE48,JAESH SINGH
VEND_E5536181,DHOLEKHAM GROUP GRAM PANCHAYAT
VEND_30DE0B60,SABITA ENTERPRISE
VEND_51E9F4C5,GPDHAGALI
VEND_8EFA85FD,TARAK KUNDU
VEND_6643E7B8,PROJECT AND MAINTENANCE
VEND_BF28F4A1,AB VENTURES
VEND_22DF44BD,ARUN ELECTRIC
VEND_C408CFF8,SHANTI CONSTRCTION
VEND_7B6EDFF1,MS RUDRA CONSTRUCTION
VEND_B3333A6B,LAXMAN LAL SUTHAR
VEND_53278ADF,MAHAVEER LAL
VEND_EAC704FC,K KOMURAIAH
VEND_640E5A50,GRAM PANCHAYAT MANDOTA
VEND_835F7503,THE OM
VEND_0C6EEA02,BOSS ENTERPRISES
VEND_2A39CB18,GRAM PANCHAYAT ZALANSAR
VEND_5AD0712B,SUSHANTA DUTTA
VEND_3E822400,S S N SCIENCE ACADEMY
VEND_B48FEC1C,GP DAGARDUA JP GANGEO REWA
VEND_77D50C50,SHRI GANESH MAJOOR SAHAKARI SANSTHA MARYADIT KHAMASWADI TALUKA KALLAM DIST DHARASHIV
VEND_B7034F75,GRAM PANCHAYAT ROYAL
VEND_60EA17FF,BANSAL HARDWARE AND CEMENT STORE
VEND_D5C44EAF,MAYANK SHREE
VEND_6701205D,SHRI HANUMAN CONSTRUCTION COMPANY
VEND_CC9C9919,SWARNATHAMMAL
VEND_906B7021,KS AND CO CONSTRUCTIONS
VEND_CBF09AD5,RUPPURA MADHA GROUP GRAMPANCHYAT
VEND_CD0B4BF3,PRADEEP KUMAR PRADHAN
VEND_33A301DC,GRAM PANCHAYAT TENTLA
VEND_D7567738,K ADHIKESAVAN
VEND_FC1CD11E,CHIRANJIB GHOSH
VEND_BB6A90A3,TAPATI PAL GHOSH
VEND_595D1F93,KABITA BISWAS
VEND_928F47DD,INDEX ELECTRONICS
VEND_FF60165A,KAPIL SINGH BAGRI
VEND_3EBF7DD4,MS GYANCHAND
VEND_E17F2EDD,GAURAV SUNIL MORE
VEND_D192E251,VEEKAY INDUSTRIES
VEND_E4265444,ABHAY NARAYAN YADAV
VEND_22A1C060,KRISHNA NAND MISHRA
VEND_07C64D92,KOTALI GRAM PANCHAYAT
VEND_552C5CDA,RAJ TILES AND SANITARY STORE UPPER BHAM
VEND_8A6BF549,AVTAR SINGH GLASS AGENCY UPPER BHAM
VEND_2F0DFEE0,KOCHAR HARDWARE STORE UPPER BHAM
VEND_13799FAC,PRESIDENT VILLAGE LEVEL COMMITTEE ANANTHASAMUDRAM GP PULLAMPET M
VEND_CA5E395A,MANPREET SINGH LABOUR UPPER BHAM
VEND_CE2F42E1,TARLOK SINGH LABOUR UPPER BHAMBOTAR
VEND_C2DBCB20,MAHANTESH BASAPPA GANIGER
VEND_D27D545B,NAVEENKUMAR VENKATESAN
VEND_485A2D9F,GRAM PANCHAYAT MONDLA JANPAD PANCHAYAT DHARMPUR
VEND_3BA2D37E,PAWAN TRADING CO
VEND_D8D5B1D0,NM RANDHAWA TILES CO
VEND_677FC6B8,GRAM PANCHAYAT JURTELA
VEND_302CBCEE,CONSTRUCTION OF OPEN COMMUNITY HALL NEAR BISAHARI THAN AT RANGJULI MAHAJANPARA
VEND_076E191E,HEERA BAI BAGRI
VEND_37262ADB,GANGADAS BANTU
VEND_EED0D491,MATHASURIYA GRAM PANCHAYAT
VEND_0789A9E2,SAHIL MOHAMMAD
VEND_44F895D9,MS CHAHAT TRADERS
VEND_0E2A8CEC,MOHAMMAD JAVEEDUDDIN
VEND_7902C8E1,SCIDEMIC INDIA PRIVATE LIMITED
VEND_D2F15EDB,RITESH RAI
VEND_434C48E6,HAZRA BUILDERS
VEND_750A1985,NANDITA ENTERPRISE
VEND_05FE80BE,SANDEEP WAGHMORE
VEND_C20E2361,SHIRIN ENTERPRISE
VEND_231257C4,ARJUN KUMAR SINGH
VEND_B14793B3,SHILAM SANTHOSH REDDY
VEND_EDDD4AB8,GRAM PANCHAYAT NANI
VEND_6711D0F2,MS BARE LAL
VEND_69260BA8,BATTINI SHANKAR GOUD
VEND_8B7046DF,SALKA ENTERPRISE
VEND_C9CBBFFF,PITLA SRINIVAS
VEND_83EDFC9E,GRAM PANCHAYAT DHEENGPUR
VEND_22EE62A8,B S CONSTRUCTION COMPANY
VEND_767757A6,ASHISH KUMAR SINGH
VEND_8F8069BD,RAJINDER KUMAR CONTRACTOR
VEND_8EB63EFF,SUNSHINE PROJECTS
VEND_AEBCC0B2,THE HARSIT COOPERATIVE LABOUR AND CONSTR
VEND_5E14C2AE,RV BUILDING MATERIAL
VEND_479196CD,MAHENDAR CONSTRUCTION COMPANY
VEND_B07510F7,GIRDHAR
VEND_6C483514,SGP KHUKHRANA
VEND_F4DBFC88,NAVEEN KUMAR K R
VEND_3ECEF1DF,MP STATE COOPERATIVE MARKETING FEDERATION LTD
VEND_79005762,SENDESH MOMIN
VEND_C71F47E6,GRAM PANCHAYAT DANGIDHANA
VEND_29EB4F72,SHRI SIDH INFRA
VEND_1AF85586,ARUN KUMAR MONDAL
VEND_916009FB,GRAM PANCHAYAT LIGHARI
VEND_84AAA6D7,TAPAS MONDAL
VEND_57F33BA9,DHIRENDRA KUMAR
VEND_9416589C,GRAM PANCHAYAT BAKORI
VEND_1DBFCD53,GRAM PANCHAYAT DONGARGAON ANDIA
VEND_9523B1F6,BOJADARA GRAM PANCHAYAT
VEND_6713BC3A,UMRA GRAM PANCHAYAT
VEND_EC74D7CE,BHODAR GRAM PANCHAYAT
VEND_7B732376,AJAY STONE CRUSHER
VEND_B51BCDE0,SACHIN KUMAR KOL
VEND_25F2A6D4,SHYAM SINGH
VEND_B5EDADFB,HT MEDIA LIMITED
VEND_B1E533C5,GOPU NYODU BASAR
VEND_FEE82FD8,BISHWESHWARI CONSTRUCTION
VEND_EA048B1B,PEJUM BASAR
VEND_5648E811,MPAGRO
VEND_C64C406D,DEVNARYAN ENTERPRISES
VEND_FE7C92AA,YOGENDRA ENTERPRISES
VEND_9BF4BF57,JASWINDER KUMAR SO RAMESH KUMAR
VEND_872BD540,DIVI GRAM PANCHAYAT
VEND_1ED3132A,GM CONSTRUCTIONS AND INFRA P
VEND_20CD6D65,A K ENTERPRISE
VEND_A0C0F622,SKINDER KUMAR
VEND_5D1820EC,RAM BHWAN YADAV
VEND_FC128445,SWANAND CONSTRUCTION
VEND_A1330A3A,GURUSHARAN CONSTRUCTION
VEND_11281FC2,ANIL KUMAR DUBEY
VEND_01AF2039,YMA KHUANGTHING
VEND_BB6FD9EF,KRISHNA KUMARI THEKEDAR
VEND_FD24C0F9,GRAM PANCHAYAT ITARWA
VEND_706B77FE,LOGTECH INFOWAY PVT LTD
VEND_9483DF57,GRAM PANCHAYAT KURWAH
VEND_D58CBD60,CHANDRA SEKHAR VADLA GURUMURTHY
VEND_6E1D5E13,AJIT MSS JALNA
VEND_708D3D9A,SHANDUKHAN
VEND_7A8E01F1,VERSATILE ENTERPRISES
VEND_B8FB037A,BHENSHKHETAR GRAM PANCHAYAT
VEND_DF408D6D,RAJEEV RANJAN JUNIOR ENGINEER
VEND_51EB7994,PARVDI GRAM PANCHAYAT
VEND_284B2540,MS AKASH CONSTRUCTION
VEND_BA15900E,HENTO KAYE
VEND_F9428CF2,EYUM BASAR
VEND_8172B368,IPE BASAR
VEND_167C9450,PRATAP CONSTRUCTION AND SUPPLIERS
VEND_03A34874,METROCONSTRUCTION
VEND_971233E9,KHAWBUNG YMA
VEND_ACEEE533,SHAMSUDHEEN K
VEND_478E6F23,YADUKUL SHIKSHA SEWA SAMITI
VEND_F71F36B3,GP PURWA CHH
VEND_3DA1E59F,GRAM PANCHAYAT VIJAPUR
VEND_08828795,GRAM PANCHAYAT SEVD BADI
VEND_48CDC8E3,OBEROI ELECTRICALS
VEND_3883FF7D,NEW GUPTA ELECTRIC WORKS
VEND_69382057,JAGLAN CONSTRUCTION
VEND_C2F84F15,BOYILLA VENKATESWARLU REDDY
VEND_26EAD1D0,BUDDE SAVITHRI
VEND_DB3DED08,JANARDHAN REDDY PALUGULLA
VEND_08D46672,JAIVEER SINGH
VEND_4D89A89E,VIJAYPAL
VEND_A0F523F8,VIKRIAM SINGH
VEND_FC2FC44B,MAN SINGH
VEND_8CF67418,SAURAV
VEND_97CFCE59,BHAGWATI
VEND_428A2846,RAHUL PRASAD
VEND_61F084B8,APSARA
VEND_730492CA,SHAILENDRA SINGH
VEND_87E3FC9A,NAURTAN
VEND_5B407B86,M B CONSTRUCTION
VEND_33C66D49,REJO MATHEW
VEND_0C4A7F2A,NEW GURU NANAK WELDING WORKS
VEND_9EB8A83E,BABA VISHWAKARMA CEMENT STORE
VEND_161A631D,JINDAL MARBLE HOUSE
VEND_987CE4A8,HARPAL SINGH
VEND_87A5C8F9,GURU NANAK SANITARY STORE
VEND_3232682F,GAJEWAS HARDWARE AND PAINT STORE
VEND_A565FB4D,DASHMESH ELECTRICALS
VEND_143C19F6,KALA RAM MANDAL
VEND_ED309F87,BALWINDER STEEL SHUTTERING STORE
VEND_29408F65,JAGDISH CHANDRA
VEND_C80B88B3,MP AGRO JABALPUR
VEND_795B95EB,ADARSH TRADERS MAJHAULI
VEND_6AB9FBFF,MD HANIP KHAN
VEND_CB3555BF,DISTRICT DISABLED SENIOR CITIZEN WELFARE OFFICER
VEND_DC2D4911,SEKH AYOB ALI
VEND_D0539095,MS GOLDY CEMENT STORE
VEND_5473D588,SOUMEN KUMAR DAS
VEND_FD36E1FC,ABL CONSTRUCTIONS
VEND_AFF870B7,SATWINDER SINGH SO BHAG SINGH
VEND_05E2B216,DMFT FUND
VEND_D2EF31C4,SAI ANU ENTERPRISES
VEND_42C768E6,GP CHHILPA
VEND_A49DFCAB,SARPANCH SACHIV GRAM PANCHAYAT HARIPUR
VEND_72D8B06E,EXECUTIVE ENGINEER DIVISION PHOOLPUR REVENUE
VEND_9957D25D,SANTOSHKUMAR MYAALAMANI
VEND_48A300D6,SAMALA SHIVA CHARAN
VEND_6556E32B,UPENDER KURELLA
VEND_A5E0DA83,NAGI BUILDING MATERIALS VILLAGE PASSI KANDI
VEND_6F281D86,PUNAM SABITA TETTE JE BISRA BLOCK
VEND_4FD1D255,GRAM PANCHAYAT RAYPURA
VEND_9D4FCBAE,GRAM PANCHAYAT GAMADI
VEND_413AC93D,LAXMI LAL TELI
VEND_09884120,ROOPSHANKAR PALIWAL
VEND_77F82DC7,PUSHKAR SUTHAR
VEND_A44860EF,LAXMAN PALIWAL
VEND_518D5F34,NANA
VEND_B94B1BB7,MOHAN SUTHAR
VEND_33BF173A,PINKU HIAL
VEND_CEE570E0,AMAR UJALA LIMITED
VEND_FB9A2719,SHALINI KUMARI
VEND_10F667B7,DB CORP LTD
VEND_D39FAD4F,EXECUTIVE ENGINEER ROAD DIVISION NO1
VEND_F6FFAEC9,JAGJIT PUBLISHING
VEND_2A9C9DAF,BENNETT COLEMAN AND CO LTD
VEND_177D69F3,ALICE DAI
VEND_5F7D3406,AR ENTERPRISE
VEND_2D0CD801,DOJIR DOKE
VEND_F91760CD,PULIKESI M
VEND_EFB5AF63,J P CONTRACTOR
VEND_AE85435E,HENME KAYE
VEND_0B7BB8E3,HENPU KAYE
VEND_A5B1A903,SARPANCH SACHIV GRAM PANCHAYAT PURAPOSER
VEND_32D3F69F,VC THEKPUI
VEND_D82DCC48,VC BUNGZUNG
VEND_44036360,MAA VINDHYAVASHINI ENTERPRISES
VEND_7379C1ED,AJI K
VEND_3D024CED,ANNAPURNA CONSTRUCTION
VEND_A76D4A69,VC LIANPUI
VEND_39DD97E4,MHIP KHUANGLENG
VEND_27DD203C,CC FOR CONSTRUCTION OF ROAD AT NAUKUCHI NALGEDERA KHETRI
VEND_D63D5BC1,JAYAVANTI DEVI
VEND_0A17DCFC,GRAM PANCHAYAT DHADHNI
VEND_0DDED875,VC KHANKAWN
VEND_F0E018A5,VC LEITHUM
VEND_AD7C29DF,MS JP CONSTRUCTION COMPANY
VEND_CF684A04,MAHAMMAD FARDUSH
VEND_82EB7226,YELMA KALYAN REDDY
VEND_E873890A,KALIYAMMAL JOTHI
VEND_BE0789A9,MOSA
VEND_16FF7523,K CHHALAI
VEND_512FEC16,RATNESH KUMAR CHHAJED
VEND_64142E1F,KANWAR ALI
VEND_BF966CAB,P SUDHAKAR REDDY
VEND_34481044,AADRAM PRAJAPAT
VEND_45B30C3A,BADRI LAL GADRI
VEND_C057EA02,DALU PRAJAPATI
VEND_631DB098,MAHAVEER GADRI
VEND_2E0E71DA,MAHENDRA GADRI
VEND_24CBA93A,RAJU GADRI
VEND_13E0667D,SAMPAT LAL SUTHAR
VEND_84E4AC6E,RAJU VAISHNAV
VEND_10261914,VINOD S CHAVAN
VEND_6FA79515,GRAM PANCHAYAT UMARIYA JANPAD PANCHAYAT DHARMPURI
VEND_B16D4127,MS RANJAN BROTHERS MIANI ROAD DASUYA
VEND_A86F88BD,MS CEE KAY TRADING CO BHATTI DA PIND
VEND_BA04B7B3,SIDHI LAL SO MUKHTIAR SHING MISTRI
VEND_AB975E15,BANDITA NAYAK JE
VEND_39D4CA0C,SIANG GARAGE
VEND_1A77E11E,GURUDATTA GAWANDI KAMGAR MAJOOR SAHAKARI SOCIETY LIMITED
VEND_D5C72271,MESRS CHIMANLAL
VEND_1999C7AF,THE BN CO OPERATIVE LAND C SOCIETY LTD
VEND_D4DBDDF4,BANAFUL GHOSH
VEND_885277A2,CHANDAN GHOSH
VEND_B6FBE74B,SEKH NASIRUDDIN
VEND_926E6312,SEKH GOLAMRASUL
VEND_CE5C9373,NASIRUDDIN MIRZA
VEND_1BEE63A9,MS RAGHUNATH THIKEDAR
VEND_8F02466F,BAHAUDDIN MALLICK
VEND_5B7BA9CF,REZABUL MALLICK
VEND_160BF9FE,THE SUKHMANI COOP L AND C SOCIETY
VEND_E5220E40,ABDUL MATIN
VEND_F8805C11,MD MIJANUR RAHAMAN
VEND_E9E14E02,MANSUKH ENTERPRISES
VEND_A757BFD8,SANKARDEV TRADERS
VEND_33093FBB,CHANDRANAGAR DA GRAM PANCHAYAT
VEND_07E15484,H K FABRICATION
VEND_92AFEC4B,VICKY DHANAULA CONTRACTOR
VEND_7B89D7C7,NANA DEVI
VEND_AE59759D,KIRAN KANAWAT
VEND_B62BEB90,RAHUL TELI
VEND_3BDBEB44,D BABU
VEND_FB06CD7A,SANTOSH KUMAR SINGH
VEND_8154A976,THANGAL KUNJU A
VEND_4F1A5D7A,PRATIK ARUN SATKAR
VEND_75D7BDBB,MAJI ENTERPRISE
VEND_9B5B5D3D,MPLADS
VEND_E73E4977,TAHASILDAR GHASIPURA
VEND_8D9583D2,GRAM PANCHAYAT CHATUAMAR
VEND_C9BDA63E,GRAM PANCHAYAT GUDA ANJANIYA
VEND_9CEB35C1,GRAM PANCHAYAT KINDRI
VEND_8F65D41C,SHREE KRISHNA ENTERPRISE
VEND_73A49B3B,LAUKESH KUMAR
VEND_408E9C69,SHIV SINGH
VEND_1C537AB0,REEKESH
VEND_5BC7F6DE,USHA KUMARI
VEND_937187C9,GIRDHARI LAL
VEND_28E1DF62,RAJESH KUMAR S
VEND_650BD97F,SKY SPEECH HEARING CARE
VEND_1FB1E625,R CHANDRASEKARAN
VEND_B8BF15CD,CONSTRUCTION OF RCC GROUND FLOOR AND FIRST FLOOR
VEND_4CBD3C4C,THE MAHAVIR SOCIETY
VEND_0875BA3A,GRAM PANCHAYAT BILDHAV
VEND_4A6BB27A,GRAM PANCHAYAT AAMET
VEND_04D861EF,JP CONSTRUCTION COMPANY
VEND_944CEDA1,GRAM PANCHAYAT PEWA
VEND_9263F027,MR MIHIR KUMAR TUDU
VEND_AA9C5900,INDRAJIT AMRUTRAO SHINDE
VEND_EE152A7C,MS MONDAL ENTERPISE
VEND_3B74DCB1,MS RITIK TILES AND TRADERS VILLAGE SAGRAN
VEND_131F1F82,ARUNPRAVEEN
VEND_B15CFCB7,R VENKATESAN
VEND_C61921B7,JS INFRASTRUCTURE
VEND_24225F8B,BL CONTRACTOR
VEND_20A1C251,GP ITARPAHAD JP RAIPUR KARCHULIYAN REWA
VEND_7CF087B3,MCK CONSTRUCTION
VEND_8A84DC33,18TH MP LAD
VEND_4FEE15EE,GRAM PANCHAYAT SAMNAPUR
VEND_503A3F1C,GRAM PANCHAYAT KANSKHEDA
VEND_81928DB4,GRAM PANCHAYAT PATPAR SINGARPUR
VEND_DEE3DEA1,GRAM PANCHAYAT GUJRI JANPAD PANCHAYAT DHARMPURI
VEND_42A02AB0,GUPATA BABA TRADING CO
VEND_0460E7CF,GRAM PANCHAYAT JHUROWAL
VEND_D27CFFCD,KHEM CHAND
VEND_374DBB80,KK PLYWOOD AND HARDWARE
VEND_396DDA61,BHAMRAH AGRICULTURE WORKS
VEND_F1F6431C,G P BAGAIN
VEND_ABD8A067,LALU CHOUHAN
VEND_85664B8C,B B ENTERPRISES
VEND_4B17E856,DHARI NAGARPALIKA
VEND_AB30326E,GRAM PANCHAYAT PAGARA JANPAD PANCHAYAT DHARMPURI
VEND_4AB777FF,GURALA SURENDER REDDY
VEND_AF98ADD9,MS GHOSH CONSTRUCTION
VEND_79F4A5A1,SURYA KUMAR
VEND_3EAA49B7,MANIRAM
VEND_F79CE23D,BIRBALRAM
VEND_5A0351F5,NIWAS KUAMAR
VEND_755C1B41,IMARTI
VEND_C4949699,IMAGINE MEDICAL SYSTEM
VEND_BFE63EAA,DAVY ELECTRONICS
VEND_CB016908,COMPUTER HUT
VEND_8132DF6C,FRONTLINE SYSTEMS
VEND_B227DF73,LUXMI SALES
VEND_B7425368,MITTAL TRADING COMPANY
VEND_0721E783,GOUTAM KARUAN
VEND_C2378CA1,INDAL PASWAN
VEND_472013D9,TREKOCITY
VEND_A82B0884,N SATYA NARAYANA REDDY
VEND_C690ED57,ALAMGIR SK
VEND_2C4FFC6C,THE BHARATGARH COOP LABOR AND CONSTRUCTION SOC LTD
VEND_5AEE8536,MRS SEEMARANI CHOUDHURY
VEND_D3C0A68C,A ONE ELECTRICALS AND HARDWARE
VEND_907339D9,PRABHU M BALIKAI
VEND_462BB1A4,NURAIN MIYAN
VEND_B85FE418,C MALSAWMSANGA
VEND_88C2BC3B,RO CARE CENTRE DODA
VEND_60095F1D,MANKIMA
VEND_87DB37E1,ST SELUA
VEND_DFA27CE5,REMMAWIA
VEND_3C9F3294,RUPINDER MARBLES
VEND_3E4A525C,MS R B CONSTRUCTION CO
VEND_1338D81B,JAGGA SINGH
VEND_6F14C83E,M J ENTERPRISE
VEND_AF15F1AB,PUBBI ELECTRICALS
VEND_CC30D8C3,SHYAMALI ENTERPRISE
VEND_0EC04EC6,KULWANT SINGH MISTRY
VEND_9A60A97F,RAN BAHADUR RAI
VEND_27FC518E,WELCOM BUILDING MATERIAL
VEND_7AFC1CFC,KOHLADI
VEND_A1C401CE,GRAM PANCHAYAT JHAMTA
VEND_3B043300,GRAM PANCHAYAT KHADBELI
VEND_D2ED4B33,GRAM PANCHAYAT BADOSA
VEND_5A589DAC,GRAM PANCHAYAT ULHAWADI
VEND_8F51DC6B,GRAM PANCHAYAT GWARIMAL
VEND_2B3518F6,GRAM PANCHAYAT GUMTRA
VEND_B6D065CC,G V KISHANCHAND
VEND_5099B488,NITISH TRADERS
VEND_224CD506,GRAM PANCHAYAT MALPURA
VEND_273C1E18,BANAVATH SANTHOSH
VEND_1325AE4A,SURYAKANT MAJUR SAHAKARI SANSTHA LTD
VEND_17359D74,ABDUL SALAM
VEND_CB6F4639,AKMAL KHAN
VEND_0837D16B,THE MODERN PUBLIC INTER COLLEGE SAMAISA MAHUL AZA
VEND_D99000E3,PRINCE MANHAS IRON STORE CHATHIAL
VEND_70258242,SANJIV HIGH TECH BUILDING MATERIALS
VEND_B27CEBE0,YARAGORLA VENKATARAMAIAH
VEND_EEC1A091,ETHAMUKKALA RAMBABU
VEND_515BA821,SEBASTHIYAR M
VEND_B0512101,PEOPLES SERVICE POINT
VEND_991F06F5,KABULI DEVI
VEND_E1E99D38,RAKESH KUMAR SAINI
VEND_BBF2C5FD,KIRODI LAL MEENA
VEND_03E46FC5,SHYAM MOHAN MEENA
VEND_FB5A82B1,SANTARAM SAINI
VEND_0A5D894E,GEETA DEVI SAINI
VEND_4CD5C507,BHAJAN LAL SAINI
VEND_CF7FBB36,KHEM CHAND BAIRWA
VEND_5ECB413D,CHANDRAKANT VIJAY
VEND_5523DB37,DHARAM SINGH SAINI
VEND_79204076,RAM NIRI BAI
VEND_DB7EC71D,KAMLESH SAINI
VEND_EB07D076,PAPPI DEVI
VEND_FFF6FEA9,GRAM PANCHAYAT SADRI
VEND_BDB609D3,DILBAHAR SEKH
VEND_2B42631B,ARUP KUMAR MONDAL
VEND_759F75C8,GRAM PANCHAYAT MALIYA HATINA
VEND_238F1C3D,SANLY INFRATECH PRIVATE LIMITED
VEND_4C7EF0BB,RAMA CHANDRA ROUT
VEND_5357491D,MAGGIDI CHINNA REDDY
VEND_05120C11,YUMI ENTERPRISES
VEND_DE64D408,AK ENTERPRISES
VEND_F2D72AE3,JAY MAA DURGE TRADERS
VEND_1C338E68,AMILAL KATKI
VEND_8C836C19,HADMATIYA GRAM PANCHAYAT
VEND_050EB32D,THE BANDH COOP LC SOC LTD BANDH
VEND_9BE0D25B,MONSON ISSAC
VEND_6388CD19,GP BHADIAN KOTHI
VEND_96927F08,JP CONSTRUCTION
VEND_278A022F,SUBENDU MONDAL
VEND_3D29AA16,SHANTI DEVI BRICKS UDHYOG
VEND_07CCF723,CH ONKAR MAJUR SAHAKARI SANSTHA LTD BHOOM TQ BHOOM DIST DHARASHIV
VEND_F11DA8F2,PRIYANKA YADAU
VEND_125922D0,ANSUL SUPPLIERS
VEND_57B0338A,SANDEEP ARJUN PATIL
VEND_287E293E,MEHROLIYA CONSTRUCTION
VEND_CD2CE35C,BAJRANG SUPPLIERS BORWAT
VEND_7E6EB405,AAVANI ENTERPRISES
VEND_E0BEBB4B,PUNAM DEVI
VEND_EDDE8EA3,MATWARI DEVI
VEND_553CE719,RINKI
VEND_78BC2AD9,DHARMENDRA NAIK
VEND_0C907F15,VEERAMUTHU K
VEND_9F938AD4,SANTRA
VEND_86AA9486,RAMDHAN
VEND_D9018018,SANTOK
VEND_0503510B,RAMPYARI DEVI
VEND_9D35BEBA,CHNTA DEVI
VEND_FE80A419,JHANA DEVI
VEND_AA8ADDA6,RASHAL DEVI
VEND_345C1816,GHISHA
VEND_AA59C98E,RAMRAJ
VEND_B651B0E4,SUNIL SHRAWAN KUMAR
VEND_0257ACD5,MADAN
VEND_C82C2458,VISHRAM
VEND_8FE6EAFC,SRUNGARAM NARENDHAR
VEND_4CF37462,MS VIKRAM SINGH
VEND_444ED0F8,HOODA CONTRACTOR AND TRADERS
VEND_23909FEA,BDO SURANI
VEND_04C399CC,PARVESH
VEND_9341150D,RANA STATIONERS
VEND_0E67235A,RUDRESH VIJAPUR
VEND_A9EE3EA3,RASU AGENCY
VEND_405B9044,MS KISSAN BHALAI KENDRA DASUYA
VEND_1C3C9F30,MAHADEV CO COMPANY
VEND_12E8A130,GRAM PANCHAYAT SANKLI
VEND_66D114B7,UNDAWA GRAM PANCHAYAT
VEND_44095AB2,PHILIP THAPA
VEND_1A1C6963,VIJAY ENTERPRISES
VEND_964AE797,SANATHALI GRAM PANCHAYAT
VEND_789F552F,BIJOY KRISHNA SUPPLIERS
VEND_190AF63B,DREAM CONSTRUCTION
VEND_78E76EC0,ANGUN ENTERPISE
VEND_907884A5,GP CHHULHA
VEND_D5BFC9B8,MILAP SINGH
VEND_240AB1F3,GRAM PANCHAYAT CHARTORIYA
VEND_9A056708,EST CONSTRUCTION
VEND_B72837BE,MOBILITY KART
VEND_6466C98F,ABHIMANYU SAHOO
VEND_D25C463E,GRAM PANCHAYAT PIYAVA
VEND_4C767B77,GRAM PANCHAYAT HARIPUR GIR
VEND_DE65DEC5,GRAM PANCHAYAT ZANZESAR
VEND_1D508F06,VARKHADIYA GRAM PANCHAYAT
VEND_4D74599C,CONSTRUCTION OF COMMUNITY HALL NEAR CHARANTOLA KALI MANDIR AT DHAMAR GAON
VEND_5409E460,CONSTRUCTION OF COMMUNITY HALL AT THARKA BAZAR NEAR KALIMANDIR JOYRAMKHUSI
VEND_0FDB9E3D,CONSTRUCTION OF ROAD FROM HARIMURA BAZAE TO BIJAY HAJONG HOUSE AT PATALPUR
VEND_A5C60499,DHANASEKARAN K
VEND_D90A1DB2,CONSTRUCTION OF ROAD FROM NARAYAN KALITA HOUSE TO SABIN BORO HOUSE
VEND_C1466158,RAMESHWAR
VEND_9AF0A6DF,BHAGWANDEI
VEND_19567E47,LOKESH KUMAR SAINI
VEND_C51543B7,KIRAN DEI
VEND_6335F243,PURUSOTTAM DAS SAINI
VEND_E490DA4A,RAJENDRA SAINI
VEND_2274B791,BHUPENDRA KUMAR SAINI
VEND_F5A68369,RAMKISHOR SAINI
VEND_10429EBE,PREMWATI
VEND_CD71B2DD,OM BUILDCON
VEND_B1066DE6,THE MAHESHWARI CO OP LC SOC LTD KKR
VEND_EB6E69B5,RAJEBUL
VEND_B49B6178,MOHAMMAD YASEEN
VEND_0D834DCA,SAMPANGI NARESH
VEND_D717CC20,OISHI MULTI SERVICES
VEND_D372A685,KATKAM GANGA RADHA
VEND_EBB26729,BHALUHA KOTHAR JP HANUMANA DIST MAUGANJ
VEND_EA8AED24,PRASAD ANANTA NIVANGUNE
VEND_026CC925,MAHIYAL GRAM PANCHAYAT
VEND_02173482,SALATPUR NANISIHOLI GRAM PANCHAYAT
VEND_248801F0,DHAWA TIWARIYAN JP HANUMANA DIST MAUGANJ
VEND_4E3CD889,SAGHANKALA JP HANUMANA DIST MAUGANJ
VEND_9A5811EC,M BRABAKARAN
VEND_C69A2BCB,MIZO ZIRLAI PAWL GEN HQRS
VEND_8506DEF5,CHUNDAWAT SUPPLIERS
VEND_41767E6A,CC FOR PIYALI PHUKAN NAGAR
VEND_12817E4D,MADHIYA GRAMPANCHAYAT
VEND_72672962,BHATTACHARJEE AND COMPANY
VEND_05B87507,CHAVAND GRAM PANCHAYAT
VEND_BE626EF3,SHAKHPUR GRAM PANCHAYAT
VEND_C6E70A51,SARASWATI SHISHU MANDIR HINDORIYA
VEND_23BDC96E,ARUTLA RAMESH
VEND_B0134E38,PONNAM ANJAIAH
VEND_4A28DE8E,KUMBHAN GRAM PANCHAYAT
VEND_B044AFF0,MUNIN CHABUKDHORA
VEND_E13A46F7,YUVARAJ A
VEND_45603AE6,ANKHOL GRAM PANCHAYAT
VEND_08D9E549,ASSOCIATION FOR VOLUNTARY BLOOD DONORS
VEND_C5ADCF87,BHUMI SREE TRADERS
VEND_9CA5105E,GOLAM SAROWAR
VEND_A2B41663,TAHASILDAR RAJGANGPUR
VEND_58418861,PAITDA KEONJHAR MPLADS
VEND_43F34E7D,SHAJI ANDREWS
VEND_FC2158C7,KAVITHA CS
VEND_CF7C4D12,RAHUL KUMAR SO MEGHA RAM
VEND_9B5A1799,RAJU KUMAR
VEND_3935AE9E,KEVLA RAM
VEND_21DDAEBA,GRAM PANCHAYAT PIPALDAGADI JANPAD PANCHAYAT DHARMP
VEND_C6EDDB55,GRAM PANCHAYAT HATHNAWAR JANPAD PANCHAYAT DHARMPURI DISTRICT DHAR
VEND_DAFB1D86,BANSHI DHAR PANDEY
VEND_0A891970,SANJEEVI SC
VEND_E2A1120C,SASTHI NANDAN
VEND_0B461A15,GURU BULDING MATERIAL BERCHHA
VEND_27D703F1,JAYANTA CHAKRABORTY
VEND_796E8BCC,ANADHAN CONTRACTOR
VEND_10FEB8E6,HARI TARA ASSOCIATES
VEND_EE6E2D55,DUTTA ENTERPRISE
VEND_D6CC0BD1,LALRAMSANGA
VEND_57B2C96D,MS SUSHIL CONSTRUCTOR
VEND_EC3A4932,UPADHYAY TRADERS
VEND_15F82201,SHAIKH FARID SAMAD
VEND_F73DC18C,MS MOHAMMAD MIYA
VEND_35BFC081,MR CHAMODA GRAM PANCHAYAT
VEND_B09C3AD0,GAUTAM KUMAR GOGOI
VEND_2847C0AA,SHYAM KUMAR SHUKLA
VEND_B99B4C90,BALACHANDAR
VEND_239FCA60,SUNIL KUMAR GHOSH
VEND_7FE264A8,PULPIT
VEND_5B907A36,BABA SOHAN SINGH GOVT SENIOR SECONDARY SCHOOL BHAKNA KALAN
VEND_09662707,SEKHON GRAM UDYOG SAMTI
VEND_6AA39155,CHILLA SHIVAKUMAR
VEND_E352E2C9,MAA SARADA CONSTRUCTION
VEND_8BD9976B,BISWARUP GHOSH
VEND_E4F472AB,BIKASH DUTTA
VEND_8BD3D6F3,KANTHARAJU C
VEND_B43275D9,NIGHTINGALE NETWORKS LLP
VEND_6B22CFB8,SN AGENCIES
VEND_26CF7E86,KHIZRABAD BRICK KILN
VEND_DACDA1BA,GRAM PANCHAYAT NANUDI
VEND_447C5E03,MANOJ GUNIYAL
VEND_D2D6C23C,SARASWATI ENTERPRISE
VEND_5EF8EF73,AMRAPUR GRAM PANCHAYAT
VEND_D8E92D26,HARDEEP HARDWARE AND PAINT STORE
VEND_96550BA3,MR OM CONSTRUCTION
VEND_B6C0D735,VICKY ELECTRICALS
VEND_BD0C81A9,SAYON CONSTRUCTION
VEND_5D90CEA3,P KISHORE
VEND_58D97B15,SALIM A
VEND_D6E13D44,CMO SHIVPURI
VEND_62E8CFCA,ANUPKUMAR V DESAI
VEND_5E04E74F,GP SACH
VEND_365E0D73,AKSHAY BHASKAR GAIKWAD
VEND_2B3E40D7,KAMAT SHANKAR
VEND_75AC14C6,FATEH TRADING CO
VEND_A3ACA226,KAKA SINGH
VEND_EE5E977C,BHAGWATI BRICKS KILN COMPANY
VEND_C746594A,GURU KIRPA INTERLOCK TILES
VEND_403F4624,DEBASISH SAHOO
VEND_E6E669AE,MUHAMMEDKUTTY
VEND_8CB97E58,MS B T CONSTRUCTION
VEND_DA8CEC95,DHANASARA GRAM PANCHAYT
VEND_ECF37F06,GURDEEP KUMAR SO TARSEM LAL MISTRI PASSI PANDI
VEND_4BB440AF,RANA PAINT HARDWARE AND CEMENT STORE PASSI PANDI
VEND_AD49AFAB,SARPANCH SACHIV GRAM PANCHAYAT GORA
VEND_EE12F39A,GP KUPAHDA
VEND_14C1B412,BDO NAGROTA SURIAN
VEND_7AB1D2D6,NEW BALAJI SURGICALS
VEND_75F5A13F,SACHIV GRAM PANCHAYAT SAHELI
VEND_57731421,AKAL INDUSTRIES
VEND_03756235,JUNIOR ENGINEER JHUMPURA BLOCK
VEND_9CF24CA5,HADOTI POKRA MAHAJAN SAMAJ
VEND_A32A9C05,R MESHACK
VEND_13A6C77C,SRI SAI RAM BOREWELLS CTR
VEND_A69AE19B,MOTA BHAMODRA GRAM PANCHAYAT
VEND_FF2F87E3,VARSHA
VEND_DD72DD2D,SHRI LAXMI ENTERPRISES
VEND_81D6CABD,SUPITA
VEND_1390D59F,JORMAL
VEND_3BEAFF3E,ASHA KUMARI
VEND_207761A3,JYOTI KUMARI
VEND_DDB5023E,UMESH SINGH
VEND_6E0053AA,VEDVIRI
VEND_904CE5BF,UDAYVEER
VEND_F6009202,TULE RAM
VEND_59BBECC9,LOGSHREE
VEND_256BC616,DEVIRAM
VEND_BD036AA6,MUNDAR
VEND_5B16F5A2,KALING MOYONG
VEND_B7E662F7,KKJ ENTERPRISE
VEND_EB49D881,DT ENTERPRISE
VEND_EBF28548,RAMKARAN SHUSHIL KUMAR CONSTRUCTION COMPANY
VEND_7C422171,JK TRADERS
VEND_25FCAE81,MS SIDHU BRICKS
VEND_04166BA2,ASHAK MASIH MISTRY
VEND_C9485A36,EE PRED SHIVAMOGGA
VEND_4D3798D0,SARPANCH GRAM PANCHAYAT JAUNS
VEND_F0F9E235,THE BROTHERS GROUP LABOUR AND CONSTRUCTION SOCIETY LTD SHAHBAD
VEND_708E2DF6,BHARAT DEEP GUPTA
VEND_86C6AA1F,GP SATOG
VEND_FC65BA4B,GP CHEOG
VEND_7B2FB0D3,MANNAT CONSTRUCTION
VEND_DCF70108,DINESH KUMAR CHOUDHARY
VEND_7FD18A04,DIPEN CHHETRI
VEND_8C54B8EC,KALIKURUCHI P
VEND_E4D9F974,CON COM HALL SAGUNCHARA SIMANTA LIBRARY
VEND_1BEBB99C,RABINDRANTH MONDAL
VEND_1C5BF39B,UDDHAVRAO PATIL MAJUR SAHKARI SANSTHA
VEND_BD993953,MD NAYEEM UDDIN
VEND_ED5E2086,DALIM SEKH
VEND_EED8E71E,SARPANCHSHRI KANTHRAVI GRAM PANCHAYAT
VEND_ADF821DA,GRAM PANCHAYAT BONDAKHUNTA
VEND_EBA25606,ARAVINDAN
VEND_68168056,SHRI MADHGAM GRAM PANCHAYAT
VEND_A89EC40F,NARAYANA BEHERA
VEND_6369C64B,AVULA SRINIVASULU
VEND_1591E8A9,B LEELARANI
VEND_1D10F1A1,T R CONSTRUCTION COMPANY
VEND_F01812B8,DISTRICT NIRMITHI KENDRA
VEND_6438197E,GRAM PANCHAYAT FARASPURA JANPAD PANCHAYAT DHARMPURI DISTRICT DHAR
VEND_DEDCC6F4,GRAM PANCHAYAT JETAPUR JANPAD PANCHAYAT DHARMPURI DISTRICT DHAR
VEND_71A05031,GRAM PANCHAYAT SAKALDA JANPAD PANCHAYAT UMARBAN
VEND_8FAEDA83,MAA VAISHNO CIVIL SERVICES
VEND_57533DF9,PUSHPA K
VEND_06A5063E,RAJASEKARAN C
VEND_7B71C4C3,LAKHAPADAR GRAM PANCHAYAT SWABHAN
VEND_26606EB0,AMIT MANDAL
VEND_5438DE60,DHANYKUMAR MARUTI MANAGUTTI
VEND_6B810A25,TONUJ PEGU ENTERPRISE
VEND_EC4CC231,MS UDAYA TRADERS
VEND_A6AF0DEA,SOMY SHREE ENTERPRISES
VEND_25102D15,GP DISWANI
VEND_6059BEB5,GP TANGNU JANGLIKH
VEND_AC2BF51B,KARAJISAN GRAM PANCHAYAT
VEND_0A663B12,KHURSHEED ALAM CONTRACTOR
VEND_14331AAA,KASI P
VEND_3CE58902,MS BASERA BUILDERS
VEND_01AFF898,RAJESH ASSOCIATES
VEND_33C6CFB5,SUVRASMITA BARALA JE
VEND_CAF50F50,KRISHNA BORA
VEND_CF99F4B7,MADHVIPUR GRAM PANCHAYAT
VEND_D1DCA74E,J B ENTERPRISES
VEND_6D0E860A,DILIP CONSTRUCTION
VEND_16136E54,CONSTRUCTION OF BOUNDARY WALL AT GARALA HIGH SCHOOL
VEND_A3AA5DE7,KAMLIYA GRAM PANCHAYAT
VEND_212824EA,JITENDRA FOUJLAL MANE
VEND_4A8DD4E0,VISION ELECTRICALS AND ELECTRONICS
VEND_F97685A8,THE RAM CO OP AND CONST SOCIETY LTD KKR
VEND_B06FB15C,SUSHANT SANDIP DESHMANE
VEND_3CF73939,NURUL ABSAR
VEND_9AA3B391,JYOSNAMAYEE BEHERA
VEND_6D230A69,GRAM PANCHAYAT RANAKPOR
VEND_60ADD83F,PARKASH BRICKS TRADING CO BKO
VEND_5673522E,RADHEY KRISHAN TILES FOCAL POINT PATIALA
VEND_1E1A45D3,JASWINDER STEELS
VEND_D2A78CFB,NK TRADERS TRIPURI PATIALA
VEND_DF96F4F1,HARWINDER SINGH
VEND_AC256754,BHIM SINGH
VEND_F2403E21,K NARAYANA CONTRACTOR
VEND_25353931,VR MURUGAN
VEND_70D73F49,MALIK COOP LC SOC RINKU 8168391440
VEND_28CDB904,HEMANTA GOGOI
VEND_DC565903,VENKATESWARA LABOUR CONTRACT CO OPERATIVE SOCIETY
VEND_2A7D38A9,SOYFUL MOLLAH
VEND_5F32ED17,GP CHUNARI JP TEOTHER
VEND_DE71913B,MP STATE AGRO IND DEV CORP LTD
VEND_786FE316,SONGADH GRAMPANCHAYAT
VEND_56730512,NANA DAHISARA GRAMPANCHAYAT
VEND_470408D4,NANA BHELA GRAMPANCHAYAT
VEND_5473D8C4,KHAKHRECHI GRAMPANCHAYAT
VEND_2F6CBDF0,NILACHAKRA HARDWARE STORE
VEND_F02EC7DB,FASTSPEED REALTORS PRIVATE LIMITED
VEND_9A5F20DB,SUKH BUILDING MATERIAL
VEND_F9D2C02F,BDOSAHARPADA
VEND_D0565E92,TAHASILDAR SAHARPADA
VEND_01769A0D,RAGA RAM
VEND_5B0040E6,STANDAR KHARBANI
VEND_EDA15039,NILESH KUMAR
VEND_5216709E,CHAMPA KUMARI
VEND_E37FA72A,JAMADAR ENTERPRISE
VEND_EB0FC64C,NEHRU RAJA
VEND_594DDDF7,P KRISHNA MURTHY
VEND_29608B13,GRAM PANCHAYAT SEMRA CHARKHARA
VEND_5A1C8CAF,GP ATRAR CHH
VEND_6471C8CF,VARINDER KUMAR CONTRACTOR
VEND_5B57D6F1,SIVA BALAJI CONSTRUCTIONS
VEND_901E95C9,GP DIMBER
VEND_7DBE05BA,TARLOK SINGH
VEND_CD5A95BE,SARPANCH HANVANTCHOND
VEND_F67247B3,DEBABRATA PAL
VEND_A7961ADC,MD HASIBUL HOSSEN
VEND_251D6190,SIDDHU ENTERPRISES
VEND_F4DCE56D,GRAM PANCHAYAT KUSHMAL BHAGOTLA
VEND_C5923C32,GRAM PANCHAYAT RAKH
VEND_A38C44B7,MALLAPPA BASAPPA HARIJAN
VEND_87900309,SHRI TANOTRAY PUBALIC ACCEDMI SANSTHA HADAN
VEND_7AA2FAB7,GRAM PANCHAYAT TILRI
VEND_473099BA,GRAM PANCHAYAT TIKARIYA JP MANDLA
VEND_42515A7E,GRAM PANCHAYAT KHOHRI
VEND_224F7AAA,GRAM PANCHAYAT SALHEDANDA
VEND_81ACD8AB,GP BANDLI
VEND_FD668E61,GRAM PANCHAYAT KASBA JUGHED
VEND_AD0979BB,Y HARI BABU
VEND_B96B6951,AMIT ENTERPRISES
VEND_6E893E23,BHURU KHA
VEND_DF84A081,SANJAY KUMAR SINGH
VEND_1882364A,MANSURI BUILDING MATERIAL
VEND_A1B08624,SHAILENDRA
VEND_494DFABC,SARPANCH GRAMPANCHAYAT ANCHALE TANDA
VEND_7B03AC62,HASAN KHAN
VEND_C0E8558B,GRAM PANCHAYAT MOTA SAMADHIYALA
VEND_62CA61DF,ANDA RAM
VEND_054C6669,DERAMA RAM
VEND_4018B727,RAMARAM
VEND_15B07675,PRAVEEN CHOUDHARY
VEND_5A26105E,SELVAKUMAR K
VEND_12D2C38D,MS PARVEEN TRADING CO BEHBAL MANJ MUKERIAN
VEND_7902826F,BABA RAMDEV MATERIAL SUPPLIERS
VEND_AF7423CB,SANDHYA ENTERPRISE
VEND_AB758E81,MANJUNATH N
VEND_BB4842D4,PRASHANTKUMAR N GAYKAWAD
VEND_E36B4D75,CHEPPALA RAKESH
VEND_0C40017A,MS R M CONSTRUCTION
VEND_A9C0B806,RAM LAL PYARE LAL
VEND_09F2482E,GRAM PANCHAYAT CHAVAJ
VEND_C5642BB2,SK MUNSEF ALI
VEND_F4AB2216,GRAM PANCHAYAT BALLA
VEND_6F284D9D,RENUKA DEVI MAJUR CO OPRATIVE SOCIETY LIMITED
VEND_6828F155,GRAM PANCHAYAT NAIN
VEND_A0B77686,MS RANA VIKRAMADITYA SINGH CONSTRUCTION
VEND_842F64A5,MS S AND S BUILDING MATERIAL LLP DASUYA
VEND_D1E08AB7,BALWINDER SINGH BODAL MISTRI
VEND_6749506A,JASHANPREET SINGH SO BALWANT SINGH MISTRI
VEND_161961BF,JT ENTERPRISE
VEND_8ADAC98C,M KAVITHA
VEND_3A6D1CB0,PANCH TALAVADA GRAM PANCHAYAT
VEND_60970AC0,MS AVDHESH KUMAR SINGH
VEND_1F961EA5,GRAM PANCHAYAT KASHIPURA
VEND_F14A7CFD,SANTOSH SHARADRAO BENDE
VEND_F0DE0081,MAHAKAAL ENTERPRISES
VEND_1F1B15DB,RUDRA INFRATECH
VEND_8237D425,RUHI CONSTRUCTION
VEND_550B0848,NITYA SANITARY AND HARDWARE
VEND_E8421BDF,TIKITORIYA CONSTRUCTION GOVIND PATEL
VEND_DDE0A2A5,GANESH MAJOOR SAHAKARI SANSTHA LTD
VEND_EBA13C19,SHREE KISHAN CHHATRAWAS SAMITI PANCHALA SIDDHA
VEND_8C05FB5D,NEKNAM GRAM PANCHAYAT
VEND_EAA9B357,VC NEW W PHAILENG
VEND_FFAB2301,CC FOR KRISHNA NAGAR UNNAYAN SAMITI
VEND_CD95ED7E,BOUNDARY WALL OF NIRAMAY HC
VEND_03D4BF85,GLOMEX HOME APPLIANCES
VEND_D1FFEE70,DHS SEPARATE BANK ACCOUT ASHOK NAGAR
VEND_0D32F0DD,YMA LALLEN
VEND_D7A38BD8,VCP PHULDUNGSEI
VEND_8B1D7057,AL ARQAM ENTERPRISES
VEND_6300E278,ASRAFUL BAIDYA
VEND_645E2AFD,JAYA SRI INDUSTRIES
VEND_5236F511,SHRIAWADHSHARANTIWARISMARAKPUBLICSCHOOL
VEND_877BE9CA,WALMIK VISHWANATH PAWAR
VEND_17D615D0,THE MALIK CO OP L C SOCIETY LTD DABODHA KHURD
VEND_56D07F7B,ANAND ELECTRICALS AND ELECTRONICS
VEND_2D84F8BC,SAPNA ENTERPRISES
VEND_542E5D78,MOTA DEVALIYA GRAM PANCHAYAT
VEND_611403EB,THE BOORA CO OP LC SOCIETY
VEND_AB888FCE,GRAM PANCHAYAT MALDI
VEND_93D9ACE4,MAHENDRA KUMAR VERNA
VEND_391855A2,SACHIN KOKKALKI
VEND_EC907A73,GRAM PANCHAYAT HINAUTI
VEND_73856B34,SAHID BHAGAT SINGH SEVA SAMITI REWA
VEND_51C003F8,TANA GRAM PANCHAYAT
VEND_A24BE43F,BHAGIRATHI GOND
VEND_43178FDE,GRAM PANCHAYAT GADAGHAT
VEND_19797B1E,MS MISTRY TRADERS
VEND_0B9DDAFF,BHERUNATH ENTERPRISES
VEND_EF195D11,J LALVARLIEN PURUOLTE
VEND_DF5E89A8,SHIVRAM SILAVAT
VEND_28B75FEC,THE RAILY CO OP L AND C SOCIETY LTD
VEND_E1C27A0F,R S INDUSTRIES
VEND_1FFFF3FF,SARPANCH SACHIV GRAM PANCHAYAT PARATWADA
VEND_75F797F7,C DINESH
VEND_3DDFB27E,GRAM PANCHAYAT KATHRIMAL
VEND_34822852,SHILA RANI CONSTRUCTION
VEND_3D39A8B4,SANJAYBHAI MANGUBHAI PATEL
VEND_0A2B20D0,THE BHARAT LABOUR AND CONSTRUCTION SOCIETY LTD PUNDRI
VEND_CEBF4A2D,SANTHOSH KUMAR RAMARTHI
VEND_9AA2A47D,GRAM PANCHAYAT TANTWAS
VEND_BE46B71D,GRAM PANCHAYAT FOPNARKALA
VEND_B68B5C3D,GRAM PANCHAYAT BERKHERI SUVANSH
VEND_7F9F432A,CH PANCHMUKHI MARUTI MSS LTD
VEND_091703A7,GRAM PANCHAYAT GARPAHRA MUHAL
VEND_4C2810E0,JARU GRAM PANCHAYAT
VEND_429A64BC,GRAM PANCHYAT LUHARI
VEND_B8155305,GRAM PANCHAYAT CHANDAMAU
VEND_E192B6BC,GRAM PANCHAYAT NAOGON
VEND_2082BD17,GRAM PANCHAYAT MUDRA JARUAKHEDA
VEND_B35FF0F0,GRAM PANCHAYAT GAMBHIRIYA HAT
VEND_D195556C,GRAM PANCHAYAT MOTHI
VEND_96E78B3B,MHIP PHAINUAM BRANCH
VEND_C5E81667,SHREE KSHEMANKARI CONSTRUCTION
VEND_1D5A489B,LITTLE GENIUS AGENCIES
VEND_4B69DD6D,B SEETHA RAMANJANEULU
VEND_FECF5F6C,IMARATI DEVI
VEND_A710DBFA,SARSWATI SHISHU MANDIR PANNA
VEND_8432C557,MANAGER PRINCIPAL BHAGWATI PRASAD MAHAVIDYALAYA
VEND_DC46EF10,JAKSH SPORTS
VEND_DAE6596D,KEERTHI BUILDERS
VEND_89EE6CBC,MS ROONIE PANYANG
VEND_CC44F677,SNIGDHA SAHOO
VEND_CD2801B0,K AADHI REDDY
VEND_DD453756,SHRI BIJ GRAM PANCHAYAT
VEND_C545A6A8,KUMMARA BABU
VEND_767E1376,SILMAN MARAK
VEND_6D7DFC57,THOMSON N MARAK
VEND_CFC3A850,BENILLA K SANGMA
VEND_28F08DA8,JONTIL SANGMA
VEND_5B4198A4,EE EDD III AZAMGARH
VEND_A725D952,MOHINI BOREWELL AND CONSTRUCTION COMPANY
VEND_C37FA094,PRATAP CEMENT ARTICALS UDHYOG
VEND_5B2A92F3,BDO BANSPAL WITHHELD
VEND_E1BEA5DA,BDO BANSPAL EGB
VEND_0E0F33D0,BDO BANSPAL WORK CONTINGENCY
VEND_D2006479,TAHASILDAR BANSPAL
VEND_BB20F6AC,M L SAHU CONSTRUCTION
VEND_C4488A56,MS MAA KALI CONSTRUCTION
VEND_C6FF3F06,BAGALAMUKHI ENTERPRISES PRIVATE LIMITED
VEND_903DFCC0,AJAY KUMAR BEHERA
VEND_738337BC,TAHASILDAR JHUMPURA
VEND_147DBFEC,RAJYA PARIVARTIT YOJNA GP GUDRUMUDA
VEND_9219F682,GP CHAUDIYAR JP REWA REWA
VEND_CAE59FCE,VC PHULDUNGSEI ZAMPUI
VEND_9F4A483B,P S GURUNDIA MPLADS AC
VEND_C1CEA5A0,G SATHANANTHAM
VEND_40246B75,GRAM PANCHYAT AMAI BATKA
VEND_B2B9D40A,ADYAKSH SACHIV JAL SAMITI DANORA
VEND_83A50DFE,MS AAROHI CONSTRUCTION
VEND_6E441E00,SARPANCH SACHIV G P SARNABAHAL
VEND_27EAB878,GOTHAVA GRAM PANCHAYAT
VEND_B7D12642,RENOVATION AND REPAIRING OF COMMUNITY HALL NEAR KHANKA AND FARINGAPARA
VEND_74F64DF6,CONSTRUCTION OF BOUNDARY WALL AT JOYPUR MPHC UNDER ROWMARI GP
VEND_75D14EA5,GROUP GRAM PANCHAYAT PATWAN
VEND_2AE67DBF,JPN BHATTRAY
VEND_5665EA8B,B B KISHAN
VEND_4B05302C,CONSTRUCTION OF OPEN COMMUNITY HALL AT SRI SRI NIRANJAN MAHAPRUBHU PITH BAKAITARI
VEND_A5EF7886,CONSTRUCTION AND RENOVATION OF CENTRAL LIBRARY CUM AUDITORIUM HALL AT JALESWAR
VEND_E735D763,A P DASH
VEND_B342A806,ANIL KUMAR SAHOO
VEND_4FA5ABDD,RANJIT JENA
VEND_04165036,VC HMAR VENG
VEND_897AA9F6,GRAM PANCHAYAT BADKADOL
VEND_6CFBD396,MIZO UPA PAWL
VEND_2E763FB5,GRAM PANCHAYAT ATARSUMBA
VEND_5CF50242,SHREE CHAUDHARY CONTRACTOR
VEND_17A2A884,BALRAM MAURYA CONSTRUCTION AND SUPPLIER
VEND_FD46D428,GRAM PANCHAYAT BANDHA CHOUTH
VEND_5100B557,SHELAR MAKRAND SUNIL
VEND_AFD2D1A4,Y G LAKSHMI DURGA
VEND_66C14663,SARPANCH SAKARPATAL
VEND_6A354B38,SHREE ENGINEERING CO
VEND_B4298C0C,MS B R ENTERPRISES
VEND_FF770D00,MASTI RAM
VEND_4DBBA43E,SARPANCHSHRI JAGNNATHPURA GRAM PANCHAYAT
VEND_98427FD4,AFSANA
VEND_23908CCB,NUSRAT
VEND_8907F7FE,SAHUD KHAN
VEND_638F9BF9,SAEED ANWAR
VEND_91CDCE28,MISS PRAVATI MOHAPATRA
VEND_B57C2E21,RAMWATAR HARI
VEND_5CFBCD79,SHIV RAMDHAN
VEND_73AEB66F,JUTHA SINGH
VEND_0B6FECF6,JETHA RAM
VEND_CFC96CFF,GRAM PANCHAYAT MOHTARA
VEND_848C3D62,NOMULA SAYA REDDY
VEND_C6405E39,ESS KAY SPORTS
VEND_57663B80,NAIM ENTERPRISE
VEND_53A15C20,GRAM PANCHAYAT PUTPURA
VEND_416F737A,ADVALA GURUVAIAH
VEND_090E2C34,GRAM PANCHAYAT KAMTA
VEND_AA8BBF55,GRAM PANCHAYAT RAMPURA
VEND_C9770FBD,J M TRADERS BHUCHO MANDI
VEND_A35475C3,GRAM PANCHAYAT AMERI
VEND_9A79B4FF,VILLAGE COUNCIL ZAWLPUI
VEND_99493DCE,AUTO K SALES AND SERVICES LLP
VEND_5611471C,B RAVI CHANDRA
VEND_29200621,YRAL DISTRIBUTORS
VEND_02CA6B25,SAJADIYALI GRAMPANCHAYAT
VEND_51CA818C,SANWARIYA BOREWELLS
VEND_AD89A3D1,PS CONSTRUCTION
VEND_E655315C,MEGHARIN MOMIN
VEND_46AB06BA,WILKRIPSON K MARAK
VEND_2D9CD93B,MASTSYODARI MAJUR SAHAKARI SANSTHA MARYADIT AMBAD
VEND_0A70FB3C,GAJANAN MAJUR SAHAKARI SANSTHA SOYANJANA
VEND_27C0B059,JOTIRLING MAJUR SAHA SANSTHA LTD SATARA
VEND_B9C22EDA,GRAMA PANCHAYAT LUNDRA
VEND_0B17EB7F,GRAMA PANCHAYAT URDARA
VEND_A32B0895,GRAMA PANCHAYAT SEMARDIH
VEND_50E48D48,MHIP BRANCH LENGPUI
VEND_C9F2711A,MUP S SABUAL
VEND_A695D7CC,KJP GIRLS MAINTNCE FUN
VEND_C1E09BFF,MS ALCON ENTERPRISE
VEND_B9B7A3D0,GRAM PANCHAYAT RAKHOTA
VEND_6AF31647,SHARMA CONSTRUCTION
VEND_CFB5BC72,SAMGRA SHIKHA VBHIYAN DUNGARPUR
VEND_E4F68B49,GP KOSAHARDULI
VEND_DEB8789C,GP KOKODI
VEND_5786037E,GP SONABEDA
VEND_57023DB9,GP CHHATODI
VEND_6D9CBCED,SOURABH SANJAY RAJESHIRKE
VEND_AB220A19,SARPANCH SACHIV GRAM PANCHAYAT KHIRKHIRI
VEND_2374B49F,HARNOOR SINGH
VEND_6C268CF8,SARPANCH SACHIV GRAM PANCHAYAT DHIMCHOLI
VEND_7C555336,RAJDEEP ENTERPRISE
VEND_665A5F11,RAPAL CEMENT STORE
VEND_03A42E41,SARPANCH ISHAKPURA JUTH
VEND_E096D032,GRAM PANCHAYAT PAMGAL
VEND_DF0DC7A9,SHREE SHYAM CONSTRUCTION AND SUPPLIERS
VEND_F6E296B9,GRAM PANCHAYAT FATEHPUR
VEND_3251EE46,NANGAL ELECTRIC COMPANY
VEND_641859A5,SARPANCH GRAM PANCHAYAT LEBADA
VEND_BA5B1CFB,GRAM PANCHAYAT MOUHAPALI
VEND_3DA15490,MANPREET SAPRA
VEND_7C1F128B,DRUKGYAL LEPCHA AE
VEND_DEF38970,LAVI AGRICULTURE WORKS
VEND_681CAFFE,GRAM SWACHATA SAMITI GRAM PANCHAYAT TARPONGI
VEND_59C2EE14,GRAM PANCHAYAT BADNARA
VEND_E811778E,GRAMA PANCHAYAT JAMDIH
VEND_A3547161,GRAMA PANCHAYAT DUMARDIH
VEND_FC65B47F,VILLAGE COUNCIL RENGTEKAWN
VEND_976EE927,YMA FIELD VENG BRANCH
VEND_86FB3222,DEEPAK BHAUSAHEB DESHMUKH
VEND_F9F99367,VALKI RAJU
VEND_8F5FC305,BHAGWAN SAHAY YADAV
VEND_4DB3D4CF,GP NAGARIYA PANCHELA
VEND_2E1EA627,C DAWNGVELA
VEND_D2FF4CD8,VC MIPUI THAWHLAWM
VEND_FA4FE1FB,NAVNEET SINGH
VEND_1E48A3E0,GRAM PANCHAYAT KOTTUR
VEND_DA0D67BF,GRAM PANCHAYAT BHADRAKALI
VEND_3F7F54A3,SAKTHIVEL
VEND_04662C5B,G P MUDPAR CHHOTE
VEND_BB11803A,SANADYA BRAHMAN SABHA AND SAMMITTE
VEND_7A28E508,RAJYA PRAWARTIT YOJANA G P KUMHARI DARRI
VEND_86396A15,TATARPURA GRAM PANCHAYAT
VEND_90912C90,EE PWD CHHATARPUR
VEND_D8BC0F74,GRAM PANCHAYAT NEELEGODI BODENAR
VEND_B08974F8,GRAM PANCHAYAT MAWLIPADAR 2
VEND_8AA6BA5A,GRAM PANCHAYAT LENDRA
VEND_0CC59725,GP SALEDA
VEND_D022AFCB,GHOSH SUPPLIERS
VEND_AC591D72,GP SURAJGAV
VEND_0034FB63,ROY CONSTRUCTION
VEND_B285DC53,D SUJATHA
VEND_C940A317,NUR AMIN
VEND_74DC85C2,MST CONSTRUCTION
VEND_21EAEEDF,MOHAMMAD MOHIMUDDIN
VEND_843212A0,SAMRIDHI TRADERS
VEND_E9948FDC,GRAM PANCHAYAT PONDI UPRORA
VEND_727ADAD7,SHRIRAM ENTERPRISES
VEND_CAB309EB,RAJAN B
VEND_0647E2AC,GRAM PANCHAYAT DAMAKHEDA
VEND_2D1EABD3,GRAM PANCHAYAT DONGARIYA
VEND_83D61BC6,RAJANBABU P
VEND_D6FC2BE8,BALASUBRAMANI
VEND_B0D92711,AMEECHAND SINGH
VEND_9202F65B,CHIEF MEDICAL OFFICER KUPWARA
VEND_CAD2C89A,G P LIMGAON
VEND_9CB7C09B,MAHALAXMI INFOSYS
VEND_5CE982A1,GOVIND ENTERPRISES
VEND_B9327250,PRINCE SPORTS
VEND_D802AB74,MP STATE AGRO IND CORP HARDA
VEND_5E8C0B96,BHANDARI ENTERPRISE
VEND_FE63BCF6,BANGASREE ENTERPRISE
VEND_C3F339C5,T M ENTERPRISE
VEND_AE408D98,MS N ENTERPRISE
VEND_F1C26174,ASHADEEP CONSTRUCTION
VEND_1F99A2F3,SHAHIN ENTERPRISE
VEND_07F35E6A,SHRI DAUJI CONSTRUCTION COMPANY
VEND_B5DFBFD2,MS GIRRAJ TRADING COMPANY
VEND_07D9F049,SARPANCH AND SACHIV GRAM PANCHAYAT BANBANDHA
VEND_C708A6BF,SONU ENTERPRISES
VEND_03144508,MANPREET SINGH MISTERY
VEND_20CA2BCC,RAMESH KUMAR MISTERY
VEND_161ABAFE,GRAM PANCHAYAT SAILA
VEND_F8EB1EBD,KHURSHEED TRADING COMPANY AND SUPPLIERS
VEND_58DC355B,SANAYA CONSTRUCTION COMPANY
VEND_63FD4D47,NARASIMMAN S
VEND_B21E87E5,KAUSHAL KISHORE MAHESHWARI
VEND_C74A3432,GP MASHGAN
VEND_AA4DDCDD,PANSHUL MULTITRADE PRIVATE LIMITED
VEND_CCED40F2,GRUP GRAM PANCHAYAT MAHELOL SARPANCH GRAM PANCHAYA
VEND_C8E759CE,MUKESHBHAI MULJIBHAI PRAJAPATI
VEND_ECA34D65,BATRA CONSTRUCTION
VEND_E124ED47,MPLAD WITHHELD
VEND_4DA2DADC,YASHPAL CHANDRA
VEND_97C1F7FE,RAMDEV TRANDING COMPANY SANCHORE
VEND_48263ACD,SELVENDRAN
VEND_2FA2D2A2,GRAMPANCHAYAT DENVA
VEND_B6F09D3D,HD ENETRPRISES BILODA
VEND_B8491A59,SANWARIYA CONSTRUTION
VEND_C284417A,AMOL MALU LAMBORE
VEND_3C1D456A,KOLVA GRAM PANCHAYAT
VEND_D8E7A201,KARPOORI THAKUR UCHHATAR MADHYAMIC VIDYALAYA
VEND_86C4AEC0,ORILAL BRICK FIELD
VEND_D9E9FF80,JANVI ENTERPRISES
VEND_9BD3B337,GADUPURINARASIMHULU JADADEESWARANAIDU
VEND_B7F6E57A,MHIP SAIHAPUI V BRANCH
VEND_41A626D6,CHAUDHARY CONTRACTOR
VEND_1AF5C868,LIZA ENTERPRISE
VEND_BDE0F1F3,J P ENTERPRISES
VEND_DB69E6B9,DUDHESHWAR CONSTRUCTION COMPANY
VEND_48C0B9B9,SUNDHA MATA CONSTRUCTION
VEND_7F4AAF02,VIRDH SINGH
VEND_CB5BE7EA,RAVINA KANWAR
VEND_6C8C5DF1,NARAN SINGH
VEND_B4BF17E0,VILLAGE COUNCIL HMUNPUI
VEND_AAE0267A,AMRIT KALASH
VEND_0AEDAC2F,VILLAGE COUNCIL CHUNGTLANG
VEND_88098BB7,VILLAGE COUNCIL BAWNGTHAH
VEND_A5AE4C91,VILLAGE COUNCIL HRECHUK
VEND_1EB59673,PALAK ENTERPRISES
VEND_88F06068,ANUJ SINGHAL CONTRACTOR
VEND_F15E700F,PAVAN CONSTRUCTION COMPANY
VEND_47DFDEFA,NB POWER TILES BEHNANGAL
VEND_0E395538,YAMUNA MAJUR SAHAKARI SANSTHA LTD SONAK PIMPALGAON
VEND_B15CBB4D,LUCKY ART
VEND_30DC2B1A,SHREE GEENGER SAMAJ PANCHAYAT SOCIETY KOTA GIRDHARI
VEND_2F2CCFAF,MS DEV ICHHYA AND COMPANY ANDWARPATTI
VEND_A79230CD,RAMESH CHANDRA BALAI
VEND_D57CBADD,SOHANI DEVI
VEND_0ED241F1,SHILA DEVI
VEND_60DD223B,AYAZ ENTERPRISE
VEND_78970DA0,MS RONIK AND BROTHERS
VEND_9B526C92,SUBASH LIMBADRI
VEND_A644A4CD,YMA SAIPUM
VEND_76D95D08,MASTER N CHAWNPUI BRANCH YMA
VEND_00D0A714,GOKRAN GRAM PANCHAYAT
VEND_A7094BEC,VIJAYNAGAR GRAM PANCHAYAT
VEND_5E99AF1A,TAPAN DUTTA
VEND_7E0CCBC9,GRAM PANCHAYAT PONSRI
VEND_63764358,GRAM PANCHAYAT MEGHPAR
VEND_BC8C1A35,PALLAPU VENKATESWARLU
VEND_EC887A90,GUNJESHWAR UPADHAYAY KANYA INTERMEDIATE COLLAGE SAMITI
VEND_5F7C134A,AVIK SARKAR
VEND_0574A947,BANSHI LAL KHATIK
VEND_D2EF5B71,MP STATE AGRO INDUSTRIES DEVELOMENT CORPORATION LTD
VEND_E92CFA0A,GRAM PANCHAYAT MORLI
VEND_0C5136BA,BALWANT URF BANTA SINGH CHAN SINGH
VEND_7514D394,RAKESH SINGH CONTRACTOR
VEND_D548762E,KISHOR RAGHO PATIL
VEND_C8810CFF,G P BHATAGAON
VEND_8B07AF55,BADWAR IRON STORE
VEND_B30D15E5,GURUDEV LABOUR AND WORKERS CO OPERATIVE SOCITY LIMITED
VEND_358145C6,GRAM PANCHAYAT HOND
VEND_384F6EE9,NIRMALKUMAR BHARATBHAI PATEL
VEND_E6EBC177,KISHORKUMAR HARIBHAI PATEL
VEND_533A4D81,GRAM PANCHAYAT RAI
VEND_00D8C255,PSPCL
VEND_872B8C92,SARPANCH SACHIV GRAM PANCHYAT DAYALPUR
VEND_7B0B28E0,SARPANCH SECRETARY GRAM PANCHAYAT LAHIDPUR
VEND_902C253C,SARPANCH SECRETARY GRAM PANCHAYAT RASULLABUZURG
VEND_48B8E130,G P SARIBUJRANG
VEND_80040DAE,AR ENTERPRISES
VEND_6DE1969C,ARTIFICIAL LIMBS MANUFACTURING
VEND_BC512C75,GP BURDI
VEND_14D6051F,MOHAMMAD TAYYAB KHAN
VEND_0DA084F9,BASUDEV BEHERA
VEND_EC831143,GRAM PANCHAYAT CHAILITANGARTOLI
VEND_25BAC23D,OM SHIV CHAKLAN CONSTRUCTION COMPANY
VEND_8673E3E9,KALIYAMMAL M
VEND_89489948,A CHANDAR SHEKHAR
VEND_DB61F4D8,GP DONDHARA
VEND_1AAD9D25,SIDDHI VINAYAK ENTERPRISES
VEND_96CCDD00,GRAM PANCHAYAT SHIVNATHPUR
VEND_19600F87,GRAM PANCHAYAT LALITPUR
VEND_8BA15C7C,VIKAS ADHIKARI P S KATHOOMAR
VEND_F2684ACD,BANWARILALL OMKARMULL
VEND_EA7C014B,THURO TIKHAK
VEND_6861A0CA,GRAM PANCHAYAT REWJHA
VEND_F721FEA2,ASHISH SONI
VEND_E7C1CE90,GRAM PANCHAYAT SEMRAHAT
VEND_44C37074,AHEMMED SHERIF
VEND_8E950D8E,MAA VINDHYAWASINI CONSTRUCTION
VEND_CC7DDFC2,JESAR GRAM PANCHAYAT
VEND_B1C72F59,GRAM PANCHAYAT DATINA
VEND_243955AA,KRISHNASHETTI
VEND_07347AAE,COMPAC SOLUTIONS
VEND_3CFCC04B,GRAM PANCHAYAT RIYASHYAMDAS
VEND_4CA5056A,LALTHANHLIRA
VEND_695BEE03,ANDREW ZORINPUIA
VEND_8EA4F980,LALHMINGLIANA
VEND_3B2CC2FB,LALRINAWMA
VEND_356DA95B,LALNGHAKLIANA
VEND_307BA01F,LALBIAKZUALA
VEND_986BA8F6,BALAJI CONSTRUCTION COMPANY DHOD SIKAR
VEND_06E24ABF,MS GOLDEN NURSARY
VEND_B451F3A3,GRAM PANCHAYT GUDHA BHAGWANDAS
VEND_44C9663E,NEW VERVEK BRANCH YMA
VEND_E6D75576,BENJAMINA
VEND_0A0735A1,LALTHANLIANA
VEND_5478B9A3,CH DEEPALI MSS LTD
VEND_8409A729,R LALSANGHLEII
VEND_279B1CFE,JOSEPH LALHMANGAIHA
VEND_0513F57B,REPAIRING AND RENOVATION OF BALAJAN FISH MARKET
VEND_4D8E99C8,CONSTRUCTION OF COMMUNITY HALL AT BIRSHING NATUN BAZAR
VEND_425C5922,MEGHAPIPALIYA GRAM PANCHAYAT
VEND_376B84F7,LALMUANCHHANA
VEND_4136569B,C LALAWMPUIA
VEND_D5AE4A56,ZONUNSANGA
VEND_0D80C929,CALEB LALRAMMAWIA
VEND_9E17856A,CONSTRUCTION OF TOILET BLOCKS AT MESPARA MADHACHAL RABHA SAMAJ RANGSAI BAIDA
VEND_6C8B9104,JL ENTERPRISES
VEND_B1CB659D,NANAK ENTERPRISES
VEND_2537CFBB,RENGARAJU NATESAN
VEND_F7CB6055,R BHARATHI
VEND_0F4FFD54,GP SIMRAI
VEND_F76D892B,GP KHITARPAL
VEND_22A0B1E4,GP DHORIWABADI
VEND_6E098B93,GP GOPALPUR
VEND_2C72F04F,GP SYAMPUR
VEND_865B2D74,GP CHETIKHEDA
VEND_CE40E36B,KANAKALA NAGESWARA RAO
VEND_7AC3C98D,ASHIKA CONSTRUCTION
VEND_8D9FF32D,SARPANCH GRAM PANCHAYAT NARAWAND
VEND_64047A7E,BRIGHT CONSTRACTION
VEND_362EC84B,SARPANCH SECRETARY GRAM PANCHAYAT SHYAMATORI
VEND_649490A3,SARPANCH SACHIV GRAM PANCHAYAT BABROD
VEND_6DA0D27F,SARPANCH SACHIV GRAM PANCHAYAT DEVALKHO
VEND_81D15CBA,GRAM PANCHAYAT POTIYAWAND
VEND_38C9F934,V P AZHAGAIYAN
VEND_56291897,GRAM PANCHAYAT KINJOLI
VEND_0CCFEA63,GRAM PANCHAYAT MALGANV
VEND_BB59A70E,ASHOK KUMAR SARASWAT
VEND_E46EF8E2,GRAM PANCHAYAT KUDAWAND
VEND_93E819AD,GRAM PANCHAYAT KARPAWAND
VEND_7149AAC5,RES SINGRAULI
VEND_E4100692,GP DATHLOTHI
VEND_3EAEBFCF,DHIRARAM BABRARAM DEWASI
VEND_3691B66E,GRAM PANCHAYAT CHITALUR
VEND_42526477,ARJUN LAL CHOUDHARY
VEND_8C912AF6,GRAM PANCHAYAT MOHALAI NAVIN
VEND_17DDFB0B,GRAM PANCHAYAT DHANPUR
VEND_E0F614FA,GRAM PANCHAYAT BIJABHAT
VEND_274E4E5E,GRAM PANCHAYAT KHAMHI
VEND_9154E5AC,SHRI SARNESHWAR CONSTRUCTION CO
VEND_3EAE1F8C,GRAM PANCHAYAT MODHE
VEND_68A554CF,SARPANCH SACHIV GRAM PANCHAYAT DHUDER
VEND_9AD68AE8,GRAM PANCHAYAT MOTI DHANEJ
VEND_E9124187,JAHNAVI PRAKASHAN
VEND_8CE2E7AC,CONST OF BOUNDARY WALL OF PLAYGROUND NEAR CHATPARA CHAR KABARSTHAN
VEND_A1E24403,CMO NAGAR PAN MUNGAOLI
VEND_B8CC0BDC,BABULU KUMURA
VEND_11A85895,GRAM PANCHAYAT JANGAR
VEND_320B0971,PABITRA KU MALIK
VEND_AB58A836,TRIVENI BAL VIKASH SHIKSHAN SANSTHAN
VEND_9C33C1CA,GOLDEN ENTERPRISES
VEND_AD04C7B1,LALSIAMTHARI
VEND_298765C5,TAHASILDAR KUSUMI
VEND_5B546F08,GRAM PANCHAYAT KHANDORA
VEND_CC3E571C,TAHASILDAR HARICHANDANPUR
VEND_118A2B8C,CHIEF EXECUTIVE OFFICER DMF
VEND_7E498073,SHREE SANWARIYA CONSTRUCTION
VEND_4648F605,KAMAL LOCHAN BHOI JE
VEND_56FC109F,BDO HARICHANDANPUR MP LADS
VEND_952E922F,TALENT POWER SYSTEMS
VEND_B567F030,ASSISTANT ENGINEER TARARI
VEND_43727798,SATYA ENTERPRISES
VEND_B039192E,EXECUTIVE ENGINEER ELECTRICITY DD 1 BASTI
VEND_FE7556B9,ADIL GAFOOR
VEND_39718E24,MUSKAN KUMARI
VEND_9E47A794,PRESIDENT HWC THELLAGUNDLAPALLI
VEND_BBC12C78,TC LALTHANGZOVA
VEND_692FB23D,PANESAR AGRICULTURE WORKS
VEND_85D33378,THE JANYA COOPERATIVE LABOUR AND CONSTRUCTION SOCIETY LTD
VEND_8C0931F0,SHREE SARNESHWAR CONSTRUCTION
VEND_FB9058B9,GRAM PANCHAYAT DEHARDA SADAK
VEND_DCBF7239,SAIPHAI FARMING COOPERATIVE SOCIETY
VEND_31C6272D,RK AGROTECH
VEND_8FA458F3,GOVINDPURA JUTH GRAM PANCHAYAT
VEND_8CE0A3BF,SHRI GURU JAMBHESHWAR CONSTRUCTION COMPANY
VEND_2E280678,SOMYA CONSTRUCTION
VEND_41B52904,OM MAJUR SAHAKARI SANSTHA MARYADIT KARADWADI
VEND_6BA382DB,CONSTRUCTION OF BOUNDARY WALL OF PLAY GROUND NEAR BARGIRARPAR IDDGHA
VEND_F22A880B,DEHRI
VEND_0B67A28A,CONSTRUCTION OF BOUNDARY WALL AT CHIRAKUTI GIRLS HS SCHOOL
VEND_47A68280,GP SARANGPUR
VEND_5EBE8FBF,CONSTRUCTION OF COMMUNITY HALL AT SALKATA SUPER MARKET
VEND_662E9787,CONSTRUCTION OF BOUNDARY WALL NEAR AIRANJONGLA PT I NAMAPARA KOBROSTAN
VEND_1E958491,CONSTRUCTION OF BOUNDARY WALL WITH RENOVATION OF CLASS ROOM OF 1999 NO UMACHARAN BANIPITH BIDYALAY
VEND_89A4F8D5,G P GODAM
VEND_A430C8AB,G P BARDULA
VEND_1E603D5D,MOTA VASNA GRAM PANCHAYAT
VEND_EE20260E,TAPABANTA SAHOO
VEND_93500399,G PAVAN KUMAR
VEND_B34A4EC1,GP KOTHISARI
VEND_7F60870D,GANGA CONSTRUCTION
VEND_6B62B03E,GP LALPUR EAST
VEND_4C3B0674,THE NARNOUND ADRASH COOP L AND C SOCIETY
VEND_691565DB,GRAM PANCHAYAT TIHPATRA
VEND_5F0D9E4C,GRAM PANCHAYAT KARRA
VEND_EC9BF297,KHOKER LAND SURVEY AGENCY
VEND_3CDDD85B,JASBIR SINGH AND SONS
VEND_CE85E4C1,PUNJAB ELEC
VEND_F4D14461,PRIYA NAYAWAS
VEND_F875E0EB,RAMKISHOR
VEND_6D03A728,SOM NATH INFRATECH
VEND_CC299F7E,MILAN KUMAR NAIK
VEND_00A6A0FD,DEVAJIT PHUKON
VEND_D4C90B22,REIPANG VARU
VEND_0D097D27,GRAM PANCHAYAT BARDWAR
VEND_57CAFEA0,GRAM PANCHAYAT AAMAMUDA
VEND_5E4B66F8,SDMC GPS BAMANIYAWALA
VEND_BCB4039E,SUDESANA PATRA
VEND_0F1932E7,BORVAV GRAM PNCHAYAT
VEND_7487AC8F,TANIA ENTERPRISE
VEND_861E9168,JAROD GRAM PANCHAYAT
VEND_37675770,POWER TOOLS AND ENGINEERING
VEND_9784BEF6,TAHASILDAR CHAMPUA
VEND_BF9B206A,CONTIGENCY BDO CHAMPUA
VEND_E2FBFD6F,EMPTY GUNNY BAG BDO CHAMPUA
VEND_8E1ED83B,BDO CHAMPUA MP LADS
VEND_B22A4E13,PARASURAM ENTERPRISES
VEND_BB0FA758,MEIN ENTERPRISES
VEND_51E6A844,SAGAR TILES AND SANITARY
VEND_A81F9EA9,SHOURYA ENTERPRISES
VEND_93252BBD,SARPANCH SACHIV GRAM PANCHAYAT RANIPARTEWA
VEND_E515DB92,GRAM PANCHAYAT BANSANKARA
VEND_99817CC7,GP SONASILLI
VEND_191DEC5A,AMIT KUMAR JUNIOR ENGINEER
VEND_96B96815,R M BUILDERS
VEND_7D829030,HARI CHAND
VEND_D4677814,JANKI PARSHAD GOVT CONTRACTOR
VEND_67D39D5F,AEN O AND M JODH VVNL MANDAR
VEND_A33A038C,DEVLI GRAM PANCHAYAT SWABHNDOL
VEND_75D6AA7B,GRAM PANCHAYAT JAGRUP NAGAR
VEND_0F839A89,SHIVRANI SCHOOL PRABANDHAN SMITI
VEND_68A0620F,GP SIRRIKHURD
VEND_B3009A5F,GP BIJALI
VEND_8834B57A,GP CHHINDGARH
VEND_1A343783,GP CHHUHIA
VEND_6D4C9FEA,GP PERMARAS
VEND_7F77AE36,GP KOKAWADA
VEND_B2D0BFCD,GP BINAURI
VEND_C54CD89B,GP SENDAR
VEND_B53F96C6,GP LAPHANDI
VEND_66D116CE,GP CHARBHATTI
VEND_5D725A17,GP BHAISATARA
VEND_CC2CD4BC,KHABIR ALI
VEND_BED97980,FAYSAL ALAM
VEND_0E5E65F2,SARPANCH GRAM PANCHAYAT BAHURTA
VEND_9257ADAB,NATIONAL ENGINEERING WORKS
VEND_6B98DEA8,GP IKLOD
VEND_CA95441E,GP LADPURA
VEND_FAE810F9,GRAM PANCHAYAT MAHGOD
VEND_88977604,NOVA SPORTS AND FITNESS
VEND_E1E133F2,MALLIKARJUNA
VEND_AFE6D264,KUSMA DEVI
VEND_D6BDA72B,UDAY SINGH
VEND_D52FEDFB,GP PARWATI BARODA
VEND_4CE9F0C8,GP RNAWAD
VEND_161BE6CF,JAGWATI
VEND_671A2A68,SUSHAMA
VEND_F3B8029F,GRAM PANCHAYAT GANIYARI
VEND_BF2F1D10,SUKANTA KISHORE BARIK
VEND_E1584C57,NATIONAL AGRO REPAIR WORKS
VEND_1E5C83F5,GP LAKSHMANPURA
VEND_A8093C9D,DEAN GOVT MEDICAL COLLEGE SHIVPURI
VEND_716FCD27,GOURI ENTERPRISE
VEND_66C5440D,ADAIKKAN V
VEND_6E42E417,THE PANDHER CO OP L AND C SOCIETY LTD
VEND_E6CF8164,GROUP GRAM PANCHAYAT KAPRARA
VEND_49FCD71E,GRAM PANCHAYAT LAMMETA
VEND_D7A48133,DESANG HARDWARE STORE
VEND_63391018,GRAM PANCHAYAT GAJNI
VEND_F0C0B05C,BARDWA TIMBER MART
VEND_C8C3B667,TADELLOS CORPORATION
VEND_989198CB,MOHANRAJ AND CO
VEND_F436920D,KCR CONSTRUCTIONS KADAPA
VEND_B18E0E06,GRAM PANCHAYAT PIPALDHARA
VEND_ACCEA9F5,MAND ELECTRICAL WORKS
VEND_52B97972,GUNINDRA DEKA
VEND_A0D9ABED,GRAM PANCHAYAT BHADANA
VEND_52C48EC8,GANPATI COMMUCATION SERVICES
VEND_47E97969,GRAM PANCHAYAT BINDRANAGDH
VEND_B02D1868,SURESH KARSHANBHAI LOKHIL
VEND_A6213B2E,G P BASSA
VEND_0176D819,SHREE BALAJI METALS
VEND_E9D5C093,SANTOSH KUMAR MISHRA
VEND_CBE6E7D8,KHALSA EXPORTS PVT LTD
VEND_E373DB51,AGGARWAL BUILDERS
VEND_A410C66B,GRAM PANCHAYAT RANGOLE
VEND_7C0DA632,JANTA MAJOOR SAHAKARI SANSTHA MARYADIT PATODA
VEND_E124D997,MS ISLAM ENTERPRISE
VEND_36D15212,ANI ENTERPRISES
VEND_1CD44C95,CONST OF BOUNDARY WALL OF BALARCHAR MATRAGHOLA HS
VEND_6D354E67,PROJECT MANAGER
VEND_68233B20,TRIMURTI INFOTECH
VEND_6669FE6C,MS AFROZ TRADERS
VEND_D58D786B,GRAM PANCHAYAT BHEDVAN
VEND_54704A25,GP KAPISDA B
VEND_CA933C1C,GP NAURANGPUR
VEND_0FE3747B,GP SINGARPUR
VEND_83607D78,GP KATELI
VEND_3157C550,GP CHANDAI
VEND_39C3C1A0,GP RAPAGULA
VEND_82EF2602,GP DANSARA
VEND_FB3DF1F1,SARPANCH SACHIV GP KUTELA
VEND_CEF3F85A,GP FARSWANI
VEND_D7E72005,GP BOIRDIH
VEND_A48E8053,GP PARSADA CHHOTE
VEND_B149AB39,GP KAPARTUNGA
VEND_0B06C302,GP KATEKONI
VEND_AA382472,F M ENTERPRISE
VEND_13C7124E,GRAM PANCHAYAT VAGRA
VEND_A0B0A1D2,A2F DIGITAL PVT LTD
VEND_7472DCF7,JAMBUWANT LABOUR CO OP SOCIETY LTD AMBAD
VEND_D5CF2A2B,GRAM PANCHAYAT KHUJJI
VEND_3050FF5F,GRAM PANCHAYAT BHALESAR
VEND_B91FC84D,BALDEV
VEND_DA233639,MOHIT GIRDHAR
VEND_DEF61FD9,SANGRAM KESHARI PARIDA
VEND_734CA69C,KUMBEPHAL SAHAKARI MAJUR SANSTHA MARYADIT KUMBEPHAL
VEND_7EE107A7,GRAM PANCHAYAT BARDAND
VEND_B44E6A81,SARPANCH AND SACHIV GRAM PANCHAYAT SENDRIMUNDA
VEND_DDFE7409,UNITED AVIATION LABOUR CO OPERATIVE SOCIETY
VEND_824DCEC2,GAJANAN GANGADHARRAO BARKE
VEND_C04A7F24,MS MAHADEV CONSTRUCTION COMPANY
VEND_6C6337F8,GRAM PANCHAYAT DHELU
VEND_229D63DE,AEN O N M AVVNL
VEND_6B460E6E,DIAMOND CONSTRUCTION
VEND_C96419DD,K M C ENTERPRISE
VEND_5AEBC9A2,SARPANCHSHRI KAMLI GRAM PANCHAYAT
VEND_87F78826,SAWAN TRADING CO
VEND_D519217F,GRAM PANCHAYAT SANKRI
VEND_EB003FF3,GRAM PANCHAYAT KURUD SILYARI
VEND_0E8342CD,GRAM PANCHAYAT BHARREGAON
VEND_0F5DFFB0,BHANU SINGHAL
VEND_E07D49FF,RAJKUMARI
VEND_619CF1A0,DEPARTMENT OF YOUTH EMPOWERMENT AND SPORTS DAKSHINA KANNADA
VEND_6153DD7D,STHITPRAGYA ENTERPRISES PRIVATE LIMITED
VEND_15E33AA7,AJAY KUMAR JATAV
VEND_552210DF,PRATAP SINGH GURJAR
VEND_F0C77095,GRAM PANCHAYAT CHIMERKEL
VEND_B616F303,GRAM PANCHAYAT BICHHIYA
VEND_F437B27B,MAA SARADA ENTERPRISE
VEND_D8D70E59,HONEY CEMENT STORE
VEND_C0727338,NEERAJ BRICKS KLIN
VEND_054A695C,PEESU RAJENDAR
VEND_5F4B0FEC,ARUP SAIKIA
VEND_265FDF9F,GRAM PANCHAYAT ASIR
VEND_747F2B2A,BARONDA
VEND_F3837D61,PENTAPARTHI SAYABU
VEND_02A29F65,BONDLA KISHAN
VEND_DCBE69F6,KALA SHUTTERING
VEND_C88FF59D,H D ENTERPRISE
VEND_35FC41E4,GRAM PANCHAYAT MAJHAULI
VEND_92AE5DB1,JAY VEER CONSTRUCTION
VEND_C99BB2F5,SK NAWAJ SARIF
VEND_6924BD8E,GRAM PANCHAYAT KADALU
VEND_FCCAD6DC,SARPANCH GRAM PANCHAYAT MASTURI
VEND_7FD3275D,GRAM PANCHAYAT GARHIMEWAT
VEND_B139DB5D,SARPANCH GRAM PANCHAYAT JONDHARA
VEND_DCDE2211,SHIVARATHRI VENKANNA
VEND_7DF4714B,GP SANKHWAS
VEND_3D40B501,GRAM PANCHAYAT DHUKUPATHRA
VEND_7703FC6A,GRAM PANCHAYAT BUDBUD
VEND_5799AF44,BR TREDING COMPANY
VEND_ADB093C4,R B TRADING COMPANY
VEND_D6BC1A6A,GURJAR ENTERPRIES
VEND_14D02F2F,GP ANDOLA
VEND_3A4D9BEB,KOTEPPA FAKKIRAPPA TELAGERI
VEND_35194D9F,AMM ENTERPRISES
VEND_C40A8ABE,JITENDRA KUMAR SINGH
VEND_149EEAC3,AVVNL GOTAN
VEND_A907D69E,BABU RAM VINOD KUMAR
VEND_F3C81D8E,SAURABH HARDWARE
VEND_4BA798ED,ERICK MOMIN
VEND_B6CCF29B,SMC GUPS INDOKALI
VEND_6AD407BF,JASVIR KAUR
VEND_2E9E215E,GRAM PANCHAYAT SALAH JANDRAH
VEND_F3A03BEA,S SAHA
VEND_BF96A4A8,SARPANCHSHREE KHANUSA GRAM PANCHAYAT
VEND_912023C7,WAPCOS LTD
VEND_8ABB95C3,SARPANCH SACHIV GRAM PANCHAYAT JARAUNDHI
VEND_DA2D3698,SARPANCH GRAM PANCHAYAT CHITAWAIKALA
VEND_B78E692F,GP GUDRA
VEND_B451B8FA,AMINA M S S M
VEND_53F9A4A6,S K ENGINEERING WORKS
VEND_9147AD1E,PRASHANT SONKAR
VEND_296AC292,MULTIPLEX TECHNOLOGIES
VEND_E7019F7C,GRAM PANCHAYAT KESLA
VEND_EF8CB445,GRAM PANCHAYAT KHATODA
VEND_04692C33,SAW BALANG U P SCHOOL SOHPHOH
VEND_85B3CE65,TOPSTAR MARAK
VEND_681B764C,KUMARAN S
VEND_083F93C7,CHINDAM SRINIVAS
VEND_3BD96694,RAJ CONTACTOR
VEND_CFF0D34C,GP SHILLAI
VEND_FDAD87D9,GIAN SAHOTA
VEND_8D2465B3,SMC GPS SONNAGAR
VEND_6B1A4D61,EE NICHLAUL
VEND_6B88671D,SDMC GOVT SCHOOL DESHWAL
VEND_0A362620,MS AMAN MARBEL
VEND_0D417147,GURTEJ SINGH SO JAGRAJ SINGH
VEND_8075DF2B,SARPANCH SACHIV GRAM PANCHAYAT PATHARRI
VEND_B833E6B9,AKASH HAZARIKA
VEND_87C763DC,H K SHANKAR
VEND_F5692BF2,DAKSHIN HARYANA BIJLI VITRAN NIGAM
VEND_720136CF,POSWAL CONTRACTION
VEND_4F103847,BISWANATH SAHOO
VEND_F8FC181E,CHETARSUMBA GRAM PANCHAYAT
VEND_0D68D5AB,SAMANI GRAM PANCHAYAT
VEND_0FD92369,SRI VENKATESWARA VADDERA COOLISANGAM
VEND_116AAD27,SANDIP KUMAR BHAGAT
VEND_998A2D39,GRAM PANCHAYAT SUKULIYA
VEND_16F23F80,SDMC
VEND_AA069BAE,GRAM PANCHAYAT NELASNAR
VEND_A5748965,GRAM PANCHAYAT HALLOOR
VEND_91866CE6,CHANDRASHEKHAR K KATNUR
VEND_1B3039DC,GRAM PANCHAYAT KANERA NIKHAR
VEND_8A2DCC4D,SOLTECH GLOBAL
VEND_AD76EDE2,SARPANCH SACHIV GRAM PANCHAYAT DHARHAR
VEND_79578284,DEEPAK KUMAR SAHOO
VEND_4779414D,BHOLA TRADERS
VEND_8E61AB3D,MPLADS BENEFICIARY COMMITTEE CHURACHANDPUR
VEND_0A8FE0D0,GP CHHIBARRA SARAIPALI
VEND_5EB19AFD,BALRAJ MAKTAL
VEND_7E03512C,NJR ASSOCIATES
VEND_F2594AFF,SHRI KRISHNA STONE AND M SEND
VEND_BDDE41DA,SHIV SHAKTI CEMENT AND STEEL
VEND_BC4A2463,MATHUKUTTY G
VEND_BF8BD6BE,MAHDEV CONSTRACTION COMPANY
VEND_4D16D4E9,SARPANCH SACHIV GP KURRUBHATHA
VEND_AE681F44,KAJLI GRAM PANCHAYAT
VEND_FC8043C4,TURA CHRISTIAN BOYS SEC SCHOOL
VEND_40B1719C,BIDARIK INSTITUTE OF LEARNING
VEND_16212CB7,GRAM PANCHAYAT SONTHI
VEND_47E34E58,SARPANCH GRAM PANCHAYAT OONI
VEND_08578BA2,SARPANCH SACHIV GRAM PANCHAYAT MATIYADAND
VEND_DF378F7F,J B S CONSTRUCTION
VEND_9A497B7A,ATHIK TISSO
VEND_44DCA9D8,GRAM PANCHAYAT BARGAON
VEND_A5A0077A,GRAM PANCHAYAT DURUGPALI
VEND_7D5029B1,GRAM PANCHAYAT BARADOLI
VEND_2851D1B0,GRAM PANCHAYAT KOLIHADEORI
VEND_A3A9AEA0,GRAM PANCHAYAT GANEKERA
VEND_1008F915,SARPANCH SACHIV GRAM PANCHAYAT KATHILA
VEND_A134EDF9,SARPANCH GRAM PANCHAYAT JHEET
VEND_EFDB9A0A,ASHISH CONSTRUCTION
VEND_6F035A5F,RATANGADH GRAM PANCHAYAT
VEND_35BA8366,SANDEEP VASANT GOKHALE
VEND_6208F3FA,MR REDDEPPA T
VEND_A5539F04,RAJ KUMAR SHARMA
VEND_0FC2123B,GP KHINWSAR
VEND_8737C3EF,GRAM PANCHAYAT KHUNDALA
VEND_16783359,THE SHREE RAM COOPERATIVE LABOUR AND CONSTRUCTION SOCITY LIMITED DHAND
VEND_ECA08966,AVVNL
VEND_85CB46F7,AVVNL AJMER
VEND_40FB4655,GRAM PANCHAYAT VATRA
VEND_82B2C8A9,VIKASH GUPTA
VEND_1534B9C0,SURENDRA GUPTA
VEND_3C8F57CD,NIRMAL KUMAR TIRKEY
VEND_CA14DF4C,MITTAL BOOK AGENCY
VEND_C9FA646B,GRAM PANCHAYAT TOYNAR
VEND_D57E33DA,GP CHARBHANTHA
VEND_85AF8A58,EXECUTIVE ENGINEER OPERATION TOWN 2 APCPDCL GUNTUR
VEND_026C8951,GRAM PANCHAYAT LAMBAR
VEND_90F15CE9,GREENZ
VEND_62815C7E,CH SHRAMIK MSS LTD NAWALEWADI
VEND_4608A6FF,CH SAPTSHRUNGI MATA WADAR MSS LTD AKOLE
VEND_066035BA,CH SHRAMSHAKTI MSS LTD WAKADI
VEND_A09718F8,JIBAN DEKA
VEND_D5D14AF0,JITUMONI SUTRADAR
VEND_3CD2CDE1,GRAM PANCHAYAT NARRA
VEND_49CB5DB9,GRAM PANCHAYAT ANWARPUR
VEND_DC760DDE,GRRAM PANCHYAT MUNGASER
VEND_96958BAF,CHAUDHARY TRADERS
VEND_8C44A4F3,GP CHHIBARRA
VEND_F551D2F6,CHECKNOV K SANGMA
VEND_B0288257,WILLIPSON SANGMA
VEND_9CD4AD0D,KEBINAL MOMIN
VEND_A4A7EF03,S N ENTERPRISE
VEND_57A0B378,JANGBA ENTERPRISE
VEND_9149F548,JP LENDHARA
VEND_171EFC45,GP NAUGHATA
VEND_0B5F3403,AVVNL KHINWSAR
VEND_91AC9678,K RAJENDRAN
VEND_D0C69EA6,RAHUL WAGH
VEND_35967DA1,MAK AND SONS ENTERPRISES
VEND_6252867F,CC FOR AMIYA NAGAR UNNAYAN SAMITY CHANDMARI
VEND_07C38546,GRAM PANCHAYAT CHHIRRA
VEND_4D2FA044,GRAM PANCHAYAT PIPARBHAWNA TE
VEND_24A87080,GRAM PANCHAYAT SURAJPURA
VEND_F8CCA362,OFFICE OF THE ASSISTANT ENGINEER BAC PAKYONG
VEND_6F001D1A,SARPANCH SACHIV GRAM PANCHAYAT ANJANI
VEND_EB59A4F9,ANUSHKA CONSTRUCTION SUPPLIERS
VEND_9C6D5C97,PANKAJ PATNI
VEND_830F6463,PALASAN GRAM PANCHAYAT
VEND_6F95E1B0,ILIAS CONSTRUCTION
VEND_162769C4,MANNA ENTERPRISE
VEND_A184962A,HIMALYA BORING COMPANY
VEND_7FA4BF92,KETSEIYIE CHARLES MERE
VEND_1AD6D81C,G MOHANAN NAIR
VEND_007E6179,GRAM PANCHAYAT JOGIPALI
VEND_87362617,GRAM PANCHAYAT JAMPANI
VEND_F778D2B0,K MOHAN REDDY
VEND_2EE4FDAF,GRAM PANCHAYAT HATHANIKALA
VEND_0ACE09C1,DAN SINGH
VEND_2B1DBC60,GP RATHIAR
VEND_77DD5E21,GRAM PANCHAYAT KARIYAN
VEND_772DB29A,CHIEF MANAGER OFFICE MEGA PLANNING LOCAL AREA MANDSAUR
VEND_4A7B44B8,SARPANCH GRAM PANCHYAT PONCH
VEND_D508D55C,OHRI STEEL WORKS
VEND_E498C95B,BIJAY KUMAR DAS
VEND_3F0A2B4F,GRAM PANCHYAT CHHATAN SGVY
VEND_DA1071E5,SARPANCHSHRI TUNDAV GRAM PANCHAYAT
VEND_7203AC5F,RUDRA LAXMIRAJAM
VEND_51173029,NIRANJAN SARKAR
VEND_1BB8C49D,NANGI RAJESH KUMAR REDDY
VEND_46A12506,SARPANCH GRAM PANCHAYAT BABADIYABHAU
VEND_3C1A2C23,MS ANAND ENTERPRISES
VEND_20A63AD7,AMANDU KRUSHNA
VEND_05458355,EXECUTIVE ENGINEER ELECTRICTY DISTRIBUTION DIVISION KUSHINAGAR
VEND_9D65514D,MANSUR ALI
VEND_F86664C4,SELVARAJ R
VEND_9800F50A,GRAM PANCHAYAT CHANDI
VEND_E047A5E2,MS ANNA ENTERPRISES
VEND_B8F6B333,JEDWIN LYNGDOH
VEND_72E0DED9,S SUBRAMANIAN
VEND_FBC447F8,BISWAJIT SAHA
VEND_AF4CDCFF,KAMALA CONSTRUCTION
VEND_B4F63AEE,DECORATORS RAJU AND RAJIB BASU
VEND_E70AF588,B D CONSTRUCTION
VEND_C0DB2A0B,BINOD KUMAR MOHANTY
VEND_6009F666,MANDAL PHOTO STUDIO AND HARDWARE
VEND_AF7A2B54,PRESIDENT VILLAGE WORKS COMMITTEE ELLAPALLE
VEND_A5AAE0B2,THOTA RAJA REDDY
VEND_A86405DD,MUTHUVEL N
VEND_743D564F,GP PAPRAUDI
VEND_C4A50099,GRAM PANCHYAT BHALAPUR SGVY
VEND_F9F87413,ASSISTANT ENGINEER SAHPUR
VEND_E5B0D56D,RAJESH S
VEND_1FFA2AC8,SARPANCH SACHIV GRAM PANCHAYAT SALHEKOTA
VEND_6824C6AB,MR NARESH GANDHAMANENI
VEND_E2C56D1D,VASIREDDY DURGA PRASAD
VEND_D6FEA47D,G SRINIVAS
VEND_F9B1B50D,AKSHAI MATHEWS
VEND_19EA5719,GARAM PANCHAYAT MACHANPAR
VEND_4802152B,GRAM PANCHAYAT DABPALI
VEND_7645FA85,GRAM PANCHAYAT AAMAKONI
VEND_D0BAE830,GRAM PANCHAYAT DWARTARAKALA
VEND_86746A5B,R IMSENTEMJEN
VEND_7492B912,GUMMULA PRAKSH
VEND_891C8A89,GRAM PANCHAYAT KALAYANPUR
VEND_24E97D57,GO GREEN SOLAR
VEND_59FE9633,PO DRDA SOLAN
VEND_65C1351F,GREEN HILL TRADER
VEND_2BBDA525,BENUDHAR GARDIA
VEND_92EB4828,PUSPANJALI BILUNG
VEND_B61453BA,GRAM PANCHAYAT CHAUNTRA
VEND_B7783633,OM SRI SAI SRINIVAS MOTORS LLP
VEND_EBC35377,K RAMESH NAIDU
VEND_7E8F1E6F,AKBA GRAM PANCHAYAT
VEND_37634C39,MADASAMY
VEND_3BE78707,SARPANCH SACHIV GRAM PANCHAYAT KATRA
VEND_0BA3F2BC,GURU NANAK BUILDING MATERIAL
VEND_7E421F0A,RAJVEER MEENA
VEND_B5C0EB44,NIRAJAN LAL
VEND_D4BCEB83,PINKEE MEENA
VEND_932E6C51,PHOOLVATI
VEND_B079A727,CHANDA BAI MEENA
VEND_900D6822,AARAM
VEND_98809C3F,SANTA
VEND_FD3CD523,SIRIPURAPU RAMBABU
VEND_E90CB4C8,PRESIDENT VILLAGE COMMITTEE
VEND_168E7B64,RP AND RP CONSTRUCTIONS
VEND_24933DE7,SAKTI SWARUP DAS
VEND_96631DB4,JEON WALA TRADING CO
VEND_F290D9DD,JAYANTA ELECTRIC AND CO
VEND_4830CAAD,GRAM PANCHAYAT SIKARI MAHKA
VEND_D61CDE79,JUNA VADIYA
VEND_541DC7A6,MS LOVELY CEMENT STORE
VEND_76BA4411,K RAJARAM AND CO
VEND_EC230F2A,V K CONTRACTORS
VEND_BD917346,BHARTI SAINI
VEND_BED76517,AMRIT LAL
VEND_9EAEF6F8,GURCHARANJIT SINGH
VEND_325870B5,ARUNDEEP SINGH
VEND_C1F0D1FC,GURMIT SINGH
VEND_B514C00F,KARUPPAIAH K
VEND_3C6BDE6F,MR K DHARANI PRAKASH
VEND_D23FD58D,SARPANCH OF GRAM PANCHAYAT DUMARKACHAR
VEND_45B0E0FD,NGIMTALAKPE EHEILUNG
VEND_5242228D,NAMDATBOU
VEND_175F679E,NAGAR PALIKA PARISHAD SHAJAPUR
VEND_64C1E6BF,GRAM PANCHAYAT KHAIRBHAVNA
VEND_45CB4887,MS PIU ENTERPRISE
VEND_DC401AEC,CHILUVERI SATYANARAYANA
VEND_15CC8361,GUNTUKA SURESH BABU
VEND_0B975F03,SUDARSHAN KUMAR
VEND_073DDC94,JUNIOR ENGINEER 4 BARGARH BLOCK S TIRKEY
VEND_BF0D962C,UP NEDA
VEND_2D35C7BB,AGGARWAL STEEL TRADERS MALOUT
VEND_46E369E3,SARWANJEET
VEND_552BD849,BDO FATEHPUR
VEND_DA8B8BD8,GUPTA BUILDING MATERIAL MALOUT
VEND_046BD54F,GRAM PANCHAYAT KARDANG
VEND_16BED30E,GRAM PANCHAYAT MADANPUR
VEND_C67668EE,PRIYANKA RAWAL
VEND_569F32A0,LIMMADA KRISHNA RAO
VEND_34837184,DANYAL MASIH
VEND_F3A2D273,SARBJIT SINGH
VEND_B177D820,SAURABH SANJAY BAKKAM
VEND_15F46D5E,GRAM PANCHAYAT NAMRAYANPURMMMMMMMMMMMMMMMMMMMMMMMMMMMMMMMMM
VEND_84224FF4,MS PRERONA ENTERPRISE
VEND_93AEAE6A,GRA PANCHAYAT ISHURWARA
VEND_054B24D5,SARPANCH SACHIV GRAM PANCHAYAT BELJHIRIYA
VEND_AF159D0A,GRAM PANCHAYAT KHIRIYA NIKHAR
VEND_B9A6D919,SHRI SAMARTH MAJUR SAHAKARI SANSTHA MARYADIT
VEND_81786EA0,SARPANCH SACHIV GRAM PANCHAYAT DHANOURA
VEND_455B2BB3,MS DALIP SINGH BKO
VEND_E69D6FB8,GRAN PANCHAYAT BHANDARKHOL
VEND_7ACE42D1,CHAIRAMAN SATYA SAI MAJOOR SAHAKARI SANTHA MARYADIT NARSI
VEND_A81C9ADD,SARPANCH G G P AHWA
VEND_C81E2F61,DZIESEVITUO SOLO
VEND_A6EBA024,NAVJOT SINGH
VEND_2C85E066,IMON CONTECH
VEND_EE8D92D4,RAMESH GUPTA
VEND_327D6D4D,TRILOCHAN RAM YADAV
VEND_053A37DB,MANOJ KUMAR PANDA
VEND_388CE0A0,TAHASILDAR PATNA
VEND_B0D29507,SWASTIK HARDWARE
VEND_FE76FC67,SIBIN B S
VEND_23A2F699,BHOLENATH CONSTRUCTION
VEND_4E393F66,METHDAK MINLEI KONYAK
VEND_FFE3425E,VEMULA SRIHARI
VEND_E873F207,BOBY GILL
VEND_E9352958,KATOSAN GRAM PANCHAYAT
VEND_34605677,SARPANCH GRAM PANCHAYAT KUTRA
VEND_67DD860D,SARPANCH GRAM PANCHAYAT BODSARA
VEND_4B1A87FC,EZHILAN H
VEND_54AA82C2,GRAM PANCHAYAT SINGHORA
VEND_27E5A75E,SATNAM MOTOCORP PVT LTD
VEND_B287928B,BABA FARID BKO
VEND_342CB358,TILAK RAJ
VEND_1BBC8BC0,SARPANCH SACHIV GRAM PANCHAYAT PARASI
VEND_4C1AA476,GRAM PANCHAYAT KALLUTOLA
VEND_E4A7B966,GRAM PANCHAYAT MAGARDHOKHARA
VEND_C6FD1309,JAGAT GOGOI
VEND_78EF9CA3,MR BHAGABAN SAHOO
VEND_67163673,P KALICHARANREDDY
VEND_B5826D89,INTENT COMPUTER SOLUTIONS
VEND_C67CDCEB,SANAM CONSTRUCTION
VEND_7D8E0768,DIPAK KUMAR YADAV
VEND_84741BD7,SARMINDAR TERANG
VEND_68E6FDC9,JAMES PHANGCHO
VEND_F7D6CC51,EXECUTIVE ENGINEER ELECTRICAL DIVISION PALLOM
VEND_CA5EC04C,RANGBAH SHNONG LAWJYNRIEW NONGTHYM
VEND_AD8D3D18,MS GARG BRICKS
VEND_14264A89,PALLIKONDA POSHAIAH
VEND_C6B7499A,MANOHAR SAINI
VEND_0A0803F1,LAKHVIR CEMNT STORE
VEND_057826DE,RAJENDRAN S
VEND_363840A5,GADDAM MALLAREDDY
VEND_BAD1D0AC,B RAJENDHAR
VEND_5BD3B323,RAMNIWAS ENTERPRISES
VEND_327B74E3,LORA CONSTRUCTION COMPANY
VEND_7D9CABBD,RAJYA PRAWARTIT YOJNA G P LAINGA
VEND_0B879A89,MULBHUT G P PANDRIPANI
VEND_DC86E980,RAJYA PARIVARTIT YOJNA GRAM PANCHAYAT LAD
VEND_1EFA5FDF,GRAM PANCHAYAT AMJHAR
VEND_246BA36C,MONALISHA CHAKRA
VEND_CFC2AE4A,SASMITA HEMBRAM
VEND_EA7D9535,SITAKANTA BEURA
VEND_9B9842B7,SANTHOSH P
VEND_AE2F7D01,SHAHID CONSTRUCTION SHAHID KHAN
VEND_828E657B,S ANTONY AMALA UNIDA TUFF CONSTRUCTION
VEND_9FF09033,MANJUNATH GALAGALI
VEND_70B54E2C,GRAM PANCHAYAT FATIKHAN KEWADIYA
VEND_DACFAEA3,FERKUVA JUTH GRAM PANCHAYAT
VEND_9940DB44,GRAM PANCHAYAT MAHURI
VEND_BF6A8E06,HARA RAM
VEND_B2898C2B,MS GOURAV CONSTRUCTION AND COMPANY
VEND_C11FE7F1,SAI DATTA MAJOOR SAHAKARI SANSTHA LTD BHATAMBRI
VEND_FD69003B,RAMESH B BEEDAGOND
VEND_AA87C16F,TAHASILDAR GHATGAON
VEND_09B69134,EX ENG ELECTRICITY DIST DIV R HALDWAN
VEND_8337BDC5,BDO GHATGAON
VEND_8ED0DE89,ASHOK MAHATO
VEND_4847813C,MS CHOUDHARY UDHYOG
VEND_DD961E3A,GRAM PANCHAYAT NADIYA
VEND_51E21B11,VEMULA NAGESWARA RAO
VEND_AA1E4A2C,DTC TILES
VEND_F4B47563,GRAM PANCHAYAT BARWALA RAJIYA
VEND_A42CF91E,MS KUSUM CONSTRUCTION COMPANY
VEND_83F7B4E6,SUNIL SHRIMANT NADURE
VEND_2E1BCF0B,KUBER INDUSTRIES
VEND_2FCBF3A7,GARG BUILDERS AND SUPPLIERS
VEND_BA2C64A8,MYSORE NIRMITHI KENDRA
VEND_B2FC4407,VEDPUR GRAM PANCHAYAT
VEND_5EB0CD09,A NAGARAJU
VEND_4891F82B,GRAM PANCHAYAT BADE DABHA
VEND_82003F01,GRAM PANCHAYAT MEDINIPUR
VEND_90E59099,S D ENTERPRISES
VEND_9025512D,KHRIEDILHOULIE THEUNUO
VEND_73FD9DCF,GRAM PANCHYAT JASRAJ SARPANCH
VEND_AC90C78F,UP STATE AGRO SONBHADRA
VEND_AB067B81,ARADHYA VISHNU BAPAT
VEND_9B1EDE9A,MITTAL TRADERS
VEND_B6109111,JAI AMBEY TIES AND MATERIAL SUPPLIERS
VEND_9FA5F394,AOTOSHI
VEND_AC44395D,GRAM PANCHAYAT LAFA
VEND_897B667A,PITTA VIVEK
VEND_627F1E9C,GRAM PANCHAYAT KANGRERI
VEND_03FBF594,SCHOOL WELFARE FUND GOVT HIGH SCHOOL MAQ
VEND_E4E1C62A,VASANA SEBHAR GRAMPANCHAYAT
VEND_3050E7B2,SARPANCH SACHIV GRAM PANCHAYAT KACHHAR
VEND_2B8B737E,ABS ENTERPRISE
VEND_A7CB55D7,KGN CONSTRUCTION
VEND_92C76414,DIPALI BUILDING STORES
VEND_2D97FE8C,SARPACNH SACHIV GRAM PANCHAYAT LATKONIKHURD
VEND_C0897442,SARPANCH SACHIV GRAM PANCHAYAT KARHANI
VEND_EE2B8E6F,MANSAR GRAM PANCHAYAT
VEND_61493516,SARPANCH SACHIV GRAM PANCHAYAT PODI
VEND_30ABD8A2,VARIJA TILES AND SANITATION
VEND_A7FD0A03,MO KARUL
VEND_1DD30D62,SACHIN AKKAGOL
VEND_4068E8D3,VIJAYALAKSHMI KAMASANI
VEND_91312C33,AMITH SHARAN H E
VEND_B2564675,SHRI RK CONSTRUCTION
VEND_BC30305B,GRAM PANCHAYAT BHALANIYA
VEND_DDB86173,ELECTROMECH
VEND_53BDAD14,NISHA CONSTRUCTION
VEND_731F3C99,MAKSUD AHMAD CONTRACTOR
VEND_1303F3F2,KANERAV GRAM PANCHAYAT
VEND_7FF1D556,GRAM PANCHAYAT NANPULALI
VEND_ED1A2A2A,CON WAIT SHED BIRAT NAGAR CHAIRALI
VEND_D7D46490,CON BOUN WAL SATDUBURI RAR GRAVEYARD
VEND_4EF7B39D,SHREYAN CONSTRUCTION
VEND_79DDCB84,CON BOUN WAL PLAY GROUND NEAR IDDGAH
VEND_EB6B42BE,BIKASH ENTERPRISE
VEND_71B063A1,GILLELLA VENKATESHWAR REDDY
VEND_66770B79,CON COMM HL TLPRA WKLY MRKT NR MDL SCHL
VEND_87D45030,CON OF COMMUNITY HALL AT RANIGANJ
VEND_33252FF1,RANITH ENTERPRISE
VEND_C0410A65,CMO KANATAFOAD
VEND_9C993895,BAYAN CONSTRUCTION
VEND_8AA41A60,DCS CONTRACTOR
VEND_4B32CC27,KRISTON A SANGMA
VEND_23F058D5,P AND J CONSTRUCTION
VEND_792C9C99,GRAM PANCHAYAT BARELI
VEND_CC66F720,GRAM PANCHAYAT JHALWANI
VEND_BFE04A2D,RAKESH KUMAR SHARMA
VEND_90B87F50,GP BHANOTA
VEND_D97270FB,NAGIREDDY CHANDRASEKHAR REDDY
VEND_03720B2C,THE DRUG ON
VEND_34BFFA1C,TARA MA ENTERPRISE
VEND_0BAD2D7E,MUH SHERALI MADINA MAHAVIDDYALAY
VEND_57AF72DD,VIKRAM RONGHANG
VEND_1B8FF978,J M ENTERPRISE
VEND_44D41F71,ARNOULI TIMBER TRADERS
VEND_BAF5C5D7,GRAM PANCHAYAT JANGLESAR
VEND_77AA87F9,YASHIKABA
VEND_69C1985F,JAYANTA KUMAR PARIDA
VEND_0349A7E6,DVIJA TRADERS
VEND_D98D5DF6,SUNBEAM
VEND_73A573EA,SAYED TARIQUE AZIZ
VEND_EC7408EF,SARPANCH SACHIV GRAM PANCHAYAT TENDUMUDA
VEND_DF447399,GITA CONSTRUCTION
VEND_77C12065,GP SAKOH
VEND_1478096F,INDRANIL CHAUDHURI
VEND_B8FF80F8,RAMASAMY G
VEND_7A873055,TARUN SINGH
VEND_EC7ADDC0,GRAM PANCHAYAT JILDA J P PENDRA
VEND_3A68ED50,RIHAN CEMENT SARIA STORE
VEND_2AF25FB3,GRAM PANCHAYAT KOT
VEND_B765B7AC,JOGNIYA ENTERPRISES
VEND_59058A2C,IMSUYANGER LEMTUR
VEND_4919A281,JODH RAM
VEND_CF9168D0,VIRMA DEVI
VEND_C012285D,JODH RAM DHOBHAL
VEND_B4F34C2A,ROOPA DEVI
VEND_C00D713F,AKUONUO
VEND_7A3794E6,PROMPT ND PURE
VEND_9776C9E8,GRAM PANCHAYAT DINDOURI CHI
VEND_D63710F2,AKULA RAJA REDDY
VEND_5F2B1DFA,SRI NELCO ENTERPRISES
VEND_FB48BB39,A ANIL KUMAR
VEND_9BED92BF,GRAM PANCHAYAT DOH
VEND_F3571F81,MD KHOBIAR RAHAMAN ENTERPRISE
VEND_C6168003,RAGHUKUL CONSTRUCTION
VEND_3124D0D4,KHAN ENTERPRISE
VEND_C9514A58,A RUKMINI
VEND_617D4DB5,GRAM PANCHAYAT SHUPATRAI
VEND_30A83318,DHARMENDRA ENTERPRISES
VEND_13C9DFE2,SKP ENTERPRISE
VEND_A46A4610,ASSISTANT ENGINEER ZILLA PANCHAYAT OFFICE
VEND_CEF20D81,GURU KIRPA INT UDHYOG
VEND_7DCEF594,SARASANI ANANTHA PADMA REDDY
VEND_1270925B,YONGKONGSANGLA R
VEND_E6C2AE69,ZAMOK JAMIR
VEND_DCDBB354,IMLIONEN
VEND_F8D03054,TEMSUMENBA IMSONG
VEND_A34BE32E,K IMLITEMJEN JAMIR
VEND_86D702C5,MEGHANATHAN G
VEND_435BBE26,EAP LIFE STYLE PRODUCTS
VEND_DD87B1BB,CHAKRABORTY CONSTRUCTION
VEND_7502EBDD,SHINOJ T A
VEND_99BDA50B,TULSI MANAS PRATISHTHAN
VEND_9FB73522,M RAMESH
VEND_AA86D91E,SRI VAISHNAVI ENTERPRISES
VEND_223FA7F5,SREEVARI ENTERPRISES
VEND_63C08182,VITTHALGAM GRAM PANCHAYAT
VEND_3F563CDB,ABHISHEK NAIK I L
VEND_160DF90E,UJJWAL ENTERPRISES
VEND_8299B1F1,NAVCHETAN GRAM PANCHAYAT
VEND_EC65C47A,LOKNATH ENTERPRISE PRO KOUSHIK MAJEE
VEND_5C2E8F6B,KADATHALA SWAMY REDDY
VEND_9612B3ED,BHERU LAL GURJAR
VEND_096114C7,SARPANCH GRAM PANCHAYAT RAIPURA
VEND_BD434DEC,MODHUKA GRAM PANCHAYAT
VEND_3FACC2CD,KARTHIKEYAN M
VEND_C1427A0C,GILL ELECTRIC AND HARDWARE
VEND_C210C4CC,VADHAVA
VEND_D66F2AC5,GP TANEHAD
VEND_B434434A,GP GIRARI
VEND_8AA64CE9,TAKIAR GYM INDUSTRY
VEND_40A3583C,ANTALIYA GRAM PANCHAYAT
VEND_6F4A67E7,GP DEORI
VEND_8DD8A2A8,GP DHIRUTOLA
VEND_2586D513,GP PONDI SIDHAURA
VEND_A7770BF5,P S ASSOCIATE
VEND_FD86CAA9,SUDARSANAM CO
VEND_9C6B3EF5,DASARI SADANANDAM
VEND_4EBFCA4B,GRAM PANCHAYT SANJANAVAV
VEND_85E6B622,GOVINDH CHOWHAN
VEND_B0AA3CAA,SARPANCH GRAM PANCHAYAT GALGALADIH
VEND_AED2C9D6,SARPANCH GRAM PANCHAYAT BHOTHIYA
VEND_008FA287,SARPANCH GRAM PANCHAYAT AMGAON
VEND_93F561E0,AJAY RAM TARAI
VEND_E6CCE2AD,SARPANCH GRAM PANCHAYAT DHAMANI
VEND_A6BF9003,SARPANCH GRAM PANCHAYAT GHIVARA
VEND_6D55BDAF,TAHASILDAR SUBDEGA
VEND_ED0B98C3,MS GOYAL COMPANY BKO BHIKAMPUR
VEND_0CCFE695,G KHEKAVI ZHIMO
VEND_FE2D533E,K WATI IMCHEN
VEND_29F76F76,YAMANAPPA WALMIKI
VEND_771003FD,SARPANCH GRAM PANCHAYAT BHATMAHUL
VEND_A8AC01F3,VISHAL JAYARAMA SALIAN
VEND_0D78B782,THALLAPAKA NAGARJUNA REDDY
VEND_94298823,M SHILU JAMIR
VEND_0C8FB6A9,KASHAPAGA ABRAHAM
VEND_0E984BE6,WEHEAR INNOVATIONS PRIVATE LIMITED
VEND_E970A27E,MALIDA SUPPLIERS SAHALAM MALIDA
VEND_2A54DAC7,MANJUNATH GODAPPA TIMMANAYAKAR
VEND_98B65884,KOKKERA AJAY BABU
VEND_C0AC4B5E,DWARAKANATH REDDY
VEND_911CCF02,NEO MOTORS
VEND_C272EE18,SARPANCH SACHIV GRAM PANCHAYAT DEVRIKALA
VEND_98115210,SARPANCH SACHIVA GRAM PANCHAYAT DAMDAM
VEND_EDD8B9F8,MA ANNAPURNA LIGHT AND SOUND SYSTEM
VEND_C5239865,RAJYA PARIVARTIT YOJNA GP MALDA
VEND_2DC515FF,RAJYA PRAWARTIT YOJNA G P BANJARI
VEND_B50C30AA,V MATHAI
VEND_A47FFB2B,HABEEBULLA S
VEND_A54B2C36,R S CHALAGERI
VEND_4F67053C,R PRABHU
VEND_89BFF4E2,NALLA MOHAN REDDY
VEND_2D239B00,K PULLIAPPAN AND CO
VEND_E06F7C76,NONGTALANG MISSION VILLAGE DORBAR
VEND_0888EFC8,RAJALAXMI SINGH
VEND_02099041,ALEMWABANG JAMIR
VEND_89633430,GRAM PANCHAYAT PUNGAR
VEND_6FFE3A0C,BRAHMAPUTRA ENTERPRISE
VEND_81904E5E,BALAJI ENTERPRISE
VEND_BB40E4E4,RK ENTERPRISE
VEND_96820DA8,SATYAPRIYA SETHA
VEND_6F7156AE,GAJANAD PATEL
VEND_A24F65AD,THURPU LINGESHWAR
VEND_ADED0747,VAIRAMANI
VEND_3D1A1765,DARBAR BILDING MATERIYAL AND SAFLAYAR
VEND_A70A3645,GUPALA BHUPENDER
VEND_1DDF9A5D,KARAMCHAND D SINGH
VEND_1B815103,GRAM PANCHAYAT DHAKVADA
VEND_2644436A,SOLGAM GRAM PANCHAYAT
VEND_A27290A8,NIRMITHI KENDRA UDUPI
VEND_17C36FC1,NEERAJ NAUTIYAL
VEND_D14A1F4E,GRAM PANCHAYAT KAMAH
VEND_970BE11E,BHARAT CO OP LABOUR SOCIETY LIMETED
VEND_0A6CE228,JAGTAR INDERJIT SINGH
VEND_78691336,K PANDI AND CO
VEND_CA7DD4AC,JASVIR SINGH SO GULZARA SINGH
VEND_F2612CC5,TARSEM SINGH SO SURJIT SINGH
VEND_DC3E2F39,SRI LONGKI BEY
VEND_BB4E0C65,SRI SON SING KILLING
VEND_B06DF940,SANJEEV BUILDING MATERIAL
VEND_2ED836AB,NARYAN
VEND_BAE25AF3,BHARAT CONSTRUCTIONS
VEND_94CC383C,RAMESH N
VEND_38583AC7,JAGJIT SINGH SO SUKHWINDER KAUR
VEND_EB67C6C5,JYOTI ENTERPRISE
VEND_DC163770,DEE OPERATION RURAL KARIMNAGAR
VEND_37B7643F,PASWAN
VEND_AA486D06,PAARI CONSTRUCTION
VEND_676742E4,SURESHKUMAR V
VEND_F880E5F0,DURGA TRADERS
VEND_4C506EEB,ARIJIT CHAUDHURY
VEND_46231E91,RM MP AGRO SATNA
VEND_26033494,RAHUL KUMAR GOVT CONTRACTOR
VEND_6C4FCB3E,SARODA GRAM PANCHAYAT
VEND_6C1FF642,JORDIYALI TAKHATPURA GRAM PANCHAYAT
VEND_3C2088E4,NIRMITHI KENDRA CHAMARAJANAGAR
VEND_09C44ED2,KALLEM MALLA REDDY
VEND_4E56E2BE,UDGIRI RAVI KUMAR
VEND_BF318B2E,GRAM PANCHAYAT CHERWAPARA
VEND_EC055BFB,GANDRA YATHINDRA RAJEEV
VEND_4FC82898,DORBAR SHNONG KULIANG
VEND_1EF0B51E,BAI LINGANNA
VEND_2D2E199F,THE PRINCIPAL COLLEGE OF ENGINEERING PATHANAPURAM
VEND_BC2EAB88,SAMARPADA GROUP GRAM PANCHAYT
VEND_F508F2E9,GANGA BHARTI LEBOR CO OP SOCIETY PARTUR LTD PARTUR
VEND_39207CD3,RR ENGINEERING CONSTRUCTION
VEND_570E2B25,CHHAPRA GRAM PANCHAYAT
VEND_49231CD4,PRALHAD RAVALU MORE
VEND_6710EF68,SURESH SINGH CHAUHAN
VEND_B5D6EAC5,ANSUL RANA
VEND_0FE0D558,SURESH CHAUHAN
VEND_918D0510,JAY SHREE KHEREPATI SHIKSHA SEVA SAMITI
VEND_59FB8F66,DORBAR DONG PAHAR UMKIANG
VEND_3250CD6E,MARKANDA COOP LABOUR AND CONSTRUCTION
VEND_D657E48F,SAR AND SAC GRAM PANCHAYAT JOGISAR
VEND_947F778C,SANTOSH KUMAR PRUSTY
VEND_2734E39A,SARPANCH SACHIV GRAM PAN KOTMI KHURD
VEND_358F235D,GRAM PANCHAYAT DEVSAR
VEND_2A877A7E,SARPANCHSHRI GRAM PANCHAYAT TORNA
VEND_35204EAD,GRAM PANCHAYAT VASAN
VEND_42AA16DB,POORVA CONSTRUCTION CO
VEND_76929C0C,KUMARPAL
VEND_B301A9F2,CHHITER SINGH JATAV
VEND_2CCD1A3C,JAGANNATH CONSTRUCTION
VEND_3A55741E,GRAM PANCHAYAT NAVAGAM
VEND_147FAA0E,MR SADASIBA SAHOO
VEND_CD979093,MR MANAS KUMAR SAHOO
VEND_262C6FEA,P P CONSTRUCTION
VEND_44280640,SARPANCH KUMBHARFALIYA GRAM PANCHAYAT
VEND_7B49B731,OM SHREE SATYA SAI CONSTRUCTION
VEND_2BBB084C,PANCHIRI VENKATESHAM
VEND_CAF2B94B,GRAM PANCHAYAT DHOLPUR
VEND_85A77BC8,RAJEN DIHINGIA
VEND_FCD5B924,RUPWATI
VEND_5B2067F1,SAR AND SAC GRAM PANCHAYAT SEMRA
VEND_5AFBD8FD,SARPANCHSHREE GRAM PANCHAYAT ALAMPUT
VEND_A2E8F164,KUMAR RISHU RAJ INFRA PROJECT
VEND_47A16049,SARPANCHSHRI AMUDH GRAM PANCHAYAT
VEND_462A9E79,GRAM PANCHAYAT ANDHRA
VEND_3B909F70,CHAPAD GRAM PANCHAYAT
VEND_EF66B37F,RENGKA TERONPI
VEND_B03B459D,SIKA TOKBIPI
VEND_A9E26D3A,SANJOY TIMUNG
VEND_FF9080A0,MINU TERONPI
VEND_0B049AF9,JIRSONG TERON
VEND_E075266C,THE NEW PUNJAB COOPERATIVE L C SOCIETY LTD
VEND_3CB82D85,MIRA TISSOPI
VEND_81003230,ASHA TISSOPI
VEND_4E6CE7DB,LONG KATHER
VEND_A208E583,AVINASH
VEND_AAB7DEB5,MS SHRI AMBIKA MATA
VEND_82FCFED1,MOINA TERANGPI
VEND_6D3A5C59,PRAKASH MUNI
VEND_E31AA203,KOTTALA NARESH GOUD
VEND_35E1E353,K NARENDHER
VEND_0D716BBD,SHIVA CHOUBEY
VEND_F135EB6A,LOKNATH BORAH
VEND_1F55DAA6,GARIB NAWAJ CONSTRUCTION
VEND_08D428D2,T D TILES
VEND_63567BB6,SHRI KHODVADRI GRMA PANCHAYAT
VEND_D56336E4,EE EDD HATA
VEND_E7D3DA86,KAMIREDDY RAJA REDDY
VEND_D7EE5FC7,VANKANER
VEND_975A9A7F,RAVI TARASINGH CHAVAN
VEND_B86006F7,SAMIYALA GRAM PANCHAYAT
VEND_5D615869,GRAM PANCHAYAT TILAIDAND
VEND_4A3D8F94,MOTA
VEND_7A9169CD,ISAROLI
VEND_F1FFD15F,GRAM PANCHAYAT DONDARO
VEND_8ACB5B9E,TINA ENTERPRISE
VEND_37A6070A,ARINDOM SEN
VEND_31CB447E,ARIJIT SEN
VEND_E55EC169,GOUTAM KUMAR DEY
VEND_345B102D,JEET BRICKS
VEND_43C4D540,PRASUN BHATTACHARYA
VEND_D46860B2,KEDAR
VEND_44730AD8,GRAM PANCHAYAT MANJHIPUR
VEND_90AE78FF,GRAM PANCHAYAT KHAMBHALIYA
VEND_4A61E90D,GIRISH CHANDRA
VEND_9E2C9DFF,GABBAR SINGH
VEND_E19A863E,LOKBHARTI PRAKASHAN
VEND_DF745CEE,MANDALOJU RAJENDRA PRASAD
VEND_4A307ED7,RAJAVEL
VEND_74248590,SHRI VITHALPUR GRAM PANCHAYAT
VEND_0AE353A4,AARAV CONSTRUCTION COMPANY
VEND_49608DC8,SARPANCH SACHIV KODAR
VEND_2E386090,LATHISH
VEND_F80A944D,DYAMANNA BASAPPA WADDAR
VEND_165950CD,DIGANTA KALITA
VEND_E394CC68,ANILKUMAR S
VEND_C2EA3F37,ATHKHOL GRUP GRAM PANCHAYAT
VEND_D55A013B,PARASHURAM CHANDARAM BIRADAR
VEND_7E0EF7CB,G RAJA REDDY
VEND_9129DFE9,SHREE VISHWAKARMA RCC PIPE CO
VEND_561C5DCE,SIVA KUMAR AGGI
VEND_957C1085,LALPUR B GROUP GRAM PANCHAYAT
VEND_3EAD9569,S KANNAN
VEND_D2952C1E,RAJPAL SINGH
VEND_C77B5B98,RAMPAL
VEND_B979B7FC,DHAKA STONE COMAPNY
VEND_AA5F3F8B,PAREEK CONSULTANCY
VEND_A88C9DE1,CSUBRAMANIAN
VEND_E077A9B2,GRAM PANCHAYAT MORUKA
VEND_9D95F4B2,KAMLESHKUMAR RAMANLAL NAIK
VEND_2BEE144D,DURGA STEEL
VEND_12BCE145,GRAM PANCHAYAT SAJAPANI
VEND_518961C4,DEDHROTA GRAM PANCHAYAT
VEND_A34A2B90,GRAM PANCHAYAT AMRAPURGIR
VEND_9970D1AC,RAJA SHEKHAR ANGU
VEND_C5DD4827,DRDA MADURAI
VEND_EB7AE8DE,I S ENTERPRISE
VEND_A2712634,MOHAMEDALI T
VEND_9A4D2B7C,GP KODA JAMUNIYA JP UDAIPURA
VEND_9DD07091,MARGAM SHARTH BABU
VEND_FB5BDD83,FOR NETALI PROJECTS PRIVATE LIMITED
VEND_6120CB94,P V ORGANICS FERTILIZERS
VEND_5E9B23B3,EEGA SUDHAKAR
VEND_2DAD5E48,THE NOMINATH JI CO OP L AND C SOCIETY
VEND_B9ED73C9,GRAM PANCHAYAT SHAHJADPURA JP BATIYAGAD
VEND_5907C070,GRAM PANCHAYAT SIRRI
VEND_07B7E9DD,SDO SUB URBAN DHBVN HANSI
VEND_DCD05AB6,AMIN MANDAL
VEND_B972EB48,RAMESH PRASAD MISHRA
VEND_4E7F3E8E,NARAYANPUR
VEND_8F46AE47,IYASARA GRAM PANCHAYAT
VEND_3EE822E6,SAMBHAV ENTERPRISE
VEND_38C88B43,SHASHIKUMAR NAIKAR
VEND_29E16FBF,RAMPURA GRAM PANCHAYAT
VEND_2137E145,THANUSH RAM CONSTRUCTION
VEND_D29F399D,KHUSVENDRA SINGH
VEND_E16A6C8E,MS TRIMURTY ENTERPRISE
VEND_7984433E,KANSA NA GRAM PANCHAYAT
VEND_F91E45C0,ARIKELA SRIKANTH
VEND_EE903DEF,DUMPALA SOWMYA
VEND_1EFBBBFB,PADMASRI ELECTRICAL AND ENGG
VEND_DF742BBD,ADITYAVIJAYWAJE
VEND_415AE7AE,YASHPAL
VEND_E4D4B93D,PRAJEMA INDUSTRIES PRIVATE LIMITED
VEND_52113A61,SURAJ BALASAHEB KHAPARE
VEND_892BC9D0,SHIVRAJ VIDUT MAZUR V BADHKAM SANSTHA MA
VEND_D441CAED,SURESH CONSTRUCTION COMPANY
VEND_AB538A39,ASSISTANT ENGINEER JAGDISHPUR
VEND_AD73BB2A,B BALAJI
VEND_84B1F312,GRAM PANCHAYAT UPANI
VEND_FEDF0795,GRAM PANCHAYAT NAWAPARA D
VEND_49261A64,AMAR AGRO WORKS
VEND_A8C18EEA,SANGAM TRADERS
VEND_061C019C,PRAMOD K M
VEND_FACA0C42,SHAM ELECTRICAL ENGINEERING WORKS
VEND_BAE9EAE8,SRIRANGA
VEND_238639F4,AMOKLUSHI TOUREST RENT FUND
VEND_B1D39577,AEN ONM SATRA
VEND_755BB9CD,BS CONSTRUCTION
VEND_CD4992C1,THE KHARINDWA CO OP LABOUR AND CONST SOCIETY KHARINDWA
VEND_4DA16D25,MAA MANOSHA ENTERPRISE
VEND_5BF04567,AM KUMARAN CONSTRUCTION
VEND_CC1A2948,NALLA VITTAL
VEND_57022B2D,BURUGULA VINOD KUMAR
VEND_005E1E4C,CC FOR BHETAPARA BOUNDARY WALL
VEND_9D33C0F4,KOLA RAMJI
VEND_8BAD6A8D,PURUSOTTAM SETH
VEND_8CDC889C,CC FOR DABARI ROAD
VEND_551DED89,SARPANCH GRAM PANCHAYAT NANDELI
VEND_772F3828,MADHUSUDAN DAS
VEND_3B00D968,PEER MO
VEND_0F4C7265,ZAHEERUDDIN MOHAMMAD
VEND_725A1D39,RANA CONTRACTOR
VEND_B96C07C9,HARSHUL SHARMA H S SERVICES
VEND_65047FB1,SANJAY TANTY JE BISRA BLOCK
VEND_9083765A,S SIVAKUMAR
VEND_11EE68ED,SAI VEGETABLE AND FRUIT GROWERS MACS
VEND_4538096F,BARWALA BAVAL GRAM PANCHAYAT
VEND_485A21FC,GRAM PANCHAYAT DHARECH
VEND_2662C2C4,CHIKOTI SRUJANA
VEND_41D71490,SUBAM ENTERPRISES
VEND_02AFC28C,SABITA MANJARI DAS
VEND_757E6FE3,VISWAS COMPUTERS MULTI BRAND SHOPPE
VEND_5F073530,GRAM PANCHAYAT SALKA
VEND_D1344EF9,GRAM PANCHAYAT BARDAR
VEND_3A75B7C4,GRAM PANCHAYAT JARONDHA
VEND_1F34EE47,GRAM PANCHAYAT GHAGHRA J P PENDRA
VEND_44410EE2,SANTKRUPA MAJUR V BANDHKAM SAHKARI SANSTHA MARYADIT VADGAON
VEND_085870FB,GRAM PANCHAYAT KODA
VEND_2BFCF750,GRAM PANCHAYAT RATANPUR
VEND_99813153,VIKAS ADHIKARI KATHUMAR
VEND_A0B9074A,RAJENDRA BEHERA
VEND_804592EB,NEERADI PADMAIAH
VEND_FD691096,VIBHANIYA GRAM PANCHAYAT
VEND_2ECAED77,BALAJI G
VEND_794BEED9,BDPO LOKSABHA 17TH MP LAD SCHEME
VEND_9A007FF8,PANCH PARMEHSWAR GRAM PANCHAYAT NIMANIYA
VEND_9331CCBE,MANISHA CONSTRUCTION CO
VEND_B088A2E7,MANOJ BALKRISHNA SONAVANE
VEND_3BBE1136,RANJITNAGAR GRAM PANCHAYAT
VEND_919CF69E,KANTAVEDA GRAM PANCHAYAT
VEND_625A2DBF,MR IMLICHUBA
VEND_A653B063,THE SHIV SHANKAR COOP LC SOCIETY LTD
VEND_CD370290,SUNARAM MURMU
VEND_7C13FCC7,CHAIRMAN NIRMITHI KENDRA BAGALKOT
VEND_3918769F,GRAM PANCHAYAT NANDELI
VEND_F5B7BE64,TUPAKULA SRINIVAS GOUD
VEND_9C01804C,BRAHMAROUTHU RAMA KRISHNA
VEND_76D52EC2,SINDHEKAR RAGHAVENDER
VEND_4EB5BCA0,M MADANKUMAR
VEND_43656ECB,KATAKAM VEERESWARARAO
VEND_A2F8BE17,PRAGYAN PARIMITA MOHANTY
VEND_B89EF4AC,GRAM PANCHAYAT MENDI
VEND_FB7C48C4,E AND M UDYOG
VEND_2173A129,RUPAN NATH
VEND_4EBF8DFF,THOKALA BALA KISHAN
VEND_A0C27119,THALLAPELLY RAJA GOUD
VEND_4D8569FE,SUNIL NAMDEV CHAVHAN
VEND_C1E5E21D,GRAM PANCHAYAT RAJNAGAR
VEND_5C5AFEF7,SARPANCH GRAM PANCHAYAT ARSIYA
VEND_515BAB60,APPALA BHUMANNA
VEND_526567F8,COMMISSIONER MC PALAMPUR
VEND_C3DD56D8,SARPANCHSHREE RAMPUR KOT GRAM PANCHAYAT
VEND_DC77EE72,CHANDAPPA S KAREKALLA
VEND_661697E2,GULLE MAHIPAL
VEND_2BF4B454,POTHUGANTI SURENDER
VEND_BAB9F088,HANAMANT S NAYKODI
VEND_83DBD79D,NADEEM CHOWDHARY
VEND_4A5C8F64,SUNILDATH J
VEND_98477B9A,SAIYAT GRAMPANCHAYAT
VEND_A71AF469,MADDI SUDHARSHAN
VEND_AEBC0125,SHAIK ASAD
VEND_261DF381,NAIDI NARSIAH
VEND_6EC967D2,SAMA SURENDER
VEND_EB66CD42,VIRUPAKSHAGOUDA
VEND_877EBF2E,ANBARASAN CONTRACTOR
VEND_38876332,R RAMACHANDRAN CONTRACTOR
VEND_FC47D6C8,KUTHOOS CONSTRUCTIONS
VEND_C3BF9F2E,BALASHANMUGAM T
VEND_14FF968B,MR ANSARUL ISLAM
VEND_FE1B7B8E,MARUTI HARDWARE
VEND_E5A35543,GRAM PANCHAYAT PASID
VEND_EFA6F0E1,SURESH R
VEND_072976F9,T RAJA
VEND_F718B090,SARPANCH SHREE TRANSVAD GRAM PANCHAYAT
VEND_88C21978,ASSISTANT ENGINEER ZILA PARISHAD KHUNTI
VEND_B4D401F7,SARASWATI IRON AND HARDWARE STORE
VEND_4D0F0E70,BIPIN BIHARI
VEND_6B4E2C22,GP RAJINDU
VEND_80DBA345,LONGSING ENGTI
VEND_AC3CD3B4,BONGURULA RAMCHANDER RAO
VEND_E61CF988,GUTHI SRINIVAS
VEND_0CB78E79,PAMPA PAUL
VEND_650C0543,SETHU C
VEND_6BD332E4,SUBHASHIS MAHANTA
VEND_6D9FD26B,MOHAMMAD ZAHEED HUSSAIN
VEND_CC21DFC8,GRAM PANCHAYAT RAYDI
VEND_8FAEEDCC,VILLAGE LAD WAHWAPUNG
VEND_9DCD5BCD,AAYAT ENTERPRISE
VEND_0A3F0BB1,ITISHREE MALLIK
VEND_ABAEC760,GRAM PANCHAYAT PATERAPALIKHURD
VEND_3456EEFD,GRAM PANCHAYAT DODKI
VEND_D7410098,GRAM PANCHAYAT NANDOURKHURD
VEND_D6565CE0,JUNIOR ENGINEER ZILA PARISHAD RANCHI SUNNY CHOUDHARY
VEND_E32343FE,GODHAN
VEND_4F3CBB5D,HEERA DEVI
VEND_2AF778F3,SEELA PATALIYA
VEND_29987CE1,DEEPA
VEND_6CBA4766,KARAM SINGH
VEND_18F8891C,UMA
VEND_ABE8FFCC,JOSEPH P V
VEND_9B4A48FE,GP PLAHTA
VEND_DFB1757F,SATELITE ELECTRONICS
VEND_2AF12FB9,GRAM PANCHAYAT DHANGAO
VEND_909045D4,GRAM PANCHAYAT PANGAO
VEND_D4173432,TANSI ENGINEERING WORKS
VEND_A1BE3F9A,GRAM PANCHAYAT MASANIYAKALA
VEND_82102659,KAMLESH CONSTRUCTION
VEND_DEAD62B7,MAA CONSTRUCTION SAIFUL ISLAM SARDAR
VEND_D30FCC9C,PRADEEP KUMAR SAINI
VEND_D25B750C,JWAN SINGH SAINI
VEND_7CA6AFF8,BHURI
VEND_028C1820,DULARI
VEND_53D9CF9A,RAMAVTAR SAINI
VEND_86F18252,LAKHAN
VEND_EAD663E9,ARBINUS LYNGDOH
VEND_458FFE4B,SUKHDEI
VEND_3E33DDE4,DARAVATH KISHAN
VEND_FF6F8731,DEEPAK RAJU KAREMMANAVAR
VEND_AA56577F,GRAM PANCHAYAT BAILLY
VEND_A2F8CD7C,ULTRA MODERN GIRLS DEGREE COLLEGE MEHNAGER AZAMGARG
VEND_ADFE09F0,R PREMKUMAR
VEND_7E835412,RITURAJ BHUMIJ
VEND_A74DD651,SARPANCH SACHIV GRAM PAN SALHEGHORI
VEND_2F10CDFC,A M CONSTRUCTION
VEND_AE457A02,SARPANCH GRAM PANCHAYAT TUSMA
VEND_4F5C5787,JAI MAA DURGA
VEND_8E6ED419,SHIVAM PRABHA CONSTRUCTION
VEND_B896D1FC,ANJALI GURU
VEND_6C8B30FB,GOTARKA GRAM PANCHAYAT
VEND_B632299D,FARUK CONSTRUCTION
VEND_4E609941,SARPANCH GRAM PANCHAYAT DURPA
VEND_48BE1CF7,TARUN KUMAR BARIHA
VEND_25767FC3,SARPANCH GRAM PANCHAYAT SONIYATATH
VEND_ABCB7BEA,SURYA NRN LENKA
VEND_53B166F8,SRINIVASA REDDY KARNATI
VEND_6B0BE065,CHETAN RAJENDRA DHANMEHER
VEND_1DC1DC9A,BHOJPURA GRAM PANCHAYAT
VEND_B9591317,SUB DIVISIONAL SOIL CONSERVATION OFFICER DHARAMSHALA
VEND_C1B5C453,SARPANCH SACHIV GRAM PANCHAYAT BAGDI
VEND_152990B5,SARPANCH SACHIV GRAM PANCHAYAT DARRI
VEND_9ED974BC,SARPANCH SACHIV GRAM PANCHAYAT BARGAWA
VEND_3D80E611,SARPANCH SACHIV GRAM PANCHAYAT KOTHKHARRA
VEND_4A149BE1,GP BARRAM
VEND_6EECDB3C,RAMAN SO SATNAM
VEND_C98383AD,MUHAMMED SHAFI N
VEND_57274E4F,BHUSHAN RAMDAS TULSAVADEKAR
VEND_3823E76E,TAYAB KHAN CONTRACTOR
VEND_DA310EF1,MS 3 STAR HARDWARE
VEND_A6EDB8E2,SUBRATA SOUND AND ELECTRICAL WORKS
VEND_9E18A751,GRAM PANCHAYAT KOLKA SAMANYA
VEND_893892EB,ALUGONDA MANIPAL REDDY
VEND_5CAD5942,RK LIGHT AND SOUND
VEND_8A91E139,MS JB ENTERPRISES
VEND_3C59EF16,JASHPUR GRAM PANCHAYAT
VEND_DF61C990,MAHAMMADPURA GRAM PANCHAYAT
VEND_9635284B,SHIHOR THIKARIYA JUTH GRAM PANCHAYAT
VEND_A4BE69F7,AMIR CONSTRUCTION
VEND_088C1976,PRADEEP KUMAR P
VEND_B904099D,MONIMOY SINGHA ROY
VEND_B7F3F96E,WASIM RAJA
VEND_A0DB111F,G KISHAN
VEND_37F3F072,GRAM PANCHAYAT GAGLA DEVELOPMENT BLOCK MEHLA
VEND_47C782E6,DHAMMAREDDY PRADEEP
VEND_5467E2A9,AANKLAVDI GRAM PANCHAYAT
VEND_1746E114,NIKHIL MANDAL
VEND_6DDAAFD2,NALLATHAMBI S
VEND_BF240B1D,GORKHI GRAM PANCHAYAT SWABHNDOL
VEND_C766DF1E,MAA TARATARINI TRADERS
VEND_491B33A8,EXPERT DRILLERS
VEND_57B1851C,SATYANARAYAN YADAV
VEND_D1E7C1E4,GADAVA GRAM PANCHAYAT
VEND_00CE465D,BOSE CONSTRUCTION
VEND_3382967F,PAKIRAPPA BHUMARATTI
VEND_7185FC49,DROUPADI ENTERPRISE
VEND_DB8B98E8,AWNISH KUMAR
VEND_044DB8F1,SANWALIYA CONSTRUCTION
VEND_FCAC5276,CHAIRMAN SIDDESHWAR MAJUR SAH SANSTHA WADGAON S
VEND_7C2930D7,KRISHNENDU MUKHERJEE
VEND_9BB3DB28,MAA SWARUP LAXMI CONSTRUCTION COMPANY
VEND_00DFDCBD,SUNDARI CONSTRUCTION
VEND_EA3E1230,JS INTERLOCK TILES FACTORY DASUYA
VEND_242B47DF,MS DHIR BRICK INDUSTRY DASUYA
VEND_BADBC7CE,JAY BAJRANG BALI CONSTRUCTION
VEND_4335A6A8,PARSURAM KANHAR
VEND_1FDAC56A,EXECUTIVE ENGINEER PANCHAYATI RAJ
VEND_46025458,JUNIOR ENGINEER GOP BHABANI SANKAR POTHAL
VEND_D5D7D271,GRAM PANCHAYAT UKTA
VEND_8D0818EB,RAMESH PATIL
VEND_E1660564,GP MUCHHALI
VEND_BDF3400B,THE NEW SHIVA COOP L C SOCIETY
VEND_AE24DC24,GP BHARWANA
VEND_DCD9700B,NPS CONSULTANT PRIVATE LIMITED
VEND_239C3A45,OM GANESH ENTERPRISE
VEND_E638167E,BHATIYON KI DHANI
VEND_7460BC42,GRAM PANCHAYAT MORTH JASAI
VEND_3CFAF7BA,GRAM PANCHAYAT BHADRAN
VEND_B0183DF3,GRAM PANCHAYAT DAVOL
VEND_E580AE75,R R KUDARI CIVIL CONTRACTOR
VEND_BB7A9987,B D O BARGAON
VEND_8B7C53CA,SARPANCH SHRI GRAM PAN KHAJURDI
VEND_2223A6F7,SAMPRA GRAM PANCHAYAT
VEND_09E28923,GOLIVADA GRAM PANCHAYAT
VEND_8B79145F,SARPANCH GORGAM GRAM PANCHAYAT
VEND_51471562,K N CONSTRUCTION COMPANY
VEND_EB75D780,PARAG BALIRAM SHIRSATH
VEND_7059018D,SHREE BALAJI TRADERS
VEND_3206307E,TAJPAR GRAM PANCHAYAT
VEND_FADCC624,MANINI MEHER
VEND_4E83C45D,SHREE BALJI IRON STORE
VEND_D84CBA3F,MS BDO KARANJIA
VEND_8339B9D2,SRIDHAR K P
VEND_6379C1FD,BHARANIKKAVU LABOUR CONTRACT SOCIETY
VEND_3FCE8271,NITHIN ARAS
VEND_12A4AE90,BDO LATHIKATA
VEND_BCE0EE10,TAHASILDAR LATHIKATA
VEND_FA2880C5,SHRI MORAJ GRAMPANCHAYAT
VEND_6AD26C53,GRAM PANCHAYAT PANVA
VEND_33CA37D8,JIGMEE WANGCHUK LACHENPA
VEND_71EA7320,SHRAMIK KALYAN MAJUR SAHAKARI SANSTHA LTD
VEND_AAC72764,CHANDARDA GRAM PANCHAYAT
VEND_A45A8702,GRAM PANCHAYAT MUNGNAPAR
VEND_867EB32C,SEVALIYA GRAM PANCHAYAT
VEND_1BF37BDE,KUDA GRAM PANCHAYAT
VEND_365BC8D7,STAR CONSTRUCTION COMPANY
VEND_4AE3ABAD,P S ENTERPRISES
VEND_AF2D2EA9,DIVISIONAL ENGINEER OPERATION KHAMMAM
VEND_F23301FF,LOPAMUDRA
VEND_8A1066FD,KOSNAM VENKATRAM REDDY
VEND_29C6D218,LOKNATH CONSTRUCTION
VEND_A7F60E1E,KALYAN ADHIKARI
VEND_08BC4612,SURAJ CHANDRAKANT NALAWADE
VEND_E5030E7D,RSS TRADERS
VEND_74C1D35D,MS JHARNA ENTERPRISE
VEND_AEB75B56,SARPANCH GRAM PANCHAYAT BAMHNIDIH
VEND_D0C135B1,MS MAHALAKSHMI ENTERPRISE
VEND_C43A2C85,BALI WOOD WORKS
VEND_11A2FCD8,HHW CARE PRODUCTS I PVT LTD
VEND_F2C2C146,SARPANCHSHREE KOTADI GRAM PANCHAYAT
VEND_6F069956,FOKDI GROUP GRAM PANCHAYAT
VEND_47DFC89E,GRAM PANCHAYAT LUHERI
VEND_B1A445A6,GRAM PANCHAYAT VISHANVEL
VEND_F8B005CA,GRAM PANCHAYAT KADAYA
VEND_2307F235,SADUTHALA
VEND_63FF7A8F,SURESH KUMAR K
VEND_573B0A82,KARUPPASAMY M
VEND_7D3F0CAD,K M TECHNOLOGIES
VEND_DECAF8F6,BHOJAJI BAVJI BUILDING MATERIALS SUPPLIERS
VEND_C015B55E,JAI SHIV SHAKTI CONSTRUCTION COMPANY
VEND_571E4F7C,SHIVANAND GANGAPPA HARIJAN
VEND_B3EF2677,REPUBLIC MOTORS
VEND_CB5BF61D,GRAM PANCHAYAT THORIYADI
VEND_976666D1,AVUTHU NARAYANA REDDY
VEND_F7604A5F,ANKUR JITENDRARAI DESAI
VEND_67C7FF30,MALAXMI BUILDER
VEND_B789516E,GRAM PANCHAYAT JUDAGA
VEND_27DEA7A0,KERALA STATE ELECTRONICS DEVELOPMENT CORPORATION LTD
VEND_2E2D6AA7,ANNU HILLS TRADERS
VEND_AE8F10BF,JUKANTI RAGHAVENDER REDDY
VEND_2723061C,GRAM PANCHAYAT BELHADIH
VEND_72E9ED93,NAVAMANKA GRAM PANCHAYAT
VEND_2E6971C2,SARPANCH SACHIV GRAM PANCHAYAT BANDORA
VEND_44BFA13A,KANHAIYA BKO
VEND_C9D1E4DC,KILDEEP MISHRA KRISHI SEWA KENDRA
VEND_7CCCB5E2,AVADH KAARYA SOLUTIONS
VEND_62516351,HANDA IRON STORE
VEND_49375294,GRAMPANCHAYAT KHAIRI DIWAN
VEND_3028D109,DEVPAR YAX JUTH GRAM PANCHAYAT
VEND_0647B87F,GOPIKRISHANA MAJOOR SAHAKARI SANSTHA RUIKHEDA
VEND_E78BEC2A,ARIHANT STEELS MOONAK
VEND_1FE8E547,PA ITDA NABARANGPUR
VEND_6AB51AB5,SARPANCH SACHIV GRAM PANCHAYAT SULAUNI
VEND_3AD902EE,NEHALI RAM AND CO
VEND_4E874414,SHIBU K P
VEND_F981D1C6,SNEHAL PARSOTTAMBHAI THAKKAR
VEND_6AA83F5B,SARPANCH SACHIV GRAM PANCHAYAT ANDA
VEND_8CDA8F78,SANDESAR GRAM PANCHYAT
VEND_613551B2,SHIHABUDHEEN P
VEND_DEC7B94A,GRAM PANCHAYAT NAVAKHEDA
VEND_760081B6,M S PATIL CIVIL CONTRACTOR
VEND_8AFBC1F3,NABAJIT RAJBONSHI
VEND_CD67EA13,KARTAR CEMENT STORE LAMIN
VEND_40B47A50,MS SANJEEV KUMAR BKO VILL BALAGAN
VEND_9B18AD3F,CCM ENTERPRISE
VEND_939CE255,MAA BHAGWATI SUPPLIER
VEND_773D8CCB,ARUN M
VEND_3A596161,SANJAY TOMAR
VEND_E1F2F67E,RNBIR SINGH
VEND_5F29BADC,ANURADHA TOMAR
VEND_F2F8DB21,GANESH LAXMAN RAKSHE
VEND_CCC20294,C PADIKKASU
VEND_1E2E8C80,SWEETI TOMAR
VEND_65C7B6A5,MANPREET SON OF TARSEM LAL
VEND_2694A737,DADU NYAMGOUDA
VEND_9D44EF8C,DEEP CONSTRUCTION
VEND_4331A1D0,MA ENTERPRISE
VEND_6442868C,PIYUSH PARSOTTAMBHAI THAKKAR
VEND_A1199654,GAGAN SAIKIA
VEND_EDBAE42A,SAIKIA HARDWARE
VEND_4F165386,MANDIRA ENTERPRISE
VEND_CAB5BADD,SARPANCH GRAM PANCHAYAT PARSADIH
VEND_84617647,SARPANCH GRAM PANCHAYAT CHORBHATTI
VEND_89D8DA90,SARPANCH GRAM PANCHAYAT KASHIGARH
VEND_7D1E6890,ANDAVAR BUILDERS
VEND_9E1151CD,RIFA ENTERPRISE
VEND_4652CFE8,ASHWANI TRADING CO
VEND_D8D8723B,TURA CHRISTIAN COLLEGE
VEND_738A05EF,ARTIFICIAL LIMBS MANUFACTURING CORPORATION OF INDIA
VEND_37335229,GRAM PANCHAYAT BAGHNI
VEND_A0668479,NARENDRA CONSTRUCTIONS
VEND_66AB8D05,NISHU ENTERPRISES
VEND_BF96927A,P C FORMS AND STATIONERY
VEND_E74105AF,ANBURAJA V
VEND_AD216B21,DEEPAK PRASAD GUPTA
VEND_C467E153,NIRAJ KUMAR SAHOO JUNIOR ENGINEER BISRA
VEND_50902D8C,ARUP GHOSH
VEND_D9D4CC3F,SATGURU SANITATION
VEND_0E5D43BF,GRAM PANCHAYAT BASETH
VEND_4E023758,GRAM PANCHAYAT SIMAS
VEND_D744E459,SARAYA GRAM PANCHAYAT
VEND_8883F059,PRASANNA KUMAR SUCHEN
VEND_77DDFCE5,VISHAL KUMAR SHARMA
VEND_B358E0CD,T C IYYAPPAN
VEND_34DF131C,SARPANCHSHREE SUNDARPUR GRAM PANCHAYAT
VEND_C2A723A1,ASHOK KUMAR KHUNTIA
VEND_640B18FD,MS BALAJI BRICK IND DASUYA
VEND_5D534523,MAHENDRA SHETTY
VEND_A6962E82,GORAD GRAM PANCHAYAT
VEND_3F323A86,NEW PRABHU KIRPA ENTERPRISES2
VEND_1E88C9CD,JASVIR SINGH SO BANT SINGH
VEND_192CE3F7,DHARMARAJ BISWAL
VEND_2491E5FC,NIMBUS ENTERPRISE
VEND_48780EAA,URUMAIAH
VEND_1883F1C7,MANDAR SUNIL MESTRY
VEND_F83602F2,GRAM PANCHAYAT GUHABORAND
VEND_B6552229,BLOCK DEV OFFICER NUAGAON
VEND_622AF58B,VRM CONTRACTOR
VEND_E4C6B7F8,KRISHNA PRASAD R S
VEND_8A04EB7D,PAKITH BHUTIA
VEND_2A9E3FE0,GANPATI PIPE INDUSTRIES
VEND_35A279B8,ANKIT TRADERS
VEND_C1DF85B7,MONIKA CONSTRUCTION
VEND_10F42D8B,MENCHU SRINIVAS
VEND_C04CA657,SRI SAI BALAJI AUTOMOBILES AND ELECTRICALS
VEND_F66C3264,GRAM PANCHAYAT ZOZ
VEND_CEB5EFE7,SHIVAM GRAM UDYOG
VEND_3B8D4C4F,LAXMAN MALIYAPPA MARUTAGI
VEND_36EF7E99,DHANDAPANI A
VEND_6CE3C1DB,GP KIHAR
VEND_8CA006FA,MODERN ELECTRICALS
VEND_4AD76355,PK ENTERPRISE
VEND_4778E28D,VISATPURA GRAM PANCHAYAT
VEND_2CFB62E5,GRAM PANCHAYAT ISHAPUR
VEND_82990408,PADMANABHA A
VEND_296713F5,MANKWA GRAM PANCHAYAT
VEND_CF534B06,GAMOD JUTH GRAM PANCHAYAT
VEND_0F6D257E,SUNDARARAJAN KR
VEND_9C0953D8,DHARMENDRA KUMAR SAHOO
VEND_35EC38FB,RAIS UDDIN AHMED
VEND_F1A6B109,R ANBARASU
VEND_8FB7A110,SHIVUKUMAR SARAGANACHARI
VEND_28150E7F,MS MANMOHAN SINGH KSHATRI
VEND_C40ED5FB,PUNYASHILA AUTOMOBILES
VEND_6912B096,SIVAKUMAR K
VEND_2B528A00,INDRAMANA GRAM PANCHAYAT
VEND_37E68AFA,GRAM PANCHAYAT BHANER
VEND_F22C629D,GRAM PANCHAYAT ANARA
VEND_252B0B3E,MS BEHRU BUILDING MATERIALS
VEND_5DC5C54A,SARPANCHSHREE TINTODAN GRAM PANCHAYAT
VEND_2D9C70A8,SARPANCHSHREE RANASAN GRAM PANCHAYAT
VEND_6BB4D9C7,GRAM PANCHAYAT DANOA
VEND_C6C4D3A2,ROSE ENTERPRISE
VEND_56C5E0EC,MANOJ CHAUDHARU BKO
VEND_BA836C2E,KATARIA BUILDING MATTERAIL SUPPLIERS
VEND_CA0607D9,GRAM PANCHAYAT BHARUWADIHKALA
VEND_49040F0A,GRAM PANCHAYAT SONTARA
VEND_62A9B103,GP SARAHAN GENERAL ACCOUNT
VEND_67CCD651,JOSEPH JOSE
VEND_02BE9F2A,HEMANT SINGH NEGI
VEND_6F842142,SOHAR
VEND_F8A0673C,SHRI JAITAI ENTERPRISES SHARDA KATORE
VEND_CB1C53F2,MODAJ GRAM PANCHAYAT
VEND_049A923D,SANSOLI GRAM PANCHAYAT
VEND_F8F9B5FE,VANTHAVALI GRAM PANCHAYAT
VEND_249A5A41,PRO ORTHO PERFECT INDIA PVT LTD
VEND_B9F2C939,GP DEEHAR
VEND_66809541,VOICE TECH
VEND_009BDAE8,GRAM PANCHAYAT BHUIGAON
VEND_1FB9447E,BHARDWAJ CONTRACTOR
VEND_386EE9D6,MONDAL SUPPLIERS
VEND_030E14F2,DHRUBA JYOTI BARUAH
VEND_1C65CFF8,MS ANAAYA ENTERPRISE
VEND_451083E9,GRAM PANCHAYAT MAKHROL
VEND_9E670EA7,SEWA BHARTI SAMITI
VEND_7BF90DF1,RAGHAVENDRA MARNOOR
VEND_4FC0F88D,GP CHALAHAL
VEND_A3A9DF62,GP DEOLA
VEND_75D5FA37,GP GHAINI
VEND_DDE0D4BC,GP HIMRI
VEND_83983CFF,AMANPREET EMENT AND IRON STORE
VEND_AC24D100,GP MAJHIWAR
VEND_D63F491C,GP MANDHODGHAT
VEND_A66E9445,GP NEEN
VEND_2091BDDD,GP SHAKRORI
VEND_0E1169E0,NMS ENGINEERS
VEND_94E15E8B,MERINO INFRA PROJECTS PRIVATE LTD
VEND_E82A5167,SHREE G TRADING
VEND_9A612440,MS ISHANTA TRADERS
VEND_B6105627,KAMAL SWROOP
VEND_F4674845,SUMAT PRASAD SATISH KUMAR JAIN
VEND_28FCC6A7,GRAM PANCHAYAT PATIMANSH
VEND_9C7E20A6,THE KRISHNA COOP LC SOCIETY LTD NANGAL
VEND_A81472FD,SHRI MURUGA AGENCY
VEND_13795E4E,DEBNATH TRADERS
VEND_A30C5C82,THANGAVAL ELECTRICAL
VEND_A69F9127,SUKESH SHETTY
VEND_2C6D24C4,MA NARMADA MATERIAL SUPPILIER
VEND_9287D12B,JOBIN GEORGE
VEND_B1E47313,ARJUN VIJAYAN
VEND_9A840209,MURUGAN A
VEND_BB7FC505,ANSARI ELECTRICALS
VEND_F7C9B8FF,SHREE HAJAPAR JUTH GRAM PANCHAYAT
VEND_D270519C,SHREE NARANPAR RAVARI GRAM PANCHAYAT
VEND_DF05026B,SHREE FOTDI GRAM PANCHAYAT
VEND_8A11DFFF,SHREE NAGIYARI JUTH GRAM PANCHAYAT
VEND_76AA9A36,SHREE KODKI GRAM PANCHAYAT
VEND_A3D2E30E,SHREE BHUJODI JUTH GRAM PANCHAYAT
VEND_17E45F2D,SHREE RAYDHANPAR JUTH GRAM PANCHAYAT
VEND_45D1D55E,SHREE ZINKADI JUTH GRAM PANCHAYAT
VEND_07CA335D,SHREE LODAI JUTH GRAM PANCHAYAT
VEND_BFA99CD8,SHREE KUNARIYA JUTH GRAM PANCHAYAT
VEND_090820D9,SHREE LORIA GRAM PANCHAYAT
VEND_22F81CDF,SHREE KAMAGUNA JUTH GRAM PANCHAYAT
VEND_036D2BF6,THE DSP CO OP LABOUR AND CONST SOCIETY LTD
VEND_CF71D383,PABU SINGH
VEND_2962B984,DHEERAJ KUMAR GIRI
VEND_A00FEBEA,SHIV DULARE GUPTA
VEND_2399CD81,SURAJ SHIVAJI SHINDE
VEND_DE56AB03,MS NILIMA ENTERPRISE
VEND_0B4DDC54,JUNA NAVDA GRAM PANCHYAT
VEND_DCFD5E2E,SANT MAHADEV BUILDING MATERIAL STORE
VEND_5E25C85C,RATAN SINGH
VEND_F8551BD4,BHIKH SINGH
VEND_0DC76B1D,ISHWAR SINGH
VEND_6D0A7FFC,JHAMKA
VEND_8CD6EC47,VEERBHADRA
VEND_607AC4B1,NALLUSAMY
VEND_F3D69F86,NILKHANTH ENTERPRISE
VEND_224810EA,BALIYAWAD GRAM PANCHAYAT
VEND_787FE160,SHREE DERVAN GRAM PANCHAYAT
VEND_A5740E11,JINU GEORGE
VEND_090A6C2F,ASSISTANT ENGINEER SASARAM LAEO WD 01
VEND_6C2F7576,GP NAGARI
VEND_82B61413,GURURAJA R
VEND_3C3562FD,KATHGARH TILE CO
VEND_E2729023,M S TRADING CO
VEND_E1CBB7D8,SAJIYAVADAR GRAM PANCHAYAT
VEND_6E081FDE,R P CONSTRUCTION
VEND_8F9E7080,ADHYAKSH GRAMKOSH SFC SIMLAWDA
VEND_C13E7484,GP GUWAD
VEND_E202134F,SOM ENGINEERING ENTERPRISE
VEND_4CFBB0EB,BISWAJIT MISTRY
VEND_E1101FAB,MA PRAMILA ENTERPRISE ASHOK DAS
VEND_948A3971,H SRIHARI
VEND_C552E380,DATTA AND CO
VEND_66CAC83E,MS SOWMYA SRI CONSTRUCTIONS
VEND_50B8C5FE,RAJESH ROHITKUMAR CONTRACTOR
VEND_D281E3C8,GRAM PANCHAYAT SARPANCH SACHIV
VEND_DAC91278,STAR ENTERPRISES
VEND_38DD0C48,AMAN SANITARY STORE
VEND_FCFBBEB4,BISWAKARMA ENTERPRISE
VEND_265FF0ED,VINAYA NAIK P
VEND_4EBC16E0,N ABDULSAMADU
VEND_5BFD535E,BAIJU S
VEND_B491D38A,RANJAN TASSA
VEND_AB175BC7,RANJU DEVI JAIN
VEND_CE1D6CD7,MEHTA TRADERS
VEND_D7B0EFE9,SARPANCH GRAM PANCHAYAT PIPERSATTI
VEND_F13B0BD4,THE UKLANA MANDI COOP SOCIETY
VEND_903C0CB3,GRAMNIDHI GRAMPANCHAYAT BHOJAPUR
VEND_AFFC9D91,NAVA RAJPIPLA
VEND_79D8C0B2,C ASHOK
VEND_EE961529,KARODMOTA KARODIYA GRAM PANCHYAT
VEND_8DCFBCFD,MINTU SINGH
VEND_4E004A3F,GRAM PANCHAYAT BADHAL
VEND_642FD4F5,GRAM PANCHAYAT BARTHATA
VEND_9EF83640,GRAM PANCHAYAT GILTARI
VEND_DF014B2F,GRAM PANCHAYAT JAI PIDI MATA
VEND_A5CAF8E1,GRAM PANCHAYAT KATHASU
VEND_DA565EA7,GRAM PANCHAYAT MANDAL
VEND_6E8FC52A,GRAM PANCHAYAT MANDHOLE
VEND_774CB31F,GRAM PANCHAYAT NANDPUR
VEND_57C385C8,MR GRAM PANCHAYAT MANGLA SAMANYA
VEND_6BE01454,GRAM PANCHAYAT SHILLI
VEND_BAC82CFE,SARPANCH GRAM PANCHAYAT SASHA
VEND_E4422F48,SHREE DHANLAXMI TILES UDHYOG
VEND_3C77811C,THE TITOLI CO OP L AND C SOCIETY LTD
VEND_192F849C,AMIT SHARMA
VEND_A6646012,KERALA STATE DIFFERENTLY ABLED WELFARE CORPORATION LIMITED
VEND_1B57DF57,GUROO ELECTRCICALS
VEND_418DF838,HAPA GRAMPANCHAYAT
VEND_D7193C32,SHIVRAJGADH GRAM PANCHAYAT
VEND_19E30CD9,J M CONSTRUCTION AND SUPPLIERS
VEND_7CBE0886,SK FARIJUL
VEND_D264F5A4,MANOJ MADHUKAR WAINGANKAR
VEND_0B4216AE,RAMESH CHANDRA NAINWAL
VEND_D66E6B0D,TAHASILDAR ERASAMA
VEND_CBD559E9,BLOCK DEVELOPMENT OFFICER ERASAMA
VEND_ED11361F,BLOCK DEVELOPMENT OFFICER DMF
VEND_0BD3A1C5,BLOCK DEVELOPMENT OFFICER EMF
VEND_B26DEBE9,GRAM PANCHAYAT SADATHALA
VEND_408FBF24,SHYAMANTA GOGOI
VEND_009DEBDC,PRASANNA KUMAR
VEND_D10B21B4,SARPANCH GRAM PANCHAYAT MAUHADIH GI
VEND_24439ED0,SUJIT GUPTA
VEND_8632EAEF,ASSISTANT ENGINEER BUXAR
VEND_F2B1B3BF,ASSISTANT ENGINEER RAJPUR
VEND_B83B7169,ASSISTANT ENGINEER BRAHMPUR
VEND_82EAD718,ASSISTANT ENGINEER DUMRAON
VEND_F31DC2D2,PIROJPUR GRAM PANCHAYAT
VEND_AB827C50,NISAR T P
VEND_A35BE340,MANSHA SERVICE CONSTRUCTION
VEND_1F14410D,BHADAVA
VEND_8D26BA61,SARAPANCH SHREE GRAM PANCHAYT VAJAPUR
VEND_8DEDE56A,GRAM PANCHAYAT AJANDA JANPAD PANCHAYAT MANAWAR
VEND_1A3BAE54,MITHILA ENTERPRISES
VEND_36DE0F2A,ANILKUMAR N
VEND_4ECCFBED,JANARDHANA KULAL
VEND_252E7383,SARPANCHA SACHIV BARHACHHOTA
VEND_0C2F3EC0,GANESH MADHUKAR MORE
VEND_538CC5F5,GAUTAM LCS LTD
VEND_A826E887,THIND ENTERPRISE
VEND_08FD3F1A,GRAM PANCHAYAT DHELANA
VEND_7668B8A4,THANDI BUILDING STORE
VEND_9E089BE9,MAA VINDHYAWASNI CONSTRUCTION
VEND_6DAC91F8,JEYID ENTERPRISE
VEND_EBFA4071,RAROD GRAM PANCHAYAT
VEND_73AC8BBA,GRAMPANCHAYAT SAROLA BK
VEND_71981750,VINOD KUMAR GUPTA
VEND_0F3CFD93,JEEVANA
VEND_BE2B461E,GRAMPANCHAYAT SARABHAN
VEND_A8235805,YANGA HANE
VEND_7CA4B6D6,KELTRON
VEND_A02277A6,JE DHANKAUDA SUBRAT SHARMA
VEND_C400F097,MOHAN YADAV
VEND_44D42305,EE EDD BISWAN
VEND_12C9D81D,EE EDD I SITAPUR
VEND_4A3B2AA0,EE EDD II SITAPUR
VEND_AA5E4F29,DIMBESWAR BORAH
VEND_E5EE30E2,SUDHAKARAN N
VEND_FE93C171,MS R N ENTERPRISES
VEND_F738DDD7,GOLD ENTERPRISES
VEND_B16CBC03,TAHASILDAR NIMAPARA
VEND_77623AE5,NARSIMHULU AKULA
VEND_BCBBAAF1,SIVAM AND CO
VEND_8B38C1A7,MINI BANK LAMPS SARADA
VEND_8A888DC2,AHIMA GRAM PANCHYAT
VEND_53295487,FATEPURA GRAM PANCHYAT
VEND_C7C4A01A,VANSOL GRAM PANCHAYAT
VEND_BA5B12EB,GRAM PANCHAYT GHUPSAL KU
VEND_8C19B3F8,TRUPTI JITENDRA PAWAR
VEND_EA7583CE,GRAM PANCHAYAT SULIPUR VADNAGAR
VEND_46BADC52,VARSOLA GRAM PANCHAYAT
VEND_9A65F0AD,NARESH SHARMA BDO
VEND_A661DA65,GP AMBAPADA KALA
VEND_B306C0F9,RJP ENTERPRISE
VEND_B18EFFFD,MD INFOTECH
VEND_F711F62D,ALDESAN GRAM PANCHAYAT
VEND_AFF2631B,BDO NIMAPADA
VEND_6B023C6D,PALANICHAMY C
VEND_9CECFA14,GRAM PANCHAYAT DALKHANIYA
VEND_E799FCCF,VIRPUR GRAM PANCHAYAT SWABHANDOI
VEND_66E91D12,SIPRA ART
VEND_BF5B2567,JAGAT BANDHU MEHER
VEND_7BF0B29A,SAMARENDRA BEHERA
VEND_886BFBFE,BIKASH KUMAR ADHA
VEND_F47CD79E,SARPANCH GRAM PANCHAYAT KHIMAT
VEND_994E66CD,GRAM PANCHAYAT LIMBASI
VEND_5AC697F2,GRAM PANCHAYAT VALOTRI
VEND_7F4D9CEC,SHIVSHAKTI AND RAJAL CEMENT PRODUCTS
VEND_83576BF1,GRAM PANCHAYAT SAINTHAL PADAIN
VEND_C1789E8C,GRAM PANCHAYT BHUTPADA
VEND_276A56EF,GRAM PANCHYAT LOTNA
VEND_E7FC8419,ARITRA MOHAN ENTERPRISE
VEND_6C0E95F2,MS B B CONSTRUCTION
VEND_8E0B627C,MS GURUKRUPA CONSTRUCTION
VEND_8AB2E08B,SARPANCHSHREE MAHADEVPURA GRAM PANCHAYAT
VEND_AA36C385,SARPANCHSHREE DEVIPURA GRAM PANCHAYAT
VEND_88E0EEAE,NIKHIL PRAKASH NIKAM
VEND_21A8C88E,MD PUVVNL
VEND_3C035B70,RANELA
VEND_7D0E47CB,SUNILKUMAR DESAI
VEND_101D85C3,GRAM PANCHAYAT BANORA
VEND_6B8FD128,PUNAM RASHID KHAN
VEND_4D8D49E3,INTELIN NETSOL
VEND_F7729857,MESSIAH ENTERPRISES
VEND_85EBCFEA,RAJU SHARMA
VEND_A87B72F4,GP KHEDATHAKUR
VEND_CF3D9126,KADACHHALA GRAM PANCHAYAT
VEND_300A98C6,NARAYAN KHUNTIA
VEND_DFC8C0F8,GRAM PANCHAYAT TRALSA
VEND_0A7837EE,ASV TRADERS
VEND_605F7E09,NAVEENKUMAR K
VEND_BD4D969C,ANVAR SADIQUE PC
VEND_1C11FEE3,NAVA GRAMPANCHAYAT
VEND_8145D7A6,BDO NIALI MP LAD HOLDING ACCOUNT
VEND_F7C88DA8,SUSHILA CONSTRUCTION
VEND_2B3498CA,UPPCL EE EDD MAHMUDABAD
VEND_A0B3C175,GOURANGA CH SITHA
VEND_D5E7D1A7,BALAJI BUILDERS
VEND_E4466C4E,SATHYARAJAN K
VEND_900C8DF2,BHARADIA GRAM PANCHAYAT
VEND_A62D71EE,VASANT KARIYAPPA PAMMAR
VEND_E6737210,ARUN RAMAPPA BEVOOR
VEND_A60EE9BF,MEER ENTERPRISE
VEND_57AFBDE8,BIJU FRANCIS
VEND_FC8A3D27,VISHAL RAJENDRA MANDE
VEND_C5054994,SIDDHESH GHANSHAM ADHIKARI
VEND_F5A47B45,GRAM PANCHAYAT PAPASANI
VEND_883BDA3B,BALDEV KRISHAN GUPTA AND SANJ
VEND_6A32A277,VINOD KUMAR AND COMPANY
VEND_842A28B7,S AND O CONSTRUCTION
VEND_7EAA673B,TAPASI ENTERPRISE
VEND_95A386B1,M M ENTERPRISE
VEND_90C6294C,DIPTEE NAYAK
VEND_B22293B1,ZAMDI GRAM PANCHAYAT
VEND_8D2B45ED,BADHAN TRADERS
VEND_F91B78FC,BUDH SINGH SON OF SARWAN SINGH
VEND_F25820AA,MS KAMALESH MONDAL
VEND_DAE68143,OM FHOJI CONSTRUCTION AND SUPPLIERS
VEND_57C34ECC,KANTOL GRAM PANCHAYAT
VEND_2E9820BB,CHITANYA CONSTRUCTION
VEND_441FED3A,MS JAGDAMBE ENTERPRISES
VEND_E7C5F3C6,SARPANCH SACHIV GRAM PANCHAYAT AMERATIKRA
VEND_45D9216F,GRAM PANCHAYAT KAKARKHAD
VEND_75A467CD,GRAM PANCHAYAT SUNEVKHURD
VEND_06843FE2,GRAM PANCHAYATSUNEVKALLA
VEND_D0E1F14E,MANDAL ENTERPRISE
VEND_5F29ED7E,GRAM PANCHAYAT GANGIYAL
VEND_82FEFD0B,MS PRAKASH CHANDRA RATHORE
VEND_4CD7E5BB,BHASWATI ENTERPRISE
VEND_08FF1827,SANDHYA RANI ENTERPRISE
VEND_4CAF3117,AKULA RAJ KIRAN
VEND_F2C73BB4,DUDUUKUNTA NARESH REDDY
VEND_E991162F,SUNDARRAJ
VEND_A59860B0,JAI SHREE CONSTRUCTIONS
VEND_3C5B1F06,SHREE MADHAPAR NAVAVAS GRAM PANCHAYAT
VEND_93C60D22,SHREE THARAVADA GRAM PANCHYAT
VEND_5B061B90,SHREE KHAVDA GRAM PANCHAYAT
VEND_8454FFF2,SHREE MADHAPAR JUNAVAS GRAM PANCHAYAT
VEND_87167444,NARASIMHA MURTHY ANANTHA
VEND_A182B941,RAM DNYANADEV BHALERAO
VEND_4D2DF697,TN MOHAN REDDY
VEND_9B84531E,MS JINDAL BKO
VEND_3B94B2AF,THE BRICK LINERS CO OPERATIVE LABOUR AND CONSTRUCTION SOCIETY LTD
VEND_2C51376B,GADDAM SRINIVASA PRASAD
VEND_8F0EE3FD,C S CONSTRUCTION
VEND_B9BB3E2D,PARUL CONSTRUCTION
VEND_6E646D87,SAMARJEET KASHYAP
VEND_3C04F91F,RAMALIYA GRAM PANCHAYAT
VEND_8F0DA9C1,RAJAVADLA JAM GRAM PANCHAYAT
VEND_64DF64A0,SELVAM M
VEND_BF387D1F,SHIV TRADING CO
VEND_A64CADEB,JUNIOR ENGINEER DASAMANTPUR BLOCK III
VEND_97BCECED,VELKOTAR GRAM PANCHAYAT
VEND_BD0A5EB9,GHRSSIDC
VEND_976EBDAF,GULATI BRICKS
VEND_38E8D123,MS GANPATI BHATTA COMPANY
VEND_8A272D64,SHRI SHYAM TRADERS
VEND_4648D607,GRAM PANCHAYAT MEGHALPUR
VEND_0824994F,B SRINIVASA RA O
VEND_9B7E7344,BDO SULAH
VEND_0B3A4605,ISHFAQ AHMAD SHEIKH
VEND_CC7AF8EE,DMF ALMORA
VEND_37DC6B1A,NIRMAL KHAN KAMI KHURAD
VEND_6280B312,GAYATRI CONSTRUCTION GOTAND
VEND_84B29716,VISHWABHUSHAN MAGASVARGIYA MAJUR SAHAKARI SANSTHA M TULJAPUR
VEND_4E1725CB,SATHVAV GRAM PANCHAYAT
VEND_82FB2CB2,GP CHAURI
VEND_5036FB74,RKM ELECTRICALS
VEND_D1B5FC4D,ANNAPPA
VEND_D1A134C7,GRAM PANCHAYAT PARASWARA
VEND_628FC2CC,G P POOLAN
VEND_8E670A9D,HARIKRISHAN TILES
VEND_41D9C035,R G ELECTRONICS
VEND_490CA163,BORUAH HARDWARE AND FABRICATION
VEND_C9AE340A,SAMIT MAITY
VEND_C62CF507,INDRANIL CONSTRUCTION
VEND_29099960,MANORANJAN BEHERA JE
VEND_5293D727,ROYAL COOP L AND C SOCIETY
VEND_EB56C1A0,THE BABA MUKHRAM DAS CO OPERATIVE L AND C SOCIETY LIMITED UMRAWAT
VEND_2F81B7DD,NAVAKHIJADIYA GRAMAPANCHAYAT
VEND_FE79A285,GRAM PANCHAYAT PITHAVAJAL
VEND_10D13AD1,NURISLAM SEKH
VEND_92802284,SCIENCE PALACE
VEND_92F56B61,GRAM PANCHAYAT JAROL
VEND_1A42E7D5,GRAM PANCHAYAT MALOH
VEND_5A78389B,ELUMALAYAN CONSTRUCTION
VEND_49249779,KOLAR DISTRICT NIRMITHI KENDRA
VEND_8E1FED94,V RADHAKRISHNAN
VEND_4AC4B24F,P ANNAMALAI
VEND_2D154717,P B ELECTRICAL
VEND_6C603EE9,BISWANATH MAJHI
VEND_EBB5181A,BABA HARIDAS FEBRICATION
VEND_1443EF9B,GRAM PANCHAYAT KARYALAYA BERALI BK
VEND_18D488C9,KARMAL PIPALIYA
VEND_B3D0E9BB,KSEDC LTD
VEND_F94B31D4,MS BS ENTERPRISE
VEND_7DD637DD,GRAM PANCHAYAT MADOGARH
VEND_1466EB0F,V KRISHNAMOORTHY
VEND_70FB87D3,CRYSTAL GROUP OF CONSTRUCTION
VEND_0B49E7BE,ANARUL ISLAM LASKAR
VEND_7EEB408B,THE PATHARVAT LABOUR CONTRACT COOPERTIVE SOCIETY
VEND_11A4F516,MS TIRUK ENTRPRISES
VEND_CDA7D18B,RAVITA MEENA
VEND_77E00634,REENU SINGH
VEND_ED8A8D79,MAHENDRA SINGH FAUJDAR
VEND_0A0845D7,NIRI DEVI
VEND_085AF9A4,DHANESH KUMAR
VEND_ED9F2494,JEETENDRA SINGH MEENA
VEND_55B4200E,JHAMMAN
VEND_A1B54D4B,BHAVANI SINGH MEENA
VEND_D9116750,R J CIVIL CONTRACTOR
VEND_EC26B207,GAMDI GRAM PANCHAYAT
VEND_16E9BA86,AMARSINGH CHAUHAN CONTRECTOR
VEND_613757F4,PHUL SINGH
VEND_6F1B1A53,GP KHARAL
VEND_642C3B4E,LAKHAN SINGH
VEND_48E5AAD1,RAJA CHIPS CHUGATH HOUSE
VEND_9F555854,ABHIJEET ANANDRAO GAIKWAD
VEND_8B38644D,PABBI SALES
VEND_59956D0F,SL ENTERPRISE
VEND_F2202DD1,GRAM PANCHAYAT BIRLOKA
VEND_66FCC672,BDO KUNIHAR
VEND_56E5E3F0,R L ENTERPRISE
VEND_376F8AA6,SANJEEV KUMAR AND BROS
VEND_F2DF432C,RAMAMOOTHY D
VEND_3E2B4EE1,BIRAJ DIHINGIA
VEND_BCF8EC15,ASSISTANT ENGINEER GURUA
VEND_E40DB881,ASSISTANT ENGINEER NAGAR GAYA
VEND_00AE83E1,AANADPAR YAX JUTH GRAM PANCHAYAT
VEND_2590D117,DESHALPAR GU GRAM PANCHAYAT
VEND_BD4CB076,SARPANCH SACHIV GRAM PANCHAYAT BELPAT
VEND_58F66CF8,DEVISAR GRAM PANCHAYAT
VEND_B39C08F8,VARAMSEDA GRAM PANCHAYAT
VEND_9DFE644A,SANDIP SINGH
VEND_F2BF9165,SAYRA GRAM PANCHAYAT
VEND_3D8F7294,TECHOY MOTORS INDIA PVT LTD
VEND_C55AC824,PANCH AGRO INDUSTRIES
VEND_85B3FC0D,ZUBER ALEEM SIDDIQUI
VEND_CF2BD787,JIYAPAR GRAM PANCHAYAT
VEND_986CF94D,JAI SHREE CONSTRUCTION CO
VEND_40CBFFE4,RENITH CONSTRUCTIONS KARIMNAGAR
VEND_5F6CBDB5,D LINGARAJU
VEND_198CF04A,M A ENTERPRISE
VEND_FC392D14,L N CONSTRUCTION
VEND_92772291,GRAM PANCHAYAT BANJARIDAND
VEND_289EBF90,SAR AND SAC GRAM PANCHAYAT AAMGAON
VEND_DBAAAEC1,READY ELECTRICAL
VEND_7BA629B3,GEESON GEORGE
VEND_4318B14A,PREET STEEL WORKS
VEND_8938FBDB,CHAIRMAN NIRMITHI KENDRA AND DC KOPPAL
VEND_EA5DCD91,SENIOR ACCOUNT OFFICER MPPKVVCL UJJAIN
VEND_A827FFF7,VEERBHADRESHWAR MAJOOR SAHAKARI SANSTHA MARYADIT
VEND_47B6D236,UCHAVAN GRAM PANCHAYAT
VEND_4916D8FE,HANAMANT LIGADE
VEND_D8E96ADC,MODINSAB D MULLA
VEND_41072636,SHIVAKUMAR B PUJAR
VEND_E1A1F95B,SONAIMUTHU
VEND_39A8A0E9,JOY MAA TARA ENTERPRISE
VEND_A5BD0CDB,CH SIDDHESHWAR MAJUR SAHAKARI SANSTHA WADGAON S TQ DIST DHARASHIV
VEND_5B8B0F5E,ZALBHAI NI MUVADI
VEND_6AD17D16,VMP ASSOCIATES
VEND_6ABDCF83,JYOTI SOLAR ENTERPRISE
VEND_8272032C,SUSANTA METYA
VEND_35FF47A9,RAJESH P
VEND_D2B9720B,BHUVAL GRAM PANCHYAT BHUVAL
VEND_E3AAA1F7,GRAM PANCHAYAT NAVA UJLA
VEND_D771D9B5,MANSOOR BABU
VEND_8D9D975E,SACHIN S.N
VEND_9397995E,JALIA GRAM PANCHAYAT
VEND_BCEFE745,GYAN GANGA
VEND_D09C8DB3,VASANTHA B
VEND_C17E0257,SUDARSHAN SUSHIKSHIT BEKAR MAJUR SAHAKARI SANSTHA MA BARMGAON
VEND_71E2F040,HIMANSHU JEENA
VEND_3FDC3AEC,SEJPUR GROUP GRAM PANCHAYAT
VEND_611239E1,SAGAT SINGH
VEND_4EF8CA57,KAKARPADA GROUP GRAM PANCHAYAT
VEND_E0F1CD6A,MOHIT JOSHI
VEND_DA9DAD2B,REBIN JACOB
VEND_44CBCF41,GRAM PANCHAYAT AMBAV
VEND_6BA2030B,GRAM PANCHAYAT AMROL
VEND_296A9997,GRAM PANCHAYAT ASARMA
VEND_0B772B1B,BAMANGAM GRAM PANCHAYAT
VEND_E42BD3E8,GRAM PANCHAYAT BHETASI BA BHAG
VEND_5D3D5887,GRAM PANCHAYAT BHETASI TALPAD
VEND_25A087C9,GRAM PANCHAYAT BHETASI VANTO
VEND_8684293C,GRAM PANCHAYAT HATHIPURA
VEND_4830BE0C,GRAM PANCHAYAT JOSHIKUVA
VEND_5753A7CD,GRAM PANCHAYAT KANTHARIYA
VEND_94F42963,GRAM PANCHAYAT KANVADI
VEND_C7386DA0,GRAM PANCHAYAT KHADOL H
VEND_912A83DE,NAVAKHAL GRAM PANCHAYAT
VEND_5CF0E8E3,GRAM PANCHAYATSANKHYAD
VEND_1B58F592,GRAM PANCHAYAT UMETA
VEND_566BF0EA,CH BHOOM TALUKA MAJUR SAHAKARI SANTHA M WASHI TQ WASHI DIST DHARASHIV
VEND_39CC7BA4,MOLLA ENTERPRISE
VEND_6CED3DDB,MUHAMMED SHAREEF
VEND_2DEAF968,SUNEERA
VEND_2D22010D,GRAM PANCHAYAT UMARBAN KALA JANPAD PANCHAYAT UMARBAN
VEND_2237A854,CHAIRMAN SHRAMJIVI MAJOOR SAHAKARI SANSTHA TULJAPUR
VEND_CDECF663,VATAMAN GRAM PANCHAYAT
VEND_567B392A,RUPA CONSTRUCTION
VEND_1298670C,FATEMA ENTERPRISE
VEND_5E5AA9C3,GURUCHARAN KISHAN
VEND_9103566E,SOUTH ENTERPRISE
VEND_9F83B813,KAMAL KUMAR MODI
VEND_EFB23964,C T THULSEGOWDA
VEND_B12DB941,SANGIMAL
VEND_F077B648,UCHADI GRAM PANCHAYAT
VEND_1006F0AE,SAHIL
VEND_24B96396,KADHHAIYA PRUTHVIRAJPUR GRAM PANCHYAT
VEND_3224A28F,KAMBOPA GRAM PANCHYAT
VEND_92662E87,KARANPUR GRAM PANCHYAT GRAM PANCHYAT
VEND_A87466E2,KOTARBOR GRAM PANCHYAT GRAM PANCHYAT
VEND_08C3F51B,LIMBADI GRAM PANCHAYAT GRAM PANCHAYAT
VEND_649611D0,SARPANCH GP KUNDALIKALA
VEND_E7978CE0,SARPANCH GRAM PANCHAYAT ATARIYA KHURD
VEND_3C96F487,RK CONSTRUCTION
VEND_2A122A01,UCHARPI GRAM PANCHAYAT
VEND_1083A9AB,SAMNAVA GRAM PANCHAYAT
VEND_23C40C60,SARPANCHSHREE GRAM PANCHAYAT DEVALIYA
VEND_17BEEAEA,VENPURA 1
VEND_AE7633F6,S GOPALAKRISHNAN
VEND_B6588BB3,GRAM PANCHAYAT CHUVA
VEND_0F5FAB59,AKHILENDRA SINGH CONTRACTOR AND SUPPLIER
VEND_FECEACBA,GRAM PANCHAYAT SIRHKUND
VEND_56B38746,GP SAROL
VEND_D4ADE1DF,GP KILOD
VEND_42D33FAB,RUPASHREE PATEL JE
VEND_D96D78BC,REENA BAGH
VEND_DD47DACF,TAHASILDAR BALIANTA
VEND_0A510E56,TAHASILDAR TANGARPALI
VEND_3156326E,SREE VINYAGA CONSTRUCTIONS
VEND_FB8C1FDE,GRAM PANCHYAT CHARBHATHA SGVY
VEND_89A73DF3,FR JIMBERT K MARAK
VEND_485A30C3,LEKHRAAJ
VEND_99608F3C,KHANODAR GRAM PANCHAYAT
VEND_96D535DB,SHAHUL HAMEED
VEND_5AEA0A10,HARDEEP SINGH MISTRI
VEND_557C3D27,AVTAR PAINT AND HARDWARE STORE
VEND_CC69E7F3,MANSOOR ALI
VEND_C418B35C,GRAM PANCHAYAT GAONSARI
VEND_FED28B4E,VNS ENTERPRISE
VEND_EB8E42BF,GP SALOONI
VEND_44DFC955,GRAM PANCHAYAT UNDEL
VEND_30EF13DB,BHANGADA GRAM PANCHAYAT
VEND_D4C6B593,KASTURBA DHAM GRAM PANCHAYAT
VEND_25081375,PADASAN GRAM PANCHAYAT
VEND_5B40871B,TECHNO BEST
VEND_3932AE43,RM BUILDERS
VEND_AF13FD11,KESIREDDY RAMREDDY
VEND_AC3155AC,PATAPALLI RAGHURAMAIAH
VEND_350D89C1,NIKHIL
VEND_5FCE54A7,SIVAMOTORS
VEND_3E80D4A5,BDO TILEIBANI MPLAD
VEND_9D259B20,SAGAR PANDURANG PATIL
VEND_B629345A,SURYA AQUA PURIFIER
VEND_FA5E1F55,KSS ENTERPRISES
VEND_37A55DB9,J KUMAR
VEND_A7510950,JMD ASSOCIATE
VEND_73CD7296,YELLA ASHOK
VEND_F3BABA90,GIRIJA SHANKAR DUBEY
VEND_14AF0DDE,INDIRA N
VEND_5DAB0C27,MP AND CO
VEND_7205EF74,PJ ENTERPRIESES
VEND_17C2AFB6,DILBAG CHHILLAR
VEND_0744E31E,RAVI DC
VEND_D0F07D3E,BDO DHARAMPUR DISTT SOLAN
VEND_85B8AA9B,SARPANCH GP BUDLAPATHAR
VEND_4B8939F1,SARPANCH GP HARANBHATA
VEND_0D8A248D,SARPANCH GP KOHKA
VEND_4F839F23,SARPANCH GP LEEKHAWADI
VEND_749A65B0,SARPANCH GP MANKADEHI KHURD
VEND_465A500A,SARPANCH GP MORDONGRI KALA
VEND_DCDDCA25,SARPANCH GP RIDHORA
VEND_22823A04,SARPANCH GP SABLADHANA
VEND_5053C55C,ANDHRA PRADESH MEDTECH ZONE LTD
VEND_2CAE2E4B,PIPALIYA GRAM PANCHAYAT
VEND_78BA1B11,BUKOLI GRAM PANCHAYAT
VEND_264FCF78,GRAM PANCHAYAT MOHANKOT
VEND_E590F806,SURESH CHAND
VEND_850DDDD1,GRAM PANCHAYAT EKTA
VEND_57AC66DC,CMO MUNICIPAL COUNCIL KANKER
VEND_F6202454,MS SAIPUNG SECONDARY SCHOOL SAIPUNG
VEND_8AD304E4,MAA BHABANI CONSTRUCTION
VEND_044E2ED2,SIDDHESWARI CONCERN AND CONSTRUCTION
VEND_17FAF903,PENAKA CONSTRUCTION
VEND_F4A02BDF,SANJAY SINGH
VEND_D4BFF3B2,JWALA SINGH
VEND_805B5116,SAKUNTALA DEVI
VEND_5E05AC0C,JEETENDRA NADBAI
VEND_1BAE774C,BHUPENDRA
VEND_C1D62F4B,MANOJ JATAV
VEND_26D9A7D2,GOLDI ENTERPRISES
VEND_86E163FA,CHABILE RAM
VEND_1FCE6B0B,GP SANOOH
VEND_DBFB9E6B,KRISHNAMOORTHY
VEND_0505744C,GADHADA SHA GRAM PANCHAYAT
VEND_B1AE2F26,INFODESIGN
VEND_C9E57BD7,K V GEETHA
VEND_9AE7CAA5,MATODA GRAM PANCHAYAT
VEND_436B6692,BABU SINGH RAJPUT
VEND_01765D70,VITHON GRAM PANCHAYAT
VEND_C7E3DF0B,LAKSHMI GANAPATHI CONSTRUCTIONS
VEND_A3F8DA33,K DORAIRAJ
VEND_3F8325A3,GRAM PANCHAYAT PONDI
VEND_4021F000,VAGHRODA GRAM PANCHAYAT
VEND_559B2DB7,T AZHAGESAN
VEND_BE0D358D,UNTAVA GRAM PANCHAYAT
VEND_CEB94D8B,FULAY JUTH GRAM PANCHAYAT
VEND_788B6F12,VIBHAPAR JUTH GRAM PANCHAYAT
VEND_A593AE82,JAGMOHAN KATARA
VEND_7D42480B,GP SINGADHAR
VEND_CB28C42F,LAXMIPURA NAN GRAM PANCHAYAT
VEND_9A22B956,RAJ ART
VEND_AF8F3C59,SUJATA HALDER
VEND_6F98C9B4,BHARAT SINGH SAIYAM SAIYAM TRADERS
VEND_FB45B488,NEEMA NEGI
VEND_0E9257CE,S VALARMATHI
VEND_90FE246C,ESWARAN BUILDERS
VEND_DCD81AB9,NANIKADI GRAM PANCHAYAT
VEND_4DCD6453,NASITPAR GRAM PANCHAYAT
VEND_94F4238C,THE BABA BADWALA CO OP SOCIETY
VEND_3EE7178A,GRAM PANCHAYAT RIKOTAR
VEND_07640D1D,PADAVALA GRAM PANCHAYAT
VEND_470C9551,RITIK BUILDING MATERIALS BADALA ROAD KHARAR
VEND_A5CBB330,DHANNA JATT TRADING COMPANY
VEND_83DA0C54,GRAM PANCHAYAT MAWAI
VEND_657644E7,SANPAVADA
VEND_661E25BB,UDELA
VEND_350882B0,M THANGAVEL
VEND_187FA1D0,PEDDI DEVENDHAR
VEND_6DB2218E,VADAVAL GRAMPANCHAYAT
VEND_C464E128,THERVADA GRAMPANCHAYAT
VEND_DB2AA97C,RANPUR VACHALA VAS GRAM PANCHAYAT
VEND_02E5A647,GRAM PANCHAYAT SHYAMPURA
VEND_7041CED5,GRAM PANCHAYAT AIROURA
VEND_A1ED6671,JEYARAMAN S
VEND_10667B17,THE QUALITY CO LC SOCIETY
VEND_65149AB4,ANBUMANI KESAVAN
VEND_D697DC47,SARPANCHSHRI MAHERVADA GRAM PANCHAYAT
VEND_D411A506,DARYAPUR MAJOOR KAMGAR SAHAKARI SANSTHA
VEND_103E2AE8,GAYATHRI R
VEND_CA20F1D1,GITANJALI PUJARI
VEND_4ADDDDAE,MURUGESAN V
VEND_9A014174,RAJAKUMAR
VEND_37CF1998,RAHUL ENTERPRISE AND CONSTRUCTION
VEND_8BD13EA7,SANTOSH KUMAR MONDAL
VEND_536E5E19,R N R CONSTRUCTION
VEND_1D8A31AA,VALARMATHI
VEND_9643E765,IMRAN GULABKHA PATHAN
VEND_DC57F82C,GRAM PANCHAYAT DEVATAJ
VEND_CBBF0FB8,KAMAL KISHORE
VEND_15F13BEF,KAMALJIT
VEND_7FCEFD57,AMANDEEP
VEND_2C397F8B,KAVYA CHOPRA
VEND_5BEB5F4C,GRAM PANCHAYAT GHONTKHEDA
VEND_E952D8D2,GRAM PANCHAYAT CHOURANGA
VEND_BCD9B0A3,GRAM PANCHAYAT JOGISONDHA
VEND_10DB5037,RAJAGURU
VEND_7D01D4DA,SUN RAY ENTERPRISE
VEND_A2D814C7,SANTHOSH KUMAR SHETTY
VEND_7339190B,FATE BAHADUR SINGH
VEND_B8E1DF81,UTSHA ENTERPRISE
VEND_DD6562AB,SARPANCHSHREE GERITA GRAM PANCHAYAT
VEND_BA70D264,SARPANCHSHREE SOKHADA GRAM PANCHAYAT
VEND_4C544893,M S SATISH CONSTRUCTION
VEND_D634CAC2,NABAB CONSTRUCTION
VEND_6B6436BD,ADRIJA CONSTRUCTION
VEND_89CBBA67,PURAN SINGH SUPPLIERS
VEND_09D1BDAA,R MANI SANKARAN
VEND_64B8F84B,MINU ELECTRICALS
VEND_56204AC8,P S ELECTRICAL
VEND_65810AED,N K ENGINEERING
VEND_EDDED7E2,SHANKHESHWAR CONSTRUCTION
VEND_CBB617CF,MIR ROUJUDDIN AHMED
VEND_7169C162,AKSHYA KUMAR MOHAPATRA
VEND_79B3D7C9,JASIMUDDIN SEKH
VEND_3504CE5A,BIKASH KUMAR PARIDA
VEND_90E232F9,ASSISTANT ENGINEER SOUTH DISTRICT ZILLA PANCHAYAT
VEND_CA05170D,THE PRIYANK CO OP LC SOCIETY LTD
VEND_EFCAE52A,DHARAM PAUL BKO
VEND_9AE01B12,THE SAKSHAM CO OP LABOUR AND CONSTRUCTION SOCIETY LIMITED SANKHOL
VEND_E0D5FA81,SARPANCH GRAM PANCHAYAT AMANIYA
VEND_D28F5F32,TAPASYA CONSTRUCTIONS
VEND_DB3F5A90,SHREE SALASAR BALAJI DEVELOPERS AND CONSTRUCTION HARSHAL SETHIA
VEND_A4C069D7,BABITA PATEL
VEND_28F77A8A,RUPALI BEHERA
VEND_B2AC7E5E,SAI MOTORS
VEND_15494D50,SHERGILL CEMENT STORE
VEND_D0B0106E,PENTASTAR POWERCON PRIVATE LIMITED
VEND_1A21ED32,GRAM PANCHAYAT BADAGHAT
VEND_938B1605,GRAM PANCHAYAT JINAGARH
VEND_C8800D6C,GRAM PANCHAYAT MANPASAR
VEND_88769033,GRAM PANCHAYAT BANPURA BUJURG
VEND_36253D52,GRAM PANCHAYAT KHARILA
VEND_908E40A2,GRAM PANCHAYAT LUHARRA
VEND_7A5B8529,MC REWARI
VEND_98F7116A,KANBHA GRAM PANCHAT
VEND_C80E3368,SARDAR CHOUDHARY
VEND_4A8EC78C,NERAJ
VEND_FC0495FC,ALAGAPPAN C
VEND_E2B8BE2F,CHENARAM
VEND_2313BC15,PERUMAL S
VEND_FB7AF911,GORA
VEND_4A72F9BE,SARWESHWAFR
VEND_363DC856,BALVEER
VEND_6405A2F1,NICHI MANDAL GRAM PANCHAYAT
VEND_CDC5B890,R D MAHENDRA
VEND_6EAB7553,GALA GRAM PANCHAYAT
VEND_E62DB749,BAGATHALA GRAM PANCHAYAT
VEND_057C7A3A,GIRISH H S
VEND_C9E5F7F1,JESINGPUR GROUP GRAM PANCHAYAT
VEND_680B146A,SHA CHAGANLAL JAYANTHILAL JAIN
VEND_1217ACC2,DUDHALA BAI GRAM PANCHAYAT
VEND_EE3EA3D7,GP MASERAN
VEND_C1FD7234,JE SATYENDRA KUMAR
VEND_FE2CCF34,AROCKIADASS SUSAI MANICKAM
VEND_52FC0FB5,GRAM PANCHAYAT BALOLA
VEND_6C2E664B,GAURAV INTER PRICES
VEND_57FD147E,SAR AND SAC GRAM PANCHAYAT GORAKHPUR
VEND_21BADB51,SAR AND SAC GRAM PANCHAYAT PANDRIPANI
VEND_A9690B51,VAGHASI GRAM PANCHAYAT
VEND_5651E3B0,LAGHUMTHOTI MASTANAIAH
VEND_89BD6D11,DEEPAK LEGA
VEND_2476A9C3,SHRAVAN LAL
VEND_5B892705,JAY KISHOR SINGH
VEND_1C65B426,PINGOT GRAM PANCHAYAT
VEND_460BDCBE,SAMEER HYDER
VEND_9D29EA36,MANI CONSTRUCTION
VEND_0D5083D1,GRAM PANCHAYAT KANTI
VEND_477E48D8,SALH CEMENT STORE
VEND_141641D4,KERALA ELECTRICAL AND ALLIED ENGINEERING COMPANY
VEND_2C928CE2,KATEDIYA GRAM PANCHAYAT
VEND_89EC6145,BABY M M
VEND_69E55CA8,GRAM PANCHAYAT VIRSAD
VEND_D75614EA,RAMASAMUDRAM MADIRASU VENKATA GIRI
VEND_5689796A,DETECH
VEND_B4410F7F,DINESH A
VEND_C125BFD0,SUMITH P THADATHIL
VEND_1A75783A,GRAM PANCHAYAT PAHADGAON
VEND_3B8CF47A,AYYANNA NAGULA
VEND_EC93C95A,APARAJOY RUDRA
VEND_8A54DB81,DIVYA TRADERS
VEND_E1123C49,UNITED ELECTRICAL INDUSTRIES LTD
VEND_BE78A517,SHYAMAL CHAKRABORTY
VEND_A665B75A,SIGMA AGRO
VEND_3F2AD9E0,BIKRAM KESHARI SAMAL
VEND_2D22EDD4,C SIVAGANAPATHY SUBRAMANIAN AND CO
VEND_6C8D0E3A,CONSTRUCON POWER ENGINEERING
VEND_DB826C61,PUNJAB IRON
VEND_5FA2B9B9,AUTOMOTIVE MANUFACTURERS PRIVATE LIMITED
VEND_7FFF9C3A,CHHARODIYA GRAM PANCHAYAT
VEND_C2AEA28C,PALLI KUMAR RAJA
VEND_DE38BD89,WEST BENGAL MEDICAL SERVICES CORPORATION LIMITED
VEND_F51B5896,CHEKHLA GRAM PANCHAYAT
VEND_5D9A8444,LAXMIPURA GRUP GRAM PANCHAYAT
VEND_D87A2DF5,MARIYAPPAN CONTRACTOR
VEND_9F5C021F,GP LALAP
VEND_798B7575,UGHROJ GRAM PANCHAYAT
VEND_F622255B,JITENDRA DAS
VEND_C552EE9B,KULIYAL CONSTRUCTIONS
VEND_21EFC24C,GP KHADKALI
VEND_4B7DF8C6,THE SHAKARPURA JANTA CO OP LC SOCIETY LTD
VEND_C63E1BE8,SEC GP PARSDA HAWANI
VEND_CBDFEE44,SK INDADUL HOQUE
VEND_FB4040AA,GRAM PANCHAYAT KUTHED
VEND_6BA1BDF2,DPC SSA FATEHABAD
VEND_EDE9F1C2,GRAM PANCHAYAT NEWASPUR
VEND_D75920DF,SHIHORA JUTH GRAM PANCHAYAT
VEND_5953F0D6,SREE KAMACHI INDUSTRIES
VEND_A50BB6BE,KAMALAKANTA BASKEY
VEND_8703AD60,GRAM PANCHAYAT GUNVANTPUR
VEND_38C2C134,KANNIAH
VEND_F3A2340A,S VENKATESH
VEND_62CF2CD1,IRA ENTERPRISE
VEND_B3DE2FE7,RAMANATHAN
VEND_E2773832,ASSISTANT ENGINEER WAZIRGANJ
VEND_7F91354A,MAKKA MALLESWARARAO
VEND_FDF388CA,R MUTHUSAMY
VEND_638F43F3,GRAM PANCHAYAT BHARKUNDA
VEND_C7930A77,DIKSHA ENTERPRISE
VEND_538EBC3B,SARPANCHSHREE JANTRAL GRAM PANCHAYAT
VEND_8AE250CE,BIDHANSABHA KESHETRA NAVINAGAR SAHAYAK ABHIYANTA
VEND_5448C660,SRI J VENKATA GIRI DHARA RAO
VEND_4034B180,SAHAYAK ABHIYANTA RAFIGANJ BIDHANSHABHA KSHETRA
VEND_51DCEA95,BIDHANSABHA KSHETRA GOH SAHAYAK ABHIYANTA
VEND_539D43AE,BDO DEHRA LOK SABHA
VEND_0EDBA796,BDO DEHRA MP RAJYA SABHA
VEND_3F086F97,SAHAYAK ABHIYANTA AURANGABAD BIDHANSABHA KSHETRA
VEND_2676B37C,SHANKER TRADERS
VEND_07862DAA,VATAM NAVA GRAM PANCHAYAT
VEND_02DEADF1,ASSISTANT ENGINEER TEKARI
VEND_743E8F15,THE ADITYA CO OP SOCIETY
VEND_AD6D3CF1,JAY SHRIKRUSHNA MAJOOR KAMGAR SAHKARI SANSTHA
VEND_E7570FA4,M LALITHA
VEND_46DD0961,S A MANIRAJ
VEND_D39CABC7,GRAM PANCHAYAT PABUSAR
VEND_99E43B94,M PERUMAL
VEND_46DE9E2E,S SUDHAGAR
VEND_31614586,MOHAL LAL MISRTI
VEND_3FAACA84,HARJAP
VEND_91CD3788,KANG TILES
VEND_2B4CE666,ADR CONSTRUCCTION
VEND_6461F8F8,P KANDASAMY ODC
VEND_0D20918E,SDSCO NURPUR
VEND_1A0FBA6E,M APPUSAMY
VEND_115CD294,HP STATE CIVIL SUPPLY NURPUR
VEND_A7B7DB5A,PUNEETH M N
VEND_6FD4ACE0,THIRUVENGADAM K B
VEND_E6980326,GHANSHYAM PANDEY
VEND_853F044C,KAVITA PANDEY
VEND_5E498679,JEEVAN CHANDRA
VEND_2C07767D,HIMANI BELWAL
VEND_A6FE89C9,GIRDHARI SINGH
VEND_327B8AC5,DER GRAMPANCHAYAT
VEND_F885DDBB,KHAMBHA GRAM PANCHAYAT
VEND_ED75E1E1,PRASASAK GRAM PAMCHAYAT KU
VEND_3024CB02,VISHAL IRON
VEND_7DB95303,MS BALUSUPATI CONSTRUCTIONS
VEND_C19A40A5,S G ENTERPRISE
VEND_427A88DC,RENUKA ENTERPRISE
VEND_20E20EBE,SAIRAM CONSTRUCTIONS
VEND_1190FF99,THE DADAR GRAM PANCHAYAT
VEND_05B6376F,UCHAIYA GRAM PANCHAYAT
VEND_A788532B,SARPANCH SACHIV GRAM PANCHAYAT SOKALPUR
VEND_8E4C7C6B,SARPANCH SACHIV GRAM PANCHAYAT TEKAPAR
VEND_42F3BC41,MANOJ YADAV
VEND_CDB23C65,SARPANCH SACHIV GRAM PANCHAYAT JHIRIYAMATA
VEND_7D710682,KADEGI GARAM PANCHAYAT
VEND_6A26FAFA,SHRI VAIKUNTHANAATHAA
VEND_A3E91380,KAZI INAMUL AKBAR
VEND_9D1770EB,NAVEEN CONSTRUCTION
VEND_5B2F80C3,SHRI PAL
VEND_B9F99232,GRAM PANCHAYAT GHOTAN
VEND_C4BEA5CC,SHRI GANESH CONSTRUCTION AND SUPPLIERS
VEND_84A261C1,NEW BHARAT TREDERS
VEND_CB778013,THALOTA GRAM PANCHAYAT
VEND_4D8B4EB4,GALIBA GROUP GRAM PANCHAYAT
VEND_7F3025C4,LILU RAM
VEND_27E5D7F2,LALAVADAR GRAMAPANCHAYAT
VEND_EAF8C073,MONPUR GRAM PANCHAYAT
VEND_6711DEFE,TAHASHILDAR GANIA
VEND_30DD5F72,SANJAY PANDEY
VEND_2A0AFA9A,VARUN BHATT
VEND_C7FB9515,DHIRAJ SINGH BISHT
VEND_7380B142,SACHIN GUPTA
VEND_A50C89BE,GRAM PANCHAYAT MOTAPONDHA
VEND_DEABABC2,L M ENTERPRISE
VEND_9E87234A,MPLADS HOLDING ACCOUNT
VEND_9A2182C3,NAVALPUR GRAM PANCHAYAT
VEND_A7BC11B7,SAMAKHIALI GRAM PANCHAYAT
VEND_B9C6D018,GRAM PANCHAYAT GHANGRET
VEND_B0011148,THE LAVISH COOPERATIVE LABOUR AND CONSTRUCTION SOCIETY LIMITED
VEND_2302EDBD,RATAN KUMAR MANDAL
VEND_4554AC84,KHALID LATHIYA
VEND_00689056,JODHPAR NADI GRAM PANCHAYAT
VEND_D80C8A00,VINOD KUMAR TIWARI
VEND_7B8F1ED4,TRILOK CHANDRA TIWARI
VEND_13323867,KHAJAN CHANDRA TIWARI
VEND_882BA83C,3 STAR ENTERPRISES
VEND_56EB525A,MPLAD
VEND_A6AD81F9,SONU CHOUDHARY
VEND_9EDF41CF,RAMAMOORTHY K S
VEND_54F36F88,GRAM PANCHAYAT NANIMUDEL
VEND_938D5538,ARUN KUMAR DAS
VEND_35E7C8A8,JOHNY JOSEPH
VEND_3C9ED420,SHANIRANJAN KUMAR SINGH
VEND_B5C162D8,CHHOTU
VEND_06AB1396,RAMNATH
VEND_B917A6AB,DESHRAJ
VEND_D3950CF5,JAI MATA RANI CONSTRUCTION
VEND_03D516CB,BHAGYAMMA
VEND_E4B33DCD,AVK AND CO
VEND_B57E29A3,PRASENJIT GHOSH
VEND_DE7C6BD7,VIPUL VIJAY CHAWARE
VEND_6CAF261B,NIMATA KUMAR BHOI
VEND_12F0C533,SIBCON ENTERPRISE
VEND_BA944787,MUNMUN ENTERPRISE
VEND_78FF2A80,UDEPUR GROUP GRAM PANCHAYAT UDEPUR
VEND_0DFA15E4,EVANA ELECTRICALS PRIVATE LIMITED
VEND_4D5DAE1E,KALIDOSS S
VEND_6D53C103,ASSISTANT ENGINEER LAEO SHERGHATI VIDHAN SABHA
VEND_0FD9124F,SAROJ TIWARI
VEND_8A84C93C,THE MANDO CO OP L AND C SOCIETY LTD
VEND_9E9A32A8,GRAM PANCHAYAT BHALPARA
VEND_472209D8,GALEPPA
VEND_A920A797,GAURAV CONTRACTORS
VEND_DD703E19,G SREENIVASULA REDDY
VEND_1021E968,C G JOHN
VEND_3FEDE1F0,THADACH GRAM PANCHAYAT
VEND_87818783,BDO OKHALKANDA
VEND_1C8EB300,MS ALOK CONSTRUCTION
VEND_63F89814,MS SADDAM CONSTRUCTION
VEND_C2CCAE31,SHREE AMAJ MAA TRADING COMPANY AND BUILDING MATERIAL SUPPLIERS
VEND_E60BB5C0,T N ENTERPRISE
VEND_3AF0C7B6,GRAM PANCHAYAT SHANTINAGAR
VEND_BC5326CE,KARAJALA GRAM PANCHAYAT
VEND_9305CA70,RAUSHANI KUMARI
VEND_A2386745,GHOSH TRADERS
VEND_7DE7980D,INIXY POWER SOLUTION PVT LTD
VEND_965EB3BF,SANTOSH KUMAR SAHU
VEND_3A0510E3,U S GROUP
VEND_374F637D,GEETA NAYAL
VEND_C89B4215,BABITA NAYAL
VEND_B561A883,SANAJAY SINGH NAYAL
VEND_DBA461B0,BHAWANA DEVI
VEND_4E91AD30,PUNAM NAYAL
VEND_B965A9C7,DEVENDRA SINGH NAYAL
VEND_F10D837B,AKHILESH CONSRUCTION
VEND_D227623F,THE DALAL COOPRATIVE LABOUR AND CONSTRUCTION SOCIETY LIMITED MANDOTHI
VEND_3EDC13DE,ASSISTANT ENGINEER AC SIKANDRA LAEO JAMUI
VEND_530AD367,ASSISTANT ENGINEER AC JHAJHA
VEND_35B0CD43,ASSISTANT ENGINEER AC CHAKAI
VEND_1D9E22C5,VAVADI GROUP GRAM PANCHAYAT
VEND_2F119AC4,SGS CONSTRUCTION
VEND_A56E78FF,RAJU ENTERPRISES
VEND_7EF8F101,KESHI ENTERPRISES
VEND_85DC2454,THE KHARAL SHRI RAM CO OP LC SOCIETY
VEND_C4FD5365,MEHAK ENTERPRISE
VEND_37EE0FA2,ELURI GOPALARAO
VEND_581D6F4E,M THILLAI NATARAJAN
VEND_266F4A2C,THE BHADRADA JUTH GRAM PANCHAYAT
VEND_4922AE90,UMA CONSTRUCTION
VEND_902FDC7E,BELWAL TREDERS
VEND_74E03E54,PRESIDENT PRAGATI MAJOOR SAHAKARI SANSTHA LTD
VEND_F006FE60,NARANPUR NARSOLI GRAM PANCHAYAT
VEND_E101C76A,DIPAK SAHA
VEND_6D230A1A,MESARS SANYAM CONTRUCTION WARD NO 20 GHUWASH RBJ
VEND_18E4672E,MAHATA ELECTRICAL AND ENGINEERING PRIVATE LIMITED
VEND_ACCC7376,GRAM PANCHAYAT NADHANPUR
VEND_B5B61215,GRAM PANCHAYAT TRAJ
VEND_37BAE29A,GRAM PANCHAYAT MARALA NAGRAMA
VEND_7249344D,THE SHREE JEEN MATA COOP LC SOCIETY
VEND_1053E1B8,GRAM PANCHAYAT HADEVA
VEND_9E8F11A7,GRAM PANCHAYAT MAHELAJ
VEND_32C9CE14,GIRISH TIWARI
VEND_ECFAF8AC,SATHESS KUMAR
VEND_EE91DFC3,SINADA GRAM PANCHAYAT
VEND_4D3EC278,VANDARIYA CHORAMALA GROUP GRAM PANCHAYAT
VEND_81106175,ASLAM SEKH
VEND_922573A5,DURGAWATI CONSTRUCTION CO
VEND_6F489FF7,SIKANDER INDUSTRIES
VEND_5B8E980F,GRAM PANCHAYAT PAHAJ
VEND_6236ECAA,UJJAWAL ENTERPRISES PROP MANISHA DEVI
VEND_83A4C199,MADAPALA THIRUPATHI RAO
VEND_532722D8,THE TRIBUNE TRUST
VEND_A7C53D80,ANOOP KUMAR SINGH SACHIN CONSTRUCTION
VEND_4A1D1142,ISHVARIYA GRAM PANCHAYAT
VEND_2605378D,N ENTEPRISE
VEND_308D1781,RAMENDRANARAYAN KAR
VEND_3FC56022,JAGTAR SINGH MISTRI
VEND_9476CB78,BIJAYANANDA GOCHHAYAT
VEND_E8C97A7A,LUCKEY ARTS
VEND_041995EA,PROJECTEE COMPANY
VEND_636B93BA,POOJA ENTERPRISES
VEND_A3026093,MAHENDRA KUMAR SINGH
VEND_43B1A8F6,KISHORYA
VEND_518D4C5E,MONU DOBI
VEND_FCAB0D02,BANVARI
VEND_DB6A8836,CHOTE LAL
VEND_3806BD9F,FRIENDS INDUSTRIES
VEND_DB534849,NAINEE FURNITURE
VEND_CAC03CCB,MURTAZA HUSSAIN DAR
VEND_760BC7B5,KHAN BUILDERS
VEND_5F553048,KOHINOOR ENTERPRISE
VEND_11E75DB7,MUJAFFAR AHMED MOLA
VEND_10BB8B80,RAHIL ENTERPRISE
VEND_3AA288FB,NAGARKOTI STATIONERS GERNERAL ORDER SUPPLIERS
VEND_71AD1458,SARAVANAKUMAR M
VEND_4EC01AC8,JAI MAHA KALI CONSTRUCTIONS
VEND_3CA3E655,GODHANA GRAM PANCHAYAT
VEND_35B40E08,DASHRATH GRAM PANCHAYAT
VEND_E108E197,THE GUJARVADA GRAM PANCHAYAT
VEND_13666BEF,PREMNAGAR GRAM PANCHAYAT
VEND_B5F65476,SANTOSH KUMAR GARG
VEND_63198C2E,GRAM PANCHAYAT ARARAMA
VEND_BA4B5AF7,BORNISHA ENTERPRISE
VEND_607DE58D,PATANVAV GRAM PANCHAYAT
VEND_7D191E0E,ANAND SANITARY AND HARDWARE STORE
VEND_F38EC0E3,SARAVANAN R
VEND_8BA14FA7,THE SHRI GANESH CO OP SOCIETY
VEND_5A2335C7,BDO NAYAGARH
VEND_23C186E8,RAVI TRIPATHI
VEND_AB250453,GRAM PANCHAYAT VACHHANAD
VEND_2812FF4C,GRAM PANCHAYAT PADARIYA
VEND_5F4FE081,ANAND CONSTRUCTION COMPANY
VEND_CC4FF5B2,SAMARTH ENTERPRISES
VEND_BF775E70,SUSHILA TRIPATHI
VEND_82FB2A5D,MOTA MACHIYALA GRAM PANCHAYAT
VEND_25A16914,RIKADIYA GRAM PANCHAYAT
VEND_5A2BFD98,MANGAVAPAL GRAMAPANCHAYAT
VEND_7A2399A6,NANA MACHIYALA GRAM PANCHAYAT
VEND_19ECE287,SIMLIYA GRAM PANCHAYAT
VEND_428303A5,SAHYOG CONSTRUCTION
VEND_9077EA3B,KALPANA ENTERPRISE
VEND_3523B9D0,BUKUL CHANDRA MURMU
VEND_D94E4C4B,CDO CUM EO ZP DKL DMF
VEND_10E9B45F,PARABIA JETHOLI GRAM GRAM GRAM PANCHYAT
VEND_EC97DD59,PILODARA GRAM PANCHYAT GRAM PANCHYAT
VEND_C7D058C4,RAMANA MUVADA GRAM PANCHYAT GRAM PANCHYAT
VEND_70B82554,SARODA GRAM PANCHYAT GRAM PANCHYAT
VEND_989C8FD5,SUTARIA GRAM PANCHYAT GRAM PANCHYAT
VEND_9639AED4,TAJERI GRAM PANCHYAT
VEND_86D6FBA0,WANAKBORI GRAM PANCHYAT GRAM PANCHYAT
VEND_E5C4B611,PRITAM SINGH
VEND_D5298D2A,ODHAVA GRAM PANCHAYAT
VEND_B273EC5D,MC NAGROTA BAGWAN
VEND_35F8F7CD,SRUTI ENTERPRISE
VEND_C236443F,DHARUSAN GRAM PANCHAYAT
VEND_8C8C8BD8,BINGI SURESH
VEND_4572B785,KOLHAPUR GRAM PANCHAYAT
VEND_43E3971F,THE GOYAT COOPERATIVE LABOUR AND CONSTRUCTION SOCIETY LIMITED
VEND_7DF5205E,DARVESHWAR NATH CONSTRUCTION
VEND_48CAF60D,ASSISTANT ENGINEER AGIAON
VEND_2C2D5BB4,GRAM PANCHAYT NIONGALA
VEND_AE60C786,BARKAT PAVER INDUSTRY
VEND_D874D431,THE NAI ABADI CO OP L AND C SOCIETY LTD
VEND_B958D904,THE PRICONS
VEND_774B249C,CHAJURAM
VEND_EDB3834F,CHETRAM
VEND_0F4B8B00,SUNITA BAI MEENA
VEND_22DCAB6A,DHARAM SINGH MEENA
VEND_E58D54E1,RASUDEEN
VEND_B3DFF6BC,GULAB SINGH MEENA
VEND_32A30125,SAMAY SINGH MEENA
VEND_A2014911,SUBASH CHAND JANGID
VEND_9005AF35,MANOJ KUMAR BAIRWA
VEND_40C20F0D,SHIRIKISHAN
VEND_BB20CD87,RAMHARI MEENA
VEND_43DF3394,SANTRAM MEENA
VEND_C2CF664D,NAHANI DEVI
VEND_00214EAD,SWARNENDU SARKAR
VEND_CF0F7AB1,GRAM PANCHAYT DATARDI
VEND_97937B7A,HARAKRISHNA KAMILA
VEND_828A41F3,GRAM PANCHAYAT KATHANA
VEND_CB7B2819,RAVINDRA GRAM PANCHAYAT
VEND_5276EE2A,GADHNAMUVADA GRAM PANCHAYAT GRAM PANCHAYAT
VEND_D17EBE30,GUNTHALI GRAM PANCHYAT GRAM PANCHYAT
VEND_2BF88C62,JANOD GRAM C GRAM PANCHYAT
VEND_DDD69F09,R K CUNSTRUCTION
VEND_A0875F5F,GRAM PANCHAYAT PAKHAAJAN
VEND_8DC2E4D1,TRUE VISION INC
VEND_6AFDD3AD,SM MAIDUL ISLAM
VEND_C198465A,SRI SAI SAMHITA CONSTRUCTIONS
VEND_97F240C2,AALELA GRAM PANCHAYAT
VEND_0A7CE14B,BALIYADEV GRAM PANCHYAT GRAM PANCHYAT
VEND_D4708E96,BHANTHALA GRAM PANCHYAT GRAM PANCHYAT
VEND_71AA0443,DEV GRAM PANCHYAT GRAM PANCHYAT
VEND_D6E9D39B,BEJAWADA SEENAIAH
VEND_ECBDF880,GRAM PANCHAYAT SHAHPUR
VEND_61707C1E,SARPANCH SHRI KADAJODARA
VEND_1DD0C320,SARPANCH SHRI SAMPA
VEND_F696BFC1,SARPANCH SHRI VADOD
VEND_CDA23331,SARPANCH SHRI SALAKI
VEND_8A8B8477,SARPANCH SHRI JALUNDRA NANA
VEND_82CD7C00,AE KURTHA
VEND_216B0118,JASWINDER SINGH MISTRY
VEND_30B2C8DA,PANIYADEV GRAM PANCHAYAT
VEND_E9FDF268,N BUILDERS
VEND_C0D25BAE,MARUTI ENTERPRISE
VEND_CF5D194F,JUNIOR ENGINEER POTTANGI
VEND_1FC83606,SHIV SHAKTI GRAM UDYOG SAMITI
VEND_3C725906,KUPPAN M
VEND_15E44694,MAA DURGE AADI SHUBHANGAM CONSTRUCTION COMPANY
VEND_7A236779,RAJIV SINGH
VEND_7DDFB4CC,BLOCK DEVELOPEMENT OFFICER
VEND_D6AA8CFC,ZOME COMMISSIONER ZONE 09
VEND_D54442D9,ZONE COMMISSIONER ZONE 01
VEND_3ABE217F,ZONE COMMISSIONER ZONE 02
VEND_0186E30F,ZONE COMMISSIONER ZONE 04
VEND_37F98A87,ZONE COMMISSIONER ZONE 06
VEND_F386166A,ZONE COMMISSIONER ZONE 07
VEND_C11DB0AE,ZONE COMMISSIONER ZONE 10
VEND_97D04FC6,VARDHMAN STEELS AND METALS
VEND_98BD65B2,AKAL CEMENT TILES
VEND_BA82AADD,GUPTA STEEL TRADERS
VEND_7B03C9DE,RADHE ENGINEERING AND CONSTRUCTION
VEND_F47BDED6,MAA KALI BUILDERS
VEND_F6CBC19F,MOTA GRAM PANCHAYAT
VEND_CDBD1945,DEVLA GRAM PANCHAYAT
VEND_9A0B6A2E,DILIP ENTERPRISE
VEND_A5488D55,NISTHA ENTERPRISES
VEND_5796E85A,NATIONAL ENTERPRISE
VEND_5670F0FD,VEMUNDLA KUMAR
VEND_4E7A0B80,DEBASISH BISWAS
VEND_1693F1B3,DHIRENDRA SINGH JEENA SUPPLIERS
VEND_E8007F03,AANVIK ENTERPRISES
VEND_A1A8E9B8,SUDHIR KUMAR SINGH
VEND_B6B90B1F,MUNICIPAL CORPORATION BATHINDA
VEND_3231467C,MS PREM BULIDING MATERIAL
VEND_0E4A0307,VIKRAM SINGH BISHT
VEND_27E77207,RAJA SAHIB JI ENTERPRISES
VEND_CDD5E2CD,DEEPAK BAG
VEND_7B8EB1C7,TARAKATALAV GRAMAPANCHAYAT
VEND_3AD58457,PADARADI GRAM PANCHAYAT
VEND_79CA8189,SODGAM GRAM PANCHAYAT
VEND_495BE112,ORSU SRINU
VEND_26D4F7C9,K F ENTERPRISE
VEND_62BEAEDD,ANSH CONSTRUCTION COMPANY
VEND_C3DA08FD,BDPO UCHANA
VEND_AFFF65F7,ASSISTANT ENGINEER BAKHARI
VEND_C41EBBBF,ASSISTANT ENGINEER SAHEBPURKAMAL
VEND_69300413,SOFIKUL ISLAM
VEND_C46300EF,RAJIB ALI
VEND_FBC5D040,ANTTAL TILE INDUSTRIES
VEND_4B706FDA,SONDHI GRAM PANCHAYAT
VEND_90EB4FDC,SARBESWAR SEKHAR DEO
VEND_33EF5428,LOPAMUDRA PATI TC DELANG BLOCK
VEND_9424EA7F,SMT SUREMA DEVI
VEND_809C202D,BHAMBRA STEEL AND ALUMINUM WORKS
VEND_B4CA2AC9,VEJAVADA GRAM PANCHAYAT
VEND_9A00D3C0,SAREL GRAM PANCHAYAT
VEND_02FC978D,SAHIL TILE INDUSTRIES
VEND_B8BC7CD7,RATANPURASHI GRAM PANCHAYAT
VEND_D9812FA3,GRAM PANCHYAT AMRUTPUR
VEND_B5266A89,B DAKSHINESWARA REDDY
VEND_719528FE,SINGLA BRICK KILN
VEND_3289A923,JASVIR KHAN KAMI KHURAD
VEND_362BA13E,AHUJA TRADERS
VEND_5F6D6991,HD ENTERPRISE
VEND_8EB03C8F,MS MANDAL ENTERPRISE
VEND_A3EB2C70,SARPANCH SHRI JINDAVA
VEND_AB43B4CC,PRABIR NAIYA
VEND_9794E836,SARPANCH SHRI KHADIYA THADAKUVA
VEND_B7B75C01,SARPANCH SHRI NARNAVAT KHAPARESHVAR
VEND_2142C793,SARPANCH SHRI BARIYA
VEND_EB7692A7,PALADI GRAM PANCHAYAT
VEND_A1C84D16,MS TUSHAR ENTERPRISE
VEND_4BC7322D,ANUSKA ENTERPRISE
VEND_CE44E170,SARADA CONSTRUCTION
VEND_B345326E,MS JANA ENTERPRISE
VEND_95BE4FE2,GARUDA CONSTRUCTIONS
VEND_CC56D1E1,SARPANCH SHRI DHARISNA
VEND_2594F378,SARPANCH SHRI PALUNDRA
VEND_4625D463,SARPANCH SHRI HATHIJAN
VEND_60886CFE,SARPANCH SHRI ZAK
VEND_54E6DCE6,KHADANA GRAM PANCHYAT
VEND_53FD1A17,SINGLA MACHINERY STORE
VEND_3EE782CB,SHYAM KISHOR TIWARI
VEND_CE68C573,HIRAPOR GRAM PANCHAT
VEND_10598E58,PURIFY AND COMPANY
VEND_9962B57B,HOLA KOTAR GROUP GRAM PANCHAYAT
VEND_AE2F08F7,GHODA JOLI GRAM PANCHAYAT
VEND_0B990C3E,K MURUGANANTHAM
VEND_D6C9E329,SEEMA SINGH SEEMA SINGH
VEND_359B1FA7,SARPANCH SHRI MITHANA MUVADA
VEND_337A9BB3,ASST ENGINEER LAEO WD 1 BEGUSARI VSK BACHHWARA
VEND_803106D1,ASST ENGINEER LAEO WD 1 BEGUSARAI VSK TEGHRA
VEND_51315EBC,KANTU KUMAR
VEND_17757455,GRAM PANCHYAT JESARVA
VEND_1D12274F,ASSISTANT ENGINEER PHULPARAS
VEND_2B59E614,THE TARKANWALI BENIWAL COOPERATIVE LABOUR AND CONSTRUCTION SOCIETY LIMITED
VEND_15BD4B15,SARPANCH GRAM PANCHAYAT PORDA
VEND_197DB395,GRAM PANCHAYAT PANDOLI
VEND_2BE95073,SANJAYA GRAM PANCHAYAT
VEND_FE889777,SHEKHADI GRAM PANCHAYAT
VEND_876536F5,GRAM PANCHAYAT NAR
VEND_0287113B,SRI SESHACHALA CONSTRUCTIONS
VEND_24EA064F,AWNEESH KUMAR SINGH
VEND_19A63059,BASAVESWARA INFRATECH
VEND_41428EF9,GRAM PANCHAYAT BORIA
VEND_FD81E79E,GRAM PANCHAYAT SINHOL
VEND_4F50F0A6,SARPANCH SHRI DEMALIYA
VEND_51DAED94,THR SHRI RAM CO OP L C SOCIETY LTD
VEND_4FCCC1AA,MADHADA GRAM PANCHYAT
VEND_02E915E7,PANCHAVADA GRAM PANCHAYAT
VEND_48C8A981,JAI DURGA CO LC SOCIETY LTD BAKHLI
VEND_75D02E3C,ASST ENGINEER LAEO WD 1 BEGUSARAI VSK BEGUSARAI
VEND_53153F90,RAMITA DEVI
VEND_A0F25CB9,AKLACHA GRAM PANCHAYAT
VEND_07B53E53,PIPALVADA GRAM PANCHAYAT
VEND_06084578,GURU NANAK BRICKS INDUSTRIES
VEND_3B7E24B1,KETKI ENTERPRISE
VEND_AD27DDB5,TAPAN JANA
VEND_27986B23,M P STATE AGRO INDUSTRIES DEV CORP LTD
VEND_2584DD47,SAMSER ALI KHAN
VEND_0E776F07,BIDYUT BHANDARI
VEND_E9C48BDF,ASIM MANDAL
VEND_8BFD0F3A,GRAM PANCHAYAT SEVRA J P PENDRA
VEND_7AE8B492,KERALA ELECTRICAL AND ALLIED ENGINEERING
VEND_DC0BAAAF,RAHUL SINGH OM CONSTRUCTION
VEND_F2EF5C62,MS A K TRADERS
VEND_C087BB54,DEDUCTION ACCOUNT
VEND_081F4E0B,GRAM PANCHAYAT BASANTPUR J P PENDRA
VEND_3200B4F0,GRAM PANCHAYAT KUDRI J P PENDRA
VEND_E564A9CF,GRAM PANCHAYAT AMARPUR J P PENDRA
VEND_0408FD1F,RAM VIJAY NAGAR GRAM PANCHAYAT
VEND_BA8BAB0D,SHRI JHAGADIA GROUP GRAM PANCHAYAT
VEND_DE521D0D,SHUBHASIS ROY
VEND_B885E462,GRAM PANCHAYAT JHABAR J P PENDRA
VEND_00835D61,RAHUL KUMAR CHATURVEDI
VEND_997753A5,MIDO ENTERPRISE
VEND_39D0FFEC,TARADHARI GRAM PANCHAYAT
VEND_38AAAFBD,MANJU SHARMA
VEND_23C83A50,ASSISTANT ENGINEER CHERIYABARIYARPUR
VEND_585061E0,GRAM PANCHAYAT PALION
VEND_6FA189C8,GRAM PANCHAYAT NAUNI
VEND_069F51AE,SHIHORI GRUP GRAM PANCHAYAT
VEND_4DE87924,RUVEL GRAM PANCHAYAT
VEND_E85A4565,MOTA JAMPUR
VEND_65ED3144,UMBARI GRAM PANCHAYAT
VEND_08AC9210,GRAM PANCHAYAT KARELIKALA
VEND_9B93F867,AGARVA GRAM PANCHAYAT
VEND_FAB037C0,MORIYA
VEND_5B9D1D4F,JAMUNIYASHANKAR
VEND_CA763488,VINZOL GRAM PANCHAYAT
VEND_EE520A23,VITTHALPURA AGRAM PANCHAYAT
VEND_9865FE40,LALI GRAM PANCHAYAT
VEND_73FB064D,MOHAMMED HASSAN AHEMED
VEND_D1CF0711,MOTA CHEKHALA GRAM PANCHAYAT
VEND_AF927B22,AWDHESH KUMAR PANDEY
VEND_269CA173,GRAM PANCHAYAT BORI
VEND_4A7E61D4,SELVI SONAI
VEND_70E2CEDF,KASARA GRAM PANCHAYAT
VEND_41F30683,AAKOLI THAKOR VAS GRAM PANCHAYAT
VEND_354BBE06,FAME ENGINEERS CO OPERATIVE SOCIETY LTD
VEND_4038B399,SHYAM KUMAR HEMBROM
VEND_49968195,AMJAD ALI CONTRACTOR
VEND_8BC098E2,MAA LAXMI CONSTRUCTION
VEND_C582E7C1,MS CHAMANLAL
VEND_F1339509,KAPASI GRAM PANCHAYAT
VEND_22C54474,SARPANCH GRAM PANCHAYAT PAKHARPURA
VEND_7EE1C9D3,MUNICIPAL COUNCIL GADARWARA
VEND_B1957F9B,BINCE JOY
VEND_10E6776A,JINDAL BRICKS COMPANY
VEND_41BAF753,MS MOHNIO ENTERPRISES
VEND_CCF997A0,CHANDRDEV YADAV
VEND_A36C59B3,RAVI RANJAN
VEND_CBC93184,SUNTA DEVI
VEND_021C646D,BABA NAND SINGH BRICK WORKS
VEND_7B30370A,NP PIPES
VEND_81223A24,VIPIN HARDWARE
VEND_99E504DE,PAIDI NARASINGA RAO
VEND_053F39A7,LEEPAK SAMAL
VEND_E871797E,MP FUND LOK SABHA DEV BLOCK RAIT
VEND_48417ED1,SDS CONSTRUCTION
VEND_1CE6D696,MS SAFI CONSTRUCTION
VEND_C49722B8,GOMODISH
VEND_BB90595D,SHREE ENTERPRISE
VEND_60A606BD,MS RICKSHMA ENTERPRISES
VEND_1EE6228D,MANI A
VEND_EF6032F0,VASUDEVA NAIDU KOLLU
VEND_82A3F62C,HENSEE MARKETING AXSI
VEND_65FEF6A3,WELKIN HEALTH CARE PVT LTD
VEND_F23E209A,RANDHIYA GRAM PANCHAYAT
VEND_7EEDCA46,G P HARIPURA
VEND_016EC168,SAMANTA ELECTRIC AND SOLAR SOLUTION
VEND_DBA7C91B,MS CRYSTAL ENTERPRISES
VEND_7331CA46,MRINAL KANTI AMAITY
VEND_67A2D805,SK RIYAJ AHMED
VEND_36FEC6C4,GALIDEVARA SATYA NARAYANA MURTHY
VEND_CA79645C,SHARAFAT ULLA
VEND_5E511F7D,R GOPPAMMAL
VEND_F453323B,PREM CHAND HARBHAJAN LAL
VEND_47C48B81,JAGRAJ SINGH SO SARBAN SINGH
VEND_7F383A22,PK ENTERPRISES
VEND_834674A1,AMIYA KUMAR ROY
VEND_A87B1A9B,JAGAN NATH BRICKS CO
VEND_1CD30FF0,P BHOGILAL PVT LTD
VEND_CBC8CD23,KOLEY ELECTRIC
VEND_13F0EF3D,K N ENTERPRISE
VEND_44235996,FAHIM ENTERPRISE
VEND_6B2C3127,SUDHAKAR
VEND_F91C2DE4,PARVEEN KUMAR BKO
VEND_6F7299B4,NAMASKAR BOOKS
VEND_B07AA4C0,VDH ENGINEERING SERVICES
VEND_19324CAA,CHIRASMITA BEHERA
VEND_11FA1BFF,MANVI TRADERS
VEND_B03DA177,G CHANDRA SEKHAR
VEND_F864B784,ASHOK JANA
VEND_24BE0AC0,RANJEET SINGH SINGH CONSTRUCTION
VEND_E9973856,GRAM PANCHAYAT CHHEETAPAR
VEND_53AF288A,JYOTI SINGH
VEND_741F6C5D,MS GMM ENTERPRISES
VEND_689C53BE,NUGAR GRAM PANCHAYAT
VEND_438E8180,P D ENTERPRISE
VEND_A01E9DFC,RAUNAK CONSTRUCTION
VEND_3D6B4DF8,SARPANCH SACHIVA GRAM PANCHAYAT SOANBACHARWAR
VEND_D65969A7,MS K P SON AND SONS INFRA
VEND_2363675C,C P ENTERPRISE
VEND_3F8B408C,NINAD VIKHALE
VEND_C6E798D9,SARPANCHSHRI LIHODA GRAM PANCHAYAT
VEND_C75F2EEA,ANIL SINGH RAWAT
VEND_F932D467,SALIM AKHTAR
VEND_E1AC505E,JUNIOR ENGINEER SADAR BLOCK8144091085
VEND_DA4ABB5E,PRABIN KUMAR NAIK
VEND_DE31EE14,VILLAGE COUNCIL KAWNPUI III
VEND_B78D93A9,SWADESH RANJAN BERA
VEND_E4972110,AGNI BINASHAK
VEND_739CE11B,GRAM PANCHAYAT RADHAPUR
VEND_9F9E5E5A,GRAM PANCHAYAT PARAKHAS
VEND_85387373,GREENLINE ENTERPRISE
VEND_A1504250,MS MAHALAXMI ENTERPRISES
VEND_04C8060C,GRAM PANCHAYAT PAHADI TILWARAN
VEND_062DCA90,MS GANPATI CONSTRUCTIONS
VEND_BC52B02A,CHASVAD GRAM PANCHAYAT
VEND_49BA6FC3,SARPANCH GRAM PANCHAYAT ZARNA
VEND_66C679E2,BKM ENTERPRISES
VEND_52EFBC4D,MOHINDER MITTAL IRON STEEL MERCHANTS
VEND_6D1E6171,GRAM PANCHAYAT KHANSOL
VEND_099A668F,DEVAGI
VEND_6F75E908,JAY ENTERPRISE
VEND_E825E977,MS RAM PRASAD JAISWAL
VEND_84274803,GRAM PANCHAYAT BHAYAVADAR
VEND_3DF6A3C8,GP KIRI
VEND_57E8DBFE,GRAM PANCHAYAT BHANDARPURI
VEND_F9A2ED72,JUNIOR ENGINEER NREP SKL KSN
VEND_C1DA0E37,GRAM PANCHAYAT KANJAI
VEND_7E408B46,GURBAKSH TRADERS
VEND_157FC013,P S AND CO
VEND_58BF5F1A,MP STATE AGRO CHHATARPUR
VEND_D47E7910,INTELLO ENTERPRISE
VEND_AE9983FB,SHRI CHAMUNDA CEMENT SUPPLIERS
VEND_369F4BA7,SK JAHANGIR
VEND_693AB0DE,SANJAY BISHT
VEND_DA64A931,DEEPLAXMI CONSTRUCTION PRO DILIP RAJEBHAU KALE
VEND_5837C1EE,OMKARESHWAR CONSTRUCTION PRO DNYANOBA DHONDIRAM DHAS
VEND_A6E99A05,MORISHETTY LAKSHADI
VEND_9AF8B2F4,F A M ENTERPRISE
VEND_52540F5A,SARPANCH SACHIV GRAM PANCHAYAT DEORI
VEND_733BBA1F,GLOBAL GROUP BRICKS
VEND_2E6111F6,SHIVAIAH NIRALAGI HIREMATH
VEND_1886CF9F,SARPANCH SACHIV GRAM PANCHAYAT NIWARI
VEND_8F50358C,SARPANCH SACHIV GRAM PANCHAYAT TUIYAPANI
VEND_0046619B,TEJ SINGH AND SONS
VEND_412B2D6B,SURAJ KUMAR
VEND_31CB3C35,SARPANCHSHRI KAHODA GRAM PANCHAYAT
VEND_0E9C2728,GRAM PANCHAYAT GADWADA
VEND_D7F97A17,GRAM PANCHAYAT UMARBANKHURD JANPAD PANCHAYAT UMARBAN
VEND_54F3F196,GRAM PANCHAYAT KALGAMAR
VEND_49973180,MARGHAKUI GRAM PANCHAYAT
VEND_173C6D04,GRAM PANCHAYAT MUNDAGARH
VEND_7E06CB25,KOLLATI VEERA SWAMY NAIDU
VEND_CB3EFDA4,SHIV DURGA INDUSTRIES
VEND_BAFC1767,JASPAL TRADING CO
VEND_58A20F16,VC SIHPHIR
VEND_05374A58,GRAM PANCHAYAT BAROUDA
VEND_AE3AA136,SINGLA ENTERPRISES
VEND_BA5418EE,MS MANUKE BRICK IND
VEND_409B72AA,LUCKY INTERLOCK TILES
VEND_2FA2E614,JAYANTI CONSTRUCTION
VEND_4E22B4B6,M SHAW
VEND_2A56AB42,SUBRATA HALDER
VEND_C3B7EB12,KALOL GRAM PANCHAYAT
VEND_7A459D66,SEC DPC AND S E O AND M MPPKVVCL PANNA
VEND_79207AFE,MD SADDAM
VEND_5F9F9239,RICHHAWAR
VEND_FC741191,BANSIYA
VEND_AECF2AF7,K SREENIVASA REDDY AND CO
VEND_77F8ED64,TUIKUAL SOUTH LOCAL COUNCIL
VEND_636CBBA1,GRAM PANCHAYAT KORON
VEND_89CA9F88,SARPANCH SHREE GRAMPANCHAYAT TARAPUR
VEND_BEB593A8,THUTAK NUNPUITU TEAM
VEND_AA9608DD,SARPANCH SHREE GRAMPANCHAYAT LAVARPUR
VEND_C27D60DE,SARPANCH SHREE GRAMPANCHAYAT LIMBDIYA KARAI
VEND_0FFC8294,JAHARLAL DUTTA
VEND_57B396B0,BDO TISSA
VEND_11A4A15A,JAGADEESHA Y B
VEND_861CFE28,UMARALI GRAM PANCHAYAT
VEND_358A67BE,MANDLA GRAM PANCHAYAT
VEND_9E75515F,CHANGA GRUP GRAM PANCHAYAT
VEND_E3424F44,SHIRVADA GRAM PANCHAYAT
VEND_188157E3,ADHGAM GRAM PANCHAYAT
VEND_D8DAE89D,ISARVA GRAM PANCHAYAT
VEND_7CB3800C,BALAKRISHNAN MUTHALAGAN
VEND_ACD77A38,AMBLUN GRAM PANCHAYAT
VEND_C1ACA9B3,GRAM PANCHAYAT BHATSANA
VEND_1528584F,BABA NANAK PIPES
VEND_FCCD06A6,R BAGYALAKSHMI
VEND_538C7F1B,DPS PUBLISHING HOUSE
VEND_A268E155,NP TRADE AND AGENCY
VEND_8BCC6581,SARPANCH SACHIV GRAM PANCHAYAT KHURSIPAR
VEND_F3586D3B,SARPANCH OF GRAM PANCHAYAT BANDHAKHAR
VEND_386C3D29,SARPANCH SACHU GRAM PANCHAYAT MURMUR
VEND_13449B77,AJ BRICK KILN
VEND_CFEFB2CD,PANKAJ SARKAR
VEND_DD654743,PANSOLI GRAM PANCHAYAT
VEND_683571E2,GRAM PANCHAYAT LAKHRAM MULBHOOT
VEND_555E7D75,KAYON MODI
VEND_28781B7C,GRAM PANCHAYAT DIGGI
VEND_AC5C8700,BAGUI CONSTRUCTION
VEND_375049EF,SRI GURU HARDWARE AND CONSTRUCTION
VEND_14E0D9A3,DASHMESH IRON STORE
VEND_750F4E8D,KATHGARH TILES
VEND_C762857A,SARAPANCH SHREE GRAMPANCHAYAT MOTIPURA
VEND_F04DCF75,SARAPANCH SHREE GRAMPANCHAYAT SHERTHA
VEND_EF79AAE2,GRAM PANCHAYAT BUMHORIPURWA
VEND_E7D592CE,BADKUWAN
VEND_6C26A662,RM PERIYAIAH
VEND_9E648B41,GP BHILKHEDHA
VEND_F107F55D,GP DHULETIYA
VEND_A87782DB,GRAM PANCHAYAT MANIYAWADA
VEND_14C9882D,GRAM PANCHAYAT CHEEKALI
VEND_321B0689,GRAM PANCHAYAT KUMMI
VEND_6A0A07D6,GRAM PANCHAYAT KEHAD
VEND_6D3539D1,AHMED RAZA
VEND_C34BF008,SATISH KUMAR CONTRACTOR
VEND_F565DF17,DASARATH MAJHI
VEND_91934969,GP PINDRAY NAINPUR
VEND_8C8A75A0,SHRI NAGRI MAHAVIR VYAYAMSHALA SAMITI
VEND_5AB0EE4E,FRIENDS BKO
VEND_4A00B9E9,BHANDARIYA GRAM PANCHAYAT
VEND_F70D152B,RAJYA PRAVARTIT YOJANA GP ATMA NAGAR
VEND_E9F64F3A,RAMMORE VERMA
VEND_60DE435F,SASHIKALA ENTERPRISES
VEND_BCEF8CA6,GRAM PANCHAYAT BAIGATOLA
VEND_7F13308C,DEVKI ENTERPRISES
VEND_6826D8D5,JANPAD PANCHAYAT NIWALI
VEND_DFD9D0E7,PUTCHALAPALLI HARSHAVARDHAN
VEND_FACA711F,NAGAR PARISHAD ANJAD
VEND_FF6D66C9,NAGAR PARISHAD PALSOOD
VEND_9D4C1508,NAGAR PARISHAD THIKARI
VEND_60F88ADD,MP STATE AGRO IND DEV CO LTD BARWANI
VEND_A6A4B77B,PRITAM ENTERPRISE
VEND_85B8CAB3,EDDPIPRI
VEND_33C69B3C,GRAM PANCHAYAT LALPUR
VEND_24BC8713,ALEX MATHEW
VEND_2FEF5483,JAWAL GRAM PANCHAYAT
VEND_2BB8CDE3,SYRLEIN SECONDARY SCHOOL
VEND_31F5A2D6,GRAM PANCHAYAT NILJA
VEND_A94AAA38,RAKSHITA HARDWARE AND SUPPLIER
VEND_C0765E39,RAJYA PARIVARTIT YOJNA G P JALKEY
VEND_F6E6D56E,GOODWILL ASSOCIATES
VEND_FD507C59,KAMANTI RAI
VEND_5343AC58,GRAM PANCHAYAT SELEGAON
VEND_B65CF82D,GP PEEPLIYA
VEND_72004B09,AANANDNAGAR GRAM PANCHAYAT
VEND_C50A1053,GRAM PANCHAYAT KESHLA
VEND_1BD6153B,BAGHEL ENTERPRISES
VEND_723F1135,DOLATGUNG
VEND_AC3E6A6E,BDO SOLAN MPLAD LS
VEND_14E1F28A,BIJAN CHANDRA SARKAR
VEND_0A74945A,GRAM PANCHAYAT KAPSDA
VEND_1C229B40,GRAM PANCHAYAT KANDUL
VEND_DAC8EA13,NALLA SRINIVASA RAO
VEND_0E576BED,GRAM PANCHAYAT NARYAWALI
VEND_9F5B096D,SARPANCH MODHERA GRAM PANCHAYAT
VEND_CC51A757,MS LEGO ENTERPRISES
VEND_131B2810,GRAM PANCHAYAT TODA GAUTAMIA
VEND_D767C6BE,DHARMENDRA BISWAS
VEND_5E550FD8,TAJKHEDA
VEND_046FF67C,GIRIJA CONSTRUCTION
VEND_9C305B5B,PRAGATI CONSTRUCTION
VEND_3BCF0096,KULDEEP KUMAR KAUSHIK
VEND_035D6EDF,SARPANCH SACHIV GRAM PANCHAYAT PARSADAJOSHI
VEND_640C6915,JAI JAGDAMBEY STEEL TRADERS
VEND_DD0AC95B,VISHAL CEMENT STORE
VEND_AAC9B90D,THASKA GRAM UDYOG SAMITI
VEND_DF55D213,SA CONSTRUCTIONS
VEND_C566D14F,GP BANKAVEDI
VEND_B5DB08EA,SARPANCH GRAM PANCHAYAT AKALSARA
VEND_565F9361,GRAM PANCHAYAT MENGRA NAVEEN
VEND_4843464A,GRAM PANCHAYAT SARANGPUR
VEND_3993194A,ARADHANA BULDGING MATERIAL
VEND_C769D3A4,GRAM PANCHYAT JHINGORA
VEND_A17D7BDF,GRAM PANCHAYAT PUCHHIKARGUWAN
VEND_B4940C1C,GRAM PANCHAYAT NORA
VEND_311B87CF,DIVAKARA K H
VEND_94FF0B69,GRAM PANCHAYAT NAYKA
VEND_04C1DDE8,VASEDI JUTH GRAM PANCHAYAT
VEND_B1C67D2F,NARAYANA RANGA SWAMY
VEND_0583BCE4,M ASHOK KUMAR
VEND_7093CAB4,MATPHO KOLONG
VEND_83093A5D,S P ELECTRICALS
VEND_83293329,BLUE CHIP
VEND_B2CE411A,AO CE GR MPMKVVCL GWALIOR
VEND_57408E4A,CHOILA GRAM PANCHYAT
VEND_7072041C,TENPUR GRAM PANCHAYAT
VEND_E556ABB9,TRILOK
VEND_1C3ECBEC,PEMA
VEND_931EC5B7,KANARAM JAT
VEND_7E3FAD4F,EMPIRE COMPUTERS
VEND_23A43005,GRAM PANCHAYAT NAGDA JANPAD PANCHAYAT BADNAWAR
VEND_36468080,NANDU
VEND_688AA149,KANCHAN DUDI
VEND_AC7E6006,PRAHLAD CHOUDHARY
VEND_859A3772,NANDA
VEND_DB966BE7,SURINDER KUMAR GUPTA
VEND_EA8CA596,PRABANDAK NAVMEET SINGH VILL SARAI
VEND_6C4710FB,G N SANITARY AND TILE STORE
VEND_04685867,GRAM PANCHAYAT SARGAWAN
VEND_3CF7640F,GP NANDED
VEND_37E33E9B,G P LARKODA MULBHUT
VEND_C121B5A5,SARJIT SINGH ENTERPRISES
VEND_A54BBBE7,BHIKAM KATARA
VEND_CC85386A,JP ZIRNIYA
VEND_F7921985,CMO SANAWAD
VEND_A77213BC,CMO BADWAH
VEND_4F235DFD,DEPUTY MANAGER KELTRON
VEND_BCCD892B,GRAM PANCHAYAT BAGLAI UJAR
VEND_B984BEF9,GRAM PANCHAYAT AKOLA
VEND_1A717610,GRAM PANCHAYAT MURDAI
VEND_B8FF14F7,ASHIQUR RAHMAN
VEND_519CDFCD,B C ENTERPRISES
VEND_5D2E10B5,SHREE LAXMI CONTRACTOR
VEND_42B7B999,GRAM PANCHAYAT BUDGAON
VEND_463F4F2A,BIJAY BHUSAN
VEND_65611501,ANIL KMAR SAKET
VEND_F095F4C6,GRAM PANCHAYAT BARHETA
VEND_9E1515E0,GRAM PANCHAYAT GOTEGAONKHEDA
VEND_CAD2AB41,GRAM PANCHAYAT BELKHEDISHED
VEND_7244CFF0,GRAM PANCHAYAT REECHA
VEND_BDF60809,GRAM PANCHAYAT SARRA
VEND_A92F0654,GRAM PANCHAYAT JASALPUR
VEND_F81B94FF,SACHIV GRAM PANCHAYAT BADODIA KALA
VEND_75CD9976,SACHIV GRAM PANCHAYAT RAIPUR
VEND_39E19592,GRAM PANCHAYAT MAGARDHA SHED
VEND_54CEFE8B,GRAM PANCHAYAT BOUCHAR
VEND_3E5EE42E,SAJI K
VEND_67A14202,BDO KANGRA
VEND_75F14B53,GRAM PANCHAYAT JAMUNIYA
VEND_D4DF9DCA,GRAM PANCHAYAT PONIYA DUNGARIYA
VEND_DA841BAA,GRAM PANCHAYAT BADAIYAKHEDA
VEND_6E7F8F5C,OM TRADERS BABUBUR
VEND_D697391F,SHIV KRAPA CONTSTRUCTION COMPANY
VEND_B5B6CE1B,NARENDRA SOPANRAO THOKAL
VEND_A8D915E1,MULBHUT G P PONDIGOSAI
VEND_2B2F5D00,GP NOGAON
VEND_EADBEAA3,CHEVURU JANARDHANA REDDY
VEND_FC33CDF5,PARTHA SARATHI BORAH
VEND_14563308,SHATRUNDA GRAM PANCHAYAT
VEND_C3AFD19C,GIRDHARI KUNKAL
VEND_1EF2811B,GRAM PANCHAYAT CHORBHATTI
VEND_F68AEF4D,BORDI GRAM PANCHAYAT
VEND_72DC3042,MADDIPATLA RAM PRASAD
VEND_D4E5420C,GRAM PANCHAYAT CHAMPA MULBHOOT
VEND_78BCEC03,BALAJI CONSTRUTION
VEND_1D0C8251,EE EDD TANDA AMBEDKAR NAGAR
VEND_372851E0,ASSISTANT ENGINEER BELAGANJ
VEND_0BB65339,R MALLICK CONSTRUCTION
VEND_08B42DCB,SARVOTTAM APPLIANCES PRIVATE LIMITED
VEND_0D156762,BAKE BIHARI TRADERS
VEND_46CCC71C,MUKHAYA KARAYAPALAN ADHIKARI BHANPURA JANADPAD PANCHAYAT
VEND_75C185E7,GRAM PANCHAYAT BAMITHA
VEND_9C4208BB,KADA GRAM PANCHAYAT
VEND_E573DF41,GRAM PANCHAYAT TIVRAIYA
VEND_0FC06D65,DALIA ENTERPRISE
VEND_FC4541D9,ANANDA CHANDRA BEHERA
VEND_404112E2,SHRI LIYI GEYI
VEND_985EC37D,GRAM PANCHYAT KHAMARIYA
VEND_EA0B91BB,GRAM PANCHYAT BELKHEDI
VEND_BFFAE2A9,GRAM PANCHYAT KALYANPUR
VEND_0996702E,GRAM PANCHYAT TIKTOLI
VEND_20B80766,EXECUTIVE ENGINEER OPERATION APEPDCL PEDDAPURAM
VEND_B480A534,SANGUL
VEND_27184B82,TAMIL NADU MEDICAL SERVICES CORPORATION LTD
VEND_BEC66733,CHIEF EXCUTIVE OFFICER JANPAD PANCHAYAT MALHARGARH
VEND_B42BC44B,GRAM PANCHAYAT TINDANI
VEND_48207F8C,MS BASANG TRADERS
VEND_245D8C24,GRAM PANCHYAT KUDAMAILI
VEND_EBFAC7E3,MS W M TRADERS
VEND_9A9C4A85,BHAVYA CONSTRUCTION CO
VEND_F15014E5,GRAM PANCHAYAT BAKPURA
VEND_CAED4676,GRAM PANCHAYAT MAJNA
VEND_1F0FB66B,GRAM PANCHAYAT MINOURA
VEND_C212CDBB,GRAM PANCHAYAT JUDAWAN
VEND_8481C429,GP DHANDIYA
VEND_B60CFFDF,GP MAHGUWAN NIJOR
VEND_720A5126,GP SIHORA
VEND_DF2261C0,GP BHOURJHIR
VEND_4A7D4547,GP KASHI KHARI
VEND_109096AC,GP BILHERA
VEND_0E6F52C5,GP DOBHI
VEND_B65CDAFF,SAGEER AHMAD
VEND_7C9E931E,GP PIPLAD
VEND_5C0EBCC7,M S RAJ KUMAR CONTRACTOR
VEND_CFC517C3,GRAM PANCHAYAT BASIYA GANGE
VEND_FEBDA19C,GRAM PANCHAYAT KHERAI
VEND_407725AC,GRAM PANCHAYAT BHAPEL
VEND_C3CB765A,BDO BHAWARNA
VEND_8616F092,GRAM PACHAYAT KOTMER
VEND_64063419,ABU DARDA MULLICK
VEND_C17CFDA7,GRAM PANCHAYAT KARTALA
VEND_41539B81,MR RAYAVADA GROUP GRAM PANCHAYAT
VEND_0EEDAB8B,GRAM PANCHAYAT BANDHAPALI 14 FIN
VEND_25CD6C11,CEO JANPAD PANCHAYAT GAROTH AND AAO
VEND_D72ACC10,GP DIGHAVAN JP UDAIPURA
VEND_E64FC513,GP NAYAKHEDA JP UDAIPURA
VEND_130B9FC1,GRAM PANCHYAT KHOOD DRABIL
VEND_D0968651,GRAM PANCHYAT LANA CHETA
VEND_F246FC25,KHAJA GARIB NAWAZ MAJOOR CO OP SOC LTD
VEND_0FF96A7F,GRAM PANCHAYAT KACHAR
VEND_A8E8CCF5,GRAM PANCCHAYAT KUKERA
VEND_2150E7DD,DEBENDRA PAUL
VEND_C807370E,ARORA BRICKS
VEND_1B0680E2,SURJAN CEMENT AGENCY
VEND_ADEF20DF,GRAM PANCHYAT BHARADI
VEND_DAE8686D,UBHI STEEL WORK
VEND_28DCEDF8,HARINDER SINGH BHAMRA
VEND_CF25A61F,MP STATE AGRO INDUSTRIES DEVELOPMENT CORP LTD
VEND_29137483,GRAM PANCHYAT BHATGARH
VEND_40E6475E,GRAM PANCHYAT SER TANDULA
VEND_CD657917,GRAM PANCHAYAT DERI
VEND_CA4FF1A0,GP GAWAHI
VEND_DDE5D509,GP BHUTLI MANAL
VEND_1A1C80EE,SARPANCH OF GRAM PANCHAYAT EARAF
VEND_AABD86E6,BDO DHARAMSHALA MPLADS
VEND_EF832FBA,BIKASH BORA
VEND_170B6892,EDD MACHHALISHAHAR
VEND_F3D05B95,GRAM PANCHAYAT DOUNI
VEND_71552EB9,KARABI HARDWARE STORES
VEND_4DC1FD8E,GRAM PANCHAYAT SARSED
VEND_0E359B17,GRAM PANCHAYAT SINGHPURBADA
VEND_93C49400,JAI BAJRANG CONSTRUCTION
VEND_BE239032,VIDHYA PRASAR SAMITI PANDHURNA
VEND_AD9AC910,GRAM PANCHAYAT HUNKRA
VEND_68A07170,BANGRA CONSTRUCTION
VEND_92F4B861,GRAM PANCHAYAT GANDHAR
VEND_41D9DD17,RAJYA PARIVARTIT YOJANA GP AMALDIHA
VEND_C9A65CFD,EDD 2ND JAUNPUR
VEND_DA7F40A3,GRAM PANCHAYAT TANAKHAR
VEND_53982C69,GRAM PANCHYAT BHESHA
VEND_6F02694C,GRAM PANCHAYAT HATKONGERA
VEND_175F235F,GRAM PANCHAYAT KANCHRI
VEND_1A04DFDD,JAISWAL WOODEN INDUSTRIES
VEND_23F9846A,MS ASHOK ENTERPRISE
VEND_01BF2BCF,MS GM ENTERPRISES
VEND_57B49721,ONKAR NATH SINGH
VEND_8C6CB5D4,MS G N CONSTRUCTION
VEND_BCCC1F4E,MS RAMA CONSTRUCTION
VEND_DD63936F,ALOK KUMAR NAYAK
VEND_D10F0840,SACHIV MP BHAVAN EAVAM ANYA SANIRMAN KARMKAR KALYAN MANDAL BHOPAL
VEND_6BF729C8,ASIT MAITY
VEND_0F8620DB,GRAM PANCHAYAT JARHATOLA
VEND_9ACC037A,KHARSADA GRAM PANCHAYAT
VEND_D6FECD6E,GAJULA SAMBASIVA RAO
VEND_39F6817B,SARPANCH SACHIN GRAM PANCHAYAT BEETLI
VEND_603ECFC4,MS RHINO ENTERPRISE
VEND_8A745DC4,SARPANACH SACHIV GOHGAWARI
VEND_AF746184,JAYANT PRASAD YADAV
VEND_B5EC65EA,SOLERGY SOLUTIONS
VEND_0F65F9F6,MP STATE AGRO BALAGHAT
VEND_A8C94963,GRAM PANCHAYAT SEMARIYA
VEND_E18E7B6A,AMARESH CHANNAPPA METI
VEND_6F68A3E1,MAHALAXMICONTRACTOR
VEND_32C80ADB,G ILANGUMARAN
VEND_51EDCDA3,UJJAL SAIKIA
VEND_1665E5CF,KALIMATA CONSTRUCTION
VEND_C8E8B898,RANIGAW
VEND_F0660BE8,AMAN ENTERPRISEZ
VEND_B986C84E,JDVVNL
VEND_24A5CA3B,SARPANCH GRAM PANCHAYAT GUCHKULIYA
VEND_29208F2D,GRAM PANCHAYT BHAMA
VEND_FF04DAB7,JAI GANESH BKO
VEND_3246B895,GRAM PANCHAYAT ALHED
VEND_ABD258F7,GRAM PANCHAYAT DEVARI KHAWASA
VEND_80DF7221,GP PROTHA
VEND_4D9A0AAD,M P STATE AGRO AND INDUSTRIES DEVELOPMENT CORP
VEND_8D480ED5,TEJ SINGH CONTRACTOR
VEND_4552B5AE,R MUTHUKUMAR
VEND_76B6A15B,TAHASILDAR NAYAGARH
VEND_06CCF698,GRAM PANCHAYAT VATADRA
VEND_85D472CF,TUMMALAPALLY JYOTHSNA
VEND_B414FAC4,JOGIKIRRODA
VEND_880B7E2B,NAGOUR
VEND_CC4BCDB4,PIMPALDAR GRAM PANCHAYAT
VEND_43610190,RADHAKRISHNAN B
VEND_66724461,GRAM PANCHAYAT GWALOO
VEND_A6BF637D,SARPANCH GRAM PANCHAYAT ANCHALKHEDA
VEND_2EEB9FA8,BAJRANG SINGH
VEND_24884ED0,BARKAD PAPPU
VEND_FA22CF14,CHETAN PRAKASH REGAR
VEND_12B8273A,JAGNATH BALAI
VEND_B004C861,KALI YADRAM
VEND_F8E992A7,KULDEEP TAILOR
VEND_FD99E065,PAPPU SHUBRAT
VEND_A149FDBB,PAPPU RAMNATH REGAR
VEND_59C447EC,PRABHU PUSA KUMHAR
VEND_E9299E90,SANTOK PRABHU KUMHAR
VEND_176CD131,SHARDA CHETAN REGAR
VEND_D1BF7DF5,SEEMA DEVI KAILASH
VEND_B8E74D97,GRAM PANCHAYATMANEJ
VEND_D17255D2,GRAM PANCHAYATPADGOL
VEND_54A047B1,GRAM PANCHAYATPALAJ
VEND_80B659EF,GRAM PANCHAYAT SASEJ
VEND_F592A446,GRAM PANCHAYAT SILVAI
VEND_8E8C4CD8,GRAM PANCHAYAT SUNDARA
VEND_147619C7,M C SHIMLA LOK SABHA
VEND_F32ADF20,GRAM PANCHAYAT KALIBAVDI
VEND_DAD815FB,GRAM PANCHAYAT KHAIROD
VEND_35B22CB3,MS CHANDRA BHUSHAN
VEND_E9B21AAE,RADHA GOBIBDA PARIDA
VEND_C7F3A882,JANMEJAYA JENA
VEND_E89846B3,GRAM PANCHAYAT CHONSHALA KULMI
VEND_E7554100,RIDIP DUTTA
VEND_FCC8C105,GRAM PANCHAYAT BAMORI
VEND_68CD28C8,GRAM PANCHAYAT BHANWARASA
VEND_B9A32A87,GROUP GRAM PANCHAYA FULSAR
VEND_4ECFDDBC,BAMURIYA
VEND_32F9DE8B,GRUP GRAM PANCHAYAT KOLIVADA
VEND_7E0CB5B7,PARAS ENTERPRISES
VEND_448428A0,BITUL SAIKIA
VEND_F474A107,SANGRAMPUR
VEND_15EAB7DD,GP LANA BHALTA
VEND_6738AC39,ANIL KUMAR NISHA TRADESH
VEND_0464B303,GRAM PANCHAYAT BAGWANYA
VEND_12DDC7A9,USG AUTOMOBILES PVT LTD
VEND_4553E96B,KARISHMA CONSTRUCTION
VEND_95D66A35,GRAM PANCHAYAT BAGRODA
VEND_3BA482EC,RAWAN
VEND_55E4751F,AMARPURA
VEND_81A639FC,RAMPURA JAGIR
VEND_69AF9B86,RAIKHEDI
VEND_151240F7,GUDUPURU GANGAYYA
VEND_5B689ACE,GP RINDA
VEND_4F61E3A9,MS DURGA TRADERS
VEND_272BC3A0,MAUDRA SHERPUR
VEND_37E3AD16,MODGIL CONCRETE INDUSTRY
VEND_3B70D1CB,BISHNA RAM AND SONS
VEND_FB02E1C1,JUNIOR ENGINEER KORAPUT BLOCK PMAY
VEND_2EA0656F,G P BANABEL
VEND_DDD08CDB,EE NREP SIMDEGA
VEND_EB8C6AF2,GRAM PANCHAYAT DHAPLA
VEND_661C726F,EXECUTIVE ENGINEER OPERATION BOBBILI
VEND_9367A10E,RASAPILLAI
VEND_CF247BBD,BHUVANESWARI
VEND_A364FE83,SOUMEN HAIT
VEND_FFE36C78,TURA CHRISTIAN HOSPITAL
VEND_13BC8A05,MANAB JYOTI BORUAH
VEND_05235506,KHAIKHEDA
VEND_ECACEC5C,BARKHEDI KIRAR
VEND_DE377F60,DK JAISWAL
VEND_0A64CB0C,P M CONSTRUCTION
VEND_8487B037,THUMTHAL GRAM PANCHAYAT
VEND_C72711A7,KAMALPUR KHA GRAM PANCHAYAT
VEND_60D40F95,SHRI BALAJI CONSTRUCTION CO
VEND_2A50D640,SIDDHI ASSOCIATES
VEND_A714F171,GRAM PANCHAYAT PADRIYA
VEND_0EC2D42B,RAJWINDER KUMAR
VEND_3CB33DBA,DMF FUND NAYAGARH
VEND_A78946DD,RAJYA PRAWARTIT YOJANA G P TANERA
VEND_5D7C04A9,RAJYA PRAWARTIT YOJNA G P KORBI
VEND_DE2F286C,GANGA SAHAY
VEND_A81D3868,GP KIRGI
VEND_BA9F7A93,MALOSAN GRAM PANCHAYAT
VEND_11040843,GRAM PANCHAYAT AMOD
VEND_92F4486E,GRAM PANCHAYAT BAMROLI
VEND_CCF64048,GRAM PANCHAYATBHAVANIPURA
VEND_3A416488,GRAM PANCHAYATBHURAKUI
VEND_97F2335F,GRAM PANCHAYATCHANGA
VEND_CC66EC32,GRAM PANCHAYATDANTELI
VEND_0EE173CA,GRAM PANCHAYATDAVALPURA
VEND_DBDF86D7,GRAM PANCHAYATDHAIRYAPURA
VEND_6141799F,GRAM PANCHAYATDHARMAJ
VEND_1B0DBF2B,GRAM PANCHAYATFANGANI
VEND_6642AE69,GRAM PANCHAYATISARAMA
VEND_C8595ECC,CMO TONK KHURD
VEND_3946E07D,EE EDD UPPCL ROBERTSGANJ
VEND_A298313F,GURNAM SINGH
VEND_12C85897,MAHALAXMI INDUSTRIES
VEND_8EAADE5E,WEST BENGAL ELECTRONICS INDUSTRY DEVELOPMENT CORPORATION LTD
VEND_50DFEAF3,SIMHADRI AYYAPPA
VEND_45E442BD,GRAM PANCHAYAT PANCHAMPURA
VEND_84680BB0,GRAM PANCHAYAT KITAKHERA
VEND_AB3D7648,GRAM PANCHAYAT NANDANWARA
VEND_3482596A,GRAM PANCHAYAT BHACHHODA
VEND_66CF70D0,GRAM PANCHAYAT MATOL
VEND_E1813A27,GRAM PANCHAYAT GOTET
VEND_575B6C7E,GRAM PANCHAAYT CHANDRAPURA
VEND_CDB5E575,GRAM PANCHAYAT JAGATNAGAR
VEND_96412154,GRAM PANCHAYAT KUNWARPURA VIKRAMPURA
VEND_854CE8AA,DISTRICT EDUCATION OFFICER NEEMUCH
VEND_257A2035,GURU NANAK TRADING COMPANY
VEND_FF4C98BA,BHILO KI KHIDE
VEND_EB4741C2,KANGSI
VEND_1B80F25B,KHARIYA
VEND_799F13E9,KOLPURA
VEND_7DEDF130,MAHAPURA
VEND_4BBEE45D,MVVNL
VEND_8A338850,BDO MPLAD PERNAMALLUR
VEND_B0CA5B7D,NAVAGAM CHOTILA GRAM PANCHAYAT
VEND_95342A17,SIMA ENTERPRISE
VEND_60C05F8F,ANAND CONSTRUCTION
VEND_248345C9,JALISANA GRAM PANCHAYAT
VEND_8BDA1078,CEO JANPAD PANCHAYAT SHAJAPUR
VEND_145D3496,SHER GRAM PANCHAYAT
VEND_597163FE,NIP JYOTI SAIKIA
VEND_F231D4A7,RAJESH VELU
VEND_DF3E2F72,JP BARWAH
VEND_46C00E80,GP SINDURKHI
VEND_F02D8721,BIPUL GOGOI
VEND_5D07836D,K VANARAJ
VEND_6715EFA4,GRAM PANCHAYAT CHHINDI
VEND_52B993F0,MS HAZRA COSTRUCTION
VEND_4D8FA548,SRI MAHADEB MAITY
VEND_CBB854D6,GRAM PANCHAYAT MAHALPUR
VEND_A2FB414F,SARVAN
VEND_AC37E5A9,SUNDI
VEND_FD84719E,CEO JANPAD PANCHAYAT MANDSAUR
VEND_8DACE5D8,BRANCH EARMARKED CAPITAL RECEIPT AC
VEND_58A645BE,BABLU PRAMANIK
VEND_B6BE012B,EXECUTIVE ENGINEER CENTRAL STORE UJS HALDWANI
VEND_0313615A,MS B S CONSTRUCTION
VEND_25CA44DF,GHOSH ELECTRIC
VEND_9ED3F247,SARPANCH SACHIV GRAM PANCHAYAT TINSARA
VEND_2FA04A08,PURKAIT CONSTRUCTION
VEND_A27BBED5,BASANTI ENTERPRISE
VEND_44590C24,SARPANCH SACHIV GRAM PANCHAYAT KERPANI
VEND_E7753F4B,B H ENTERPRISE
VEND_D503E963,D H ENTERPRISE
VEND_C12360BD,MS WELCOME CONSTRUCTION
VEND_F57E211F,MS SOURAV
VEND_895ED60C,GP SARDARPUR
VEND_D0F49FA7,GP LAHDARA
VEND_93970E43,GRAM PANCHAYAT DELAKHARI
VEND_23160B49,GRAM PANCHAYAT BHODIYAPANI
VEND_E4D5ED8B,S RAJAJI
VEND_93125AB8,KARASHANPURA GRAM PANCHAYAT
VEND_8581CCA1,SK ASADUL
VEND_D3D30ED5,GAYATRI KHATUA
VEND_2AF919AD,TAHASILDAR BHAPUR
VEND_BB5A8A80,SHRABANI ENTERPRISE
VEND_06D76246,G P NAWAGAON SALKA
VEND_056CD85A,G P LITIYA
VEND_FC4A323F,GP MEHTOUL
VEND_2D9B9F17,MS MAA TARINI SUPPLIERS
VEND_5D6D503A,G S SPORTS AND FITNESS INDUSTRIES
VEND_DDE64DEB,SEELAM ANIL
VEND_D8399E3B,BDO MASHOBRA LOK SABHA
VEND_FA5236EF,BDO NANKHARI LOK SABHA
VEND_6B60A50C,GRAM PANCHAYAT JALSAN
VEND_CB41AB59,GRAM PANCHAYAT AKHOL
VEND_8097C939,GRAM PANCHAYAT BAJIPURA
VEND_77810100,GRAM PANCHAYAT BAMANVA
VEND_551A8786,GRAM PANCHAYAT BANDNI
VEND_21FF8135,J J ENTERPRISES
VEND_44EA6F1E,GRAM PANCHAYAT GOLANA
VEND_F2148019,GRAM PANCHAYAT HARIPURA
VEND_74B0B391,AARAV BRICKS INDUSTRY
VEND_79A7E51A,GRAM PANCHAYAT JINAJ
VEND_4A9405B5,GRAM PANCHAYAT KHADODHI
VEND_9E0C3072,GRAM PANCHAYAT LAXMIPURA
VEND_973FF754,GRAM PANCHAYAT LUNEJ
VEND_75C875D8,GRAM PANCHAYAT MALASONI
VEND_FC8B26B1,GRAM PANCHAYAT MALU
VEND_558844C8,GRAM PANCHAYAT METPUR
VEND_087A0112,ARVIND KUMAR PASWAN
VEND_676675B6,GRAM PANCHAYAT MITLI
VEND_8398E61D,GRAM PANCHAYAT MOTIPURA KODVA
VEND_DB6264C3,GRAM PANCHAYAT NAGRA
VEND_D128B018,GRAM PANCHAYAT NANAKALODRA
VEND_8CEA7174,RAMOS GRAM PANCHAYAT
VEND_8565CFAE,GRAM PANCHAYAT NAVAGAMVANTA
VEND_1C70A170,GRAM PANCHAYAT POPATVAV
VEND_5D135991,GRAM PANCHAYAT RALAJ
VEND_6E8F9F8E,TUTU MONI BORA
VEND_CA4B6B79,MULBHUT YOJANA G P SARBHOKA
VEND_D38529E2,SURASANI PRAVEEN KUMAR
VEND_22DE2092,RINKESH KUMAR
VEND_E57D4516,GRAM PANCHAYAT JARUWA
VEND_84B3FDE5,GRAM PANCHAYAT BAMORA
VEND_63875A2B,GRAM PANCHAYAT BHUTPARASI
VEND_E8207745,GRAM PANCHAYAT KHEJDASULTAN
VEND_7D53526A,GRAM PANCHAYAT NATHANPUR
VEND_214C119E,GRAM PANCHAYAT GANGARBADA
VEND_EAB80D49,EBIN SAM
VEND_AE1BA373,BODIGE SWAMY
VEND_B3DAA4C2,GRAM PANCHAYAT LUHARGUWAN
VEND_173FC22C,GP JASGUWANKHURD
VEND_0478FA35,MS HANS RAJ AMAR NATH
VEND_1CA187CE,M MALLIKARJUNA REDDY
VEND_A675DD0C,PANUGANTI SATHISH
VEND_2B924356,GRAM SABHA NAYA GOWN
VEND_61764232,BDO BHAPUR MPLAD
VEND_4E4B2136,MURUGAN ENTERPRISES
VEND_06141001,HARBHAJAN TRADING COMPANY
VEND_DF9889F0,HARISH WADEYAR
VEND_E70276F8,ASSISTANT ENGINEER DARBHANGA GRAMIN
VEND_FCE9CA17,GRAM PANCHAYAT GHORTALAB
VEND_25A3E201,GRAM PANCHAYAT BOIRDEEH
VEND_3F27E8C0,ASSISTANT ENGINEER KEOTI
VEND_71EB7ED4,MS P S TRADERS
VEND_7B4E8916,ASSISTANT ENGINEER DARBHANGA SHAHARI
VEND_EC97ECAC,ASSISTANT ENGINEER BAHADURPUR
VEND_D791D24E,PALASH ALAM
VEND_7C3D0808,ASSISTANT ENGG KHAJAULI VIDHAN SABHA
VEND_70E87A99,ASSISTANT ENGG HARLAKHI VIDHAN SABHA
VEND_447BE037,GRAM PANCHAYAT DEVINAWAGOAN
VEND_BC886DE1,GRAM PANCHAYAT TAMSA
VEND_49430A45,MS BHARTI KISSAN SHUTTERING STORE
VEND_23C92A5C,MS KRISHAN LAL CONTRACTOR
VEND_F7160FD4,NEW SUN ASSOCIATES
VEND_6B0365AD,SAI RAM INFRA
VEND_154CABAA,SARPANCH GP DUNGARIYATITRA
VEND_33CD749E,SARPANCH GP KOTHAR
VEND_7AD48580,SARPANCH GP KHIRSADOH
VEND_82E46498,SARPANCH GP SIRGORIKHURD
VEND_69D28C71,DUMANA GRAM PANCHAYAT
VEND_4EA58B72,BASINDRA
VEND_E59DD075,HARINANDAN RAJAK JUNIOR ENGINEER NREP W SINGHBHUM CHAIBASA
VEND_838087BF,SARAPANCH GRAM PANCHAYAT DONDEKALA
VEND_0449862C,RUAR
VEND_18B93842,WAHE GURU PIPE STORE
VEND_50DCCCA3,UGGAR SAIN
VEND_BF3C7EE0,PRITAM SINGH BIST
VEND_261EF13F,D GANESAN ALANGADU
VEND_C088A700,E SEKAR
VEND_B6B7898E,GAVISIDDAPPA
VEND_9EEC6129,GRAM PANCHAYAT KUMHADI
VEND_DA9BC6CF,GRAM PANCHAYAT DOB
VEND_68994BF4,GRAM PANCHAYAT HARRAKACHHAR
VEND_29C6B43E,GRAM PANCHAYAT BANGAI
VEND_D17513F5,GRAM PANCHAYAT LOTIYA
VEND_5702C91C,GRAM PANCHAYAT KAREAAM RATED
VEND_2FD476B1,GRAM PANCHAYAT CHOPNA
VEND_41BED458,GRAM PANCHAYAT KAPOORNALA
VEND_6BC77C02,GRAM PANCHAYAT CHICHOLIBAD
VEND_64C7539A,GRAM PANCHAYAT SEONI
VEND_31F3BD65,ABUL KALAM KAYAL
VEND_8B8C3E57,GARMPANCHAYAT TORNA
VEND_88E4F64E,AMAZING CONSTRUCTIONS
VEND_CA796EFC,GRAM PANCHAYAT NANDANWADI
VEND_B79195E9,SRI MAHALAKSHMI SC LABOUR CONTRACT MUTUALLY AIDED COOPERATIVE SOCIETY LTD
VEND_A41D8967,THE DHANAULA CO OP L AND C SOCIETY
VEND_96587242,BLOCK DEVELOPMENT OFFICE CHOPAL RAJYA SABHA
VEND_407E9C06,BLOCK DEVELOPMENT OFFICE CHOPAL LOK SABHA
VEND_D864B801,BLOCK DEVELOPMENT OFFICE NARKANDA LOK SABHA
VEND_76615F28,JAGDAMBEY IRON AND SHUTTERING STORE MANSA
VEND_58EDE53B,DAMPAT GRAM PANCHAYAT
VEND_CC81AF16,BLOCK DEVELPOMENT OFFICE KUPVI LOK SABHA
VEND_5CCE8C63,BLOCK DEVELOPMENT OFFICE CHHOHARA LOK SABHA
VEND_872F3151,BLOCK DEVELOPMENT OFFICE KOTKHAI LOK SABHA
VEND_E5DA6BA0,BLOCK DEVELOPMENT OFFICE RAMPUR LOK SABHA
VEND_D865451E,SHIVAM KUMAR
VEND_9951D765,GRAM PANCHAYAT CHAKLI
VEND_7EC1ABD8,APPU CONSTRUCTION
VEND_0596029A,DUDA
VEND_CCC4AE83,YAZHI GROUP
VEND_9212CD45,TAPAN KUMAR SETHY
VEND_EA6D668E,PRAGATHI ENTERPRISES
VEND_9E726C89,SREE SREENIVASA ENTERPRISES MADANAPALLE
VEND_248C7816,SRI KRISHNA AGENCIES
VEND_B75E35CB,RITIMUKTA SWAIN
VEND_E97E2B70,KESHAB CHANDRA BEHERDALEI
VEND_8B1D26EB,SARPANCH SACHIV GRAM PANCHAYAT BAKLI
VEND_C028488B,GRAM PANCHAYAT PANJAHAL
VEND_F0AB00D1,GRAM PANCHAYAT KOSAMBUDA
VEND_B7AF0213,GRAM PANCHAYAT SIRATHA
VEND_94ED36CB,GRAM PANCHAYAT DHOLANKHAPA
VEND_9F58A5E7,GRAM PANCHAYAT KAMTHIKALA
VEND_422A24DF,GRAM PANCHAYAT TEEGAON
VEND_264B391C,N K ENTERPRISE
VEND_431ACCB9,GRAM PANCHAYAT BHATIGAWANKHURD JP JAISINGHNAGAR
VEND_135B5DFA,SANKARAN
VEND_8D9E6AC8,GRAM PANCHAYAT GALHATHA JP BURHAR
VEND_1900908A,NARENDRA SOPAN THOKAL
VEND_7D30D0A5,HARISH PRALHAD SHINDKHEDKAR
VEND_EE05B3B9,BASANTI SUPPLIER
VEND_CD812AE8,BDO NALAGARH MPLADS LOK SABHA
VEND_8B79A5F9,KIYADAR GRAM PANCHAYAT
VEND_AFE3A4E0,T NAGARATHNA
VEND_31B74486,GARMPANCHAYAT ALAMPUR
VEND_F007F7AA,GARMPANCHAYAT BHUNGALIYA
VEND_1FBC890D,GARMPANCHAYAT GADIYARA
VEND_2A6C227A,GARMPANCHAYAT GOCHARNA MUVADA
VEND_7E6482BD,GARMPANCHAYAT KOSAM
VEND_B29B301C,GARMPANCHAYAT MAHMMADPURA
VEND_C93FAA5E,GARMPANCHAYAT MOTI ZER
VEND_E3FBEDDD,GARMPANCHAYAT NARSHIPUR
VEND_843CEED4,GARMPANCHAYAT NIRMALI
VEND_6CE5E7BC,DHANRAJ SANTOSH RAVANDHE
VEND_CA1BD200,TELEMADE
VEND_2CDFE341,JP GOGAWA
VEND_41B39475,SAMIM AHMED
VEND_CBF66CAC,GRAM PANCHAYAT NINGALA 2
VEND_286CA33B,AVIJIT DAS
VEND_82C08066,SAHU TRADERS
VEND_24930E3C,RAJMAHAL STONE CO
VEND_739C500D,SAHYOG CONSTRUCTION COMPANY
VEND_93FF28DF,JKV TRADERS
VEND_FBB36D6E,BLACKROCK INFRASTUCTURE
VEND_F7C354FB,NEETU INTERPRISES
VEND_2E0CFB1D,MURLIDHAR BUILDERS
VEND_2B4DEE83,MP AGRO JHABUA
VEND_3E58B314,SARPCH AND SACHIV GRAM PANCHAYAT MATHA
VEND_A656CA6D,SARPCH AND SACHIV GRAM PANCHAYAT SUKHWAS
VEND_832BA657,GP BHAISAYA JP BADI
VEND_AF90F487,V DEVARAJ
VEND_76DBCC86,GRAM PANCHAYAT KHARKA
VEND_D9E7D5BF,GRAM PANCHAYAT RAMPUR DHILA
VEND_824BC2F2,DEEPA DEVI
VEND_E14B86B3,SARPCH AND SACHIV GRAM PANCHAYAT NITANWAS
VEND_E475BE30,RAJASHEKARAIAH N
VEND_0F2639F1,GRAM PANCHAYAT VAVDI DAMRI
VEND_AF120AD1,GRAM PANCHAYAT ROOL CHANDAWAT
VEND_67131098,SARPANCH GRAM PANCHAYAT HARSOLAV
VEND_F8410D15,MEDISHETTY SRAVAN KUMAR
VEND_C035C8A6,LOVELY ENTERPRISES
VEND_79838E1F,EDD 4TH JAUNPUR
VEND_B1464B94,MASITALA GRAM PANCHAYAT
VEND_89434D1D,KHANJAN KUMAR SAIKIA
VEND_DD63E395,GRAM PANCHAYAT DAYADARA
VEND_BCDB1D6D,GRAM PANCHAYAT HALDARWA
VEND_E13D51F5,SRINGESH
VEND_F1F6FEB2,KAVAS GROUP GRAM PANCHAYAT
VEND_E867D4CC,GRAM PANCHAYAT NARSALA
VEND_EE692593,GRAM PANCHAYAT LONADEI
VEND_A8242B06,MS GARG BKO
VEND_729C4BFC,SARPANCH GRAM PANCHAYAT MANDAR
VEND_6B9481C1,GRAM PANCHAYAT DEVARHAT
VEND_FF69F1CC,SANTOSHA KUMAR MALLIK
VEND_0667B8CB,MPLADS RS BDO BP
VEND_3D31F046,TITU B K O
VEND_57184B59,BALAJI P
VEND_A4FD606C,JHANVI INTERNATIONAL
VEND_1FAF654E,GRAM PANCHAYAT TARADEHI JP TENDUKHEDA
VEND_541C33B7,ANURAG JAIN
VEND_6BDBB524,AADITYA VAIDHYA
VEND_003AF61D,GRAM PANCHAYAT KADARI
VEND_01534330,GP MEEN
VEND_E24D6A23,GRAM PANCHAYAT TARDA MULBHOOT
VEND_0773125F,RIDDHI ENTERPRISES
VEND_CA5FA189,NATIONAL BRICKS COMPANY
VEND_4181978F,M S Y R ENTERPRISES
VEND_00411D05,GRAM PANCHYAT TOSHGAON
VEND_EA0345E3,SARPANCH SACHIV GRAM PANCHAYAT NAWAPARA
VEND_31A6CBAC,GRAM PANCHAYAT SILLI
VEND_9C77692D,JAI AMBE TRADERS
VEND_0682D775,PILVAI GRAM PANCHAYAT
VEND_3D7A5DC9,GRAM PANCHAYAT KALIBA
VEND_CD6CCE8C,POONAM TYAGI
VEND_E59C938B,GRAM PANCHAYAT KUNWARPURA
VEND_ACB5AD47,GRAM PANCHAYAT KHAPRIDIHKHURD
VEND_F35C1B11,GRAM PANCHAYAT HIRANAGAR
VEND_DEA4CD54,GRAM PANCHAYAT ALAMPURA
VEND_50114E3E,SARKUI GRAM PANCHAYAT
VEND_BFB7D01A,T VIJAYAKUMAR
VEND_62BD3F45,TADKESHVAR GRAM PANCHAYAT
VEND_C957B793,BHULLAR SPUN PIPE FACTORY
VEND_D4C28009,GRAM PANCHAYAT ASTON
VEND_F93A378F,RK BUILDING MATERIAL
VEND_219503D5,ASSISTANT ENGINEER HARNAUT A C
VEND_44937079,SIDHARAT ENTERPRISE
VEND_26784AF5,GRAM PANCHAYAT BATRA
VEND_B655694F,GRAM PANCHAYAT NIRDHI
VEND_6CCDBD6F,GRAM PANCHAYAT SHIVPUR
VEND_1AEC899F,GRAM PANCHAYAT PULALIKALA
VEND_3A95E51D,GRAM PANCHAYAT SUNDAIL
VEND_419E5D92,RAJYA PARIVARTIT YOJNA GP KUTESARNAGOI
VEND_18A80742,RAJYA PARIVARTIT YOJNA GP AMJHAR
VEND_EDB702C9,RAJYA PARWARTIT YOJNA GP PIPARIYA
VEND_243E49B2,LUCKY SPORTS EQUIPMENTS
VEND_170940BA,KULDEEP CONSTRUCTION
VEND_9E2FE0CF,STATE MOTOR GARAGES DEPARTMENT
VEND_50471F8B,INDERJEET PASWAN
VEND_A164ADE0,TRENT GRAM PANCHAYAT
VEND_2B18ACD8,LAKHANKA GRAM PANCHAYAT
VEND_96690D7C,GRAM PANCHAYAT SHAKKARJHIRI
VEND_42742B34,GRAM PANCHAYAT TARA
VEND_F8D3D401,JOYCO ENTERPRISE
VEND_2E728160,GRAM PANCHAYAT UMARDOH
VEND_C0C13798,SUNNY ENTERPRISES
VEND_7F9CDE1E,MR NAGARAJU MUMMADI
VEND_39F39D03,MP AGRO SEONI
VEND_83F9956A,YOGENDRA SINGH
VEND_48A488CD,GRAM PANCHAYAT TURANGUR
VEND_DBA88951,GP BAROT
VEND_757A0135,BIMALENDU MAITY
VEND_5C4CE549,PRADEEP SINGH BISHT
VEND_D82A38B5,KAMLA BISHT
VEND_966606FB,KARAN SINGH BIST
VEND_95BD37E8,DEEPA BISHT
VEND_7FD4B789,SARPANCH SCHIV GRAM PANCHAYAT LAHRAUNI
VEND_095311F2,BHARAT SINGH GANGOLA
VEND_6E33A3B3,GP CHUKKU
VEND_88F271A3,ASSISTANT ENGG ATRI
VEND_1B31F0F2,SARPANCH GRAM PANCHAYAT VISHRAMPURI
VEND_F9FED3E1,SHRI GANESH BRICK FIELD
VEND_B6982103,BABA DAYA SINGH TILES FACTORY AND BUILDING MATERIAL
VEND_486F09E7,GRAM PANCHAYAT MAKHIYALA
VEND_C3B5BC3B,SARPANCH GP KHAJRIANTU
VEND_33C3C7E1,BHASKAR GOSWAMI
VEND_A7A663E7,ATIFICAL LIMBS MANUFACTURING CORPORATION OF INDIA
VEND_30BCB494,GRAM PANCHAYAT GHATBAHRA JP PENDRA
VEND_A85A94A9,VDH ENTERPRISES
VEND_96D1160D,AD UDYOG SAMITI
VEND_6CF80DEE,S S ENTERPRISES
VEND_E8802E2B,GP SIRMOURI MANDIR
VEND_FEE6DAD9,GP SAMRIBONDA A
VEND_51DAF9E4,GP SEMLIBARI A
VEND_977ADA90,GRAM PANCHAYAT SINGHANPUR
VEND_4B09F1D2,GOLDEN ENGINEERING CORPORATION
VEND_0F4F7F9F,GRAM PANCHAYAT BAROLI
VEND_3128C12D,GRAM PANCHAYAT AANKIA
VEND_BC5DC05B,BHUPINDER PAL SINGH
VEND_25A82968,GRAM BHARTI DAMOH
VEND_D3D88CEB,GNANASEKAR R
VEND_CA7C4252,RANI A
VEND_F13FBA1F,KIRUTHIGA CONSTRUCTION
VEND_D134B64A,BHAGAT RAM KISHAN CHAND
VEND_28B7C731,GOVIND BALLABH JANGEE
VEND_A8808B7F,AMARJIT SINGH BORING COMPANY
VEND_BC45758B,THE DHAULA GRAM UDYOG SAMITI DHAULA
VEND_BBD752A3,ASST ENG MUZ LAEO1
VEND_B71BBA44,SINHA ENTERPRISE
VEND_A5DD25FC,BIDYUT BHARALI
VEND_574470E6,GP URLA
VEND_920C0770,GP KHALAIHAL
VEND_8155691D,SARPANCH GP AMBADA
VEND_745577BC,SARPANCH GP BHAMODI
VEND_04F0DDA3,SARPANCH GP JATACHHAPAR
VEND_B0675A30,ASST ENG BOCHAHA LAEO MUZ
VEND_BB3DEA71,GP BATHERI
VEND_D2FD95F4,SARPANCH GP KHAMRAJETHU
VEND_4F0949BD,SARPANCH GP TUMDI
VEND_9A853D49,SARPANCH GP MAYAWADI
VEND_66F9494A,SARPANCH GP SETHIYA
VEND_AEEF5A30,SARPANCH GP SEMARTAL
VEND_48782E33,ASST ENG SAKRA LAEO1 MUZ
VEND_7E029EB3,SARPANCH GP DHALA
VEND_3D333C6C,SARPANCH GP MENDKI
VEND_F3C3F8C9,MUNCIPAL CORPORATION REWA
VEND_599A49D7,EXECUTIVE ENGINEER PANCHYATI RAJ REWARI
VEND_09AA3447,D RAGHU RAMI REDDY
VEND_14215708,SARPANCH GP SINDRAIGURAIYATHAR
VEND_914441E6,MS OM PARKASH BKO
VEND_0CA98875,SANDHU INTERLOCK
VEND_4D1B7E61,SARPANCH GP MORDONGRIKHURD
VEND_D5A966B1,MADINA PRADEEP
VEND_1A466DB4,GORANTLA RAJESH BABU
VEND_BFDC79E5,G GOURI SANKAR RAJU PRESIDENT VLC BOMMAVARAM GP
VEND_DF0F3356,M CHENCHI REDDY
VEND_3EDCDF76,BHUTAVAD GRAM PANCHAYAT
VEND_92D7B9D9,PANKAJ SAIKIA
VEND_BFD3DCF1,ANOUSHKA NIRMAN PVT LTD
VEND_B9BD1FC7,NISHANTH CONSTRUCTIONS
VEND_19E418E0,GP BANSKHEDI
VEND_897175FD,SARPANCH GRAM PANCHAYAT SAKRELIKLA
VEND_E1229107,RAVI D
VEND_C572146D,SARPANCH GRAM PANCHAYAT LAWSRA
VEND_DC648EFF,SARPANCH GRAM PANCHAYAT ASOUNDA
VEND_4798EA9C,SARPANCH GRAM PANCHAYAT BAILACHUNA
VEND_8AD66376,SARPANCH GRAM PANCHAYAT BORDA
VEND_5BF373BB,GRAM PANCHAYAT ABHANA JP DAMOH
VEND_BB4832E9,HRISHIKESH BERA
VEND_223512FF,R T INFRATECH
VEND_D7573ADB,P JANARDHANA RAJU PRESIDENT VLC RAGHAVARAJUPURAM GP
VEND_B4525D7F,SARPACH GRAM PACHAYAT BADEDHARAUR
VEND_F82FE34A,JALEM RAMBABU
VEND_7382326A,NEW MALWA AGRO AND FABRICATORS DHAR
VEND_6E2216E2,GRAM PANCHAYAT MUJABARMAL
VEND_80CB2F48,CHANDRASHEKAR T N
VEND_CC4A05A1,GRAM PANCHAYAT PALAMAU
VEND_3F405118,HINDUSTHAN POWER TECHNOLOGY
VEND_EDC0F279,GRAM PANCHAYAT PATHRANAI
VEND_B7E3BE9A,GRAM PANCHAYAT POUNAR
VEND_CEA6C5E7,GRAM PANCHAYAT RAJADA
VEND_C6F20DC9,GRAM PANCHAYAT SARANGBHIRI
VEND_784B0F9B,GRAM PANCHAYAT SAROTH
VEND_D4BA3AF6,SRI VARI CONSTRUCTION MELSATHAMANGALAM
VEND_EE85BAAF,SDMC GSSS ASAWARI
VEND_91B8448D,G BHASKAR REDDY
VEND_7A53D5FB,ASSISTANT ENGINEER DINARA
VEND_BC9F0E56,D GANAPATHI REDDY
VEND_8B74B634,MS RAMESH CHANDRA PATEL
VEND_0CBEA77D,RAMANDEEP BRICKS
VEND_0D01D749,MAHALAXMI MAHILA PODUPU SANGAM
VEND_F9A0D3ED,GP NAYARIYA
VEND_D4C33284,RAMASHISH SINGH
VEND_A72A6FDA,SANJEEV CHOUDHARY CONTRACTOR
VEND_97359470,ATLA GRAM UDYOG SAMITI
VEND_8566156C,MS SURYA NARAIN MISHRA
VEND_33619F6E,MP STATE AGRO INDUSTRIES DEVELOPMENT CORP REWA
VEND_60FF3EF7,DHEDASANA GRAMPANCHAYAT
VEND_C6689958,ASM CONSTRUCTION
VEND_DB1C7C51,SRILA CONSTRUCTION
VEND_FC76AB02,AADHAVAN CONSTRUCTION
VEND_C43FFA1E,JAY MA SHATDA TRADERS
VEND_B27BF4A6,ASSISTANT ENGINEER ALINAGAR
VEND_2E4FD7AB,NAGAR NIGAM DEWAS
VEND_5A0BEFDD,GRAM PANCHAYAT MURADPUR
VEND_676CF229,SRI ALADIKARUPPU AGENCIES
VEND_4C7ABACF,GHOSH CONSTRUCTION
VEND_E32947B3,DIRECTOR HIMURJA
VEND_3BD14977,SWAROOP TRADING COMPANY
VEND_AD6731B7,ADHYAKSH SARV SAMAJ UTTHAN SEWA SAMITI IMALIYA
VEND_2B23C0D2,SANJEEVIYAR PATHIPPAGAM
VEND_68115705,OMKAR
VEND_11FAE447,GRAM PANCHYAT NANDANVADI
VEND_24DC94B9,GRAM PANCHYAT PIPARIA RAJGURU
VEND_7012E987,GRAM PANCHYAT PURTALA
VEND_D3BE9B02,GRAM PANCHYAT SAKARVADA
VEND_C55242DC,GRAM PANCHYAT SEJA
VEND_31ED6C7E,GRAM PANCHYAT SINGODI
VEND_51E4244A,GRAM PANCHYAT TENDANI MAL
VEND_DCA6F2A2,GRAM PANCHYAT UMARIA
VEND_D4B894AB,GRAM PANCHYAT BABAII
VEND_F9A179F6,ANIL SAKET
VEND_B2F7BBB5,EXECUTIVE ENGINEER OPERATION VIZIANAGARAM TOWN
VEND_8B7CD669,AMAN TREDERS
VEND_2B46D936,SANGURI HARDWARE
VEND_911EC161,TAHASILDAR DABUGAM
VEND_0E32B629,TAHASILDAR JHARIGAM
VEND_1A5CB7B9,TAHASILDAR KODINGA
VEND_F1D19091,TAHASILDAR NANDAHANDI
VEND_111BEAB6,TAHASILDAR RAIGHAR
VEND_AD44FB92,TAHASILDAR UMERKOTE
VEND_C20537DE,CEO JP BHIKANGONE
VEND_9B217F66,CMO KHARGONE
VEND_8589B8DC,BINAY KUMAR RAY
VEND_4E1D16AF,PANDIARAJAN G K
VEND_E79CB206,SASI BUILDERS
VEND_8337979F,ANNAREDDY GANGADHAR REDDY
VEND_6EC2986A,BHOGAL PAINTS AND TRADERS
VEND_B42DBAD1,ASSISTANT ENGINEER CHENARI
VEND_B5089C4A,MODI SANITARY STORE
VEND_A4C75FD6,JAI BABA BHAI GURDAS JI BUILDING MATERIAL STORE
VEND_5B1C3166,LAKSHMI BKO
VEND_047B7C45,LAXMI BRICKS MANUFACTURING CO
VEND_51E1101C,GRAM PANCHAYAT DARGAON
VEND_D302CF82,GRAM PANCHAYAT TENDUKONA
VEND_62026A93,GRAM PANCHYAT LINGA
VEND_68270C9C,GRAM PANCHAYAT BHURKONI
VEND_EA6DEAF6,GRAM PANCHAYAT LAKHAGARH
VEND_B9C2CC83,SREE THIRUPATHI MARKETING
VEND_83F7C2EC,SHRASHTI CONSTRUCTION COMPANY
VEND_1C073224,TAHASILDAR HEMGIR
VEND_48A8725E,GRAM PANCHAYAT MALAH PIPRIYA
VEND_6F92864B,SARPANCH AND SACHIV GP DHAK
VEND_C3C120AF,RAJKAMAL CONSTRUCTIONS
VEND_86C2781D,BPA CONSTRUCTION
VEND_5C71A339,KATI KISHORE
VEND_7E319CD5,G V INDUSTRIES
VEND_EBA4FE20,ASSISTANT ENGINEER JEHANABAD
VEND_BDFCFB3E,ASSISTANT ENGINEER MAKHDUMPUR
VEND_F91F4F00,ASSISTANT ENGINEER GHOSI
VEND_DCDB395B,RAMJI CONSTRUCTION
VEND_2A943400,SRI JEGATHI CONSTRUCTION
VEND_C0F14E6C,SHREEJI DEVELOPERS
VEND_694F3E34,MPEB DEWAS
VEND_4D327F75,SARPANCH GP DARBAI
VEND_1E4EC006,SARPANCH GP MUSADEHI
VEND_A17C4C2C,SEIYYON VENTURES
VEND_CF9C9892,SHARPANCH SHACHIV GP SIRPUR
VEND_529727AF,ASHOK CONSTRUCTIONS
VEND_AA6DD7B9,SANGAT SINGH AND SON
VEND_798D629A,BATHMASINGH SELVA MEERAN
VEND_49148E29,DE ZP GUMLA
VEND_093762D9,GRAM PANCHAYAT CHATOUD
VEND_4152FBA8,JODHPUR VIDHYUT VITRAN NIGAM LTD
VEND_36838B54,KOTRA
VEND_84739F20,RUNAHA
VEND_BAF90028,MANGALGARH
VEND_6A6B5BCF,KARAN TRADERS
VEND_7EF29D26,SAINI CEMENT AND SHUTTERING STORE
VEND_784C8A6E,GRAM PANCHAYAT MALATAJ
VEND_3D7177B1,MANAV ENTERPRISES
VEND_4EEA82AF,GRAM PANCHYAT HIRANKHEDI
VEND_7BAAB9B1,SHANKAR BUILDING MATERIAL STORE
VEND_9F91EBE2,SHIVA BRICK KILN
VEND_A26D220D,CEO JANPAD KHATEGAON
VEND_37C8C525,CEO JANPAD KANNOD
VEND_648AC0F3,GRAM PANCHAYAT KISANPUR
VEND_32713C61,SINGH CONSTRUCTIN
VEND_C51B3BBE,GRAM PANCHAYAT LOHANGI
VEND_3BA2D64B,MS R D CONJSTRUCTION
VEND_55D021C3,SITAPUR GRAMPANCHAYAT
VEND_2669C960,SADHA SINGH
VEND_7C169340,M S COMMUNICATION
VEND_6C48D7EF,BDO PRAGPUR
VEND_14A1B1F4,MANASENDRA SARKAR
VEND_8952069D,ASSISTANT ENGINEER ASSEMBLY PARBATTA
VEND_E5A43BC9,UNIQUE ELECTRICALS
VEND_87837C04,AZEEM CONSTRUCTION COMPANY
VEND_DA8C93DF,GP HARDIHAI HANUMANA
VEND_9E22B69F,CHHIPIAL GRAM PANCHAYAT
VEND_141D6C1A,THE RAMGARHIA ROAD SOCIETY LIMITED
VEND_BAB6A13E,GRAM PANCHAYAT BHADURPURAKHAS
VEND_E359EC7D,PIPLI GRAM PANCHAYAT
VEND_63C46BD3,RS TRADERS
VEND_47970703,PAYAL CONSTRACTION
VEND_80909971,CHIEF MEDICAL AND WELFARE OFFICER JAMMU
VEND_61E63959,KAMESHWAR PRASAD SINGH
VEND_168AAE81,RAKESH PRASAD NISHHAD
VEND_66CBE849,GOYAL TRADING COROPORATION
VEND_DFDAFA1A,THE PATTI SEKHWAN ROAD SOCIETY
VEND_B5FB1B17,GRAM SABHA PATARA
VEND_F3AE1363,GRAM PANCHAYAT KURCHUNDI
VEND_D4732E15,GRAM PANCHAYAT MUDLACHAND
VEND_B2DD4AD2,GP BALT
VEND_EC591C51,GP MANDAL
VEND_2A0E0F75,AQUA SOLUTIONS
VEND_7B8886A0,TAHASILDAR BARGAON
VEND_7EFADD3A,BDO BARGAON EGB MONEY
VEND_D6CDB968,BDO BARGAON WITH HELD MONEY
VEND_D5E9F2AA,JAGANNATH MUNDA
VEND_EFACBB3D,KPL EQUIPMENTS PVT LTD BHOPAL MP
VEND_65F7E9DF,DAN BHUSAN XAXA
VEND_670D3DD5,GRAM PANCHAYAT DHILAPUR
VEND_0B7119ED,SARAVANAMURUGAN M
VEND_55C0FA63,P PARTHA REDDY
VEND_E2DC67FF,MANOJ KUMAR SAHU
VEND_B2EC6CEB,SHIKA GROUP GRAM PANCHAYAT
VEND_11A8C619,GRAM PANCHAYAT BISAPURKALA
VEND_E0CAEF3E,GRAM PANCHAYAT CHARGAONKARBAL
VEND_DDEF877F,GRAM PANCHAYAT CHUDABOH
VEND_716C031E,GRAM PANCHAYAT DEVGARH
VEND_9873C5A6,GRAM PANCHAYAT DHAGADIYAMAL
VEND_6131CF26,GRAM PANCHAYAT GADMAU
VEND_7508BFD8,GRAM PANCHAYAT GOREGHAT
VEND_E57AC77D,GRAM PANCHAYAT GUBRAIL
VEND_01A79F7C,GRAM PANCHAYAT HIWRAVASUDEV
VEND_01849EAE,GRAM PANCHAYAT IKALBIHARI
VEND_045AA655,GRAM PANCHAYAT JAMUNIYAMAL
VEND_E2E3FD7E,GRAM PANCHAYAT LAVAGHOGRI
VEND_3D5C8423,GRAM PANCHAYAT LINGA
VEND_5B7C7596,HARISH CHAND MITTAL
VEND_6523895D,GP BEDAR
VEND_2A375463,GP KHIRWA
VEND_1A3C373A,RAMAN CEMENT AND SHUTTERING STORE
VEND_D2DF7B45,SARPANCHSACHIV GRAMPANCHAYATMOHAR
VEND_245737D1,ZIMIDARA HARDWARE CEMMENT STORE
VEND_DE07285A,SEEMA AGGARWAL
VEND_2C02E7CB,PONNI CONSTRUCTION
VEND_70E15583,SHIVA TRADING CO
VEND_5C0A9B51,CH JIJAMATA MAHILA MSS LTD
VEND_12380F56,JASPAL MASIH
VEND_5D1D412E,ARERA GRAM PANCHAYAT
VEND_E4EF907D,CHALALI GRAM PANCHAYAT
VEND_F9E94E78,DEGAM GRAM PANCHAYAT
VEND_F87017EB,GUTAL GRAM PANCHAYAT
VEND_6625E620,HATHNOLI GRAM PANCHAYAT
VEND_C92ABFED,JAVOL GRAM PANCHAYAT
VEND_D557BD1D,MAHOLEL GRAM PANCHAYAT
VEND_4EC07A27,MARIDA GRAM PANCHAYAT
VEND_765128CA,MONGHROLI GRAM PANCHAYAT
VEND_AD77E63C,NANA VAGA GRAM PANCHAYAT
VEND_18319210,NARSANDA GRAM PANCHAYAT
VEND_D77336B0,PALDI GRAM PANCHAYAT
VEND_AC82C6BB,PIPLATA GRAM PANCHAYAT
VEND_C65103BB,RAJNAGAR GRAM PANCHAYAT
VEND_3921F800,SALUN TALPAD GRAM PANCHAYAT
VEND_B6C3FE39,SILOD GRAM PANCHAYAT
VEND_78D7EB00,VADTAL GRAM PANCHAYAT
VEND_F1325462,SHRI SATAPADA GRAM PANCHAYAT
VEND_56FA3B17,MOTA ANAKDIA GRAM PANCHAYAT
VEND_90669C89,KETI KRISHNA REDDY
VEND_FD8D9052,RAGHAV TRADERS
VEND_9044687F,CEO JANPAD PANCHAYAT SENDHWA
VEND_BE645372,GP DHAR TIKKARI
VEND_F794F605,GP DINGER KINNER
VEND_AE465D54,CHANDAN ENTERPRISES
VEND_83C701B3,ASSISTANT ENGINEER RAMGARH
VEND_CCB7C206,FIVE STAR SOLAR AND AQUA CONTRACTOR
VEND_5FEC727E,MS NORTH EAST INFORMATION TECHNOLOGY
VEND_18F47E6B,MS JULI ENTERPRISES
VEND_AF76479D,GRAM PANCHAYAT TUMDA
VEND_EE65B68E,N K MARI
VEND_AE3C25FE,YARRAMASU SIVA RAMA KRISHNA
VEND_EE7B1F21,SRI VENKATA NEHA INFRA
VEND_0B77CD02,BHARTI HARDWARE PRO SURESH RAM
VEND_FF100C90,UJAGAR BRICKS INDUSTRY
VEND_195E9982,ASSISTANT ENGINEER BENIPUR
VEND_E2493318,HARYANA CEMENT STORE
VEND_D5FAFE26,BALLU RAM KUMHAR
VEND_4E8F356B,GRAM PANCHAYAT UMARI
VEND_C3E2E796,GP DEVLI
VEND_DAD8D43D,GRAM PANCHYAT BADEGAON
VEND_0EAB18D5,GRAM PANCHYAT BANDRA
VEND_FF0491A0,GRAM PANCHYAT BANKA MUKASA
VEND_B5DE03F4,GRAM PANCHYATBINEKI
VEND_FCEAEA6D,KRANKACH GRAM PANCHAYAT
VEND_BC3CE02D,GRAM PANCHYAT CHIMOA
VEND_A0B27024,GRAM PANCHYAT GHOGHRI
VEND_E99A59CC,GRAM PANCHYAT KEKADA
VEND_80E0DC58,GRAM PANCHYAT KHAMI
VEND_86C40BAC,GRAM PANCHYAT KHIRETI
VEND_CE9B2B2A,SHRI SHIV SHAKTI KRISHI YANTRA
VEND_26526975,GRAM PANCHYAT LACHUA
VEND_F05A1078,GRAM PANCHYAT LINGPANI
VEND_379F666B,GRAM PANCHYAT MANDANGADH
VEND_FD8F553A,MS JAI DURGA IRON STORE
VEND_B739C49C,GRAM PANCHAYAT MEHRAKHAPA
VEND_6E0150A7,GRAM PANCHAYAT BANABAKODA
VEND_B625CA3F,BALKISHAN BHATT
VEND_33E56CC0,GRAM PANCHAYAT RANGARI
VEND_ABDAF78B,GRAM PANCHAYAT HARRAI BLOCK CHAVARPATHA
VEND_56B01AA7,NAVIN CHANDRA BHATT
VEND_AEB9A628,CHABBA INTERLOCK TILES FACTORY
VEND_8527A8C8,SARADR ENTERPRISE
VEND_11C49F3B,ESS KAY SPORTS INDUSTRIES
VEND_12A4F816,SHRI INGORALA DAND GRAM PANCHAYAT
VEND_C15081FF,KHANDAKAR HADIUZAMAM
VEND_2B372427,SHUVENDU SARKAR
VEND_8E5EFF12,SAMIR BANERJEE
VEND_B0C8B50D,VARINDER BUILDING MATERIAL
VEND_182B29A7,PUSHPENDRA AHIRWAR
VEND_8FFF2BD5,SK KHEBIBUR RAHAMAN
VEND_F5EEF01E,SK REJAUL KARIM
VEND_903AB8FA,SARPANCH OF KERAGHAREYA
VEND_99190F8A,GRAM PANCHAYAT PARSADA
VEND_992EB564,VANSIKA IRON AND STEELS
VEND_C317F24E,JAGDAMBAY BRICKS INDUSTRY
VEND_8B238DCC,MS HP EX SERVICE MAN LEAGE UNIT LAD BHAROL
VEND_92AE84E2,GRAM PANCHAYAT PARTAPUR
VEND_A7A0895E,GRAM PANCHAYAT KADAIYA
VEND_35643873,GRAM PANCHAYAT BAIRAGAD
VEND_56A9140C,GRAM PANCHAYAT DHOTKI
VEND_79C1D012,GRAM PANCHAYAT DEVI
VEND_D5D363B7,GRAM PANCHAYAT TINKHEDA
VEND_7243AF41,GRAM PANCHAYAT BELKHEDA
VEND_9161CBA3,SHYAM BIHARI PRASAD YADAV
VEND_5E753D4C,ECCENTRIC CORPORATE SERVICES PVT LTD
VEND_3102A5C6,DOLPURA GRAM PANCHAYAT
VEND_FB9B6C50,GP BAJGA
VEND_5606B273,GP JAMAN KI SER
VEND_005F69D9,KACHCHAI GRAM PANCHAYT
VEND_4175BB54,GRAM PANCHAYAT RASKA
VEND_C9877BA9,SUNDHA GRAM PANCHAYT
VEND_E767BE6C,R N TRADING COMPANY
VEND_658B93E6,MARVAL ENTERPRISE
VEND_1D8AA370,ASST ENG GAYGHAT WD MUZ
VEND_98AAA9ED,NUTRA MARKETING
VEND_8560DECB,ASSISTANT ENGINEER CHAINPUR
VEND_D2AE72DB,MADAN MOHAN KERAI
VEND_E38593CE,PRIYANKA KUMARI
VEND_ECD423E2,REVIAAN ENTERPRISES
VEND_91953785,GRAM PANCHYAT RUPETA
VEND_75A632E2,GRAM PANCHYAT PAGARA
VEND_CCA32D2A,GRAM PANCHYAT MALIKHEDI
VEND_8FABBA24,GRAM PANCHYAT ALMOD
VEND_A3D15670,GRAM PANCHYAT SANGAKHEDA
VEND_5A8B81B9,GRAM PANCHYAT TEMARU
VEND_BCE3DFB3,GRAM PANCHAT JHAPIYA
VEND_C48625A5,GRAM PANCHAYAT JHOTKALA
VEND_2253C795,GRAM PANCHAYAT TARAI
VEND_F657B5DE,GRAM PANCHYAT GOPH
VEND_3DBCA53C,GRAM PANCHAYAT CHAVDA
VEND_B17B754A,GRAM PANCHYAT KOBAJHIRI
VEND_6D054A16,GRAM PANCHAYAT UMRADI
VEND_5B4C59AF,GRAM PANCHAYAT CHIKATBARRI
VEND_68604FC7,GRAM PANCHAYAT BHARDI
VEND_F2EB101C,GRAM PANCHAYAT BHAKARA
VEND_CD8ACB46,GRAM PANCHAYAT CHAUMAU
VEND_8BB51F01,GRAM PANCHAYAT BHARDAGARD
VEND_285959C5,GRAM PANCHAYAT PURENAKHALSA
VEND_E1316890,GRAM PANCHAYAT BICHAUKHURD
VEND_729C9B3F,GRAM PANCHAYAT HIRDAGARD
VEND_35557A2A,GRAM PANCHAYAT KARHAIYA
VEND_F5E6D838,GRAM PANCHAYAT BAMANWADA
VEND_71C3E3B8,GRAM PANCHAYAT CHINDIKAMATH
VEND_00A8AAEC,GRAM PANCHAYAT TELIBAT
VEND_37898EDF,GRAM PANCHAYAT KHAMKHEDA RYT
VEND_1894E988,GRAM PANCHAYAT BHATODIYAKHURD
VEND_C3AE8820,GRAM PANCHAYAT MOHAGAOKISAN
VEND_50B2CAB8,GRAM PANCHAYAT GHANAUMARI
VEND_59FAFA46,GRAM PANCHAYAT DHAKARWADI
VEND_316AC0B1,GRAM PANCHAYAT BINDRAI
VEND_3901F16A,GRAM PANCHAYAT SATGAWARI
VEND_869391F8,GRAM PANCAHYAT AHARWADA
VEND_EB97D4F5,GRAM PANCAHYAT ANDHOL
VEND_39623A76,GRAM PANCAHYAT ATRIYA
VEND_12B173A8,GRAM PANCAHYAT BHALPANI
VEND_5520939F,GRAM PANCAHYAT BHESKHOH
VEND_C2827218,GRAM PANCAHYAT BHOIPAR
VEND_4FC0049F,GRAM PANCAHYAT BICHHUA
VEND_05E63926,GRAM PANCAHYAT CHILAK
VEND_72226B4B,GRAM PANCAHYAT CHOPNA
VEND_3FC9DE66,GRAM PANCAHYAT CHURIKHURD
VEND_293B2841,GRAM PANCAHYAT GHOGHRI
VEND_1CEA58DC,GRAM PANCAHYAT HADHAI
VEND_61146A40,GRAM PANCAHYAT KHAMTARA
VEND_63B8F4B2,GRAM PANCAHYAT KIRDA
VEND_9F2692C8,GRAM PANCAHYAT KOHPANI
VEND_A006BF44,GRAM PANCAHYAT MADHI
VEND_279D9059,GRAM PANCAHYAT MEHDA
VEND_8A0C9C20,GRAM PANCAHYAT OJHALADHANA
VEND_44034156,GRAM PANCAHYAT RATAMATI
VEND_6D8DA3C7,GRAM PANCAHYAT REIYARAO
VEND_55CF2BBD,GRAM PANCAHYAT SAGONIYA
VEND_E751C1B7,GRAM PANCAHYAT SALDHANA
VEND_B2557D35,GRAM PANCAHYAT SALEIYBULAKI
VEND_06D32321,GRAM PANCAHYAT SAMARDHOH
VEND_4015E065,GRAM PANCAHYAT SUKHAPURA
VEND_A0745ADE,GRAM PANCAHYAT TINSAI
VEND_CBC234CD,YOGENDRA PRASAD
VEND_7352B650,CEO JANPAD PANCVHAYAT MOMAN BADODIYA
VEND_F748C967,CEO JANPAD PANCHAYAT KALAPIPAL
VEND_6EBF6E12,BINUD GOGOI
VEND_2CC6F83B,GRAM PANCHAYAT BADIPURA JP TENDUKHEDA
VEND_C8731964,TRIPATHI TRADERS
VEND_CC4DF490,BHUPINDER KUMAR AND SONS
VEND_F8BA4889,ASHOKA HARDWARE PAINT CEMENT STORE
VEND_6A0DFA91,BHGWAN DAS
VEND_113C1599,AKHDOL GRAM PANCHAYAT
VEND_AFE03112,THE MANANGING DIRECTOR KERALA MEDICAL SERVICE COPORATION LTD
VEND_D43A00DB,MURUGAN TRADERS
VEND_100801A3,PACKIARAJ S
VEND_B7B8964F,SUMEET GARG CONTRACTOR
VEND_8E41D922,KILLARI SANYASI NAIDU
VEND_F22C26E6,GRAM PANCHAYAT CHHOTUPRA
VEND_30C02ED3,SARPANCH GRAM PANCHAYAT SIMARIYAKALA
VEND_FCC0E967,SARPANCH GRAM PANCHAYAT SINGODI
VEND_9DF105EE,SARPANCH GRAM PANCHAYAT SIREGAON
VEND_F505C55F,JUNIOR ENGINEER POTTANGI BLOCK 2
VEND_77B88937,SARPANCH GRAM PANCHAYAT RAMPURI
VEND_045D1154,SARPANCH GRAM PANCHAYAT BAMHANWADA
VEND_F5653AC6,SARPANCH GRAM PANCHAYAT DHANORA
VEND_9DD3D13E,SARPANCH GRAM PANCHAYAT HIWARKHEDI
VEND_CFF3CFB8,SARPANCH GRAM PANCHAYAT KEOLARISAMBHA
VEND_11F4E78B,RATTAN SHUTTERING BUILDING MATERIAL STORE
VEND_A7DB4F19,SANTHOSH KUMAR SANGAPPA
VEND_6A8C9632,MAA PADMAWATI CONS
VEND_EDB79768,SARPANCH GRAM PANCHAYAT KHEIRIRANI
VEND_D72ED744,SARPANCH GRAM PANCHAYAT LONIKALA
VEND_8BB81800,SARPANCH GRAM PANCHAYAT MOARI
VEND_3F4FF375,SARPANCH GRAM PANCHAYAT PACHGAON
VEND_237A4E6B,SARPANCH GRAM PANCHAYAT PANJRA
VEND_BEE190FD,SARPANCH GRAM PANCHAYAT PAUNIYA
VEND_DF8B7D3D,SARPANCH GRAM PANCHAYAT PHUTERA
VEND_B3505CA6,SARPANCH GRAM PANCHAYAT PIPARIYAKHATI
VEND_AEA00947,SARPANCH GRAM PANCHAYAT RAMGARH
VEND_C544780F,ANVI CONSTRUCTION
VEND_EC4334E2,KADI GRAMPANCHAYAT
VEND_A7EE9B9D,OM CONCRETE PRODUCTS
VEND_281B29BB,GP JEHER
VEND_BBCEC46C,VICKY SINGH
VEND_3D4FCF2A,GORA COOPERATIVE L AND C SOCIETY
VEND_D094F49D,UNITED CONSTRUCTION
VEND_BCAB4E5F,MAMONI ENTERPRISE
VEND_FC6BFF2A,MS DUTTA CONSTRUCTION
VEND_12DF1120,VENUS COMPUTECH
VEND_0DA2C7EC,GOLDEN ENTERPRISE
VEND_E38B51E9,SARDAR BUILDERS
VEND_F55A9E02,SURAJ ENTERPRISE
VEND_3C3BA30D,MS SAURAV ENTERPRISES
VEND_51D0CD20,VIDAVALURU VENKATA SESHAIAH
VEND_B61D913E,RABIUL HOQUE MOLLA
VEND_51D38A40,SALAM ENTERPRISE
VEND_C7A42D17,SABNAM CONSTRUCTION
VEND_F67F2F9A,MS S R CONSTRUCTION
VEND_2606DBF8,RAMESH BABU YARRAMASU
VEND_DF020C54,RUNA CONSTRUCTION
VEND_E3A30E7D,GRAM PANCHYAT PINDRIKLA
VEND_A79FEDD9,GP SARAHAN
VEND_03247A60,GRAM PANCHYAT DHAMNIYA
VEND_43FA8FC1,GRAM PANCHYAT SAHPURA
VEND_2ECB12EC,GRAM PANCHYAT THAWRIKLA
VEND_48BCD198,GRAM PANCHYAT BHAJIPANI
VEND_58FC531F,GRAM PANCHYAT UMRAHAR
VEND_3D9558E8,GRAM PANCHYAT KHAPAKLA
VEND_81EB2691,BABA JAIMALDASS ENTERPRISES
VEND_FC200F40,GRAM PANCHYAT GONDRA
VEND_B5A2E481,RAAZ STEEL INDUSTRIES
VEND_91A6F9DF,DALIPA RAM
VEND_AEAD0368,GUPTA BROTHERS
VEND_D925D2A1,SUMIT GHOSH
VEND_5631A555,CHAMAN LAL SON OF DARSHAN SINGH
VEND_379EDFF4,INDIAN SPORTS AND GYM EQUIPMENTS
VEND_939F389A,NEW RANJIT STEEL WORKS
VEND_88104A74,HARBHAJAN SINGH SON OF PRITAM SINGH
VEND_E2D0F784,S S CHAUHAN MANUFACTURER
VEND_41C993F5,PARMINDER SINGH SON OF RAJ KUMAR
VEND_89DEFF1D,BHAG SINGH SON OF GARIB DASS
VEND_460F5547,ARSH SEKHON INDUSTRIES
VEND_23EC26CE,NIDHIN MATHEW
VEND_89DB6B97,GRAM PANCHAYAT GATHEWARA
VEND_1B516118,MAHIITADI GRAMPANCHAYAT
VEND_EE10E716,JITENDRA KUMAR CONTRACTOR
VEND_72008527,SHIVA CEMENT STORE KOTDUNNA
VEND_C30AEB18,ANIFA ENTERPRISES
VEND_05F347BA,GP MATODHA BESHAN
VEND_2A2E8860,BONTHU BALAKRISHNA
VEND_94CA6503,MD AHSAN REZA
VEND_934177AB,KAMAMA GRAM PANCHAYAT
VEND_E9FA54CA,P R SONS
VEND_843F2E5D,MS DHEERU TRADERS
VEND_5403C44C,SOUMYA RANJAN SAHOO
VEND_4D2893F2,SUPER AGRO
VEND_9C7C450B,BABA DEEP SINGH CEMENT PIPE FACTORY
VEND_1A4EC3FA,PUNJAB BRICK INDUSTRIES
VEND_D1466DA5,GRAM PANCHAYAT DANTALI
VEND_0DD2F878,GRAM PANCHAYAT ZAROL
VEND_FB255E6B,GRAM PANCHAYAT PIDIYA
VEND_6A109EF9,GRAM PANCHAYAT SHIHOLDI
VEND_492CAFF4,SARPANCH SACHIV GRAM PANCHAYAT SARAIPALI
VEND_D434C1A3,GRAM PANCHAYAT DEVA VANTA
VEND_7E269B49,SARPANCH GRAM PANCHAYAT RATKHANDI
VEND_4E65A05D,SITA RAM PATEL
VEND_6FB68CFA,SARPANCH OF GRAM PANCHAYAT KARTALA
VEND_AE1542E2,SARPANCH SACHIV GRAM PANCHAYAT CHEPA
VEND_4EED266A,GRAM PANCHAYAT MITRAL
VEND_BA0C3754,GRAM PANCHAYAT GANGAPUR
VEND_214BFEF9,VSR CONSTRUCTIONS
VEND_6F067D5A,GRAM PANCHAYAT SENDRI MULBHOOT
VEND_3C52A5C7,NATIONAL REXINE CLOTH HOUSE
VEND_069491E5,SHRI BHAGWAT BHAKTI ASHRAM RAMPURA REWARI
VEND_82D7011E,MS TATA BRICKS
VEND_A100FCED,MS AB TRADERS
VEND_1F7D80C8,BHAWANI STEELS
VEND_F8A0F2EF,DORNALA ANJAIAH
VEND_E1B4EE92,EVANE TREDURS
VEND_CA5CB049,POONKODI G
VEND_93897A37,DEEPAK TREDURS
VEND_C04A1E39,CEO JANPAD PANCHAYAT SHUJALPUR
VEND_7386D021,SIDHI VINAYAK BKO
VEND_A6ADA0AF,PUNEET CONCRETE PRODUCTS
VEND_F785D886,RAJRATH ENTERPRISE
VEND_A04B5B02,JD CONSTRUCTION
VEND_8D2BD193,GRAM SABHA LUHARPURA
VEND_98E8D24E,GRAM SABHA MAJHGUWANKALA
VEND_FA9653CB,GRAM PANCHAYAT BARMAN KALAN BLOCK KARELI
VEND_9DE1EDF7,SATVEER CONSTRUCTION COMPNY
VEND_B1F1ED02,GRAM PANCHAYAT BATRI
VEND_DF50E67E,M KARTHIKEYAN
VEND_E6D3D388,HARBANS LAL AND SONS
VEND_18966BDC,MS SON NATH RAM SAROOP
VEND_87B8AF08,BLOCK BAGESHWAR ROYALTY
VEND_25E88BA4,SUDHA DEVI
VEND_C34673E9,TAHASILDAR PAPADAHANDI
VEND_05105663,MADAN LAL SHAM LAL
VEND_AC2A6C14,SASMITARANI SAHU
VEND_77F0CD89,PRANABA PRAKASHA SAHU
VEND_A1C90B8A,SUBHASMITA BEHERA
VEND_02BB5858,KASANA CONSTRUCTION CO
VEND_FE35D5F9,THANGAVELU
VEND_5CA377DA,VASANTH ANDISAMY
VEND_DE300758,KANCHESHWAR MAJUR SAHAKARI SANSTHA MARYADIT
VEND_7CEFA31D,SOHAN AND SONS
VEND_F40D2625,NEW MALWA PIPE INDUSTRIES
VEND_6B47E811,MULJIBHAI BHANJIBHAI PRAJAPATI
VEND_F827DCBB,RAM BABU SINGH
VEND_A26BEA02,KUNCHA MURALIDHAR REDDY
VEND_A2E5BED3,GRAM PANCHAYAT DODHATARAI
VEND_6D062A21,GRAM PANCHAYAT SALIHABHATA
VEND_0DB71824,RAGHAVA ENTERPRISES
VEND_7ABB5850,VIJAYA S
VEND_C204729C,HARSHIT GOEL
VEND_2E3BE261,MAHA LAXMI ENTER PRISES
VEND_4716A765,KUNTA VENUGOPAL REDDY
VEND_ADBA017F,SHYAM SWAROOP MANUFACTURERE
VEND_68D45E96,ALINA GRAM PANCHAYAT
VEND_183E77ED,RUPPURA GRAMPANCHAYAT
VEND_67BA36F9,SARPANCH GRAM PANCHAYAT AMABOH
VEND_17465C67,SAPLA GRAMPANCHAYAT
VEND_233A8BA2,SARPANCH GRAM PANCHAYAT BIJHAWADA
VEND_BD05E474,MANGALPUR GRAMPANCHAYAT
VEND_C6F46C4A,KAPRUPUR GRAMPANCHAYAT
VEND_E103445D,SARPANCH GRAM PANCHAYAT DEORIMAL
VEND_205B4F8B,SARPANCH GRAM PANCHAYAT GHORAWADI
VEND_A997A037,SARPANCH GRAM PANCHAYAT JAMUNIYA
VEND_4841AB44,SARPANCH GRAM PANCHAYAT JHILMILI
VEND_DA77678B,SARPANCH GRAM PANCHAYAT JHIRIYA
VEND_C0A25763,BDO AMMAPETTAI MPLADP
VEND_23306843,SUDARSHAN TILESINDUSTRIES
VEND_DBFB64EB,GP KENKDA JP UDAIPURA
VEND_28B93D93,GP KIRGIKHURD JP UDAIPURA
VEND_805DAC66,SIMLA COOL MAKERS
VEND_0ADE6F5D,BABA FARID TILE FACTORY
VEND_F7CE510E,BDO BAIJNATH MPLAD RAJYA SABHA
VEND_A2E71D13,BDO BAIJNATH MPLAD LOK SABHA
VEND_A5336BF6,PRAHARSH INFRASTRUCTURE
VEND_2F7F6FE3,C SIVAKUMAR
VEND_D3186BA4,SARPANCH GRAM PANCHAYAT OKHAR
VEND_952EFD42,SARPANCHAY GRAM PANCHAYAT HIRRI
VEND_16EA8C70,KK BUILDING MATERIAL STORE
VEND_F72205C3,GRAM PANCHAYAT MANIKCHAURI
VEND_216748A2,M AND M CONSTRUCTION
VEND_DB883419,VIJAYA
VEND_C52EA78B,KHIVA BRICKS KILN COMPANY
VEND_93B8D343,MS RAJ KAMAL CONSTRUCTIONS
VEND_8284B6FD,SARPANCH SACHIV GRAM PANCHAYAT LATKONI
VEND_DA885D51,CENTRAL ELECTRONICS LIMITED
VEND_DDC36228,LUCKY ASSOCIATES
VEND_A431038E,GP BORDAGUJAR
VEND_48463398,GP DEVIKHEDA
VEND_E6FAD533,GP KHATIKHEDI
VEND_5CD5F4E1,DEO RAJGARH
VEND_076EA613,GRAM PANCHAYAT DARIYA
VEND_4415D6FC,PANCHYAT CHHUI
VEND_E942D844,ABDO UTHIRAMERUR
VEND_1C109385,N S CHELLAPANDIAN
VEND_1A57EBE8,BAKARPUR GRAM PANCHAYAT
VEND_986E2B0B,SAHIL CEMENT STORE
VEND_68CAEB28,PALI GRAM PANCHAYAT
VEND_DB14007B,BALADHA GRAM PANCHAYAT
VEND_86E7D188,MS MALWA BKO
VEND_AF361100,VANODA GRAMPANCHAYAT
VEND_2120203B,CEO PATI
VEND_F7A26B09,VE COMMERCIAL VEHICLES LTD
VEND_38BB8E74,TIMBA NA MUVADA GRAM PANCHAYAT
VEND_A7611EB8,DABHALI GRAMPANCHAYAT
VEND_9A49FE98,SARPANCH GRAM PANCHAYAT LAKHOLI
VEND_63CA5617,T PRABHAKARAN
VEND_0684581D,GRAM PANCHAYAT ROBA
VEND_C6F1D356,AVTAR SINGH SO BALVIR SINGH
VEND_80EB256B,SATHEESH R
VEND_B0A0EFBC,GRAM PANCHAYT SUATALA
VEND_D72D2AF9,GP LANI BORAD
VEND_79010C8C,KENNZ TECHNOLOGIES LLP
VEND_22A9E315,GRAM PANCHAYAT NAYAKBANDHA
VEND_61D2237A,GARAM PANCHAYAT TUTA
VEND_BCD6B9D1,MOPURI MOHAN DURGA
VEND_2C1B6198,PRAVIN KUMAR ROY
VEND_396F4596,A F CONSTRUCTION OP BY ISMAIL
VEND_3424422D,Y VENKATESHWARLU
VEND_8DD7E9A2,JP BHAGWANPURA
VEND_B4A36656,MAJHA INTERLOCK TILE FACTORY
VEND_9DABDDB2,JAI JAWALA STONE CRUSHER
VEND_8118E938,SACHIV GRAM PANCHYAT
VEND_D1FA5CBE,VIGNESH N
VEND_E84B8FD3,MS AGGARWAL PIPE AND SUBMERSIBLE STORE
VEND_66A52C16,SHREJAL ASSOCIATE
VEND_C49842BD,RD INDUSTRIES
VEND_89884CCD,BHAGWAN AND CO
VEND_04B1188B,SARPANCH SACHIV GRAM PANCHAYAT BHEJAPADAR
VEND_C19497D8,KUKARWADA GRAM PANCHAYAT
VEND_362C0DA4,GRAM PANCHAYAT GARABAND KHURD
VEND_D7CF1A9E,GRAM PANCHAYAT KIRGI
VEND_56B2770A,GP BHOLDIYA
VEND_09065B77,GP LASUDIYABECHAR
VEND_2FC46322,GP NOGANWA
VEND_15570AA5,DEBENDRA PRASAD MOHAPATRA
VEND_D071501D,GP TILAWAD
VEND_62B4CB56,EXECUTIVE ENGINEER PANCHAYATI RAJ RUPNAGAR DIVISION ROPAR
VEND_3BB9C7D2,MAHI ENTERPRISES
VEND_E91187AD,GRAM PANCHYAT KHERHA SGVY
VEND_2E4659C5,BHAGYASHREE CONSTRUCTION
VEND_6F7B54E3,BHADRIYA RAY CONSTRUCTION COMPANY
VEND_C3B4F242,MS MITTAL BRICKS CO
VEND_6727C93A,POONAM SHUTTERING STORE
VEND_739595BD,NUMBERDAR CEMENT AND CALAB STORE
VEND_72F3D225,CHANDRAKUMAR R
VEND_F358A473,BAINS CEMENT AND HARDWARE STORE
VEND_E46F0AC5,PO HIMURJA MANDI
VEND_98F11B4B,MS RK BUILDERS
VEND_C4C68E8F,MITTAL BKO
VEND_A5191DA5,KRISHNA TRADING CO MALOUT
VEND_F900B57D,RAJAN BUILDING MATERIAL MALOUT
VEND_B13BF6C3,TECHNIQUE CONSTRUCTION
VEND_6C8BB821,GARM PANCHAYAT LALONI
VEND_BFB6261E,UNITED PIPE AND PAVERS
VEND_9BEE9642,UNITED PIPE AND PAVERS INDS
VEND_7F10C4B9,SEWA KAUR SONS
VEND_E1466564,SURINDER CEMENT STORE
VEND_BC1EE268,MS FRIEND BRICK KILEN
VEND_19FA2692,BAWA INTERLOCK TILES
VEND_F326838F,SANDESH PLYWOOD AND GLASS HOUSE
VEND_47ECBE76,JAGDAMBA IRON CEMENT STORE
VEND_4C8362A0,ROHIT TRADERS
VEND_0F0F53A5,GARG SANITARY STORE
VEND_0C3D3EC2,GRAM PANCHYAT RHONA KHURD
VEND_F5750F0F,GRAM PANCHYAT CHARGAW PRAHLAD
VEND_1C8BFC06,GRAM PANCHYAT KEVLARI
VEND_E9203DAA,GRAM PANCHYAT NER
VEND_476345FA,THAKUR TILE INDUSTRIES
VEND_6C3583CD,GRAM PANCHYAT RAJAKHOH
VEND_58B70C39,GRAM PANCHYAT THAWRI TEKA
VEND_4D7C83D7,GRAM PANCHYAT KAKI
VEND_9B988F02,GRAM PANCHYAT BHONAKHERI
VEND_385388C2,GRAM PANCHYAT CHNIYA KHURD
VEND_9B851B66,GRAM PANCHYAT SARNA
VEND_1A170C5B,GRAM PANCHYAT BHESADAND
VEND_36CB5E93,GRAM PANCHYAT THUNIYA UDNA
VEND_B007BF6B,GRAM PANCHYAT GURIYA
VEND_538A7913,GRAM PANCHYAT MHALNWADA
VEND_E057C1B1,GRAM PANCHYAT PAKHADIYA
VEND_78606E44,GRAM PANCHYAT LONIYA MARU
VEND_52009DC9,GRAM PANCHYAT KHUTIYA
VEND_F36CAB31,GRAM PANCHYAT PULPULDHOH
VEND_0501CB24,GRAM PANCHYAT SANKH
VEND_2812DC9D,NARSINGH KUMAR CONTRACTOR
VEND_C21A7F72,SACHIV GRAM PANCHYAT KANDAI KALA
VEND_90D9310B,PROMARK TECHSOLUTION PVT LTD
VEND_F33FBEA5,AGGARWAL MACHINERY STORE
VEND_B233C860,SINGLA TILES INDUSTRY
VEND_FCB0419C,GP PARETHA
VEND_C4475CCD,GP DHANDHA BHALLA
VEND_19E8251B,KANJODA GRAM PANCHAYAT
VEND_AD19FA15,SALUN VANTO GRAM PANCHAYAT
VEND_7529F8E5,ARAJANPUR KOT GRAM PANCHAYAT
VEND_27A014C7,PALANIVEL
VEND_AF2ADB51,BHURADABRA VIKAS DABAR
VEND_8F8A0F91,NAYINI NARESH
VEND_DB59A8E3,HANSH ENTERPRISES
VEND_110B9DB7,ASSISTANT ENGINEER LAEO SHEIKHPURA
VEND_C1D34721,RATHOD NILESHKUMAR JERAMBHAI
VEND_B4EFE968,SESHA CONSTRUCTION
VEND_62199529,MS AMRIT LAL B K O
VEND_3A366C77,PALAIYA GRAM PANCHAYAT
VEND_D28C5012,ALINDRA GRAM PANCHAYAT
VEND_DED719C6,MORTHALA GRAM PANCHAYAT
VEND_98A98831,MP STATE AGRO INDUSTRIES DEV CORP LTD
VEND_18576619,MUTHULAKSHMI R
VEND_38C5C55F,K BALASUBRAMANIAN
VEND_C554993E,MS AMAN ENTERPRISES
VEND_9B988DBD,MS SHIV SHAKTI BRICK IND
VEND_DE7F4306,GRAM PANCHAYAT BIRHASHYAMKHEDI
VEND_78369C7D,LUCIFER POWER SYSTEM
VEND_A1757F81,INTERNATIONAL SCIENTIFIC STORES
VEND_4C8102C0,JOYTIRMAYA ENTERPRISES
VEND_0AD21631,CEO BAGLI
VEND_954ADE8F,P S STALIN
VEND_D2DB510C,VSA ENTERPRISES
VEND_546A9B95,HARISH KUMAR TIWARI
VEND_101CBB6C,MANDAL GRAM PANCHAYAT
VEND_B474DFF9,CEO JANPAD PANCHAYAT BADOD
VEND_BE7C178F,CEO JANPAD PANCHAYAT AGAR
VEND_2BF83C53,ANGHADI GRAM PANCHAYAT
VEND_6C588835,ASST ENG AURAI V K LAEO WD 01 MUZ
VEND_422DAD55,SAJAN TRADING COMPANY
VEND_7C9D9826,SAHARA ENTERPRISE
VEND_3BB360F8,ATANU PATRA
VEND_DCBB4F8A,SHERGADH GRAM PANCHAYAT
VEND_5F4765CC,DENAP GRAM PANCHAYAT
VEND_81BED02D,SARPANCH SACHIV G P SAKHO
VEND_C6F25939,UMTA GRAM PANCHAYAT
VEND_6DF89A05,BOKARVADA GRAM PANCHAYAT
VEND_A2837EC5,KANSARAKUI GRAM PANCHAYAT
VEND_743BD0BE,KHANDOSAN GRAM PANCHAYAT
VEND_A8969576,RAMPURA LA GRAM PANCHAYAT
VEND_BB1D24EF,KANKUPURA GO GRAM PANCHAYAT
VEND_1A1973E9,TEJA SINGH AND SONS
VEND_C18B084E,GRAM PANCHAYAT MADIYAPAR
VEND_FEF4D1D3,NEW HOPE CONSTRUCTION WORKS
VEND_A0A9ECF3,MANDVI MACHINERY STORE
VEND_9F85E92E,GRAM PANCHYAT NAGOI
VEND_E911E313,ASSISTANT ENGINEER BHABHUA
VEND_E90C70BB,GRAM PANCHAYAT PONDIKALAA
VEND_634F7567,ASIT PRADHAN
VEND_F12133A4,ACCHELAL SINGH KUSHWAHA
VEND_7A67DE15,BOYA SREENIVASULU
VEND_8CB9EFB2,BDO
VEND_AE54924E,SSKT ENTERPRISES
VEND_7BD3AF42,KHANDABAD B
VEND_C8CA5EAD,HATHNORA B
VEND_98B53136,SATRAMAU B
VEND_871C2E83,SEMRI B
VEND_F421E8F5,NARAYANPUR B
VEND_26BDAD68,PURI TRADERS
VEND_CEF266D6,MS RAJESH KUMAR
VEND_03081ED9,GRAM PANCHAYAT BARABASPUR
VEND_243B40A2,BALAJI HEALTHCARE TECHNOLOGIES
VEND_0E9B4880,NARAYAN ENTERPRISES
VEND_948715E5,ZAPODAD GRAM PANCHAYAT
VEND_A3588C7A,ITAVAKHURD NS
VEND_6383C3C0,GILLOR NS
VEND_67866EAD,RAFEEQGANJ NS
VEND_385D325D,AMDO NS
VEND_ABC58E39,SRI MURALI KRISHNA CONSTRUCTIONS
VEND_2BA11135,SHAM LAL GURPTA
VEND_F6AA4D7D,DSF ENTERPRISES
VEND_3536CB73,SARPANCH SACHIV GRAM PANCHAYAT SIRSAKHURD
VEND_DFF69170,SARPANCH SACHIV GRAM PANCHAYAT BORIGARKA
VEND_1EC9CFF1,GRAM PANCHAYAT BADMAR
VEND_239B1BB6,ANIL ELECTRICALS
VEND_B2DB79B1,CHANDRA R
VEND_70E0DBE3,VSS ENTERPRISES
VEND_E74006F2,LAKSHMIKANTH B T
VEND_D7159344,SAHADEV JANA
VEND_E934BE1A,GRAM PANCHAYAT KOLUKHEDIKALAN
VEND_4843D276,MS RANDHAWA INTERLOCK TILES
VEND_5B64B63E,LG ARASU
VEND_34FF9D37,YUG ENTERPRISE
VEND_DEB36AC4,TECHNICAL CONSULTANT OF LAMTAPUT BLOCK
VEND_556A136F,KUNAL CONSTRUCTION
VEND_09F555AD,M P AGRO DHAR
VEND_3325343F,SOHAL CEMENT STORE
VEND_91EA487C,MS TEJA SINGH PIPE FACTORY
VEND_1C3321BF,GRAM PANCHAYAT FATEHPUR JP BATIYAGAD
VEND_6B008F3C,GRAM PANCHAYAT PANARI BLOCK CHICHALI
VEND_94865BC6,CEO JP TONKKHAURD
VEND_9169177A,CEO SONKATCH
VEND_52F0C698,TE YELLOW CITY BUILDERS
VEND_BEA368A0,BHUKYA LAKSHMI
VEND_4D11E0C6,GRAM PANCHAYAT KHULARI BLOCK CHAWARPATHA
VEND_0CD5E35D,BRISTO SECURITY SYSTEM
VEND_766ABB3B,KHALSA TILES INDUSTRY
VEND_86697843,KHALSA BUILDING MATERIALS
VEND_A24F3228,MS JHINGER TILE FACTORY
VEND_765C22D2,GRAMPANCHAYAT SINDHPUR
VEND_C0C943A3,VENKAT PERUMAL SUBBIAH
VEND_5865F0C4,DEVRAJ SO KHAJAN CHAND
VEND_DDE40630,J AND T CONCRETE INDUSTRY
VEND_C78B7233,MITTAL PAVERS
VEND_DFE9B69F,G S TRADERS
VEND_5447EB08,GILL SANITARY AND BUILDING MATERIAL STORE
VEND_402B800B,PARAMHANS CEMENT AND IRON STORE
VEND_8388B797,BALJEET TRADERS
VEND_71646E9D,SANJEEV BRICKS FIELD
VEND_6246BFF7,GARG DHULA STORE
VEND_7D3512A1,SHRI GANPATI TILES
VEND_DD57547E,DANGIVADA GRAM PANCHAYAT
VEND_66491DF7,JETPUR GRAM PANCHAYAT
VEND_1E18CC5C,GRAM PANCHAYAT TUMBDIBOD
VEND_8A50DE45,MS AHUJA TRANSPORTS CO
VEND_18A90D78,SHRI SWASTIK BKO
VEND_687C7136,GRAM PANCHAYAT CHOPRA KHURD
VEND_DF1F617A,GRAM PANCHAYAT BARBANDHA
VEND_8375C319,GOPAL MINZ
VEND_B39AA14D,JAI SHIV TRADERS
VEND_C04E5EAB,HSD ASSOCIATE
VEND_1BC313EC,GRAMPANCHAYAT PARRIKHURD
VEND_6EF497A0,PRED BELLARY
VEND_EDCCB242,ANUPAMA KUMARI
VEND_CCBA1DDC,ASSISTANT ENGINEER BISFI VIDHAN SABHA
VEND_579AE64E,RAJAGOPALREDDY VEMANNA
VEND_7CBAF118,SAROJ KUMAR MOHANTY
VEND_D3D6EA0D,PONNIAMMAN ENTERPRISES
VEND_DBB655F2,SHIV SHAKTI HARDWARE STORE
VEND_0CD581BC,PARINATHAN
VEND_F086AAFA,PALLAVI HARSHAL DARADE
VEND_DE234761,KIRAT BUILDING MATERIAL
VEND_86F06C5F,THE SATHI COOPERATIVE LABOUR AND CONSTRUCTION SOCIETY LIMITED
VEND_09F93E87,MUNIAN VENKATESAN
VEND_A9063231,S M ENTERPRISE
VEND_B3927E7E,JAI MAA LAXMI TRADER
VEND_97831169,GS ANTTAL TRADING CO
VEND_66A58CF6,BAJIPURA GRAM PANCHAYAT
VEND_5183713A,THE CHAWINDA COOPRATIVE LABOUR AND CONSTRUCTION SOCIETY
VEND_1D4602CA,ARIHANT TRADERS
VEND_342813C3,SHARIKA ENTERPRISES LIMITED
VEND_9A9842B4,AK TRADERS
VEND_DFEEDFF3,DHARMINDER KUMAR BKO
VEND_5F580D8F,JAY SOMNATH ENTERPRISE
VEND_958E8FF9,PAVITHRA A
VEND_0401BA2F,HIRPURA GRAM PANCHAYAT
VEND_200C22DB,AARADHYA ENTERPRISES
VEND_597303B8,VAISHNO ELECTRICAL
VEND_1CEDD476,HAR ENTERPRISES
VEND_52B7CA4C,GUPTA STEEL CEMENT STORE
VEND_8EE16B0E,MS KAMLA RANI BKO
VEND_BFCD850A,ANNPURNA TRADING
VEND_9210B461,FARTIKUI GRAM PANCHAYAT
VEND_F4859E51,GANESHPURA JUTH GRAM PANCHAYAT
VEND_27C224DA,VASAIPURA GRAM PANCHAYAT
VEND_13504095,HANMANPURA GRAM PANCHAYAT
VEND_8FF5E379,VINIT KUMAR
VEND_AC7FCDFF,GLOBAL LOGISTICS AND SUPPLIER
VEND_973245B8,AINISH CONSTRUCTIONS PRIVATE LIMITED
VEND_EA8EB677,BANSAL CEMENT AND SANITARY STORE
VEND_C7E1CC10,PRINCE STEELS
VEND_36E468B6,KALRA IRON AND TIMBER STORE
VEND_44E717AB,KHALSA ENGINEERS ANF ASSOCIATES
VEND_18FDA903,AAS ENTERPRISES
VEND_72F6AC53,CHAPPIDI NARESH
VEND_45C13209,RMK ENTERPRISES
VEND_8FDB8F80,NIRBHAI CEMENT AND AGRICULYURE WORKS
VEND_2B45577A,JOGINDER CEMENT STORE
VEND_367DEE1A,SHRI RAM TRADING CO
VEND_DF38A761,M H BRICKS
VEND_B1F35B89,AM INDUSTRIES BHAWANIGARH
VEND_59BACE5A,TOTU GRUP GRAM PANCHAYAT
VEND_231E050B,AAKRATI CONTRUCTION PROP VISHAL TRIWEDI
VEND_5E08BDE2,BAJRANG ENTERPRISES RAKESH SINGH
VEND_AB41DC77,MS KAWYA CONSTRUCTION
VEND_720BB9E6,VIJAYAN S
VEND_CD01A94F,R A KARMIKA
VEND_5C83791E,NEHA KUMARI
VEND_5D3ED554,PINNACLE INDIA TRADERS
VEND_CACDFF5B,GARG GRAM UDYOG SAMITI
VEND_35E28727,KRISHNA ELECTRIC STORE
VEND_28CDC5B7,SAMINATHAN
VEND_3F973F0A,PONMURUGAN
VEND_7C91B3BD,PARAS BRICKS INDUSTRY
VEND_DBE08745,RAMJI DASS BANSAL SONS
VEND_EC274842,GLOBAL INFRATECH
VEND_725C1996,SHIV SHARAN
VEND_D77FCD5E,GILL RO SYSTEMS
VEND_07D2FBF4,MANDEEP NATT ENTERPRISES
VEND_CEC28A20,GRAM PANCHAYAT VADLA
VEND_FCAEB47B,KHARVA GRAM PANCHAYAT
VEND_B1C2F621,VISHKARMA CEMENT STORE
VEND_F60CE674,EXCEL CONSTRUCTION
VEND_251899FA,ISHWAR STEEL INDUSTRIES
VEND_CE67F876,KHALSA TILES INDUSTRIES
VEND_7890078B,NARESH HARDWARE STORE
VEND_1FDE6123,DINESH CHANDR SINGH
VEND_3E32F264,MFD INDUSTRIES
VEND_E335C874,MADHUMITA MANDAL
VEND_D19E25DA,N R INDUSTRIES
VEND_57AB18A0,DAVINDRA CEMENT AGENCY
VEND_732D9F3A,RK ENTERPRISES
VEND_548B5607,JUVAL RUPAVATI GRAM PANCHAYAT
VEND_53FED4CF,J S INFRATECH
VEND_B48619CA,JAY MAHAVEER INFRAVENTURE PRIVATE LIMITED
VEND_192786C2,GOVIND PIPES
VEND_0B179B23,GVA BOTTLES AND TINS
VEND_78E2346E,SARSA GRAM PANCHAYAT
VEND_B4552B02,PUNITH R
VEND_DF5DD619,GRAM PANCHAYAT TABBA
VEND_9576AE46,ASST ENG BENIPATTI VIDHANSABHA
VEND_44658A76,R M CONSTRUCTIONS
VEND_386342AF,MEDICA ENTERPRISES
VEND_8A8BF457,PANNU BRICKS GRAM UDYOG SAMITI
VEND_6AF83332,SRINIVASA ROWLO
VEND_F99A47FB,SHREE GURU RAM DASS AUTO SALES
VEND_394EC79F,RESHAM DASS
VEND_E4677F6F,SLEEM
VEND_880ED2D6,GURU GOBIND IRON STORE
VEND_DFA02E39,TATA MOTORS
VEND_1BFB71F7,BANSAL TRADERS
VEND_707036FA,ASSSISTANT ENGINEER GDZP II
VEND_663F54E2,ASSISTANT ENGINEER BAGAHA LEGISLATIVE
VEND_F4CFC6C7,ASSISTANT ENGINEER MPLADS RAMNAGAR
VEND_E0666886,ASSISTANT ENGINEER PATNA SAHIB
VEND_77F91DD7,ASSISTANT ENGINEER MPLADS VALMIKINAGAR
VEND_D3AD4475,AYESHA CONSTRUCTION
VEND_4872137F,MR ABHINAY GOUD DURKI
VEND_A8AB506A,GANAPATHY
VEND_390D8E0F,ASSISTANT ENGINEER KAHALGAON
VEND_E0590B9A,ASSISTANT ENGINEER PIRPAINTI
VEND_992B4CCD,ASSISTANT ENGINEER GOPALPUR
VEND_22180801,KRS ENTERPRISES
VEND_9ECB9B4C,ASSISTANT ENGINEER KUMHARAR
VEND_B5059CFB,PAWAN KUMAR SHAM LAL
VEND_02A9AE26,GOYAL IRON STORE
VEND_2213097A,MALKIAT SINGH
VEND_DFA3FCB5,BS ENTERPRISES
VEND_785E639E,GRAM PANCHAYAT TECHNICAL ASSISTANT NANDAPUR BLOCK
VEND_2ABF28F0,KARTAR IRON STORE
VEND_8AE8075F,MULAKH RAJ KATARIA
VEND_7430AEE4,PARTAP SINGH ENTERPRISES
VEND_1E7D9050,FRIENDS TILE INDUSTRY
VEND_8FFF85B6,BANDARU SATYANARAYANA
VEND_8C71A542,SUMIT MATHUR
VEND_1AAC3C95,GANESHPURA KALRI GRAM PANCHAYAT
VEND_26A1FF75,DURGA PRASAD DALAI
VEND_6AFEE32E,MUKESH MAHATO
VEND_8E3097B5,STAR ELECTRO WORLD
VEND_0BF105FF,GRAM PANCHAYAT BANSAJHAL
VEND_4F189CC9,ASSISTANT ENGINEER NARKATIYAGINJ
VEND_D5D1FFDF,ASSISTANT ENGINEER LAURIYA
VEND_5F604DA2,ASSISTANT ENGINEER SIKTA
VEND_DC81192B,MADHUBANI VIDHAN SABHA
VEND_DEB12590,SADHANA INFRA CONSTRUCTION
VEND_BB6B4390,DES RAJ DHINGRA AND CO
VEND_D6D2BE1C,JAI INTERLOCK AND BUILDING MATERIAL STORE
VEND_AEA171A9,PUNEET IRON STORE
VEND_3BAB21FC,MS KRISHAN KUMAR BKO
VEND_A0CA1C23,MAHESHKUMAR NARANBHAI VANOL
VEND_785408D7,SAHAYAK ABHIYANTA BABUBARHI VIDHAN SABHA
VEND_7C83409C,GURDHIYAN SINGH
VEND_F15652DC,SHREE VISHWAKARMA RCC PIPES AND PAVERS
VEND_41E44ECC,B THIRUPATHI REDDY
VEND_5DF2463F,MS SHARMA BROCK TECH
VEND_7B56C4CF,DHANJIBHAI VITHALBHAI ZAPADIYA
VEND_9913121A,ASSISTANT ENGINEER ALAULI
VEND_11BF9BB7,ASSISTANT ENGINEER ASSEMBLY BELDOUR
VEND_0AF5163F,ASSISTANT ENGINEER KHAGARIA
VEND_90237459,BHARGAV CONTRACTORS
VEND_A3CBE968,MODERN ENGINEERING WORKS
VEND_77509863,MR BALWINDER
VEND_74E8B043,FAUJI CEMENT STORE
VEND_BA98C5F2,RAK INDUSTRIES
VEND_E5EECC65,VIJAY BAJETHA
VEND_8376440F,VARINDER KUMAR SOOD
VEND_CDEC3694,PAYARA SINGH RAJINDER SINGH
VEND_BEEB08F3,SABHARI ELECTICALS
VEND_104F9A13,VARENA BORTIMBA GRAM PAN
VEND_E6BCDE25,ASSISTANT ENGINEER LAEO VSK NAWADA
VEND_CB31B7BC,AMRUT ENTERPRISE
VEND_5E59687B,MANOJ RATILAL SAGAR
VEND_F15F6FD5,MAHADEV CONSTRUCTION
VEND_F06CD884,MARUTI TRADERS
VEND_9A769157,KAMLESH KUBERBHAI CHAVDA
VEND_79F2C263,VALLI SARAVAN CONSTRUCTION
VEND_729871A6,VANSOLI GRAM PANCHAYAT
VEND_7B3A8023,AMAR NATH BAGLI KALAN
VEND_B38112FE,RUDAN GRAM PANCHAYAT
VEND_2E975261,KANIJ GRAM PANCHAY
VEND_78DD3738,KUNA GRAM PANCHAYAT
VEND_8669ED2E,MS LOVELY ENTERPRISES
VEND_55FDA762,ASSISTANT ENGINEER DIGHA
VEND_4685B7E6,ASSISTANT ENGINEER BAKHTIYAPUR
VEND_951BD259,ASSISTANT ENGINEER FATUHA
VEND_3F8DB191,ASSISTANT ENGINEER BANKIPUR
VEND_07D97A9B,GRAMPNACHYAT SADANAPURA
VEND_5BB95A5E,NARAYAN MAHATO
VEND_F51F4D07,G AND D TRADERS
VEND_8110A1E6,AASTHA CONSTRUCTION
VEND_20067EF3,NAPADVANTA GRAM PANCHYAT
VEND_41D4B931,AGGARWAL TRADERS
VEND_0DBB68E7,SAMARKHA GRAM PANCHAYAT
VEND_81F09E0A,MODERN PAVER INDUSTRIES
VEND_7A90CFA9,SR ENGINEERING INDUSTRIES
VEND_57AC668E,BECHARPURA GRAM PANCHAYAT
VEND_05CC019D,KARTAR BUILDING MATERIAL STORE
VEND_73C4BF55,BHANDU GRAM PANCHAYAT
VEND_C0F446D2,G R ENTERPRICES
VEND_1935BC1C,VIKRANT CEMENT STORE
VEND_14857A26,MS SALONI ENTERPRISES
VEND_F6868667,ALLUMINA ELECTRONICS
VEND_6A3354FD,PARKASH IRON STORE
VEND_D50F5A81,GURU HARGOBIND SAHIB BRICKS UDYOG
VEND_212EE194,SS TRADING COMANY
VEND_6D6502FD,HARNOOR BUILDING MATERIAL
VEND_4BA01058,GRAM PANCHAYAT GUDELIYA
VEND_A23E138F,ASSISTANT ENGINEER SULTANGANJ
VEND_0FBFA673,MP AGRO BIAORA
VEND_60792CCE,JANPAD PANCHAYT MAHESHAWAR
VEND_1E5745E0,GRAM PANCHAYAT SINDHODA
VEND_518691D0,HIMANSHU SONWANI
VEND_F175CD92,INFO TECH CORPORATION OF LIMITED
VEND_EDBA7135,INDIAN RED CROSS SOCIETY REWA
VEND_F2CABAC9,VISHNUPRIYA CONSTRUCTION REWA
VEND_3549EAE5,SHREE VISHNU TRADERS
VEND_980D47EB,GP CHANDRAUTI
VEND_885D63B2,SARPANCH GRAM PANCHYAT PAHANDA A
VEND_C3F749DC,JANPAD PANCHAYAT KASRAWAD
VEND_CE315008,JANPAD PANCHAYT KHARGONE
VEND_355D069C,MP AGRO
VEND_E39546A5,GP SAGONIYA JP SANCHI
VEND_AFDFEF92,GP SIMARIYAKHURD JP SILWANI
VEND_A6952BC3,GP BHOJPUR JP OBEDULLAGANJ
VEND_FAED0132,GRAM PANCHAYAT KOTMI
VEND_2AF015FC,GRAM PANCHAYAT TARAWALIKHURD
VEND_AEC14AC9,NEELKANTH TRADERS AND SUPPLIERS
VEND_978E5CF9,GRAM PANCHAYAT DUAR
VEND_70F98D35,CEO JANPAD PANCHAYAT DEWAS
VEND_767AB6A1,GK ENTERPRISES
VEND_5888DD93,DEDARADA GRAM PANCHAYAT
VEND_23322D63,UNITED GROUP OF CONSTRUCTION
VEND_3BCFA841,ASSISTANT ENGINEER GDZP I
VEND_B930752F,ELECTROMECH ENTERPRIES
VEND_30E81497,ZAKHMI SCIENCE AND SPORTS GOODS
VEND_BFA2CCE4,SHREENATH PRASAD
VEND_D21D75CD,CEO JANPAD PANCHAYAT PONDI UPRORA
VEND_0A05949F,JANAPAD PANCHAYAT BARWANI
VEND_75611F6B,HIDAYA QIRAT ENTERPRISES
VEND_13500EBA,PANNALA NALINI
VEND_24166AB0,R K CONSTRUCTION
VEND_94142939,ALAM ENTERPRISE
VEND_E025EA8F,DCM INFRASTRUCTURE
VEND_EC8D24FA,SHRI GANESH ASSOCIATES PROPRIETOR NARAYAN SHARMA
VEND_9E921411,ASSISTANT ENGINEER LAUKAHA VIDHANSABHA
VEND_1550B67A,ASSISTANT ENGINEER RAJNAGAR VIDHANSABHA
VEND_9BD8A477,SAHAYAK ABHIYANTA KUDHANI VIDHANSABHA KSHETRA
VEND_F9BC1D9E,SAHAYAK ABHIYANTA KANTI VIDHANSABHA
VEND_66B296A2,SANGAMESHWARA HEALTH AIDS AND SURGICAL AGENCIES
VEND_28EF96CB,SANTOSH KUMAR TAMRKAR
VEND_7D6FF531,BIOLUNAR ENERGY SOLUTION
VEND_6D26EC19,ASSISTANT ENGINEER SASARAM
VEND_E7F1F864,GRAM PANCHAYAT KHOUNA
VEND_343064C9,GRAM PANCHAYAT JANJGIRA
VEND_9A86A501,GRAM PANCHAYAT KURRA
VEND_EE7B855E,GRAM PANCHAYAT GHOGRE
VEND_21247192,GRAM PANCHAYAT JAITGUDRA
VEND_51FBE6E5,PRATIKSHYA CONSTRUCTION
VEND_77688AFE,RANJIT SALES CORPORATION
VEND_BC6357E4,FORCE MOTORS LIMITED
VEND_2C0E5A26,OTTO BOCK HEALTHCARE INDIA PVT LTD
VEND_5398B5AC,NAGAR PALIKA PARISHAD BARWANI
VEND_72082C35,NITIN KUMAR VERMA
VEND_2DCA628F,SWATANTRA ENTERPRISES
VEND_483F4C85,VILLAGE PANCHAYAT KASBARA
VEND_F39F1EEC,VILLAGE PANCHAYAT SANTH
VEND_CF1EB780,VILLAGE PANCHAYAT PACHEGAM
VEND_4F69F677,VILLAGE PANCHAYAT KHAKHSAR
VEND_3F79261B,VILLAGE PANCHAYAT VARSADA
VEND_C0524E51,VILLAGE PANCHAYAT KHANPUR
VEND_9DAC0168,VILLAGE PANCHAYAT REL
VEND_A67538F9,S S AGRICULTURE INDUSTRIES
VEND_79E70E2E,SIGMA ENTERPRISES
VEND_16BADA61,SRI MANIKANTA ENTERPRISES PRO
VEND_2CDFD330,ARUNODAY PRAKASHAN
VEND_16392BA0,RIVINA CONSTRUCTION
VEND_5ACE0B38,JANPAD PANCHAYAT THIKRI
VEND_4F46C6FC,YASHODA R
VEND_F05BCF7C,JANPAD PANCHAYAT RAJPUR
VEND_47359733,NAGAR PALIKA PARISHAD SENDHWA
VEND_4ED5AE62,KARTHICK PRATHAP
VEND_4ACE2ADF,NEW JANHIT SEVA SAMITI
VEND_B74D43BD,JAMMU CEMENT STORE
VEND_89BB56B9,SUN ENTERPRISES
VEND_CC427EA8,BIHARI JI MAHADEV ASSOCIATES
VEND_6ABD1A11,GRAM PANCHAYAT GOVINDA SAANSAD MAD
VEND_18139748,GUNASHEELAN P
VEND_D5577D8C,SARAPNCH SACHIV GRAM PANCHAYAT PAUWARA
VEND_984F5377,LILVARAM PATEL
VEND_325E977E,GP RASIDPUR JP GAIRATGANJ
VEND_97C8C5C2,GP BORAS JP UDAIPURA
VEND_1C991285,SAI IT SYSTEMS
VEND_38E1C783,SRINIVAS CHILLAMCHARLA
VEND_CD36387F,RAJ CUNSTRUCTION AND SUPPLIER
VEND_1A93A635,RANA CONSTRUCTION
VEND_D15ACC80,SARPANCH GRAM PANCHAYAT BATHENA
VEND_E881A0E6,SARPANCH GRAM PANCHYAT DEWADA
VEND_FE73CC4B,SARPANCH GRAM PANCHYAT MANIKCHAURI
VEND_84E24702,SARPANCH GRAM PANCHYAT PANDAR
VEND_963954A4,MIDHUN MATHEW
VEND_48197CDD,SARPANCH GRAM PANCHYAT SIPKONHA
VEND_461A4D4F,SARPANCH GRAM PANCHYAT KIKIRMETA
VEND_FC50E09E,JANPAD PANCHAYAT PANSEMAL
VEND_6B97C98A,JOHNSON JOSE
VEND_5DB90D46,SARPANCH GRAM PANCHYAT RAVELI
VEND_D808B18B,SARPANCH GRAM PANCHYAT GABDI
VEND_9CF574B6,SARPANCH GRAM PANCHYAT CHANGORI
VEND_87D090A3,SARPANCH GRAM PANCHYAT KHOLA
VEND_CD1F6E5D,GRAM PANCHAYAT KACHNARIYA
VEND_BC646EBF,VEENA CONSTRUCTIONS
VEND_BFE6505E,GAMBHU GRAM PANCHAYAT 14TH FINANCE COMMISSION
VEND_ACB603FC,SARPANCH GRAM PANCHAYAT TARRA
VEND_F8EDEA72,PUNA IRON INDUSTRIES
VEND_9E8C5BCB,D T CONTRACTOR
VEND_404FBC81,MP STATE AGRO VIDISHA
VEND_F9538012,VIJAYALAKSHMI BORE WELLS
VEND_8D40583A,UMA MAHESWARA TUBE WELLS KURNOOL
VEND_6BDF1181,SRI VINAYAKA ROCK DRILLS KURNOOL
VEND_DDD60412,NAV RATTAN INDUSTRY
VEND_BBFF3597,MALHAR BUILDING MATERIAL SUPPLIERS
VEND_86F52F36,R R BUILDERS
VEND_B47A1D76,BALVIR AGRICULTURE CORPORATION
VEND_20DA6398,PARAMOUNT EQUIPMENTS
VEND_E2C96649,GRAM PANCHAYAT KOHKA
VEND_254E7DB7,ASSISTANT ENGINEER NATHNAGAR
VEND_E6A7BD27,ASSISTANT ENGINEER BHAGALPUR
VEND_AA002E71,TAMILNADU CONSTRUCTION LABOUR WELFARE BOARD
VEND_CA28ABB8,GRAM PATHRAUDA
