duplicate_id,layer_type,canonical_work_id,vendor_name,amount_inr,transaction_date,rate_card_baseline_flag,contextual_validation_notes,severity,status
DUP_EXACT_WS/MP18104/2025-2026/213696_75000,EXACT,WS/MP18104/2025-2026/213696,SACHIV GRAM PANCHAYAT KULAMADI,75000.0,,True,Rate-Card Baseline detected (Statutory Rate),MEDIUM,LEGITIMATE_RATE_CARD
DUP_EXACT_WS/MP18100/2025-2026/249986_120000,EXACT,WS/MP18100/2025-2026/249986,SARPANCH GRAM PANCHAYAT   KERIYA,120000.0,,True,Rate-Card Baseline detected (Statutory Rate),MEDIUM,LEGITIMATE_RATE_CARD
DUP_EXACT_WS/MP18314/2026-2027/268676_49200,EXACT,WS/MP18314/2026-2027/268676,MS SHERPUR BRICK KILN,49200.0,,True,Rate-Card Baseline detected (Statutory Rate),MEDIUM,LEGITIMATE_RATE_CARD
DUP_EXACT_WS/MP716/2025-2026/203943_38104,EXACT,WS/MP716/2025-2026/203943,JR INDUSTRIES,38104.0,,False,Work+Vendor+Amount+Date exact match,CRITICAL,NEW
DUP_EXACT_WS/MP18311/2024-2025/143656_49700,EXACT,WS/MP18311/2024-2025/143656,PUNJAB CEMENT AND IRON STORE,49700.0,,True,Rate-Card Baseline detected (Statutory Rate),MEDIUM,LEGITIMATE_RATE_CARD
DUP_EXACT_WS/MP18311/2024-2025/143656_49000,EXACT,WS/MP18311/2024-2025/143656,PUNJAB CEMENT AND IRON STORE,49000.0,,True,Rate-Card Baseline detected (Statutory Rate),MEDIUM,LEGITIMATE_RATE_CARD
DUP_EXACT_WS/MP18311/2024-2025/143656_40000,EXACT,WS/MP18311/2024-2025/143656,PUNJAB CEMENT AND IRON STORE,40000.0,,True,Rate-Card Baseline detected (Statutory Rate),MEDIUM,LEGITIMATE_RATE_CARD
DUP_EXACT_WS/MP18048/2025-2026/200477_450000,EXACT,WS/MP18048/2025-2026/200477,SARPANCHGRAM PANCHAYAT GADIYA,450000.0,,True,Rate-Card Baseline detected (Statutory Rate),MEDIUM,LEGITIMATE_RATE_CARD
DUP_EXACT_WS/MP356/2025-2026/225529_75000,EXACT,WS/MP356/2025-2026/225529,CEO JANPAD PANCHAYAT SITAMAU,75000.0,,True,Rate-Card Baseline detected (Statutory Rate),MEDIUM,LEGITIMATE_RATE_CARD
DUP_EXACT_WS/MP533/2025-2026/226046_500000,EXACT,WS/MP533/2025-2026/226046,SUBANSIRI TRADERS ZIRO,500000.0,,True,Rate-Card Baseline detected (Statutory Rate),MEDIUM,LEGITIMATE_RATE_CARD
DUP_EXACT_WS/MP533/2025-2026/226046_250000,EXACT,WS/MP533/2025-2026/226046,SUBANSIRI TRADERS ZIRO,250000.0,,True,Rate-Card Baseline detected (Statutory Rate),MEDIUM,LEGITIMATE_RATE_CARD
DUP_EXACT_WS/MP18024/2026-2027/207563_21300,EXACT,WS/MP18024/2026-2027/207563,RAJKUMAR DUARAH,21300.0,,False,Work+Vendor+Amount+Date exact match,CRITICAL,NEW
DUP_EXACT_WS/MP568/2024-2025/161396_200000,EXACT,WS/MP568/2024-2025/161396,SARPACH SACHIV GP PADMI,200000.0,,True,Rate-Card Baseline detected (Statutory Rate),MEDIUM,LEGITIMATE_RATE_CARD
DUP_EXACT_WS/MP18104/2026-2027/288543_80000,EXACT,WS/MP18104/2026-2027/288543,SARPANCH GRAM PANCHAYAT SHIVPUR,80000.0,,True,Rate-Card Baseline detected (Statutory Rate),MEDIUM,LEGITIMATE_RATE_CARD
DUP_EXACT_WS/MP18357/2025-2026/191783_500000,EXACT,WS/MP18357/2025-2026/191783,GRAM PANCHAYAT SHERGARH,500000.0,,True,Rate-Card Baseline detected (Statutory Rate),MEDIUM,LEGITIMATE_RATE_CARD
DUP_EXACT_WS/MP18102/2025-2026/182464_250000,EXACT,WS/MP18102/2025-2026/182464,GRAM PANCHAYAT PATHAMOTI JANPAD PANCHAYAT UMARBAN,250000.0,,True,Rate-Card Baseline detected (Statutory Rate),MEDIUM,LEGITIMATE_RATE_CARD
DUP_EXACT_WS/MP18137/2025-2026/157803_150000,EXACT,WS/MP18137/2025-2026/157803,JIEDKUPAR KHARMAW,150000.0,,True,Rate-Card Baseline detected (Statutory Rate),MEDIUM,LEGITIMATE_RATE_CARD
DUP_EXACT_WS/MP18328/2024-2025/148190_500000,EXACT,WS/MP18328/2024-2025/148190,GP MANALI,500000.0,,True,Rate-Card Baseline detected (Statutory Rate),MEDIUM,LEGITIMATE_RATE_CARD
DUP_EXACT_WS/MP18049/2025-2026/234747_400000,EXACT,WS/MP18049/2025-2026/234747,GRAM PANCHAYAT TORLA,400000.0,,True,Rate-Card Baseline detected (Statutory Rate),MEDIUM,LEGITIMATE_RATE_CARD
DUP_EXACT_WS/MP18048/2025-2026/209924_425000,EXACT,WS/MP18048/2025-2026/209924,SARPACH GRAM PANCHYAT MURKINAR,425000.0,,True,Rate-Card Baseline detected (Statutory Rate),MEDIUM,LEGITIMATE_RATE_CARD
DUP_EXACT_WS/MP18104/2024-2025/153170_25000,EXACT,WS/MP18104/2024-2025/153170,GRAM PANCHAYAT RICHHEDA,25000.0,,True,Rate-Card Baseline detected (Statutory Rate),MEDIUM,LEGITIMATE_RATE_CARD
DUP_EXACT_WS/MP18158/2025-2026/232705_34500,EXACT,WS/MP18158/2025-2026/232705,GURU NANAK CEMENT STORE,34500.0,,True,Rate-Card Baseline detected (Statutory Rate),MEDIUM,LEGITIMATE_RATE_CARD
DUP_EXACT_WS/MP18069/2025-2026/216982_100000,EXACT,WS/MP18069/2025-2026/216982,BDO NAGROTA BAGWAN,100000.0,,True,Rate-Card Baseline detected (Statutory Rate),MEDIUM,LEGITIMATE_RATE_CARD
DUP_EXACT_WS/MP18328/2025-2026/196712_100000,EXACT,WS/MP18328/2025-2026/196712,GRAM PANCHAYAT NATNED,100000.0,,True,Rate-Card Baseline detected (Statutory Rate),MEDIUM,LEGITIMATE_RATE_CARD
DUP_EXACT_WS/MP18137/2025-2026/162005_75000,EXACT,WS/MP18137/2025-2026/162005,JOHN MARBIN KHARUMNUID,75000.0,,True,Rate-Card Baseline detected (Statutory Rate),MEDIUM,LEGITIMATE_RATE_CARD
DUP_EXACT_WS/MP654/2025-2026/230682_500000,EXACT,WS/MP654/2025-2026/230682,GRAM KOSH NEGAI,500000.0,,True,Rate-Card Baseline detected (Statutory Rate),MEDIUM,LEGITIMATE_RATE_CARD
DUP_EXACT_WS/MP18233/2025-2026/256237_365087,EXACT,WS/MP18233/2025-2026/256237,PRAYAG ENTERPRISES,365087.0,,False,Work+Vendor+Amount+Date exact match,CRITICAL,NEW
DUP_EXACT_WS/MP719/2025-2026/257060_11050,EXACT,WS/MP719/2025-2026/257060,RAMPRASAD,11050.0,,True,Rate-Card Baseline detected (Statutory Rate),MEDIUM,LEGITIMATE_RATE_CARD
DUP_EXACT_WS/MP18109/2025-2026/244420_99900,EXACT,WS/MP18109/2025-2026/244420,GRAM PANCHAYAT TENDUHA NO 1,99900.0,,True,Rate-Card Baseline detected (Statutory Rate),MEDIUM,LEGITIMATE_RATE_CARD
DUP_EXACT_WS/MP18354/2025-2026/177631_248944,EXACT,WS/MP18354/2025-2026/177631,GHANSHYAM DAS AGRAWAL,248944.0,,False,Work+Vendor+Amount+Date exact match,CRITICAL,NEW
DUP_EXACT_WS/MP18260/2025-2026/191703_41344,EXACT,WS/MP18260/2025-2026/191703,ABDUL GANI KOKA,41344.0,,False,Work+Vendor+Amount+Date exact match,CRITICAL,NEW
DUP_EXACT_WS/MP18102/2025-2026/233973_400000,EXACT,WS/MP18102/2025-2026/233973,GRAM PANCHAYAT AMJHERA JANPAD PANCHAYAT SARDARPUR,400000.0,,True,Rate-Card Baseline detected (Statutory Rate),MEDIUM,LEGITIMATE_RATE_CARD
DUP_EXACT_WS/MP18060/2025-2026/230498_28514,EXACT,WS/MP18060/2025-2026/230498,THE SARSWAL COOP L AND C SOCIETY LTD,28514.0,,False,Work+Vendor+Amount+Date exact match,CRITICAL,NEW
DUP_EXACT_WS/MP356/2025-2026/253031_500000,EXACT,WS/MP356/2025-2026/253031,MALVI JINGER MOCHI SAMAJ KALYAN SAMITI,500000.0,,True,Rate-Card Baseline detected (Statutory Rate),MEDIUM,LEGITIMATE_RATE_CARD
DUP_EXACT_WS/MP18138/2025-2026/246652_490000,EXACT,WS/MP18138/2025-2026/246652,MUP VAIVAKAWN,490000.0,,True,Rate-Card Baseline detected (Statutory Rate),MEDIUM,LEGITIMATE_RATE_CARD
DUP_EXACT_WS/MP18104/2025-2026/174713_50000,EXACT,WS/MP18104/2025-2026/174713,GP CHHAWARA JP BADI,50000.0,,True,Rate-Card Baseline detected (Statutory Rate),MEDIUM,LEGITIMATE_RATE_CARD
DUP_EXACT_WS/MP18109/2026-2027/247523_100000,EXACT,WS/MP18109/2026-2027/247523,GRAM PANCHAYAT OBARHA JANPAD PANCHAYAT SIDHI,100000.0,,True,Rate-Card Baseline detected (Statutory Rate),MEDIUM,LEGITIMATE_RATE_CARD
DUP_EXACT_WS/MP18137/2025-2026/250842_150000,EXACT,WS/MP18137/2025-2026/250842,ALVIN JONES NONGKHLAW,150000.0,,True,Rate-Card Baseline detected (Statutory Rate),MEDIUM,LEGITIMATE_RATE_CARD
DUP_EXACT_WS/MP716/2025-2026/203954_45840,EXACT,WS/MP716/2025-2026/203954,JK INDUSTRIES,45840.0,,True,Rate-Card Baseline detected (Statutory Rate),MEDIUM,LEGITIMATE_RATE_CARD
DUP_EXACT_WS/MP429/2026-2027/295384_145000,EXACT,WS/MP429/2026-2027/295384,CEO JANPAD KATGHORA,145000.0,,True,Rate-Card Baseline detected (Statutory Rate),MEDIUM,LEGITIMATE_RATE_CARD
DUP_EXACT_WS/MP18050/2025-2026/266345_750000,EXACT,WS/MP18050/2025-2026/266345,SARPANCH GRAM PANCHAYAT PIPROUD,750000.0,,True,Rate-Card Baseline detected (Statutory Rate),MEDIUM,LEGITIMATE_RATE_CARD
DUP_EXACT_WS/MP638/2026-2027/235940_103819,EXACT,WS/MP638/2026-2027/235940,GRAM PANCHAYAT TILA,103819.0,,True,Rate-Card Baseline detected (Statutory Rate),MEDIUM,LEGITIMATE_RATE_CARD
DUP_EXACT_WS/MP428/2026-2027/275135_250000,EXACT,WS/MP428/2026-2027/275135,GRAM PANCHAYAT KUMHAR DANIYA,250000.0,,True,Rate-Card Baseline detected (Statutory Rate),MEDIUM,LEGITIMATE_RATE_CARD
DUP_EXACT_WS/MP428/2026-2027/275127_250000,EXACT,WS/MP428/2026-2027/275127,GRAM PANCHAYAT BACHEDI,250000.0,,True,Rate-Card Baseline detected (Statutory Rate),MEDIUM,LEGITIMATE_RATE_CARD
DUP_EXACT_WS/MP465/2025-2026/189652_120000,EXACT,WS/MP465/2025-2026/189652,DEEPA SURGICAL,120000.0,,True,Rate-Card Baseline detected (Statutory Rate),MEDIUM,LEGITIMATE_RATE_CARD
DUP_EXACT_WS/MP18138/2026-2027/262208_745000,EXACT,WS/MP18138/2026-2027/262208,BETHLEHEM VENGTHLANG LOCAL COUNCIL,745000.0,,False,Work+Vendor+Amount+Date exact match,CRITICAL,NEW
DUP_EXACT_WS/MP728/2025-2026/192099_11115,EXACT,WS/MP728/2025-2026/192099,VIJENDRA KUMAR,11115.0,,True,Rate-Card Baseline detected (Statutory Rate),MEDIUM,LEGITIMATE_RATE_CARD
DUP_EXACT_WS/MP18067/2025-2026/193196_49560,EXACT,WS/MP18067/2025-2026/193196,MS SANJAY CONSTRUCTION KHARAK BAINSI MEHAM,49560.0,,True,Rate-Card Baseline detected (Statutory Rate),MEDIUM,LEGITIMATE_RATE_CARD
DUP_EXACT_WS/MP18067/2025-2026/193196_47554,EXACT,WS/MP18067/2025-2026/193196,MS SANJAY CONSTRUCTION KHARAK BAINSI MEHAM,47554.0,,False,Work+Vendor+Amount+Date exact match,CRITICAL,NEW
DUP_EXACT_WS/MP716/2025-2026/203951_9637,EXACT,WS/MP716/2025-2026/203951,KARAMJEET KAUR,9637.0,,True,Rate-Card Baseline detected (Statutory Rate),MEDIUM,LEGITIMATE_RATE_CARD
DUP_EXACT_WS/MP18309/2026-2027/288790_335000,EXACT,WS/MP18309/2026-2027/288790,MARWARI YUVA MANCH,335000.0,,False,Work+Vendor+Amount+Date exact match,CRITICAL,NEW
DUP_EXACT_WS/MP716/2025-2026/203945_48705,EXACT,WS/MP716/2025-2026/203945,MS SIKANDER INDUSTRIES,48705.0,,False,Work+Vendor+Amount+Date exact match,CRITICAL,NEW
DUP_EXACT_WS/MP18309/2026-2027/287993_300000,EXACT,WS/MP18309/2026-2027/287993,DILSENG A SANGMA,300000.0,,True,Rate-Card Baseline detected (Statutory Rate),MEDIUM,LEGITIMATE_RATE_CARD
DUP_EXACT_WS/MP18309/2026-2027/288127_100000,EXACT,WS/MP18309/2026-2027/288127,JAMINDRO R MARAK,100000.0,,True,Rate-Card Baseline detected (Statutory Rate),MEDIUM,LEGITIMATE_RATE_CARD
DUP_EXACT_WS/MP18025/2026-2027/280735_74919,EXACT,WS/MP18025/2026-2027/280735,OM ENTERPRISE,74919.0,,False,Work+Vendor+Amount+Date exact match,CRITICAL,NEW
DUP_EXACT_WS/MP18260/2025-2026/251565_50000,EXACT,WS/MP18260/2025-2026/251565,EXECUTIVE ENGINEER R B BUDGAM,50000.0,,True,Rate-Card Baseline detected (Statutory Rate),MEDIUM,LEGITIMATE_RATE_CARD
DUP_EXACT_WS/MP18155/2025-2026/247632_32000,EXACT,WS/MP18155/2025-2026/247632,MS BADYAL BROTHERS CEMENT STORE,32000.0,,True,Rate-Card Baseline detected (Statutory Rate),MEDIUM,LEGITIMATE_RATE_CARD
DUP_EXACT_WS/MP18158/2026-2027/279021_45840,EXACT,WS/MP18158/2026-2027/279021,SD TILE AND ANDUSTRIES,45840.0,,True,Rate-Card Baseline detected (Statutory Rate),MEDIUM,LEGITIMATE_RATE_CARD
DUP_EXACT_WS/MP716/2025-2026/226780_43750,EXACT,WS/MP716/2025-2026/226780,KUNDANAM INDUSTRIES,43750.0,,False,Work+Vendor+Amount+Date exact match,CRITICAL,NEW
DUP_EXACT_WS/MP18314/2025-2026/219729_68400,EXACT,WS/MP18314/2025-2026/219729,SANGRUR TILES,68400.0,,True,Rate-Card Baseline detected (Statutory Rate),MEDIUM,LEGITIMATE_RATE_CARD
DUP_EXACT_WS/MP18155/2025-2026/243490_31000,EXACT,WS/MP18155/2025-2026/243490,LAHORI RAM,31000.0,,True,Rate-Card Baseline detected (Statutory Rate),MEDIUM,LEGITIMATE_RATE_CARD
DUP_EXACT_WS/MP380/2025-2026/205836_32000,EXACT,WS/MP380/2025-2026/205836,VARDHAN ENTERPRISE,32000.0,,True,Rate-Card Baseline detected (Statutory Rate),MEDIUM,LEGITIMATE_RATE_CARD
DUP_EXACT_WS/MP18161/2025-2026/227379_3705,EXACT,WS/MP18161/2025-2026/227379,RAVINDRA,3705.0,,True,Rate-Card Baseline detected (Statutory Rate),MEDIUM,LEGITIMATE_RATE_CARD
DUP_EXACT_WS/MP18161/2025-2026/227379_9100,EXACT,WS/MP18161/2025-2026/227379,RAVINDRA,9100.0,,True,Rate-Card Baseline detected (Statutory Rate),MEDIUM,LEGITIMATE_RATE_CARD
DUP_EXACT_WS/MP18311/2025-2026/272258_44800,EXACT,WS/MP18311/2025-2026/272258,A ONE BRICKS DABHOTA HP,44800.0,,True,Rate-Card Baseline detected (Statutory Rate),MEDIUM,LEGITIMATE_RATE_CARD
DUP_EXACT_WS/MP18109/2026-2027/164962_49995,EXACT,WS/MP18109/2026-2027/164962,GRAM PANCHAYAT RAMPUR,49995.0,,False,Work+Vendor+Amount+Date exact match,CRITICAL,NEW
DUP_EXACT_WS/MP18155/2025-2026/247640_49000,EXACT,WS/MP18155/2025-2026/247640,KAPILA TRADING CO,49000.0,,True,Rate-Card Baseline detected (Statutory Rate),MEDIUM,LEGITIMATE_RATE_CARD
DUP_EXACT_WS/MP18314/2025-2026/224293_49020,EXACT,WS/MP18314/2025-2026/224293,MS DHILLON  TILE FACTORY,49020.0,,True,Rate-Card Baseline detected (Statutory Rate),MEDIUM,LEGITIMATE_RATE_CARD
DUP_EXACT_WS/MP18157/2025-2026/239566_50000,EXACT,WS/MP18157/2025-2026/239566,RANJIT KAUR,50000.0,,True,Rate-Card Baseline detected (Statutory Rate),MEDIUM,LEGITIMATE_RATE_CARD
DUP_EXACT_WS/MP18309/2026-2027/287961_100000,EXACT,WS/MP18309/2026-2027/287961,BEBETO N MARAK,100000.0,,True,Rate-Card Baseline detected (Statutory Rate),MEDIUM,LEGITIMATE_RATE_CARD
DUP_EXACT_WS/MP18309/2026-2027/287957_250000,EXACT,WS/MP18309/2026-2027/287957,ERICROGER N SANGMA,250000.0,,True,Rate-Card Baseline detected (Statutory Rate),MEDIUM,LEGITIMATE_RATE_CARD
DUP_EXACT_WS/MP18309/2026-2027/287962_100000,EXACT,WS/MP18309/2026-2027/287962,RESTER BROWN SANGMA,100000.0,,True,Rate-Card Baseline detected (Statutory Rate),MEDIUM,LEGITIMATE_RATE_CARD
DUP_EXACT_WS/MP18158/2025-2026/230318_48972,EXACT,WS/MP18158/2025-2026/230318,MS KARAM CHAND HARI SINGH BKO,48972.0,,False,Work+Vendor+Amount+Date exact match,CRITICAL,NEW
DUP_EXACT_WS/MP727/2025-2026/244863_6500,EXACT,WS/MP727/2025-2026/244863,ASHOK KUMAR RATHORE,6500.0,,True,Rate-Card Baseline detected (Statutory Rate),MEDIUM,LEGITIMATE_RATE_CARD
DUP_EXACT_WS/MP727/2025-2026/244863_3315,EXACT,WS/MP727/2025-2026/244863,MAMTA RATHORE,3315.0,,True,Rate-Card Baseline detected (Statutory Rate),MEDIUM,LEGITIMATE_RATE_CARD
DUP_EXACT_WS/MP18018/2026-2027/293836_250000,EXACT,WS/MP18018/2026-2027/293836,SRI GURUDEVA CHARITABLE TRUST,250000.0,,True,Rate-Card Baseline detected (Statutory Rate),MEDIUM,LEGITIMATE_RATE_CARD
DUP_EXACT_WS/MP643/2025-2026/177006_49995,EXACT,WS/MP643/2025-2026/177006,MAA DURGA WORKSHOP,49995.0,,False,Work+Vendor+Amount+Date exact match,CRITICAL,NEW
DUP_EXACT_WS/MP643/2025-2026/177006_49921,EXACT,WS/MP643/2025-2026/177006,MAA DURGA WORKSHOP,49921.0,,False,Work+Vendor+Amount+Date exact match,CRITICAL,NEW
DUP_EXACT_WS/MP18109/2026-2027/244415_45000,EXACT,WS/MP18109/2026-2027/244415,GRAM PANCHAYAT BAGHAYU,45000.0,,True,Rate-Card Baseline detected (Statutory Rate),MEDIUM,LEGITIMATE_RATE_CARD
DUP_EXACT_WS/MP716/2025-2026/250843_106250,EXACT,WS/MP716/2025-2026/250843,ROYAL BUILDING MATERIAL,106250.0,,False,Work+Vendor+Amount+Date exact match,CRITICAL,NEW
DUP_EXACT_WS/MP18309/2026-2027/288793_250000,EXACT,WS/MP18309/2026-2027/288793,TOMBESIL A SANGMA,250000.0,,True,Rate-Card Baseline detected (Statutory Rate),MEDIUM,LEGITIMATE_RATE_CARD
DUP_EXACT_WS/MP18170/2025-2026/218463_3757,EXACT,WS/MP18170/2025-2026/218463,KAMLA,3757.0,,True,Rate-Card Baseline detected (Statutory Rate),MEDIUM,LEGITIMATE_RATE_CARD
DUP_EXACT_WS/MP380/2026-2027/273253_37500,EXACT,WS/MP380/2026-2027/273253,KALSI INTERLOCK TILES,37500.0,,True,Rate-Card Baseline detected (Statutory Rate),MEDIUM,LEGITIMATE_RATE_CARD
DUP_EXACT_WS/MP18069/2025-2026/212133_58204,EXACT,WS/MP18069/2025-2026/212133,ANKIT,58204.0,,False,Work+Vendor+Amount+Date exact match,CRITICAL,NEW
DUP_EXACT_WS/MP716/2025-2026/210101_73500,EXACT,WS/MP716/2025-2026/210101,NAMBARDAR BRICKS CO,73500.0,,True,Rate-Card Baseline detected (Statutory Rate),MEDIUM,LEGITIMATE_RATE_CARD
DUP_EXACT_WS/MP18153/2025-2026/212055_47840,EXACT,WS/MP18153/2025-2026/212055,ARMAN TILES INDUSTRIS,47840.0,,False,Work+Vendor+Amount+Date exact match,CRITICAL,NEW
DUP_EXACT_WS/MP18153/2025-2026/212052_126776,EXACT,WS/MP18153/2025-2026/212052,SHREE SHYAM TRADING COMPANY,126776.0,,False,Work+Vendor+Amount+Date exact match,CRITICAL,NEW
DUP_EXACT_WS/MP18155/2025-2026/192796_36000,EXACT,WS/MP18155/2025-2026/192796,BB BRICKS,36000.0,,True,Rate-Card Baseline detected (Statutory Rate),MEDIUM,LEGITIMATE_RATE_CARD
DUP_EXACT_WS/MP18311/2025-2026/241808_26880,EXACT,WS/MP18311/2025-2026/241808,PARVEEN GUPTA AND CO,26880.0,,False,Work+Vendor+Amount+Date exact match,CRITICAL,NEW
DUP_EXACT_WS/MP18309/2026-2027/281903_200000,EXACT,WS/MP18309/2026-2027/281903,REYNOLD M SANGMA,200000.0,,True,Rate-Card Baseline detected (Statutory Rate),MEDIUM,LEGITIMATE_RATE_CARD
DUP_EXACT_WS/MP380/2026-2027/272209_42001,EXACT,WS/MP380/2026-2027/272209,SANDHU BRICKS,42001.0,,False,Work+Vendor+Amount+Date exact match,CRITICAL,NEW
DUP_EXACT_WS/MP380/2026-2027/272209_24850,EXACT,WS/MP380/2026-2027/272209,NAJAR SINGH,24850.0,,False,Work+Vendor+Amount+Date exact match,CRITICAL,NEW
DUP_EXACT_WS/MP18155/2025-2026/249394_45596,EXACT,WS/MP18155/2025-2026/249394,BHARAT PAVER AND CONCRETE INDUSTRIES,45596.0,,False,Work+Vendor+Amount+Date exact match,CRITICAL,NEW
DUP_EXACT_WS/MP18157/2025-2026/267152_44100,EXACT,WS/MP18157/2025-2026/267152,MS JAY BEE AND COMPANY,44100.0,,True,Rate-Card Baseline detected (Statutory Rate),MEDIUM,LEGITIMATE_RATE_CARD
DUP_EXACT_WS/MP18051/2026-2027/278587_280000,EXACT,WS/MP18051/2026-2027/278587,GP CHIKHALI,280000.0,,True,Rate-Card Baseline detected (Statutory Rate),MEDIUM,LEGITIMATE_RATE_CARD
DUP_EXACT_WS/MP719/2025-2026/215798_12474,EXACT,WS/MP719/2025-2026/215798,SUNITA,12474.0,,True,Rate-Card Baseline detected (Statutory Rate),MEDIUM,LEGITIMATE_RATE_CARD
DUP_EXACT_WS/MP428/2026-2027/277626_250000,EXACT,WS/MP428/2026-2027/277626,GRAM PANCHAYAT BANKAL,250000.0,,True,Rate-Card Baseline detected (Statutory Rate),MEDIUM,LEGITIMATE_RATE_CARD
DUP_EXACT_WS/MP18311/2025-2026/219447_36040,EXACT,WS/MP18311/2025-2026/219447,MS MILKHI RAM BKO,36040.0,,True,Rate-Card Baseline detected (Statutory Rate),MEDIUM,LEGITIMATE_RATE_CARD
DUP_EXACT_WS/MP381/2025-2026/262033_68000,EXACT,WS/MP381/2025-2026/262033,NISHAN SINGH,68000.0,,True,Rate-Card Baseline detected (Statutory Rate),MEDIUM,LEGITIMATE_RATE_CARD
DUP_EXACT_WS/MP650/2025-2026/216023_25000,EXACT,WS/MP650/2025-2026/216023,SHANKAR LAL PUNAMCHAND,25000.0,,True,Rate-Card Baseline detected (Statutory Rate),MEDIUM,LEGITIMATE_RATE_CARD
DUP_EXACT_WS/MP18158/2025-2026/199809_23800,EXACT,WS/MP18158/2025-2026/199809,BINDER SINGH,23800.0,,False,Work+Vendor+Amount+Date exact match,CRITICAL,NEW
DUP_EXACT_WS/MP18314/2025-2026/177352_49200,EXACT,WS/MP18314/2025-2026/177352,AGGARWAL BKO SEKHA,49200.0,,True,Rate-Card Baseline detected (Statutory Rate),MEDIUM,LEGITIMATE_RATE_CARD
DUP_EXACT_WS/MP18049/2025-2026/265753_250000,EXACT,WS/MP18049/2025-2026/265753,GRAM PANCHAYAT MAJHAGANWA,250000.0,,True,Rate-Card Baseline detected (Statutory Rate),MEDIUM,LEGITIMATE_RATE_CARD
DUP_EXACT_WS/MP716/2025-2026/212401_57750,EXACT,WS/MP716/2025-2026/212401,SHAHEED BABA DHARAM SINGH SEKHON TRADERS,57750.0,,False,Work+Vendor+Amount+Date exact match,CRITICAL,NEW
DUP_EXACT_WS/MP716/2025-2026/212401_68400,EXACT,WS/MP716/2025-2026/212401,SHAHEED BABA DHARAM SINGH SEKHON TRADERS,68400.0,,True,Rate-Card Baseline detected (Statutory Rate),MEDIUM,LEGITIMATE_RATE_CARD
DUP_EXACT_WS/MP507/2025-2026/196288_9415694,EXACT,WS/MP507/2025-2026/196288,SHRI GURU KRIPA NARSINGH ASSOSIATES,9415694.0,,False,Work+Vendor+Amount+Date exact match,CRITICAL,NEW
DUP_EXACT_WS/MP719/2025-2026/240586_3705,EXACT,WS/MP719/2025-2026/240586,MANOWAR BANO,3705.0,,True,Rate-Card Baseline detected (Statutory Rate),MEDIUM,LEGITIMATE_RATE_CARD
DUP_EXACT_WS/MP719/2025-2026/240586_11700,EXACT,WS/MP719/2025-2026/240586,LAXMAN NATH,11700.0,,True,Rate-Card Baseline detected (Statutory Rate),MEDIUM,LEGITIMATE_RATE_CARD
DUP_EXACT_WS/MP18109/2026-2027/224575_185000,EXACT,WS/MP18109/2026-2027/224575,PANCHAYAT BARIGAWAN NO 02,185000.0,,True,Rate-Card Baseline detected (Statutory Rate),MEDIUM,LEGITIMATE_RATE_CARD
DUP_EXACT_WS/MP18167/2025-2026/259839_11050,EXACT,WS/MP18167/2025-2026/259839,VINOD KUMAR,11050.0,,True,Rate-Card Baseline detected (Statutory Rate),MEDIUM,LEGITIMATE_RATE_CARD
DUP_EXACT_WS/MP18311/2025-2026/255972_42400,EXACT,WS/MP18311/2025-2026/255972,CHEEMA BRICK KILN,42400.0,,False,Work+Vendor+Amount+Date exact match,CRITICAL,NEW
DUP_EXACT_WS/MP18154/2025-2026/251551_28002,EXACT,WS/MP18154/2025-2026/251551,MS BK BRICKS INDUSTRIES,28002.0,,False,Work+Vendor+Amount+Date exact match,CRITICAL,NEW
DUP_EXACT_WS/MP18109/2026-2027/247524_98800,EXACT,WS/MP18109/2026-2027/247524,GRAM PANCHAYAT DEOGHAD,98800.0,,True,Rate-Card Baseline detected (Statutory Rate),MEDIUM,LEGITIMATE_RATE_CARD
DUP_EXACT_WS/MP18062/2025-2026/188089_47200,EXACT,WS/MP18062/2025-2026/188089,RANGLAR PRIVATE LIMITED,47200.0,,False,Work+Vendor+Amount+Date exact match,CRITICAL,NEW
DUP_EXACT_WS/MP478/2025-2026/243399_7056,EXACT,WS/MP478/2025-2026/243399,SUBASH,7056.0,,True,Rate-Card Baseline detected (Statutory Rate),MEDIUM,LEGITIMATE_RATE_CARD
DUP_EXACT_WS/MP18158/2025-2026/206593_48930,EXACT,WS/MP18158/2025-2026/206593,GURU NANAK TILES,48930.0,,True,Rate-Card Baseline detected (Statutory Rate),MEDIUM,LEGITIMATE_RATE_CARD
DUP_EXACT_WS/MP18314/2025-2026/219456_32800,EXACT,WS/MP18314/2025-2026/219456,SIDHU BKO,32800.0,,False,Work+Vendor+Amount+Date exact match,CRITICAL,NEW
DUP_EXACT_WS/MP18155/2025-2026/249797_45595,EXACT,WS/MP18155/2025-2026/249797,D S BUILDERS,45595.0,,True,Rate-Card Baseline detected (Statutory Rate),MEDIUM,LEGITIMATE_RATE_CARD
DUP_EXACT_WS/MP18154/2025-2026/215778_45880,EXACT,WS/MP18154/2025-2026/215778,ALCON CONCRETE PRODUCT,45880.0,,True,Rate-Card Baseline detected (Statutory Rate),MEDIUM,LEGITIMATE_RATE_CARD
DUP_EXACT_WS/MP18156/2025-2026/213614_46800,EXACT,WS/MP18156/2025-2026/213614,SINGHAL IRON STORE,46800.0,,True,Rate-Card Baseline detected (Statutory Rate),MEDIUM,LEGITIMATE_RATE_CARD
DUP_EXACT_WS/MP18156/2025-2026/213119_34410,EXACT,WS/MP18156/2025-2026/213119,SHRI GURU ARJAN DEV JI,34410.0,,True,Rate-Card Baseline detected (Statutory Rate),MEDIUM,LEGITIMATE_RATE_CARD
DUP_EXACT_WS/MP18138/2025-2026/217435_250000,EXACT,WS/MP18138/2025-2026/217435,H LIANTLUANGA,250000.0,,True,Rate-Card Baseline detected (Statutory Rate),MEDIUM,LEGITIMATE_RATE_CARD
DUP_EXACT_WS/MP18158/2025-2026/191105_28700,EXACT,WS/MP18158/2025-2026/191105,DAL SINGH,28700.0,,False,Work+Vendor+Amount+Date exact match,CRITICAL,NEW
DUP_EXACT_WS/MP18311/2025-2026/259393_30528,EXACT,WS/MP18311/2025-2026/259393,SHAHI BROTHERS,30528.0,,False,Work+Vendor+Amount+Date exact match,CRITICAL,NEW
DUP_EXACT_WS/MP18152/2025-2026/258335_49490,EXACT,WS/MP18152/2025-2026/258335,GILL INTERLOCK TILES,49490.0,,False,Work+Vendor+Amount+Date exact match,CRITICAL,NEW
DUP_EXACT_WS/MP18155/2025-2026/257077_49200,EXACT,WS/MP18155/2025-2026/257077,BILLA BRICKS MANUFACTING,49200.0,,True,Rate-Card Baseline detected (Statutory Rate),MEDIUM,LEGITIMATE_RATE_CARD
DUP_EXACT_WS/MP18155/2025-2026/257077_45100,EXACT,WS/MP18155/2025-2026/257077,BILLA BRICKS MANUFACTING,45100.0,,False,Work+Vendor+Amount+Date exact match,CRITICAL,NEW
DUP_EXACT_WS/MP18137/2025-2026/232944_125000,EXACT,WS/MP18137/2025-2026/232944,AIBORLANG MAKDOH,125000.0,,True,Rate-Card Baseline detected (Statutory Rate),MEDIUM,LEGITIMATE_RATE_CARD
DUP_EXACT_WS/MP18138/2025-2026/217434_250000,EXACT,WS/MP18138/2025-2026/217434,V LALRINKIMI,250000.0,,True,Rate-Card Baseline detected (Statutory Rate),MEDIUM,LEGITIMATE_RATE_CARD
DUP_EXACT_WS/MP18169/2025-2026/247264_250000,EXACT,WS/MP18169/2025-2026/247264,JAI AMBEY CONSTRUCTION AND TRADING,250000.0,,True,Rate-Card Baseline detected (Statutory Rate),MEDIUM,LEGITIMATE_RATE_CARD
DUP_EXACT_WS/MP18155/2025-2026/265006_7500,EXACT,WS/MP18155/2025-2026/265006,PARDEEP SINGH MASSN,7500.0,,True,Rate-Card Baseline detected (Statutory Rate),MEDIUM,LEGITIMATE_RATE_CARD
DUP_EXACT_WS/MP18155/2025-2026/250125_32000,EXACT,WS/MP18155/2025-2026/250125,MS PATIAL BRICKS,32000.0,,True,Rate-Card Baseline detected (Statutory Rate),MEDIUM,LEGITIMATE_RATE_CARD
DUP_EXACT_WS/MP640/2026-2027/151613_193424,EXACT,WS/MP640/2026-2027/151613,VAIBHAV LAXMI PIPE,193424.0,,False,Work+Vendor+Amount+Date exact match,CRITICAL,NEW
DUP_EXACT_WS/MP18155/2025-2026/265006_48000,EXACT,WS/MP18155/2025-2026/265006,SURINDER SNGH BKO,48000.0,,True,Rate-Card Baseline detected (Statutory Rate),MEDIUM,LEGITIMATE_RATE_CARD
DUP_EXACT_WS/MP478/2025-2026/243401_6552,EXACT,WS/MP478/2025-2026/243401,MAMTA DEVI,6552.0,,True,Rate-Card Baseline detected (Statutory Rate),MEDIUM,LEGITIMATE_RATE_CARD
DUP_EXACT_WS/MP18155/2024-2025/176188_24600,EXACT,WS/MP18155/2024-2025/176188,MS KIRTI KIRAN BRICK INDUSTRY,24600.0,,True,Rate-Card Baseline detected (Statutory Rate),MEDIUM,LEGITIMATE_RATE_CARD
DUP_EXACT_WS/MP18155/2025-2026/243490_40000,EXACT,WS/MP18155/2025-2026/243490,BILLA DA BHATHA,40000.0,,True,Rate-Card Baseline detected (Statutory Rate),MEDIUM,LEGITIMATE_RATE_CARD
DUP_EXACT_WS/MP18336/2025-2026/240175_250000,EXACT,WS/MP18336/2025-2026/240175,HASDA,250000.0,,True,Rate-Card Baseline detected (Statutory Rate),MEDIUM,LEGITIMATE_RATE_CARD
DUP_EXACT_WS/MP18137/2025-2026/232256_150000,EXACT,WS/MP18137/2025-2026/232256,SHNONG UMKYRPONG,150000.0,,True,Rate-Card Baseline detected (Statutory Rate),MEDIUM,LEGITIMATE_RATE_CARD
DUP_EXACT_WS/MP18137/2025-2026/233752_150000,EXACT,WS/MP18137/2025-2026/233752,VEC MULANG NONGBAH,150000.0,,True,Rate-Card Baseline detected (Statutory Rate),MEDIUM,LEGITIMATE_RATE_CARD
DUP_EXACT_WS/MP18158/2025-2026/238965_27942,EXACT,WS/MP18158/2025-2026/238965,ATMA RAM SOHAN LAL AGENCIES  PRIVATE LIMITED,27942.0,,False,Work+Vendor+Amount+Date exact match,CRITICAL,NEW
DUP_EXACT_WS/MP18158/2025-2026/238965_49548,EXACT,WS/MP18158/2025-2026/238965,ATMA RAM SOHAN LAL AGENCIES  PRIVATE LIMITED,49548.0,,False,Work+Vendor+Amount+Date exact match,CRITICAL,NEW
DUP_EXACT_WS/MP538/2025-2026/223887_150000,EXACT,WS/MP538/2025-2026/223887,RAJU KAR,150000.0,,True,Rate-Card Baseline detected (Statutory Rate),MEDIUM,LEGITIMATE_RATE_CARD
DUP_EXACT_WS/MP18137/2025-2026/233805_150000,EXACT,WS/MP18137/2025-2026/233805,KINNESSTAR NONGRANG,150000.0,,True,Rate-Card Baseline detected (Statutory Rate),MEDIUM,LEGITIMATE_RATE_CARD
DUP_EXACT_WS/MP18137/2025-2026/243332_250000,EXACT,WS/MP18137/2025-2026/243332,LUMRYMMU LP SCHOOL MYNSO,250000.0,,True,Rate-Card Baseline detected (Statutory Rate),MEDIUM,LEGITIMATE_RATE_CARD
DUP_EXACT_WS/MP18155/2025-2026/188544_41000,EXACT,WS/MP18155/2025-2026/188544,SACHDEVA TARDING COMPANY,41000.0,,True,Rate-Card Baseline detected (Statutory Rate),MEDIUM,LEGITIMATE_RATE_CARD
DUP_EXACT_WS/MP18155/2025-2026/247626_45595,EXACT,WS/MP18155/2025-2026/247626,AVREEN INDUSTERIES  MUKERIAN,45595.0,,True,Rate-Card Baseline detected (Statutory Rate),MEDIUM,LEGITIMATE_RATE_CARD
DUP_EXACT_WS/MP18137/2025-2026/234005_150000,EXACT,WS/MP18137/2025-2026/234005,SPI NONGSIEJ,150000.0,,True,Rate-Card Baseline detected (Statutory Rate),MEDIUM,LEGITIMATE_RATE_CARD
DUP_EXACT_WS/MP18156/2025-2026/213121_45878,EXACT,WS/MP18156/2025-2026/213121,SUPER TILE WORKS,45878.0,,False,Work+Vendor+Amount+Date exact match,CRITICAL,NEW
DUP_EXACT_WS/MP18154/2025-2026/166552_45878,EXACT,WS/MP18154/2025-2026/166552,BAJWA TILES MART NEW,45878.0,,False,Work+Vendor+Amount+Date exact match,CRITICAL,NEW
DUP_EXACT_WS/MP18154/2025-2026/245786_49000,EXACT,WS/MP18154/2025-2026/245786,BAWA BRICKS SUPPLY CO,49000.0,,True,Rate-Card Baseline detected (Statutory Rate),MEDIUM,LEGITIMATE_RATE_CARD
DUP_EXACT_WS/MP18137/2025-2026/233641_200000,EXACT,WS/MP18137/2025-2026/233641,BELARIUS RONGPEIT,200000.0,,True,Rate-Card Baseline detected (Statutory Rate),MEDIUM,LEGITIMATE_RATE_CARD
DUP_EXACT_WS/MP18170/2024-2025/156350_3705,EXACT,WS/MP18170/2024-2025/156350,SITA DEVI,3705.0,,True,Rate-Card Baseline detected (Statutory Rate),MEDIUM,LEGITIMATE_RATE_CARD
DUP_EXACT_WS/MP18137/2025-2026/162038_150000,EXACT,WS/MP18137/2025-2026/162038,PILATUS RONGHANG,150000.0,,True,Rate-Card Baseline detected (Statutory Rate),MEDIUM,LEGITIMATE_RATE_CARD
DUP_EXACT_WS/MP18137/2025-2026/161995_150000,EXACT,WS/MP18137/2025-2026/161995,SENG BHALANG KI LONGKMIE UMTARLEN,150000.0,,True,Rate-Card Baseline detected (Statutory Rate),MEDIUM,LEGITIMATE_RATE_CARD
DUP_EXACT_WS/MP18169/2025-2026/254549_9100,EXACT,WS/MP18169/2025-2026/254549,BHUPENDRA KUMAWAT,9100.0,,True,Rate-Card Baseline detected (Statutory Rate),MEDIUM,LEGITIMATE_RATE_CARD
DUP_EXACT_WS/MP18169/2025-2026/254549_3900,EXACT,WS/MP18169/2025-2026/254549,DURGA KUNWAR,3900.0,,True,Rate-Card Baseline detected (Statutory Rate),MEDIUM,LEGITIMATE_RATE_CARD
DUP_EXACT_WS/MP18155/2025-2026/247494_40500,EXACT,WS/MP18155/2025-2026/247494,MS VISHWAKARMA BRICK INDUSTRY,40500.0,,True,Rate-Card Baseline detected (Statutory Rate),MEDIUM,LEGITIMATE_RATE_CARD
DUP_EXACT_WS/MP18155/2025-2026/247495_32400,EXACT,WS/MP18155/2025-2026/247495,MS VISHWAKARMA BRICK INDUSTRY,32400.0,,True,Rate-Card Baseline detected (Statutory Rate),MEDIUM,LEGITIMATE_RATE_CARD
DUP_EXACT_WS/MP18099/2025-2026/255494_500000,EXACT,WS/MP18099/2025-2026/255494,GP GULKHEDI S,500000.0,,True,Rate-Card Baseline detected (Statutory Rate),MEDIUM,LEGITIMATE_RATE_CARD
DUP_EXACT_WS/MP386/2025-2026/242369_3705,EXACT,WS/MP386/2025-2026/242369,DINESH RAM,3705.0,,True,Rate-Card Baseline detected (Statutory Rate),MEDIUM,LEGITIMATE_RATE_CARD
DUP_EXACT_WS/MP386/2025-2026/242369_11050,EXACT,WS/MP386/2025-2026/242369,NEMA RAM,11050.0,,True,Rate-Card Baseline detected (Statutory Rate),MEDIUM,LEGITIMATE_RATE_CARD
DUP_EXACT_WS/MP18100/2025-2026/242955_200000,EXACT,WS/MP18100/2025-2026/242955,PANDIT DINDYAL GRAM VIKAS SAMITI PANDURNA,200000.0,,True,Rate-Card Baseline detected (Statutory Rate),MEDIUM,LEGITIMATE_RATE_CARD
DUP_EXACT_WS/MP18170/2024-2025/156350_9750,EXACT,WS/MP18170/2024-2025/156350,HEM SINGH,9750.0,,True,Rate-Card Baseline detected (Statutory Rate),MEDIUM,LEGITIMATE_RATE_CARD
DUP_EXACT_WS/MP18154/2025-2026/228398_200000,EXACT,WS/MP18154/2025-2026/228398,HARPREET TRADING CO,200000.0,,True,Rate-Card Baseline detected (Statutory Rate),MEDIUM,LEGITIMATE_RATE_CARD
DUP_EXACT_WS/MP18104/2025-2026/236541_75000,EXACT,WS/MP18104/2025-2026/236541,GP SHIVTALA JP BADI,75000.0,,True,Rate-Card Baseline detected (Statutory Rate),MEDIUM,LEGITIMATE_RATE_CARD
DUP_EXACT_WS/MP18154/2025-2026/199716_49200,EXACT,WS/MP18154/2025-2026/199716,MS AMAN CEMENT STORE,49200.0,,True,Rate-Card Baseline detected (Statutory Rate),MEDIUM,LEGITIMATE_RATE_CARD
DUP_EXACT_WS/MP18154/2025-2026/199712_48000,EXACT,WS/MP18154/2025-2026/199712,MS AMAN CEMENT STORE,48000.0,,True,Rate-Card Baseline detected (Statutory Rate),MEDIUM,LEGITIMATE_RATE_CARD
DUP_EXACT_WS/MP380/2025-2026/243158_47320,EXACT,WS/MP380/2025-2026/243158,DHALIWAL ENTERPRISES,47320.0,,True,Rate-Card Baseline detected (Statutory Rate),MEDIUM,LEGITIMATE_RATE_CARD
DUP_EXACT_WS/MP18154/2025-2026/199730_41300,EXACT,WS/MP18154/2025-2026/199730,NKS INDUSTRIES,41300.0,,True,Rate-Card Baseline detected (Statutory Rate),MEDIUM,LEGITIMATE_RATE_CARD
DUP_EXACT_WS/MP18388/2025-2026/250877_2841850,EXACT,WS/MP18388/2025-2026/250877,SVR CONSTRUCTIONS,2841850.0,,False,Work+Vendor+Amount+Date exact match,CRITICAL,NEW
DUP_EXACT_WS/MP18021/2025-2026/185293_120000,EXACT,WS/MP18021/2025-2026/185293,SHREYA TRADING,120000.0,,True,Rate-Card Baseline detected (Statutory Rate),MEDIUM,LEGITIMATE_RATE_CARD
DUP_EXACT_WS/MP18155/2025-2026/249973_8692,EXACT,WS/MP18155/2025-2026/249973,SIDHU HARDWARE PAINT STORE,8692.0,,False,Work+Vendor+Amount+Date exact match,CRITICAL,NEW
DUP_EXACT_WS/MP18314/2025-2026/219458_34000,EXACT,WS/MP18314/2025-2026/219458,RAYIA BRICKS CO,34000.0,,True,Rate-Card Baseline detected (Statutory Rate),MEDIUM,LEGITIMATE_RATE_CARD
DUP_EXACT_WS/MP18414/2026-2027/195838_138095,EXACT,WS/MP18414/2026-2027/195838,PRAVESH GUPTA,138095.0,,False,Work+Vendor+Amount+Date exact match,CRITICAL,NEW
DUP_EXACT_WS/MP18137/2025-2026/233808_100000,EXACT,WS/MP18137/2025-2026/233808,LAITDOM MIHNGI SCHOOL CRC SPORT CLUB,100000.0,,True,Rate-Card Baseline detected (Statutory Rate),MEDIUM,LEGITIMATE_RATE_CARD
DUP_EXACT_WS/MP18108/2025-2026/266549_149829,EXACT,WS/MP18108/2025-2026/266549,SOM CONSTRUCTION AND MATERIAL SUPPLY,149829.0,,False,Work+Vendor+Amount+Date exact match,CRITICAL,NEW
DUP_EXACT_WS/MP18314/2025-2026/219348_35000,EXACT,WS/MP18314/2025-2026/219348,GANPATI TILES MATTI,35000.0,,True,Rate-Card Baseline detected (Statutory Rate),MEDIUM,LEGITIMATE_RATE_CARD
DUP_EXACT_WS/MP18314/2025-2026/219316_35000,EXACT,WS/MP18314/2025-2026/219316,GANPATI TILES MATTI,35000.0,,True,Rate-Card Baseline detected (Statutory Rate),MEDIUM,LEGITIMATE_RATE_CARD
DUP_EXACT_WS/MP18314/2025-2026/219319_35000,EXACT,WS/MP18314/2025-2026/219319,GANPATI TILES MATTI,35000.0,,True,Rate-Card Baseline detected (Statutory Rate),MEDIUM,LEGITIMATE_RATE_CARD
DUP_EXACT_WS/MP18314/2025-2026/219376_35000,EXACT,WS/MP18314/2025-2026/219376,GANPATI TILES MATTI,35000.0,,True,Rate-Card Baseline detected (Statutory Rate),MEDIUM,LEGITIMATE_RATE_CARD
DUP_EXACT_WS/MP18314/2025-2026/219345_35000,EXACT,WS/MP18314/2025-2026/219345,GANPATI TILES MATTI,35000.0,,True,Rate-Card Baseline detected (Statutory Rate),MEDIUM,LEGITIMATE_RATE_CARD
DUP_EXACT_WS/MP18314/2025-2026/219250_35000,EXACT,WS/MP18314/2025-2026/219250,GANPATI TILES MATTI,35000.0,,True,Rate-Card Baseline detected (Statutory Rate),MEDIUM,LEGITIMATE_RATE_CARD
DUP_EXACT_WS/MP18314/2025-2026/219261_35000,EXACT,WS/MP18314/2025-2026/219261,GANPATI TILES MATTI,35000.0,,True,Rate-Card Baseline detected (Statutory Rate),MEDIUM,LEGITIMATE_RATE_CARD
DUP_EXACT_WS/MP18314/2025-2026/219378_35000,EXACT,WS/MP18314/2025-2026/219378,GANPATI TILES MATTI,35000.0,,True,Rate-Card Baseline detected (Statutory Rate),MEDIUM,LEGITIMATE_RATE_CARD
DUP_EXACT_WS/MP18314/2025-2026/219249_35000,EXACT,WS/MP18314/2025-2026/219249,GANPATI TILES MATTI,35000.0,,True,Rate-Card Baseline detected (Statutory Rate),MEDIUM,LEGITIMATE_RATE_CARD
DUP_EXACT_WS/MP18155/2025-2026/247640_25502,EXACT,WS/MP18155/2025-2026/247640,KARAN SINGH BKO,25502.0,,False,Work+Vendor+Amount+Date exact match,CRITICAL,NEW
DUP_EXACT_WS/MP18155/2025-2026/247640_42504,EXACT,WS/MP18155/2025-2026/247640,KARAN SINGH BKO,42504.0,,False,Work+Vendor+Amount+Date exact match,CRITICAL,NEW
DUP_EXACT_WS/MP541/2025-2026/214797_100000,EXACT,WS/MP541/2025-2026/214797,TEJOSHEE KATAKI,100000.0,,True,Rate-Card Baseline detected (Statutory Rate),MEDIUM,LEGITIMATE_RATE_CARD
DUP_EXACT_WS/MP18070/2025-2026/237078_800000,EXACT,WS/MP18070/2025-2026/237078,GHULAM MURTAZA,800000.0,,True,Rate-Card Baseline detected (Statutory Rate),MEDIUM,LEGITIMATE_RATE_CARD
DUP_EXACT_WS/MP18169/2025-2026/260272_3900,EXACT,WS/MP18169/2025-2026/260272,RAHIMA KHATUN,3900.0,,True,Rate-Card Baseline detected (Statutory Rate),MEDIUM,LEGITIMATE_RATE_CARD
DUP_EXACT_WS/MP18169/2025-2026/254550_3900,EXACT,WS/MP18169/2025-2026/254550,RAHIMA KHATUN,3900.0,,True,Rate-Card Baseline detected (Statutory Rate),MEDIUM,LEGITIMATE_RATE_CARD
DUP_EXACT_WS/MP18309/2025-2026/208888_500000,EXACT,WS/MP18309/2025-2026/208888,JUNTIAR K MARAK,500000.0,,True,Rate-Card Baseline detected (Statutory Rate),MEDIUM,LEGITIMATE_RATE_CARD
DUP_EXACT_WS/MP643/2025-2026/228760_25000,EXACT,WS/MP643/2025-2026/228760,DILIP KUMAR DASHORE,25000.0,,True,Rate-Card Baseline detected (Statutory Rate),MEDIUM,LEGITIMATE_RATE_CARD
DUP_EXACT_WS/MP716/2025-2026/189724_52500,EXACT,WS/MP716/2025-2026/189724,GURU KIRPA TRADING CO,52500.0,,True,Rate-Card Baseline detected (Statutory Rate),MEDIUM,LEGITIMATE_RATE_CARD
DUP_EXACT_WS/MP18309/2025-2026/196304_250000,EXACT,WS/MP18309/2025-2026/196304,GREEN YARD SECONDARY SCHOOL,250000.0,,True,Rate-Card Baseline detected (Statutory Rate),MEDIUM,LEGITIMATE_RATE_CARD
DUP_EXACT_WS/MP568/2025-2026/259271_280000,EXACT,WS/MP568/2025-2026/259271,GRAM PANCHAYT TILAI,280000.0,,True,Rate-Card Baseline detected (Statutory Rate),MEDIUM,LEGITIMATE_RATE_CARD
DUP_EXACT_WS/MP568/2025-2026/259272_280000,EXACT,WS/MP568/2025-2026/259272,GRAM PANCHAYT NEVNARA,280000.0,,True,Rate-Card Baseline detected (Statutory Rate),MEDIUM,LEGITIMATE_RATE_CARD
DUP_EXACT_WS/MP728/2025-2026/197732_3300,EXACT,WS/MP728/2025-2026/197732,DAYARAM,3300.0,,True,Rate-Card Baseline detected (Statutory Rate),MEDIUM,LEGITIMATE_RATE_CARD
DUP_EXACT_WS/MP728/2025-2026/197732_9000,EXACT,WS/MP728/2025-2026/197732,PRABHU DAYAL,9000.0,,True,Rate-Card Baseline detected (Statutory Rate),MEDIUM,LEGITIMATE_RATE_CARD
DUP_EXACT_WS/MP728/2025-2026/191759_10800,EXACT,WS/MP728/2025-2026/191759,MOHAN LAL,10800.0,,True,Rate-Card Baseline detected (Statutory Rate),MEDIUM,LEGITIMATE_RATE_CARD
DUP_EXACT_WS/MP313/2025-2026/225987_356191,EXACT,WS/MP313/2025-2026/225987,KPCC ENTERPRISE,356191.0,,False,Work+Vendor+Amount+Date exact match,CRITICAL,NEW
DUP_EXACT_WS/MP428/2025-2026/258116_250000,EXACT,WS/MP428/2025-2026/258116,GRAM PANCHAYAT AKARJAN MULBHOOT,250000.0,,True,Rate-Card Baseline detected (Statutory Rate),MEDIUM,LEGITIMATE_RATE_CARD
DUP_EXACT_WS/MP18157/2025-2026/241195_17400,EXACT,WS/MP18157/2025-2026/241195,HARPREET SINGH,17400.0,,False,Work+Vendor+Amount+Date exact match,CRITICAL,NEW
DUP_EXACT_WS/MP18157/2025-2026/241179_47320,EXACT,WS/MP18157/2025-2026/241179,SIDHU AND COMPANY,47320.0,,True,Rate-Card Baseline detected (Statutory Rate),MEDIUM,LEGITIMATE_RATE_CARD
DUP_EXACT_WS/MP18157/2025-2026/241179_49504,EXACT,WS/MP18157/2025-2026/241179,SIDHU AND COMPANY,49504.0,,False,Work+Vendor+Amount+Date exact match,CRITICAL,NEW
DUP_EXACT_WS/MP728/2025-2026/192002_11700,EXACT,WS/MP728/2025-2026/192002,JAYVARDHAN SINGH,11700.0,,True,Rate-Card Baseline detected (Statutory Rate),MEDIUM,LEGITIMATE_RATE_CARD
DUP_EXACT_WS/MP728/2025-2026/192002_3705,EXACT,WS/MP728/2025-2026/192002,SANNU KANWAR,3705.0,,True,Rate-Card Baseline detected (Statutory Rate),MEDIUM,LEGITIMATE_RATE_CARD
DUP_EXACT_WS/MP643/2025-2026/146594_20000,EXACT,WS/MP643/2025-2026/146594,SUKLAL BHEEL,20000.0,,True,Rate-Card Baseline detected (Statutory Rate),MEDIUM,LEGITIMATE_RATE_CARD
DUP_EXACT_WS/MP18022/2025-2026/170946_500000,EXACT,WS/MP18022/2025-2026/170946,L S ENTERPRISE,500000.0,,True,Rate-Card Baseline detected (Statutory Rate),MEDIUM,LEGITIMATE_RATE_CARD
DUP_EXACT_WS/MP18137/2025-2026/238121_150000,EXACT,WS/MP18137/2025-2026/238121,SHNONG MOWKYNDENG,150000.0,,True,Rate-Card Baseline detected (Statutory Rate),MEDIUM,LEGITIMATE_RATE_CARD
DUP_EXACT_WS/MP18162/2025-2026/191488_49530,EXACT,WS/MP18162/2025-2026/191488,GRAM PANCHYAT KHINIYA,49530.0,,False,Work+Vendor+Amount+Date exact match,CRITICAL,NEW
DUP_EXACT_WS/MP18309/2025-2026/249397_100000,EXACT,WS/MP18309/2025-2026/249397,RIKRAK M SANGMA,100000.0,,True,Rate-Card Baseline detected (Statutory Rate),MEDIUM,LEGITIMATE_RATE_CARD
DUP_EXACT_WS/MP18153/2025-2026/238123_49463,EXACT,WS/MP18153/2025-2026/238123,SHREE BALA JI PIPE INDUSTRIES,49463.0,,False,Work+Vendor+Amount+Date exact match,CRITICAL,NEW
DUP_EXACT_WS/MP18153/2025-2026/238123_35723,EXACT,WS/MP18153/2025-2026/238123,SHREE BALA JI PIPE INDUSTRIES,35723.0,,False,Work+Vendor+Amount+Date exact match,CRITICAL,NEW
DUP_EXACT_WS/MP18109/2025-2026/230486_74150,EXACT,WS/MP18109/2025-2026/230486,HIGH SCHOOL CHARGODA,74150.0,,False,Work+Vendor+Amount+Date exact match,CRITICAL,NEW
DUP_EXACT_WS/MP18109/2025-2026/258874_350000,EXACT,WS/MP18109/2025-2026/258874,GRAM PANCHAYAT KORSAR KOTHAR,350000.0,,True,Rate-Card Baseline detected (Statutory Rate),MEDIUM,LEGITIMATE_RATE_CARD
DUP_EXACT_WS/MP18158/2025-2026/224000_36729,EXACT,WS/MP18158/2025-2026/224000,MS BROTHER BRICK KILN CO,36729.0,,False,Work+Vendor+Amount+Date exact match,CRITICAL,NEW
DUP_EXACT_WS/MP18137/2025-2026/233999_250000,EXACT,WS/MP18137/2025-2026/233999,L P SCHOOL PRESBYTERIAN MYNSKA,250000.0,,True,Rate-Card Baseline detected (Statutory Rate),MEDIUM,LEGITIMATE_RATE_CARD
DUP_EXACT_WS/MP540/2025-2026/235880_500000,EXACT,WS/MP540/2025-2026/235880,NORTH EAST INNOVATION,500000.0,,True,Rate-Card Baseline detected (Statutory Rate),MEDIUM,LEGITIMATE_RATE_CARD
DUP_EXACT_WS/MP540/2025-2026/235879_500000,EXACT,WS/MP540/2025-2026/235879,NORTH EAST INNOVATION,500000.0,,True,Rate-Card Baseline detected (Statutory Rate),MEDIUM,LEGITIMATE_RATE_CARD
DUP_EXACT_WS/MP540/2025-2026/235882_500000,EXACT,WS/MP540/2025-2026/235882,NORTH EAST INNOVATION,500000.0,,True,Rate-Card Baseline detected (Statutory Rate),MEDIUM,LEGITIMATE_RATE_CARD
DUP_EXACT_WS/MP540/2025-2026/235881_500000,EXACT,WS/MP540/2025-2026/235881,NORTH EAST INNOVATION,500000.0,,True,Rate-Card Baseline detected (Statutory Rate),MEDIUM,LEGITIMATE_RATE_CARD
DUP_EXACT_WS/MP428/2025-2026/211295_150000,EXACT,WS/MP428/2025-2026/211295,GRAM PANCHAYAT MOTIPUR,150000.0,,True,Rate-Card Baseline detected (Statutory Rate),MEDIUM,LEGITIMATE_RATE_CARD
DUP_EXACT_WS/MP380/2025-2026/244810_30120,EXACT,WS/MP380/2025-2026/244810,GIAN SINGH,30120.0,,False,Work+Vendor+Amount+Date exact match,CRITICAL,NEW
DUP_EXACT_WS/MP18311/2025-2026/231205_34000,EXACT,WS/MP18311/2025-2026/231205,DEV IRON STORE,34000.0,,True,Rate-Card Baseline detected (Statutory Rate),MEDIUM,LEGITIMATE_RATE_CARD
DUP_EXACT_WS/MP719/2025-2026/209980_3705,EXACT,WS/MP719/2025-2026/209980,BRIJPAL SINGH,3705.0,,True,Rate-Card Baseline detected (Statutory Rate),MEDIUM,LEGITIMATE_RATE_CARD
DUP_EXACT_WS/MP719/2025-2026/209980_11700,EXACT,WS/MP719/2025-2026/209980,OMPRAKAS RAIGAR,11700.0,,True,Rate-Card Baseline detected (Statutory Rate),MEDIUM,LEGITIMATE_RATE_CARD
DUP_EXACT_WS/MP654/2025-2026/224999_500000,EXACT,WS/MP654/2025-2026/224999,AWADH BIHARI BAL KALYAN SAMITI SARASWATI SHISHU MANDIR,500000.0,,True,Rate-Card Baseline detected (Statutory Rate),MEDIUM,LEGITIMATE_RATE_CARD
DUP_EXACT_WS/MP18137/2025-2026/242805_250000,EXACT,WS/MP18137/2025-2026/242805,ROSESIFUL WANNIANG,250000.0,,True,Rate-Card Baseline detected (Statutory Rate),MEDIUM,LEGITIMATE_RATE_CARD
DUP_EXACT_WS/MP18137/2025-2026/232951_150000,EXACT,WS/MP18137/2025-2026/232951,GREATFULWELL SOHSHANG,150000.0,,True,Rate-Card Baseline detected (Statutory Rate),MEDIUM,LEGITIMATE_RATE_CARD
DUP_EXACT_WS/MP18138/2025-2026/246648_350000,EXACT,WS/MP18138/2025-2026/246648,YMA RAMHLUN NORTH,350000.0,,True,Rate-Card Baseline detected (Statutory Rate),MEDIUM,LEGITIMATE_RATE_CARD
DUP_EXACT_WS/MP541/2025-2026/228136_100000,EXACT,WS/MP541/2025-2026/228136,PALLAB JYOTI NATH,100000.0,,True,Rate-Card Baseline detected (Statutory Rate),MEDIUM,LEGITIMATE_RATE_CARD
DUP_EXACT_WS/MP18138/2025-2026/246650_490000,EXACT,WS/MP18138/2025-2026/246650,ZOHMINGLIANA CARE OF TUITHIANG LOCAL COUNCIL,490000.0,,True,Rate-Card Baseline detected (Statutory Rate),MEDIUM,LEGITIMATE_RATE_CARD
DUP_EXACT_WS/MP18138/2025-2026/237033_375000,EXACT,WS/MP18138/2025-2026/237033,LEITAN RAMTHAR LOCAL COUNCIL,375000.0,,True,Rate-Card Baseline detected (Statutory Rate),MEDIUM,LEGITIMATE_RATE_CARD
DUP_EXACT_WS/MP18138/2025-2026/229942_125000,EXACT,WS/MP18138/2025-2026/229942,YMA TUIVAMIT BRANCH,125000.0,,True,Rate-Card Baseline detected (Statutory Rate),MEDIUM,LEGITIMATE_RATE_CARD
DUP_EXACT_WS/MP429/2025-2026/235973_150000,EXACT,WS/MP429/2025-2026/235973,SARPANCH SACHIV GP LATA,150000.0,,True,Rate-Card Baseline detected (Statutory Rate),MEDIUM,LEGITIMATE_RATE_CARD
DUP_EXACT_WS/MP429/2025-2026/235974_150000,EXACT,WS/MP429/2025-2026/235974,SARPANCH SACHIV GP VISESRA,150000.0,,True,Rate-Card Baseline detected (Statutory Rate),MEDIUM,LEGITIMATE_RATE_CARD
DUP_EXACT_WS/MP18311/2025-2026/183395_60000,EXACT,WS/MP18311/2025-2026/183395,SANTOKH SINGH,60000.0,,True,Rate-Card Baseline detected (Statutory Rate),MEDIUM,LEGITIMATE_RATE_CARD
DUP_EXACT_WS/MP18138/2025-2026/229940_125000,EXACT,WS/MP18138/2025-2026/229940,MHIP LUANGMUAL,125000.0,,True,Rate-Card Baseline detected (Statutory Rate),MEDIUM,LEGITIMATE_RATE_CARD
DUP_EXACT_WS/MP18138/2025-2026/229934_325000,EXACT,WS/MP18138/2025-2026/229934,YMA FALKLAND EAST,325000.0,,True,Rate-Card Baseline detected (Statutory Rate),MEDIUM,LEGITIMATE_RATE_CARD
DUP_EXACT_WS/MP18138/2025-2026/229935_125000,EXACT,WS/MP18138/2025-2026/229935,ZEMABAWK LOCAL COUNCIL,125000.0,,True,Rate-Card Baseline detected (Statutory Rate),MEDIUM,LEGITIMATE_RATE_CARD
DUP_EXACT_WS/MP18138/2025-2026/229939_125000,EXACT,WS/MP18138/2025-2026/229939,MHIP CHAWLHHMUN,125000.0,,True,Rate-Card Baseline detected (Statutory Rate),MEDIUM,LEGITIMATE_RATE_CARD
DUP_EXACT_WS/MP18137/2025-2026/161897_100000,EXACT,WS/MP18137/2025-2026/161897,NIGHTSTAR SHANGPLIANG,100000.0,,True,Rate-Card Baseline detected (Statutory Rate),MEDIUM,LEGITIMATE_RATE_CARD
DUP_EXACT_WS/MP18137/2025-2026/161920_500000,EXACT,WS/MP18137/2025-2026/161920,JOSEPHINE SANGRIANG,500000.0,,True,Rate-Card Baseline detected (Statutory Rate),MEDIUM,LEGITIMATE_RATE_CARD
DUP_EXACT_WS/MP18137/2025-2026/233025_125000,EXACT,WS/MP18137/2025-2026/233025,TRANLYROY KHARBANI,125000.0,,True,Rate-Card Baseline detected (Statutory Rate),MEDIUM,LEGITIMATE_RATE_CARD
DUP_EXACT_WS/MP18137/2025-2026/161909_100000,EXACT,WS/MP18137/2025-2026/161909,PHRANGDING LYNGKHOI,100000.0,,True,Rate-Card Baseline detected (Statutory Rate),MEDIUM,LEGITIMATE_RATE_CARD
DUP_EXACT_WS/MP18137/2025-2026/161908_150000,EXACT,WS/MP18137/2025-2026/161908,BIJOYSTAR K LYNGDOH,150000.0,,True,Rate-Card Baseline detected (Statutory Rate),MEDIUM,LEGITIMATE_RATE_CARD
DUP_EXACT_WS/MP18137/2025-2026/161912_100000,EXACT,WS/MP18137/2025-2026/161912,PINGSTARWELL NONGPHUD,100000.0,,True,Rate-Card Baseline detected (Statutory Rate),MEDIUM,LEGITIMATE_RATE_CARD
DUP_EXACT_WS/MP18154/2025-2026/199728_26000,EXACT,WS/MP18154/2025-2026/199728,RAMESH KUMAR AND CO,26000.0,,True,Rate-Card Baseline detected (Statutory Rate),MEDIUM,LEGITIMATE_RATE_CARD
DUP_EXACT_WS/MP18067/2025-2026/214182_49980,EXACT,WS/MP18067/2025-2026/214182,SHREE HARI TRADERS,49980.0,,True,Rate-Card Baseline detected (Statutory Rate),MEDIUM,LEGITIMATE_RATE_CARD
DUP_EXACT_WS/MP381/2025-2026/208842_47200,EXACT,WS/MP381/2025-2026/208842,LAL JI CEMENT PRODUCTS,47200.0,,False,Work+Vendor+Amount+Date exact match,CRITICAL,NEW
DUP_EXACT_WS/MP243/2025-2026/211505_172599,EXACT,WS/MP243/2025-2026/211505,AFRIN ENGINEERING AND CONSTRUCTION,172599.0,,False,Work+Vendor+Amount+Date exact match,CRITICAL,NEW
DUP_EXACT_WS/MP18102/2025-2026/222596_150000,EXACT,WS/MP18102/2025-2026/222596,GRAM PANCHAYAT AMJHERA JANPAD PANCHAYAT SARDARPUR,150000.0,,True,Rate-Card Baseline detected (Statutory Rate),MEDIUM,LEGITIMATE_RATE_CARD
DUP_EXACT_WS/MP18155/2025-2026/267276_41160,EXACT,WS/MP18155/2025-2026/267276,RAJ BRICK INDUSTRIES,41160.0,,False,Work+Vendor+Amount+Date exact match,CRITICAL,NEW
DUP_EXACT_WS/MP638/2025-2026/235342_103819,EXACT,WS/MP638/2025-2026/235342,GRAM PANCHAYAT PHATEHA KA KHIRAK,103819.0,,True,Rate-Card Baseline detected (Statutory Rate),MEDIUM,LEGITIMATE_RATE_CARD
DUP_EXACT_WS/MP18311/2025-2026/198837_9200,EXACT,WS/MP18311/2025-2026/198837,SHIV KUMAR,9200.0,,False,Work+Vendor+Amount+Date exact match,CRITICAL,NEW
DUP_EXACT_WS/MP243/2025-2026/190763_305440,EXACT,WS/MP243/2025-2026/190763,NOVELTY ENGINEERING AND CONSTRUCTION,305440.0,,False,Work+Vendor+Amount+Date exact match,CRITICAL,NEW
DUP_EXACT_WS/MP538/2025-2026/223527_150000,EXACT,WS/MP538/2025-2026/223527,DHARMODHAN BAGLARY,150000.0,,True,Rate-Card Baseline detected (Statutory Rate),MEDIUM,LEGITIMATE_RATE_CARD
DUP_EXACT_WS/MP313/2025-2026/225969_500000,EXACT,WS/MP313/2025-2026/225969,MS K P ENTERPRISE,500000.0,,True,Rate-Card Baseline detected (Statutory Rate),MEDIUM,LEGITIMATE_RATE_CARD
DUP_EXACT_WS/MP18163/2025-2026/246977_33300,EXACT,WS/MP18163/2025-2026/246977,AEN O M JVVNL NAGAL RAJAWATAN,33300.0,,True,Rate-Card Baseline detected (Statutory Rate),MEDIUM,LEGITIMATE_RATE_CARD
DUP_EXACT_WS/MP18162/2025-2026/195028_3510,EXACT,WS/MP18162/2025-2026/195028,PRAKASH JAT,3510.0,,True,Rate-Card Baseline detected (Statutory Rate),MEDIUM,LEGITIMATE_RATE_CARD
DUP_EXACT_WS/MP716/2025-2026/226665_44616,EXACT,WS/MP716/2025-2026/226665,PRABH RCC PIPES,44616.0,,False,Work+Vendor+Amount+Date exact match,CRITICAL,NEW
DUP_EXACT_WS/MP428/2025-2026/257594_250000,EXACT,WS/MP428/2025-2026/257594,PRA INFRA PROJECTS,250000.0,,True,Rate-Card Baseline detected (Statutory Rate),MEDIUM,LEGITIMATE_RATE_CARD
DUP_EXACT_WS/MP428/2025-2026/257597_250000,EXACT,WS/MP428/2025-2026/257597,PRA INFRA PROJECTS,250000.0,,True,Rate-Card Baseline detected (Statutory Rate),MEDIUM,LEGITIMATE_RATE_CARD
DUP_EXACT_WS/MP428/2025-2026/257596_250000,EXACT,WS/MP428/2025-2026/257596,PRA INFRA PROJECTS,250000.0,,True,Rate-Card Baseline detected (Statutory Rate),MEDIUM,LEGITIMATE_RATE_CARD
DUP_EXACT_WS/MP444/2025-2026/178196_103250,EXACT,WS/MP444/2025-2026/178196,BHAVANI TREDERS,103250.0,,False,Work+Vendor+Amount+Date exact match,CRITICAL,NEW
DUP_EXACT_WS/MP18050/2025-2026/249662_250000,EXACT,WS/MP18050/2025-2026/249662,A K ENTERPRISES,250000.0,,True,Rate-Card Baseline detected (Statutory Rate),MEDIUM,LEGITIMATE_RATE_CARD
DUP_EXACT_WS/MP18050/2025-2026/249663_250000,EXACT,WS/MP18050/2025-2026/249663,A K ENTERPRISES,250000.0,,True,Rate-Card Baseline detected (Statutory Rate),MEDIUM,LEGITIMATE_RATE_CARD
DUP_EXACT_WS/MP18050/2025-2026/249664_250000,EXACT,WS/MP18050/2025-2026/249664,A K ENTERPRISES,250000.0,,True,Rate-Card Baseline detected (Statutory Rate),MEDIUM,LEGITIMATE_RATE_CARD
DUP_EXACT_WS/MP18050/2025-2026/249665_250000,EXACT,WS/MP18050/2025-2026/249665,A K ENTERPRISES,250000.0,,True,Rate-Card Baseline detected (Statutory Rate),MEDIUM,LEGITIMATE_RATE_CARD
DUP_EXACT_WS/MP18050/2025-2026/249657_250000,EXACT,WS/MP18050/2025-2026/249657,A K ENTERPRISES,250000.0,,True,Rate-Card Baseline detected (Statutory Rate),MEDIUM,LEGITIMATE_RATE_CARD
DUP_EXACT_WS/MP18050/2025-2026/249644_250000,EXACT,WS/MP18050/2025-2026/249644,A K ENTERPRISES,250000.0,,True,Rate-Card Baseline detected (Statutory Rate),MEDIUM,LEGITIMATE_RATE_CARD
DUP_EXACT_WS/MP18050/2025-2026/249653_250000,EXACT,WS/MP18050/2025-2026/249653,A K ENTERPRISES,250000.0,,True,Rate-Card Baseline detected (Statutory Rate),MEDIUM,LEGITIMATE_RATE_CARD
DUP_EXACT_WS/MP18050/2025-2026/249654_250000,EXACT,WS/MP18050/2025-2026/249654,A K ENTERPRISES,250000.0,,True,Rate-Card Baseline detected (Statutory Rate),MEDIUM,LEGITIMATE_RATE_CARD
DUP_EXACT_WS/MP18309/2025-2026/248504_125000,EXACT,WS/MP18309/2025-2026/248504,SOJENDRO D SANGMA,125000.0,,True,Rate-Card Baseline detected (Statutory Rate),MEDIUM,LEGITIMATE_RATE_CARD
DUP_EXACT_WS/MP021/2025-2026/204343_16960,EXACT,WS/MP021/2025-2026/204343,KUNDAN SINGH,16960.0,,False,Work+Vendor+Amount+Date exact match,CRITICAL,NEW
DUP_EXACT_WS/MP18311/2024-2025/164297_42000,EXACT,WS/MP18311/2024-2025/164297,GURU NANAK CEMENT STORE,42000.0,,True,Rate-Card Baseline detected (Statutory Rate),MEDIUM,LEGITIMATE_RATE_CARD
DUP_EXACT_WS/MP432/2025-2026/239380_100000,EXACT,WS/MP432/2025-2026/239380,GP PATNAUN MPLADS,100000.0,,True,Rate-Card Baseline detected (Statutory Rate),MEDIUM,LEGITIMATE_RATE_CARD
DUP_EXACT_WS/MP18314/2025-2026/206709_17700,EXACT,WS/MP18314/2025-2026/206709,SHREE NIWAS FURNITURE,17700.0,,True,Rate-Card Baseline detected (Statutory Rate),MEDIUM,LEGITIMATE_RATE_CARD
DUP_EXACT_WS/MP18314/2025-2026/206709_47465,EXACT,WS/MP18314/2025-2026/206709,SHREE NIWAS FURNITURE,47465.0,,False,Work+Vendor+Amount+Date exact match,CRITICAL,NEW
DUP_EXACT_WS/MP18102/2025-2026/159146_250000,EXACT,WS/MP18102/2025-2026/159146,GRAM PANCHAYAT BAGH JANPAD PANCHAYAT BAGH,250000.0,,True,Rate-Card Baseline detected (Statutory Rate),MEDIUM,LEGITIMATE_RATE_CARD
DUP_EXACT_WS/MP356/2025-2026/236563_100000,EXACT,WS/MP356/2025-2026/236563,GRAM PANCHAYAT MALKHEDA,100000.0,,True,Rate-Card Baseline detected (Statutory Rate),MEDIUM,LEGITIMATE_RATE_CARD
DUP_EXACT_WS/MP356/2025-2026/254490_250000,EXACT,WS/MP356/2025-2026/254490,GRAM PANCHAYAT KUNDALIYA,250000.0,,True,Rate-Card Baseline detected (Statutory Rate),MEDIUM,LEGITIMATE_RATE_CARD
DUP_EXACT_WS/MP538/2025-2026/223617_150000,EXACT,WS/MP538/2025-2026/223617,APUN GHAR,150000.0,,True,Rate-Card Baseline detected (Statutory Rate),MEDIUM,LEGITIMATE_RATE_CARD
DUP_EXACT_WS/MP538/2025-2026/226943_150000,EXACT,WS/MP538/2025-2026/226943,APUN GHAR,150000.0,,True,Rate-Card Baseline detected (Statutory Rate),MEDIUM,LEGITIMATE_RATE_CARD
DUP_EXACT_WS/MP650/2025-2026/216025_60000,EXACT,WS/MP650/2025-2026/216025,VISHAL TRADERS,60000.0,,True,Rate-Card Baseline detected (Statutory Rate),MEDIUM,LEGITIMATE_RATE_CARD
DUP_EXACT_WS/MP18158/2025-2026/237063_68497,EXACT,WS/MP18158/2025-2026/237063,GOYAL MILL STORE,68497.0,,False,Work+Vendor+Amount+Date exact match,CRITICAL,NEW
DUP_EXACT_WS/MP716/2025-2026/195381_45840,EXACT,WS/MP716/2025-2026/195381,SHRI RAM INTERLOCK TILE INDUSTRY,45840.0,,True,Rate-Card Baseline detected (Statutory Rate),MEDIUM,LEGITIMATE_RATE_CARD
DUP_EXACT_WS/MP650/2025-2026/217049_50000,EXACT,WS/MP650/2025-2026/217049,SATYAM PATEL,50000.0,,True,Rate-Card Baseline detected (Statutory Rate),MEDIUM,LEGITIMATE_RATE_CARD
DUP_EXACT_WS/MP650/2025-2026/215997_66000,EXACT,WS/MP650/2025-2026/215997,BALRAM CONSTUCTION,66000.0,,True,Rate-Card Baseline detected (Statutory Rate),MEDIUM,LEGITIMATE_RATE_CARD
DUP_EXACT_WS/MP428/2025-2026/249276_225000,EXACT,WS/MP428/2025-2026/249276,GRAM PANCHAYAT GOPALPUR,225000.0,,True,Rate-Card Baseline detected (Statutory Rate),MEDIUM,LEGITIMATE_RATE_CARD
DUP_EXACT_WS/MP428/2025-2026/249275_225000,EXACT,WS/MP428/2025-2026/249275,GRAM PANCHAYAT PANDRAPANI,225000.0,,True,Rate-Card Baseline detected (Statutory Rate),MEDIUM,LEGITIMATE_RATE_CARD
DUP_EXACT_WS/MP18137/2025-2026/233766_200000,EXACT,WS/MP18137/2025-2026/233766,NONGNAH SECONDARY SCHOOL,200000.0,,True,Rate-Card Baseline detected (Statutory Rate),MEDIUM,LEGITIMATE_RATE_CARD
DUP_EXACT_WS/MP18137/2025-2026/233007_200000,EXACT,WS/MP18137/2025-2026/233007,LIMOS SAYOO,200000.0,,True,Rate-Card Baseline detected (Statutory Rate),MEDIUM,LEGITIMATE_RATE_CARD
DUP_EXACT_WS/MP719/2025-2026/219778_3861,EXACT,WS/MP719/2025-2026/219778,JEBUNA,3861.0,,True,Rate-Card Baseline detected (Statutory Rate),MEDIUM,LEGITIMATE_RATE_CARD
DUP_EXACT_WS/MP719/2025-2026/219778_10200,EXACT,WS/MP719/2025-2026/219778,SULEMAN,10200.0,,True,Rate-Card Baseline detected (Statutory Rate),MEDIUM,LEGITIMATE_RATE_CARD
DUP_EXACT_WS/MP18309/2025-2026/249378_250000,EXACT,WS/MP18309/2025-2026/249378,DOMBE K MARAK,250000.0,,True,Rate-Card Baseline detected (Statutory Rate),MEDIUM,LEGITIMATE_RATE_CARD
DUP_EXACT_WS/MP18309/2025-2026/247431_100000,EXACT,WS/MP18309/2025-2026/247431,CANIO SALGADO M SANGMA,100000.0,,True,Rate-Card Baseline detected (Statutory Rate),MEDIUM,LEGITIMATE_RATE_CARD
DUP_EXACT_WS/MP18050/2025-2026/176881_250000,EXACT,WS/MP18050/2025-2026/176881,GRAM PANCHAYAT BARDEVRI,250000.0,,True,Rate-Card Baseline detected (Statutory Rate),MEDIUM,LEGITIMATE_RATE_CARD
DUP_EXACT_WS/MP18309/2025-2026/245153_150000,EXACT,WS/MP18309/2025-2026/245153,SINBATH MARAK,150000.0,,True,Rate-Card Baseline detected (Statutory Rate),MEDIUM,LEGITIMATE_RATE_CARD
DUP_EXACT_WS/MP428/2025-2026/238066_250000,EXACT,WS/MP428/2025-2026/238066,GRAM PANCHAYAT KHAMHARIYA,250000.0,,True,Rate-Card Baseline detected (Statutory Rate),MEDIUM,LEGITIMATE_RATE_CARD
DUP_EXACT_WS/MP428/2025-2026/238063_250000,EXACT,WS/MP428/2025-2026/238063,GRAM PANCHAYAT BARENDA,250000.0,,True,Rate-Card Baseline detected (Statutory Rate),MEDIUM,LEGITIMATE_RATE_CARD
DUP_EXACT_WS/MP18309/2025-2026/236725_100000,EXACT,WS/MP18309/2025-2026/236725,LUMALITHA SHIRA,100000.0,,True,Rate-Card Baseline detected (Statutory Rate),MEDIUM,LEGITIMATE_RATE_CARD
DUP_EXACT_WS/MP18309/2025-2026/228141_150000,EXACT,WS/MP18309/2025-2026/228141,TAMARITHA K MARAK,150000.0,,True,Rate-Card Baseline detected (Statutory Rate),MEDIUM,LEGITIMATE_RATE_CARD
DUP_EXACT_WS/MP18309/2025-2026/230811_250000,EXACT,WS/MP18309/2025-2026/230811,SAHITA D SHIRA,250000.0,,True,Rate-Card Baseline detected (Statutory Rate),MEDIUM,LEGITIMATE_RATE_CARD
DUP_EXACT_WS/MP18309/2025-2026/228138_250000,EXACT,WS/MP18309/2025-2026/228138,MERCILDA MARAK,250000.0,,True,Rate-Card Baseline detected (Statutory Rate),MEDIUM,LEGITIMATE_RATE_CARD
DUP_EXACT_WS/MP18137/2025-2026/232263_375000,EXACT,WS/MP18137/2025-2026/232263,SEIN RAIJ BATAW,375000.0,,True,Rate-Card Baseline detected (Statutory Rate),MEDIUM,LEGITIMATE_RATE_CARD
DUP_EXACT_WS/MP18155/2025-2026/247635_45600,EXACT,WS/MP18155/2025-2026/247635,KANWAR TILE FACTORY,45600.0,,True,Rate-Card Baseline detected (Statutory Rate),MEDIUM,LEGITIMATE_RATE_CARD
DUP_EXACT_WS/MP18309/2025-2026/248449_150000,EXACT,WS/MP18309/2025-2026/248449,CHERAK B MARAK,150000.0,,True,Rate-Card Baseline detected (Statutory Rate),MEDIUM,LEGITIMATE_RATE_CARD
DUP_EXACT_WS/MP719/2025-2026/161813_7425,EXACT,WS/MP719/2025-2026/161813,PREM,7425.0,,True,Rate-Card Baseline detected (Statutory Rate),MEDIUM,LEGITIMATE_RATE_CARD
DUP_EXACT_WS/MP18137/2025-2026/233691_375000,EXACT,WS/MP18137/2025-2026/233691,RISHANSTAR UMSONG,375000.0,,True,Rate-Card Baseline detected (Statutory Rate),MEDIUM,LEGITIMATE_RATE_CARD
DUP_EXACT_WS/MP021/2025-2026/175486_14112,EXACT,WS/MP021/2025-2026/175486,NAVEEN CHANDRA,14112.0,,True,Rate-Card Baseline detected (Statutory Rate),MEDIUM,LEGITIMATE_RATE_CARD
DUP_EXACT_WS/MP716/2025-2026/210355_97840,EXACT,WS/MP716/2025-2026/210355,GURU TEG BHADUR CEMENT PIPE INDUSTRIES,97840.0,,False,Work+Vendor+Amount+Date exact match,CRITICAL,NEW
DUP_EXACT_WS/MP18309/2025-2026/245361_200000,EXACT,WS/MP18309/2025-2026/245361,TRINATH B MARAK,200000.0,,True,Rate-Card Baseline detected (Statutory Rate),MEDIUM,LEGITIMATE_RATE_CARD
DUP_EXACT_WS/MP18309/2025-2026/195511_150000,EXACT,WS/MP18309/2025-2026/195511,MATHILLA MARAK,150000.0,,True,Rate-Card Baseline detected (Statutory Rate),MEDIUM,LEGITIMATE_RATE_CARD
DUP_EXACT_WS/MP18137/2025-2026/233256_150000,EXACT,WS/MP18137/2025-2026/233256,KHIHLANG L P SCHOOL MYNKREM SHANGPUNG,150000.0,,True,Rate-Card Baseline detected (Statutory Rate),MEDIUM,LEGITIMATE_RATE_CARD
DUP_EXACT_WS/MP18098/2025-2026/176784_90000,EXACT,WS/MP18098/2025-2026/176784,TRATIYA RAJYA VITTA AYOG GRAM PANCHYAYAT RAMGARI,90000.0,,True,Rate-Card Baseline detected (Statutory Rate),MEDIUM,LEGITIMATE_RATE_CARD
DUP_EXACT_WS/MP18354/2025-2026/177628_250000,EXACT,WS/MP18354/2025-2026/177628,GHANSHYAM DAS AGRAWAL,250000.0,,True,Rate-Card Baseline detected (Statutory Rate),MEDIUM,LEGITIMATE_RATE_CARD
DUP_EXACT_WS/MP18109/2025-2026/244408_250000,EXACT,WS/MP18109/2025-2026/244408,GRAM PANCHAYAT GADA BABAN SINGH,250000.0,,True,Rate-Card Baseline detected (Statutory Rate),MEDIUM,LEGITIMATE_RATE_CARD
DUP_EXACT_WS/MP18137/2025-2026/161987_350000,EXACT,WS/MP18137/2025-2026/161987,ARBINGSTONE SHYLLA,350000.0,,True,Rate-Card Baseline detected (Statutory Rate),MEDIUM,LEGITIMATE_RATE_CARD
DUP_EXACT_WS/MP18137/2025-2026/161360_125000,EXACT,WS/MP18137/2025-2026/161360,MANAGING COMMITTEE MARKASA SECONDARY SCHOOL,125000.0,,True,Rate-Card Baseline detected (Statutory Rate),MEDIUM,LEGITIMATE_RATE_CARD
DUP_EXACT_WS/MP719/2025-2026/162511_12750,EXACT,WS/MP719/2025-2026/162511,RAMPRASAD,12750.0,,True,Rate-Card Baseline detected (Statutory Rate),MEDIUM,LEGITIMATE_RATE_CARD
DUP_EXACT_WS/MP18314/2025-2026/177344_45820,EXACT,WS/MP18314/2025-2026/177344,DHANAULA PUMP STORE,45820.0,,False,Work+Vendor+Amount+Date exact match,CRITICAL,NEW
DUP_EXACT_WS/MP18314/2025-2026/177344_12980,EXACT,WS/MP18314/2025-2026/177344,DHANAULA PUMP STORE,12980.0,,False,Work+Vendor+Amount+Date exact match,CRITICAL,NEW
DUP_EXACT_WS/MP18158/2025-2026/225731_10000,EXACT,WS/MP18158/2025-2026/225731,BRIJESH,10000.0,,True,Rate-Card Baseline detected (Statutory Rate),MEDIUM,LEGITIMATE_RATE_CARD
DUP_EXACT_WS/MP18104/2025-2026/222746_75000,EXACT,WS/MP18104/2025-2026/222746,SACHIV GRAM PANCHAYAT BAMHANGAONKALA,75000.0,,True,Rate-Card Baseline detected (Statutory Rate),MEDIUM,LEGITIMATE_RATE_CARD
DUP_EXACT_WS/MP18067/2025-2026/214182_48651,EXACT,WS/MP18067/2025-2026/214182,SHREE SHYAM INTERLOCK TILE,48651.0,,False,Work+Vendor+Amount+Date exact match,CRITICAL,NEW
DUP_EXACT_WS/MP18067/2025-2026/214182_49291,EXACT,WS/MP18067/2025-2026/214182,SHREE SHYAM INTERLOCK TILE,49291.0,,False,Work+Vendor+Amount+Date exact match,CRITICAL,NEW
DUP_EXACT_WS/MP18309/2025-2026/155234_100000,EXACT,WS/MP18309/2025-2026/155234,ASHLEY CH MOMIN,100000.0,,True,Rate-Card Baseline detected (Statutory Rate),MEDIUM,LEGITIMATE_RATE_CARD
DUP_EXACT_WS/MP18309/2025-2026/248446_150000,EXACT,WS/MP18309/2025-2026/248446,ANDRESH CH MARAK,150000.0,,True,Rate-Card Baseline detected (Statutory Rate),MEDIUM,LEGITIMATE_RATE_CARD
DUP_EXACT_WS/MP18155/2025-2026/239125_57000,EXACT,WS/MP18155/2025-2026/239125,PARMAR TILES,57000.0,,True,Rate-Card Baseline detected (Statutory Rate),MEDIUM,LEGITIMATE_RATE_CARD
DUP_EXACT_WS/MP18166/2025-2026/225532_12961,EXACT,WS/MP18166/2025-2026/225532,SATA RAM,12961.0,,True,Rate-Card Baseline detected (Statutory Rate),MEDIUM,LEGITIMATE_RATE_CARD
DUP_EXACT_WS/MP18158/2025-2026/185741_28000,EXACT,WS/MP18158/2025-2026/185741,MANGA SINGH,28000.0,,True,Rate-Card Baseline detected (Statutory Rate),MEDIUM,LEGITIMATE_RATE_CARD
DUP_EXACT_WS/MP18158/2025-2026/217320_28000,EXACT,WS/MP18158/2025-2026/217320,MANGA SINGH,28000.0,,True,Rate-Card Baseline detected (Statutory Rate),MEDIUM,LEGITIMATE_RATE_CARD
DUP_EXACT_WS/MP18067/2025-2026/178881_36040,EXACT,WS/MP18067/2025-2026/178881,SHREE HANUMAN BRICKS,36040.0,,True,Rate-Card Baseline detected (Statutory Rate),MEDIUM,LEGITIMATE_RATE_CARD
DUP_EXACT_WS/MP18067/2025-2026/178881_39644,EXACT,WS/MP18067/2025-2026/178881,SHREE HANUMAN BRICKS,39644.0,,False,Work+Vendor+Amount+Date exact match,CRITICAL,NEW
DUP_EXACT_WS/MP18375/2025-2026/187760_625000,EXACT,WS/MP18375/2025-2026/187760,GP RAFEEQUEGANJ S,625000.0,,True,Rate-Card Baseline detected (Statutory Rate),MEDIUM,LEGITIMATE_RATE_CARD
DUP_EXACT_WS/MP18021/2025-2026/234647_200000,EXACT,WS/MP18021/2025-2026/234647,GOALPARA SCIENCE LAB PHASE 2,200000.0,,True,Rate-Card Baseline detected (Statutory Rate),MEDIUM,LEGITIMATE_RATE_CARD
DUP_EXACT_WS/MP428/2025-2026/250657_75000,EXACT,WS/MP428/2025-2026/250657,NLECTRA,75000.0,,True,Rate-Card Baseline detected (Statutory Rate),MEDIUM,LEGITIMATE_RATE_CARD
DUP_EXACT_WS/MP428/2025-2026/250658_75000,EXACT,WS/MP428/2025-2026/250658,NLECTRA,75000.0,,True,Rate-Card Baseline detected (Statutory Rate),MEDIUM,LEGITIMATE_RATE_CARD
DUP_EXACT_WS/MP380/2025-2026/209175_49416,EXACT,WS/MP380/2025-2026/209175,TATLA DEPARTMENTAL STORE,49416.0,,False,Work+Vendor+Amount+Date exact match,CRITICAL,NEW
DUP_EXACT_WS/MP380/2025-2026/209177_49686,EXACT,WS/MP380/2025-2026/209177,WAHEGURU STEEL SHUTTERING STORE,49686.0,,False,Work+Vendor+Amount+Date exact match,CRITICAL,NEW
DUP_EXACT_WS/MP18137/2025-2026/232259_200000,EXACT,WS/MP18137/2025-2026/232259,LOCAL COMMITTEE NONGSNING VILLAGE,200000.0,,True,Rate-Card Baseline detected (Statutory Rate),MEDIUM,LEGITIMATE_RATE_CARD
DUP_EXACT_WS/MP18309/2025-2026/208908_200000,EXACT,WS/MP18309/2025-2026/208908,WELLAYDAY SANGMA,200000.0,,True,Rate-Card Baseline detected (Statutory Rate),MEDIUM,LEGITIMATE_RATE_CARD
DUP_EXACT_WS/MP18309/2025-2026/208910_150000,EXACT,WS/MP18309/2025-2026/208910,SENGMITHA M SANGMA,150000.0,,True,Rate-Card Baseline detected (Statutory Rate),MEDIUM,LEGITIMATE_RATE_CARD
DUP_EXACT_WS/MP18309/2025-2026/208909_200000,EXACT,WS/MP18309/2025-2026/208909,WILLING D SHIRA,200000.0,,True,Rate-Card Baseline detected (Statutory Rate),MEDIUM,LEGITIMATE_RATE_CARD
DUP_EXACT_WS/MP380/2025-2026/209159_23190,EXACT,WS/MP380/2025-2026/209159,BALVIR SINGH,23190.0,,False,Work+Vendor+Amount+Date exact match,CRITICAL,NEW
DUP_EXACT_WS/MP18137/2025-2026/162011_150000,EXACT,WS/MP18137/2025-2026/162011,CHOSTER THANGKHIEW,150000.0,,True,Rate-Card Baseline detected (Statutory Rate),MEDIUM,LEGITIMATE_RATE_CARD
DUP_EXACT_WS/MP18137/2025-2026/162026_250000,EXACT,WS/MP18137/2025-2026/162026,FRANCIS LAPANG,250000.0,,True,Rate-Card Baseline detected (Statutory Rate),MEDIUM,LEGITIMATE_RATE_CARD
DUP_EXACT_WS/MP18158/2025-2026/196428_45840,EXACT,WS/MP18158/2025-2026/196428,HIGH RISE ENGINEERS PRIVATE LIMITED,45840.0,,True,Rate-Card Baseline detected (Statutory Rate),MEDIUM,LEGITIMATE_RATE_CARD
DUP_EXACT_WS/MP380/2025-2026/193121_50000,EXACT,WS/MP380/2025-2026/193121,HARRAI BELDING WORKS,50000.0,,True,Rate-Card Baseline detected (Statutory Rate),MEDIUM,LEGITIMATE_RATE_CARD
DUP_EXACT_WS/MP18022/2025-2026/170947_250000,EXACT,WS/MP18022/2025-2026/170947,S D ENTERPRISE,250000.0,,True,Rate-Card Baseline detected (Statutory Rate),MEDIUM,LEGITIMATE_RATE_CARD
DUP_EXACT_WS/MP428/2025-2026/239170_250000,EXACT,WS/MP428/2025-2026/239170,GRAM PANCHAYAT BHANDARPUR,250000.0,,True,Rate-Card Baseline detected (Statutory Rate),MEDIUM,LEGITIMATE_RATE_CARD
DUP_EXACT_WS/MP18158/2025-2026/176998_14000,EXACT,WS/MP18158/2025-2026/176998,HARJEET SINGH,14000.0,,True,Rate-Card Baseline detected (Statutory Rate),MEDIUM,LEGITIMATE_RATE_CARD
DUP_EXACT_WS/MP432/2025-2026/216494_50000,EXACT,WS/MP432/2025-2026/216494,GP KAKAR MPLADS,50000.0,,True,Rate-Card Baseline detected (Statutory Rate),MEDIUM,LEGITIMATE_RATE_CARD
DUP_EXACT_WS/MP18309/2025-2026/233217_125000,EXACT,WS/MP18309/2025-2026/233217,ONUBALLA S MARAK,125000.0,,True,Rate-Card Baseline detected (Statutory Rate),MEDIUM,LEGITIMATE_RATE_CARD
DUP_EXACT_WS/MP18166/2025-2026/225532_3861,EXACT,WS/MP18166/2025-2026/225532,ANTRI DEVI,3861.0,,True,Rate-Card Baseline detected (Statutory Rate),MEDIUM,LEGITIMATE_RATE_CARD
DUP_EXACT_WS/MP18138/2025-2026/246649_260000,EXACT,WS/MP18138/2025-2026/246649,CHHINGA VENG LOCAL COUNCIL,260000.0,,True,Rate-Card Baseline detected (Statutory Rate),MEDIUM,LEGITIMATE_RATE_CARD
DUP_EXACT_WS/MP18138/2025-2026/246651_750000,EXACT,WS/MP18138/2025-2026/246651,LALTHANGMAWIA,750000.0,,True,Rate-Card Baseline detected (Statutory Rate),MEDIUM,LEGITIMATE_RATE_CARD
DUP_EXACT_WS/MP18138/2025-2026/239390_400000,EXACT,WS/MP18138/2025-2026/239390,LALTHLAMUANA CARE OF RAMHLUN SPORTS COMPLEX LOCAL COUNCIL,400000.0,,True,Rate-Card Baseline detected (Statutory Rate),MEDIUM,LEGITIMATE_RATE_CARD
DUP_EXACT_WS/MP18336/2025-2026/226674_250000,EXACT,WS/MP18336/2025-2026/226674,SARPANCH AND SACHIV KHORSI GRAM PANCHAYAT,250000.0,,True,Rate-Card Baseline detected (Statutory Rate),MEDIUM,LEGITIMATE_RATE_CARD
DUP_EXACT_WS/MP380/2025-2026/199112_35000,EXACT,WS/MP380/2025-2026/199112,DHIR BUILDING MATERIAL STORE,35000.0,,True,Rate-Card Baseline detected (Statutory Rate),MEDIUM,LEGITIMATE_RATE_CARD
DUP_EXACT_WS/MP654/2025-2026/207468_750000,EXACT,WS/MP654/2025-2026/207468,GRAM PANCHAYAT KATIRA,750000.0,,True,Rate-Card Baseline detected (Statutory Rate),MEDIUM,LEGITIMATE_RATE_CARD
DUP_EXACT_WS/MP18158/2025-2026/192642_10150,EXACT,WS/MP18158/2025-2026/192642,RAJ KUMAR,10150.0,,False,Work+Vendor+Amount+Date exact match,CRITICAL,NEW
DUP_EXACT_WS/MP716/2025-2026/210099_8425,EXACT,WS/MP716/2025-2026/210099,GAGGA RAM BANARSI DAS,8425.0,,False,Work+Vendor+Amount+Date exact match,CRITICAL,NEW
DUP_EXACT_WS/MP598/2025-2026/236497_100000,EXACT,WS/MP598/2025-2026/236497,GP RAST,100000.0,,True,Rate-Card Baseline detected (Statutory Rate),MEDIUM,LEGITIMATE_RATE_CARD
DUP_EXACT_WS/MP18162/2025-2026/187406_9750,EXACT,WS/MP18162/2025-2026/187406,KALURAM,9750.0,,True,Rate-Card Baseline detected (Statutory Rate),MEDIUM,LEGITIMATE_RATE_CARD
DUP_EXACT_WS/MP18162/2025-2026/187406_3250,EXACT,WS/MP18162/2025-2026/187406,SATYNARAYAN,3250.0,,True,Rate-Card Baseline detected (Statutory Rate),MEDIUM,LEGITIMATE_RATE_CARD
DUP_EXACT_WS/MP432/2025-2026/206281_100000,EXACT,WS/MP432/2025-2026/206281,GP BINGA,100000.0,,True,Rate-Card Baseline detected (Statutory Rate),MEDIUM,LEGITIMATE_RATE_CARD
DUP_EXACT_WS/MP643/2025-2026/177006_48300,EXACT,WS/MP643/2025-2026/177006,MESERS DEEPURAJ BILDING MATERIAL AND FURNITURE,48300.0,,True,Rate-Card Baseline detected (Statutory Rate),MEDIUM,LEGITIMATE_RATE_CARD
DUP_EXACT_WS/MP18309/2025-2026/233219_200000,EXACT,WS/MP18309/2025-2026/233219,LOYOLA SCHOOL,200000.0,,True,Rate-Card Baseline detected (Statutory Rate),MEDIUM,LEGITIMATE_RATE_CARD
DUP_EXACT_WS/MP18309/2025-2026/236820_250000,EXACT,WS/MP18309/2025-2026/236820,MR ALBERT R SANGMA,250000.0,,True,Rate-Card Baseline detected (Statutory Rate),MEDIUM,LEGITIMATE_RATE_CARD
DUP_EXACT_WS/MP598/2025-2026/163712_50000,EXACT,WS/MP598/2025-2026/163712,GP KOTI BOUNCH,50000.0,,True,Rate-Card Baseline detected (Statutory Rate),MEDIUM,LEGITIMATE_RATE_CARD
DUP_EXACT_WS/MP18138/2025-2026/229941_125000,EXACT,WS/MP18138/2025-2026/229941,MUP AINAWN VENG,125000.0,,True,Rate-Card Baseline detected (Statutory Rate),MEDIUM,LEGITIMATE_RATE_CARD
DUP_EXACT_WS/MP18309/2025-2026/236749_250000,EXACT,WS/MP18309/2025-2026/236749,DURAMA MOTOR SPORTS AND ADVENTURES,250000.0,,True,Rate-Card Baseline detected (Statutory Rate),MEDIUM,LEGITIMATE_RATE_CARD
DUP_EXACT_WS/MP716/2025-2026/189732_16000,EXACT,WS/MP716/2025-2026/189732,THE AGGARWAL GRAM UDYOG SAMTI,16000.0,,True,Rate-Card Baseline detected (Statutory Rate),MEDIUM,LEGITIMATE_RATE_CARD
DUP_EXACT_WS/MP716/2025-2026/189732_25600,EXACT,WS/MP716/2025-2026/189732,THE AGGARWAL GRAM UDYOG SAMTI,25600.0,,False,Work+Vendor+Amount+Date exact match,CRITICAL,NEW
DUP_EXACT_WS/MP18021/2025-2026/234633_200000,EXACT,WS/MP18021/2025-2026/234633,CONSTRUCTION OF SCIENCE LABORATORY BUILDING AT GOALPARA COLLEGE,200000.0,,True,Rate-Card Baseline detected (Statutory Rate),MEDIUM,LEGITIMATE_RATE_CARD
DUP_EXACT_WS/MP716/2025-2026/226781_31250,EXACT,WS/MP716/2025-2026/226781,BACHAN INTERLOCK TILES,31250.0,,False,Work+Vendor+Amount+Date exact match,CRITICAL,NEW
DUP_EXACT_WS/MP568/2025-2026/215568_125000,EXACT,WS/MP568/2025-2026/215568,SARPANCH SACHIV GRAM PANCHAYAT UMARPOTI,125000.0,,True,Rate-Card Baseline detected (Statutory Rate),MEDIUM,LEGITIMATE_RATE_CARD
DUP_EXACT_WS/MP18157/2024-2025/172494_45000,EXACT,WS/MP18157/2024-2025/172494,ESS KAY BRICKS INDUSTRIES BKO,45000.0,,True,Rate-Card Baseline detected (Statutory Rate),MEDIUM,LEGITIMATE_RATE_CARD
DUP_EXACT_WS/MP18137/2025-2026/233669_400000,EXACT,WS/MP18137/2025-2026/233669,NIAMTRE SAPHAI,400000.0,,True,Rate-Card Baseline detected (Statutory Rate),MEDIUM,LEGITIMATE_RATE_CARD
DUP_EXACT_WS/MP18309/2025-2026/221617_150000,EXACT,WS/MP18309/2025-2026/221617,SATTIN R MARAK,150000.0,,True,Rate-Card Baseline detected (Statutory Rate),MEDIUM,LEGITIMATE_RATE_CARD
DUP_EXACT_WS/MP18048/2025-2026/197088_175000,EXACT,WS/MP18048/2025-2026/197088,RAMAN ENTERPRISES,175000.0,,True,Rate-Card Baseline detected (Statutory Rate),MEDIUM,LEGITIMATE_RATE_CARD
DUP_EXACT_WS/MP18169/2025-2026/187596_9100,EXACT,WS/MP18169/2025-2026/187596,MANOJ KUMAR,9100.0,,True,Rate-Card Baseline detected (Statutory Rate),MEDIUM,LEGITIMATE_RATE_CARD
DUP_EXACT_WS/MP18169/2025-2026/187596_3705,EXACT,WS/MP18169/2025-2026/187596,DILIP KUMAR,3705.0,,True,Rate-Card Baseline detected (Statutory Rate),MEDIUM,LEGITIMATE_RATE_CARD
DUP_EXACT_WS/MP18137/2025-2026/233637_150000,EXACT,WS/MP18137/2025-2026/233637,DORBAR SHNONG MULUM,150000.0,,True,Rate-Card Baseline detected (Statutory Rate),MEDIUM,LEGITIMATE_RATE_CARD
DUP_EXACT_WS/MP654/2025-2026/230681_500000,EXACT,WS/MP654/2025-2026/230681,GRAM PANCHAYAT KHAMHARIYA BAAGRI,500000.0,,True,Rate-Card Baseline detected (Statutory Rate),MEDIUM,LEGITIMATE_RATE_CARD
DUP_EXACT_WS/MP654/2025-2026/230680_200000,EXACT,WS/MP654/2025-2026/230680,GRAM PANCHAYAT KHAMHARIYA BAAGRI,200000.0,,True,Rate-Card Baseline detected (Statutory Rate),MEDIUM,LEGITIMATE_RATE_CARD
DUP_EXACT_WS/MP18158/2025-2026/176982_14700,EXACT,WS/MP18158/2025-2026/176982,GURPREET SINGH,14700.0,,True,Rate-Card Baseline detected (Statutory Rate),MEDIUM,LEGITIMATE_RATE_CARD
DUP_EXACT_WS/MP428/2025-2026/206127_150000,EXACT,WS/MP428/2025-2026/206127,GRAM PANCHAYAT KAUDIKASA,150000.0,,True,Rate-Card Baseline detected (Statutory Rate),MEDIUM,LEGITIMATE_RATE_CARD
DUP_EXACT_WS/MP428/2025-2026/206126_150000,EXACT,WS/MP428/2025-2026/206126,GRAM PANCHAYAT MURETITOLA,150000.0,,True,Rate-Card Baseline detected (Statutory Rate),MEDIUM,LEGITIMATE_RATE_CARD
DUP_EXACT_WS/MP18158/2025-2026/225721_28000,EXACT,WS/MP18158/2025-2026/225721,KRISHAN SINGH,28000.0,,True,Rate-Card Baseline detected (Statutory Rate),MEDIUM,LEGITIMATE_RATE_CARD
DUP_EXACT_WS/MP18155/2025-2026/184548_28000,EXACT,WS/MP18155/2025-2026/184548,MS BAL AND  CO,28000.0,,True,Rate-Card Baseline detected (Statutory Rate),MEDIUM,LEGITIMATE_RATE_CARD
DUP_EXACT_WS/MP18170/2025-2026/194491_2850,EXACT,WS/MP18170/2025-2026/194491,RAJENDRA KUMAR,2850.0,,True,Rate-Card Baseline detected (Statutory Rate),MEDIUM,LEGITIMATE_RATE_CARD
DUP_EXACT_WS/MP18051/2025-2026/205873_250000,EXACT,WS/MP18051/2025-2026/205873,GRAM PANCHAYAT SALHEJHARIYA,250000.0,,True,Rate-Card Baseline detected (Statutory Rate),MEDIUM,LEGITIMATE_RATE_CARD
DUP_EXACT_WS/MP638/2025-2026/235360_103819,EXACT,WS/MP638/2025-2026/235360,GRAM PANCHAYAT TANGA,103819.0,,True,Rate-Card Baseline detected (Statutory Rate),MEDIUM,LEGITIMATE_RATE_CARD
DUP_EXACT_WS/MP432/2025-2026/206282_100000,EXACT,WS/MP432/2025-2026/206282,GP SAKLANA,100000.0,,True,Rate-Card Baseline detected (Statutory Rate),MEDIUM,LEGITIMATE_RATE_CARD
DUP_EXACT_WS/MP18155/2025-2026/192796_18000,EXACT,WS/MP18155/2025-2026/192796,RR FABRICATER,18000.0,,True,Rate-Card Baseline detected (Statutory Rate),MEDIUM,LEGITIMATE_RATE_CARD
DUP_EXACT_WS/MP18155/2025-2026/192796_19500,EXACT,WS/MP18155/2025-2026/192796,RR FABRICATER,19500.0,,True,Rate-Card Baseline detected (Statutory Rate),MEDIUM,LEGITIMATE_RATE_CARD
DUP_EXACT_WS/MP18137/2025-2026/162022_350000,EXACT,WS/MP18137/2025-2026/162022,BALASHAN SYIEM,350000.0,,True,Rate-Card Baseline detected (Statutory Rate),MEDIUM,LEGITIMATE_RATE_CARD
DUP_EXACT_WS/MP18158/2025-2026/185741_34980,EXACT,WS/MP18158/2025-2026/185741,GUPTA BRICKS CO,34980.0,,False,Work+Vendor+Amount+Date exact match,CRITICAL,NEW
DUP_EXACT_WS/MP18336/2025-2026/221789_500000,EXACT,WS/MP18336/2025-2026/221789,GRAM PANCHAYAT MUJGAHAN,500000.0,,True,Rate-Card Baseline detected (Statutory Rate),MEDIUM,LEGITIMATE_RATE_CARD
DUP_EXACT_WS/MP18328/2025-2026/208276_100000,EXACT,WS/MP18328/2025-2026/208276,GRAM PANCHAYAT SALAPAR,100000.0,,True,Rate-Card Baseline detected (Statutory Rate),MEDIUM,LEGITIMATE_RATE_CARD
DUP_EXACT_WS/MP18155/2025-2026/188544_42000,EXACT,WS/MP18155/2025-2026/188544,MS WALIA BRICKS,42000.0,,True,Rate-Card Baseline detected (Statutory Rate),MEDIUM,LEGITIMATE_RATE_CARD
DUP_EXACT_WS/MP18104/2025-2026/249552_75000,EXACT,WS/MP18104/2025-2026/249552,GP RAMPURA JP UDAIPURA,75000.0,,True,Rate-Card Baseline detected (Statutory Rate),MEDIUM,LEGITIMATE_RATE_CARD
DUP_EXACT_WS/MP18102/2025-2026/218813_250000,EXACT,WS/MP18102/2025-2026/218813,GRAM PANCHAYAT KACHHWANYA JANPAD PANCHAYAT DHARMPURI,250000.0,,True,Rate-Card Baseline detected (Statutory Rate),MEDIUM,LEGITIMATE_RATE_CARD
DUP_EXACT_WS/MP18170/2025-2026/194491_8000,EXACT,WS/MP18170/2025-2026/194491,MAHAVEER PRASHAD SAINI,8000.0,,True,Rate-Card Baseline detected (Statutory Rate),MEDIUM,LEGITIMATE_RATE_CARD
DUP_EXACT_WS/MP18314/2025-2026/220987_44250,EXACT,WS/MP18314/2025-2026/220987,GARG ENTERPRISES,44250.0,,False,Work+Vendor+Amount+Date exact match,CRITICAL,NEW
DUP_EXACT_WS/MP18167/2025-2026/228438_10830,EXACT,WS/MP18167/2025-2026/228438,OMPRAKASH,10830.0,,True,Rate-Card Baseline detected (Statutory Rate),MEDIUM,LEGITIMATE_RATE_CARD
DUP_EXACT_WS/MP598/2025-2026/226271_125000,EXACT,WS/MP598/2025-2026/226271,GP MILLAH,125000.0,,True,Rate-Card Baseline detected (Statutory Rate),MEDIUM,LEGITIMATE_RATE_CARD
DUP_EXACT_WS/MP18069/2025-2026/216984_100000,EXACT,WS/MP18069/2025-2026/216984,GP KOTHI JHIKLI,100000.0,,True,Rate-Card Baseline detected (Statutory Rate),MEDIUM,LEGITIMATE_RATE_CARD
DUP_EXACT_WS/MP18069/2025-2026/216977_100000,EXACT,WS/MP18069/2025-2026/216977,GP MUHALKAR,100000.0,,True,Rate-Card Baseline detected (Statutory Rate),MEDIUM,LEGITIMATE_RATE_CARD
DUP_EXACT_WS/MP18309/2025-2026/244226_150000,EXACT,WS/MP18309/2025-2026/244226,DEVIKA SANGMA,150000.0,,True,Rate-Card Baseline detected (Statutory Rate),MEDIUM,LEGITIMATE_RATE_CARD
DUP_EXACT_WS/MP18155/2025-2026/249395_45500,EXACT,WS/MP18155/2025-2026/249395,PUNJAB TUBBEWALL,45500.0,,True,Rate-Card Baseline detected (Statutory Rate),MEDIUM,LEGITIMATE_RATE_CARD
DUP_EXACT_WS/MP716/2025-2026/203953_72000,EXACT,WS/MP716/2025-2026/203953,MS RAJINDER SINGH BHAGWANT SINGH AND CO,72000.0,,True,Rate-Card Baseline detected (Statutory Rate),MEDIUM,LEGITIMATE_RATE_CARD
DUP_EXACT_WS/MP716/2025-2026/203953_28650,EXACT,WS/MP716/2025-2026/203953,PUNJAB INTERLOCK TILES,28650.0,,False,Work+Vendor+Amount+Date exact match,CRITICAL,NEW
DUP_EXACT_WS/MP429/2025-2026/239866_150000,EXACT,WS/MP429/2025-2026/239866,GRAM PANCHAYAT PIPERBAHRA,150000.0,,True,Rate-Card Baseline detected (Statutory Rate),MEDIUM,LEGITIMATE_RATE_CARD
DUP_EXACT_WS/MP18158/2025-2026/201413_48301,EXACT,WS/MP18158/2025-2026/201413,MS LUXMI BKO,48301.0,,False,Work+Vendor+Amount+Date exact match,CRITICAL,NEW
DUP_EXACT_WS/MP598/2025-2026/227285_100000,EXACT,WS/MP598/2025-2026/227285,NERI,100000.0,,True,Rate-Card Baseline detected (Statutory Rate),MEDIUM,LEGITIMATE_RATE_CARD
DUP_EXACT_WS/MP18314/2025-2026/220987_45840,EXACT,WS/MP18314/2025-2026/220987,GOYAL CEMENT AND IRON STORE,45840.0,,True,Rate-Card Baseline detected (Statutory Rate),MEDIUM,LEGITIMATE_RATE_CARD
DUP_EXACT_WS/MP18137/2025-2026/162001_200000,EXACT,WS/MP18137/2025-2026/162001,BRIGHTSTONE BEY,200000.0,,True,Rate-Card Baseline detected (Statutory Rate),MEDIUM,LEGITIMATE_RATE_CARD
DUP_EXACT_WS/MP18314/2025-2026/220987_47600,EXACT,WS/MP18314/2025-2026/220987,MPTI RAM GARG BKO,47600.0,,False,Work+Vendor+Amount+Date exact match,CRITICAL,NEW
DUP_EXACT_WS/MP18309/2025-2026/221618_200000,EXACT,WS/MP18309/2025-2026/221618,LEARMILDFORD A SANGMA,200000.0,,True,Rate-Card Baseline detected (Statutory Rate),MEDIUM,LEGITIMATE_RATE_CARD
DUP_EXACT_WS/MP18309/2025-2026/236753_250000,EXACT,WS/MP18309/2025-2026/236753,SRI RAKHAN G MOMIN,250000.0,,True,Rate-Card Baseline detected (Statutory Rate),MEDIUM,LEGITIMATE_RATE_CARD
DUP_EXACT_WS/MP18311/2025-2026/183411_45600,EXACT,WS/MP18311/2025-2026/183411,SARDAR ENTERPRISES,45600.0,,True,Rate-Card Baseline detected (Statutory Rate),MEDIUM,LEGITIMATE_RATE_CARD
DUP_EXACT_WS/MP18155/2025-2026/192799_45600,EXACT,WS/MP18155/2025-2026/192799,SARDAR ENTERPRISES,45600.0,,True,Rate-Card Baseline detected (Statutory Rate),MEDIUM,LEGITIMATE_RATE_CARD
DUP_EXACT_WS/MP18155/2025-2026/192799_34200,EXACT,WS/MP18155/2025-2026/192799,SARDAR ENTERPRISES,34200.0,,True,Rate-Card Baseline detected (Statutory Rate),MEDIUM,LEGITIMATE_RATE_CARD
DUP_EXACT_WS/MP18155/2026-2027/269493_47460,EXACT,WS/MP18155/2026-2027/269493,SARDAR ENTERPRISES,47460.0,,False,Work+Vendor+Amount+Date exact match,CRITICAL,NEW
DUP_EXACT_WS/MP18155/2025-2026/207525_49750,EXACT,WS/MP18155/2025-2026/207525,SARDAR ENTERPRISES,49750.0,,False,Work+Vendor+Amount+Date exact match,CRITICAL,NEW
DUP_EXACT_WS/MP18155/2025-2026/245575_47930,EXACT,WS/MP18155/2025-2026/245575,SARDAR ENTERPRISES,47930.0,,False,Work+Vendor+Amount+Date exact match,CRITICAL,NEW
DUP_EXACT_WS/MP18155/2025-2026/227017_49490,EXACT,WS/MP18155/2025-2026/227017,SARDAR ENTERPRISES,49490.0,,False,Work+Vendor+Amount+Date exact match,CRITICAL,NEW
DUP_EXACT_WS/MP18155/2025-2026/228789_49490,EXACT,WS/MP18155/2025-2026/228789,SARDAR ENTERPRISES,49490.0,,False,Work+Vendor+Amount+Date exact match,CRITICAL,NEW
DUP_EXACT_WS/MP18155/2025-2026/243422_46790,EXACT,WS/MP18155/2025-2026/243422,SARDAR ENTERPRISES,46790.0,,False,Work+Vendor+Amount+Date exact match,CRITICAL,NEW
DUP_EXACT_WS/MP18311/2025-2026/183395_45220,EXACT,WS/MP18311/2025-2026/183395,SARDAR ENTERPRISES,45220.0,,False,Work+Vendor+Amount+Date exact match,CRITICAL,NEW
DUP_EXACT_WS/MP18155/2025-2026/249975_48110,EXACT,WS/MP18155/2025-2026/249975,SARDAR ENTERPRISES,48110.0,,False,Work+Vendor+Amount+Date exact match,CRITICAL,NEW
DUP_EXACT_WS/MP18155/2025-2026/235039_39900,EXACT,WS/MP18155/2025-2026/235039,SARDAR ENTERPRISES,39900.0,,True,Rate-Card Baseline detected (Statutory Rate),MEDIUM,LEGITIMATE_RATE_CARD
DUP_EXACT_WS/MP18155/2025-2026/235039_34200,EXACT,WS/MP18155/2025-2026/235039,SARDAR ENTERPRISES,34200.0,,True,Rate-Card Baseline detected (Statutory Rate),MEDIUM,LEGITIMATE_RATE_CARD
DUP_EXACT_WS/MP18309/2025-2026/229154_125000,EXACT,WS/MP18309/2025-2026/229154,MEATCHI R SANGMA,125000.0,,True,Rate-Card Baseline detected (Statutory Rate),MEDIUM,LEGITIMATE_RATE_CARD
DUP_EXACT_WS/MP360/2025-2026/219113_250000,EXACT,WS/MP360/2025-2026/219113,GRAM PANCHAYAT UPLAI,250000.0,,True,Rate-Card Baseline detected (Statutory Rate),MEDIUM,LEGITIMATE_RATE_CARD
DUP_EXACT_WS/MP18069/2025-2026/171766_75000,EXACT,WS/MP18069/2025-2026/171766,GP KARWAL,75000.0,,True,Rate-Card Baseline detected (Statutory Rate),MEDIUM,LEGITIMATE_RATE_CARD
DUP_EXACT_WS/MP18309/2025-2026/230679_200000,EXACT,WS/MP18309/2025-2026/230679,GOVENSTAR D MARAK,200000.0,,True,Rate-Card Baseline detected (Statutory Rate),MEDIUM,LEGITIMATE_RATE_CARD
DUP_EXACT_WS/MP428/2025-2026/249274_225000,EXACT,WS/MP428/2025-2026/249274,GRAM PANCHAYAT TIPANGARH,225000.0,,True,Rate-Card Baseline detected (Statutory Rate),MEDIUM,LEGITIMATE_RATE_CARD
DUP_EXACT_WS/MP428/2025-2026/239148_300000,EXACT,WS/MP428/2025-2026/239148,GRAM PANCHAYAT PINKAPAR,300000.0,,True,Rate-Card Baseline detected (Statutory Rate),MEDIUM,LEGITIMATE_RATE_CARD
DUP_EXACT_WS/MP360/2025-2026/219114_250000,EXACT,WS/MP360/2025-2026/219114,GRAM PANCHAYAT REWAS,250000.0,,True,Rate-Card Baseline detected (Statutory Rate),MEDIUM,LEGITIMATE_RATE_CARD
DUP_EXACT_WS/MP541/2025-2026/215993_30240,EXACT,WS/MP541/2025-2026/215993,AHMED ENTERPRISE,30240.0,,False,Work+Vendor+Amount+Date exact match,CRITICAL,NEW
DUP_EXACT_WS/MP18158/2025-2026/206343_49200,EXACT,WS/MP18158/2025-2026/206343,SINGLA BUILDING MATERIAL STORE,49200.0,,True,Rate-Card Baseline detected (Statutory Rate),MEDIUM,LEGITIMATE_RATE_CARD
DUP_EXACT_WS/MP18098/2025-2026/224540_300000,EXACT,WS/MP18098/2025-2026/224540,GRAM PANCHAYAT SEELADEHI,300000.0,,True,Rate-Card Baseline detected (Statutory Rate),MEDIUM,LEGITIMATE_RATE_CARD
DUP_EXACT_WS/MP18098/2025-2026/224540_50000,EXACT,WS/MP18098/2025-2026/224540,GRAM PANCHAYAT SEELADEHI,50000.0,,True,Rate-Card Baseline detected (Statutory Rate),MEDIUM,LEGITIMATE_RATE_CARD
DUP_EXACT_WS/MP18309/2025-2026/230820_250000,EXACT,WS/MP18309/2025-2026/230820,ACHIK HERITAGE PURSUITS,250000.0,,True,Rate-Card Baseline detected (Statutory Rate),MEDIUM,LEGITIMATE_RATE_CARD
DUP_EXACT_WS/MP18051/2025-2026/218646_125000,EXACT,WS/MP18051/2025-2026/218646,GRAM PANCHAYAT TUPAKBORA,125000.0,,True,Rate-Card Baseline detected (Statutory Rate),MEDIUM,LEGITIMATE_RATE_CARD
DUP_EXACT_WS/MP716/2025-2026/189591_49020,EXACT,WS/MP716/2025-2026/189591,SD TRADING COMPANY,49020.0,,True,Rate-Card Baseline detected (Statutory Rate),MEDIUM,LEGITIMATE_RATE_CARD
DUP_EXACT_WS/MP716/2025-2026/189591_47880,EXACT,WS/MP716/2025-2026/189591,SD TRADING COMPANY,47880.0,,False,Work+Vendor+Amount+Date exact match,CRITICAL,NEW
DUP_EXACT_WS/MP716/2025-2026/226662_49020,EXACT,WS/MP716/2025-2026/226662,SD TRADING COMPANY,49020.0,,True,Rate-Card Baseline detected (Statutory Rate),MEDIUM,LEGITIMATE_RATE_CARD
DUP_EXACT_WS/MP716/2025-2026/189754_45600,EXACT,WS/MP716/2025-2026/189754,SD TRADING COMPANY,45600.0,,True,Rate-Card Baseline detected (Statutory Rate),MEDIUM,LEGITIMATE_RATE_CARD
DUP_EXACT_WS/MP716/2025-2026/189754_49020,EXACT,WS/MP716/2025-2026/189754,SD TRADING COMPANY,49020.0,,True,Rate-Card Baseline detected (Statutory Rate),MEDIUM,LEGITIMATE_RATE_CARD
DUP_EXACT_WS/MP444/2025-2026/178196_82500,EXACT,WS/MP444/2025-2026/178196,PAWAN HARDWARE,82500.0,,False,Work+Vendor+Amount+Date exact match,CRITICAL,NEW
DUP_EXACT_WS/MP18278/2025-2026/221478_250000,EXACT,WS/MP18278/2025-2026/221478,GRAM PANCHAYAT BACHHAURDIH,250000.0,,True,Rate-Card Baseline detected (Statutory Rate),MEDIUM,LEGITIMATE_RATE_CARD
DUP_EXACT_WS/MP444/2025-2026/178196_23766,EXACT,WS/MP444/2025-2026/178196,MS SAWARIYA TRADERS,23766.0,,False,Work+Vendor+Amount+Date exact match,CRITICAL,NEW
DUP_EXACT_WS/MP444/2025-2026/178196_34460,EXACT,WS/MP444/2025-2026/178196,MS SAWARIYA TRADERS,34460.0,,False,Work+Vendor+Amount+Date exact match,CRITICAL,NEW
DUP_EXACT_WS/MP18138/2025-2026/229936_150000,EXACT,WS/MP18138/2025-2026/229936,MALSAWMTLUANGA,150000.0,,True,Rate-Card Baseline detected (Statutory Rate),MEDIUM,LEGITIMATE_RATE_CARD
DUP_EXACT_WS/MP18138/2025-2026/217282_250000,EXACT,WS/MP18138/2025-2026/217282,KHATLA EAST LOCAL COUNCIL,250000.0,,True,Rate-Card Baseline detected (Statutory Rate),MEDIUM,LEGITIMATE_RATE_CARD
DUP_EXACT_WS/MP18138/2025-2026/217284_250000,EXACT,WS/MP18138/2025-2026/217284,LAWIPU LOCAL COUNCIL,250000.0,,True,Rate-Card Baseline detected (Statutory Rate),MEDIUM,LEGITIMATE_RATE_CARD
DUP_EXACT_WS/MP18138/2025-2026/217286_750000,EXACT,WS/MP18138/2025-2026/217286,SALEM VENG LOCAL COUNCIL,750000.0,,True,Rate-Card Baseline detected (Statutory Rate),MEDIUM,LEGITIMATE_RATE_CARD
DUP_EXACT_WS/MP18098/2025-2026/218912_66000,EXACT,WS/MP18098/2025-2026/218912,RAJYA VITTYA AAYOG GRAM PANCHAYAT KOHKADEVER,66000.0,,True,Rate-Card Baseline detected (Statutory Rate),MEDIUM,LEGITIMATE_RATE_CARD
DUP_EXACT_WS/MP18138/2025-2026/229944_125000,EXACT,WS/MP18138/2025-2026/229944,THANBANGLOVA,125000.0,,True,Rate-Card Baseline detected (Statutory Rate),MEDIUM,LEGITIMATE_RATE_CARD
DUP_EXACT_WS/MP18069/2024-2025/165739_100000,EXACT,WS/MP18069/2024-2025/165739,GP BHOGRWAN,100000.0,,True,Rate-Card Baseline detected (Statutory Rate),MEDIUM,LEGITIMATE_RATE_CARD
DUP_EXACT_WS/MP598/2025-2026/200725_100000,EXACT,WS/MP598/2025-2026/200725,GP AJROLI,100000.0,,True,Rate-Card Baseline detected (Statutory Rate),MEDIUM,LEGITIMATE_RATE_CARD
DUP_EXACT_WS/MP18375/2025-2026/187671_300000,EXACT,WS/MP18375/2025-2026/187671,GP BERUA JP SILWANI,300000.0,,True,Rate-Card Baseline detected (Statutory Rate),MEDIUM,LEGITIMATE_RATE_CARD
DUP_EXACT_WS/MP18375/2025-2026/187669_150000,EXACT,WS/MP18375/2025-2026/187669,GP BERUA JP SILWANI,150000.0,,True,Rate-Card Baseline detected (Statutory Rate),MEDIUM,LEGITIMATE_RATE_CARD
DUP_EXACT_WS/MP18375/2025-2026/187666_150000,EXACT,WS/MP18375/2025-2026/187666,GP BERUA JP SILWANI,150000.0,,True,Rate-Card Baseline detected (Statutory Rate),MEDIUM,LEGITIMATE_RATE_CARD
DUP_EXACT_WS/MP18375/2025-2026/187727_250000,EXACT,WS/MP18375/2025-2026/187727,GP UMRAOGANJ JP OBEDULLAGANJ,250000.0,,True,Rate-Card Baseline detected (Statutory Rate),MEDIUM,LEGITIMATE_RATE_CARD
DUP_EXACT_WS/MP18375/2025-2026/187736_100000,EXACT,WS/MP18375/2025-2026/187736,GP TAJPURA JP OBEDULLAGANJ,100000.0,,True,Rate-Card Baseline detected (Statutory Rate),MEDIUM,LEGITIMATE_RATE_CARD
DUP_EXACT_WS/MP540/2025-2026/232509_450000,EXACT,WS/MP540/2025-2026/232509,BITU RAY,450000.0,,True,Rate-Card Baseline detected (Statutory Rate),MEDIUM,LEGITIMATE_RATE_CARD
DUP_EXACT_WS/MP540/2025-2026/232510_450000,EXACT,WS/MP540/2025-2026/232510,BITU RAY,450000.0,,True,Rate-Card Baseline detected (Statutory Rate),MEDIUM,LEGITIMATE_RATE_CARD
DUP_EXACT_WS/MP540/2025-2026/232511_450000,EXACT,WS/MP540/2025-2026/232511,BITU RAY,450000.0,,True,Rate-Card Baseline detected (Statutory Rate),MEDIUM,LEGITIMATE_RATE_CARD
DUP_EXACT_WS/MP540/2025-2026/232512_450000,EXACT,WS/MP540/2025-2026/232512,BITU RAY,450000.0,,True,Rate-Card Baseline detected (Statutory Rate),MEDIUM,LEGITIMATE_RATE_CARD
DUP_EXACT_WS/MP540/2025-2026/232513_450000,EXACT,WS/MP540/2025-2026/232513,BITU RAY,450000.0,,True,Rate-Card Baseline detected (Statutory Rate),MEDIUM,LEGITIMATE_RATE_CARD
DUP_EXACT_WS/MP540/2025-2026/232514_450000,EXACT,WS/MP540/2025-2026/232514,BITU RAY,450000.0,,True,Rate-Card Baseline detected (Statutory Rate),MEDIUM,LEGITIMATE_RATE_CARD
DUP_EXACT_WS/MP540/2025-2026/232515_450000,EXACT,WS/MP540/2025-2026/232515,BITU RAY,450000.0,,True,Rate-Card Baseline detected (Statutory Rate),MEDIUM,LEGITIMATE_RATE_CARD
DUP_EXACT_WS/MP540/2025-2026/232516_450000,EXACT,WS/MP540/2025-2026/232516,BITU RAY,450000.0,,True,Rate-Card Baseline detected (Statutory Rate),MEDIUM,LEGITIMATE_RATE_CARD
DUP_EXACT_WS/MP540/2025-2026/232517_450000,EXACT,WS/MP540/2025-2026/232517,BITU RAY,450000.0,,True,Rate-Card Baseline detected (Statutory Rate),MEDIUM,LEGITIMATE_RATE_CARD
DUP_EXACT_WS/MP540/2025-2026/232518_450000,EXACT,WS/MP540/2025-2026/232518,BITU RAY,450000.0,,True,Rate-Card Baseline detected (Statutory Rate),MEDIUM,LEGITIMATE_RATE_CARD
DUP_EXACT_WS/MP540/2025-2026/232519_450000,EXACT,WS/MP540/2025-2026/232519,BITU RAY,450000.0,,True,Rate-Card Baseline detected (Statutory Rate),MEDIUM,LEGITIMATE_RATE_CARD
DUP_EXACT_WS/MP540/2025-2026/232520_90000,EXACT,WS/MP540/2025-2026/232520,BITU RAY,90000.0,,True,Rate-Card Baseline detected (Statutory Rate),MEDIUM,LEGITIMATE_RATE_CARD
DUP_EXACT_WS/MP540/2025-2026/232461_498750,EXACT,WS/MP540/2025-2026/232461,MANU KUMAR,498750.0,,False,Work+Vendor+Amount+Date exact match,CRITICAL,NEW
DUP_EXACT_WS/MP540/2025-2026/232500_498750,EXACT,WS/MP540/2025-2026/232500,MANU KUMAR,498750.0,,False,Work+Vendor+Amount+Date exact match,CRITICAL,NEW
DUP_EXACT_WS/MP540/2025-2026/232501_498750,EXACT,WS/MP540/2025-2026/232501,MANU KUMAR,498750.0,,False,Work+Vendor+Amount+Date exact match,CRITICAL,NEW
DUP_EXACT_WS/MP540/2025-2026/232502_498750,EXACT,WS/MP540/2025-2026/232502,MANU KUMAR,498750.0,,False,Work+Vendor+Amount+Date exact match,CRITICAL,NEW
DUP_EXACT_WS/MP540/2025-2026/232503_498750,EXACT,WS/MP540/2025-2026/232503,MANU KUMAR,498750.0,,False,Work+Vendor+Amount+Date exact match,CRITICAL,NEW
DUP_EXACT_WS/MP540/2025-2026/232505_498750,EXACT,WS/MP540/2025-2026/232505,MANU KUMAR,498750.0,,False,Work+Vendor+Amount+Date exact match,CRITICAL,NEW
DUP_EXACT_WS/MP540/2025-2026/232504_498750,EXACT,WS/MP540/2025-2026/232504,MANU KUMAR,498750.0,,False,Work+Vendor+Amount+Date exact match,CRITICAL,NEW
DUP_EXACT_WS/MP540/2025-2026/232506_498750,EXACT,WS/MP540/2025-2026/232506,MANU KUMAR,498750.0,,False,Work+Vendor+Amount+Date exact match,CRITICAL,NEW
DUP_EXACT_WS/MP540/2025-2026/232507_498750,EXACT,WS/MP540/2025-2026/232507,MANU KUMAR,498750.0,,False,Work+Vendor+Amount+Date exact match,CRITICAL,NEW
DUP_EXACT_WS/MP540/2025-2026/232508_498750,EXACT,WS/MP540/2025-2026/232508,MANU KUMAR,498750.0,,False,Work+Vendor+Amount+Date exact match,CRITICAL,NEW
DUP_EXACT_WS/MP18069/2025-2026/216629_100000,EXACT,WS/MP18069/2025-2026/216629,GP NAGABARI,100000.0,,True,Rate-Card Baseline detected (Statutory Rate),MEDIUM,LEGITIMATE_RATE_CARD
DUP_EXACT_WS/MP18309/2025-2026/232267_250000,EXACT,WS/MP18309/2025-2026/232267,FELINA GABIL MOMIN,250000.0,,True,Rate-Card Baseline detected (Statutory Rate),MEDIUM,LEGITIMATE_RATE_CARD
DUP_EXACT_WS/MP18166/2025-2026/200829_18900,EXACT,WS/MP18166/2025-2026/200829,PRAKASH KUMAR,18900.0,,True,Rate-Card Baseline detected (Statutory Rate),MEDIUM,LEGITIMATE_RATE_CARD
DUP_EXACT_WS/MP18109/2025-2026/179959_247500,EXACT,WS/MP18109/2025-2026/179959,SARASWATI SHISHU MANDIR PIPARAJHAPI,247500.0,,False,Work+Vendor+Amount+Date exact match,CRITICAL,NEW
DUP_EXACT_WS/MP568/2025-2026/215818_280000,EXACT,WS/MP568/2025-2026/215818,SARPANCH SACHI BHALESAR,280000.0,,True,Rate-Card Baseline detected (Statutory Rate),MEDIUM,LEGITIMATE_RATE_CARD
DUP_EXACT_WS/MP18081/2025-2026/157221_500000,EXACT,WS/MP18081/2025-2026/157221,NIRMITHI KENDRA BANGALORE RURAL DISTRICT,500000.0,,True,Rate-Card Baseline detected (Statutory Rate),MEDIUM,LEGITIMATE_RATE_CARD
DUP_EXACT_WS/MP18081/2025-2026/157231_250000,EXACT,WS/MP18081/2025-2026/157231,NIRMITHI KENDRA BANGALORE RURAL DISTRICT,250000.0,,True,Rate-Card Baseline detected (Statutory Rate),MEDIUM,LEGITIMATE_RATE_CARD
DUP_EXACT_WS/MP18081/2025-2026/164538_400000,EXACT,WS/MP18081/2025-2026/164538,NIRMITHI KENDRA BANGALORE RURAL DISTRICT,400000.0,,True,Rate-Card Baseline detected (Statutory Rate),MEDIUM,LEGITIMATE_RATE_CARD
DUP_EXACT_WS/MP18081/2025-2026/157215_400000,EXACT,WS/MP18081/2025-2026/157215,NIRMITHI KENDRA BANGALORE RURAL DISTRICT,400000.0,,True,Rate-Card Baseline detected (Statutory Rate),MEDIUM,LEGITIMATE_RATE_CARD
DUP_EXACT_WS/MP18081/2025-2026/157234_400000,EXACT,WS/MP18081/2025-2026/157234,NIRMITHI KENDRA BANGALORE RURAL DISTRICT,400000.0,,True,Rate-Card Baseline detected (Statutory Rate),MEDIUM,LEGITIMATE_RATE_CARD
DUP_EXACT_WS/MP18081/2025-2026/157247_500000,EXACT,WS/MP18081/2025-2026/157247,NIRMITHI KENDRA BANGALORE RURAL DISTRICT,500000.0,,True,Rate-Card Baseline detected (Statutory Rate),MEDIUM,LEGITIMATE_RATE_CARD
DUP_EXACT_WS/MP18104/2025-2026/152335_50000,EXACT,WS/MP18104/2025-2026/152335,GRAM PANCHYAT PATHARKUHI,50000.0,,True,Rate-Card Baseline detected (Statutory Rate),MEDIUM,LEGITIMATE_RATE_CARD
DUP_EXACT_WS/MP18155/2025-2026/198694_38127,EXACT,WS/MP18155/2025-2026/198694,VEER INTERLOCK TILES,38127.0,,False,Work+Vendor+Amount+Date exact match,CRITICAL,NEW
DUP_EXACT_WS/MP18137/2025-2026/161900_150000,EXACT,WS/MP18137/2025-2026/161900,BRINGWELL MARTHONG,150000.0,,True,Rate-Card Baseline detected (Statutory Rate),MEDIUM,LEGITIMATE_RATE_CARD
DUP_EXACT_WS/MP18137/2025-2026/161894_250000,EXACT,WS/MP18137/2025-2026/161894,KITBOK SHADAP,250000.0,,True,Rate-Card Baseline detected (Statutory Rate),MEDIUM,LEGITIMATE_RATE_CARD
DUP_EXACT_WS/MP18109/2025-2026/217947_270592,EXACT,WS/MP18109/2025-2026/217947,GRAM PANCHAYAT NAUDIYA,270592.0,,False,Work+Vendor+Amount+Date exact match,CRITICAL,NEW
DUP_EXACT_WS/MP18109/2025-2026/217947_291477,EXACT,WS/MP18109/2025-2026/217947,GRAM PANCHAYAT NAUDIYA,291477.0,,False,Work+Vendor+Amount+Date exact match,CRITICAL,NEW
DUP_EXACT_WS/MP18109/2025-2026/217947_187650,EXACT,WS/MP18109/2025-2026/217947,GRAM PANCHAYAT NAUDIYA,187650.0,,False,Work+Vendor+Amount+Date exact match,CRITICAL,NEW
DUP_EXACT_WS/MP18109/2025-2026/244409_146963,EXACT,WS/MP18109/2025-2026/244409,GRAM PANCHAYAT NAUDIYA,146963.0,,False,Work+Vendor+Amount+Date exact match,CRITICAL,NEW
DUP_EXACT_WS/MP18138/2025-2026/229943_125000,EXACT,WS/MP18138/2025-2026/229943,LALSIAMTHANGI,125000.0,,True,Rate-Card Baseline detected (Statutory Rate),MEDIUM,LEGITIMATE_RATE_CARD
DUP_EXACT_WS/MP18051/2025-2026/218606_250000,EXACT,WS/MP18051/2025-2026/218606,GRAM PANCHAYAT SIMGAON,250000.0,,True,Rate-Card Baseline detected (Statutory Rate),MEDIUM,LEGITIMATE_RATE_CARD
DUP_EXACT_WS/MP18309/2025-2026/227232_450000,EXACT,WS/MP18309/2025-2026/227232,GREGORYN M MARAK,450000.0,,True,Rate-Card Baseline detected (Statutory Rate),MEDIUM,LEGITIMATE_RATE_CARD
DUP_EXACT_WS/MP18081/2025-2026/167598_124499,EXACT,WS/MP18081/2025-2026/167598,ANAND KUMAR,124499.0,,False,Work+Vendor+Amount+Date exact match,CRITICAL,NEW
DUP_EXACT_WS/MP18081/2025-2026/164540_124899,EXACT,WS/MP18081/2025-2026/164540,N A SUBRAMANYA,124899.0,,False,Work+Vendor+Amount+Date exact match,CRITICAL,NEW
DUP_EXACT_WS/MP18309/2025-2026/227255_250000,EXACT,WS/MP18309/2025-2026/227255,JOYDIE LAURAM MARAK,250000.0,,True,Rate-Card Baseline detected (Statutory Rate),MEDIUM,LEGITIMATE_RATE_CARD
DUP_EXACT_WS/MP18309/2025-2026/221343_150000,EXACT,WS/MP18309/2025-2026/221343,CHARSENG CHAMBUGONG MARAK,150000.0,,True,Rate-Card Baseline detected (Statutory Rate),MEDIUM,LEGITIMATE_RATE_CARD
DUP_EXACT_WS/MP18390/2025-2026/200659_1595822,EXACT,WS/MP18390/2025-2026/200659,SHYAM SOLAR TRADING,1595822.0,,False,Work+Vendor+Amount+Date exact match,CRITICAL,NEW
DUP_EXACT_WS/MP18152/2024-2025/141888_147500,EXACT,WS/MP18152/2024-2025/141888,VIVEK BRICKS CENTRE BKO,147500.0,,True,Rate-Card Baseline detected (Statutory Rate),MEDIUM,LEGITIMATE_RATE_CARD
DUP_EXACT_WS/MP18152/2024-2025/141888_177500,EXACT,WS/MP18152/2024-2025/141888,VIVEK BRICKS CENTRE BKO,177500.0,,False,Work+Vendor+Amount+Date exact match,CRITICAL,NEW
DUP_EXACT_WS/MP18328/2025-2026/196720_50000,EXACT,WS/MP18328/2025-2026/196720,GRAM PANCHAYAT KOTHI,50000.0,,True,Rate-Card Baseline detected (Statutory Rate),MEDIUM,LEGITIMATE_RATE_CARD
DUP_EXACT_WS/MP18029/2024-2025/163101_98136,EXACT,WS/MP18029/2024-2025/163101,UTPAL BORAH,98136.0,,False,Work+Vendor+Amount+Date exact match,CRITICAL,NEW
DUP_EXACT_WS/MP18309/2025-2026/228151_125000,EXACT,WS/MP18309/2025-2026/228151,EBOZEZ T SANGMA,125000.0,,True,Rate-Card Baseline detected (Statutory Rate),MEDIUM,LEGITIMATE_RATE_CARD
DUP_EXACT_WS/MP18309/2025-2026/230818_200000,EXACT,WS/MP18309/2025-2026/230818,SENGPRANG R SANGMA,200000.0,,True,Rate-Card Baseline detected (Statutory Rate),MEDIUM,LEGITIMATE_RATE_CARD
DUP_EXACT_WS/MP18309/2025-2026/230817_150000,EXACT,WS/MP18309/2025-2026/230817,LIONNEL AUSTIN RECHIL MARAK,150000.0,,True,Rate-Card Baseline detected (Statutory Rate),MEDIUM,LEGITIMATE_RATE_CARD
DUP_EXACT_WS/MP18309/2025-2026/229128_2000000,EXACT,WS/MP18309/2025-2026/229128,MEGHNA CHADA MARAK,2000000.0,,True,Rate-Card Baseline detected (Statutory Rate),MEDIUM,LEGITIMATE_RATE_CARD
DUP_EXACT_WS/MP18309/2025-2026/230815_200000,EXACT,WS/MP18309/2025-2026/230815,GRENALISH N MARAK,200000.0,,True,Rate-Card Baseline detected (Statutory Rate),MEDIUM,LEGITIMATE_RATE_CARD
DUP_EXACT_WS/MP18309/2025-2026/230816_250000,EXACT,WS/MP18309/2025-2026/230816,ROBINUS SANGMA,250000.0,,True,Rate-Card Baseline detected (Statutory Rate),MEDIUM,LEGITIMATE_RATE_CARD
DUP_EXACT_WS/MP18109/2025-2026/179955_49800,EXACT,WS/MP18109/2025-2026/179955,GRAM PANCHAYAT DHANKHORI,49800.0,,True,Rate-Card Baseline detected (Statutory Rate),MEDIUM,LEGITIMATE_RATE_CARD
DUP_EXACT_WS/MP18109/2025-2026/179955_47250,EXACT,WS/MP18109/2025-2026/179955,GRAM PANCHAYAT DHANKHORI,47250.0,,True,Rate-Card Baseline detected (Statutory Rate),MEDIUM,LEGITIMATE_RATE_CARD
DUP_EXACT_WS/MP18109/2025-2026/179955_18792,EXACT,WS/MP18109/2025-2026/179955,GRAM PANCHAYAT DHANKHORI,18792.0,,False,Work+Vendor+Amount+Date exact match,CRITICAL,NEW
DUP_EXACT_WS/MP18309/2025-2026/232292_100000,EXACT,WS/MP18309/2025-2026/232292,BENBIN MARAK,100000.0,,True,Rate-Card Baseline detected (Statutory Rate),MEDIUM,LEGITIMATE_RATE_CARD
DUP_EXACT_WS/MP18309/2025-2026/232291_150000,EXACT,WS/MP18309/2025-2026/232291,BENBIN MARAK,150000.0,,True,Rate-Card Baseline detected (Statutory Rate),MEDIUM,LEGITIMATE_RATE_CARD
DUP_EXACT_WS/MP643/2025-2026/210934_48000,EXACT,WS/MP643/2025-2026/210934,LAKHAN PATEL,48000.0,,True,Rate-Card Baseline detected (Statutory Rate),MEDIUM,LEGITIMATE_RATE_CARD
DUP_EXACT_WS/MP716/2025-2026/195398_38350,EXACT,WS/MP716/2025-2026/195398,SANGAM BRICKS COMPANY,38350.0,,True,Rate-Card Baseline detected (Statutory Rate),MEDIUM,LEGITIMATE_RATE_CARD
DUP_EXACT_WS/MP18109/2025-2026/194278_99180,EXACT,WS/MP18109/2025-2026/194278,GRAM PANCHAYAT BHARUHI,99180.0,,False,Work+Vendor+Amount+Date exact match,CRITICAL,NEW
DUP_EXACT_WS/MP716/2025-2026/203949_23200,EXACT,WS/MP716/2025-2026/203949,SANJEEV BRICKS CO GEHRI BHAGI,23200.0,,False,Work+Vendor+Amount+Date exact match,CRITICAL,NEW
DUP_EXACT_WS/MP18328/2025-2026/196711_50000,EXACT,WS/MP18328/2025-2026/196711,GP BAIRI,50000.0,,True,Rate-Card Baseline detected (Statutory Rate),MEDIUM,LEGITIMATE_RATE_CARD
DUP_EXACT_WS/MP18328/2025-2026/196714_100000,EXACT,WS/MP18328/2025-2026/196714,GRAM PANCHAYAT TROH,100000.0,,True,Rate-Card Baseline detected (Statutory Rate),MEDIUM,LEGITIMATE_RATE_CARD
DUP_EXACT_WS/MP18137/2025-2026/161295_350000,EXACT,WS/MP18137/2025-2026/161295,THWAI SYIEM SOCIETY MOOPALA,350000.0,,True,Rate-Card Baseline detected (Statutory Rate),MEDIUM,LEGITIMATE_RATE_CARD
DUP_EXACT_WS/MP18309/2025-2026/228197_100000,EXACT,WS/MP18309/2025-2026/228197,MR GELEY SINTANG MARAK,100000.0,,True,Rate-Card Baseline detected (Statutory Rate),MEDIUM,LEGITIMATE_RATE_CARD
DUP_EXACT_WS/MP18067/2025-2026/214183_46200,EXACT,WS/MP18067/2025-2026/214183,GS MALIK ENTERPRICES HASANPUR,46200.0,,True,Rate-Card Baseline detected (Statutory Rate),MEDIUM,LEGITIMATE_RATE_CARD
DUP_EXACT_WS/MP18067/2025-2026/214183_196056,EXACT,WS/MP18067/2025-2026/214183,MS LUXMI BRICKS CO RAKHI KHAS,196056.0,,False,Work+Vendor+Amount+Date exact match,CRITICAL,NEW
DUP_EXACT_WS/MP18067/2025-2026/214183_147042,EXACT,WS/MP18067/2025-2026/214183,MS LUXMI BRICKS CO RAKHI KHAS,147042.0,,False,Work+Vendor+Amount+Date exact match,CRITICAL,NEW
DUP_EXACT_WS/MP334/2025-2026/201880_125000,EXACT,WS/MP334/2025-2026/201880,RAJ KISHOR MAHATO,125000.0,,True,Rate-Card Baseline detected (Statutory Rate),MEDIUM,LEGITIMATE_RATE_CARD
DUP_EXACT_WS/MP334/2025-2026/201811_125000,EXACT,WS/MP334/2025-2026/201811,RAJ KISHOR MAHATO,125000.0,,True,Rate-Card Baseline detected (Statutory Rate),MEDIUM,LEGITIMATE_RATE_CARD
DUP_EXACT_WS/MP334/2025-2026/201809_125000,EXACT,WS/MP334/2025-2026/201809,RAJ KISHOR MAHATO,125000.0,,True,Rate-Card Baseline detected (Statutory Rate),MEDIUM,LEGITIMATE_RATE_CARD
DUP_EXACT_WS/MP334/2025-2026/201808_125000,EXACT,WS/MP334/2025-2026/201808,RAJ KISHOR MAHATO,125000.0,,True,Rate-Card Baseline detected (Statutory Rate),MEDIUM,LEGITIMATE_RATE_CARD
DUP_EXACT_WS/MP334/2025-2026/201799_125000,EXACT,WS/MP334/2025-2026/201799,RAJ KISHOR MAHATO,125000.0,,True,Rate-Card Baseline detected (Statutory Rate),MEDIUM,LEGITIMATE_RATE_CARD
DUP_EXACT_WS/MP334/2025-2026/207643_150000,EXACT,WS/MP334/2025-2026/207643,RAJ KISHOR MAHATO,150000.0,,True,Rate-Card Baseline detected (Statutory Rate),MEDIUM,LEGITIMATE_RATE_CARD
DUP_EXACT_WS/MP334/2025-2026/207644_150000,EXACT,WS/MP334/2025-2026/207644,RAJ KISHOR MAHATO,150000.0,,True,Rate-Card Baseline detected (Statutory Rate),MEDIUM,LEGITIMATE_RATE_CARD
DUP_EXACT_WS/MP334/2025-2026/228084_125000,EXACT,WS/MP334/2025-2026/228084,RAJ KISHOR MAHATO,125000.0,,True,Rate-Card Baseline detected (Statutory Rate),MEDIUM,LEGITIMATE_RATE_CARD
DUP_EXACT_WS/MP334/2025-2026/228083_125000,EXACT,WS/MP334/2025-2026/228083,RAJ KISHOR MAHATO,125000.0,,True,Rate-Card Baseline detected (Statutory Rate),MEDIUM,LEGITIMATE_RATE_CARD
DUP_EXACT_WS/MP334/2025-2026/207675_150000,EXACT,WS/MP334/2025-2026/207675,RAJ KISHOR MAHATO,150000.0,,True,Rate-Card Baseline detected (Statutory Rate),MEDIUM,LEGITIMATE_RATE_CARD
DUP_EXACT_WS/MP18072/2025-2026/234393_250000,EXACT,WS/MP18072/2025-2026/234393,RAJ KISHOR MAHATO,250000.0,,True,Rate-Card Baseline detected (Statutory Rate),MEDIUM,LEGITIMATE_RATE_CARD
DUP_EXACT_WS/MP18072/2025-2026/213945_150000,EXACT,WS/MP18072/2025-2026/213945,RAJ KISHOR MAHATO,150000.0,,True,Rate-Card Baseline detected (Statutory Rate),MEDIUM,LEGITIMATE_RATE_CARD
DUP_EXACT_WS/MP18072/2025-2026/213939_200000,EXACT,WS/MP18072/2025-2026/213939,RAJ KISHOR MAHATO,200000.0,,True,Rate-Card Baseline detected (Statutory Rate),MEDIUM,LEGITIMATE_RATE_CARD
DUP_EXACT_WS/MP18072/2025-2026/215323_150000,EXACT,WS/MP18072/2025-2026/215323,RAJ KISHOR MAHATO,150000.0,,True,Rate-Card Baseline detected (Statutory Rate),MEDIUM,LEGITIMATE_RATE_CARD
DUP_EXACT_WS/MP334/2025-2026/201881_100000,EXACT,WS/MP334/2025-2026/201881,RAJ KISHOR MAHATO,100000.0,,True,Rate-Card Baseline detected (Statutory Rate),MEDIUM,LEGITIMATE_RATE_CARD
DUP_EXACT_WS/MP18072/2025-2026/214257_200000,EXACT,WS/MP18072/2025-2026/214257,RAJ KISHOR MAHATO,200000.0,,True,Rate-Card Baseline detected (Statutory Rate),MEDIUM,LEGITIMATE_RATE_CARD
DUP_EXACT_WS/MP334/2025-2026/201879_150000,EXACT,WS/MP334/2025-2026/201879,RAJ KISHOR MAHATO,150000.0,,True,Rate-Card Baseline detected (Statutory Rate),MEDIUM,LEGITIMATE_RATE_CARD
DUP_EXACT_WS/MP334/2025-2026/201797_150000,EXACT,WS/MP334/2025-2026/201797,RAJ KISHOR MAHATO,150000.0,,True,Rate-Card Baseline detected (Statutory Rate),MEDIUM,LEGITIMATE_RATE_CARD
DUP_EXACT_WS/MP334/2025-2026/207763_250000,EXACT,WS/MP334/2025-2026/207763,RAJ KISHOR MAHATO,250000.0,,True,Rate-Card Baseline detected (Statutory Rate),MEDIUM,LEGITIMATE_RATE_CARD
DUP_EXACT_WS/MP334/2025-2026/223412_150000,EXACT,WS/MP334/2025-2026/223412,RAJ KISHOR MAHATO,150000.0,,True,Rate-Card Baseline detected (Statutory Rate),MEDIUM,LEGITIMATE_RATE_CARD
DUP_EXACT_WS/MP334/2025-2026/223408_150000,EXACT,WS/MP334/2025-2026/223408,RAJ KISHOR MAHATO,150000.0,,True,Rate-Card Baseline detected (Statutory Rate),MEDIUM,LEGITIMATE_RATE_CARD
DUP_EXACT_WS/MP334/2025-2026/223406_150000,EXACT,WS/MP334/2025-2026/223406,RAJ KISHOR MAHATO,150000.0,,True,Rate-Card Baseline detected (Statutory Rate),MEDIUM,LEGITIMATE_RATE_CARD
DUP_EXACT_WS/MP334/2025-2026/223411_150000,EXACT,WS/MP334/2025-2026/223411,RAJ KISHOR MAHATO,150000.0,,True,Rate-Card Baseline detected (Statutory Rate),MEDIUM,LEGITIMATE_RATE_CARD
DUP_EXACT_WS/MP334/2025-2026/201807_150000,EXACT,WS/MP334/2025-2026/201807,RAJ KISHOR MAHATO,150000.0,,True,Rate-Card Baseline detected (Statutory Rate),MEDIUM,LEGITIMATE_RATE_CARD
DUP_EXACT_WS/MP334/2025-2026/207615_150000,EXACT,WS/MP334/2025-2026/207615,RAJ KISHOR MAHATO,150000.0,,True,Rate-Card Baseline detected (Statutory Rate),MEDIUM,LEGITIMATE_RATE_CARD
DUP_EXACT_WS/MP334/2025-2026/223410_150000,EXACT,WS/MP334/2025-2026/223410,RAJ KISHOR MAHATO,150000.0,,True,Rate-Card Baseline detected (Statutory Rate),MEDIUM,LEGITIMATE_RATE_CARD
DUP_EXACT_WS/MP334/2025-2026/223413_150000,EXACT,WS/MP334/2025-2026/223413,RAJ KISHOR MAHATO,150000.0,,True,Rate-Card Baseline detected (Statutory Rate),MEDIUM,LEGITIMATE_RATE_CARD
DUP_EXACT_WS/MP334/2025-2026/207651_150000,EXACT,WS/MP334/2025-2026/207651,RAJ KISHOR MAHATO,150000.0,,True,Rate-Card Baseline detected (Statutory Rate),MEDIUM,LEGITIMATE_RATE_CARD
DUP_EXACT_WS/MP334/2025-2026/207613_150000,EXACT,WS/MP334/2025-2026/207613,RAJ KISHOR MAHATO,150000.0,,True,Rate-Card Baseline detected (Statutory Rate),MEDIUM,LEGITIMATE_RATE_CARD
DUP_EXACT_WS/MP334/2025-2026/207614_150000,EXACT,WS/MP334/2025-2026/207614,RAJ KISHOR MAHATO,150000.0,,True,Rate-Card Baseline detected (Statutory Rate),MEDIUM,LEGITIMATE_RATE_CARD
DUP_EXACT_WS/MP334/2025-2026/223416_200000,EXACT,WS/MP334/2025-2026/223416,RAJ KISHOR MAHATO,200000.0,,True,Rate-Card Baseline detected (Statutory Rate),MEDIUM,LEGITIMATE_RATE_CARD
DUP_EXACT_WS/MP334/2025-2026/207695_200000,EXACT,WS/MP334/2025-2026/207695,RAJ KISHOR MAHATO,200000.0,,True,Rate-Card Baseline detected (Statutory Rate),MEDIUM,LEGITIMATE_RATE_CARD
DUP_EXACT_WS/MP334/2025-2026/201804_125000,EXACT,WS/MP334/2025-2026/201804,RAJ KISHOR MAHATO,125000.0,,True,Rate-Card Baseline detected (Statutory Rate),MEDIUM,LEGITIMATE_RATE_CARD
DUP_EXACT_WS/MP334/2025-2026/202034_125000,EXACT,WS/MP334/2025-2026/202034,RAJ KISHOR MAHATO,125000.0,,True,Rate-Card Baseline detected (Statutory Rate),MEDIUM,LEGITIMATE_RATE_CARD
DUP_EXACT_WS/MP334/2025-2026/211412_250000,EXACT,WS/MP334/2025-2026/211412,RAJ KISHOR MAHATO,250000.0,,True,Rate-Card Baseline detected (Statutory Rate),MEDIUM,LEGITIMATE_RATE_CARD
DUP_EXACT_WS/MP334/2025-2026/201800_150000,EXACT,WS/MP334/2025-2026/201800,RAJ KISHOR MAHATO,150000.0,,True,Rate-Card Baseline detected (Statutory Rate),MEDIUM,LEGITIMATE_RATE_CARD
DUP_EXACT_WS/MP334/2025-2026/202039_150000,EXACT,WS/MP334/2025-2026/202039,RAJ KISHOR MAHATO,150000.0,,True,Rate-Card Baseline detected (Statutory Rate),MEDIUM,LEGITIMATE_RATE_CARD
DUP_EXACT_WS/MP334/2025-2026/201882_150000,EXACT,WS/MP334/2025-2026/201882,RAJ KISHOR MAHATO,150000.0,,True,Rate-Card Baseline detected (Statutory Rate),MEDIUM,LEGITIMATE_RATE_CARD
DUP_EXACT_WS/MP334/2025-2026/201878_150000,EXACT,WS/MP334/2025-2026/201878,RAJ KISHOR MAHATO,150000.0,,True,Rate-Card Baseline detected (Statutory Rate),MEDIUM,LEGITIMATE_RATE_CARD
DUP_EXACT_WS/MP334/2025-2026/201877_150000,EXACT,WS/MP334/2025-2026/201877,RAJ KISHOR MAHATO,150000.0,,True,Rate-Card Baseline detected (Statutory Rate),MEDIUM,LEGITIMATE_RATE_CARD
DUP_EXACT_WS/MP334/2025-2026/207650_250000,EXACT,WS/MP334/2025-2026/207650,RAJ KISHOR MAHATO,250000.0,,True,Rate-Card Baseline detected (Statutory Rate),MEDIUM,LEGITIMATE_RATE_CARD
DUP_EXACT_WS/MP334/2025-2026/201805_150000,EXACT,WS/MP334/2025-2026/201805,RAJ KISHOR MAHATO,150000.0,,True,Rate-Card Baseline detected (Statutory Rate),MEDIUM,LEGITIMATE_RATE_CARD
DUP_EXACT_WS/MP334/2025-2026/201801_150000,EXACT,WS/MP334/2025-2026/201801,RAJ KISHOR MAHATO,150000.0,,True,Rate-Card Baseline detected (Statutory Rate),MEDIUM,LEGITIMATE_RATE_CARD
DUP_EXACT_WS/MP334/2025-2026/207697_150000,EXACT,WS/MP334/2025-2026/207697,RAJ KISHOR MAHATO,150000.0,,True,Rate-Card Baseline detected (Statutory Rate),MEDIUM,LEGITIMATE_RATE_CARD
DUP_EXACT_WS/MP334/2025-2026/201833_150000,EXACT,WS/MP334/2025-2026/201833,RAJ KISHOR MAHATO,150000.0,,True,Rate-Card Baseline detected (Statutory Rate),MEDIUM,LEGITIMATE_RATE_CARD
DUP_EXACT_WS/MP432/2025-2026/213465_50000,EXACT,WS/MP432/2025-2026/213465,GP KANJIAN MPLADS,50000.0,,True,Rate-Card Baseline detected (Statutory Rate),MEDIUM,LEGITIMATE_RATE_CARD
DUP_EXACT_WS/MP18069/2025-2026/216986_100000,EXACT,WS/MP18069/2025-2026/216986,BDO NAGROTA BAGWAN,100000.0,,True,Rate-Card Baseline detected (Statutory Rate),MEDIUM,LEGITIMATE_RATE_CARD
DUP_EXACT_WS/MP18069/2025-2026/216967_100000,EXACT,WS/MP18069/2025-2026/216967,BDO NAGROTA BAGWAN,100000.0,,True,Rate-Card Baseline detected (Statutory Rate),MEDIUM,LEGITIMATE_RATE_CARD
DUP_EXACT_WS/MP18069/2025-2026/216979_100000,EXACT,WS/MP18069/2025-2026/216979,BDO NAGROTA BAGWAN,100000.0,,True,Rate-Card Baseline detected (Statutory Rate),MEDIUM,LEGITIMATE_RATE_CARD
DUP_EXACT_WS/MP360/2025-2026/219115_250000,EXACT,WS/MP360/2025-2026/219115,SFC MULBHOOT RAWATKHEDA,250000.0,,True,Rate-Card Baseline detected (Statutory Rate),MEDIUM,LEGITIMATE_RATE_CARD
DUP_EXACT_WS/MP360/2025-2026/219116_250000,EXACT,WS/MP360/2025-2026/219116,SFC MULBHOOT GOYAL,250000.0,,True,Rate-Card Baseline detected (Statutory Rate),MEDIUM,LEGITIMATE_RATE_CARD
DUP_EXACT_WS/MP18062/2025-2026/196241_48292,EXACT,WS/MP18062/2025-2026/196241,M S SHRI RAM BRICKS CO,48292.0,,False,Work+Vendor+Amount+Date exact match,CRITICAL,NEW
DUP_EXACT_WS/MP18062/2025-2026/196241_36040,EXACT,WS/MP18062/2025-2026/196241,M S SHRI RAM BRICKS CO,36040.0,,True,Rate-Card Baseline detected (Statutory Rate),MEDIUM,LEGITIMATE_RATE_CARD
DUP_EXACT_WS/MP18062/2025-2026/196241_49010,EXACT,WS/MP18062/2025-2026/196241,M S SHRI KRISHNA ENTERPRISES,49010.0,,False,Work+Vendor+Amount+Date exact match,CRITICAL,NEW
DUP_EXACT_WS/MP18335/2025-2026/214816_400000,EXACT,WS/MP18335/2025-2026/214816,VIKASH KUMAR SINHA,400000.0,,True,Rate-Card Baseline detected (Statutory Rate),MEDIUM,LEGITIMATE_RATE_CARD
DUP_EXACT_WS/MP18137/2025-2026/174589_100000,EXACT,WS/MP18137/2025-2026/174589,DAVID NOKCHA JAMIR,100000.0,,True,Rate-Card Baseline detected (Statutory Rate),MEDIUM,LEGITIMATE_RATE_CARD
DUP_EXACT_WS/MP18137/2025-2026/161981_150000,EXACT,WS/MP18137/2025-2026/161981,BLUESTAR MARSING,150000.0,,True,Rate-Card Baseline detected (Statutory Rate),MEDIUM,LEGITIMATE_RATE_CARD
DUP_EXACT_WS/MP716/2025-2026/180618_45840,EXACT,WS/MP716/2025-2026/180618,SIDHU ENTERPRISES,45840.0,,True,Rate-Card Baseline detected (Statutory Rate),MEDIUM,LEGITIMATE_RATE_CARD
DUP_EXACT_WS/MP716/2025-2026/210097_45840,EXACT,WS/MP716/2025-2026/210097,SIDHU ENTERPRISES,45840.0,,True,Rate-Card Baseline detected (Statutory Rate),MEDIUM,LEGITIMATE_RATE_CARD
DUP_EXACT_WS/MP716/2025-2026/210097_22920,EXACT,WS/MP716/2025-2026/210097,SIDHU ENTERPRISES,22920.0,,False,Work+Vendor+Amount+Date exact match,CRITICAL,NEW
DUP_EXACT_WS/MP643/2024-2025/146357_39000,EXACT,WS/MP643/2024-2025/146357,RUPESH GENDALAL PRAJAPAT,39000.0,,True,Rate-Card Baseline detected (Statutory Rate),MEDIUM,LEGITIMATE_RATE_CARD
DUP_EXACT_WS/MP18137/2025-2026/161406_100000,EXACT,WS/MP18137/2025-2026/161406,IOHHOK L P SCHOOL NONGKYNNYIH,100000.0,,True,Rate-Card Baseline detected (Statutory Rate),MEDIUM,LEGITIMATE_RATE_CARD
DUP_EXACT_WS/MP432/2025-2026/239375_37500,EXACT,WS/MP432/2025-2026/239375,GRAM PANCHAYAT  TIKKAR RAJPUUTAN,37500.0,,True,Rate-Card Baseline detected (Statutory Rate),MEDIUM,LEGITIMATE_RATE_CARD
DUP_EXACT_WS/MP18161/2024-2025/138091_4284,EXACT,WS/MP18161/2024-2025/138091,POONAM,4284.0,,True,Rate-Card Baseline detected (Statutory Rate),MEDIUM,LEGITIMATE_RATE_CARD
DUP_EXACT_WS/MP640/2024-2025/165585_75000,EXACT,WS/MP640/2024-2025/165585,GRAM PANCHAYT LATHGAON,75000.0,,True,Rate-Card Baseline detected (Statutory Rate),MEDIUM,LEGITIMATE_RATE_CARD
DUP_EXACT_WS/MP568/2025-2026/215810_500000,EXACT,WS/MP568/2025-2026/215810,SARPANCH GRAM PANCHAYAT DARGAON,500000.0,,True,Rate-Card Baseline detected (Statutory Rate),MEDIUM,LEGITIMATE_RATE_CARD
DUP_EXACT_WS/MP568/2025-2026/215562_350000,EXACT,WS/MP568/2025-2026/215562,SARPANCH GRAM PANCHAYAT DOMA,350000.0,,True,Rate-Card Baseline detected (Statutory Rate),MEDIUM,LEGITIMATE_RATE_CARD
DUP_EXACT_WS/MP18137/2025-2026/162032_150000,EXACT,WS/MP18137/2025-2026/162032,PAULLOSTE MAKDOH,150000.0,,True,Rate-Card Baseline detected (Statutory Rate),MEDIUM,LEGITIMATE_RATE_CARD
DUP_EXACT_WS/MP728/2025-2026/193509_23400,EXACT,WS/MP728/2025-2026/193509,RAJKUMAR,23400.0,,True,Rate-Card Baseline detected (Statutory Rate),MEDIUM,LEGITIMATE_RATE_CARD
DUP_EXACT_WS/MP18137/2025-2026/161992_150000,EXACT,WS/MP18137/2025-2026/161992,TREILAN SYNGKLI,150000.0,,True,Rate-Card Baseline detected (Statutory Rate),MEDIUM,LEGITIMATE_RATE_CARD
DUP_EXACT_WS/MP18104/2025-2026/190500_50000,EXACT,WS/MP18104/2025-2026/190500,SACHIV GRAM PANCHAYAT KERKHIDI,50000.0,,True,Rate-Card Baseline detected (Statutory Rate),MEDIUM,LEGITIMATE_RATE_CARD
DUP_EXACT_WS/MP18104/2025-2026/190499_150000,EXACT,WS/MP18104/2025-2026/190499,SACHIV GRAM PANCHAYAT NANPA,150000.0,,True,Rate-Card Baseline detected (Statutory Rate),MEDIUM,LEGITIMATE_RATE_CARD
DUP_EXACT_WS/MP18069/2025-2026/165843_100000,EXACT,WS/MP18069/2025-2026/165843,GRAM PANCHAYAT LAMLEHAR,100000.0,,True,Rate-Card Baseline detected (Statutory Rate),MEDIUM,LEGITIMATE_RATE_CARD
DUP_EXACT_WS/MP18069/2025-2026/215144_125000,EXACT,WS/MP18069/2025-2026/215144,PARDHAN GP  THORA BHALOON,125000.0,,True,Rate-Card Baseline detected (Statutory Rate),MEDIUM,LEGITIMATE_RATE_CARD
DUP_EXACT_WS/MP716/2025-2026/195393_12600,EXACT,WS/MP716/2025-2026/195393,HARNAIB SINGH,12600.0,,True,Rate-Card Baseline detected (Statutory Rate),MEDIUM,LEGITIMATE_RATE_CARD
DUP_EXACT_WS/MP716/2025-2026/195393_29400,EXACT,WS/MP716/2025-2026/195393,HARNAIB SINGH,29400.0,,True,Rate-Card Baseline detected (Statutory Rate),MEDIUM,LEGITIMATE_RATE_CARD
DUP_EXACT_WS/MP716/2025-2026/195393_15000,EXACT,WS/MP716/2025-2026/195393,JANAK RAJ PROP MS KISSAN BHATTA CO MAUR KALAN,15000.0,,True,Rate-Card Baseline detected (Statutory Rate),MEDIUM,LEGITIMATE_RATE_CARD
DUP_EXACT_WS/MP18102/2025-2026/236995_500000,EXACT,WS/MP18102/2025-2026/236995,GRAM PANCHAYAT TARAPUR JANPAD PANCHAYAT DHARMPURI,500000.0,,True,Rate-Card Baseline detected (Statutory Rate),MEDIUM,LEGITIMATE_RATE_CARD
DUP_EXACT_WS/MP18102/2025-2026/210845_400000,EXACT,WS/MP18102/2025-2026/210845,GRAM PANCHAYAT TARAPUR JANPAD PANCHAYAT DHARMPURI,400000.0,,True,Rate-Card Baseline detected (Statutory Rate),MEDIUM,LEGITIMATE_RATE_CARD
DUP_EXACT_WS/MP18102/2025-2026/210854_150000,EXACT,WS/MP18102/2025-2026/210854,GRAM PANCHAYAT TARAPUR JANPAD PANCHAYAT DHARMPURI,150000.0,,True,Rate-Card Baseline detected (Statutory Rate),MEDIUM,LEGITIMATE_RATE_CARD
DUP_EXACT_WS/MP18102/2025-2026/210859_150000,EXACT,WS/MP18102/2025-2026/210859,GRAM PANCHAYAT TARAPUR JANPAD PANCHAYAT DHARMPURI,150000.0,,True,Rate-Card Baseline detected (Statutory Rate),MEDIUM,LEGITIMATE_RATE_CARD
DUP_EXACT_WS/MP568/2025-2026/215809_200000,EXACT,WS/MP568/2025-2026/215809,SARPANCH GRAM PANCHAYAT BHANSULI K,200000.0,,True,Rate-Card Baseline detected (Statutory Rate),MEDIUM,LEGITIMATE_RATE_CARD
DUP_EXACT_WS/MP640/2025-2026/158763_90000,EXACT,WS/MP640/2025-2026/158763,AMBIKA TRADERS,90000.0,,True,Rate-Card Baseline detected (Statutory Rate),MEDIUM,LEGITIMATE_RATE_CARD
DUP_EXACT_WS/MP429/2025-2026/204728_250000,EXACT,WS/MP429/2025-2026/204728,GRAM PANCHAYAT SINGHAT,250000.0,,True,Rate-Card Baseline detected (Statutory Rate),MEDIUM,LEGITIMATE_RATE_CARD
DUP_EXACT_WS/MP18152/2024-2025/158093_49608,EXACT,WS/MP18152/2024-2025/158093,IQBAL SINGH,49608.0,,False,Work+Vendor+Amount+Date exact match,CRITICAL,NEW
DUP_EXACT_WS/MP716/2025-2026/188930_45595,EXACT,WS/MP716/2025-2026/188930,GARG BUILDERS,45595.0,,True,Rate-Card Baseline detected (Statutory Rate),MEDIUM,LEGITIMATE_RATE_CARD
DUP_EXACT_WS/MP18069/2025-2026/211647_250000,EXACT,WS/MP18069/2025-2026/211647,HIMUDA,250000.0,,True,Rate-Card Baseline detected (Statutory Rate),MEDIUM,LEGITIMATE_RATE_CARD
DUP_EXACT_WS/MP598/2024-2025/162677_150000,EXACT,WS/MP598/2024-2025/162677,GRAM PANCHAYAT DEVNI,150000.0,,True,Rate-Card Baseline detected (Statutory Rate),MEDIUM,LEGITIMATE_RATE_CARD
DUP_EXACT_WS/MP18109/2024-2025/146903_50213,EXACT,WS/MP18109/2024-2025/146903,GRAM PANCHAYAT KHUTELI,50213.0,,False,Work+Vendor+Amount+Date exact match,CRITICAL,NEW
DUP_EXACT_WS/MP598/2025-2026/215461_150000,EXACT,WS/MP598/2025-2026/215461,GP DALGAON,150000.0,,True,Rate-Card Baseline detected (Statutory Rate),MEDIUM,LEGITIMATE_RATE_CARD
DUP_EXACT_WS/MP598/2025-2026/191622_125000,EXACT,WS/MP598/2025-2026/191622,GP BHAMNOLI,125000.0,,True,Rate-Card Baseline detected (Statutory Rate),MEDIUM,LEGITIMATE_RATE_CARD
DUP_EXACT_WS/MP18335/2025-2026/207262_350000,EXACT,WS/MP18335/2025-2026/207262,GRAM PANCHAYAT LINJIR,350000.0,,True,Rate-Card Baseline detected (Statutory Rate),MEDIUM,LEGITIMATE_RATE_CARD
DUP_EXACT_WS/MP428/2026-2027/278779_100000,EXACT,WS/MP428/2026-2027/278779,GRAM PANCHAYAT KOHKA MO,100000.0,,True,Rate-Card Baseline detected (Statutory Rate),MEDIUM,LEGITIMATE_RATE_CARD
DUP_EXACT_WS/MP428/2025-2026/271501_150000,EXACT,WS/MP428/2025-2026/271501,GRAM PANCHAYAT KOHKA MO,150000.0,,True,Rate-Card Baseline detected (Statutory Rate),MEDIUM,LEGITIMATE_RATE_CARD
DUP_EXACT_WS/MP428/2025-2026/206107_150000,EXACT,WS/MP428/2025-2026/206107,GRAM PANCHAYAT KOHKA MO,150000.0,,True,Rate-Card Baseline detected (Statutory Rate),MEDIUM,LEGITIMATE_RATE_CARD
DUP_EXACT_WS/MP428/2025-2026/206108_150000,EXACT,WS/MP428/2025-2026/206108,GARAM PANCHAYAT BAGDAI,150000.0,,True,Rate-Card Baseline detected (Statutory Rate),MEDIUM,LEGITIMATE_RATE_CARD
DUP_EXACT_WS/MP18309/2025-2026/209331_200000,EXACT,WS/MP18309/2025-2026/209331,KEDARU SANGMA,200000.0,,True,Rate-Card Baseline detected (Statutory Rate),MEDIUM,LEGITIMATE_RATE_CARD
DUP_EXACT_WS/MP18309/2025-2026/208889_500000,EXACT,WS/MP18309/2025-2026/208889,SILME K MARAK,500000.0,,True,Rate-Card Baseline detected (Statutory Rate),MEDIUM,LEGITIMATE_RATE_CARD
DUP_EXACT_WS/MP18309/2025-2026/209329_150000,EXACT,WS/MP18309/2025-2026/209329,FEMINA W MOMIN,150000.0,,True,Rate-Card Baseline detected (Statutory Rate),MEDIUM,LEGITIMATE_RATE_CARD
DUP_EXACT_WS/MP794/2025-2026/225464_500000,EXACT,WS/MP794/2025-2026/225464,REKHA ROSE DUKRU,500000.0,,True,Rate-Card Baseline detected (Statutory Rate),MEDIUM,LEGITIMATE_RATE_CARD
DUP_EXACT_WS/MP18102/2025-2026/198464_750000,EXACT,WS/MP18102/2025-2026/198464,GRAM PANCHAYAT SARJAPUR JANPAD PANCHAYAT DHARMPURI DISTRICT DHAR,750000.0,,True,Rate-Card Baseline detected (Statutory Rate),MEDIUM,LEGITIMATE_RATE_CARD
DUP_EXACT_WS/MP18102/2025-2026/198657_400000,EXACT,WS/MP18102/2025-2026/198657,GRAM PANCHAYAT SANKOTA  JANPAD PANCHAYAT DHARMPURI DISTRICT DHAR,400000.0,,True,Rate-Card Baseline detected (Statutory Rate),MEDIUM,LEGITIMATE_RATE_CARD
DUP_EXACT_WS/MP18309/2025-2026/219539_75000,EXACT,WS/MP18309/2025-2026/219539,SAPPIN CH MOMIN,75000.0,,True,Rate-Card Baseline detected (Statutory Rate),MEDIUM,LEGITIMATE_RATE_CARD
DUP_EXACT_WS/MP18137/2025-2026/158695_250000,EXACT,WS/MP18137/2025-2026/158695,EMLANGKI SAPOOH,250000.0,,True,Rate-Card Baseline detected (Statutory Rate),MEDIUM,LEGITIMATE_RATE_CARD
DUP_EXACT_WS/MP716/2025-2026/203956_48140,EXACT,WS/MP716/2025-2026/203956,MS GURU NANAK PIPE INDUSTRY,48140.0,,False,Work+Vendor+Amount+Date exact match,CRITICAL,NEW
DUP_EXACT_WS/MP18051/2025-2026/206576_400000,EXACT,WS/MP18051/2025-2026/206576,GRAM PANCHAYAT KODEGAON RY,400000.0,,True,Rate-Card Baseline detected (Statutory Rate),MEDIUM,LEGITIMATE_RATE_CARD
DUP_EXACT_WS/MP18049/2025-2026/210464_250000,EXACT,WS/MP18049/2025-2026/210464,G P NEVRA,250000.0,,True,Rate-Card Baseline detected (Statutory Rate),MEDIUM,LEGITIMATE_RATE_CARD
DUP_EXACT_WS/MP716/2025-2026/210099_7885,EXACT,WS/MP716/2025-2026/210099,KAMALDEEP SINGH,7885.0,,True,Rate-Card Baseline detected (Statutory Rate),MEDIUM,LEGITIMATE_RATE_CARD
DUP_EXACT_WS/MP18104/2025-2026/208835_75000,EXACT,WS/MP18104/2025-2026/208835,GP MAGARDHA JP BADI,75000.0,,True,Rate-Card Baseline detected (Statutory Rate),MEDIUM,LEGITIMATE_RATE_CARD
DUP_EXACT_WS/MP18309/2025-2026/209338_250000,EXACT,WS/MP18309/2025-2026/209338,GOODNESH MARAK,250000.0,,True,Rate-Card Baseline detected (Statutory Rate),MEDIUM,LEGITIMATE_RATE_CARD
DUP_EXACT_WS/MP18391/2025-2026/193449_250000,EXACT,WS/MP18391/2025-2026/193449,VAPRUMU DEMO,250000.0,,True,Rate-Card Baseline detected (Statutory Rate),MEDIUM,LEGITIMATE_RATE_CARD
DUP_EXACT_WS/MP716/2025-2026/210099_49980,EXACT,WS/MP716/2025-2026/210099,JAI LAKSHMI CEMENT STORE,49980.0,,True,Rate-Card Baseline detected (Statutory Rate),MEDIUM,LEGITIMATE_RATE_CARD
DUP_EXACT_WS/MP18309/2025-2026/195522_250000,EXACT,WS/MP18309/2025-2026/195522,LAPPINGSON D MARAK,250000.0,,True,Rate-Card Baseline detected (Statutory Rate),MEDIUM,LEGITIMATE_RATE_CARD
DUP_EXACT_WS/MP18062/2025-2026/201719_149500,EXACT,WS/MP18062/2025-2026/201719,KIRPAL SINGH AND SONS,149500.0,,True,Rate-Card Baseline detected (Statutory Rate),MEDIUM,LEGITIMATE_RATE_CARD
DUP_EXACT_WS/MP18309/2025-2026/219529_125000,EXACT,WS/MP18309/2025-2026/219529,TENGKU SANGMA,125000.0,,True,Rate-Card Baseline detected (Statutory Rate),MEDIUM,LEGITIMATE_RATE_CARD
DUP_EXACT_WS/MP18335/2025-2026/210448_500000,EXACT,WS/MP18335/2025-2026/210448,RAJU SINGH,500000.0,,True,Rate-Card Baseline detected (Statutory Rate),MEDIUM,LEGITIMATE_RATE_CARD
DUP_EXACT_WS/MP18309/2025-2026/215783_150000,EXACT,WS/MP18309/2025-2026/215783,ANIJABITHA SANGMA,150000.0,,True,Rate-Card Baseline detected (Statutory Rate),MEDIUM,LEGITIMATE_RATE_CARD
DUP_EXACT_WS/MP18309/2025-2026/215782_200000,EXACT,WS/MP18309/2025-2026/215782,SUPRIYA A SANGMA,200000.0,,True,Rate-Card Baseline detected (Statutory Rate),MEDIUM,LEGITIMATE_RATE_CARD
DUP_EXACT_WS/MP598/2025-2026/229586_50000,EXACT,WS/MP598/2025-2026/229586,GRAM PANCHAYAT TIKKAR,50000.0,,True,Rate-Card Baseline detected (Statutory Rate),MEDIUM,LEGITIMATE_RATE_CARD
DUP_EXACT_WS/MP598/2025-2026/180257_100000,EXACT,WS/MP598/2025-2026/180257,GRAM PANCHAYAT TIKKAR,100000.0,,True,Rate-Card Baseline detected (Statutory Rate),MEDIUM,LEGITIMATE_RATE_CARD
DUP_EXACT_WS/MP18019/2025-2026/216372_355600,EXACT,WS/MP18019/2025-2026/216372,WAISONG TERANG,355600.0,,False,Work+Vendor+Amount+Date exact match,CRITICAL,NEW
DUP_EXACT_WS/MP598/2025-2026/200633_300000,EXACT,WS/MP598/2025-2026/200633,GRAM PANCHAYAT BHAGANI,300000.0,,True,Rate-Card Baseline detected (Statutory Rate),MEDIUM,LEGITIMATE_RATE_CARD
DUP_EXACT_WS/MP598/2025-2026/200636_150000,EXACT,WS/MP598/2025-2026/200636,GRAM PANCHAYAT GOJAR,150000.0,,True,Rate-Card Baseline detected (Statutory Rate),MEDIUM,LEGITIMATE_RATE_CARD
DUP_EXACT_WS/MP598/2025-2026/185816_200000,EXACT,WS/MP598/2025-2026/185816,GRAM PANCHAYAT BHAROG BANERI,200000.0,,True,Rate-Card Baseline detected (Statutory Rate),MEDIUM,LEGITIMATE_RATE_CARD
DUP_EXACT_WS/MP18048/2024-2025/147871_200000,EXACT,WS/MP18048/2024-2025/147871,GRAM PANCHAYAT TURENAR DMFT,200000.0,,True,Rate-Card Baseline detected (Statutory Rate),MEDIUM,LEGITIMATE_RATE_CARD
DUP_EXACT_WS/MP18109/2024-2025/146898_49956,EXACT,WS/MP18109/2024-2025/146898,GRAM PANCHAYAT CHAUPHAL PAWAI,49956.0,,False,Work+Vendor+Amount+Date exact match,CRITICAL,NEW
DUP_EXACT_WS/MP18109/2024-2025/146898_49949,EXACT,WS/MP18109/2024-2025/146898,GRAM PANCHAYAT CHAUPHAL PAWAI,49949.0,,False,Work+Vendor+Amount+Date exact match,CRITICAL,NEW
DUP_EXACT_WS/MP18109/2024-2025/146898_49997,EXACT,WS/MP18109/2024-2025/146898,GRAM PANCHAYAT CHAUPHAL PAWAI,49997.0,,False,Work+Vendor+Amount+Date exact match,CRITICAL,NEW
DUP_EXACT_WS/MP18109/2024-2025/146898_49980,EXACT,WS/MP18109/2024-2025/146898,GRAM PANCHAYAT CHAUPHAL PAWAI,49980.0,,True,Rate-Card Baseline detected (Statutory Rate),MEDIUM,LEGITIMATE_RATE_CARD
DUP_EXACT_WS/MP18137/2025-2026/158682_200000,EXACT,WS/MP18137/2025-2026/158682,SHAIBORLANG THABAH,200000.0,,True,Rate-Card Baseline detected (Statutory Rate),MEDIUM,LEGITIMATE_RATE_CARD
DUP_EXACT_WS/MP18069/2025-2026/215145_150000,EXACT,WS/MP18069/2025-2026/215145,GP AGHAR,150000.0,,True,Rate-Card Baseline detected (Statutory Rate),MEDIUM,LEGITIMATE_RATE_CARD
DUP_EXACT_WS/MP598/2025-2026/180238_150000,EXACT,WS/MP598/2025-2026/180238,GP KANDO BHATNOL,150000.0,,True,Rate-Card Baseline detected (Statutory Rate),MEDIUM,LEGITIMATE_RATE_CARD
DUP_EXACT_WS/MP598/2025-2026/163714_100000,EXACT,WS/MP598/2025-2026/163714,GP KANDO BHATNOL,100000.0,,True,Rate-Card Baseline detected (Statutory Rate),MEDIUM,LEGITIMATE_RATE_CARD
DUP_EXACT_WS/MP598/2025-2026/163713_100000,EXACT,WS/MP598/2025-2026/163713,GP KANDO BHATNOL,100000.0,,True,Rate-Card Baseline detected (Statutory Rate),MEDIUM,LEGITIMATE_RATE_CARD
DUP_EXACT_WS/MP640/2025-2026/165588_75000,EXACT,WS/MP640/2025-2026/165588,GRAM PANCHAYAT,75000.0,,True,Rate-Card Baseline detected (Statutory Rate),MEDIUM,LEGITIMATE_RATE_CARD
DUP_EXACT_WS/MP18137/2025-2026/161982_250000,EXACT,WS/MP18137/2025-2026/161982,EVANNASSAR SHYLLA,250000.0,,True,Rate-Card Baseline detected (Statutory Rate),MEDIUM,LEGITIMATE_RATE_CARD
DUP_EXACT_WS/MP716/2025-2026/188935_7020,EXACT,WS/MP716/2025-2026/188935,INDERJEET SINGH,7020.0,,True,Rate-Card Baseline detected (Statutory Rate),MEDIUM,LEGITIMATE_RATE_CARD
DUP_EXACT_WS/MP716/2025-2026/188935_6570,EXACT,WS/MP716/2025-2026/188935,BALKAR SINGH,6570.0,,True,Rate-Card Baseline detected (Statutory Rate),MEDIUM,LEGITIMATE_RATE_CARD
DUP_EXACT_WS/MP598/2025-2026/195452_100000,EXACT,WS/MP598/2025-2026/195452,GRAM PANCHAYAT KOLAR,100000.0,,True,Rate-Card Baseline detected (Statutory Rate),MEDIUM,LEGITIMATE_RATE_CARD
DUP_EXACT_WS/MP18137/2025-2026/157815_250000,EXACT,WS/MP18137/2025-2026/157815,KHASI JAINTIA SYNOD SEPNGI URBAN MISSION,250000.0,,True,Rate-Card Baseline detected (Statutory Rate),MEDIUM,LEGITIMATE_RATE_CARD
DUP_EXACT_WS/MP640/2025-2026/165652_100000,EXACT,WS/MP640/2025-2026/165652,GRAM PANCHAYAT KAPKHEDA,100000.0,,True,Rate-Card Baseline detected (Statutory Rate),MEDIUM,LEGITIMATE_RATE_CARD
DUP_EXACT_WS/MP18153/2025-2026/188172_37200,EXACT,WS/MP18153/2025-2026/188172,DD BKO,37200.0,,True,Rate-Card Baseline detected (Statutory Rate),MEDIUM,LEGITIMATE_RATE_CARD
DUP_EXACT_WS/MP18335/2025-2026/207582_150000,EXACT,WS/MP18335/2025-2026/207582,SARPANCH GRAM PANCHAYAT BARLIA,150000.0,,True,Rate-Card Baseline detected (Statutory Rate),MEDIUM,LEGITIMATE_RATE_CARD
DUP_EXACT_WS/MP444/2025-2026/200273_100000,EXACT,WS/MP444/2025-2026/200273,SHREE STONE CRUSHER,100000.0,,True,Rate-Card Baseline detected (Statutory Rate),MEDIUM,LEGITIMATE_RATE_CARD
DUP_EXACT_WS/MP444/2025-2026/200273_99000,EXACT,WS/MP444/2025-2026/200273,JAI BIRSA TREDARSH CSC E AGRI INPUT MATERIAL SUPPLIER,99000.0,,True,Rate-Card Baseline detected (Statutory Rate),MEDIUM,LEGITIMATE_RATE_CARD
DUP_EXACT_WS/MP18157/2025-2026/188698_42000,EXACT,WS/MP18157/2025-2026/188698,SAHIL PRECAST,42000.0,,True,Rate-Card Baseline detected (Statutory Rate),MEDIUM,LEGITIMATE_RATE_CARD
DUP_EXACT_WS/MP598/2025-2026/196032_150000,EXACT,WS/MP598/2025-2026/196032,GRAM PANCHATYAT GHANAHATTI,150000.0,,True,Rate-Card Baseline detected (Statutory Rate),MEDIUM,LEGITIMATE_RATE_CARD
DUP_EXACT_WS/MP18137/2025-2026/161417_200000,EXACT,WS/MP18137/2025-2026/161417,ALBIN LAMARE MEMORIAL SECONDARY SCHOOL NANGBAH,200000.0,,True,Rate-Card Baseline detected (Statutory Rate),MEDIUM,LEGITIMATE_RATE_CARD
DUP_EXACT_WS/MP18309/2025-2026/196309_500000,EXACT,WS/MP18309/2025-2026/196309,CURLESHA KOKSI SANGMA,500000.0,,True,Rate-Card Baseline detected (Statutory Rate),MEDIUM,LEGITIMATE_RATE_CARD
DUP_EXACT_WS/MP18029/2025-2026/190120_83160,EXACT,WS/MP18029/2025-2026/190120,RDC ENTERPRISE,83160.0,,False,Work+Vendor+Amount+Date exact match,CRITICAL,NEW
DUP_EXACT_WS/MP18100/2025-2026/180805_100000,EXACT,WS/MP18100/2025-2026/180805,LT COL OC 24MP BN NCC CWA,100000.0,,True,Rate-Card Baseline detected (Statutory Rate),MEDIUM,LEGITIMATE_RATE_CARD
DUP_EXACT_WS/MP18351/2025-2026/195718_250000,EXACT,WS/MP18351/2025-2026/195718,EE RWS AND S P DIVISION NANDYAL,250000.0,,True,Rate-Card Baseline detected (Statutory Rate),MEDIUM,LEGITIMATE_RATE_CARD
DUP_EXACT_WS/MP18351/2025-2026/195719_250000,EXACT,WS/MP18351/2025-2026/195719,EE RWS AND S P DIVISION NANDYAL,250000.0,,True,Rate-Card Baseline detected (Statutory Rate),MEDIUM,LEGITIMATE_RATE_CARD
DUP_EXACT_WS/MP598/2024-2025/145391_150000,EXACT,WS/MP598/2024-2025/145391,GP GHOOND,150000.0,,True,Rate-Card Baseline detected (Statutory Rate),MEDIUM,LEGITIMATE_RATE_CARD
DUP_EXACT_WS/MP18158/2025-2026/194750_40810,EXACT,WS/MP18158/2025-2026/194750,S M BRICK KILN,40810.0,,True,Rate-Card Baseline detected (Statutory Rate),MEDIUM,LEGITIMATE_RATE_CARD
DUP_EXACT_WS/MP18137/2025-2026/161402_250000,EXACT,WS/MP18137/2025-2026/161402,SMC PRESBYTERIAN SECONDARY SC BARATO,250000.0,,True,Rate-Card Baseline detected (Statutory Rate),MEDIUM,LEGITIMATE_RATE_CARD
DUP_EXACT_WS/MP716/2025-2026/189727_45595,EXACT,WS/MP716/2025-2026/189727,DASHMESH SPUN PIPE FACTORY,45595.0,,True,Rate-Card Baseline detected (Statutory Rate),MEDIUM,LEGITIMATE_RATE_CARD
DUP_EXACT_WS/MP716/2025-2026/189727_45600,EXACT,WS/MP716/2025-2026/189727,DASHMESH SPUN PIPE FACTORY,45600.0,,True,Rate-Card Baseline detected (Statutory Rate),MEDIUM,LEGITIMATE_RATE_CARD
DUP_EXACT_WS/MP716/2025-2026/189717_49020,EXACT,WS/MP716/2025-2026/189717,DASHMESH SPUN PIPE FACTORY,49020.0,,True,Rate-Card Baseline detected (Statutory Rate),MEDIUM,LEGITIMATE_RATE_CARD
DUP_EXACT_WS/MP18309/2025-2026/208892_100000,EXACT,WS/MP18309/2025-2026/208892,KALLEPSING MARAK,100000.0,,True,Rate-Card Baseline detected (Statutory Rate),MEDIUM,LEGITIMATE_RATE_CARD
DUP_EXACT_WS/MP18309/2025-2026/208893_50000,EXACT,WS/MP18309/2025-2026/208893,MUNNA MARAK,50000.0,,True,Rate-Card Baseline detected (Statutory Rate),MEDIUM,LEGITIMATE_RATE_CARD
DUP_EXACT_WS/MP18309/2025-2026/209332_150000,EXACT,WS/MP18309/2025-2026/209332,ABDUL MOTLEB,150000.0,,True,Rate-Card Baseline detected (Statutory Rate),MEDIUM,LEGITIMATE_RATE_CARD
DUP_EXACT_WS/MP18309/2025-2026/215316_500000,EXACT,WS/MP18309/2025-2026/215316,ABDUL MOTLEB,500000.0,,True,Rate-Card Baseline detected (Statutory Rate),MEDIUM,LEGITIMATE_RATE_CARD
DUP_EXACT_WS/MP18309/2025-2026/208891_100000,EXACT,WS/MP18309/2025-2026/208891,SANPRAY D SANGMA,100000.0,,True,Rate-Card Baseline detected (Statutory Rate),MEDIUM,LEGITIMATE_RATE_CARD
DUP_EXACT_WS/MP18137/2025-2026/162017_150000,EXACT,WS/MP18137/2025-2026/162017,MINOLA MAKRI,150000.0,,True,Rate-Card Baseline detected (Statutory Rate),MEDIUM,LEGITIMATE_RATE_CARD
DUP_EXACT_WS/MP18314/2025-2026/219469_41542,EXACT,WS/MP18314/2025-2026/219469,CHAHAL INTERLOCK TILE FACTORY,41542.0,,False,Work+Vendor+Amount+Date exact match,CRITICAL,NEW
DUP_EXACT_WS/MP716/2025-2026/189591_38076,EXACT,WS/MP716/2025-2026/189591,CHAHAL INTERLOCK TILE FACTORY,38076.0,,False,Work+Vendor+Amount+Date exact match,CRITICAL,NEW
DUP_EXACT_WS/MP18155/2025-2026/196732_28300,EXACT,WS/MP18155/2025-2026/196732,MURARI LAL,28300.0,,False,Work+Vendor+Amount+Date exact match,CRITICAL,NEW
DUP_EXACT_WS/MP719/2024-2025/161812_3861,EXACT,WS/MP719/2024-2025/161812,DINESH CHOUDHARY,3861.0,,True,Rate-Card Baseline detected (Statutory Rate),MEDIUM,LEGITIMATE_RATE_CARD
DUP_EXACT_WS/MP360/2025-2026/195119_250000,EXACT,WS/MP360/2025-2026/195119,SFC MULBHOOT LUNI,250000.0,,True,Rate-Card Baseline detected (Statutory Rate),MEDIUM,LEGITIMATE_RATE_CARD
DUP_EXACT_WS/MP360/2025-2026/195118_250000,EXACT,WS/MP360/2025-2026/195118,SFC MULBHOOT MUNJ,250000.0,,True,Rate-Card Baseline detected (Statutory Rate),MEDIUM,LEGITIMATE_RATE_CARD
DUP_EXACT_WS/MP18335/2025-2026/210197_750000,EXACT,WS/MP18335/2025-2026/210197,GRAM PANCHAYAT KURKUNGA 1,750000.0,,True,Rate-Card Baseline detected (Statutory Rate),MEDIUM,LEGITIMATE_RATE_CARD
DUP_EXACT_WS/MP18335/2025-2026/210207_750000,EXACT,WS/MP18335/2025-2026/210207,GRAM PANCHAYAT JOKBAHALA,750000.0,,True,Rate-Card Baseline detected (Statutory Rate),MEDIUM,LEGITIMATE_RATE_CARD
DUP_EXACT_WS/MP598/2024-2025/163699_150000,EXACT,WS/MP598/2024-2025/163699,GRAM PAMCHAYAT SHOGI,150000.0,,True,Rate-Card Baseline detected (Statutory Rate),MEDIUM,LEGITIMATE_RATE_CARD
DUP_EXACT_WS/MP598/2024-2025/163700_100000,EXACT,WS/MP598/2024-2025/163700,GRAM PAMCHAYAT SHOGI,100000.0,,True,Rate-Card Baseline detected (Statutory Rate),MEDIUM,LEGITIMATE_RATE_CARD
DUP_EXACT_WS/MP18166/2024-2025/164689_40950,EXACT,WS/MP18166/2024-2025/164689,PUNMA RAM,40950.0,,True,Rate-Card Baseline detected (Statutory Rate),MEDIUM,LEGITIMATE_RATE_CARD
DUP_EXACT_WS/MP18335/2025-2026/151032_100000,EXACT,WS/MP18335/2025-2026/151032,SHYAM STEEL,100000.0,,True,Rate-Card Baseline detected (Statutory Rate),MEDIUM,LEGITIMATE_RATE_CARD
DUP_EXACT_WS/MP18102/2025-2026/198460_500000,EXACT,WS/MP18102/2025-2026/198460,GRAM PANCHAYAT DATTIGARA JANPAD PANCHAYAT BADNAWAR,500000.0,,True,Rate-Card Baseline detected (Statutory Rate),MEDIUM,LEGITIMATE_RATE_CARD
DUP_EXACT_WS/MP18137/2025-2026/161407_200000,EXACT,WS/MP18137/2025-2026/161407,WAHEH SHNONG BARATO,200000.0,,True,Rate-Card Baseline detected (Statutory Rate),MEDIUM,LEGITIMATE_RATE_CARD
DUP_EXACT_WS/MP18102/2025-2026/198461_500000,EXACT,WS/MP18102/2025-2026/198461,GRAM PANCHAYAT GAJNOD  JANPAD PANCHAYAT BADNAWAR,500000.0,,True,Rate-Card Baseline detected (Statutory Rate),MEDIUM,LEGITIMATE_RATE_CARD
DUP_EXACT_WS/MP18322/2025-2026/193781_150000,EXACT,WS/MP18322/2025-2026/193781,J E N R E P DEOGHAR VENDER ACCOUNT,150000.0,,True,Rate-Card Baseline detected (Statutory Rate),MEDIUM,LEGITIMATE_RATE_CARD
DUP_EXACT_WS/MP18322/2025-2026/193736_150000,EXACT,WS/MP18322/2025-2026/193736,J E N R E P DEOGHAR VENDER ACCOUNT,150000.0,,True,Rate-Card Baseline detected (Statutory Rate),MEDIUM,LEGITIMATE_RATE_CARD
DUP_EXACT_WS/MP18322/2025-2026/193745_150000,EXACT,WS/MP18322/2025-2026/193745,J E N R E P DEOGHAR VENDER ACCOUNT,150000.0,,True,Rate-Card Baseline detected (Statutory Rate),MEDIUM,LEGITIMATE_RATE_CARD
DUP_EXACT_WS/MP18370/2025-2026/190903_500000,EXACT,WS/MP18370/2025-2026/190903,OINAM PREMJIT SINGH,500000.0,,True,Rate-Card Baseline detected (Statutory Rate),MEDIUM,LEGITIMATE_RATE_CARD
DUP_EXACT_WS/MP18048/2025-2026/165664_65000,EXACT,WS/MP18048/2025-2026/165664,NAVKAR,65000.0,,True,Rate-Card Baseline detected (Statutory Rate),MEDIUM,LEGITIMATE_RATE_CARD
DUP_EXACT_WS/MP18069/2025-2026/171769_75000,EXACT,WS/MP18069/2025-2026/171769,GP MANJHLI,75000.0,,True,Rate-Card Baseline detected (Statutory Rate),MEDIUM,LEGITIMATE_RATE_CARD
DUP_EXACT_WS/MP18069/2025-2026/171759_50000,EXACT,WS/MP18069/2025-2026/171759,GP SURI,50000.0,,True,Rate-Card Baseline detected (Statutory Rate),MEDIUM,LEGITIMATE_RATE_CARD
DUP_EXACT_WS/MP18137/2025-2026/161403_350000,EXACT,WS/MP18137/2025-2026/161403,DORBAR IAW MUKSOW MOWKAIAW,350000.0,,True,Rate-Card Baseline detected (Statutory Rate),MEDIUM,LEGITIMATE_RATE_CARD
DUP_EXACT_WS/MP716/2025-2026/189594_34200,EXACT,WS/MP716/2025-2026/189594,BABA SAHIB DASS ENTERPRISES,34200.0,,True,Rate-Card Baseline detected (Statutory Rate),MEDIUM,LEGITIMATE_RATE_CARD
DUP_EXACT_WS/MP18311/2024-2025/153634_35999,EXACT,WS/MP18311/2024-2025/153634,S M BRICKS,35999.0,,False,Work+Vendor+Amount+Date exact match,CRITICAL,NEW
DUP_EXACT_WS/MP18311/2024-2025/153717_27999,EXACT,WS/MP18311/2024-2025/153717,S M BRICKS,27999.0,,False,Work+Vendor+Amount+Date exact match,CRITICAL,NEW
DUP_EXACT_WS/MP18137/2025-2026/161414_75000,EXACT,WS/MP18137/2025-2026/161414,DORBAR SHNONG SHANGPUNG MISSION,75000.0,,True,Rate-Card Baseline detected (Statutory Rate),MEDIUM,LEGITIMATE_RATE_CARD
DUP_EXACT_WS/MP18158/2025-2026/191241_21700,EXACT,WS/MP18158/2025-2026/191241,JASWINDER KUMAR,21700.0,,False,Work+Vendor+Amount+Date exact match,CRITICAL,NEW
DUP_EXACT_WS/MP716/2025-2026/189727_48000,EXACT,WS/MP716/2025-2026/189727,SHIVA BRICK KILN ENTERPRISES,48000.0,,True,Rate-Card Baseline detected (Statutory Rate),MEDIUM,LEGITIMATE_RATE_CARD
DUP_EXACT_WS/MP18109/2025-2026/220758_100000,EXACT,WS/MP18109/2025-2026/220758,GRAM PANCHAYAT BHATHA,100000.0,,True,Rate-Card Baseline detected (Statutory Rate),MEDIUM,LEGITIMATE_RATE_CARD
DUP_EXACT_WS/MP18109/2024-2025/150115_100000,EXACT,WS/MP18109/2024-2025/150115,GRAM PANCHAYAT BHATHA,100000.0,,True,Rate-Card Baseline detected (Statutory Rate),MEDIUM,LEGITIMATE_RATE_CARD
DUP_EXACT_WS/MP18370/2025-2026/199250_1000000,EXACT,WS/MP18370/2025-2026/199250,MS HEAVEN TRADERS,1000000.0,,True,Rate-Card Baseline detected (Statutory Rate),MEDIUM,LEGITIMATE_RATE_CARD
DUP_EXACT_WS/MP18336/2025-2026/156454_250000,EXACT,WS/MP18336/2025-2026/156454,GRAM PANCHAYAT DHARSIWA,250000.0,,True,Rate-Card Baseline detected (Statutory Rate),MEDIUM,LEGITIMATE_RATE_CARD
DUP_EXACT_WS/MP484/2025-2026/206410_650000,EXACT,WS/MP484/2025-2026/206410,PANINDIA FABRICATOR,650000.0,,True,Rate-Card Baseline detected (Statutory Rate),MEDIUM,LEGITIMATE_RATE_CARD
DUP_EXACT_WS/MP18029/2025-2026/207093_26040,EXACT,WS/MP18029/2025-2026/207093,JITEN DAS,26040.0,,False,Work+Vendor+Amount+Date exact match,CRITICAL,NEW
DUP_EXACT_WS/MP18029/2025-2026/207093_48818,EXACT,WS/MP18029/2025-2026/207093,JITEN DAS,48818.0,,False,Work+Vendor+Amount+Date exact match,CRITICAL,NEW
DUP_EXACT_WS/MP18311/2024-2025/141029_50032,EXACT,WS/MP18311/2024-2025/141029,DARSHAN SINGH,50032.0,,False,Work+Vendor+Amount+Date exact match,CRITICAL,NEW
DUP_EXACT_WS/MP18311/2024-2025/142736_20988,EXACT,WS/MP18311/2024-2025/142736,SURINDERJEET SINGH AND SONS,20988.0,,False,Work+Vendor+Amount+Date exact match,CRITICAL,NEW
DUP_EXACT_WS/MP429/2025-2026/193106_100000,EXACT,WS/MP429/2025-2026/193106,GRAM PANCHAYAT KUTELAMUDA,100000.0,,True,Rate-Card Baseline detected (Statutory Rate),MEDIUM,LEGITIMATE_RATE_CARD
DUP_EXACT_WS/MP432/2025-2026/206014_100000,EXACT,WS/MP432/2025-2026/206014,MS GP NANAWAN FINANCE AC,100000.0,,True,Rate-Card Baseline detected (Statutory Rate),MEDIUM,LEGITIMATE_RATE_CARD
DUP_EXACT_WS/MP18102/2025-2026/186499_500000,EXACT,WS/MP18102/2025-2026/186499,GRAM PANCHAYAT BODHWADA JANPAD PANCHAYAT TIRLA,500000.0,,True,Rate-Card Baseline detected (Statutory Rate),MEDIUM,LEGITIMATE_RATE_CARD
DUP_EXACT_WS/MP18102/2025-2026/182452_600000,EXACT,WS/MP18102/2025-2026/182452,GRAM PANCHAYAT MEHGAON JANPAD PANCHAYAT DHARMPURI DISTRICT DHAR,600000.0,,True,Rate-Card Baseline detected (Statutory Rate),MEDIUM,LEGITIMATE_RATE_CARD
DUP_EXACT_WS/MP18049/2025-2026/181657_250000,EXACT,WS/MP18049/2025-2026/181657,GRAM PANCHAYAT BILLIBAND,250000.0,,True,Rate-Card Baseline detected (Statutory Rate),MEDIUM,LEGITIMATE_RATE_CARD
DUP_EXACT_WS/MP643/2024-2025/146592_27500,EXACT,WS/MP643/2024-2025/146592,AJAY KHARE,27500.0,,True,Rate-Card Baseline detected (Statutory Rate),MEDIUM,LEGITIMATE_RATE_CARD
DUP_EXACT_WS/MP643/2024-2025/146592_24000,EXACT,WS/MP643/2024-2025/146592,DEVESH PANDIT,24000.0,,True,Rate-Card Baseline detected (Statutory Rate),MEDIUM,LEGITIMATE_RATE_CARD
DUP_EXACT_WS/MP598/2025-2026/219807_100000,EXACT,WS/MP598/2025-2026/219807,GRAM PANCHAYAT RAMA DHOUN,100000.0,,True,Rate-Card Baseline detected (Statutory Rate),MEDIUM,LEGITIMATE_RATE_CARD
DUP_EXACT_WS/MP428/2025-2026/257595_250000,EXACT,WS/MP428/2025-2026/257595,POORVA ENGINEERS AND CONSULTANTS,250000.0,,True,Rate-Card Baseline detected (Statutory Rate),MEDIUM,LEGITIMATE_RATE_CARD
DUP_EXACT_WS/MP428/2025-2026/257598_250000,EXACT,WS/MP428/2025-2026/257598,POORVA ENGINEERS AND CONSULTANTS,250000.0,,True,Rate-Card Baseline detected (Statutory Rate),MEDIUM,LEGITIMATE_RATE_CARD
DUP_EXACT_WS/MP428/2025-2026/237440_250000,EXACT,WS/MP428/2025-2026/237440,PRA INFRA PROJECTS,250000.0,,True,Rate-Card Baseline detected (Statutory Rate),MEDIUM,LEGITIMATE_RATE_CARD
DUP_EXACT_WS/MP18328/2025-2026/191729_100000,EXACT,WS/MP18328/2025-2026/191729,SWAYAM SAHAYATA SAMITI BAHOT,100000.0,,True,Rate-Card Baseline detected (Statutory Rate),MEDIUM,LEGITIMATE_RATE_CARD
DUP_EXACT_WS/MP18328/2025-2026/191194_100000,EXACT,WS/MP18328/2025-2026/191194,GP DHALWAN,100000.0,,True,Rate-Card Baseline detected (Statutory Rate),MEDIUM,LEGITIMATE_RATE_CARD
DUP_EXACT_WS/MP18375/2025-2026/187735_125000,EXACT,WS/MP18375/2025-2026/187735,GP AMODA JP OBEDULLAGANJ,125000.0,,True,Rate-Card Baseline detected (Statutory Rate),MEDIUM,LEGITIMATE_RATE_CARD
DUP_EXACT_WS/MP18375/2025-2026/187686_125000,EXACT,WS/MP18375/2025-2026/187686,GP KOTRA JP SANCHI,125000.0,,True,Rate-Card Baseline detected (Statutory Rate),MEDIUM,LEGITIMATE_RATE_CARD
DUP_EXACT_WS/MP18375/2025-2026/187725_150000,EXACT,WS/MP18375/2025-2026/187725,GP POLAHA JP OBEDULLAGANJ,150000.0,,True,Rate-Card Baseline detected (Statutory Rate),MEDIUM,LEGITIMATE_RATE_CARD
DUP_EXACT_WS/MP18137/2025-2026/158696_250000,EXACT,WS/MP18137/2025-2026/158696,POSTLING DKHAR,250000.0,,True,Rate-Card Baseline detected (Statutory Rate),MEDIUM,LEGITIMATE_RATE_CARD
DUP_EXACT_WS/MP18137/2025-2026/161350_100000,EXACT,WS/MP18137/2025-2026/161350,KHLIEHMANNUP LP SCHOOL,100000.0,,True,Rate-Card Baseline detected (Statutory Rate),MEDIUM,LEGITIMATE_RATE_CARD
DUP_EXACT_WS/MP18048/2025-2026/200447_476559,EXACT,WS/MP18048/2025-2026/200447,GRAM PANCHAYAT BAMANPUR,476559.0,,False,Work+Vendor+Amount+Date exact match,CRITICAL,NEW
DUP_EXACT_WS/MP720/2024-2025/145390_3861,EXACT,WS/MP720/2024-2025/145390,KANHAIYA LAL MALI,3861.0,,True,Rate-Card Baseline detected (Statutory Rate),MEDIUM,LEGITIMATE_RATE_CARD
DUP_EXACT_WS/MP18050/2025-2026/179389_350000,EXACT,WS/MP18050/2025-2026/179389,GRAM PANCHYAT PRSODA,350000.0,,True,Rate-Card Baseline detected (Statutory Rate),MEDIUM,LEGITIMATE_RATE_CARD
DUP_EXACT_WS/MP18137/2025-2026/161344_150000,EXACT,WS/MP18137/2025-2026/161344,PYNKHLAINBOR DHAR,150000.0,,True,Rate-Card Baseline detected (Statutory Rate),MEDIUM,LEGITIMATE_RATE_CARD
DUP_EXACT_WS/MP18137/2025-2026/161339_100000,EXACT,WS/MP18137/2025-2026/161339,DONG ELECTRIC LPS RATACHERRA,100000.0,,True,Rate-Card Baseline detected (Statutory Rate),MEDIUM,LEGITIMATE_RATE_CARD
DUP_EXACT_WS/MP18354/2025-2026/177635_249834,EXACT,WS/MP18354/2025-2026/177635,AMIT TRADERS,249834.0,,False,Work+Vendor+Amount+Date exact match,CRITICAL,NEW
DUP_EXACT_WS/MP18354/2025-2026/177634_249834,EXACT,WS/MP18354/2025-2026/177634,AMIT TRADERS,249834.0,,False,Work+Vendor+Amount+Date exact match,CRITICAL,NEW
DUP_EXACT_WS/MP18354/2025-2026/177633_249834,EXACT,WS/MP18354/2025-2026/177633,AMIT TRADERS,249834.0,,False,Work+Vendor+Amount+Date exact match,CRITICAL,NEW
DUP_EXACT_WS/MP18354/2025-2026/209016_90000,EXACT,WS/MP18354/2025-2026/209016,AMIT TRADERS,90000.0,,True,Rate-Card Baseline detected (Statutory Rate),MEDIUM,LEGITIMATE_RATE_CARD
DUP_EXACT_WS/MP381/2025-2026/203253_35000,EXACT,WS/MP381/2025-2026/203253,SARPANCH GRAM PANCHAYAT JHANDEY,35000.0,,True,Rate-Card Baseline detected (Statutory Rate),MEDIUM,LEGITIMATE_RATE_CARD
DUP_EXACT_WS/MP381/2025-2026/203253_39000,EXACT,WS/MP381/2025-2026/203253,SARPANCH GRAM PANCHAYAT JHANDEY,39000.0,,True,Rate-Card Baseline detected (Statutory Rate),MEDIUM,LEGITIMATE_RATE_CARD
DUP_EXACT_WS/MP18049/2025-2026/181660_500000,EXACT,WS/MP18049/2025-2026/181660,GP CHANGORI,500000.0,,True,Rate-Card Baseline detected (Statutory Rate),MEDIUM,LEGITIMATE_RATE_CARD
DUP_EXACT_WS/MP18051/2025-2026/195251_500000,EXACT,WS/MP18051/2025-2026/195251,GP BAMADADIH,500000.0,,True,Rate-Card Baseline detected (Statutory Rate),MEDIUM,LEGITIMATE_RATE_CARD
DUP_EXACT_WS/MP18109/2024-2025/146906_99750,EXACT,WS/MP18109/2024-2025/146906,GRAM PANCHAYAT BAKWA,99750.0,,True,Rate-Card Baseline detected (Statutory Rate),MEDIUM,LEGITIMATE_RATE_CARD
DUP_EXACT_WS/MP18109/2024-2025/146906_96770,EXACT,WS/MP18109/2024-2025/146906,GRAM PANCHAYAT BAKWA,96770.0,,False,Work+Vendor+Amount+Date exact match,CRITICAL,NEW
DUP_EXACT_WS/MP643/2024-2025/146592_30000,EXACT,WS/MP643/2024-2025/146592,JITENDRA TIROLE,30000.0,,True,Rate-Card Baseline detected (Statutory Rate),MEDIUM,LEGITIMATE_RATE_CARD
DUP_EXACT_WS/MP643/2024-2025/146592_32500,EXACT,WS/MP643/2024-2025/146592,SUMIT PATIL,32500.0,,False,Work+Vendor+Amount+Date exact match,CRITICAL,NEW
DUP_EXACT_WS/MP18172/2025-2026/192715_199700,EXACT,WS/MP18172/2025-2026/192715,N K ENTERPRISES,199700.0,,False,Work+Vendor+Amount+Date exact match,CRITICAL,NEW
DUP_EXACT_WS/MP18152/2024-2025/150654_49560,EXACT,WS/MP18152/2024-2025/150654,NANAKSAR PIPES,49560.0,,True,Rate-Card Baseline detected (Statutory Rate),MEDIUM,LEGITIMATE_RATE_CARD
DUP_EXACT_WS/MP18309/2025-2026/196344_500000,EXACT,WS/MP18309/2025-2026/196344,CHUANA K SANGMA,500000.0,,True,Rate-Card Baseline detected (Statutory Rate),MEDIUM,LEGITIMATE_RATE_CARD
DUP_EXACT_WS/MP18357/2025-2026/177244_500000,EXACT,WS/MP18357/2025-2026/177244,SARPANCH SACHIV GRAM PANCHAYT BAJRANGARH,500000.0,,True,Rate-Card Baseline detected (Statutory Rate),MEDIUM,LEGITIMATE_RATE_CARD
DUP_EXACT_WS/MP18336/2025-2026/184895_475000,EXACT,WS/MP18336/2025-2026/184895,SARPANCH GRAM PANCHAYAT KODAPAR,475000.0,,False,Work+Vendor+Amount+Date exact match,CRITICAL,NEW
DUP_EXACT_WS/MP18336/2025-2026/184896_325000,EXACT,WS/MP18336/2025-2026/184896,SARPANCH GRAM PANCHAYAT FARFAUD,325000.0,,True,Rate-Card Baseline detected (Statutory Rate),MEDIUM,LEGITIMATE_RATE_CARD
DUP_EXACT_WS/MP18346/2025-2026/250553_159886,EXACT,WS/MP18346/2025-2026/250553,AADI AND RUDRANSH CONSTRUCTION COMPANY,159886.0,,False,Work+Vendor+Amount+Date exact match,CRITICAL,NEW
DUP_EXACT_WS/MP18069/2025-2026/165826_100000,EXACT,WS/MP18069/2025-2026/165826,THAKRI MATTI,100000.0,,True,Rate-Card Baseline detected (Statutory Rate),MEDIUM,LEGITIMATE_RATE_CARD
DUP_EXACT_WS/MP18069/2025-2026/165793_100000,EXACT,WS/MP18069/2025-2026/165793,THAKRI MATTI,100000.0,,True,Rate-Card Baseline detected (Statutory Rate),MEDIUM,LEGITIMATE_RATE_CARD
DUP_EXACT_WS/MP18069/2025-2026/165821_75000,EXACT,WS/MP18069/2025-2026/165821,THAKRI MATTI,75000.0,,True,Rate-Card Baseline detected (Statutory Rate),MEDIUM,LEGITIMATE_RATE_CARD
DUP_EXACT_WS/MP541/2025-2026/246510_144000,EXACT,WS/MP541/2025-2026/246510,ARNAZ HARDWARE,144000.0,,True,Rate-Card Baseline detected (Statutory Rate),MEDIUM,LEGITIMATE_RATE_CARD
DUP_EXACT_WS/MP18029/2025-2026/202341_49700,EXACT,WS/MP18029/2025-2026/202341,BINOD CHETRY,49700.0,,True,Rate-Card Baseline detected (Statutory Rate),MEDIUM,LEGITIMATE_RATE_CARD
DUP_EXACT_WS/MP716/2025-2026/192038_199056,EXACT,WS/MP716/2025-2026/192038,LUXMI IRON STORE,199056.0,,False,Work+Vendor+Amount+Date exact match,CRITICAL,NEW
DUP_EXACT_WS/MP716/2025-2026/192038_195624,EXACT,WS/MP716/2025-2026/192038,LUXMI IRON STORE,195624.0,,False,Work+Vendor+Amount+Date exact match,CRITICAL,NEW
DUP_EXACT_WS/MP18050/2025-2026/179341_250000,EXACT,WS/MP18050/2025-2026/179341,GP PENDARWANI,250000.0,,True,Rate-Card Baseline detected (Statutory Rate),MEDIUM,LEGITIMATE_RATE_CARD
DUP_EXACT_WS/MP18328/2025-2026/191710_100000,EXACT,WS/MP18328/2025-2026/191710,GRAM PANCHAYAT ARTHI,100000.0,,True,Rate-Card Baseline detected (Statutory Rate),MEDIUM,LEGITIMATE_RATE_CARD
DUP_EXACT_WS/MP18328/2025-2026/191716_100000,EXACT,WS/MP18328/2025-2026/191716,GRAM PANCHAYAT KANDAR,100000.0,,True,Rate-Card Baseline detected (Statutory Rate),MEDIUM,LEGITIMATE_RATE_CARD
DUP_EXACT_WS/MP18328/2025-2026/191724_100000,EXACT,WS/MP18328/2025-2026/191724,GRAM PANCHAYAT KHILRA,100000.0,,True,Rate-Card Baseline detected (Statutory Rate),MEDIUM,LEGITIMATE_RATE_CARD
DUP_EXACT_WS/MP18328/2025-2026/191722_100000,EXACT,WS/MP18328/2025-2026/191722,GRAM PANCHAYAT BAYLA,100000.0,,True,Rate-Card Baseline detected (Statutory Rate),MEDIUM,LEGITIMATE_RATE_CARD
DUP_EXACT_WS/MP18328/2025-2026/191721_100000,EXACT,WS/MP18328/2025-2026/191721,GRAM PANCHAYAT SALWANA,100000.0,,True,Rate-Card Baseline detected (Statutory Rate),MEDIUM,LEGITIMATE_RATE_CARD
DUP_EXACT_WS/MP18328/2025-2026/191727_50000,EXACT,WS/MP18328/2025-2026/191727,GRAM PANCHAYAT KALAHOD,50000.0,,True,Rate-Card Baseline detected (Statutory Rate),MEDIUM,LEGITIMATE_RATE_CARD
DUP_EXACT_WS/MP18328/2025-2026/191726_100000,EXACT,WS/MP18328/2025-2026/191726,GRAM PANCHAYAT KALAHOD,100000.0,,True,Rate-Card Baseline detected (Statutory Rate),MEDIUM,LEGITIMATE_RATE_CARD
DUP_EXACT_WS/MP18050/2025-2026/179372_250000,EXACT,WS/MP18050/2025-2026/179372,GRAM PANCHAYAT DEVRI KH,250000.0,,True,Rate-Card Baseline detected (Statutory Rate),MEDIUM,LEGITIMATE_RATE_CARD
DUP_EXACT_WS/MP18375/2025-2026/187724_100000,EXACT,WS/MP18375/2025-2026/187724,GP BARKHEDA SETU JP OBEDULLAGANJ,100000.0,,True,Rate-Card Baseline detected (Statutory Rate),MEDIUM,LEGITIMATE_RATE_CARD
DUP_EXACT_WS/MP18375/2025-2026/187728_150000,EXACT,WS/MP18375/2025-2026/187728,GP GHONT JP BADI,150000.0,,True,Rate-Card Baseline detected (Statutory Rate),MEDIUM,LEGITIMATE_RATE_CARD
DUP_EXACT_WS/MP18375/2025-2026/187726_100000,EXACT,WS/MP18375/2025-2026/187726,GP PADONIYA JP OBEDULLAGANJ,100000.0,,True,Rate-Card Baseline detected (Statutory Rate),MEDIUM,LEGITIMATE_RATE_CARD
DUP_EXACT_WS/MP18375/2025-2026/187734_150000,EXACT,WS/MP18375/2025-2026/187734,GP THANA JP OBEDULLAGANJ,150000.0,,True,Rate-Card Baseline detected (Statutory Rate),MEDIUM,LEGITIMATE_RATE_CARD
DUP_EXACT_WS/MP18375/2025-2026/187732_150000,EXACT,WS/MP18375/2025-2026/187732,GP NADOR JP OBEDULLAGANJ,150000.0,,True,Rate-Card Baseline detected (Statutory Rate),MEDIUM,LEGITIMATE_RATE_CARD
DUP_EXACT_WS/MP18157/2025-2026/187795_6750,EXACT,WS/MP18157/2025-2026/187795,MS AJAIB SINGH BKO,6750.0,,True,Rate-Card Baseline detected (Statutory Rate),MEDIUM,LEGITIMATE_RATE_CARD
DUP_EXACT_WS/MP18357/2025-2026/199886_500000,EXACT,WS/MP18357/2025-2026/199886,GRAM PANCHAYAT KACHHAUA,500000.0,,True,Rate-Card Baseline detected (Statutory Rate),MEDIUM,LEGITIMATE_RATE_CARD
DUP_EXACT_WS/MP18357/2025-2026/199885_500000,EXACT,WS/MP18357/2025-2026/199885,GRAM PANCHAYAT KHIOD,500000.0,,True,Rate-Card Baseline detected (Statutory Rate),MEDIUM,LEGITIMATE_RATE_CARD
DUP_EXACT_WS/MP18203/2025-2026/204861_681686,EXACT,WS/MP18203/2025-2026/204861,PENTASTAR POWERCON PVT LTD,681686.0,,False,Work+Vendor+Amount+Date exact match,CRITICAL,NEW
DUP_EXACT_WS/MP18203/2025-2026/231653_682866,EXACT,WS/MP18203/2025-2026/231653,PENTASTAR POWERCON PVT LTD,682866.0,,False,Work+Vendor+Amount+Date exact match,CRITICAL,NEW
DUP_EXACT_WS/MP18203/2025-2026/231652_763200,EXACT,WS/MP18203/2025-2026/231652,PENTASTAR POWERCON PVT LTD,763200.0,,False,Work+Vendor+Amount+Date exact match,CRITICAL,NEW
DUP_EXACT_WS/MP18203/2025-2026/204862_169601,EXACT,WS/MP18203/2025-2026/204862,PENTASTAR POWERCON PVT LTD,169601.0,,False,Work+Vendor+Amount+Date exact match,CRITICAL,NEW
DUP_EXACT_WS/MP18203/2025-2026/204862_676246,EXACT,WS/MP18203/2025-2026/204862,PENTASTAR POWERCON PVT LTD,676246.0,,False,Work+Vendor+Amount+Date exact match,CRITICAL,NEW
DUP_EXACT_WS/MP716/2025-2026/188921_6000,EXACT,WS/MP716/2025-2026/188921,SHIVA JI BKO,6000.0,,True,Rate-Card Baseline detected (Statutory Rate),MEDIUM,LEGITIMATE_RATE_CARD
DUP_EXACT_WS/MP716/2025-2026/188921_48000,EXACT,WS/MP716/2025-2026/188921,SHIVA JI BKO,48000.0,,True,Rate-Card Baseline detected (Statutory Rate),MEDIUM,LEGITIMATE_RATE_CARD
DUP_EXACT_WS/MP716/2025-2026/188921_30000,EXACT,WS/MP716/2025-2026/188921,SHIVA JI BKO,30000.0,,True,Rate-Card Baseline detected (Statutory Rate),MEDIUM,LEGITIMATE_RATE_CARD
DUP_EXACT_WS/MP716/2025-2026/188921_36000,EXACT,WS/MP716/2025-2026/188921,SHIVA JI BKO,36000.0,,True,Rate-Card Baseline detected (Statutory Rate),MEDIUM,LEGITIMATE_RATE_CARD
DUP_EXACT_WS/MP716/2025-2026/188921_42000,EXACT,WS/MP716/2025-2026/188921,SHIVA JI BKO,42000.0,,True,Rate-Card Baseline detected (Statutory Rate),MEDIUM,LEGITIMATE_RATE_CARD
DUP_EXACT_WS/MP716/2025-2026/188922_33600,EXACT,WS/MP716/2025-2026/188922,SHIVA JI BKO,33600.0,,True,Rate-Card Baseline detected (Statutory Rate),MEDIUM,LEGITIMATE_RATE_CARD
DUP_EXACT_WS/MP716/2025-2026/188921_43188,EXACT,WS/MP716/2025-2026/188921,BANSAL PIPE INDUSTRIES,43188.0,,False,Work+Vendor+Amount+Date exact match,CRITICAL,NEW
DUP_EXACT_WS/MP18357/2025-2026/199887_500000,EXACT,WS/MP18357/2025-2026/199887,GRAM PANCHYAT GORATILA,500000.0,,True,Rate-Card Baseline detected (Statutory Rate),MEDIUM,LEGITIMATE_RATE_CARD
DUP_EXACT_WS/MP18137/2025-2026/162002_250000,EXACT,WS/MP18137/2025-2026/162002,JOSTIN MASHARING,250000.0,,True,Rate-Card Baseline detected (Statutory Rate),MEDIUM,LEGITIMATE_RATE_CARD
DUP_EXACT_WS/MP18137/2025-2026/162034_100000,EXACT,WS/MP18137/2025-2026/162034,SEBASTIAN KHARMAWPHLANG,100000.0,,True,Rate-Card Baseline detected (Statutory Rate),MEDIUM,LEGITIMATE_RATE_CARD
DUP_EXACT_WS/MP18309/2025-2026/195759_250000,EXACT,WS/MP18309/2025-2026/195759,NIMBLE T SANGMA,250000.0,,True,Rate-Card Baseline detected (Statutory Rate),MEDIUM,LEGITIMATE_RATE_CARD
DUP_EXACT_WS/MP18309/2025-2026/195510_100000,EXACT,WS/MP18309/2025-2026/195510,ADORA SNAME M MARAK,100000.0,,True,Rate-Card Baseline detected (Statutory Rate),MEDIUM,LEGITIMATE_RATE_CARD
DUP_EXACT_WS/MP716/2025-2026/189719_45600,EXACT,WS/MP716/2025-2026/189719,BABA DEEP SINGH INTERLOCK TILE FOC,45600.0,,True,Rate-Card Baseline detected (Statutory Rate),MEDIUM,LEGITIMATE_RATE_CARD
DUP_EXACT_WS/MP716/2025-2026/189717_45840,EXACT,WS/MP716/2025-2026/189717,BABA DEEP SINGH INTERLOCK TILE FOC,45840.0,,True,Rate-Card Baseline detected (Statutory Rate),MEDIUM,LEGITIMATE_RATE_CARD
DUP_EXACT_WS/MP18049/2025-2026/181650_500000,EXACT,WS/MP18049/2025-2026/181650,SARPANCH GRAM PANCHAYAT PARSAHI,500000.0,,True,Rate-Card Baseline detected (Statutory Rate),MEDIUM,LEGITIMATE_RATE_CARD
DUP_EXACT_WS/MP18137/2025-2026/161971_150000,EXACT,WS/MP18137/2025-2026/161971,SAINBORLANG JALONG,150000.0,,True,Rate-Card Baseline detected (Statutory Rate),MEDIUM,LEGITIMATE_RATE_CARD
DUP_EXACT_WS/MP18311/2026-2027/280931_31800,EXACT,WS/MP18311/2026-2027/280931,HARSIMRAN BKO,31800.0,,False,Work+Vendor+Amount+Date exact match,CRITICAL,NEW
DUP_EXACT_WS/MP18375/2025-2026/187674_625000,EXACT,WS/MP18375/2025-2026/187674,GP DEORI JAGIR JP SILWANI,625000.0,,True,Rate-Card Baseline detected (Statutory Rate),MEDIUM,LEGITIMATE_RATE_CARD
DUP_EXACT_WS/MP18375/2025-2026/187677_600000,EXACT,WS/MP18375/2025-2026/187677,GP TULSIPAAR JP SILWANI,600000.0,,True,Rate-Card Baseline detected (Statutory Rate),MEDIUM,LEGITIMATE_RATE_CARD
DUP_EXACT_WS/MP429/2025-2026/205629_150000,EXACT,WS/MP429/2025-2026/205629,GRAM PANCHAYAT TALAPAR,150000.0,,True,Rate-Card Baseline detected (Statutory Rate),MEDIUM,LEGITIMATE_RATE_CARD
DUP_EXACT_WS/MP18309/2025-2026/183595_250000,EXACT,WS/MP18309/2025-2026/183595,EDMUND S SANGMA,250000.0,,True,Rate-Card Baseline detected (Statutory Rate),MEDIUM,LEGITIMATE_RATE_CARD
DUP_EXACT_WS/MP18069/2024-2025/165769_75000,EXACT,WS/MP18069/2024-2025/165769,GP BHAPOO,75000.0,,True,Rate-Card Baseline detected (Statutory Rate),MEDIUM,LEGITIMATE_RATE_CARD
DUP_EXACT_WS/MP18048/2025-2026/165605_500000,EXACT,WS/MP18048/2025-2026/165605,GRAM PANCHYAT KURANDI,500000.0,,True,Rate-Card Baseline detected (Statutory Rate),MEDIUM,LEGITIMATE_RATE_CARD
DUP_EXACT_WS/MP18049/2025-2026/181653_250000,EXACT,WS/MP18049/2025-2026/181653,SARPANCH GRAM PNAHCHAYAT LOHARSHI SON,250000.0,,True,Rate-Card Baseline detected (Statutory Rate),MEDIUM,LEGITIMATE_RATE_CARD
DUP_EXACT_WS/MP18137/2025-2026/158687_125000,EXACT,WS/MP18137/2025-2026/158687,REMIJIUS LYNGSHIANG,125000.0,,True,Rate-Card Baseline detected (Statutory Rate),MEDIUM,LEGITIMATE_RATE_CARD
DUP_EXACT_WS/MP18049/2025-2026/181652_250000,EXACT,WS/MP18049/2025-2026/181652,SARPANCH GRAM PANCHAYAT DARRIGHAT,250000.0,,True,Rate-Card Baseline detected (Statutory Rate),MEDIUM,LEGITIMATE_RATE_CARD
DUP_EXACT_WS/MP18107/2025-2026/178624_273000,EXACT,WS/MP18107/2025-2026/178624,NAGAR PARISHAD MEGHNAGAR,273000.0,,False,Work+Vendor+Amount+Date exact match,CRITICAL,NEW
DUP_EXACT_WS/MP18107/2025-2026/178625_273000,EXACT,WS/MP18107/2025-2026/178625,NAGAR PARISHAD MEGHNAGAR,273000.0,,False,Work+Vendor+Amount+Date exact match,CRITICAL,NEW
DUP_EXACT_WS/MP18375/2025-2026/187761_625000,EXACT,WS/MP18375/2025-2026/187761,GP MOONDLAKHURD S,625000.0,,True,Rate-Card Baseline detected (Statutory Rate),MEDIUM,LEGITIMATE_RATE_CARD
DUP_EXACT_WS/MP18069/2025-2026/165832_75000,EXACT,WS/MP18069/2025-2026/165832,GP PUKHARI,75000.0,,True,Rate-Card Baseline detected (Statutory Rate),MEDIUM,LEGITIMATE_RATE_CARD
DUP_EXACT_WS/MP18069/2025-2026/171768_75000,EXACT,WS/MP18069/2025-2026/171768,GP BHAJOTYRA,75000.0,,True,Rate-Card Baseline detected (Statutory Rate),MEDIUM,LEGITIMATE_RATE_CARD
DUP_EXACT_WS/MP18158/2025-2026/230724_40810,EXACT,WS/MP18158/2025-2026/230724,CHANDAN BRICK KILN,40810.0,,True,Rate-Card Baseline detected (Statutory Rate),MEDIUM,LEGITIMATE_RATE_CARD
DUP_EXACT_WS/MP640/2024-2025/165655_100000,EXACT,WS/MP640/2024-2025/165655,GRAM PANCHAYAT KANDHRAPUR,100000.0,,True,Rate-Card Baseline detected (Statutory Rate),MEDIUM,LEGITIMATE_RATE_CARD
DUP_EXACT_WS/MP18109/2025-2026/174455_47500,EXACT,WS/MP18109/2025-2026/174455,GRAM PANCHAYAT GANDHI GRAM,47500.0,,True,Rate-Card Baseline detected (Statutory Rate),MEDIUM,LEGITIMATE_RATE_CARD
DUP_EXACT_WS/MP18109/2025-2026/174455_49400,EXACT,WS/MP18109/2025-2026/174455,GRAM PANCHAYAT GANDHI GRAM,49400.0,,True,Rate-Card Baseline detected (Statutory Rate),MEDIUM,LEGITIMATE_RATE_CARD
DUP_EXACT_WS/MP18109/2025-2026/174455_29500,EXACT,WS/MP18109/2025-2026/174455,GRAM PANCHAYAT GANDHI GRAM,29500.0,,True,Rate-Card Baseline detected (Statutory Rate),MEDIUM,LEGITIMATE_RATE_CARD
DUP_EXACT_WS/MP18137/2025-2026/161919_250000,EXACT,WS/MP18137/2025-2026/161919,KLESTAR SYIEM,250000.0,,True,Rate-Card Baseline detected (Statutory Rate),MEDIUM,LEGITIMATE_RATE_CARD
DUP_EXACT_WS/MP568/2025-2026/183913_500000,EXACT,WS/MP568/2025-2026/183913,GRAM PANCHAYAT BORSI,500000.0,,True,Rate-Card Baseline detected (Statutory Rate),MEDIUM,LEGITIMATE_RATE_CARD
DUP_EXACT_WS/MP18168/2025-2026/234964_9000,EXACT,WS/MP18168/2025-2026/234964,SORAV KUMAR,9000.0,,True,Rate-Card Baseline detected (Statutory Rate),MEDIUM,LEGITIMATE_RATE_CARD
DUP_EXACT_WS/MP18309/2025-2026/195755_100000,EXACT,WS/MP18309/2025-2026/195755,PILNE A SANGMA,100000.0,,True,Rate-Card Baseline detected (Statutory Rate),MEDIUM,LEGITIMATE_RATE_CARD
DUP_EXACT_WS/MP18069/2025-2026/212381_175000,EXACT,WS/MP18069/2025-2026/212381,GRAM PANCHAYAT MASROOND,175000.0,,True,Rate-Card Baseline detected (Statutory Rate),MEDIUM,LEGITIMATE_RATE_CARD
DUP_EXACT_WS/MP598/2025-2026/191617_100000,EXACT,WS/MP598/2025-2026/191617,GP BADAI,100000.0,,True,Rate-Card Baseline detected (Statutory Rate),MEDIUM,LEGITIMATE_RATE_CARD
DUP_EXACT_WS/MP18137/2025-2026/157431_250000,EXACT,WS/MP18137/2025-2026/157431,BORSING SYIEM COLLEGE,250000.0,,True,Rate-Card Baseline detected (Statutory Rate),MEDIUM,LEGITIMATE_RATE_CARD
DUP_EXACT_WS/MP18137/2024-2025/161380_150000,EXACT,WS/MP18137/2024-2025/161380,ROBERT LYNGDOH,150000.0,,True,Rate-Card Baseline detected (Statutory Rate),MEDIUM,LEGITIMATE_RATE_CARD
DUP_EXACT_WS/MP18314/2025-2026/214344_17500,EXACT,WS/MP18314/2025-2026/214344,SHRI GANPATI TILES MATTI,17500.0,,True,Rate-Card Baseline detected (Statutory Rate),MEDIUM,LEGITIMATE_RATE_CARD
DUP_EXACT_WS/MP716/2024-2025/139172_45600,EXACT,WS/MP716/2024-2025/139172,SHRI GANPATI TILES MATTI,45600.0,,True,Rate-Card Baseline detected (Statutory Rate),MEDIUM,LEGITIMATE_RATE_CARD
DUP_EXACT_WS/MP716/2025-2026/189593_45600,EXACT,WS/MP716/2025-2026/189593,SHRI GANPATI TILES MATTI,45600.0,,True,Rate-Card Baseline detected (Statutory Rate),MEDIUM,LEGITIMATE_RATE_CARD
DUP_EXACT_WS/MP716/2025-2026/242688_45600,EXACT,WS/MP716/2025-2026/242688,SHRI GANPATI TILES MATTI,45600.0,,True,Rate-Card Baseline detected (Statutory Rate),MEDIUM,LEGITIMATE_RATE_CARD
DUP_EXACT_WS/MP716/2025-2026/242687_39900,EXACT,WS/MP716/2025-2026/242687,SHRI GANPATI TILES MATTI,39900.0,,True,Rate-Card Baseline detected (Statutory Rate),MEDIUM,LEGITIMATE_RATE_CARD
DUP_EXACT_WS/MP716/2025-2026/242688_39900,EXACT,WS/MP716/2025-2026/242688,SHRI GANPATI TILES MATTI,39900.0,,True,Rate-Card Baseline detected (Statutory Rate),MEDIUM,LEGITIMATE_RATE_CARD
DUP_EXACT_WS/MP18314/2025-2026/219253_35000,EXACT,WS/MP18314/2025-2026/219253,SHRI GANPATI TILES MATTI,35000.0,,True,Rate-Card Baseline detected (Statutory Rate),MEDIUM,LEGITIMATE_RATE_CARD
DUP_EXACT_WS/MP18314/2025-2026/219324_35000,EXACT,WS/MP18314/2025-2026/219324,SHRI GANPATI TILES MATTI,35000.0,,True,Rate-Card Baseline detected (Statutory Rate),MEDIUM,LEGITIMATE_RATE_CARD
DUP_EXACT_WS/MP18314/2025-2026/219347_35000,EXACT,WS/MP18314/2025-2026/219347,SHRI GANPATI TILES MATTI,35000.0,,True,Rate-Card Baseline detected (Statutory Rate),MEDIUM,LEGITIMATE_RATE_CARD
DUP_EXACT_WS/MP18314/2025-2026/219320_21000,EXACT,WS/MP18314/2025-2026/219320,SHRI GANPATI TILES MATTI,21000.0,,True,Rate-Card Baseline detected (Statutory Rate),MEDIUM,LEGITIMATE_RATE_CARD
DUP_EXACT_WS/MP18314/2025-2026/219315_21000,EXACT,WS/MP18314/2025-2026/219315,SHRI GANPATI TILES MATTI,21000.0,,True,Rate-Card Baseline detected (Statutory Rate),MEDIUM,LEGITIMATE_RATE_CARD
DUP_EXACT_WS/MP18314/2025-2026/219326_24500,EXACT,WS/MP18314/2025-2026/219326,SHRI GANPATI TILES MATTI,24500.0,,True,Rate-Card Baseline detected (Statutory Rate),MEDIUM,LEGITIMATE_RATE_CARD
DUP_EXACT_WS/MP18314/2025-2026/219328_17500,EXACT,WS/MP18314/2025-2026/219328,SHRI GANPATI TILES MATTI,17500.0,,True,Rate-Card Baseline detected (Statutory Rate),MEDIUM,LEGITIMATE_RATE_CARD
DUP_EXACT_WS/MP18314/2025-2026/219317_21000,EXACT,WS/MP18314/2025-2026/219317,SHRI GANPATI TILES MATTI,21000.0,,True,Rate-Card Baseline detected (Statutory Rate),MEDIUM,LEGITIMATE_RATE_CARD
DUP_EXACT_WS/MP18314/2025-2026/219257_35000,EXACT,WS/MP18314/2025-2026/219257,SHRI GANPATI TILES MATTI,35000.0,,True,Rate-Card Baseline detected (Statutory Rate),MEDIUM,LEGITIMATE_RATE_CARD
DUP_EXACT_WS/MP18314/2025-2026/219321_35000,EXACT,WS/MP18314/2025-2026/219321,SHRI GANPATI TILES MATTI,35000.0,,True,Rate-Card Baseline detected (Statutory Rate),MEDIUM,LEGITIMATE_RATE_CARD
DUP_EXACT_WS/MP18314/2025-2026/219318_35000,EXACT,WS/MP18314/2025-2026/219318,SHRI GANPATI TILES MATTI,35000.0,,True,Rate-Card Baseline detected (Statutory Rate),MEDIUM,LEGITIMATE_RATE_CARD
DUP_EXACT_WS/MP18314/2025-2026/219350_35000,EXACT,WS/MP18314/2025-2026/219350,SHRI GANPATI TILES MATTI,35000.0,,True,Rate-Card Baseline detected (Statutory Rate),MEDIUM,LEGITIMATE_RATE_CARD
DUP_EXACT_WS/MP18314/2025-2026/219329_35000,EXACT,WS/MP18314/2025-2026/219329,SHRI GANPATI TILES MATTI,35000.0,,True,Rate-Card Baseline detected (Statutory Rate),MEDIUM,LEGITIMATE_RATE_CARD
DUP_EXACT_WS/MP18314/2025-2026/219258_35000,EXACT,WS/MP18314/2025-2026/219258,SHRI GANPATI TILES MATTI,35000.0,,True,Rate-Card Baseline detected (Statutory Rate),MEDIUM,LEGITIMATE_RATE_CARD
DUP_EXACT_WS/MP18314/2025-2026/219259_35000,EXACT,WS/MP18314/2025-2026/219259,SHRI GANPATI TILES MATTI,35000.0,,True,Rate-Card Baseline detected (Statutory Rate),MEDIUM,LEGITIMATE_RATE_CARD
DUP_EXACT_WS/MP18102/2025-2026/182539_500000,EXACT,WS/MP18102/2025-2026/182539,GRAM PANCHAYAT BAYKHEDA JANPAD PANCHAYAT UMARBAN,500000.0,,True,Rate-Card Baseline detected (Statutory Rate),MEDIUM,LEGITIMATE_RATE_CARD
DUP_EXACT_WS/MP18155/2025-2026/196734_35002,EXACT,WS/MP18155/2025-2026/196734,TOP BRICK INDUSTRY,35002.0,,False,Work+Vendor+Amount+Date exact match,CRITICAL,NEW
DUP_EXACT_WS/MP18155/2025-2026/196734_35001,EXACT,WS/MP18155/2025-2026/196734,TOP BRICK INDUSTRY,35001.0,,False,Work+Vendor+Amount+Date exact match,CRITICAL,NEW
DUP_EXACT_WS/MP18109/2024-2025/150121_30000,EXACT,WS/MP18109/2024-2025/150121,GRAM PANCHAYAT KUSHIYARI,30000.0,,True,Rate-Card Baseline detected (Statutory Rate),MEDIUM,LEGITIMATE_RATE_CARD
DUP_EXACT_WS/MP18109/2024-2025/150121_105000,EXACT,WS/MP18109/2024-2025/150121,GRAM PANCHAYAT KUSHIYARI,105000.0,,True,Rate-Card Baseline detected (Statutory Rate),MEDIUM,LEGITIMATE_RATE_CARD
DUP_EXACT_WS/MP18102/2025-2026/182504_250000,EXACT,WS/MP18102/2025-2026/182504,GRAM PANCHAYAT MATALABPURA JANPAD PANCHAYAT DHARMPURI DISTRICT DHAR,250000.0,,True,Rate-Card Baseline detected (Statutory Rate),MEDIUM,LEGITIMATE_RATE_CARD
DUP_EXACT_WS/MP18161/2024-2025/138073_3420,EXACT,WS/MP18161/2024-2025/138073,HARVEER SINGH,3420.0,,True,Rate-Card Baseline detected (Statutory Rate),MEDIUM,LEGITIMATE_RATE_CARD
DUP_EXACT_WS/MP18161/2024-2025/138073_2850,EXACT,WS/MP18161/2024-2025/138073,HARVEER SINGH,2850.0,,True,Rate-Card Baseline detected (Statutory Rate),MEDIUM,LEGITIMATE_RATE_CARD
DUP_EXACT_WS/MP18069/2025-2026/165830_75000,EXACT,WS/MP18069/2025-2026/165830,GP LIGAA,75000.0,,True,Rate-Card Baseline detected (Statutory Rate),MEDIUM,LEGITIMATE_RATE_CARD
DUP_EXACT_WS/MP598/2025-2026/163716_100000,EXACT,WS/MP598/2025-2026/163716,GP SHAKHOLI,100000.0,,True,Rate-Card Baseline detected (Statutory Rate),MEDIUM,LEGITIMATE_RATE_CARD
DUP_EXACT_WS/MP643/2025-2026/146319_49000,EXACT,WS/MP643/2025-2026/146319,BHARMAL STEEL TRADERS,49000.0,,True,Rate-Card Baseline detected (Statutory Rate),MEDIUM,LEGITIMATE_RATE_CARD
DUP_EXACT_WS/MP716/2024-2025/141390_35400,EXACT,WS/MP716/2024-2025/141390,SAJAL BRICKS COMPANY,35400.0,,True,Rate-Card Baseline detected (Statutory Rate),MEDIUM,LEGITIMATE_RATE_CARD
DUP_EXACT_WS/MP18109/2025-2026/179965_750000,EXACT,WS/MP18109/2025-2026/179965,GRAM PANCHAYAT JAMUNIHA,750000.0,,True,Rate-Card Baseline detected (Statutory Rate),MEDIUM,LEGITIMATE_RATE_CARD
DUP_EXACT_WS/MP18109/2025-2026/179966_250000,EXACT,WS/MP18109/2025-2026/179966,GRAM PANCHAYAT BARANA,250000.0,,True,Rate-Card Baseline detected (Statutory Rate),MEDIUM,LEGITIMATE_RATE_CARD
DUP_EXACT_WS/MP18391/2025-2026/193457_450000,EXACT,WS/MP18391/2025-2026/193457,ALEMKABA,450000.0,,True,Rate-Card Baseline detected (Statutory Rate),MEDIUM,LEGITIMATE_RATE_CARD
DUP_EXACT_WS/MP18391/2025-2026/193460_150000,EXACT,WS/MP18391/2025-2026/193460,SANGLIPONG,150000.0,,True,Rate-Card Baseline detected (Statutory Rate),MEDIUM,LEGITIMATE_RATE_CARD
DUP_EXACT_WS/MP18069/2025-2026/211736_125000,EXACT,WS/MP18069/2025-2026/211736,DIVISIONAL FOREST OFFICER PALAMPUR,125000.0,,True,Rate-Card Baseline detected (Statutory Rate),MEDIUM,LEGITIMATE_RATE_CARD
DUP_EXACT_WS/MP18050/2025-2026/179409_400000,EXACT,WS/MP18050/2025-2026/179409,GRAM PANCHYAT BJAAMGAON,400000.0,,True,Rate-Card Baseline detected (Statutory Rate),MEDIUM,LEGITIMATE_RATE_CARD
DUP_EXACT_WS/MP18109/2024-2025/146899_52500,EXACT,WS/MP18109/2024-2025/146899,GRAM PANCHAYAT AMARWAH,52500.0,,True,Rate-Card Baseline detected (Statutory Rate),MEDIUM,LEGITIMATE_RATE_CARD
DUP_EXACT_WS/MP18102/2025-2026/182459_500000,EXACT,WS/MP18102/2025-2026/182459,GRAM PANCHAYAT PIPLYA KAMIN JANPAD PANCHAYAT DHARMPUR,500000.0,,True,Rate-Card Baseline detected (Statutory Rate),MEDIUM,LEGITIMATE_RATE_CARD
DUP_EXACT_WS/MP18102/2025-2026/182527_500000,EXACT,WS/MP18102/2025-2026/182527,GRAM PANCHAYAT EKLARA BUZURG JANPAD PANCHAYAT DHARMPUR,500000.0,,True,Rate-Card Baseline detected (Statutory Rate),MEDIUM,LEGITIMATE_RATE_CARD
DUP_EXACT_WS/MP18375/2025-2026/187723_150000,EXACT,WS/MP18375/2025-2026/187723,GP MAKODIYA JP OBEDULLAGANJ,150000.0,,True,Rate-Card Baseline detected (Statutory Rate),MEDIUM,LEGITIMATE_RATE_CARD
DUP_EXACT_WS/MP18375/2025-2026/187684_500000,EXACT,WS/MP18375/2025-2026/187684,GP GOPISUR SATKUNDA JP SANCHI,500000.0,,True,Rate-Card Baseline detected (Statutory Rate),MEDIUM,LEGITIMATE_RATE_CARD
DUP_EXACT_WS/MP18375/2025-2026/187687_200000,EXACT,WS/MP18375/2025-2026/187687,GP LILGAWAN JP GAIRATGANJ,200000.0,,True,Rate-Card Baseline detected (Statutory Rate),MEDIUM,LEGITIMATE_RATE_CARD
DUP_EXACT_WS/MP18375/2025-2026/187692_250000,EXACT,WS/MP18375/2025-2026/187692,GP LILGAWAN JP GAIRATGANJ,250000.0,,True,Rate-Card Baseline detected (Statutory Rate),MEDIUM,LEGITIMATE_RATE_CARD
DUP_EXACT_WS/MP18375/2025-2026/187731_150000,EXACT,WS/MP18375/2025-2026/187731,GP BEELKHEDI JP OBEDULLAGANJ,150000.0,,True,Rate-Card Baseline detected (Statutory Rate),MEDIUM,LEGITIMATE_RATE_CARD
DUP_EXACT_WS/MP18375/2025-2026/187721_300000,EXACT,WS/MP18375/2025-2026/187721,GP UMRAI BAHRA JP BADI,300000.0,,True,Rate-Card Baseline detected (Statutory Rate),MEDIUM,LEGITIMATE_RATE_CARD
DUP_EXACT_WS/MP18309/2025-2026/183494_250000,EXACT,WS/MP18309/2025-2026/183494,MAILO WASH DALBOT SHIRA,250000.0,,True,Rate-Card Baseline detected (Statutory Rate),MEDIUM,LEGITIMATE_RATE_CARD
DUP_EXACT_WS/MP18162/2025-2026/178545_3990,EXACT,WS/MP18162/2025-2026/178545,SHANTI,3990.0,,True,Rate-Card Baseline detected (Statutory Rate),MEDIUM,LEGITIMATE_RATE_CARD
DUP_EXACT_WS/MP18158/2025-2026/206687_86000,EXACT,WS/MP18158/2025-2026/206687,GOYAL SUBMERSIBLE,86000.0,,False,Work+Vendor+Amount+Date exact match,CRITICAL,NEW
DUP_EXACT_WS/MP18309/2025-2026/232272_500000,EXACT,WS/MP18309/2025-2026/232272,AIOK M SANGMA,500000.0,,True,Rate-Card Baseline detected (Statutory Rate),MEDIUM,LEGITIMATE_RATE_CARD
DUP_EXACT_WS/MP18309/2025-2026/183458_250000,EXACT,WS/MP18309/2025-2026/183458,NANNAN M MARAK,250000.0,,True,Rate-Card Baseline detected (Statutory Rate),MEDIUM,LEGITIMATE_RATE_CARD
DUP_EXACT_WS/MP18309/2025-2026/183467_150000,EXACT,WS/MP18309/2025-2026/183467,MATHIOUSH SANGMA,150000.0,,True,Rate-Card Baseline detected (Statutory Rate),MEDIUM,LEGITIMATE_RATE_CARD
DUP_EXACT_WS/MP18137/2024-2025/161379_150000,EXACT,WS/MP18137/2024-2025/161379,SARESTAR IAWPHNIAW,150000.0,,True,Rate-Card Baseline detected (Statutory Rate),MEDIUM,LEGITIMATE_RATE_CARD
DUP_EXACT_WS/MP18137/2024-2025/161387_100000,EXACT,WS/MP18137/2024-2025/161387,REMBYRNGAW PRES LP SCHOOL,100000.0,,True,Rate-Card Baseline detected (Statutory Rate),MEDIUM,LEGITIMATE_RATE_CARD
DUP_EXACT_WS/MP18137/2024-2025/161389_100000,EXACT,WS/MP18137/2024-2025/161389,MAWKOHLAR,100000.0,,True,Rate-Card Baseline detected (Statutory Rate),MEDIUM,LEGITIMATE_RATE_CARD
DUP_EXACT_WS/MP18309/2025-2026/183495_250000,EXACT,WS/MP18309/2025-2026/183495,GREPOLINE SHIRA,250000.0,,True,Rate-Card Baseline detected (Statutory Rate),MEDIUM,LEGITIMATE_RATE_CARD
DUP_EXACT_WS/MP18109/2025-2026/179960_1000000,EXACT,WS/MP18109/2025-2026/179960,GRAM PANCHAYAT DARAIN,1000000.0,,True,Rate-Card Baseline detected (Statutory Rate),MEDIUM,LEGITIMATE_RATE_CARD
DUP_EXACT_WS/MP18109/2025-2026/179962_500000,EXACT,WS/MP18109/2025-2026/179962,GRAM PANCHAYAT GHIYAR,500000.0,,True,Rate-Card Baseline detected (Statutory Rate),MEDIUM,LEGITIMATE_RATE_CARD
DUP_EXACT_WS/MP18109/2025-2026/179961_1200000,EXACT,WS/MP18109/2025-2026/179961,GRAM PANCHAYAT TENDUDOL,1200000.0,,True,Rate-Card Baseline detected (Statutory Rate),MEDIUM,LEGITIMATE_RATE_CARD
DUP_EXACT_WS/MP18350/2025-2026/246864_50000,EXACT,WS/MP18350/2025-2026/246864,MAHAKUMBHA PROPERTIES PVT LIMITED,50000.0,,True,Rate-Card Baseline detected (Statutory Rate),MEDIUM,LEGITIMATE_RATE_CARD
DUP_EXACT_WS/MP18098/2025-2026/180445_138375,EXACT,WS/MP18098/2025-2026/180445,GRAM PANCHYAT BAMHANI,138375.0,,False,Work+Vendor+Amount+Date exact match,CRITICAL,NEW
DUP_EXACT_WS/MP18051/2025-2026/180827_125000,EXACT,WS/MP18051/2025-2026/180827,EXICUTIVE ENGINEER PWD EM DIVISION NAVA RAIPUR,125000.0,,True,Rate-Card Baseline detected (Statutory Rate),MEDIUM,LEGITIMATE_RATE_CARD
DUP_EXACT_WS/MP18051/2025-2026/152885_125000,EXACT,WS/MP18051/2025-2026/152885,EXICUTIVE ENGINEER PWD EM DIVISION NAVA RAIPUR,125000.0,,True,Rate-Card Baseline detected (Statutory Rate),MEDIUM,LEGITIMATE_RATE_CARD
DUP_EXACT_WS/MP18051/2025-2026/152886_125000,EXACT,WS/MP18051/2025-2026/152886,EXICUTIVE ENGINEER PWD EM DIVISION NAVA RAIPUR,125000.0,,True,Rate-Card Baseline detected (Statutory Rate),MEDIUM,LEGITIMATE_RATE_CARD
DUP_EXACT_WS/MP18391/2025-2026/193461_250000,EXACT,WS/MP18391/2025-2026/193461,IMLICHUBA,250000.0,,True,Rate-Card Baseline detected (Statutory Rate),MEDIUM,LEGITIMATE_RATE_CARD
DUP_EXACT_WS/MP18152/2024-2025/140062_68820,EXACT,WS/MP18152/2024-2025/140062,JAI DURGA ENTERPRISES,68820.0,,False,Work+Vendor+Amount+Date exact match,CRITICAL,NEW
DUP_EXACT_WS/MP18172/2024-2025/141763_100000,EXACT,WS/MP18172/2024-2025/141763,PRABHAT ENTERPRISES,100000.0,,True,Rate-Card Baseline detected (Statutory Rate),MEDIUM,LEGITIMATE_RATE_CARD
DUP_EXACT_WS/MP18109/2025-2026/179963_500000,EXACT,WS/MP18109/2025-2026/179963,GRAM PANCHAYAT DEORI,500000.0,,True,Rate-Card Baseline detected (Statutory Rate),MEDIUM,LEGITIMATE_RATE_CARD
DUP_EXACT_WS/MP716/2024-2025/141390_34600,EXACT,WS/MP716/2024-2025/141390,FRIENDS SHUTTERING STORE,34600.0,,False,Work+Vendor+Amount+Date exact match,CRITICAL,NEW
DUP_EXACT_WS/MP716/2024-2025/141390_7460,EXACT,WS/MP716/2024-2025/141390,FRIENDS SHUTTERING STORE,7460.0,,False,Work+Vendor+Amount+Date exact match,CRITICAL,NEW
DUP_EXACT_WS/MP716/2024-2025/141390_8200,EXACT,WS/MP716/2024-2025/141390,FRIENDS SHUTTERING STORE,8200.0,,True,Rate-Card Baseline detected (Statutory Rate),MEDIUM,LEGITIMATE_RATE_CARD
DUP_EXACT_WS/MP18107/2024-2025/163605_150000,EXACT,WS/MP18107/2024-2025/163605,GP BURIGATI,150000.0,,True,Rate-Card Baseline detected (Statutory Rate),MEDIUM,LEGITIMATE_RATE_CARD
DUP_EXACT_WS/MP18137/2025-2026/158697_250000,EXACT,WS/MP18137/2025-2026/158697,RYMBAI VILLAGE ECO TOURISM SOCIETY,250000.0,,True,Rate-Card Baseline detected (Statutory Rate),MEDIUM,LEGITIMATE_RATE_CARD
DUP_EXACT_WS/MP18137/2025-2026/161316_200000,EXACT,WS/MP18137/2025-2026/161316,SYNRANG SHAHKHAIN RYMBAI,200000.0,,True,Rate-Card Baseline detected (Statutory Rate),MEDIUM,LEGITIMATE_RATE_CARD
DUP_EXACT_WS/MP18137/2025-2026/161324_150000,EXACT,WS/MP18137/2025-2026/161324,DORBAR DONG APHA,150000.0,,True,Rate-Card Baseline detected (Statutory Rate),MEDIUM,LEGITIMATE_RATE_CARD
DUP_EXACT_WS/MP478/2025-2026/154207_4740,EXACT,WS/MP478/2025-2026/154207,MAKANI DEVI,4740.0,,True,Rate-Card Baseline detected (Statutory Rate),MEDIUM,LEGITIMATE_RATE_CARD
DUP_EXACT_WS/MP478/2025-2026/154207_4029,EXACT,WS/MP478/2025-2026/154207,MAKANI DEVI,4029.0,,True,Rate-Card Baseline detected (Statutory Rate),MEDIUM,LEGITIMATE_RATE_CARD
DUP_EXACT_WS/MP18155/2024-2025/158274_27600,EXACT,WS/MP18155/2024-2025/158274,SHAGUN BRICKS INDUSTRY,27600.0,,False,Work+Vendor+Amount+Date exact match,CRITICAL,NEW
DUP_EXACT_WS/MP18155/2024-2025/158274_48300,EXACT,WS/MP18155/2024-2025/158274,JAI SINGH AND SONS,48300.0,,True,Rate-Card Baseline detected (Statutory Rate),MEDIUM,LEGITIMATE_RATE_CARD
DUP_EXACT_WS/MP18155/2025-2026/193916_48750,EXACT,WS/MP18155/2025-2026/193916,JAI SINGH AND SONS,48750.0,,True,Rate-Card Baseline detected (Statutory Rate),MEDIUM,LEGITIMATE_RATE_CARD
DUP_EXACT_WS/MP18155/2025-2026/193916_39000,EXACT,WS/MP18155/2025-2026/193916,JAI SINGH AND SONS,39000.0,,True,Rate-Card Baseline detected (Statutory Rate),MEDIUM,LEGITIMATE_RATE_CARD
DUP_EXACT_WS/MP716/2025-2026/188931_30000,EXACT,WS/MP716/2025-2026/188931,JAGAN NATH BKO,30000.0,,True,Rate-Card Baseline detected (Statutory Rate),MEDIUM,LEGITIMATE_RATE_CARD
DUP_EXACT_WS/MP18050/2025-2026/179407_250000,EXACT,WS/MP18050/2025-2026/179407,GRAM PANCHYAT JAGTARA,250000.0,,True,Rate-Card Baseline detected (Statutory Rate),MEDIUM,LEGITIMATE_RATE_CARD
DUP_EXACT_WS/MP18391/2025-2026/193459_200000,EXACT,WS/MP18391/2025-2026/193459,SUNGJEMMENBA,200000.0,,True,Rate-Card Baseline detected (Statutory Rate),MEDIUM,LEGITIMATE_RATE_CARD
DUP_EXACT_WS/MP18098/2024-2025/180438_169500,EXACT,WS/MP18098/2024-2025/180438,DEVESH KUMAR PATLE,169500.0,,False,Work+Vendor+Amount+Date exact match,CRITICAL,NEW
DUP_EXACT_WS/MP18098/2024-2025/180438_169800,EXACT,WS/MP18098/2024-2025/180438,DEVESH KUMAR PATLE,169800.0,,False,Work+Vendor+Amount+Date exact match,CRITICAL,NEW
DUP_EXACT_WS/MP18098/2024-2025/180438_170225,EXACT,WS/MP18098/2024-2025/180438,DEVESH KUMAR PATLE,170225.0,,False,Work+Vendor+Amount+Date exact match,CRITICAL,NEW
DUP_EXACT_WS/MP18098/2024-2025/180438_169950,EXACT,WS/MP18098/2024-2025/180438,DEVESH KUMAR PATLE,169950.0,,False,Work+Vendor+Amount+Date exact match,CRITICAL,NEW
DUP_EXACT_WS/MP18098/2024-2025/180438_169610,EXACT,WS/MP18098/2024-2025/180438,DEVESH KUMAR PATLE,169610.0,,False,Work+Vendor+Amount+Date exact match,CRITICAL,NEW
DUP_EXACT_WS/MP18098/2024-2025/180439_169500,EXACT,WS/MP18098/2024-2025/180439,DEVESH KUMAR PATLE,169500.0,,False,Work+Vendor+Amount+Date exact match,CRITICAL,NEW
DUP_EXACT_WS/MP18098/2024-2025/180439_169950,EXACT,WS/MP18098/2024-2025/180439,DEVESH KUMAR PATLE,169950.0,,False,Work+Vendor+Amount+Date exact match,CRITICAL,NEW
DUP_EXACT_WS/MP18098/2024-2025/180439_169400,EXACT,WS/MP18098/2024-2025/180439,DEVESH KUMAR PATLE,169400.0,,False,Work+Vendor+Amount+Date exact match,CRITICAL,NEW
DUP_EXACT_WS/MP18098/2024-2025/180439_169960,EXACT,WS/MP18098/2024-2025/180439,DEVESH KUMAR PATLE,169960.0,,False,Work+Vendor+Amount+Date exact match,CRITICAL,NEW
DUP_EXACT_WS/MP18098/2024-2025/180437_169800,EXACT,WS/MP18098/2024-2025/180437,DEVESH KUMAR PATLE,169800.0,,False,Work+Vendor+Amount+Date exact match,CRITICAL,NEW
DUP_EXACT_WS/MP18098/2024-2025/180437_169500,EXACT,WS/MP18098/2024-2025/180437,DEVESH KUMAR PATLE,169500.0,,False,Work+Vendor+Amount+Date exact match,CRITICAL,NEW
DUP_EXACT_WS/MP18098/2024-2025/180437_169950,EXACT,WS/MP18098/2024-2025/180437,DEVESH KUMAR PATLE,169950.0,,False,Work+Vendor+Amount+Date exact match,CRITICAL,NEW
DUP_EXACT_WS/MP18098/2024-2025/180437_169675,EXACT,WS/MP18098/2024-2025/180437,DEVESH KUMAR PATLE,169675.0,,False,Work+Vendor+Amount+Date exact match,CRITICAL,NEW
DUP_EXACT_WS/MP18098/2024-2025/180437_170060,EXACT,WS/MP18098/2024-2025/180437,DEVESH KUMAR PATLE,170060.0,,False,Work+Vendor+Amount+Date exact match,CRITICAL,NEW
DUP_EXACT_WS/MP18098/2024-2025/180436_169200,EXACT,WS/MP18098/2024-2025/180436,DEVESH KUMAR PATLE,169200.0,,False,Work+Vendor+Amount+Date exact match,CRITICAL,NEW
DUP_EXACT_WS/MP18098/2024-2025/180436_169800,EXACT,WS/MP18098/2024-2025/180436,DEVESH KUMAR PATLE,169800.0,,False,Work+Vendor+Amount+Date exact match,CRITICAL,NEW
DUP_EXACT_WS/MP18098/2024-2025/180436_170225,EXACT,WS/MP18098/2024-2025/180436,DEVESH KUMAR PATLE,170225.0,,False,Work+Vendor+Amount+Date exact match,CRITICAL,NEW
DUP_EXACT_WS/MP18098/2024-2025/180436_169950,EXACT,WS/MP18098/2024-2025/180436,DEVESH KUMAR PATLE,169950.0,,False,Work+Vendor+Amount+Date exact match,CRITICAL,NEW
DUP_EXACT_WS/MP18098/2024-2025/180436_169675,EXACT,WS/MP18098/2024-2025/180436,DEVESH KUMAR PATLE,169675.0,,False,Work+Vendor+Amount+Date exact match,CRITICAL,NEW
DUP_EXACT_WS/MP18098/2024-2025/180441_169800,EXACT,WS/MP18098/2024-2025/180441,DEVESH KUMAR PATLE,169800.0,,False,Work+Vendor+Amount+Date exact match,CRITICAL,NEW
DUP_EXACT_WS/MP18098/2024-2025/180441_169500,EXACT,WS/MP18098/2024-2025/180441,DEVESH KUMAR PATLE,169500.0,,False,Work+Vendor+Amount+Date exact match,CRITICAL,NEW
DUP_EXACT_WS/MP18098/2024-2025/180441_169950,EXACT,WS/MP18098/2024-2025/180441,DEVESH KUMAR PATLE,169950.0,,False,Work+Vendor+Amount+Date exact match,CRITICAL,NEW
DUP_EXACT_WS/MP18098/2024-2025/180441_169675,EXACT,WS/MP18098/2024-2025/180441,DEVESH KUMAR PATLE,169675.0,,False,Work+Vendor+Amount+Date exact match,CRITICAL,NEW
DUP_EXACT_WS/MP18098/2024-2025/180441_170225,EXACT,WS/MP18098/2024-2025/180441,DEVESH KUMAR PATLE,170225.0,,False,Work+Vendor+Amount+Date exact match,CRITICAL,NEW
DUP_EXACT_WS/MP18098/2024-2025/180440_169800,EXACT,WS/MP18098/2024-2025/180440,DEVESH KUMAR PATLE,169800.0,,False,Work+Vendor+Amount+Date exact match,CRITICAL,NEW
DUP_EXACT_WS/MP18098/2024-2025/180440_169500,EXACT,WS/MP18098/2024-2025/180440,DEVESH KUMAR PATLE,169500.0,,False,Work+Vendor+Amount+Date exact match,CRITICAL,NEW
DUP_EXACT_WS/MP18098/2024-2025/180440_169950,EXACT,WS/MP18098/2024-2025/180440,DEVESH KUMAR PATLE,169950.0,,False,Work+Vendor+Amount+Date exact match,CRITICAL,NEW
DUP_EXACT_WS/MP18098/2024-2025/180440_169675,EXACT,WS/MP18098/2024-2025/180440,DEVESH KUMAR PATLE,169675.0,,False,Work+Vendor+Amount+Date exact match,CRITICAL,NEW
DUP_EXACT_WS/MP18098/2024-2025/180440_170225,EXACT,WS/MP18098/2024-2025/180440,DEVESH KUMAR PATLE,170225.0,,False,Work+Vendor+Amount+Date exact match,CRITICAL,NEW
DUP_EXACT_WS/MP18098/2024-2025/180442_169500,EXACT,WS/MP18098/2024-2025/180442,DEVESH KUMAR PATLE,169500.0,,False,Work+Vendor+Amount+Date exact match,CRITICAL,NEW
DUP_EXACT_WS/MP18098/2024-2025/180442_169800,EXACT,WS/MP18098/2024-2025/180442,DEVESH KUMAR PATLE,169800.0,,False,Work+Vendor+Amount+Date exact match,CRITICAL,NEW
DUP_EXACT_WS/MP18098/2024-2025/180442_169950,EXACT,WS/MP18098/2024-2025/180442,DEVESH KUMAR PATLE,169950.0,,False,Work+Vendor+Amount+Date exact match,CRITICAL,NEW
DUP_EXACT_WS/MP18098/2024-2025/180442_169400,EXACT,WS/MP18098/2024-2025/180442,DEVESH KUMAR PATLE,169400.0,,False,Work+Vendor+Amount+Date exact match,CRITICAL,NEW
DUP_EXACT_WS/MP18098/2024-2025/180442_169675,EXACT,WS/MP18098/2024-2025/180442,DEVESH KUMAR PATLE,169675.0,,False,Work+Vendor+Amount+Date exact match,CRITICAL,NEW
DUP_EXACT_WS/MP18098/2024-2025/180442_169750,EXACT,WS/MP18098/2024-2025/180442,DEVESH KUMAR PATLE,169750.0,,False,Work+Vendor+Amount+Date exact match,CRITICAL,NEW
DUP_EXACT_WS/MP18098/2024-2025/180443_169800,EXACT,WS/MP18098/2024-2025/180443,DEVESH KUMAR PATLE,169800.0,,False,Work+Vendor+Amount+Date exact match,CRITICAL,NEW
DUP_EXACT_WS/MP18098/2024-2025/180443_169950,EXACT,WS/MP18098/2024-2025/180443,DEVESH KUMAR PATLE,169950.0,,False,Work+Vendor+Amount+Date exact match,CRITICAL,NEW
DUP_EXACT_WS/MP18098/2024-2025/180443_169675,EXACT,WS/MP18098/2024-2025/180443,DEVESH KUMAR PATLE,169675.0,,False,Work+Vendor+Amount+Date exact match,CRITICAL,NEW
DUP_EXACT_WS/MP18098/2024-2025/180443_169400,EXACT,WS/MP18098/2024-2025/180443,DEVESH KUMAR PATLE,169400.0,,False,Work+Vendor+Amount+Date exact match,CRITICAL,NEW
DUP_EXACT_WS/MP18098/2026-2027/272016_199806,EXACT,WS/MP18098/2026-2027/272016,DEVESH KUMAR PATLE,199806.0,,False,Work+Vendor+Amount+Date exact match,CRITICAL,NEW
DUP_EXACT_WS/MP18098/2026-2027/272014_193995,EXACT,WS/MP18098/2026-2027/272014,DEVESH KUMAR PATLE,193995.0,,False,Work+Vendor+Amount+Date exact match,CRITICAL,NEW
DUP_EXACT_WS/MP18098/2026-2027/272085_196468,EXACT,WS/MP18098/2026-2027/272085,DEVESH KUMAR PATLE,196468.0,,False,Work+Vendor+Amount+Date exact match,CRITICAL,NEW
DUP_EXACT_WS/MP18098/2026-2027/272085_197105,EXACT,WS/MP18098/2026-2027/272085,DEVESH KUMAR PATLE,197105.0,,False,Work+Vendor+Amount+Date exact match,CRITICAL,NEW
DUP_EXACT_WS/MP18098/2026-2027/272015_196468,EXACT,WS/MP18098/2026-2027/272015,DEVESH KUMAR PATLE,196468.0,,False,Work+Vendor+Amount+Date exact match,CRITICAL,NEW
DUP_EXACT_WS/MP18098/2026-2027/272015_197105,EXACT,WS/MP18098/2026-2027/272015,DEVESH KUMAR PATLE,197105.0,,False,Work+Vendor+Amount+Date exact match,CRITICAL,NEW
DUP_EXACT_WS/MP18137/2025-2026/174587_150000,EXACT,WS/MP18137/2025-2026/174587,KENTLI TANGSANG,150000.0,,True,Rate-Card Baseline detected (Statutory Rate),MEDIUM,LEGITIMATE_RATE_CARD
DUP_EXACT_WS/MP716/2025-2026/188931_48758,EXACT,WS/MP716/2025-2026/188931,NAIB SINGH SO JAGJEET SINGH,48758.0,,False,Work+Vendor+Amount+Date exact match,CRITICAL,NEW
DUP_EXACT_WS/MP18137/2025-2026/157432_150000,EXACT,WS/MP18137/2025-2026/157432,DRANLI ROY MAWLONG,150000.0,,True,Rate-Card Baseline detected (Statutory Rate),MEDIUM,LEGITIMATE_RATE_CARD
DUP_EXACT_WS/MP18137/2025-2026/161413_150000,EXACT,WS/MP18137/2025-2026/161413,ST PETER SECONDARY SCHOOL BARATO,150000.0,,True,Rate-Card Baseline detected (Statutory Rate),MEDIUM,LEGITIMATE_RATE_CARD
DUP_EXACT_WS/MP18050/2025-2026/179258_400000,EXACT,WS/MP18050/2025-2026/179258,GRAM PANCHAYAT MOHERA,400000.0,,True,Rate-Card Baseline detected (Statutory Rate),MEDIUM,LEGITIMATE_RATE_CARD
DUP_EXACT_WS/MP18050/2025-2026/179255_400000,EXACT,WS/MP18050/2025-2026/179255,GRAM PANCHAYAT RAKADIH,400000.0,,True,Rate-Card Baseline detected (Statutory Rate),MEDIUM,LEGITIMATE_RATE_CARD
DUP_EXACT_WS/MP18069/2025-2026/239718_150000,EXACT,WS/MP18069/2025-2026/239718,SDSCO DEHRA,150000.0,,True,Rate-Card Baseline detected (Statutory Rate),MEDIUM,LEGITIMATE_RATE_CARD
DUP_EXACT_WS/MP18098/2024-2025/180444_99000,EXACT,WS/MP18098/2024-2025/180444,THAKRE CONSTRUCTION,99000.0,,True,Rate-Card Baseline detected (Statutory Rate),MEDIUM,LEGITIMATE_RATE_CARD
DUP_EXACT_WS/MP18098/2024-2025/180444_96000,EXACT,WS/MP18098/2024-2025/180444,THAKRE CONSTRUCTION,96000.0,,True,Rate-Card Baseline detected (Statutory Rate),MEDIUM,LEGITIMATE_RATE_CARD
DUP_EXACT_WS/MP18309/2025-2026/245155_150000,EXACT,WS/MP18309/2025-2026/245155,CACINO R MARAK,150000.0,,True,Rate-Card Baseline detected (Statutory Rate),MEDIUM,LEGITIMATE_RATE_CARD
DUP_EXACT_WS/MP18309/2025-2026/157954_75000,EXACT,WS/MP18309/2025-2026/157954,CACINO R MARAK,75000.0,,True,Rate-Card Baseline detected (Statutory Rate),MEDIUM,LEGITIMATE_RATE_CARD
DUP_EXACT_WS/MP18309/2025-2026/157956_75000,EXACT,WS/MP18309/2025-2026/157956,THREEVAND CH MARAK,75000.0,,True,Rate-Card Baseline detected (Statutory Rate),MEDIUM,LEGITIMATE_RATE_CARD
DUP_EXACT_WS/MP18309/2025-2026/157959_75000,EXACT,WS/MP18309/2025-2026/157959,BRUCELEE S SANGMA,75000.0,,True,Rate-Card Baseline detected (Statutory Rate),MEDIUM,LEGITIMATE_RATE_CARD
DUP_EXACT_WS/MP18309/2025-2026/157965_75000,EXACT,WS/MP18309/2025-2026/157965,BRUCE M SANGMA,75000.0,,True,Rate-Card Baseline detected (Statutory Rate),MEDIUM,LEGITIMATE_RATE_CARD
DUP_EXACT_WS/MP18309/2025-2026/157969_75000,EXACT,WS/MP18309/2025-2026/157969,BRUCE M SANGMA,75000.0,,True,Rate-Card Baseline detected (Statutory Rate),MEDIUM,LEGITIMATE_RATE_CARD
DUP_EXACT_WS/MP18309/2025-2026/232271_500000,EXACT,WS/MP18309/2025-2026/232271,BRUCE M SANGMA,500000.0,,True,Rate-Card Baseline detected (Statutory Rate),MEDIUM,LEGITIMATE_RATE_CARD
DUP_EXACT_WS/MP18309/2025-2026/157966_75000,EXACT,WS/MP18309/2025-2026/157966,RANGSILCHI CH MARAK,75000.0,,True,Rate-Card Baseline detected (Statutory Rate),MEDIUM,LEGITIMATE_RATE_CARD
DUP_EXACT_WS/MP18309/2025-2026/157967_75000,EXACT,WS/MP18309/2025-2026/157967,RAMENSON CH MARAK,75000.0,,True,Rate-Card Baseline detected (Statutory Rate),MEDIUM,LEGITIMATE_RATE_CARD
DUP_EXACT_WS/MP18309/2025-2026/157976_75000,EXACT,WS/MP18309/2025-2026/157976,DEBUST R MARAK,75000.0,,True,Rate-Card Baseline detected (Statutory Rate),MEDIUM,LEGITIMATE_RATE_CARD
DUP_EXACT_WS/MP18309/2025-2026/244022_100000,EXACT,WS/MP18309/2025-2026/244022,DEBUST R MARAK,100000.0,,True,Rate-Card Baseline detected (Statutory Rate),MEDIUM,LEGITIMATE_RATE_CARD
DUP_EXACT_WS/MP18069/2025-2026/215139_125000,EXACT,WS/MP18069/2025-2026/215139,GP KHANNI UPARLY,125000.0,,True,Rate-Card Baseline detected (Statutory Rate),MEDIUM,LEGITIMATE_RATE_CARD
DUP_EXACT_WS/MP18069/2024-2025/165488_100000,EXACT,WS/MP18069/2024-2025/165488,GP KHANNI UPARLY,100000.0,,True,Rate-Card Baseline detected (Statutory Rate),MEDIUM,LEGITIMATE_RATE_CARD
DUP_EXACT_WS/MP18069/2024-2025/165485_100000,EXACT,WS/MP18069/2024-2025/165485,GP KHANNI UPARLY,100000.0,,True,Rate-Card Baseline detected (Statutory Rate),MEDIUM,LEGITIMATE_RATE_CARD
DUP_EXACT_WS/MP18069/2024-2025/165489_50000,EXACT,WS/MP18069/2024-2025/165489,GP KHANNI UPARLY,50000.0,,True,Rate-Card Baseline detected (Statutory Rate),MEDIUM,LEGITIMATE_RATE_CARD
DUP_EXACT_WS/MP18069/2025-2026/215142_125000,EXACT,WS/MP18069/2025-2026/215142,GP KHANNI UPARLY,125000.0,,True,Rate-Card Baseline detected (Statutory Rate),MEDIUM,LEGITIMATE_RATE_CARD
DUP_EXACT_WS/MP18069/2025-2026/215141_125000,EXACT,WS/MP18069/2025-2026/215141,GP KHANNI UPARLY,125000.0,,True,Rate-Card Baseline detected (Statutory Rate),MEDIUM,LEGITIMATE_RATE_CARD
DUP_EXACT_WS/MP18107/2025-2026/178617_428000,EXACT,WS/MP18107/2025-2026/178617,GRAM PANCHAYAT KHEDI,428000.0,,False,Work+Vendor+Amount+Date exact match,CRITICAL,NEW
DUP_EXACT_WS/MP18375/2025-2026/187682_500000,EXACT,WS/MP18375/2025-2026/187682,GP BEEDPURA JP SANCHI,500000.0,,True,Rate-Card Baseline detected (Statutory Rate),MEDIUM,LEGITIMATE_RATE_CARD
DUP_EXACT_WS/MP640/2025-2026/175502_250000,EXACT,WS/MP640/2025-2026/175502,GRAM PANCHAYAT DEELWARA,250000.0,,True,Rate-Card Baseline detected (Statutory Rate),MEDIUM,LEGITIMATE_RATE_CARD
DUP_EXACT_WS/MP640/2025-2026/175395_250000,EXACT,WS/MP640/2025-2026/175395,GRAM PANCHAYAT KONDRAMAL NARAYANGANJ,250000.0,,True,Rate-Card Baseline detected (Statutory Rate),MEDIUM,LEGITIMATE_RATE_CARD
DUP_EXACT_WS/MP640/2025-2026/175414_100000,EXACT,WS/MP640/2025-2026/175414,GRAM PANCHAYAT PARASWADA,100000.0,,True,Rate-Card Baseline detected (Statutory Rate),MEDIUM,LEGITIMATE_RATE_CARD
DUP_EXACT_WS/MP640/2025-2026/175415_100000,EXACT,WS/MP640/2025-2026/175415,GRAM PANCHAYAT PARASWADA,100000.0,,True,Rate-Card Baseline detected (Statutory Rate),MEDIUM,LEGITIMATE_RATE_CARD
DUP_EXACT_WS/MP18138/2025-2026/148804_125000,EXACT,WS/MP18138/2025-2026/148804,YMA PUTLUNGASIH BRANCH,125000.0,,True,Rate-Card Baseline detected (Statutory Rate),MEDIUM,LEGITIMATE_RATE_CARD
DUP_EXACT_WS/MP18138/2025-2026/148807_125000,EXACT,WS/MP18138/2025-2026/148807,SUBVILLAGE COMMITTEE CHHUMKHUM,125000.0,,True,Rate-Card Baseline detected (Statutory Rate),MEDIUM,LEGITIMATE_RATE_CARD
DUP_EXACT_WS/MP18138/2025-2026/148808_125000,EXACT,WS/MP18138/2025-2026/148808,VILLAGE COUNCIL RANGTE,125000.0,,True,Rate-Card Baseline detected (Statutory Rate),MEDIUM,LEGITIMATE_RATE_CARD
DUP_EXACT_WS/MP18138/2025-2026/148805_125000,EXACT,WS/MP18138/2025-2026/148805,YMA ZAWLPUI BRANCH,125000.0,,True,Rate-Card Baseline detected (Statutory Rate),MEDIUM,LEGITIMATE_RATE_CARD
DUP_EXACT_WS/MP18137/2025-2026/157425_500000,EXACT,WS/MP18137/2025-2026/157425,RISHOT KSHIAR,500000.0,,True,Rate-Card Baseline detected (Statutory Rate),MEDIUM,LEGITIMATE_RATE_CARD
DUP_EXACT_WS/MP18309/2025-2026/241285_1250000,EXACT,WS/MP18309/2025-2026/241285,BRENISH K SANGMA,1250000.0,,True,Rate-Card Baseline detected (Statutory Rate),MEDIUM,LEGITIMATE_RATE_CARD
DUP_EXACT_WS/MP18309/2024-2025/153916_250000,EXACT,WS/MP18309/2024-2025/153916,BRENISH K SANGMA,250000.0,,True,Rate-Card Baseline detected (Statutory Rate),MEDIUM,LEGITIMATE_RATE_CARD
DUP_EXACT_WS/MP18309/2024-2025/153887_100000,EXACT,WS/MP18309/2024-2025/153887,PAUL CH SANGMA,100000.0,,True,Rate-Card Baseline detected (Statutory Rate),MEDIUM,LEGITIMATE_RATE_CARD
DUP_EXACT_WS/MP18309/2024-2025/153888_100000,EXACT,WS/MP18309/2024-2025/153888,MARCUISH R MARAK,100000.0,,True,Rate-Card Baseline detected (Statutory Rate),MEDIUM,LEGITIMATE_RATE_CARD
DUP_EXACT_WS/MP18309/2024-2025/153890_150000,EXACT,WS/MP18309/2024-2025/153890,GRITHING T SANGMA,150000.0,,True,Rate-Card Baseline detected (Statutory Rate),MEDIUM,LEGITIMATE_RATE_CARD
DUP_EXACT_WS/MP18309/2024-2025/153889_150000,EXACT,WS/MP18309/2024-2025/153889,SALCHINA N MARAK,150000.0,,True,Rate-Card Baseline detected (Statutory Rate),MEDIUM,LEGITIMATE_RATE_CARD
DUP_EXACT_WS/MP18137/2024-2025/157430_250000,EXACT,WS/MP18137/2024-2025/157430,LUMSHYIAP UPPER PRIMARY SCHOOL,250000.0,,True,Rate-Card Baseline detected (Statutory Rate),MEDIUM,LEGITIMATE_RATE_CARD
DUP_EXACT_WS/MP18309/2025-2026/157972_75000,EXACT,WS/MP18309/2025-2026/157972,AIOK M SANGMA,75000.0,,True,Rate-Card Baseline detected (Statutory Rate),MEDIUM,LEGITIMATE_RATE_CARD
DUP_EXACT_WS/MP18309/2025-2026/155347_100000,EXACT,WS/MP18309/2025-2026/155347,AIOK M SANGMA,100000.0,,True,Rate-Card Baseline detected (Statutory Rate),MEDIUM,LEGITIMATE_RATE_CARD
DUP_EXACT_WS/MP18309/2025-2026/155348_100000,EXACT,WS/MP18309/2025-2026/155348,SHRI ALPHONES M SANGMA,100000.0,,True,Rate-Card Baseline detected (Statutory Rate),MEDIUM,LEGITIMATE_RATE_CARD
DUP_EXACT_WS/MP18309/2025-2026/157981_75000,EXACT,WS/MP18309/2025-2026/157981,SHRI ALPHONES M SANGMA,75000.0,,True,Rate-Card Baseline detected (Statutory Rate),MEDIUM,LEGITIMATE_RATE_CARD
DUP_EXACT_WS/MP18309/2025-2026/157955_75000,EXACT,WS/MP18309/2025-2026/157955,SHRI ALPHONES M SANGMA,75000.0,,True,Rate-Card Baseline detected (Statutory Rate),MEDIUM,LEGITIMATE_RATE_CARD
DUP_EXACT_WS/MP18309/2025-2026/157980_75000,EXACT,WS/MP18309/2025-2026/157980,SHRI ARMANDO CH MARAK,75000.0,,True,Rate-Card Baseline detected (Statutory Rate),MEDIUM,LEGITIMATE_RATE_CARD
DUP_EXACT_WS/MP18309/2025-2026/157963_75000,EXACT,WS/MP18309/2025-2026/157963,SHRI ARMANDO CH MARAK,75000.0,,True,Rate-Card Baseline detected (Statutory Rate),MEDIUM,LEGITIMATE_RATE_CARD
DUP_EXACT_WS/MP18309/2025-2026/155349_100000,EXACT,WS/MP18309/2025-2026/155349,SHRI ARMANDO CH MARAK,100000.0,,True,Rate-Card Baseline detected (Statutory Rate),MEDIUM,LEGITIMATE_RATE_CARD
DUP_EXACT_WS/MP18309/2025-2026/155350_100000,EXACT,WS/MP18309/2025-2026/155350,SHRI YANGKEE CH MARAK,100000.0,,True,Rate-Card Baseline detected (Statutory Rate),MEDIUM,LEGITIMATE_RATE_CARD
DUP_EXACT_WS/MP18309/2025-2026/157985_75000,EXACT,WS/MP18309/2025-2026/157985,SHRI YANGKEE CH MARAK,75000.0,,True,Rate-Card Baseline detected (Statutory Rate),MEDIUM,LEGITIMATE_RATE_CARD
DUP_EXACT_WS/MP18309/2025-2026/157973_75000,EXACT,WS/MP18309/2025-2026/157973,SHRI BARTHOLOMEO CH MARAK,75000.0,,True,Rate-Card Baseline detected (Statutory Rate),MEDIUM,LEGITIMATE_RATE_CARD
DUP_EXACT_WS/MP18309/2025-2026/157957_75000,EXACT,WS/MP18309/2025-2026/157957,SHRI BARTHOLOMEO CH MARAK,75000.0,,True,Rate-Card Baseline detected (Statutory Rate),MEDIUM,LEGITIMATE_RATE_CARD
DUP_EXACT_WS/MP18309/2025-2026/155351_100000,EXACT,WS/MP18309/2025-2026/155351,SHRI BARTHOLOMEO CH MARAK,100000.0,,True,Rate-Card Baseline detected (Statutory Rate),MEDIUM,LEGITIMATE_RATE_CARD
DUP_EXACT_WS/MP18309/2025-2026/157953_75000,EXACT,WS/MP18309/2025-2026/157953,SHRI DILSANG CH MARAK,75000.0,,True,Rate-Card Baseline detected (Statutory Rate),MEDIUM,LEGITIMATE_RATE_CARD
DUP_EXACT_WS/MP18309/2025-2026/157982_75000,EXACT,WS/MP18309/2025-2026/157982,SHRI DILSANG CH MARAK,75000.0,,True,Rate-Card Baseline detected (Statutory Rate),MEDIUM,LEGITIMATE_RATE_CARD
DUP_EXACT_WS/MP18309/2025-2026/157958_75000,EXACT,WS/MP18309/2025-2026/157958,SHRI LUCKSHWELL M SANGMA,75000.0,,True,Rate-Card Baseline detected (Statutory Rate),MEDIUM,LEGITIMATE_RATE_CARD
DUP_EXACT_WS/MP18309/2025-2026/157979_75000,EXACT,WS/MP18309/2025-2026/157979,SHRI LUCKSHWELL M SANGMA,75000.0,,True,Rate-Card Baseline detected (Statutory Rate),MEDIUM,LEGITIMATE_RATE_CARD
DUP_EXACT_WS/MP18309/2025-2026/155343_100000,EXACT,WS/MP18309/2025-2026/155343,SHRI LUCKSHWELL M SANGMA,100000.0,,True,Rate-Card Baseline detected (Statutory Rate),MEDIUM,LEGITIMATE_RATE_CARD
DUP_EXACT_WS/MP18309/2025-2026/155344_100000,EXACT,WS/MP18309/2025-2026/155344,SMT MINOTI CH MARAK,100000.0,,True,Rate-Card Baseline detected (Statutory Rate),MEDIUM,LEGITIMATE_RATE_CARD
DUP_EXACT_WS/MP640/2024-2025/165582_100000,EXACT,WS/MP640/2024-2025/165582,GRAM PANCHAYTAT KAMTI,100000.0,,True,Rate-Card Baseline detected (Statutory Rate),MEDIUM,LEGITIMATE_RATE_CARD
DUP_EXACT_WS/MP18309/2025-2026/157968_75000,EXACT,WS/MP18309/2025-2026/157968,SHRI CHALLANG MOMIN,75000.0,,True,Rate-Card Baseline detected (Statutory Rate),MEDIUM,LEGITIMATE_RATE_CARD
DUP_EXACT_WS/MP18309/2025-2026/155345_100000,EXACT,WS/MP18309/2025-2026/155345,SHRI CHALLANG MOMIN,100000.0,,True,Rate-Card Baseline detected (Statutory Rate),MEDIUM,LEGITIMATE_RATE_CARD
DUP_EXACT_WS/MP18309/2025-2026/155346_100000,EXACT,WS/MP18309/2025-2026/155346,SHRI RINGRAK CH MARAK,100000.0,,True,Rate-Card Baseline detected (Statutory Rate),MEDIUM,LEGITIMATE_RATE_CARD
DUP_EXACT_WS/MP18309/2025-2026/157971_75000,EXACT,WS/MP18309/2025-2026/157971,SHRI RINGRAK CH MARAK,75000.0,,True,Rate-Card Baseline detected (Statutory Rate),MEDIUM,LEGITIMATE_RATE_CARD
DUP_EXACT_WS/MP640/2024-2025/165653_100000,EXACT,WS/MP640/2024-2025/165653,GRAM PANCHAYAT NANDIYA,100000.0,,True,Rate-Card Baseline detected (Statutory Rate),MEDIUM,LEGITIMATE_RATE_CARD
DUP_EXACT_WS/MP18354/2024-2025/163550_250000,EXACT,WS/MP18354/2024-2025/163550,GRAM PANCHAYAT DARIMA,250000.0,,True,Rate-Card Baseline detected (Statutory Rate),MEDIUM,LEGITIMATE_RATE_CARD
DUP_EXACT_WS/MP18109/2024-2025/146905_39366,EXACT,WS/MP18109/2024-2025/146905,GRAM PANCHAYAT GODAHI,39366.0,,False,Work+Vendor+Amount+Date exact match,CRITICAL,NEW
DUP_EXACT_WS/MP18155/2025-2026/250035_48300,EXACT,WS/MP18155/2025-2026/250035,SANDEEP CEMMENT STORE,48300.0,,True,Rate-Card Baseline detected (Statutory Rate),MEDIUM,LEGITIMATE_RATE_CARD
DUP_EXACT_WS/MP18155/2025-2026/250035_39000,EXACT,WS/MP18155/2025-2026/250035,SANDEEP CEMMENT STORE,39000.0,,True,Rate-Card Baseline detected (Statutory Rate),MEDIUM,LEGITIMATE_RATE_CARD
DUP_EXACT_WS/MP18109/2025-2026/224578_48000,EXACT,WS/MP18109/2025-2026/224578,GRAM PANCHAYAT BARMANI,48000.0,,True,Rate-Card Baseline detected (Statutory Rate),MEDIUM,LEGITIMATE_RATE_CARD
DUP_EXACT_WS/MP18109/2025-2026/224578_49500,EXACT,WS/MP18109/2025-2026/224578,GRAM PANCHAYAT BARMANI,49500.0,,True,Rate-Card Baseline detected (Statutory Rate),MEDIUM,LEGITIMATE_RATE_CARD
DUP_EXACT_WS/MP18109/2025-2026/224578_46000,EXACT,WS/MP18109/2025-2026/224578,GRAM PANCHAYAT BARMANI,46000.0,,True,Rate-Card Baseline detected (Statutory Rate),MEDIUM,LEGITIMATE_RATE_CARD
DUP_EXACT_WS/MP18109/2024-2025/146897_43011,EXACT,WS/MP18109/2024-2025/146897,GRAM PANCHAYAT BARMANI,43011.0,,False,Work+Vendor+Amount+Date exact match,CRITICAL,NEW
DUP_EXACT_WS/MP18309/2025-2026/183593_250000,EXACT,WS/MP18309/2025-2026/183593,DULAL CH SANGMA,250000.0,,True,Rate-Card Baseline detected (Statutory Rate),MEDIUM,LEGITIMATE_RATE_CARD
DUP_EXACT_WS/MP18357/2025-2026/181396_500000,EXACT,WS/MP18357/2025-2026/181396,GRAM PANCHAYAT KHIRKHIT,500000.0,,True,Rate-Card Baseline detected (Statutory Rate),MEDIUM,LEGITIMATE_RATE_CARD
DUP_EXACT_WS/MP18357/2025-2026/181424_500000,EXACT,WS/MP18357/2025-2026/181424,GRAM PANCHAYAT MAANPUR,500000.0,,True,Rate-Card Baseline detected (Statutory Rate),MEDIUM,LEGITIMATE_RATE_CARD
DUP_EXACT_WS/MP18309/2025-2026/183592_250000,EXACT,WS/MP18309/2025-2026/183592,DONBOSH N SANGMA,250000.0,,True,Rate-Card Baseline detected (Statutory Rate),MEDIUM,LEGITIMATE_RATE_CARD
DUP_EXACT_WS/MP18357/2025-2026/181410_500000,EXACT,WS/MP18357/2025-2026/181410,GRAM PANCHAYAT BADRAKHA,500000.0,,True,Rate-Card Baseline detected (Statutory Rate),MEDIUM,LEGITIMATE_RATE_CARD
DUP_EXACT_WS/MP18107/2025-2026/178618_293000,EXACT,WS/MP18107/2025-2026/178618,13 FC GP JULWANIYA G P JULWANIYA,293000.0,,False,Work+Vendor+Amount+Date exact match,CRITICAL,NEW
DUP_EXACT_WS/MP18109/2024-2025/146895_75000,EXACT,WS/MP18109/2024-2025/146895,GRAM PANCHAYAT HADWADO JANPAD PANCHAYAT SIDHI,75000.0,,True,Rate-Card Baseline detected (Statutory Rate),MEDIUM,LEGITIMATE_RATE_CARD
DUP_EXACT_WS/MP18109/2024-2025/146895_50000,EXACT,WS/MP18109/2024-2025/146895,GRAM PANCHAYAT HADWADO JANPAD PANCHAYAT SIDHI,50000.0,,True,Rate-Card Baseline detected (Statutory Rate),MEDIUM,LEGITIMATE_RATE_CARD
DUP_EXACT_WS/MP18309/2024-2025/153891_250000,EXACT,WS/MP18309/2024-2025/153891,RUCHIR C MARAK,250000.0,,True,Rate-Card Baseline detected (Statutory Rate),MEDIUM,LEGITIMATE_RATE_CARD
DUP_EXACT_WS/MP18048/2024-2025/145556_343000,EXACT,WS/MP18048/2024-2025/145556,GRAM PANCHAYAT DUGGABEBGAL RAJYA PRAVARTIT YOJNA,343000.0,,False,Work+Vendor+Amount+Date exact match,CRITICAL,NEW
DUP_EXACT_WS/MP18104/2025-2026/222684_75000,EXACT,WS/MP18104/2025-2026/222684,SACHIV GGEM PANCHAYAT BEHRAKHEDI,75000.0,,True,Rate-Card Baseline detected (Statutory Rate),MEDIUM,LEGITIMATE_RATE_CARD
DUP_EXACT_WS/MP653/2025-2026/178304_350000,EXACT,WS/MP653/2025-2026/178304,GRAM PANCHAYAT SIMROL SHU,350000.0,,True,Rate-Card Baseline detected (Statutory Rate),MEDIUM,LEGITIMATE_RATE_CARD
DUP_EXACT_WS/MP18107/2025-2026/175328_345000,EXACT,WS/MP18107/2025-2026/175328,PRACHI CONSTRUCTION,345000.0,,False,Work+Vendor+Amount+Date exact match,CRITICAL,NEW
DUP_EXACT_WS/MP18107/2025-2026/175326_508000,EXACT,WS/MP18107/2025-2026/175326,PRACHI CONSTRUCTION,508000.0,,False,Work+Vendor+Amount+Date exact match,CRITICAL,NEW
DUP_EXACT_WS/MP18106/2024-2025/178295_83013,EXACT,WS/MP18106/2024-2025/178295,THE MP STATE AGRO IND DEV CORP LTD SHEOPUR,83013.0,,False,Work+Vendor+Amount+Date exact match,CRITICAL,NEW
DUP_EXACT_WS/MP18106/2024-2025/178303_83013,EXACT,WS/MP18106/2024-2025/178303,THE MP STATE AGRO IND DEV CORP LTD SHEOPUR,83013.0,,False,Work+Vendor+Amount+Date exact match,CRITICAL,NEW
DUP_EXACT_WS/MP18106/2024-2025/178302_83013,EXACT,WS/MP18106/2024-2025/178302,THE MP STATE AGRO IND DEV CORP LTD SHEOPUR,83013.0,,False,Work+Vendor+Amount+Date exact match,CRITICAL,NEW
DUP_EXACT_WS/MP18106/2024-2025/178300_83013,EXACT,WS/MP18106/2024-2025/178300,THE MP STATE AGRO IND DEV CORP LTD SHEOPUR,83013.0,,False,Work+Vendor+Amount+Date exact match,CRITICAL,NEW
DUP_EXACT_WS/MP18106/2024-2025/178301_83013,EXACT,WS/MP18106/2024-2025/178301,THE MP STATE AGRO IND DEV CORP LTD SHEOPUR,83013.0,,False,Work+Vendor+Amount+Date exact match,CRITICAL,NEW
DUP_EXACT_WS/MP18106/2024-2025/178298_83013,EXACT,WS/MP18106/2024-2025/178298,THE MP STATE AGRO IND DEV CORP LTD SHEOPUR,83013.0,,False,Work+Vendor+Amount+Date exact match,CRITICAL,NEW
DUP_EXACT_WS/MP18106/2024-2025/178299_83013,EXACT,WS/MP18106/2024-2025/178299,THE MP STATE AGRO IND DEV CORP LTD SHEOPUR,83013.0,,False,Work+Vendor+Amount+Date exact match,CRITICAL,NEW
DUP_EXACT_WS/MP18106/2024-2025/178296_83013,EXACT,WS/MP18106/2024-2025/178296,THE MP STATE AGRO IND DEV CORP LTD SHEOPUR,83013.0,,False,Work+Vendor+Amount+Date exact match,CRITICAL,NEW
DUP_EXACT_WS/MP18106/2024-2025/178297_83013,EXACT,WS/MP18106/2024-2025/178297,THE MP STATE AGRO IND DEV CORP LTD SHEOPUR,83013.0,,False,Work+Vendor+Amount+Date exact match,CRITICAL,NEW
DUP_EXACT_WS/MP18106/2024-2025/178281_83013,EXACT,WS/MP18106/2024-2025/178281,THE MP STATE AGRO IND DEV CORP LTD SHEOPUR,83013.0,,False,Work+Vendor+Amount+Date exact match,CRITICAL,NEW
DUP_EXACT_WS/MP18106/2024-2025/178282_83013,EXACT,WS/MP18106/2024-2025/178282,THE MP STATE AGRO IND DEV CORP LTD SHEOPUR,83013.0,,False,Work+Vendor+Amount+Date exact match,CRITICAL,NEW
DUP_EXACT_WS/MP18106/2024-2025/178283_83013,EXACT,WS/MP18106/2024-2025/178283,THE MP STATE AGRO IND DEV CORP LTD SHEOPUR,83013.0,,False,Work+Vendor+Amount+Date exact match,CRITICAL,NEW
DUP_EXACT_WS/MP18106/2024-2025/178284_83013,EXACT,WS/MP18106/2024-2025/178284,THE MP STATE AGRO IND DEV CORP LTD SHEOPUR,83013.0,,False,Work+Vendor+Amount+Date exact match,CRITICAL,NEW
DUP_EXACT_WS/MP18106/2024-2025/178285_83013,EXACT,WS/MP18106/2024-2025/178285,THE MP STATE AGRO IND DEV CORP LTD SHEOPUR,83013.0,,False,Work+Vendor+Amount+Date exact match,CRITICAL,NEW
DUP_EXACT_WS/MP18106/2024-2025/178286_83013,EXACT,WS/MP18106/2024-2025/178286,THE MP STATE AGRO IND DEV CORP LTD SHEOPUR,83013.0,,False,Work+Vendor+Amount+Date exact match,CRITICAL,NEW
DUP_EXACT_WS/MP18106/2024-2025/178288_83013,EXACT,WS/MP18106/2024-2025/178288,THE MP STATE AGRO IND DEV CORP LTD SHEOPUR,83013.0,,False,Work+Vendor+Amount+Date exact match,CRITICAL,NEW
DUP_EXACT_WS/MP18106/2024-2025/178287_83013,EXACT,WS/MP18106/2024-2025/178287,THE MP STATE AGRO IND DEV CORP LTD SHEOPUR,83013.0,,False,Work+Vendor+Amount+Date exact match,CRITICAL,NEW
DUP_EXACT_WS/MP18106/2024-2025/178289_83013,EXACT,WS/MP18106/2024-2025/178289,THE MP STATE AGRO IND DEV CORP LTD SHEOPUR,83013.0,,False,Work+Vendor+Amount+Date exact match,CRITICAL,NEW
DUP_EXACT_WS/MP18106/2024-2025/178290_83013,EXACT,WS/MP18106/2024-2025/178290,THE MP STATE AGRO IND DEV CORP LTD SHEOPUR,83013.0,,False,Work+Vendor+Amount+Date exact match,CRITICAL,NEW
DUP_EXACT_WS/MP18106/2024-2025/178292_83013,EXACT,WS/MP18106/2024-2025/178292,THE MP STATE AGRO IND DEV CORP LTD SHEOPUR,83013.0,,False,Work+Vendor+Amount+Date exact match,CRITICAL,NEW
DUP_EXACT_WS/MP18106/2024-2025/178291_83013,EXACT,WS/MP18106/2024-2025/178291,THE MP STATE AGRO IND DEV CORP LTD SHEOPUR,83013.0,,False,Work+Vendor+Amount+Date exact match,CRITICAL,NEW
DUP_EXACT_WS/MP18106/2024-2025/178293_83013,EXACT,WS/MP18106/2024-2025/178293,THE MP STATE AGRO IND DEV CORP LTD SHEOPUR,83013.0,,False,Work+Vendor+Amount+Date exact match,CRITICAL,NEW
DUP_EXACT_WS/MP18106/2024-2025/178294_83013,EXACT,WS/MP18106/2024-2025/178294,THE MP STATE AGRO IND DEV CORP LTD SHEOPUR,83013.0,,False,Work+Vendor+Amount+Date exact match,CRITICAL,NEW
DUP_EXACT_WS/MP541/2025-2026/215503_100000,EXACT,WS/MP541/2025-2026/215503,RAJIB SAIKIA,100000.0,,True,Rate-Card Baseline detected (Statutory Rate),MEDIUM,LEGITIMATE_RATE_CARD
DUP_EXACT_WS/MP541/2025-2026/216559_125000,EXACT,WS/MP541/2025-2026/216559,RAJIB SAIKIA,125000.0,,True,Rate-Card Baseline detected (Statutory Rate),MEDIUM,LEGITIMATE_RATE_CARD
DUP_EXACT_WS/MP541/2024-2025/157118_125000,EXACT,WS/MP541/2024-2025/157118,RAJIB SAIKIA,125000.0,,True,Rate-Card Baseline detected (Statutory Rate),MEDIUM,LEGITIMATE_RATE_CARD
DUP_EXACT_WS/MP18138/2024-2025/148812_125000,EXACT,WS/MP18138/2024-2025/148812,BEIKHAITUA,125000.0,,True,Rate-Card Baseline detected (Statutory Rate),MEDIUM,LEGITIMATE_RATE_CARD
DUP_EXACT_WS/MP541/2025-2026/161666_34800,EXACT,WS/MP541/2025-2026/161666,MUNINDRA KR NATH,34800.0,,False,Work+Vendor+Amount+Date exact match,CRITICAL,NEW
DUP_EXACT_WS/MP18109/2024-2025/146901_52500,EXACT,WS/MP18109/2024-2025/146901,PUSHPRAJ SONSTRUCTION,52500.0,,True,Rate-Card Baseline detected (Statutory Rate),MEDIUM,LEGITIMATE_RATE_CARD
DUP_EXACT_WS/MP654/2025-2026/181581_500000,EXACT,WS/MP654/2025-2026/181581,GP DEOGAWAN,500000.0,,True,Rate-Card Baseline detected (Statutory Rate),MEDIUM,LEGITIMATE_RATE_CARD
DUP_EXACT_WS/MP18107/2025-2026/175277_250000,EXACT,WS/MP18107/2025-2026/175277,GRAM PANCHAYAT MATAPADA,250000.0,,True,Rate-Card Baseline detected (Statutory Rate),MEDIUM,LEGITIMATE_RATE_CARD
DUP_EXACT_WS/MP18107/2025-2026/175278_250000,EXACT,WS/MP18107/2025-2026/175278,GRAM PANCHAYAT KARDAWAD,250000.0,,True,Rate-Card Baseline detected (Statutory Rate),MEDIUM,LEGITIMATE_RATE_CARD
DUP_EXACT_WS/MP18107/2025-2026/175282_250000,EXACT,WS/MP18107/2025-2026/175282,GRAM PANCHAYAT JHAVLIYA,250000.0,,True,Rate-Card Baseline detected (Statutory Rate),MEDIUM,LEGITIMATE_RATE_CARD
DUP_EXACT_WS/MP18107/2025-2026/175280_250000,EXACT,WS/MP18107/2025-2026/175280,GRAM PANCHAYAT PAREWA,250000.0,,True,Rate-Card Baseline detected (Statutory Rate),MEDIUM,LEGITIMATE_RATE_CARD
DUP_EXACT_WS/MP18107/2025-2026/175281_250000,EXACT,WS/MP18107/2025-2026/175281,GRAM PANCHAYAT RATAMBA,250000.0,,True,Rate-Card Baseline detected (Statutory Rate),MEDIUM,LEGITIMATE_RATE_CARD
DUP_EXACT_WS/MP444/2025-2026/193960_75000,EXACT,WS/MP444/2025-2026/193960,HARSHIT MATERIYAL SUPPLIER,75000.0,,True,Rate-Card Baseline detected (Statutory Rate),MEDIUM,LEGITIMATE_RATE_CARD
DUP_EXACT_WS/MP444/2024-2025/163701_94500,EXACT,WS/MP444/2024-2025/163701,HARSHIT MATERIYAL SUPPLIER,94500.0,,False,Work+Vendor+Amount+Date exact match,CRITICAL,NEW
DUP_EXACT_WS/MP444/2024-2025/163701_96000,EXACT,WS/MP444/2024-2025/163701,SHRI RAM TRADERS,96000.0,,True,Rate-Card Baseline detected (Statutory Rate),MEDIUM,LEGITIMATE_RATE_CARD
DUP_EXACT_WS/MP18137/2024-2025/161382_100000,EXACT,WS/MP18137/2024-2025/161382,WAHKAJI SECONDARY SCHOOL,100000.0,,True,Rate-Card Baseline detected (Statutory Rate),MEDIUM,LEGITIMATE_RATE_CARD
DUP_EXACT_WS/MP18137/2024-2025/161383_100000,EXACT,WS/MP18137/2024-2025/161383,PHLANGDILOIN DAY LP SCHOOL,100000.0,,True,Rate-Card Baseline detected (Statutory Rate),MEDIUM,LEGITIMATE_RATE_CARD
DUP_EXACT_WS/MP18137/2024-2025/161381_150000,EXACT,WS/MP18137/2024-2025/161381,PHLANGDILOIN SECONDARY SCHOOL,150000.0,,True,Rate-Card Baseline detected (Statutory Rate),MEDIUM,LEGITIMATE_RATE_CARD
DUP_EXACT_WS/MP18137/2024-2025/161388_100000,EXACT,WS/MP18137/2024-2025/161388,PYNDENWAR LP SCHOOL,100000.0,,True,Rate-Card Baseline detected (Statutory Rate),MEDIUM,LEGITIMATE_RATE_CARD
DUP_EXACT_WS/MP18064/2025-2026/266403_45430,EXACT,WS/MP18064/2025-2026/266403,KUBER CONCRETE SOLUTIONS,45430.0,,False,Work+Vendor+Amount+Date exact match,CRITICAL,NEW
DUP_EXACT_WS/MP538/2025-2026/223891_200000,EXACT,WS/MP538/2025-2026/223891,RABINDRA KACHARI,200000.0,,True,Rate-Card Baseline detected (Statutory Rate),MEDIUM,LEGITIMATE_RATE_CARD
DUP_EXACT_WS/MP18137/2025-2026/157428_250000,EXACT,WS/MP18137/2025-2026/157428,UNITARIAN HIGHER SECONDARY SCHOOL PURIANG,250000.0,,True,Rate-Card Baseline detected (Statutory Rate),MEDIUM,LEGITIMATE_RATE_CARD
DUP_EXACT_WS/MP541/2025-2026/153740_250000,EXACT,WS/MP541/2025-2026/153740,HEMANTA DAS,250000.0,,True,Rate-Card Baseline detected (Statutory Rate),MEDIUM,LEGITIMATE_RATE_CARD
DUP_EXACT_WS/MP541/2025-2026/215020_75000,EXACT,WS/MP541/2025-2026/215020,HEMANTA DAS,75000.0,,True,Rate-Card Baseline detected (Statutory Rate),MEDIUM,LEGITIMATE_RATE_CARD
DUP_EXACT_WS/MP541/2025-2026/215017_75000,EXACT,WS/MP541/2025-2026/215017,HEMANTA DAS,75000.0,,True,Rate-Card Baseline detected (Statutory Rate),MEDIUM,LEGITIMATE_RATE_CARD
DUP_EXACT_WS/MP643/2025-2026/257651_18000,EXACT,WS/MP643/2025-2026/257651,LATIF KHAN,18000.0,,True,Rate-Card Baseline detected (Statutory Rate),MEDIUM,LEGITIMATE_RATE_CARD
DUP_EXACT_WS/MP643/2025-2026/257651_23500,EXACT,WS/MP643/2025-2026/257651,LATIF KHAN,23500.0,,False,Work+Vendor+Amount+Date exact match,CRITICAL,NEW
DUP_EXACT_WS/MP654/2024-2025/149304_500000,EXACT,WS/MP654/2024-2025/149304,GRAM PANCHAYAT MASIYARI,500000.0,,True,Rate-Card Baseline detected (Statutory Rate),MEDIUM,LEGITIMATE_RATE_CARD
DUP_EXACT_WS/MP18161/2024-2025/138061_3705,EXACT,WS/MP18161/2024-2025/138061,KISHORI SAINI,3705.0,,True,Rate-Card Baseline detected (Statutory Rate),MEDIUM,LEGITIMATE_RATE_CARD
DUP_EXACT_WS/MP18161/2024-2025/138061_9100,EXACT,WS/MP18161/2024-2025/138061,CHANDRA KANT SAINI,9100.0,,True,Rate-Card Baseline detected (Statutory Rate),MEDIUM,LEGITIMATE_RATE_CARD
DUP_EXACT_WS/MP18309/2024-2025/158767_75000,EXACT,WS/MP18309/2024-2025/158767,CHURIK A MOMIN,75000.0,,True,Rate-Card Baseline detected (Statutory Rate),MEDIUM,LEGITIMATE_RATE_CARD
DUP_EXACT_WS/MP18107/2024-2025/163606_150000,EXACT,WS/MP18107/2024-2025/163606,GP AMARPURAKALAN,150000.0,,True,Rate-Card Baseline detected (Statutory Rate),MEDIUM,LEGITIMATE_RATE_CARD
DUP_EXACT_WS/MP18107/2024-2025/163608_100000,EXACT,WS/MP18107/2024-2025/163608,GP KARBALKHORA,100000.0,,True,Rate-Card Baseline detected (Statutory Rate),MEDIUM,LEGITIMATE_RATE_CARD
DUP_EXACT_WS/MP18107/2024-2025/163612_100000,EXACT,WS/MP18107/2024-2025/163612,GP RATANGARH,100000.0,,True,Rate-Card Baseline detected (Statutory Rate),MEDIUM,LEGITIMATE_RATE_CARD
DUP_EXACT_WS/MP18107/2024-2025/163614_100000,EXACT,WS/MP18107/2024-2025/163614,GP CHIKANI,100000.0,,True,Rate-Card Baseline detected (Statutory Rate),MEDIUM,LEGITIMATE_RATE_CARD
DUP_EXACT_WS/MP654/2024-2025/177651_500000,EXACT,WS/MP654/2024-2025/177651,GP KHODRI,500000.0,,True,Rate-Card Baseline detected (Statutory Rate),MEDIUM,LEGITIMATE_RATE_CARD
DUP_EXACT_WS/MP18155/2024-2025/141572_42000,EXACT,WS/MP18155/2024-2025/141572,MS KIRAN BALA BKO DAFFAR,42000.0,,True,Rate-Card Baseline detected (Statutory Rate),MEDIUM,LEGITIMATE_RATE_CARD
DUP_EXACT_WS/MP18155/2025-2026/247495_20251,EXACT,WS/MP18155/2025-2026/247495,MS KIRAN BALA BKO DAFFAR,20251.0,,False,Work+Vendor+Amount+Date exact match,CRITICAL,NEW
DUP_EXACT_WS/MP18155/2025-2026/247493_32402,EXACT,WS/MP18155/2025-2026/247493,MS KIRAN BALA BKO DAFFAR,32402.0,,False,Work+Vendor+Amount+Date exact match,CRITICAL,NEW
DUP_EXACT_WS/MP18107/2024-2025/163609_500000,EXACT,WS/MP18107/2024-2025/163609,GP KUNDIYAPADA,500000.0,,True,Rate-Card Baseline detected (Statutory Rate),MEDIUM,LEGITIMATE_RATE_CARD
DUP_EXACT_WS/MP18102/2024-2025/160447_100000,EXACT,WS/MP18102/2024-2025/160447,GRAM PANCHAYAT BIKHRON JANPAD PANCHAYAT DHARMPURI,100000.0,,True,Rate-Card Baseline detected (Statutory Rate),MEDIUM,LEGITIMATE_RATE_CARD
DUP_EXACT_WS/MP18102/2024-2025/160448_75000,EXACT,WS/MP18102/2024-2025/160448,GRAM PANCHAYAT BIKHRON JANPAD PANCHAYAT DHARMPURI,75000.0,,True,Rate-Card Baseline detected (Statutory Rate),MEDIUM,LEGITIMATE_RATE_CARD
DUP_EXACT_WS/MP18156/2025-2026/213117_48216,EXACT,WS/MP18156/2025-2026/213117,KANG BRICKS,48216.0,,False,Work+Vendor+Amount+Date exact match,CRITICAL,NEW
DUP_EXACT_WS/MP18335/2024-2025/152962_700000,EXACT,WS/MP18335/2024-2025/152962,GRAM PANCHAYAT LOHDAPANI,700000.0,,True,Rate-Card Baseline detected (Statutory Rate),MEDIUM,LEGITIMATE_RATE_CARD
DUP_EXACT_WS/MP18311/2024-2025/164297_34020,EXACT,WS/MP18311/2024-2025/164297,CHANDIGARH STONE CRUSHER,34020.0,,False,Work+Vendor+Amount+Date exact match,CRITICAL,NEW
DUP_EXACT_WS/MP18309/2024-2025/163376_100000,EXACT,WS/MP18309/2024-2025/163376,NOSHA D SANGMA,100000.0,,True,Rate-Card Baseline detected (Statutory Rate),MEDIUM,LEGITIMATE_RATE_CARD
DUP_EXACT_WS/MP18069/2025-2026/215244_100000,EXACT,WS/MP18069/2025-2026/215244,GP BHALETA,100000.0,,True,Rate-Card Baseline detected (Statutory Rate),MEDIUM,LEGITIMATE_RATE_CARD
DUP_EXACT_WS/MP18137/2025-2026/158686_150000,EXACT,WS/MP18137/2025-2026/158686,SOHLONG LP SCHOOL,150000.0,,True,Rate-Card Baseline detected (Statutory Rate),MEDIUM,LEGITIMATE_RATE_CARD
DUP_EXACT_WS/MP380/2025-2026/192935_47294,EXACT,WS/MP380/2025-2026/192935,GURBIK TILES,47294.0,,False,Work+Vendor+Amount+Date exact match,CRITICAL,NEW
DUP_EXACT_WS/MP18137/2024-2025/158680_150000,EXACT,WS/MP18137/2024-2025/158680,SUMARKYNTI SWER,150000.0,,True,Rate-Card Baseline detected (Statutory Rate),MEDIUM,LEGITIMATE_RATE_CARD
DUP_EXACT_WS/MP18158/2024-2025/141790_14000,EXACT,WS/MP18158/2024-2025/141790,MOHAN SINGH,14000.0,,True,Rate-Card Baseline detected (Statutory Rate),MEDIUM,LEGITIMATE_RATE_CARD
DUP_EXACT_WS/MP18107/2024-2025/163599_400000,EXACT,WS/MP18107/2024-2025/163599,ADHYAKSH GRAMKOSH SFC HATNARA,400000.0,,True,Rate-Card Baseline detected (Statutory Rate),MEDIUM,LEGITIMATE_RATE_CARD
DUP_EXACT_WS/MP18153/2025-2026/191131_245000,EXACT,WS/MP18153/2025-2026/191131,A STAR INDUSTRIES,245000.0,,True,Rate-Card Baseline detected (Statutory Rate),MEDIUM,LEGITIMATE_RATE_CARD
DUP_EXACT_WS/MP18309/2024-2025/158769_200000,EXACT,WS/MP18309/2024-2025/158769,MR METTRINSON G MOMIN,200000.0,,True,Rate-Card Baseline detected (Statutory Rate),MEDIUM,LEGITIMATE_RATE_CARD
DUP_EXACT_WS/MP598/2025-2026/198791_100000,EXACT,WS/MP598/2025-2026/198791,GP BAMBAL,100000.0,,True,Rate-Card Baseline detected (Statutory Rate),MEDIUM,LEGITIMATE_RATE_CARD
DUP_EXACT_WS/MP18371/2024-2025/162868_1050000,EXACT,WS/MP18371/2024-2025/162868,MURPHY THUMRAH,1050000.0,,True,Rate-Card Baseline detected (Statutory Rate),MEDIUM,LEGITIMATE_RATE_CARD
DUP_EXACT_WS/MP18371/2024-2025/179160_2000000,EXACT,WS/MP18371/2024-2025/179160,MURPHY THUMRAH,2000000.0,,True,Rate-Card Baseline detected (Statutory Rate),MEDIUM,LEGITIMATE_RATE_CARD
DUP_EXACT_WS/MP18371/2024-2025/162866_2450000,EXACT,WS/MP18371/2024-2025/162866,MURPHY THUMRAH,2450000.0,,False,Work+Vendor+Amount+Date exact match,CRITICAL,NEW
DUP_EXACT_WS/MP18371/2025-2026/231962_711000,EXACT,WS/MP18371/2025-2026/231962,MURPHY THUMRAH,711000.0,,False,Work+Vendor+Amount+Date exact match,CRITICAL,NEW
DUP_EXACT_WS/MP18371/2025-2026/205968_2235000,EXACT,WS/MP18371/2025-2026/205968,MURPHY THUMRAH,2235000.0,,False,Work+Vendor+Amount+Date exact match,CRITICAL,NEW
DUP_EXACT_WS/MP18371/2025-2026/179142_1300000,EXACT,WS/MP18371/2025-2026/179142,MURPHY THUMRAH,1300000.0,,True,Rate-Card Baseline detected (Statutory Rate),MEDIUM,LEGITIMATE_RATE_CARD
DUP_EXACT_WS/MP18158/2025-2026/205042_29000,EXACT,WS/MP18158/2025-2026/205042,MS GOYAL BRICKS,29000.0,,True,Rate-Card Baseline detected (Statutory Rate),MEDIUM,LEGITIMATE_RATE_CARD
DUP_EXACT_WS/MP598/2024-2025/145394_150000,EXACT,WS/MP598/2024-2025/145394,GPDHAGALI,150000.0,,True,Rate-Card Baseline detected (Statutory Rate),MEDIUM,LEGITIMATE_RATE_CARD
DUP_EXACT_WS/MP541/2025-2026/162666_130000,EXACT,WS/MP541/2025-2026/162666,AB VENTURES,130000.0,,True,Rate-Card Baseline detected (Statutory Rate),MEDIUM,LEGITIMATE_RATE_CARD
DUP_EXACT_WS/MP541/2024-2025/172421_78000,EXACT,WS/MP541/2024-2025/172421,AB VENTURES,78000.0,,True,Rate-Card Baseline detected (Statutory Rate),MEDIUM,LEGITIMATE_RATE_CARD
DUP_EXACT_WS/MP541/2024-2025/172423_91000,EXACT,WS/MP541/2024-2025/172423,AB VENTURES,91000.0,,False,Work+Vendor+Amount+Date exact match,CRITICAL,NEW
DUP_EXACT_WS/MP541/2025-2026/172419_78000,EXACT,WS/MP541/2025-2026/172419,AB VENTURES,78000.0,,True,Rate-Card Baseline detected (Statutory Rate),MEDIUM,LEGITIMATE_RATE_CARD
DUP_EXACT_WS/MP727/2024-2025/162407_15250,EXACT,WS/MP727/2024-2025/162407,MAYANK SHREE,15250.0,,False,Work+Vendor+Amount+Date exact match,CRITICAL,NEW
DUP_EXACT_WS/MP18102/2024-2025/159293_500000,EXACT,WS/MP18102/2024-2025/159293,GRAM PANCHAYAT MONDLA JANPAD PANCHAYAT DHARMPUR,500000.0,,True,Rate-Card Baseline detected (Statutory Rate),MEDIUM,LEGITIMATE_RATE_CARD
DUP_EXACT_WS/MP18155/2024-2025/141717_49019,EXACT,WS/MP18155/2024-2025/141717,NM RANDHAWA TILES CO,49019.0,,False,Work+Vendor+Amount+Date exact match,CRITICAL,NEW
DUP_EXACT_WS/MP18155/2024-2025/141566_48588,EXACT,WS/MP18155/2024-2025/141566,NM RANDHAWA TILES CO,48588.0,,False,Work+Vendor+Amount+Date exact match,CRITICAL,NEW
DUP_EXACT_WS/MP18155/2024-2025/141718_49390,EXACT,WS/MP18155/2024-2025/141718,NM RANDHAWA TILES CO,49390.0,,False,Work+Vendor+Amount+Date exact match,CRITICAL,NEW
DUP_EXACT_WS/MP541/2024-2025/153180_200000,EXACT,WS/MP541/2024-2025/153180,PRITOM TRIBEDI,200000.0,,True,Rate-Card Baseline detected (Statutory Rate),MEDIUM,LEGITIMATE_RATE_CARD
DUP_EXACT_WS/MP541/2024-2025/161664_160000,EXACT,WS/MP541/2024-2025/161664,PRITOM TRIBEDI,160000.0,,True,Rate-Card Baseline detected (Statutory Rate),MEDIUM,LEGITIMATE_RATE_CARD
DUP_EXACT_WS/MP18309/2024-2025/158768_250000,EXACT,WS/MP18309/2024-2025/158768,SENDESH MOMIN,250000.0,,True,Rate-Card Baseline detected (Statutory Rate),MEDIUM,LEGITIMATE_RATE_CARD
DUP_EXACT_WS/MP541/2025-2026/160379_100000,EXACT,WS/MP541/2025-2026/160379,A K ENTERPRISE,100000.0,,True,Rate-Card Baseline detected (Statutory Rate),MEDIUM,LEGITIMATE_RATE_CARD
DUP_EXACT_WS/MP541/2025-2026/215488_75000,EXACT,WS/MP541/2025-2026/215488,A K ENTERPRISE,75000.0,,True,Rate-Card Baseline detected (Statutory Rate),MEDIUM,LEGITIMATE_RATE_CARD
DUP_EXACT_WS/MP541/2025-2026/217144_125000,EXACT,WS/MP541/2025-2026/217144,A K ENTERPRISE,125000.0,,True,Rate-Card Baseline detected (Statutory Rate),MEDIUM,LEGITIMATE_RATE_CARD
DUP_EXACT_WS/MP541/2025-2026/203610_175000,EXACT,WS/MP541/2025-2026/203610,A K ENTERPRISE,175000.0,,True,Rate-Card Baseline detected (Statutory Rate),MEDIUM,LEGITIMATE_RATE_CARD
DUP_EXACT_WS/MP541/2025-2026/215069_250000,EXACT,WS/MP541/2025-2026/215069,A K ENTERPRISE,250000.0,,True,Rate-Card Baseline detected (Statutory Rate),MEDIUM,LEGITIMATE_RATE_CARD
DUP_EXACT_WS/MP18109/2025-2026/247522_149292,EXACT,WS/MP18109/2025-2026/247522,GRAM PANCHAYAT KURWAH,149292.0,,False,Work+Vendor+Amount+Date exact match,CRITICAL,NEW
DUP_EXACT_WS/MP18109/2025-2026/247522_149903,EXACT,WS/MP18109/2025-2026/247522,GRAM PANCHAYAT KURWAH,149903.0,,False,Work+Vendor+Amount+Date exact match,CRITICAL,NEW
DUP_EXACT_WS/MP18109/2025-2026/217948_270592,EXACT,WS/MP18109/2025-2026/217948,GRAM PANCHAYAT KURWAH,270592.0,,False,Work+Vendor+Amount+Date exact match,CRITICAL,NEW
DUP_EXACT_WS/MP18370/2024-2025/169684_1500000,EXACT,WS/MP18370/2024-2025/169684,MD HANIP KHAN,1500000.0,,True,Rate-Card Baseline detected (Statutory Rate),MEDIUM,LEGITIMATE_RATE_CARD
DUP_EXACT_WS/MP654/2024-2025/176419_500000,EXACT,WS/MP654/2024-2025/176419,GP CHHILPA,500000.0,,True,Rate-Card Baseline detected (Statutory Rate),MEDIUM,LEGITIMATE_RATE_CARD
DUP_EXACT_WS/MP18047/2025-2026/207469_2985,EXACT,WS/MP18047/2025-2026/207469,JAGJIT PUBLISHING,2985.0,,False,Work+Vendor+Amount+Date exact match,CRITICAL,NEW
DUP_EXACT_WS/MP716/2025-2026/196002_37050,EXACT,WS/MP716/2025-2026/196002,MAHALUXMI BKO,37050.0,,False,Work+Vendor+Amount+Date exact match,CRITICAL,NEW
DUP_EXACT_WS/MP716/2025-2026/226779_30875,EXACT,WS/MP716/2025-2026/226779,MAHALUXMI BKO,30875.0,,False,Work+Vendor+Amount+Date exact match,CRITICAL,NEW
DUP_EXACT_WS/MP18138/2024-2025/148815_125000,EXACT,WS/MP18138/2024-2025/148815,MOSA,125000.0,,True,Rate-Card Baseline detected (Statutory Rate),MEDIUM,LEGITIMATE_RATE_CARD
DUP_EXACT_WS/MP18138/2024-2025/148809_500000,EXACT,WS/MP18138/2024-2025/148809,K CHHALAI,500000.0,,True,Rate-Card Baseline detected (Statutory Rate),MEDIUM,LEGITIMATE_RATE_CARD
DUP_EXACT_WS/MP18102/2024-2025/159273_750000,EXACT,WS/MP18102/2024-2025/159273,GRAM PANCHAYAT UMARIYA JANPAD PANCHAYAT DHARMPURI,750000.0,,True,Rate-Card Baseline detected (Statutory Rate),MEDIUM,LEGITIMATE_RATE_CARD
DUP_EXACT_WS/MP18155/2024-2025/141710_6300,EXACT,WS/MP18155/2024-2025/141710,MS RANJAN BROTHERS MIANI ROAD DASUYA,6300.0,,True,Rate-Card Baseline detected (Statutory Rate),MEDIUM,LEGITIMATE_RATE_CARD
DUP_EXACT_WS/MP640/2024-2025/163623_250000,EXACT,WS/MP640/2024-2025/163623,GRAM PANCHAYAT CHATUAMAR,250000.0,,True,Rate-Card Baseline detected (Statutory Rate),MEDIUM,LEGITIMATE_RATE_CARD
DUP_EXACT_WS/MP18155/2024-2025/141706_62700,EXACT,WS/MP18155/2024-2025/141706,MS RITIK TILES AND TRADERS VILLAGE SAGRAN,62700.0,,False,Work+Vendor+Amount+Date exact match,CRITICAL,NEW
DUP_EXACT_WS/MP18155/2024-2025/141712_57000,EXACT,WS/MP18155/2024-2025/141712,MS RITIK TILES AND TRADERS VILLAGE SAGRAN,57000.0,,True,Rate-Card Baseline detected (Statutory Rate),MEDIUM,LEGITIMATE_RATE_CARD
DUP_EXACT_WS/MP640/2024-2025/164833_250000,EXACT,WS/MP640/2024-2025/164833,GRAM PANCHAYAT BANJI,250000.0,,True,Rate-Card Baseline detected (Statutory Rate),MEDIUM,LEGITIMATE_RATE_CARD
DUP_EXACT_WS/MP18102/2024-2025/160471_250000,EXACT,WS/MP18102/2024-2025/160471,GRAM PANCHAYAT GUJRI JANPAD PANCHAYAT DHARMPURI,250000.0,,True,Rate-Card Baseline detected (Statutory Rate),MEDIUM,LEGITIMATE_RATE_CARD
DUP_EXACT_WS/MP18102/2025-2026/218706_250000,EXACT,WS/MP18102/2025-2026/218706,GRAM PANCHAYAT GUJRI JANPAD PANCHAYAT DHARMPURI,250000.0,,True,Rate-Card Baseline detected (Statutory Rate),MEDIUM,LEGITIMATE_RATE_CARD
DUP_EXACT_WS/MP18102/2024-2025/160469_250000,EXACT,WS/MP18102/2024-2025/160469,GRAM PANCHAYAT GUJRI JANPAD PANCHAYAT DHARMPURI,250000.0,,True,Rate-Card Baseline detected (Statutory Rate),MEDIUM,LEGITIMATE_RATE_CARD
DUP_EXACT_WS/MP18138/2024-2025/148813_125000,EXACT,WS/MP18138/2024-2025/148813,C MALSAWMSANGA,125000.0,,True,Rate-Card Baseline detected (Statutory Rate),MEDIUM,LEGITIMATE_RATE_CARD
DUP_EXACT_WS/MP18138/2024-2025/148810_125000,EXACT,WS/MP18138/2024-2025/148810,MANKIMA,125000.0,,True,Rate-Card Baseline detected (Statutory Rate),MEDIUM,LEGITIMATE_RATE_CARD
DUP_EXACT_WS/MP18138/2024-2025/148814_125000,EXACT,WS/MP18138/2024-2025/148814,ST SELUA,125000.0,,True,Rate-Card Baseline detected (Statutory Rate),MEDIUM,LEGITIMATE_RATE_CARD
DUP_EXACT_WS/MP18138/2024-2025/148811_125000,EXACT,WS/MP18138/2024-2025/148811,REMMAWIA,125000.0,,True,Rate-Card Baseline detected (Statutory Rate),MEDIUM,LEGITIMATE_RATE_CARD
DUP_EXACT_WS/MP18311/2024-2025/148979_12000,EXACT,WS/MP18311/2024-2025/148979,RANJIT SINGH,12000.0,,True,Rate-Card Baseline detected (Statutory Rate),MEDIUM,LEGITIMATE_RATE_CARD
DUP_EXACT_WS/MP18161/2024-2025/138060_4200,EXACT,WS/MP18161/2024-2025/138060,SAROJ DEVI,4200.0,,True,Rate-Card Baseline detected (Statutory Rate),MEDIUM,LEGITIMATE_RATE_CARD
DUP_EXACT_WS/MP18109/2024-2025/150119_96640,EXACT,WS/MP18109/2024-2025/150119,JP CONSTRUCTION,96640.0,,False,Work+Vendor+Amount+Date exact match,CRITICAL,NEW
DUP_EXACT_WS/MP18069/2025-2026/211662_100000,EXACT,WS/MP18069/2025-2026/211662,BDO SURANI,100000.0,,True,Rate-Card Baseline detected (Statutory Rate),MEDIUM,LEGITIMATE_RATE_CARD
DUP_EXACT_WS/MP18069/2024-2025/165901_90000,EXACT,WS/MP18069/2024-2025/165901,BDO SURANI,90000.0,,True,Rate-Card Baseline detected (Statutory Rate),MEDIUM,LEGITIMATE_RATE_CARD
DUP_EXACT_WS/MP18069/2024-2025/165899_85000,EXACT,WS/MP18069/2024-2025/165899,BDO SURANI,85000.0,,True,Rate-Card Baseline detected (Statutory Rate),MEDIUM,LEGITIMATE_RATE_CARD
DUP_EXACT_WS/MP18069/2024-2025/165903_90000,EXACT,WS/MP18069/2024-2025/165903,BDO SURANI,90000.0,,True,Rate-Card Baseline detected (Statutory Rate),MEDIUM,LEGITIMATE_RATE_CARD
DUP_EXACT_WS/MP18069/2024-2025/165722_110000,EXACT,WS/MP18069/2024-2025/165722,BDO SURANI,110000.0,,True,Rate-Card Baseline detected (Statutory Rate),MEDIUM,LEGITIMATE_RATE_CARD
DUP_EXACT_WS/MP18069/2024-2025/165869_95000,EXACT,WS/MP18069/2024-2025/165869,BDO SURANI,95000.0,,True,Rate-Card Baseline detected (Statutory Rate),MEDIUM,LEGITIMATE_RATE_CARD
DUP_EXACT_WS/MP18069/2024-2025/165873_60000,EXACT,WS/MP18069/2024-2025/165873,BDO SURANI,60000.0,,True,Rate-Card Baseline detected (Statutory Rate),MEDIUM,LEGITIMATE_RATE_CARD
DUP_EXACT_WS/MP18069/2024-2025/165905_80000,EXACT,WS/MP18069/2024-2025/165905,BDO SURANI,80000.0,,True,Rate-Card Baseline detected (Statutory Rate),MEDIUM,LEGITIMATE_RATE_CARD
DUP_EXACT_WS/MP18069/2024-2025/165911_75000,EXACT,WS/MP18069/2024-2025/165911,BDO SURANI,75000.0,,True,Rate-Card Baseline detected (Statutory Rate),MEDIUM,LEGITIMATE_RATE_CARD
DUP_EXACT_WS/MP313/2024-2025/140979_425000,EXACT,WS/MP313/2024-2025/140979,ANGUN ENTERPISE,425000.0,,True,Rate-Card Baseline detected (Statutory Rate),MEDIUM,LEGITIMATE_RATE_CARD
DUP_EXACT_WS/MP18311/2024-2025/148979_10000,EXACT,WS/MP18311/2024-2025/148979,RAJEBUL,10000.0,,True,Rate-Card Baseline detected (Statutory Rate),MEDIUM,LEGITIMATE_RATE_CARD
DUP_EXACT_WS/MP18138/2024-2025/148828_125000,EXACT,WS/MP18138/2024-2025/148828,MIZO ZIRLAI PAWL GEN HQRS,125000.0,,True,Rate-Card Baseline detected (Statutory Rate),MEDIUM,LEGITIMATE_RATE_CARD
DUP_EXACT_WS/MP18029/2025-2026/208007_808220,EXACT,WS/MP18029/2025-2026/208007,R ENTERPRISE,808220.0,,False,Work+Vendor+Amount+Date exact match,CRITICAL,NEW
DUP_EXACT_WS/MP18102/2025-2026/182533_300000,EXACT,WS/MP18102/2025-2026/182533,GRAM PANCHAYAT PIPALDAGADI JANPAD PANCHAYAT DHARMP,300000.0,,True,Rate-Card Baseline detected (Statutory Rate),MEDIUM,LEGITIMATE_RATE_CARD
DUP_EXACT_WS/MP18102/2024-2025/159275_300000,EXACT,WS/MP18102/2024-2025/159275,GRAM PANCHAYAT HATHNAWAR JANPAD PANCHAYAT DHARMPURI DISTRICT DHAR,300000.0,,True,Rate-Card Baseline detected (Statutory Rate),MEDIUM,LEGITIMATE_RATE_CARD
DUP_EXACT_WS/MP18311/2025-2026/219476_17920,EXACT,WS/MP18311/2025-2026/219476,KHIZRABAD BRICK KILN,17920.0,,False,Work+Vendor+Amount+Date exact match,CRITICAL,NEW
DUP_EXACT_WS/MP18311/2025-2026/219476_40000,EXACT,WS/MP18311/2025-2026/219476,KHIZRABAD BRICK KILN,40000.0,,True,Rate-Card Baseline detected (Statutory Rate),MEDIUM,LEGITIMATE_RATE_CARD
DUP_EXACT_WS/MP716/2025-2026/180614_78760,EXACT,WS/MP716/2025-2026/180614,KAKA SINGH,78760.0,,False,Work+Vendor+Amount+Date exact match,CRITICAL,NEW
DUP_EXACT_WS/MP716/2024-2025/141391_48132,EXACT,WS/MP716/2024-2025/141391,GURU KIRPA INTERLOCK TILES,48132.0,,False,Work+Vendor+Amount+Date exact match,CRITICAL,NEW
DUP_EXACT_WS/MP18357/2024-2025/168726_500000,EXACT,WS/MP18357/2024-2025/168726,SARPANCH SACHIV GRAM PANCHAYAT GORA,500000.0,,True,Rate-Card Baseline detected (Statutory Rate),MEDIUM,LEGITIMATE_RATE_CARD
DUP_EXACT_WS/MP18069/2025-2026/211595_125000,EXACT,WS/MP18069/2025-2026/211595,GP KUPAHDA,125000.0,,True,Rate-Card Baseline detected (Statutory Rate),MEDIUM,LEGITIMATE_RATE_CARD
DUP_EXACT_WS/MP18069/2025-2026/211677_100000,EXACT,WS/MP18069/2025-2026/211677,BDO NAGROTA SURIAN,100000.0,,True,Rate-Card Baseline detected (Statutory Rate),MEDIUM,LEGITIMATE_RATE_CARD
DUP_EXACT_WS/MP18069/2025-2026/211667_125000,EXACT,WS/MP18069/2025-2026/211667,BDO NAGROTA SURIAN,125000.0,,True,Rate-Card Baseline detected (Statutory Rate),MEDIUM,LEGITIMATE_RATE_CARD
DUP_EXACT_WS/MP18069/2025-2026/211665_125000,EXACT,WS/MP18069/2025-2026/211665,BDO NAGROTA SURIAN,125000.0,,True,Rate-Card Baseline detected (Statutory Rate),MEDIUM,LEGITIMATE_RATE_CARD
DUP_EXACT_WS/MP18311/2025-2026/241806_44240,EXACT,WS/MP18311/2025-2026/241806,OM CONSTRUCTION COMPANY,44240.0,,False,Work+Vendor+Amount+Date exact match,CRITICAL,NEW
DUP_EXACT_WS/MP18311/2025-2026/241806_31600,EXACT,WS/MP18311/2025-2026/241806,OM CONSTRUCTION COMPANY,31600.0,,False,Work+Vendor+Amount+Date exact match,CRITICAL,NEW
DUP_EXACT_WS/MP18311/2025-2026/241806_25912,EXACT,WS/MP18311/2025-2026/241806,OM CONSTRUCTION COMPANY,25912.0,,False,Work+Vendor+Amount+Date exact match,CRITICAL,NEW
DUP_EXACT_WS/MP18102/2024-2025/159144_400000,EXACT,WS/MP18102/2024-2025/159144,GRAM PANCHAYAT FARASPURA JANPAD PANCHAYAT DHARMPURI DISTRICT DHAR,400000.0,,True,Rate-Card Baseline detected (Statutory Rate),MEDIUM,LEGITIMATE_RATE_CARD
DUP_EXACT_WS/MP18102/2025-2026/186522_500000,EXACT,WS/MP18102/2025-2026/186522,GRAM PANCHAYAT FARASPURA JANPAD PANCHAYAT DHARMPURI DISTRICT DHAR,500000.0,,True,Rate-Card Baseline detected (Statutory Rate),MEDIUM,LEGITIMATE_RATE_CARD
DUP_EXACT_WS/MP18102/2024-2025/159137_400000,EXACT,WS/MP18102/2024-2025/159137,GRAM PANCHAYAT JETAPUR JANPAD PANCHAYAT DHARMPURI DISTRICT DHAR,400000.0,,True,Rate-Card Baseline detected (Statutory Rate),MEDIUM,LEGITIMATE_RATE_CARD
DUP_EXACT_WS/MP18102/2024-2025/159149_500000,EXACT,WS/MP18102/2024-2025/159149,GRAM PANCHAYAT SAKALDA JANPAD PANCHAYAT UMARBAN,500000.0,,True,Rate-Card Baseline detected (Statutory Rate),MEDIUM,LEGITIMATE_RATE_CARD
DUP_EXACT_WS/MP18029/2024-2025/162394_94512,EXACT,WS/MP18029/2024-2025/162394,TONUJ PEGU ENTERPRISE,94512.0,,False,Work+Vendor+Amount+Date exact match,CRITICAL,NEW
DUP_EXACT_WS/MP18029/2024-2025/162393_99750,EXACT,WS/MP18029/2024-2025/162393,TONUJ PEGU ENTERPRISE,99750.0,,True,Rate-Card Baseline detected (Statutory Rate),MEDIUM,LEGITIMATE_RATE_CARD
DUP_EXACT_WS/MP598/2025-2026/217314_100000,EXACT,WS/MP598/2025-2026/217314,GP TANGNU JANGLIKH,100000.0,,True,Rate-Card Baseline detected (Statutory Rate),MEDIUM,LEGITIMATE_RATE_CARD
DUP_EXACT_WS/MP18158/2024-2025/141777_14000,EXACT,WS/MP18158/2024-2025/141777,HARWINDER SINGH,14000.0,,True,Rate-Card Baseline detected (Statutory Rate),MEDIUM,LEGITIMATE_RATE_CARD
DUP_EXACT_WS/MP18309/2024-2025/158764_225000,EXACT,WS/MP18309/2024-2025/158764,SOYFUL MOLLAH,225000.0,,True,Rate-Card Baseline detected (Statutory Rate),MEDIUM,LEGITIMATE_RATE_CARD
DUP_EXACT_WS/MP18137/2024-2025/157427_150000,EXACT,WS/MP18137/2024-2025/157427,STANDAR KHARBANI,150000.0,,True,Rate-Card Baseline detected (Statutory Rate),MEDIUM,LEGITIMATE_RATE_CARD
DUP_EXACT_WS/MP640/2024-2025/157591_250000,EXACT,WS/MP640/2024-2025/157591,GRAM PANCHAYAT TILRI,250000.0,,True,Rate-Card Baseline detected (Statutory Rate),MEDIUM,LEGITIMATE_RATE_CARD
DUP_EXACT_WS/MP640/2024-2025/158762_250000,EXACT,WS/MP640/2024-2025/158762,GRAM PANCHAYAT KHOHRI,250000.0,,True,Rate-Card Baseline detected (Statutory Rate),MEDIUM,LEGITIMATE_RATE_CARD
DUP_EXACT_WS/MP18155/2024-2025/141775_16000,EXACT,WS/MP18155/2024-2025/141775,MS S AND S BUILDING MATERIAL LLP DASUYA,16000.0,,True,Rate-Card Baseline detected (Statutory Rate),MEDIUM,LEGITIMATE_RATE_CARD
DUP_EXACT_WS/MP18278/2024-2025/135168_496500,EXACT,WS/MP18278/2024-2025/135168,M L SAHU CONSTRUCTION,496500.0,,False,Work+Vendor+Amount+Date exact match,CRITICAL,NEW
DUP_EXACT_WS/MP18278/2024-2025/135170_496500,EXACT,WS/MP18278/2024-2025/135170,M L SAHU CONSTRUCTION,496500.0,,False,Work+Vendor+Amount+Date exact match,CRITICAL,NEW
DUP_EXACT_WS/MP18278/2024-2025/135169_496500,EXACT,WS/MP18278/2024-2025/135169,M L SAHU CONSTRUCTION,496500.0,,False,Work+Vendor+Amount+Date exact match,CRITICAL,NEW
DUP_EXACT_WS/MP18138/2024-2025/148126_495000,EXACT,WS/MP18138/2024-2025/148126,VC PHULDUNGSEI ZAMPUI,495000.0,,True,Rate-Card Baseline detected (Statutory Rate),MEDIUM,LEGITIMATE_RATE_CARD
DUP_EXACT_WS/MP18138/2024-2025/148109_500000,EXACT,WS/MP18138/2024-2025/148109,VC PHULDUNGSEI ZAMPUI,500000.0,,True,Rate-Card Baseline detected (Statutory Rate),MEDIUM,LEGITIMATE_RATE_CARD
DUP_EXACT_WS/MP18138/2024-2025/148119_125000,EXACT,WS/MP18138/2024-2025/148119,VC PHULDUNGSEI ZAMPUI,125000.0,,True,Rate-Card Baseline detected (Statutory Rate),MEDIUM,LEGITIMATE_RATE_CARD
DUP_EXACT_WS/MP18138/2024-2025/148118_125000,EXACT,WS/MP18138/2024-2025/148118,VC PHULDUNGSEI ZAMPUI,125000.0,,True,Rate-Card Baseline detected (Statutory Rate),MEDIUM,LEGITIMATE_RATE_CARD
DUP_EXACT_WS/MP18138/2024-2025/148117_125000,EXACT,WS/MP18138/2024-2025/148117,VC PHULDUNGSEI ZAMPUI,125000.0,,True,Rate-Card Baseline detected (Statutory Rate),MEDIUM,LEGITIMATE_RATE_CARD
DUP_EXACT_WS/MP18138/2024-2025/148103_250000,EXACT,WS/MP18138/2024-2025/148103,VC HMAR VENG,250000.0,,True,Rate-Card Baseline detected (Statutory Rate),MEDIUM,LEGITIMATE_RATE_CARD
DUP_EXACT_WS/MP654/2024-2025/156833_500000,EXACT,WS/MP654/2024-2025/156833,GRAM PANCHAYAT BADKADOL,500000.0,,True,Rate-Card Baseline detected (Statutory Rate),MEDIUM,LEGITIMATE_RATE_CARD
DUP_EXACT_WS/MP654/2024-2025/149303_1249000,EXACT,WS/MP654/2024-2025/149303,GRAM PANCHAYAT BADKADOL,1249000.0,,False,Work+Vendor+Amount+Date exact match,CRITICAL,NEW
DUP_EXACT_WS/MP18138/2024-2025/148104_500000,EXACT,WS/MP18138/2024-2025/148104,MIZO UPA PAWL,500000.0,,True,Rate-Card Baseline detected (Statutory Rate),MEDIUM,LEGITIMATE_RATE_CARD
DUP_EXACT_WS/MP18309/2024-2025/157109_100000,EXACT,WS/MP18309/2024-2025/157109,MEGHARIN MOMIN,100000.0,,True,Rate-Card Baseline detected (Statutory Rate),MEDIUM,LEGITIMATE_RATE_CARD
DUP_EXACT_WS/MP18309/2024-2025/157113_100000,EXACT,WS/MP18309/2024-2025/157113,WILKRIPSON K MARAK,100000.0,,True,Rate-Card Baseline detected (Statutory Rate),MEDIUM,LEGITIMATE_RATE_CARD
DUP_EXACT_WS/MP18309/2025-2026/190555_350000,EXACT,WS/MP18309/2025-2026/190555,WILKRIPSON K MARAK,350000.0,,True,Rate-Card Baseline detected (Statutory Rate),MEDIUM,LEGITIMATE_RATE_CARD
DUP_EXACT_WS/MP18357/2024-2025/161988_500000,EXACT,WS/MP18357/2024-2025/161988,GRAM PANCHAYAT,500000.0,,True,Rate-Card Baseline detected (Statutory Rate),MEDIUM,LEGITIMATE_RATE_CARD
DUP_EXACT_WS/MP18048/2024-2025/149426_439005,EXACT,WS/MP18048/2024-2025/149426,GRAM PANCHAYAT PAMGAL,439005.0,,False,Work+Vendor+Amount+Date exact match,CRITICAL,NEW
DUP_EXACT_WS/MP18335/2024-2025/150745_350000,EXACT,WS/MP18335/2024-2025/150745,SARPANCH GRAM PANCHAYAT LEBADA,350000.0,,True,Rate-Card Baseline detected (Statutory Rate),MEDIUM,LEGITIMATE_RATE_CARD
DUP_EXACT_WS/MP18048/2024-2025/149429_445543,EXACT,WS/MP18048/2024-2025/149429,GRAM PANCHAYAT KOTTUR,445543.0,,False,Work+Vendor+Amount+Date exact match,CRITICAL,NEW
DUP_EXACT_WS/MP18048/2024-2025/149430_371148,EXACT,WS/MP18048/2024-2025/149430,GRAM PANCHAYAT MADDED,371148.0,,False,Work+Vendor+Amount+Date exact match,CRITICAL,NEW
DUP_EXACT_WS/MP18166/2024-2025/155548_200000,EXACT,WS/MP18166/2024-2025/155548,RAMDEV TRANDING COMPANY SANCHORE,200000.0,,True,Rate-Card Baseline detected (Statutory Rate),MEDIUM,LEGITIMATE_RATE_CARD
DUP_EXACT_WS/MP687/2025-2026/182571_500000,EXACT,WS/MP687/2025-2026/182571,AMOL MALU LAMBORE,500000.0,,True,Rate-Card Baseline detected (Statutory Rate),MEDIUM,LEGITIMATE_RATE_CARD
DUP_EXACT_WS/MP18155/2024-2025/161880_45600,EXACT,WS/MP18155/2024-2025/161880,NB POWER TILES BEHNANGAL,45600.0,,True,Rate-Card Baseline detected (Statutory Rate),MEDIUM,LEGITIMATE_RATE_CARD
DUP_EXACT_WS/MP18328/2024-2025/140063_100000,EXACT,WS/MP18328/2024-2025/140063,GRAM PANCHAYAT GOPALPUR,100000.0,,True,Rate-Card Baseline detected (Statutory Rate),MEDIUM,LEGITIMATE_RATE_CARD
DUP_EXACT_WS/MP18398/2025-2026/215531_658660,EXACT,WS/MP18398/2025-2026/215531,RADHEY MOHAN INTERNATIONAL,658660.0,,False,Work+Vendor+Amount+Date exact match,CRITICAL,NEW
DUP_EXACT_WS/MP18357/2024-2025/151502_500000,EXACT,WS/MP18357/2024-2025/151502,SARPANCH SECRETARY GRAM PANCHAYAT RASULLABUZURG,500000.0,,True,Rate-Card Baseline detected (Statutory Rate),MEDIUM,LEGITIMATE_RATE_CARD
DUP_EXACT_WS/MP18176/2024-2025/146590_1900000,EXACT,WS/MP18176/2024-2025/146590,KALIYAMMAL M,1900000.0,,True,Rate-Card Baseline detected (Statutory Rate),MEDIUM,LEGITIMATE_RATE_CARD
DUP_EXACT_WS/MP18354/2024-2025/160739_250000,EXACT,WS/MP18354/2024-2025/160739,GRAM PANCHAYAT LALITPUR,250000.0,,True,Rate-Card Baseline detected (Statutory Rate),MEDIUM,LEGITIMATE_RATE_CARD
DUP_EXACT_WS/MP18106/2024-2025/146922_400000,EXACT,WS/MP18106/2024-2025/146922,GP SIMRAI,400000.0,,True,Rate-Card Baseline detected (Statutory Rate),MEDIUM,LEGITIMATE_RATE_CARD
DUP_EXACT_WS/MP18106/2024-2025/142124_400000,EXACT,WS/MP18106/2024-2025/142124,GP KHITARPAL,400000.0,,True,Rate-Card Baseline detected (Statutory Rate),MEDIUM,LEGITIMATE_RATE_CARD
DUP_EXACT_WS/MP18357/2024-2025/151498_500000,EXACT,WS/MP18357/2024-2025/151498,SARPANCH SECRETARY GRAM PANCHAYAT SHYAMATORI,500000.0,,True,Rate-Card Baseline detected (Statutory Rate),MEDIUM,LEGITIMATE_RATE_CARD
DUP_EXACT_WS/MP18357/2024-2025/161990_500000,EXACT,WS/MP18357/2024-2025/161990,SARPANCH SACHIV GRAM PANCHAYAT BABROD,500000.0,,True,Rate-Card Baseline detected (Statutory Rate),MEDIUM,LEGITIMATE_RATE_CARD
DUP_EXACT_WS/MP18109/2024-2025/150126_1000000,EXACT,WS/MP18109/2024-2025/150126,RES SINGRAULI,1000000.0,,True,Rate-Card Baseline detected (Statutory Rate),MEDIUM,LEGITIMATE_RATE_CARD
DUP_EXACT_WS/MP568/2024-2025/161400_200000,EXACT,WS/MP568/2024-2025/161400,GRAM PANCHAYAT MODHE,200000.0,,True,Rate-Card Baseline detected (Statutory Rate),MEDIUM,LEGITIMATE_RATE_CARD
DUP_EXACT_WS/MP654/2024-2025/151714_500000,EXACT,WS/MP654/2024-2025/151714,GRAM PANCHAYAT GOPALPUR,500000.0,,True,Rate-Card Baseline detected (Statutory Rate),MEDIUM,LEGITIMATE_RATE_CARD
DUP_EXACT_WS/MP18357/2024-2025/160268_500000,EXACT,WS/MP18357/2024-2025/160268,GRAM PANCHAYAT DEHARDA SADAK,500000.0,,True,Rate-Card Baseline detected (Statutory Rate),MEDIUM,LEGITIMATE_RATE_CARD
DUP_EXACT_WS/MP384/2025-2026/196471_394987,EXACT,WS/MP384/2025-2026/196471,SHRI GURU JAMBHESHWAR CONSTRUCTION COMPANY,394987.0,,False,Work+Vendor+Amount+Date exact match,CRITICAL,NEW
DUP_EXACT_WS/MP18106/2024-2025/142125_400000,EXACT,WS/MP18106/2024-2025/142125,DEHRI,400000.0,,True,Rate-Card Baseline detected (Statutory Rate),MEDIUM,LEGITIMATE_RATE_CARD
DUP_EXACT_WS/MP18106/2024-2025/142105_400000,EXACT,WS/MP18106/2024-2025/142105,GP SARANGPUR,400000.0,,True,Rate-Card Baseline detected (Statutory Rate),MEDIUM,LEGITIMATE_RATE_CARD
DUP_EXACT_WS/MP654/2024-2025/157994_500000,EXACT,WS/MP654/2024-2025/157994,GP LALPUR EAST,500000.0,,True,Rate-Card Baseline detected (Statutory Rate),MEDIUM,LEGITIMATE_RATE_CARD
DUP_EXACT_WS/MP18049/2024-2025/152162_250000,EXACT,WS/MP18049/2024-2025/152162,GRAM PANCHAYAT BARDWAR,250000.0,,True,Rate-Card Baseline detected (Statutory Rate),MEDIUM,LEGITIMATE_RATE_CARD
DUP_EXACT_WS/MP18049/2024-2025/152165_250000,EXACT,WS/MP18049/2024-2025/152165,GRAM PANCHAYAT AAMAMUDA,250000.0,,True,Rate-Card Baseline detected (Statutory Rate),MEDIUM,LEGITIMATE_RATE_CARD
DUP_EXACT_WS/MP18051/2024-2025/156595_320000,EXACT,WS/MP18051/2024-2025/156595,SARPANCH SACHIV GRAM PANCHAYAT RANIPARTEWA,320000.0,,True,Rate-Card Baseline detected (Statutory Rate),MEDIUM,LEGITIMATE_RATE_CARD
DUP_EXACT_WS/MP18069/2025-2026/212336_175000,EXACT,WS/MP18069/2025-2026/212336,GRAM PANCHAYAT JAGRUP NAGAR,175000.0,,True,Rate-Card Baseline detected (Statutory Rate),MEDIUM,LEGITIMATE_RATE_CARD
DUP_EXACT_WS/MP18049/2024-2025/152178_250000,EXACT,WS/MP18049/2024-2025/152178,SARPANCH GRAM PANCHAYAT BAHURTA,250000.0,,True,Rate-Card Baseline detected (Statutory Rate),MEDIUM,LEGITIMATE_RATE_CARD
DUP_EXACT_WS/MP18106/2024-2025/142099_400000,EXACT,WS/MP18106/2024-2025/142099,GP IKLOD,400000.0,,True,Rate-Card Baseline detected (Statutory Rate),MEDIUM,LEGITIMATE_RATE_CARD
DUP_EXACT_WS/MP18106/2024-2025/142103_400000,EXACT,WS/MP18106/2024-2025/142103,GP LADPURA,400000.0,,True,Rate-Card Baseline detected (Statutory Rate),MEDIUM,LEGITIMATE_RATE_CARD
DUP_EXACT_WS/MP18106/2024-2025/142119_400000,EXACT,WS/MP18106/2024-2025/142119,GP PARWATI BARODA,400000.0,,True,Rate-Card Baseline detected (Statutory Rate),MEDIUM,LEGITIMATE_RATE_CARD
DUP_EXACT_WS/MP18106/2024-2025/142107_400000,EXACT,WS/MP18106/2024-2025/142107,GP RNAWAD,400000.0,,True,Rate-Card Baseline detected (Statutory Rate),MEDIUM,LEGITIMATE_RATE_CARD
DUP_EXACT_WS/MP428/2025-2026/239149_250000,EXACT,WS/MP428/2025-2026/239149,GRAM PANCHAYAT LAMMETA,250000.0,,True,Rate-Card Baseline detected (Statutory Rate),MEDIUM,LEGITIMATE_RATE_CARD
DUP_EXACT_WS/MP18109/2024-2025/150127_250000,EXACT,WS/MP18109/2024-2025/150127,GRAM PANCHAYAT GAJNI,250000.0,,True,Rate-Card Baseline detected (Statutory Rate),MEDIUM,LEGITIMATE_RATE_CARD
DUP_EXACT_WS/MP18081/2025-2026/213833_400000,EXACT,WS/MP18081/2025-2026/213833,PROJECT MANAGER,400000.0,,True,Rate-Card Baseline detected (Statutory Rate),MEDIUM,LEGITIMATE_RATE_CARD
DUP_EXACT_WS/MP18081/2025-2026/157203_500000,EXACT,WS/MP18081/2025-2026/157203,PROJECT MANAGER,500000.0,,True,Rate-Card Baseline detected (Statutory Rate),MEDIUM,LEGITIMATE_RATE_CARD
DUP_EXACT_WS/MP18081/2025-2026/156867_400000,EXACT,WS/MP18081/2025-2026/156867,PROJECT MANAGER,400000.0,,True,Rate-Card Baseline detected (Statutory Rate),MEDIUM,LEGITIMATE_RATE_CARD
DUP_EXACT_WS/MP18081/2025-2026/156863_500000,EXACT,WS/MP18081/2025-2026/156863,PROJECT MANAGER,500000.0,,True,Rate-Card Baseline detected (Statutory Rate),MEDIUM,LEGITIMATE_RATE_CARD
DUP_EXACT_WS/MP18081/2025-2026/157201_400000,EXACT,WS/MP18081/2025-2026/157201,PROJECT MANAGER,400000.0,,True,Rate-Card Baseline detected (Statutory Rate),MEDIUM,LEGITIMATE_RATE_CARD
DUP_EXACT_WS/MP18081/2025-2026/156866_400000,EXACT,WS/MP18081/2025-2026/156866,PROJECT MANAGER,400000.0,,True,Rate-Card Baseline detected (Statutory Rate),MEDIUM,LEGITIMATE_RATE_CARD
DUP_EXACT_WS/MP18051/2024-2025/154523_250000,EXACT,WS/MP18051/2024-2025/154523,GRAM PANCHAYAT BHALESAR,250000.0,,True,Rate-Card Baseline detected (Statutory Rate),MEDIUM,LEGITIMATE_RATE_CARD
DUP_EXACT_WS/MP18153/2025-2026/205312_116325,EXACT,WS/MP18153/2025-2026/205312,THE SIDHU KIRAT TE USARI SEHKARI SABHA LTD,116325.0,,False,Work+Vendor+Amount+Date exact match,CRITICAL,NEW
DUP_EXACT_WS/MP18335/2024-2025/150985_400000,EXACT,WS/MP18335/2024-2025/150985,GRAM PANCHAYAT BARDAND,400000.0,,True,Rate-Card Baseline detected (Statutory Rate),MEDIUM,LEGITIMATE_RATE_CARD
DUP_EXACT_WS/MP18335/2024-2025/150987_400000,EXACT,WS/MP18335/2024-2025/150987,SARPANCH AND SACHIV GRAM PANCHAYAT SENDRIMUNDA,400000.0,,True,Rate-Card Baseline detected (Statutory Rate),MEDIUM,LEGITIMATE_RATE_CARD
DUP_EXACT_WS/MP18152/2024-2025/158093_42000,EXACT,WS/MP18152/2024-2025/158093,SAWAN TRADING CO,42000.0,,True,Rate-Card Baseline detected (Statutory Rate),MEDIUM,LEGITIMATE_RATE_CARD
DUP_EXACT_WS/MP18336/2024-2025/147590_250000,EXACT,WS/MP18336/2024-2025/147590,GRAM PANCHAYAT SANKRI,250000.0,,True,Rate-Card Baseline detected (Statutory Rate),MEDIUM,LEGITIMATE_RATE_CARD
DUP_EXACT_WS/MP18336/2024-2025/147586_250000,EXACT,WS/MP18336/2024-2025/147586,BARONDA,250000.0,,True,Rate-Card Baseline detected (Statutory Rate),MEDIUM,LEGITIMATE_RATE_CARD
DUP_EXACT_WS/MP429/2024-2025/145577_200000,EXACT,WS/MP429/2024-2025/145577,GRAM PANCHAYAT MAJHAULI,200000.0,,True,Rate-Card Baseline detected (Statutory Rate),MEDIUM,LEGITIMATE_RATE_CARD
DUP_EXACT_WS/MP18049/2024-2025/152167_500000,EXACT,WS/MP18049/2024-2025/152167,SARPANCH GRAM PANCHAYAT MASTURI,500000.0,,True,Rate-Card Baseline detected (Statutory Rate),MEDIUM,LEGITIMATE_RATE_CARD
DUP_EXACT_WS/MP429/2024-2025/156834_150000,EXACT,WS/MP429/2024-2025/156834,GRAM PANCHAYAT DHUKUPATHRA,150000.0,,True,Rate-Card Baseline detected (Statutory Rate),MEDIUM,LEGITIMATE_RATE_CARD
DUP_EXACT_WS/MP429/2024-2025/156839_150000,EXACT,WS/MP429/2024-2025/156839,GRAM PANCHAYAT BUDBUD,150000.0,,True,Rate-Card Baseline detected (Statutory Rate),MEDIUM,LEGITIMATE_RATE_CARD
DUP_EXACT_WS/MP18309/2024-2025/153442_75000,EXACT,WS/MP18309/2024-2025/153442,ERICK MOMIN,75000.0,,True,Rate-Card Baseline detected (Statutory Rate),MEDIUM,LEGITIMATE_RATE_CARD
DUP_EXACT_WS/MP18309/2024-2025/153440_250000,EXACT,WS/MP18309/2024-2025/153440,TOPSTAR MARAK,250000.0,,True,Rate-Card Baseline detected (Statutory Rate),MEDIUM,LEGITIMATE_RATE_CARD
DUP_EXACT_WS/MP18309/2024-2025/153438_75000,EXACT,WS/MP18309/2024-2025/153438,TOPSTAR MARAK,75000.0,,True,Rate-Card Baseline detected (Statutory Rate),MEDIUM,LEGITIMATE_RATE_CARD
DUP_EXACT_WS/MP18309/2025-2026/208890_250000,EXACT,WS/MP18309/2025-2026/208890,TOPSTAR MARAK,250000.0,,True,Rate-Card Baseline detected (Statutory Rate),MEDIUM,LEGITIMATE_RATE_CARD
DUP_EXACT_WS/MP18309/2026-2027/287963_250000,EXACT,WS/MP18309/2026-2027/287963,TOPSTAR MARAK,250000.0,,True,Rate-Card Baseline detected (Statutory Rate),MEDIUM,LEGITIMATE_RATE_CARD
DUP_EXACT_WS/MP541/2025-2026/215441_75000,EXACT,WS/MP541/2025-2026/215441,AKASH HAZARIKA,75000.0,,True,Rate-Card Baseline detected (Statutory Rate),MEDIUM,LEGITIMATE_RATE_CARD
DUP_EXACT_WS/MP541/2024-2025/163539_125000,EXACT,WS/MP541/2024-2025/163539,AKASH HAZARIKA,125000.0,,True,Rate-Card Baseline detected (Statutory Rate),MEDIUM,LEGITIMATE_RATE_CARD
DUP_EXACT_WS/MP541/2025-2026/215067_250000,EXACT,WS/MP541/2025-2026/215067,AKASH HAZARIKA,250000.0,,True,Rate-Card Baseline detected (Statutory Rate),MEDIUM,LEGITIMATE_RATE_CARD
DUP_EXACT_WS/MP386/2024-2025/142233_200000,EXACT,WS/MP386/2024-2025/142233,SDMC,200000.0,,True,Rate-Card Baseline detected (Statutory Rate),MEDIUM,LEGITIMATE_RATE_CARD
DUP_EXACT_WS/MP18051/2024-2025/157401_250000,EXACT,WS/MP18051/2024-2025/157401,SARPANCH SACHIV GP KURRUBHATHA,250000.0,,True,Rate-Card Baseline detected (Statutory Rate),MEDIUM,LEGITIMATE_RATE_CARD
DUP_EXACT_WS/MP18309/2024-2025/143138_500000,EXACT,WS/MP18309/2024-2025/143138,TURA CHRISTIAN BOYS SEC SCHOOL,500000.0,,True,Rate-Card Baseline detected (Statutory Rate),MEDIUM,LEGITIMATE_RATE_CARD
DUP_EXACT_WS/MP18309/2024-2025/155226_750000,EXACT,WS/MP18309/2024-2025/155226,BIDARIK INSTITUTE OF LEARNING,750000.0,,True,Rate-Card Baseline detected (Statutory Rate),MEDIUM,LEGITIMATE_RATE_CARD
DUP_EXACT_WS/MP568/2025-2026/215554_250000,EXACT,WS/MP568/2025-2026/215554,SARPANCH GRAM PANCHAYAT JHEET,250000.0,,True,Rate-Card Baseline detected (Statutory Rate),MEDIUM,LEGITIMATE_RATE_CARD
DUP_EXACT_WS/MP568/2025-2026/215555_150000,EXACT,WS/MP568/2025-2026/215555,SARPANCH GRAM PANCHAYAT JHEET,150000.0,,True,Rate-Card Baseline detected (Statutory Rate),MEDIUM,LEGITIMATE_RATE_CARD
DUP_EXACT_WS/MP18051/2024-2025/153789_500000,EXACT,WS/MP18051/2024-2025/153789,GRAM PANCHAYAT ANWARPUR,500000.0,,True,Rate-Card Baseline detected (Statutory Rate),MEDIUM,LEGITIMATE_RATE_CARD
DUP_EXACT_WS/MP18051/2024-2025/153825_250000,EXACT,WS/MP18051/2024-2025/153825,GRRAM PANCHYAT MUNGASER,250000.0,,True,Rate-Card Baseline detected (Statutory Rate),MEDIUM,LEGITIMATE_RATE_CARD
DUP_EXACT_WS/MP18309/2024-2025/153441_100000,EXACT,WS/MP18309/2024-2025/153441,CHECKNOV K SANGMA,100000.0,,True,Rate-Card Baseline detected (Statutory Rate),MEDIUM,LEGITIMATE_RATE_CARD
DUP_EXACT_WS/MP18309/2024-2025/153437_75000,EXACT,WS/MP18309/2024-2025/153437,CHECKNOV K SANGMA,75000.0,,True,Rate-Card Baseline detected (Statutory Rate),MEDIUM,LEGITIMATE_RATE_CARD
DUP_EXACT_WS/MP18309/2024-2025/153436_75000,EXACT,WS/MP18309/2024-2025/153436,WILLIPSON SANGMA,75000.0,,True,Rate-Card Baseline detected (Statutory Rate),MEDIUM,LEGITIMATE_RATE_CARD
DUP_EXACT_WS/MP18309/2026-2027/287964_250000,EXACT,WS/MP18309/2026-2027/287964,WILLIPSON SANGMA,250000.0,,True,Rate-Card Baseline detected (Statutory Rate),MEDIUM,LEGITIMATE_RATE_CARD
DUP_EXACT_WS/MP18309/2024-2025/153439_100000,EXACT,WS/MP18309/2024-2025/153439,KEBINAL  MOMIN,100000.0,,True,Rate-Card Baseline detected (Statutory Rate),MEDIUM,LEGITIMATE_RATE_CARD
DUP_EXACT_WS/MP313/2024-2025/138693_500000,EXACT,WS/MP313/2024-2025/138693,MAK AND SONS ENTERPRISES,500000.0,,True,Rate-Card Baseline detected (Statutory Rate),MEDIUM,LEGITIMATE_RATE_CARD
DUP_EXACT_WS/MP18278/2024-2025/149059_250000,EXACT,WS/MP18278/2024-2025/149059,GRAM PANCHAYAT PIPARBHAWNA TE,250000.0,,True,Rate-Card Baseline detected (Statutory Rate),MEDIUM,LEGITIMATE_RATE_CARD
DUP_EXACT_WS/MP18391/2024-2025/140322_150000,EXACT,WS/MP18391/2024-2025/140322,KETSEIYIE CHARLES MERE,150000.0,,True,Rate-Card Baseline detected (Statutory Rate),MEDIUM,LEGITIMATE_RATE_CARD
DUP_EXACT_WS/MP429/2024-2025/151725_150000,EXACT,WS/MP429/2024-2025/151725,GRAM PANCHAYAT JAMPANI,150000.0,,True,Rate-Card Baseline detected (Statutory Rate),MEDIUM,LEGITIMATE_RATE_CARD
DUP_EXACT_WS/MP429/2025-2026/208966_250000,EXACT,WS/MP429/2025-2026/208966,GRAM PANCHAYAT JAMPANI,250000.0,,True,Rate-Card Baseline detected (Statutory Rate),MEDIUM,LEGITIMATE_RATE_CARD
DUP_EXACT_WS/MP18069/2025-2026/211611_125000,EXACT,WS/MP18069/2025-2026/211611,GRAM PANCHAYAT KARIYAN,125000.0,,True,Rate-Card Baseline detected (Statutory Rate),MEDIUM,LEGITIMATE_RATE_CARD
DUP_EXACT_WS/MP18278/2024-2025/151476_200000,EXACT,WS/MP18278/2024-2025/151476,SARPANCH GRAM PANCHYAT PONCH,200000.0,,True,Rate-Card Baseline detected (Statutory Rate),MEDIUM,LEGITIMATE_RATE_CARD
DUP_EXACT_WS/MP18137/2025-2026/162035_200000,EXACT,WS/MP18137/2025-2026/162035,JEDWIN  LYNGDOH,200000.0,,True,Rate-Card Baseline detected (Statutory Rate),MEDIUM,LEGITIMATE_RATE_CARD
DUP_EXACT_WS/MP18051/2024-2025/140095_250000,EXACT,WS/MP18051/2024-2025/140095,GRAM PANCHAYAT DABPALI,250000.0,,True,Rate-Card Baseline detected (Statutory Rate),MEDIUM,LEGITIMATE_RATE_CARD
DUP_EXACT_WS/MP18051/2025-2026/218657_250000,EXACT,WS/MP18051/2025-2026/218657,GRAM PANCHAYAT DABPALI,250000.0,,True,Rate-Card Baseline detected (Statutory Rate),MEDIUM,LEGITIMATE_RATE_CARD
DUP_EXACT_WS/MP18051/2025-2026/213013_250000,EXACT,WS/MP18051/2025-2026/213013,GRAM PANCHAYAT AAMAKONI,250000.0,,True,Rate-Card Baseline detected (Statutory Rate),MEDIUM,LEGITIMATE_RATE_CARD
DUP_EXACT_WS/MP18051/2025-2026/213009_250000,EXACT,WS/MP18051/2025-2026/213009,GRAM PANCHAYAT AAMAKONI,250000.0,,True,Rate-Card Baseline detected (Statutory Rate),MEDIUM,LEGITIMATE_RATE_CARD
DUP_EXACT_WS/MP18051/2024-2025/149159_250000,EXACT,WS/MP18051/2024-2025/149159,GRAM PANCHAYAT AAMAKONI,250000.0,,True,Rate-Card Baseline detected (Statutory Rate),MEDIUM,LEGITIMATE_RATE_CARD
DUP_EXACT_WS/MP18051/2024-2025/149156_250000,EXACT,WS/MP18051/2024-2025/149156,GRAM PANCHAYAT DWARTARAKALA,250000.0,,True,Rate-Card Baseline detected (Statutory Rate),MEDIUM,LEGITIMATE_RATE_CARD
DUP_EXACT_WS/MP428/2025-2026/239147_300000,EXACT,WS/MP428/2025-2026/239147,GRAM PANCHAYAT SIKARI MAHKA,300000.0,,True,Rate-Card Baseline detected (Statutory Rate),MEDIUM,LEGITIMATE_RATE_CARD
DUP_EXACT_WS/MP18069/2025-2026/212253_125000,EXACT,WS/MP18069/2025-2026/212253,BDO FATEHPUR,125000.0,,True,Rate-Card Baseline detected (Statutory Rate),MEDIUM,LEGITIMATE_RATE_CARD
DUP_EXACT_WS/MP18069/2025-2026/212235_125000,EXACT,WS/MP18069/2025-2026/212235,BDO FATEHPUR,125000.0,,True,Rate-Card Baseline detected (Statutory Rate),MEDIUM,LEGITIMATE_RATE_CARD
DUP_EXACT_WS/MP18391/2024-2025/140321_150000,EXACT,WS/MP18391/2024-2025/140321,DZIESEVITUO SOLO,150000.0,,True,Rate-Card Baseline detected (Statutory Rate),MEDIUM,LEGITIMATE_RATE_CARD
DUP_EXACT_WS/MP428/2025-2026/205933_350000,EXACT,WS/MP428/2025-2026/205933,GRAM PANCHAYAT MAGARDHOKHARA,350000.0,,True,Rate-Card Baseline detected (Statutory Rate),MEDIUM,LEGITIMATE_RATE_CARD
DUP_EXACT_WS/MP18152/2025-2026/157880_34409,EXACT,WS/MP18152/2025-2026/157880,DTC TILES,34409.0,,False,Work+Vendor+Amount+Date exact match,CRITICAL,NEW
DUP_EXACT_WS/MP429/2024-2025/145579_150000,EXACT,WS/MP429/2024-2025/145579,GRAM PANCHAYAT NARAYANPUR,150000.0,,True,Rate-Card Baseline detected (Statutory Rate),MEDIUM,LEGITIMATE_RATE_CARD
DUP_EXACT_WS/MP18051/2024-2025/151166_250000,EXACT,WS/MP18051/2024-2025/151166,GRAM PANCHAYAT BADE DABHA,250000.0,,True,Rate-Card Baseline detected (Statutory Rate),MEDIUM,LEGITIMATE_RATE_CARD
DUP_EXACT_WS/MP18051/2024-2025/151163_750000,EXACT,WS/MP18051/2024-2025/151163,GRAM PANCHAYAT BADE DABHA,750000.0,,True,Rate-Card Baseline detected (Statutory Rate),MEDIUM,LEGITIMATE_RATE_CARD
DUP_EXACT_WS/MP18049/2024-2025/152234_300000,EXACT,WS/MP18049/2024-2025/152234,S D ENTERPRISES,300000.0,,True,Rate-Card Baseline detected (Statutory Rate),MEDIUM,LEGITIMATE_RATE_CARD
DUP_EXACT_WS/MP18391/2024-2025/140314_750000,EXACT,WS/MP18391/2024-2025/140314,KHRIEDILHOULIE THEUNUO,750000.0,,True,Rate-Card Baseline detected (Statutory Rate),MEDIUM,LEGITIMATE_RATE_CARD
DUP_EXACT_WS/MP429/2024-2025/151716_250000,EXACT,WS/MP429/2024-2025/151716,GRAM PANCHAYAT LAFA,250000.0,,True,Rate-Card Baseline detected (Statutory Rate),MEDIUM,LEGITIMATE_RATE_CARD
DUP_EXACT_WS/MP18228/2025-2026/181585_19834,EXACT,WS/MP18228/2025-2026/181585,BHAGWATI CHAND,19834.0,,False,Work+Vendor+Amount+Date exact match,CRITICAL,NEW
DUP_EXACT_WS/MP18228/2024-2025/147137_20879,EXACT,WS/MP18228/2024-2025/147137,BHAGWATI CHAND,20879.0,,False,Work+Vendor+Amount+Date exact match,CRITICAL,NEW
DUP_EXACT_WS/MP18309/2025-2026/195518_250000,EXACT,WS/MP18309/2025-2026/195518,KRISTON  A SANGMA,250000.0,,True,Rate-Card Baseline detected (Statutory Rate),MEDIUM,LEGITIMATE_RATE_CARD
DUP_EXACT_WS/MP18309/2025-2026/195519_100000,EXACT,WS/MP18309/2025-2026/195519,DILSENG A SANGMA,100000.0,,True,Rate-Card Baseline detected (Statutory Rate),MEDIUM,LEGITIMATE_RATE_CARD
DUP_EXACT_WS/MP640/2024-2025/149326_500000,EXACT,WS/MP640/2024-2025/149326,GRAM PANCHAYAT BARELI,500000.0,,True,Rate-Card Baseline detected (Statutory Rate),MEDIUM,LEGITIMATE_RATE_CARD
DUP_EXACT_WS/MP640/2024-2025/149327_500000,EXACT,WS/MP640/2024-2025/149327,GRAM PANCHAYAT JHALWANI,500000.0,,True,Rate-Card Baseline detected (Statutory Rate),MEDIUM,LEGITIMATE_RATE_CARD
DUP_EXACT_WS/MP18069/2024-2025/163022_75000,EXACT,WS/MP18069/2024-2025/163022,GP BHANOTA,75000.0,,True,Rate-Card Baseline detected (Statutory Rate),MEDIUM,LEGITIMATE_RATE_CARD
DUP_EXACT_WS/MP478/2025-2026/176070_4550,EXACT,WS/MP478/2025-2026/176070,JODH RAM,4550.0,,True,Rate-Card Baseline detected (Statutory Rate),MEDIUM,LEGITIMATE_RATE_CARD
DUP_EXACT_WS/MP429/2024-2025/146735_150000,EXACT,WS/MP429/2024-2025/146735,GRAM PANCHAYAT SHUPATRAI,150000.0,,True,Rate-Card Baseline detected (Statutory Rate),MEDIUM,LEGITIMATE_RATE_CARD
DUP_EXACT_WS/MP18391/2024-2025/140298_125000,EXACT,WS/MP18391/2024-2025/140298,YONGKONGSANGLA R,125000.0,,True,Rate-Card Baseline detected (Statutory Rate),MEDIUM,LEGITIMATE_RATE_CARD
DUP_EXACT_WS/MP18391/2024-2025/140310_75000,EXACT,WS/MP18391/2024-2025/140310,ZAMOK JAMIR,75000.0,,True,Rate-Card Baseline detected (Statutory Rate),MEDIUM,LEGITIMATE_RATE_CARD
DUP_EXACT_WS/MP18391/2024-2025/140296_100000,EXACT,WS/MP18391/2024-2025/140296,IMLIONEN,100000.0,,True,Rate-Card Baseline detected (Statutory Rate),MEDIUM,LEGITIMATE_RATE_CARD
DUP_EXACT_WS/MP18391/2024-2025/140293_75000,EXACT,WS/MP18391/2024-2025/140293,TEMSUMENBA IMSONG,75000.0,,True,Rate-Card Baseline detected (Statutory Rate),MEDIUM,LEGITIMATE_RATE_CARD
DUP_EXACT_WS/MP18391/2024-2025/140297_75000,EXACT,WS/MP18391/2024-2025/140297,K IMLITEMJEN JAMIR,75000.0,,True,Rate-Card Baseline detected (Statutory Rate),MEDIUM,LEGITIMATE_RATE_CARD
DUP_EXACT_WS/MP18391/2024-2025/140318_500000,EXACT,WS/MP18391/2024-2025/140318,G KHEKAVI ZHIMO,500000.0,,True,Rate-Card Baseline detected (Statutory Rate),MEDIUM,LEGITIMATE_RATE_CARD
DUP_EXACT_WS/MP18391/2024-2025/140300_100000,EXACT,WS/MP18391/2024-2025/140300,K WATI IMCHEN,100000.0,,True,Rate-Card Baseline detected (Statutory Rate),MEDIUM,LEGITIMATE_RATE_CARD
DUP_EXACT_WS/MP18391/2024-2025/140323_850000,EXACT,WS/MP18391/2024-2025/140323,M SHILU JAMIR,850000.0,,True,Rate-Card Baseline detected (Statutory Rate),MEDIUM,LEGITIMATE_RATE_CARD
DUP_EXACT_WS/MP429/2024-2025/140532_200000,EXACT,WS/MP429/2024-2025/140532,RAJYA PARIVARTIT YOJNA GP MALDA,200000.0,,True,Rate-Card Baseline detected (Statutory Rate),MEDIUM,LEGITIMATE_RATE_CARD
DUP_EXACT_WS/MP18137/2025-2026/185700_150000,EXACT,WS/MP18137/2025-2026/185700,NONGTALANG MISSION VILLAGE DORBAR,150000.0,,True,Rate-Card Baseline detected (Statutory Rate),MEDIUM,LEGITIMATE_RATE_CARD
DUP_EXACT_WS/MP18020/2025-2026/253737_56916,EXACT,WS/MP18020/2025-2026/253737,BRAHMAPUTRA ENTERPRISE,56916.0,,False,Work+Vendor+Amount+Date exact match,CRITICAL,NEW
DUP_EXACT_WS/MP643/2024-2025/146592_36000,EXACT,WS/MP643/2024-2025/146592,DARBAR BILDING MATERIYAL AND SAFLAYAR,36000.0,,True,Rate-Card Baseline detected (Statutory Rate),MEDIUM,LEGITIMATE_RATE_CARD
DUP_EXACT_WS/MP18019/2024-2025/143870_125000,EXACT,WS/MP18019/2024-2025/143870,SRI LONGKI BEY,125000.0,,True,Rate-Card Baseline detected (Statutory Rate),MEDIUM,LEGITIMATE_RATE_CARD
DUP_EXACT_WS/MP18137/2025-2026/161318_250000,EXACT,WS/MP18137/2025-2026/161318,DORBAR SHNONG KULIANG,250000.0,,True,Rate-Card Baseline detected (Statutory Rate),MEDIUM,LEGITIMATE_RATE_CARD
DUP_EXACT_WS/MP18137/2025-2026/161334_150000,EXACT,WS/MP18137/2025-2026/161334,DORBAR DONG PAHAR UMKIANG,150000.0,,True,Rate-Card Baseline detected (Statutory Rate),MEDIUM,LEGITIMATE_RATE_CARD
DUP_EXACT_WS/MP429/2024-2025/141156_200000,EXACT,WS/MP429/2024-2025/141156,GRAM PANCHAYAT TILAIDAND,200000.0,,True,Rate-Card Baseline detected (Statutory Rate),MEDIUM,LEGITIMATE_RATE_CARD
DUP_EXACT_WS/MP429/2024-2025/157872_100000,EXACT,WS/MP429/2024-2025/157872,SARPANCH SACHIV KODAR,100000.0,,True,Rate-Card Baseline detected (Statutory Rate),MEDIUM,LEGITIMATE_RATE_CARD
DUP_EXACT_WS/MP429/2024-2025/157873_100000,EXACT,WS/MP429/2024-2025/157873,SARPANCH SACHIV KODAR,100000.0,,True,Rate-Card Baseline detected (Statutory Rate),MEDIUM,LEGITIMATE_RATE_CARD
DUP_EXACT_WS/MP18391/2024-2025/140306_500000,EXACT,WS/MP18391/2024-2025/140306,AMOKLUSHI TOUREST RENT FUND,500000.0,,True,Rate-Card Baseline detected (Statutory Rate),MEDIUM,LEGITIMATE_RATE_CARD
DUP_EXACT_WS/MP18023/2024-2025/138480_140000,EXACT,WS/MP18023/2024-2025/138480,CC FOR BHETAPARA BOUNDARY WALL,140000.0,,True,Rate-Card Baseline detected (Statutory Rate),MEDIUM,LEGITIMATE_RATE_CARD
DUP_EXACT_WS/MP429/2025-2026/200495_150000,EXACT,WS/MP429/2025-2026/200495,GRAM PANCHAYAT SALKA,150000.0,,True,Rate-Card Baseline detected (Statutory Rate),MEDIUM,LEGITIMATE_RATE_CARD
DUP_EXACT_WS/MP429/2025-2026/200492_150000,EXACT,WS/MP429/2025-2026/200492,GRAM PANCHAYAT BARDAR,150000.0,,True,Rate-Card Baseline detected (Statutory Rate),MEDIUM,LEGITIMATE_RATE_CARD
DUP_EXACT_WS/MP429/2024-2025/145578_150000,EXACT,WS/MP429/2024-2025/145578,GRAM PANCHAYAT JARONDHA,150000.0,,True,Rate-Card Baseline detected (Statutory Rate),MEDIUM,LEGITIMATE_RATE_CARD
DUP_EXACT_WS/MP429/2025-2026/200494_150000,EXACT,WS/MP429/2025-2026/200494,GRAM PANCHAYAT RATANPUR,150000.0,,True,Rate-Card Baseline detected (Statutory Rate),MEDIUM,LEGITIMATE_RATE_CARD
DUP_EXACT_WS/MP18106/2024-2025/142108_400000,EXACT,WS/MP18106/2024-2025/142108,PANCH PARMEHSWAR GRAM PANCHAYAT NIMANIYA,400000.0,,True,Rate-Card Baseline detected (Statutory Rate),MEDIUM,LEGITIMATE_RATE_CARD
DUP_EXACT_WS/MP18391/2024-2025/140325_250000,EXACT,WS/MP18391/2024-2025/140325,MR IMLICHUBA,250000.0,,True,Rate-Card Baseline detected (Statutory Rate),MEDIUM,LEGITIMATE_RATE_CARD
DUP_EXACT_WS/MP18069/2024-2025/163017_75000,EXACT,WS/MP18069/2024-2025/163017,GP RAJINDU,75000.0,,True,Rate-Card Baseline detected (Statutory Rate),MEDIUM,LEGITIMATE_RATE_CARD
DUP_EXACT_WS/MP18137/2025-2026/161322_100000,EXACT,WS/MP18137/2025-2026/161322,VILLAGE LAD WAHWAPUNG,100000.0,,True,Rate-Card Baseline detected (Statutory Rate),MEDIUM,LEGITIMATE_RATE_CARD
DUP_EXACT_WS/MP18278/2024-2025/134667_480000,EXACT,WS/MP18278/2024-2025/134667,GRAM PANCHAYAT MASANIYAKALA,480000.0,,True,Rate-Card Baseline detected (Statutory Rate),MEDIUM,LEGITIMATE_RATE_CARD
DUP_EXACT_WS/MP18069/2025-2026/212368_200000,EXACT,WS/MP18069/2025-2026/212368,SUB DIVISIONAL SOIL CONSERVATION OFFICER DHARAMSHALA,200000.0,,True,Rate-Card Baseline detected (Statutory Rate),MEDIUM,LEGITIMATE_RATE_CARD
DUP_EXACT_WS/MP18069/2024-2025/163035_100000,EXACT,WS/MP18069/2024-2025/163035,GRAM PANCHAYAT GAGLA DEVELOPMENT BLOCK MEHLA,100000.0,,True,Rate-Card Baseline detected (Statutory Rate),MEDIUM,LEGITIMATE_RATE_CARD
DUP_EXACT_WS/MP380/2026-2027/273253_12000,EXACT,WS/MP380/2026-2027/273253,RSS TRADERS,12000.0,,True,Rate-Card Baseline detected (Statutory Rate),MEDIUM,LEGITIMATE_RATE_CARD
DUP_EXACT_WS/MP18155/2025-2026/250837_32400,EXACT,WS/MP18155/2025-2026/250837,KANHAIYA BKO,32400.0,,True,Rate-Card Baseline detected (Statutory Rate),MEDIUM,LEGITIMATE_RATE_CARD
DUP_EXACT_WS/MP18155/2025-2026/250837_24300,EXACT,WS/MP18155/2025-2026/250837,KANHAIYA BKO,24300.0,,False,Work+Vendor+Amount+Date exact match,CRITICAL,NEW
DUP_EXACT_WS/MP18155/2025-2026/259945_40500,EXACT,WS/MP18155/2025-2026/259945,KANHAIYA BKO,40500.0,,True,Rate-Card Baseline detected (Statutory Rate),MEDIUM,LEGITIMATE_RATE_CARD
DUP_EXACT_WS/MP18278/2024-2025/137687_400000,EXACT,WS/MP18278/2024-2025/137687,SARPANCH SACHIV GRAM PANCHAYAT SULAUNI,400000.0,,True,Rate-Card Baseline detected (Statutory Rate),MEDIUM,LEGITIMATE_RATE_CARD
DUP_EXACT_WS/MP18155/2024-2025/141699_35001,EXACT,WS/MP18155/2024-2025/141699,MS SANJEEV KUMAR BKO VILL BALAGAN,35001.0,,False,Work+Vendor+Amount+Date exact match,CRITICAL,NEW
DUP_EXACT_WS/MP18069/2025-2026/239711_100000,EXACT,WS/MP18069/2025-2026/239711,GRAM PANCHAYAT BAGHNI,100000.0,,True,Rate-Card Baseline detected (Statutory Rate),MEDIUM,LEGITIMATE_RATE_CARD
DUP_EXACT_WS/MP18336/2024-2025/135507_500000,EXACT,WS/MP18336/2024-2025/135507,GRAM PANCHAYAT BHARUWADIHKALA,500000.0,,True,Rate-Card Baseline detected (Statutory Rate),MEDIUM,LEGITIMATE_RATE_CARD
DUP_EXACT_WS/MP18336/2024-2025/135505_500000,EXACT,WS/MP18336/2024-2025/135505,GRAM PANCHAYAT SONTARA,500000.0,,True,Rate-Card Baseline detected (Statutory Rate),MEDIUM,LEGITIMATE_RATE_CARD
DUP_EXACT_WS/MP18414/2026-2027/266806_125000,EXACT,WS/MP18414/2026-2027/266806,HEMANT SINGH NEGI,125000.0,,True,Rate-Card Baseline detected (Statutory Rate),MEDIUM,LEGITIMATE_RATE_CARD
DUP_EXACT_WS/MP598/2025-2026/198744_50000,EXACT,WS/MP598/2025-2026/198744,GP NEEN,50000.0,,True,Rate-Card Baseline detected (Statutory Rate),MEDIUM,LEGITIMATE_RATE_CARD
DUP_EXACT_WS/MP18107/2024-2025/163598_400000,EXACT,WS/MP18107/2024-2025/163598,ADHYAKSH GRAMKOSH SFC SIMLAWDA,400000.0,,True,Rate-Card Baseline detected (Statutory Rate),MEDIUM,LEGITIMATE_RATE_CARD
DUP_EXACT_WS/MP18278/2024-2025/134644_500000,EXACT,WS/MP18278/2024-2025/134644,GRAM PANCHAYAT SARPANCH SACHIV,500000.0,,True,Rate-Card Baseline detected (Statutory Rate),MEDIUM,LEGITIMATE_RATE_CARD
DUP_EXACT_WS/MP18278/2024-2025/134638_150000,EXACT,WS/MP18278/2024-2025/134638,GRAM PANCHAYAT SARPANCH SACHIV,150000.0,,True,Rate-Card Baseline detected (Statutory Rate),MEDIUM,LEGITIMATE_RATE_CARD
DUP_EXACT_WS/MP598/2025-2026/207207_50000,EXACT,WS/MP598/2025-2026/207207,GRAM PANCHAYAT BARTHATA,50000.0,,True,Rate-Card Baseline detected (Statutory Rate),MEDIUM,LEGITIMATE_RATE_CARD
DUP_EXACT_WS/MP598/2025-2026/207214_50000,EXACT,WS/MP598/2025-2026/207214,GRAM PANCHAYAT BARTHATA,50000.0,,True,Rate-Card Baseline detected (Statutory Rate),MEDIUM,LEGITIMATE_RATE_CARD
DUP_EXACT_WS/MP598/2025-2026/207213_50000,EXACT,WS/MP598/2025-2026/207213,GRAM PANCHAYAT MANDAL,50000.0,,True,Rate-Card Baseline detected (Statutory Rate),MEDIUM,LEGITIMATE_RATE_CARD
DUP_EXACT_WS/MP598/2025-2026/207217_50000,EXACT,WS/MP598/2025-2026/207217,GRAM PANCHAYAT NANDPUR,50000.0,,True,Rate-Card Baseline detected (Statutory Rate),MEDIUM,LEGITIMATE_RATE_CARD
DUP_EXACT_WS/MP18107/2024-2025/163607_100000,EXACT,WS/MP18107/2024-2025/163607,GP AMBAPADA KALA,100000.0,,True,Rate-Card Baseline detected (Statutory Rate),MEDIUM,LEGITIMATE_RATE_CARD
DUP_EXACT_WS/MP18156/2025-2026/213120_41000,EXACT,WS/MP18156/2025-2026/213120,VINOD KUMAR AND COMPANY,41000.0,,True,Rate-Card Baseline detected (Statutory Rate),MEDIUM,LEGITIMATE_RATE_CARD
DUP_EXACT_WS/MP568/2025-2026/183914_600000,EXACT,WS/MP568/2025-2026/183914,GRAM PANCHAYAT MURMUNDA,600000.0,,True,Rate-Card Baseline detected (Statutory Rate),MEDIUM,LEGITIMATE_RATE_CARD
DUP_EXACT_WS/MP18311/2025-2026/219422_75000,EXACT,WS/MP18311/2025-2026/219422,JAI SHREE CONSTRUCTIONS,75000.0,,True,Rate-Card Baseline detected (Statutory Rate),MEDIUM,LEGITIMATE_RATE_CARD
DUP_EXACT_WS/MP18158/2025-2026/238957_32648,EXACT,WS/MP18158/2025-2026/238957,MS JINDAL BKO,32648.0,,True,Rate-Card Baseline detected (Statutory Rate),MEDIUM,LEGITIMATE_RATE_CARD
DUP_EXACT_WS/MP18062/2025-2026/202982_49560,EXACT,WS/MP18062/2025-2026/202982,SHRI SHYAM TRADERS,49560.0,,True,Rate-Card Baseline detected (Statutory Rate),MEDIUM,LEGITIMATE_RATE_CARD
DUP_EXACT_WS/MP18062/2025-2026/202982_49324,EXACT,WS/MP18062/2025-2026/202982,SHRI SHYAM TRADERS,49324.0,,False,Work+Vendor+Amount+Date exact match,CRITICAL,NEW
DUP_EXACT_WS/MP18069/2025-2026/211759_225000,EXACT,WS/MP18069/2025-2026/211759,BDO SULAH,225000.0,,True,Rate-Card Baseline detected (Statutory Rate),MEDIUM,LEGITIMATE_RATE_CARD
DUP_EXACT_WS/MP18328/2024-2025/149980_200000,EXACT,WS/MP18328/2024-2025/149980,G P POOLAN,200000.0,,True,Rate-Card Baseline detected (Statutory Rate),MEDIUM,LEGITIMATE_RATE_CARD
DUP_EXACT_WS/MP18328/2025-2026/191719_100000,EXACT,WS/MP18328/2025-2026/191719,GRAM PANCHAYAT JAROL,100000.0,,True,Rate-Card Baseline detected (Statutory Rate),MEDIUM,LEGITIMATE_RATE_CARD
DUP_EXACT_WS/MP640/2024-2025/165668_250000,EXACT,WS/MP640/2024-2025/165668,GRAM PANCHAYAT MADOGARH,250000.0,,True,Rate-Card Baseline detected (Statutory Rate),MEDIUM,LEGITIMATE_RATE_CARD
DUP_EXACT_WS/MP429/2025-2026/145580_150000,EXACT,WS/MP429/2025-2026/145580,GRAM PANCHAYAT BANJARIDAND,150000.0,,True,Rate-Card Baseline detected (Statutory Rate),MEDIUM,LEGITIMATE_RATE_CARD
DUP_EXACT_WS/MP568/2025-2026/164594_50000,EXACT,WS/MP568/2025-2026/164594,GYAN GANGA,50000.0,,True,Rate-Card Baseline detected (Statutory Rate),MEDIUM,LEGITIMATE_RATE_CARD
DUP_EXACT_WS/MP568/2025-2026/164599_50000,EXACT,WS/MP568/2025-2026/164599,GYAN GANGA,50000.0,,True,Rate-Card Baseline detected (Statutory Rate),MEDIUM,LEGITIMATE_RATE_CARD
DUP_EXACT_WS/MP568/2025-2026/164602_50000,EXACT,WS/MP568/2025-2026/164602,GYAN GANGA,50000.0,,True,Rate-Card Baseline detected (Statutory Rate),MEDIUM,LEGITIMATE_RATE_CARD
DUP_EXACT_WS/MP568/2025-2026/164597_50000,EXACT,WS/MP568/2025-2026/164597,GYAN GANGA,50000.0,,True,Rate-Card Baseline detected (Statutory Rate),MEDIUM,LEGITIMATE_RATE_CARD
DUP_EXACT_WS/MP568/2025-2026/164603_50000,EXACT,WS/MP568/2025-2026/164603,GYAN GANGA,50000.0,,True,Rate-Card Baseline detected (Statutory Rate),MEDIUM,LEGITIMATE_RATE_CARD
DUP_EXACT_WS/MP568/2025-2026/164589_50000,EXACT,WS/MP568/2025-2026/164589,GYAN GANGA,50000.0,,True,Rate-Card Baseline detected (Statutory Rate),MEDIUM,LEGITIMATE_RATE_CARD
DUP_EXACT_WS/MP568/2025-2026/164600_50000,EXACT,WS/MP568/2025-2026/164600,GYAN GANGA,50000.0,,True,Rate-Card Baseline detected (Statutory Rate),MEDIUM,LEGITIMATE_RATE_CARD
DUP_EXACT_WS/MP568/2025-2026/164601_50000,EXACT,WS/MP568/2025-2026/164601,GYAN GANGA,50000.0,,True,Rate-Card Baseline detected (Statutory Rate),MEDIUM,LEGITIMATE_RATE_CARD
DUP_EXACT_WS/MP568/2025-2026/164598_50000,EXACT,WS/MP568/2025-2026/164598,GYAN GANGA,50000.0,,True,Rate-Card Baseline detected (Statutory Rate),MEDIUM,LEGITIMATE_RATE_CARD
DUP_EXACT_WS/MP568/2025-2026/164610_50000,EXACT,WS/MP568/2025-2026/164610,GYAN GANGA,50000.0,,True,Rate-Card Baseline detected (Statutory Rate),MEDIUM,LEGITIMATE_RATE_CARD
DUP_EXACT_WS/MP568/2025-2026/164593_50000,EXACT,WS/MP568/2025-2026/164593,GYAN GANGA,50000.0,,True,Rate-Card Baseline detected (Statutory Rate),MEDIUM,LEGITIMATE_RATE_CARD
DUP_EXACT_WS/MP568/2025-2026/164591_50000,EXACT,WS/MP568/2025-2026/164591,GYAN GANGA,50000.0,,True,Rate-Card Baseline detected (Statutory Rate),MEDIUM,LEGITIMATE_RATE_CARD
DUP_EXACT_WS/MP568/2025-2026/164592_50000,EXACT,WS/MP568/2025-2026/164592,GYAN GANGA,50000.0,,True,Rate-Card Baseline detected (Statutory Rate),MEDIUM,LEGITIMATE_RATE_CARD
DUP_EXACT_WS/MP568/2025-2026/164596_50000,EXACT,WS/MP568/2025-2026/164596,GYAN GANGA,50000.0,,True,Rate-Card Baseline detected (Statutory Rate),MEDIUM,LEGITIMATE_RATE_CARD
DUP_EXACT_WS/MP568/2025-2026/164590_50000,EXACT,WS/MP568/2025-2026/164590,GYAN GANGA,50000.0,,True,Rate-Card Baseline detected (Statutory Rate),MEDIUM,LEGITIMATE_RATE_CARD
DUP_EXACT_WS/MP568/2025-2026/164623_50000,EXACT,WS/MP568/2025-2026/164623,GYAN GANGA,50000.0,,True,Rate-Card Baseline detected (Statutory Rate),MEDIUM,LEGITIMATE_RATE_CARD
DUP_EXACT_WS/MP568/2025-2026/164625_50000,EXACT,WS/MP568/2025-2026/164625,GYAN GANGA,50000.0,,True,Rate-Card Baseline detected (Statutory Rate),MEDIUM,LEGITIMATE_RATE_CARD
DUP_EXACT_WS/MP568/2025-2026/164614_50000,EXACT,WS/MP568/2025-2026/164614,GYAN GANGA,50000.0,,True,Rate-Card Baseline detected (Statutory Rate),MEDIUM,LEGITIMATE_RATE_CARD
DUP_EXACT_WS/MP568/2025-2026/164624_50000,EXACT,WS/MP568/2025-2026/164624,GYAN GANGA,50000.0,,True,Rate-Card Baseline detected (Statutory Rate),MEDIUM,LEGITIMATE_RATE_CARD
DUP_EXACT_WS/MP568/2025-2026/164620_50000,EXACT,WS/MP568/2025-2026/164620,GYAN GANGA,50000.0,,True,Rate-Card Baseline detected (Statutory Rate),MEDIUM,LEGITIMATE_RATE_CARD
DUP_EXACT_WS/MP568/2025-2026/164622_50000,EXACT,WS/MP568/2025-2026/164622,GYAN GANGA,50000.0,,True,Rate-Card Baseline detected (Statutory Rate),MEDIUM,LEGITIMATE_RATE_CARD
DUP_EXACT_WS/MP568/2025-2026/164621_50000,EXACT,WS/MP568/2025-2026/164621,GYAN GANGA,50000.0,,True,Rate-Card Baseline detected (Statutory Rate),MEDIUM,LEGITIMATE_RATE_CARD
DUP_EXACT_WS/MP568/2025-2026/164619_50000,EXACT,WS/MP568/2025-2026/164619,GYAN GANGA,50000.0,,True,Rate-Card Baseline detected (Statutory Rate),MEDIUM,LEGITIMATE_RATE_CARD
DUP_EXACT_WS/MP568/2025-2026/164628_50000,EXACT,WS/MP568/2025-2026/164628,GYAN GANGA,50000.0,,True,Rate-Card Baseline detected (Statutory Rate),MEDIUM,LEGITIMATE_RATE_CARD
DUP_EXACT_WS/MP568/2025-2026/164612_50000,EXACT,WS/MP568/2025-2026/164612,GYAN GANGA,50000.0,,True,Rate-Card Baseline detected (Statutory Rate),MEDIUM,LEGITIMATE_RATE_CARD
DUP_EXACT_WS/MP568/2025-2026/164611_50000,EXACT,WS/MP568/2025-2026/164611,GYAN GANGA,50000.0,,True,Rate-Card Baseline detected (Statutory Rate),MEDIUM,LEGITIMATE_RATE_CARD
DUP_EXACT_WS/MP568/2025-2026/164613_50000,EXACT,WS/MP568/2025-2026/164613,GYAN GANGA,50000.0,,True,Rate-Card Baseline detected (Statutory Rate),MEDIUM,LEGITIMATE_RATE_CARD
DUP_EXACT_WS/MP568/2025-2026/164615_50000,EXACT,WS/MP568/2025-2026/164615,GYAN GANGA,50000.0,,True,Rate-Card Baseline detected (Statutory Rate),MEDIUM,LEGITIMATE_RATE_CARD
DUP_EXACT_WS/MP568/2025-2026/164604_50000,EXACT,WS/MP568/2025-2026/164604,GYAN GANGA,50000.0,,True,Rate-Card Baseline detected (Statutory Rate),MEDIUM,LEGITIMATE_RATE_CARD
DUP_EXACT_WS/MP568/2025-2026/164618_50000,EXACT,WS/MP568/2025-2026/164618,GYAN GANGA,50000.0,,True,Rate-Card Baseline detected (Statutory Rate),MEDIUM,LEGITIMATE_RATE_CARD
DUP_EXACT_WS/MP568/2025-2026/164617_50000,EXACT,WS/MP568/2025-2026/164617,GYAN GANGA,50000.0,,True,Rate-Card Baseline detected (Statutory Rate),MEDIUM,LEGITIMATE_RATE_CARD
DUP_EXACT_WS/MP568/2025-2026/164608_50000,EXACT,WS/MP568/2025-2026/164608,GYAN GANGA,50000.0,,True,Rate-Card Baseline detected (Statutory Rate),MEDIUM,LEGITIMATE_RATE_CARD
DUP_EXACT_WS/MP568/2025-2026/164607_50000,EXACT,WS/MP568/2025-2026/164607,GYAN GANGA,50000.0,,True,Rate-Card Baseline detected (Statutory Rate),MEDIUM,LEGITIMATE_RATE_CARD
DUP_EXACT_WS/MP568/2025-2026/164605_50000,EXACT,WS/MP568/2025-2026/164605,GYAN GANGA,50000.0,,True,Rate-Card Baseline detected (Statutory Rate),MEDIUM,LEGITIMATE_RATE_CARD
DUP_EXACT_WS/MP568/2025-2026/164627_50000,EXACT,WS/MP568/2025-2026/164627,GYAN GANGA,50000.0,,True,Rate-Card Baseline detected (Statutory Rate),MEDIUM,LEGITIMATE_RATE_CARD
DUP_EXACT_WS/MP568/2025-2026/164626_50000,EXACT,WS/MP568/2025-2026/164626,GYAN GANGA,50000.0,,True,Rate-Card Baseline detected (Statutory Rate),MEDIUM,LEGITIMATE_RATE_CARD
DUP_EXACT_WS/MP568/2025-2026/164606_50000,EXACT,WS/MP568/2025-2026/164606,GYAN GANGA,50000.0,,True,Rate-Card Baseline detected (Statutory Rate),MEDIUM,LEGITIMATE_RATE_CARD
DUP_EXACT_WS/MP568/2025-2026/164595_50000,EXACT,WS/MP568/2025-2026/164595,GYAN GANGA,50000.0,,True,Rate-Card Baseline detected (Statutory Rate),MEDIUM,LEGITIMATE_RATE_CARD
DUP_EXACT_WS/MP568/2025-2026/164616_50000,EXACT,WS/MP568/2025-2026/164616,GYAN GANGA,50000.0,,True,Rate-Card Baseline detected (Statutory Rate),MEDIUM,LEGITIMATE_RATE_CARD
DUP_EXACT_WS/MP18069/2025-2026/212392_350000,EXACT,WS/MP18069/2025-2026/212392,GP SAROL,350000.0,,True,Rate-Card Baseline detected (Statutory Rate),MEDIUM,LEGITIMATE_RATE_CARD
DUP_EXACT_WS/MP18069/2025-2026/171762_100000,EXACT,WS/MP18069/2025-2026/171762,GP KILOD,100000.0,,True,Rate-Card Baseline detected (Statutory Rate),MEDIUM,LEGITIMATE_RATE_CARD
DUP_EXACT_WS/MP18069/2025-2026/171773_75000,EXACT,WS/MP18069/2025-2026/171773,GP KILOD,75000.0,,True,Rate-Card Baseline detected (Statutory Rate),MEDIUM,LEGITIMATE_RATE_CARD
DUP_EXACT_WS/MP18309/2025-2026/251784_250000,EXACT,WS/MP18309/2025-2026/251784,FR JIMBERT K MARAK,250000.0,,True,Rate-Card Baseline detected (Statutory Rate),MEDIUM,LEGITIMATE_RATE_CARD
DUP_EXACT_WS/MP18069/2025-2026/171770_100000,EXACT,WS/MP18069/2025-2026/171770,GP SALOONI,100000.0,,True,Rate-Card Baseline detected (Statutory Rate),MEDIUM,LEGITIMATE_RATE_CARD
DUP_EXACT_WS/MP716/2025-2026/226779_43750,EXACT,WS/MP716/2025-2026/226779,KSS ENTERPRISES,43750.0,,False,Work+Vendor+Amount+Date exact match,CRITICAL,NEW
DUP_EXACT_WS/MP716/2025-2026/210115_47500,EXACT,WS/MP716/2025-2026/210115,KSS ENTERPRISES,47500.0,,True,Rate-Card Baseline detected (Statutory Rate),MEDIUM,LEGITIMATE_RATE_CARD
DUP_EXACT_WS/MP716/2025-2026/210116_48450,EXACT,WS/MP716/2025-2026/210116,KSS ENTERPRISES,48450.0,,False,Work+Vendor+Amount+Date exact match,CRITICAL,NEW
DUP_EXACT_WS/MP716/2025-2026/210114_47790,EXACT,WS/MP716/2025-2026/210114,KSS ENTERPRISES,47790.0,,False,Work+Vendor+Amount+Date exact match,CRITICAL,NEW
DUP_EXACT_WS/MP18100/2024-2025/176863_500000,EXACT,WS/MP18100/2024-2025/176863,SARPANCH GP HARANBHATA,500000.0,,True,Rate-Card Baseline detected (Statutory Rate),MEDIUM,LEGITIMATE_RATE_CARD
DUP_EXACT_WS/MP18100/2025-2026/195609_200000,EXACT,WS/MP18100/2025-2026/195609,SARPANCH GP RIDHORA,200000.0,,True,Rate-Card Baseline detected (Statutory Rate),MEDIUM,LEGITIMATE_RATE_CARD
DUP_EXACT_WS/MP18069/2025-2026/165828_100000,EXACT,WS/MP18069/2025-2026/165828,GP SANOOH,100000.0,,True,Rate-Card Baseline detected (Statutory Rate),MEDIUM,LEGITIMATE_RATE_CARD
DUP_EXACT_WS/MP18278/2025-2026/221477_250000,EXACT,WS/MP18278/2025-2026/221477,GRAM PANCHAYAT RIKOTAR,250000.0,,True,Rate-Card Baseline detected (Statutory Rate),MEDIUM,LEGITIMATE_RATE_CARD
DUP_EXACT_WS/MP541/2025-2026/215070_250000,EXACT,WS/MP541/2025-2026/215070,MIR ROUJUDDIN AHMED,250000.0,,True,Rate-Card Baseline detected (Statutory Rate),MEDIUM,LEGITIMATE_RATE_CARD
DUP_EXACT_WS/MP541/2025-2026/203611_120000,EXACT,WS/MP541/2025-2026/203611,MIR ROUJUDDIN AHMED,120000.0,,True,Rate-Card Baseline detected (Statutory Rate),MEDIUM,LEGITIMATE_RATE_CARD
DUP_EXACT_WS/MP541/2025-2026/215068_125000,EXACT,WS/MP541/2025-2026/215068,MIR ROUJUDDIN AHMED,125000.0,,True,Rate-Card Baseline detected (Statutory Rate),MEDIUM,LEGITIMATE_RATE_CARD
DUP_EXACT_WS/MP541/2025-2026/214798_75000,EXACT,WS/MP541/2025-2026/214798,MIR ROUJUDDIN AHMED,75000.0,,True,Rate-Card Baseline detected (Statutory Rate),MEDIUM,LEGITIMATE_RATE_CARD
DUP_EXACT_WS/MP541/2025-2026/215006_125000,EXACT,WS/MP541/2025-2026/215006,MIR ROUJUDDIN AHMED,125000.0,,True,Rate-Card Baseline detected (Statutory Rate),MEDIUM,LEGITIMATE_RATE_CARD
DUP_EXACT_WS/MP541/2025-2026/163421_125000,EXACT,WS/MP541/2025-2026/163421,MIR ROUJUDDIN AHMED,125000.0,,True,Rate-Card Baseline detected (Statutory Rate),MEDIUM,LEGITIMATE_RATE_CARD
DUP_EXACT_WS/MP541/2025-2026/172383_250000,EXACT,WS/MP541/2025-2026/172383,MIR ROUJUDDIN AHMED,250000.0,,True,Rate-Card Baseline detected (Statutory Rate),MEDIUM,LEGITIMATE_RATE_CARD
DUP_EXACT_WS/MP18158/2025-2026/176982_37500,EXACT,WS/MP18158/2025-2026/176982,DHARAM PAUL BKO,37500.0,,True,Rate-Card Baseline detected (Statutory Rate),MEDIUM,LEGITIMATE_RATE_CARD
DUP_EXACT_WS/MP360/2025-2026/167152_500000,EXACT,WS/MP360/2025-2026/167152,SHREE SALASAR BALAJI DEVELOPERS AND CONSTRUCTION HARSHAL SETHIA,500000.0,,True,Rate-Card Baseline detected (Statutory Rate),MEDIUM,LEGITIMATE_RATE_CARD
DUP_EXACT_WS/MP18203/2025-2026/231652_254408,EXACT,WS/MP18203/2025-2026/231652,PENTASTAR POWERCON PRIVATE LIMITED,254408.0,,False,Work+Vendor+Amount+Date exact match,CRITICAL,NEW
DUP_EXACT_WS/MP18203/2025-2026/231653_226124,EXACT,WS/MP18203/2025-2026/231653,PENTASTAR POWERCON PRIVATE LIMITED,226124.0,,False,Work+Vendor+Amount+Date exact match,CRITICAL,NEW
DUP_EXACT_WS/MP18203/2025-2026/204861_227304,EXACT,WS/MP18203/2025-2026/204861,PENTASTAR POWERCON PRIVATE LIMITED,227304.0,,False,Work+Vendor+Amount+Date exact match,CRITICAL,NEW
DUP_EXACT_WS/MP429/2024-2025/141157_175000,EXACT,WS/MP429/2024-2025/141157,GRAM PANCHAYAT PAHADGAON,175000.0,,True,Rate-Card Baseline detected (Statutory Rate),MEDIUM,LEGITIMATE_RATE_CARD
DUP_EXACT_WS/MP432/2024-2025/174088_62500,EXACT,WS/MP432/2024-2025/174088,BDO DEHRA LOK SABHA,62500.0,,True,Rate-Card Baseline detected (Statutory Rate),MEDIUM,LEGITIMATE_RATE_CARD
DUP_EXACT_WS/MP18104/2025-2026/229804_75000,EXACT,WS/MP18104/2025-2026/229804,SARPANCH SACHIV GRAM PANCHAYAT TEKAPAR,75000.0,,True,Rate-Card Baseline detected (Statutory Rate),MEDIUM,LEGITIMATE_RATE_CARD
DUP_EXACT_WS/MP243/2024-2025/150046_299513,EXACT,WS/MP243/2024-2025/150046,S K ENTERPRISE,299513.0,,False,Work+Vendor+Amount+Date exact match,CRITICAL,NEW
DUP_EXACT_WS/MP18047/2025-2026/207469_2986,EXACT,WS/MP18047/2025-2026/207469,THE TRIBUNE TRUST,2986.0,,False,Work+Vendor+Amount+Date exact match,CRITICAL,NEW
DUP_EXACT_WS/MP380/2025-2026/199112_10800,EXACT,WS/MP380/2025-2026/199112,JASWINDER SINGH MISTRY,10800.0,,True,Rate-Card Baseline detected (Statutory Rate),MEDIUM,LEGITIMATE_RATE_CARD
DUP_EXACT_WS/MP18158/2025-2026/196428_42975,EXACT,WS/MP18158/2025-2026/196428,ANTTAL TILE INDUSTRIES,42975.0,,False,Work+Vendor+Amount+Date exact match,CRITICAL,NEW
DUP_EXACT_WS/MP18157/2024-2025/172486_41405,EXACT,WS/MP18157/2024-2025/172486,SAHIL TILE INDUSTRIES,41405.0,,False,Work+Vendor+Amount+Date exact match,CRITICAL,NEW
DUP_EXACT_WS/MP334/2024-2025/144889_149710,EXACT,WS/MP334/2024-2025/144889,EXECUTIVE ENGINER NREP GIRIDIH,149710.0,,False,Work+Vendor+Amount+Date exact match,CRITICAL,NEW
DUP_EXACT_WS/MP716/2025-2026/210356_114600,EXACT,WS/MP716/2025-2026/210356,VARINDER KUMAR CONTRACTOR,114600.0,,False,Work+Vendor+Amount+Date exact match,CRITICAL,NEW
DUP_EXACT_WS/MP716/2025-2026/210346_30000,EXACT,WS/MP716/2025-2026/210346,GURU NANAK BRICKS INDUSTRIES,30000.0,,True,Rate-Card Baseline detected (Statutory Rate),MEDIUM,LEGITIMATE_RATE_CARD
DUP_EXACT_WS/	 MP655/2025-2026/208528_99802,EXACT,WS/	 MP655/2025-2026/208528,M P STATE AGRO INDUSTRIES DEV CORP LTD,99802.0,,False,Work+Vendor+Amount+Date exact match,CRITICAL,NEW
DUP_EXACT_WS/	 MP655/2025-2026/208526_99802,EXACT,WS/	 MP655/2025-2026/208526,M P STATE AGRO INDUSTRIES DEV CORP LTD,99802.0,,False,Work+Vendor+Amount+Date exact match,CRITICAL,NEW
DUP_EXACT_WS/	 MP655/2025-2026/208529_99802,EXACT,WS/	 MP655/2025-2026/208529,M P STATE AGRO INDUSTRIES DEV CORP LTD,99802.0,,False,Work+Vendor+Amount+Date exact match,CRITICAL,NEW
DUP_EXACT_WS/	 MP655/2025-2026/208531_99802,EXACT,WS/	 MP655/2025-2026/208531,M P STATE AGRO INDUSTRIES DEV CORP LTD,99802.0,,False,Work+Vendor+Amount+Date exact match,CRITICAL,NEW
DUP_EXACT_WS/	 MP655/2025-2026/225191_99802,EXACT,WS/	 MP655/2025-2026/225191,M P STATE AGRO INDUSTRIES DEV CORP LTD,99802.0,,False,Work+Vendor+Amount+Date exact match,CRITICAL,NEW
DUP_EXACT_WS/	 MP655/2025-2026/208532_99802,EXACT,WS/	 MP655/2025-2026/208532,M P STATE AGRO INDUSTRIES DEV CORP LTD,99802.0,,False,Work+Vendor+Amount+Date exact match,CRITICAL,NEW
DUP_EXACT_WS/	 MP655/2025-2026/208525_99802,EXACT,WS/	 MP655/2025-2026/208525,M P STATE AGRO INDUSTRIES DEV CORP LTD,99802.0,,False,Work+Vendor+Amount+Date exact match,CRITICAL,NEW
DUP_EXACT_WS/	 MP655/2025-2026/208524_99802,EXACT,WS/	 MP655/2025-2026/208524,M P STATE AGRO INDUSTRIES DEV CORP LTD,99802.0,,False,Work+Vendor+Amount+Date exact match,CRITICAL,NEW
DUP_EXACT_WS/	 MP655/2025-2026/208530_99802,EXACT,WS/	 MP655/2025-2026/208530,M P STATE AGRO INDUSTRIES DEV CORP LTD,99802.0,,False,Work+Vendor+Amount+Date exact match,CRITICAL,NEW
DUP_EXACT_WS/	 MP655/2025-2026/225192_99802,EXACT,WS/	 MP655/2025-2026/225192,M P STATE AGRO INDUSTRIES DEV CORP LTD,99802.0,,False,Work+Vendor+Amount+Date exact match,CRITICAL,NEW
DUP_EXACT_WS/	 MP655/2025-2026/208533_99802,EXACT,WS/	 MP655/2025-2026/208533,M P STATE AGRO INDUSTRIES DEV CORP LTD,99802.0,,False,Work+Vendor+Amount+Date exact match,CRITICAL,NEW
DUP_EXACT_WS/	 MP655/2025-2026/208527_99802,EXACT,WS/	 MP655/2025-2026/208527,M P STATE AGRO INDUSTRIES DEV CORP LTD,99802.0,,False,Work+Vendor+Amount+Date exact match,CRITICAL,NEW
DUP_EXACT_WS/MP598/2025-2026/176065_100000,EXACT,WS/MP598/2025-2026/176065,GRAM PANCHAYAT PALION,100000.0,,True,Rate-Card Baseline detected (Statutory Rate),MEDIUM,LEGITIMATE_RATE_CARD
DUP_EXACT_WS/MP598/2024-2025/146970_100000,EXACT,WS/MP598/2024-2025/146970,GRAM PANCHAYAT PALION,100000.0,,True,Rate-Card Baseline detected (Statutory Rate),MEDIUM,LEGITIMATE_RATE_CARD
DUP_EXACT_WS/MP640/2024-2025/165580_100000,EXACT,WS/MP640/2024-2025/165580,GRAM PANCHAYAT KARELIKALA,100000.0,,True,Rate-Card Baseline detected (Statutory Rate),MEDIUM,LEGITIMATE_RATE_CARD
DUP_EXACT_WS/MP360/2025-2026/214349_250000,EXACT,WS/MP360/2025-2026/214349,MORIYA,250000.0,,True,Rate-Card Baseline detected (Statutory Rate),MEDIUM,LEGITIMATE_RATE_CARD
DUP_EXACT_WS/MP568/2025-2026/210325_500000,EXACT,WS/MP568/2025-2026/210325,GRAM PANCHAYAT BORI,500000.0,,True,Rate-Card Baseline detected (Statutory Rate),MEDIUM,LEGITIMATE_RATE_CARD
DUP_EXACT_WS/MP18152/2025-2026/218985_48300,EXACT,WS/MP18152/2025-2026/218985,JINDAL BRICKS COMPANY,48300.0,,True,Rate-Card Baseline detected (Statutory Rate),MEDIUM,LEGITIMATE_RATE_CARD
DUP_EXACT_WS/MP18069/2025-2026/216950_200000,EXACT,WS/MP18069/2025-2026/216950,MP FUND LOK SABHA DEV BLOCK RAIT,200000.0,,True,Rate-Card Baseline detected (Statutory Rate),MEDIUM,LEGITIMATE_RATE_CARD
DUP_EXACT_WS/MP18158/2025-2026/204090_35500,EXACT,WS/MP18158/2025-2026/204090,PREM CHAND HARBHAJAN LAL,35500.0,,True,Rate-Card Baseline detected (Statutory Rate),MEDIUM,LEGITIMATE_RATE_CARD
DUP_EXACT_WS/MP18152/2025-2026/220395_35500,EXACT,WS/MP18152/2025-2026/220395,PREM CHAND HARBHAJAN LAL,35500.0,,True,Rate-Card Baseline detected (Statutory Rate),MEDIUM,LEGITIMATE_RATE_CARD
DUP_EXACT_WS/MP18158/2025-2026/223970_22200,EXACT,WS/MP18158/2025-2026/223970,PARVEEN KUMAR BKO,22200.0,,True,Rate-Card Baseline detected (Statutory Rate),MEDIUM,LEGITIMATE_RATE_CARD
DUP_EXACT_WS/MP313/2025-2026/225972_433338,EXACT,WS/MP313/2025-2026/225972,BKM ENTERPRISES,433338.0,,False,Work+Vendor+Amount+Date exact match,CRITICAL,NEW
DUP_EXACT_WS/MP18069/2024-2025/163015_100000,EXACT,WS/MP18069/2024-2025/163015,GP KIRI,100000.0,,True,Rate-Card Baseline detected (Statutory Rate),MEDIUM,LEGITIMATE_RATE_CARD
DUP_EXACT_WS/MP18069/2025-2026/211613_125000,EXACT,WS/MP18069/2025-2026/211613,GP KIRI,125000.0,,True,Rate-Card Baseline detected (Statutory Rate),MEDIUM,LEGITIMATE_RATE_CARD
DUP_EXACT_WS/MP18336/2025-2026/184891_300000,EXACT,WS/MP18336/2025-2026/184891,GRAM PANCHAYAT BHANDARPURI,300000.0,,True,Rate-Card Baseline detected (Statutory Rate),MEDIUM,LEGITIMATE_RATE_CARD
DUP_EXACT_WS/MP18107/2025-2026/178619_249000,EXACT,WS/MP18107/2025-2026/178619,GRAM PANCHAYAT GADWADA,249000.0,,True,Rate-Card Baseline detected (Statutory Rate),MEDIUM,LEGITIMATE_RATE_CARD
DUP_EXACT_WS/MP429/2025-2026/211548_300000,EXACT,WS/MP429/2025-2026/211548,GRAM PANCHAYAT KALGAMAR,300000.0,,True,Rate-Card Baseline detected (Statutory Rate),MEDIUM,LEGITIMATE_RATE_CARD
DUP_EXACT_WS/MP18138/2025-2026/229937_150000,EXACT,WS/MP18138/2025-2026/229937,VC SIHPHIR,150000.0,,True,Rate-Card Baseline detected (Statutory Rate),MEDIUM,LEGITIMATE_RATE_CARD
DUP_EXACT_WS/MP18158/2025-2026/204090_39000,EXACT,WS/MP18158/2025-2026/204090,SINGLA ENTERPRISES,39000.0,,True,Rate-Card Baseline detected (Statutory Rate),MEDIUM,LEGITIMATE_RATE_CARD
DUP_EXACT_WS/MP18152/2024-2025/141888_35400,EXACT,WS/MP18152/2024-2025/141888,MS MANUKE BRICK IND,35400.0,,True,Rate-Card Baseline detected (Statutory Rate),MEDIUM,LEGITIMATE_RATE_CARD
DUP_EXACT_WS/MP18152/2024-2025/141888_38350,EXACT,WS/MP18152/2024-2025/141888,MS MANUKE BRICK IND,38350.0,,True,Rate-Card Baseline detected (Statutory Rate),MEDIUM,LEGITIMATE_RATE_CARD
DUP_EXACT_WS/MP18138/2025-2026/229938_750000,EXACT,WS/MP18138/2025-2026/229938,TUIKUAL SOUTH LOCAL COUNCIL,750000.0,,True,Rate-Card Baseline detected (Statutory Rate),MEDIUM,LEGITIMATE_RATE_CARD
DUP_EXACT_WS/MP18138/2025-2026/218573_750000,EXACT,WS/MP18138/2025-2026/218573,THUTAK NUNPUITU TEAM,750000.0,,True,Rate-Card Baseline detected (Statutory Rate),MEDIUM,LEGITIMATE_RATE_CARD
DUP_EXACT_WS/MP429/2024-2025/156838_150000,EXACT,WS/MP429/2024-2025/156838,SARPANCH OF GRAM PANCHAYAT BANDHAKHAR,150000.0,,True,Rate-Card Baseline detected (Statutory Rate),MEDIUM,LEGITIMATE_RATE_CARD
DUP_EXACT_WS/MP18155/2025-2026/183803_47562,EXACT,WS/MP18155/2025-2026/183803,AJ BRICK KILN,47562.0,,False,Work+Vendor+Amount+Date exact match,CRITICAL,NEW
DUP_EXACT_WS/MP641/2024-2025/133919_100000,EXACT,WS/MP641/2024-2025/133919,NAGAR PARISHAD ANJAD,100000.0,,True,Rate-Card Baseline detected (Statutory Rate),MEDIUM,LEGITIMATE_RATE_CARD
DUP_EXACT_WS/MP18155/2024-2025/141702_47408,EXACT,WS/MP18155/2024-2025/141702,GOODWILL ASSOCIATES,47408.0,,False,Work+Vendor+Amount+Date exact match,CRITICAL,NEW
DUP_EXACT_WS/MP360/2025-2026/211340_400000,EXACT,WS/MP360/2025-2026/211340,DOLATGUNG,400000.0,,True,Rate-Card Baseline detected (Statutory Rate),MEDIUM,LEGITIMATE_RATE_CARD
DUP_EXACT_WS/MP18336/2024-2025/135508_500000,EXACT,WS/MP18336/2024-2025/135508,GRAM PANCHAYAT  KAPSDA,500000.0,,True,Rate-Card Baseline detected (Statutory Rate),MEDIUM,LEGITIMATE_RATE_CARD
DUP_EXACT_WS/MP360/2025-2026/211334_250000,EXACT,WS/MP360/2025-2026/211334,TAJKHEDA,250000.0,,True,Rate-Card Baseline detected (Statutory Rate),MEDIUM,LEGITIMATE_RATE_CARD
DUP_EXACT_WS/MP18102/2025-2026/198459_500000,EXACT,WS/MP18102/2025-2026/198459,GRAM PANCHAYAT NAGDA JANPAD PANCHAYAT BADNAWAR,500000.0,,True,Rate-Card Baseline detected (Statutory Rate),MEDIUM,LEGITIMATE_RATE_CARD
DUP_EXACT_WS/MP643/2024-2025/146413_125000,EXACT,WS/MP643/2024-2025/146413,JP ZIRNIYA,125000.0,,True,Rate-Card Baseline detected (Statutory Rate),MEDIUM,LEGITIMATE_RATE_CARD
DUP_EXACT_WS/MP643/2025-2026/228708_150000,EXACT,WS/MP643/2025-2026/228708,JP ZIRNIYA,150000.0,,True,Rate-Card Baseline detected (Statutory Rate),MEDIUM,LEGITIMATE_RATE_CARD
DUP_EXACT_WS/MP640/2024-2025/165656_75000,EXACT,WS/MP640/2024-2025/165656,GRAM PANCHAYAT AKOLA,75000.0,,True,Rate-Card Baseline detected (Statutory Rate),MEDIUM,LEGITIMATE_RATE_CARD
DUP_EXACT_WS/MP640/2025-2026/165660_75000,EXACT,WS/MP640/2025-2026/165660,GRAM PANCHAYAT BUDGAON,75000.0,,True,Rate-Card Baseline detected (Statutory Rate),MEDIUM,LEGITIMATE_RATE_CARD
DUP_EXACT_WS/MP18104/2025-2026/211615_75000,EXACT,WS/MP18104/2025-2026/211615,SACHIV GRAM PANCHAYAT BADODIA KALA,75000.0,,True,Rate-Card Baseline detected (Statutory Rate),MEDIUM,LEGITIMATE_RATE_CARD
DUP_EXACT_WS/MP640/2024-2025/165667_100000,EXACT,WS/MP640/2024-2025/165667,GRAM PANCHAYAT MAGARDHA SHED,100000.0,,True,Rate-Card Baseline detected (Statutory Rate),MEDIUM,LEGITIMATE_RATE_CARD
DUP_EXACT_WS/MP18069/2025-2026/211937_100000,EXACT,WS/MP18069/2025-2026/211937,BDO KANGRA,100000.0,,True,Rate-Card Baseline detected (Statutory Rate),MEDIUM,LEGITIMATE_RATE_CARD
DUP_EXACT_WS/MP18069/2025-2026/211939_100000,EXACT,WS/MP18069/2025-2026/211939,BDO KANGRA,100000.0,,True,Rate-Card Baseline detected (Statutory Rate),MEDIUM,LEGITIMATE_RATE_CARD
DUP_EXACT_WS/MP18069/2025-2026/211931_125000,EXACT,WS/MP18069/2025-2026/211931,BDO KANGRA,125000.0,,True,Rate-Card Baseline detected (Statutory Rate),MEDIUM,LEGITIMATE_RATE_CARD
DUP_EXACT_WS/MP18069/2025-2026/211925_150000,EXACT,WS/MP18069/2025-2026/211925,BDO KANGRA,150000.0,,True,Rate-Card Baseline detected (Statutory Rate),MEDIUM,LEGITIMATE_RATE_CARD
DUP_EXACT_WS/MP18069/2025-2026/211941_100000,EXACT,WS/MP18069/2025-2026/211941,BDO KANGRA,100000.0,,True,Rate-Card Baseline detected (Statutory Rate),MEDIUM,LEGITIMATE_RATE_CARD
DUP_EXACT_WS/MP18069/2025-2026/212006_100000,EXACT,WS/MP18069/2025-2026/212006,BDO KANGRA,100000.0,,True,Rate-Card Baseline detected (Statutory Rate),MEDIUM,LEGITIMATE_RATE_CARD
DUP_EXACT_WS/MP18069/2025-2026/211936_125000,EXACT,WS/MP18069/2025-2026/211936,BDO KANGRA,125000.0,,True,Rate-Card Baseline detected (Statutory Rate),MEDIUM,LEGITIMATE_RATE_CARD
DUP_EXACT_WS/MP640/2025-2026/165666_50000,EXACT,WS/MP640/2025-2026/165666,GRAM PANCHAYAT BADAIYAKHEDA,50000.0,,True,Rate-Card Baseline detected (Statutory Rate),MEDIUM,LEGITIMATE_RATE_CARD
DUP_EXACT_WS/MP429/2025-2026/232078_250000,EXACT,WS/MP429/2025-2026/232078,GRAM PANCHAYAT CHORBHATTI,250000.0,,True,Rate-Card Baseline detected (Statutory Rate),MEDIUM,LEGITIMATE_RATE_CARD
DUP_EXACT_WS/MP18336/2025-2026/226675_250000,EXACT,WS/MP18336/2025-2026/226675,GRAM PANCHAYAT TIVRAIYA,250000.0,,True,Rate-Card Baseline detected (Statutory Rate),MEDIUM,LEGITIMATE_RATE_CARD
DUP_EXACT_WS/MP356/2025-2026/225537_100000,EXACT,WS/MP356/2025-2026/225537,CHIEF EXCUTIVE OFFICER JANPAD PANCHAYAT MALHARGARH,100000.0,,True,Rate-Card Baseline detected (Statutory Rate),MEDIUM,LEGITIMATE_RATE_CARD
DUP_EXACT_WS/MP640/2025-2026/175401_250000,EXACT,WS/MP640/2025-2026/175401,GRAM PANCHAYAT TINDANI,250000.0,,True,Rate-Card Baseline detected (Statutory Rate),MEDIUM,LEGITIMATE_RATE_CARD
DUP_EXACT_WS/MP640/2025-2026/163624_250000,EXACT,WS/MP640/2025-2026/163624,GRAM PANCHYAT KUDAMAILI,250000.0,,True,Rate-Card Baseline detected (Statutory Rate),MEDIUM,LEGITIMATE_RATE_CARD
DUP_EXACT_WS/MP18069/2025-2026/211757_125000,EXACT,WS/MP18069/2025-2026/211757,BDO BHAWARNA,125000.0,,True,Rate-Card Baseline detected (Statutory Rate),MEDIUM,LEGITIMATE_RATE_CARD
DUP_EXACT_WS/MP429/2024-2025/143352_150000,EXACT,WS/MP429/2024-2025/143352,GRAM PACHAYAT KOTMER,150000.0,,True,Rate-Card Baseline detected (Statutory Rate),MEDIUM,LEGITIMATE_RATE_CARD
DUP_EXACT_WS/MP18104/2025-2026/208955_100000,EXACT,WS/MP18104/2025-2026/208955,GP DIGHAVAN JP UDAIPURA,100000.0,,True,Rate-Card Baseline detected (Statutory Rate),MEDIUM,LEGITIMATE_RATE_CARD
DUP_EXACT_WS/MP18157/2026-2027/267806_22500,EXACT,WS/MP18157/2026-2027/267806,ARORA BRICKS,22500.0,,True,Rate-Card Baseline detected (Statutory Rate),MEDIUM,LEGITIMATE_RATE_CARD
DUP_EXACT_WS/MP432/2025-2026/206003_150000,EXACT,WS/MP432/2025-2026/206003,BDO DHARAMSHALA MPLADS,150000.0,,True,Rate-Card Baseline detected (Statutory Rate),MEDIUM,LEGITIMATE_RATE_CARD
DUP_EXACT_WS/MP640/2024-2025/172351_250000,EXACT,WS/MP640/2024-2025/172351,GRAM PANCHAYT BHAMA,250000.0,,True,Rate-Card Baseline detected (Statutory Rate),MEDIUM,LEGITIMATE_RATE_CARD
DUP_EXACT_WS/MP640/2024-2025/165584_100000,EXACT,WS/MP640/2024-2025/165584,GRAM PANCHAYT BHAMA,100000.0,,True,Rate-Card Baseline detected (Statutory Rate),MEDIUM,LEGITIMATE_RATE_CARD
DUP_EXACT_WS/MP716/2025-2026/180618_30000,EXACT,WS/MP716/2025-2026/180618,JAI GANESH BKO,30000.0,,True,Rate-Card Baseline detected (Statutory Rate),MEDIUM,LEGITIMATE_RATE_CARD
DUP_EXACT_WS/MP640/2024-2025/165665_100000,EXACT,WS/MP640/2024-2025/165665,GRAM PANCHAYAT UMARIYA,100000.0,,True,Rate-Card Baseline detected (Statutory Rate),MEDIUM,LEGITIMATE_RATE_CARD
DUP_EXACT_WS/MP356/2024-2025/140602_150000,EXACT,WS/MP356/2024-2025/140602,GRAM PANCHAYAT DEVARI KHAWASA,150000.0,,True,Rate-Card Baseline detected (Statutory Rate),MEDIUM,LEGITIMATE_RATE_CARD
DUP_EXACT_WS/MP18102/2024-2025/159138_500000,EXACT,WS/MP18102/2024-2025/159138,GRAM PANCHAYAT KALIBAVDI,500000.0,,True,Rate-Card Baseline detected (Statutory Rate),MEDIUM,LEGITIMATE_RATE_CARD
DUP_EXACT_WS/MP18102/2025-2026/218710_250000,EXACT,WS/MP18102/2025-2026/218710,GRAM PANCHAYAT BAGWANYA,250000.0,,True,Rate-Card Baseline detected (Statutory Rate),MEDIUM,LEGITIMATE_RATE_CARD
DUP_EXACT_WS/MP18102/2024-2025/159150_500000,EXACT,WS/MP18102/2024-2025/159150,GRAM PANCHAYAT BAGWANYA,500000.0,,True,Rate-Card Baseline detected (Statutory Rate),MEDIUM,LEGITIMATE_RATE_CARD
DUP_EXACT_WS/MP18069/2024-2025/163016_100000,EXACT,WS/MP18069/2024-2025/163016,GP RINDA,100000.0,,True,Rate-Card Baseline detected (Statutory Rate),MEDIUM,LEGITIMATE_RATE_CARD
DUP_EXACT_WS/MP18102/2025-2026/246606_250000,EXACT,WS/MP18102/2025-2026/246606,GRAM PANCHAYAT DHAPLA,250000.0,,True,Rate-Card Baseline detected (Statutory Rate),MEDIUM,LEGITIMATE_RATE_CARD
DUP_EXACT_WS/MP356/2024-2025/137874_50000,EXACT,WS/MP356/2024-2025/137874,DISTRICT EDUCATION OFFICER NEEMUCH,50000.0,,True,Rate-Card Baseline detected (Statutory Rate),MEDIUM,LEGITIMATE_RATE_CARD
DUP_EXACT_WS/MP356/2024-2025/137871_50000,EXACT,WS/MP356/2024-2025/137871,DISTRICT EDUCATION OFFICER NEEMUCH,50000.0,,True,Rate-Card Baseline detected (Statutory Rate),MEDIUM,LEGITIMATE_RATE_CARD
DUP_EXACT_WS/MP356/2024-2025/137861_50000,EXACT,WS/MP356/2024-2025/137861,DISTRICT EDUCATION OFFICER NEEMUCH,50000.0,,True,Rate-Card Baseline detected (Statutory Rate),MEDIUM,LEGITIMATE_RATE_CARD
DUP_EXACT_WS/MP356/2024-2025/137862_50000,EXACT,WS/MP356/2024-2025/137862,DISTRICT EDUCATION OFFICER NEEMUCH,50000.0,,True,Rate-Card Baseline detected (Statutory Rate),MEDIUM,LEGITIMATE_RATE_CARD
DUP_EXACT_WS/MP356/2024-2025/137860_50000,EXACT,WS/MP356/2024-2025/137860,DISTRICT EDUCATION OFFICER NEEMUCH,50000.0,,True,Rate-Card Baseline detected (Statutory Rate),MEDIUM,LEGITIMATE_RATE_CARD
DUP_EXACT_WS/MP356/2024-2025/137881_50000,EXACT,WS/MP356/2024-2025/137881,DISTRICT EDUCATION OFFICER NEEMUCH,50000.0,,True,Rate-Card Baseline detected (Statutory Rate),MEDIUM,LEGITIMATE_RATE_CARD
DUP_EXACT_WS/MP356/2024-2025/137867_50000,EXACT,WS/MP356/2024-2025/137867,DISTRICT EDUCATION OFFICER NEEMUCH,50000.0,,True,Rate-Card Baseline detected (Statutory Rate),MEDIUM,LEGITIMATE_RATE_CARD
DUP_EXACT_WS/MP356/2024-2025/137868_50000,EXACT,WS/MP356/2024-2025/137868,DISTRICT EDUCATION OFFICER NEEMUCH,50000.0,,True,Rate-Card Baseline detected (Statutory Rate),MEDIUM,LEGITIMATE_RATE_CARD
DUP_EXACT_WS/MP356/2024-2025/137865_50000,EXACT,WS/MP356/2024-2025/137865,DISTRICT EDUCATION OFFICER NEEMUCH,50000.0,,True,Rate-Card Baseline detected (Statutory Rate),MEDIUM,LEGITIMATE_RATE_CARD
DUP_EXACT_WS/MP356/2024-2025/137866_50000,EXACT,WS/MP356/2024-2025/137866,DISTRICT EDUCATION OFFICER NEEMUCH,50000.0,,True,Rate-Card Baseline detected (Statutory Rate),MEDIUM,LEGITIMATE_RATE_CARD
DUP_EXACT_WS/MP356/2024-2025/137863_50000,EXACT,WS/MP356/2024-2025/137863,DISTRICT EDUCATION OFFICER NEEMUCH,50000.0,,True,Rate-Card Baseline detected (Statutory Rate),MEDIUM,LEGITIMATE_RATE_CARD
DUP_EXACT_WS/MP356/2024-2025/137864_50000,EXACT,WS/MP356/2024-2025/137864,DISTRICT EDUCATION OFFICER NEEMUCH,50000.0,,True,Rate-Card Baseline detected (Statutory Rate),MEDIUM,LEGITIMATE_RATE_CARD
DUP_EXACT_WS/MP356/2024-2025/137872_50000,EXACT,WS/MP356/2024-2025/137872,DISTRICT EDUCATION OFFICER NEEMUCH,50000.0,,True,Rate-Card Baseline detected (Statutory Rate),MEDIUM,LEGITIMATE_RATE_CARD
DUP_EXACT_WS/MP356/2024-2025/137869_50000,EXACT,WS/MP356/2024-2025/137869,DISTRICT EDUCATION OFFICER NEEMUCH,50000.0,,True,Rate-Card Baseline detected (Statutory Rate),MEDIUM,LEGITIMATE_RATE_CARD
DUP_EXACT_WS/MP356/2024-2025/137870_50000,EXACT,WS/MP356/2024-2025/137870,DISTRICT EDUCATION OFFICER NEEMUCH,50000.0,,True,Rate-Card Baseline detected (Statutory Rate),MEDIUM,LEGITIMATE_RATE_CARD
DUP_EXACT_WS/MP356/2024-2025/137873_50000,EXACT,WS/MP356/2024-2025/137873,DISTRICT EDUCATION OFFICER NEEMUCH,50000.0,,True,Rate-Card Baseline detected (Statutory Rate),MEDIUM,LEGITIMATE_RATE_CARD
DUP_EXACT_WS/MP356/2024-2025/137875_50000,EXACT,WS/MP356/2024-2025/137875,DISTRICT EDUCATION OFFICER NEEMUCH,50000.0,,True,Rate-Card Baseline detected (Statutory Rate),MEDIUM,LEGITIMATE_RATE_CARD
DUP_EXACT_WS/MP356/2024-2025/137882_50000,EXACT,WS/MP356/2024-2025/137882,DISTRICT EDUCATION OFFICER NEEMUCH,50000.0,,True,Rate-Card Baseline detected (Statutory Rate),MEDIUM,LEGITIMATE_RATE_CARD
DUP_EXACT_WS/MP356/2024-2025/137883_50000,EXACT,WS/MP356/2024-2025/137883,DISTRICT EDUCATION OFFICER NEEMUCH,50000.0,,True,Rate-Card Baseline detected (Statutory Rate),MEDIUM,LEGITIMATE_RATE_CARD
DUP_EXACT_WS/MP356/2024-2025/137877_50000,EXACT,WS/MP356/2024-2025/137877,DISTRICT EDUCATION OFFICER NEEMUCH,50000.0,,True,Rate-Card Baseline detected (Statutory Rate),MEDIUM,LEGITIMATE_RATE_CARD
DUP_EXACT_WS/MP356/2024-2025/137878_50000,EXACT,WS/MP356/2024-2025/137878,DISTRICT EDUCATION OFFICER NEEMUCH,50000.0,,True,Rate-Card Baseline detected (Statutory Rate),MEDIUM,LEGITIMATE_RATE_CARD
DUP_EXACT_WS/MP356/2024-2025/137879_50000,EXACT,WS/MP356/2024-2025/137879,DISTRICT EDUCATION OFFICER NEEMUCH,50000.0,,True,Rate-Card Baseline detected (Statutory Rate),MEDIUM,LEGITIMATE_RATE_CARD
DUP_EXACT_WS/MP356/2024-2025/137880_50000,EXACT,WS/MP356/2024-2025/137880,DISTRICT EDUCATION OFFICER NEEMUCH,50000.0,,True,Rate-Card Baseline detected (Statutory Rate),MEDIUM,LEGITIMATE_RATE_CARD
DUP_EXACT_WS/MP356/2025-2026/210800_125000,EXACT,WS/MP356/2025-2026/210800,CEO JANPAD PANCHAYAT SITAMAU,125000.0,,True,Rate-Card Baseline detected (Statutory Rate),MEDIUM,LEGITIMATE_RATE_CARD
DUP_EXACT_WS/MP356/2025-2026/210797_200000,EXACT,WS/MP356/2025-2026/210797,CEO JANPAD PANCHAYAT SITAMAU,200000.0,,True,Rate-Card Baseline detected (Statutory Rate),MEDIUM,LEGITIMATE_RATE_CARD
DUP_EXACT_WS/MP18107/2024-2025/163610_200000,EXACT,WS/MP18107/2024-2025/163610,BHILO KI KHIDE,200000.0,,True,Rate-Card Baseline detected (Statutory Rate),MEDIUM,LEGITIMATE_RATE_CARD
DUP_EXACT_WS/MP541/2025-2026/160370_100000,EXACT,WS/MP541/2025-2026/160370,NIP JYOTI SAIKIA,100000.0,,True,Rate-Card Baseline detected (Statutory Rate),MEDIUM,LEGITIMATE_RATE_CARD
DUP_EXACT_WS/MP18100/2024-2025/179858_50000,EXACT,WS/MP18100/2024-2025/179858,GRAM PANCHAYAT MAHALPUR,50000.0,,True,Rate-Card Baseline detected (Statutory Rate),MEDIUM,LEGITIMATE_RATE_CARD
DUP_EXACT_WS/MP18100/2025-2026/182370_250000,EXACT,WS/MP18100/2025-2026/182370,GRAM PANCHAYAT MAU,250000.0,,True,Rate-Card Baseline detected (Statutory Rate),MEDIUM,LEGITIMATE_RATE_CARD
DUP_EXACT_WS/MP356/2025-2026/225550_100000,EXACT,WS/MP356/2025-2026/225550,CEO JANPAD PANCHAYAT MANDSAUR,100000.0,,True,Rate-Card Baseline detected (Statutory Rate),MEDIUM,LEGITIMATE_RATE_CARD
DUP_EXACT_WS/MP356/2025-2026/225546_50000,EXACT,WS/MP356/2025-2026/225546,CEO JANPAD PANCHAYAT MANDSAUR,50000.0,,True,Rate-Card Baseline detected (Statutory Rate),MEDIUM,LEGITIMATE_RATE_CARD
DUP_EXACT_WS/MP356/2025-2026/244917_75000,EXACT,WS/MP356/2025-2026/244917,CEO JANPAD PANCHAYAT MANDSAUR,75000.0,,True,Rate-Card Baseline detected (Statutory Rate),MEDIUM,LEGITIMATE_RATE_CARD
DUP_EXACT_WS/MP356/2025-2026/225540_75000,EXACT,WS/MP356/2025-2026/225540,CEO JANPAD PANCHAYAT MANDSAUR,75000.0,,True,Rate-Card Baseline detected (Statutory Rate),MEDIUM,LEGITIMATE_RATE_CARD
DUP_EXACT_WS/MP356/2025-2026/259438_75000,EXACT,WS/MP356/2025-2026/259438,CEO JANPAD PANCHAYAT MANDSAUR,75000.0,,True,Rate-Card Baseline detected (Statutory Rate),MEDIUM,LEGITIMATE_RATE_CARD
DUP_EXACT_WS/MP356/2025-2026/259440_150000,EXACT,WS/MP356/2025-2026/259440,CEO JANPAD PANCHAYAT MANDSAUR,150000.0,,True,Rate-Card Baseline detected (Statutory Rate),MEDIUM,LEGITIMATE_RATE_CARD
DUP_EXACT_WS/MP356/2025-2026/145730_75000,EXACT,WS/MP356/2025-2026/145730,CEO JANPAD PANCHAYAT MANDSAUR,75000.0,,True,Rate-Card Baseline detected (Statutory Rate),MEDIUM,LEGITIMATE_RATE_CARD
DUP_EXACT_WS/MP356/2025-2026/244921_125000,EXACT,WS/MP356/2025-2026/244921,CEO JANPAD PANCHAYAT MANDSAUR,125000.0,,True,Rate-Card Baseline detected (Statutory Rate),MEDIUM,LEGITIMATE_RATE_CARD
DUP_EXACT_WS/MP356/2025-2026/259439_75000,EXACT,WS/MP356/2025-2026/259439,CEO JANPAD PANCHAYAT MANDSAUR,75000.0,,True,Rate-Card Baseline detected (Statutory Rate),MEDIUM,LEGITIMATE_RATE_CARD
DUP_EXACT_WS/MP18104/2025-2026/174659_75000,EXACT,WS/MP18104/2025-2026/174659,SARPANCH SACHIV GRAM PANCHAYAT TINSARA,75000.0,,True,Rate-Card Baseline detected (Statutory Rate),MEDIUM,LEGITIMATE_RATE_CARD
DUP_EXACT_WS/MP18049/2025-2026/181656_250000,EXACT,WS/MP18049/2025-2026/181656,G P NAWAGAON SALKA,250000.0,,True,Rate-Card Baseline detected (Statutory Rate),MEDIUM,LEGITIMATE_RATE_CARD
DUP_EXACT_WS/MP18049/2025-2026/181654_250000,EXACT,WS/MP18049/2025-2026/181654,G P LITIYA,250000.0,,True,Rate-Card Baseline detected (Statutory Rate),MEDIUM,LEGITIMATE_RATE_CARD
DUP_EXACT_WS/MP428/2025-2026/239171_250000,EXACT,WS/MP428/2025-2026/239171,GRAM PANCHAYAT GHORTALAB,250000.0,,True,Rate-Card Baseline detected (Statutory Rate),MEDIUM,LEGITIMATE_RATE_CARD
DUP_EXACT_WS/MP428/2025-2026/239145_350000,EXACT,WS/MP428/2025-2026/239145,GRAM PANCHAYAT BOIRDEEH,350000.0,,True,Rate-Card Baseline detected (Statutory Rate),MEDIUM,LEGITIMATE_RATE_CARD
DUP_EXACT_WS/MP716/2025-2026/189721_45600,EXACT,WS/MP716/2025-2026/189721,MS KRISHAN LAL CONTRACTOR,45600.0,,True,Rate-Card Baseline detected (Statutory Rate),MEDIUM,LEGITIMATE_RATE_CARD
DUP_EXACT_WS/MP716/2025-2026/189720_45600,EXACT,WS/MP716/2025-2026/189720,MS KRISHAN LAL CONTRACTOR,45600.0,,True,Rate-Card Baseline detected (Statutory Rate),MEDIUM,LEGITIMATE_RATE_CARD
DUP_EXACT_WS/MP716/2025-2026/189728_45600,EXACT,WS/MP716/2025-2026/189728,MS KRISHAN LAL CONTRACTOR,45600.0,,True,Rate-Card Baseline detected (Statutory Rate),MEDIUM,LEGITIMATE_RATE_CARD
DUP_EXACT_WS/MP716/2025-2026/189725_35055,EXACT,WS/MP716/2025-2026/189725,MS KRISHAN LAL CONTRACTOR,35055.0,,False,Work+Vendor+Amount+Date exact match,CRITICAL,NEW
DUP_EXACT_WS/MP716/2025-2026/189726_46729,EXACT,WS/MP716/2025-2026/189726,MS KRISHAN LAL CONTRACTOR,46729.0,,False,Work+Vendor+Amount+Date exact match,CRITICAL,NEW
DUP_EXACT_WS/MP18100/2025-2026/204033_100000,EXACT,WS/MP18100/2025-2026/204033,SARPANCH GP KHIRSADOH,100000.0,,True,Rate-Card Baseline detected (Statutory Rate),MEDIUM,LEGITIMATE_RATE_CARD
DUP_EXACT_WS/MP18158/2025-2026/237063_35535,EXACT,WS/MP18158/2025-2026/237063,JAGTAR SINGH,35535.0,,False,Work+Vendor+Amount+Date exact match,CRITICAL,NEW
DUP_EXACT_WS/MP716/2025-2026/188931_20000,EXACT,WS/MP716/2025-2026/188931,JAGDAMBEY IRON AND SHUTTERING STORE MANSA,20000.0,,True,Rate-Card Baseline detected (Statutory Rate),MEDIUM,LEGITIMATE_RATE_CARD
DUP_EXACT_WS/MP716/2025-2026/188931_38000,EXACT,WS/MP716/2025-2026/188931,JAGDAMBEY IRON AND SHUTTERING STORE MANSA,38000.0,,True,Rate-Card Baseline detected (Statutory Rate),MEDIUM,LEGITIMATE_RATE_CARD
DUP_EXACT_WS/MP598/2025-2026/209000_125000,EXACT,WS/MP598/2025-2026/209000,GRAM PANCHAYAT CHAKLI,125000.0,,True,Rate-Card Baseline detected (Statutory Rate),MEDIUM,LEGITIMATE_RATE_CARD
DUP_EXACT_WS/MP598/2025-2026/162649_35000,EXACT,WS/MP598/2025-2026/162649,GRAM PANCHAYAT  PANJAHAL,35000.0,,True,Rate-Card Baseline detected (Statutory Rate),MEDIUM,LEGITIMATE_RATE_CARD
DUP_EXACT_WS/MP18100/2025-2026/171946_400000,EXACT,WS/MP18100/2025-2026/171946,GRAM PANCHAYAT TEEGAON,400000.0,,True,Rate-Card Baseline detected (Statutory Rate),MEDIUM,LEGITIMATE_RATE_CARD
DUP_EXACT_WS/MP654/2025-2026/211237_500000,EXACT,WS/MP654/2025-2026/211237,GRAM PANCHAYAT GALHATHA JP BURHAR,500000.0,,True,Rate-Card Baseline detected (Statutory Rate),MEDIUM,LEGITIMATE_RATE_CARD
DUP_EXACT_WS/MP444/2024-2025/179291_72000,EXACT,WS/MP444/2024-2025/179291,SAHU TRADERS,72000.0,,True,Rate-Card Baseline detected (Statutory Rate),MEDIUM,LEGITIMATE_RATE_CARD
DUP_EXACT_WS/MP18107/2025-2026/231837_79600,EXACT,WS/MP18107/2025-2026/231837,MP AGRO JHABUA,79600.0,,False,Work+Vendor+Amount+Date exact match,CRITICAL,NEW
DUP_EXACT_WS/MP18107/2025-2026/231839_79600,EXACT,WS/MP18107/2025-2026/231839,MP AGRO JHABUA,79600.0,,False,Work+Vendor+Amount+Date exact match,CRITICAL,NEW
DUP_EXACT_WS/MP18107/2025-2026/231833_79600,EXACT,WS/MP18107/2025-2026/231833,MP AGRO JHABUA,79600.0,,False,Work+Vendor+Amount+Date exact match,CRITICAL,NEW
DUP_EXACT_WS/MP18107/2025-2026/231830_79600,EXACT,WS/MP18107/2025-2026/231830,MP AGRO JHABUA,79600.0,,False,Work+Vendor+Amount+Date exact match,CRITICAL,NEW
DUP_EXACT_WS/MP18107/2025-2026/231832_79600,EXACT,WS/MP18107/2025-2026/231832,MP AGRO JHABUA,79600.0,,False,Work+Vendor+Amount+Date exact match,CRITICAL,NEW
DUP_EXACT_WS/MP18107/2025-2026/231831_79600,EXACT,WS/MP18107/2025-2026/231831,MP AGRO JHABUA,79600.0,,False,Work+Vendor+Amount+Date exact match,CRITICAL,NEW
DUP_EXACT_WS/MP18107/2025-2026/231838_79600,EXACT,WS/MP18107/2025-2026/231838,MP AGRO JHABUA,79600.0,,False,Work+Vendor+Amount+Date exact match,CRITICAL,NEW
DUP_EXACT_WS/MP18107/2025-2026/231836_79600,EXACT,WS/MP18107/2025-2026/231836,MP AGRO JHABUA,79600.0,,False,Work+Vendor+Amount+Date exact match,CRITICAL,NEW
DUP_EXACT_WS/MP18107/2025-2026/231835_79600,EXACT,WS/MP18107/2025-2026/231835,MP AGRO JHABUA,79600.0,,False,Work+Vendor+Amount+Date exact match,CRITICAL,NEW
DUP_EXACT_WS/MP18107/2025-2026/231834_79600,EXACT,WS/MP18107/2025-2026/231834,MP AGRO JHABUA,79600.0,,False,Work+Vendor+Amount+Date exact match,CRITICAL,NEW
DUP_EXACT_WS/MP18107/2025-2026/258194_79600,EXACT,WS/MP18107/2025-2026/258194,MP AGRO JHABUA,79600.0,,False,Work+Vendor+Amount+Date exact match,CRITICAL,NEW
DUP_EXACT_WS/MP18107/2025-2026/258188_79600,EXACT,WS/MP18107/2025-2026/258188,MP AGRO JHABUA,79600.0,,False,Work+Vendor+Amount+Date exact match,CRITICAL,NEW
DUP_EXACT_WS/MP18107/2025-2026/258176_79600,EXACT,WS/MP18107/2025-2026/258176,MP AGRO JHABUA,79600.0,,False,Work+Vendor+Amount+Date exact match,CRITICAL,NEW
DUP_EXACT_WS/MP18107/2025-2026/258175_79600,EXACT,WS/MP18107/2025-2026/258175,MP AGRO JHABUA,79600.0,,False,Work+Vendor+Amount+Date exact match,CRITICAL,NEW
DUP_EXACT_WS/MP18107/2025-2026/258174_79600,EXACT,WS/MP18107/2025-2026/258174,MP AGRO JHABUA,79600.0,,False,Work+Vendor+Amount+Date exact match,CRITICAL,NEW
DUP_EXACT_WS/MP18107/2025-2026/258173_79600,EXACT,WS/MP18107/2025-2026/258173,MP AGRO JHABUA,79600.0,,False,Work+Vendor+Amount+Date exact match,CRITICAL,NEW
DUP_EXACT_WS/MP18107/2025-2026/258186_79600,EXACT,WS/MP18107/2025-2026/258186,MP AGRO JHABUA,79600.0,,False,Work+Vendor+Amount+Date exact match,CRITICAL,NEW
DUP_EXACT_WS/MP18107/2025-2026/258192_79600,EXACT,WS/MP18107/2025-2026/258192,MP AGRO JHABUA,79600.0,,False,Work+Vendor+Amount+Date exact match,CRITICAL,NEW
DUP_EXACT_WS/MP18107/2025-2026/258185_79600,EXACT,WS/MP18107/2025-2026/258185,MP AGRO JHABUA,79600.0,,False,Work+Vendor+Amount+Date exact match,CRITICAL,NEW
DUP_EXACT_WS/MP18107/2025-2026/258184_79600,EXACT,WS/MP18107/2025-2026/258184,MP AGRO JHABUA,79600.0,,False,Work+Vendor+Amount+Date exact match,CRITICAL,NEW
DUP_EXACT_WS/MP18107/2025-2026/258187_79600,EXACT,WS/MP18107/2025-2026/258187,MP AGRO JHABUA,79600.0,,False,Work+Vendor+Amount+Date exact match,CRITICAL,NEW
DUP_EXACT_WS/MP18107/2025-2026/258195_79600,EXACT,WS/MP18107/2025-2026/258195,MP AGRO JHABUA,79600.0,,False,Work+Vendor+Amount+Date exact match,CRITICAL,NEW
DUP_EXACT_WS/MP18107/2025-2026/258191_79600,EXACT,WS/MP18107/2025-2026/258191,MP AGRO JHABUA,79600.0,,False,Work+Vendor+Amount+Date exact match,CRITICAL,NEW
DUP_EXACT_WS/MP18107/2025-2026/258189_79600,EXACT,WS/MP18107/2025-2026/258189,MP AGRO JHABUA,79600.0,,False,Work+Vendor+Amount+Date exact match,CRITICAL,NEW
DUP_EXACT_WS/MP18107/2025-2026/258193_79600,EXACT,WS/MP18107/2025-2026/258193,MP AGRO JHABUA,79600.0,,False,Work+Vendor+Amount+Date exact match,CRITICAL,NEW
DUP_EXACT_WS/MP18107/2025-2026/258190_79600,EXACT,WS/MP18107/2025-2026/258190,MP AGRO JHABUA,79600.0,,False,Work+Vendor+Amount+Date exact match,CRITICAL,NEW
DUP_EXACT_WS/MP18107/2025-2026/258182_79600,EXACT,WS/MP18107/2025-2026/258182,MP AGRO JHABUA,79600.0,,False,Work+Vendor+Amount+Date exact match,CRITICAL,NEW
DUP_EXACT_WS/MP18107/2025-2026/258181_79600,EXACT,WS/MP18107/2025-2026/258181,MP AGRO JHABUA,79600.0,,False,Work+Vendor+Amount+Date exact match,CRITICAL,NEW
DUP_EXACT_WS/MP18107/2025-2026/258180_79600,EXACT,WS/MP18107/2025-2026/258180,MP AGRO JHABUA,79600.0,,False,Work+Vendor+Amount+Date exact match,CRITICAL,NEW
DUP_EXACT_WS/MP18107/2025-2026/258179_79600,EXACT,WS/MP18107/2025-2026/258179,MP AGRO JHABUA,79600.0,,False,Work+Vendor+Amount+Date exact match,CRITICAL,NEW
DUP_EXACT_WS/MP18107/2025-2026/258169_79600,EXACT,WS/MP18107/2025-2026/258169,MP AGRO JHABUA,79600.0,,False,Work+Vendor+Amount+Date exact match,CRITICAL,NEW
DUP_EXACT_WS/MP18107/2025-2026/258172_79600,EXACT,WS/MP18107/2025-2026/258172,MP AGRO JHABUA,79600.0,,False,Work+Vendor+Amount+Date exact match,CRITICAL,NEW
DUP_EXACT_WS/MP18107/2025-2026/258170_79600,EXACT,WS/MP18107/2025-2026/258170,MP AGRO JHABUA,79600.0,,False,Work+Vendor+Amount+Date exact match,CRITICAL,NEW
DUP_EXACT_WS/MP18107/2025-2026/258178_79600,EXACT,WS/MP18107/2025-2026/258178,MP AGRO JHABUA,79600.0,,False,Work+Vendor+Amount+Date exact match,CRITICAL,NEW
DUP_EXACT_WS/MP18107/2025-2026/258171_79600,EXACT,WS/MP18107/2025-2026/258171,MP AGRO JHABUA,79600.0,,False,Work+Vendor+Amount+Date exact match,CRITICAL,NEW
DUP_EXACT_WS/MP18107/2025-2026/258177_79600,EXACT,WS/MP18107/2025-2026/258177,MP AGRO JHABUA,79600.0,,False,Work+Vendor+Amount+Date exact match,CRITICAL,NEW
DUP_EXACT_WS/MP18107/2025-2026/258183_79600,EXACT,WS/MP18107/2025-2026/258183,MP AGRO JHABUA,79600.0,,False,Work+Vendor+Amount+Date exact match,CRITICAL,NEW
DUP_EXACT_WS/MP18106/2024-2025/142120_400000,EXACT,WS/MP18106/2024-2025/142120,SARPCH AND SACHIV GRAM PANCHAYAT MATHA,400000.0,,True,Rate-Card Baseline detected (Statutory Rate),MEDIUM,LEGITIMATE_RATE_CARD
DUP_EXACT_WS/MP18375/2025-2026/187720_300000,EXACT,WS/MP18375/2025-2026/187720,GP BHAISAYA JP BADI,300000.0,,True,Rate-Card Baseline detected (Statutory Rate),MEDIUM,LEGITIMATE_RATE_CARD
DUP_EXACT_WS/MP410/2025-2026/181941_300000,EXACT,WS/MP410/2025-2026/181941,KHANJAN KUMAR SAIKIA,300000.0,,True,Rate-Card Baseline detected (Statutory Rate),MEDIUM,LEGITIMATE_RATE_CARD
DUP_EXACT_WS/MP429/2024-2025/144853_200000,EXACT,WS/MP429/2024-2025/144853,GRAM PANCHAYAT TARDA MULBHOOT,200000.0,,True,Rate-Card Baseline detected (Statutory Rate),MEDIUM,LEGITIMATE_RATE_CARD
DUP_EXACT_WS/MP18158/2025-2026/238958_40810,EXACT,WS/MP18158/2025-2026/238958,NATIONAL BRICKS COMPANY,40810.0,,True,Rate-Card Baseline detected (Statutory Rate),MEDIUM,LEGITIMATE_RATE_CARD
DUP_EXACT_WS/MP429/2025-2026/205633_150000,EXACT,WS/MP429/2025-2026/205633,SARPANCH SACHIV GRAM PANCHAYAT NAWAPARA,150000.0,,True,Rate-Card Baseline detected (Statutory Rate),MEDIUM,LEGITIMATE_RATE_CARD
DUP_EXACT_WS/MP429/2024-2025/151722_200000,EXACT,WS/MP429/2024-2025/151722,GRAM PANCHAYAT SILLI,200000.0,,True,Rate-Card Baseline detected (Statutory Rate),MEDIUM,LEGITIMATE_RATE_CARD
DUP_EXACT_WS/MP18335/2024-2025/152917_250000,EXACT,WS/MP18335/2024-2025/152917,GRAM PANCHAYAT KALIBA,250000.0,,True,Rate-Card Baseline detected (Statutory Rate),MEDIUM,LEGITIMATE_RATE_CARD
DUP_EXACT_WS/MP18155/2024-2025/141709_48573,EXACT,WS/MP18155/2024-2025/141709,BHULLAR SPUN PIPE FACTORY,48573.0,,False,Work+Vendor+Amount+Date exact match,CRITICAL,NEW
DUP_EXACT_WS/MP429/2024-2025/157871_150000,EXACT,WS/MP429/2024-2025/157871,GRAM PANCHAYAT SHIVPUR,150000.0,,True,Rate-Card Baseline detected (Statutory Rate),MEDIUM,LEGITIMATE_RATE_CARD
DUP_EXACT_WS/MP429/2024-2025/144850_150000,EXACT,WS/MP429/2024-2025/144850,GRAM PANCHAYAT PULALIKALA,150000.0,,True,Rate-Card Baseline detected (Statutory Rate),MEDIUM,LEGITIMATE_RATE_CARD
DUP_EXACT_WS/MP429/2024-2025/143874_200000,EXACT,WS/MP429/2024-2025/143874,RAJYA PARIVARTIT YOJNA GP KUTESARNAGOI,200000.0,,True,Rate-Card Baseline detected (Statutory Rate),MEDIUM,LEGITIMATE_RATE_CARD
DUP_EXACT_WS/MP429/2025-2026/200091_250000,EXACT,WS/MP429/2025-2026/200091,RAJYA PARIVARTIT YOJNA GP AMJHAR,250000.0,,True,Rate-Card Baseline detected (Statutory Rate),MEDIUM,LEGITIMATE_RATE_CARD
DUP_EXACT_WS/MP18100/2025-2026/179798_50000,EXACT,WS/MP18100/2025-2026/179798,GRAM PANCHAYAT SHAKKARJHIRI,50000.0,,True,Rate-Card Baseline detected (Statutory Rate),MEDIUM,LEGITIMATE_RATE_CARD
DUP_EXACT_WS/MP18100/2024-2025/166960_50000,EXACT,WS/MP18100/2024-2025/166960,GRAM PANCHAYAT TARA,50000.0,,True,Rate-Card Baseline detected (Statutory Rate),MEDIUM,LEGITIMATE_RATE_CARD
DUP_EXACT_WS/MP18106/2024-2025/146793_400000,EXACT,WS/MP18106/2024-2025/146793,SARPANCH SCHIV GRAM PANCHAYAT LAHRAUNI,400000.0,,True,Rate-Card Baseline detected (Statutory Rate),MEDIUM,LEGITIMATE_RATE_CARD
DUP_EXACT_WS/MP541/2025-2026/184318_125000,EXACT,WS/MP541/2025-2026/184318,BHASKAR GOSWAMI,125000.0,,True,Rate-Card Baseline detected (Statutory Rate),MEDIUM,LEGITIMATE_RATE_CARD
DUP_EXACT_WS/MP541/2025-2026/235299_125000,EXACT,WS/MP541/2025-2026/235299,BHASKAR GOSWAMI,125000.0,,True,Rate-Card Baseline detected (Statutory Rate),MEDIUM,LEGITIMATE_RATE_CARD
DUP_EXACT_WS/MP541/2025-2026/205127_87500,EXACT,WS/MP541/2025-2026/205127,BHASKAR GOSWAMI,87500.0,,True,Rate-Card Baseline detected (Statutory Rate),MEDIUM,LEGITIMATE_RATE_CARD
DUP_EXACT_WS/MP541/2025-2026/215533_125000,EXACT,WS/MP541/2025-2026/215533,BHASKAR GOSWAMI,125000.0,,True,Rate-Card Baseline detected (Statutory Rate),MEDIUM,LEGITIMATE_RATE_CARD
DUP_EXACT_WS/MP541/2025-2026/215025_250000,EXACT,WS/MP541/2025-2026/215025,BHASKAR GOSWAMI,250000.0,,True,Rate-Card Baseline detected (Statutory Rate),MEDIUM,LEGITIMATE_RATE_CARD
DUP_EXACT_WS/MP541/2025-2026/205125_75000,EXACT,WS/MP541/2025-2026/205125,BHASKAR GOSWAMI,75000.0,,True,Rate-Card Baseline detected (Statutory Rate),MEDIUM,LEGITIMATE_RATE_CARD
DUP_EXACT_WS/MP18311/2024-2025/141027_41000,EXACT,WS/MP18311/2024-2025/141027,PUNJAB CEMENT AND IRON STORE,41000.0,,True,Rate-Card Baseline detected (Statutory Rate),MEDIUM,LEGITIMATE_RATE_CARD
DUP_EXACT_WS/MP18314/2025-2026/177344_16200,EXACT,WS/MP18314/2025-2026/177344,AMARJIT SINGH BORING COMPANY,16200.0,,True,Rate-Card Baseline detected (Statutory Rate),MEDIUM,LEGITIMATE_RATE_CARD
DUP_EXACT_WS/MP18100/2025-2026/166953_75000,EXACT,WS/MP18100/2025-2026/166953,GRAM PANCHAYAT SARANGBHIRI,75000.0,,True,Rate-Card Baseline detected (Statutory Rate),MEDIUM,LEGITIMATE_RATE_CARD
DUP_EXACT_WS/MP18100/2025-2026/179808_75000,EXACT,WS/MP18100/2025-2026/179808,GRAM PANCHYAT SAKARVADA,75000.0,,True,Rate-Card Baseline detected (Statutory Rate),MEDIUM,LEGITIMATE_RATE_CARD
DUP_EXACT_WS/MP18100/2025-2026/180536_50000,EXACT,WS/MP18100/2025-2026/180536,GRAM PANCHYAT TENDANI MAL,50000.0,,True,Rate-Card Baseline detected (Statutory Rate),MEDIUM,LEGITIMATE_RATE_CARD
DUP_EXACT_WS/MP654/2024-2025/169095_150000,EXACT,WS/MP654/2024-2025/169095,AMAN TREDERS,150000.0,,True,Rate-Card Baseline detected (Statutory Rate),MEDIUM,LEGITIMATE_RATE_CARD
DUP_EXACT_WS/MP716/2025-2026/188931_48000,EXACT,WS/MP716/2025-2026/188931,LAXMI BRICKS MANUFACTURING CO,48000.0,,True,Rate-Card Baseline detected (Statutory Rate),MEDIUM,LEGITIMATE_RATE_CARD
DUP_EXACT_WS/MP18051/2024-2025/153822_500000,EXACT,WS/MP18051/2024-2025/153822,GRAM PANCHAYAT DARGAON,500000.0,,True,Rate-Card Baseline detected (Statutory Rate),MEDIUM,LEGITIMATE_RATE_CARD
DUP_EXACT_WS/MP18155/2025-2026/250124_10300,EXACT,WS/MP18155/2025-2026/250124,CHAHAT ENTERPRISES,10300.0,,False,Work+Vendor+Amount+Date exact match,CRITICAL,NEW
DUP_EXACT_WS/MP492/2024-2025/134981_660000,EXACT,WS/MP492/2024-2025/134981,RAMJI CONSTRUCTION,660000.0,,True,Rate-Card Baseline detected (Statutory Rate),MEDIUM,LEGITIMATE_RATE_CARD
DUP_EXACT_WS/MP18075/2025-2026/185605_112400,EXACT,WS/MP18075/2025-2026/185605,DE ZP GUMLA,112400.0,,False,Work+Vendor+Amount+Date exact match,CRITICAL,NEW
DUP_EXACT_WS/MP18075/2025-2026/185606_112400,EXACT,WS/MP18075/2025-2026/185606,DE ZP GUMLA,112400.0,,False,Work+Vendor+Amount+Date exact match,CRITICAL,NEW
DUP_EXACT_WS/MP18075/2025-2026/185603_112400,EXACT,WS/MP18075/2025-2026/185603,DE ZP GUMLA,112400.0,,False,Work+Vendor+Amount+Date exact match,CRITICAL,NEW
DUP_EXACT_WS/MP18075/2025-2026/185599_227500,EXACT,WS/MP18075/2025-2026/185599,DE ZP GUMLA,227500.0,,False,Work+Vendor+Amount+Date exact match,CRITICAL,NEW
DUP_EXACT_WS/MP18075/2025-2026/185591_112400,EXACT,WS/MP18075/2025-2026/185591,DE ZP GUMLA,112400.0,,False,Work+Vendor+Amount+Date exact match,CRITICAL,NEW
DUP_EXACT_WS/MP18075/2025-2026/185608_112400,EXACT,WS/MP18075/2025-2026/185608,DE ZP GUMLA,112400.0,,False,Work+Vendor+Amount+Date exact match,CRITICAL,NEW
DUP_EXACT_WS/MP18075/2025-2026/185610_112400,EXACT,WS/MP18075/2025-2026/185610,DE ZP GUMLA,112400.0,,False,Work+Vendor+Amount+Date exact match,CRITICAL,NEW
DUP_EXACT_WS/MP18075/2025-2026/185611_112400,EXACT,WS/MP18075/2025-2026/185611,DE ZP GUMLA,112400.0,,False,Work+Vendor+Amount+Date exact match,CRITICAL,NEW
DUP_EXACT_WS/MP18075/2025-2026/187347_232000,EXACT,WS/MP18075/2025-2026/187347,DE ZP GUMLA,232000.0,,True,Rate-Card Baseline detected (Statutory Rate),MEDIUM,LEGITIMATE_RATE_CARD
DUP_EXACT_WS/MP18278/2025-2026/210567_100000,EXACT,WS/MP18278/2025-2026/210567,MANAV ENTERPRISES,100000.0,,True,Rate-Card Baseline detected (Statutory Rate),MEDIUM,LEGITIMATE_RATE_CARD
DUP_EXACT_WS/MP18278/2025-2026/210568_100000,EXACT,WS/MP18278/2025-2026/210568,MANAV ENTERPRISES,100000.0,,True,Rate-Card Baseline detected (Statutory Rate),MEDIUM,LEGITIMATE_RATE_CARD
DUP_EXACT_WS/MP18278/2025-2026/210569_100000,EXACT,WS/MP18278/2025-2026/210569,MANAV ENTERPRISES,100000.0,,True,Rate-Card Baseline detected (Statutory Rate),MEDIUM,LEGITIMATE_RATE_CARD
DUP_EXACT_WS/MP18278/2025-2026/210570_100000,EXACT,WS/MP18278/2025-2026/210570,MANAV ENTERPRISES,100000.0,,True,Rate-Card Baseline detected (Statutory Rate),MEDIUM,LEGITIMATE_RATE_CARD
DUP_EXACT_WS/MP18278/2025-2026/210571_100000,EXACT,WS/MP18278/2025-2026/210571,MANAV ENTERPRISES,100000.0,,True,Rate-Card Baseline detected (Statutory Rate),MEDIUM,LEGITIMATE_RATE_CARD
DUP_EXACT_WS/MP18278/2025-2026/210572_100000,EXACT,WS/MP18278/2025-2026/210572,MANAV ENTERPRISES,100000.0,,True,Rate-Card Baseline detected (Statutory Rate),MEDIUM,LEGITIMATE_RATE_CARD
DUP_EXACT_WS/MP18278/2025-2026/210573_100000,EXACT,WS/MP18278/2025-2026/210573,MANAV ENTERPRISES,100000.0,,True,Rate-Card Baseline detected (Statutory Rate),MEDIUM,LEGITIMATE_RATE_CARD
DUP_EXACT_WS/MP18278/2025-2026/210574_100000,EXACT,WS/MP18278/2025-2026/210574,MANAV ENTERPRISES,100000.0,,True,Rate-Card Baseline detected (Statutory Rate),MEDIUM,LEGITIMATE_RATE_CARD
DUP_EXACT_WS/MP18278/2025-2026/210577_100000,EXACT,WS/MP18278/2025-2026/210577,MANAV ENTERPRISES,100000.0,,True,Rate-Card Baseline detected (Statutory Rate),MEDIUM,LEGITIMATE_RATE_CARD
DUP_EXACT_WS/MP18278/2025-2026/210576_100000,EXACT,WS/MP18278/2025-2026/210576,MANAV ENTERPRISES,100000.0,,True,Rate-Card Baseline detected (Statutory Rate),MEDIUM,LEGITIMATE_RATE_CARD
DUP_EXACT_WS/MP432/2025-2026/206263_100000,EXACT,WS/MP432/2025-2026/206263,BDO PRAGPUR,100000.0,,True,Rate-Card Baseline detected (Statutory Rate),MEDIUM,LEGITIMATE_RATE_CARD
DUP_EXACT_WS/MP432/2025-2026/206265_100000,EXACT,WS/MP432/2025-2026/206265,BDO PRAGPUR,100000.0,,True,Rate-Card Baseline detected (Statutory Rate),MEDIUM,LEGITIMATE_RATE_CARD
DUP_EXACT_WS/MP432/2025-2026/206262_100000,EXACT,WS/MP432/2025-2026/206262,BDO PRAGPUR,100000.0,,True,Rate-Card Baseline detected (Statutory Rate),MEDIUM,LEGITIMATE_RATE_CARD
DUP_EXACT_WS/MP716/2025-2026/196002_49800,EXACT,WS/MP716/2025-2026/196002,GOYAL TRADING COROPORATION,49800.0,,True,Rate-Card Baseline detected (Statutory Rate),MEDIUM,LEGITIMATE_RATE_CARD
DUP_EXACT_WS/MP716/2025-2026/196002_41400,EXACT,WS/MP716/2025-2026/196002,GOYAL TRADING COROPORATION,41400.0,,True,Rate-Card Baseline detected (Statutory Rate),MEDIUM,LEGITIMATE_RATE_CARD
DUP_EXACT_WS/MP18051/2024-2025/149139_250000,EXACT,WS/MP18051/2024-2025/149139,GRAM PANCHAYAT KURCHUNDI,250000.0,,True,Rate-Card Baseline detected (Statutory Rate),MEDIUM,LEGITIMATE_RATE_CARD
DUP_EXACT_WS/MP18100/2024-2025/166952_100000,EXACT,WS/MP18100/2024-2025/166952,GRAM PANCHAYAT BISAPURKALA,100000.0,,True,Rate-Card Baseline detected (Statutory Rate),MEDIUM,LEGITIMATE_RATE_CARD
DUP_EXACT_WS/MP18100/2024-2025/179857_75000,EXACT,WS/MP18100/2024-2025/179857,GRAM PANCHAYAT DEVGARH,75000.0,,True,Rate-Card Baseline detected (Statutory Rate),MEDIUM,LEGITIMATE_RATE_CARD
DUP_EXACT_WS/MP18100/2025-2026/183895_300000,EXACT,WS/MP18100/2025-2026/183895,GRAM PANCHAYAT GOREGHAT,300000.0,,True,Rate-Card Baseline detected (Statutory Rate),MEDIUM,LEGITIMATE_RATE_CARD
DUP_EXACT_WS/MP18100/2025-2026/184593_100000,EXACT,WS/MP18100/2025-2026/184593,GRAM PANCHAYAT LINGA,100000.0,,True,Rate-Card Baseline detected (Statutory Rate),MEDIUM,LEGITIMATE_RATE_CARD
DUP_EXACT_WS/MP18100/2024-2025/152312_150000,EXACT,WS/MP18100/2024-2025/152312,GRAM PANCHAYAT LINGA,150000.0,,True,Rate-Card Baseline detected (Statutory Rate),MEDIUM,LEGITIMATE_RATE_CARD
DUP_EXACT_WS/MP18155/2025-2026/255137_40000,EXACT,WS/MP18155/2025-2026/255137,SEEMA AGGARWAL,40000.0,,True,Rate-Card Baseline detected (Statutory Rate),MEDIUM,LEGITIMATE_RATE_CARD
DUP_EXACT_WS/MP18155/2025-2026/193697_27600,EXACT,WS/MP18155/2025-2026/193697,SEEMA AGGARWAL,27600.0,,False,Work+Vendor+Amount+Date exact match,CRITICAL,NEW
DUP_EXACT_WS/MP18107/2025-2026/178616_293000,EXACT,WS/MP18107/2025-2026/178616,GRAM PANCHAYAT UMARI,293000.0,,False,Work+Vendor+Amount+Date exact match,CRITICAL,NEW
DUP_EXACT_WS/MP18098/2026-2027/272017_196468,EXACT,WS/MP18098/2026-2027/272017,DEVESH KUMAR PATLE,196468.0,,False,Work+Vendor+Amount+Date exact match,CRITICAL,NEW
DUP_EXACT_WS/MP18098/2026-2027/272017_197996,EXACT,WS/MP18098/2026-2027/272017,DEVESH KUMAR PATLE,197996.0,,False,Work+Vendor+Amount+Date exact match,CRITICAL,NEW
DUP_EXACT_WS/MP18098/2026-2027/272087_199096,EXACT,WS/MP18098/2026-2027/272087,DEVESH KUMAR PATLE,199096.0,,False,Work+Vendor+Amount+Date exact match,CRITICAL,NEW
DUP_EXACT_WS/MP18098/2026-2027/272087_197646,EXACT,WS/MP18098/2026-2027/272087,DEVESH KUMAR PATLE,197646.0,,False,Work+Vendor+Amount+Date exact match,CRITICAL,NEW
DUP_EXACT_WS/MP18100/2024-2025/165081_100000,EXACT,WS/MP18100/2024-2025/165081,GRAM PANCHYAT GHOGHRI,100000.0,,True,Rate-Card Baseline detected (Statutory Rate),MEDIUM,LEGITIMATE_RATE_CARD
DUP_EXACT_WS/MP18100/2024-2025/165077_100000,EXACT,WS/MP18100/2024-2025/165077,GRAM PANCHYAT KHAMI,100000.0,,True,Rate-Card Baseline detected (Statutory Rate),MEDIUM,LEGITIMATE_RATE_CARD
DUP_EXACT_WS/MP18100/2024-2025/165078_100000,EXACT,WS/MP18100/2024-2025/165078,GRAM PANCHYAT LINGPANI,100000.0,,True,Rate-Card Baseline detected (Statutory Rate),MEDIUM,LEGITIMATE_RATE_CARD
DUP_EXACT_WS/MP18155/2025-2026/207525_47555,EXACT,WS/MP18155/2025-2026/207525,SARADR ENTERPRISE,47555.0,,False,Work+Vendor+Amount+Date exact match,CRITICAL,NEW
DUP_EXACT_WS/MP18155/2025-2026/187848_45878,EXACT,WS/MP18155/2025-2026/187848,SUPER TILE WORKS,45878.0,,False,Work+Vendor+Amount+Date exact match,CRITICAL,NEW
DUP_EXACT_WS/MP429/2024-2025/146726_300000,EXACT,WS/MP429/2024-2025/146726,GRAM PANCHAYAT PARSADA,300000.0,,True,Rate-Card Baseline detected (Statutory Rate),MEDIUM,LEGITIMATE_RATE_CARD
DUP_EXACT_WS/MP380/2025-2026/193124_36000,EXACT,WS/MP380/2025-2026/193124,JAGDAMBAY BRICKS INDUSTRY,36000.0,,True,Rate-Card Baseline detected (Statutory Rate),MEDIUM,LEGITIMATE_RATE_CARD
DUP_EXACT_WS/MP18158/2025-2026/199636_40810,EXACT,WS/MP18158/2025-2026/199636,JAGDAMBAY BRICKS INDUSTRY,40810.0,,True,Rate-Card Baseline detected (Statutory Rate),MEDIUM,LEGITIMATE_RATE_CARD
DUP_EXACT_WS/MP334/2025-2026/202769_320000,EXACT,WS/MP334/2025-2026/202769,ECCENTRIC CORPORATE SERVICES PVT LTD,320000.0,,True,Rate-Card Baseline detected (Statutory Rate),MEDIUM,LEGITIMATE_RATE_CARD
DUP_EXACT_WS/MP334/2025-2026/202767_160000,EXACT,WS/MP334/2025-2026/202767,ECCENTRIC CORPORATE SERVICES PVT LTD,160000.0,,True,Rate-Card Baseline detected (Statutory Rate),MEDIUM,LEGITIMATE_RATE_CARD
DUP_EXACT_WS/MP334/2025-2026/208130_160000,EXACT,WS/MP334/2025-2026/208130,ECCENTRIC CORPORATE SERVICES PVT LTD,160000.0,,True,Rate-Card Baseline detected (Statutory Rate),MEDIUM,LEGITIMATE_RATE_CARD
DUP_EXACT_WS/MP334/2025-2026/202764_320000,EXACT,WS/MP334/2025-2026/202764,ECCENTRIC CORPORATE SERVICES PVT LTD,320000.0,,True,Rate-Card Baseline detected (Statutory Rate),MEDIUM,LEGITIMATE_RATE_CARD
DUP_EXACT_WS/MP334/2025-2026/202766_80000,EXACT,WS/MP334/2025-2026/202766,ECCENTRIC CORPORATE SERVICES PVT LTD,80000.0,,True,Rate-Card Baseline detected (Statutory Rate),MEDIUM,LEGITIMATE_RATE_CARD
DUP_EXACT_WS/MP334/2025-2026/202765_240000,EXACT,WS/MP334/2025-2026/202765,ECCENTRIC CORPORATE SERVICES PVT LTD,240000.0,,True,Rate-Card Baseline detected (Statutory Rate),MEDIUM,LEGITIMATE_RATE_CARD
DUP_EXACT_WS/MP334/2025-2026/202786_240000,EXACT,WS/MP334/2025-2026/202786,ECCENTRIC CORPORATE SERVICES PVT LTD,240000.0,,True,Rate-Card Baseline detected (Statutory Rate),MEDIUM,LEGITIMATE_RATE_CARD
DUP_EXACT_WS/MP334/2025-2026/202770_240000,EXACT,WS/MP334/2025-2026/202770,ECCENTRIC CORPORATE SERVICES PVT LTD,240000.0,,True,Rate-Card Baseline detected (Statutory Rate),MEDIUM,LEGITIMATE_RATE_CARD
DUP_EXACT_WS/MP334/2025-2026/202785_160000,EXACT,WS/MP334/2025-2026/202785,ECCENTRIC CORPORATE SERVICES PVT LTD,160000.0,,True,Rate-Card Baseline detected (Statutory Rate),MEDIUM,LEGITIMATE_RATE_CARD
DUP_EXACT_WS/MP334/2025-2026/202789_80000,EXACT,WS/MP334/2025-2026/202789,ECCENTRIC CORPORATE SERVICES PVT LTD,80000.0,,True,Rate-Card Baseline detected (Statutory Rate),MEDIUM,LEGITIMATE_RATE_CARD
DUP_EXACT_WS/MP334/2025-2026/208124_160000,EXACT,WS/MP334/2025-2026/208124,ECCENTRIC CORPORATE SERVICES PVT LTD,160000.0,,True,Rate-Card Baseline detected (Statutory Rate),MEDIUM,LEGITIMATE_RATE_CARD
DUP_EXACT_WS/MP334/2025-2026/208126_160000,EXACT,WS/MP334/2025-2026/208126,ECCENTRIC CORPORATE SERVICES PVT LTD,160000.0,,True,Rate-Card Baseline detected (Statutory Rate),MEDIUM,LEGITIMATE_RATE_CARD
DUP_EXACT_WS/MP334/2025-2026/208125_80000,EXACT,WS/MP334/2025-2026/208125,ECCENTRIC CORPORATE SERVICES PVT LTD,80000.0,,True,Rate-Card Baseline detected (Statutory Rate),MEDIUM,LEGITIMATE_RATE_CARD
DUP_EXACT_WS/MP334/2025-2026/202788_160000,EXACT,WS/MP334/2025-2026/202788,ECCENTRIC CORPORATE SERVICES PVT LTD,160000.0,,True,Rate-Card Baseline detected (Statutory Rate),MEDIUM,LEGITIMATE_RATE_CARD
DUP_EXACT_WS/MP334/2025-2026/202787_80000,EXACT,WS/MP334/2025-2026/202787,ECCENTRIC CORPORATE SERVICES PVT LTD,80000.0,,True,Rate-Card Baseline detected (Statutory Rate),MEDIUM,LEGITIMATE_RATE_CARD
DUP_EXACT_WS/MP334/2025-2026/208132_80000,EXACT,WS/MP334/2025-2026/208132,ECCENTRIC CORPORATE SERVICES PVT LTD,80000.0,,True,Rate-Card Baseline detected (Statutory Rate),MEDIUM,LEGITIMATE_RATE_CARD
DUP_EXACT_WS/MP334/2025-2026/208129_160000,EXACT,WS/MP334/2025-2026/208129,ECCENTRIC CORPORATE SERVICES PVT LTD,160000.0,,True,Rate-Card Baseline detected (Statutory Rate),MEDIUM,LEGITIMATE_RATE_CARD
DUP_EXACT_WS/MP334/2025-2026/208137_80000,EXACT,WS/MP334/2025-2026/208137,ECCENTRIC CORPORATE SERVICES PVT LTD,80000.0,,True,Rate-Card Baseline detected (Statutory Rate),MEDIUM,LEGITIMATE_RATE_CARD
DUP_EXACT_WS/MP334/2025-2026/202768_240000,EXACT,WS/MP334/2025-2026/202768,ECCENTRIC CORPORATE SERVICES PVT LTD,240000.0,,True,Rate-Card Baseline detected (Statutory Rate),MEDIUM,LEGITIMATE_RATE_CARD
DUP_EXACT_WS/MP334/2025-2026/208135_80000,EXACT,WS/MP334/2025-2026/208135,ECCENTRIC CORPORATE SERVICES PVT LTD,80000.0,,True,Rate-Card Baseline detected (Statutory Rate),MEDIUM,LEGITIMATE_RATE_CARD
DUP_EXACT_WS/MP334/2025-2026/208127_240000,EXACT,WS/MP334/2025-2026/208127,ECCENTRIC CORPORATE SERVICES PVT LTD,240000.0,,True,Rate-Card Baseline detected (Statutory Rate),MEDIUM,LEGITIMATE_RATE_CARD
DUP_EXACT_WS/MP334/2025-2026/208136_80000,EXACT,WS/MP334/2025-2026/208136,ECCENTRIC CORPORATE SERVICES PVT LTD,80000.0,,True,Rate-Card Baseline detected (Statutory Rate),MEDIUM,LEGITIMATE_RATE_CARD
DUP_EXACT_WS/MP334/2025-2026/208134_160000,EXACT,WS/MP334/2025-2026/208134,ECCENTRIC CORPORATE SERVICES PVT LTD,160000.0,,True,Rate-Card Baseline detected (Statutory Rate),MEDIUM,LEGITIMATE_RATE_CARD
DUP_EXACT_WS/MP18201/2024-2025/141045_1017636,EXACT,WS/MP18201/2024-2025/141045,SHRI GURU KRIPA NARSINGH ASSOCIATES,1017636.0,,False,Work+Vendor+Amount+Date exact match,CRITICAL,NEW
DUP_EXACT_WS/MP492/2026-2027/282269_4243200,EXACT,WS/MP492/2026-2027/282269,SHRI GURU KRIPA NARSINGH ASSOCIATES,4243200.0,,False,Work+Vendor+Amount+Date exact match,CRITICAL,NEW
DUP_EXACT_WS/MP18100/2025-2026/185650_30000,EXACT,WS/MP18100/2025-2026/185650,GRAM PANCAHYAT TINSAI,30000.0,,True,Rate-Card Baseline detected (Statutory Rate),MEDIUM,LEGITIMATE_RATE_CARD
DUP_EXACT_WS/MP653/2025-2026/203609_600000,EXACT,WS/MP653/2025-2026/203609,CEO JANPAD PANCVHAYAT MOMAN BADODIYA,600000.0,,True,Rate-Card Baseline detected (Statutory Rate),MEDIUM,LEGITIMATE_RATE_CARD
DUP_EXACT_WS/MP598/2024-2025/145398_50000,EXACT,WS/MP598/2024-2025/145398,GP JEHER,50000.0,,True,Rate-Card Baseline detected (Statutory Rate),MEDIUM,LEGITIMATE_RATE_CARD
DUP_EXACT_WS/MP716/2025-2026/189591_48500,EXACT,WS/MP716/2025-2026/189591,SHIVA CEMENT STORE KOTDUNNA,48500.0,,True,Rate-Card Baseline detected (Statutory Rate),MEDIUM,LEGITIMATE_RATE_CARD
DUP_EXACT_WS/MP716/2025-2026/189591_49560,EXACT,WS/MP716/2025-2026/189591,SHIVA CEMENT STORE KOTDUNNA,49560.0,,True,Rate-Card Baseline detected (Statutory Rate),MEDIUM,LEGITIMATE_RATE_CARD
DUP_EXACT_WS/MP429/2025-2026/211552_175000,EXACT,WS/MP429/2025-2026/211552,GRAM PANCHAYAT PIDIYA,175000.0,,True,Rate-Card Baseline detected (Statutory Rate),MEDIUM,LEGITIMATE_RATE_CARD
DUP_EXACT_WS/MP429/2025-2026/205630_150000,EXACT,WS/MP429/2025-2026/205630,SARPANCH GRAM PANCHAYAT RATKHANDI,150000.0,,True,Rate-Card Baseline detected (Statutory Rate),MEDIUM,LEGITIMATE_RATE_CARD
DUP_EXACT_WS/MP429/2024-2025/157838_150000,EXACT,WS/MP429/2024-2025/157838,SARPANCH SACHIV GRAM PANCHAYAT CHEPA,150000.0,,True,Rate-Card Baseline detected (Statutory Rate),MEDIUM,LEGITIMATE_RATE_CARD
DUP_EXACT_WS/MP18155/2025-2026/257077_48000,EXACT,WS/MP18155/2025-2026/257077,MS TATA BRICKS,48000.0,,True,Rate-Card Baseline detected (Statutory Rate),MEDIUM,LEGITIMATE_RATE_CARD
DUP_EXACT_WS/MP18155/2025-2026/188544_48000,EXACT,WS/MP18155/2025-2026/188544,MS TATA BRICKS,48000.0,,True,Rate-Card Baseline detected (Statutory Rate),MEDIUM,LEGITIMATE_RATE_CARD
DUP_EXACT_WS/MP18158/2025-2026/238956_46600,EXACT,WS/MP18158/2025-2026/238956,PUNEET CONCRETE PRODUCTS,46600.0,,True,Rate-Card Baseline detected (Statutory Rate),MEDIUM,LEGITIMATE_RATE_CARD
DUP_EXACT_WS/MP18158/2025-2026/231509_45000,EXACT,WS/MP18158/2025-2026/231509,PUNEET CONCRETE PRODUCTS,45000.0,,True,Rate-Card Baseline detected (Statutory Rate),MEDIUM,LEGITIMATE_RATE_CARD
DUP_EXACT_WS/MP243/2025-2026/196950_499454,EXACT,WS/MP243/2025-2026/196950,RAJRATH ENTERPRISE,499454.0,,False,Work+Vendor+Amount+Date exact match,CRITICAL,NEW
DUP_EXACT_WS/MP716/2025-2026/192034_45600,EXACT,WS/MP716/2025-2026/192034,NEW MALWA PIPE INDUSTRIES,45600.0,,True,Rate-Card Baseline detected (Statutory Rate),MEDIUM,LEGITIMATE_RATE_CARD
DUP_EXACT_WS/MP716/2025-2026/192034_28500,EXACT,WS/MP716/2025-2026/192034,NEW MALWA PIPE INDUSTRIES,28500.0,,True,Rate-Card Baseline detected (Statutory Rate),MEDIUM,LEGITIMATE_RATE_CARD
DUP_EXACT_WS/MP716/2025-2026/192035_45600,EXACT,WS/MP716/2025-2026/192035,NEW MALWA PIPE INDUSTRIES,45600.0,,True,Rate-Card Baseline detected (Statutory Rate),MEDIUM,LEGITIMATE_RATE_CARD
DUP_EXACT_WS/MP380/2025-2026/209161_79500,EXACT,WS/MP380/2025-2026/209161,NEW MALWA PIPE INDUSTRIES,79500.0,,True,Rate-Card Baseline detected (Statutory Rate),MEDIUM,LEGITIMATE_RATE_CARD
DUP_EXACT_WS/MP429/2024-2025/146734_150000,EXACT,WS/MP429/2024-2025/146734,GRAM PANCHAYAT SALIHABHATA,150000.0,,True,Rate-Card Baseline detected (Statutory Rate),MEDIUM,LEGITIMATE_RATE_CARD
DUP_EXACT_WS/MP18158/2025-2026/203156_46600,EXACT,WS/MP18158/2025-2026/203156,SUDARSHAN TILESINDUSTRIES,46600.0,,True,Rate-Card Baseline detected (Statutory Rate),MEDIUM,LEGITIMATE_RATE_CARD
DUP_EXACT_WS/MP18158/2025-2026/203617_45840,EXACT,WS/MP18158/2025-2026/203617,SUDARSHAN TILESINDUSTRIES,45840.0,,True,Rate-Card Baseline detected (Statutory Rate),MEDIUM,LEGITIMATE_RATE_CARD
DUP_EXACT_WS/MP18158/2025-2026/217343_48000,EXACT,WS/MP18158/2025-2026/217343,SUDARSHAN TILESINDUSTRIES,48000.0,,True,Rate-Card Baseline detected (Statutory Rate),MEDIUM,LEGITIMATE_RATE_CARD
DUP_EXACT_WS/MP18104/2025-2026/174650_75000,EXACT,WS/MP18104/2025-2026/174650,GP KIRGIKHURD JP UDAIPURA,75000.0,,True,Rate-Card Baseline detected (Statutory Rate),MEDIUM,LEGITIMATE_RATE_CARD
DUP_EXACT_WS/MP18104/2025-2026/174651_75000,EXACT,WS/MP18104/2025-2026/174651,GP KIRGIKHURD JP UDAIPURA,75000.0,,True,Rate-Card Baseline detected (Statutory Rate),MEDIUM,LEGITIMATE_RATE_CARD
DUP_EXACT_WS/MP716/2025-2026/189718_49020,EXACT,WS/MP716/2025-2026/189718,BABA FARID TILE FACTORY,49020.0,,True,Rate-Card Baseline detected (Statutory Rate),MEDIUM,LEGITIMATE_RATE_CARD
DUP_EXACT_WS/MP18049/2025-2026/210647_250000,EXACT,WS/MP18049/2025-2026/210647,SARPANCHAY GRAM PANCHAYAT HIRRI,250000.0,,True,Rate-Card Baseline detected (Statutory Rate),MEDIUM,LEGITIMATE_RATE_CARD
DUP_EXACT_WS/MP18157/2025-2026/241195_38000,EXACT,WS/MP18157/2025-2026/241195,M AND M CONSTRUCTION,38000.0,,True,Rate-Card Baseline detected (Statutory Rate),MEDIUM,LEGITIMATE_RATE_CARD
DUP_EXACT_WS/MP716/2025-2026/189591_41280,EXACT,WS/MP716/2025-2026/189591,KHIVA BRICKS KILN COMPANY,41280.0,,False,Work+Vendor+Amount+Date exact match,CRITICAL,NEW
DUP_EXACT_WS/MP18336/2024-2025/156455_500000,EXACT,WS/MP18336/2024-2025/156455,GARAM PANCHAYAT TUTA,500000.0,,True,Rate-Card Baseline detected (Statutory Rate),MEDIUM,LEGITIMATE_RATE_CARD
DUP_EXACT_WS/MP716/2025-2026/189726_34200,EXACT,WS/MP716/2025-2026/189726,RD INDUSTRIES,34200.0,,True,Rate-Card Baseline detected (Statutory Rate),MEDIUM,LEGITIMATE_RATE_CARD
DUP_EXACT_WS/MP716/2025-2026/189716_39900,EXACT,WS/MP716/2025-2026/189716,RD INDUSTRIES,39900.0,,True,Rate-Card Baseline detected (Statutory Rate),MEDIUM,LEGITIMATE_RATE_CARD
DUP_EXACT_WS/MP716/2025-2026/189716_45600,EXACT,WS/MP716/2025-2026/189716,RD INDUSTRIES,45600.0,,True,Rate-Card Baseline detected (Statutory Rate),MEDIUM,LEGITIMATE_RATE_CARD
DUP_EXACT_WS/MP716/2025-2026/212396_38304,EXACT,WS/MP716/2025-2026/212396,RD INDUSTRIES,38304.0,,False,Work+Vendor+Amount+Date exact match,CRITICAL,NEW
DUP_EXACT_WS/MP716/2024-2025/178099_30000,EXACT,WS/MP716/2024-2025/178099,BHAGWAN AND CO,30000.0,,True,Rate-Card Baseline detected (Statutory Rate),MEDIUM,LEGITIMATE_RATE_CARD
DUP_EXACT_WS/MP716/2025-2026/196000_43225,EXACT,WS/MP716/2025-2026/196000,MS MITTAL BRICKS CO,43225.0,,False,Work+Vendor+Amount+Date exact match,CRITICAL,NEW
DUP_EXACT_WS/MP716/2025-2026/196000_37080,EXACT,WS/MP716/2025-2026/196000,MS MITTAL BRICKS CO,37080.0,,False,Work+Vendor+Amount+Date exact match,CRITICAL,NEW
DUP_EXACT_WS/MP716/2025-2026/196000_24720,EXACT,WS/MP716/2025-2026/196000,MS MITTAL BRICKS CO,24720.0,,False,Work+Vendor+Amount+Date exact match,CRITICAL,NEW
DUP_EXACT_WS/MP18155/2024-2025/163661_47141,EXACT,WS/MP18155/2024-2025/163661,UNITED PIPE AND PAVERS,47141.0,,False,Work+Vendor+Amount+Date exact match,CRITICAL,NEW
DUP_EXACT_WS/MP18311/2025-2026/183405_47558,EXACT,WS/MP18311/2025-2026/183405,UNITED PIPE AND PAVERS,47558.0,,False,Work+Vendor+Amount+Date exact match,CRITICAL,NEW
DUP_EXACT_WS/MP18311/2025-2026/183416_44615,EXACT,WS/MP18311/2025-2026/183416,UNITED PIPE AND PAVERS,44615.0,,False,Work+Vendor+Amount+Date exact match,CRITICAL,NEW
DUP_EXACT_WS/MP18155/2025-2026/207525_47558,EXACT,WS/MP18155/2025-2026/207525,UNITED PIPE AND PAVERS,47558.0,,False,Work+Vendor+Amount+Date exact match,CRITICAL,NEW
DUP_EXACT_WS/MP18155/2025-2026/250125_39896,EXACT,WS/MP18155/2025-2026/250125,UNITED PIPE AND PAVERS,39896.0,,False,Work+Vendor+Amount+Date exact match,CRITICAL,NEW
DUP_EXACT_WS/MP18155/2025-2026/183794_45595,EXACT,WS/MP18155/2025-2026/183794,UNITED PIPE AND PAVERS INDS,45595.0,,True,Rate-Card Baseline detected (Statutory Rate),MEDIUM,LEGITIMATE_RATE_CARD
DUP_EXACT_WS/MP18155/2025-2026/249578_47154,EXACT,WS/MP18155/2025-2026/249578,UNITED PIPE AND PAVERS INDS,47154.0,,False,Work+Vendor+Amount+Date exact match,CRITICAL,NEW
DUP_EXACT_WS/MP18155/2025-2026/249973_32400,EXACT,WS/MP18155/2025-2026/249973,SEWA KAUR SONS,32400.0,,True,Rate-Card Baseline detected (Statutory Rate),MEDIUM,LEGITIMATE_RATE_CARD
DUP_EXACT_WS/MP18155/2025-2026/267276_45600,EXACT,WS/MP18155/2025-2026/267276,BAWA INTERLOCK TILES,45600.0,,True,Rate-Card Baseline detected (Statutory Rate),MEDIUM,LEGITIMATE_RATE_CARD
DUP_EXACT_WS/MP18155/2025-2026/247624_34196,EXACT,WS/MP18155/2025-2026/247624,THAKUR TILE INDUSTRIES,34196.0,,False,Work+Vendor+Amount+Date exact match,CRITICAL,NEW
DUP_EXACT_WS/MP18155/2024-2025/141705_34200,EXACT,WS/MP18155/2024-2025/141705,THAKUR TILE INDUSTRIES,34200.0,,True,Rate-Card Baseline detected (Statutory Rate),MEDIUM,LEGITIMATE_RATE_CARD
DUP_EXACT_WS/MP716/2025-2026/195387_45840,EXACT,WS/MP716/2025-2026/195387,SINGLA TILES INDUSTRY,45840.0,,True,Rate-Card Baseline detected (Statutory Rate),MEDIUM,LEGITIMATE_RATE_CARD
DUP_EXACT_WS/MP716/2025-2026/188935_45600,EXACT,WS/MP716/2025-2026/188935,SINGLA TILES INDUSTRY,45600.0,,True,Rate-Card Baseline detected (Statutory Rate),MEDIUM,LEGITIMATE_RATE_CARD
DUP_EXACT_WS/MP716/2025-2026/189715_36845,EXACT,WS/MP716/2025-2026/189715,SINGLA TILES INDUSTRY,36845.0,,False,Work+Vendor+Amount+Date exact match,CRITICAL,NEW
DUP_EXACT_WS/MP18152/2024-2025/141227_42000,EXACT,WS/MP18152/2024-2025/141227,SINGLA TILES INDUSTRY,42000.0,,True,Rate-Card Baseline detected (Statutory Rate),MEDIUM,LEGITIMATE_RATE_CARD
DUP_EXACT_WS/	 MP655/2025-2026/201414_99802,EXACT,WS/	 MP655/2025-2026/201414,MP STATE AGRO INDUSTRIES DEV CORP LTD,99802.0,,False,Work+Vendor+Amount+Date exact match,CRITICAL,NEW
DUP_EXACT_WS/	 MP655/2025-2026/201417_99802,EXACT,WS/	 MP655/2025-2026/201417,MP STATE AGRO INDUSTRIES DEV CORP LTD,99802.0,,False,Work+Vendor+Amount+Date exact match,CRITICAL,NEW
DUP_EXACT_WS/	 MP655/2025-2026/201416_99802,EXACT,WS/	 MP655/2025-2026/201416,MP STATE AGRO INDUSTRIES DEV CORP LTD,99802.0,,False,Work+Vendor+Amount+Date exact match,CRITICAL,NEW
DUP_EXACT_WS/	 MP655/2025-2026/201415_99802,EXACT,WS/	 MP655/2025-2026/201415,MP STATE AGRO INDUSTRIES DEV CORP LTD,99802.0,,False,Work+Vendor+Amount+Date exact match,CRITICAL,NEW
DUP_EXACT_WS/	 MP655/2025-2026/201422_99802,EXACT,WS/	 MP655/2025-2026/201422,MP STATE AGRO INDUSTRIES DEV CORP LTD,99802.0,,False,Work+Vendor+Amount+Date exact match,CRITICAL,NEW
DUP_EXACT_WS/	 MP655/2025-2026/201421_99802,EXACT,WS/	 MP655/2025-2026/201421,MP STATE AGRO INDUSTRIES DEV CORP LTD,99802.0,,False,Work+Vendor+Amount+Date exact match,CRITICAL,NEW
DUP_EXACT_WS/	 MP655/2025-2026/201423_99802,EXACT,WS/	 MP655/2025-2026/201423,MP STATE AGRO INDUSTRIES DEV CORP LTD,99802.0,,False,Work+Vendor+Amount+Date exact match,CRITICAL,NEW
DUP_EXACT_WS/	 MP655/2025-2026/201424_99802,EXACT,WS/	 MP655/2025-2026/201424,MP STATE AGRO INDUSTRIES DEV CORP LTD,99802.0,,False,Work+Vendor+Amount+Date exact match,CRITICAL,NEW
DUP_EXACT_WS/	 MP655/2025-2026/201425_99802,EXACT,WS/	 MP655/2025-2026/201425,MP STATE AGRO INDUSTRIES DEV CORP LTD,99802.0,,False,Work+Vendor+Amount+Date exact match,CRITICAL,NEW
DUP_EXACT_WS/	 MP655/2025-2026/201427_99802,EXACT,WS/	 MP655/2025-2026/201427,MP STATE AGRO INDUSTRIES DEV CORP LTD,99802.0,,False,Work+Vendor+Amount+Date exact match,CRITICAL,NEW
DUP_EXACT_WS/	 MP655/2025-2026/201428_99802,EXACT,WS/	 MP655/2025-2026/201428,MP STATE AGRO INDUSTRIES DEV CORP LTD,99802.0,,False,Work+Vendor+Amount+Date exact match,CRITICAL,NEW
DUP_EXACT_WS/	 MP655/2025-2026/201429_99802,EXACT,WS/	 MP655/2025-2026/201429,MP STATE AGRO INDUSTRIES DEV CORP LTD,99802.0,,False,Work+Vendor+Amount+Date exact match,CRITICAL,NEW
DUP_EXACT_WS/	 MP655/2025-2026/201430_99802,EXACT,WS/	 MP655/2025-2026/201430,MP STATE AGRO INDUSTRIES DEV CORP LTD,99802.0,,False,Work+Vendor+Amount+Date exact match,CRITICAL,NEW
DUP_EXACT_WS/	 MP655/2025-2026/201419_99802,EXACT,WS/	 MP655/2025-2026/201419,MP STATE AGRO INDUSTRIES DEV CORP LTD,99802.0,,False,Work+Vendor+Amount+Date exact match,CRITICAL,NEW
DUP_EXACT_WS/	 MP655/2025-2026/201452_99802,EXACT,WS/	 MP655/2025-2026/201452,MP STATE AGRO INDUSTRIES DEV CORP LTD,99802.0,,False,Work+Vendor+Amount+Date exact match,CRITICAL,NEW
DUP_EXACT_WS/	 MP655/2025-2026/201451_99802,EXACT,WS/	 MP655/2025-2026/201451,MP STATE AGRO INDUSTRIES DEV CORP LTD,99802.0,,False,Work+Vendor+Amount+Date exact match,CRITICAL,NEW
DUP_EXACT_WS/	 MP655/2025-2026/201449_99802,EXACT,WS/	 MP655/2025-2026/201449,MP STATE AGRO INDUSTRIES DEV CORP LTD,99802.0,,False,Work+Vendor+Amount+Date exact match,CRITICAL,NEW
DUP_EXACT_WS/	 MP655/2025-2026/201420_99802,EXACT,WS/	 MP655/2025-2026/201420,MP STATE AGRO INDUSTRIES DEV CORP LTD,99802.0,,False,Work+Vendor+Amount+Date exact match,CRITICAL,NEW
DUP_EXACT_WS/	 MP655/2025-2026/201450_99802,EXACT,WS/	 MP655/2025-2026/201450,MP STATE AGRO INDUSTRIES DEV CORP LTD,99802.0,,False,Work+Vendor+Amount+Date exact match,CRITICAL,NEW
DUP_EXACT_WS/	 MP655/2025-2026/201448_99802,EXACT,WS/	 MP655/2025-2026/201448,MP STATE AGRO INDUSTRIES DEV CORP LTD,99802.0,,False,Work+Vendor+Amount+Date exact match,CRITICAL,NEW
DUP_EXACT_WS/	 MP655/2025-2026/201454_99802,EXACT,WS/	 MP655/2025-2026/201454,MP STATE AGRO INDUSTRIES DEV CORP LTD,99802.0,,False,Work+Vendor+Amount+Date exact match,CRITICAL,NEW
DUP_EXACT_WS/	 MP655/2025-2026/201453_99802,EXACT,WS/	 MP655/2025-2026/201453,MP STATE AGRO INDUSTRIES DEV CORP LTD,99802.0,,False,Work+Vendor+Amount+Date exact match,CRITICAL,NEW
DUP_EXACT_WS/	 MP655/2025-2026/201499_99802,EXACT,WS/	 MP655/2025-2026/201499,MP STATE AGRO INDUSTRIES DEV CORP LTD,99802.0,,False,Work+Vendor+Amount+Date exact match,CRITICAL,NEW
DUP_EXACT_WS/	 MP655/2025-2026/201498_99802,EXACT,WS/	 MP655/2025-2026/201498,MP STATE AGRO INDUSTRIES DEV CORP LTD,99802.0,,False,Work+Vendor+Amount+Date exact match,CRITICAL,NEW
DUP_EXACT_WS/	 MP655/2025-2026/201497_99802,EXACT,WS/	 MP655/2025-2026/201497,MP STATE AGRO INDUSTRIES DEV CORP LTD,99802.0,,False,Work+Vendor+Amount+Date exact match,CRITICAL,NEW
DUP_EXACT_WS/	 MP655/2025-2026/201496_99802,EXACT,WS/	 MP655/2025-2026/201496,MP STATE AGRO INDUSTRIES DEV CORP LTD,99802.0,,False,Work+Vendor+Amount+Date exact match,CRITICAL,NEW
DUP_EXACT_WS/	 MP655/2025-2026/201495_99802,EXACT,WS/	 MP655/2025-2026/201495,MP STATE AGRO INDUSTRIES DEV CORP LTD,99802.0,,False,Work+Vendor+Amount+Date exact match,CRITICAL,NEW
DUP_EXACT_WS/	 MP655/2025-2026/201494_99802,EXACT,WS/	 MP655/2025-2026/201494,MP STATE AGRO INDUSTRIES DEV CORP LTD,99802.0,,False,Work+Vendor+Amount+Date exact match,CRITICAL,NEW
DUP_EXACT_WS/	 MP655/2025-2026/201506_99802,EXACT,WS/	 MP655/2025-2026/201506,MP STATE AGRO INDUSTRIES DEV CORP LTD,99802.0,,False,Work+Vendor+Amount+Date exact match,CRITICAL,NEW
DUP_EXACT_WS/	 MP655/2025-2026/201505_99802,EXACT,WS/	 MP655/2025-2026/201505,MP STATE AGRO INDUSTRIES DEV CORP LTD,99802.0,,False,Work+Vendor+Amount+Date exact match,CRITICAL,NEW
DUP_EXACT_WS/	 MP655/2025-2026/201503_99802,EXACT,WS/	 MP655/2025-2026/201503,MP STATE AGRO INDUSTRIES DEV CORP LTD,99802.0,,False,Work+Vendor+Amount+Date exact match,CRITICAL,NEW
DUP_EXACT_WS/	 MP655/2025-2026/201502_99802,EXACT,WS/	 MP655/2025-2026/201502,MP STATE AGRO INDUSTRIES DEV CORP LTD,99802.0,,False,Work+Vendor+Amount+Date exact match,CRITICAL,NEW
DUP_EXACT_WS/	 MP655/2025-2026/201501_99802,EXACT,WS/	 MP655/2025-2026/201501,MP STATE AGRO INDUSTRIES DEV CORP LTD,99802.0,,False,Work+Vendor+Amount+Date exact match,CRITICAL,NEW
DUP_EXACT_WS/	 MP655/2025-2026/201500_99802,EXACT,WS/	 MP655/2025-2026/201500,MP STATE AGRO INDUSTRIES DEV CORP LTD,99802.0,,False,Work+Vendor+Amount+Date exact match,CRITICAL,NEW
DUP_EXACT_WS/	 MP655/2025-2026/201510_99802,EXACT,WS/	 MP655/2025-2026/201510,MP STATE AGRO INDUSTRIES DEV CORP LTD,99802.0,,False,Work+Vendor+Amount+Date exact match,CRITICAL,NEW
DUP_EXACT_WS/	 MP655/2025-2026/201509_99802,EXACT,WS/	 MP655/2025-2026/201509,MP STATE AGRO INDUSTRIES DEV CORP LTD,99802.0,,False,Work+Vendor+Amount+Date exact match,CRITICAL,NEW
DUP_EXACT_WS/	 MP655/2025-2026/201508_99802,EXACT,WS/	 MP655/2025-2026/201508,MP STATE AGRO INDUSTRIES DEV CORP LTD,99802.0,,False,Work+Vendor+Amount+Date exact match,CRITICAL,NEW
DUP_EXACT_WS/	 MP655/2025-2026/201507_99802,EXACT,WS/	 MP655/2025-2026/201507,MP STATE AGRO INDUSTRIES DEV CORP LTD,99802.0,,False,Work+Vendor+Amount+Date exact match,CRITICAL,NEW
DUP_EXACT_WS/	 MP655/2025-2026/226814_99802,EXACT,WS/	 MP655/2025-2026/226814,MP STATE AGRO INDUSTRIES DEV CORP LTD,99802.0,,False,Work+Vendor+Amount+Date exact match,CRITICAL,NEW
DUP_EXACT_WS/	 MP655/2025-2026/226813_99802,EXACT,WS/	 MP655/2025-2026/226813,MP STATE AGRO INDUSTRIES DEV CORP LTD,99802.0,,False,Work+Vendor+Amount+Date exact match,CRITICAL,NEW
DUP_EXACT_WS/	 MP655/2025-2026/226818_99802,EXACT,WS/	 MP655/2025-2026/226818,MP STATE AGRO INDUSTRIES DEV CORP LTD,99802.0,,False,Work+Vendor+Amount+Date exact match,CRITICAL,NEW
DUP_EXACT_WS/	 MP655/2025-2026/226817_99802,EXACT,WS/	 MP655/2025-2026/226817,MP STATE AGRO INDUSTRIES DEV CORP LTD,99802.0,,False,Work+Vendor+Amount+Date exact match,CRITICAL,NEW
DUP_EXACT_WS/	 MP655/2025-2026/226816_99802,EXACT,WS/	 MP655/2025-2026/226816,MP STATE AGRO INDUSTRIES DEV CORP LTD,99802.0,,False,Work+Vendor+Amount+Date exact match,CRITICAL,NEW
DUP_EXACT_WS/	 MP655/2025-2026/226815_99802,EXACT,WS/	 MP655/2025-2026/226815,MP STATE AGRO INDUSTRIES DEV CORP LTD,99802.0,,False,Work+Vendor+Amount+Date exact match,CRITICAL,NEW
DUP_EXACT_WS/	 MP655/2025-2026/226822_99802,EXACT,WS/	 MP655/2025-2026/226822,MP STATE AGRO INDUSTRIES DEV CORP LTD,99802.0,,False,Work+Vendor+Amount+Date exact match,CRITICAL,NEW
DUP_EXACT_WS/	 MP655/2025-2026/226821_99802,EXACT,WS/	 MP655/2025-2026/226821,MP STATE AGRO INDUSTRIES DEV CORP LTD,99802.0,,False,Work+Vendor+Amount+Date exact match,CRITICAL,NEW
DUP_EXACT_WS/	 MP655/2025-2026/226820_99802,EXACT,WS/	 MP655/2025-2026/226820,MP STATE AGRO INDUSTRIES DEV CORP LTD,99802.0,,False,Work+Vendor+Amount+Date exact match,CRITICAL,NEW
DUP_EXACT_WS/	 MP655/2025-2026/226819_99802,EXACT,WS/	 MP655/2025-2026/226819,MP STATE AGRO INDUSTRIES DEV CORP LTD,99802.0,,False,Work+Vendor+Amount+Date exact match,CRITICAL,NEW
DUP_EXACT_WS/	 MP655/2025-2026/226823_99802,EXACT,WS/	 MP655/2025-2026/226823,MP STATE AGRO INDUSTRIES DEV CORP LTD,99802.0,,False,Work+Vendor+Amount+Date exact match,CRITICAL,NEW
DUP_EXACT_WS/MP243/2025-2026/189516_349656,EXACT,WS/MP243/2025-2026/189516,SAHARA ENTERPRISE,349656.0,,False,Work+Vendor+Amount+Date exact match,CRITICAL,NEW
DUP_EXACT_WS/MP429/2025-2026/242638_175000,EXACT,WS/MP429/2025-2026/242638,GRAM PANCHAYAT PONDIKALAA,175000.0,,True,Rate-Card Baseline detected (Statutory Rate),MEDIUM,LEGITIMATE_RATE_CARD
DUP_EXACT_WS/MP18375/2025-2026/187749_300000,EXACT,WS/MP18375/2025-2026/187749,KHANDABAD B,300000.0,,True,Rate-Card Baseline detected (Statutory Rate),MEDIUM,LEGITIMATE_RATE_CARD
DUP_EXACT_WS/MP18311/2025-2026/272270_45000,EXACT,WS/MP18311/2025-2026/272270,RAKESH KUMAR PANDHI,45000.0,,True,Rate-Card Baseline detected (Statutory Rate),MEDIUM,LEGITIMATE_RATE_CARD
DUP_EXACT_WS/MP18311/2024-2025/156720_33920,EXACT,WS/MP18311/2024-2025/156720,RAKESH KUMAR PANDHI,33920.0,,False,Work+Vendor+Amount+Date exact match,CRITICAL,NEW
DUP_EXACT_WS/MP18311/2024-2025/156682_39000,EXACT,WS/MP18311/2024-2025/156682,MS RAJESH KUMAR,39000.0,,True,Rate-Card Baseline detected (Statutory Rate),MEDIUM,LEGITIMATE_RATE_CARD
DUP_EXACT_WS/MP18311/2025-2026/272270_28500,EXACT,WS/MP18311/2025-2026/272270,MS RAJESH KUMAR,28500.0,,True,Rate-Card Baseline detected (Statutory Rate),MEDIUM,LEGITIMATE_RATE_CARD
DUP_EXACT_WS/MP18375/2025-2026/187755_300000,EXACT,WS/MP18375/2025-2026/187755,ITAVAKHURD  NS,300000.0,,True,Rate-Card Baseline detected (Statutory Rate),MEDIUM,LEGITIMATE_RATE_CARD
DUP_EXACT_WS/MP429/2025-2026/232077_200000,EXACT,WS/MP429/2025-2026/232077,GRAM PANCHAYAT BADMAR,200000.0,,True,Rate-Card Baseline detected (Statutory Rate),MEDIUM,LEGITIMATE_RATE_CARD
DUP_EXACT_WS/MP380/2025-2026/193119_40000,EXACT,WS/MP380/2025-2026/193119,SOHAL CEMENT STORE,40000.0,,True,Rate-Card Baseline detected (Statutory Rate),MEDIUM,LEGITIMATE_RATE_CARD
DUP_EXACT_WS/MP380/2025-2026/193124_45756,EXACT,WS/MP380/2025-2026/193124,MS TEJA SINGH PIPE FACTORY,45756.0,,False,Work+Vendor+Amount+Date exact match,CRITICAL,NEW
DUP_EXACT_WS/MP380/2025-2026/193124_48298,EXACT,WS/MP380/2025-2026/193124,MS TEJA SINGH PIPE FACTORY,48298.0,,False,Work+Vendor+Amount+Date exact match,CRITICAL,NEW
DUP_EXACT_WS/MP380/2025-2026/213878_46600,EXACT,WS/MP380/2025-2026/213878,KHALSA TILES INDUSTRY,46600.0,,True,Rate-Card Baseline detected (Statutory Rate),MEDIUM,LEGITIMATE_RATE_CARD
DUP_EXACT_WS/MP380/2025-2026/213875_46600,EXACT,WS/MP380/2025-2026/213875,KHALSA TILES INDUSTRY,46600.0,,True,Rate-Card Baseline detected (Statutory Rate),MEDIUM,LEGITIMATE_RATE_CARD
DUP_EXACT_WS/MP380/2025-2026/213874_46600,EXACT,WS/MP380/2025-2026/213874,KHALSA TILES INDUSTRY,46600.0,,True,Rate-Card Baseline detected (Statutory Rate),MEDIUM,LEGITIMATE_RATE_CARD
DUP_EXACT_WS/MP18158/2025-2026/201351_48930,EXACT,WS/MP18158/2025-2026/201351,MS JHINGER TILE FACTORY,48930.0,,True,Rate-Card Baseline detected (Statutory Rate),MEDIUM,LEGITIMATE_RATE_CARD
DUP_EXACT_WS/MP18314/2025-2026/190975_20400,EXACT,WS/MP18314/2025-2026/190975,DHANAULA BKO,20400.0,,True,Rate-Card Baseline detected (Statutory Rate),MEDIUM,LEGITIMATE_RATE_CARD
DUP_EXACT_WS/MP716/2024-2025/139171_42000,EXACT,WS/MP716/2024-2025/139171,SHRI GANPATI TILES,42000.0,,True,Rate-Card Baseline detected (Statutory Rate),MEDIUM,LEGITIMATE_RATE_CARD
DUP_EXACT_WS/MP428/2025-2026/239139_50000,EXACT,WS/MP428/2025-2026/239139,GRAM PANCHAYAT TUMBDIBOD,50000.0,,True,Rate-Card Baseline detected (Statutory Rate),MEDIUM,LEGITIMATE_RATE_CARD
DUP_EXACT_WS/MP428/2025-2026/239138_150000,EXACT,WS/MP428/2025-2026/239138,GRAM PANCHAYAT TUMBDIBOD,150000.0,,True,Rate-Card Baseline detected (Statutory Rate),MEDIUM,LEGITIMATE_RATE_CARD
DUP_EXACT_WS/MP428/2025-2026/239137_150000,EXACT,WS/MP428/2025-2026/239137,GRAM PANCHAYAT TUMBDIBOD,150000.0,,True,Rate-Card Baseline detected (Statutory Rate),MEDIUM,LEGITIMATE_RATE_CARD
DUP_EXACT_WS/MP18158/2025-2026/201393_32648,EXACT,WS/MP18158/2025-2026/201393,SHRI SWASTIK BKO,32648.0,,True,Rate-Card Baseline detected (Statutory Rate),MEDIUM,LEGITIMATE_RATE_CARD
DUP_EXACT_WS/MP18155/2024-2025/141719_21500,EXACT,WS/MP18155/2024-2025/141719,SHIV SHAKTI HARDWARE STORE,21500.0,,False,Work+Vendor+Amount+Date exact match,CRITICAL,NEW
DUP_EXACT_WS/MP380/2025-2026/243156_22512,EXACT,WS/MP380/2025-2026/243156,DHARMINDER KUMAR BKO,22512.0,,False,Work+Vendor+Amount+Date exact match,CRITICAL,NEW
DUP_EXACT_WS/MP380/2025-2026/243156_37520,EXACT,WS/MP380/2025-2026/243156,DHARMINDER KUMAR BKO,37520.0,,False,Work+Vendor+Amount+Date exact match,CRITICAL,NEW
DUP_EXACT_WS/MP380/2025-2026/199112_21302,EXACT,WS/MP380/2025-2026/199112,DHARMINDER KUMAR BKO,21302.0,,False,Work+Vendor+Amount+Date exact match,CRITICAL,NEW
DUP_EXACT_WS/MP18326/2025-2026/160190_49560,EXACT,WS/MP18326/2025-2026/160190,JAY SOMNATH ENTERPRISE,49560.0,,True,Rate-Card Baseline detected (Statutory Rate),MEDIUM,LEGITIMATE_RATE_CARD
DUP_EXACT_WS/MP18326/2025-2026/160189_49560,EXACT,WS/MP18326/2025-2026/160189,JAY SOMNATH ENTERPRISE,49560.0,,True,Rate-Card Baseline detected (Statutory Rate),MEDIUM,LEGITIMATE_RATE_CARD
DUP_EXACT_WS/MP18155/2025-2026/249971_45600,EXACT,WS/MP18155/2025-2026/249971,HAR ENTERPRISES,45600.0,,True,Rate-Card Baseline detected (Statutory Rate),MEDIUM,LEGITIMATE_RATE_CARD
DUP_EXACT_WS/MP18155/2025-2026/206621_12300,EXACT,WS/MP18155/2025-2026/206621,GUPTA STEEL CEMENT STORE,12300.0,,False,Work+Vendor+Amount+Date exact match,CRITICAL,NEW
DUP_EXACT_WS/MP18314/2025-2026/219464_20400,EXACT,WS/MP18314/2025-2026/219464,DHANAULA BKO,20400.0,,True,Rate-Card Baseline detected (Statutory Rate),MEDIUM,LEGITIMATE_RATE_CARD
DUP_EXACT_WS/MP492/2024-2025/134984_4617000,EXACT,WS/MP492/2024-2025/134984,RMK ENTERPRISES,4617000.0,,False,Work+Vendor+Amount+Date exact match,CRITICAL,NEW
DUP_EXACT_WS/MP380/2025-2026/192906_28408,EXACT,WS/MP380/2025-2026/192906,M H BRICKS,28408.0,,False,Work+Vendor+Amount+Date exact match,CRITICAL,NEW
DUP_EXACT_WS/MP18152/2024-2025/140028_39000,EXACT,WS/MP18152/2024-2025/140028,GARG GRAM UDYOG SAMITI,39000.0,,True,Rate-Card Baseline detected (Statutory Rate),MEDIUM,LEGITIMATE_RATE_CARD
DUP_EXACT_WS/MP18072/2025-2026/213935_200000,EXACT,WS/MP18072/2025-2026/213935,BIRENDRA KUMAR MAHATO,200000.0,,True,Rate-Card Baseline detected (Statutory Rate),MEDIUM,LEGITIMATE_RATE_CARD
DUP_EXACT_WS/MP18072/2025-2026/214258_200000,EXACT,WS/MP18072/2025-2026/214258,BIRENDRA KUMAR MAHATO,200000.0,,True,Rate-Card Baseline detected (Statutory Rate),MEDIUM,LEGITIMATE_RATE_CARD
DUP_EXACT_WS/MP18072/2025-2026/234398_250000,EXACT,WS/MP18072/2025-2026/234398,BIRENDRA KUMAR MAHATO,250000.0,,True,Rate-Card Baseline detected (Statutory Rate),MEDIUM,LEGITIMATE_RATE_CARD
DUP_EXACT_WS/MP18072/2025-2026/213938_150000,EXACT,WS/MP18072/2025-2026/213938,BIRENDRA KUMAR MAHATO,150000.0,,True,Rate-Card Baseline detected (Statutory Rate),MEDIUM,LEGITIMATE_RATE_CARD
DUP_EXACT_WS/MP18072/2025-2026/201053_175000,EXACT,WS/MP18072/2025-2026/201053,BIRENDRA KUMAR MAHATO,175000.0,,True,Rate-Card Baseline detected (Statutory Rate),MEDIUM,LEGITIMATE_RATE_CARD
DUP_EXACT_WS/MP18072/2025-2026/201051_200000,EXACT,WS/MP18072/2025-2026/201051,BIRENDRA KUMAR MAHATO,200000.0,,True,Rate-Card Baseline detected (Statutory Rate),MEDIUM,LEGITIMATE_RATE_CARD
DUP_EXACT_WS/MP18072/2025-2026/213975_200000,EXACT,WS/MP18072/2025-2026/213975,BIRENDRA KUMAR MAHATO,200000.0,,True,Rate-Card Baseline detected (Statutory Rate),MEDIUM,LEGITIMATE_RATE_CARD
DUP_EXACT_WS/MP18072/2025-2026/215321_150000,EXACT,WS/MP18072/2025-2026/215321,BIRENDRA KUMAR MAHATO,150000.0,,True,Rate-Card Baseline detected (Statutory Rate),MEDIUM,LEGITIMATE_RATE_CARD
DUP_EXACT_WS/MP18072/2025-2026/234397_250000,EXACT,WS/MP18072/2025-2026/234397,BIRENDRA KUMAR MAHATO,250000.0,,True,Rate-Card Baseline detected (Statutory Rate),MEDIUM,LEGITIMATE_RATE_CARD
DUP_EXACT_WS/MP18072/2025-2026/201095_200000,EXACT,WS/MP18072/2025-2026/201095,BIRENDRA KUMAR MAHATO,200000.0,,True,Rate-Card Baseline detected (Statutory Rate),MEDIUM,LEGITIMATE_RATE_CARD
DUP_EXACT_WS/MP18072/2025-2026/203173_200000,EXACT,WS/MP18072/2025-2026/203173,BIRENDRA KUMAR MAHATO,200000.0,,True,Rate-Card Baseline detected (Statutory Rate),MEDIUM,LEGITIMATE_RATE_CARD
DUP_EXACT_WS/MP18072/2025-2026/204360_150000,EXACT,WS/MP18072/2025-2026/204360,BIRENDRA KUMAR MAHATO,150000.0,,True,Rate-Card Baseline detected (Statutory Rate),MEDIUM,LEGITIMATE_RATE_CARD
DUP_EXACT_WS/MP18072/2025-2026/213930_200000,EXACT,WS/MP18072/2025-2026/213930,BIRENDRA KUMAR MAHATO,200000.0,,True,Rate-Card Baseline detected (Statutory Rate),MEDIUM,LEGITIMATE_RATE_CARD
DUP_EXACT_WS/MP18072/2025-2026/213932_200000,EXACT,WS/MP18072/2025-2026/213932,BIRENDRA KUMAR MAHATO,200000.0,,True,Rate-Card Baseline detected (Statutory Rate),MEDIUM,LEGITIMATE_RATE_CARD
DUP_EXACT_WS/MP18072/2025-2026/214199_200000,EXACT,WS/MP18072/2025-2026/214199,BIRENDRA KUMAR MAHATO,200000.0,,True,Rate-Card Baseline detected (Statutory Rate),MEDIUM,LEGITIMATE_RATE_CARD
DUP_EXACT_WS/MP18072/2025-2026/208434_200000,EXACT,WS/MP18072/2025-2026/208434,BIRENDRA KUMAR MAHATO,200000.0,,True,Rate-Card Baseline detected (Statutory Rate),MEDIUM,LEGITIMATE_RATE_CARD
DUP_EXACT_WS/MP18072/2025-2026/201054_200000,EXACT,WS/MP18072/2025-2026/201054,BIRENDRA KUMAR MAHATO,200000.0,,True,Rate-Card Baseline detected (Statutory Rate),MEDIUM,LEGITIMATE_RATE_CARD
DUP_EXACT_WS/MP18072/2025-2026/208435_200000,EXACT,WS/MP18072/2025-2026/208435,BIRENDRA KUMAR MAHATO,200000.0,,True,Rate-Card Baseline detected (Statutory Rate),MEDIUM,LEGITIMATE_RATE_CARD
DUP_EXACT_WS/MP18072/2025-2026/213943_200000,EXACT,WS/MP18072/2025-2026/213943,BIRENDRA KUMAR MAHATO,200000.0,,True,Rate-Card Baseline detected (Statutory Rate),MEDIUM,LEGITIMATE_RATE_CARD
DUP_EXACT_WS/MP18072/2025-2026/213944_200000,EXACT,WS/MP18072/2025-2026/213944,BIRENDRA KUMAR MAHATO,200000.0,,True,Rate-Card Baseline detected (Statutory Rate),MEDIUM,LEGITIMATE_RATE_CARD
DUP_EXACT_WS/MP18072/2025-2026/204341_200000,EXACT,WS/MP18072/2025-2026/204341,BIRENDRA KUMAR MAHATO,200000.0,,True,Rate-Card Baseline detected (Statutory Rate),MEDIUM,LEGITIMATE_RATE_CARD
DUP_EXACT_WS/MP18072/2025-2026/204339_200000,EXACT,WS/MP18072/2025-2026/204339,BIRENDRA KUMAR MAHATO,200000.0,,True,Rate-Card Baseline detected (Statutory Rate),MEDIUM,LEGITIMATE_RATE_CARD
DUP_EXACT_WS/MP18072/2025-2026/200057_200000,EXACT,WS/MP18072/2025-2026/200057,BIRENDRA KUMAR MAHATO,200000.0,,True,Rate-Card Baseline detected (Statutory Rate),MEDIUM,LEGITIMATE_RATE_CARD
DUP_EXACT_WS/MP18072/2025-2026/203171_250000,EXACT,WS/MP18072/2025-2026/203171,BIRENDRA KUMAR MAHATO,250000.0,,True,Rate-Card Baseline detected (Statutory Rate),MEDIUM,LEGITIMATE_RATE_CARD
DUP_EXACT_WS/MP18072/2025-2026/201094_200000,EXACT,WS/MP18072/2025-2026/201094,BIRENDRA KUMAR MAHATO,200000.0,,True,Rate-Card Baseline detected (Statutory Rate),MEDIUM,LEGITIMATE_RATE_CARD
DUP_EXACT_WS/MP18072/2025-2026/201098_200000,EXACT,WS/MP18072/2025-2026/201098,BIRENDRA KUMAR MAHATO,200000.0,,True,Rate-Card Baseline detected (Statutory Rate),MEDIUM,LEGITIMATE_RATE_CARD
DUP_EXACT_WS/MP18072/2025-2026/214198_150000,EXACT,WS/MP18072/2025-2026/214198,BIRENDRA KUMAR MAHATO,150000.0,,True,Rate-Card Baseline detected (Statutory Rate),MEDIUM,LEGITIMATE_RATE_CARD
DUP_EXACT_WS/MP18072/2025-2026/214200_100000,EXACT,WS/MP18072/2025-2026/214200,BIRENDRA KUMAR MAHATO,100000.0,,True,Rate-Card Baseline detected (Statutory Rate),MEDIUM,LEGITIMATE_RATE_CARD
DUP_EXACT_WS/MP18072/2025-2026/203170_250000,EXACT,WS/MP18072/2025-2026/203170,BIRENDRA KUMAR MAHATO,250000.0,,True,Rate-Card Baseline detected (Statutory Rate),MEDIUM,LEGITIMATE_RATE_CARD
DUP_EXACT_WS/MP18072/2025-2026/214260_200000,EXACT,WS/MP18072/2025-2026/214260,BIRENDRA KUMAR MAHATO,200000.0,,True,Rate-Card Baseline detected (Statutory Rate),MEDIUM,LEGITIMATE_RATE_CARD
DUP_EXACT_WS/MP18072/2025-2026/213976_200000,EXACT,WS/MP18072/2025-2026/213976,BIRENDRA KUMAR MAHATO,200000.0,,True,Rate-Card Baseline detected (Statutory Rate),MEDIUM,LEGITIMATE_RATE_CARD
DUP_EXACT_WS/MP18072/2025-2026/213933_200000,EXACT,WS/MP18072/2025-2026/213933,BIRENDRA KUMAR MAHATO,200000.0,,True,Rate-Card Baseline detected (Statutory Rate),MEDIUM,LEGITIMATE_RATE_CARD
DUP_EXACT_WS/MP18072/2025-2026/201096_200000,EXACT,WS/MP18072/2025-2026/201096,BIRENDRA KUMAR MAHATO,200000.0,,True,Rate-Card Baseline detected (Statutory Rate),MEDIUM,LEGITIMATE_RATE_CARD
DUP_EXACT_WS/MP18072/2025-2026/201092_200000,EXACT,WS/MP18072/2025-2026/201092,BIRENDRA KUMAR MAHATO,200000.0,,True,Rate-Card Baseline detected (Statutory Rate),MEDIUM,LEGITIMATE_RATE_CARD
DUP_EXACT_WS/MP18072/2025-2026/204317_175000,EXACT,WS/MP18072/2025-2026/204317,BIRENDRA KUMAR MAHATO,175000.0,,True,Rate-Card Baseline detected (Statutory Rate),MEDIUM,LEGITIMATE_RATE_CARD
DUP_EXACT_WS/MP18072/2025-2026/200058_200000,EXACT,WS/MP18072/2025-2026/200058,BIRENDRA KUMAR MAHATO,200000.0,,True,Rate-Card Baseline detected (Statutory Rate),MEDIUM,LEGITIMATE_RATE_CARD
DUP_EXACT_WS/MP18072/2025-2026/201093_150000,EXACT,WS/MP18072/2025-2026/201093,BIRENDRA KUMAR MAHATO,150000.0,,True,Rate-Card Baseline detected (Statutory Rate),MEDIUM,LEGITIMATE_RATE_CARD
DUP_EXACT_WS/MP18072/2025-2026/213931_200000,EXACT,WS/MP18072/2025-2026/213931,BIRENDRA KUMAR MAHATO,200000.0,,True,Rate-Card Baseline detected (Statutory Rate),MEDIUM,LEGITIMATE_RATE_CARD
DUP_EXACT_WS/MP18072/2025-2026/208437_175000,EXACT,WS/MP18072/2025-2026/208437,BIRENDRA KUMAR MAHATO,175000.0,,True,Rate-Card Baseline detected (Statutory Rate),MEDIUM,LEGITIMATE_RATE_CARD
DUP_EXACT_WS/MP18072/2025-2026/204359_150000,EXACT,WS/MP18072/2025-2026/204359,BIRENDRA KUMAR MAHATO,150000.0,,True,Rate-Card Baseline detected (Statutory Rate),MEDIUM,LEGITIMATE_RATE_CARD
DUP_EXACT_WS/MP380/2025-2026/231503_47342,EXACT,WS/MP380/2025-2026/231503,GURU NANAK TILES,47342.0,,False,Work+Vendor+Amount+Date exact match,CRITICAL,NEW
DUP_EXACT_WS/MP380/2026-2027/273249_47342,EXACT,WS/MP380/2026-2027/273249,GURU NANAK TILES,47342.0,,False,Work+Vendor+Amount+Date exact match,CRITICAL,NEW
DUP_EXACT_WS/MP18158/2025-2026/231628_40810,EXACT,WS/MP18158/2025-2026/231628,ASHOK KUMAR,40810.0,,True,Rate-Card Baseline detected (Statutory Rate),MEDIUM,LEGITIMATE_RATE_CARD
DUP_EXACT_WS/MP18158/2025-2026/197598_40810,EXACT,WS/MP18158/2025-2026/197598,ASHOK KUMAR,40810.0,,True,Rate-Card Baseline detected (Statutory Rate),MEDIUM,LEGITIMATE_RATE_CARD
DUP_EXACT_WS/MP18158/2025-2026/201322_32648,EXACT,WS/MP18158/2025-2026/201322,ASHOK KUMAR,32648.0,,True,Rate-Card Baseline detected (Statutory Rate),MEDIUM,LEGITIMATE_RATE_CARD
DUP_EXACT_WS/MP18158/2025-2026/218173_40775,EXACT,WS/MP18158/2025-2026/218173,KHALSA TILES INDUSTRIES,40775.0,,False,Work+Vendor+Amount+Date exact match,CRITICAL,NEW
DUP_EXACT_WS/MP18158/2025-2026/203335_46600,EXACT,WS/MP18158/2025-2026/203335,KHALSA TILES INDUSTRIES,46600.0,,True,Rate-Card Baseline detected (Statutory Rate),MEDIUM,LEGITIMATE_RATE_CARD
DUP_EXACT_WS/MP18155/2025-2026/184207_49880,EXACT,WS/MP18155/2025-2026/184207,NARESH HARDWARE STORE,49880.0,,False,Work+Vendor+Amount+Date exact match,CRITICAL,NEW
DUP_EXACT_WS/MP716/2025-2026/210115_125000,EXACT,WS/MP716/2025-2026/210115,RK ENTERPRISES,125000.0,,True,Rate-Card Baseline detected (Statutory Rate),MEDIUM,LEGITIMATE_RATE_CARD
DUP_EXACT_WS/MP18072/2025-2026/254645_150000,EXACT,WS/MP18072/2025-2026/254645,BIRENDRA KUMAR MAHATO,150000.0,,True,Rate-Card Baseline detected (Statutory Rate),MEDIUM,LEGITIMATE_RATE_CARD
DUP_EXACT_WS/MP18072/2025-2026/254643_175000,EXACT,WS/MP18072/2025-2026/254643,BIRENDRA KUMAR MAHATO,175000.0,,True,Rate-Card Baseline detected (Statutory Rate),MEDIUM,LEGITIMATE_RATE_CARD
DUP_EXACT_WS/MP18072/2025-2026/257907_175000,EXACT,WS/MP18072/2025-2026/257907,BIRENDRA KUMAR MAHATO,175000.0,,True,Rate-Card Baseline detected (Statutory Rate),MEDIUM,LEGITIMATE_RATE_CARD
DUP_EXACT_WS/MP18072/2025-2026/257908_150000,EXACT,WS/MP18072/2025-2026/257908,BIRENDRA KUMAR MAHATO,150000.0,,True,Rate-Card Baseline detected (Statutory Rate),MEDIUM,LEGITIMATE_RATE_CARD
DUP_EXACT_WS/MP18072/2025-2026/255307_175000,EXACT,WS/MP18072/2025-2026/255307,BIRENDRA KUMAR MAHATO,175000.0,,True,Rate-Card Baseline detected (Statutory Rate),MEDIUM,LEGITIMATE_RATE_CARD
DUP_EXACT_WS/MP18072/2025-2026/255304_175000,EXACT,WS/MP18072/2025-2026/255304,BIRENDRA KUMAR MAHATO,175000.0,,True,Rate-Card Baseline detected (Statutory Rate),MEDIUM,LEGITIMATE_RATE_CARD
DUP_EXACT_WS/MP18072/2025-2026/254647_200000,EXACT,WS/MP18072/2025-2026/254647,BIRENDRA KUMAR MAHATO,200000.0,,True,Rate-Card Baseline detected (Statutory Rate),MEDIUM,LEGITIMATE_RATE_CARD
DUP_EXACT_WS/MP18072/2025-2026/255305_175000,EXACT,WS/MP18072/2025-2026/255305,BIRENDRA KUMAR MAHATO,175000.0,,True,Rate-Card Baseline detected (Statutory Rate),MEDIUM,LEGITIMATE_RATE_CARD
DUP_EXACT_WS/MP18072/2025-2026/259776_125000,EXACT,WS/MP18072/2025-2026/259776,BIRENDRA KUMAR MAHATO,125000.0,,True,Rate-Card Baseline detected (Statutory Rate),MEDIUM,LEGITIMATE_RATE_CARD
DUP_EXACT_WS/MP18072/2025-2026/242697_175000,EXACT,WS/MP18072/2025-2026/242697,BIRENDRA KUMAR MAHATO,175000.0,,True,Rate-Card Baseline detected (Statutory Rate),MEDIUM,LEGITIMATE_RATE_CARD
DUP_EXACT_WS/MP18072/2025-2026/203172_200000,EXACT,WS/MP18072/2025-2026/203172,BIRENDRA KUMAR MAHATO,200000.0,,True,Rate-Card Baseline detected (Statutory Rate),MEDIUM,LEGITIMATE_RATE_CARD
DUP_EXACT_WS/MP18072/2025-2026/242693_150000,EXACT,WS/MP18072/2025-2026/242693,BIRENDRA KUMAR MAHATO,150000.0,,True,Rate-Card Baseline detected (Statutory Rate),MEDIUM,LEGITIMATE_RATE_CARD
DUP_EXACT_WS/MP18072/2025-2026/242905_150000,EXACT,WS/MP18072/2025-2026/242905,BIRENDRA KUMAR MAHATO,150000.0,,True,Rate-Card Baseline detected (Statutory Rate),MEDIUM,LEGITIMATE_RATE_CARD
DUP_EXACT_WS/MP18072/2025-2026/208438_175000,EXACT,WS/MP18072/2025-2026/208438,BIRENDRA KUMAR MAHATO,175000.0,,True,Rate-Card Baseline detected (Statutory Rate),MEDIUM,LEGITIMATE_RATE_CARD
DUP_EXACT_WS/MP18072/2025-2026/242692_175000,EXACT,WS/MP18072/2025-2026/242692,BIRENDRA KUMAR MAHATO,175000.0,,True,Rate-Card Baseline detected (Statutory Rate),MEDIUM,LEGITIMATE_RATE_CARD
DUP_EXACT_WS/MP18072/2025-2026/213937_200000,EXACT,WS/MP18072/2025-2026/213937,BIRENDRA KUMAR MAHATO,200000.0,,True,Rate-Card Baseline detected (Statutory Rate),MEDIUM,LEGITIMATE_RATE_CARD
DUP_EXACT_WS/MP18072/2025-2026/213946_150000,EXACT,WS/MP18072/2025-2026/213946,BIRENDRA KUMAR MAHATO,150000.0,,True,Rate-Card Baseline detected (Statutory Rate),MEDIUM,LEGITIMATE_RATE_CARD
DUP_EXACT_WS/MP18072/2025-2026/213942_200000,EXACT,WS/MP18072/2025-2026/213942,BIRENDRA KUMAR MAHATO,200000.0,,True,Rate-Card Baseline detected (Statutory Rate),MEDIUM,LEGITIMATE_RATE_CARD
DUP_EXACT_WS/MP18072/2025-2026/242909_150000,EXACT,WS/MP18072/2025-2026/242909,BIRENDRA KUMAR MAHATO,150000.0,,True,Rate-Card Baseline detected (Statutory Rate),MEDIUM,LEGITIMATE_RATE_CARD
DUP_EXACT_WS/MP18072/2025-2026/242690_175000,EXACT,WS/MP18072/2025-2026/242690,BIRENDRA KUMAR MAHATO,175000.0,,True,Rate-Card Baseline detected (Statutory Rate),MEDIUM,LEGITIMATE_RATE_CARD
DUP_EXACT_WS/MP18072/2025-2026/204316_225000,EXACT,WS/MP18072/2025-2026/204316,BIRENDRA KUMAR MAHATO,225000.0,,True,Rate-Card Baseline detected (Statutory Rate),MEDIUM,LEGITIMATE_RATE_CARD
DUP_EXACT_WS/MP18072/2025-2026/204361_200000,EXACT,WS/MP18072/2025-2026/204361,BIRENDRA KUMAR MAHATO,200000.0,,True,Rate-Card Baseline detected (Statutory Rate),MEDIUM,LEGITIMATE_RATE_CARD
DUP_EXACT_WS/MP18072/2025-2026/215320_200000,EXACT,WS/MP18072/2025-2026/215320,BIRENDRA KUMAR MAHATO,200000.0,,True,Rate-Card Baseline detected (Statutory Rate),MEDIUM,LEGITIMATE_RATE_CARD
DUP_EXACT_WS/MP18072/2025-2026/201052_200000,EXACT,WS/MP18072/2025-2026/201052,BIRENDRA KUMAR MAHATO,200000.0,,True,Rate-Card Baseline detected (Statutory Rate),MEDIUM,LEGITIMATE_RATE_CARD
DUP_EXACT_WS/MP18072/2025-2026/213974_100000,EXACT,WS/MP18072/2025-2026/213974,BIRENDRA KUMAR MAHATO,100000.0,,True,Rate-Card Baseline detected (Statutory Rate),MEDIUM,LEGITIMATE_RATE_CARD
DUP_EXACT_WS/MP18072/2025-2026/208443_187500,EXACT,WS/MP18072/2025-2026/208443,BIRENDRA KUMAR MAHATO,187500.0,,True,Rate-Card Baseline detected (Statutory Rate),MEDIUM,LEGITIMATE_RATE_CARD
DUP_EXACT_WS/MP18072/2025-2026/201056_200000,EXACT,WS/MP18072/2025-2026/201056,BIRENDRA KUMAR MAHATO,200000.0,,True,Rate-Card Baseline detected (Statutory Rate),MEDIUM,LEGITIMATE_RATE_CARD
DUP_EXACT_WS/MP18072/2025-2026/213934_200000,EXACT,WS/MP18072/2025-2026/213934,BIRENDRA KUMAR MAHATO,200000.0,,True,Rate-Card Baseline detected (Statutory Rate),MEDIUM,LEGITIMATE_RATE_CARD
DUP_EXACT_WS/MP18072/2025-2026/203178_125000,EXACT,WS/MP18072/2025-2026/203178,BIRENDRA KUMAR MAHATO,125000.0,,True,Rate-Card Baseline detected (Statutory Rate),MEDIUM,LEGITIMATE_RATE_CARD
DUP_EXACT_WS/MP18072/2025-2026/201097_150000,EXACT,WS/MP18072/2025-2026/201097,BIRENDRA KUMAR MAHATO,150000.0,,True,Rate-Card Baseline detected (Statutory Rate),MEDIUM,LEGITIMATE_RATE_CARD
DUP_EXACT_WS/MP18072/2025-2026/201055_200000,EXACT,WS/MP18072/2025-2026/201055,BIRENDRA KUMAR MAHATO,200000.0,,True,Rate-Card Baseline detected (Statutory Rate),MEDIUM,LEGITIMATE_RATE_CARD
DUP_EXACT_WS/MP18072/2025-2026/200056_200000,EXACT,WS/MP18072/2025-2026/200056,BIRENDRA KUMAR MAHATO,200000.0,,True,Rate-Card Baseline detected (Statutory Rate),MEDIUM,LEGITIMATE_RATE_CARD
DUP_EXACT_WS/MP18072/2025-2026/204340_200000,EXACT,WS/MP18072/2025-2026/204340,BIRENDRA KUMAR MAHATO,200000.0,,True,Rate-Card Baseline detected (Statutory Rate),MEDIUM,LEGITIMATE_RATE_CARD
DUP_EXACT_WS/MP18072/2025-2026/201089_200000,EXACT,WS/MP18072/2025-2026/201089,BIRENDRA KUMAR MAHATO,200000.0,,True,Rate-Card Baseline detected (Statutory Rate),MEDIUM,LEGITIMATE_RATE_CARD
DUP_EXACT_WS/MP18072/2025-2026/201091_200000,EXACT,WS/MP18072/2025-2026/201091,BIRENDRA KUMAR MAHATO,200000.0,,True,Rate-Card Baseline detected (Statutory Rate),MEDIUM,LEGITIMATE_RATE_CARD
DUP_EXACT_WS/MP18072/2025-2026/215855_150000,EXACT,WS/MP18072/2025-2026/215855,BIRENDRA KUMAR MAHATO,150000.0,,True,Rate-Card Baseline detected (Statutory Rate),MEDIUM,LEGITIMATE_RATE_CARD
DUP_EXACT_WS/MP18072/2025-2026/213936_150000,EXACT,WS/MP18072/2025-2026/213936,BIRENDRA KUMAR MAHATO,150000.0,,True,Rate-Card Baseline detected (Statutory Rate),MEDIUM,LEGITIMATE_RATE_CARD
DUP_EXACT_WS/MP18072/2025-2026/214201_150000,EXACT,WS/MP18072/2025-2026/214201,BIRENDRA KUMAR MAHATO,150000.0,,True,Rate-Card Baseline detected (Statutory Rate),MEDIUM,LEGITIMATE_RATE_CARD
DUP_EXACT_WS/MP18072/2025-2026/208433_200000,EXACT,WS/MP18072/2025-2026/208433,BIRENDRA KUMAR MAHATO,200000.0,,True,Rate-Card Baseline detected (Statutory Rate),MEDIUM,LEGITIMATE_RATE_CARD
DUP_EXACT_WS/MP18155/2025-2026/198948_75000,EXACT,WS/MP18155/2025-2026/198948,SHRI GURU NANAK INTERLOCKING CEMENT TILE,75000.0,,True,Rate-Card Baseline detected (Statutory Rate),MEDIUM,LEGITIMATE_RATE_CARD
DUP_EXACT_WS/MP18155/2025-2026/198948_57000,EXACT,WS/MP18155/2025-2026/198948,SHRI GURU NANAK INTERLOCKING CEMENT TILE,57000.0,,True,Rate-Card Baseline detected (Statutory Rate),MEDIUM,LEGITIMATE_RATE_CARD
DUP_EXACT_WS/MP18155/2024-2025/141570_57000,EXACT,WS/MP18155/2024-2025/141570,GILL BUILDING MATERIAL,57000.0,,True,Rate-Card Baseline detected (Statutory Rate),MEDIUM,LEGITIMATE_RATE_CARD
DUP_EXACT_WS/MP18155/2024-2025/141571_96900,EXACT,WS/MP18155/2024-2025/141571,GILL BUILDING MATERIAL,96900.0,,True,Rate-Card Baseline detected (Statutory Rate),MEDIUM,LEGITIMATE_RATE_CARD
DUP_EXACT_WS/MP380/2025-2026/231504_47320,EXACT,WS/MP380/2025-2026/231504,PARTAP SINGH ENTERPRISES,47320.0,,True,Rate-Card Baseline detected (Statutory Rate),MEDIUM,LEGITIMATE_RATE_CARD
DUP_EXACT_WS/MP18158/2025-2026/186022_49686,EXACT,WS/MP18158/2025-2026/186022,PARTAP SINGH ENTERPRISES,49686.0,,False,Work+Vendor+Amount+Date exact match,CRITICAL,NEW
DUP_EXACT_WS/MP380/2025-2026/192907_47320,EXACT,WS/MP380/2025-2026/192907,PARTAP SINGH ENTERPRISES,47320.0,,True,Rate-Card Baseline detected (Statutory Rate),MEDIUM,LEGITIMATE_RATE_CARD
DUP_EXACT_WS/MP18152/2025-2026/220385_45880,EXACT,WS/MP18152/2025-2026/220385,JAI INTERLOCK AND BUILDING MATERIAL STORE,45880.0,,True,Rate-Card Baseline detected (Statutory Rate),MEDIUM,LEGITIMATE_RATE_CARD
DUP_EXACT_WS/MP18152/2025-2026/220386_45880,EXACT,WS/MP18152/2025-2026/220386,JAI INTERLOCK AND BUILDING MATERIAL STORE,45880.0,,True,Rate-Card Baseline detected (Statutory Rate),MEDIUM,LEGITIMATE_RATE_CARD
DUP_EXACT_WS/MP18152/2025-2026/220386_40145,EXACT,WS/MP18152/2025-2026/220386,JAI INTERLOCK AND BUILDING MATERIAL STORE,40145.0,,False,Work+Vendor+Amount+Date exact match,CRITICAL,NEW
DUP_EXACT_WS/MP18152/2025-2026/220384_45880,EXACT,WS/MP18152/2025-2026/220384,JAI INTERLOCK AND BUILDING MATERIAL STORE,45880.0,,True,Rate-Card Baseline detected (Statutory Rate),MEDIUM,LEGITIMATE_RATE_CARD
DUP_EXACT_WS/MP18152/2025-2026/220384_34410,EXACT,WS/MP18152/2025-2026/220384,JAI INTERLOCK AND BUILDING MATERIAL STORE,34410.0,,True,Rate-Card Baseline detected (Statutory Rate),MEDIUM,LEGITIMATE_RATE_CARD
DUP_EXACT_WS/MP18152/2025-2026/220384_40145,EXACT,WS/MP18152/2025-2026/220384,JAI INTERLOCK AND BUILDING MATERIAL STORE,40145.0,,False,Work+Vendor+Amount+Date exact match,CRITICAL,NEW
DUP_EXACT_WS/MP18155/2024-2025/161880_28000,EXACT,WS/MP18155/2024-2025/161880,MS SHARMA BROCK TECH,28000.0,,True,Rate-Card Baseline detected (Statutory Rate),MEDIUM,LEGITIMATE_RATE_CARD
DUP_EXACT_WS/MP18155/2024-2025/161880_14000,EXACT,WS/MP18155/2024-2025/161880,MS SHARMA BROCK TECH,14000.0,,True,Rate-Card Baseline detected (Statutory Rate),MEDIUM,LEGITIMATE_RATE_CARD
DUP_EXACT_WS/MP18155/2025-2026/247634_50000,EXACT,WS/MP18155/2025-2026/247634,MS LOVELY ENTERPRISES,50000.0,,True,Rate-Card Baseline detected (Statutory Rate),MEDIUM,LEGITIMATE_RATE_CARD
DUP_EXACT_WS/MP18155/2024-2025/141714_45600,EXACT,WS/MP18155/2024-2025/141714,MS LOVELY ENTERPRISES,45600.0,,True,Rate-Card Baseline detected (Statutory Rate),MEDIUM,LEGITIMATE_RATE_CARD
DUP_EXACT_WS/MP18155/2024-2025/141707_49590,EXACT,WS/MP18155/2024-2025/141707,MS LOVELY ENTERPRISES,49590.0,,False,Work+Vendor+Amount+Date exact match,CRITICAL,NEW
DUP_EXACT_WS/MP334/2025-2026/223415_50000,EXACT,WS/MP334/2025-2026/223415,NARAYAN MAHATO,50000.0,,True,Rate-Card Baseline detected (Statutory Rate),MEDIUM,LEGITIMATE_RATE_CARD
DUP_EXACT_WS/MP641/2025-2026/220370_200000,EXACT,WS/MP641/2025-2026/220370,JANPAD PANCHAYT MAHESHAWAR,200000.0,,True,Rate-Card Baseline detected (Statutory Rate),MEDIUM,LEGITIMATE_RATE_CARD
DUP_EXACT_WS/MP641/2024-2025/149498_250000,EXACT,WS/MP641/2024-2025/149498,JANPAD PANCHAYT MAHESHAWAR,250000.0,,True,Rate-Card Baseline detected (Statutory Rate),MEDIUM,LEGITIMATE_RATE_CARD
DUP_EXACT_WS/MP641/2024-2025/147414_250000,EXACT,WS/MP641/2024-2025/147414,JANPAD PANCHAYT MAHESHAWAR,250000.0,,True,Rate-Card Baseline detected (Statutory Rate),MEDIUM,LEGITIMATE_RATE_CARD
DUP_EXACT_WS/MP641/2024-2025/147659_500000,EXACT,WS/MP641/2024-2025/147659,JANPAD PANCHAYT MAHESHAWAR,500000.0,,True,Rate-Card Baseline detected (Statutory Rate),MEDIUM,LEGITIMATE_RATE_CARD
DUP_EXACT_WS/MP428/2025-2026/249174_250000,EXACT,WS/MP428/2025-2026/249174,HIMANSHU SONWANI,250000.0,,True,Rate-Card Baseline detected (Statutory Rate),MEDIUM,LEGITIMATE_RATE_CARD
DUP_EXACT_WS/MP507/2024-2025/170558_3735000,EXACT,WS/MP507/2024-2025/170558,SHREE VISHNU TRADERS,3735000.0,,False,Work+Vendor+Amount+Date exact match,CRITICAL,NEW
DUP_EXACT_WS/MP568/2025-2026/215560_200000,EXACT,WS/MP568/2025-2026/215560,SARPANCH GRAM PANCHYAT PAHANDA A,200000.0,,True,Rate-Card Baseline detected (Statutory Rate),MEDIUM,LEGITIMATE_RATE_CARD
DUP_EXACT_WS/MP568/2025-2026/215559_200000,EXACT,WS/MP568/2025-2026/215559,SARPANCH GRAM PANCHYAT PAHANDA A,200000.0,,True,Rate-Card Baseline detected (Statutory Rate),MEDIUM,LEGITIMATE_RATE_CARD
DUP_EXACT_WS/MP641/2024-2025/133905_125000,EXACT,WS/MP641/2024-2025/133905,JANPAD PANCHAYAT KASRAWAD,125000.0,,True,Rate-Card Baseline detected (Statutory Rate),MEDIUM,LEGITIMATE_RATE_CARD
DUP_EXACT_WS/MP641/2024-2025/147442_500000,EXACT,WS/MP641/2024-2025/147442,JANPAD PANCHAYT KHARGONE,500000.0,,True,Rate-Card Baseline detected (Statutory Rate),MEDIUM,LEGITIMATE_RATE_CARD
DUP_EXACT_WS/MP18375/2025-2026/187690_200000,EXACT,WS/MP18375/2025-2026/187690,GP SAGONIYA JP SANCHI,200000.0,,True,Rate-Card Baseline detected (Statutory Rate),MEDIUM,LEGITIMATE_RATE_CARD
DUP_EXACT_WS/MP18375/2025-2026/187676_600000,EXACT,WS/MP18375/2025-2026/187676,GP SIMARIYAKHURD JP SILWANI,600000.0,,True,Rate-Card Baseline detected (Statutory Rate),MEDIUM,LEGITIMATE_RATE_CARD
DUP_EXACT_WS/MP18203/2026-2027/281155_733960,EXACT,WS/MP18203/2026-2027/281155,ELECTROMECH ENTERPRIES,733960.0,,False,Work+Vendor+Amount+Date exact match,CRITICAL,NEW
DUP_EXACT_WS/MP18335/2025-2026/210413_600000,EXACT,WS/MP18335/2025-2026/210413,SANTOSH KUMAR TAMRKAR,600000.0,,True,Rate-Card Baseline detected (Statutory Rate),MEDIUM,LEGITIMATE_RATE_CARD
DUP_EXACT_WS/MP18336/2024-2025/147587_250000,EXACT,WS/MP18336/2024-2025/147587,GRAM PANCHAYAT KHOUNA,250000.0,,True,Rate-Card Baseline detected (Statutory Rate),MEDIUM,LEGITIMATE_RATE_CARD
DUP_EXACT_WS/MP18336/2024-2025/147583_250000,EXACT,WS/MP18336/2024-2025/147583,GRAM PANCHAYAT DEORI,250000.0,,True,Rate-Card Baseline detected (Statutory Rate),MEDIUM,LEGITIMATE_RATE_CARD
DUP_EXACT_WS/MP18336/2024-2025/135506_500000,EXACT,WS/MP18336/2024-2025/135506,GRAM PANCHAYAT JANJGIRA,500000.0,,True,Rate-Card Baseline detected (Statutory Rate),MEDIUM,LEGITIMATE_RATE_CARD
DUP_EXACT_WS/MP18336/2024-2025/147588_125000,EXACT,WS/MP18336/2024-2025/147588,GRAM PANCHAYAT KURRA,125000.0,,True,Rate-Card Baseline detected (Statutory Rate),MEDIUM,LEGITIMATE_RATE_CARD
DUP_EXACT_WS/MP641/2025-2026/147403_100000,EXACT,WS/MP641/2025-2026/147403,JANPAD PANCHAYAT THIKRI,100000.0,,True,Rate-Card Baseline detected (Statutory Rate),MEDIUM,LEGITIMATE_RATE_CARD
DUP_EXACT_WS/MP641/2024-2025/150917_100000,EXACT,WS/MP641/2024-2025/150917,JANPAD PANCHAYAT RAJPUR,100000.0,,True,Rate-Card Baseline detected (Statutory Rate),MEDIUM,LEGITIMATE_RATE_CARD
DUP_EXACT_WS/MP18201/2025-2026/194865_1017636,EXACT,WS/MP18201/2025-2026/194865,BIHARI JI MAHADEV ASSOCIATES,1017636.0,,False,Work+Vendor+Amount+Date exact match,CRITICAL,NEW
DUP_EXACT_WS/MP18375/2025-2026/187688_125000,EXACT,WS/MP18375/2025-2026/187688,GP RASIDPUR JP GAIRATGANJ,125000.0,,True,Rate-Card Baseline detected (Statutory Rate),MEDIUM,LEGITIMATE_RATE_CARD
DUP_EXACT_WS/MP568/2025-2026/193429_250000,EXACT,WS/MP568/2025-2026/193429,SARPANCH GRAM PANCHYAT MANIKCHAURI,250000.0,,True,Rate-Card Baseline detected (Statutory Rate),MEDIUM,LEGITIMATE_RATE_CARD
DUP_EXACT_WS/MP568/2025-2026/215553_500000,EXACT,WS/MP568/2025-2026/215553,SARPANCH GRAM PANCHYAT PANDAR,500000.0,,True,Rate-Card Baseline detected (Statutory Rate),MEDIUM,LEGITIMATE_RATE_CARD
DUP_EXACT_WS/MP568/2025-2026/215552_50000,EXACT,WS/MP568/2025-2026/215552,SARPANCH GRAM PANCHYAT SIPKONHA,50000.0,,True,Rate-Card Baseline detected (Statutory Rate),MEDIUM,LEGITIMATE_RATE_CARD
DUP_EXACT_WS/MP568/2025-2026/225218_150000,EXACT,WS/MP568/2025-2026/225218,SARPANCH GRAM PANCHYAT KHOLA,150000.0,,True,Rate-Card Baseline detected (Statutory Rate),MEDIUM,LEGITIMATE_RATE_CARD
DUP_EXACT_WS/MP18336/2025-2026/184902_250000,EXACT,WS/MP18336/2025-2026/184902,SARPANCH GRAM PANCHAYAT TARRA,250000.0,,True,Rate-Card Baseline detected (Statutory Rate),MEDIUM,LEGITIMATE_RATE_CARD
DUP_EXACT_WS/MP18336/2024-2025/156453_500000,EXACT,WS/MP18336/2024-2025/156453,GRAM PANCHAYAT KOHKA,500000.0,,True,Rate-Card Baseline detected (Statutory Rate),MEDIUM,LEGITIMATE_RATE_CARD
DUP_EXACT_WS/MP224/2026-2027/284717_400000,EXACT,WS/MP224/2026-2027/284717,GRAM PANCHYAT BALAUDI SGVY,400000.0,,True,Rate-Card Baseline detected (Statutory Rate),MEDIUM,LEGITIMATE_RATE_CARD
DUP_EXACT_WS/MP106/2025-2026/219723_125000,EXACT,WS/MP106/2025-2026/219723,GRAM PANCHAYAT JHOT,125000.0,,True,Rate-Card Baseline detected (Statutory Rate),MEDIUM,LEGITIMATE_RATE_CARD
DUP_EXACT_WS/MP078/2024-2025/48495_50000,EXACT,WS/MP078/2024-2025/48495,BDO DEHRA MP RAJYA SABHA,50000.0,,True,Rate-Card Baseline detected (Statutory Rate),MEDIUM,LEGITIMATE_RATE_CARD
DUP_EXACT_WS/MP078/2024-2025/149315_50000,EXACT,WS/MP078/2024-2025/149315,GP KHATNOL,50000.0,,True,Rate-Card Baseline detected (Statutory Rate),MEDIUM,LEGITIMATE_RATE_CARD
DUP_EXACT_WS/MP078/2024-2025/52971_50000,EXACT,WS/MP078/2024-2025/52971,BDO DEHRA MP RAJYA SABHA,50000.0,,True,Rate-Card Baseline detected (Statutory Rate),MEDIUM,LEGITIMATE_RATE_CARD
DUP_EXACT_WS/MP18425/2025-2026/202246_48473,EXACT,WS/MP18425/2025-2026/202246,SHRI BALAJI IRON AND CEMENT STORE,48473.0,,False,Work+Vendor+Amount+Date exact match,CRITICAL,NEW
DUP_EXACT_WS/MP18425/2025-2026/202246_23664,EXACT,WS/MP18425/2025-2026/202246,SHRI BALAJI IRON AND CEMENT STORE,23664.0,,False,Work+Vendor+Amount+Date exact match,CRITICAL,NEW
DUP_EXACT_WS/MP18425/2025-2026/202246_38500,EXACT,WS/MP18425/2025-2026/202246,SHRI BALAJI IRON AND CEMENT STORE,38500.0,,True,Rate-Card Baseline detected (Statutory Rate),MEDIUM,LEGITIMATE_RATE_CARD
DUP_EXACT_WS/MP18425/2025-2026/202248_26924,EXACT,WS/MP18425/2025-2026/202248,AKAM BRICKS CO,26924.0,,False,Work+Vendor+Amount+Date exact match,CRITICAL,NEW
DUP_EXACT_WS/MP140/2024-2025/164182_40000,EXACT,WS/MP140/2024-2025/164182,GUPTA TRADING CO,40000.0,,True,Rate-Card Baseline detected (Statutory Rate),MEDIUM,LEGITIMATE_RATE_CARD
DUP_EXACT_WS/MP235/2026-2027/290362_38000,EXACT,WS/MP235/2026-2027/290362,SAGGU BUILDING MATERIAL,38000.0,,True,Rate-Card Baseline detected (Statutory Rate),MEDIUM,LEGITIMATE_RATE_CARD
DUP_EXACT_WS/MP103/2025-2026/232149_600000,EXACT,WS/MP103/2025-2026/232149,MALVI JINGER MOCHI SAMAJ KALYAN SAMITI,600000.0,,True,Rate-Card Baseline detected (Statutory Rate),MEDIUM,LEGITIMATE_RATE_CARD
DUP_EXACT_WS/MP18362/2025-2026/203530_500000,EXACT,WS/MP18362/2025-2026/203530,MALVI JINGER MOCHI SAMAJ KALYAN SAMITI,500000.0,,True,Rate-Card Baseline detected (Statutory Rate),MEDIUM,LEGITIMATE_RATE_CARD
DUP_EXACT_WS/MP18412/2025-2026/213923_1094786,EXACT,WS/MP18412/2025-2026/213923,BABAN CHOUDHURY,1094786.0,,False,Work+Vendor+Amount+Date exact match,CRITICAL,NEW
DUP_EXACT_WS/MP235/2026-2027/301954_49000,EXACT,WS/MP235/2026-2027/301954,GURU NANAK SALES CORPORATION,49000.0,,True,Rate-Card Baseline detected (Statutory Rate),MEDIUM,LEGITIMATE_RATE_CARD
DUP_EXACT_WS/MP224/2026-2027/284727_400000,EXACT,WS/MP224/2026-2027/284727,SRYGR DARLIPARA,400000.0,,True,Rate-Card Baseline detected (Statutory Rate),MEDIUM,LEGITIMATE_RATE_CARD
DUP_EXACT_WS/MP148/2025-2026/234863_3705,EXACT,WS/MP148/2025-2026/234863,RAVINA,3705.0,,True,Rate-Card Baseline detected (Statutory Rate),MEDIUM,LEGITIMATE_RATE_CARD
DUP_EXACT_WS/MP18333/2026-2027/280575_48226,EXACT,WS/MP18333/2026-2027/280575,DEV ASSOCIATES,48226.0,,False,Work+Vendor+Amount+Date exact match,CRITICAL,NEW
DUP_EXACT_WS/MP18333/2026-2027/280576_48226,EXACT,WS/MP18333/2026-2027/280576,DEV ASSOCIATES,48226.0,,False,Work+Vendor+Amount+Date exact match,CRITICAL,NEW
DUP_EXACT_WS/MP18333/2026-2027/280590_48226,EXACT,WS/MP18333/2026-2027/280590,DEV ASSOCIATES,48226.0,,False,Work+Vendor+Amount+Date exact match,CRITICAL,NEW
DUP_EXACT_WS/MP18333/2026-2027/280593_49017,EXACT,WS/MP18333/2026-2027/280593,DEV ASSOCIATES,49017.0,,False,Work+Vendor+Amount+Date exact match,CRITICAL,NEW
DUP_EXACT_WS/MP18333/2026-2027/280586_49017,EXACT,WS/MP18333/2026-2027/280586,DEV ASSOCIATES,49017.0,,False,Work+Vendor+Amount+Date exact match,CRITICAL,NEW
DUP_EXACT_WS/MP18333/2026-2027/280592_49017,EXACT,WS/MP18333/2026-2027/280592,SOHANI CONSTRUCTION COMPANY,49017.0,,False,Work+Vendor+Amount+Date exact match,CRITICAL,NEW
DUP_EXACT_WS/MP18333/2026-2027/280589_48226,EXACT,WS/MP18333/2026-2027/280589,SOHANI CONSTRUCTION COMPANY,48226.0,,False,Work+Vendor+Amount+Date exact match,CRITICAL,NEW
DUP_EXACT_WS/MP18333/2026-2027/280591_41901,EXACT,WS/MP18333/2026-2027/280591,SOHANI CONSTRUCTION COMPANY,41901.0,,False,Work+Vendor+Amount+Date exact match,CRITICAL,NEW
DUP_EXACT_WS/MP235/2026-2027/288254_51450,EXACT,WS/MP235/2026-2027/288254,KRISHAN KUMAR SANJEEV KUAMR,51450.0,,True,Rate-Card Baseline detected (Statutory Rate),MEDIUM,LEGITIMATE_RATE_CARD
DUP_EXACT_WS/MP18425/2025-2026/202245_48300,EXACT,WS/MP18425/2025-2026/202245,SHREE KRISHNA CONSTRUCTIONS,48300.0,,True,Rate-Card Baseline detected (Statutory Rate),MEDIUM,LEGITIMATE_RATE_CARD
DUP_EXACT_WS/MP18425/2025-2026/202245_42654,EXACT,WS/MP18425/2025-2026/202245,SHREE KRISHNA CONSTRUCTIONS,42654.0,,False,Work+Vendor+Amount+Date exact match,CRITICAL,NEW
DUP_EXACT_WS/MP18319/2026-2027/287003_1250000,EXACT,WS/MP18319/2026-2027/287003,SRI GURUDEVA CHARITABLE TRUST,1250000.0,,True,Rate-Card Baseline detected (Statutory Rate),MEDIUM,LEGITIMATE_RATE_CARD
DUP_EXACT_WS/MP235/2026-2027/288253_150000,EXACT,WS/MP235/2026-2027/288253,SUKHJEET SINGH MALLE WALA,150000.0,,True,Rate-Card Baseline detected (Statutory Rate),MEDIUM,LEGITIMATE_RATE_CARD
DUP_EXACT_WS/MP18333/2025-2026/254873_7560,EXACT,WS/MP18333/2025-2026/254873,SHAHEEN PARVEEN,7560.0,,True,Rate-Card Baseline detected (Statutory Rate),MEDIUM,LEGITIMATE_RATE_CARD
DUP_EXACT_WS/MP18333/2025-2026/254873_12360,EXACT,WS/MP18333/2025-2026/254873,MOHB HABEEB,12360.0,,False,Work+Vendor+Amount+Date exact match,CRITICAL,NEW
DUP_EXACT_WS/MP235/2026-2027/290374_66000,EXACT,WS/MP235/2026-2027/290374,TILKA SINGH,66000.0,,True,Rate-Card Baseline detected (Statutory Rate),MEDIUM,LEGITIMATE_RATE_CARD
DUP_EXACT_WS/MP235/2026-2027/290374_35000,EXACT,WS/MP235/2026-2027/290374,TILKA SINGH,35000.0,,True,Rate-Card Baseline detected (Statutory Rate),MEDIUM,LEGITIMATE_RATE_CARD
DUP_EXACT_WS/MP235/2026-2027/301956_49000,EXACT,WS/MP235/2026-2027/301956,GURU NANAK SALES CORPORATION,49000.0,,True,Rate-Card Baseline detected (Statutory Rate),MEDIUM,LEGITIMATE_RATE_CARD
DUP_EXACT_WS/MP235/2026-2027/290367_49000,EXACT,WS/MP235/2026-2027/290367,GURU NANAK SALES CORPORATION,49000.0,,True,Rate-Card Baseline detected (Statutory Rate),MEDIUM,LEGITIMATE_RATE_CARD
DUP_EXACT_WS/MP235/2026-2027/290374_49000,EXACT,WS/MP235/2026-2027/290374,GURU NANAK SALES CORPORATION,49000.0,,True,Rate-Card Baseline detected (Statutory Rate),MEDIUM,LEGITIMATE_RATE_CARD
DUP_EXACT_WS/MP235/2026-2027/286140_70000,EXACT,WS/MP235/2026-2027/286140,VISHAL CEMENT STORE,70000.0,,True,Rate-Card Baseline detected (Statutory Rate),MEDIUM,LEGITIMATE_RATE_CARD
DUP_EXACT_WS/MP104/2026-2027/252090_995100,EXACT,WS/MP104/2026-2027/252090,PRATEEK KUMAR PATEL,995100.0,,False,Work+Vendor+Amount+Date exact match,CRITICAL,NEW
DUP_EXACT_WS/MP106/2025-2026/230397_56000,EXACT,WS/MP106/2025-2026/230397,ANSH TRADERS RAGADGAON,56000.0,,True,Rate-Card Baseline detected (Statutory Rate),MEDIUM,LEGITIMATE_RATE_CARD
DUP_EXACT_WS/MP235/2026-2027/299124_39200,EXACT,WS/MP235/2026-2027/299124,ARORA TRADING CO,39200.0,,True,Rate-Card Baseline detected (Statutory Rate),MEDIUM,LEGITIMATE_RATE_CARD
DUP_EXACT_WS/MP235/2026-2027/279289_39200,EXACT,WS/MP235/2026-2027/279289,ARORA TRADING CO,39200.0,,True,Rate-Card Baseline detected (Statutory Rate),MEDIUM,LEGITIMATE_RATE_CARD
DUP_EXACT_WS/MP141/2026-2027/267112_40000,EXACT,WS/MP141/2026-2027/267112,SHRI KRISHNA BUILDER,40000.0,,True,Rate-Card Baseline detected (Statutory Rate),MEDIUM,LEGITIMATE_RATE_CARD
DUP_EXACT_WS/MP141/2026-2027/267112_48000,EXACT,WS/MP141/2026-2027/267112,SHRI KRISHNA BUILDER,48000.0,,True,Rate-Card Baseline detected (Statutory Rate),MEDIUM,LEGITIMATE_RATE_CARD
DUP_EXACT_WS/MP235/2026-2027/277163_39200,EXACT,WS/MP235/2026-2027/277163,GURU NANAK BKO,39200.0,,True,Rate-Card Baseline detected (Statutory Rate),MEDIUM,LEGITIMATE_RATE_CARD
DUP_EXACT_WS/MP235/2025-2026/274842_31000,EXACT,WS/MP235/2025-2026/274842,BABA BKO,31000.0,,True,Rate-Card Baseline detected (Statutory Rate),MEDIUM,LEGITIMATE_RATE_CARD
DUP_EXACT_WS/MP141/2026-2027/267127_306800,EXACT,WS/MP141/2026-2027/267127,G B BRICKS AND TILES KATHANA,306800.0,,False,Work+Vendor+Amount+Date exact match,CRITICAL,NEW
DUP_EXACT_WS/MP141/2026-2027/267113_306800,EXACT,WS/MP141/2026-2027/267113,G B BRICKS AND TILES KATHANA,306800.0,,False,Work+Vendor+Amount+Date exact match,CRITICAL,NEW
DUP_EXACT_WS/MP235/2026-2027/288247_49140,EXACT,WS/MP235/2026-2027/288247,SHREE GURU NANAK CEMENT STORE,49140.0,,False,Work+Vendor+Amount+Date exact match,CRITICAL,NEW
DUP_EXACT_WS/MP235/2026-2027/277165_47040,EXACT,WS/MP235/2026-2027/277165,RK BRICKS INDUSTRY,47040.0,,False,Work+Vendor+Amount+Date exact match,CRITICAL,NEW
DUP_EXACT_WS/MP235/2026-2027/277164_47040,EXACT,WS/MP235/2026-2027/277164,DASHMESH BRICKS CO,47040.0,,False,Work+Vendor+Amount+Date exact match,CRITICAL,NEW
DUP_EXACT_WS/MP141/2026-2027/264711_43500,EXACT,WS/MP141/2026-2027/264711,GUPTA IRON TRADERS,43500.0,,True,Rate-Card Baseline detected (Statutory Rate),MEDIUM,LEGITIMATE_RATE_CARD
DUP_EXACT_WS/MP141/2026-2027/264711_46020,EXACT,WS/MP141/2026-2027/264711,RAJA SAHIB JI INTERLOCK TILE FACTORY,46020.0,,False,Work+Vendor+Amount+Date exact match,CRITICAL,NEW
DUP_EXACT_WS/MP18316/2026-2027/277785_750000,EXACT,WS/MP18316/2026-2027/277785,GP GINDORMEENA JP BIAORA,750000.0,,True,Rate-Card Baseline detected (Statutory Rate),MEDIUM,LEGITIMATE_RATE_CARD
DUP_EXACT_WS/MP235/2025-2026/274838_40250,EXACT,WS/MP235/2025-2026/274838,GURDAS,40250.0,,False,Work+Vendor+Amount+Date exact match,CRITICAL,NEW
DUP_EXACT_WS/MP235/2025-2026/274839_40250,EXACT,WS/MP235/2025-2026/274839,GURDAS,40250.0,,False,Work+Vendor+Amount+Date exact match,CRITICAL,NEW
DUP_EXACT_WS/MP18333/2025-2026/254873_39530,EXACT,WS/MP18333/2025-2026/254873,DIAMOND TRADERS,39530.0,,False,Work+Vendor+Amount+Date exact match,CRITICAL,NEW
DUP_EXACT_WS/MP148/2025-2026/266384_3705,EXACT,WS/MP148/2025-2026/266384,SURESH KUMAR,3705.0,,True,Rate-Card Baseline detected (Statutory Rate),MEDIUM,LEGITIMATE_RATE_CARD
DUP_EXACT_WS/MP148/2025-2026/266384_9750,EXACT,WS/MP148/2025-2026/266384,VINOD KUMAR,9750.0,,True,Rate-Card Baseline detected (Statutory Rate),MEDIUM,LEGITIMATE_RATE_CARD
DUP_EXACT_WS/MP235/2025-2026/274836_43400,EXACT,WS/MP235/2025-2026/274836,GAURAV GRAM UDYOG MANDAL RRGD,43400.0,,False,Work+Vendor+Amount+Date exact match,CRITICAL,NEW
DUP_EXACT_WS/MP18402/2025-2026/227162_14196,EXACT,WS/MP18402/2025-2026/227162,BALJINDER SINGH JE,14196.0,,False,Work+Vendor+Amount+Date exact match,CRITICAL,NEW
DUP_EXACT_WS/MP235/2025-2026/274835_39000,EXACT,WS/MP235/2025-2026/274835,BAJAJ ENTERPRISES,39000.0,,True,Rate-Card Baseline detected (Statutory Rate),MEDIUM,LEGITIMATE_RATE_CARD
DUP_EXACT_WS/MP235/2025-2026/274835_35000,EXACT,WS/MP235/2025-2026/274835,BAJAJ ENTERPRISES,35000.0,,True,Rate-Card Baseline detected (Statutory Rate),MEDIUM,LEGITIMATE_RATE_CARD
DUP_EXACT_WS/MP235/2025-2026/274839_48750,EXACT,WS/MP235/2025-2026/274839,SIDHU CEMET STORE,48750.0,,True,Rate-Card Baseline detected (Statutory Rate),MEDIUM,LEGITIMATE_RATE_CARD
DUP_EXACT_WS/MP235/2025-2026/274839_38500,EXACT,WS/MP235/2025-2026/274839,SIDHU CEMET STORE,38500.0,,True,Rate-Card Baseline detected (Statutory Rate),MEDIUM,LEGITIMATE_RATE_CARD
DUP_EXACT_WS/MP235/2025-2026/274838_48750,EXACT,WS/MP235/2025-2026/274838,SIDHU CEMET STORE,48750.0,,True,Rate-Card Baseline detected (Statutory Rate),MEDIUM,LEGITIMATE_RATE_CARD
DUP_EXACT_WS/MP235/2025-2026/274838_38500,EXACT,WS/MP235/2025-2026/274838,SIDHU CEMET STORE,38500.0,,True,Rate-Card Baseline detected (Statutory Rate),MEDIUM,LEGITIMATE_RATE_CARD
DUP_EXACT_WS/MP235/2025-2026/241415_6400,EXACT,WS/MP235/2025-2026/241415,MOHAN LAL SO SADHU RAM,6400.0,,True,Rate-Card Baseline detected (Statutory Rate),MEDIUM,LEGITIMATE_RATE_CARD
DUP_EXACT_WS/MP235/2025-2026/267405_48025,EXACT,WS/MP235/2025-2026/267405,NANDHA AND CO,48025.0,,False,Work+Vendor+Amount+Date exact match,CRITICAL,NEW
DUP_EXACT_WS/MP235/2025-2026/267404_107520,EXACT,WS/MP235/2025-2026/267404,NANDHA AND CO,107520.0,,False,Work+Vendor+Amount+Date exact match,CRITICAL,NEW
DUP_EXACT_WS/MP235/2025-2026/267405_138966,EXACT,WS/MP235/2025-2026/267405,SONU SINGH,138966.0,,False,Work+Vendor+Amount+Date exact match,CRITICAL,NEW
DUP_EXACT_WS/MP235/2025-2026/268742_43400,EXACT,WS/MP235/2025-2026/268742,NEW FRIENDS BRICKS,43400.0,,False,Work+Vendor+Amount+Date exact match,CRITICAL,NEW
DUP_EXACT_WS/MP235/2025-2026/268745_24800,EXACT,WS/MP235/2025-2026/268745,NEW FRIENDS BRICKS,24800.0,,True,Rate-Card Baseline detected (Statutory Rate),MEDIUM,LEGITIMATE_RATE_CARD
DUP_EXACT_WS/MP235/2026-2027/288253_49995,EXACT,WS/MP235/2026-2027/288253,NEW FRIENDS BRICKS,49995.0,,False,Work+Vendor+Amount+Date exact match,CRITICAL,NEW
DUP_EXACT_WS/MP18365/2025-2026/191964_43400,EXACT,WS/MP18365/2025-2026/191964,NEW FRIENDS BRICKS,43400.0,,False,Work+Vendor+Amount+Date exact match,CRITICAL,NEW
DUP_EXACT_WS/MP18284/2025-2026/257600_125000,EXACT,WS/MP18284/2025-2026/257600,GRAM PANCHAYAT SANPARWADA,125000.0,,True,Rate-Card Baseline detected (Statutory Rate),MEDIUM,LEGITIMATE_RATE_CARD
DUP_EXACT_WS/MP235/2025-2026/268747_31000,EXACT,WS/MP235/2025-2026/268747,BANSAL BRICKS KILAN GRAM UDYOG SAMITI,31000.0,,True,Rate-Card Baseline detected (Statutory Rate),MEDIUM,LEGITIMATE_RATE_CARD
DUP_EXACT_WS/MP235/2025-2026/268749_45800,EXACT,WS/MP235/2025-2026/268749,GURMEJ CINT AND CEMENT TILE FACTORY,45800.0,,False,Work+Vendor+Amount+Date exact match,CRITICAL,NEW
DUP_EXACT_WS/MP235/2025-2026/268750_45800,EXACT,WS/MP235/2025-2026/268750,GURMEJ CINT AND CEMENT TILE FACTORY,45800.0,,False,Work+Vendor+Amount+Date exact match,CRITICAL,NEW
DUP_EXACT_WS/MP235/2025-2026/268744_45800,EXACT,WS/MP235/2025-2026/268744,GURMEJ CINT AND CEMENT TILE FACTORY,45800.0,,False,Work+Vendor+Amount+Date exact match,CRITICAL,NEW
DUP_EXACT_WS/MP235/2025-2026/268744_40075,EXACT,WS/MP235/2025-2026/268744,GURMEJ CINT AND CEMENT TILE FACTORY,40075.0,,False,Work+Vendor+Amount+Date exact match,CRITICAL,NEW
DUP_EXACT_WS/MP235/2025-2026/268737_45800,EXACT,WS/MP235/2025-2026/268737,IMPERIAL INTERLOK TILES,45800.0,,False,Work+Vendor+Amount+Date exact match,CRITICAL,NEW
DUP_EXACT_WS/MP235/2025-2026/268739_45800,EXACT,WS/MP235/2025-2026/268739,IMPERIAL INTERLOK TILES,45800.0,,False,Work+Vendor+Amount+Date exact match,CRITICAL,NEW
DUP_EXACT_WS/MP843/2025-2026/239579_36500,EXACT,WS/MP843/2025-2026/239579,DHARMANI SANITRY AND PAINT STORE,36500.0,,False,Work+Vendor+Amount+Date exact match,CRITICAL,NEW
DUP_EXACT_WS/MP235/2025-2026/267409_28500,EXACT,WS/MP235/2025-2026/267409,BABA INDER DASS PUBLIC SEN SEC SCHOOL,28500.0,,True,Rate-Card Baseline detected (Statutory Rate),MEDIUM,LEGITIMATE_RATE_CARD
DUP_EXACT_WS/MP235/2025-2026/267407_28500,EXACT,WS/MP235/2025-2026/267407,BABA INDER DASS PUBLIC SEN SEC SCHOOL,28500.0,,True,Rate-Card Baseline detected (Statutory Rate),MEDIUM,LEGITIMATE_RATE_CARD
DUP_EXACT_WS/MP18425/2025-2026/202258_35510,EXACT,WS/MP18425/2025-2026/202258,MS GURDEV BRICKS CO,35510.0,,False,Work+Vendor+Amount+Date exact match,CRITICAL,NEW
DUP_EXACT_WS/MP18425/2025-2026/202244_42000,EXACT,WS/MP18425/2025-2026/202244,K K BRICKS,42000.0,,True,Rate-Card Baseline detected (Statutory Rate),MEDIUM,LEGITIMATE_RATE_CARD
DUP_EXACT_WS/MP235/2026-2027/286152_39000,EXACT,WS/MP235/2026-2027/286152,RANJEET TILE INDUSTRIES,39000.0,,True,Rate-Card Baseline detected (Statutory Rate),MEDIUM,LEGITIMATE_RATE_CARD
DUP_EXACT_WS/MP235/2026-2027/290372_49000,EXACT,WS/MP235/2026-2027/290372,RANJEET TILE INDUSTRIES,49000.0,,True,Rate-Card Baseline detected (Statutory Rate),MEDIUM,LEGITIMATE_RATE_CARD
DUP_EXACT_WS/MP235/2025-2026/263613_72000,EXACT,WS/MP235/2025-2026/263613,BRT TRADERS,72000.0,,True,Rate-Card Baseline detected (Statutory Rate),MEDIUM,LEGITIMATE_RATE_CARD
DUP_EXACT_WS/MP235/2025-2026/267414_1000000,EXACT,WS/MP235/2025-2026/267414,CHIARMAN DEV SAMAJ COLLEGE FOR WOMEN,1000000.0,,True,Rate-Card Baseline detected (Statutory Rate),MEDIUM,LEGITIMATE_RATE_CARD
DUP_EXACT_WS/MP235/2025-2026/267405_68000,EXACT,WS/MP235/2025-2026/267405,KALI RAM VED PARKASH,68000.0,,True,Rate-Card Baseline detected (Statutory Rate),MEDIUM,LEGITIMATE_RATE_CARD
DUP_EXACT_WS/MP235/2025-2026/267405_72000,EXACT,WS/MP235/2025-2026/267405,KALI RAM VED PARKASH,72000.0,,True,Rate-Card Baseline detected (Statutory Rate),MEDIUM,LEGITIMATE_RATE_CARD
DUP_EXACT_WS/MP235/2025-2026/267412_46800,EXACT,WS/MP235/2025-2026/267412,RANJEET TILE INDUSTRIES,46800.0,,True,Rate-Card Baseline detected (Statutory Rate),MEDIUM,LEGITIMATE_RATE_CARD
DUP_EXACT_WS/MP235/2025-2026/263611_45800,EXACT,WS/MP235/2025-2026/263611,RANJEET TILE INDUSTRIES,45800.0,,False,Work+Vendor+Amount+Date exact match,CRITICAL,NEW
DUP_EXACT_WS/MP235/2025-2026/263610_45800,EXACT,WS/MP235/2025-2026/263610,RANJEET TILE INDUSTRIES,45800.0,,False,Work+Vendor+Amount+Date exact match,CRITICAL,NEW
DUP_EXACT_WS/MP235/2025-2026/268738_45800,EXACT,WS/MP235/2025-2026/268738,RANJEET TILE INDUSTRIES,45800.0,,False,Work+Vendor+Amount+Date exact match,CRITICAL,NEW
DUP_EXACT_WS/MP235/2025-2026/268739_34350,EXACT,WS/MP235/2025-2026/268739,RANJEET TILE INDUSTRIES,34350.0,,False,Work+Vendor+Amount+Date exact match,CRITICAL,NEW
DUP_EXACT_WS/MP235/2025-2026/267412_43750,EXACT,WS/MP235/2025-2026/267412,RANJEET TILE INDUSTRIES,43750.0,,False,Work+Vendor+Amount+Date exact match,CRITICAL,NEW
DUP_EXACT_WS/MP235/2025-2026/267411_34350,EXACT,WS/MP235/2025-2026/267411,RANJEET TILE INDUSTRIES,34350.0,,False,Work+Vendor+Amount+Date exact match,CRITICAL,NEW
DUP_EXACT_WS/MP141/2023-2024/80682_41340,EXACT,WS/MP141/2023-2024/80682,CHITTI TRADING COMPANY,41340.0,,False,Work+Vendor+Amount+Date exact match,CRITICAL,NEW
DUP_EXACT_WS/MP18340/2025-2026/256790_500000,EXACT,WS/MP18340/2025-2026/256790,GRAM PANCHAYAT GAMEKELA,500000.0,,True,Rate-Card Baseline detected (Statutory Rate),MEDIUM,LEGITIMATE_RATE_CARD
DUP_EXACT_WS/MP235/2025-2026/263608_21000,EXACT,WS/MP235/2025-2026/263608,THIND CEMET STORE,21000.0,,True,Rate-Card Baseline detected (Statutory Rate),MEDIUM,LEGITIMATE_RATE_CARD
DUP_EXACT_WS/MP235/2025-2026/263608_17500,EXACT,WS/MP235/2025-2026/263608,THIND CEMET STORE,17500.0,,True,Rate-Card Baseline detected (Statutory Rate),MEDIUM,LEGITIMATE_RATE_CARD
DUP_EXACT_WS/MP235/2025-2026/263608_40300,EXACT,WS/MP235/2025-2026/263608,LUXMI ENTT UDYOG,40300.0,,False,Work+Vendor+Amount+Date exact match,CRITICAL,NEW
DUP_EXACT_WS/MP235/2025-2026/263608_42160,EXACT,WS/MP235/2025-2026/263608,LUXMI ENTT UDYOG,42160.0,,False,Work+Vendor+Amount+Date exact match,CRITICAL,NEW
DUP_EXACT_WS/MP235/2025-2026/263608_41540,EXACT,WS/MP235/2025-2026/263608,LUXMI ENTT UDYOG,41540.0,,False,Work+Vendor+Amount+Date exact match,CRITICAL,NEW
DUP_EXACT_WS/MP18316/2025-2026/255584_750000,EXACT,WS/MP18316/2025-2026/255584,GP KISHANGADH JP BIAORA,750000.0,,True,Rate-Card Baseline detected (Statutory Rate),MEDIUM,LEGITIMATE_RATE_CARD
DUP_EXACT_WS/MP18425/2025-2026/202259_32256,EXACT,WS/MP18425/2025-2026/202259,KUMAR BRICKS TRADERS,32256.0,,False,Work+Vendor+Amount+Date exact match,CRITICAL,NEW
DUP_EXACT_WS/MP18425/2025-2026/202259_40320,EXACT,WS/MP18425/2025-2026/202259,KUMAR BRICKS TRADERS,40320.0,,False,Work+Vendor+Amount+Date exact match,CRITICAL,NEW
DUP_EXACT_WS/MP18285/2025-2026/236176_400000,EXACT,WS/MP18285/2025-2026/236176,VAIDIT CONSTRUCTION,400000.0,,True,Rate-Card Baseline detected (Statutory Rate),MEDIUM,LEGITIMATE_RATE_CARD
DUP_EXACT_WS/MP18285/2025-2026/236177_400000,EXACT,WS/MP18285/2025-2026/236177,VAIDIT CONSTRUCTION,400000.0,,True,Rate-Card Baseline detected (Statutory Rate),MEDIUM,LEGITIMATE_RATE_CARD
DUP_EXACT_WS/MP141/2023-2024/80682_60368,EXACT,WS/MP141/2023-2024/80682,DALIP KUMAR,60368.0,,False,Work+Vendor+Amount+Date exact match,CRITICAL,NEW
DUP_EXACT_WS/MP235/2026-2027/299131_39200,EXACT,WS/MP235/2026-2027/299131,SHREE HARGOBIND SAHIB ENTT UDYOG,39200.0,,True,Rate-Card Baseline detected (Statutory Rate),MEDIUM,LEGITIMATE_RATE_CARD
DUP_EXACT_WS/MP235/2026-2027/277172_43400,EXACT,WS/MP235/2026-2027/277172,SHREE HARGOBIND SAHIB ENTT UDYOG,43400.0,,False,Work+Vendor+Amount+Date exact match,CRITICAL,NEW
DUP_EXACT_WS/MP235/2026-2027/299131_47040,EXACT,WS/MP235/2026-2027/299131,SANDHU BROTHERS BKO,47040.0,,False,Work+Vendor+Amount+Date exact match,CRITICAL,NEW
DUP_EXACT_WS/MP18365/2025-2026/191964_46500,EXACT,WS/MP18365/2025-2026/191964,SANDHU BROTHERS BKO,46500.0,,True,Rate-Card Baseline detected (Statutory Rate),MEDIUM,LEGITIMATE_RATE_CARD
DUP_EXACT_WS/MP106/2024-2025/145085_2400,EXACT,WS/MP106/2024-2025/145085,INDRADEO NANDU BARDE,2400.0,,True,Rate-Card Baseline detected (Statutory Rate),MEDIUM,LEGITIMATE_RATE_CARD
DUP_EXACT_WS/MP106/2024-2025/145085_1566,EXACT,WS/MP106/2024-2025/145085,MALTA INDRADEV BARDE,1566.0,,False,Work+Vendor+Amount+Date exact match,CRITICAL,NEW
DUP_EXACT_WS/MP106/2024-2025/145085_1305,EXACT,WS/MP106/2024-2025/145085,POONAM BARDE,1305.0,,False,Work+Vendor+Amount+Date exact match,CRITICAL,NEW
DUP_EXACT_WS/MP106/2024-2025/145085_2000,EXACT,WS/MP106/2024-2025/145085,SUKHDEV KACHARU BARDE,2000.0,,True,Rate-Card Baseline detected (Statutory Rate),MEDIUM,LEGITIMATE_RATE_CARD
DUP_EXACT_WS/MP141/2025-2026/227819_28000,EXACT,WS/MP141/2025-2026/227819,MS BAL AND  CO,28000.0,,True,Rate-Card Baseline detected (Statutory Rate),MEDIUM,LEGITIMATE_RATE_CARD
DUP_EXACT_WS/MP141/2025-2026/227817_21000,EXACT,WS/MP141/2025-2026/227817,MS BAL AND  CO,21000.0,,True,Rate-Card Baseline detected (Statutory Rate),MEDIUM,LEGITIMATE_RATE_CARD
DUP_EXACT_WS/MP233/2025-2026/239108_1500000,EXACT,WS/MP233/2025-2026/239108,MASAIENLA,1500000.0,,True,Rate-Card Baseline detected (Statutory Rate),MEDIUM,LEGITIMATE_RATE_CARD
DUP_EXACT_WS/MP145/2025-2026/166607_9100,EXACT,WS/MP145/2025-2026/166607,JASHVANT LAL,9100.0,,True,Rate-Card Baseline detected (Statutory Rate),MEDIUM,LEGITIMATE_RATE_CARD
DUP_EXACT_WS/MP145/2025-2026/166607_3705,EXACT,WS/MP145/2025-2026/166607,BASANTA KUMARI,3705.0,,True,Rate-Card Baseline detected (Statutory Rate),MEDIUM,LEGITIMATE_RATE_CARD
DUP_EXACT_WS/MP18362/2025-2026/232458_500000,EXACT,WS/MP18362/2025-2026/232458,ADARSH BAL SHIKSHAN SAMITI,500000.0,,True,Rate-Card Baseline detected (Statutory Rate),MEDIUM,LEGITIMATE_RATE_CARD
DUP_EXACT_WS/MP078/2025-2026/155419_50000,EXACT,WS/MP078/2025-2026/155419,GP KHUHAN,50000.0,,True,Rate-Card Baseline detected (Statutory Rate),MEDIUM,LEGITIMATE_RATE_CARD
DUP_EXACT_WS/MP078/2025-2026/155434_100000,EXACT,WS/MP078/2025-2026/155434,GP KHUHAN,100000.0,,True,Rate-Card Baseline detected (Statutory Rate),MEDIUM,LEGITIMATE_RATE_CARD
DUP_EXACT_WS/MP18365/2025-2026/191964_91728,EXACT,WS/MP18365/2025-2026/191964,PAPPU,91728.0,,False,Work+Vendor+Amount+Date exact match,CRITICAL,NEW
DUP_EXACT_WS/MP165/2024-2025/177920_598500,EXACT,WS/MP165/2024-2025/177920,NIPRO MEDICAL INDIA PRIVATE LIMITED,598500.0,,False,Work+Vendor+Amount+Date exact match,CRITICAL,NEW
DUP_EXACT_WS/MP18297/2025-2026/249689_500000,EXACT,WS/MP18297/2025-2026/249689,GP GHATIYAJASS,500000.0,,True,Rate-Card Baseline detected (Statutory Rate),MEDIUM,LEGITIMATE_RATE_CARD
DUP_EXACT_WS/MP235/2025-2026/241413_39200,EXACT,WS/MP235/2025-2026/241413,RANJIT KUMAR SO CHAMAN LAL,39200.0,,True,Rate-Card Baseline detected (Statutory Rate),MEDIUM,LEGITIMATE_RATE_CARD
DUP_EXACT_WS/MP18297/2025-2026/253160_500000,EXACT,WS/MP18297/2025-2026/253160,GRAM PANCHAYAT PALWA,500000.0,,True,Rate-Card Baseline detected (Statutory Rate),MEDIUM,LEGITIMATE_RATE_CARD
DUP_EXACT_WS/MP18425/2025-2026/202246_35485,EXACT,WS/MP18425/2025-2026/202246,MAA LUXMI TILE HOUSE,35485.0,,False,Work+Vendor+Amount+Date exact match,CRITICAL,NEW
DUP_EXACT_WS/MP146/2025-2026/236897_600000,EXACT,WS/MP146/2025-2026/236897,RAIKA CONSTRUCTION COMPANY,600000.0,,True,Rate-Card Baseline detected (Statutory Rate),MEDIUM,LEGITIMATE_RATE_CARD
DUP_EXACT_WS/MP148/2025-2026/234299_600000,EXACT,WS/MP148/2025-2026/234299,RAIKA CONSTRUCTION COMPANY,600000.0,,True,Rate-Card Baseline detected (Statutory Rate),MEDIUM,LEGITIMATE_RATE_CARD
DUP_EXACT_WS/MP233/2025-2026/249134_520000,EXACT,WS/MP233/2025-2026/249134,NGUPHON KONYAK,520000.0,,True,Rate-Card Baseline detected (Statutory Rate),MEDIUM,LEGITIMATE_RATE_CARD
DUP_EXACT_WS/MP140/2025-2026/212989_42000,EXACT,WS/MP140/2025-2026/212989,MS ASHA RANI BIKO,42000.0,,True,Rate-Card Baseline detected (Statutory Rate),MEDIUM,LEGITIMATE_RATE_CARD
DUP_EXACT_WS/MP831/2024-2025/165181_194675,EXACT,WS/MP831/2024-2025/165181,KALITA TIMBER  ENTERPRISE,194675.0,,False,Work+Vendor+Amount+Date exact match,CRITICAL,NEW
DUP_EXACT_WS/MP18304/2025-2026/213787_50000,EXACT,WS/MP18304/2025-2026/213787,GP ATHLUIEN DEV FUND,50000.0,,True,Rate-Card Baseline detected (Statutory Rate),MEDIUM,LEGITIMATE_RATE_CARD
DUP_EXACT_WS/MP176/2025-2026/243281_260000,EXACT,WS/MP176/2025-2026/243281,SARPANCH GRAM PANCHAYAT RAKHI,260000.0,,True,Rate-Card Baseline detected (Statutory Rate),MEDIUM,LEGITIMATE_RATE_CARD
DUP_EXACT_WS/MP078/2025-2026/197607_150000,EXACT,WS/MP078/2025-2026/197607,GP NOURI,150000.0,,True,Rate-Card Baseline detected (Statutory Rate),MEDIUM,LEGITIMATE_RATE_CARD
DUP_EXACT_WS/MP145/2025-2026/193233_36999,EXACT,WS/MP145/2025-2026/193233,DEEPAK CHAUDHARY,36999.0,,False,Work+Vendor+Amount+Date exact match,CRITICAL,NEW
DUP_EXACT_WS/MP145/2025-2026/193233_25899,EXACT,WS/MP145/2025-2026/193233,DEEPAK CHAUDHARY,25899.0,,False,Work+Vendor+Amount+Date exact match,CRITICAL,NEW
DUP_EXACT_WS/MP843/2024-2025/166183_49920,EXACT,WS/MP843/2024-2025/166183,SUKHVINDER CEMENT STORE,49920.0,,True,Rate-Card Baseline detected (Statutory Rate),MEDIUM,LEGITIMATE_RATE_CARD
DUP_EXACT_WS/MP078/2024-2025/151677_200000,EXACT,WS/MP078/2024-2025/151677,GRAM PANCHAYAT SHAMLAGHAT,200000.0,,True,Rate-Card Baseline detected (Statutory Rate),MEDIUM,LEGITIMATE_RATE_CARD
DUP_EXACT_WS/MP078/2025-2026/235514_100000,EXACT,WS/MP078/2025-2026/235514,GRAM PANCHAYAT SHAMLAGHAT,100000.0,,True,Rate-Card Baseline detected (Statutory Rate),MEDIUM,LEGITIMATE_RATE_CARD
DUP_EXACT_WS/MP220/2024-2025/171199_7764400,EXACT,WS/MP220/2024-2025/171199,KHIVRAJ MOTORS,7764400.0,,False,Work+Vendor+Amount+Date exact match,CRITICAL,NEW
DUP_EXACT_WS/MP218/2024-2025/171165_5823300,EXACT,WS/MP218/2024-2025/171165,KHIVRAJ MOTORS,5823300.0,,False,Work+Vendor+Amount+Date exact match,CRITICAL,NEW
DUP_EXACT_WS/MP18299/2024-2025/171164_5823300,EXACT,WS/MP18299/2024-2025/171164,KHIVRAJ MOTORS,5823300.0,,False,Work+Vendor+Amount+Date exact match,CRITICAL,NEW
DUP_EXACT_WS/MP217/2024-2025/171179_3882200,EXACT,WS/MP217/2024-2025/171179,KHIVRAJ MOTORS,3882200.0,,False,Work+Vendor+Amount+Date exact match,CRITICAL,NEW
DUP_EXACT_WS/MP893/2024-2025/171163_7764400,EXACT,WS/MP893/2024-2025/171163,KHIVRAJ MOTORS,7764400.0,,False,Work+Vendor+Amount+Date exact match,CRITICAL,NEW
DUP_EXACT_WS/MP18425/2025-2026/202246_40386,EXACT,WS/MP18425/2025-2026/202246,AKAM BRICKS CO,40386.0,,False,Work+Vendor+Amount+Date exact match,CRITICAL,NEW
DUP_EXACT_WS/MP18425/2025-2026/202246_26924,EXACT,WS/MP18425/2025-2026/202246,AKAM BRICKS CO,26924.0,,False,Work+Vendor+Amount+Date exact match,CRITICAL,NEW
DUP_EXACT_WS/MP18425/2025-2026/202246_13462,EXACT,WS/MP18425/2025-2026/202246,AKAM BRICKS CO,13462.0,,False,Work+Vendor+Amount+Date exact match,CRITICAL,NEW
DUP_EXACT_WS/MP078/2025-2026/199253_150000,EXACT,WS/MP078/2025-2026/199253,GP DHANED,150000.0,,True,Rate-Card Baseline detected (Statutory Rate),MEDIUM,LEGITIMATE_RATE_CARD
DUP_EXACT_WS/MP233/2025-2026/231940_500000,EXACT,WS/MP233/2025-2026/231940,TENYEBINLO HIMB,500000.0,,True,Rate-Card Baseline detected (Statutory Rate),MEDIUM,LEGITIMATE_RATE_CARD
DUP_EXACT_WS/MP233/2025-2026/225205_250000,EXACT,WS/MP233/2025-2026/225205,PFUTSUDULO MECHE,250000.0,,True,Rate-Card Baseline detected (Statutory Rate),MEDIUM,LEGITIMATE_RATE_CARD
DUP_EXACT_WS/MP145/2025-2026/198952_200000,EXACT,WS/MP145/2025-2026/198952,DHAKA CONSTRUCTION COMPANY,200000.0,,True,Rate-Card Baseline detected (Statutory Rate),MEDIUM,LEGITIMATE_RATE_CARD
DUP_EXACT_WS/MP145/2025-2026/198951_200000,EXACT,WS/MP145/2025-2026/198951,DHAKA CONSTRUCTION COMPANY,200000.0,,True,Rate-Card Baseline detected (Statutory Rate),MEDIUM,LEGITIMATE_RATE_CARD
DUP_EXACT_WS/MP18304/2025-2026/202802_500000,EXACT,WS/MP18304/2025-2026/202802,DEPUTY DIRECTORE OF AGRICULTURE PALAMPUR,500000.0,,True,Rate-Card Baseline detected (Statutory Rate),MEDIUM,LEGITIMATE_RATE_CARD
DUP_EXACT_WS/MP078/2025-2026/221620_150000,EXACT,WS/MP078/2025-2026/221620,GRAM PANCHAYAT GENEWOG,150000.0,,True,Rate-Card Baseline detected (Statutory Rate),MEDIUM,LEGITIMATE_RATE_CARD
DUP_EXACT_WS/MP145/2025-2026/193233_37400,EXACT,WS/MP145/2025-2026/193233,PANKAJ KUMAR GOYAL,37400.0,,True,Rate-Card Baseline detected (Statutory Rate),MEDIUM,LEGITIMATE_RATE_CARD
DUP_EXACT_WS/MP145/2025-2026/193233_30600,EXACT,WS/MP145/2025-2026/193233,PANKAJ KUMAR GOYAL,30600.0,,False,Work+Vendor+Amount+Date exact match,CRITICAL,NEW
DUP_EXACT_WS/MP843/2025-2026/180325_40600,EXACT,WS/MP843/2025-2026/180325,JVM BLOCKS,40600.0,,False,Work+Vendor+Amount+Date exact match,CRITICAL,NEW
DUP_EXACT_WS/MP18368/2025-2026/241282_3801600,EXACT,WS/MP18368/2025-2026/241282,SHRI LADLI ENTERPRISES,3801600.0,,False,Work+Vendor+Amount+Date exact match,CRITICAL,NEW
DUP_EXACT_WS/MP18368/2025-2026/241282_4039200,EXACT,WS/MP18368/2025-2026/241282,SHRI LADLI ENTERPRISES,4039200.0,,False,Work+Vendor+Amount+Date exact match,CRITICAL,NEW
DUP_EXACT_WS/MP18368/2025-2026/241282_3564000,EXACT,WS/MP18368/2025-2026/241282,SHRI LADLI ENTERPRISES,3564000.0,,False,Work+Vendor+Amount+Date exact match,CRITICAL,NEW
DUP_EXACT_WS/MP140/2025-2026/250196_91760,EXACT,WS/MP140/2025-2026/250196,ROCK STONE CONSTRUCTION,91760.0,,False,Work+Vendor+Amount+Date exact match,CRITICAL,NEW
DUP_EXACT_WS/MP140/2025-2026/250196_22940,EXACT,WS/MP140/2025-2026/250196,ROCK STONE CONSTRUCTION,22940.0,,True,Rate-Card Baseline detected (Statutory Rate),MEDIUM,LEGITIMATE_RATE_CARD
DUP_EXACT_WS/MP071/2025-2026/157667_91078,EXACT,WS/MP071/2025-2026/157667,RAMDHENU ENTERPRISE,91078.0,,False,Work+Vendor+Amount+Date exact match,CRITICAL,NEW
DUP_EXACT_WS/MP843/2025-2026/219625_200000,EXACT,WS/MP843/2025-2026/219625,SWARAN SINGH TARLOCHAN SINGH,200000.0,,True,Rate-Card Baseline detected (Statutory Rate),MEDIUM,LEGITIMATE_RATE_CARD
DUP_EXACT_WS/MP146/2025-2026/197417_3705,EXACT,WS/MP146/2025-2026/197417,MAINA DEVI,3705.0,,True,Rate-Card Baseline detected (Statutory Rate),MEDIUM,LEGITIMATE_RATE_CARD
DUP_EXACT_WS/MP141/2023-2024/77739_27560,EXACT,WS/MP141/2023-2024/77739,AJIT RAM KIRTAN SINGH BKO,27560.0,,False,Work+Vendor+Amount+Date exact match,CRITICAL,NEW
DUP_EXACT_WS/MP103/2025-2026/209510_24900,EXACT,WS/MP103/2025-2026/209510,MAHESH,24900.0,,True,Rate-Card Baseline detected (Statutory Rate),MEDIUM,LEGITIMATE_RATE_CARD
DUP_EXACT_WS/MP103/2025-2026/209510_24500,EXACT,WS/MP103/2025-2026/209510,MAHESH,24500.0,,True,Rate-Card Baseline detected (Statutory Rate),MEDIUM,LEGITIMATE_RATE_CARD
DUP_EXACT_WS/MP103/2025-2026/209510_24800,EXACT,WS/MP103/2025-2026/209510,TILAK,24800.0,,True,Rate-Card Baseline detected (Statutory Rate),MEDIUM,LEGITIMATE_RATE_CARD
DUP_EXACT_WS/MP843/2024-2025/163591_85332,EXACT,WS/MP843/2024-2025/163591,SUNITA DEVI,85332.0,,False,Work+Vendor+Amount+Date exact match,CRITICAL,NEW
DUP_EXACT_WS/MP140/2024-2025/135348_48000,EXACT,WS/MP140/2024-2025/135348,SATGURU BUILDING MATERIAL,48000.0,,True,Rate-Card Baseline detected (Statutory Rate),MEDIUM,LEGITIMATE_RATE_CARD
DUP_EXACT_WS/MP843/2025-2026/184546_48195,EXACT,WS/MP843/2025-2026/184546,GUPTA CHIPS AND MARBLE STORE,48195.0,,False,Work+Vendor+Amount+Date exact match,CRITICAL,NEW
DUP_EXACT_WS/MP235/2025-2026/241415_37500,EXACT,WS/MP235/2025-2026/241415,PREM BRICKS INDUSTRY,37500.0,,True,Rate-Card Baseline detected (Statutory Rate),MEDIUM,LEGITIMATE_RATE_CARD
DUP_EXACT_WS/MP078/2025-2026/199254_150000,EXACT,WS/MP078/2025-2026/199254,GP DHALOT,150000.0,,True,Rate-Card Baseline detected (Statutory Rate),MEDIUM,LEGITIMATE_RATE_CARD
DUP_EXACT_WS/MP18304/2025-2026/222400_100000,EXACT,WS/MP18304/2025-2026/222400,GP TAPRE MPLADS,100000.0,,True,Rate-Card Baseline detected (Statutory Rate),MEDIUM,LEGITIMATE_RATE_CARD
DUP_EXACT_WS/MP18365/2025-2026/182591_36000,EXACT,WS/MP18365/2025-2026/182591,HIND BRICK INDUSTRIES,36000.0,,True,Rate-Card Baseline detected (Statutory Rate),MEDIUM,LEGITIMATE_RATE_CARD
DUP_EXACT_WS/MP18365/2025-2026/182591_49680,EXACT,WS/MP18365/2025-2026/182591,SIDHU CEMENT AND SCRAP STORE,49680.0,,False,Work+Vendor+Amount+Date exact match,CRITICAL,NEW
DUP_EXACT_WS/MP18297/2025-2026/208006_500000,EXACT,WS/MP18297/2025-2026/208006,GP ANANDIPURA A,500000.0,,True,Rate-Card Baseline detected (Statutory Rate),MEDIUM,LEGITIMATE_RATE_CARD
DUP_EXACT_WS/MP18304/2025-2026/196110_125000,EXACT,WS/MP18304/2025-2026/196110,GRAM PANCHAYAT BAROUR,125000.0,,True,Rate-Card Baseline detected (Statutory Rate),MEDIUM,LEGITIMATE_RATE_CARD
DUP_EXACT_WS/MP18304/2025-2026/196109_125000,EXACT,WS/MP18304/2025-2026/196109,GRAM PANCHAYAT BAROUR,125000.0,,True,Rate-Card Baseline detected (Statutory Rate),MEDIUM,LEGITIMATE_RATE_CARD
DUP_EXACT_WS/MP078/2025-2026/235513_100000,EXACT,WS/MP078/2025-2026/235513,GRAM PANCHATYAT GHANAHATTI,100000.0,,True,Rate-Card Baseline detected (Statutory Rate),MEDIUM,LEGITIMATE_RATE_CARD
DUP_EXACT_WS/MP18304/2025-2026/147628_75000,EXACT,WS/MP18304/2025-2026/147628,GRAM PANCHAYAT BAKHATPUR,75000.0,,True,Rate-Card Baseline detected (Statutory Rate),MEDIUM,LEGITIMATE_RATE_CARD
DUP_EXACT_WS/MP18304/2025-2026/190142_100000,EXACT,WS/MP18304/2025-2026/190142,GRAM PANCHAYAT JANGHI,100000.0,,True,Rate-Card Baseline detected (Statutory Rate),MEDIUM,LEGITIMATE_RATE_CARD
DUP_EXACT_WS/MP18304/2025-2026/190145_100000,EXACT,WS/MP18304/2025-2026/190145,GRAM PANCHAYAT JANGHI,100000.0,,True,Rate-Card Baseline detected (Statutory Rate),MEDIUM,LEGITIMATE_RATE_CARD
DUP_EXACT_WS/MP18304/2025-2026/196439_100000,EXACT,WS/MP18304/2025-2026/196439,GP SINGI,100000.0,,True,Rate-Card Baseline detected (Statutory Rate),MEDIUM,LEGITIMATE_RATE_CARD
DUP_EXACT_WS/MP141/2024-2025/135854_114000,EXACT,WS/MP141/2024-2025/135854,SG BUILDERS,114000.0,,True,Rate-Card Baseline detected (Statutory Rate),MEDIUM,LEGITIMATE_RATE_CARD
DUP_EXACT_WS/MP141/2024-2025/135854_31006,EXACT,WS/MP141/2024-2025/135854,SG BUILDERS,31006.0,,False,Work+Vendor+Amount+Date exact match,CRITICAL,NEW
DUP_EXACT_WS/MP140/2023-2024/78302_47250,EXACT,WS/MP140/2023-2024/78302,JHANERI BRICKS CO,47250.0,,True,Rate-Card Baseline detected (Statutory Rate),MEDIUM,LEGITIMATE_RATE_CARD
DUP_EXACT_WS/MP140/2023-2024/78305_34038,EXACT,WS/MP140/2023-2024/78305,CHOHAN CONSTRUCTION ZONE,34038.0,,False,Work+Vendor+Amount+Date exact match,CRITICAL,NEW
DUP_EXACT_WS/MP18316/2024-2025/162502_250000,EXACT,WS/MP18316/2024-2025/162502,SACHIV GRAM PANCHAYAT SHAIL,250000.0,,True,Rate-Card Baseline detected (Statutory Rate),MEDIUM,LEGITIMATE_RATE_CARD
DUP_EXACT_WS/MP106/2024-2025/145085_7021,EXACT,WS/MP106/2024-2025/145085,MANGAL DHURVE,7021.0,,False,Work+Vendor+Amount+Date exact match,CRITICAL,NEW
DUP_EXACT_WS/MP18304/2024-2025/138615_100000,EXACT,WS/MP18304/2024-2025/138615,GP SACH,100000.0,,True,Rate-Card Baseline detected (Statutory Rate),MEDIUM,LEGITIMATE_RATE_CARD
DUP_EXACT_WS/MP18304/2024-2025/159041_100000,EXACT,WS/MP18304/2024-2025/159041,GP RAJPURA,100000.0,,True,Rate-Card Baseline detected (Statutory Rate),MEDIUM,LEGITIMATE_RATE_CARD
DUP_EXACT_WS/MP18304/2025-2026/195831_100000,EXACT,WS/MP18304/2025-2026/195831,GP RAJPURA,100000.0,,True,Rate-Card Baseline detected (Statutory Rate),MEDIUM,LEGITIMATE_RATE_CARD
DUP_EXACT_WS/MP18304/2024-2025/146871_100000,EXACT,WS/MP18304/2024-2025/146871,GP KUPAHDA,100000.0,,True,Rate-Card Baseline detected (Statutory Rate),MEDIUM,LEGITIMATE_RATE_CARD
DUP_EXACT_WS/MP107/2025-2026/192443_99000,EXACT,WS/MP107/2025-2026/192443,DEVESH KUMAR PATLE,99000.0,,True,Rate-Card Baseline detected (Statutory Rate),MEDIUM,LEGITIMATE_RATE_CARD
DUP_EXACT_WS/MP107/2025-2026/192443_99900,EXACT,WS/MP107/2025-2026/192443,DEVESH KUMAR PATLE,99900.0,,True,Rate-Card Baseline detected (Statutory Rate),MEDIUM,LEGITIMATE_RATE_CARD
DUP_EXACT_WS/MP107/2025-2026/192443_99600,EXACT,WS/MP107/2025-2026/192443,DEVESH KUMAR PATLE,99600.0,,False,Work+Vendor+Amount+Date exact match,CRITICAL,NEW
DUP_EXACT_WS/MP107/2025-2026/192443_99990,EXACT,WS/MP107/2025-2026/192443,DEVESH KUMAR PATLE,99990.0,,True,Rate-Card Baseline detected (Statutory Rate),MEDIUM,LEGITIMATE_RATE_CARD
DUP_EXACT_WS/MP107/2025-2026/192443_99935,EXACT,WS/MP107/2025-2026/192443,DEVESH KUMAR PATLE,99935.0,,False,Work+Vendor+Amount+Date exact match,CRITICAL,NEW
DUP_EXACT_WS/MP107/2025-2026/192443_99880,EXACT,WS/MP107/2025-2026/192443,DEVESH KUMAR PATLE,99880.0,,False,Work+Vendor+Amount+Date exact match,CRITICAL,NEW
DUP_EXACT_WS/MP107/2025-2026/192443_99890,EXACT,WS/MP107/2025-2026/192443,DEVESH KUMAR PATLE,99890.0,,False,Work+Vendor+Amount+Date exact match,CRITICAL,NEW
DUP_EXACT_WS/MP107/2025-2026/192443_99960,EXACT,WS/MP107/2025-2026/192443,DEVESH KUMAR PATLE,99960.0,,True,Rate-Card Baseline detected (Statutory Rate),MEDIUM,LEGITIMATE_RATE_CARD
DUP_EXACT_WS/MP107/2025-2026/192445_99900,EXACT,WS/MP107/2025-2026/192445,DEVESH KUMAR PATLE,99900.0,,True,Rate-Card Baseline detected (Statutory Rate),MEDIUM,LEGITIMATE_RATE_CARD
DUP_EXACT_WS/MP107/2025-2026/192445_99600,EXACT,WS/MP107/2025-2026/192445,DEVESH KUMAR PATLE,99600.0,,False,Work+Vendor+Amount+Date exact match,CRITICAL,NEW
DUP_EXACT_WS/MP107/2025-2026/192445_99300,EXACT,WS/MP107/2025-2026/192445,DEVESH KUMAR PATLE,99300.0,,False,Work+Vendor+Amount+Date exact match,CRITICAL,NEW
DUP_EXACT_WS/MP107/2025-2026/192445_99960,EXACT,WS/MP107/2025-2026/192445,DEVESH KUMAR PATLE,99960.0,,True,Rate-Card Baseline detected (Statutory Rate),MEDIUM,LEGITIMATE_RATE_CARD
DUP_EXACT_WS/MP107/2025-2026/192445_99890,EXACT,WS/MP107/2025-2026/192445,DEVESH KUMAR PATLE,99890.0,,False,Work+Vendor+Amount+Date exact match,CRITICAL,NEW
DUP_EXACT_WS/MP107/2025-2026/192445_99880,EXACT,WS/MP107/2025-2026/192445,DEVESH KUMAR PATLE,99880.0,,False,Work+Vendor+Amount+Date exact match,CRITICAL,NEW
DUP_EXACT_WS/MP107/2025-2026/192445_99990,EXACT,WS/MP107/2025-2026/192445,DEVESH KUMAR PATLE,99990.0,,True,Rate-Card Baseline detected (Statutory Rate),MEDIUM,LEGITIMATE_RATE_CARD
DUP_EXACT_WS/MP107/2025-2026/192445_99935,EXACT,WS/MP107/2025-2026/192445,DEVESH KUMAR PATLE,99935.0,,False,Work+Vendor+Amount+Date exact match,CRITICAL,NEW
DUP_EXACT_WS/MP107/2025-2026/192445_99825,EXACT,WS/MP107/2025-2026/192445,DEVESH KUMAR PATLE,99825.0,,False,Work+Vendor+Amount+Date exact match,CRITICAL,NEW
DUP_EXACT_WS/MP18304/2025-2026/172861_100000,EXACT,WS/MP18304/2025-2026/172861,GP SUNDLA,100000.0,,True,Rate-Card Baseline detected (Statutory Rate),MEDIUM,LEGITIMATE_RATE_CARD
DUP_EXACT_WS/MP078/2025-2026/235480_50000,EXACT,WS/MP078/2025-2026/235480,GRAM PANCHAYAT FATEHPUR,50000.0,,True,Rate-Card Baseline detected (Statutory Rate),MEDIUM,LEGITIMATE_RATE_CARD
DUP_EXACT_WS/MP078/2025-2026/235483_250000,EXACT,WS/MP078/2025-2026/235483,GRAM PANCHAYAT FATEHPUR,250000.0,,True,Rate-Card Baseline detected (Statutory Rate),MEDIUM,LEGITIMATE_RATE_CARD
DUP_EXACT_WS/MP078/2025-2026/235479_50000,EXACT,WS/MP078/2025-2026/235479,GRAM PANCHAYAT FATEHPUR,50000.0,,True,Rate-Card Baseline detected (Statutory Rate),MEDIUM,LEGITIMATE_RATE_CARD
DUP_EXACT_WS/MP107/2025-2026/192572_500000,EXACT,WS/MP107/2025-2026/192572,GP SAATANBAADI S,500000.0,,True,Rate-Card Baseline detected (Statutory Rate),MEDIUM,LEGITIMATE_RATE_CARD
DUP_EXACT_WS/MP141/2025-2026/172986_306800,EXACT,WS/MP141/2025-2026/172986,JAIN CONCRETE BLOCK COMPANY,306800.0,,False,Work+Vendor+Amount+Date exact match,CRITICAL,NEW
DUP_EXACT_WS/MP233/2025-2026/202323_10500000,EXACT,WS/MP233/2025-2026/202323,H NYAMTO KONYAK,10500000.0,,False,Work+Vendor+Amount+Date exact match,CRITICAL,NEW
DUP_EXACT_WS/MP225/2024-2025/158961_248250,EXACT,WS/MP225/2024-2025/158961,ECONATIVE VENTURES PRIVATE LIMITED,248250.0,,False,Work+Vendor+Amount+Date exact match,CRITICAL,NEW
DUP_EXACT_WS/MP225/2024-2025/158962_248250,EXACT,WS/MP225/2024-2025/158962,ECONATIVE VENTURES PRIVATE LIMITED,248250.0,,False,Work+Vendor+Amount+Date exact match,CRITICAL,NEW
DUP_EXACT_WS/MP225/2024-2025/158963_248250,EXACT,WS/MP225/2024-2025/158963,ECONATIVE VENTURES PRIVATE LIMITED,248250.0,,False,Work+Vendor+Amount+Date exact match,CRITICAL,NEW
DUP_EXACT_WS/MP225/2024-2025/158964_248250,EXACT,WS/MP225/2024-2025/158964,ECONATIVE VENTURES PRIVATE LIMITED,248250.0,,False,Work+Vendor+Amount+Date exact match,CRITICAL,NEW
DUP_EXACT_WS/MP225/2024-2025/158944_248250,EXACT,WS/MP225/2024-2025/158944,ECONATIVE VENTURES PRIVATE LIMITED,248250.0,,False,Work+Vendor+Amount+Date exact match,CRITICAL,NEW
DUP_EXACT_WS/MP225/2024-2025/158945_248250,EXACT,WS/MP225/2024-2025/158945,ECONATIVE VENTURES PRIVATE LIMITED,248250.0,,False,Work+Vendor+Amount+Date exact match,CRITICAL,NEW
DUP_EXACT_WS/MP225/2024-2025/158946_248250,EXACT,WS/MP225/2024-2025/158946,ECONATIVE VENTURES PRIVATE LIMITED,248250.0,,False,Work+Vendor+Amount+Date exact match,CRITICAL,NEW
DUP_EXACT_WS/MP225/2024-2025/158947_248250,EXACT,WS/MP225/2024-2025/158947,ECONATIVE VENTURES PRIVATE LIMITED,248250.0,,False,Work+Vendor+Amount+Date exact match,CRITICAL,NEW
DUP_EXACT_WS/MP225/2024-2025/158948_248250,EXACT,WS/MP225/2024-2025/158948,ECONATIVE VENTURES PRIVATE LIMITED,248250.0,,False,Work+Vendor+Amount+Date exact match,CRITICAL,NEW
DUP_EXACT_WS/MP225/2024-2025/158949_248250,EXACT,WS/MP225/2024-2025/158949,ECONATIVE VENTURES PRIVATE LIMITED,248250.0,,False,Work+Vendor+Amount+Date exact match,CRITICAL,NEW
DUP_EXACT_WS/MP225/2024-2025/158950_248250,EXACT,WS/MP225/2024-2025/158950,ECONATIVE VENTURES PRIVATE LIMITED,248250.0,,False,Work+Vendor+Amount+Date exact match,CRITICAL,NEW
DUP_EXACT_WS/MP225/2024-2025/158951_248250,EXACT,WS/MP225/2024-2025/158951,ECONATIVE VENTURES PRIVATE LIMITED,248250.0,,False,Work+Vendor+Amount+Date exact match,CRITICAL,NEW
DUP_EXACT_WS/MP18362/2025-2026/186050_750000,EXACT,WS/MP18362/2025-2026/186050,GRAM PANCHAYAT BATWADI,750000.0,,True,Rate-Card Baseline detected (Statutory Rate),MEDIUM,LEGITIMATE_RATE_CARD
DUP_EXACT_WS/MP140/2024-2025/135349_34450,EXACT,WS/MP140/2024-2025/135349,AMRITSARIA MAL SYAL BRICKS KLIN,34450.0,,False,Work+Vendor+Amount+Date exact match,CRITICAL,NEW
DUP_EXACT_WS/MP18316/2024-2025/166108_50000,EXACT,WS/MP18316/2024-2025/166108,KRISHNA GUPTA,50000.0,,True,Rate-Card Baseline detected (Statutory Rate),MEDIUM,LEGITIMATE_RATE_CARD
DUP_EXACT_WS/MP078/2024-2025/173985_50000,EXACT,WS/MP078/2024-2025/173985,BDO SURANI RS,50000.0,,True,Rate-Card Baseline detected (Statutory Rate),MEDIUM,LEGITIMATE_RATE_CARD
DUP_EXACT_WS/MP078/2025-2026/147268_150000,EXACT,WS/MP078/2025-2026/147268,BDO SURANI RS,150000.0,,True,Rate-Card Baseline detected (Statutory Rate),MEDIUM,LEGITIMATE_RATE_CARD
DUP_EXACT_WS/MP147/2024-2025/102177_6500,EXACT,WS/MP147/2024-2025/102177,SUVITA,6500.0,,True,Rate-Card Baseline detected (Statutory Rate),MEDIUM,LEGITIMATE_RATE_CARD
DUP_EXACT_WS/MP141/2024-2025/135854_33920,EXACT,WS/MP141/2024-2025/135854,SK BRICKS AND CO,33920.0,,False,Work+Vendor+Amount+Date exact match,CRITICAL,NEW
DUP_EXACT_WS/MP140/2025-2026/222802_40000,EXACT,WS/MP140/2025-2026/222802,SK BRICKS AND CO,40000.0,,True,Rate-Card Baseline detected (Statutory Rate),MEDIUM,LEGITIMATE_RATE_CARD
DUP_EXACT_WS/MP189/2025-2026/147109_251520,EXACT,WS/MP189/2025-2026/147109,ABHAY NARAYAN YADAV,251520.0,,False,Work+Vendor+Amount+Date exact match,CRITICAL,NEW
DUP_EXACT_WS/MP189/2025-2026/147109_57514,EXACT,WS/MP189/2025-2026/147109,ABHAY NARAYAN YADAV,57514.0,,False,Work+Vendor+Amount+Date exact match,CRITICAL,NEW
DUP_EXACT_WS/MP18316/2024-2025/172458_250000,EXACT,WS/MP18316/2024-2025/172458,GP KANERA,250000.0,,True,Rate-Card Baseline detected (Statutory Rate),MEDIUM,LEGITIMATE_RATE_CARD
DUP_EXACT_WS/MP140/2025-2026/194345_450000,EXACT,WS/MP140/2025-2026/194345,AGGARWAL SANITARY STORE,450000.0,,True,Rate-Card Baseline detected (Statutory Rate),MEDIUM,LEGITIMATE_RATE_CARD
DUP_EXACT_WS/MP18304/2024-2025/156144_250000,EXACT,WS/MP18304/2024-2025/156144,GP TUNG,250000.0,,True,Rate-Card Baseline detected (Statutory Rate),MEDIUM,LEGITIMATE_RATE_CARD
DUP_EXACT_WS/MP078/2024-2025/148990_100000,EXACT,WS/MP078/2024-2025/148990,GP BANDU,100000.0,,True,Rate-Card Baseline detected (Statutory Rate),MEDIUM,LEGITIMATE_RATE_CARD
DUP_EXACT_WS/MP078/2024-2025/148989_100000,EXACT,WS/MP078/2024-2025/148989,GP BANDU,100000.0,,True,Rate-Card Baseline detected (Statutory Rate),MEDIUM,LEGITIMATE_RATE_CARD
DUP_EXACT_WS/MP107/2024-2025/141292_1000000,EXACT,WS/MP107/2024-2025/141292,SWARASWATI SIKSHA PARISHAD,1000000.0,,True,Rate-Card Baseline detected (Statutory Rate),MEDIUM,LEGITIMATE_RATE_CARD
DUP_EXACT_WS/MP141/2024-2025/135854_57000,EXACT,WS/MP141/2024-2025/135854,JINDAL WIRE NETTING INDUSTRIES,57000.0,,True,Rate-Card Baseline detected (Statutory Rate),MEDIUM,LEGITIMATE_RATE_CARD
DUP_EXACT_WS/MP141/2024-2025/135854_49608,EXACT,WS/MP141/2024-2025/135854,KAPIL HARDWARE AND SANITARY STORE,49608.0,,False,Work+Vendor+Amount+Date exact match,CRITICAL,NEW
DUP_EXACT_WS/MP843/2024-2025/136534_40000,EXACT,WS/MP843/2024-2025/136534,SETHI BUILDING MATERIAL,40000.0,,True,Rate-Card Baseline detected (Statutory Rate),MEDIUM,LEGITIMATE_RATE_CARD
DUP_EXACT_WS/MP18316/2025-2026/216060_750000,EXACT,WS/MP18316/2025-2026/216060,GRAM PANCHAYAT BADONA,750000.0,,True,Rate-Card Baseline detected (Statutory Rate),MEDIUM,LEGITIMATE_RATE_CARD
DUP_EXACT_WS/MP18316/2024-2025/166089_450000,EXACT,WS/MP18316/2024-2025/166089,GRAM PANCHAYAT BADONA,450000.0,,True,Rate-Card Baseline detected (Statutory Rate),MEDIUM,LEGITIMATE_RATE_CARD
DUP_EXACT_WS/MP18316/2024-2025/166090_450000,EXACT,WS/MP18316/2024-2025/166090,GRAM PANCHAYAT BADONA,450000.0,,True,Rate-Card Baseline detected (Statutory Rate),MEDIUM,LEGITIMATE_RATE_CARD
DUP_EXACT_WS/MP225/2024-2025/157014_500000,EXACT,WS/MP225/2024-2025/157014,CMHO BALOD,500000.0,,True,Rate-Card Baseline detected (Statutory Rate),MEDIUM,LEGITIMATE_RATE_CARD
DUP_EXACT_WS/MP147/2024-2025/148158_200000,EXACT,WS/MP147/2024-2025/148158,SWASTIK INFRA PROJECTS TUNWA,200000.0,,True,Rate-Card Baseline detected (Statutory Rate),MEDIUM,LEGITIMATE_RATE_CARD
DUP_EXACT_WS/MP225/2024-2025/159544_500000,EXACT,WS/MP225/2024-2025/159544,GRAM PANCHAYAT GADHABHATHA,500000.0,,True,Rate-Card Baseline detected (Statutory Rate),MEDIUM,LEGITIMATE_RATE_CARD
DUP_EXACT_WS/MP140/2023-2024/16863_33750,EXACT,WS/MP140/2023-2024/16863,TERAN TERAN BRICKS AND TILES,33750.0,,False,Work+Vendor+Amount+Date exact match,CRITICAL,NEW
DUP_EXACT_WS/MP107/2024-2025/151633_900000,EXACT,WS/MP107/2024-2025/151633,JYOT JANJAGRATI SHIKSHA AVAM SAMAJ KALYAN SAMITI,900000.0,,True,Rate-Card Baseline detected (Statutory Rate),MEDIUM,LEGITIMATE_RATE_CARD
DUP_EXACT_WS/MP201/2025-2026/162408_69000,EXACT,WS/MP201/2025-2026/162408,HARI TARA ASSOCIATES,69000.0,,True,Rate-Card Baseline detected (Statutory Rate),MEDIUM,LEGITIMATE_RATE_CARD
DUP_EXACT_WS/MP201/2025-2026/162408_828000,EXACT,WS/MP201/2025-2026/162408,HARI TARA ASSOCIATES,828000.0,,False,Work+Vendor+Amount+Date exact match,CRITICAL,NEW
DUP_EXACT_WS/MP201/2025-2026/162408_207000,EXACT,WS/MP201/2025-2026/162408,HARI TARA ASSOCIATES,207000.0,,False,Work+Vendor+Amount+Date exact match,CRITICAL,NEW
DUP_EXACT_WS/MP201/2024-2025/155278_828000,EXACT,WS/MP201/2024-2025/155278,HARI TARA ASSOCIATES,828000.0,,False,Work+Vendor+Amount+Date exact match,CRITICAL,NEW
DUP_EXACT_WS/MP201/2024-2025/155278_276000,EXACT,WS/MP201/2024-2025/155278,HARI TARA ASSOCIATES,276000.0,,False,Work+Vendor+Amount+Date exact match,CRITICAL,NEW
DUP_EXACT_WS/MP201/2025-2026/162408_276000,EXACT,WS/MP201/2025-2026/162408,HARI TARA ASSOCIATES,276000.0,,False,Work+Vendor+Amount+Date exact match,CRITICAL,NEW
DUP_EXACT_WS/MP18304/2025-2026/190144_100000,EXACT,WS/MP18304/2025-2026/190144,GRAM PANCHAYAT UTEEP,100000.0,,True,Rate-Card Baseline detected (Statutory Rate),MEDIUM,LEGITIMATE_RATE_CARD
DUP_EXACT_WS/MP18304/2024-2025/139883_50000,EXACT,WS/MP18304/2024-2025/139883,GRAM PANCHAYAT UTEEP,50000.0,,True,Rate-Card Baseline detected (Statutory Rate),MEDIUM,LEGITIMATE_RATE_CARD
DUP_EXACT_WS/MP18304/2024-2025/139886_50000,EXACT,WS/MP18304/2024-2025/139886,GRAM PANCHAYAT UTEEP,50000.0,,True,Rate-Card Baseline detected (Statutory Rate),MEDIUM,LEGITIMATE_RATE_CARD
DUP_EXACT_WS/MP18304/2025-2026/196696_250000,EXACT,WS/MP18304/2025-2026/196696,GRAM PANCHAYAT UTEEP,250000.0,,True,Rate-Card Baseline detected (Statutory Rate),MEDIUM,LEGITIMATE_RATE_CARD
DUP_EXACT_WS/MP18304/2025-2026/203127_100000,EXACT,WS/MP18304/2025-2026/203127,GRAM PANCHAYAT UTEEP,100000.0,,True,Rate-Card Baseline detected (Statutory Rate),MEDIUM,LEGITIMATE_RATE_CARD
DUP_EXACT_WS/MP18304/2025-2026/221000_125000,EXACT,WS/MP18304/2025-2026/221000,GRAM PANCHAYAT UTEEP,125000.0,,True,Rate-Card Baseline detected (Statutory Rate),MEDIUM,LEGITIMATE_RATE_CARD
DUP_EXACT_WS/MP233/2024-2025/133825_750000,EXACT,WS/MP233/2024-2025/133825,VIPIHO RHETSO,750000.0,,True,Rate-Card Baseline detected (Statutory Rate),MEDIUM,LEGITIMATE_RATE_CARD
DUP_EXACT_WS/MP140/2024-2025/142008_80287,EXACT,WS/MP140/2024-2025/142008,DTC TILES,80287.0,,False,Work+Vendor+Amount+Date exact match,CRITICAL,NEW
DUP_EXACT_WS/MP233/2024-2025/133816_500000,EXACT,WS/MP233/2024-2025/133816,RUOKUOKHRIELIE ALEX RUTSA,500000.0,,True,Rate-Card Baseline detected (Statutory Rate),MEDIUM,LEGITIMATE_RATE_CARD
DUP_EXACT_WS/MP18304/2025-2026/190405_100000,EXACT,WS/MP18304/2025-2026/190405,GRAM PANCHAYAT TAPOON,100000.0,,True,Rate-Card Baseline detected (Statutory Rate),MEDIUM,LEGITIMATE_RATE_CARD
DUP_EXACT_WS/MP18304/2025-2026/215878_200000,EXACT,WS/MP18304/2025-2026/215878,GP KHAJJIAR,200000.0,,True,Rate-Card Baseline detected (Statutory Rate),MEDIUM,LEGITIMATE_RATE_CARD
DUP_EXACT_WS/MP18304/2025-2026/248406_100000,EXACT,WS/MP18304/2025-2026/248406,GP KHAJJIAR,100000.0,,True,Rate-Card Baseline detected (Statutory Rate),MEDIUM,LEGITIMATE_RATE_CARD
DUP_EXACT_WS/MP18304/2024-2025/157333_150000,EXACT,WS/MP18304/2024-2025/157333,GP KHAJJIAR,150000.0,,True,Rate-Card Baseline detected (Statutory Rate),MEDIUM,LEGITIMATE_RATE_CARD
DUP_EXACT_WS/MP18285/2025-2026/205728_100000,EXACT,WS/MP18285/2025-2026/205728,SHIKSHA INTER PRISES,100000.0,,True,Rate-Card Baseline detected (Statutory Rate),MEDIUM,LEGITIMATE_RATE_CARD
DUP_EXACT_WS/MP078/2025-2026/201577_100000,EXACT,WS/MP078/2025-2026/201577,BDO BHAWARNA INDU GOSWAMI,100000.0,,True,Rate-Card Baseline detected (Statutory Rate),MEDIUM,LEGITIMATE_RATE_CARD
DUP_EXACT_WS/MP147/2023-2024/86044_500000,EXACT,WS/MP147/2023-2024/86044,MAA SWARUP LAXMI CONSTRUCTION COMPANY,500000.0,,True,Rate-Card Baseline detected (Statutory Rate),MEDIUM,LEGITIMATE_RATE_CARD
DUP_EXACT_WS/MP106/2023-2024/19233_250000,EXACT,WS/MP106/2023-2024/19233,GRAM PANCHAYAT IMALIYA,250000.0,,True,Rate-Card Baseline detected (Statutory Rate),MEDIUM,LEGITIMATE_RATE_CARD
DUP_EXACT_WS/MP103/2024-2025/142784_200000,EXACT,WS/MP103/2024-2025/142784,GRAM PANCHAYAT TILGARA JANPAD PANCHAYAT BADNAWAR DISTRICT DHAR,200000.0,,True,Rate-Card Baseline detected (Statutory Rate),MEDIUM,LEGITIMATE_RATE_CARD
DUP_EXACT_WS/MP18304/2024-2025/157367_100000,EXACT,WS/MP18304/2024-2025/157367,GRAM PANCHAYAT KARIYAN,100000.0,,True,Rate-Card Baseline detected (Statutory Rate),MEDIUM,LEGITIMATE_RATE_CARD
DUP_EXACT_WS/MP18304/2024-2025/135464_100000,EXACT,WS/MP18304/2024-2025/135464,GRAM PANCHAYAT KARIYAN,100000.0,,True,Rate-Card Baseline detected (Statutory Rate),MEDIUM,LEGITIMATE_RATE_CARD
DUP_EXACT_WS/MP18304/2024-2025/157341_100000,EXACT,WS/MP18304/2024-2025/157341,GRAM PANCHAYAT KARIYAN,100000.0,,True,Rate-Card Baseline detected (Statutory Rate),MEDIUM,LEGITIMATE_RATE_CARD
DUP_EXACT_WS/MP18362/2024-2025/146148_500000,EXACT,WS/MP18362/2024-2025/146148,CHIEF MANAGER OFFICE MEGA PLANNING LOCAL AREA MANDSAUR,500000.0,,True,Rate-Card Baseline detected (Statutory Rate),MEDIUM,LEGITIMATE_RATE_CARD
DUP_EXACT_WS/MP18362/2024-2025/146149_200000,EXACT,WS/MP18362/2024-2025/146149,CHIEF MANAGER OFFICE MEGA PLANNING LOCAL AREA MANDSAUR,200000.0,,True,Rate-Card Baseline detected (Statutory Rate),MEDIUM,LEGITIMATE_RATE_CARD
DUP_EXACT_WS/MP225/2025-2026/192632_400000,EXACT,WS/MP225/2025-2026/192632,GRAM PANCHYAT KODUKAPA SGVY,400000.0,,True,Rate-Card Baseline detected (Statutory Rate),MEDIUM,LEGITIMATE_RATE_CARD
DUP_EXACT_WS/MP18304/2025-2026/202975_150000,EXACT,WS/MP18304/2025-2026/202975,GP BHANOTA,150000.0,,True,Rate-Card Baseline detected (Statutory Rate),MEDIUM,LEGITIMATE_RATE_CARD
DUP_EXACT_WS/MP18304/2024-2025/146817_100000,EXACT,WS/MP18304/2024-2025/146817,GP BHANOTA,100000.0,,True,Rate-Card Baseline detected (Statutory Rate),MEDIUM,LEGITIMATE_RATE_CARD
DUP_EXACT_WS/MP233/2024-2025/133820_250000,EXACT,WS/MP233/2024-2025/133820,THOMAS MAGH,250000.0,,True,Rate-Card Baseline detected (Statutory Rate),MEDIUM,LEGITIMATE_RATE_CARD
DUP_EXACT_WS/MP233/2024-2025/133822_500000,EXACT,WS/MP233/2024-2025/133822,PANGZEI N KONYAK,500000.0,,True,Rate-Card Baseline detected (Statutory Rate),MEDIUM,LEGITIMATE_RATE_CARD
DUP_EXACT_WS/MP225/2024-2025/142885_248000,EXACT,WS/MP225/2024-2025/142885,STARCARE ENTERPRISES LLP,248000.0,,True,Rate-Card Baseline detected (Statutory Rate),MEDIUM,LEGITIMATE_RATE_CARD
DUP_EXACT_WS/MP225/2024-2025/142883_248000,EXACT,WS/MP225/2024-2025/142883,STARCARE ENTERPRISES LLP,248000.0,,True,Rate-Card Baseline detected (Statutory Rate),MEDIUM,LEGITIMATE_RATE_CARD
DUP_EXACT_WS/MP225/2024-2025/142884_248000,EXACT,WS/MP225/2024-2025/142884,STARCARE ENTERPRISES LLP,248000.0,,True,Rate-Card Baseline detected (Statutory Rate),MEDIUM,LEGITIMATE_RATE_CARD
DUP_EXACT_WS/MP225/2024-2025/142882_248000,EXACT,WS/MP225/2024-2025/142882,STARCARE ENTERPRISES LLP,248000.0,,True,Rate-Card Baseline detected (Statutory Rate),MEDIUM,LEGITIMATE_RATE_CARD
DUP_EXACT_WS/MP225/2024-2025/142881_248000,EXACT,WS/MP225/2024-2025/142881,STARCARE ENTERPRISES LLP,248000.0,,True,Rate-Card Baseline detected (Statutory Rate),MEDIUM,LEGITIMATE_RATE_CARD
DUP_EXACT_WS/MP225/2024-2025/142880_248000,EXACT,WS/MP225/2024-2025/142880,STARCARE ENTERPRISES LLP,248000.0,,True,Rate-Card Baseline detected (Statutory Rate),MEDIUM,LEGITIMATE_RATE_CARD
DUP_EXACT_WS/MP225/2024-2025/142879_248000,EXACT,WS/MP225/2024-2025/142879,STARCARE ENTERPRISES LLP,248000.0,,True,Rate-Card Baseline detected (Statutory Rate),MEDIUM,LEGITIMATE_RATE_CARD
DUP_EXACT_WS/MP225/2024-2025/142877_248000,EXACT,WS/MP225/2024-2025/142877,STARCARE ENTERPRISES LLP,248000.0,,True,Rate-Card Baseline detected (Statutory Rate),MEDIUM,LEGITIMATE_RATE_CARD
DUP_EXACT_WS/MP225/2024-2025/142878_248000,EXACT,WS/MP225/2024-2025/142878,STARCARE ENTERPRISES LLP,248000.0,,True,Rate-Card Baseline detected (Statutory Rate),MEDIUM,LEGITIMATE_RATE_CARD
DUP_EXACT_WS/MP140/2024-2025/135343_168150,EXACT,WS/MP140/2024-2025/135343,SATNAM PROCESS ENGINEERING,168150.0,,False,Work+Vendor+Amount+Date exact match,CRITICAL,NEW
DUP_EXACT_WS/MP140/2024-2025/135344_168150,EXACT,WS/MP140/2024-2025/135344,SATNAM PROCESS ENGINEERING,168150.0,,False,Work+Vendor+Amount+Date exact match,CRITICAL,NEW
DUP_EXACT_WS/MP103/2024-2025/138973_650000,EXACT,WS/MP103/2024-2025/138973,GRAM PANCHAYT SEMRLA,650000.0,,True,Rate-Card Baseline detected (Statutory Rate),MEDIUM,LEGITIMATE_RATE_CARD
DUP_EXACT_WS/MP103/2024-2025/137772_700000,EXACT,WS/MP103/2024-2025/137772,GRAM PANCHAYT BATHOLI,700000.0,,True,Rate-Card Baseline detected (Statutory Rate),MEDIUM,LEGITIMATE_RATE_CARD
DUP_EXACT_WS/MP103/2024-2025/139537_1000000,EXACT,WS/MP103/2024-2025/139537,GRAM PANCHAYT KATGHADA,1000000.0,,True,Rate-Card Baseline detected (Statutory Rate),MEDIUM,LEGITIMATE_RATE_CARD
DUP_EXACT_WS/MP103/2025-2026/209566_1000000,EXACT,WS/MP103/2025-2026/209566,GRAM PANCHAYT KATGHADA,1000000.0,,True,Rate-Card Baseline detected (Statutory Rate),MEDIUM,LEGITIMATE_RATE_CARD
DUP_EXACT_WS/MP141/2024-2025/135854_40000,EXACT,WS/MP141/2024-2025/135854,SHRI KRISHNA BUILDERS,40000.0,,True,Rate-Card Baseline detected (Statutory Rate),MEDIUM,LEGITIMATE_RATE_CARD
DUP_EXACT_WS/MP141/2024-2025/135854_49400,EXACT,WS/MP141/2024-2025/135854,SHRI KRISHNA BUILDERS,49400.0,,True,Rate-Card Baseline detected (Statutory Rate),MEDIUM,LEGITIMATE_RATE_CARD
DUP_EXACT_WS/MP233/2024-2025/133827_1000000,EXACT,WS/MP233/2024-2025/133827,YANGDIPI SANGTAM,1000000.0,,True,Rate-Card Baseline detected (Statutory Rate),MEDIUM,LEGITIMATE_RATE_CARD
DUP_EXACT_WS/MP078/2023-2024/25438_150000,EXACT,WS/MP078/2023-2024/25438,GRAM PANCHAYAT TAMBER,150000.0,,True,Rate-Card Baseline detected (Statutory Rate),MEDIUM,LEGITIMATE_RATE_CARD
DUP_EXACT_WS/MP18304/2025-2026/213788_50000,EXACT,WS/MP18304/2025-2026/213788,GRAM PANCHAYAT DRAMAN,50000.0,,True,Rate-Card Baseline detected (Statutory Rate),MEDIUM,LEGITIMATE_RATE_CARD
DUP_EXACT_WS/MP18304/2025-2026/196165_75000,EXACT,WS/MP18304/2025-2026/196165,GRAM PANCHAYAT DRAMAN,75000.0,,True,Rate-Card Baseline detected (Statutory Rate),MEDIUM,LEGITIMATE_RATE_CARD
DUP_EXACT_WS/MP18304/2025-2026/196155_75000,EXACT,WS/MP18304/2025-2026/196155,GRAM PANCHAYAT DRAMAN,75000.0,,True,Rate-Card Baseline detected (Statutory Rate),MEDIUM,LEGITIMATE_RATE_CARD
DUP_EXACT_WS/MP18304/2025-2026/213800_50000,EXACT,WS/MP18304/2025-2026/213800,GRAM PANCHAYAT DRAMAN,50000.0,,True,Rate-Card Baseline detected (Statutory Rate),MEDIUM,LEGITIMATE_RATE_CARD
DUP_EXACT_WS/MP103/2024-2025/138974_650000,EXACT,WS/MP103/2024-2025/138974,GARAM PANCHAYAT SIRLAY,650000.0,,True,Rate-Card Baseline detected (Statutory Rate),MEDIUM,LEGITIMATE_RATE_CARD
DUP_EXACT_WS/MP225/2024-2025/140365_500000,EXACT,WS/MP225/2024-2025/140365,GRAM PANCHAYAT GORKAPAR,500000.0,,True,Rate-Card Baseline detected (Statutory Rate),MEDIUM,LEGITIMATE_RATE_CARD
DUP_EXACT_WS/MP225/2024-2025/140364_500000,EXACT,WS/MP225/2024-2025/140364,GRAM PANCHAYAT RIWAGAHAN,500000.0,,True,Rate-Card Baseline detected (Statutory Rate),MEDIUM,LEGITIMATE_RATE_CARD
DUP_EXACT_WS/MP225/2024-2025/140366_250000,EXACT,WS/MP225/2024-2025/140366,GRAM PANCHAYAT PARSADIH SU,250000.0,,True,Rate-Card Baseline detected (Statutory Rate),MEDIUM,LEGITIMATE_RATE_CARD
DUP_EXACT_WS/MP233/2024-2025/133826_600000,EXACT,WS/MP233/2024-2025/133826,N AMSHA KONYAK,600000.0,,True,Rate-Card Baseline detected (Statutory Rate),MEDIUM,LEGITIMATE_RATE_CARD
DUP_EXACT_WS/MP106/2023-2024/26208_3000,EXACT,WS/MP106/2023-2024/26208,PARASRAM GAJANAND SATPUTE,3000.0,,True,Rate-Card Baseline detected (Statutory Rate),MEDIUM,LEGITIMATE_RATE_CARD
DUP_EXACT_WS/MP106/2023-2024/26208_1800,EXACT,WS/MP106/2023-2024/26208,REKHA PARASRAM SATPUTE,1800.0,,True,Rate-Card Baseline detected (Statutory Rate),MEDIUM,LEGITIMATE_RATE_CARD
DUP_EXACT_WS/MP18297/2025-2026/208308_500000,EXACT,WS/MP18297/2025-2026/208308,GP BINPURA,500000.0,,True,Rate-Card Baseline detected (Statutory Rate),MEDIUM,LEGITIMATE_RATE_CARD
DUP_EXACT_WS/MP176/2024-2025/149419_5000000,EXACT,WS/MP176/2024-2025/149419,SAMRIDDHI ENTERPRISES,5000000.0,,True,Rate-Card Baseline detected (Statutory Rate),MEDIUM,LEGITIMATE_RATE_CARD
DUP_EXACT_WS/MP843/2025-2026/267763_40810,EXACT,WS/MP843/2025-2026/267763,HEM RAJ,40810.0,,True,Rate-Card Baseline detected (Statutory Rate),MEDIUM,LEGITIMATE_RATE_CARD
DUP_EXACT_WS/MP18304/2024-2025/157342_50000,EXACT,WS/MP18304/2024-2025/157342,GP GUWAD,50000.0,,True,Rate-Card Baseline detected (Statutory Rate),MEDIUM,LEGITIMATE_RATE_CARD
DUP_EXACT_WS/MP18304/2024-2025/157366_50000,EXACT,WS/MP18304/2024-2025/157366,GP GUWAD,50000.0,,True,Rate-Card Baseline detected (Statutory Rate),MEDIUM,LEGITIMATE_RATE_CARD
DUP_EXACT_WS/MP233/2024-2025/133817_1500000,EXACT,WS/MP233/2024-2025/133817,Y YINGLIH,1500000.0,,True,Rate-Card Baseline detected (Statutory Rate),MEDIUM,LEGITIMATE_RATE_CARD
DUP_EXACT_WS/MP141/2025-2026/213252_40502,EXACT,WS/MP141/2025-2026/213252,MS SANJEEV KUMAR BKO VILL BALAGAN,40502.0,,False,Work+Vendor+Amount+Date exact match,CRITICAL,NEW
DUP_EXACT_WS/MP141/2024-2025/141802_21000,EXACT,WS/MP141/2024-2025/141802,MS SANJEEV KUMAR BKO VILL BALAGAN,21000.0,,True,Rate-Card Baseline detected (Statutory Rate),MEDIUM,LEGITIMATE_RATE_CARD
DUP_EXACT_WS/MP140/2025-2026/255047_24301,EXACT,WS/MP140/2025-2026/255047,MS SANJEEV KUMAR BKO VILL BALAGAN,24301.0,,False,Work+Vendor+Amount+Date exact match,CRITICAL,NEW
DUP_EXACT_WS/MP141/2025-2026/213245_48600,EXACT,WS/MP141/2025-2026/213245,MS BALAJI BRICK IND DASUYA,48600.0,,True,Rate-Card Baseline detected (Statutory Rate),MEDIUM,LEGITIMATE_RATE_CARD
DUP_EXACT_WS/MP234/2024-2025/134594_46256,EXACT,WS/MP234/2024-2025/134594,NAVKASH ENGINEERING SOLUTIONS,46256.0,,False,Work+Vendor+Amount+Date exact match,CRITICAL,NEW
DUP_EXACT_WS/MP234/2024-2025/134594_46546,EXACT,WS/MP234/2024-2025/134594,NAVKASH ENGINEERING SOLUTIONS,46546.0,,False,Work+Vendor+Amount+Date exact match,CRITICAL,NEW
DUP_EXACT_WS/MP18304/2024-2025/157345_75000,EXACT,WS/MP18304/2024-2025/157345,GRAM PANCHAYAT GAGLA DEVELOPMENT BLOCK MEHLA,75000.0,,True,Rate-Card Baseline detected (Statutory Rate),MEDIUM,LEGITIMATE_RATE_CARD
DUP_EXACT_WS/MP18304/2024-2025/157339_75000,EXACT,WS/MP18304/2024-2025/157339,GRAM PANCHAYAT GAGLA DEVELOPMENT BLOCK MEHLA,75000.0,,True,Rate-Card Baseline detected (Statutory Rate),MEDIUM,LEGITIMATE_RATE_CARD
DUP_EXACT_WS/MP18304/2024-2025/138654_150000,EXACT,WS/MP18304/2024-2025/138654,GRAM PANCHAYAT GAGLA DEVELOPMENT BLOCK MEHLA,150000.0,,True,Rate-Card Baseline detected (Statutory Rate),MEDIUM,LEGITIMATE_RATE_CARD
DUP_EXACT_WS/MP18304/2025-2026/190407_50000,EXACT,WS/MP18304/2025-2026/190407,GRAM PANCHAYAT GAGLA DEVELOPMENT BLOCK MEHLA,50000.0,,True,Rate-Card Baseline detected (Statutory Rate),MEDIUM,LEGITIMATE_RATE_CARD
DUP_EXACT_WS/MP18304/2025-2026/190406_50000,EXACT,WS/MP18304/2025-2026/190406,GRAM PANCHAYAT GAGLA DEVELOPMENT BLOCK MEHLA,50000.0,,True,Rate-Card Baseline detected (Statutory Rate),MEDIUM,LEGITIMATE_RATE_CARD
DUP_EXACT_WS/MP18304/2024-2025/139885_50000,EXACT,WS/MP18304/2024-2025/139885,GRAM PANCHAYAT GAGLA DEVELOPMENT BLOCK MEHLA,50000.0,,True,Rate-Card Baseline detected (Statutory Rate),MEDIUM,LEGITIMATE_RATE_CARD
DUP_EXACT_WS/MP225/2024-2025/140119_920000,EXACT,WS/MP225/2024-2025/140119,GRAM PANCHAYAT SARWANI BA,920000.0,,False,Work+Vendor+Amount+Date exact match,CRITICAL,NEW
DUP_EXACT_WS/MP18304/2024-2025/157348_100000,EXACT,WS/MP18304/2024-2025/157348,GP RAJERA GENERAL,100000.0,,True,Rate-Card Baseline detected (Statutory Rate),MEDIUM,LEGITIMATE_RATE_CARD
DUP_EXACT_WS/MP18304/2024-2025/157344_75000,EXACT,WS/MP18304/2024-2025/157344,GRAM PANCHAYAT BAILLY,75000.0,,True,Rate-Card Baseline detected (Statutory Rate),MEDIUM,LEGITIMATE_RATE_CARD
DUP_EXACT_WS/MP18304/2025-2026/213793_50000,EXACT,WS/MP18304/2025-2026/213793,GRAM PANCHAYAT BAILLY,50000.0,,True,Rate-Card Baseline detected (Statutory Rate),MEDIUM,LEGITIMATE_RATE_CARD
DUP_EXACT_WS/MP18304/2025-2026/195841_100000,EXACT,WS/MP18304/2025-2026/195841,GRAM PANCHAYAT BAILLY,100000.0,,True,Rate-Card Baseline detected (Statutory Rate),MEDIUM,LEGITIMATE_RATE_CARD
DUP_EXACT_WS/MP18304/2025-2026/195836_100000,EXACT,WS/MP18304/2025-2026/195836,GRAM PANCHAYAT BAILLY,100000.0,,True,Rate-Card Baseline detected (Statutory Rate),MEDIUM,LEGITIMATE_RATE_CARD
DUP_EXACT_WS/MP18304/2024-2025/135469_200000,EXACT,WS/MP18304/2024-2025/135469,GP RAJINDU,200000.0,,True,Rate-Card Baseline detected (Statutory Rate),MEDIUM,LEGITIMATE_RATE_CARD
DUP_EXACT_WS/MP18304/2025-2026/192502_50000,EXACT,WS/MP18304/2025-2026/192502,GP RAJINDU,50000.0,,True,Rate-Card Baseline detected (Statutory Rate),MEDIUM,LEGITIMATE_RATE_CARD
DUP_EXACT_WS/MP18304/2024-2025/133995_200000,EXACT,WS/MP18304/2024-2025/133995,GRAM PANCHAYAT CHEELBANGLA,200000.0,,True,Rate-Card Baseline detected (Statutory Rate),MEDIUM,LEGITIMATE_RATE_CARD
DUP_EXACT_WS/MP18304/2025-2026/202972_100000,EXACT,WS/MP18304/2025-2026/202972,GRAM PANCHAYAT CHEELBANGLA,100000.0,,True,Rate-Card Baseline detected (Statutory Rate),MEDIUM,LEGITIMATE_RATE_CARD
DUP_EXACT_WS/MP18304/2025-2026/202974_100000,EXACT,WS/MP18304/2025-2026/202974,GRAM PANCHAYAT CHEELBANGLA,100000.0,,True,Rate-Card Baseline detected (Statutory Rate),MEDIUM,LEGITIMATE_RATE_CARD
DUP_EXACT_WS/MP18304/2024-2025/134154_200000,EXACT,WS/MP18304/2024-2025/134154,GRAM PANCHAYAT CHEELBANGLA,200000.0,,True,Rate-Card Baseline detected (Statutory Rate),MEDIUM,LEGITIMATE_RATE_CARD
DUP_EXACT_WS/MP233/2024-2025/133814_1000000,EXACT,WS/MP233/2024-2025/133814,IMNASENLA LEMTUR,1000000.0,,True,Rate-Card Baseline detected (Statutory Rate),MEDIUM,LEGITIMATE_RATE_CARD
DUP_EXACT_WS/MP233/2024-2025/133821_250000,EXACT,WS/MP233/2024-2025/133821,NZANO P KIKON,250000.0,,True,Rate-Card Baseline detected (Statutory Rate),MEDIUM,LEGITIMATE_RATE_CARD
DUP_EXACT_WS/MP18304/2024-2025/138622_150000,EXACT,WS/MP18304/2024-2025/138622,GP AUDA,150000.0,,True,Rate-Card Baseline detected (Statutory Rate),MEDIUM,LEGITIMATE_RATE_CARD
DUP_EXACT_WS/MP078/2024-2025/147271_150000,EXACT,WS/MP078/2024-2025/147271,GP BHARWANA,150000.0,,True,Rate-Card Baseline detected (Statutory Rate),MEDIUM,LEGITIMATE_RATE_CARD
DUP_EXACT_WS/MP235/2025-2026/268746_91600,EXACT,WS/MP235/2025-2026/268746,FRIENDS INTERLOCKING TILE FACTORY,91600.0,,False,Work+Vendor+Amount+Date exact match,CRITICAL,NEW
DUP_EXACT_WS/MP192/2023-2024/13218_48000,EXACT,WS/MP192/2023-2024/13218,SHIV OM CEMENT AGENCE,48000.0,,True,Rate-Card Baseline detected (Statutory Rate),MEDIUM,LEGITIMATE_RATE_CARD
DUP_EXACT_WS/MP192/2023-2024/13218_49140,EXACT,WS/MP192/2023-2024/13218,SHIV OM CEMENT AGENCE,49140.0,,False,Work+Vendor+Amount+Date exact match,CRITICAL,NEW
DUP_EXACT_WS/MP104/2025-2026/218111_500000,EXACT,WS/MP104/2025-2026/218111,GP PIPROUA,500000.0,,True,Rate-Card Baseline detected (Statutory Rate),MEDIUM,LEGITIMATE_RATE_CARD
DUP_EXACT_WS/MP104/2025-2026/218110_630000,EXACT,WS/MP104/2025-2026/218110,GP PIPROUA,630000.0,,True,Rate-Card Baseline detected (Statutory Rate),MEDIUM,LEGITIMATE_RATE_CARD
DUP_EXACT_WS/MP18304/2025-2026/230770_50000,EXACT,WS/MP18304/2025-2026/230770,GP THACHI,50000.0,,True,Rate-Card Baseline detected (Statutory Rate),MEDIUM,LEGITIMATE_RATE_CARD
DUP_EXACT_WS/MP18304/2024-2025/157365_100000,EXACT,WS/MP18304/2024-2025/157365,GP SARAHAN GENERAL ACCOUNT,100000.0,,True,Rate-Card Baseline detected (Statutory Rate),MEDIUM,LEGITIMATE_RATE_CARD
DUP_EXACT_WS/MP18333/2024-2025/156623_17600,EXACT,WS/MP18333/2024-2025/156623,CHANDRASHEKHAR,17600.0,,True,Rate-Card Baseline detected (Statutory Rate),MEDIUM,LEGITIMATE_RATE_CARD
DUP_EXACT_WS/MP18333/2024-2025/156623_16800,EXACT,WS/MP18333/2024-2025/156623,UMESH SINGH,16800.0,,True,Rate-Card Baseline detected (Statutory Rate),MEDIUM,LEGITIMATE_RATE_CARD
DUP_EXACT_WS/MP18333/2024-2025/156623_12600,EXACT,WS/MP18333/2024-2025/156623,BHUWAN CHANDRA,12600.0,,True,Rate-Card Baseline detected (Statutory Rate),MEDIUM,LEGITIMATE_RATE_CARD
DUP_EXACT_WS/MP233/2024-2025/133818_12500000,EXACT,WS/MP233/2024-2025/133818,Y C CHINGKAP KONYAK,12500000.0,,False,Work+Vendor+Amount+Date exact match,CRITICAL,NEW
DUP_EXACT_WS/MP189/2025-2026/221854_63649,EXACT,WS/MP189/2025-2026/221854,R G SUPPLIERS,63649.0,,False,Work+Vendor+Amount+Date exact match,CRITICAL,NEW
DUP_EXACT_WS/MP189/2025-2026/221857_63649,EXACT,WS/MP189/2025-2026/221857,R G SUPPLIERS,63649.0,,False,Work+Vendor+Amount+Date exact match,CRITICAL,NEW
DUP_EXACT_WS/MP189/2025-2026/221862_63649,EXACT,WS/MP189/2025-2026/221862,R G SUPPLIERS,63649.0,,False,Work+Vendor+Amount+Date exact match,CRITICAL,NEW
DUP_EXACT_WS/MP189/2025-2026/221868_63649,EXACT,WS/MP189/2025-2026/221868,R G SUPPLIERS,63649.0,,False,Work+Vendor+Amount+Date exact match,CRITICAL,NEW
DUP_EXACT_WS/MP189/2025-2026/221872_63649,EXACT,WS/MP189/2025-2026/221872,R G SUPPLIERS,63649.0,,False,Work+Vendor+Amount+Date exact match,CRITICAL,NEW
DUP_EXACT_WS/MP189/2025-2026/221854_100300,EXACT,WS/MP189/2025-2026/221854,R G SUPPLIERS,100300.0,,False,Work+Vendor+Amount+Date exact match,CRITICAL,NEW
DUP_EXACT_WS/MP189/2025-2026/221862_100300,EXACT,WS/MP189/2025-2026/221862,R G SUPPLIERS,100300.0,,False,Work+Vendor+Amount+Date exact match,CRITICAL,NEW
DUP_EXACT_WS/MP189/2025-2026/221868_100300,EXACT,WS/MP189/2025-2026/221868,R G SUPPLIERS,100300.0,,False,Work+Vendor+Amount+Date exact match,CRITICAL,NEW
DUP_EXACT_WS/MP189/2025-2026/221872_100300,EXACT,WS/MP189/2025-2026/221872,R G SUPPLIERS,100300.0,,False,Work+Vendor+Amount+Date exact match,CRITICAL,NEW
DUP_EXACT_WS/MP189/2025-2026/221857_100300,EXACT,WS/MP189/2025-2026/221857,R G SUPPLIERS,100300.0,,False,Work+Vendor+Amount+Date exact match,CRITICAL,NEW
DUP_EXACT_WS/MP106/2024-2025/125596_150000,EXACT,WS/MP106/2024-2025/125596,AJAY KUMAR SHRIVAL,150000.0,,True,Rate-Card Baseline detected (Statutory Rate),MEDIUM,LEGITIMATE_RATE_CARD
DUP_EXACT_WS/MP106/2023-2024/1543_150000,EXACT,WS/MP106/2023-2024/1543,DAYODAY PASHU SEVA SAMITI GADARWARA,150000.0,,True,Rate-Card Baseline detected (Statutory Rate),MEDIUM,LEGITIMATE_RATE_CARD
DUP_EXACT_WS/MP233/2024-2025/56847_500000,EXACT,WS/MP233/2024-2025/56847,MELANDIALLIU NBUNG,500000.0,,True,Rate-Card Baseline detected (Statutory Rate),MEDIUM,LEGITIMATE_RATE_CARD
DUP_EXACT_WS/MP106/2023-2024/85050_50000,EXACT,WS/MP106/2023-2024/85050,MUKESH KUMAR MEHRA,50000.0,,True,Rate-Card Baseline detected (Statutory Rate),MEDIUM,LEGITIMATE_RATE_CARD
DUP_EXACT_WS/MP078/2024-2025/147266_144480,EXACT,WS/MP078/2024-2025/147266,BDO DEHRA MP RAJYA SABHA,144480.0,,False,Work+Vendor+Amount+Date exact match,CRITICAL,NEW
DUP_EXACT_WS/MP106/2023-2024/16113_250000,EXACT,WS/MP106/2023-2024/16113,SHREE SALASAR BALAJI DEVELOPERS AND CONSTRUCTION HARSHAL SETHIA,250000.0,,True,Rate-Card Baseline detected (Statutory Rate),MEDIUM,LEGITIMATE_RATE_CARD
DUP_EXACT_WS/MP078/2023-2024/13524_150000,EXACT,WS/MP078/2023-2024/13524,GP SINGADHAR,150000.0,,True,Rate-Card Baseline detected (Statutory Rate),MEDIUM,LEGITIMATE_RATE_CARD
DUP_EXACT_WS/MP18304/2025-2026/213085_250000,EXACT,WS/MP18304/2025-2026/213085,GP SAROL,250000.0,,True,Rate-Card Baseline detected (Statutory Rate),MEDIUM,LEGITIMATE_RATE_CARD
DUP_EXACT_WS/MP18304/2024-2025/138650_250000,EXACT,WS/MP18304/2024-2025/138650,GP SAROL,250000.0,,True,Rate-Card Baseline detected (Statutory Rate),MEDIUM,LEGITIMATE_RATE_CARD
DUP_EXACT_WS/MP18304/2024-2025/138652_150000,EXACT,WS/MP18304/2024-2025/138652,GP KILOD,150000.0,,True,Rate-Card Baseline detected (Statutory Rate),MEDIUM,LEGITIMATE_RATE_CARD
DUP_EXACT_WS/MP217/2024-2025/171179_38822,EXACT,WS/MP217/2024-2025/171179,WEST BENGAL MEDICAL SERVICES CORPORATION LIMITED,38822.0,,False,Work+Vendor+Amount+Date exact match,CRITICAL,NEW
DUP_EXACT_WS/MP18299/2024-2025/171164_58233,EXACT,WS/MP18299/2024-2025/171164,WEST BENGAL MEDICAL SERVICES CORPORATION LIMITED,58233.0,,False,Work+Vendor+Amount+Date exact match,CRITICAL,NEW
DUP_EXACT_WS/MP218/2024-2025/171165_58233,EXACT,WS/MP218/2024-2025/171165,WEST BENGAL MEDICAL SERVICES CORPORATION LIMITED,58233.0,,False,Work+Vendor+Amount+Date exact match,CRITICAL,NEW
DUP_EXACT_WS/MP220/2024-2025/171199_77644,EXACT,WS/MP220/2024-2025/171199,WEST BENGAL MEDICAL SERVICES CORPORATION LIMITED,77644.0,,False,Work+Vendor+Amount+Date exact match,CRITICAL,NEW
DUP_EXACT_WS/MP893/2024-2025/171163_77644,EXACT,WS/MP893/2024-2025/171163,WEST BENGAL MEDICAL SERVICES CORPORATION LIMITED,77644.0,,False,Work+Vendor+Amount+Date exact match,CRITICAL,NEW
DUP_EXACT_WS/MP141/2023-2024/77740_50000,EXACT,WS/MP141/2023-2024/77740,SUMIT VACHHER CONTRACTOR,50000.0,,True,Rate-Card Baseline detected (Statutory Rate),MEDIUM,LEGITIMATE_RATE_CARD
DUP_EXACT_WS/MP139/2024-2025/134087_749855,EXACT,WS/MP139/2024-2025/134087,MAHINDRA AND MAHINDRA LTD,749855.0,,False,Work+Vendor+Amount+Date exact match,CRITICAL,NEW
DUP_EXACT_WS/MP844/2023-2024/74812_49512,EXACT,WS/MP844/2023-2024/74812,AKAL CEMENT TILES,49512.0,,False,Work+Vendor+Amount+Date exact match,CRITICAL,NEW
DUP_EXACT_WS/MP844/2023-2024/74812_46600,EXACT,WS/MP844/2023-2024/74812,AKAL CEMENT TILES,46600.0,,True,Rate-Card Baseline detected (Statutory Rate),MEDIUM,LEGITIMATE_RATE_CARD
DUP_EXACT_WS/MP106/2023-2024/19294_120000,EXACT,WS/MP106/2023-2024/19294,GRAM PANCHAYAT PAHADIKHEDA,120000.0,,True,Rate-Card Baseline detected (Statutory Rate),MEDIUM,LEGITIMATE_RATE_CARD
DUP_EXACT_WS/MP103/2023-2024/34534_750000,EXACT,WS/MP103/2023-2024/34534,GP MAGARDA S,750000.0,,True,Rate-Card Baseline detected (Statutory Rate),MEDIUM,LEGITIMATE_RATE_CARD
DUP_EXACT_WS/MP18284/2025-2026/179318_250000,EXACT,WS/MP18284/2025-2026/179318,JP GOGAWA,250000.0,,True,Rate-Card Baseline detected (Statutory Rate),MEDIUM,LEGITIMATE_RATE_CARD
DUP_EXACT_WS/MP103/2023-2024/34556_350000,EXACT,WS/MP103/2023-2024/34556,GRAM PANCHAYAT BORALI,350000.0,,True,Rate-Card Baseline detected (Statutory Rate),MEDIUM,LEGITIMATE_RATE_CARD
DUP_EXACT_WS/MP140/2023-2024/34273_36000,EXACT,WS/MP140/2023-2024/34273,RAJA SAHIB JI ENTERPRISES,36000.0,,True,Rate-Card Baseline detected (Statutory Rate),MEDIUM,LEGITIMATE_RATE_CARD
DUP_EXACT_WS/MP18304/2024-2025/146829_75000,EXACT,WS/MP18304/2024-2025/146829,GP KIRI,75000.0,,True,Rate-Card Baseline detected (Statutory Rate),MEDIUM,LEGITIMATE_RATE_CARD
DUP_EXACT_WS/MP106/2023-2024/124178_250000,EXACT,WS/MP106/2023-2024/124178,GRAM PANCHAYAT KANJAI,250000.0,,True,Rate-Card Baseline detected (Statutory Rate),MEDIUM,LEGITIMATE_RATE_CARD
DUP_EXACT_WS/MP18316/2025-2026/208405_750000,EXACT,WS/MP18316/2025-2026/208405,SARASWATI VIDYA PRATISHTHAN MP,750000.0,,True,Rate-Card Baseline detected (Statutory Rate),MEDIUM,LEGITIMATE_RATE_CARD
DUP_EXACT_WS/MP107/2023-2024/90552_15000,EXACT,WS/MP107/2023-2024/90552,HARI RAM BARMAN,15000.0,,True,Rate-Card Baseline detected (Statutory Rate),MEDIUM,LEGITIMATE_RATE_CARD
DUP_EXACT_WS/MP019/2023-2024/48517_279518,EXACT,WS/MP019/2023-2024/48517,RAGHUBANSI CONSTRUCTION COMPANY,279518.4,,False,Work+Vendor+Amount+Date exact match,CRITICAL,NEW
DUP_EXACT_WS/MP844/2023-2024/74812_26924,EXACT,WS/MP844/2023-2024/74812,ARYA BRICKS MANUFACTURERS,26924.0,,False,Work+Vendor+Amount+Date exact match,CRITICAL,NEW
DUP_EXACT_WS/MP140/2023-2024/39816_42000,EXACT,WS/MP140/2023-2024/39816,MS MANUKE BRICK IND,42000.0,,True,Rate-Card Baseline detected (Statutory Rate),MEDIUM,LEGITIMATE_RATE_CARD
DUP_EXACT_WS/MP140/2023-2024/39816_36000,EXACT,WS/MP140/2023-2024/39816,MS MANUKE BRICK IND,36000.0,,True,Rate-Card Baseline detected (Statutory Rate),MEDIUM,LEGITIMATE_RATE_CARD
DUP_EXACT_WS/MP140/2023-2024/39816_18000,EXACT,WS/MP140/2023-2024/39816,MS MANUKE BRICK IND,18000.0,,True,Rate-Card Baseline detected (Statutory Rate),MEDIUM,LEGITIMATE_RATE_CARD
DUP_EXACT_WS/MP140/2024-2025/142008_45000,EXACT,WS/MP140/2024-2025/142008,MS MANUKE BRICK IND,45000.0,,True,Rate-Card Baseline detected (Statutory Rate),MEDIUM,LEGITIMATE_RATE_CARD
DUP_EXACT_WS/MP140/2024-2025/142008_45880,EXACT,WS/MP140/2024-2025/142008,LUCKY INTERLOCK TILES,45880.0,,True,Rate-Card Baseline detected (Statutory Rate),MEDIUM,LEGITIMATE_RATE_CARD
DUP_EXACT_WS/MP140/2024-2025/142008_40145,EXACT,WS/MP140/2024-2025/142008,LUCKY INTERLOCK TILES,40145.0,,False,Work+Vendor+Amount+Date exact match,CRITICAL,NEW
DUP_EXACT_WS/MP18365/2025-2026/182591_40000,EXACT,WS/MP18365/2025-2026/182591,LUCKY INTERLOCK TILES,40000.0,,True,Rate-Card Baseline detected (Statutory Rate),MEDIUM,LEGITIMATE_RATE_CARD
DUP_EXACT_WS/MP18340/2025-2026/255347_250000,EXACT,WS/MP18340/2025-2026/255347,GRAM PANCHAYAT RIWAGAHAN,250000.0,,True,Rate-Card Baseline detected (Statutory Rate),MEDIUM,LEGITIMATE_RATE_CARD
DUP_EXACT_WS/MP18362/2025-2026/213598_250000,EXACT,WS/MP18362/2025-2026/213598,GRAM PANCHAYAT ALHED,250000.0,,True,Rate-Card Baseline detected (Statutory Rate),MEDIUM,LEGITIMATE_RATE_CARD
DUP_EXACT_WS/MP081/2023-2024/1814_300000,EXACT,WS/MP081/2023-2024/1814,A K  ENTERPRISES,300000.0,,True,Rate-Card Baseline detected (Statutory Rate),MEDIUM,LEGITIMATE_RATE_CARD
DUP_EXACT_WS/MP106/2023-2024/31177_300000,EXACT,WS/MP106/2023-2024/31177,GRAM PANCHAYAT DEONAGER PURANA,300000.0,,True,Rate-Card Baseline detected (Statutory Rate),MEDIUM,LEGITIMATE_RATE_CARD
DUP_EXACT_WS/MP106/2023-2024/31176_300000,EXACT,WS/MP106/2023-2024/31176,GRAM PANCHAYAT BARHETA,300000.0,,True,Rate-Card Baseline detected (Statutory Rate),MEDIUM,LEGITIMATE_RATE_CARD
DUP_EXACT_WS/MP106/2025-2026/205965_375000,EXACT,WS/MP106/2025-2026/205965,GRAM PANCHAYAT JHOT,375000.0,,True,Rate-Card Baseline detected (Statutory Rate),MEDIUM,LEGITIMATE_RATE_CARD
DUP_EXACT_WS/MP106/2023-2024/1601_350000,EXACT,WS/MP106/2023-2024/1601,GRAM PANCHAYAT JHOT,350000.0,,True,Rate-Card Baseline detected (Statutory Rate),MEDIUM,LEGITIMATE_RATE_CARD
DUP_EXACT_WS/MP103/2023-2024/27625_125000,EXACT,WS/MP103/2023-2024/27625,PATEL DEVLOPERS,125000.0,,True,Rate-Card Baseline detected (Statutory Rate),MEDIUM,LEGITIMATE_RATE_CARD
DUP_EXACT_WS/MP103/2023-2024/27625_75000,EXACT,WS/MP103/2023-2024/27625,DINESH PATEL,75000.0,,True,Rate-Card Baseline detected (Statutory Rate),MEDIUM,LEGITIMATE_RATE_CARD
DUP_EXACT_WS/MP147/2023-2024/93838_500000,EXACT,WS/MP147/2023-2024/93838,MS SARPANCH GRAM PANCHAYAT JHINJHINYALI,500000.0,,True,Rate-Card Baseline detected (Statutory Rate),MEDIUM,LEGITIMATE_RATE_CARD
DUP_EXACT_WS/MP233/2023-2024/56788_1250000,EXACT,WS/MP233/2023-2024/56788,TRIBAL ENTERPRISE,1250000.0,,True,Rate-Card Baseline detected (Statutory Rate),MEDIUM,LEGITIMATE_RATE_CARD
DUP_EXACT_WS/MP18304/2025-2026/203124_100000,EXACT,WS/MP18304/2025-2026/203124,GP RINDA,100000.0,,True,Rate-Card Baseline detected (Statutory Rate),MEDIUM,LEGITIMATE_RATE_CARD
DUP_EXACT_WS/MP103/2023-2024/34205_35000,EXACT,WS/MP103/2023-2024/34205,ROHIT,35000.0,,True,Rate-Card Baseline detected (Statutory Rate),MEDIUM,LEGITIMATE_RATE_CARD
DUP_EXACT_WS/MP103/2024-2025/147532_25000,EXACT,WS/MP103/2024-2025/147532,SHIV KRAPA CONTSTRUCTION COMPANY,25000.0,,True,Rate-Card Baseline detected (Statutory Rate),MEDIUM,LEGITIMATE_RATE_CARD
DUP_EXACT_WS/MP103/2024-2025/147532_24000,EXACT,WS/MP103/2024-2025/147532,SHIV KRAPA CONTSTRUCTION COMPANY,24000.0,,True,Rate-Card Baseline detected (Statutory Rate),MEDIUM,LEGITIMATE_RATE_CARD
DUP_EXACT_WS/MP078/2024-2025/147108_250000,EXACT,WS/MP078/2024-2025/147108,BDO DHARAMSHALA MPLADS,250000.0,,True,Rate-Card Baseline detected (Statutory Rate),MEDIUM,LEGITIMATE_RATE_CARD
DUP_EXACT_WS/MP103/2023-2024/34536_50000,EXACT,WS/MP103/2023-2024/34536,AAKASH NAMDEV,50000.0,,True,Rate-Card Baseline detected (Statutory Rate),MEDIUM,LEGITIMATE_RATE_CARD
DUP_EXACT_WS/MP106/2023-2024/1600_320000,EXACT,WS/MP106/2023-2024/1600,GRAM PANCHAYAT PIPARIYA MUSRAN,320000.0,,True,Rate-Card Baseline detected (Statutory Rate),MEDIUM,LEGITIMATE_RATE_CARD
DUP_EXACT_WS/MP106/2023-2024/19263_100000,EXACT,WS/MP106/2023-2024/19263,GRAM PANCHAYAT PIPARIYA MUSRAN,100000.0,,True,Rate-Card Baseline detected (Statutory Rate),MEDIUM,LEGITIMATE_RATE_CARD
DUP_EXACT_WS/MP18316/2025-2026/250284_250000,EXACT,WS/MP18316/2025-2026/250284,GP KASHI KHARI,250000.0,,True,Rate-Card Baseline detected (Statutory Rate),MEDIUM,LEGITIMATE_RATE_CARD
DUP_EXACT_WS/MP106/2023-2024/116007_10632,EXACT,WS/MP106/2023-2024/116007,ASHOK RAHANGDALE,10632.0,,False,Work+Vendor+Amount+Date exact match,CRITICAL,NEW
DUP_EXACT_WS/MP106/2023-2024/9776_250000,EXACT,WS/MP106/2023-2024/9776,GP NAHLA,250000.0,,True,Rate-Card Baseline detected (Statutory Rate),MEDIUM,LEGITIMATE_RATE_CARD
DUP_EXACT_WS/MP103/2023-2024/34529_150000,EXACT,WS/MP103/2023-2024/34529,SHRI BALAJI BUILDING,150000.0,,True,Rate-Card Baseline detected (Statutory Rate),MEDIUM,LEGITIMATE_RATE_CARD
DUP_EXACT_WS/MP103/2023-2024/34529_50000,EXACT,WS/MP103/2023-2024/34529,OMPRAKESH SARDAR,50000.0,,True,Rate-Card Baseline detected (Statutory Rate),MEDIUM,LEGITIMATE_RATE_CARD
DUP_EXACT_WS/MP844/2023-2024/74812_49768,EXACT,WS/MP844/2023-2024/74812,LAJPAT SINGH CONTRACTOR,49768.0,,False,Work+Vendor+Amount+Date exact match,CRITICAL,NEW
DUP_EXACT_WS/MP235/2026-2027/288248_39200,EXACT,WS/MP235/2026-2027/288248,J L INDUSTRIES BKO,39200.0,,True,Rate-Card Baseline detected (Statutory Rate),MEDIUM,LEGITIMATE_RATE_CARD
DUP_EXACT_WS/MP201/2023-2024/73283_814812,EXACT,WS/MP201/2023-2024/73283,SHREE RADHA RANI KRIPA ASSOCIATE,814812.0,,False,Work+Vendor+Amount+Date exact match,CRITICAL,NEW
DUP_EXACT_WS/MP18362/2025-2026/186057_350000,EXACT,WS/MP18362/2025-2026/186057,CEO JANPAD PANCHAYAT MANDSAUR,350000.0,,True,Rate-Card Baseline detected (Statutory Rate),MEDIUM,LEGITIMATE_RATE_CARD
DUP_EXACT_WS/MP18362/2025-2026/223484_350000,EXACT,WS/MP18362/2025-2026/223484,CEO JANPAD PANCHAYAT MANDSAUR,350000.0,,True,Rate-Card Baseline detected (Statutory Rate),MEDIUM,LEGITIMATE_RATE_CARD
DUP_EXACT_WS/MP18362/2025-2026/190011_400000,EXACT,WS/MP18362/2025-2026/190011,CEO JANPAD PANCHAYAT MANDSAUR,400000.0,,True,Rate-Card Baseline detected (Statutory Rate),MEDIUM,LEGITIMATE_RATE_CARD
DUP_EXACT_WS/MP18362/2025-2026/190010_400000,EXACT,WS/MP18362/2025-2026/190010,CEO JANPAD PANCHAYAT MANDSAUR,400000.0,,True,Rate-Card Baseline detected (Statutory Rate),MEDIUM,LEGITIMATE_RATE_CARD
DUP_EXACT_WS/MP18362/2025-2026/186063_325000,EXACT,WS/MP18362/2025-2026/186063,CEO JANPAD PANCHAYAT MANDSAUR,325000.0,,True,Rate-Card Baseline detected (Statutory Rate),MEDIUM,LEGITIMATE_RATE_CARD
DUP_EXACT_WS/MP18362/2025-2026/262155_250000,EXACT,WS/MP18362/2025-2026/262155,CEO JANPAD PANCHAYAT MANDSAUR,250000.0,,True,Rate-Card Baseline detected (Statutory Rate),MEDIUM,LEGITIMATE_RATE_CARD
DUP_EXACT_WS/MP18362/2025-2026/262153_350000,EXACT,WS/MP18362/2025-2026/262153,CEO JANPAD PANCHAYAT MANDSAUR,350000.0,,True,Rate-Card Baseline detected (Statutory Rate),MEDIUM,LEGITIMATE_RATE_CARD
DUP_EXACT_WS/MP18362/2025-2026/186059_500000,EXACT,WS/MP18362/2025-2026/186059,CEO JANPAD PANCHAYAT MANDSAUR,500000.0,,True,Rate-Card Baseline detected (Statutory Rate),MEDIUM,LEGITIMATE_RATE_CARD
DUP_EXACT_WS/MP18362/2026-2027/275392_200000,EXACT,WS/MP18362/2026-2027/275392,CEO JANPAD PANCHAYAT MANDSAUR,200000.0,,True,Rate-Card Baseline detected (Statutory Rate),MEDIUM,LEGITIMATE_RATE_CARD
DUP_EXACT_WS/MP233/2023-2024/56815_500000,EXACT,WS/MP233/2023-2024/56815,C MANLANG ANGTO,500000.0,,True,Rate-Card Baseline detected (Statutory Rate),MEDIUM,LEGITIMATE_RATE_CARD
DUP_EXACT_WS/MP107/2023-2024/90552_40068,EXACT,WS/MP107/2023-2024/90552,PAHARIYA EARTHMOVERS,40068.0,,False,Work+Vendor+Amount+Date exact match,CRITICAL,NEW
DUP_EXACT_WS/MP106/2023-2024/1593_200000,EXACT,WS/MP106/2023-2024/1593,HUSAINPUR,200000.0,,True,Rate-Card Baseline detected (Statutory Rate),MEDIUM,LEGITIMATE_RATE_CARD
DUP_EXACT_WS/MP103/2023-2024/31332_30000,EXACT,WS/MP103/2023-2024/31332,SHEKHAR BADRILAL,30000.0,,True,Rate-Card Baseline detected (Statutory Rate),MEDIUM,LEGITIMATE_RATE_CARD
DUP_EXACT_WS/MP103/2023-2024/31332_25000,EXACT,WS/MP103/2023-2024/31332,SHEKHAR BADRILAL,25000.0,,True,Rate-Card Baseline detected (Statutory Rate),MEDIUM,LEGITIMATE_RATE_CARD
DUP_EXACT_WS/MP103/2023-2024/31332_50400,EXACT,WS/MP103/2023-2024/31332,BALAJI TRADERS,50400.0,,True,Rate-Card Baseline detected (Statutory Rate),MEDIUM,LEGITIMATE_RATE_CARD
DUP_EXACT_WS/MP140/2025-2026/247931_49560,EXACT,WS/MP140/2025-2026/247931,BHULLAR SPUN PIPE FACTORY,49560.0,,True,Rate-Card Baseline detected (Statutory Rate),MEDIUM,LEGITIMATE_RATE_CARD
DUP_EXACT_WS/MP140/2025-2026/247933_47602,EXACT,WS/MP140/2025-2026/247933,BHULLAR SPUN PIPE FACTORY,47602.0,,False,Work+Vendor+Amount+Date exact match,CRITICAL,NEW
DUP_EXACT_WS/MP107/2023-2024/90552_41748,EXACT,WS/MP107/2023-2024/90552,MAA DURGA TREDARS,41748.0,,False,Work+Vendor+Amount+Date exact match,CRITICAL,NEW
DUP_EXACT_WS/MP107/2023-2024/90552_45108,EXACT,WS/MP107/2023-2024/90552,MAA DURGA TREDARS,45108.0,,False,Work+Vendor+Amount+Date exact match,CRITICAL,NEW
DUP_EXACT_WS/MP107/2023-2024/90553_152000,EXACT,WS/MP107/2023-2024/90553,KRISHNA TRADERS,152000.0,,False,Work+Vendor+Amount+Date exact match,CRITICAL,NEW
DUP_EXACT_WS/MP235/2026-2027/288254_162000,EXACT,WS/MP235/2026-2027/288254,GURU KIRPA TILES,162000.0,,False,Work+Vendor+Amount+Date exact match,CRITICAL,NEW
DUP_EXACT_WS/MP18284/2025-2026/179040_500000,EXACT,WS/MP18284/2025-2026/179040,JANPAD PANCHAYAT KASRAWAD,500000.0,,True,Rate-Card Baseline detected (Statutory Rate),MEDIUM,LEGITIMATE_RATE_CARD
DUP_EXACT_WS/MP106/2023-2024/19295_100000,EXACT,WS/MP106/2023-2024/19295,GP KARHAIYYA KALAN JP UDAIPURA,100000.0,,True,Rate-Card Baseline detected (Statutory Rate),MEDIUM,LEGITIMATE_RATE_CARD
DUP_EXACT_WS/MP107/2025-2026/215575_750000,EXACT,WS/MP107/2025-2026/215575,GP KHAMERA JP SILWANI,750000.0,,True,Rate-Card Baseline detected (Statutory Rate),MEDIUM,LEGITIMATE_RATE_CARD
DUP_EXACT_WS/MP140/2024-2025/164182_30000,EXACT,WS/MP140/2024-2025/164182,GUPTA BROTHERS,30000.0,,True,Rate-Card Baseline detected (Statutory Rate),MEDIUM,LEGITIMATE_RATE_CARD
DUP_EXACT_WS/MP140/2024-2025/164182_23400,EXACT,WS/MP140/2024-2025/164182,GUPTA BROTHERS,23400.0,,True,Rate-Card Baseline detected (Statutory Rate),MEDIUM,LEGITIMATE_RATE_CARD
DUP_EXACT_WS/MP140/2024-2025/164182_40117,EXACT,WS/MP140/2024-2025/164182,GUPTA BROTHERS,40117.0,,False,Work+Vendor+Amount+Date exact match,CRITICAL,NEW
DUP_EXACT_WS/MP140/2024-2025/164182_48000,EXACT,WS/MP140/2024-2025/164182,GUPTA BROTHERS,48000.0,,True,Rate-Card Baseline detected (Statutory Rate),MEDIUM,LEGITIMATE_RATE_CARD
DUP_EXACT_WS/MP081/2023-2024/7131_500000,EXACT,WS/MP081/2023-2024/7131,MERAJ AHMAD,500000.0,,True,Rate-Card Baseline detected (Statutory Rate),MEDIUM,LEGITIMATE_RATE_CARD
DUP_EXACT_WS/MP235/2025-2026/241412_77880,EXACT,WS/MP235/2025-2026/241412,SHRI GURU GOBIND SINGH JI CEMENT PIPE FACTORY,77880.0,,False,Work+Vendor+Amount+Date exact match,CRITICAL,NEW
DUP_EXACT_WS/MP850/2025-2026/201772_8475,EXACT,WS/MP850/2025-2026/201772,BLOCK BAGESHWAR ROYALTY,8475.0,,False,Work+Vendor+Amount+Date exact match,CRITICAL,NEW
DUP_EXACT_WS/MP103/2023-2024/34537_500000,EXACT,WS/MP103/2023-2024/34537,CEO JANPAD PANCHAYAT KALAPIPAL,500000.0,,True,Rate-Card Baseline detected (Statutory Rate),MEDIUM,LEGITIMATE_RATE_CARD
DUP_EXACT_WS/MP146/2023-2024/11222_500000,EXACT,WS/MP146/2023-2024/11222,GRAM PANCHAYAT CHELAK,500000.0,,True,Rate-Card Baseline detected (Statutory Rate),MEDIUM,LEGITIMATE_RATE_CARD
DUP_EXACT_WS/MP146/2023-2024/11221_500000,EXACT,WS/MP146/2023-2024/11221,GRAM PANCHYAT ARBALA,500000.0,,True,Rate-Card Baseline detected (Statutory Rate),MEDIUM,LEGITIMATE_RATE_CARD
DUP_EXACT_WS/MP187/2023-2024/1200_42624,EXACT,WS/MP187/2023-2024/1200,NEW KRISHI KHAD BHANDAR,42624.0,,False,Work+Vendor+Amount+Date exact match,CRITICAL,NEW
DUP_EXACT_WS/MP141/2024-2025/141805_45600,EXACT,WS/MP141/2024-2025/141805,THAKUR TILE INDUSTRIES,45600.0,,True,Rate-Card Baseline detected (Statutory Rate),MEDIUM,LEGITIMATE_RATE_CARD
DUP_EXACT_WS/MP141/2024-2025/141806_45600,EXACT,WS/MP141/2024-2025/141806,THAKUR TILE INDUSTRIES,45600.0,,True,Rate-Card Baseline detected (Statutory Rate),MEDIUM,LEGITIMATE_RATE_CARD
DUP_EXACT_WS/MP078/2025-2026/181338_150000,EXACT,WS/MP078/2025-2026/181338,GP LANI BORAD,150000.0,,True,Rate-Card Baseline detected (Statutory Rate),MEDIUM,LEGITIMATE_RATE_CARD
DUP_EXACT_WS/MP225/2024-2025/140368_250000,EXACT,WS/MP225/2024-2025/140368,GRAM PANCHAYAT BHEDI SU,250000.0,,True,Rate-Card Baseline detected (Statutory Rate),MEDIUM,LEGITIMATE_RATE_CARD
DUP_EXACT_WS/MP190/2026-2027/282964_3494400,EXACT,WS/MP190/2026-2027/282964,SHRI GURU KRIPA NARSINGH ASSOCIATES,3494400.0,,False,Work+Vendor+Amount+Date exact match,CRITICAL,NEW
DUP_EXACT_WS/MP201/2025-2026/255893_205200,EXACT,WS/MP201/2025-2026/255893,SHRI GURU KRIPA NARSINGH ASSOCIATES,205200.0,,False,Work+Vendor+Amount+Date exact match,CRITICAL,NEW
DUP_EXACT_WS/MP201/2025-2026/255894_205200,EXACT,WS/MP201/2025-2026/255894,SHRI GURU KRIPA NARSINGH ASSOCIATES,205200.0,,False,Work+Vendor+Amount+Date exact match,CRITICAL,NEW
DUP_EXACT_WS/MP201/2025-2026/255893_615600,EXACT,WS/MP201/2025-2026/255893,SHRI GURU KRIPA NARSINGH ASSOCIATES,615600.0,,False,Work+Vendor+Amount+Date exact match,CRITICAL,NEW
DUP_EXACT_WS/MP201/2025-2026/255894_615600,EXACT,WS/MP201/2025-2026/255894,SHRI GURU KRIPA NARSINGH ASSOCIATES,615600.0,,False,Work+Vendor+Amount+Date exact match,CRITICAL,NEW
DUP_EXACT_WS/MP235/2025-2026/241415_49500,EXACT,WS/MP235/2025-2026/241415,MS DARSHAN SINGH AND SONS BKO,49500.0,,True,Rate-Card Baseline detected (Statutory Rate),MEDIUM,LEGITIMATE_RATE_CARD
DUP_EXACT_WS/MP18285/2025-2026/190484_1414997,EXACT,WS/MP18285/2025-2026/190484,SHRI LADLI ENTERPRISES,1414997.0,,False,Work+Vendor+Amount+Date exact match,CRITICAL,NEW
DUP_EXACT_WS/MP195/2025-2026/261082_781396,EXACT,WS/MP195/2025-2026/261082,ND CONTRACTOR,781396.0,,False,Work+Vendor+Amount+Date exact match,CRITICAL,NEW
DUP_EXACT_WS/MP195/2025-2026/254630_1017608,EXACT,WS/MP195/2025-2026/254630,ND CONTRACTOR,1017608.0,,False,Work+Vendor+Amount+Date exact match,CRITICAL,NEW
DUP_EXACT_WS/MP195/2025-2026/261082_260544,EXACT,WS/MP195/2025-2026/261082,ND CONTRACTOR,260544.0,,False,Work+Vendor+Amount+Date exact match,CRITICAL,NEW
DUP_EXACT_WS/MP195/2026-2027/299885_1017601,EXACT,WS/MP195/2026-2027/299885,ND CONTRACTOR,1017601.0,,False,Work+Vendor+Amount+Date exact match,CRITICAL,NEW
DUP_EXACT_WS/MP106/2023-2024/58926_209000,EXACT,WS/MP106/2023-2024/58926,GRAM PANCHAYAT BHOYARA,209000.0,,False,Work+Vendor+Amount+Date exact match,CRITICAL,NEW
DUP_EXACT_WS/MP849/2024-2025/136179_249984,EXACT,WS/MP849/2024-2025/136179,RAHISH WARSI,249984.0,,False,Work+Vendor+Amount+Date exact match,CRITICAL,NEW
DUP_EXACT_WS/MP849/2024-2025/136183_249984,EXACT,WS/MP849/2024-2025/136183,RAHISH WARSI,249984.0,,False,Work+Vendor+Amount+Date exact match,CRITICAL,NEW
DUP_EXACT_WS/MP849/2024-2025/137723_279807,EXACT,WS/MP849/2024-2025/137723,RAHISH WARSI,279807.0,,False,Work+Vendor+Amount+Date exact match,CRITICAL,NEW
DUP_EXACT_WS/MP146/2023-2024/11223_500000,EXACT,WS/MP146/2023-2024/11223,GRAM PANCHAYAT PHULIYA,500000.0,,True,Rate-Card Baseline detected (Statutory Rate),MEDIUM,LEGITIMATE_RATE_CARD
DUP_EXACT_WS/MP106/2025-2026/227410_100000,EXACT,WS/MP106/2025-2026/227410,SARPANCH GRAM PANCHAYAT KHAIRINAKA,100000.0,,True,Rate-Card Baseline detected (Statutory Rate),MEDIUM,LEGITIMATE_RATE_CARD
DUP_EXACT_WS/MP201/2023-2024/61648_2928000,EXACT,WS/MP201/2023-2024/61648,RAMJI CONSTRUCTION,2928000.0,,False,Work+Vendor+Amount+Date exact match,CRITICAL,NEW
DUP_EXACT_WS/MP201/2023-2024/61648_3172000,EXACT,WS/MP201/2023-2024/61648,RAMJI CONSTRUCTION,3172000.0,,False,Work+Vendor+Amount+Date exact match,CRITICAL,NEW
DUP_EXACT_WS/MP190/2025-2026/191376_3402000,EXACT,WS/MP190/2025-2026/191376,RAMJI CONSTRUCTION,3402000.0,,True,Rate-Card Baseline detected (Statutory Rate),MEDIUM,LEGITIMATE_RATE_CARD
DUP_EXACT_WS/MP190/2024-2025/144137_3888000,EXACT,WS/MP190/2024-2025/144137,RAMJI CONSTRUCTION,3888000.0,,True,Rate-Card Baseline detected (Statutory Rate),MEDIUM,LEGITIMATE_RATE_CARD
DUP_EXACT_WS/MP106/2023-2024/1522_120000,EXACT,WS/MP106/2023-2024/1522,GRAM PANCHYAT RICHAI,120000.0,,True,Rate-Card Baseline detected (Statutory Rate),MEDIUM,LEGITIMATE_RATE_CARD
DUP_EXACT_WS/MP18316/2025-2026/255207_500000,EXACT,WS/MP18316/2025-2026/255207,CEO JANPAD PANCHAYAT SHAJAPUR,500000.0,,True,Rate-Card Baseline detected (Statutory Rate),MEDIUM,LEGITIMATE_RATE_CARD
DUP_EXACT_WS/MP843/2025-2026/267763_49070,EXACT,WS/MP843/2025-2026/267763,SUDARSHAN TILESINDUSTRIES,49070.0,,False,Work+Vendor+Amount+Date exact match,CRITICAL,NEW
DUP_EXACT_WS/MP078/2024-2025/147267_150000,EXACT,WS/MP078/2024-2025/147267,BDO BAIJNATH MPLAD RAJYA SABHA,150000.0,,True,Rate-Card Baseline detected (Statutory Rate),MEDIUM,LEGITIMATE_RATE_CARD
DUP_EXACT_WS/MP078/2024-2025/147269_149830,EXACT,WS/MP078/2024-2025/147269,BDO BAIJNATH MPLAD RAJYA SABHA,149830.0,,False,Work+Vendor+Amount+Date exact match,CRITICAL,NEW
DUP_EXACT_WS/MP198/2024-2025/158166_4244991,EXACT,WS/MP198/2024-2025/158166,SHRI SAI ELECTRICAL SUPPLIERS CONTRACTOR,4244991.0,,False,Work+Vendor+Amount+Date exact match,CRITICAL,NEW
DUP_EXACT_WS/MP140/2023-2024/17140_47110,EXACT,WS/MP140/2023-2024/17140,N C BRICKS,47110.0,,False,Work+Vendor+Amount+Date exact match,CRITICAL,NEW
DUP_EXACT_WS/MP140/2023-2024/17140_49802,EXACT,WS/MP140/2023-2024/17140,N C BRICKS,49802.0,,False,Work+Vendor+Amount+Date exact match,CRITICAL,NEW
DUP_EXACT_WS/MP140/2023-2024/17140_33650,EXACT,WS/MP140/2023-2024/17140,N C BRICKS,33650.0,,False,Work+Vendor+Amount+Date exact match,CRITICAL,NEW
DUP_EXACT_WS/MP140/2024-2025/156049_40380,EXACT,WS/MP140/2024-2025/156049,N C BRICKS,40380.0,,False,Work+Vendor+Amount+Date exact match,CRITICAL,NEW
DUP_EXACT_WS/MP140/2023-2024/17140_40380,EXACT,WS/MP140/2023-2024/17140,N C BRICKS,40380.0,,False,Work+Vendor+Amount+Date exact match,CRITICAL,NEW
DUP_EXACT_WS/MP187/2025-2026/194547_1944000,EXACT,WS/MP187/2025-2026/194547,COMPUTER SOLUTIONS,1944000.0,,False,Work+Vendor+Amount+Date exact match,CRITICAL,NEW
DUP_EXACT_WS/MP233/2023-2024/56830_2000000,EXACT,WS/MP233/2023-2024/56830,TEMWANG,2000000.0,,True,Rate-Card Baseline detected (Statutory Rate),MEDIUM,LEGITIMATE_RATE_CARD
DUP_EXACT_WS/MP233/2025-2026/248293_500000,EXACT,WS/MP233/2025-2026/248293,TEMWANG,500000.0,,True,Rate-Card Baseline detected (Statutory Rate),MEDIUM,LEGITIMATE_RATE_CARD
DUP_EXACT_WS/MP233/2023-2024/56800_750000,EXACT,WS/MP233/2023-2024/56800,YAPHO KONYAK,750000.0,,True,Rate-Card Baseline detected (Statutory Rate),MEDIUM,LEGITIMATE_RATE_CARD
DUP_EXACT_WS/MP233/2023-2024/56829_500000,EXACT,WS/MP233/2023-2024/56829,T N NAIWANG KONYAK,500000.0,,True,Rate-Card Baseline detected (Statutory Rate),MEDIUM,LEGITIMATE_RATE_CARD
DUP_EXACT_WS/MP140/2024-2025/177654_42000,EXACT,WS/MP140/2024-2025/177654,MS SHIV SHAKTI BRICK IND,42000.0,,True,Rate-Card Baseline detected (Statutory Rate),MEDIUM,LEGITIMATE_RATE_CARD
DUP_EXACT_WS/MP141/2023-2024/80691_35000,EXACT,WS/MP141/2023-2024/80691,MS SHIV SHAKTI BRICK IND,35000.0,,True,Rate-Card Baseline detected (Statutory Rate),MEDIUM,LEGITIMATE_RATE_CARD
DUP_EXACT_WS/MP233/2023-2024/56811_2500000,EXACT,WS/MP233/2023-2024/56811,A PEIHWANG WANGSA,2500000.0,,True,Rate-Card Baseline detected (Statutory Rate),MEDIUM,LEGITIMATE_RATE_CARD
DUP_EXACT_WS/MP233/2023-2024/56818_500000,EXACT,WS/MP233/2023-2024/56818,MANLI KONYAK,500000.0,,True,Rate-Card Baseline detected (Statutory Rate),MEDIUM,LEGITIMATE_RATE_CARD
DUP_EXACT_WS/MP233/2023-2024/56790_5000000,EXACT,WS/MP233/2023-2024/56790,T YAHNA KONYAK,5000000.0,,True,Rate-Card Baseline detected (Statutory Rate),MEDIUM,LEGITIMATE_RATE_CARD
DUP_EXACT_WS/MP233/2023-2024/56813_500000,EXACT,WS/MP233/2023-2024/56813,PHANWANG KONYAK,500000.0,,True,Rate-Card Baseline detected (Statutory Rate),MEDIUM,LEGITIMATE_RATE_CARD
DUP_EXACT_WS/MP233/2024-2025/133823_3000000,EXACT,WS/MP233/2024-2025/133823,PHANWANG KONYAK,3000000.0,,True,Rate-Card Baseline detected (Statutory Rate),MEDIUM,LEGITIMATE_RATE_CARD
DUP_EXACT_WS/MP843/2026-2027/284537_45880,EXACT,WS/MP843/2026-2027/284537,MS LOVELY ENTERPRISES,45880.0,,True,Rate-Card Baseline detected (Statutory Rate),MEDIUM,LEGITIMATE_RATE_CARD
DUP_EXACT_WS/MP140/2025-2026/255050_45600,EXACT,WS/MP140/2025-2026/255050,MS LOVELY ENTERPRISES,45600.0,,True,Rate-Card Baseline detected (Statutory Rate),MEDIUM,LEGITIMATE_RATE_CARD
DUP_EXACT_WS/MP141/2025-2026/261057_45600,EXACT,WS/MP141/2025-2026/261057,MS LOVELY ENTERPRISES,45600.0,,True,Rate-Card Baseline detected (Statutory Rate),MEDIUM,LEGITIMATE_RATE_CARD
DUP_EXACT_WS/MP140/2023-2024/38691_75000,EXACT,WS/MP140/2023-2024/38691,SANT AVTAR SINGH ECO TECHNICAL SERVICE CENTRE,75000.0,,True,Rate-Card Baseline detected (Statutory Rate),MEDIUM,LEGITIMATE_RATE_CARD
DUP_EXACT_WS/MP141/2025-2026/227820_40145,EXACT,WS/MP141/2025-2026/227820,SHRI GURU NANAK INTERLOCKING CEMENT TILE,40145.0,,False,Work+Vendor+Amount+Date exact match,CRITICAL,NEW
DUP_EXACT_WS/MP141/2024-2025/92593_1791147,EXACT,WS/MP141/2024-2025/92593,TATA MOTORS,1791147.0,,False,Work+Vendor+Amount+Date exact match,CRITICAL,NEW
DUP_EXACT_WS/MP844/2023-2024/74812_34950,EXACT,WS/MP844/2023-2024/74812,KHALSA TILES INDUSTRIES,34950.0,,True,Rate-Card Baseline detected (Statutory Rate),MEDIUM,LEGITIMATE_RATE_CARD
DUP_EXACT_WS/MP844/2023-2024/74812_48930,EXACT,WS/MP844/2023-2024/74812,KHALSA TILES INDUSTRIES,48930.0,,True,Rate-Card Baseline detected (Statutory Rate),MEDIUM,LEGITIMATE_RATE_CARD
DUP_EXACT_WS/MP839/2024-2025/134187_3644996,EXACT,WS/MP839/2024-2025/134187,RMK ENTERPRISES,3644996.0,,False,Work+Vendor+Amount+Date exact match,CRITICAL,NEW
DUP_EXACT_WS/MP18368/2024-2025/176174_2850000,EXACT,WS/MP18368/2024-2025/176174,UNITED GROUP OF CONSTRUCTION,2850000.0,,False,Work+Vendor+Amount+Date exact match,CRITICAL,NEW
DUP_EXACT_WS/MP18368/2024-2025/176174_2280000,EXACT,WS/MP18368/2024-2025/176174,UNITED GROUP OF CONSTRUCTION,2280000.0,,False,Work+Vendor+Amount+Date exact match,CRITICAL,NEW
DUP_EXACT_WS/MP18368/2025-2026/211538_4039200,EXACT,WS/MP18368/2025-2026/211538,UNITED GROUP OF CONSTRUCTION,4039200.0,,False,Work+Vendor+Amount+Date exact match,CRITICAL,NEW
DUP_EXACT_WS/MP106/2023-2024/13912_100000,EXACT,WS/MP106/2023-2024/13912,SARPANCH SACHIV GRAM PANCHYAT CHHITURAHA,100000.0,,True,Rate-Card Baseline detected (Statutory Rate),MEDIUM,LEGITIMATE_RATE_CARD
DUP_EXACT_WS/MP103/2024-2025/159280_500000,EXACT,WS/MP103/2024-2025/159280,JANPAD PANCHAYT MAHESHAWAR,500000.0,,True,Rate-Card Baseline detected (Statutory Rate),MEDIUM,LEGITIMATE_RATE_CARD
DUP_EXACT_WS/MP103/2024-2025/178195_500000,EXACT,WS/MP103/2024-2025/178195,JANPAD PANCHAYT MAHESHAWAR,500000.0,,True,Rate-Card Baseline detected (Statutory Rate),MEDIUM,LEGITIMATE_RATE_CARD
DUP_EXACT_WS/MP103/2025-2026/213795_750000,EXACT,WS/MP103/2025-2026/213795,JANPAD PANCHAYT MAHESHAWAR,750000.0,,True,Rate-Card Baseline detected (Statutory Rate),MEDIUM,LEGITIMATE_RATE_CARD
DUP_EXACT_WS/MP141/2023-2024/77740_68900,EXACT,WS/MP141/2023-2024/77740,SANDHU BRICKS COMPANY,68900.0,,False,Work+Vendor+Amount+Date exact match,CRITICAL,NEW
DUP_EXACT_WS/MP176/2025-2026/243139_250000,EXACT,WS/MP176/2025-2026/243139,SARPANCH GRAM PANCHYAT JAMRAW,250000.0,,True,Rate-Card Baseline detected (Statutory Rate),MEDIUM,LEGITIMATE_RATE_CARD
DUP_EXACT_WS/MP176/2025-2026/243267_260000,EXACT,WS/MP176/2025-2026/243267,SARPANCH GRAM PANCHYAT BATREL,260000.0,,True,Rate-Card Baseline detected (Statutory Rate),MEDIUM,LEGITIMATE_RATE_CARD
DUP_EXACT_WS/MP176/2025-2026/243268_260000,EXACT,WS/MP176/2025-2026/243268,SARPANCH GRAM PANCHYAT BATREL,260000.0,,True,Rate-Card Baseline detected (Statutory Rate),MEDIUM,LEGITIMATE_RATE_CARD
DUP_EXACT_WS/MP176/2025-2026/243306_260000,EXACT,WS/MP176/2025-2026/243306,SARPANCH GRAM PANCHYAT DHAUR,260000.0,,True,Rate-Card Baseline detected (Statutory Rate),MEDIUM,LEGITIMATE_RATE_CARD
DUP_EXACT_WS/MP176/2025-2026/243285_260000,EXACT,WS/MP176/2025-2026/243285,SARPANCH GRAM PANCHYAT TARRA,260000.0,,True,Rate-Card Baseline detected (Statutory Rate),MEDIUM,LEGITIMATE_RATE_CARD
DUP_EXACT_WS/MP176/2025-2026/243286_500000,EXACT,WS/MP176/2025-2026/243286,SARPANCH GRAM PANCHYAT SELUD,500000.0,,True,Rate-Card Baseline detected (Statutory Rate),MEDIUM,LEGITIMATE_RATE_CARD
DUP_EXACT_WS/MP18284/2025-2026/197525_250000,EXACT,WS/MP18284/2025-2026/197525,GP BORAS JP UDAIPURA,250000.0,,True,Rate-Card Baseline detected (Statutory Rate),MEDIUM,LEGITIMATE_RATE_CARD
DUP_EXACT_WS/MP187/2026-2027/283439_2745600,EXACT,WS/MP187/2026-2027/283439,HIDAYA QIRAT ENTERPRISES,2745600.0,,False,Work+Vendor+Amount+Date exact match,CRITICAL,NEW
DUP_EXACT_WS/MP203/2025-2026/217604_3160000,EXACT,WS/MP203/2025-2026/217604,HIDAYA QIRAT ENTERPRISES,3160000.0,,False,Work+Vendor+Amount+Date exact match,CRITICAL,NEW
DUP_EXACT_WS/MP203/2025-2026/217604_2370000,EXACT,WS/MP203/2025-2026/217604,HIDAYA QIRAT ENTERPRISES,2370000.0,,False,Work+Vendor+Amount+Date exact match,CRITICAL,NEW
DUP_EXACT_WS/MP839/2025-2026/222781_916042,EXACT,WS/MP839/2025-2026/222781,HIDAYA QIRAT ENTERPRISES,916042.0,,False,Work+Vendor+Amount+Date exact match,CRITICAL,NEW
DUP_EXACT_WS/MP201/2026-2027/286809_615600,EXACT,WS/MP201/2026-2027/286809,HIDAYA QIRAT ENTERPRISES,615600.0,,False,Work+Vendor+Amount+Date exact match,CRITICAL,NEW
DUP_EXACT_WS/MP201/2026-2027/286810_615600,EXACT,WS/MP201/2026-2027/286810,HIDAYA QIRAT ENTERPRISES,615600.0,,False,Work+Vendor+Amount+Date exact match,CRITICAL,NEW
DUP_EXACT_WS/MP201/2026-2027/286811_615600,EXACT,WS/MP201/2026-2027/286811,HIDAYA QIRAT ENTERPRISES,615600.0,,False,Work+Vendor+Amount+Date exact match,CRITICAL,NEW
DUP_EXACT_WS/MP201/2026-2027/286812_615600,EXACT,WS/MP201/2026-2027/286812,HIDAYA QIRAT ENTERPRISES,615600.0,,False,Work+Vendor+Amount+Date exact match,CRITICAL,NEW
DUP_EXACT_WS/MP201/2026-2027/286813_615600,EXACT,WS/MP201/2026-2027/286813,HIDAYA QIRAT ENTERPRISES,615600.0,,False,Work+Vendor+Amount+Date exact match,CRITICAL,NEW
DUP_EXACT_WS/MP201/2026-2027/286814_615600,EXACT,WS/MP201/2026-2027/286814,HIDAYA QIRAT ENTERPRISES,615600.0,,False,Work+Vendor+Amount+Date exact match,CRITICAL,NEW
DUP_EXACT_WS/MP201/2026-2027/286815_615600,EXACT,WS/MP201/2026-2027/286815,HIDAYA QIRAT ENTERPRISES,615600.0,,False,Work+Vendor+Amount+Date exact match,CRITICAL,NEW
DUP_EXACT_WS/MP201/2026-2027/286816_615600,EXACT,WS/MP201/2026-2027/286816,HIDAYA QIRAT ENTERPRISES,615600.0,,False,Work+Vendor+Amount+Date exact match,CRITICAL,NEW
DUP_EXACT_WS/MP201/2026-2027/286817_820800,EXACT,WS/MP201/2026-2027/286817,HIDAYA QIRAT ENTERPRISES,820800.0,,False,Work+Vendor+Amount+Date exact match,CRITICAL,NEW
