vendor_id,name
VEND_BC6357E4,FORCE MOTORS LIMITED
VEND_FE73CC4B,SARPANCH GRAM PANCHYAT MANIKCHAURI
VEND_C3A3E433,BALAJI SUPPLIER
VEND_2DF450B9,GRAM PANCHAYAT MANAKONI
VEND_236346EF,DEFY SYSTEMS
VEND_FC9A4BAD,TAMIL NADU JOURNALIST WELFARE BOARD FUND
VEND_44183151,RAMESHWAR GUPTA
VEND_DB59A8E3,HANSH ENTERPRISES
VEND_CDEEB7F1,VINAYAK ENTERPRISES
VEND_9A4ED650,GRAM PANCHYAT BALAUDI SGVY
VEND_CCBA1DDC,ASSISTANT ENGINEER BISFI VIDHAN SABHA
VEND_48463398,GP DEVIKHEDA
VEND_09065B77,GP LASUDIYABECHAR
VEND_ADBA017F,SHYAM SWAROOP MANUFACTURERE
VEND_AEAD0368,GUPTA BROTHERS
VEND_C5BA36B3,GRAM PANCHAYAT BAGASPUR
VEND_C0C13798,SUNNY ENTERPRISES
VEND_9499DC6A,MANJU CHOUDHARY
VEND_EC97ECAC,ASSISTANT ENGINEER BAHADURPUR
VEND_193FDA6E,GRAM PANCHAYAT JHOT
VEND_E4463764,BDO PAHADI
VEND_90962AC2,SUMAN SINGH SON OF KULWANT SINGH
VEND_31F5A2D6,GRAM PANCHAYAT NILJA
VEND_75CD45C3,CHUGH ENGG WORKS
VEND_454D257D,VAID ASSOCIATES
VEND_F03EBBF4,GRAM PANCHAYAT KEVADIA 54
VEND_E8115F09,AJAY KUMAR
VEND_4DDAD464,RIYANSHI CONTRACTOR
VEND_6C0A6720,MS JITENDRA KUMAR YADAV
VEND_C52325A8,DHIRENDRA SINGH
VEND_CE54AFD3,SHIVAY ENTERPRISE
VEND_9D46B818,HARSHPREM ENTERPRISES PVT LTD
VEND_7909C446,RS ENGG WORKS
VEND_8255002D,VIJAY AND COMPANY
VEND_AE84B30F,J R GROUP
VEND_636B93BA,POOJA ENTERPRISES
VEND_5BB6D597,BHOYAN GRAMPANCHAYAT
VEND_0EDBA796,BDO DEHRA MP RAJYA SABHA
VEND_14867CAF,KANTHAKUMAR
VEND_82CD7C00,AE KURTHA
VEND_F6CBC19F,MOTA GRAM PANCHAYAT
VEND_A6D7C017,VELLIANGIRI D
VEND_51F6D028,PINKI LAHKAR
VEND_9FB59BAD,KLK VENTURES PRIVATE LIMITED
VEND_8CF99031,KAMBOJ ASSOCIATES
VEND_E15BE3C7,GP KHATNOL
VEND_FD4BD94C,PROJECT MANAGER NIRMITI KENDRA GADAG
VEND_C015B55E,JAI SHIV SHAKTI CONSTRUCTION COMPANY
VEND_5F282B29,R G SUPPLIERS
VEND_0F6F6738,GURU KRIPA CONSTRUCTION COMPANY
VEND_1F6B3D7B,EE HPPWD PALAMPUR
VEND_622665DA,PRAVEJ AND COMPANY
VEND_5F2B1DFA,SRI NELCO ENTERPRISES
VEND_491B33A8,EXPERT DRILLERS
VEND_67A97069,STARCARE ENTERPRISES LLP
VEND_5D419095,LAXMI
VEND_0034FB63,ROY CONSTRUCTION
VEND_1D0258C2,MANAGER
VEND_726F2CDA,MS DIKSHA ENTERPRISES
VEND_2FD21F4E,GUNIN ENTERPRISE
VEND_35C7EF8E,HUKAM SINGH CONSTRUCTION COMPANY
VEND_EE20260E,TAPABANTA SAHOO
VEND_C14BAD97,RATHORE CONSTRUCTION COMPANY
VEND_D0C82E24,PROTON SOLAR PVT LTD
VEND_892C3435,G B BAIRAVA
VEND_1F2EB9E8,SHANKAR BUILDING CONSTRUCTION
VEND_299D9707,GRAM PANCHAYAT KUDA
VEND_726131A7,EXECUTIVE ENGINEER
VEND_6AA39155,CHILLA SHIVAKUMAR
VEND_663E4646,ABUL HOSSAIN MIAH
VEND_097C0A74,SHERIN ENTERPRISES
VEND_F420830C,MULTILINE VENTURES
VEND_3C88F312,HARINARAYAN JENA
VEND_A3CB2824,DISTRICT ENGINEER
VEND_7A752A00,VIMLESH
VEND_0F0BB167,BHARAT ENTERPRISES
VEND_7EF2FEB1,PARASHRAM
VEND_20E24030,SUNILAL BASUMATARY
VEND_3BE19960,S P ELUMALAI AND SONS
VEND_09D62F83,MS VR CONSTRUCTION BHAKRIWALA
VEND_B1836A10,GUMMUDU RAMAKRISHNA
VEND_CB550B1D,CHEEPURAPALLI GOVINDA
VEND_4A363EF1,KUNISETTY KASHI VISWANATHA REDDY
VEND_45A83F8D,NASIMUL HODA ANSARI
VEND_6EAD9BE0,ACCORD ADVERTISING AGENCIES
VEND_FB2E7C04,RAMA SHAMYA CONT
VEND_E9EEFC16,MS SHYAM CONSTRUCTION
VEND_99BB94D3,GANDAM SUDHAKAR
VEND_D23F8185,NIJWM BORO
VEND_F9B62782,DHIRENDRA KUMAR KORI
VEND_8250B5F5,GP SAMOLI
VEND_2546CFA7,NEXTGEN INFRA
VEND_1C2DEEF7,JENO MARAN TRUST
VEND_5EECFE0B,SRI BALAJI ENGINEERING
VEND_9E808B0B,SHRI BALAJI IRON AND CEMENT STORE
VEND_7BF9817C,DHATRAWADA
VEND_9D3D3150,AKAM BRICKS CO
VEND_9B2BEE93,SACHIV GRAM PANCHAYAT CHADONE
VEND_D0BB7B54,PAWAN CONSTRUCTION COMPANY
VEND_011883D9,MS A D CONSTRUCTION
VEND_F1BA622A,GP ATHLUIEN DEV FUND
VEND_CC9B74D1,ALAL UDDIN
VEND_A5C9FA7F,GUPTA TRADING CO
VEND_D089E49C,MAITRA CONSTRUCTION
VEND_A5B7F763,SHRI NAGNECHIYA MATA CONSTRUCTION
VEND_2529E1C5,DS BUILDING MATERIAL
VEND_677D2618,FAUJI IRON AND CEMENT STORE
VEND_27897320,SOM NATH
VEND_82D64B9F,MS BAL AND CO
VEND_AA4CAB33,THE AMANDEEP COOPERATIVE LABOUR AND CONSTRUCTION
VEND_D50FEE22,NABARD
VEND_7987D055,SHIV INTARAPRAIJEJ
VEND_7ABF5938,NARESH KUMAR CONTRACTOR
VEND_B3D51432,MS AJAY KUMAR JAISWAL
VEND_F0BABAA3,SAGGU BUILDING MATERIAL
VEND_025C8030,JAI AVADHESHWAR MAHADEV CONSTRUCTION
VEND_4294F830,VARSHA MAJOOR SAH SANTHA AMRAVATI
VEND_06ACB09F,RUDRA INFRA
VEND_D0235A4C,J AND D CONTRACTORS
VEND_4EC611C7,MALVI JINGER MOCHI SAMAJ KALYAN SAMITI
VEND_261EEA71,ABHINAV KUMAR
VEND_3F99ACA7,BALURAM KUMAWAT
VEND_D0D30A57,SHRI SHYAM TRADERS COMPANY
VEND_76EB5F6B,RANJEET TILE INDUSTRIES
VEND_9B8C756B,PAWAN KUMAR MONGA AND SONS
VEND_EBD87846,SRI SAI ENTERPRISES
VEND_C28016BD,MOHD ARIF KHAN
VEND_0FA9DC6A,RINKU AND COMPANY
VEND_53E8A935,BLUESKART ECOMMERCE PRIVATE LIMITED
VEND_83FDEB3E,GP SUCHAI
VEND_E09139EB,DINESH SHANKAR TIWARI
VEND_FE9EC557,MS SHUKLA TRADERS
VEND_7EB81F78,BABA BKO
VEND_E55C1D3C,SAMRIDDHI ENTERPRISES
VEND_423AE780,HARINATHA REDDY NAGIREDDY
VEND_74388B7F,VILLAGE LEVEL WORKING COMMITTEE
VEND_99B5908D,NARPAT RAM
VEND_E6B64F6B,VIJAYANAGARA NIRMITHI KENDRA
VEND_0D5E09D0,HPSEDC LTD
VEND_DD78481C,BUTURU VENKATAKRISHNA REDDY
VEND_D0077F50,LOKESH PRASADE
VEND_9EB3BD7D,PARDHAN CONSTRUCTION
VEND_5BB47DEE,BLOCK DEVELOPMENT OFFICER
VEND_E2D9ED16,SHREE GURU NANAK CEMENT STORE
VEND_0F57B0F0,MAMTA RANI
VEND_B759FDAB,SANJAY KUAMR BARIKE
VEND_FCA6D514,SOHAN LAL MEHTA
VEND_0C493E81,BALDEV SINGH
VEND_66FC6770,JASKARANPAL SINGH
VEND_A845CD53,SHYAMPYARI
VEND_BD6C5E66,S K ENTERPRISES
VEND_A54FAEA1,K B CONSTRUCTION
VEND_55843F35,RAGHANJANEYA ENTERPRISES
VEND_4DB8EBD0,PRESIDENT VILLAGE LEVEL COMMITTEE ANANTHAIAHGARIPALLI GP
VEND_92E63B61,BABAN CHOUDHURY
VEND_3940C00E,MS SUKHADA CONSTRUCTIONS
VEND_49F47703,PRESIDENT VLC GURAPPAGARIPALLI GP VEERABALLI
VEND_CB6C2CB4,JEDA ENTERPRISE
VEND_386F7121,AKSHAR INFOTECH
VEND_0545B313,RONAK CONSTRUCTION AND INTERPRISES
VEND_587F3619,GURU NANAK SALES CORPORATION
VEND_8E4F71FE,AMBAY CONSTRUCTION CO
VEND_BEC0B411,M A CONSTRUCTION CO
VEND_FD5C0A1E,SATYAPRIYA JENA
VEND_EDA34FC5,JAI AMBAY SUPPLIERS
VEND_AD1D342E,SRYGR DARLIPARA
VEND_991E4D9C,TANVEER AHMED
VEND_088E1392,M P STATE AGRO INDUSTRIES DEVELOPEMENT CORPORATION LTD
VEND_690589B7,CONST COMT OF HIRAPARA ROAD SID
VEND_C264F68F,NEELAMSETTY SIVA VENKATA RAMANA
VEND_5AFE4B69,AMAR SUKH TRADING COMPANY
VEND_5204CE39,K PULEI KONYAK AND MERENLA K
VEND_5E713820,ABHILASH K K
VEND_CC09946E,SIDDAVATAM RAMA DEVI VLC PRESIDENT
VEND_428D4180,GOPAL SINGH
VEND_CBA28E0E,SAJJAN KANWAR
VEND_E34E7E8F,JETHI DEVI
VEND_AE3A5BF9,MOOLCHAND TANWAR
VEND_249BBB7E,SANJAY MEGHWAL
VEND_E3901192,PARMESHWAR KUMAWAT
VEND_E91C861E,KAMLA DEVI KUMAWAT
VEND_1655D0A8,ICHARAJ KANWAR
VEND_0D5E003A,RAMKISHAN KUMAWAT
VEND_76BFF408,BHERU LAL KUMAWAT
VEND_DEBA3560,GANPAT NAYAK
VEND_D6FA0A9A,GUMANA RAM
VEND_4F3CBB5D,HEERA DEVI
VEND_357DDBCE,HARISH KUMAWAT
VEND_E988EFF4,M S CONSTRUCTION
VEND_60E95C10,SANJAY SWAIN
VEND_E5F44BB2,CHOWDESHA U R
VEND_49346DAF,MS RAGHAVENDRA CONSTRUCTIONS
VEND_46AF879D,DILIP NAYAK
VEND_5696BC13,A S CONTRACTOR
VEND_2DABCA24,GRAM PANCHAYAT KALHANI
VEND_343ABDF2,GRAM PANCHAYAT ANTAPU BATADI
VEND_007ECD36,RAMAN SINGH
VEND_EFF60980,SHIVNATH SINGH
VEND_BE2F27AD,SHAILESH SAHEBRAO TATTE
VEND_842F284B,GODS PLAN PRIVATE LIMITED
VEND_19B6A3BE,UNISHORE LINKS PVT LTD
VEND_9D8401EA,ALTRUISTIC BUSINESS SOLUTIONS
VEND_11943C92,MUTHUSAMY P
VEND_39B052C3,CONSTRUCTION OF AUDITORIUM PHASE II FOR ALL ASSAM MAINA PARIJAT AT SARUSAJAI
VEND_D4F6169F,JAGU
VEND_E7C7B5C5,JYOTI KANWAR
VEND_1851AED9,SAROJ KANWAR
VEND_C010AA6A,SAMRAT DAN
VEND_223A4C26,MUNNI LAL
VEND_5F1C5342,SANJAY
VEND_6DA4545D,SAURABAH KUMAR
VEND_270BC439,SUNITA
VEND_9CBB6AEB,POOJA
VEND_587C5736,SANTOSH
VEND_AE59C4F9,SUSHIL
VEND_9287B070,LOCHUMLO R TUNGOE
VEND_CD3FCAC2,ATLAS JOB SERVICES PVT LTD
VEND_B737E0CE,SHRI BALAJI TRANSPORT COMPANY
VEND_5963693A,RANJEET SINGH
VEND_EC911ED7,SHREE KRISHNA ELECTRIC UDYOG
VEND_B7E0346B,JYASTA SATYANARAYANA CHOWDARY
VEND_4B397228,PRAKASH KANWAR
VEND_15483C3F,PUSAKI
VEND_40675343,GYARASI
VEND_D115923F,RAMCHANDRA
VEND_45104286,PINKARAJ
VEND_8BD875EA,MANGU
VEND_B7C04320,KISHOR SINGH
VEND_E0BB9858,VIKRAM SINGH
VEND_7F6D5E8E,BALVEER SINGH
VEND_32233963,RAUT CONSTRUCTION
VEND_ACF34470,BIDESHI NAHAK
VEND_69EBCBB7,SELVA CONSTRUCTIONS
VEND_11ABE469,CORENET SYSTEM
VEND_D981DDFA,UNIVERSAL DIESEL SALES AND SERVICES
VEND_3F0209FA,M G JAIN
VEND_40EC0CEC,VEERABATHIRAN T
VEND_C6C917DB,PRAJITHA V
VEND_98398AC4,PRIYA VISION BUILD
VEND_C0E7F194,CONST OF ROAD FROM B B LINKED ROAD TO UPEN DAS HOUSE AT BAMUN BARADI
VEND_90924BC7,MANISH BUILDERS
VEND_A7C1080E,PARAMJEET SINGH
VEND_AE5FFE93,NASREEN FATHIMA
VEND_1E2AC27B,GRAM PANCHAYAT BAROTI
VEND_5979CC73,RAM SINGH RATHORE
VEND_2DE481AE,VALUABLE WHEELS INDIA PRIVATE LIMITED
VEND_B8C81314,SAROJ KUMARI
VEND_586C1E2D,PURNA RAM BHAKAR
VEND_32A4EABE,GANESH CHAND
VEND_17CC8D40,BHARAT SALES CORPORATION
VEND_11E4E2AF,I CATCH SECURITY
VEND_B936FBCC,MOGILI GEETHA RANI
VEND_18794AC9,H C DISTRIBUTORS
VEND_D4EC14A4,ABHISHEK KUMAR UPADHYAY
VEND_33A733AC,SURJIT SINGH
VEND_FA30923D,R K ELECTRICALS AND ELECTRONICS
VEND_29067834,KAMBOJ BUILDING METERAIL STORE
VEND_1124C350,NANDHA SPUN PIPE FACTORY
VEND_306A4317,KULDEEP SINGH JCB
VEND_D3DB46D5,AKIN CONSTRUCTION AND SUPPLY
VEND_D767F247,RAWAL ENTERPRISES
VEND_D21C3264,KHERA SALES
VEND_7129704A,GURU NANAK TRADERS
VEND_4276F6CE,RINKU JEOL
VEND_CFF46C07,THE BHAROKAN GOLDEN LABOUR AND CONSTRUCTION SOCIETY
VEND_3ECEF1DF,MP STATE COOPERATIVE MARKETING FEDERATION LTD
VEND_1B9DC2D0,MOTI RAM RATTAN LAL
VEND_C9C68E61,GOLOK EXPRESS CHARITABLE TRUST
VEND_E1895FFB,UNITED OPTICS
VEND_F3A52C9A,UMESH CHAND
VEND_4E7906B7,DHARMRAAJ
VEND_FF997E97,JITENDRA
VEND_CF2C1960,KANA TIWARI
VEND_043C7CD5,MADURI
VEND_2B205802,PITAM SINGH
VEND_EC2C984B,RAVIYA RANI
VEND_8FA6F059,SANJAY KUMAR
VEND_0DA3790F,SUBHAM KUMAR
VEND_56A5B413,SUKHDEV KUMAR
VEND_61D18FFC,UMASANKER TIWARI
VEND_FB379E6A,YOGESH KUMAR
VEND_918A1E59,SHIV TRADARS
VEND_67CC2959,GURU TEG BAHADUR BKO
VEND_936071DD,MIGLANI CEMENT AND HARDWARE STORE
VEND_36B7B59B,NARULA TRADING COMPANY
VEND_D5725A5D,SURINDER SINGH
VEND_9F4979F6,SAHAB SINGH
VEND_51E04E79,STAR BUILDERS
VEND_9F41E3C9,AGGARWAL MARBLE HOUSE
VEND_B48DB882,GP KANERI
VEND_4378C31F,M JAYAPRAKASH
VEND_E2808641,ANIRAM MUCHAHARY
VEND_12D30F8A,KENGARAM M
VEND_BAA3A72F,JAKARUL HOSSIAN
VEND_DFE6E1A3,HARMANDEEP SINGH
VEND_06B2C09F,DURVANKUR MAJOOR SAH SAN LTD VANGAL
VEND_088402FD,GILL ENGINEER WORKS
VEND_533EDBB6,ASH HOSPICA PRIVATE LIMITED
VEND_AF2BB504,MEDILINE INSTRUMENTS
VEND_E44EF76A,HEMODIAZ LIFE SCIENCES PVT LTD
VEND_FF4796D8,UNITED SURGICAL INDUSTRIES
VEND_27F4E6EA,A K SALES CORPORATION
VEND_11A7177A,KULWINDER SINGH
VEND_97A274E7,THE MACHHIWARA MPCS
VEND_A222CFA1,ROBY BABU
VEND_DA233F64,PRINCE KUMAR
VEND_EFA0350C,THANKACHAN MATHEW
VEND_6A1B3651,KUNHAYAMMU M
VEND_63762CF8,ASHU BROTHERS
VEND_BE8801AC,SHIHABUDHEEN
VEND_1EEC1365,KARAMJEET SINGH
VEND_3B1F2A6B,KALRA TILE STORE
VEND_0487CC98,SURESH
VEND_80048811,GP KASHOUD
VEND_D2627F5A,PRAKASH KUMAR R
VEND_515D9B09,RAJENDRAN R
VEND_EA999584,GHUMAI CONSTRUCTION
VEND_D1B72096,VIRABHIMANYU JAGANNATH RASAM
VEND_C57F8F2F,SHRI AMBABAI CONSTRUCTION
VEND_45ABBE01,ANIKET MAHADEV MAHANTSHETTY
VEND_7F65357C,PABITRA BARMAN
VEND_5407F80C,ADI TRADERS AND CONSTRUCTION
VEND_2D3980AB,SUNIL KUMAR
VEND_C01193E5,SHREE NATHJI CONSTRUCTIONS
VEND_629A9D0F,KGN TRADERS
VEND_4AAB4398,SARPANCH SACHIV GRAM PANCHAYAT KUTHREL
VEND_EE5ECB61,MS SHAKUNTALA CONSTRUCTION
VEND_5638CDA3,P RAMAR PANDI
VEND_0ADE869C,INDUPALLI V V SATYANARAYANA
VEND_8FF59207,LAVARA GRAM PANCHAYAT
VEND_7D83BB34,SECRETARY NILAMBUR MUNICIPALITY
VEND_0DE1C7B3,SAI DHATRI CONSTRUCTIONS
VEND_42BF11AA,CHEPYALA SHANKAR
VEND_74646DA8,GROUP GRAM PANCHAYAT RELVA
VEND_4CFE8C54,BALWINDER SINGH
VEND_32C857A9,GRAM PANCHAYAT DEVRAGADI JP HATTA
VEND_713722A2,MUHAMMED SHAFI VEMMULLY
VEND_339391AA,ACHU ALIAS ALEX
VEND_0D822137,ABU MUHAMMEDALI
VEND_87A18D4A,ASHOK KUMAR
VEND_38DAB851,ARJUNKHEDI
VEND_6BFBFB00,MANIRAM AHIRVAR
VEND_8055E081,NIDRODA GRAM PANCHAYAT
VEND_2493D9C5,SARAPANCH SHREE GROUP GRAM PANCHAYAT NAVAGAM
VEND_76C4AEB7,ABHINITH K M
VEND_BEE409D3,G N ENTERPRISE
VEND_85253323,VARDUSAR GRAM PANCHAYAT
VEND_65C278D9,LAKADDHAR GRAM PANCHAYAT
VEND_1DA4CED7,BANOTH RAMDAS
VEND_AD07BFC6,MS RAVINDER SINGH MITTAL
VEND_2BCE250A,SHIVESHAMBHO MAJUR SAHAKARI SANSTHA LTD SHINDEWADE
VEND_DC203C95,MANIKHEDI PARVATI
VEND_412A8108,KULHORE
VEND_85B91DD9,PREM SINGH
VEND_CA23F524,GURNAM SINGH SO TEJU RAM
VEND_E38313F1,SS CONSTRUCTION
VEND_D67EC017,BAKHSHI RAM SO BARU RAM
VEND_2169253C,YADAV TRADERS RAMPUR
VEND_545B70D5,SHREE BALAJI CONSTRUCTION SUPPLIER
VEND_6AA33BA5,OM SHIV TRADERS
VEND_B850A98E,JARNAIL SINGH
VEND_77307BA4,BALKAR SINGH
VEND_A34C5655,DEV BHARTIJI MAHARAJ CONS CO
VEND_55C0B0E8,GOYAL MOTOR
VEND_6E1F3F94,MOIDEEN PARA EDAPALLIYALY
VEND_54FD7B08,MOTA AGARIYA GRAM PANCHAYAT
VEND_A597D898,NIKHIL GERA
VEND_A2862804,DILSHER SINGH
VEND_96AD418A,IMTIAZ AHMED
VEND_93B897BE,A S ASSOCIATE
VEND_889B2B11,SECRETARY
VEND_240E5F0A,QUASER PHARMA CARE
VEND_187D7B81,MANDEEP ENTERPRISES
VEND_A65414A5,AKULA VENKATA RATNAM
VEND_A6AAC8B6,ABDUL LATHEEF K
VEND_987AA279,OM PARKASH
VEND_2ECB7BB4,DISHA SPORTING COMPANY
VEND_9412E570,SAJEEVAN S
VEND_45AF0491,RAJWINDER KAUR
VEND_F4FE4302,SOURABH PATEL
VEND_A55D4032,PRAKASH PATEL
VEND_AB11F628,JEETANRDA KUMAR
VEND_0CC1AF07,KULDEEP KAUR
VEND_C6A205BB,STEPHAN JOSEPH
VEND_2B7C0148,PRATAP SINGH RAWAT
VEND_4D3A6871,MASS LABOUR CONTRACT SOCIETY LTD
VEND_615FADE2,BABA PIPE AND SANITARY STORE KHAI
VEND_5D8B6FA7,EXCEL INNOVATORS AND INTEGRATORS
VEND_F76C3177,SUNANDA KARJEE DAS
VEND_950904BE,SACHDEVA TRADERS
VEND_DF35048A,BHARAT INDUSTRIES
VEND_74238AAC,VASANA J GRAM PANCHAYAT
VEND_050B71BB,RAVINA
VEND_ECA30BBB,SAI MARBLES
VEND_7CF3BC7A,PRAJNA PARIMITA DAS
VEND_24A0C571,RAMOTA DEVI
VEND_C08A0B4A,SANJEEV KUMAR
VEND_6140F9E1,UNNIKRISHNAN
VEND_029C3F96,MOIDEEN T T V
VEND_CBA1D5AE,DINESAN K
VEND_8DB31206,JITENDER SINGH
VEND_657A9D06,RUDRA CONSTRUCTIONS
VEND_246BB83C,RAMESH BABURAO NILKHANTE
VEND_4ED65EED,NON OPERATIVE REVENUE COLL ELE SEC PATTIKKAD CHUNGAM
VEND_09627AF7,HEADMASTER
VEND_B1D163D4,VIJAYA INDUSTRIES
VEND_07F313B4,BUTTERFLY CONSTRUCTIONS
VEND_B93F2DA4,PREM NURSARY
VEND_7F8B78B2,AJMER VIDYUT VITARAN NIGAM LTD AJMER
VEND_A400B8CD,JAGTAR SINGH
VEND_8C3E70CD,ASN GROUP
VEND_BA64F857,EMMANUAL C J
VEND_23FAB47A,PARINDA DINESH PATEL
VEND_EA1F9570,KHUNIYA GRAM PANCHAYAT
VEND_FE875D2B,KARSHANBHAI BHUPATJI VANAZARA
VEND_651756E7,GRAM PANCHAYAT RAHIMGARH
VEND_ABE03A04,LUTHRA BROTHERS
VEND_150A16F9,SARPANCH SACHIV GRAM PANCHAYAT BHAISANA
VEND_DDDB0953,AJANTA ENTERPRISES
VEND_299841B6,SURJEET SINGH
VEND_4F56A617,CREATIVE SYSTEM SERVICES
VEND_987CE4A8,HARPAL SINGH
VEND_9312394D,HARJINDER KAUR
VEND_90A3559D,P C VENKATA SUBBA REDDY
VEND_493831FB,MURUGAN L
VEND_418C2E59,UPPCL EDD AMROHA
VEND_4E7D8D9D,RAVINDRA SINGH CHAUHAN
VEND_F2197782,BADAVATH KALPANA
VEND_4F83148D,KONTHA GRAM PANCHYAT
VEND_675257FF,MR GROUP GRAM PANCHAYAT BHOJA
VEND_94EC1D33,GULZAR BRICKS INDUSTRY
VEND_F71E6B1D,MS NITISH ENTERPRISES
VEND_400EAFCF,PADARDI GRAM PANCHAYAT
VEND_45BECD6C,PRAVEEN
VEND_68760C59,GRAM PANCHYAT NEWASPUR SGVY
VEND_571F4A17,DEV ASSOCIATES
VEND_26BC9BC6,SOHANI CONSTRUCTION COMPANY
VEND_E643E4D1,RAMU SHARMA
VEND_B0A51637,JETPARDA GRAM PANCHAYAT
VEND_B8265BCF,BHARAT INFRA SOLUTIONS
VEND_B78F904A,MANIKANDAN R
VEND_ED8C3ED8,KESHAVNAGAR GRAM PANCHAYAT
VEND_CB0D7D4D,S D K CIVIL ENGINEERS
VEND_B21ACC48,ETTEDI BHUMA REDDY
VEND_8F2A9795,DIPESH CHANDRA DAS
VEND_322689FA,KOTADA CHAND GADH GRAM PANCHAYAT
VEND_ABD8C4B3,CHIEF MEDICAL AND HEALTH OFFICER SAKTI
VEND_2378D483,VINOD PREMCHAND TAMSETWAR
VEND_BE29C9AF,C SAJEESH
VEND_93737886,DINOJ K K
VEND_62CE4899,GRAM PANCHAYAT RAIPUR
VEND_07201C47,ZUBEN EZUNG
VEND_DBE37A3C,SREEKUMAR S
VEND_7D7AE69E,PHOWANG
VEND_C0B3A4D2,KRISHAN KUMAR SANJEEV KUAMR
VEND_27001C60,GURJANT SINGH
VEND_07E8EA9A,CHET RAM OM PARKASH
VEND_C9A4BACE,LEKH SINGH
VEND_854C5A3C,HOSPITAL DEVELEPMENT COMMITTE
VEND_105CB033,NIVASH ENTERPRISES
VEND_E6EF9826,KIRAN KUMAR DASARI
VEND_D3C9BAB2,KVS DHAGOH
VEND_90DE2546,JACOB S KONYAK
VEND_650BDC4F,ADARSH PANDURANG PATGAR
VEND_2D235ACE,ROHIT
VEND_D98166F5,SHREE KRISHNA CONSTRUCTIONS
VEND_06F4975C,KESHAV
VEND_885A8483,SHARMA TILES AND SANITARY
VEND_E5CBA2FB,GRAM PANCHAYAT REGDI
VEND_D8E719C7,NANIVVADI GRAM PANCHAYAT
VEND_C1883371,DINESH SINGH THAKUR
VEND_796F0385,KHAJA MOHIUDDIN
VEND_5BBB54AA,ALPHA LIFECARE
VEND_2C47E940,N S JAMES
VEND_C218D5D1,PANCH DWARKA GRAM PANCHAYAT
VEND_8C669326,KANKOT GRAM PANCHAYAT
VEND_BF8EB2C2,PARMAR JIGNESHKUMAR
VEND_55826205,CHERUKURU CHINNA PENCHALAIAH
VEND_1653B88E,RENJITH K
VEND_35179DE2,TAPASWI ENTERPRISE
VEND_4DD90A95,VLC PRESIDENT THATIGUNTAPALLI GRAMA PANCHAYATHI
VEND_C91A6F80,JOB JAMES
VEND_278F91D0,BIJU THACHOLI
VEND_3D3A372C,G P ULKHAR
VEND_721F5DE4,SRI GURUDEVA CHARITABLE TRUST
VEND_6EAB665F,BEDAPANI GROUP GRAM PANCHAYAT
VEND_6D1D630D,GRAM PANCHAYAT NANASADA MAHATMA GANDHI SWACHHATA MISSION YOJNA
VEND_6A034740,GUPTA NETS
VEND_05C525F4,RAM KESH YADAV
VEND_E0E1DB74,THE SIMRAN CO OP LC SOCIETY LTD MAHALKHERI
VEND_6C1A137C,PUGGAL BUILDERS
VEND_F00E8ED6,BABA DEEP SINGH JI CEMENT STORE
VEND_E01479A4,RANJIT SINGH
VEND_A72C8479,LODHA LOVWANSHI KSHATRIYA SAMAJ SABHA SAMITI
VEND_EF245D32,SEHGAL PLYWOOD AND HARDWARE
VEND_7C860F60,DAVINDERPAL SINGH
VEND_C52FEC3F,KISHAN SINGH
VEND_755D7E6D,GAURAV GRAM UDYOG MANDAL
VEND_6A80DED1,JAY AMBEY ASSOCIATES
VEND_0CD159E2,BALWANT SINGH
VEND_4F1C44C2,MR MANAS RANJAN DASH
VEND_B0B86080,SUNIL
VEND_3D6CA1A4,HARMANJODH SINGH
VEND_79CE994E,GILL JCB
VEND_308CB548,OVERSEAS CONSTRUCTION AND LABOUR CONTRACT
VEND_F62A1998,HARMANPREET SINGH
VEND_0AB8F552,NAVDEEP SINGH
VEND_851E79E3,SUDHEESH U
VEND_4126100A,GRAM PANCHAYAT JARONI
VEND_694C2C4F,KOUNDAL BROTHERS
VEND_F7AF40A4,JOY OF HEARING
VEND_E3B08A7D,PONNATTIL BUILDERS
VEND_08B219B6,MAMIDI SATYA RAO
VEND_344BDD71,RUPENDRA
VEND_0A73470E,SHYAMVATI
VEND_5214C3C0,SUNDERLAL
VEND_C4828AA8,NAGINA
VEND_94754D0A,AKASH
VEND_2EE66401,KAMINI DEVI
VEND_A25DFB80,TULSI KUMARI
VEND_642AF52D,SHAILASH KUMARI
VEND_81D89784,SAURI KUMARI
VEND_668E7BB1,BINU M GEORGE
VEND_1F971F7E,LUHANI CONSTRUCTION COMPANY
VEND_24F4485B,BEST BASE CONSTRUCTION LLP
VEND_A1603FF2,KAILASH PANDIT CHAVAN
VEND_536013D7,THE MADADEV CO OP L AND C SOCIETY LTD KAITHAL
VEND_706F8409,MAHENDER SINGH CONTRACTOR
VEND_05B41600,KRISHAN LAL AGGARWAL BKO
VEND_4CC6FBA6,SRINIVAS REDDY BOYELLA
VEND_B85B4DF9,REJEESH M
VEND_9FBF7D31,KUNWAR SINGH
VEND_F36D214C,UJJAGAR SINGH MACHINARY STORE
VEND_E7AC6B55,LOHAR SINGH
VEND_911F026E,ANEESBABU P
VEND_D8FD0C64,MUHAMMED AMEEN N
VEND_1FC9EC2E,GRAM PANCHAYAT TADAVA
VEND_0DF95EE5,GRAM PANCHAYAT CHALALI
VEND_B4BA2217,SONI KUMARI
VEND_AFBC032C,GULED MOTORS LLP
VEND_2B8A474C,SWARAJ
VEND_A39B45B0,BANE SINGH
VEND_99825B87,KUMSUM
VEND_E125A29E,DRAM SINGH
VEND_E24F6E3C,INDRA
VEND_621B2868,LAL SINGH
VEND_D07076FC,NARENDRA
VEND_48259C8F,PUSPA
VEND_6B77DE24,SUMENDRA
VEND_9691DF29,THALUK HEAD QUARTERS FORT KOCHI
VEND_367ACDBB,SAURABH VILAS KAMANE
VEND_D65695E7,VAGDA GRAM PANCHAYAT
VEND_CC6514E4,SIVA KUMAR M L
VEND_22DC523D,P NOUSHAD
VEND_AA334FBB,JBS SYSTEMS AND SOLUTIONS
VEND_76387E41,I R TECHNOLOGY SERVICES PVT LTD
VEND_89132491,SUKHJEET SINGH MALLE WALA
VEND_A7DAA2EF,KASHMEERA
VEND_CB8A585E,KAJAL KUMARI
VEND_965959E3,ANTU
VEND_E05D9D11,SHAHEEN PARVEEN
VEND_BE7F2637,KANIJ FATIMA
VEND_8F09FB04,CHILDRENS LOVE CASTLES TRUST
VEND_8A8F9DF0,MOHB HABEEB
VEND_5317C5BB,MUD TALEEM
VEND_08F1BA6F,SHABNAM KHATOON
VEND_7C3269AE,NITHIN P JOHN
VEND_73BA9FF8,PRINCIPAL GOVERMENT MEDICAL COLLEGE KANNUR
VEND_6AE6AA4F,KANTI DEVI
VEND_F960AB95,KATAV GRAM PANCHAYAT
VEND_EDFF885F,SHIV SHAKTI IRON AND CEMENT STORE
VEND_A3E0B099,RAPURU PENCHALAIAH
VEND_E72CE29A,JALEEL JABBAR
VEND_86545C00,KARUPOTHULA SANDHYA
VEND_BB4EDF2D,KAMALDEEP SINGH
VEND_9EA13A17,THE NAGA BABA CO OP LABOUR AND CONSTRUCTION SOCIETY LTD
VEND_6004C8EB,DHRISYA S L
VEND_AC3E6B0A,RAVINDRA PATERIA CONTRACTOR AND SUPPLIER
VEND_CC237AD8,SPRING FIELD DEVELOPERS
VEND_F60A435F,MAA MELDI CONSTRUCTION
VEND_0DC46B14,SHIVIKA CONSTRUCTION BUILDING MATERIAL SUPP
VEND_403E5A3D,KAMAL JEET SINGH
VEND_E167D2A3,RASHPAL SINGH
VEND_C13161E7,SOKE RADHA
VEND_D400E671,SHRI BALAJI ENTERPRISES
VEND_EFA0B4F8,MURALIDHARAN P R
VEND_CD92146B,MOHANDAS P
VEND_698A95F7,TILKA SINGH
VEND_9AEF9B75,NEVATIA ENTERPRISES
VEND_41104F61,K K ELECTRIC INDIA
VEND_E187D4DB,R B BUILDERS
VEND_29709769,GARG COMPUTERS
VEND_5D930863,ARORA SONS
VEND_70D558B5,NATIONAL ENTERPRISES
VEND_C702A1B9,GURDEEP SINGH CONTRACTOR
VEND_69A648F7,GRAM PANCHAYAT PARASARI
VEND_BF672E98,VISHAL HARDWARE AND PAINT STORE
VEND_72C73E78,GREWAL CEMENT STORE KURALI
VEND_CB49E431,TATA MOTORS LIMITED
VEND_E454102A,AJIT RAJARAM TILATKAR
VEND_04DB7C3F,GRAM PANCHAYAT SUNARPURAMAFI
VEND_6E912342,GRAM PANCHAYAT BHANDORA
VEND_2AD4B172,SHII SHIV GANESH INFRA
VEND_85B2BCE7,ACCORD SALES
VEND_9682A12F,SARPANCH SHRI GROUP GRAM PANCHAYAT BAKOR
VEND_05500B92,GRAM PANCHAYAT PADWAR
VEND_45E9AB7E,RR GROUPS
VEND_A4B32E42,MUHAMMED SHAFI P A
VEND_3BCDEE89,HINGONI
VEND_CEB8B2E0,THE SCIENTIFIC EDUCATION SOCIETY LIMITED
VEND_F49E7CA7,GHAR DWAR
VEND_435262DF,HRIDAY KACHARY
VEND_7C3454B4,RAMKESH MEENA
VEND_88B66078,NR2 INFOTECH
VEND_E1162F05,ARYAN PRAKASHAN
VEND_D69C6530,RAM JI LAL
VEND_94BB91E8,VIJAY ENTERPRIZE
VEND_DC62F7B7,DHALIWAL HARDWARE STORE
VEND_F198EF11,BIJU P
VEND_703CCDC4,PRASAD DIPAKRAO WANKHADE
VEND_BF5A39E3,BALJEET SINGH
VEND_D7796E1E,JASDEEP KAUR
VEND_BEF86F65,REWANSH CONSTRUCTION
VEND_0B703D6F,PARGAT SINGH
VEND_28030F29,PULI RAMGOPAL
VEND_017EFC76,JARNAIL MECHANICAL WORKS
VEND_8C937BE1,SAT SAHIB ENTERPRISES
VEND_A350C41A,BHIWANI STEEL
VEND_5ED12CF5,T V MANOJ
VEND_1FCB2DD3,KHAMBHEL
VEND_5F75B833,JOGENDRA SINGH
VEND_C4834372,AREKONDA VENKATA RATHNAM
VEND_8452C3A1,CONST OF ROAD AT BYLANE NO 5 VICTORIA PATH AT DHALBOMA
VEND_E46032EA,GRAM PANCHAYATM KHARAKONA
VEND_D961B84D,SHRI RAMJI CONSTRUCTION AND SUPPLIERS
VEND_32911DD4,OXYGEN SPORTS HYDERABAD
VEND_B6957105,PRUTHVIRAJ SAMBHAJIRAO DESAI
VEND_7BE85DF1,KHAMB BUILDING MATERIAL
VEND_150787A0,PRANDIP SAIKIA
VEND_CED0BD00,SURYA SOLAR POWER
VEND_DD0AC95B,VISHAL CEMENT STORE
VEND_7C32589B,BHUWNESHWAR TIWARI
VEND_46133F4D,RAJASTHAN PATHAR UDYOG
VEND_B0637251,SHUBAM ELECTRICALS
VEND_016463C9,VOLTEC SYSTEMS INDIA
VEND_E5B9B987,RAMA ELECTRIC AND MACHINARY STORES
VEND_576621CC,NEW SINGH MARBLE
VEND_49AD1D6F,VASEEM CONTRACTOR
VEND_0459A52E,MUHAMMED SADIQ
VEND_2FC17542,JP ACADAMY BARWA KALAN
VEND_F15F6FD5,MAHADEV CONSTRUCTION
VEND_EBB3ABA3,ROYALITY BDO BEGUNIA
VEND_4BF166FA,AMANDEEP SINGH SANDHU
VEND_58F1B096,PANKAJ KUMAR KALRA BKO
VEND_EA2D1F04,CHITA RANJAN MISHRA
VEND_8998EDAB,PAL BALAJI CONSTRUCTION
VEND_852ADFCF,GRAM PANCHAYAT NAWAGAON SA
VEND_292714CC,AMARJYOTI BORTHAKUR
VEND_ED55E328,ABDUL GAFOOR C K
VEND_6977AC77,THE PACIFIC GROUP
VEND_437FCA37,GRAM PANCHAYAT LAKHEGAON
VEND_49DCE092,GRAM PANCHAYAT SARANDI
VEND_F291D39C,CHWC GADEPALEM KOTIREDDY
VEND_8A37E04A,SHRI SWAMI SAMARTH SERVICES
VEND_F60CFB7D,JALI CONSTRUCTION
VEND_CD785FE2,GURKIRTAN SINGH
VEND_DE65D6EE,GURCHARAN SINGH CONTRACTOR
VEND_24C3BB1F,SARASWATI VIDYA MANDIR SHIMLA
VEND_45B441D1,RUDRA BAHADUR GURUNG
VEND_C7AE489E,MS SARMA ENTERPRISE HARDWARE
VEND_58C6A319,DELOLI GRAM PANCHAYAT
VEND_88F2E602,S S CONSTRUCTIONS
VEND_0C32D658,GILL PIPE INDUSTRY
VEND_8B3591CA,NIMA CHANDRA TAMANG
VEND_C1E04038,BRIGHT CONSTRUCTIONS
VEND_EBF9E58D,RAJU N
VEND_563D0C7C,MADHUSOODANAN K P
VEND_78E0A5F4,RAVIKUMAR O
VEND_DD4EE450,BHARATH D
VEND_A758089D,PRATEEK KUMAR PATEL
VEND_5058328E,ANIL BHARAT PARDHI
VEND_98A3E984,KHUSHI MATERIAL SUPPLIER
VEND_CCF2915E,PIONEER PROTECH
VEND_BF69CED5,NILESH CONSTRUCTION
VEND_AEECE103,JAGAT DOLEY
VEND_ABBF9085,BHUTEDI
VEND_DA52EFF9,MS MAA BHAVANI STONE CRASHAER
VEND_3213430F,DHIGARRA ASSOCIATES
VEND_59091E5C,SIDHU AND SONS BKO
VEND_F2A4A9EC,MALLIGA SATHIANATHAN
VEND_BCA4A9C0,MS S B ENTERPRISES
VEND_DCE60184,GRAM PANCHAYAT KUNGHER
VEND_DBA0CE8B,PROLYX MICROELECTRONICS PRIVATE LIMITED
VEND_1252EC15,ANSH TRADERS RAGADGAON
VEND_013D9185,RUDRA CONSTRUCTION GEHUBARASA
VEND_71ACB113,GRAM PANCHAYAT BAHI
VEND_37E3314D,SACHCHIDANAND MEMORIAL PUBLIC SCHOOL SAINKHEDA
VEND_7CE12EF1,JAGGAIAHGARI SHEKHAR
VEND_6A9A8317,JITENDRA KUMAR KUSHWAHA
VEND_84B0CE03,BANARSHI DEVI
VEND_CA14CCBC,SARPANCH GRAM PANCHAYAT JODKA
VEND_DF775902,GARIMA SALES CORPORATION
VEND_D0123B86,KRISHNA TRADERS
VEND_84406E57,AJAY IRON AND SANITARY STORE
VEND_902CDEC6,SHOWKATHALI VADAKKUMPADAM
VEND_BA3FC53D,MUKHYA KARYAPALAN ADHIKARI JANPAD PANCHAYAT PONDI UPRODA
VEND_04BC572B,MRS DHANSHRI BALA BASUMATARY
VEND_F6B749D0,MHONYANI EZUNG
VEND_0ABB11EC,M DANIEL LOTHA
VEND_216C6A39,MERITHUNG LOTHA
VEND_202C3058,BOSS INFRASTRUCTURE PVT LTD
VEND_4E1DF2B6,B M ELECTRICAL ENGINEERS AND CONTRACTORS
VEND_86D19946,SANA INTEGRATED ENGINEERING
VEND_6C74512F,SWARAN
VEND_F4392046,NANDAN KUMAR
VEND_DE059711,CHWC ETHAMUKKALA ALLA RAVINDRAREDDY
VEND_1DCBF488,KUMARI K S
VEND_FE370A66,GRAM PANCHAYAT BHUSU
VEND_B3D8D237,SIBARAM PRADHAN
VEND_9C0F2F8E,BALJINDER KAUR
VEND_9A133C7E,SHANVIKA CONTRACTOR AND SUPPLIERS
VEND_B0F40533,MINKU DEVI
VEND_AD87AE63,MOHAN SINGH SO CHARANJIT SINGH
VEND_7C302F04,GURPREET SINGH SO SHINGARA SINGH
VEND_2DDC0FD7,GOYASUNDAL GRAM PANCHAYAT
VEND_B3D2A881,MAHAVIR PAINT AND CHEMICAL
VEND_00A44EF3,ASSISTANT ENGINEER EDUCATION DEPARTMENT
VEND_5BBC0EFE,HARI OM TRADERS
VEND_FDE313C1,ANIL SALES CORPORATION
VEND_ACFB6D07,HAMRO HARDWARE
VEND_130EA9FB,RAJANAUIK G
VEND_9701679D,OM CONSTRUCTION AND ENGINEERS
VEND_9F351258,MP STATE AGRO
VEND_4EDC57A7,SUSEELA D
VEND_46A7C742,KARAMJIT SNGH SO HARDEV SINGH MISTERY
VEND_68F0F5FD,ROHIT FREIGHT CARRIER
VEND_C2F6A4A7,SAJIR A
VEND_67164D09,AKSHAY NEGI
VEND_847B5C71,SATYABAN SWAIN
VEND_88C1A8DE,SUNIL BAIRWA
VEND_58D04612,JATIN BARO
VEND_44022D4E,SATNAM SINGH
VEND_27731EBF,PRAKASH SINGH
VEND_E9822FDD,MOHAN LAL CONTRACTOR
VEND_B3A2A7C5,GRAM PANCHAYAT SUKADI
VEND_97462C29,MODAK MEDICINE HOUSE
VEND_47687462,OM BIOGENICS PVT LTD
VEND_FF774506,BOKKA MALLESWARI
VEND_A83E2513,SHUBHAM PHARMACEUTICALS
VEND_EA0D1B32,HEIDELCO MEDICORE PVT LTD
VEND_A26FF894,MEDICARE PRODUCTS INC
VEND_C7F40CEF,STRAW BOARD FACTORY
VEND_D68FD3B4,PIONEER COOLTECH
VEND_40357C3A,NIYATI INFRA
VEND_8F4A6799,NIMITA BHOI
VEND_2DB20F38,THE ARJUN CO OP L AND C SOCIETY LTD
VEND_3B0846D0,SANTOSH KUMAR PANDEY
VEND_12E1A0EA,VIJAY DHAR DUBEY
VEND_E18B4A07,MANJAIAH
VEND_D3C58340,AMBAY STEEL SHUTTRING STORE
VEND_8BDB759C,KANWAR SANITARY STORE
VEND_68B46BF9,VEER WLDING WORKS AND BUILDING MATERIALS
VEND_6A22C044,N R CONSTRUCTION COMPANY
VEND_EA034BC9,A M ENTERPRISE
VEND_26A3FFEA,JAI HANUMAN CONSTRUCTION
VEND_DA8F1771,RABEEH ABDUL MUHINI M K
VEND_BC56F6C7,JILA ABHIBHASHAK SANGH MANDSAUR
VEND_564F9D54,SHUBHAM CRANE SERVICE AND MATERIAL
VEND_BF20F051,GRAM PANCHAYAT GAVASI
VEND_1AFAC211,GRAM PANCHAYAT BAKHKHAR
VEND_6680549E,GRAM PANCHAYAT MORDUNGRA
VEND_4676B3B2,SHREE ASHAPURA CEMENT AGENCY
VEND_49C8283D,JILA ROGI KALYAN SAMITI
VEND_9213D37E,C RAJA REDDY
VEND_20C83146,TOMY THOMAS
VEND_0D74EA90,AMRITPAL SINGH SO SATNAM SINGH
VEND_D68A0C40,PRESIDENT VILLAGE LEVEL COMMITTEE DHANDLOPALLI GP
VEND_D3466E23,NRUSINGHA PRASAD PATRO
VEND_AEA032E1,THE BHAVYA COOPERATIVE LABOUR ANDCONSTRUCTION SOCIETY LIMITED BHOJKUDANA
VEND_165E50D0,JASPAL SINGH
VEND_2CD5FA94,NABIN MAJHI
VEND_687E0CA5,RAJNISH BUILDTECH
VEND_FC5B4E48,BASAVARAJA
VEND_173CCD7D,NILIMA MOHANTY
VEND_509C2669,OHM PIPES PVT LTD
VEND_E0A6E649,KM CONSTRUCTIONS
VEND_7EB3AAE7,NITESH KUMAR MISHRA
VEND_C1CE2806,SHRI RAM ENTERPRISES
VEND_EBA5D6B7,TEE CEE ENTERPRISES
VEND_87FFB3D5,M S WELDING WORKS
VEND_CFF03DA1,JOSEPH K A
VEND_E065E395,PUBBI ELECTRICAL MAHILPUR
VEND_6FACF11D,NXTECH SYSTEMS
VEND_EECABD83,HEALTH CARE SYSTEMS
VEND_7D820A86,SAHJLAN SURGICALS
VEND_B4CA0827,FULARAM
VEND_0DC76B1D,ISHWAR SINGH
VEND_BA85B91B,ABBAS
VEND_F2A446F8,SABHARWAL SURGICAL INDUSTRIES
VEND_0FAB4DD0,VIMLA
VEND_5324A41A,FENSHI
VEND_0A4433CD,PARVTI
VEND_A7CD2205,RANJAN
VEND_759ADFCF,ANISHA
VEND_DDE7D629,SAWITA
VEND_05606286,REKHA
VEND_3BF5E203,ALOK KUMAR SAHOO
VEND_6F330077,TINGYU KONYAK
VEND_A310BCFB,N PHAMLIH FRIDAY
VEND_91FBC43A,BALU R
VEND_95C41CB9,NAIWANG KONYAK
VEND_E796EFB4,GRAM PANCHYAT SILWUA PADRIYA
VEND_018C4907,DALJIT SINGH
VEND_6F17F50B,GEETA DEVI
VEND_6BD8B0AC,GPS KHADOOR
VEND_70E62DBD,ARORA TRADING CO
VEND_5C10B723,PRAKALP CONSTRUCTIONS
VEND_B6F0B182,ARCH CONSTRUCTIONS
VEND_1D82C9A3,OSHARI TRADERS
VEND_7DBDD212,HYGGE INFRASTRUCTURE
VEND_15467832,JSK INDUSTRIES
VEND_77A42EF6,NAYAB RASOOL SHAIK
VEND_7B6A0A65,SHIVAM ELECTRIC STORE
VEND_1BAD3A1E,SETIA IRON AND PAINT STORE
VEND_BC512B00,KITTU SPORTS
VEND_4C0DC65A,AAVANA GREEN PVT LTD
VEND_5378B3F9,RAO II CSPDCL RAIPUR
VEND_E4E45E1B,RAMBIHARI SINGH
VEND_883E97B0,DHANAM CONTRACTOR
VEND_C1ABF1A3,MANUMOH
VEND_D1F59733,S T ENTERPRISES
VEND_3BF6D2F1,ANBAZHAGAN
VEND_FC0B667C,SHRI KRISHNA BUILDER
VEND_0BA3F2BC,GURU NANAK BUILDING MATERIAL
VEND_8F9DDEE6,KAILASH AND SONS
VEND_12C0C5A2,PUNJAB SINGH
VEND_72022D1B,VARINDER SINGH
VEND_4B7B9FC2,GURU NANAK BKO
VEND_93B6A8BE,REENA RANI
VEND_AA3442B7,HARDIK CONSTRUCYION
VEND_19BB69DB,MANDEEP IRON STORE
VEND_6A2101E9,AGGARWAL TUBES
VEND_EFE1E067,HARPREET SINGH CONTRACTOR
VEND_E3E1F1EF,G S CEMENT STORE
VEND_35A482B8,ELECTRO STEEL ENTERPRISES
VEND_A662445E,DIPANKAR BORUAH
VEND_50FE6EDE,SASIDHARAN NAIR K K
VEND_15B329A4,DHILLON CONCRETE BLOCKS
VEND_31C9D320,JASPREET SINGH
VEND_A079B05A,NILANCHAL MAHAPATRA
VEND_55ED74FA,VENUS SALES CORPORATION
VEND_C832CA84,KISSAN IRON STORE
VEND_8B32F605,SAURABH WASUDEO CHARDE
VEND_0DC77C98,AKASH ASSOCIATES
VEND_1D6BFCB8,NG ENTERPRISES
VEND_817C07FE,THE JANTA JANGRA COOPERATIVE LABOUR AND CONSTRUCTION SOCIETY LIMITED
VEND_2A429D1D,KAPOOR ELECTRICALS
VEND_9354A65F,PRINCIPAL TD MEDICAL COLLEGE
VEND_92551D5D,ARIKRISHNAN K
VEND_37EDFA7A,GLOBAL DEVLOPMANT
VEND_15AE4C30,PRINCIPAL JNV SHAMLI
VEND_EAC5CD96,RAJ CONSTRUCTION COMPANY
VEND_430CB78A,DOT 99 E SOLUTION
VEND_ED417E75,PRADIP CHAKRABORTY
VEND_7D5FFB46,P V SASIKUMAR
VEND_F110043A,GANESHPURA ALODA GRAM PANCHAYAT
VEND_C7E1AE8C,G B BRICKS AND TILES KATHANA
VEND_48ED6D58,ROYAL CONSTRUCTION
VEND_E5415BD0,KHAJAN SINGH
VEND_F234A147,BALRAJ KUMAR MAINI AND CO
VEND_88DCD953,GLOBAL SURVEY ENGINEERS
VEND_AA40DE68,NEW LUXMI IRON AND CEMENT STORE
VEND_E0D274F0,GURSHARAN SINGH
VEND_9F316CE8,JINS GEORGE
VEND_BFDD8268,JOSHY THOMAS
VEND_A3A81E8F,RK BRICKS INDUSTRY
VEND_D8E2ED42,KAIZEN WHEELS
VEND_9121F511,KK STEEL TUBE
VEND_080EFC1E,PAULSON JOSE
VEND_6DDE2279,BALJINDER SINGH
VEND_470EDEB9,R MURUGAN
VEND_F08D6E72,SATYABAN BARIK
VEND_A274FD05,BASHEER N
VEND_A0A12AAD,BHUVAN CHANDRA
VEND_D2437502,SURJEET KAUR
VEND_AF7A8305,MENKA DEVI
VEND_F3E23D2D,MAYAMATI
VEND_23624927,DASHMESH BRICKS CO
VEND_E1D17CD4,MOHAMMED FAISAL
VEND_A9065AE6,DAS CONSTRUCTION
VEND_9CF370FD,KHAND VIKAS ADHIKARI SANITATION
VEND_502E016E,SATVIR SINGH SO MOHAN SINGH
VEND_1AB200E0,KARPAL SINGH SO MOHAN SINGH
VEND_7E060066,NEOTECH ENTERPRISES
VEND_15D42587,BHANI RAM
VEND_F50A0098,NET RAM
VEND_A1F72CA6,MULARAM
VEND_30A6A1C9,SWING CRAFT
VEND_773B7932,K M JOSEPH
VEND_18D4A999,RAJINDER SINGH
VEND_6EA80F92,DVARKA CONTRUCTIOM SUPPLIERS
VEND_6A5C8079,R PERIASAMY
VEND_767757A6,ASHISH KUMAR SINGH
VEND_4F03A3D7,VIKRAM
VEND_6A9D2187,ISMAAIL P
VEND_BC4F7614,SONAM ENTERPRISES
VEND_2008940E,SHIV CONSTRUCTION COMPANY
VEND_763D03A2,VINOD KUMAR
VEND_9415E17E,NAIN BUILDING MATERIAL SUPPLIER
VEND_9860296C,GAURANGA DORA
VEND_77617084,SHYAMPURA
VEND_62D81A2E,KANCHI SATYANARAYANA
VEND_B3B9FED9,SHRI MOHAN LAL KAPOORJI MALI
VEND_9AF6FB7C,RAVI KUMAR PEKA RAM MALI
VEND_73B29DB0,KRISHNA KUMAR SINGH
VEND_7F70D69C,V K KUNJUMOIDEEN
VEND_1F19A92C,SHAJI E K
VEND_D3EAB5A1,KNR INFRASTRUCTIONS
VEND_6330229E,SARPANCH SACHIV GRAM PANCHAYAT MANGUPURA
VEND_B8C707B3,SFC GRAM PANCHAYAT RAMPURA
VEND_5F969A48,SFC GRAM PANCHAYAT MEHADPUR
VEND_C51C2667,MAAN SINGH
VEND_D44273A2,RITU
VEND_1EA2B70C,DEVENDRA
VEND_04270AF5,NANDRAM
VEND_E41E2597,SUSHMA
VEND_AFF9BFA3,USHA DEVI
VEND_6EAE8AB4,KRISHNAMOHAN SHARMA
VEND_D0528905,MEERA DEVI
VEND_4A66692C,LALITA KUMARI
VEND_94B588A5,SUKHVEER
VEND_ABCD23A4,NANDOTRI GRAM PANCHAYAT
VEND_745A144A,RAFEEQ K A
VEND_4D25992B,BHALGAMDA VILLAGE PANCHAYAT
VEND_A304869D,G N INTERLOK TILES
VEND_B84F53DA,EDD URBAN ROORKEE
VEND_5A3C0282,GUPTA IRON TRADERS
VEND_68EE99DC,RAJA SAHIB JI INTERLOCK TILE FACTORY
VEND_C0FCCBF7,OM ENTERPRISES
VEND_BF72C238,THE JAI GOPAL LABOUR AND CONSTRUCTION COOP SOCIETY LTD
VEND_3C065856,NIMESH PHARMA
VEND_5693C0B7,UDAVA GRAM PANCHAYAT
VEND_5F6B3434,JAI BABA MOHAN RAM
VEND_5ECB9F0B,GP GINDORMEENA JP BIAORA
VEND_4841A1D2,BUDDE RAMU
VEND_E221B606,PARAM DAYAL STEEL INDUSTRIES
VEND_8D3C151B,MUTHAMIL SELVAN VN
VEND_B6903C90,ANNKIT BRICKS CENTER
VEND_B714C090,JAYAKUMAR M G
VEND_52B255E7,MOHAN LAL
VEND_1C9C21C7,PRIYANKA DEVI
VEND_32C58BCF,DHIRAJ PAL
VEND_E89E78C8,VIJAYASENAN NAIR
VEND_1A97942B,AMRISHPAL
VEND_2D23F91F,BUDHI DVI
VEND_7A101230,MINAKHI CHUTIA GOGOI
VEND_0A474B3C,DHUMILAL
VEND_B9467844,PARKASHI DEVI
VEND_0F1804CA,PUSHPA DEVI
VEND_B5CA0359,SATWESHWAR PARSAD
VEND_9483FF73,REKHA DEVI
VEND_5092E01A,GUDDI DEVI
VEND_1D144A1E,NEW CHAUHAN HARDWARE STORE
VEND_DA3B9770,ADARSH TRADERS
VEND_313BACD2,SUTHARI RAMESH
VEND_1CFC68C0,SUGAR BAI
VEND_FC7CCDB1,GPS KAMAL WALA KHURAD
VEND_DECFD590,GPS SHADIN WALA
VEND_E3A8AF3C,GPS SANTU WALA
VEND_FE7FA696,GMS NIZAMDIN WALA
VEND_D6A3FAF7,GMS ALLE WALA
VEND_B529942C,P J CHAVDA
VEND_BD5A80AC,ANURAG CHAKRABORTY
VEND_15ED01B7,V V SAMBASIVA SRI KRISHNA
VEND_5FB1231B,KAPOOR PIPE STORE
VEND_B3D95ECC,KULDEEP SINGH
VEND_77A9F78C,GURDAS
VEND_926E5089,AMARJIT SINGH
VEND_591B6885,JIMIDARA CEMENT STORE
VEND_DF96F4F1,HARWINDER SINGH
VEND_D7231F1A,LAKSHYA ENETERPRISES
VEND_F6EB9212,ABHISHAK KUMAR KASHYAP
VEND_D8E8BD2A,ASSISTANT ENGINEER GANGTOK MUNICIPAL CORPORATION
VEND_67CEA660,YENDLURI SRUJITH RAJU
VEND_B935F778,GRAM PANCHAYAT NARANGAL BK TQ DEGLOOR
VEND_B1B612CB,GRAM PANCHAYAT SHELGOAN TQ DEGLOOR
VEND_DB51B812,THE DHAODI NAIN COOP L AND C
VEND_B1173FA8,ANTI SAPNPIPE INDUSTRIES
VEND_D6FCA2B2,RAJA JCB LOVEPREET SINGH
VEND_B093BFF9,HARDEEP SINGH SO ANGREJ SINGH
VEND_24BA3438,SANDEEP KUMAR SO JAGDISH RAJ
VEND_8C619BE4,HARJINDER SINGH SO BALKAR SINGH
VEND_85BBDBDB,HARJINDER SINGH
VEND_5CA465EA,NIRMAL SINGH
VEND_2211A3FC,SANT RAJ ND SONS
VEND_8E4AE6D4,DAVINDER PAL SINGH
VEND_7ACE5939,MS NEW JANTA CEMENT STORE
VEND_19472D80,BHRAMAR PAIKARAY
VEND_43295F3E,POLAKI TEJESWARARAO
VEND_57FC6EAB,PRABHA DEVI
VEND_90C18E59,BISWAJIT SWAIN
VEND_8E8E3F63,GRAM PANCHAYAT DAGDAUAA NO 1 JP MAUGANJ
VEND_CCA51236,ANKIT CONSTRUCTION COMPANY
VEND_C316BDE4,SUCHEN YADAV SO SHIV ANO YADAV MISTERY
VEND_92EF4A1D,GROVER MOBILES
VEND_2BAF7DF3,RAJDHANI FURNITURE WORKS
VEND_33F578C4,RADHE RADHE TRADERS
VEND_CA188EDD,STATION VAVADI GRAM PANCHAYAT
VEND_1543AF90,MS RANJAN BROTHERS DASUYA
VEND_A71E36D1,MANIDHAR ENTERPRISE
VEND_B6688E78,THE PAPPINISSERI COOPERATIVE RURAL BANK
VEND_1133DFDA,SUNNY V D
VEND_D62709DA,SACHINDRA MOHANTA
VEND_40B2A727,THE TOHANA NEW VIKAS LC SOCIETY
VEND_B7A5648A,M KIRAN KUMAR
VEND_8D08E07E,JAYAKRISHNA BEHERA
VEND_09D187FE,KHALSA TILE INDUSTRIES
VEND_C3789E06,GURLAL SINGH
VEND_C72D5074,CS SERVICES
VEND_25ACBA2B,GP DHAMMAN LAHAR
VEND_03C017F6,RAJU
VEND_323D414E,R SHANKARAIAH
VEND_2DEF1533,THE JHAJHARIA CO OP LC SOCIETY LTD
VEND_736EBE7D,BALAKRUSHNA JENA
VEND_A0B34836,KISHAN CHAND SO BHAGAT RAM
VEND_EB01C139,HARDEEP SINGH
VEND_199F322E,BABBAL ELECTRICALS
VEND_D5152A26,JAI BHARAT BKO UDYOG MANDAL
VEND_28195704,AJIT AGRI WORKS
VEND_32820C19,PRAGATISHEEL PRAKASHAN
VEND_74ABDA8A,SAMPAT SINGH
VEND_8DD68C8E,RAMILA
VEND_BE935D31,HANSRAJ
VEND_22022415,SUMAN KUMARI
VEND_10BFE049,SONAM DEVI
VEND_7D1D4071,NIRAJ KUMARI
VEND_E07D49FF,RAJKUMARI
VEND_E9154511,RAMVATI
VEND_B6ED2CC8,GIRVER PRASAD
VEND_D20666E0,SAMAY SINGH
VEND_A401170B,AJIT KUMAR
VEND_8758358C,KEDAR SINGH
VEND_55232D6C,MEERA
VEND_3AB3A9C4,GOVIND SINGH
VEND_9F42D5BD,CHANDA
VEND_7741C9B2,VISVENDRA
VEND_67A05E38,RAKESH
VEND_F59C68DC,KALUA RAM
VEND_09C20AA0,VIRANDRA
VEND_F752C09F,MITHLASH
VEND_4ADEBE8A,MACHLA DEVI
VEND_E52DBD31,RAMSWAROOP
VEND_7C8D7FDB,MUKHITA
VEND_6578ABB4,JAGAT SINGH
VEND_F45B7708,AVDESH KUMAR
VEND_FEEB99C8,PAWAN ENTERPRISES
VEND_A8E6F3A9,GRAM PANCHAYAT SIKRORI
VEND_E8712461,BHEDRAM
VEND_F6EA502D,SHIV ELECTRICAL
VEND_47668352,GRAM PANCHAYAT MOKHARA
VEND_9E8340A9,SEBASTAIN OJ
VEND_192F849C,AMIT SHARMA
VEND_5900C25B,TEENA AGARWAL
VEND_B6E85F7D,DIAMOND TRADERS
VEND_F35BC231,SMARTERA SOLUTIONS PVT LTD
VEND_E77F98A7,GPS KHILCHI JADID
VEND_765CBBAB,GPS TARA SINGH
VEND_570DCD17,MASTRAM DHENWAL
VEND_D56C95B5,MAHENDRA KUMAR VERMA
VEND_AB4F9395,SHRIRAM NARNOLIA
VEND_58300063,SOHAN LAL
VEND_17D72AE4,SANTOSH DEVI
VEND_9485A6D6,MANJU DEVI
VEND_0B982335,SURAJMAL BHURIA
VEND_58E840BE,SATYAPRAKASH DHENWAL
VEND_D6D0E54D,OMPRAKASH NARNOLIA
VEND_86FF0CBF,SANTOSH KUMAR SHARMA
VEND_ED71D942,VIKAS KUMAR SHARMA
VEND_FC945A24,CHHOTI DEVI
VEND_C2FF33E2,KARAN SINGH
VEND_6254A5B8,MURLIDHAR MUND
VEND_3A485965,SANGEETA DEVI
VEND_D4BBE04A,DEVRAJ KATARIA
VEND_5466070F,ANITA VERMA
VEND_8E42865C,BABITA VERMA
VEND_23BA5312,CHANDRABOSE N
VEND_E7C458BE,GPS MAHI BEGU
VEND_1C8C8282,GPS BHAWRA AZAM SHA
VEND_01E9ECFE,GPS BHURRE KHURAD
VEND_A27E640B,GPS MATTAR HITHAR
VEND_A91B9415,SARSWATI SHISHU MANDIR
VEND_156837E6,AJAY SHARMA CONTRACTOR
VEND_0DACC3D3,SANWARIA CONSTUCTION
VEND_5EF48D4B,VEMULA KRISHNA
VEND_DFDBFBA5,DHAPI
VEND_38BD642A,KAVITA
VEND_A8029ADF,KULDEEP
VEND_40B71CEF,DILESINGH
VEND_AE405B33,SURESH KUMAR
VEND_5E81F985,MANOJ
VEND_BEBE6837,VIKAS
VEND_9D0775BC,SHAKUNTALA
VEND_EF7EB333,KAVITA KUMARI
VEND_B90F9F82,DEEPAK KUMAR
VEND_9FEB1C70,NAJEEB N A
VEND_A925CB1E,SURYA BRICKS COMPANY
VEND_5B71A0D5,BHATTI CEMENT AND HARDWARE STORE
VEND_E726EB81,JAGJIT SINGH
VEND_0D8DB7BE,KAMALJEET KAUR
VEND_B68AFB36,NARANG CEMENT AND SANTARY STORE
VEND_8804C7A1,MALEPATI SUBBA RAO
VEND_FE9D6E73,MANIRUL BASAR
VEND_44081F28,BABA KEENARAM CONSTRUCTION COMPANY
VEND_A2A04FED,GPS JHUGGE CHILLIYAN
VEND_BC6CF78F,GRAM PANCHAYAT SRAN TALWANDI
VEND_20B7AFD6,RAMESH KESHAV DESAI
VEND_400B6588,MENKA YADAV
VEND_A8E08425,NAHNU RAM BAIRWA
VEND_E3F6A4FA,GP KUTHERA
VEND_F59050CA,G M CONSTRUCTION
VEND_B90FF8E4,ALLIED SCIENTIFIC PRODUCTS
VEND_FCDD7348,BIOLAB INDIA
VEND_4DEC5B1B,BANSAL IRON STORE
VEND_65C8EEFC,COMSOL MULTIPHYSICS PVT LTD
VEND_2A73DEDC,INTERGRATED MICROSYSTEM
VEND_D321BAB8,GAURAV GRAM UDYOG MANDAL RRGD
VEND_B62D9957,LOVEPREET SINGH
VEND_18B121CB,BINDRA FILLING STATION
VEND_F643FB67,KESERI CONSTRUCTION CO
VEND_87CF7B90,MALKEET SINGH
VEND_202EEC94,THE SAI OM CO OP L AND C SOCIETY LTD
VEND_B13815E0,KRISHANKANT
VEND_2F249E2E,AMIT KUMAR
VEND_ED63B85F,RAVI KUMAR
VEND_C334F154,SAYLA GRAM PANCHAYAT
VEND_78F783D7,SACHIN KUMAR
VEND_498B5924,DEEPAK
VEND_F589A695,ABHISHEK
VEND_3A0135F9,ANKUSH
VEND_DC13E8B6,DAYARAM
VEND_E3DF51BB,PRINCE ENTERPRISES
VEND_C79D8FCA,KAMMILI KUMAR RAJA
VEND_84CB1886,SHREE BALAJI ENTERPRISES
VEND_30928255,MS CHAWLA ENTERPRISES
VEND_FA87B02A,KAUNKE BRICKS
VEND_575A49F2,RSS INFRA
VEND_1125F00B,LAXMI SINGH INTER COLLAGE TURKDIHA
VEND_B028BDD4,MILIND MAJOOR SAH SANTHA
VEND_B4F461A0,PIPPAL SINGH
VEND_3F93547C,MAHARASHTRA ENTERPRISES
VEND_641D1FD4,PADAM STEELS
VEND_3A665085,PRASHAR GOODS CARRIER
VEND_AC9BB213,PARAMESHVAR DUTT
VEND_1436DCAD,BRC CONTRACTOR
VEND_A5C67006,DHS NON NRHM
VEND_36E7B2CF,MAHIMA DUTT CEMENT STORE
VEND_DFD53C0C,AMIT CEMENT STORE
VEND_EDF3A034,SANTOSH MEHTA
VEND_7626D28B,ARJUN
VEND_2CB5B966,CHALLA BHAKTAVATHSALA NAIDU
VEND_34F24EC9,JITENDER KUMAR
VEND_2DBDF489,PARDHAN AND SECY KRISHI VIKAS SANGH
VEND_C99604FC,THE STATE COOPERATIVE MARKETING FEDERATION
VEND_1FDA53ED,RASHIKA NANDA DEV GOSWAMI
VEND_D1B618AD,RAJ KUMAR BASTIA
VEND_5C7F95BF,AEN DAMBOI GACHHIPURA
VEND_C8C58D51,OMKAR INFRA TQ WADWANI DIST BEED
VEND_C4B5F812,SHRI SHANIKRUPA ELECTRICALS AND ENGINEERS KOLHAPUR
VEND_FF262119,AEN CSD 1 JDVVNL SGNR
VEND_527074FA,ASSISTANT ENGINEER RURAL AVVNL NEEM KA THANA
VEND_5336E91A,AEN JVVNL GOVINDGARH CHOMU
VEND_93EF4AD1,NAWAKHEDA
VEND_05327055,SHREE GANESH INFOTECH
VEND_12C37C6F,K MOHANRAJ
VEND_C7F40360,SURJANWASA
VEND_B8195A4D,GRAM PANCHAYAT BARUKHEDI
VEND_0B729B76,G JEWAN MALL SS SCHOOL ZIRA
VEND_1D630771,GPS SARAN WALI
VEND_A03EC209,GPS ITTA WALI
VEND_C8E5E6A9,GPS LAPPO
VEND_85A813EC,GMS CHAK JAMIT SINGH WALA
VEND_B584FDE8,GPS FATEHGARH GEHRI
VEND_11D4D9C0,GPS CHANGA RAI
VEND_A93EA215,GPS LALLE
VEND_8B0EA39A,GPS MANU MASSHIAN
VEND_CF0AE6DA,GPS AMIR SHA WALA
VEND_66D3048F,GPS BORAN WALI
VEND_C65CE9E5,GSSS BEHAK GUJJRAN
VEND_D0BE1BA5,GMS JODHPUR
VEND_9B53FE4F,GPS CHAK DONA RAHIME KE
VEND_E36B8C09,GMS SAIDE KE NAUL
VEND_45A0C87C,GPS ALFU KE
VEND_590600AA,GPS BASTI TAINKA WALI
VEND_0F9EE297,GPS ARIF KE
VEND_309EED07,GPS NIZAM WALA
VEND_E874B37F,GPS GULAM HUSSAIN WALA
VEND_401E504E,GPS WAHGE WALA
VEND_DE7A724B,GPS KUTBE WALA
VEND_F887B7FF,GPS KAMALDIN
VEND_1BE658BF,GPS KARMU WALA
VEND_579E8623,GPS KULGARI
VEND_9F59D034,GPS LALLE GHALL KHURD BLOCK
VEND_064C92BF,GPS THETHAR KALAN
VEND_BF5ED8D1,GPS SADHU WALA
VEND_8DA945EE,GPS MASHI BUGRA
VEND_0B27C935,GPS SULHANI
VEND_E1DD5396,GPS LOHAM
VEND_B1BE85AB,GPS GHALL KHURAD
VEND_B0C33B4E,GMS SULHANI
VEND_40ED24AE,GMS THETHAR KALAN
VEND_C8FF211A,GMS RATTA KHRA
VEND_C6EC1854,GMS SEHZADI
VEND_07BC8A95,GPS TALWANDI MANGE KHAN
VEND_E9EB517B,JHALANI MOTORS
VEND_F27E4D88,RAJEEV BAHUGUNA
VEND_955C12CC,RAHUL BHAUGUNA
VEND_0946A4BD,PREM KUMAR
VEND_70ADDB94,SAPANA JOSHI
VEND_CAC1F4C1,DEEPAK PRASAD
VEND_BC7705BE,MAHENDRA KUMAR AMAT
VEND_2FB1B6D9,RAMOLA WEALDING CENTER
VEND_FAF617FE,VILAYAT KHAN KARIM KHAN
VEND_B29D048D,NOMINEE WORKS COMMITTEE BOYAMADUGULA
VEND_ACDF643B,ARYA INDUSTRIES
VEND_D3C34CFC,MAHESH VINOD GANDEWAR
VEND_B44AD2EE,ROYAL ELECTRICALS AND ELEVATORS
VEND_D1AB68F0,BALJINDER SINGH JE
VEND_17DA8E99,KARARIYA
VEND_F4FAA3E7,CHINMAYEE SAHOO
VEND_8C444660,AURO BIOTECHNOLOGIES PVT LTD
VEND_5A00C3B8,THE DIGITAL HUB
VEND_3E1FDBD9,G K CONSTRUCTION
VEND_C6CCE479,BAJAJ ENTERPRISES
VEND_997409C8,AS SPORTS TROPHIES AND GIFT
VEND_867CC23A,DARSHAN SINGH
VEND_2382A94A,JMD TILE AND SANITATION
VEND_0D10B3B1,SHREE KRISHNA ENTERPRISES
VEND_0EEC7ADE,JEEVAN KUMAR PATEL
VEND_6EB67360,B RAGHAVENDRA GOWDA
VEND_F05F1C11,MS DASHMESH ENGINEERS
VEND_E3DCCD95,MAMTESH SINGH
VEND_49EE341B,JALESHWAR GREEN ENERGY
VEND_FD048D5A,K JAYARAJ SALIYAN
VEND_C8157FF8,NEELAM MARBLES
VEND_DDC450BB,MS RAJIV BROTHERS
VEND_E337BA56,PREET ELECTRICAL
VEND_19159E32,GOYAL TRADING CO
VEND_B662BFA0,MALKIT SINGH
VEND_160EE9BC,VIDHAYAK NIDHI YOJANA
VEND_093B737B,DEBO PRASAD RAY
VEND_13C15E02,SHAJAHAT ALI
VEND_B38E6201,DEVENDRA KUMAR JHA
VEND_803C41FE,THE MATHRUBHUMI PRINTING AND PUBLISHING CO LTD
VEND_70A9110C,GRAM PANCHYAT GODHI
VEND_0252B44D,SARABJEET SINGH
VEND_7B07E170,GOLU ENTERPRISES ABHISHEK KUMAR
VEND_C41E3310,LIFE CARE
VEND_8799F9E4,SUKHCHAIN SINGH
VEND_BC80C51F,MAA LAXMI TRADERS DEEPRAJ KUMAR
VEND_DD1BFAD2,HEPTANOVA CORPORATION
VEND_10B529F9,SHARDA VIHAR JAN KALYAN SAMITI
VEND_71E08223,MS SANTOSHI TRADERS
VEND_232BE88C,N SOUNDARARAJAN
VEND_725C1259,RAMAKRUSHNA MOHAPATRA
VEND_75190AFE,SUBRATA GHOSH
VEND_A9247A2A,GVC SHOUR DHATURE PANGI
VEND_D9778223,SIDHU CEMET STORE
VEND_8001BE16,BABA FATEH SINGH TILE FACTORY
VEND_183B9110,CHAKOR SINGH
VEND_AC1EF3D3,MOHAN LAL SO SADHU RAM
VEND_79BDAB66,SUBHASH CHAND SO MANGAL DASS
VEND_0ECC59CC,NARINDER KUMAR SO JAGDISH RAM
VEND_31C6905C,YOGESHWAR SINGH SO ROSHAN LAL PARMAR
VEND_AADBA803,BRAHAM DASS SO SADHU RAM
VEND_7D9C376A,SUKHDEV SINGH SO JIT RAM
VEND_4DDD1B87,MUKESH KUMAR
VEND_9E649CE7,GURMAIL CHAND SO CHINT RAM
VEND_F234EB1F,RAM DEV SO KARTARA RAM
VEND_93ED8C83,BALWANT SINGH SO TEJU RAM
VEND_3218BE4C,LABH SINGH
VEND_E09BB5EA,ASHWANI IRON AND HARDWARE STORE
VEND_36FC3622,GPS SUR SINGH WALA
VEND_0AE74CE3,ASSITANT ENGINEER DEV ZP SUB DIVISION BIJHARI
VEND_5B4F4064,VENKATAKRISHNA YADAV JENUGU
VEND_5FB0878C,GPS MIHAN SINGH WALA
VEND_0DC1EA87,GPS GATTI MASTA NO2
VEND_3A2561E8,GMS SANTU WALA
VEND_144940D9,GPS CHAK KANDHE SHA
VEND_43785C5B,GPS NOORPUR
VEND_20CE2CE8,GPS SANDE HASHAM
VEND_F0542065,GPS WARA WARYAM SINGH WALA
VEND_46F275F7,GPS SHA ABU BAKAR
VEND_576079F7,GMS JHTRA
VEND_5FC9772E,ARYAN VIKAS GORDE
VEND_6A2B1A61,LAKH ENTERPRISES
VEND_88F8BB66,JAGDEESH
VEND_7A2FE1B5,GOPAL KRISHNA TALAPATRA
VEND_9EC8D6DF,RATHOD CONSTRACTION
VEND_2F9638F5,ASIAN CONSTRUCTION
VEND_67D72BDE,GOVIND LAW AGENCY
VEND_B5B27B82,JAGRITI MAHILA MANDAL KOTLA
VEND_51AB359D,SANJIT GHOSH
VEND_0FB3F039,SACHITANANDA TRIPATHY
VEND_995A7B7D,ADIWASI MAJOOR SAHAKARI SANSTHA CHANDSURA
VEND_27648DCB,SRI THANDEESWARAR TECHNOLOGIES
VEND_8921EA83,SAMARWADA GRAM PANCHAYAT
VEND_8879A310,MS SUDHEER TRADERS
VEND_F3E5BCD2,MS MAA VINDHYA CONTRUCTION CO
VEND_882AFBD4,SURENDRA PANDA
VEND_A61A2B6D,SANJANA ENTERPRISE
VEND_C55D3E18,MS SAI BUILDING AND CONSTRUCTION
VEND_4267A85B,KAPIL SHARMA GHANDAL
VEND_83380358,SIDHU CEMENT STORE
VEND_06446020,CEO JP PALI SANSAD MAD 18TH
VEND_64C9EE64,BLUE DART DIAGNOSTICS
VEND_1C27D550,GRAM PANCHAYAT HINDALGOL
VEND_38FB787E,GRAM PANCHAYAT MUNGAWDA
VEND_0CB7209B,GRAM PANCHAYAT MUNDIPAR KHURD
VEND_C5F6DD60,KERALA GRAMIN BANK
VEND_E687F880,VENUS ELECTRICAL WORKS
VEND_18F781CB,SHWETA SINGH
VEND_5F6467C1,KISHAN INTERMEDIATE COLLAGE KUNDUR
VEND_0AEDE999,BABU VISHNU PRATAP SIINGH SMARAK MAHAVIDYALAY
VEND_AA446A06,IMPERIAL BUILDERS
VEND_DA68AD76,RAJ ENTERPRISES PRO RAJESH BAPUSAHEB YADAV
VEND_EBD8CDE1,SHOOTERS POINT
VEND_6AFF7FF1,NANDHA AND CO
VEND_9E052358,PRREM KUMAR
VEND_AD6C374C,SONU SINGH
VEND_8A39BA3A,BANARSI DASS AND SONS
VEND_7073B8EC,SANDEEP SOUMYA RANJAN MAHAPATRA
VEND_EEDDD58F,M THIAGARAJAN
VEND_74180BAC,YAGNESH A ITALIA
VEND_C63C5BC7,HARESH CHANDUBHAI VEGAD
VEND_CA961F51,SACHIN NAGORAO SHEVNE
VEND_C84DEE1F,ANSHUMAN SAHOO
VEND_92E77A7D,BIOMART DIAGNOSTICS AND SURGICALS
VEND_60D3F6F2,CHEMIND CHEMICALS
VEND_E0533BFD,SIDHU BROTHERS
VEND_B0C8473E,SARPANCH GRAM PANCHYAT MALLE WALA
VEND_9E4402CE,DIRECTOR STATE INSTITUTE OF LANGUAGES
VEND_979313E7,DARSH SPORTING GOODS
VEND_557C63F2,RAJESWARI AIR CONDITIONERS
VEND_0AD2E404,VLC CHAIRMAN NARASAYYAPETA
VEND_204F9AA1,REVATI ENTERPRISES
VEND_C4E3D248,THAKUR DUMP STORE
VEND_C394B192,SOM RAJ
VEND_5E42F7A7,NARESH CHAND
VEND_A7FCA7B1,KARNAIL SINGH
VEND_5E11455C,RAVINDER KUMAR
VEND_A23DA903,SATISH KUMAR
VEND_9D251E03,RAJAN SINGH
VEND_9C54762E,PANKAJ THAKUR
VEND_DB51FD63,HEADMISTRESS GHSS MANATHANA
VEND_86354E92,EWOLVES SPORTS AND FITNESS
VEND_59FEBE2F,SUCHITRA VARIETIES
VEND_D835DB2A,KOLTE PATIL DEVELOPER
VEND_450D2E85,MYRA MEDCARE
VEND_2335097A,GILL ENTERPRISES
VEND_7E951BE2,JAY SHIV FABRICATION
VEND_00D0E849,KAKKAR HARDWARE STORE
VEND_8A74AE0C,SIDHIKUL AKBAR PATHARI
VEND_4913F2FC,GRAM PANCHAYAT SEKHAKEDI
VEND_81FBAED5,NEW FRIENDS BRICKS
VEND_39EB4158,GRAM PANCHAYAT SANPARWADA
VEND_54F17BA3,TRIVENI TRADERS
VEND_83C5184E,GRAM PANCHYAT BARHA HINOTIYA
VEND_A5009E7B,ASSISTANT ENGINEER LAEO WORKS DIVISION SAHARSA
VEND_9B4C33FB,MAA SHARDA CONSTRUCTON COMPANY
VEND_94E3BC93,KENDRIYA BHANDAR
VEND_17D83B71,RAVI T P
VEND_3A8C0A05,BDO BANPUR
VEND_06AF5F83,SARTRA GRAM PANCHAYAT
VEND_3700ADD1,THE BABA PANCHAM GIRI COOPERATIVE LABOUR AND CONTRUCTION SOCIETY
VEND_64F3FEA3,MAA SHARDA SHIKSHAN AVM PRASHIKSHAN SANSTHAN
VEND_D93C2F15,GULAB SINGH
VEND_B1EB6890,SHIVANCHAL ENTERPRISES AND TRANING CENTER
VEND_7FB0FA91,IT PROFESSIONALS CO OPERATIVE SOCEITY
VEND_B771285B,E E M P H AND I D B DIV DAMOH
VEND_344B8D00,VIJAYA KUMARA N
VEND_A8C39F23,G BYLAPPA
VEND_D9516BE1,JAI AMBEY SUPPLIERS
VEND_FBC8812B,MAA SWANGIYA CONSTRUCTION COMPANY
VEND_0218049C,SHUBHAM ELECTRICALS
VEND_1A856FB0,ROHIT KUMAR MISHRA
VEND_162791C1,MADHURA CHANDRAHAS MHATRE
VEND_7A23A449,MANO RANJAN MALLIK
VEND_B114FDBB,DIPTIMAYEE SAHOO
VEND_C7A36CDA,ARATHI GRAM PANCHAYAT
VEND_D78897BB,THE WAHEGURU COOP L AND C SOCIETY LTD
VEND_447C79B7,BAMRAH ELECTRICAL CO
VEND_3FDF935E,BILLA CONTRACTOR
VEND_8992BDE9,GRAM PANCHAYAT KARYALAY KAUTHA TQ BILOLI
VEND_A3E8765A,GRAM PANCHAYAT KARYALAY KEDARKUNTHA TQ DEGLOOR
VEND_989927AC,SHRIRAM WADAR MAJUR SAHAKARI SANSTHA MARYADIT
VEND_03AFDD6A,SARAJ
VEND_47D80A0F,NASEEB
VEND_4B61A862,JASWINDER HARDWARE STORE
VEND_560276FB,BIMBRA ENTERPRISES
VEND_7DAA2C8D,MD GUFRAN
VEND_CF1FDA1E,THE S AND R GROUP COOPERATIVE LABOUR AND CONSTRUCTION SOCIETY LIMITED KAITHAL
VEND_1DCD2100,V K BOOKS
VEND_21673244,MR RAMAKANTA BARAL
VEND_98F07757,RAJEE ELECTRICAL WORKS
VEND_07343EDF,GRAM PANCHAYAT CHIRCHADABANTH
VEND_61264CFE,SUKHJINDER SINGH SODHI CONTRACTOR
VEND_4DBAC316,GAGANDEEP SINGH SO RAGUNATH SINGH
VEND_A4FC24A0,GP DAMARI
VEND_35DC4E6C,SRIMAA ENTERPRISE
VEND_F4221593,DEVANAND RAY
VEND_57C2A2FD,BAPLA GROUP GRAM PANCHAYAT
VEND_6B1793E8,ANSHUMAN BHATTACHARJEE
VEND_97755EE2,SINGH ENTERPRISE
VEND_284F7911,VIJAYMAHANTESH BENAKATTI
VEND_2D6E9400,THE MADHAV COOPERAIVE LABOUR AND CONSTRUCTION SOCIETY
VEND_B97FD3BF,SANDEEP CHAUHAN
VEND_8A54DB81,DIVYA TRADERS
VEND_BE78A3A0,MS RAJESH ENGINEERING SERVICES SUJANPUR
VEND_DAB8F5FC,CORAL ENGINEERS AND INNOVATIONS
VEND_F62ED932,RAISUDDIN CONTRACTOR
VEND_98BFE466,SUMIT KUMAR
VEND_C3A4207C,BANSAL BRICKS KILAN GRAM UDYOG SAMITI
VEND_3332E9B3,GURMEJ CINT AND CEMENT TILE FACTORY
VEND_140CCC58,IMPERIAL INTERLOK TILES
VEND_8F2888C2,BALIRAM PAVAR
VEND_C903C20E,MOTI GIDASAN GRAMPANCHAYAT
VEND_B5714D5D,BIJALWAN ENTERPRISES
VEND_0B24B4A0,DHANANJAY PAINT AND HARWARE
VEND_98775A0F,PATIDAR HARDWIRE AND ELECTRICALS
VEND_CD63A4C2,RINKU DEVI
VEND_1B0559A0,BHUSHAN BALASO PATIL
VEND_255FA328,GRAM PANCHYAT CHAPARA
VEND_137BE932,DIPAK KUMAR MALLIKA
VEND_AE99BDC8,CORPORATE BUSINESS MACHINES
VEND_5476FD8D,SRINIVASA RAO MOTHUKURI
VEND_B527CB37,ARORA PLASTIC HOUSE
VEND_2D9D517D,RAJ ORGANO PRODUCTS
VEND_A25B20A4,ARORA BROTHERS
VEND_6749ECD2,ARSON ENTERPRISES
VEND_53328465,JAY CORPORATION
VEND_DFA2ABC8,ARCHANA CONSTRUCTION
VEND_E29C9E47,GOSOLAR BIKRAMJIT SINGH
VEND_A47028E9,DHARMANI SANITRY AND PAINT STORE
VEND_28C36898,DOABA BRICKS CO
VEND_CC302236,RK ART
VEND_913DE4DB,GOVINDA CHANDRA MAHARANA
VEND_BD2AB8C1,MATA BHAVANI UCHCHA MADHYAMICK VIDYALAY MANCHOBHA
VEND_B7D1F29D,K K KOHARI CONSTRUCTION COMPANY
VEND_AC2C14CC,NEW INDIAN CONSTRUCTION COMPANY
VEND_8B78DF14,BHAWANA CONSTRUCTION AND SUPPLIERS
VEND_C7DC4CCD,KK CONSTRUCTIONS
VEND_81223036,ARJUN RAY
VEND_1EF19F04,GRAM PANCHAYAT PUTA
VEND_FD5BAEBD,HINOTI SADAK
VEND_2465F9BD,BARODI
VEND_14E7E3AA,JAI LAXMI BRICKS
VEND_E67331EB,MS JAI JAGDAMBEY EARTH MOVERS
VEND_F57DF837,R K ELECTRICALS
VEND_01EACF41,SONASRI BORO
VEND_003C3121,DEEPCHAND YADAV
VEND_E9523A1C,PSBB ENTERPRISE
VEND_B9BBBEA5,GP NAGPRUA
VEND_D2CEABEC,JAI MAA VAISHNO COMPANY
VEND_7FC67D0F,MS VIRATCONSTRUCTION
VEND_A6BCD114,YEMSHANGMONGBA
VEND_83782449,SHIVIN CONSTRUCTION AND CO
VEND_E99CCD23,PRESIDENT VILLAGE LEVEL WORKS COMMITTEE NOOKINENIPALLI NANDALUR
VEND_76F3D981,MAHENDAR JADHAV
VEND_1A196B5A,SHRI KARNI CONSTRUCTION
VEND_1EBCAB46,NITU DEVI
VEND_518C7737,SEHKRI BROS
VEND_F675E5F6,CON RD FRM PD HOU TO UB HOU AT BODORUTUP
VEND_A22B803F,CON RD BS LINK TO RAM DAS HOU SUN BUDO
VEND_FA266650,THE BAJRUR CO OP L C SOCITEY LTD
VEND_185F0A2F,THE GHAGGAR COP L C SOCIETY LTD ROPAR R
VEND_51C015AD,PRABANDHAK JAI KRISHNA U M VIDYALAYA
VEND_DBD4F846,SZ TRADERS AND CONTRACTOR
VEND_C4FD6011,PRATHEEBAN
VEND_EF44F412,SACHIV GRAM PANCHAYAT PATHRAUTA
VEND_97F4EB57,SOM ENTERPRISES
VEND_A3042E9E,BIKASH SAIKIA
VEND_8893D57C,SAI STEELS
VEND_F113765A,ANAMIKA CONSTRACTION
VEND_95D25AD4,KF SYSTEM
VEND_92D3F862,IMMALRAJU VENKATASATYA NARAYANARAJU
VEND_07593D26,GRAM PANCHAYAT MANDGI TQ DEGLOOR
VEND_CAB53C8E,APT DENTAL DISTRIBUTOR
VEND_F9D8044B,PARAG ENTERPRISES
VEND_1E3F9545,MY COMPUTER
VEND_9F5046DD,K S BUILLDING MATERIAL GARNA SAHIB DASUYA
VEND_339E8D23,GURJEET SINGH
VEND_B15F131C,NEW SINGLA ELECTRICALS
VEND_50A4A4A2,MEGASTER ELECTRONICS LTD
VEND_A8CE5CF9,GRAM PANCHAYAT KARYALAY POKHARNI TQ BILOLI
VEND_C35DB7A6,DHANPURA DHO GRAM PANCHAYAT
VEND_48068548,DHOLIYA GROUP GRAM PANCHAYAT
VEND_CEEC52B8,MR DIPAK NATH
VEND_D138AE28,GOVT PRIMARY SCHOOL REHME SHAH BODLA
VEND_E0431E4B,SMC GPS MOHAN KE HITHAR
VEND_6967583F,SARPANCH SHEE GRAMPANCHAYAT SHAHPUR
VEND_991951B8,EXECUTIVE ENGINEER APCPDCL CHIRALA
VEND_7D053B39,BABA INDER DASS PUBLIC SEN SEC SCHOOL
VEND_FBEF2455,TECHLITE ENGINEERINGS
VEND_4B96E7BA,AJAY MANJARAM YADAV
VEND_44B1EE2C,ADI SATYANARAYANA
VEND_E8602977,MATHAR CONSTRUCTION COMPANY
VEND_805370EE,THE PUNEET COOPERATIVE LABOUR AND CONSTRUCTION SOCIETY LIMITED
VEND_C77A6C6B,J S CONTRACTOR
VEND_C5DB91F2,THE SHIRI RAM COOP L AND C SOCIETY
VEND_E2DA6D28,RAJA SAHIB JI TRADERS
VEND_D7EEF21D,MS VISHWAKARMA BRICK INDUSTRY
VEND_5925987F,MS MAHESHKUMAR BABULAL
VEND_E48B6721,MALKEET SUNGH
VEND_842C25EF,SAURABH BALASAHEB JADHAV
VEND_2420FDB1,KIRAN BHAGWAN GHUTUKADE
VEND_221312EA,OM SAI MAJUR SAH SANSTHA MAR
VEND_32E2D82D,CHAIRMAN SHARAD MAJUR SAHAKARI SAMSTHA INCHAGAON
VEND_B650ECE6,GRAM PANCHAYAT MULTHAN JANPAD PANCHAYAT BADNAWAR DISTRICT DHAR
VEND_5D49EF27,ARSHDEEP SINGH
VEND_6BC708EC,MODIPUR GRAM PANCHAYAT
VEND_0ABF6F2C,THAARWIN ENTERPRISES
VEND_99BCC5B4,CONFIDENT DENTAL EQUIPMENTS PVT LTD
VEND_5E492FD0,RATTAN PIPE STORE
VEND_5296260E,JOGINDER SINGH
VEND_C1097583,KARNAWAL CEMET STORE
VEND_A298313F,GURNAM SINGH
VEND_E1963CDD,SINGH CLEANERS
VEND_DCFEE38F,FONE ZONE
VEND_E4679B76,J K CROCKERIES SANGRUR
VEND_59609BC6,CONSTRUCTION OF SANTIPUR BYE LANE 2 AT DIMORIA
VEND_F69DD794,LAXMI CONSTRUCTION COMPANY
VEND_6EDEA410,MOHIT CONSTRUCTOR
VEND_47534279,MS GURDEV BRICKS CO
VEND_5D93E9AC,HANS RAJ HARI RAM
VEND_2B10CDD6,SAHI ENTERPRISES
VEND_103F457D,AMIT KUMAR CONTRACTOR
VEND_312C6FF6,DINESH KUMAR
VEND_562EA9EC,JASWAL FILLING STATION
VEND_C409006D,SHIV SHANKAR ENTERPRISES
VEND_6AC76BA9,MOHIT ENGINEERING
VEND_7E45F5E5,K K BRICKS
VEND_86A02672,PANDIT TRADERS
VEND_9034810B,MORA SINGH
VEND_F9B0EE84,SHIBA NARAYAN JENA
VEND_147DFF1A,BRT TRADERS
VEND_F321FAD6,REWINDER BAWA
VEND_FE34C68F,ARADHAYA ENTERPRISES ARTI DEVI
VEND_C02C83B1,RAMAKRISHNA BATTINI
VEND_98303A14,KALPATARU JENA
VEND_8FEF64A6,JAHANJIT BRICKS INDUSTRIES
VEND_1893B1A3,GPS MORH KUSSU WALA
VEND_017776E8,GPS KARMA
VEND_1C9A122C,NAVRANG PUBLICATIONS
VEND_2566129D,GSSS MALLAWALA
VEND_C6405E39,ESS KAY SPORTS
VEND_14E75800,RANJIT KUMAR NANDA
VEND_0C1E7749,GPS KILLI NO ABAD
VEND_B934D375,GPS CHAMB
VEND_C9870421,GPS DHANDIA
VEND_1703F340,GPS BETU KADIM
VEND_0D90120F,MOHINDER SINGH CONTRACTORS
VEND_FB0645F3,N R COMPUTER
VEND_0E314FC0,MODERN MARBLE STORE
VEND_D342EBAB,SANGRAM KESARI PRADHAN
VEND_92EA541B,KULWANT SINGH
VEND_3987888C,HARDWARE AND SOFTWARE SOLUTIONS
VEND_A52EECCE,PRINCIPAL GOVT SEN SEC SCHOOL MAHMU JOYIA
VEND_7A735A20,ASHOK PARIHAR
VEND_68E703DA,BICHCHU
VEND_4A528703,GENDU
VEND_E899E475,GOVIND RAM
VEND_789C4815,HARSH VARDHAN
VEND_964CCE67,JUJA RAM
VEND_555306CF,KUSHAM KAWNAR
VEND_90ADC335,MANI DEVI
VEND_BE28ABE1,MUNNI
VEND_057871D7,NIJU KANWAR
VEND_844DF8E9,PAYASWANI
VEND_B75D6995,PRIYAWAT SINGH
VEND_3B473BC3,SITA DEVI
VEND_96AE5074,VADANO DEVI
VEND_E9DC4988,MOHAN SINGH
VEND_F687EB10,PRABANDHAK MADARSA DAWATE ISLAM NISWAN
VEND_29418D70,SHREE RAM PRASAD GUPTA INTERMEDIATE COLLEGE
VEND_721222E4,TRAPAJ GRAM PANCHAYAT
VEND_2A2E070F,SU SOLARTECH SYSTEMS PVT LTD
VEND_9703DF8B,MOHENDRA KALITA
VEND_E545F7F4,THE GOBIND DASS COOP L AND C SOCIETY LTD
VEND_BEBE6069,DINU FRANCIS KALLOOR
VEND_FECFB03B,MASCOT ENTERPRISES BTI
VEND_523D0C56,WANGLAM KONYAK
VEND_6C6E4C7A,TAHASILDAR RANPUR
VEND_0244FB20,MISC ACCOUNT BDO RANPUR
VEND_690818E6,MAA SHARDA ASSOCIATES
VEND_3E9EDFFA,BABA SARWAN NATH WELDING WORKS
VEND_8D332043,JAYAKRUSHNA MOHANTA
VEND_8607FEA5,SHRI RADHE SHYAM ENTERPRISES
VEND_288A4766,SAGAR SO ROSHAN LAL MSTERY CHHANGLA
VEND_3F6374AC,R PRIYADHARSHINI
VEND_69BD3F64,BDO PUDUCHATRAM BP NSD
VEND_2310A28B,KALYAN CONSTRUCTION COMPANY
VEND_BCC33028,PM CONSTRUCTION
VEND_7A636746,J J CONSTRUCTIONS
VEND_C6ACD64F,CONST OF ROAD CUM GUARD WALL WITH RCC CULVERT AT BANK COLONY
VEND_3E7B2A1D,GRAM PANCHAYAT MOTHA JP BATIYAGAD
VEND_C16B05B0,N RAMACHANDRAN
VEND_7BEEEE27,ABHIJIT GUHA
VEND_99C84BA1,CONSTRUCTION OF ROAD NEAR PIJUSH DAS HOUSE TO J PEGU HOUSE AT PUB SIVA NAGAR
VEND_0DD2E388,GOWRI SATISH
VEND_EC293E28,MALUPUR GRUP GRAM PANCHAYAT
VEND_A3167AB6,MS RANA ENTERPRISES
VEND_A8931E2B,SHREE RAM ENTERPRISES
VEND_6682A506,CHIARMAN DEV SAMAJ COLLEGE FOR WOMEN
VEND_E380D024,SARPANCH GRAM PANCHAYAT CHANDWAD
VEND_C492541C,ANJALI ENTERPRISES
VEND_8EA174DF,SUDHIR NARAYANRAO DESHMUKH
VEND_6A98D2B3,G VENKATAIAH
VEND_C7AE8BB9,DHAKA MATERIAL SUPPLIERS
VEND_340220EA,BHALGAM GRUP GRAM PANCHAYAT
VEND_2080A216,RAMBHAU PADAM
VEND_5BAB40F0,RAVINA EVANEY
VEND_894D55F1,CHAMPA DHARASING UIKEY
VEND_3293D1B4,PRAMESH DHARASING UIKEY
VEND_8A9EEE6B,NETRAM DHURVE
VEND_63CD5801,DURGA DHURVE
VEND_26012D18,AMARJOTI TRADERS
VEND_AB58A40A,VISHAL TOOLS
VEND_214A8625,DITASAN GRAM PANCHAYAT
VEND_9D7C6A89,ARJUN SANJAY MORE
VEND_D9CA4952,PUSPENDRA PATEL
VEND_0A315D79,SAINI CEMENT STORE LAMIEN
VEND_BB94CA36,PRAMOD GIRI
VEND_A95DCE24,SALARIA TRADING COMPANY GHOGRA
VEND_A18F791B,NEW ELITE FURNITURE PALACE
VEND_26DE982D,MERKURY ELECTRICAL CORPORATION
VEND_0936CA13,SUMIT TRADING COMPANY
VEND_56D8DA42,KALI RAM VED PARKASH
VEND_8C87D361,DHARMENDRA KUMAR RAO
VEND_3CE744C4,SHABBIR MOHAMMED LUHAR
VEND_A5B36F4C,KHYALIA BULLDERS
VEND_6440C4C6,PD ENGINEERS
VEND_71D50B1E,SINEESH NT
VEND_3F995DC6,HEADMASTER UPPUTHODE
VEND_B9100417,SATHEESAN N
VEND_51B941B9,RAHINA MADASSERY
VEND_9CF2E715,ASHAPURA CONTRACTOR KOLIWARA
VEND_4DFE588B,DURGA BHUSHAN ENTERPRISE
VEND_B964D420,GRAM PANCHAYAT KARYALAY BEMBRA TQ DEGLOOR
VEND_C5B5387A,DC BOOKS
VEND_B9675B2E,FOJI CONSTRUCTION CO
VEND_8053F379,JAI BHAWANI TRADERS
VEND_E1FF3879,MS GURMAIL IRON STORE
VEND_8DFA2E9C,JASWANT SINGH
VEND_F68C1B50,A SURESHKUMAR
VEND_EF2A5FEB,DAAYANIDHI SWAIN
VEND_F6D0AA02,KHEROLA
VEND_167846DE,SHREE HARDEV MISHRA SAMAJ KALYAN BAL VIDYA MANDIR
VEND_BBFADF79,LAL BAHADUR SHASTRI SHIKSHA NIKETAN PUM VIDYALAY KOTWA
VEND_332A77A1,U DHANANJAYA RAO
VEND_616E7555,ISHANVI CONSTRUCTION
VEND_7EC17EBA,CONSTRUCTION OF TULUNGIA MARKET COMPLEX AT TULUNGIA SRIJANGRAM
VEND_18D15B75,LUNSARIYA BOKADTHAMBHA
VEND_C54046E4,BINU B
VEND_C3C120AF,RAJKAMAL CONSTRUCTIONS
VEND_D25FB422,DURGA ENTERPRISE
VEND_24DFD9CA,SURAJPAL
VEND_61DDE1A8,MUSTHAFA KAMAL K
VEND_AC69E590,GRAM PANCHAYAT PARATALA
VEND_301669CC,THE NEW SCHOLAR ACADEMY
VEND_B983D0B9,MOR DISTRIBUTORS
VEND_51BA3C28,GUJARAT AGROTECH
VEND_D1084650,ISHWAR LAL MEENA
VEND_2D1E19AF,MANISH MEENA
VEND_FDEFE01B,OM PRAKASH MEENA
VEND_BE035AD6,DIPESH KUMAR SHARMA
VEND_FF408832,ASHA KUNVAR DEVADA
VEND_4E8300DE,JITENDRA BAIRAGI
VEND_D08B6ED1,SHEELA
VEND_FA7AFD07,SHAMBHU SINGH
VEND_159A877D,JAY BAJARANG BALI BUILDING MATERIAL AND SUPPLIER PANNUGANJ
VEND_8C6A2849,MUHAMMED RAYEES P
VEND_4441D059,EMBRIGHT INFOTECH
VEND_570EE4AC,LIANO MEDIAL SYSTEMS
VEND_4B9BF947,SHRI SHYAM ASSOCIATES
VEND_1667AB62,SAROJ KUMAR MAHAPATRO
VEND_7505978C,DIVYA ENTERPRISES KHURIYA
VEND_DAD2BE65,SHINU KUNNUMMAL
VEND_415C7893,BDO PAONTA SAHIB
VEND_50CF1370,GP SATYAS
VEND_1F761AE7,PARTAP CHAND
VEND_BC1C4A67,CHITTI TRADING COMPANY
VEND_AD6E2CC0,MOHAN CEMENT STORE
VEND_36CD9C3E,DREAM MERCHANT ASSOCIATES
VEND_3DF93B60,CONSTRUCTION OF WATER SUPPLY AND WAITING SHED AT ANANTADHAM CREMATION GROUND
VEND_564FC66B,LUCKY MARBLES
VEND_53782732,ATTRI ENGG WORKS
VEND_01CD9845,MR RAJPAR GRAM PANCHAYAT
VEND_CBB8D52B,SARASWATI SHISHU MANDIR SAMITI SHAHDOL
VEND_CF43DB91,SAIRAM ENTERPRISES
VEND_9368759A,SAARAL CONSTRUCTION
VEND_A89C6415,DIPAK KUMAR DAS
VEND_B456F383,MEDOCHUZO MEDOZE
VEND_EF7D2470,GRAM PANCHAYAT SULTANPUR TQ BILOLI
VEND_5090B2E8,S MANLIP KONYAK
VEND_A7C1A744,JASHANPREET SINGH
VEND_FA2D231B,ARORA IRON STORE
VEND_A2DC15D3,ARVIND CHUNNILALA MESHRAM
VEND_A5170C0D,HIRA MUSICAL AND SPORTS
VEND_02EF927D,SMT RITU KUMARI MS SANDEEP ENGG WORKS
VEND_24448556,THIRUKUMARAA TRADERS
VEND_A23D4C38,CHENDHOOR ENTERPRISES
VEND_32CD4F78,MUTHURAMAN TRADING COMPANY
VEND_3FFA6BBD,HI FLOW SWEET WATER TECHNOLOGY
VEND_27AD37E8,CHANDRA SINGH PARPAR TRADERS
VEND_6F98E617,D K ASSOCIATES
VEND_DA1E88DF,RAMDEV CONSTRUCTION COMPANY
VEND_A8EC3275,DEEPAK CONTRACTOR
VEND_7E117DF9,PENKEY SIVA RAM PRASAD
VEND_F6144FE4,GHATOURA AGRICULTURE WORKS
VEND_BC4A41EC,V V OMANAKUTTAN
VEND_34532D3E,SHAKUNTAL MAJOOR KAMGAR SAH SOC KARLA
VEND_2909B70F,SURENDRA BABU C
VEND_57FC5579,R K CONSTRUCTIONS
VEND_58EBFA74,GRAM PANCHAYAT AMAPALI
VEND_840076EF,GRAM PANCHAYAT GAMEKELA
VEND_4FC42E72,SRI NAGARAPAMMA SC AND VADDE LABOUR CONTRACT CO OP SOCIETY
VEND_0843E306,B L CONSTRUCTION
VEND_79643895,MUKESH KUMAR SAINI
VEND_33B706D8,MAHENDRA KUMAR SAINI
VEND_AF108A83,TULSIRAM
VEND_FC2FC44B,MAN SINGH
VEND_6B30CBE3,MNOHRI DEVI
VEND_9B3160D5,AMAR CHAND KHARWAL
VEND_96CF216C,CHOTELAL KHARWAL
VEND_C74C6348,SHANTI DEVI
VEND_64A02A64,BANWARI
VEND_B3EC97B5,MANNI DEVI
VEND_3FCE827F,RATANI
VEND_E9206237,MOHAN
VEND_942CED57,LALITA SISODIYA
VEND_4FC8888C,RUPAK KANTI MITRA
VEND_E8FE9F00,MEENA DEVI KOLI
VEND_0ED241F1,SHILA DEVI
VEND_9C67989D,KASTURI DEVI
VEND_2180065D,ABDUL KALAM BARBHUIYA
VEND_75E7C1CF,VIMLA DEVI
VEND_9663C1ED,MOTIDAU GRAM PANCHAYAT
VEND_BC3FCF06,THIND CEMET STORE
VEND_0608F13D,KISHORI LAL
VEND_5BA0A856,LUXMI ENTT UDYOG
VEND_3EC85B40,HIND IRON STORE
VEND_690B4BAC,KOMAL
VEND_0A2171BA,PREM DEVI KUMAWAT
VEND_33CE88D1,ALOL DEVI KUMAWAT
VEND_D8D22BD5,RADHA KUMAWAT
VEND_9C6869B7,SAWAR LAL KUMAWAT
VEND_988C25E3,RESHMA KUMAWAT
VEND_9FB74F22,KALI DEVI
VEND_B028DD1B,DINESH KUMAWAT
VEND_FFDE4FD4,SAWARMAL KUMAWAT
VEND_6FC42C43,RAMESH
VEND_62E35722,KANHIYA LAL KUMAWAT
VEND_29C0D22F,SATTU KUMAWAT
VEND_E66D5688,TEJI KUMAWAT
VEND_E27562E6,SR CONTRACTORS
VEND_F11909BE,PARMAR ENTERPRISES
VEND_7ACD6592,SIDDHI VINAYAK CONSTRUCTION
VEND_47499263,PROBIN CHITRAKAR
VEND_55C9C074,ARPON BURAGOHAIN
VEND_83349CBD,ANITA
VEND_1C1661ED,SURENDRA SINGH NEGI
VEND_AB9996C0,PARAG GOGOI
VEND_2B907D78,KAILASH KANWAR
VEND_AEA21DAE,PARVEEN SANKHLA
VEND_10D09032,CHUTRAI
VEND_569FEE98,RAMA RAM
VEND_E2086267,JAGDISH CHAND PARIHAR
VEND_53E4B726,SANGEETA
VEND_A5AE1860,RADHA KISHAN
VEND_A055354E,MAHAVEER
VEND_C2422B7F,ASHIM NATH
VEND_F3CE9155,NEELAM PRABAKAR
VEND_C200756F,SAPAVATH VINEETH
VEND_7A1F9051,THE LADANA BABA CO OP LC SOCIETY LIMITED
VEND_C3D707D5,GP BANDHA
VEND_492DEB9A,PAL SAMAJ KALYAN SAMITI HOSHANGABAD
VEND_9519A717,GRAM PANCHYAT NURE KI BHRJ
VEND_040B4224,BIMAL TRADERS
VEND_5DD2F7A3,CC CONST OF ROAD AT ZUBEEN GARG PATH
VEND_7CE80DDD,HARSHAL TRILOKCHANDAGRAWAL
VEND_BB271154,SHIVAM TRADERS
VEND_83D9F27C,MEHTA ASSOCIATES
VEND_D657BF54,MODERN BRICK INDUSTRY
VEND_12A75F45,FAMOUS FOUNTAINS
VEND_D15F8DFE,MS SHIVA HARDWARE
VEND_64CDCE3A,UDAY
VEND_D55A874B,RAMSAROOP
VEND_FDAB3786,SITARAM
VEND_5C97FD32,RADHESHYAM
VEND_1E8928DC,SIYARAM
VEND_DBBD7E80,SIMLA DEVI
VEND_D94ACFF8,REKHA BAI
VEND_3C35D452,KESHANTI DEVI
VEND_8CBD2BC6,SEEMA DEVI
VEND_B42254B7,SAKEELA BAANO
VEND_BEC3802A,GP KISHANGADH JP BIAORA
VEND_DB6A8836,CHOTE LAL
VEND_7CFDD2B1,KAMLESHI
VEND_50A42BF5,SANDEEP SO RAJA MISTERY JAND
VEND_A41FBC2E,KILAYANI
VEND_851DE728,PAVAN KUMAR
VEND_4BDA3277,ANIMA KUMARI
VEND_CEC92FA1,RAHISH KHAN
VEND_68B0D652,DHANTURI
VEND_F8FE33F3,RINKU MEENA
VEND_1FD96777,PRIYANKA
VEND_12D52500,UDAY CHAND
VEND_B50B0E7D,DHANRAJ
VEND_511335F0,MURARI
VEND_6CAC1A37,NITUL BORUAH
VEND_1C4E55D1,AR TRADING AND WELDING WORKS
VEND_4B0E34E9,KUMAR BRICKS TRADERS
VEND_6AEFA2FF,RAJPAL CONTRACTOR
VEND_0BE32898,ANHAD TRADERS
VEND_66A3722F,ETHEREAL CARBON PRIVATE LIMITED
VEND_9349B7F2,SHREE DEGRAY CONSTRUCTION COMPANY
VEND_6D9704DE,GRAM PANCHAYAT MAKLA
VEND_C6D621C1,VAIDIT CONSTRUCTION
VEND_872AF82A,HEAD MASTER KADAMPAZHIPURAM
VEND_CF5B789E,NAGNESHI CONSTRUCTION COMPANY
VEND_6287B9ED,GRAM PANCHAYAT KARYALAY ACHEGAON TQ DEGLOOR
VEND_D37DE4B3,STATE CANCER SOCIETY OF MEGHALAYA
VEND_99B2E6E0,KAP ENTERPRISES
VEND_2CB05F39,PRIYANSHU
VEND_EB7746C9,AAVAL GRUP GRAM PANCHAYAT
VEND_F51D65CF,JAGAN LAL
VEND_D592C6F7,HIMAT SINGH
VEND_6CA3BECB,PRINAKA KUMARI
VEND_0B728187,NEELAM KUNWAR
VEND_8BF4861A,M KANNAN
VEND_64DF5ACD,SARASWATHY A K
VEND_397A5B74,KOTAKONDA VENKATESWARLU
VEND_FAFE1B3B,DALIP KUMAR
VEND_1A8075B8,NAVENDU AND COMPANY
VEND_E95FBC9D,BALBIR SINGH CONTRACTOR
VEND_A1C39A9D,MAA ANNARURNA CONSTRUCTION
VEND_97A38520,SS ENTERPRISES
VEND_9B97CA0E,NIKEE DEVI
VEND_B4294FE2,PAWAN KUMAR PANDEY
VEND_DDBBABB6,MAHAVEER YOUTH CLUB KHAGAL
VEND_CC070BCE,CHIRAG SHARMA
VEND_ED7BBFBE,PREM SHANKAR KUMAR BHARTI AE LAEO WORKS DIVISION SAHARSA
VEND_C1F03FE7,LENNY ANTONY
VEND_083472D8,M S ROUTH ENTERPRISE
VEND_99DCDA1F,THE MEET COOPERATIVE LABOUR AND CONSTRUCTION SOCIETY LTD SAJUMA
VEND_8C487A1A,GRAM PANCHAYAT SAGONI KHURD
VEND_41B56504,MEZRAW SOLUTIONS
VEND_921B336A,MAP ASSOCIATES
VEND_E7D0C670,THAMOTHARAN L
VEND_E158648C,T K ENTERPRISES
VEND_F26762E8,SARAVANAN S
VEND_B70792B8,NAVID ANSARI MOHAMMED
VEND_A5653F18,KANJI SURGICAL PRIVATE LIMITED
VEND_D9E7E611,HOSCO PRIVATE LIMITED
VEND_C9A82509,UNIQUE MEDICAL AGENCY
VEND_4FBD52D6,MEDITECH SYSTEM
VEND_26C1541F,D K MEDICAL AGENCY
VEND_41F7CD2C,PRAVIN SURENDRABAHADUR SOMVANSHI
VEND_A8379721,AKASH PIPES
VEND_3DA6984E,TENZING SHERPA
VEND_2ACC6E38,NARSINHA MAJUR SAHAKARI SANSTHA M BARHALI TQ MUKHED
VEND_F075E127,THE HEAD MISTRESS
VEND_7B7FCC90,MAULI CONSTRUCTION
VEND_1EDA1D62,SARPANCH SACHIV GRAM PANCHAYAT KANOD
VEND_DC7671CC,MAA CHINTPURNI BUILDING MATERIAL
VEND_976A283B,MALAN SHAKTI CONSTRUCTION COMPANY
VEND_570F1A84,SHREE VANDALIYA GRAM PANCHAYAT
VEND_B4A5690B,SIDDARAM BELKOTI
VEND_E8F9A53F,THE AMIT CO OPERATIVE LABOUR AND CONSTRUCTION SOCIETY
VEND_357AC619,ANILKUMAR PT
VEND_9E0B15DA,CONST OF ROAD FROM NO1 BHATNAPAITY ME SCHOOL TO ABDUL BATEN AHMED HOUSE CHENGA
VEND_5B09E4A4,CON RD FRM BD HOU TO DD HOU AT PTRTI BTA
VEND_CB1C3E0F,CON OF RD FRM BP LD RD TO SHV MDR AT BDI
VEND_771D715C,NEPAL BASUMATARY
VEND_191BE1AD,PINNAI BASUMATARY
VEND_BE7E93D6,SHREE HARGOBIND SAHIB ENTT UDYOG
VEND_278725C0,PRITPAL SINGH
VEND_8E70F022,ANUSAYA ACHARYA
VEND_C40E87EA,ASSISTANT ENGINEER ASSEMBLY KATORIYA LAEO WD BANKA
VEND_FC59D825,AVON BRICKS INDUSTRY
VEND_C8B4B2D0,SANDHU BROTHERS BKO
VEND_6543736D,QUADRI SOHEL ALMA KHAMAR ALAM
VEND_EF125083,SUJAY KUMAR
VEND_1B222D5C,UK ENTERPRISES
VEND_F26F225B,GP TUMRAWDA
VEND_D6DCA934,GP LASUDIYA BAJAR
VEND_10356983,PUNIT KUMAR AGRAWAL
VEND_064E5A46,SEERAM RAJESH
VEND_826864A9,SRI GAUTAM SINGH SS INTERMEDIATE COLLAGE KARITIN
VEND_8FF04440,MANSOOR P A
VEND_240368F8,ASSISTANT ENGINEER SONPUR BLOCK
VEND_95ACB9B2,MOJDEEN SO SARIF DEEN
VEND_65F3AA4C,HANAMANT RAYAPPA MADAR
VEND_BD487CDF,GRAM PANCHAYAT KANAVADLA
VEND_48290372,RAJENDRA SINGHARIYA
VEND_DC3FF5F0,PUNAM MEGHWAL
VEND_B1DC97AF,RAJU MEGHWAL
VEND_EF988B32,DHARMENDRA SINGH
VEND_BE13446E,HARENDRA MEHARIYA
VEND_A585A529,SURESH MEHRA
VEND_31EDA670,GANPAT RAM
VEND_54D3B14F,TILOKRAM
VEND_2887C8F8,RAJU RAM
VEND_77CB101A,MUKESH KUMAR GURJAR
VEND_3D57DD1F,PATASI DEVI
VEND_73803249,PRAKASH
VEND_1C3907D3,LOKENDRA
VEND_9BFF3B11,SHANTI LAL
VEND_DE53B5DF,CHANDAN KUMAR
VEND_28F29DBA,SHANKAR KUMAR
VEND_174B871B,YOGENDRA KAMAT
VEND_7F0F23FA,MANJULA KUMARI
VEND_16CC38CE,BHUPENDRA KUMAR
VEND_100A2EF4,RAJURAM
VEND_01784781,PRAMOD SINGH
VEND_883AAC21,SOBAT SINGH
VEND_C7356364,ASHA CONSTRUCTION
VEND_CAF7CEA0,JAIPAL SINGH RANAWAT
VEND_9D20FE43,SAURABH AGRAWAL
VEND_76FE66B8,MS LAXMI CONSTRUCTION
VEND_7CA7809E,SARPANCH DANGIYA GRAM PANCHAYAT
VEND_8DFB0E6D,YASH ENTERPRISES PROP KIKAS TANDALE
VEND_A7F5D0DB,SHIVAM CONSTRUCTION
VEND_CA950E36,DAKSH CONSTRUCTION COMPANY
VEND_6C3AB553,GP BAGHERA
VEND_D9FF897C,GOVARDHANACHAR G
VEND_EFF84FD3,RAJANNA B S
VEND_158A3D4D,THE BRITISH BULLS COOP L AND C SOCIETY
VEND_F813F178,SB INTERMEDIATE COLLAGE SANDI
VEND_58469BF1,BRIJNANDAN TIWARY
VEND_3112DFB7,ASHOK SINGH
VEND_69DFEADE,BHARAT SINGH
VEND_502DD001,DEEPIKA MEWARA
VEND_E71489CF,GORDHAN SINGH
VEND_3F331BDB,HARSHIT MEWARA
VEND_83406056,KAMALA DEVI
VEND_11789B14,KHUMAN SINGH
VEND_6E27174C,KHUSHBU
VEND_FDA6EF9F,LILA
VEND_06D778AA,LEELA
VEND_ADEF034E,MADHU KANWAR
VEND_54639DAC,MAMTA RAJPUROHIT
VEND_CF75D114,NEHA MEWARA
VEND_D7F4281F,NEMARAM
VEND_5922BBEA,NIRMALA RATHORE
VEND_D190905A,RANJAN KANWAR
VEND_DCB50A40,RENU KANWAR
VEND_BAF7DB91,SAKTI SINGH
VEND_C81547A5,SUKHA RAM
VEND_B91C5719,SURENDRA SINGH
VEND_62026D1C,PACHAIYAPPAN A
VEND_81CA3008,A S H TRADERS
VEND_1E37AABC,SDSCO PALAMPUR
VEND_1E4F8D86,ABDU SALEEM K P
VEND_BDE24F82,KAMINENI SREEDHAR
VEND_C3AE4891,RAPUR CHANDRA SEKHAR
VEND_019E108B,BAL KRISHAN
VEND_55202322,GRAM PANCHAYAT THARI
VEND_AE8468D8,GPS KAMAL WALA
VEND_B93F5609,GPS CHAKKIAN
VEND_844A00C7,CHOTELAL
VEND_46FF90E8,ARCHANA
VEND_6730D4E8,BHARATLAL
VEND_F5A5DB5F,MAMTA DEVI
VEND_9C9F1C65,DINESH
VEND_32AF2D60,HARIOM
VEND_5A57056D,KADYARAM
VEND_ABAC72A7,PAPPU BAIRVA
VEND_F1A4573D,HARSI BAIRVA
VEND_A00EFF94,RAVIKANT
VEND_86CCB60A,RAMESH CHAND
VEND_7AE7C562,UGANTI
VEND_4C9DF3E3,KISHORE KUMAR CHOUDHURY
VEND_86DCA62B,CHEJARLA SURESH REDDY
VEND_F167724A,ANIL RAI PRATHMIK VIDHYALAY
VEND_A0D2CB90,ANIL RAI INTER COLLEGE
VEND_70351C7C,SHANKAR HARDWARE AND CEMENT STORE
VEND_806C7CF9,DEVELOPMENT BLOCK KAMROU AT TILORDHAR
VEND_F885C1F6,PRATAP SINGH CONTRACTER
VEND_1761FAF8,GAGANDEEP SINGH AND ASSOCIATES
VEND_BA086022,THE MODEY COOP L AND C SOCIETY
VEND_C170F659,BALAJI INFRATECH
VEND_4F12EAFE,GHESADA GRUP GRAM PANCHAYAT
VEND_1B846210,ABHIJEET BAJIRAO JADHAV
VEND_7AA1FF9D,GP TATTAPANI
VEND_28BE704D,SACHIV GRAM PANCHAYAT MOHARI
VEND_6626AA70,INDRADEO NANDU BARDE
VEND_6D64552C,MALTA INDRADEV BARDE
VEND_C4023CB5,POONAM BARDE
VEND_ED081732,BRAMHADEV KACHARU BARDE
VEND_3F9958D3,SUKHDEV KACHARU BARDE
VEND_A611639D,BHAYATI JAMBUDIYA GRAM PANCHAYAT
VEND_9E7A6A26,SUNITA SUKHDEO BARDE
VEND_0FC82B27,KADUDULA MAHENDER
VEND_A1E3AA54,JATOTHU VENKANNA
VEND_BD5A50CE,KVS PUJIAL
VEND_ED742DC8,SHREE CHAMUNDA CONSTRUCTION
VEND_E262FA00,VARRE LAXMI
VEND_5FB6A503,GPS MAHALAM
VEND_56D8F339,ARUN SINGH
VEND_DC14F04A,KUMAR SHAMBHU SINGH
VEND_7EDD83BF,SHIVSHANKAR RAM
VEND_7E8E1E94,ATUL GUBLELE
VEND_0CFD2A8F,GP GASOTA
VEND_191EF328,SHYAMA GAON BAZAR TO SHYAMA GAON FIELD
VEND_1B1D1DCF,GRAM PANCHAYAT KUMHA
VEND_DDD1BA33,AK VENTURES
VEND_3B25FC5E,CHAMUNDA CONSTRUCTION
VEND_BCBA09A3,NIRAJ KUMAR
VEND_957A13C3,KARTHIKEYAN P
VEND_D409C347,P S N AUTOMOTIVE MARKETING PVT LTD
VEND_DA442570,YANGA Y KONYAK
VEND_773640AF,TINGE N KONYAK
VEND_6C4E3641,N KHONGWANG KONYAK
VEND_D8AC4B06,T METHNA KONYAK
VEND_401DEC44,N HEIHNEI KONYAK
VEND_DCFB679C,WANGKHUM KONYAK
VEND_6D3E7160,ADOKGIRI ROAD VIA AMBUK BISHAHARI MANDIR TO KAIMARI CLUB
VEND_B1269D9F,NYELEI KONYAK
VEND_9428DE81,LITWANG KONYAK
VEND_13C028F3,KVS KIRWIN
VEND_434D27B0,THE MAJHOT COOP LANDC SOCIETY LTD
VEND_FF6BD1E3,RADHAKANTA KACHARI HOUSE TO SOTORA DAS HOUSE
VEND_8D4533BA,KUMUD DAS HOUSE TO ADARSHAPARA ROAD
VEND_61353100,AJAYKUMAR SHIVAJI GUNTHE
VEND_D9BDB942,MEDI BIOTEK INDIA PVT LTD
VEND_4201006E,GRAM PANCHAYAT KOT RA
VEND_342D440C,USR CONSTRUCTIONS
VEND_102E83E6,SUVIR ENTREPRISES
VEND_4CB0DB89,DHANJAY GAJANANDBHAI SHAH
VEND_90A8724B,SABITA MANDAL
VEND_14EE12FB,MADASAMY S
VEND_82196F7A,CHITTIBOINA PADMAVATHI
VEND_00EEAC0D,AMARARAM
VEND_B63E2E59,HARIOM CONSTRUCTION COMPANY
VEND_82A17F0F,SHRI DWARIKA COMPUTERS
VEND_9E577D7D,VENKTESH PAMMAR
VEND_6ED501A1,SGS PLUS ASSOCIATES
VEND_1AF23999,M KUMAR
VEND_9F37EA9B,MAA ENTERPRISE
VEND_3FB625F9,MS HARIOM CONSTRUCTION COMPANY
VEND_C4C49D94,MITANSH TRADERS
VEND_5D58A886,MANNURU VENKATA AVINASH KUMAR
VEND_20E6CE03,SHREE GANESH TRADING
VEND_0D4BD409,ROHELLA WELDING WORKS MAZARI
VEND_413AB037,MASAIENLA
VEND_4BAC8E9F,NARAYAN MARBLES
VEND_FCAA9ACF,DAVULURI SATYANARAYANA
VEND_68AA51AF,BAL KALYANA SAMITI
VEND_F46760E7,GRAM PANCHAYAT MAHUDIYA
VEND_79117235,AMN ENTERPRISES
VEND_168A9F47,JYOTHIRMAI INFRASTRUCTURES
VEND_D3B714CA,SHUSHILA MARNDI
VEND_89F651CF,SRIHARI SANTRA
VEND_B917A6AB,DESHRAJ
VEND_00DCF16D,SANDEEP
VEND_A6E09C43,VIKASH SINGH
VEND_5AC834B6,SUBHAM LAL
VEND_2DFADF1C,SONAM
VEND_09050C77,RAMESH SINGH
VEND_DB26E615,HARISH JOSHI
VEND_DB99629B,GOKULI
VEND_DF1965D9,RAJENDRA SINGH
VEND_BF17A7AB,HARISH SINGH
VEND_DAC2B3EA,PUSHPENDRA SINGH
VEND_FF2F87E3,VARSHA
VEND_E10BAA42,ANUSHUYA DEVI
VEND_7B238AC2,MULAYAM SINGH
VEND_17FBABD1,BUDDI SINGH
VEND_A924E850,KULDEEP SHUKLA
VEND_C9D5FED2,R S ENTERPRISES
VEND_CC19DD92,JASHVANT LAL
VEND_62D8AF84,BASANTA KUMARI
VEND_90C773D7,MAHAVEER SINGH
VEND_7CDB2D1D,ROSHAN LAL
VEND_AB1A4B04,B VIJAYAN
VEND_8BE712F8,AJAY KUMAR AGARWAL
VEND_4B8E387C,DINESH SINGH
VEND_035CF099,MAKHAN SINGH
VEND_A2659A84,ASHA KANWAR
VEND_1246EDA6,HEMLATA
VEND_026D5545,LAAKHAN
VEND_74812DC6,YASHODA
VEND_73359B8D,OMPRAKASH
VEND_14125D73,BANVARI LAL MEENA
VEND_6950168A,DASHRATH SINGH
VEND_08329BC2,RBM INFRA PROJECTS
VEND_B4255132,BADAL MAHENDRAKUMAR JAIN
VEND_B176A857,PREM KUMAR H J
VEND_68E8ECBE,CHHAPRA GROUP GRAM PANCHAYAT
VEND_12A28CE7,MURUGAN K
VEND_C38F7837,GRAM PANCHAYAT MODKIYA
VEND_0BD782FE,AKULA RAMESH
VEND_C33D111E,KERALA GRAM PANCHAYAT
VEND_CBF8B7BA,GAURI SHANKAR SARASWATI VIDYA MANDIR
VEND_1D4269D8,MURALIKUMAR K
VEND_EE864A60,JMI ENTERPRISE
VEND_4FCF31A9,MD CONSTRUCTION
VEND_60A230AA,GOKUL S
VEND_7EF9B463,POONAM SINGH
VEND_25A3ED9E,CC CONSTRUCTION OF UN BRAHMA ROAD AT BATHOUPURI NWGWR
VEND_263A9542,FATEPUR GRAM PANCHAYAT
VEND_E44F97F1,RIDHI SIDHI CONSTRUCTION
VEND_4F002283,ADARSH BAL SHIKSHAN SAMITI
VEND_441DC46B,JANAPAREDDY SATHYA SREERAMBABU
VEND_D273F360,KVS GHARTHOON
VEND_D254A5B6,BALAJI CONTRACTORS
VEND_E10B0F2B,SWA SHREE SHER SINGH RAJPUT SHIKCHA AVAM SAMAJIK SAMITI
VEND_45914B62,K G P S ENTERPRISES SHAMBHU SINGH
VEND_036C778C,GULZAR HUSSAIN
VEND_788780C5,AASHIRWAD BUILDERS AND CONTRACTER
VEND_4C53A42D,MS GANGA TRADERS
VEND_6E3F75FE,GP KHUHAN
VEND_71AAD2C3,RAJVANSH ENTERPRISES
VEND_420DFB0D,JAGDISH CHAND
VEND_59C91B3F,G P NAGNI
VEND_739CDDDE,JAI HIND EDUCATION WELFARE SOCIETY
VEND_D13FE0A4,PAPPU
VEND_BE5BFB18,SARPANCH GRAM PANCHAYAT CHULGAHAN
VEND_1D8217EE,SARPANCH GRAM PANCHAYAT MOTIPUR
VEND_6D2275B2,JAS JOHNPETER
VEND_4583B3C5,MODERN SURGICALCOMPAY
VEND_FE6CFF92,MINU KUMAR
VEND_47F26D0D,CHIRAG KUMAR SHUKLA
VEND_F31ACD72,KUNJ ENTERPRISES
VEND_33879BC4,CONSTRUCTION OF ZUBEEN GARG KHETRA
VEND_A066B0C2,PARAMESWARI V
VEND_BFFD9157,NIPRO MEDICAL INDIA PRIVATE LIMITED
VEND_F9F08FA2,MAMATA SAHOO
VEND_9CD410C0,AVTAR SINGH
VEND_07A82665,RAKET BRAHMA
VEND_375789FF,EOMC NAHAN
VEND_51E107BB,EXECUTIVE ENG MPEB MANDSAUR
VEND_7ED52690,GP GUDHA
VEND_942F8527,K BAIJU KUMAR
VEND_3CB02F2C,JAGJIT ELECTRIC WORKS BANGA
VEND_32032257,BLOCK DEVELOPMENT OFFICER NAHAN
VEND_B8001A9F,THE VIJAY MAJOOR KAMGAR SAHAKARI SOCIETY
VEND_688CA401,GP THATHIAN MAHANTAN
VEND_4C9706BD,THONDA SUJAN
VEND_D69B3E8A,THE MAHAKAL COOP L AND C SOCIETY LTD
VEND_A3B75EE7,THE VIRENDRA CO OP LAND C SOCIETY
VEND_1576F1F1,U R TRADING COMPANY
VEND_EA12204E,PANWAR CONSTRUCTION COMPANY
VEND_8CC6F8A5,M R CONSTRUCTION COMPANY
VEND_AD135916,SATNAM SINGH JCB CONTRACTOR
VEND_99878EA0,JAIPAL
VEND_BE5FD0D4,GRAM PANCHAYAT KARYALAY MARKHEL
VEND_927BB89A,MS BHAGWATI CONSTRUCTION COMPANY
VEND_D432AAA7,GRAM PANCHAYAT HARIPUR
VEND_322E75DE,THE LOHGARH CO OP SOCIETY LTD
VEND_23FD0612,THE TANYA CO OPERATIVE CONSTRUCTION SOCIETY LIMITED
VEND_B0DDA44C,MANINDER SINGH MISTERY MIRPUR
VEND_8C0FD83A,SANJEET KUMAR
VEND_D22B2F1E,RAJESH SINGH
VEND_F0622217,DASARI VENKATA SRINIVASA RAO
VEND_11DD050D,AMAR FAROOQ SIDDIQUE
VEND_44ABA9B1,THAR CONSTRUCTION COMPANY
VEND_A8639A03,GRAM PANCHAYAT BHUNDANA
VEND_4C7758CC,M S DHANALAKSHMI CONSTRUCTIONS
VEND_3952E295,BAHULAYAN S
VEND_82CC338B,AZAD INTER COLLEGE
VEND_08CD5DD4,ADITYA CONSTRUCTION
VEND_4E600487,DHIRENDRA SINGH CHAUDHARY
VEND_1952B6B3,GP GHATIYAJASS
VEND_8EBA9C30,GP KHARDIYAMANPOOR
VEND_EA6B8A0A,GP PIPLYANATH
VEND_F1D636A0,DANESHWAR NATH CONSTRUCTION
VEND_3C5D54E0,AHOBILA NARASIMHA CONSTRUCTIONS
VEND_8C919015,KATARU AMARAIAH
VEND_E04E8D9B,DUNGAR SINGH CONSTRUCTION COMPANY
VEND_D7F5F261,THE BABA JOT RAM JI CO OP LC SOCIETY LTD
VEND_6E12EE3E,MAHENDER AND COMPANY
VEND_7081AA01,D S CONSTRUCTION CO
VEND_BA7E88F2,LANKA SADIAH
VEND_E60D025D,REJIKUMARAN THAMPY G
VEND_D6460305,SETIA BUILDER CONTRACTOR
VEND_5396EFA7,GURU JAMBHESHWAR CONSTRUCTION COMPANY
VEND_43A2B183,GRAM PANCHAYAT KHALBANDA
VEND_BEC13B81,SACHCHIAYA GAU SEVA SAMITI
VEND_7A374C67,BHUPINDER SINGH
VEND_9FAAB98F,RANJIT KUMAR SO CHAMAN LAL
VEND_B5DC07EC,JB TRADING CO
VEND_B51DD17C,MODASA NAGAR PALIKA
VEND_56160BDB,NAMAN BUILDING MATERIAL ISHRODA
VEND_757CE1E5,CHOUDHRY CONSTRUCTION COMPANY
VEND_985E6990,OM CONSTRUCTION DHOBAHI ROBERTSGANJ
VEND_C5376114,M S ABD TRADERS
VEND_8530D8C8,GRAM PANCHAYAT PALWA
VEND_71773335,RAHUAL CONSTUCTION COMPANY
VEND_A430964B,READY EVER ENERGY SOLUTIONS
VEND_D58F494C,SANTOSH CHAUHAN
VEND_A76050C5,NANABHANDARIYA GRAMPANCHAYAT
VEND_87068DEA,KRISHNA KANTA PEGU
VEND_A4B4CBA2,SANGAR STEEL SHUTTERING DASUYA
VEND_5DD899E2,KAPIL SAINI
VEND_46799C09,SUSHEELA DEVI BHOORI SINGH SARSWATI SHISHU
VEND_585DBD5C,NARESH KUMAR MISTARI ADAMPUR MOTTIAN
VEND_A3AF3788,PULIUDAIYAN M
VEND_CF609913,MAA LUXMI TILE HOUSE
VEND_5AF1F39C,DRON ELECTRICALS
VEND_7DF2682B,SAJEEV K
VEND_90AE7E2D,BARU DUTT NAUTIYAL
VEND_79853692,JAY HANUMAN TRADERS
VEND_17D3ED38,AKTA ASSOCIATES
VEND_9F64B52D,VISHAL MAJUR SAHAKARI SASTHA M BORKHED
VEND_2871D477,Y P CHILLIO
VEND_764B2C22,KHRIELIE USOU
VEND_44A24F33,MOOKAMBIKA CONSTRUCTION
VEND_6407E576,KODAGU NIRMITHI KENDRA
VEND_64464B8C,DUTTA SUPPLIERS
VEND_8F00764C,THE JAINISH COOPERATIVE LABOUR AND CONSTRUCTION SOCIETY LIMITED
VEND_F478B43F,CHARANJEET
VEND_4C6FB95D,DEMPLA MUCHAHARY
VEND_EC096A60,THE JAI SHREE BALAJI COOP L AND C
VEND_3620679B,EDD DUMARIYAGANJ
VEND_0F614947,RAMU S
VEND_2EFA127B,PANCHANAN MAHARANA
VEND_92AA08D0,BRICKLINE INFRASTRUCTURE
VEND_B9A67C07,RAIKA CONSTRUCTION COMPANY
VEND_D5DD9C8E,VIRAT HOSPI
VEND_D3F85406,JORAPURA GRAM PANCHAYAT
VEND_A0C42D82,EVERGREEN TRADERS
VEND_E6515987,SAKHARIYA SADIQUE MADHURAKKARIYAN
VEND_69EC65AA,GP MALIKHEDHI
VEND_098DD04D,GRAM PANCHAYAT BESROLI
VEND_B44CBD7F,ROHIT RAJENDRA ADHAV
VEND_34888C98,CEO JILA PANACHAYAT NEEMUCH
VEND_FD4F3304,ARUNRAJA SEKAR
VEND_936D7A5F,JAI SRI RAM CONSTRUCTION COMPANY
VEND_073D7630,NGUPHON KONYAK
VEND_C633BC8E,LAMSONG
VEND_DD3D0AB2,ANAND ENTERPRISE
VEND_1A3BDFBE,GRAM PANCHAYAT NAGAM
VEND_84B6D53D,GRAM PANCHAYAT KHOJKIPUR
VEND_D7820E2F,MAHESH MEENA
VEND_A0E9507B,RADHA BAI MEENA
VEND_41F6A4A5,LAXMI BAI
VEND_5A924DE6,SEEMA KUMARI MEENA
VEND_DEA4D11D,PARKSH CHAND MEENA
VEND_C1508EA1,PARASMAL
VEND_7EB77059,AASIF
VEND_61989383,ALTAF HUSAIN
VEND_3833BBBE,MS ASHA RANI BIKO
VEND_CB2C76B1,RAGHU NATH GOYAL
VEND_C1C49EF5,GURU RAMDAS TRADERS DASUYA
VEND_AA12FF8F,SK SOLAR POWER SYSTEM PVT LTD
VEND_818655D8,BANSAL ELECTRIC STORE
VEND_6F1D7CF1,SHRI BABA RAMAPEER CONSTRUCTION AND SUPPLIER
VEND_BD066C66,GP SER BALOUNI
VEND_F40D3DEC,KALITA TIMBER ENTERPRISE
VEND_77E46870,GP KHEDHACHITAWLIYA
VEND_E1BFF0A2,ABDUSALAM E K
VEND_A2FFACF7,ASSISTANT ENGINEER DEV SUB DIVISION BIJHARI
VEND_03B849CB,PARVEEN KUMAR PAJIALA
VEND_984DBF94,SURYA CONSTRUCTION
VEND_4498B425,J K CONSTRUCTION
VEND_4B584159,CITY ENTERPRISES
VEND_69C8D544,GRAM PANCHAYAT SAJORA
VEND_B1CE24BB,KRISHAN LAL SO MEHNGA RAM MISTER JAND
VEND_971C0B3C,KAUSHAL ELECTRICALS PASSI KANDI
VEND_44C411E8,GRAM PANCHAYAT BEHAL
VEND_C7689340,SP ENTERPRISES
VEND_7A2FB880,THE RAHAN COOPERATIVE LABOUR AND CONSTRUCTION SOCIETY LIMITED
VEND_8DD279CC,GIRRAJ SINGHAL
VEND_E51F7EAE,M S PALLAB SARMAH
VEND_F9C53AF6,SHAKTI INDUSTRIES
VEND_A9759E2A,CHANDRA BHUSHAN KUMAR
VEND_08840952,MOHAMMAD SALEEM
VEND_5A598120,BINAPANI BEHERA JE BIRIDI BLOCK
VEND_8E0B8199,SANTOSH KUMAR
VEND_D4893DEF,MS CHAND ASSOCIATES
VEND_ED12AE5F,JABBAR SINGH ENTERPRISES
VEND_7FD2007E,JIJO PAUL J
VEND_53F1337F,MAHADEV ENTERPRISES
VEND_2269EC0A,MUKHERJEE CONSTRUCTION
VEND_F0662897,GAIKWAD OMKAR RAMNATH
VEND_3A11CC1E,HPSCSC KANDRORI
VEND_E97BD075,EXE ENGIR PWD BUILDINGS CM DIV
VEND_F5A67A03,LUVARVAV GRAM PANCHAYAT
VEND_AAD2D7C9,MS AGGARWAL AND CO
VEND_FBC0DFA5,KRISHNA INTERPRISES
VEND_3EE3FBBD,FAUJDAR TRACTORS
VEND_BFC3E12C,JAGATSINH NAVALSINH BARAD
VEND_CDF7D080,CHINAMAYA KUMAR MOHARANA
VEND_653F1966,HINDUSTAN ENTERPRISES
VEND_F0ABDB49,HORIZON CONSTRUCTION CO
VEND_F6987BD1,ASK FOR IT SOLUTION
VEND_7AEC35A0,JIYANSH ENTERPRISES
VEND_2C9D7282,QUBEC BIOSOLUTIONS PRIVATE LIMITED
VEND_5101B8D4,TRICARE SERVICE SOLUTION
VEND_779E95B2,GIRRAJ AGRICULTURE
VEND_240B3E88,BACHALA SURESH KUMAR REDDY
VEND_2E1284B7,GADAKHURD
VEND_80C9DC30,JAI LAXMI MAJOOR KAMGAR SAHKARI SANSTHA LTD
VEND_598B1E07,LOK KALYAN SAMITI
VEND_930CC183,MICROGENE DIAGNOSTIC SYSTEMS PVT LTD
VEND_2AA29EF9,DR BHIMRAO AMBEDKAR PRATHAMIK VIDYALAY HOLIYA
VEND_71EC0368,BABU BRIJ BIHARI SINGHMAHAVIDYALAY
VEND_E2B3841E,N S R CONSTRUCTIONS
VEND_B56F5B0F,DISTRICT EDUCATIONAL OFFICER
VEND_A3FC3385,SRI DURGA AUTOMOTIVES
VEND_05646D2F,SUBDESH ENTERPRISES
VEND_92314F54,MS HINGOL SINGH SODHA
VEND_336B3631,PUTHUNAGARAM MUSLIM HIGHER SECONDARY SCHOOL HM
VEND_904B34A5,BRIGHTWAY CONTRACTOR AND DEVELOPERS
VEND_DD434293,KHULLAR TRADERS
VEND_A3A8EFF4,KUMAR MULTIPLE SERVICES PROVIDER
VEND_1E7037A9,EXPERT TRADING CO
VEND_7EFCB79D,LAND CIV ENGINEERING AND CONSULTANT
VEND_48C999A4,MS NANDAN ENTERPRISES
VEND_66139ECE,NOUSHADALI P
VEND_F4B2D730,BASANTA KUMAR PANDA
VEND_C4D4F4AD,GOODWILL ENTERPRISES
VEND_6F5AE0F3,KETAN INDUSTRIES
VEND_E36D2058,KULTAR WELDING WORKS
VEND_3A6D17C7,DHARWAD DISTRICT NIRMITHI KENDRA
VEND_75DB3EC9,MS PB CONSTRUCTION AND SUPPLY
VEND_CF89817A,RAJEEV KUMAR CONTRACTOR
VEND_64B1C258,RS CONTRACTORS
VEND_B2AF3614,GRAM PANCHAYAT KANCHANPUR
VEND_66595B3E,GRAM PANCHYAT NIBROL
VEND_EAC8B5C2,GRAM PANCHAYT KHERIA CHANDAN
VEND_725917CA,GRAM PANCHAYAT ASOHANA
VEND_187F4742,A AND N ASSOCIATES
VEND_B0F81B6C,VIJAY LAXMI RIGS
VEND_B2CB802D,ZALMOR GRAM PANCHAYAT
VEND_F172F73D,JASWANT SINGH MISTRI BANGALIPUR
VEND_DE64D408,AK ENTERPRISES
VEND_E8F8949E,JAYBALAAJI
VEND_8E2EB8AD,MANOHAR SINGH
VEND_F7C88DA8,SUSHILA CONSTRUCTION
VEND_F41859B9,SHRI GIRRAJ ENTERPRISES
VEND_2DAE8444,MPLAD KRN RAJESHKUMAR
VEND_951EECE2,JINUGU ANIM REDDY
VEND_DF6F7BFA,GRAM PANCHAYAT KARYALAY SHIVANI TQ DEGLOOR
VEND_F52D741B,RAJ CONSTRUCTION AND BUILDING MATERIAL SUPPLIER
VEND_2828372C,MANOJ KUMAR
VEND_382FAECB,TULSHI RAM
VEND_183FCC96,DILIP KUMAR
VEND_02DC837B,NENA RAM
VEND_9B487EDA,KAILASH KUMAR
VEND_9948F86E,PYARELAL
VEND_B92FC9E7,SANJANA DEVI
VEND_0C28828D,SARPANCH GRAM PANCHAYAT NIPANI
VEND_8397E66B,SARPANCH GRAM PANCHAYAT CHUNKATTA
VEND_7E22A11F,SARPANCH GRAM PANCHAYAT RAKHI
VEND_1F660A54,SARPANCH GRAM PANCHYATA KARSA
VEND_1DF294F2,SARPANCH GRAM PANCHAYAT KHARRA
VEND_86F9AB66,MANJU
VEND_2E5A5649,PANKAJ SINGH
VEND_A4055605,KUP SINGH
VEND_91A264A9,THE HARI SAHARA COOP LABOUR AND CONSRUCTION SOC LIMITED HARIPURA
VEND_42EA1B02,BIJU DUTTA
VEND_E4EFFCE4,BIKRAM SING DOLEY
VEND_3870BDBA,GPS DHEERA GHARA
VEND_596FF0AA,GPS ARJI SABHRA
VEND_7BD23FF7,GPS ALLE WALA
VEND_00257B43,GPS TENDI WALA
VEND_61ECEDBF,GPS NIHALE WALA
VEND_AF15F7CA,GPS BHAKHRA
VEND_7F084D24,GPS KALU WALA
VEND_BD1D6CB8,GP NOURI
VEND_FE8915B2,AADARSH TRADERS
VEND_E209F53D,INSAR
VEND_813E24DD,DEEPAK CHAUDHARY
VEND_F81C2414,RAJENDRA
VEND_2751A52E,TARUN JINDAL
VEND_87FF585C,DELVEER
VEND_EF7F1B5F,RAJESH KUMAR
VEND_59C1EFDC,HARISH KUMAR K G
VEND_D9A7D8DA,JS AND COMPANY
VEND_701F28F7,DEBIA MATTAK
VEND_D980B48E,SMARTEDGE EDUCATION INDIA PVT LTD
VEND_D2347CDE,SRI BALAJI BOREWELLS
VEND_C6DCD461,SHAIK SHOYAB AHAMED
VEND_16A60F00,MAHARASHTRA CONSTRUCTION COMPANY
VEND_F6DDE0A5,SUKHVINDER CEMENT STORE
VEND_A0703243,MS JAGTAMBA ENTERPRISES
VEND_36580F5E,BHARAT BHUSHAN
VEND_73E8E4C4,RAVINDR KUMAR
VEND_BC6A62A1,IQUBAL T K
VEND_9A16057B,SHAHEED BHAGAT SINGH VIKAS ED SOCIETY
VEND_3DCEFFE2,MS WAZIR INDUSTRIES
VEND_1F205ECD,HARSHITA ENTERPRISES
VEND_6F0E046B,GRAM PANCHAYAT SHAMLAGHAT
VEND_A2206612,KHIVRAJ MOTORS
VEND_BD050A88,SANVI CONSTRUCTION PROP SARITA KUMARI
VEND_E300FC78,DINEESH M
VEND_BAF44B37,SHREE SHYAM CONSTRUCTION COMPANY
VEND_DCCC00C6,TEJAS CONSTRUCTIONS
VEND_F40CF540,DHIMAN TRADERS
VEND_4DD49F4F,SURAJ
VEND_068E5CFB,RAMLAL
VEND_2368BA2B,GOTI BAI
VEND_5BB68C1B,TEJURAM MEENA
VEND_6B32C6B0,NATHU SINGH MEENA
VEND_8AFC5855,ASHIRWAD MAJUR S S M BHURIKAVTE
VEND_A873C21A,LAXMINARAYAN MEENA
VEND_03457269,YASHASVI ENTERPRISE
VEND_5B7701AB,GOTTE SURYA THEJA
VEND_B5FEDFE3,RAMSAN GRAM PANCHAYAT
VEND_E0002D8A,DALKI
VEND_A91375C7,HEMA RAM
VEND_4CF1A589,JAGDISH NATH
VEND_D738EEF7,SANTOK NATH
VEND_11B167B2,HIRALAL
VEND_64B28A58,PEMA RAM
VEND_693ADFA2,SOHAN NATH
VEND_5F77D3E2,REAL SCINCE
VEND_832D4D27,VIVAN SCIENTIFIC SALES AND PATHOLOGY
VEND_8BFBCDD7,HM DVHSS PERAMANGALAM
VEND_67FA65BD,HARI KRISHNA CONTRACTOR
VEND_92790381,MURUGAN ELECTRICALS
VEND_157E9148,GAIN INFOSYSTEMS PRIVATE LIMITED
VEND_FB459313,SAURABH KHANDELWAL
VEND_ACB54129,JBM TRADING COMPANY
VEND_CC206282,THE JAI DADA BHOMIYA CO OP L AND C SO LTS
VEND_C7ED625E,PAVIKA CONSTRUCTION AND SUPPLIERS
VEND_E94B8626,MANOJ SHUKLA
VEND_F8DD0A0C,EXECUTIVE ENGINEER HPPWD ROHRU
VEND_66F91F94,RMD ASSOCIATES
VEND_7CA93BAC,ADHISAHSI ABIYANTA AWASTHAPNA KHAND UTTARKASHI
VEND_895C50B9,PATEL TRADERS
VEND_28B5C5B1,THAKUR BABA TRADERS
VEND_F2C0D5CA,GP DHANED
VEND_D53BCA36,AVNEESH KUMAR
VEND_268B3E1F,BDO RAIT
VEND_F4468271,GANDIKOTA NARSIMHA
VEND_985EB53C,KAITHI CONSTRUCTION
VEND_4F48AB33,MAMATA
VEND_8E0AFCA5,SANT RAMANDEEP STEEL SHUTERING STORE
VEND_F780394C,TENYEBINLO HIMB
VEND_53508689,JAYAN MOHAN
VEND_3CC040CF,SARPANCH GRAMPANCHAYAT KANDALGAON
VEND_53748564,G SUBRAMANIYAN
VEND_97348C56,ARYA KRISHI FARM
VEND_6BDB46CC,PONGURU MASTHAN REDDY
VEND_78B68913,MENOVIKHO VIYIE
VEND_E0889D95,L SHOJILA YIMCHUNGER
VEND_69C080DE,PRABHAT KUMAR CHOUDHURY
VEND_9D3DC3AD,KHIMA RAM
VEND_74654433,ALPU
VEND_902EA865,PAPPU RAM
VEND_84966EA6,DHANI KUMARI
VEND_CA58743C,RAKESH CHOUHAN
VEND_68267513,KANYA KANWAR
VEND_9AA14E7E,PARAS RAM
VEND_856DA65E,RAMESH KUMAR
VEND_82029EE0,SANGITA
VEND_2C165566,TEJ SINGH
VEND_26108CFB,KARAN SINGH RATHORE
VEND_6EA0C1BD,MOHAMMAD ISRAYAL
VEND_82FDD109,RANVEER SINGH
VEND_3B00492B,PABITRA KUMAR HARICHANDAN
VEND_F70E064D,MM GANGA ENGINEERINGS
VEND_D2B31658,VIMCO SOLAR
VEND_D943235E,PFUTSUDULO MECHE
VEND_45F3DA5B,SUMEET EARTHMOVERS
VEND_F7C8AB04,THE LAKSHAY CO OP L AND C SOCIETY LTD
VEND_090BD242,MUNICIPAL COMMITTEE ASSANDH
VEND_3A8A629A,VIGYAN UPKARAN KENDRA
VEND_55FF3552,MS SATYAM ENTERPRISES
VEND_DEF57995,LAXMAN RAM
VEND_FCA5ABD5,KAMLESH
VEND_4542E4C2,AARTI
VEND_E9F852B0,GANPAT
VEND_BB2D1A99,ASHOK
VEND_A2D5DC83,ASHA
VEND_E863053B,BHANWAR
VEND_56334E89,DHAKA CONSTRUCTION COMPANY
VEND_CA03787C,SARIPDA GRAM PANCHAYAT
VEND_8B481D8B,BHAVISANA GRAM PANCHAYAT
VEND_E17CE913,MADAN LAL MISTARI
VEND_04001DEF,DEPUTY DIRECTORE OF AGRICULTURE PALAMPUR
VEND_1DC7068B,AASHUTOSH BUILDER
VEND_C8FC1420,SHIV CONSTRUCTION
VEND_645B40C2,BADAL MIAH
VEND_145B5F94,UDAYMANI ASSOCIATES
VEND_A09CC4CC,JAFAR
VEND_2C2AEC42,KMT CONSTRUCTION COMPANY
VEND_58527FA3,ANITA RANI GIRI
VEND_1838A62D,JHUNJHAAR DAATA ENTERPRISES
VEND_799DB40E,SUBHALAXMI PRADHAN
VEND_6D6353BC,SURYA BLOCKS
VEND_DBD2AD36,ASSISTANT ENGINEER MARTAM BAC
VEND_D8D1471C,MAHARAJ SHRI JEEVANDUTT VIDYA MANDIR HSS
VEND_75A75AF8,MITALIN DHAL
VEND_F0C1DB05,DASHMESH AGRICULTURE WORKS
VEND_64CE5F5E,PETER N KONYAK
VEND_AF0830C8,MR KASHITO KIBA
VEND_3DEF3B22,I WATI JAMIR
VEND_41A6A8DC,RUSTEJ AUTOMOBILES
VEND_F4FCF155,EHIKA GROUPS
VEND_8393481A,A RHENAM KONYAK
VEND_DDE91234,MINISLU BRAHMA
VEND_EE9ACFB5,GRAM PANCHAYAT GENEWOG
VEND_BDA0735D,GOPAL DAS
VEND_1B30810A,SATTAR KHAN
VEND_3DA19053,MP LAD BDO KUSUMI
VEND_648C1544,SANJAY KUMAR PATHAK
VEND_8B2A1F8F,RAJNISH KUMAR CONTRACTOR
VEND_496DEDE8,PHOOL SINGH
VEND_BF500875,PANKAJ KUMAR GOYAL
VEND_E04754CF,AJEESH P V
VEND_F530312B,VYTAL SRINIVASA CHOWDARY
VEND_4C5C49D5,SIDDAGANGA ENTERPRISES
VEND_35424A4A,VISLAVATH BALU NAIK
VEND_6D539A73,KRISHNA KUMAR K R
VEND_945FEE61,RAMACHANDRAN I
VEND_75FBBCF2,PRESIDENT VILLAGE LEVEL COMMITTEE NANDALUR GP
VEND_85913E81,RAJ MACHINERY STORE
VEND_7E29D4DA,LAXMI DEVI
VEND_C1AD1003,HARPALSHINH AMARSHINH SARVAIYA
VEND_CF68DD23,PUNJAB TUBBEWALL
VEND_51221706,MUHAMMED T
VEND_A619AAAB,GP BASSI
VEND_7A9973F8,KALYAN DEBROY
VEND_6ED9D02C,GRAMPANCHAYAT CHAINPUR
VEND_DDCCA225,DWIMALU BASUMATARY
VEND_2A5ED0AD,TULUNGA NARZARY
VEND_1A93FFB3,YADAV CONSTRUCTION
VEND_B41247B2,S R CONSTRUCTION
VEND_B659C6BA,K S TRADERS
VEND_A3A3FF55,BHUSLA INTERLOCKING AND MARBLE
VEND_639E2119,JVM BLOCKS
VEND_80135CAA,MD KAIYUM
VEND_E6175638,SDSCO PAONTA
VEND_DE715A05,HASANPAR GRAM PANCHAYAT
VEND_791FE000,NATIONAL HARDWARE
VEND_E5B94B1F,SHAMSUDHEEN T U
VEND_FBA5DF74,VEER TEJA CONSTRUCTION COMPANY
VEND_79773DD1,PRESIDENT VLC GARALAMADUGU GP
VEND_745EB439,THE KEDAR NATH PRAG NARAYAN EDUCATIONAL TRUST
VEND_2691FBD0,KAILASAM K
VEND_3B0536E6,M C ABDULNASAR
VEND_69C47841,GURU NANAK ENG WORKS
VEND_CAD611AB,GULZAR ENTERPRISES
VEND_A727A8AB,SANDHU SPUN PIPE
VEND_960D432C,K RAFIQKHAN
VEND_6FD1E70C,AMIT MAJUR SAHAKARI SOC LTD
VEND_519C171C,CHANDRASHEKHAR MSS LTD
VEND_29A9FC84,MS DINESH KUMAR CONTRACTOR
VEND_F39A6A2B,THIND ENTERPRISES MALLUPOTA
VEND_4E613855,JPR CONSTRUCTION
VEND_F5EC4EFB,GR DEEPTHI GOKULAKRISHNAN CONSTRUCTION
VEND_A313934D,RAKSHA MATERIAL SUPPLIERS
VEND_0C17032E,SDD PUBLIC SCHOOL MATHAULI
VEND_58783C25,AZHICODE LABOUR CONTRACT CO OPERATIVE SOCIETY LTD NO T 1544
VEND_7DE825C9,THE NEW LITANI CO OP LC SOCIETY LTD
VEND_B58B7602,NEHARU INTER COLLAGE SEMARI
VEND_5F292E5D,GRAM PANCHAYAT TEMARI
VEND_0700CAFF,GRAM PANCHAYAT KURMAJHAR
VEND_360B61DF,MEHTA RAMESHKUMAR GOUTAMLAL
VEND_DEF34E67,AUJLA CONTRACTORS
VEND_FC196637,HRUNIK INFOTECH
VEND_AC6ABC63,HIRANA GRAM PANCHAYAT
VEND_2CA36912,SKYCORE INFRA
VEND_87536F16,SHRI LADLI ENTERPRISES
VEND_C8B51C31,TANISH SECURE INDUSTRIES
VEND_041BF265,SHREE ASHAPURA CONSTRUCTION COMPANY
VEND_1EAB87D5,MAHARANI MEDI CARE PVT LTD
VEND_40020205,SHANTI LAL MEENA
VEND_9B4C4589,GURJOT S 100PERCENT COOLING CARE CENTRE PAL SINGH
VEND_8D967B24,MS JAI MAA CONSTRUCTION COMPANY
VEND_463CF4AF,MUHAMMED BASHEER K
VEND_058305D6,JITHIN MOHAN KS
VEND_8EB3C46A,SWASTIK CONSTRUCTION
VEND_D542E44B,DAYANIDHI RADHA INFRA CONSTRUCTION PRIVATE LIMITED
VEND_9C49A25E,ALEM N KONYAK
VEND_F4D64B88,GP NERI
VEND_A7770BF5,P S ASSOCIATE
VEND_1258A875,PARAMJIT SINGH AND CO BKO
VEND_DCFCFEB3,SANDHU ECO WORKS
VEND_2167DB05,BINDER KUMAR
VEND_D56F6394,MS RAJGURU ENTERPRISES
VEND_4390FA51,VAJAPURNAVA GRAM PANCHAYAT
VEND_D82E4DAF,PANWAR CONSTRUCTIONS
VEND_3B026137,SHUBHAM ANANTRAO GIRI
VEND_21402428,VIDYA INFRATECH
VEND_026D1407,SAMRIDDHI TRADERS
VEND_A1B16BCB,PROWIDE TRADING COMPANY
VEND_70DC5697,CONNECTED ALWAYZ
VEND_FAB7CFE6,K M ENTERPRISES
VEND_9E388C56,MALHANN CONSTRUCTION COMPANY
VEND_BB2ADCA9,N VENKATESH
VEND_3C945E09,SHRI RAMDEV CONSTRUCTION
VEND_0B4B76B9,PANT ARTS
VEND_3F58B84D,SACHINSINGH KRISHNAKUMAR SINGH BADGUJAR
VEND_FD1ED4E7,NIRVAN ASHRAM SAMITI
VEND_A62602B8,TIRUPATI CONSTRUCTION
VEND_51F12448,BALODHAN GRAM PANCHAYAT
VEND_F869B9C2,GP JANGAL BERI
VEND_8C7FEBF4,BABURAO D KAMBLE
VEND_3E020BED,TAWARI CONSTRUCTION
VEND_D016AA17,SRI GANESAN FURNITURE WORKS
VEND_44DBF480,ROCK STONE CONSTRUCTION
VEND_F2CF1C1D,GUPTA ENTERPRISES
VEND_DCEFF452,INSPIRE OFFICE SYSTEMS
VEND_CBF2BF82,DIGITAL POWER SYSTEMS
VEND_3FDF2037,GRAM PANCHAYAT SHERPUR
VEND_A9F35169,KAPIL KUMAR SHARMA
VEND_F01C14C2,SHINGARA RAM
VEND_03F50D52,DISTRICT EDUCATIONAL OFFICER KHAMMAM
VEND_BBAE5703,SANKAR
VEND_21BB5C58,PRATHAP REDDY KOTHA
VEND_B503681E,FAYIS P
VEND_ACDA7A24,YATENDRA FAUJDAR
VEND_736D1918,FOR GRAM PANCHAYAT SIHORA
VEND_B7254C33,SAMANYA FUND GP BARWA
VEND_6BFC43A2,SHRI KRISHNA ENTERPRISES
VEND_7E3FA592,ALUMINIUM HOUSE
VEND_93C9EC18,JATINDER KUMAR
VEND_B0F8C82A,MAHADEV CONSTRUCTION COMPANY
VEND_4D736C87,ABM ASSOCIATES
VEND_745A8174,CHINMAYEE SWAIN
VEND_4ECED98D,ADITYA TRADERS
VEND_AC75E7E7,JAGANNATH RAUT
VEND_50DDA814,SYDHICK A T
VEND_F876AB94,SECRETARY ERNAKULAM DIST LABOUR CONTRACT CO OP SOCIETY
VEND_3F8EB66A,MINDRON MEDITECH PRIVATE LIMITED
VEND_D21557F9,MATESHWARI ENTERPRISES
VEND_58BBB1C3,KPR CONSTRUCTIONS
VEND_D9228579,YATENDRA FOUJDAR
VEND_D45B0A0C,SITAPATI SETHI
VEND_0E9CEA1F,JVVNL SIKRAI
VEND_E3379303,RR DREAM HOME
VEND_3E16A6AE,GUDAPATI TIRUMALA RAO
VEND_370DCC30,SUCHISMITA MOHANTY
VEND_E628DDD0,DHANESHWAR STEEL AND PIPES
VEND_F5B8DE11,RAJKUMAR PATIDAR
VEND_D4585EFE,SUNIL PIPLADIYA
VEND_112D22FE,GP BHATAWALI
VEND_CCB6BDE9,SANTOSH KUMAR BISWAL AE CHILIKA BLOCK
VEND_1CCBB8E4,RAMDHENU ENTERPRISE
VEND_C9812F3D,CHIKMAGALUR NIRMITHI KENDRA
VEND_7D1D2858,ONEIRIC APPLIANCES PVT LTD
VEND_B3A07A58,GRAM PANCHYAT BENI KEDHA
VEND_A523C03E,SWARAN SINGH TARLOCHAN SINGH
VEND_8AA0DBF8,RAI INDUSTRIES
VEND_7EF8C629,S V TECH CORPORATION
VEND_AA8E7499,TANMAY KUMAR MOHANTY
VEND_2B22EC46,BABA BUDHA SAHIB JI AUTOMOBILE
VEND_E7B2389F,FRIENDSHIP ENTERPRISE
VEND_5CB0D5CC,GRAM KALYAN TRUST
VEND_457DF5A6,PANTHAWADA GRAM PANCHAYAT
VEND_CF5B3A30,BLOCK DEVELPOPMENT OFFICER BUDHANA
VEND_3C269F39,SHEIKH FARID AGRO TECH
VEND_F05CA0A6,SHANTAI COMPUTERS
VEND_DBDB84B8,SAUNDH BUILDING MATERIAL
VEND_B4003366,ROCK STONE PIPE AND TILE INDUSTRIES
VEND_17678373,MANVI ENTERPRISES
VEND_E34CD967,NEK MOHAMMAD
VEND_7946EBF9,CHETHAN B R
VEND_6733CCBF,MANOJ KUMAR KHANDELWAL
VEND_4981BDC0,TAK CONSTRUCTION
VEND_674FAD07,ADITI CONSTRUCTIONS
VEND_32B95970,LAXMIKANT MAHADEV DESHMUKH
VEND_18CD9072,GIRIRAJ PRABHAKAR THAKRE
VEND_247270D9,PRAFUL BHIMRAO KOLANKAR
VEND_5EB0C912,AJIT ELECTRICAL TRADING CO
VEND_E36CB791,SAMPATTI MEMORIAL GRAMIN VIKAS SANSTHAN
VEND_38834A10,SAMPATTI MEMORIAL GRAMIN VIKAS TRUST
VEND_86C1DAA9,BASUDEV PANDEY INTERMEDIATE COLLAGE
VEND_CE7D9BDC,MS A C ENTERPRISES
VEND_9BD8C6E3,CKR CONTRACTORS
VEND_6D5E0A43,SAWHNEY SALES CORPORATION
VEND_BEC2DC7F,RAVINDER SINGH ARORA
VEND_922B15BA,VISHNU CHOUHAN
VEND_AAB0413D,DENZONG GARDEN
VEND_04FB141A,DFOT PAKYONG
VEND_42D6098D,VELVADA GROUP GRAM PANCHAYAT
VEND_7BD096CF,JIJO MATHEW
VEND_C16DBA74,KADAPATHRI THIRUPATHI RAO
VEND_C18DB11F,HASAN TRADERS
VEND_EAFE1012,GRAM PANCHAYAT DEORI
VEND_3D5391B7,NAUSHAD REYAZ
VEND_2D5B1476,SUBIN S
VEND_E9CCCB61,HEADMASTER CALICUT ORPHANAGE ALPS
VEND_A883BDE3,MUKESH
VEND_C52CA6E3,GRAM PANCHAYAT BODOLI DEHAR
VEND_A725BA84,MS SHIV DRILLER AND ALLIED TRADERS
VEND_0C3595BB,AMAN CONSTRUCTION
VEND_417BBC74,DIRECTOR HAREDA PANCHKULA
VEND_5ABD50EA,SHISHPAL SINGH RAWAT
VEND_FF1A4241,SHYAM DUTT SHARMA
VEND_6ABD9C13,JAIN UDYOG
VEND_3FDDF47A,GRAM PANCHAYAT PADARIYA PAMGARH
VEND_4146E9D5,VISHAWANATH RAI
VEND_5EF1AFA3,SONAM STOBDAN
VEND_B51AE72E,GOWSIGAN N
VEND_3CD2D1D1,GRAM PANCHAYAT KARYALAY BORGAON
VEND_6169E996,JAY SHREE SHITLA MATA BUILDING MATERIAL SUPPLIERS
VEND_B45500FB,MS SHRI OM SAI TRADERS
VEND_6DFFE95F,NRUSINHA CHARAN SAHOO
VEND_55F14451,E VENU COMPUTERS
VEND_7B54E024,ASSISTANT ENGINEER KSEB KADUTHURUTHY
VEND_ED7A996D,BHAIRA RAM
VEND_C42639A1,BHANWAR SINGH
VEND_C75FFD96,GYARSI DEVI
VEND_1D397B9B,MAINA DEVI
VEND_913A42D9,SAGAR MAL
VEND_1533C67E,SUMAN
VEND_37035D2F,SUMAN KANWAR
VEND_01CCFC1C,SWAI SINGH
VEND_F509E6AE,0182053000017269
VEND_30A859C5,SHIVANSH ENTERPRISES
VEND_F6FE7047,BDO KANDAGHAT
VEND_33A34464,DEBAJYOTI PATTNAIK
VEND_E0234791,BASE INTERNATIONAL
VEND_DF709CFF,SUDARSHAN HOME DECOR
VEND_0A4D56DB,ONLINE SOLUTIONS
VEND_18BC6E0D,GP PIPALIYA HAAT
VEND_5F6B08BE,SUDESH
VEND_374889CD,NARESHKUMAR KARSHANLAL TRIVEDI
VEND_8B9F31E6,NAGSEN MA MAJUR KAMGAR SAHAKARI SANSTHA
VEND_70533F54,BOLLU YUVARAJ
VEND_340FAA37,RAJESH CHOUDHARY
VEND_8AA11896,BHANARAM
VEND_C245C541,MADAN NATH
VEND_5DFF4CD5,JAGDISH KUMAR
VEND_0EBDEF56,DHARISANA GRAM PANCHAYAT
VEND_7A3F0F08,MR GRAM P GARLI GDW
VEND_7204399E,VARSHA CONTRACT WORKS
VEND_C6C66E35,VIPIN KUMAR
VEND_652170D1,KHARODIYA GP
VEND_8923889C,SABITRI DAS
VEND_3666E7BA,EXECUTIVE ENGINEER JS DIV HAMIRPUR
VEND_1762DCF4,CHELMATI RAJU
VEND_378A7394,GYADARI VENKATASWAMY
VEND_AD1A9530,TAHASILDAR BHUBANESWAR
VEND_0F007B7F,AJIT SINGH
VEND_0BF48CFE,AS SAMRA BUILDING CONSTRUCTION AND EARTH MOVERS
VEND_B77F8A82,DURGAM MALLAGOUD
VEND_579EDB07,KARAN GUNVANTRAO UIKEY
VEND_4A745FDA,KUNDAN MANGAL SARIYE
VEND_DF0134D2,HEMANT MANGAL SARIYE
VEND_05E6EE60,GAYATRI ENTERPRISES
VEND_6684086E,M H CONSTRUCTION AND DEVELOPERS
VEND_E11BFF97,PDMC HEALTH CARE
VEND_E6D92EA2,VINAYAK AGENCY
VEND_DEDC74CF,KRISHNA CORPORATION
VEND_C3B79C8D,SHAKTI TRADERS
VEND_3C96F487,RK CONSTRUCTION
VEND_7A2F0635,MALOTHU SARITHA
VEND_7A5A0F42,RAJASHEKAR PATIL
VEND_D8574874,LITMUS MARINE INNOVATION
VEND_607B51DF,SOURABH SINGH CHIB
VEND_FAC2D774,S R CONSTRUCTIONS
VEND_3F05BD9D,NAVEEN CHOUHAN
VEND_2C1B785A,KALARI GRAM PANCHAYAT
VEND_22E798E3,BHIMGUDA GRAM PANCHAYAT
VEND_9D69468A,SAMAU MOTA VAS GRAMPANCHAYAT
VEND_85A79E07,BHADRAMALI GRAM PANCHAYAT
VEND_FB3BEADE,V ANILKUMAR
VEND_D1C18718,SHARANABASAVA CIVIL
VEND_08FF19B0,AMSARAJ MOTORS PRIVATE LIMITED
VEND_9EDE12A3,H L TONGWANG
VEND_FA04349D,GRAM PANCHAYAT TAIBUJ
VEND_68601C9C,GP ZHIRNIYA
VEND_60BCF367,PRASANJIT PATTNAIK
VEND_1224021E,APARAJITA MALLICK
VEND_107EEC66,SARPANCH GRAM PANCHAYAT BHUNDANA
VEND_B2CD0FE3,BIJU E P
VEND_5D4C968C,MAMTA KANWAR
VEND_899EC235,ADITYA SINGH
VEND_5F9EB961,SANDEEM
VEND_E8B393B7,PRIYAM PRITY
VEND_2429F88D,TSHERING TAMANG
VEND_1A7A82B9,SUGS LLOYD LIMITED
VEND_53507ABC,SCHNELL ENERGY EQUIPMENTS PVT LTD
VEND_9B9C9D72,SUNDARESH
VEND_597993DC,PANGOM KONYAK
VEND_DC0D576C,PRABHUNATH SINGH KRISHNA U M V ADNAINIJOR GODIYANA AZAMGARH
VEND_1998B121,SPOORTHI ENTERPRISES
VEND_A5484EEF,CHANCHAL
VEND_7DCAC728,WASIM KHAN
VEND_AC256754,BHIM SINGH
VEND_522701DD,SHUSHILA
VEND_B4FEEFB9,MOD NATH
VEND_534F007A,GORDHAN
VEND_708B3474,SEWA BHARTI SEWA NYAS AGAR
VEND_B365FB8A,GAGAN BOOK SUPPLIER
VEND_A719A0D0,THE WESTERN PRECISION INSTRUMENTS EMPORIUM
VEND_221EECB7,GRAM PANCHAYAT BISANGPURA
VEND_2E05A130,GUDIYA KUMARI
VEND_03C2C6F3,SRI BAVAM DEVELOPERS
VEND_1201DD7A,KARAMBIR SINGH
VEND_CD2CC99D,GHUNWAT ELECTERIC WORKS
VEND_53104057,SAZID TAK
VEND_799D8ACB,SAKIL MOHMMAD
VEND_B4012285,FARDEEN TAK
VEND_DBB556DF,IKRAM TAK
VEND_329106DD,JUNED DEVDA
VEND_4C094871,MUKENDER SINGH
VEND_36FA3612,SHIV LAL
VEND_A4B54BE6,SAFIK KHAN
VEND_2FE7A402,LAHARI DEVI
VEND_1385A81D,VINOD GURJAR
VEND_0E4C6565,UMARAM LALAJI
VEND_4A661D99,MAHENDRA GURJAR
VEND_7EFBBAD2,PRITAM BALOT
VEND_B9E69694,KAMAAL KHAN
VEND_4512A6A7,RABIYA
VEND_E82EF0EB,SAINA
VEND_4B8ED057,RAISA
VEND_E109EAEE,POOJA MALVIYA
VEND_F6852B2A,SALMA
VEND_337093C7,FIRDOSH
VEND_91965672,IRSAD NAGOURI
VEND_2300D830,UMARAM
VEND_20CEB3B6,KAMLESH SEN
VEND_6D7392F6,CHITTELA POLIREDDY
VEND_4C26890F,YUSUF MOHMMAD
VEND_3DFD8443,SAHERA KHATUN
VEND_159BCF37,DHARAM SINGH
VEND_180D1520,ASWINI BASUMATARY
VEND_123AAF32,BHASEEN SPORTS PVT LTD
VEND_BB2E2440,ELEP HEADMASTER GUPS THIMIRI
VEND_F397F94C,SOJAN N C
VEND_4F95EF91,NAGALAND POLICE ANPR
VEND_36DEEDE7,M SUPDT OF POLICEMON
VEND_172B8570,UMA MAHESWARA RAO B
VEND_85F2EB1E,OVIYA CONSTRUCTIONS
VEND_F1A1F37B,THENMOZHY P
VEND_2908E1BE,R MUTHUVEL
VEND_F13F77A5,JAIN AGENCIES
VEND_3BAA8D5D,BADIREDDY CHANDRA RAO
VEND_59B277F0,PALEPU VISHNU PHANI SRIKANTH
VEND_A4801A1D,PRAGATHI CONSTRUCITONS
VEND_47064F3B,CHHATRAPATI SHIVAJEE SAMAJ KALYAN SEVA SANSTHAN
VEND_5999EB1E,VARNODA GRAMPANCHAYAT
VEND_7F12ECCC,JAISAL A
VEND_0634D663,KOR INFRA AND EQUIPMENTS
VEND_7E5BF354,VENKATA SUBBA REDDY POTHIREDDY
VEND_E72DC80B,DHANANJAYA H P
VEND_0A8D726B,ARAVINDH TAMILSELVAN
VEND_A46F0EDA,AASTHA CONSTRCTION COMPANY
VEND_A79CF309,CW CONSTRUCTIONS
VEND_2CD2FDAF,SHUBHAM JINDAL INCOME TAX AND GST ADVISOR
VEND_C16855FF,KIMBUVA GRAM PANCHAYAT
VEND_F9108D7F,HARI OM ENTERPRISES
VEND_9B62DB16,HEMANT SINGLA
VEND_541912D4,N SHANMUGAM
VEND_BA4315EE,MR CONSTRUCTIONS
VEND_EADCE76E,JAGDMBA ENTERPRISES
VEND_F49F59C0,GP SIPAWRA
VEND_F047169C,RINA DEVI
VEND_F2059BC7,VIJYA DEVI
VEND_46E3B33E,SAROJANI DEVI
VEND_F711115C,TULSI DEVI
VEND_5E2C4347,SHISHPAL
VEND_1746E4CC,GANESH SINGH
VEND_B6D5FF9F,VIJAYPAL SINGH
VEND_88BE010A,AKHIL BHARTIYA BISHNOI MAHASABHA
VEND_8B7836AA,AJIT RAM KIRTAN SINGH BKO
VEND_C4A7883A,DHARWAD RESEARCH AND TECHNOLOGY INCUBATOR FOUNDATION
VEND_C42AAD61,BABACHIYA
VEND_261327E3,HARPREET SINGH
VEND_D4ECC15F,SUNJIBA MAJUR SAHKARI SANSTHA MARYADIT
VEND_9C62BDD3,RAKESH SINGH
VEND_8E718052,DARMIYAN SINGH
VEND_422EB725,VAKALIYA CONSTRUCTION
VEND_36697160,RAJPAL
VEND_698C9634,HARISH
VEND_18F3D1CA,BHAVANI
VEND_127A4455,ANAND SINGH RAWAT
VEND_16D9CFC9,GUNJAN MATERIAL
VEND_A9CA949B,RATHNAKUMARAN C K
VEND_5EDC5F06,SHITAL TRANSPORT COMPANY
VEND_68F2183D,ESLAVATH MANI
VEND_BA1A6060,MAHAMUDI
VEND_EDCFBAFD,S K REVADI CONSTRUCTION
VEND_5AA5AA07,JAHID
VEND_BD529DBE,FAJJI
VEND_444214C5,HIRAPUR GRAM PANCHAYAT
VEND_A6633648,VAV GRAM PANCHAYAT
VEND_0D89DA5A,HEAD MASTER BHARATHEEYA VIDYA MANDIRAM UPS KIDANGOOR
VEND_7E15AC67,JABAN GRAM PANCHAYAT
VEND_7DED89B3,FULPARI GRAM PANCHAYAT
VEND_BC9CD2FE,BRIJMOHAN CHAUHAN
VEND_1CB26448,GP PUJARLI 4
VEND_247E0A31,MANISHA
VEND_B902629D,UP STATE AGRO INDUSTRIAL CORPORATION LTD BICHPAI URMAURA
VEND_44AB1370,MAHMOOD
VEND_831BBEDC,NAPIS
VEND_6B2C323B,AJ ENTERPRISES
VEND_F7C87844,VAKILA
VEND_2C968D79,ARSAD KHAN
VEND_E89D4F84,SARAJINA
VEND_6B775FA4,RUKSAR
VEND_9DB8D16E,MURSALIM
VEND_68530EF9,TAYYAB
VEND_6F26E750,JAFRUNI
VEND_0CA19B26,SADDAM HUSAIN
VEND_3059DDE1,SYO SINGH
VEND_5266727A,NOORA
VEND_BBAEB8D8,RASHIDA BEGAM
VEND_09F9C65F,K C VERMA AND COMPANY
VEND_2394BFD5,GRAND TRADING COMPANY
VEND_5877C54C,S H AND COMPANY
VEND_A6E25091,N SRINIVAS
VEND_9DF97B8E,GAYTRI
VEND_EBEBBA4D,NIRANJAN SINGH
VEND_5CEE52B6,NORANG LAL
VEND_C139DA5D,PARMESHWAR LAL
VEND_8552BE20,RASAL KANWAR
VEND_1654FFA5,SANTOSH KANWAR
VEND_2F2E3776,SURENDAR KUMAR NAYAK
VEND_C123AB0E,BHAIRU SINGH
VEND_AD780674,BHANWARI DEVI
VEND_D8D000D4,BIMAL DEVI
VEND_6568D84C,GEETA KANWAR
VEND_50AF7613,SHARWAN KUMAR
VEND_1F71593E,SHAIJU S
VEND_49BB197B,MAHESH
VEND_077C6375,TILAK
VEND_318BCD38,SINGH DEVELOPERS ENTERPRISES
VEND_8B748F2D,SUKHVEER SINGH
VEND_3893A9F1,OM BUILDING MATERIAL MASOD
VEND_24166AB0,R K CONSTRUCTION
VEND_D8C2AA5E,MOHD ARIF
VEND_4886F48F,ABDUL SMAD K K
VEND_DAF3C9DA,SAGAPARA GRAM PANCHAYAT
VEND_02D9D175,SACHIN ASHOKRAO AMBURE
VEND_CDDB48A0,GIJI VARGHESE
VEND_81F626B4,GRAMPANCHAYAT KARYALAY KHANAPUR
VEND_33B55333,JABALPUR ROUND TABLE CONFRENCE
VEND_A099D31F,RAM SURAT RAM
VEND_8C8BFC0E,ABDESH KUMAR CONTRACTOR
VEND_E868BF4D,DASAVADA GRAM PANCHAYAT
VEND_F8470CC2,RIDDHI SIDDHI ENTERPRICES
VEND_ED83A14F,DR HEDGEWAR MSS LTD
VEND_3E91C760,ASSISTANT ENGINEER KARAGAHAR
VEND_B7FE79C6,GRAM PANCHAYAT KARYALAY NARSI
VEND_84AFFF3A,GURU NISCHAL P
VEND_88AFC4E2,MATHEW P M
VEND_8FD8930B,VLWC PRESIDENT YERRACHRUVUPALLI GP T VENKATA SUBBA REDDY
VEND_E168B0FD,SUNITA DEVI
VEND_87148317,TONDON IRON STORE
VEND_27BDE848,SANDHOSI GRAM PANCHAYAT
VEND_11978C27,LOTOL GROUP GRAM PANCHAYAT
VEND_9D75D6AA,GANAPIPLI GROUP GRAM PANCHAYAT
VEND_BB6FC6F2,RAJGADHA GRAM PANCHAYAT
VEND_7EC72517,ENVIRONMENT SERVICE SEECHEWAL
VEND_172BF897,SAJIN M P
VEND_CF2A5663,BORAH AUTOMOBILES PRIVATE LIMITED
VEND_C838BF70,SARPANCH GRAM PANCHAYAT DHOURABHATHA
VEND_BB9100A9,STHANIK VA ITAR VIKAS NIDHI G P DIGHORI MOTHI
VEND_C4FF1DAC,DUDA MUZAFFARNAGAR
VEND_FAE8D1E8,DIBYAYAN SAHA
VEND_94B466EC,CHALLA SATTIREDDY
VEND_F974870E,R A KARMIKA KOLAPAKKAM BOB
VEND_F15462E2,KAKAR FEBRICATORS
VEND_2ABE94E3,GRAM PANCHAYAT PARDI
VEND_2373F182,BALASUBRAMANIYAN ATHARNATHAM
VEND_D107884A,SANJAY BORIKAR
VEND_07697519,JAYAKUMAR RAMANATHAM
VEND_285D9242,YOOSAF
VEND_C745B87F,SATGURU BUILDING MATERIAL
VEND_42EE3853,MAHESH CEMENT AND IRON STORE
VEND_59F9DDE6,SHAMMI ELECTRICALS
VEND_62B36996,GUPTA CHIPS AND MARBLE STORE
VEND_58155377,KHALSA STEELS
VEND_387B168F,HARJINDER SINGH AND SONS
VEND_5403A25D,DHANVI TRADING COMPANY
VEND_9E5284D6,JAI BALAJI TILES COMPANY
VEND_43E4F0D5,SARAMBHADA GRAM PANCHAYAT
VEND_9BE79028,ENDALA GRAM PANCHAYAT
VEND_81943C9E,DHANESWAR KISKU
VEND_2812FF4C,GRAM PANCHAYAT PADARIYA
VEND_3DD2F4EB,RANVEER SINGH SO SATPAL SINGH
VEND_414192D1,HARPREET SINGH SO SATPAL SINGH
VEND_AF50F2D0,JASWANT SINGH SO AJIT SINGH
VEND_77A46B27,RAVINDER KAUR WO BALVIR SINGH
VEND_23A99D7D,ANUVEER KUMARI DO SARWAN SINGH
VEND_E191E38C,GURDIAL SINGH SO KARNAIL SINGH
VEND_3C7F6A01,KHATASANA GRAM PAN CHAYAT
VEND_B8D91CCD,GP MANJHELI
VEND_111F8216,MARUTI SUZUKI INDIA LIMITED
VEND_A1C21F5E,NR COACH WORKS PRIVATE LIMITED
VEND_3621D2AC,DIAMOND ENTERPRISES
VEND_B50548DC,REALTY SHIELD SERVICES PRIVATE LIMITED
VEND_1508474C,MAHINDRA AND MAHINDRA LIMITED
VEND_19BE6839,RAVI TINKERING COACH BUILDERS
VEND_C37C6174,PAULSON M I
VEND_76A12A0B,KRISHNA DAS
VEND_F4B02186,COMPOSITE REGIONAL CENTRE AHMEDABAD
VEND_39272372,DIGANTA BARO
VEND_F12FC7A9,PIYUSH VASANTRAO BIRARIS
VEND_21424562,MALIK CONSTRUCTION CO
VEND_4676745D,SATYA PRAKASH NARAYAN BHATTARAY
VEND_6DA21F92,SUGA
VEND_3DAF6955,SUNDAR
VEND_F09A4DDC,ANURADHA
VEND_6603E65E,SUMALIYA
VEND_565FDB43,MAMTA
VEND_931D7179,ADHAGAM GRUP GRAM PANCHAYAT
VEND_F9B5FBFD,MOHAMAD A
VEND_5E927460,GRAM PANCHAYAT NAGARDA
VEND_763B0445,GRAM PANCHAYAT BARPANI
VEND_A4CA4D84,GRAM PANCHAYAT NARDHA
VEND_27A014C7,PALANIVEL
VEND_FF3219DC,MANOJ SONARIYA
VEND_D047F0D0,DUDA RAM
VEND_59C95189,MANISH
VEND_9AF1DED3,PIPLI GRAM IDBI
VEND_014FDE9E,ARVINDBHAI BHANGIYABHAI RATHWA
VEND_9FF3E1B7,JAYCHAND MUCHAHARY
VEND_42393AAE,GOPAL BASUMATARY
VEND_6F965D7E,KUNGUR GWRA LAHARY
VEND_F776AB14,AKLIMA KHATUN
VEND_8015C256,RAJKISHORE BASUMATARY
VEND_5C4D44AE,MS DWITHUN BASUMATARY ENTERPRISE
VEND_7A2014E3,JAI CONSTRUCTION
VEND_B14A7157,RAHIJUL CONSTRUCTION
VEND_F036A326,HIRESH KANTI DHAR
VEND_0C9F0E6A,SAROJ
VEND_FA30EE70,DEEPENDRA SINGH RAJAWAT
VEND_FDA2B93F,CONST OF SPILWAY AND PROTECTION OF CHETONAGURI
VEND_1C26D3A4,A RAJA REDDY
VEND_7FA389B1,SOUTHERN RAILWAY
VEND_F2FCBB91,EXECUTIVE ENGNIEER
VEND_51632C3B,YASH SALES CO
VEND_0B4D588D,DELIGHT TRADING COMPANY
VEND_C6D43314,CC FOR ABHIRUCHI INSTITUTE
VEND_1BB12241,PREM BRICKS INDUSTRY
VEND_A74001B2,CHERLA RAJESHAM
VEND_F2602D8A,SAJI C
VEND_EBC79A05,SUMAN JAISWAL
VEND_F074DDEF,SUMITRA BEHERA
VEND_18E30155,NISHA KUMARI
VEND_3ABDEB18,ABHISHEK MOHANRAO RAUT
VEND_C9952CD9,GADE RATHAN PRASAD
VEND_63423847,SAJAL KUMAR KAR
VEND_DD50CC82,SHIVCHANDI PRIVATE LIMITED
VEND_46F43DCA,GP RATTA GUDDA
VEND_EC49E6A1,KULWINDER SINGH SO ANANT RAM
VEND_7192E0EA,DILJIT SINGH SO SOHAN SINGH
VEND_2082028A,BAKHSISH SINGH SO JEET SINGH
VEND_9668935F,VARSHITHA CONSTRUCTIONS
VEND_575E8789,SHRI MAUNGIRI MAJOOR SAHAKARI SANSTHA MARYADIT
VEND_9F4F50E5,MOHAMMED SHAMEER
VEND_A21DA028,THE BARTA CO OP L AND C SOCIETY
VEND_4CE9FDDB,BILSHAD
VEND_93511E60,GP DEHNA
VEND_A08C1267,PARASHRAM MAJUR KAMGAR SAH SOCI PIMPLOD
VEND_BEAC7CD6,HOMEN PEGU
VEND_B9D307CF,KHIJADIYA RADADIYA GRAM PANCHAYAT
VEND_C4277CE9,GOTTIPATI MADHUSUDHANA RAO
VEND_905E3217,GP DARUHI
VEND_345FD290,JABAR SINGH
VEND_7899C23B,GP DHALOT
VEND_37D1FCD6,RESHAM SINGH CONTRACTOR
VEND_DBE30D44,PJ ASSOCIATE
VEND_C47FAB43,GP TAPRE MPLADS
VEND_FB12F716,SATHESHKUMAR S
VEND_BBC2608F,SAURABH ULHAS HADKE
VEND_04059F6E,DEVRAJ TRADERS
VEND_B5AB408A,AJEET PATEL
VEND_3FE95CFC,BISHNU PRASAD SAHU
VEND_D5CF874B,LIMRA ENGINEERING WORKS
VEND_24023D38,EVEREST ENTERPRISES
VEND_D34BD15D,BIJU K
VEND_ECA6DE31,VIJAYA KETHANA CONSTRUCTIONS
VEND_468484AB,RUDRANSH ENTERPRISES
VEND_355EA23C,HIND BRICK INDUSTRIES
VEND_EA592B2A,F1 SOLUTIONS
VEND_FFF70DB4,SHAKTI TARPRODUCTS CONSTRUCTION DIVISION
VEND_829E4A4A,SOHAN
VEND_D3DE6EA2,DG INFOCARE
VEND_BA237141,NEW SHRI AGRO INDUSTRIES
VEND_C4D6234C,FUNGKHA BRAHMA
VEND_061355C3,VISHAL TRADERS
VEND_6CD09924,SANDHAR BUILDING MATERIAL
VEND_E4A826BB,RESHAM IRON STORE
VEND_4CAF02D2,DEEVAN SINGH
VEND_2C28C36C,SAHIL KUMAR JE
VEND_05FCB607,RP ENTERPRISES
VEND_2A490F7A,DEVENDRA SINGH PANWAR
VEND_4A6CD74B,VEENA VADINI GIRLS INTERMEDIATE
VEND_3842CDD6,SIDHU CEMENT AND SCRAP STORE
VEND_7077C13E,OM ELECTRICALS
VEND_E6805400,KVS PANJALI
VEND_DC07E2A2,BADRI PRAKASH
VEND_50C2CBD4,RATTAN CHAND
VEND_41CFD3A5,GRAM PANCHYAT GUNDRAI
VEND_81F9BBF9,M RAVICHANDRAN
VEND_BC277E5C,JANTA INTER COLLAGE
VEND_6FB90C38,GP ANANDIPURA A
VEND_C4ECAC32,EXECUTIVE ENGINEER CIVIL PB HEALTH CORP MOHALI
VEND_B0DBA2B9,SIMARAN RAY
VEND_96CD74CD,SURYA CONSTRUCTION COMPANY
VEND_6C502296,POORVA ENGINEERS AND CONSULTANTS
VEND_A18EE930,PRA INFRA PROJECTS
VEND_B885FE8C,GP TAL
VEND_11509B25,BHOJYA GUGULOTH
VEND_C9563335,SAMU SINGH ENTERPRISES
VEND_FB38C33B,BORSAN GRAM PANCHAYAT
VEND_6A0792EA,HALIMA BEE
VEND_DE3967C5,SELVAM SELVAMANI CONSTRUCTION
VEND_1B1996D2,MAHADEV TRADERS
VEND_550BC1D0,NIKHIL BUILDING MATERIAL SUPPLIERS
VEND_991583A8,CHAPARDAHALLI GURUNATH
VEND_CE6A9AE6,SPARK NEXT SOLUTIONS
VEND_7CAD6935,DILEEP KADAPPA KAMBLE
VEND_80C7CD98,HIMANSHI CONSTRUCTION
VEND_433460DC,JEEVAN SHARMA
VEND_8AF81373,VITI ELECTRICALS
VEND_1A1A38A0,GRAM PANCHAYAT KARYALAY TAMLOOR
VEND_61FF78E1,SEAMENS INDUSTRIAL ELECTRICAL CO
VEND_9DEB861E,MR TRADING CO
VEND_F0AEF765,MAAVAISHNAO SEVA SANSTHAN
VEND_F8116686,HARPREET KAUR
VEND_64E879B3,DISTRICT EDUCATION OFFICER DIST KABIRDHA
VEND_B7F4C7E3,VISHNU S T
VEND_8CC371CA,MOHAMMAD ISRAR
VEND_28628C8D,GANGAJAL LAXMAN INTERNATIONAL PUBLIC SCHOOL
VEND_A0FCE7F0,DINESH N
VEND_2CE979C2,PROJECT OFFICER HIMURJA KANGRA AT DHARAMSHALA
VEND_EA5EEB11,WAN ENTERPRISE
VEND_8EB93345,CIVIL SERGEON DISTRICY HOSPITAL MANDLA
VEND_22A95F79,MS TIWARI CONSTRUCTION
VEND_5302D196,DISTRICT ENGINEER ANERT MALAPPURAM
VEND_1B9F4A3C,GRAM PANCHAYAT SADKADI
VEND_C31BEB47,HSH INTERLOCK
VEND_B523345D,KINDER SPORTS LLP
VEND_A5539F04,RAJ KUMAR SHARMA
VEND_D3329CA4,JAIKAM
VEND_3C8D0C8C,REPAIRING OF GAONBURA BHAWAN AT DANGAGAON VILLAGE
VEND_16506620,RUSHIKESH MARUTI PATIL
VEND_FA108047,RAMAN ENTERPRISES
VEND_62AF37A8,PARAMANAND THAKUR
VEND_45CDF788,SUMAN INFRA WOK
VEND_289D9D5A,NUNEMUNTHALA RANGAIAH
VEND_A063D9D5,MR JOHN SO BUTA RAM
VEND_C04C0044,UK CONTRUCTION BANSUR
VEND_344B128E,SK ENTERPRISES
VEND_26A5CF92,SATASI ESTATE INFRA BUILD PRIVATE LTD
VEND_952AFD12,KALYAN PHUKAN
VEND_6FF2EBF2,KALIA DAS
VEND_AF059083,GORLA PRABHAKAR REDDY
VEND_F6A7B30C,KALIGI RAMU
VEND_0BD2C172,JAGUDAN GRAM PANCHAYAT
VEND_D23A8B0F,DELHI RADIO CORP
VEND_784B0E76,COMPUTER CARE LABS
VEND_3BAC3DFE,A SURESH KUMAR
VEND_FA6E39A5,MARWAR CONSTRUCTION
VEND_86DD3827,EX EN EDD II GAURIGANJ
VEND_D1BAD355,LATE SHRIMATI LALMA DEVI INTER COLLAGE BISHUNPURA
VEND_14234E11,TANSI MADURAI
VEND_BA2A90EE,SPEED AUTOMOBILES
VEND_6709572A,TROWEL CONSTRUCTIONS PRIVATE LIMITED
VEND_BD9369D7,AAVYA ENTERPRISES
VEND_C703D19C,GRAM PANCHAYAT GWADI
VEND_C8726B3A,MALKOTA CEMENT STORE KARTOLI
VEND_A24A7CAA,GRAM PANCHAYAT BAROUR
VEND_4F102477,MEGH KRIPA CONSTRUCTION
VEND_1C5E9E56,ANITA CONSTRUCTION
VEND_C1E5E21D,GRAM PANCHAYAT RAJNAGAR
VEND_1F888678,SHIV SHANKAR ASSOCIATES
VEND_1DA98EFA,ABDULLA KELOTH
VEND_6CA973CC,GAUTAM TRADERS
VEND_B8FD8B8B,GP MANN
VEND_5A39C2BF,THE GABI NAGAR CO OP LC SOCIETY LTD
VEND_4DB85E0F,MANJUNATH VAJJARMATTI
VEND_6A6E0E62,PANKAJ SADANA
VEND_C6FE6FFD,MANPREET SINGH
VEND_5DAD6E18,CONSTRUCTION OF ROAD AT AMGURI NO1 VILLAGE UNDER DANGTOL VCDC
VEND_2699D835,CONSTRUCTION OF KUJIA RIVER EROSION PROTECTION AT MIDDLE KHAMARPARA
VEND_22C8DA17,SHRI SEDLA HARIJAN MAJOOR SAHKARI MANDLI
VEND_8F15A02B,GRAM PANCHAYAT RANGER
VEND_9AD42160,JAI DURGA IRON AND CEMENT STORE
VEND_EB954C31,GOVERDHAN DASS SURINDER KUMAR
VEND_3B9E8C4F,SHREEVIJAY SHARANGOUDA PATIL
VEND_527E49D5,RAM LAKHAN SHUKLA SARSWATI SHISHU MANDIR HANUMATNAGAR RAFIGANJ AMBEDKARNAGAR
VEND_23CCEBA2,PROGRESSIVE AUTOMOBILES PRIVATE LIMITED
VEND_78C0437F,TARASANKAR MOTOR PRIVATE LIMITED
VEND_B3C8BD0D,MK JOTHIMANI
VEND_5D17B046,ASSISTANT ENGINEER POWER DEPARTMENT
VEND_2825A9DA,SRI SAI CIVIL TECH SERVICES
VEND_5AA7BAB7,RAJKUMARI DEVI UCHCHATAR MADHYAMIK VIDYALAY
VEND_5680237A,TALARI RAJAIAH
VEND_2A0C9900,YAKSHINI MICROSYSTEMES
VEND_8F4F3447,JAGAN NATH AGGARWAL BKO
VEND_93B6384E,SAGAR BRAHMA
VEND_1E19C031,R P AND COMPANY
VEND_EB6CEDFC,MOHANAN P
VEND_2C1DD154,SPORTS AND STYLE EMPORIUM
VEND_200D778C,GP MAHORI
VEND_FF6879F8,VIJAYALAKSHMI AGENCIES
VEND_AB26A509,MGNRGS CONVERGENCE ACCOUNT
VEND_D31FB7D1,MITESH AND BROTHERS
VEND_06473B35,POORNIMA CONSTRUCTION
VEND_FDA71DD3,KALYAN CONSTRUCTION
VEND_080961C3,SHRI SHYAM CONSTRUCTION
VEND_02C60EB5,DARSHAN SINGH GOVERNMENT CONTRACTOR
VEND_53FEACB8,GRAM PANCHATYAT GHANAHATTI
VEND_9AAF5A92,GRAM PANCHAYAT LAHLA KHAS
VEND_188C1767,MADHUKAR DNYANDEO SHINDE
VEND_9B199F77,SAAD BIN BASHEER
VEND_715E2FE0,SHUBHAM CONSTRUCTION VAMASA
VEND_855A223D,GP ROPA
VEND_88D27ACE,RISHAB ENTERPRISES
VEND_6FDFB03F,GP JAIS
VEND_05ADDAFB,GP PARGAIYA
VEND_E1EE3B75,GP SANDHU
VEND_B27FF2A5,GP SHADIMATIYANA
VEND_ED331AEF,M SHASHANK
VEND_79E246D0,ANANDA MOHAN SUI
VEND_5B259DFA,ANSUMWI NARZARY
VEND_018A89F0,SHRI DEV CONSTRUCTION COMPANY
VEND_DC5E5FCD,GRAM PANCHAYAT LIMBODA
VEND_213048C7,HAPPY ENTERPRISES
VEND_8B5C8733,THE RAJDHAN CO OP L C SOCIETY LTD
VEND_266F1E99,PRAKASH CONSTRUCTION CHAWANILINE
VEND_DF289F21,SANTOSH GENERAL STORE
VEND_31940044,DD BKO
VEND_DDE6C302,SHREE CHARBHUJA CONSTRUCTION CO
VEND_76771651,GAJRAJ SINGH INTERMEDIATE COLLAGE
VEND_9240F118,KIRAN ANIL BHAGAT
VEND_19FF89B9,GUNDALA SURESH REDDY
VEND_17BA53FB,RATIDEVALI GRAM PANCHAYAT
VEND_88AF88E0,SHRI RADHA KRISHNA CONSTRUCTION
VEND_EAC38B5F,DILEEP I S
VEND_EDCB5948,CHIEF MUNICIPAL OFFICER MANDSAUR
VEND_E469B495,BLOCK DEVELOPMENT OFFICER SOLAN
VEND_83AA1C32,SADANANDAN A K
VEND_6CB8AE0B,MUNEER
VEND_9196448D,BHAGAT SINGH JUNIOR HIGH SCHOOL
VEND_A9D902DD,SHIVRAMA TRADERS
VEND_00570A8A,SUHAVI ENTERPRISES
VEND_E0F19DF1,GRAM PANCHAYAT BAKHATPUR
VEND_1AAACFBE,SHIV TRADERS
VEND_D43690F4,LAXMINATH ENTERPRISES
VEND_4233889C,PRESIDENT VLWC GURRAPPAGARIPALLI GP VEERABALLI MANDAL
VEND_5E98E56B,VLC PRESIDENT THATIGUNTA PALLI GRAMA PANCHAYATHI
VEND_B885C182,SENIOR CITIZEN WELFARE COUNCIL
VEND_D05CEB3C,CC STAGE AT CHENG REN CAMPUS
VEND_C2231996,RAJKUMAR
VEND_DBB6B992,CHHAYA KASARE
VEND_22D4F959,DEVIRAM KASHARE
VEND_F082A7A6,RAMA CHANDRA RANA
VEND_9F71A6BE,BALJIT KAUR
VEND_7A115AB3,GRAM PANCHAYAT RUPATHAL
VEND_726CA9ED,SHRI DATTA LABOUR KAMGAR SAHAKARI SANSTHA
VEND_824B90CF,SOURABH TRADER
VEND_5F9102AF,SAMARJEET SUDHIR PATIL
VEND_F45E0D0B,AARYAN MAJUR SAHAKARI SANSHTHA MARYADIT
VEND_732C6703,GRAM PANCHAYAT JANGHI
VEND_B5F17485,BLOCK DEV OFFICER DEV BLOCK MEHLA
VEND_C8E6CC9A,SHREE VAISH SABHA
VEND_56996FD2,MS HARI KRISHAN AGRO
VEND_022EBFB7,CHADASANA VILLAGE
VEND_F5A0F856,BIBHUDATTA ROUTRAY
VEND_90D637D2,SRI AMMAN CONSTRUCTION
VEND_2FC18DD1,SYED SAMI
VEND_A4E31544,ADEPU MADHU
VEND_BF9C75F4,SAURABH PATEL
VEND_766526E0,PARASHURAM HANCHATE
VEND_EA2A4199,GRAM PANCHAYAT CHAMBI
VEND_A3681FDB,GP SINGI
VEND_C7D1B60D,AEN JDVVNL RURAL PALI
VEND_D9FECBF5,MS SAGAR ENTERPRISES PATEHRA DEEP NAGAR MIRZAPUR
VEND_F2AAF094,SUBASH PATEL
VEND_048BC473,AYUSH PATEL
VEND_1C62E579,SARPANCH GRAM PANCHAYAT REHADA
VEND_CA6558DA,JOHAN MASIH
VEND_98AE6E35,MB GROUP
VEND_EA22E230,SG BUILDERS
VEND_CC115C7D,SANJAY KHADIA
VEND_9B81E49B,GRAM PANCHYAT SAMBALPUR SGVY
VEND_82957636,RAKESH N
VEND_A03E7DD3,JATINDER SINGH
VEND_D03B90D1,JYOTI AGRO INDUSTRIES
VEND_906CBDBA,SANOJ KUMAR YADAV
VEND_A3D977CC,FOUJI CEMENT STORE MUKERIAN
VEND_FE204F88,AJAIB ELECTRICAL WORKS
VEND_9957026A,SHRIMATI SARASWATI DEVI JUNIOR HIGHSCHOOL
VEND_21245CD8,REDCROSS JABALPUR
VEND_7D83B14A,CONSTRUCTION OF BUILDING FOR MULTI GYM NEAR ABSU OFFICE
VEND_7B2024D8,DUNGARIYA
VEND_44547D0C,NIDANPUR
VEND_4070BB21,SHREE JEE ENTERPRISES
VEND_7C0AE837,KRISHI VIKAS SANGH
VEND_C3D73901,BALAK ENTERPRISES
VEND_764DD712,HIRANYA PATHAK
VEND_3B185EE6,MR JAYACHANDRAN KALIANNAGOUNDER
VEND_AEA00BE8,ASHWANI KUMAR
VEND_6B0D9EBC,VIOLET ENTERPRISES
VEND_D6D62AE0,GOLLA SURESH KUMAR
VEND_5E7538D1,RISHU SANITARY PARTS
VEND_07C46DE8,KANSAL TRADING COMPANY
VEND_DA6871AE,CONSTRUCTION OF RCC BOX CULVERT AT CHOTO AMGURI VILLAGE NEAR THULARAM BASUMATARYS HOUSE
VEND_79D67150,PEESU THIRUPATHI REDDY
VEND_1BCC996A,HARBHAJAN WELDING AND GLASS WORKS
VEND_6F0FA096,LOVE KUSH INDUSTRIES
VEND_133057FA,SAURABH
VEND_0FD6CA6D,SUBHASH
VEND_BB7DF340,SURBHI SCIENTIFIC
VEND_1774312B,QURESHI INFRA
VEND_D5E7D1A7,BALAJI BUILDERS
VEND_080C4890,R K PANDAY MAHAVIDYALAYA
VEND_E05C6711,ANJALI CONSTRUCTION GHORAWAL SONBHADRA
VEND_7AE5719B,SAMRAT ENTERPRISES
VEND_B7B22074,VINDHYAVASINI HORDWARE
VEND_66C146C1,JHANERI BRICKS CO
VEND_6F530506,CHOHAN CONSTRUCTION ZONE
VEND_A92B4CE6,DARSHAN SINGH SO NAZAR SINGH
VEND_45579EFE,JAI MAA DURGA CONSTRUCTION
VEND_52851A13,RANER GRAM PANCHAYAT
VEND_95387D14,BHARTI
VEND_404B8C05,RAVI KUMAR CHOUDHARI
VEND_FA92429B,LAVKUSH CHOUDHARY
VEND_BA143BDF,MAINA BAI
VEND_D494325E,BALI KUMAR CHOUDHARI
VEND_DC4012E0,KANNAN M
VEND_65E8EA35,RAM RATAN
VEND_E31ABAD9,AGHIL
VEND_715C42E0,CONSTRUCTION OF CREMATORIUM OR STRUCTURE AND APPROACH ROAD ON KINABARGAON GRAVEYARD NEAR KINABORGAO
VEND_5DEFAF4E,RENOVATION OF 513 NO KACHUGAON RAVAPARA LP SCHOOL CULTURAL STAGE
VEND_56F02BF3,CONSTRUCTION OF BOUNDARY WALL AT MANGLAGAON ME SCHOOL MANGLAGAON CHIRANG
VEND_DE147A4C,AMBAR KUMAR ROUT AC JE
VEND_32E62A11,UNITY ENTERPRISES
VEND_B5428A18,KHALSA EXPORTS PRIVATE LIMITED
VEND_A1BBBAF4,VINAY KUMAR K
VEND_53659A39,POWER FITNESS
VEND_A6B9144C,MANOHARAN D
VEND_EA5A7057,T THAMBAN
VEND_5EF62EFC,HANIF ALI KHANDAKAR
VEND_8F0F0143,ARUN KUMAR
VEND_624BB13D,SACHIV GRAM PANCHAYAT PALANPUR
VEND_DE4CCF53,SACHIV GRAM PANCHAYAT SHAIL
VEND_CB05AB7F,MANJAMMA M
VEND_468FD94F,SAIBABA MAJUR KAMGAR SAHKARI SANSTHA MARYA KARLI
VEND_05D3DC2E,NARESH KUMAR
VEND_332A4D40,ARATI DEVI
VEND_CA3AA909,ANJALI TOMAR
VEND_0280A430,RADHA
VEND_2B0783F0,SUNIL KUMAR TOMAR
VEND_1937A096,TANU RAJAWAT
VEND_13DD520B,ARATI
VEND_5521533F,GUDDI
VEND_B025BD1B,BHANVARPAL
VEND_09FB3FDA,VIJENDRA SINGH
VEND_003D6B98,M M AHAMMED
VEND_437982CE,SUBHASHREE SAMANTARAY
VEND_884ADFC0,MOHD AWAIS
VEND_0DB9FBE7,THUMMA CHINNAPA REDDY
VEND_5527984D,MANGAL DHURVE
VEND_CBFEB36A,KATRESHWAR MAJUR SAH SANSTHA MARYA KATAR KHATAV
VEND_CA989717,SARPANCH SACHIV GRAM PANCHAYAT CHANOTI
VEND_09B297BC,SARPANCH SACHIV GRAM PANCHAYAT KATGHAR
VEND_5E04E74F,GP SACH
VEND_37F006B1,GP RAJPURA
VEND_2FE931D1,HM CONSTRUCTION COMPANY
VEND_DA8CEC95,DHANASARA GRAM PANCHAYT
VEND_8E27ECCC,PRADEEP KUMAR
VEND_5238FED9,GURU KRIPA TRADERS
VEND_EE12F39A,GP KUPAHDA
VEND_BB715473,NARANG SPORTS
VEND_528F724B,NALKHEDA
VEND_6E42903B,DARAVAT RAVINDER
VEND_5BA5160C,PEACOCL FEATHERS
VEND_A6C38F4F,RAO DHIRENDRA RAVINDRA
VEND_E1770C89,SUMER SINGH
VEND_60BDB878,GRAM PANCHAYAT CHIKHALI JAMUNIA
VEND_F8A1549A,OM SAI CONSTRUCTION
VEND_02B73278,SAPANA
VEND_0F8F1458,SATISH KUSHWAH
VEND_28230A83,RATHIS MEDIA CENTRE
VEND_E33542DF,DEVESH KUMAR PATLE
VEND_3918AA9D,YASH METALS
VEND_D9C30340,GRAM PANCHAYAT GARODA
VEND_CD7FC7CB,GRAM PANCHAYAT KARALAY RAMPUR THADI
VEND_CE4CF42C,ABDULRAZACK T K
VEND_847C8E5F,CONSTRUCTION OF BOUNDARY WALL AT PADMAPUR LP SCHOOL NEAR PADMAPUR BAZAR
VEND_17124739,MAMLI ENTERPRISE
VEND_82E8F5D2,UNNIMAMMUTTY
VEND_2EF1D051,UJJAIN SMART CITY LTD
VEND_1655F06E,VAASTU TRADERS
VEND_695E2216,PRAKASH P S
VEND_E6C542CF,MOJRU JUNA GRAM PANCHAYAT
VEND_D0D96750,CONSTRUCTION OF ADDITIONAL ROOM AT PACHIM PADMAPUR LP SCHOOL UNDER SIDLI DEV BLOCK CHIRANG
VEND_4C125703,JUNIOR ENGINEER 2 SURESH PUSPALAK
VEND_3F4A1BC2,HAPPY STEELS
VEND_1EB15F24,SURYBHAN YADAV
VEND_50FE59F6,GRAM PANCHAYAT MALAHAT
VEND_472071F1,AKALVA GROUP GRAM PANCHAYAT
VEND_4083AC19,BLN CONSTRUCTIONS
VEND_95035D9A,DIVISIONAL ENGINEER OPERATION APSPDCL RAJAMPETA
VEND_7927D3F4,ASSISTANT ACCOUNTS OFFICER ERO APSPDCL RAJAMPETA
VEND_AEAC6931,CONSTRUCTION OF GENDERGAON MAHILA AFAD COMMUNITY HALL UNDER BANGALDOBA
VEND_1A89B04C,GP RUPANI
VEND_0537F642,SONI MEDICALS
VEND_EC2999C9,SM HEALTHCARE
VEND_5B68E72A,GP SUNDLA
VEND_888D9E8F,GAGANDEEP SINGH SO PRITPAL SINGH
VEND_BCA3DE3C,RAVI KUMAR SO MOHAN LAL
VEND_2386E37E,KULWINDER KUMAR SO HARMESH LAL
VEND_C09FAB53,SAHNAI STONE WORK
VEND_CA2D123C,EDUTEX ENTERPRISES
VEND_F6E296B9,GRAM PANCHAYAT FATEHPUR
VEND_170A1308,PENUMATSA PADDA RAJU
VEND_A31E1B22,KAIPU SIVA REDDI
VEND_5A108330,LAXMIKANT MAJOOR SAHAKARI SANSTHA
VEND_E5E46ED9,GRAM PANCHAYAT KESALWADA WAGH DEVELOPMENT FUND
VEND_E9FD2135,GRAM PANCHAYAT DULHAR
VEND_8D7020AF,MS RB CONSTRUCTION
VEND_E275D424,C K BABU
VEND_7CE0AD97,CONSTRUCTION OF RCC BOX CULVERT AT ANGTHAIGURI SILGURI UNDER DANGTOL VCDC
VEND_FB2FACFD,GP BAROHA
VEND_2EB7A8EC,JOY ABRAHAM
VEND_EC138BBB,PRASANTA KUMAR SATAPATHY
VEND_A7BA2C61,TIMBI GRAM PANCHAYAT
VEND_B41049E4,GP SHAKRAH
VEND_763E1C86,GEETA
VEND_77D99C66,SAFI AJMERI
VEND_365FAF89,MANJU RATHORE
VEND_622CCEC3,SONI SINGH
VEND_E55EBC4F,SARAN CONSTRUCTION COMPANY BANDHANAU
VEND_A051F5D1,B K KESHAVAMURTHY
VEND_8B4B6CC8,EESHANNA B
VEND_61E96543,N G GANESH BABU
VEND_DAD1A319,GP BHARMOTI KHURD
VEND_5FFC841F,SHAJI M K
VEND_9F6E32E0,GRAM PANCHAYAT GHANSORE
VEND_045A868A,GP GUGALWADA JP BADI
VEND_E107700C,NAVKANJ ASSOCIATES
VEND_44DEB344,GRAM PANCHAYAT BYOHARI
VEND_91722BB1,LINCH GRAMPANCHAYAT
VEND_DA142350,MANPURA SHI GRAM PANCHAYAT
VEND_14C36F99,SHREE ANAND PRAKASH CHERITABAL TRAST
VEND_0B02B16B,R C S PUBLIC SCHOOL
VEND_A5FE42E6,SUBHADARSINI SAHOO
VEND_7115C685,MD RAHIMATH
VEND_4FF80B3D,THE FRIENDS COOP LC SOCIETY LTD
VEND_5AE5B5CE,REPAIRING OF KAGRABARI ME SCHOOL UNDER DANGTOL
VEND_72C281E4,PRAVEEN VARGHESE
VEND_1411086C,LALIT MOHAN JOSHI
VEND_1CAF0FDA,GRAM PANCHAYAT TAMNAR
VEND_317BD490,GRAM PANCHAYAT MAHAVAN
VEND_5CF11FF9,RESHAMIYA GRAM PANCHAYAT
VEND_B18696B5,NATIONAL INFRATECH
VEND_A97A5E3C,KALINGA ELECTRICAL CORPORATION
VEND_E3897D53,JAY TRIPURA BUILDING MATERIAL
VEND_E2094DD1,GRAM PANCHAYAT MASROOND
VEND_1F29152E,ARVIND SINGH
VEND_9965465B,RAHUL RAJ
VEND_92B5A802,KANWAR BAI
VEND_7BD10CC8,GS TRADER
VEND_5D79865C,PUNJAB POLICE HOUSING CORPORATION LIMITED
VEND_481C813F,MUDIT LAL GOEL
VEND_93891DE1,BIJU K J
VEND_57B80D2F,RAMESHWAR ENTERPRISES
VEND_261F32CF,GP SAATANBAADI S
VEND_0213B35A,MS THALWAL TRADERS
VEND_7F087338,BALAJI INFOTECH
VEND_C29CD982,R RAJENDRAN
VEND_AEB9186B,SAJEEV KUMAR K P
VEND_F95D30B9,MANOHARAN CONSTRUCTION COMPANY
VEND_F39D1AAA,VAVDI ROAD GRAM PANCHAYAT KACHERI
VEND_15D5B221,SUNEETA SINGH
VEND_4BB7402C,PEMA DOMA BHUTIA
VEND_12691633,CONSTRUCTION OF ROAD FROM KUKURMARI BAZAR TO NAMGHOR WARD NO 3
VEND_0AC59AE6,SIRI BORE WELLS AND CONSTRUCTIONS
VEND_4E1CCB80,ARELLA RAJAGOUD
VEND_A7FBBCBB,BANDU BADAM GOLE
VEND_12E1A021,CC GANESHGURI KRIRA SANSKRITIK YUVA MANCHA
VEND_1226732D,AMRITPAL SINGH
VEND_AAC9B1FA,MS ALLIED CONSTRUCTION CO
VEND_0DA26301,SORAV KUMAR
VEND_3BD26B3F,JAGDISH
VEND_A1A33836,VINAY KUMAR JATAV
VEND_C9E9AF51,RAJBHADUR JATAV
VEND_AA63B0D5,KAMAL
VEND_A41A7C1D,VIKESH
VEND_376D67A3,VITESH
VEND_22CAD5E2,PUSHPAK CONSTRUCTIONS
VEND_BB599321,CONSTRUCTION OF RCC BOX CULVERT AT DWIMUGURI VILLAGE POLASHBARI NEAR JAYANTA BASUMATARY
VEND_91327080,V PRABHAKARAN
VEND_F4CBBFC2,GP TINDI
VEND_82417CEF,DHARAMSOTH RAJU
VEND_DB0CCFD4,JAI SHREE SHYAM CONTRACTOR
VEND_C1253595,GLOBAL CONSTRUCTIONS
VEND_EF6A3F53,R K GROUPS
VEND_727D74CF,ANSULA NARZARY
VEND_04C7F5D2,CHANDRALOK CONSTRUCTION COMPANY
VEND_26D8DCA0,SUBHASMITA SAHOO
VEND_B5D03430,JUNIOR ENGINEER VII BANPUR BLOCK
VEND_A600F2A6,PUSPANJALI MURMU
VEND_36E4769B,TAJ MAJUR KAMGAR SAHAKARI SANTHA AT BABHALI
VEND_EED38535,KUTTAPPAN V
VEND_76AB1D78,JAIN CONCRETE BLOCK COMPANY
VEND_57808565,G P MARKETING
VEND_1836AB7C,JAI KANTMANI TRIPATHI
VEND_F26170E8,RENOVATION OF ADMINISTRATIVE BUILDING OF BODOSA HIGH SCHOOL UNDER BANGALDOBA VCDC
VEND_5A627F50,SHIV SHAKTI ENTERPRISES
VEND_5D0F2598,MUDRALAYA JILA PANCHAYAT UDHYOG
VEND_7DA27E95,CMO NAGARPALIKA MANDLA
VEND_A8464E80,MANEKPURA GRAM PANCHAYAT
VEND_3C34A29C,ABHINAY RAMDAS PATIL
VEND_B1F20FE0,TRK INFRASTRUCTUR
VEND_AEDBC9EF,SIBAYA SAMBIT NAYAK
VEND_C7C86A44,RAM AWADH JUNIOR HIGH SCHOOL
VEND_605BC6C2,SHREE SHYAM SERVICE
VEND_45346B4F,SUCHISMITA BEHERA
VEND_9C5D96E1,MITHALESH CONTRACTOR
VEND_057E4BE7,ANKIT INFRATECH
VEND_6C7E0652,PROMPT EQUIPMENTS PRIVATE LTD
VEND_65CBC543,SHRI NAVKAR METALS LIMITED
VEND_7D6AE677,CHAIRMAN HWC ANAMANMURU
VEND_357D7AA1,NAMAN ENTERPRISES
VEND_6E5656BD,H NYAMTO KONYAK
VEND_1E5C3888,ARUN KUMAR DASH
VEND_E5C4B611,PRITAM SINGH
VEND_A4B89761,SIDDHA CONSTRUCTION COMPANY
VEND_47E5C576,TANVI CONCRETE INDUSTRIES
VEND_2A49273C,UPDESH KUMAR THEKEDAR
VEND_12C79F04,GRAM PANCHAYAT KUDWA
VEND_1F169A3A,SKS GROUP
VEND_3055F7E3,THE JAI SHIV LABOUR AND CONSTRUCTION COOPERATIVE SOCIETY LTD
VEND_E6FBFCB0,CONSTRUCTION OF RCC BOX CULVERT AT DHALIGAON VILLAGE NEAR DAMANTI BRAHMA HOUSE
VEND_334E8D7E,INDRAJEET SHRAVAN PATIL
VEND_B149C4F9,GRAM PANCHAYAT BAIJNATH
VEND_C6ED9214,GRAM PANCHAYAT CHATA
VEND_C201126D,RUDRA ASSOCIATES
VEND_9918D8A7,MANJEGOWDA
VEND_8C6B4954,KOYALKAR KISHAN
VEND_F35D117D,LOKAMATHA CONSTRUCTIONS
VEND_640B3DE9,KANHA KISHORI CONTRACTOR
VEND_8133A67D,GP MANJHIAR
VEND_200369BE,GP GOIES
VEND_7728EEA9,SKYPOWERSYSTEM
VEND_4C379100,PARAMESWARI
VEND_A1461609,MAA BELHA DEVI ENTERPRISES
VEND_08109468,RAHUL KUMAR MISHRA JUNIOR ENGINEER NREP
VEND_2EA31EEB,RANESH CHAND SO KARAM CHAND MISTRI SADARPUR
VEND_14B7B14E,KANAV RALHAN
VEND_30E51A6E,CONSTRUCTION OF MINI FLOOD CONTROL DROP AT ULTI PADDY FIELD MANGLAGAON UNDER BANGALDABA VCDC
VEND_DA118BB4,ND MODERN PUBLIC SCHOOL
VEND_66F2C42F,GRAM PANCHAYAT JATKARI
VEND_26C29605,MUTHAIR AHMED
VEND_1DC730A4,INDRAJEET
VEND_9135EC22,SINGH CONSTRUCTION
VEND_B103C6D7,MANISHA NEGI
VEND_8374DA13,ABHISHEK GUSAIN
VEND_F4D47606,SUCHITA RAWAT
VEND_09E0B707,RAHUL PANWAR
VEND_80EE7AE3,ANKIT GUSAIN
VEND_B4AEB827,SANSITHA
VEND_9379E9DB,ALOK RAWAT
VEND_E691CB70,NAVEEN
VEND_AAC33737,SAMBIT ENTERPRISES DOLPURA
VEND_E51896ED,KISTUREI DEVI
VEND_7B2A1130,MUKESHI DEVI
VEND_B639DAC9,NARENDRA KUMARI
VEND_42645E5F,MUKESH MEENA
VEND_681C5AC8,LAXMAN WAIRWA
VEND_CDE8FEF3,JAGNI DEVI
VEND_CD340E8D,JAGNA BAI
VEND_F0D9C140,NATHI DEVI MEENA
VEND_19C052E2,HEMA DEVI
VEND_BF7CDF85,BATTLAL MEENA
VEND_BF531A8C,SUSHILA BAIRWA
VEND_3E56E064,RAJU LAL MEENA
VEND_F333004F,SURESH MEENA
VEND_AB384E46,SINGARI
VEND_BAB55431,ARANTA
VEND_43A0E75D,RUPANTI
VEND_03933520,LIKSHMA BAIRWA
VEND_A0A5EE2B,RAMKARAN MEENA
VEND_C970F787,ECONATIVE VENTURES PRIVATE LIMITED
VEND_61162236,RAMESH KUMAR THEKEDAR
VEND_E1788353,ALODIA LIFE SCIENCES PRIVATE LIMITED
VEND_968CCAC6,SYRA ENTERPRISES
VEND_EAF0375D,ISHU TRADING CO
VEND_C820DBA1,P S COMPANY
VEND_EDC0FC83,VIMAL ENTERPRISES
VEND_608A1440,KANDULAPATI JAYA SUBRAHMANYAM
VEND_5398CED4,SUNIL KUMAR LENKA
VEND_0A7FCC7B,J P INTERMEDIATE COLLEGE
VEND_1E1A1BAF,SHRI GAURI SHANKAR SANSKRIT MAHAVIDLAYA
VEND_8D036D11,KARTHICK G
VEND_32CA8965,TATIYANA GRAM PANCHAYAT
VEND_154CDDFE,KURUKHETRA BUILDING MATERIALS AND SUPPLAYERS
VEND_5727D37B,ASMITHA SC LABOUR CONTRACT SOCIETY
VEND_08AFD930,RAKESHBP
VEND_992EA1FA,GRAM PANCHAYAT SAKRAI
VEND_F487FF96,GRAM PANCHAYAT SHAYMGARH
VEND_7D492ACF,NILESH GANESHRAO SHRIKHANDE
VEND_AECC4F3B,NEO GEO CONS
VEND_864670EA,MEDHAGRAMPANCHAYT
VEND_776B4433,GP KOSAMKHEDA
VEND_39556BC4,KALAWATI DEVI MAHILA MAHAVIDYALAY
VEND_3F99E505,VIKRANT ASSOCIATES
VEND_5436978B,GOVERNMENT CONTRACTORS CO OPERATIVE SOCIETY LTD
VEND_1DF6DE59,SHREYA CONSTRUCTION
VEND_999751C2,GEO MATHEW
VEND_76FE9941,ARORA ENTERPRISES DASUYA
VEND_BB1A35E1,MUNDH BOARING AND SANITARY STORE KHUDDA
VEND_8EF56CC2,J P CONSTRUCTION
VEND_0B6BAEE7,SHANKAR REDDY SAREDDY
VEND_7882DFE7,PARKASH SINGH MISTRI SO MAHINDER SINGH VILL KALUWAL
VEND_47AF722B,ABHIBHASHAK SANGH NASRULLAGANJ
VEND_67EA1A9D,BRAR ELECTRICAL AND COMPANY
VEND_61BBD1CF,SCNS CONSTRUCTION
VEND_68E03F58,PANNELA CHANDRA SEKHAR
VEND_E8CE0EFD,ASHOK BHARGAV
VEND_19E788DE,GRAM PANCHAYAT KARNPURA
VEND_A713BB36,INDIRA CONSTRUCTION
VEND_CF87FCED,CONST OF LOAD BEARING DRAIN AT BYE LANE NO 1 WARD NO 23 SATIRTHANAGAR SAUKUCHI GUWAHATI
VEND_F5FCB2F5,CC FOR CONST OF NETAJI PATH AT LALGANESH
VEND_861363B0,D S ENTERPRISES
VEND_0867023D,GRAM PANCHAYAT BADERASOPAN
VEND_3D53D2E0,AGHIL K S
VEND_E07B9F59,PANDURANG SITARAM BHALERAO
VEND_472D3AB0,PRMOD
VEND_F48A6EDE,KESI REDDY MURALIDHAR REDDY
VEND_BD20F839,VENUS ENTERPRISES
VEND_1D5A7D45,DELVADA GRAM PANCHAYAT DELVADA
VEND_5A240DF6,DEODAR GRAM PANCHAYAT
VEND_F5C8FC5D,PRESIDENT VILLAGE LEVEL WORKS COMMITTEE PATUR
VEND_2DDBFE39,SATURN 7 PRIVATE LIMITED
VEND_BF06B558,GRAM PANCHAYAT BATWADI
VEND_D13988D8,ROY MATHEW
VEND_70C66B2F,SAURABH KATARA
VEND_6656DE86,SHRAMIK MAJOOR SAH SANTHA
VEND_1606CDD2,NAVYUWAK MAJOOR SAH SANTHA
VEND_DAE7BBDB,SHREE BHANJIBAPU MAJUR BANDHAKAM SAHAKAR
VEND_11B10B4D,HIMALAYA BORE WELLS
VEND_9E4AE71F,PONNI AND CO
VEND_EFA9C0B8,TAHASILDAR BEGUNIA
VEND_350ECC89,JS FOURWHEEL MOTORS LTD
VEND_7EF02AE8,GP KARSAI
VEND_9E0E12E1,AVG VEHICLE SALES SERVICE PVT LTD
VEND_F6C7839A,PATIDAR TRADING COMPANY DAMDI
VEND_B812B105,MS SHIV SHAKTI STEEL
VEND_D6C75806,GP BALH KHALSA
VEND_DF15A0A1,KMR CONSTRUCTION
VEND_68874BB5,PRASHANT BUILDERS
VEND_95C25C92,SANDEEP SHARMA
VEND_1F079769,YASHI TRADERS
VEND_CA66D360,N C BRICKS
VEND_CECAF955,PIYUSH KISHOR JAIN
VEND_C183C914,GP DUGHA
VEND_EFBF4876,AE CHONGRANG
VEND_E785E654,DEVENDRA BASNET
VEND_EB199D6B,MALATI DEVI
VEND_ACBEAC51,ABDUL RASHEED N
VEND_2A72D442,OM SAIRAM TRADERS
VEND_81586A39,PULSE POWER TECHNOLOGIES PRIVATE LIMITED
VEND_6F39120E,L D CONSTRUCTION
VEND_2C5F82AC,RAM MURTI
VEND_B7AA2CE5,JAI SHREE OM BANNA
VEND_07AE8D4D,GP PANDWIN
VEND_B89C5F2C,S N ENTERPRISES
VEND_379C19FC,KHUSHI CONSTRUCTION COMPANY
VEND_C353260F,MS SHYAM CONSTRUCTION COMPANY
VEND_E7A3A54E,N P CONSTRUCTION CO
VEND_45CF12F4,GRAM PANCHAYAT NAINVASKALA
VEND_5392F857,NAMDHARI IRON STORE
VEND_1407CD1B,MURALIKRISHNAN A R
VEND_FC3B8EA8,VASUDEVAN P C
VEND_BF57242E,OMNIVERSE INNOVATIONS
VEND_5AE7039C,DARYAPUR SAHAKARI MAJOOR SANSTHA
VEND_EB29E8B8,ROYALITY ADDL ROYALITY
VEND_6260319C,KASHYAP MEHRA
VEND_21F9164A,SARPANCH SACHIV GRAM PANCHYAT NAGNA
VEND_437FDD23,SANJAY TRADERS
VEND_FA31E7BE,TEJAL PAINTINGS
VEND_4A54F88D,TEJAL TRADERS
VEND_F109C3DD,LATTUPALLY SHEKAR REDDY
VEND_97CB6A7C,NALLAVELLI DHAMODAR REDDY
VEND_E9902684,LATHEEF M
VEND_70E1E5E6,KERALA ARTISANS DEVELOPMENT CORPORATION LTD NRO KOZHIKODE
VEND_D3B4D9CF,GP BADEHRA
VEND_21A86DD7,NEEL KANTH IRON STORE
VEND_08C931AE,NARULA MARBLES
VEND_300F4780,PRITI INFRATECH
VEND_3869AEF2,PAUL M D
VEND_971A50E8,SANT MADHU PARAM HANSH SHIKSHAN SANSTHAN
VEND_57589938,GATODJI CONTRUCTION LOHARIYA
VEND_17EA3648,HA INFRA GLOBAL PRIVATE LIMITED
VEND_1EED5681,GROUP GRAM PANCHAYAT VADODAR
VEND_5245A7A0,GRAM PANCHAYAT KONDRAMAL NARAYANGANJ
VEND_EBB3E670,MOORTHY
VEND_9335E971,DE OP TSNPDCL KNR
VEND_33320F93,AMAL MANDAL
VEND_DDE5B4F2,SHIVAM KUMAR OJHA
VEND_C035E0A0,P V PRASADA REDDY
VEND_DB88DB37,GRAM PANCHAYAT AAMKHEDA KALU
VEND_C53D553C,HP CIVIL SUPPLY SHIMLA
VEND_873E7B69,KUTTI RAYIN KUDUKKAN
VEND_D78B3DF1,MR GRAM JAL AWAM SWAKHSTA SAMITI G P RAIKERA
VEND_5D65905D,BUDHIRAM TIYU
VEND_C3473890,GP GURADIYA
VEND_D46FE715,CONSTRUCTION OF CREMATORIUM AT KISHAN BAZAR
VEND_11C7F9EC,CONST OF BNDRY WALL AT BATHOU RESEARCH CENTRE SIMLAGURI
VEND_C3E1B581,CONSTRUCTION OF COMMUNITY HALL AT BIJNI DIST BODO SAHITYA SABHA OFFICE BHETGAON BIJNI
VEND_A07F6F8F,CONSTRUCTION OF BOUNDARY WALL AT RANGSARI COMMUNITY HALL BESHARGAON BIJNI
VEND_047876AE,GRAM PANCHAYAT TANOD
VEND_17EB82D8,NEW KARAM WOOD WORKS
VEND_7D8D30B7,GRAM PANCHAYAT RARANG
VEND_D9EE6388,SEHRA ALUMINIUM WORKS
VEND_CF87C6A7,KALLOOR ELECTRONICS AND LIGHTING PVT LTD
VEND_93BB1F75,GANNYKHAN ALLAHBUXJI
VEND_21B11EE7,HAMSAKUTTY M
VEND_6A9F6C00,MAHINDER PAL
VEND_2659CE21,RANJEET KUMAR VERMA CONTRACTOR
VEND_8FBE9A6E,GURDEV FILLING STATION
VEND_3096B125,VARINDER SAHNI HDFC
VEND_80998F75,JALLARA MINI BANK
VEND_0D6E63CC,KUNCHALA RAJU
VEND_BF4BFFF7,GRAM PANCHAYAT PANDARWANI BLOCK LALBURRA
VEND_10D7A86E,AMRIK SINGH BKO
VEND_9A80F449,AMRITSARIA MAL SYAL BRICKS KLIN
VEND_45B70F2E,PANKAJ TRADING COMPANY
VEND_E9756532,KAUSHIK DAS
VEND_97960A31,AGGARWAL FURMISHERS
VEND_13053C40,YOUSUF CHUNKATH
VEND_B915DF45,VIDAJ GRAM PANCHAYAT
VEND_6876DF2B,THOTA KRISHNANJANEYULU
VEND_C035F2A6,KHANNA SALES CORPORATION
VEND_B1614993,MAHILA ASHRAM MUWANI
VEND_8CC35E4E,M A SAINUDHEEN
VEND_EDF3CF16,SHIVA VILAS DANGE
VEND_ADBD93FE,SACHIV GGEM PANCHAYAT BEHRAKHEDI
VEND_5F5E1DB7,MS JOY MA CONSTRUCTION
VEND_2FF4F41D,KRISHNA GUPTA
VEND_66C64369,ADITYA GANESHRAO GAWANDE27AWDPT5004E1ZQ
VEND_38D168DD,MAULI VIGHNAHARTA CONSTRUCTION COMPANY
VEND_2D21855B,SADGURU SAI INFRA WORLD PVT LTD REWA
VEND_20204748,BALA JI AND COMPANY
VEND_C0B5823E,PANKAJ KUMAR SRIVASTAVA THIKEDAR
VEND_B6C61187,DY DIRECTOR ELEMENTARY EDUCATION
VEND_B95F1731,MS OM SAI INTERPRISES
VEND_5A0C5148,SHAUKKATHALI
VEND_F422B79B,GP BHOJON
VEND_90BD4F6E,V NATHAN
VEND_8B0EB720,SPECTRUM DISTRIBUTORS
VEND_1B8F4E16,KANHA GO GRAM SAMVARDHAN DHARMARTH NYAS
VEND_72D419DD,GRAM PANCHAYAT LAMKNA
VEND_E30F4595,THE BARFANI CO OP LC SOC LTD KTL
VEND_3F042B19,GRAM PANCHAYAT ALIUDEPUR
VEND_9E8E8A2D,MOHAMMEDALI P K
VEND_082D86F5,ASHOK CONSTRUCTION
VEND_04FC49ED,ASHISH SHUKLA
VEND_B9AEFA05,BISHNU PRASAD BORAH
VEND_9A866F6F,KIRAN M G
VEND_B52178D1,SRIMA SUBHADARSINI DEBATA
VEND_D816EF00,SHRI MAHADEO MAJUR SAHAKARI SANSTHA MARYADIT BASARGE
VEND_4B27E11E,VISHNESWAR CONSTRUCTION
VEND_CD7E5120,GAUTAM KARMAKAR
VEND_21588A15,SHINGARA RAM AMAR CHAND BANGA NEW ACCOUNT
VEND_142F65FC,MAHARASHI PARASHAR BUILDING TECHNOLOGY
VEND_56A47FB9,HARKESH SO SHIVDAYAL
VEND_E0728998,JEETRAM SO CHAITRAM
VEND_33759354,BDO SURANI RS
VEND_F8CE6992,MUKESH ENTERPRISES
VEND_1E059037,SWAPNA BARIK AE
VEND_86428150,UPENDRANATH SHEE AE
VEND_F8F43545,SAMITI AC BDO NUAGAON
VEND_19218C09,RAILTRO ENGINEERING PVT LTD
VEND_66316552,ROYALTY TAHSILDAR BIRMITRAPUR
VEND_23C2A4F5,TEJAS ENTERPRISES
VEND_B1F374E9,SARPANCH GRAM PANCHAYAT GANERA
VEND_196B84DD,SARPANCH GRAM PANCHAYAT SHIVPUR
VEND_89C014D6,SIBA SANKAR MUNDA
VEND_2C0D04E7,NARASIMHARAO ANDEY
VEND_0B11E86E,JF JAVID HUSSAIN
VEND_A067AF80,GAUTAM KUMAR
VEND_06376D3C,CHOTYA BAIRWA
VEND_4104C8A1,SUVITA
VEND_80C56DF5,DEEPAK KUMAR MEENA
VEND_E1F5A7A1,BHAGYA SHREE MEENA
VEND_45741271,RAJENDRA PRASAD GUPTA
VEND_F01F5437,NETRAM MEENA
VEND_F5C7B6DB,SHREE SHREYAS MOTORS
VEND_DD4B8971,GRAM PANCHAYAT VIJAYPUR
VEND_298660FE,UTKARSH BAL KALYAM SAMITI
VEND_69405DA0,DHANASHREE ENTERPRISES
VEND_C8731964,TRIPATHI TRADERS
VEND_ADAAA887,M RANGANATH
VEND_8C8B219C,PROJECT MANAGER NIRMITHI KENDRA RAMANAGARA
VEND_16BDEEFF,SATYA RANJAN MISHRA JE
VEND_ACA5E09F,BENNY M JOSEPH
VEND_B0C5BBF9,R K ENTERPRISES
VEND_05E2B216,DMFT FUND
VEND_928F47DD,INDEX ELECTRONICS
VEND_A5E0DA83,NAGI BUILDING MATERIALS VILLAGE PASSI KANDI
VEND_7BA13E3B,DEVANDRA KUMAR
VEND_B5B72842,KRISHNA SURGICAL AND MEDICALS
VEND_3F42DDA9,MAA SATI CONSTRUCTION COMPANY BIRMA KANOD
VEND_B6C13D63,KAMAL SINGH GURJAR
VEND_49EF1951,RAJAPARA THA GRAM PANCHAYAT
VEND_7D708E9D,RISHITHA CONSTRUCTIONS
VEND_38D34F5B,SK BRICKS AND CO
VEND_6D9018A5,SUNSHINE AND COMPANY SALOTA
VEND_420F8EE3,SANJEEV KUMAR CONTRACTOR
VEND_8BAEBE4A,PANCHTOBARA GRAMPANCHAYT
VEND_AD7C29DF,MS JP CONSTRUCTION COMPANY
VEND_161F1771,PANKAJ TRADING COMAPNY
VEND_A6714B2F,PRAKASAM R
VEND_DE27A7A0,GRAM PANCHAYAT DAYAL KI NANGAL
VEND_DF408D6D,RAJEEV RANJAN JUNIOR ENGINEER
VEND_5F24A81B,CHAHAT ENTERPRISES
VEND_3E6C1BB8,N RAMAKRISHNA
VEND_A5AF735A,NIJJAR ENTERPRISES
VEND_5648E811,MPAGRO
VEND_82CFD880,GRAM PANCHAYAT KOTAGAHANA
VEND_9F8A1E04,GRAM PANCHAYAT KARAMDIHA
VEND_9FD4AD3E,SARPANCH AND SACHIV GRAM PANCHAYAT SEMRAKATHARA
VEND_5C6AF891,GRAM PANCHAYAT JHAJHAR
VEND_D6C9D8CD,PRABHA ENTERPRISES
VEND_995FF1C8,ADISHAKTI INTERPRISES
VEND_FF4EDD21,BHADKASAR GRAM PANCHAYAT
VEND_7C6DB740,ANUP NANDKISHOR NIMKAR
VEND_84060C86,VIJAY BHARGAV
VEND_BC939785,RICHY BENEDICT
VEND_8F3B7E26,GARG ASSOCIATES
VEND_FC9454B8,GAO SADAN SEWA SAMITI
VEND_374EBF7D,TIRUMALA TERMINALS PRO MITHILESH MADANRAO NAIK
VEND_1BD31659,SAI KRUPA CONSTRUCTION PRO GAJANAN MANIKRAO VAIDYA
VEND_448BCB8B,SANKARAN V P
VEND_66C9E2AC,SAHEEM VT
VEND_DE2C13BF,PALASH MITRA
VEND_4EE9F919,JALALABAD BRICKS INDUSTRIES
VEND_2E61E541,GORIA ENTERPRISES
VEND_8B6DA878,KUTUBUDDIN FAKHARUDDIN EZZY KUAA
VEND_76E353D5,GRAM PANCHAYAT MOHAD
VEND_2D8B3540,SUNIL NAMDEO KOLTE
VEND_51D68CDD,SHUBH ENTERPRISES
VEND_640E5A50,GRAM PANCHAYAT MANDOTA
VEND_BAF75DB8,SONKATCH
VEND_6701205D,SHRI HANUMAN CONSTRUCTION COMPANY
VEND_CB284BC5,MINI BANK TOKAR
VEND_7130B0D2,GP KALZAR MATIYANA
VEND_0ADB59DA,PADAM ENGINEERING CO
VEND_9471AA81,SARPANCH SACHIV GRAM PANCHYAT SURTALAI
VEND_E4265444,ABHAY NARAYAN YADAV
VEND_24E01A16,CHHATTISGARH HUMAN RESOURCE DEVELOPMENT SOCIETY
VEND_78ED7AB5,GP KANERA
VEND_13799FAC,PRESIDENT VILLAGE LEVEL COMMITTEE ANANTHASAMUDRAM GP PULLAMPET M
VEND_8BF025CE,GANGALAXMI ENTERPRISES
VEND_EE7D1085,DB ENTERPRISE
VEND_3BA2D37E,PAWAN TRADING CO
VEND_D8D5B1D0,NM RANDHAWA TILES CO
VEND_F26A3B93,SAHADEV PRADHAN JE
VEND_C27B79CF,JAYPRAKASH JAGANNATH MANE
VEND_A9943717,JAI MATA DI EENT UDYOG
VEND_C5CFF452,AGGARWAL SANITARY STORE
VEND_5A93385E,SANWARIYA ENTERPRISES
VEND_E1D97FD9,KARTHIKEYAN ELECTRICALS
VEND_AC7B4752,DINESH SHAHI
VEND_DB096442,MARKANDEY KUMAR
VEND_077E9DED,SNEH HYDRATECH ENGINEERING SOLUTION
VEND_519A85A1,ANANT BUILDER AND DEVELOPERS
VEND_7CF6161E,FATHEGHAR FABRICATORS
VEND_D9362134,PM ABDUL KAREEM
VEND_D100A329,NAMDEV DIPAK DESAI
VEND_A89EC260,SHAILESH SURESH ADATE
VEND_58D6ACFD,GANESH BABURAO MASALI
VEND_6DD9DF44,GNANASEKARAN CONSTRUCTION
VEND_B4C0DC2A,SONPARI GRAM PANCHAYAT
VEND_B7715104,SRI LAKSHMI NARASIMHA ENTERPRISES
VEND_D5B27F8D,GRAMPANCHAYAT RAMUN
VEND_C364049E,G R ASSOCIATES
VEND_8EBA0DF7,SHRI RUPESH BORA
VEND_079CE4A9,ASSISTANT ENGINEER BAC RANKA
VEND_02CC7361,MALASIKA GRAM PANCHAYAT
VEND_1D2AA0CA,AMIYA KUMAR BRAHMA
VEND_C0D7D2C0,PRAFULLA BRAHMA
VEND_285256D7,SHRI SAI ENGINEERING WORKS
VEND_999B1E4E,VASANTHRAJ
VEND_D592CEFB,SARPANCH GRAM PANCHAYAT BHATHA
VEND_34312545,CC FOR CONSTRUCTION OF SAMANNAY PATH AT KAHILIPARA
VEND_E18B27A0,ABHIMANYU KUMAR SHUBHANKAR
VEND_C517C5C9,PERFECT ENTERPRISE
VEND_70258242,SANJIV HIGH TECH BUILDING MATERIALS
VEND_3D42CFFB,SETH CONSTRUCTIONS
VEND_EAB44DA1,GP TUNG
VEND_44680DE1,GP BANDU
VEND_ACEEE533,SHAMSUDHEEN K
VEND_A4753D8D,PRABANDHAK BABA GOPIDAS MEMORIAL CHILDRE N PUBLIC SCHOOL KAPTANGANJ AZAMGARH
VEND_48CDC8E3,OBEROI ELECTRICALS
VEND_C4544687,KUMUD KISLAY
VEND_38234AF0,THATIPARTHI SHAILENDHER
VEND_E3AF77E6,SWARASWATI SIKSHA PARISHAD
VEND_C80B88B3,MP AGRO JABALPUR
VEND_2F7D4BC8,PURI TRADING CO
VEND_C838DB3E,SAKSHAV IRON STORE
VEND_F5973C86,ISHWAR AGRO INDUSTRIES
VEND_8772D110,SHREE ROBERTSGANJ SONBHADRA
VEND_A86F88BD,MS CEE KAY TRADING CO BHATTI DA PIND
VEND_D5C72271,MESRS CHIMANLAL
VEND_5C5CDE0B,GRAM PANCHAYAT SUDRASAN
VEND_07E15484,H K FABRICATION
VEND_0B43E368,CHARANJIT KUMAR
VEND_8154A976,THANGAL KUNJU A
VEND_9174BF18,JASORIA BUILDERS
VEND_28E1DF62,RAJESH KUMAR S
VEND_646F6A11,JOHN KENNADY E
VEND_4F6C7663,RK ENGINEERING GROUP
VEND_56AF93B6,GP UMRED JP BIAORA
VEND_8610294D,GP NIHUIN
VEND_6AB9007C,SUDESH CHOPRA 280 NEW JAWAHAR NAGAR
VEND_7829F3C8,GANESH INDUSTRIES GURDAYAL SINGH
VEND_3211780E,JINDAL WIRE NETTING INDUSTRIES
VEND_0E1272AB,MEDITECH HEALTH CARE
VEND_04662C5B,G P MUDPAR CHHOTE
VEND_0619A158,G P DOMADIH A
VEND_FEBEA4A7,G P DEOGAON PATHARIPALI
VEND_28550507,GP BHEMAI
VEND_232DE440,GP BHESRA CHOTA
VEND_D8471325,NIGESH V V
VEND_BCFE87A0,GRAM PANCHYAT BARGI
VEND_D13EFFBA,HARINDER SINGH
VEND_F366A4B2,FAZALUL HAQUE K
VEND_8FED3150,RAJENDRAN
VEND_937CAAE0,SAJI SEBASTIAN
VEND_E526541C,SHERPURA GRAM PANCHAYAT
VEND_5648DB04,SANJEEV PRAKASHAN
VEND_882AF7CB,GANTHOLIYA ENTERPRISES
VEND_C0B90821,SANT BABA PREM SINGH JI BUILDING MATERIAL
VEND_655A857D,BETAL ENTERPISE
VEND_0D5BE401,BMO CHC NAINPUR
VEND_8E4C254A,MUHMMAD NOMAAN
VEND_6211C182,MOHD YASIN INTER COLLAGE KEWAL PUR BHARATGANJ MANDA PRAYAGRAJ
VEND_0FCD162F,TEJ PRAKASH UPADHYAY
VEND_DFE0B5F6,JAYBABA MAJUR KAMGAR COOPRATIVE SOCIETY LIMITED
VEND_3F81265B,EXECUTIVE ENGINEER PWD PROV DIV JAL
VEND_78FF3110,GRAM PANCHAYAT PALDUNA
VEND_5EF176F1,GP TANDI
VEND_16462AF2,CHEKARA GRAM PANCHAYAT
VEND_9257ADAB,NATIONAL ENGINEERING WORKS
VEND_88977604,NOVA SPORTS AND FITNESS
VEND_79B53D05,ROHITH PROJECTS
VEND_8B362A67,AENOANDMJVVNLVIRATNAGAR
VEND_6C58C585,KHUSHAL SINGH POKHRIYAL
VEND_189908D7,SCALA INFRASTRUCTURE
VEND_6DDC7FED,BLUE SPACE MEDICAL SYSTEMS
VEND_F436920D,KCR CONSTRUCTIONS KADAPA
VEND_8BA15C7C,VIKAS ADHIKARI P S KATHOOMAR
VEND_B5CBAFC3,NAGASHAYANA K R
VEND_D6D87C6F,GRAM PANCHAYAT KUNMERA
VEND_80DC1E6B,GRAM PANCHAYAT KHARHADORNA
VEND_ED1403A1,RS BUILDING MATERIAL
VEND_25505EB0,SANTRIX CONSTRUCTIONS
VEND_BBE987E4,DATTA DIGAMBAR MAJOOR SAHAKARI SANSTHA LIMITED MAKEGAON
VEND_7514D394,RAKESH SINGH CONTRACTOR
VEND_41B30C24,OL GRAM PANCHAYAT
VEND_0527B247,KAPIL HARDWARE AND SANITARY STORE
VEND_106A7C00,LAKHWINDER SINGH
VEND_D7B7B2C7,HI TECH CONSTRUCTION
VEND_AE2F7287,NIRVAAN INFRA
VEND_00E46AEB,DHARMENDRA SINGH THEKEDAR
VEND_A69AE19B,MOTA BHAMODRA GRAM PANCHAYAT
VEND_D7C68C6F,MHS CONSTRUCTION
VEND_16384288,GP NAHOL
VEND_86C6AA1F,GP SATOG
VEND_CC01B530,GP KIAR
VEND_FC65BA4B,GP CHEOG
VEND_05B87507,CHAVAND GRAM PANCHAYAT
VEND_E9612A2E,R ENTERPRISE
VEND_6388CD19,GP BHADIAN KOTHI
VEND_AA3B9E2B,GP LUDDU
VEND_D5182A58,P HANMANTHA REDDY
VEND_11A7FBC9,GRAM PANCHAYAT UPPER DADH
VEND_3D8C241B,MADHUSUTHANAN K P
VEND_BC766C62,S P SIKSHA NIKETAN JUNIOR H SCHOOL
VEND_0EF71447,AMIT HANDA
VEND_03B4601B,GOPALA KRISHNAN P
VEND_CD2CE35C,BAJRANG SUPPLIERS BORWAT
VEND_02959883,RAJ KAMAL CONSTRUCTIONS
VEND_5D9D07D9,VISHAL MAZUR CO OP SOCIETY
VEND_0E8673D5,SHREE GAJANAN MAJOOR SAH SANSTHA KALAMGAVHAN
VEND_D0AD2621,HANEEFA K V
VEND_A9FC9F3D,SANJEEV KUMAR ASSISTANT ENGINEER ZILA PARISHAD RANCHI
VEND_16FD2A07,SREENATH M C
VEND_1C2F0440,AMRAT LAL
VEND_9341150D,RANA STATIONERS
VEND_2BAECFF1,JAI BAWA LAL JI TRADING COMPANY DASUYA
VEND_405B9044,MS KISSAN BHALAI KENDRA DASUYA
VEND_1C3C9F30,MAHADEV CO COMPANY
VEND_9625D5B9,THE CONTRACTORS COMPANY
VEND_582E0479,NBR TECHNIC INDUSTRIES
VEND_47B73CF0,SETHI BUILDING MATERIAL
VEND_32563CBF,THE DHAB WASTI RAM COOP LABOUR AND CONSTRUCTION SOCIETY LTD
VEND_D5BFC9B8,MILAP SINGH
VEND_30925A77,ANIL PATIDAR
VEND_6F17B160,MS MANOJ KUMAR PATEL
VEND_A43579EA,CONNECTWAVE INTEGRATIONS PVT LTD
VEND_385238CE,GP KAIRON SBM
VEND_56AA4870,NAMAN STEELS
VEND_CC82B70C,AJIT BUILDING MATERIAL
VEND_0B3D4421,SHRI HARI TRADERS
VEND_3C426A40,SHRI MATESWARI ENTERPRISES
VEND_6735958B,GAUTAM RAWAT
VEND_582B7C40,CHAITA DEVI
VEND_5318364D,KAPIL DEV SINGH
VEND_E70C3687,ABHISHEK PANWAR
VEND_71C1FEB8,RAJPAL SINGH CHAUHAN
VEND_42CFAA23,KAZI KHAN CONSTRUCTION COMPANY
VEND_7DD1E6E2,SHREE KHETHESWAR ENTERPRISES
VEND_92917AEA,GRAM PANCHAYAT BADONA
VEND_FF274495,FRIENDS KILN CO
VEND_9CDB6BC8,PUNJAB HARDWARE STORE
VEND_48102A9C,RANA TRADER
VEND_EF51B199,SAMBHAJI LABOUR CO OP SOSOCY LTD WARKHED
VEND_907339D9,PRABHU M BALIKAI
VEND_704D555D,RAVATTAMANGALAM LCCS
VEND_1BF6008B,NEETIKA PRAKASHAN
VEND_AF15F1AB,PUBBI ELECTRICALS
VEND_6ADD35A2,GP PUKHRI
VEND_AEC35DC5,HIMANSHU KUMAR
VEND_2B28C91B,PRASAD S
VEND_C130C1AB,GP BOONI
VEND_9CC68502,GP SANAHI
VEND_273C1E18,BANAVATH SANTHOSH
VEND_3A078E7E,MUNISH BANYAL
VEND_644EA9F3,GOUTAM INFRASTRUCTURES
VEND_E6DFA9EC,SAKKEER K
VEND_4A4985BD,NASEEB CARRIAGE AND CONTRACTOR
VEND_FB4A68F0,GANPATI ENTERPRISES
VEND_64DA06D8,CMHO BALOD
VEND_4090B7ED,GP KHARAT KHASS
VEND_9202F65B,CHIEF MEDICAL OFFICER KUPWARA
VEND_46A6AAD2,SWASTIK INFRA PROJECTS TUNWA
VEND_7A67657D,BALAJI CONSTRUCTION COMPANY
VEND_986BA8F6,BALAJI CONSTRUCTION COMPANY DHOD SIKAR
VEND_BD124147,SHASHIKANT BALASAHEB DIGHE
VEND_5478B9A3,CH DEEPALI MSS LTD
VEND_7915D945,GRAM PANCHAYAT MOLASASR
VEND_ACF41B58,NIDUS ADVT MARKETTING PVT
VEND_1CAF5AE1,GRAM PANCHAYAT GADHABHATHA
VEND_756AD0DF,APU CONSTRUCTIONS
VEND_A57B0C0E,NAZMA KHATUN
VEND_ACA63537,SHREE JAANKINATA CONSTRUCTION CO
VEND_BB59A70E,ASHOK KUMAR SARASWAT
VEND_FA0F1C81,NOZUNG SHERPA
VEND_42526477,ARJUN LAL CHOUDHARY
VEND_04338462,SHRI RAMESHWARAM CONSTRUCTION COMP
VEND_7F199BDB,NANDANI TRADERS
VEND_EA6882D7,SHRI VINAYAK INFRA
VEND_413E3751,MAA LAXMI CONTRACTOR AND SUPPLIERS
VEND_72BA46DA,Y A CONTRACTOR AND SUPPLIERS
VEND_FD59CBB9,JAY PEE BUILDING MATERIAL
VEND_6BF0D1AE,ABRAR AHMAD CONTRACTOR
VEND_C3F220B0,SAKSHAM ART GALLERY
VEND_298765C5,TAHASILDAR KUSUMI
VEND_D5F2F9D3,GP UCHER JP SANCHI
VEND_FB87611C,MS BABULAL AND KRISHAN KUMAR DAVENDA
VEND_8FE89F51,SHRI OM CONSTRUCTION COMPANY
VEND_2D35E802,RAMBHA DEVI
VEND_39718E24,MUSKAN KUMARI
VEND_ECB3FDF4,B R CONTRACTORS
VEND_1DAFD2E8,M K ENTERPRISES
VEND_DE19CA94,VIVEK KUMAR SINGH
VEND_0374917B,GP SENDOLA
VEND_06A215DE,CC FOR SANGBADIK COLONY
VEND_159D2DAF,CC FOR BHAGADUTTAPUR KALA KRISTI BIKASH KENDRA
VEND_A9C23D5C,CC FOR KALI MANDIR ROAD AT MALIGAON
VEND_F131ABA2,TEJASWI GREEN ENERGY PRIVATE LIMITED
VEND_573D80A1,AMSTER BUSINESS CORPORATION
VEND_93B199E5,SJ ASSOCIATES
VEND_E293166F,RADHA ELECTRONICS PRIVATE LIMITED
VEND_3F464604,MS TULSIRAM AND BROTHERS
VEND_A489E6B1,SARITA SINGH
VEND_CF5788FA,JAIHIND MAJOOR KAMGAR SAHKARI SANSTHA
VEND_CE770B39,NUCOM SALES AND SERVICES
VEND_1713AC67,GRAM PANCHAYAT AALOR
VEND_ECA34D65,BATRA CONSTRUCTION
VEND_52BC102C,MAYANK TRADERS
VEND_80643F9B,TERAN TERAN BRICKS AND TILES
VEND_4881DA22,WARAICH ENTERPRISES
VEND_4846638B,UNNATI CONSTRUCTION
VEND_36E0EF5E,KAMODI GROUP GRAM PANCHAYAT
VEND_EF4FAED4,GRAMPANCHAYAT BORGAON AA
VEND_D7CA8C3A,HANDA AGENCY
VEND_62920C85,BHINDA BUILDING MATERIAL
VEND_AFF2D89D,SHRI PARMESHWAR KRIPA ENTERPROSES
VEND_E2A3416F,MAHESH CONSTRUCTION COMPANY
VEND_0DEFBE34,CHOUDHARY CONSTRUCTION COMPANY
VEND_0E395538,YAMUNA MAJUR SAHAKARI SANSTHA LTD SONAK PIMPALGAON
VEND_0DAA7156,JHAKHAD JALDHARA BOREWELLS
VEND_4B8AC25A,MEHAI CONSTRUCTION COMPANY
VEND_BC61F17D,SWAMI SAMRATH MAJUR SAHAKARI SANSTHA AMBAD
VEND_8A8CAD1E,SHRI DNYANESHWAR MAULI MAJUR SAHAKARI SANSTHA MARYADIT AMBAD
VEND_B9234765,A ONE COOPERATIVE LABOUR AND CONSTRUCTION SOCIETY LTD
VEND_2374B49F,HARNOOR SINGH
VEND_2EB2E1B2,PRINCIPAL OF JNR GIRLS HIGHER SECONDARY SCHOOL
VEND_3251EE46,NANGAL ELECTRIC COMPANY
VEND_4B41D335,SUNIL KUMAR T
VEND_5CA4DB25,JYOT JANJAGRATI SHIKSHA AVAM SAMAJ KALYAN SAMITI
VEND_88C0D642,RAZIA CONSTRUTION
VEND_C7F3250D,KUNCHI MOIDU K K
VEND_CF142F1E,DEHRIYA CONSTRUCTION AND MATERIAL SUPPLIER
VEND_98066666,JAINAM TRADERS
VEND_FB7A5807,SHRI RAM TRADERS
VEND_E4AC37BD,KISHAN BKO
VEND_C9770FBD,J M TRADERS BHUCHO MANDI
VEND_6262E2BD,MANGALAM TRADERS
VEND_8712C08A,RAMANDEEP SINGH
VEND_447BFD43,SUSHANTA KUMAR PATTNAIK
VEND_BF6B25CC,SUNIL KUMAR SHARMA
VEND_645E2AFD,JAYA SRI INDUSTRIES
VEND_B0E30632,ANMOL SINGH
VEND_42188F56,CONST OF ROAD FROM NATUNBASTI TO AHOM PATHAR VIA TO DHARA
VEND_A725D952,MOHINI BOREWELL AND CONSTRUCTION COMPANY
VEND_F93A40EC,ASMA
VEND_F9A741D8,SUKHPAL KAUR SARPANCH
VEND_F8DD0175,SHIVI K R PRIVATE LIMITED
VEND_9DD53AC6,RAFEEQUE V P
VEND_D883FFA7,VIGHNAHARTA CONTRUCTION AND CO
VEND_1EA36CB1,HEMANTA KUMAR BEHERA
VEND_EE176DF1,GROUP GRAMGRAMPANCHAYAT VIRANIYA
VEND_0C9F2E4C,VIRUNA GRAM PANCHAYAT
VEND_842F64A5,MS S AND S BUILDING MATERIAL LLP DASUYA
VEND_C1EA8CCC,CHEEMARLA MANOHAR REDDY
VEND_FDDDB290,RAHUL TRADERS
VEND_20D9CAB4,TIWARI TRADERS
VEND_60B74002,SARPANCH GRAMPANCHAYAT SHEWALI DA
VEND_36AAF4BB,SANJIVANI CONSTRUCTION CO
VEND_20C35C2E,KAMAL ENTERPRISES
VEND_E6CB2E8C,SHEKHAR CONSTRUCTIONS
VEND_10FEB8E6,HARI TARA ASSOCIATES
VEND_41639604,BHUJPURA
VEND_500B0E64,GRAM PANCHAYAT SUJABAS
VEND_DC565903,VENKATESWARA LABOUR CONTRACT CO OPERATIVE SOCIETY
VEND_D72DD025,NIRMITHI KENDRA VIJAYAPUR
VEND_9A5F20DB,SUKH BUILDING MATERIAL
VEND_008629E9,RINDANGOUDA PATIL
VEND_03BBACDB,JAY GIRNARI CONSTRUCTION
VEND_052603DC,AARUS
VEND_E9124187,JAHNAVI PRAKASHAN
VEND_6889F76A,PMT INFRASCIENCE PRIVATE LIMITED
VEND_AB382DF3,AMIT SANITATIONS
VEND_86722C55,BHOOMARA BUILDERS
VEND_6828F155,GRAM PANCHAYAT NAIN
VEND_2E0B0AE4,DHANNARAM HANUMANARAM
VEND_76876459,ESS PEE ENTERPRISES
VEND_AC5FD2FF,NAVNATH UTTAMRAO JAGADE
VEND_9E763AE6,BHAGWATI ENTERPRISES
VEND_4CF167FC,PANDURANG MUNDE
VEND_89214F87,N S GIRISH
VEND_76C3A34A,NAGAPPA
VEND_F4AD63DA,C S ENTERPRISES CHANDRAKUMARA G
VEND_6369C64B,AVULA SRINIVASULU
VEND_0BAF489C,RAZA INTER COLLEGE
VEND_F01812B8,DISTRICT NIRMITHI KENDRA
VEND_CA5A26AE,SHIV NARAYAN SINGH BAL VIDYA MANDIR SAMITI
VEND_AB778C9F,PUPPALA NARSAIAH
VEND_847A71DC,GRAM PANCHAYAT AMODA
VEND_37CC0FE6,VORAGANTI ASHOK RAO
VEND_7C761049,GP KURIYALA
VEND_3CE58902,MS BASERA BUILDERS
VEND_63FC846D,UNIQUE DISTRIBUTORS AND MULTI SERVICES
VEND_4CDE047C,A H CONSTRUCTION
VEND_AA121DB2,PATEL DISTRIBUTORS AND MULTISERVICES
VEND_1CF3DF61,TANISHQ CONSTRUCTION
VEND_4A8DD4E0,VISION ELECTRICALS AND ELECTRONICS
VEND_1612B5E5,PANNERSELVAM K
VEND_6D9BC6CC,SANGAR STEEL SHUTTERING KEHARWALI
VEND_1B8C80BC,ARIF AHMED BASHARAICHUR
VEND_5E377C8B,GRAM PANCHAYAT BUDAWALI
VEND_56FD0AC2,GRAM PANCHAYAT UTEEP
VEND_5A177FFF,DAVALA SATYANARAYANA
VEND_E1DFB9FD,RANA SHUTTERING AND CEMENT STORE
VEND_09662707,SEKHON GRAM UDYOG SAMTI
VEND_6EF76358,PARSHOTAM
VEND_5BD3B323,RAMNIWAS ENTERPRISES
VEND_A6D1111E,GRAM PANCHAYAT CHARKANI
VEND_02665176,CRC GUPS THILLENKERI
VEND_CAF42F6F,GRAM PANCHAYAT MAJRA
VEND_7D478B9C,GRAM PANCHAYAT GHALKIYA
VEND_FC90BD16,VIKAS ADHIKARI PANCHAYAT SAMITI TALWARA
VEND_4A78890C,ASHUTOSH ANAND
VEND_B2898C2B,MS GOURAV CONSTRUCTION AND COMPANY
VEND_7AABD05A,VIPIHO RHETSO
VEND_EC516BCC,SACHIV JADON JAN VIKAS SAMITI SUMAOLI
VEND_F00C4456,TANUJ RAMESHRAO THAKARE
VEND_AA1E4A2C,DTC TILES
VEND_041B848E,HARISH CHAND PATEL
VEND_30CBBBBB,PRAVIN DILIP NIMBHORKAR
VEND_93D15531,NITAN KUMAR PATEL
VEND_817A6CDC,SANDIP SALBI
VEND_E8983A92,GURMEET KAUR
VEND_C8E0FAA1,MATHUKUTTY K V
VEND_AF0572E2,E MAGIC ELECTRIC
VEND_87F78826,SAWAN TRADING CO
VEND_CEA5D9D3,RUPALI AGRI WORKS
VEND_91FD4030,RUOKUOKHRIELIE ALEX RUTSA
VEND_A9F63701,THE KAMBOJ CO OP L C SOCIETY LTD
VEND_35194D9F,AMM ENTERPRISES
VEND_996CC7DB,TUMKUR NIRMITHI KENDRA
VEND_0FE3747B,GP SINGARPUR
VEND_D3A06A25,GRAM PANCHAYAT KUNWALA WITH WATA
VEND_508B0301,GRAM PANCHAYAT RAYDHANU
VEND_81A4DF3E,SHRI RANJIT PANDIT IC
VEND_219BA2FB,ABDUL KHAN CONTRACTOR
VEND_A134EDF9,SARPANCH GRAM PANCHAYAT JHEET
VEND_3B117E43,GUNDU SURYANARAYANA
VEND_886191F7,V N INFRA
VEND_0FC2123B,GP KHINWSAR
VEND_A5F7646D,ADARSH CONSTRUCTION
VEND_352486DA,GRAM PANCHAYAT RAIPUR SAHODA
VEND_16783359,THE SHREE RAM COOPERATIVE LABOUR AND CONSTRUCTION SOCITY LIMITED DHAND
VEND_B7ADDF4A,GRAM PANCHAYAT TAPOON
VEND_CA14DF4C,MITTAL BOOK AGENCY
VEND_C09DCC5D,MAHAVEER ENTERPRISES
VEND_5084E0E8,HULLAPPA SOMAPPA LAMANI
VEND_1F1D39F2,RAMCHANDRA CONSTRUCTION
VEND_4ACD9CB6,CONST OF SANSKRITIK BHAWAN AT PACHIM BHATNAPATTY MEAR 1408 NO LP SCHOOL
VEND_083F93C7,CHINDAM SRINIVAS
VEND_606243DE,SHIVAJI BAJIRAO SHINDE
VEND_D56234FE,CHAIRMAN SANT NAMDEO MAHARAJ MAJOOR SAHAKARI SANSTHA LTD
VEND_FDAD87D9,GIAN SAHOTA
VEND_29BB286F,AMBICA BRIKS CO
VEND_1F51B66A,SARVJIT SINGH
VEND_83F9B223,JASWINDER SINGH SO MOHINDER SINGH
VEND_72883A1C,HARPREET SINGH SO MOHINDER SINGH
VEND_2CDA07EA,VARINDER KUMAR SO RAM DIYAL
VEND_4BAB5CDC,SAMANJOT SINGH SO PARWINDER SINGH
VEND_5816632B,HARPREET SINGH SO HANS RAJ
VEND_5A51E780,MANPREET KAUR WO PARWINDER SINGH
VEND_26970022,RIDAM HANS SO RAKESH KUMAR
VEND_29A97809,ANJALI DO DESH RAJ
VEND_FFF02342,PARMINDER SINGH SO SUKHWINDER SINGH
VEND_323E1485,SHASWAT DEVELOPERS
VEND_171FC83F,BHOLE TRADERS
VEND_7AB73F52,K NAGENDRAN
VEND_B72C0ECE,PODAMEKALA MALYADRI
VEND_386AA76B,RAJSHALI GRAM PANCHAYAT
VEND_8C812ABF,ABHIBHASHAK SANGH KALAPIPAL
VEND_B65C015F,PARDHAN SONS INDIA
VEND_923C9883,ADARSHA MAJOOR KAMGAR SAHAKARI SANSTHA LTD
VEND_69D36BF4,INDIAN CONSTRUCTION
VEND_EBA63420,KUCHAVADA GRAMPANCHAYAT
VEND_DBDCC525,JHA P AND COMPANY
VEND_4485C4A6,RASALA YADAIAH
VEND_CF94FAC4,PATIDAR TRADERS
VEND_4D750D5E,GP KHAJJIAR
VEND_4FB539A3,BALAJI CONSTRUCTION
VEND_7106AA32,HEMRAJ AMBARAM
VEND_F52CC2E8,THANGARAJA AJANTHA COOLL
VEND_14F94E0B,SARABJIT SINGH SO DAVINDERPAL SINGH
VEND_C0560B8C,SHIKSHA INTER PRISES
VEND_F2684ACD,BANWARILALL OMKARMULL
VEND_662AF31C,BDO BHAWARNA INDU GOSWAMI
VEND_DA50A5F1,JABALPUR SMART CITY LIMITED
VEND_9FE8AA99,LODHA CONSTRUCTION
VEND_C7BC4D08,YOGESH MAROTIRAO DASARWAD
VEND_89DA2A69,CHANDRA SINGH RAWAT
VEND_D3AD4C28,GURU KRIPA ASSOCIATES
VEND_1C239B73,VISHAL BALAWANT PATIL
VEND_5E25C85C,RATAN SINGH
VEND_23FA9ED7,KUNHAMU M K
VEND_605E699B,BOMMARABOINA RAMESH
VEND_E871D1F0,RAJESH JAIN
VEND_C1E42CD0,SANTHOSH KUMARI
VEND_64D41A6E,BRIJMOHAN SINGH
VEND_6255C3A0,CHANDRAWALI
VEND_2740CD6A,VIJEESH KUMAR V K
VEND_DECCB066,MALIK CONSTRUCTION AND SUPPLIER
VEND_DE241D58,MS AHSAN KHAN
VEND_770D2402,GRAM PANCHAYAT LAMBAGAON
VEND_9D4DF4E2,EXECUTIVE ENGINEER ELECTRICAL DIVISION VAIKOM
VEND_1C657CDC,SIVASETTI LALAIAH
VEND_AD8D3D18,MS GARG BRICKS
VEND_D8C74433,VST CONSTRUCTION
VEND_3433081C,VIJAYAN P
VEND_5F76B08A,PRINCIPAL ST XAVIER COLLEGE
VEND_13D21D5E,SABEER P
VEND_3382967F,PAKIRAPPA BHUMARATTI
VEND_9BB3DB28,MAA SWARUP LAXMI CONSTRUCTION COMPANY
VEND_98753B92,G PRATHAP REDDY
VEND_EA3E1230,JS INTERLOCK TILES FACTORY DASUYA
VEND_242B47DF,MS DHIR BRICK INDUSTRY DASUYA
VEND_072C27C1,G P CHHAPRAHAN
VEND_F26FA92E,ABDUL NAZEER V P
VEND_AE9A7C44,MS HINDUSTAN ENTERPRISES
VEND_6EECDB3C,RAMAN SO SATNAM
VEND_ACFFFE58,GRAM PANCHAYAT CHINNONI KARERA
VEND_C98383AD,MUHAMMED SHAFI N
VEND_72665AE9,ABHIBHASAK SANDH SHUJALPUR
VEND_8BFB4620,SANJNASAR GRAM PANCHAYAT
VEND_97ED0E3E,RAJ KUMAR
VEND_9E18A751,GRAM PANCHAYAT KOLKA SAMANYA
VEND_893892EB,ALUGONDA MANIPAL REDDY
VEND_B4A21461,GRAM PANCHAYAT IMALIYA
VEND_180DEB6F,NIYAS E
VEND_3AB27CEA,MAGRODA GRAM PANCHAYAT
VEND_3009808F,DIVYA ENTERPRISES
VEND_69F73472,GRAM PANCHAYAT TILGARA JANPAD PANCHAYAT BADNAWAR DISTRICT DHAR
VEND_72F8E6F0,G RAJESHWAR REDDY
VEND_5E52FF71,SR CONSTRUCTION
VEND_A9A9BD99,ABHAY KUMAR DASH
VEND_40D7B097,SHAKTI ENTERPRISES
VEND_5EE990AD,JAMUNA ENTERPRISE
VEND_94AA85C4,DHANANJAYA KUMAR M H
VEND_77DD5E21,GRAM PANCHAYAT KARIYAN
VEND_46669FA1,CHIKONDRA NAGAIAH
VEND_83A4C199,MADAPALA THIRUPATHI RAO
VEND_772DB29A,CHIEF MANAGER OFFICE MEGA PLANNING LOCAL AREA MANDSAUR
VEND_D508D55C,OHRI STEEL WORKS
VEND_68624C3E,GRAM PANCHYAT KODUKAPA SGVY
VEND_FA469B11,SHREE JAMBHESHWAR CONSTRUCTION CO
VEND_46A12506,SARPANCH GRAM PANCHAYAT BABADIYABHAU
VEND_607C4478,PAL CONSTRUCTION
VEND_B2564675,SHRI RK CONSTRUCTION
VEND_BC30305B,GRAM PANCHAYAT BHALANIYA
VEND_1F552E70,EXECUTIVE ENGINEER HPPWD DIV 1 BILASPUR
VEND_D4915374,KOYAKUTTY P
VEND_54A27A83,GRAM PANCHAYAT BHANDARWANDI
VEND_74ECA711,MARIYAPPAN
VEND_793F30D9,C LOGANATHAN
VEND_90B87F50,GP BHANOTA
VEND_DC610C87,GRAM PANCHYAT SAGDA JHAPNI
VEND_DBDD6DE4,BABU M J
VEND_40BD3D88,V R RANGAIAH
VEND_6EE96F94,CHARDIKALA TRADERS
VEND_B66182E1,BULLOWAL CEMENT CORPORATION
VEND_AC8007AA,SHASHIKALA M B CONSTRUCTION
VEND_B02EB9C7,THOMAS MAGH
VEND_3A68ED50,RIHAN CEMENT SARIA STORE
VEND_25EB491A,SHRIRAM HIGH SEC SCHOOL
VEND_F8CCA362,OFFICE OF THE ASSISTANT ENGINEER BAC PAKYONG
VEND_9BE053D3,RAJESH KANNAN
VEND_8E1EBFFC,BHAGWAN BUDDH SEWA SANSTHAN
VEND_21B296E2,G D YADAV B N YADAV P V SANSTHAN
VEND_F778D2B0,K MOHAN REDDY
VEND_2FCBF3A7,GARG BUILDERS AND SUPPLIERS
VEND_BA2C64A8,MYSORE NIRMITHI KENDRA
VEND_CE9E7CEC,VN CONSTRUCTION
VEND_DA9853CC,VIVEK KUMAR
VEND_B29CADFC,THE MANAGER SIDCO SALES EMPORIUM
VEND_77EF1B6C,DNET SOFTWARE SYSTEMS
VEND_8EAE399C,RAJPOOT ASSOCIATE
VEND_CBFDF9CE,MANJEET SINGH
VEND_E0D9DDD4,STRUGGLE LIFE SOLUTION PRIVATE LIMITED
VEND_6385A218,BDO LAALGANJ
VEND_0A0C80DC,NIRMITHI KENDRA BIDAR
VEND_5EA0701B,PANGZEI N KONYAK
VEND_4C2AF307,GURU KRIPA INT UDHYOG
VEND_F238D762,THE KUBAHERI CO OP L AND C
VEND_C25B82C7,BABUL KONCH
VEND_E90CB4C8,PRESIDENT VILLAGE COMMITTEE
VEND_24933DE7,SAKTI SWARUP DAS
VEND_541DC7A6,MS LOVELY CEMENT STORE
VEND_7CF2DCA9,GANNE RAJA REDDY
VEND_83208ABA,DEEP CHUTIA
VEND_569FA48E,ADVANCE INFOSOLUTIONS PVT LTD
VEND_4298B6B7,CBS CORPORATE BUSINESS SOLUTION PRIVATE LIMITED
VEND_5EA045D5,COMPUTER CARE
VEND_C7EDB1D6,JASOS TRADERS
VEND_502BE39A,SASTHA ELECTRICALS SARAVANAN
VEND_DC0250A4,SAJUMON GEORGE
VEND_E131CC25,ACCURATE IT SOLUTION
VEND_8A88084E,THE SHARIFPURA COOP LC SOCIETY LTD
VEND_1ABAA1D7,DURGA PRAVEEN KUMAR PASUPULETI
VEND_72E79E65,GP LOTHAL
VEND_F57DFAA3,SATNAM PROCESS ENGINEERING
VEND_008FA287,SARPANCH GRAM PANCHAYAT AMGAON
VEND_0BF95F38,GP KIANI
VEND_72E5DDA6,GP PALYUR
VEND_5E88AFCA,AZRUDDIN MULLA
VEND_053160C7,SLP ENTERPRISES
VEND_1C0D1DC5,MS LAXMI JAGRUTHI INFRA
VEND_F9B1B50D,AKSHAI MATHEWS
VEND_812A0084,VISHAMBHAR DAYAL SHIKSH SAMITI
VEND_A8E39EFB,GRAM PANCHAYT SEMRLA
VEND_8D1965CE,GRAM PANCHAYT BATHOLI
VEND_E836A4CF,GRAM PANCHAYT KATGHADA
VEND_6335F225,JEET BAHADUR SINGH PG COLLEGE GARAVPUR LAMBHUA
VEND_A46A4610,ASSISTANT ENGINEER ZILLA PANCHAYAT OFFICE
VEND_4EEB367C,SHRI KRISHNA BUILDERS
VEND_DD87B1BB,CHAKRABORTY CONSTRUCTION
VEND_99BDA50B,TULSI MANAS PRATISHTHAN
VEND_C861984C,GRAM PANCHAYAT DERADIH
VEND_C06ABC2A,NAVJOT KAUR
VEND_A4E9CB0B,HARMESH SINGH
VEND_CB97C567,VADGAMA GRAM PANCHAYAT
VEND_792FFC88,KALAKHETRA GROUP GRAM PANCHAYAT
VEND_5D1F81D2,NANDOTRA GRAM PANCHAYAT
VEND_1B080EF9,MS RASTRAVEER
VEND_D058E321,RONIT SHAHAJI PATIL
VEND_600482E8,ANIL KUMAR SINGH
VEND_9A39FCC0,MAHAKAL TRADERS
VEND_622EDED6,ARULPRAKASH A
VEND_ECA27A8C,ASHOK LEYLAND
VEND_EDBD8E67,NARAYAN CONSTRUCTION
VEND_61C76924,SHWETA TUKARAM RATHOD
VEND_A184465B,E K ABDULSALAM
VEND_E72114BC,SHRI RAM BUILDCON
VEND_D9FC191B,M KRISHNAVENI
VEND_2D79687D,YANGDIPI SANGTAM
VEND_685ED946,GRAM PANCHAYAT TAMBER
VEND_63656968,N RAMESH
VEND_3E4AC9D3,ARUN CONSTRUCTION COMPANY
VEND_B979B7FC,DHAKA STONE COMAPNY
VEND_DE5FC5E1,HARDIK TRADERS AND KHUSHI HARDWARE
VEND_802334CB,ANIL KUMAR P B
VEND_2315EA40,NIZAR M V
VEND_368F57A3,TURAI ABHINAV NGO
VEND_0DA26F44,DELANIYAPARA
VEND_A5E11AF2,LAVI CONTRACTORS
VEND_489B0CFE,DAMA GRAMPANCHAYAT
VEND_5FBB7C1D,P S KRUPAKAR KSEN INFRATECH PVT LTD
VEND_274CE940,ASHWINI K V
VEND_3EE822E6,SAMBHAV ENTERPRISE
VEND_A6B2641C,JOHN K U
VEND_FD3D3736,COMMISSIONER MUNICIPAL CORPORATION AMRITSAR
VEND_868E320B,VENUGOPAL
VEND_BDC9935C,GRAM PANCHYAT BODIDRA BUZARG
VEND_007F33A3,MOHINI CONSTRUCTION
VEND_AB77C23B,GANGADHAR BEHERA
VEND_91083CCD,ASHOK AND CO
VEND_50C55251,GRAM PANCHAYAT BONDA
VEND_E075266C,THE NEW PUNJAB COOPERATIVE L C SOCIETY LTD
VEND_CAE86544,GAVDKA GRAM PANCHAYAT
VEND_0B766CB2,STRAIGHT FORWARD PUBLISHERS PRIVATE LIMITED
VEND_56EDEBD8,RAMANARAYAN R S
VEND_8E62D0E2,GRAM PANCHAYAT DRAMAN
VEND_D56336E4,EE EDD HATA
VEND_738EBF29,BLOCK DEVELOPMENT AND PANCHAYAT OFFICER PR KARNAL
VEND_7134AF3D,SHREE ARIHANT CEMENT AGENCY
VEND_536E8C86,GARAM PANCHAYAT SIRLAY
VEND_FFE509DE,MAYANK RAWAT
VEND_03ED9386,B BINU
VEND_5DBB2D0A,SUHANA TRADERS
VEND_56969F0C,JYOTI IRON AND CEMENT STORE
VEND_CA601364,RAYPAR GRAM PANCHAYAT
VEND_BAA0C81F,GRAM PANCHAYAT GORKAPAR
VEND_E9FA80DE,V INFRAA CONSTRUCTION
VEND_D8CCEA81,GRAM PANCHAYAT URHEDI
VEND_6C1FF642,JORDIYALI TAKHATPURA GRAM PANCHAYAT
VEND_D98090F7,GOYAL COMPUTERS
VEND_B50C30AA,V MATHAI
VEND_C1942DF0,KUNDAN KUMAR
VEND_784775F5,D K NIRMITHI KENDRA
VEND_99108C63,DAVIS M O
VEND_BA925B27,MADAN LAL MISTRI SO SHINGARA
VEND_CDAC60B6,GAFOOR T
VEND_7BE344F5,G P DELAG TIKKARI
VEND_007F4397,RINIL BABU
VEND_7486EEA6,GRAM PANCHAYAT RIWAGAHAN
VEND_C71BA4BF,GRAM PANCHAYAT PARSADIH SU
VEND_5E5EC239,RIYA ENTERPRISES
VEND_0CFA2D5C,DHARANI ENTERPRISES
VEND_9B3939DD,N AMSHA KONYAK
VEND_AB76ACB3,OZONE ENVIROTECH
VEND_05EB10FE,AJEESH AVUNHIPURAM
VEND_6476CDA5,D B CONSTRUCTION
VEND_78CA9057,SARPANCH GRAM PANCHAYAT BOIRDIH
VEND_619C3044,RPMLPS CHOTTUPARA
VEND_526567F8,COMMISSIONER MC PALAMPUR
VEND_EF6A9B67,PARASRAM GAJANAND SATPUTE
VEND_1C2DC771,REKHA PARASRAM SATPUTE
VEND_50B22E60,LAXMAN SATPUTE
VEND_96714C39,BALBIR SINGH
VEND_EFB39A26,NIRMALA LAXMAN SATPUTE
VEND_88389231,JB AUTOMOBILES PRIVATE LIMITED
VEND_FC47D6C8,KUTHOOS CONSTRUCTIONS
VEND_7C13FCC7,CHAIRMAN NIRMITHI KENDRA BAGALKOT
VEND_90D9A3F1,SAINIK VEER ABDUL HAMEED MANAV KALYAN SAMITI
VEND_11F8DC39,SHANKAR LAL
VEND_26B5BE37,SEVA TRADERS
VEND_91DF69F1,MINESH BORWELL ELECTRIC CONSTRUCTION
VEND_485A21FC,GRAM PANCHAYAT DHARECH
VEND_3E40F921,AEN JVVNL RAJGARH
VEND_02AFC28C,SABITA MANJARI DAS
VEND_1C82CDE0,MAHENDRA KUMAR
VEND_A50B6313,CHENIRAO
VEND_EE8F2B68,YIBOMO LOTHA
VEND_0EA6B2B6,SARPANCH GRAM PANCHAYAT SATAU
VEND_3288C725,M S RAGHUNATHRAM HANUMANRAM
VEND_65177E95,SIMA DEVI
VEND_16187194,SHANIYADA GRAM PANCHAYAT
VEND_919CF69E,KANTAVEDA GRAM PANCHAYAT
VEND_6C443FD5,GP BINPURA
VEND_6C0E95F2,MS B B CONSTRUCTION
VEND_8E0B627C,MS GURUKRUPA CONSTRUCTION
VEND_9E45395E,BDO TANGICHOUDWAR MISC
VEND_D3AE8365,PRASHANT KUMAR BISHT
VEND_6EF2763D,NOOR CONSTRUCTION
VEND_A0B3C175,GOURANGA CH SITHA
VEND_B16CBC03,TAHASILDAR NIMAPARA
VEND_5BD2ABF3,MADAN SINGH
VEND_35C5529C,SS BUILDING MATERIAL PATIALA
VEND_8B38C1A7,MINI BANK LAMPS SARADA
VEND_4AAFA40A,TIKAM CHAND BAIRWA
VEND_F25D9539,VILL PANCHAYAT BHANDODI
VEND_BA0A2AC0,THE WEST BENGAL SMALL INDUSTRIES DEVELOPMENT CORPORATION LIMITED
VEND_4A96BA20,GOURAV KUMAR
VEND_9A65F0AD,NARESH SHARMA BDO
VEND_AFF2631B,BDO NIMAPADA
VEND_0E5F332D,KATHIVADAR GRAM PANCHAYAT
VEND_1B8633A0,SHRABAN KUMAR SAHOO
VEND_9051F889,BDO NISCHINTAKOILI MPLAD HOLDING
VEND_B83B7169,ASSISTANT ENGINEER BRAHMPUR
VEND_82EAD718,ASSISTANT ENGINEER DUMRAON
VEND_8C078B3D,ANUP SINGH
VEND_B8D565DD,R A CONSTRUCTION
VEND_79D8C0B2,C ASHOK
VEND_08D37869,GRAM PANCHAYAT DHAR
VEND_A5CAF8E1,GRAM PANCHAYAT KATHASU
VEND_57C385C8,MR GRAM PANCHAYAT MANGLA SAMANYA
VEND_9DEA1840,GRAM PANCHAYAT SARI
VEND_0AE769A7,HEM RAJ
VEND_A6646012,KERALA STATE DIFFERENTLY ABLED WELFARE CORPORATION LIMITED
VEND_73A056C9,GRAM PANCHYAT SHAHDHAR
VEND_CBD559E9,BLOCK DEVELOPMENT OFFICER ERASAMA
VEND_55B56D34,XEN CITY DHBVN BHIWANI
VEND_C13E7484,GP GUWAD
VEND_66CAC83E,MS SOWMYA SRI CONSTRUCTIONS
VEND_49AD0BB9,GRAM PANCHAYAT DADIYA
VEND_A7C4B8C1,VASIM CONTRACTOR
VEND_22F257F5,GRAM PANCHYAT AARCHA
VEND_34D05D1E,MAA AMBEE TRADERS
VEND_C53E6219,SAKRIYA SAMYAK DARSHAN SAHKAR SANGH
VEND_88159D42,THE KUNDU CO OP LC SOCIETY LTD
VEND_132645DD,SHARMA CONTRACTOR
VEND_A9C57D16,AVTAR KISHTI MACANIC WORKS
VEND_3197C24E,RAJA SALES CORPORATION
VEND_EE54E714,BASANDEEP MATTU SO PARAMJIT KUMAR
VEND_AC9072BE,MANPREET SO LEKH RAJ
VEND_5180595F,MANBIR SO MAKHAN RAM
VEND_090A6C2F,ASSISTANT ENGINEER SASARAM LAEO WD 01
VEND_0BC1782C,NEW PLUS ENGINEERS
VEND_A3A9DF62,GP DEOLA
VEND_B875230D,SREEKUMARAN THAMPI
VEND_B3EF2677,REPUBLIC MOTORS
VEND_D7C5AA5C,PAYYAVOOR SERVICE CO OPERATIVE BANK LIMITED NO C 179
VEND_D92B6625,CH RAMAKRISHNA REDDY
VEND_C24AB611,Y YINGLIH
VEND_27DEA7A0,KERALA STATE ELECTRONICS DEVELOPMENT CORPORATION LTD
VEND_9F2B4E49,SANDEEP SINGH
VEND_CECE01D0,PRINCIPAL PREM PUBLIC SCHOOL THEOG
VEND_333D97C5,KANCHAN DEVI AKHILESH MISHRA MAHAVIDYALAYA SAMITI
VEND_AD88AD77,RUDRAKSHA CONSTRUCTION
VEND_613551B2,SHIHABUDHEEN P
VEND_DEC7B94A,GRAM PANCHAYAT NAVAKHEDA
VEND_1A3FB537,SRIRAM CONSTRUCTION
VEND_CD67EA13,KARTAR CEMENT STORE LAMIN
VEND_40B47A50,MS SANJEEV KUMAR BKO VILL BALAGAN
VEND_A51454E6,SHIVENDRA BAHADUR SINGH
VEND_CCC20294,C PADIKKASU
VEND_65C7B6A5,MANPREET SON OF TARSEM LAL
VEND_6442868C,PIYUSH PARSOTTAMBHAI THAKKAR
VEND_C73A96B4,MS MOHAD CONST CO
VEND_17F2B5F6,JAMES K M
VEND_645CE143,P KRISHNAKUMAR
VEND_F9CA4905,SIKKIM IT ENTERPRISES
VEND_73E46323,RESHAM BUILDING MATERIAL
VEND_027E0767,RAMGARHIA BUILDING MATERIAL
VEND_897B29BF,KULWANT SINGH MISTERI SO RAM KISHAN
VEND_557934E8,M HARISH
VEND_0E3B677F,DURGA MOTORS
VEND_D438EAE6,CMO KANGRA
VEND_40685E1A,NAV DURGA CONSTRUCTION COMPANY
VEND_DF8A0F57,SURBHOG ENTERPRISES PRIVATE LIMITED
VEND_AD216B21,DEEPAK PRASAD GUPTA
VEND_C467E153,NIRAJ KUMAR SAHOO JUNIOR ENGINEER BISRA
VEND_2B45577A,JOGINDER CEMENT STORE
VEND_5360FDD9,JAGDEEP SINGH
VEND_10699A82,VIVAN CONSTRUCTION COMPANY
VEND_DEE51FE2,GRAM PANCHAYAT NAYAGAON BOLKA
VEND_66BE6052,BIJAYA KUMAR NAYAK
VEND_22CFCB5F,OJUS BUILDING MATERIAL SUPPLIER
VEND_640B18FD,MS BALAJI BRICK IND DASUYA
VEND_D71E7DC5,PRUTHVIRAJ NANASO PATIL
VEND_FD415F7B,SARPANCH SACHIV GP KIRARI
VEND_BAFB4A3F,SOURABH TRADERS
VEND_2A9E3FE0,GANPATI PIPE INDUSTRIES
VEND_11AFFA2C,P SRININVAS REDDY AND CO
VEND_B8603964,SUMIT RAJENDRA CHAWARE
VEND_D4B9BA96,NAVKASH ENGINEERING SOLUTIONS
VEND_819210F3,SHRI RADHAKRISHNA SARASWAT VIDYA MANDIR
VEND_CAA28FF8,GRAM PANCHAYAT DAMAVAV
VEND_68DD376D,SECRETARY HIGHRANGE LABOUR CONTRACT CO OPERATIVE SOCIETY
VEND_E223B378,AD BANSAL
VEND_37F3F072,GRAM PANCHAYAT GAGLA DEVELOPMENT BLOCK MEHLA
VEND_DBE71D73,TAHASILDAR TANGI CHOUDWAR
VEND_99BD2191,ABDUL SAMAD K K
VEND_36C1617B,DC BOOKSHOP
VEND_18221811,GRAM PANCHAYAT SARWANI BA
VEND_8B86819A,SARPANCH GRAM PANCHAYAT BAGWALAGAON
VEND_31A6CF65,S BHAGYA LAXMI
VEND_086B22FD,VR INFRA DEVELOPERS
VEND_CB0B2DF7,MANOJ KUMAR MISHRA
VEND_C12AD73F,ZILLA NIRMITHI KENDRA HAVERI
VEND_04D98B4D,CHAURASIA BUILDING MATERIALS
VEND_CF229A54,GRAM PANCHAYAT BATT
VEND_020B4A37,GP RAJERA GENERAL
VEND_AA56577F,GRAM PANCHAYAT BAILLY
VEND_66CAD298,VISWANATHAN A I
VEND_EC35F905,RAI CONSTRUCTION COMPANY PROP AMBERISH RAI
VEND_6B4E2C22,GP RAJINDU
VEND_4848BF37,GRAM PANCHAYAT CHEELBANGLA
VEND_5F30A63F,IMNASENLA LEMTUR
VEND_E68DB9CB,ANILKUMAR V G
VEND_96DB89AC,SOMUKH BUILDERS AND DEVELOPERS
VEND_4CBA80EC,JAGANNATH
VEND_A4BC873F,SURESH S PASODI
VEND_75A15AA2,ANJANI CONSTRUCTION
VEND_3378548D,GRAM PANCHAYAT
VEND_A08D947A,P NGINJAI KONYAK
VEND_D6565CE0,JUNIOR ENGINEER ZILA PARISHAD RANCHI SUNNY CHOUDHARY
VEND_88620D9F,NZANO P KIKON
VEND_10A1AE95,GRAM PANCHAYAT BHAJANAGAR
VEND_D4173432,TANSI ENGINEERING WORKS
VEND_9830D4C5,GP AUDA
VEND_933AC5E9,HARISHWAR B
VEND_0E984BE6,WEHEAR INNOVATIONS PRIVATE LIMITED
VEND_19073533,TECHNOSANKALP SOLUTIONS
VEND_1974E9A5,SREE GOKULAM HEALTHCARE PVT LTD
VEND_660A40C1,AXIS MEDICAL SYSTEMS
VEND_AE24DC24,GP BHARWANA
VEND_8B3EFC8F,SATYA KAMAL PROJECTS
VEND_FD63BB98,KANWAR TANMAY
VEND_BA6826B0,KRISHANA BULDING MATERIAL SUPLAYRS
VEND_C259E142,SINGH SOLAR
VEND_28150E7F,MS MANMOHAN SINGH KSHATRI
VEND_E889400C,FRIENDS INTERLOCKING TILE FACTORY
VEND_1086C60D,GRAM PANCHAYAT ABAPURA
VEND_29360BDD,CN RD PRN BHN LP SRM H S SRP P N C
VEND_F15C2747,ABHIDADA MAJUR SAHAKARI SAANSTHA MARYADIT
VEND_BB7A9987,B D O BARGAON
VEND_3206307E,TAJPAR GRAM PANCHAYAT
VEND_1638A292,MAHESH CHANDRASHEKHAR KATHARI
VEND_D84CBA3F,MS BDO KARANJIA
VEND_8E275E02,JAGAT KISHORE NAIK
VEND_01331E93,SHIV OM CEMENT AGENCE
VEND_3481544F,MS JDP ENTERPRISE
VEND_E2C189B1,TUSHAR MOHAN SATAV
VEND_C5E9B7B9,KATAKAM VEERESWARA RAO
VEND_4AE3ABAD,P S ENTERPRISES
VEND_4996263A,SEEMA
VEND_652AEF9C,GURINDER KAUR
VEND_657D4EA6,GP PIPROUA
VEND_AA7CF0AB,GRAM PANCHAYAT JHUPEL
VEND_DB9A016F,TARSEM SINGH
VEND_1F0CDC66,SATPAL SINGH
VEND_BD7BC3E3,GURPREET KAUR
VEND_99CDDA8E,PAL KAUR
VEND_F8619B8C,MEENAL CONSTRUCTION THANJUR
VEND_DC35AAF9,GP JASANA
VEND_596B4ED9,GP THACHI
VEND_E3CE05C1,SAHIL KUMAR JUNIOR ENGINEER
VEND_17BDC368,ABHISHEK GOWDA N
VEND_E2AE2BC2,N M CONSTRUCTION
VEND_1C2E0E6D,JAGTANAND BUILDERS
VEND_024500BB,THE MATHRUBHUMI PRINTING AND PUBLISHING CO LTD THRISSUR
VEND_62A9B103,GP SARAHAN GENERAL ACCOUNT
VEND_67CCD651,JOSEPH JOSE
VEND_3C851E58,CHANDRA MOHAN KOTHIYAL
VEND_E0CB7712,ANAVEER SINGH CHAUHAN
VEND_83C126B3,DALBIR SINGH CHAUHAN
VEND_009BDAE8,GRAM PANCHAYAT BHUIGAON
VEND_451083E9,GRAM PANCHAYAT MAKHROL
VEND_67510079,BDO MPLAD LOK SABHA AND RAJYA SABHA
VEND_AD424043,MS ARORA BRICK CO
VEND_B36BA91F,SHRI BHADARIYA RAI ENTERPRISES
VEND_2DEAF968,SUNEERA
VEND_D0688AC1,NAVEENKUMAR K R
VEND_CEB442D5,MALGUJAR CONSTRUTION GOTEGAON
VEND_A544DE5E,PROJECT MANAGER NIRMITHI KENDRA MANDYA
VEND_883BDA3B,BALDEV KRISHAN GUPTA AND SANJ
VEND_A41B510B,CHANDRAN KR
VEND_A3D2E30E,SHREE BHUJODI JUTH GRAM PANCHAYAT
VEND_6375DDBE,SEENIVASAGAM R
VEND_CA09D9D3,SB CONTRACTOR
VEND_723EA67B,N W OVERSEAS
VEND_FFE22136,PANCHAMI DHRUA
VEND_92775662,LIVING THOUGHTS PRIVATE LIMITED
VEND_66C1A7B6,NIYAS PERAPURATH KEEZHUVEETTIL
VEND_9B7E7344,BDO SULAH
VEND_CC991E36,GRAM PANCHAYAT BISHANKHEDA
VEND_A9941612,ROHIT KUMAR
VEND_0FE60F9B,VINOD K R
VEND_8D2B45ED,BADHAN TRADERS
VEND_EA53463E,J T PATRA
VEND_149CA10E,KAMEA TECHNOLOGIES PRIVATE LIMITED
VEND_611013B2,MANJINDER SINGH
VEND_B641DFE0,HOUSE EXPERT
VEND_A71C1B82,CHANDRASHEKHAR
VEND_DDB5023E,UMESH SINGH
VEND_58D47B72,BHUWAN CHANDRA
VEND_841EF535,ASHOK THAYAT
VEND_E7ED8A57,INDRA PANDEY
VEND_0E3C14DE,SANTHANAM K
VEND_F4674845,SUMAT PRASAD SATISH KUMAR JAIN
VEND_BBC2246E,R S ENTERPRISE
VEND_2A788EFA,AMOL TRADERS
VEND_C381888C,SAURABHA KUMAR NAYAK
VEND_81834E52,GRAM PANCHAYAT PALI CHOTI
VEND_AA30996D,VADA GRAM PANCHAYAT
VEND_BD994872,Y C CHINGKAP KONYAK
VEND_7CA4B6D6,KELTRON
VEND_C12BDF1D,MM CONTRACTORE
VEND_2EB9150D,RAJEEV KUMAR
VEND_52523130,GRAM PANCHYAT KHAPAWARI
VEND_41D9C035,R G ELECTRONICS
VEND_2F81B7DD,NAVAKHIJADIYA GRAMAPANCHAYAT
VEND_80C67930,SAGROSANA GRAM PANCHAYAT
VEND_896D0DF1,PUNJAB TRUNK HOUSER
VEND_C56824C4,BHAGWATI TRADING COMPANY
VEND_F7228DEE,MITTAL INDUSTRIES
VEND_35FF47A9,RAJESH P
VEND_F5274C4C,NEXUS ENGINEERING WORKS
VEND_8FDA625C,BUSINESS CENTRE NET
VEND_19F00595,SHRI BANKE BIHARI ENTERPRISES
VEND_982FEA90,RADHE RADHE
VEND_BB4CBCC8,PRIMUS ENTERPRISES
VEND_2D24D0E4,APG INDIAN TECHNOLOGIES
VEND_6ED05493,H P SINGH MACHINERY PVT LTD
VEND_D437B7A9,ASHISH THAKUR
VEND_D09C8DB3,VASANTHA B
VEND_DA9DAD2B,REBIN JACOB
VEND_6592D350,UMA PAINTS AND HARDWARE
VEND_96D535DB,SHAHUL HAMEED
VEND_EB8E42BF,GP SALOONI
VEND_3DF1DDBE,VINESH RAJPUT
VEND_F0B4AAED,MEENA DEVI
VEND_B1D1D63A,JHULAGHAT CONSTRUCTION GROUP
VEND_3FF4E35E,AJAY KUMAR SHRIVAL
VEND_381277F1,MOTASADA GRUP GRAM PANCHAYAT
VEND_1F692355,DAYA SHANKER SINGH
VEND_EC556755,MSV ENGINEERING CONSTRUCTION AND CO
VEND_8B9C67E0,DIVYA P
VEND_3944394B,THE NARWANA SAHIL CO OP LC SOCIETY LTD
VEND_40805DAC,GRAM PANCHAYAT TARPURA
VEND_CF210B52,GRAM PANCHAYAT NEEMAN
VEND_B3DE2FE7,RAMANATHAN
VEND_40060F3F,MAA VAISHNO DEVI TRADERS
VEND_8E8A5712,RAVICHANDRAN A
VEND_D4A7C6C5,MS V K ENTERPRISES
VEND_8AE250CE,BIDHANSABHA KESHETRA NAVINAGAR SAHAYAK ABHIYANTA
VEND_D42D04F0,T RAJU
VEND_B4A03A14,SHRI KRISHNA BUILDING MATERIAL AND SUPPLIER
VEND_A5488D55,NISTHA ENTERPRISES
VEND_574AF641,KUNDU ENGINEERING WORKS
VEND_C79CDA2F,SARASWATI SHIKSHA PRATISTHAN
VEND_DDC2B8C0,DAYODAY PASHU SEVA SAMITI GADARWARA
VEND_0CF181A1,AE ARWAL
VEND_30B2C8DA,PANIYADEV GRAM PANCHAYAT
VEND_BCCFF65A,BUDIDA SIVAPRASAD
VEND_79715FBA,SANDEEP KUMAR
VEND_D957092A,SUBHASHREE BISWAL
VEND_8DC2E4D1,TRUE VISION INC
VEND_5B738514,VAGDOD GRAM PANCHAYAT
VEND_97F240C2,AALELA GRAM PANCHAYAT
VEND_D4708E96,BHANTHALA GRAM PANCHYAT GRAM PANCHYAT
VEND_414270D8,BODOLI GRAM C GRAM PANCHYAT
VEND_71AA0443,DEV GRAM PANCHYAT GRAM PANCHYAT
VEND_0BBD0444,GHADHHAVADA GRAM PANCHAYAT GRAM PANCHAYAT
VEND_7A3CEBC7,JORAPURA GRAM PANCHYAT GRAM PANCHYAT
VEND_24B96396,KADHHAIYA PRUTHVIRAJPUR GRAM PANCHYAT
VEND_3224A28F,KAMBOPA GRAM PANCHYAT
VEND_08C3F51B,LIMBADI GRAM PANCHAYAT GRAM PANCHAYAT
VEND_B67FC426,MAL NA MUVADA GRAM PANCHYAT
VEND_63E6628D,MEGHALIA GRAM PANCHYAT GRAM PANCHYAT
VEND_B1AD391D,OTHAVAD GRAM PANCHYAT GRAM PANCHYAT
VEND_10E9B45F,PARABIA JETHOLI GRAM GRAM GRAM PANCHYAT
VEND_C1E9B856,RAIYOLI GRAM PANCHYAT GRAM PANCHYAT
VEND_C6E17F4E,VASADARA GRAM PANCHYAT GRAM PANCHYAT
VEND_F5B8F50A,RAJESH KUMAR SHUKLA
VEND_37DE250F,GOTA GROUP GRAM PANCHAYAT
VEND_4572B785,KOLHAPUR GRAM PANCHAYAT
VEND_D874D431,THE NAI ABADI CO OP L AND C SOCIETY LTD
VEND_9F7318C5,BIROKE BUILDERS PVT LTD
VEND_24AC3675,VNB INFRATECH
VEND_D2C51C9C,VINOD
VEND_774B249C,CHAJURAM
VEND_EDB3834F,CHETRAM
VEND_0F4B8B00,SUNITA BAI MEENA
VEND_1E6BA088,MPLAD BDO CHAMBA
VEND_9F8DC9A2,GP BARHA
VEND_F2E04514,TEJAS BN
VEND_B2115AE0,VINESH
VEND_A7510950,JMD ASSOCIATE
VEND_655066C7,MAGUDAM CONSTRUCTION
VEND_EFD873D3,SBR AND CO CONSTRUCTIONS
VEND_332DB99D,MELANDIALLIU NBUNG
VEND_0744E31E,RAVI DC
VEND_5E2A99BE,LINGARAJ YADAV J
VEND_251B3ED6,GP PADWAR
VEND_9F55CEEC,GP BADAIYAKHEDA
VEND_4A814F0D,SUCHITRA KUMAR PATEL
VEND_F16EACB6,GP MAHAGWAN DUNGA
VEND_5053C55C,ANDHRA PRADESH MEDTECH ZONE LTD
VEND_C1466158,RAMESHWAR
VEND_0045894C,HEM SINGH
VEND_8941AC0A,DURAGIYA
VEND_B3EAA7EC,POOJA DEVI
VEND_51C1E942,NASSAR F
VEND_03B593C0,VISLAVATH SANJEEV
VEND_599F1CD0,DARAVATH DEVU SINGH
VEND_EF31D1B3,KAVITHA BADHAVATH
VEND_57379496,GRAM PANCHAYAT NALAG
VEND_1E6E708D,KJLCCS LTD
VEND_8F654739,NEELAM YOGESH JAISWAL
VEND_7B5EA926,KASHYAP HARDWARE CEMENT STORE
VEND_B9C2020A,AV ENTERPRISES
VEND_270CC97D,NIRMITHI KENDRA DAVANGERE
VEND_4B6A7035,TIPULURI CONSTRUCTIONS
VEND_70FB87D3,CRYSTAL GROUP OF CONSTRUCTION
VEND_85350A92,SANGEETA RAWAT
VEND_A589D839,DIGVIJAY
VEND_AAA95F41,DHIRENDRA SINGH TADIYAL
VEND_A7AFD3C2,ARAVIND H L
VEND_70FFF42F,MAA LAXMI ENTERPRISE
VEND_4BDB6BE2,LAXMI CIVIL WORKS
VEND_2700BA7A,DEBASIS PUROHIT
VEND_E86B170A,KK ENTERPRISES
VEND_6F1B1A53,GP KHARAL
VEND_642C3B4E,LAKHAN SINGH
VEND_66FCC672,BDO KUNIHAR
VEND_F2DF432C,RAMAMOOTHY D
VEND_3E2B4EE1,BIRAJ DIHINGIA
VEND_7257DF3B,PUNNAMANENI DEVENDER RAO
VEND_AD007DFA,JOBY N J
VEND_8BF64230,MAHESHWARI LIME WORKS
VEND_D83DA573,ROSHAN TRADING CO KATNI
VEND_43899C94,HARISH FABRICATION
VEND_E2DDFA50,GORISANA GRAM PANCHAYAT
VEND_137AF3F7,HEMANTH KUMAR H V
VEND_C1163133,KHUSHI ENTERPRISES
VEND_0D2D7191,MS USTAT PETRO POINT
VEND_07EF9898,AJAY PUMPS AND HARDWARE
VEND_A77BF977,CN RD PWD DAS ASSOC RST HS
VEND_7A0109A0,SANJAY CHANDRA BALUNI
VEND_0FB75920,MALLAPPA ANDAPPA KOTAGI
VEND_89D95FD7,MUKESH KUMAR MEHRA
VEND_42B53EF5,RAGHAVENDRA VIJAY SHINDE
VEND_3D9C00C5,PUNNIYAKOTTI L
VEND_8905579E,SILIPUR TECHNOLOGIES PRIVATE LIMITED
VEND_14DA0F20,BIDHANSABHA KSHETRA OBRA SAHAYAK ABHIYANTA
VEND_477E48D8,SALH CEMENT STORE
VEND_70F99173,SUKHDEV MISTRI
VEND_141641D4,KERALA ELECTRICAL AND ALLIED ENGINEERING COMPANY
VEND_A96F98B3,CHANDRA CONSTRUCTION
VEND_F95AF97C,GRAM PANCHAYAT BHAJANNAGAR
VEND_24AAA1EE,JABIR JASEEM P
VEND_460BDCBE,SAMEER HYDER
VEND_96927F08,JP CONSTRUCTION
VEND_CB4C5295,DAHARE BULDING MATERIALS
VEND_61552BD9,R S CONTRACTOR
VEND_8AFFBCA9,SHIBABRATA MALLICK
VEND_4D4117F9,GA INDUSTRIES
VEND_C4BB9E12,BHARTIYA SIKSHA PARSAR SAMITI SIKAR
VEND_8BD13EA7,SANTOSH KUMAR MONDAL
VEND_47114BFC,ARUMUGAM K
VEND_4EFA7CC3,GUTTIKONDA SESHU KUMAR
VEND_F7E216AD,GRAM PANCHYAT SALIWADA
VEND_B9C55383,NITIN MAHIRA
VEND_4633C88D,BENI MADHAV SINGH MAHAVIDYALAYA
VEND_D51DA8AF,KAUSHALAYA DEVI
VEND_09D1BDAA,R MANI SANKARAN
VEND_D409AD43,ADI LAKSHMI INFRA
VEND_36F32DAD,SATHI KUMAR K S
VEND_DB3F5A90,SHREE SALASAR BALAJI DEVELOPERS AND CONSTRUCTION HARSHAL SETHIA
VEND_A4C069D7,BABITA PATEL
VEND_C2538560,STEPHAN J
VEND_B2AC7E5E,SAI MOTORS
VEND_FCC29BDB,JKR INFRAA
VEND_A87FDAAB,MITHUN VISWANATHAN
VEND_4044EF1B,SANGITA DEVI
VEND_ADBB6EF8,ROHIT DATTATRAY GURAV
VEND_60352322,SILVER MOTORS
VEND_C1FD7234,JE SATYENDRA KUMAR
VEND_40659924,SADANANDA DEY
VEND_A1504250,MS MAHALAXMI ENTERPRISES
VEND_620103EB,BIJU PETER
VEND_129DCC0B,KETHAVATH BADYA
VEND_AA636568,GRAM PANCHAYAT CHAWANDIYA
VEND_533A4D81,GRAM PANCHAYAT RAI
VEND_2F3DA824,SHRAVAN KUMAR SINGH
VEND_905206AB,VELUSAMY S
VEND_626DDA9D,SUKHPAR ROHA JUTH GRAM PANCHAYAT
VEND_7D42480B,GP SINGADHAR
VEND_6F98C9B4,BHARAT SINGH SAIYAM SAIYAM TRADERS
VEND_DAA1F1D1,REJITH R C
VEND_D074DABA,NARVRE INTRPRIGESH
VEND_156C245D,M RASEKARAN
VEND_350882B0,M THANGAVEL
VEND_BEEE8046,KHARDOSAN GRAMPANCHAYAT
VEND_55F4E38B,YOGESH PARIHAR
VEND_6FC6BB55,PRATAP SINGH CONTRACTOR
VEND_0F878949,KANZARA GRAM PANCHAYAT
VEND_3F775EEB,ASEDA GRAM PANCHAYAT
VEND_3CC0902C,AMAR SINGH CHOUDHARY
VEND_AE7633F6,S GOPALAKRISHNAN
VEND_1E654295,DHARSHAN S P
VEND_9CDCB03E,MANOJ M S
VEND_0F5FAB59,AKHILENDRA SINGH CONTRACTOR AND SUPPLIER
VEND_EF99E83D,GP PANJOH
VEND_56B38746,GP SAROL
VEND_D4ADE1DF,GP KILOD
VEND_894EBEEE,GP PALHUIN
VEND_75905948,MUHAMMED NASIM K
VEND_38184E7A,CDO ZILLA PARISHAD DMF
VEND_E3183B63,AMAN PATEL
VEND_8F213525,PAJ GRAM PANCHAYAT
VEND_6D230A1A,MESARS SANYAM CONTRUCTION WARD NO 20 GHUWASH RBJ
VEND_AA912BD8,TALEPURA GRAM PANCHAYAT
VEND_20D63832,T C BHALLA
VEND_99999066,GRAM PANCHAYAT VITTHALPUR
VEND_DD519C50,ANNADATA KRISHI SEVA KENDRA
VEND_6B4245A1,SUBHASH CHANDRA DUBEY
VEND_510E4C5D,VIJAY KUMAR SINGH
VEND_CE1A0AB9,MOHIT ENTERPRISES
VEND_452C71AC,AMARTOSH KUMAR
VEND_21EF9387,PATHANIA EARTHMOVERS AND RETA BAJRI
VEND_C47A03BB,MERIL DIAGNOSTICS PRIVATE LIMITED
VEND_3FEDE1F0,THADACH GRAM PANCHAYAT
VEND_9D1F481A,SAGARIKA SWAIN
VEND_CD1775F1,BDO RAJGANGPUR
VEND_886D3288,JASDEEP CEMENT STORE
VEND_7445CF06,GURBAKSHISH BUILDING MATERIAL
VEND_655C27FF,ER TARUNDEEP SINGH MIE
VEND_0A289B22,OVONIC ENERGY ENGINEERING PVT LTD
VEND_889E9DE7,SAMIR KUMAR RANJAN
VEND_CBBB2080,ADESH ANAND
VEND_91953BFA,ARYAN ENTERPRISES
VEND_DAE5DD44,TANNU PATHAK
VEND_27E5D7F2,LALAVADAR GRAMAPANCHAYAT
VEND_DE5EC7F2,MS AMBAJI TRADERS
VEND_4B3AE3AC,SANTARWADA GRAM PANCHAYAT
VEND_8E34ED42,SHRI SAI ENTERPRISES
VEND_5B2F80C3,SHRI PAL
VEND_C4BEA5CC,SHRI GANESH CONSTRUCTION AND SUPPLIERS
VEND_E3B27EA0,RANJEET KUMAR YADAV
VEND_E966C10F,GUMADIYA GRAM PANCHAYAT
VEND_327B8AC5,DER GRAMPANCHAYAT
VEND_7A8C12A2,SANJAY KUMAR JOSHI
VEND_76B1937F,VAIBHAV RAMESH PATIL
VEND_98F04A8D,SANTOSH KUMAR PANDA
VEND_56818F77,MOHAMMAD INAM
VEND_8B2FDA90,PO HIMURJA KULLU
VEND_EFEB4C1E,RAMESH CONTRACTOR
VEND_A35EE039,RAMESH LAL
VEND_45805FBA,MS BABA KAMTA NATH CONSTRUCTION
VEND_6CCDBD6F,GRAM PANCHAYAT SHIVPUR
VEND_D33D1CD4,VISHAL CONSTRUCTION AND SUPPLIERS
VEND_F343B265,MAA SHARDA CONSTRUCTION
VEND_AF056225,GRAM PANCHAYAT KALRUHI
VEND_AEA5A26F,G SAMPATH REDDY
VEND_F57DA019,DEVENDRA KUMAR THEKEDAR
VEND_1E6759E5,JAI MA TRADERS
VEND_FEC32280,SURAYASH TRADERS
VEND_A05723C9,AJAY KUMAR ROY
VEND_668F0369,DEBALA SAHOO
VEND_35E7C8A8,JOHNY JOSEPH
VEND_81945E51,GRAM PANCHAYAT DHUNDHI
VEND_18D7FDCC,BABU M JOSEPH
VEND_3375749D,M SENTHILKUMAR
VEND_725C7E7B,MAHA CONSTRUCTION
VEND_F071EF80,RAGHAV CONSTRUCTION COMPANY
VEND_02DEADF1,ASSISTANT ENGINEER TEKARI
VEND_538CB05D,PALANIDOSS
VEND_5B25ED75,BHATVASNA GRAM PANCHAYAT
VEND_A2E20850,ARUMUGANATHAN M
VEND_0ABB966D,GANGADHARA NAIK
VEND_9BE0F624,MAHESH KUMAR
VEND_03383D2C,NANDAGOPAN
VEND_B9C52813,MOHAMED SANOOJ T K
VEND_359DE23C,BABUKKUTTY JOSEPH
VEND_E1123C49,UNITED ELECTRICAL INDUSTRIES LTD
VEND_DCC8715B,POOJA CONSTRUCTION
VEND_74E23827,SHANAVAS EV
VEND_204E4CAD,HASHID CK
VEND_BB6FA298,MANAS RANJAN BARIK
VEND_AA8BCD71,MAHARAGU PRADHAN
VEND_B10A3F7B,SHASHANK CONSTRUCTION COMPANY
VEND_34EA5052,GURRAMPULLA REDDY
VEND_4B35AB23,SATPUTE TRADERS AMRAWATIGHAT
VEND_DE38BD89,WEST BENGAL MEDICAL SERVICES CORPORATION LIMITED
VEND_31F9125D,MANPURA UN GRAM PANCHAYAT
VEND_5BE6B9F6,TAHASILDAR KRUSHNAPRASAD
VEND_6B961002,BDO KRUSHNAPRASAD ST DEDUCT
VEND_B979E2CE,AHILYA KUMARI
VEND_7CA98A24,AQUACARE RO SYSTEM
VEND_A50BB6BE,KAMALAKANTA BASKEY
VEND_9BBEDE32,KHIMANA GRAM PANCHAYAT
VEND_ACE66E8B,MONAL ASSOCIATES
VEND_43B1A8F6,KISHORYA
VEND_518D4C5E,MONU DOBI
VEND_FCAB0D02,BANVARI
VEND_73DC574B,RAMAVTAR
VEND_B57BB603,VIJAY SINGH
VEND_CAB593C6,AMAR SINGH
VEND_B43AA0E4,BARINDER SINGH
VEND_42D70651,ARSHPREET SINGH
VEND_FA297691,KOMAL PREET
VEND_19349907,PHOOL KUMAR MANDAL
VEND_F9AFD1C5,MANINDER SINGH
VEND_AD3D2C93,GURDIT SINGH
VEND_2D01E5C9,RAJ SINGH
VEND_2E26C0C7,BALVIR SINGH
VEND_F3F1663B,PARAMJIT SINGH
VEND_F93E93E9,GURPAL SINGH
VEND_F695DFB9,GURMEET SINGH
VEND_527546B3,KAILASH BUSINESS ASSOCIATES
VEND_13666BEF,PREMNAGAR GRAM PANCHAYAT
VEND_B5F65476,SANTOSH KUMAR GARG
VEND_CB08C836,DAYARAM THEKEDAR
VEND_779E2515,MANISH ENTERPRISES
VEND_AB43656C,RAJASTHALI GRAM PANCHAYAT
VEND_48DD6EDD,AGGARWAL STEELS
VEND_5A2335C7,BDO NAYAGARH
VEND_F5E3EE78,SATYAPRIYA SAMAL
VEND_B73396A3,GRAM PANCHAYAT BORIYA
VEND_8AEF76BF,GRAM PANCHAYAT PIPARDI
VEND_8AFFB9A5,LAKHWINDER SINGH SO KARAM SINGH
VEND_737B8645,VIDYANAND MUKHYIA SO RAM CHANDER MUKHYIA
VEND_B2F7CF13,SUKHDEEP SINGH SO ROOP LAL
VEND_D403703A,AMRITPAL SO AMRIK SINGH
VEND_5BC707F6,KARANDEEP SINGH SO BALJINDER SINGH
VEND_5A2BFD98,MANGAVAPAL GRAMAPANCHAYAT
VEND_A1819FBB,PRASHANSA CONSTRUCTION COMPANY
VEND_3CD72222,FMD INDUSTRIES
VEND_EAC0C9A7,BANSAL CONSTRUCTION CO
VEND_792553D6,VIKRAM CONSTRUCTION
VEND_C04A8597,ASSISTANT ENGINEER AC JAMUI LAEO WD 01 JAMUI
VEND_1D1C624A,RAJESH KUMAR MEHTA
VEND_87818783,BDO OKHALKANDA
VEND_3EDC13DE,ASSISTANT ENGINEER AC SIKANDRA LAEO JAMUI
VEND_58420C46,MS R P TRADERS
VEND_79878249,SOHAN PRAKASH KAMBLE
VEND_A56E78FF,RAJU ENTERPRISES
VEND_7EF8F101,KESHI ENTERPRISES
VEND_BC953A62,S S INTERPRISES
VEND_86E539F4,SHRI GURU NANAK INTERLOCKING CEMENT TILE
VEND_053200CC,ABHAY AND COMPANY
VEND_FFDB43D1,HARJEET SINGH
VEND_4F5FDEBE,SUMIT VACHHER CONTRACTOR
VEND_22DCAB6A,DHARAM SINGH MEENA
VEND_B3DFF6BC,GULAB SINGH MEENA
VEND_32A30125,SAMAY SINGH MEENA
VEND_A2014911,SUBASH CHAND JANGID
VEND_9005AF35,MANOJ KUMAR BAIRWA
VEND_40C20F0D,SHIRIKISHAN
VEND_8F375F7F,SULEMAN
VEND_84811FED,MADHU
VEND_FBC303E9,SHESHMANI TRIPATHI
VEND_42352B7C,MISHRA TRADERS CONTRACTOR AND SUPLLIERS
VEND_B5F0DE5B,MAHINDRA AND MAHINDRA LTD
VEND_98249098,BIJENDRA PAL SINGH JINTI
VEND_E092452B,RUPA KUMARI
VEND_6933AB6C,NIBEDITA KANUNGO
VEND_98BD65B2,AKAL CEMENT TILES
VEND_07C2E773,VICKY DHANOA BUILDING MATERIAL
VEND_7B03C9DE,RADHE ENGINEERING AND CONSTRUCTION
VEND_F47BDED6,MAA KALI BUILDERS
VEND_1A323DFA,MP AGRO SHIVPURI
VEND_F09387B6,RASHID ALI
VEND_E1E9987D,PUSHPENDRA TIWARI
VEND_6E16F6FE,MAYFAIR J M
VEND_518C7224,SHAKTI FIXTURES PRIVATE LIMITED
VEND_52EE83E5,GRAM PANCHAYAT PAHADIKHEDA
VEND_96ED782A,ASSISTANT ENGINEER CHANPTIYA
VEND_0521784E,AJAY KUMAR SINGH
VEND_FE1CAB2B,JAYASHREE JENA
VEND_CADCBB95,GRAM PANCHAYAAT BHANGULI
VEND_FADE9FB0,GP BANSIA S
VEND_AE178532,GP MAGARDA S
VEND_2CDFE341,JP GOGAWA
VEND_F0272D2B,SEWAK BUILDING METERIAL
VEND_F1F474A2,DIVYANSHU CONSTRUCTION
VEND_ED5541E0,PARDEEP GUPTA
VEND_9C348CB4,GUPTA KRISHI YANTRA
VEND_F516D7C1,GRAM PANCHAYAT BORALI
VEND_261EF13F,D GANESAN ALANGADU
VEND_54AA82C2,GRAM PANCHAYAT SINGHORA
VEND_2E4363BA,P GANESAN SEEMANOOR
VEND_C6899B39,GRAM DONGARPUR MANGARH
VEND_3F27E8C0,ASSISTANT ENGINEER KEOTI
VEND_7B4E8916,ASSISTANT ENGINEER DARBHANGA SHAHARI
VEND_9F937E5C,PUSHPA SHARMA CONTRACTOR
VEND_D8397CF0,ISHAAN ENTERPRISES
VEND_EB11CA51,MALSUND GRAM PANCHAYAT
VEND_0A6D7DC3,NANA GRAM PANCHAYAT
VEND_26F1B41F,BHALANA GRAM PANCHAYAT
VEND_D9812FA3,GRAM PANCHYAT AMRUTPUR
VEND_FAD1A9C3,ASPI ASSOCIATE OPC PVT LTD
VEND_7A236779,RAJIV SINGH
VEND_F414BB38,AMRENDRA KUMAR THAKUR
VEND_CDAEBBE6,RINKU MOHANTY
VEND_815F32B4,AYYANAR
VEND_0C4A9A96,MURUGAN E
VEND_769F5215,THIRUMAL
VEND_7AE8B492,KERALA ELECTRICAL AND ALLIED ENGINEERING
VEND_B06CF552,SHYAMA ENTERPRISES
VEND_B82B6260,MS BANSAL CONSTRUCTIONS
VEND_78831056,DIWAKAR KUMAR
VEND_1D12274F,ASSISTANT ENGINEER PHULPARAS
VEND_FBD5FA29,ASSISTANT ENGINEER JHANJHARPUR
VEND_44E3513F,BINDU DEVI
VEND_1CC9BB41,BDO CHHANBEY
VEND_99BB25E5,RIYANSH CONSTRUCTION
VEND_F87D3F24,KELTRON COMPONENT COMPLEX LTD KANNUR
VEND_D6E9D39B,BEJAWADA SEENAIAH
VEND_45261F80,SARPANCH SHRI VASNA CHAUDHARY
VEND_04D7A411,MS DEO MANI TRIPATHI
VEND_09BCA885,TIJA ENTERPRISES
VEND_C5D74053,GEETA BAI YADAV
VEND_D05E9605,POONAM BARMAN
VEND_50347D9F,ATUL SO RAJESH
VEND_EC136E2C,SANDEEP BARMAN MUNNA
VEND_91780998,REETA BAI WO JAWAHAR
VEND_BAE1587F,SHIVRAM BARMAN SO PHOOL CHAND
VEND_CCA50B6D,ARCHNA BARMAN
VEND_0958B712,LALTA BARMAN WO HARIRAM BARMAN
VEND_97CD49EC,ANUJ KUMAR BARMAN SO RAJKUMAR
VEND_4885CDAD,THE GURU KIRPA CO OP L AND C SOCIETY LTD
VEND_3EFB687B,R S PAVAN MANDALI
VEND_27E77207,RAJA SAHIB JI ENTERPRISES
VEND_632E618D,DUDASAN GRAM PANCHAYAT
VEND_76AE937E,HARESH
VEND_33EF5428,LOPAMUDRA PATI TC DELANG BLOCK
VEND_9424EA7F,SMT SUREMA DEVI
VEND_E550C89D,THE MANSA LOK SEWAK CO OP L AND C SOCIETY LTD MANSA
VEND_538C7F1B,DPS PUBLISHING HOUSE
VEND_127798FD,GRAM PANCHAYAT KASBABAGROD
VEND_F4918221,GRAM PANCHAYAT DAMILA
VEND_446A5F70,NANDHA AND COMPANY
VEND_699062C1,CHENDURLITES
VEND_14EF24E7,PRAYAG ENTERPRISES
VEND_069F51AE,SHIHORI GRUP GRAM PANCHAYAT
VEND_AF5D8D6F,KUVARVA GRAM PANCHAYAT
VEND_65ED3144,UMBARI GRAM PANCHAYAT
VEND_E9362000,HARISH ENTERPRISES
VEND_B59123DF,GRAM PANCHAYAT BATUHI
VEND_8C9F57BF,KAUSHLENDRA KUMAR SINGH
VEND_BDECC286,MS J P CONSTRUCTION
VEND_98BA8E45,BIRAJ KUMAR NAYAK
VEND_6450EDB6,SHRI LAXMI CONSTRUCTION
VEND_BB57D3A4,MAHENDRA PRATAP SINGH
VEND_98ADD073,MS SAMAR CONSTRUCTION COMPANY
VEND_520AA3FA,MAA SHARDA ENTERPRISES
VEND_3DF6A3C8,GP KIRI
VEND_3EB26CD0,SARPANCH SACHIV SARSALA
VEND_34C37441,EERES SHAJAPUR
VEND_F9A2ED72,JUNIOR ENGINEER NREP SKL KSN
VEND_C1DA0E37,GRAM PANCHAYAT KANJAI
VEND_78BDFE52,K G CONSTRUCTIONS
VEND_537D5E25,KAMAL SAINI
VEND_EC663EA0,PRIYANSHU KUMARI
VEND_51D15A39,SHRI GURU ARJAN DEV JI INTERLOCK TRADERS
VEND_47B06609,SELLAMANI S
VEND_A7DF5E69,GRAM PANCHAYAT MAGANPURA
VEND_16D20BA0,DHANERA GRUP GRAM PANCHAYAT
VEND_B7BF4E52,SINGH CONSTRUCTION COMPANY AND ENGG SERVICES
VEND_9A31F30F,RANAVADA JA GRAM PANCHAYAT
VEND_41F30683,AAKOLI THAKOR VAS GRAM PANCHAYAT
VEND_74967707,SARASWATI VIDYA PRATISHTHAN MP
VEND_E1AC505E,JUNIOR ENGINEER SADAR BLOCK8144091085
VEND_64B5AEE2,BALA JI BRICK FIELD
VEND_C8EC760B,BALA JI ENTERPRISES
VEND_809EA0A7,MS RIDDHI SIDDHI CONSTRUCTION COMPAY
VEND_7878F6D0,NATHAM GEETHAM BOOK SELLERS
VEND_8613C315,SANTOSH SONKAR
VEND_800BAC00,CHACHARIYA GRAM PANCHAYAT
VEND_4DC432DF,ROYAL ELECTRICALS
VEND_424585E9,ROYAL FURNITURES
VEND_4A544666,S S ASSOCIATES
VEND_6CF80DEE,S S ENTERPRISES
VEND_46DA743E,HARI RAM BARMAN
VEND_9B9D2645,EKAANSHA CORPORATION
VEND_C8DA2553,PARAMJEET SINGH SO LACHHMAN SINGH
VEND_DED9DCDE,SHRI RADHESHYAM TRADERS
VEND_7192CCA6,SHRI DAUJI MAHARAJCONTRACTOR AND SUPPLIERS
VEND_9A11139F,SHAIL CONSTRUCTION
VEND_102DC630,MS AVINASH BRICK FIELD
VEND_9C2D043B,SHREE JAN BROTHERS
VEND_E32EF850,RAGHUBANSI CONSTRUCTION COMPANY
VEND_0C8050AC,MAA VINDHYAVASINI GREEN SOLAR ENERGY
VEND_01EE7721,ASHIRWAD ENTERPRISES
VEND_133F0680,SUN SOLAR AND AQUA CONTRACT
VEND_D4A62F0E,PINK PANTHER ENTERPRIESE
VEND_E69454BF,S F ASSOCIATES
VEND_4DE890B7,RAJ KUMAR SAGAR
VEND_02F6ACAB,SHOJI A J
VEND_454BE1E4,REETASH SINGH THAKUR
VEND_F6BE9E29,ARJUN LAL
VEND_DB6F6DA1,MAHENDRA
VEND_45908316,BRAJESH
VEND_05F288E2,BHOOPAT SINGH RAJPUT
VEND_BDE1E7CA,ASHUTOSH SAHOO
VEND_C30CB094,NAVDISHA UNIVERSAL PRIVATE LIMITED
VEND_53C2E408,MOHD KHALID
VEND_021C646D,BABA NAND SINGH BRICK WORKS
VEND_053F39A7,LEEPAK SAMAL
VEND_4C102BAF,MP FUND RAJYA SABHA DEV BLOCK RAIT
VEND_C678E410,UNIVERSAL SANITATION
VEND_A5B5C684,ARYA BRICKS MANUFACTURERS
VEND_7ABDD51E,SRI RAMANA CONSTRUCTION
VEND_F453323B,PREM CHAND HARBHAJAN LAL
VEND_47C48B81,JAGRAJ SINGH SO SARBAN SINGH
VEND_E75C1A66,BALAJI
VEND_E25D3E2A,K KUMARESAN
VEND_34AC5BCD,RAJKUMAR BHARGVA
VEND_4573F360,GP KANDO CHEOG
VEND_F67651DC,MS OM ENTERPRISES
VEND_361ABABD,GRAM PANCHYAT NANHAKHEDA
VEND_BF51C7F4,GRAM PANCHYAT GARDAR PIPARIYA
VEND_D23035E9,GRAM PANCHYAT SUNWARA
VEND_A98C06E3,GRAM PANCHAYAT KETOO KEMA AND NEMA RAM AND PRAKASH
VEND_59F82930,KHAND VIKAS ADHIKARI
VEND_498A502E,JAI MAA KARNI TRADING COMPNAY
VEND_2F480EC8,GRAM PANCHAYAT BARANGNA
VEND_B5FC7E89,KULWINDER KAUR
VEND_EDF912DF,HARDEEP KAUR
VEND_CBE3FC44,GRAM PANCHAYT AHROLI GHAT
VEND_03A389E3,GRAM PANCHAYAT NANGRA
VEND_E76DAF79,SARPANCH GRAM PANCHAYAT BARDULI
VEND_FB7D733C,MANZOOR AHMAD
VEND_35723654,ACUSERV ENTERPRISES
VEND_4D5FF392,AADI SHAKTI CONSTRUCTION
VEND_5CBFDF49,SHAILENDRA KUMAR MISHRA
VEND_D6B8439B,RANDHEER ENTERPRISES
VEND_72A72878,TARKESHWAR PRASAD PANDEY
VEND_4D60FFDB,BADRI PRASAD BULIDING MATERIAL AND SUPPL
VEND_FD067879,NARENDRA KUMAR MISHRA
VEND_5C3E9F20,SINGH ENTERPRISES
VEND_FEA8A21F,DINESH PRATAP BUILDING MATERIAL SUPPLIERS
VEND_B07AE0F4,RAJA RAM MAHTO
VEND_AE3AA136,SINGLA ENTERPRISES
VEND_BA5418EE,MS MANUKE BRICK IND
VEND_409B72AA,LUCKY INTERLOCK TILES
VEND_BA7D68C4,GP KADAI
VEND_F0660BE8,AMAN ENTERPRISEZ
VEND_220B5607,KERALA FINANCIAL CORPORATION
VEND_3246B895,GRAM PANCHAYAT ALHED
VEND_80DF7221,GP PROTHA
VEND_38FE49E0,PALLAVI CONSTRUCTIONS
VEND_EBC74166,A K ENTERPRISES
VEND_16803936,EDD SHAHGANJ JAUNPUR
VEND_B839DDA9,UDHAYAM CONSTRUCTION
VEND_7669FC75,KOMAL RAJ
VEND_2F327C1B,SHIV ENTERPRISES
VEND_6D328FF9,MS B S ENTERPRISE
VEND_D6F9C3F3,MS SS CONSTRUCTION
VEND_21098FCD,SHRI THAKUR TRADERS
VEND_90783938,GRAM PANCHAYAT PALTA
VEND_5B410D49,MA SHARDA CONSTRUCTION AND GENERAL ORDER SUPPLIERS
VEND_4F235DFD,DEPUTY MANAGER KELTRON
VEND_674A1C37,MUKESH KUMAR SINGH
VEND_448EA5FE,GRAM PANCHAYAT BHIMTHAL
VEND_77114B2D,SHIV MANGALAM KANKRITING UDYOG
VEND_967301A3,GRAM PANCHAYAT THEMI
VEND_89F9E424,GRAM PANCHAYAT DEONAGER PURANA
VEND_F095F4C6,GRAM PANCHAYAT BARHETA
VEND_8B37E2D7,CHAIRMAN HABITATION WORKS COMMITTEE BATCHALAKURAPADU
VEND_08391D54,AARAV TRADERS
VEND_C81599D3,YUVRAJ TRADERS
VEND_7FDA66A8,KALYAN TRADERS
VEND_687965ED,JITUPAL GOGOI
VEND_673642F6,JAGGNATH TRADERS
VEND_2A44FCB3,RAJESHWARI TRADERS
VEND_A92F0654,GRAM PANCHAYAT JASALPUR
VEND_75CD9976,SACHIV GRAM PANCHAYAT RAIPUR
VEND_794A6540,HYKON INDIA LIMITED
VEND_0A9777CD,GRAM PANCHAYAT MAJEEDGARH
VEND_2295CFE4,GRAM PANCHAYAT SHAHADPUR
VEND_839805BA,REDHIKA INFRA
VEND_519844EA,S MEYYAPPAN
VEND_1063607C,MC SHIMLA RAJYA SABHA
VEND_A4FA1674,GRAM PANCHAYAT MITHRA KHURD
VEND_CEC890AC,DHOBIKHEDA
VEND_00F79C17,JILA ADHIVAKTA SANGH
VEND_3CB33DBA,DMF FUND NAYAGARH
VEND_A81D3868,GP KIRGI
VEND_DF6FD231,PATEL DEVLOPERS
VEND_031E61E8,DINESH PATEL
VEND_429A64BC,GRAM PANCHYAT LUHARI
VEND_D6FFC702,NP AMARKANTAK
VEND_1900746E,SHRI SAI TRADERS PROP HAKAM CHOUHAN
VEND_0014EB8D,MS SARPANCH GRAM PANCHAYAT JHINJHINYALI
VEND_4553E96B,KARISHMA CONSTRUCTION
VEND_72F6F4DE,TRIBAL ENTERPRISE
VEND_5F19FA41,PRASANTA KUMAR SAHOO JE
VEND_97AA8915,KALAWATI GOODS SUPPLIERS PROPRIETOR SONU KUMAR
VEND_EABC4670,RAJAN MOBILE WORLD SALES SERVICE ELECTRIC AND ELECTRONIC PROPRIETOR RAJAN KUMAR
VEND_5B689ACE,GP RINDA
VEND_37E3AD16,MODGIL CONCRETE INDUSTRY
VEND_7E498073,SHREE SANWARIYA CONSTRUCTION
VEND_473B393D,SHREE SANWARIYA TRADERS
VEND_42919785,JILA ADIVAKTA SANG
VEND_FFFC04B0,RAKHIYAL GRAM PANCHAYAT
VEND_F05BA42A,MS MAHAVEER TRADERS
VEND_A6591E88,PATEL ENGINEERING AND TRADERS
VEND_67A14202,BDO KANGRA
VEND_F0E293C2,KHANDEWAL TRADERS
VEND_D697391F,SHIV KRAPA CONTSTRUCTION COMPANY
VEND_CFEB965C,SMART PIPE INDUSTRIES
VEND_C05EDC6D,GP BAIRAGIYAPUKHARI
VEND_157D66D7,VIBHUTI NARAYAN MISHRA
VEND_56E988DB,SHIV SHAKTI COSTRUCTION COMPANY
VEND_24ED1BB0,BABU P
VEND_64617E77,MORAMBLI GRAM PANCHAYAT
VEND_80B15C17,MASRA GRAM PANCHAYAT
VEND_7DE22B91,SIMLAJ GRAM PANCHAYAT
VEND_921445E1,HARKHOL GRAM PANCHAYAT
VEND_B981D2FE,KOTARIYA GRAM PANCHAYAT
VEND_9B93F867,AGARVA GRAM PANCHAYAT
VEND_48DA283F,SALUN GRAM PANCAHAT
VEND_B58C3E86,SARPANCH SACHIV GRAM PANCHAYATGOBARGAON
VEND_B5796EA8,NANADARA GRAMPANCHAYAT
VEND_AC4BDC0E,GRAM PANCHAYAT NAYAKHEDA
VEND_CD34F6DF,GRAM PANCHAYAT KIRATPURA
VEND_AABD86E6,BDO DHARAMSHALA MPLADS
VEND_170B6892,EDD MACHHALISHAHAR
VEND_069F9F80,NARWAR
VEND_410182D6,PRAHLAD ENTERPRISES
VEND_C9A65CFD,EDD 2ND JAUNPUR
VEND_D3D2DAE1,DEPUTY DIRECTOR HIGHER EDUCATION BILASPUR
VEND_D145A0CE,BHARATHI
VEND_F7F93598,MANJEGOWDA M R
VEND_FDBB9A35,AKRUTI TRADERS
VEND_A01FE4A0,AAKASH NAMDEV
VEND_D10F0840,SACHIV MP BHAVAN EAVAM ANYA SANIRMAN KARMKAR KALYAN MANDAL BHOPAL
VEND_E2581388,G P ABHEYPUR
VEND_CA3283B4,GP BABEHAR
VEND_3084149B,GP DEOLI
VEND_0F0A4F41,GP GHANARI
VEND_E1B7F70D,BDO MALKANGIRI
VEND_B5EC65EA,SOLERGY SOLUTIONS
VEND_FBE1FB95,KAKAR ASSOCIATES
VEND_0284C568,GP JADLA KOERI
VEND_AFE206AF,GP JOH
VEND_A46A1DFD,GP KUNERAN
VEND_12E88B14,GP KUTHERA JASWALAN
VEND_67BCF194,AFROZ ALAM
VEND_0D156762,BAKE BIHARI TRADERS
VEND_8471226B,CHHAVI KUMARI
VEND_56BC8AF9,SHAJI MATHEW
VEND_AF919D01,GRAM PANCHYAT CHHENA KACHHAR B
VEND_85A6ED13,GRAM PANCHYAT IMALIYA PIPARIYA
VEND_C57E9E1D,GRAM PANCHYAT RAIPUR
VEND_73EC268C,CORPORATE CONCEPTS
VEND_BEC66733,CHIEF EXCUTIVE OFFICER JANPAD PANCHAYAT MALHARGARH
VEND_CEDBB74F,RUBI DEVI
VEND_0E9397BB,GRAM PANCHAYAT PIPARIYA MUSRAN
VEND_4A7D4547,GP KASHI KHARI
VEND_188E8170,SARPANCH SACHIV GRAM PANCHAYAT TEKA
VEND_38F93BF3,PAVULURI VAMSIKRISHNA
VEND_0615991C,SK CONSTRUCTION JAUNPUR
VEND_1035B4B0,ASHOK RAHANGDALE
VEND_C924C8F1,GRAM PANCHAYAT KARONNDIYA
VEND_3993194A,ARADHANA BULDGING MATERIAL
VEND_79888884,ARORA BROCKS COMPANY
VEND_D31C1CC5,MS R K TIWARI
VEND_FA1D18DB,MS AWANISH ENTERPRISES
VEND_6FEE8CA9,GP KACHNARIYA
VEND_EBE92C83,SHREE NAGANARAI CONSTRUCTION COMPANY
VEND_AE0DF6C3,SHREE GURU KRIPA CONSTRUCTION
VEND_15209045,SHWETHA NANDINI NTERPRISES
VEND_6ECC16BB,GP NAHLA
VEND_F9A6337F,SONA CONSTRUCTION PROPRIETOR BHULAN KUMAR
VEND_3CF7640F,GP NANDED
VEND_EE31C323,BHAGVAN SINGH
VEND_E050755A,SHRI BALAJI BUILDING
VEND_494354AA,OMPRAKESH SARDAR
VEND_B19BF7EB,GP KALADEHI
VEND_6877045F,GP HULKI
VEND_7CEA75F7,SARPANCH GRAM PANCHAYAT GOINDWAL SAHIB
VEND_65B9BB77,TECHNICAL ENGINEERING CONSTRUCTION
VEND_624DEAD8,KRISHNA MURARI YADAV
VEND_853F1F93,GP SAROLA
VEND_14C9882D,GRAM PANCHAYAT CHEEKALI
VEND_CF2309AD,CHANDRAN
VEND_9566E4A7,KAMEA TECHNOLOGIES PVT LTD
VEND_8C37E015,DUNDRA SRIKANTH
VEND_AB5214AC,LAJPAT SINGH CONTRACTOR
VEND_F877066F,SUBHASH CONSTRUCTION
VEND_936CB714,BDO TANGI CHOUDWAR MPLADS
VEND_8CCCF701,JILA ADHIVAKTA SANGH NARSINGHPUR
VEND_D4128207,CMHO MANDLA
VEND_F4CA6AFB,NANDALUR BHASKAR REDDY
VEND_FBDE7117,SIVAPACKIAM
VEND_2CF5F169,MS RAJESH MEHTA
VEND_9AFFEC9B,GANESAN P SEEMANOOR
VEND_3184E698,J L INDUSTRIES BKO
VEND_8096E5A0,RAJ KUMAR PRASAD
VEND_A5109052,PUVVALA MURALI MOHAN
VEND_77D57019,SHRI SATTURUDEV BAPOLIWALE GURUJI SHIKSHA SAMITI
VEND_2FEF5483,JAWAL GRAM PANCHAYAT
VEND_6BAB7FC8,JAI SINGH
VEND_481B7739,JAIN BUILDING MATERIAL SUPPLIERS
VEND_47FF6911,GP IKLERA JP NARSINGARH
VEND_46086DF3,RAKESH KUMAR SINGH
VEND_FD2E9CEA,SHREE RADHA RANI KRIPA ASSOCIATE
VEND_38D23A53,CEO JANPAD PANCHAYAT SITAMAU
VEND_AEC6C3E8,MANORANJAN SAMAL
VEND_FD84719E,CEO JANPAD PANCHAYAT MANDSAUR
VEND_8DACE5D8,BRANCH EARMARKED CAPITAL RECEIPT AC
VEND_9ED3F247,SARPANCH SACHIV GRAM PANCHAYAT TINSARA
VEND_0563C23E,BLOCK DEVELOPMENT OFFICER NALAGARH MP LADS RAJYA SABHA
VEND_CEE6FDF5,PADHAWALI GP
VEND_AFFF171A,SEWA GP
VEND_F44B9075,C MANLANG ANGTO
VEND_8C81C249,GRAM PANCHAYAT MANDAL CHARNAN
VEND_75B889B2,BDO MASHOBRA RAJYA SABHA
VEND_0D38D26A,GRAM PANCHAYAT KHAJWA
VEND_4017EA76,GRAM PANCHAYAT BHESALAY
VEND_DEF05B67,GYAN YOG SANATAN DHARM SHIKSHAN SANSTHAN
VEND_F5873D1B,GRAM PANCHAYAT SISGAON NISARPUR
VEND_3524C18D,SUMMI BAI ADIWASHI
VEND_EF993959,SUMMI BAI
VEND_F5A7DC2D,SANTA CHOUDHARY
VEND_FA9210A3,KESHAR BAI
VEND_DB9B1EB1,PRAKASH YADAV
VEND_B5B0B88D,KALLU BAI ADIWASHI
VEND_D7ACDD85,NIDHI VISHWAKARMA
VEND_C73AD715,ANURUDH PRATAP SINGH
VEND_2514C9BD,SONE LAL ADIWASI
VEND_A57A79A9,KARAN BARMAN
VEND_E8B26B5E,PAHARIYA EARTHMOVERS
VEND_068A6985,AMIT YADAV
VEND_C3369EC2,URMILA BAI YADAV
VEND_ADCBAFE1,AMAR YADAV
VEND_D8A3C46C,PREM LAL YADAV
VEND_60D75946,REF CERAMICS INDUSTRIES
VEND_89E6CD33,S S CEMENT PIPES
VEND_F7B37D59,GRAM PANCHAYAT BINDWADEOGARH
VEND_5E617B21,RAM KUMAR YADAV SHIKSHAN AND PRASHIKSHAN SANSTHAN
VEND_FC7BD695,V ANIL KUMAR
VEND_41A34920,TULSIRAM YADAV
VEND_7D108183,POONA BAI
VEND_E386D7F7,JAGGI TRADERS
VEND_BBDBDA5B,RAMCHANDAR SINGH
VEND_184BB914,HUSAINPUR
VEND_1CA187CE,M MALLIKARJUNA REDDY
VEND_2B924356,GRAM SABHA NAYA GOWN
VEND_AFA2E3CE,GRAM PANCHAYAT TILAWAD GOVIND
VEND_A9866F2D,SHEKHAR BADRILAL
VEND_DA46E04A,BALAJI TRADERS
VEND_FD165ADC,EMF
VEND_3A7D0B67,VIRENDRA SINGH
VEND_3946E07D,EE EDD UPPCL ROBERTSGANJ
VEND_257A2035,GURU NANAK TRADING COMPANY
VEND_FB06CD7A,SANTOSH KUMAR SINGH
VEND_5EC3C731,M P STATE AGRO IND DEV CORP LTD BPL
VEND_31707394,GRAM PANCHAYAT DEIDAS
VEND_BFD3DCF1,ANOUSHKA NIRMAN PVT LTD
VEND_6C59AF0F,JILA RAJPUT SAMAJ TRUST MANDSAUR
VEND_B9BD1FC7,NISHANTH CONSTRUCTIONS
VEND_A62431E2,SACHIV GRAM PANCHAYAT SANGAKEDHAKALA
VEND_6C48D7EF,BDO PRAGPUR
VEND_20438CB9,PHOENIX AND CO
VEND_F4643092,GRAM PANCHAYAT JAMUSAR KHURD
VEND_219503D5,ASSISTANT ENGINEER HARNAUT A C
VEND_5C7BC469,SAINI CEMENT STORE
VEND_9D177A6C,GRAM PANCHAYAT IMLAIYA TIKARI
VEND_0682D775,PILVAI GRAM PANCHAYAT
VEND_C957B793,BHULLAR SPUN PIPE FACTORY
VEND_5C3CA4B5,GURWINDER SINGH TRADING CO
VEND_FF69F1CC,SANTOSHA KUMAR MALLIK
VEND_29250763,SWARN SINGH
VEND_B10529B5,LABHJEET SINGH
VEND_D1EAFEF3,MOHINDER PAL
VEND_96B1755F,DHARMINDER SINGH
VEND_BC3DA6B1,GP BANSKHEDHI
VEND_97D32123,GP SURASA
VEND_FC9275B7,HARJIT SINGH
VEND_222C70D0,GP DHABLA GORI
VEND_C517E550,RAMANPREET SINGH
VEND_422FE411,RAMANDEEP KUMAR
VEND_3F4D23F3,ANUPDEEP SINGH
VEND_95E178DC,JASWINDER SINGH
VEND_50EAC684,PARGAN SINGH
VEND_7708586C,AMRIK SINGH
VEND_01534330,GP MEEN
VEND_6AB32BD0,A BALAMURUGANPRABU
VEND_FBB36D6E,BLACKROCK INFRASTUCTURE
VEND_378E20C4,PALETI SATEESH
VEND_7FBC34CB,GP AMARPURA
VEND_E475BE30,RAJASHEKARAIAH N
VEND_F81DFFEC,GRAM PANCHAYAT PAR
VEND_9EA50021,EEEDD CHUNAR
VEND_79838E1F,EDD 4TH JAUNPUR
VEND_5BD0D589,SUMIT KUMAR NIRALA
VEND_8EA53130,SHRI IMAGING AND XRAY FILMS PVT LTD
VEND_A4F63AB5,EXEN EDD1 CHANDAULI
VEND_085AB3F7,NISHANTHPATEL S J
VEND_5E43E6C7,MAHENDRA KUMAR LUNIYA
VEND_BDCC59EB,NARESH KUMAR TIWARI
VEND_80BEADDD,MAA DURGA TREDARS
VEND_4715AD14,GANESH PRASAD YADAV
VEND_32B9ACEF,BLOCK DEVELOPMETN OFFICE THEOG RAJYA SABHA
VEND_B79195E9,SRI MAHALAKSHMI SC LABOUR CONTRACT MUTUALLY AIDED COOPERATIVE SOCIETY LTD
VEND_96587242,BLOCK DEVELOPMENT OFFICE CHOPAL RAJYA SABHA
VEND_820A02CE,BLOCK DEVELOPMENT OFFICE NARKANDA RAJYA SABHA
VEND_848AA989,BLOCK DEVELOPMENT OFFICE KUPVI RAJYA SABHA
VEND_1F03D127,BLOCK DEVELOPMENT OFFICE KOTKHAI RAJYA SABHA
VEND_872F3151,BLOCK DEVELOPMENT OFFICE KOTKHAI LOK SABHA
VEND_E5DA6BA0,BLOCK DEVELOPMENT OFFICE RAMPUR LOK SABHA
VEND_0596029A,DUDA
VEND_DEB5C147,SRADHANJALI SATHUA MOHAPATRA
VEND_E97E2B70,KESHAB CHANDRA BEHERDALEI
VEND_7F9CDE1E,MR NAGARAJU MUMMADI
VEND_88F271A3,ASSISTANT ENGG ATRI
VEND_25728720,GRAM PANCHAYAT CHATAHEDI
VEND_21988F3B,GURU KIRPA TILES
VEND_D134B64A,BHAGAT RAM KISHAN CHAND
VEND_25DFD496,KHAND VIKASH ADHIKARI
VEND_48782E33,ASST ENG SAKRA LAEO1 MUZ
VEND_1B5D6CF8,ARSAD
VEND_C3F749DC,JANPAD PANCHAYAT KASRAWAD
VEND_62013940,GRAM PANCHAYAT NAKRADI
VEND_355D069C,MP AGRO
VEND_44527F1F,GRAM PANCHAYAT BALODA
VEND_3A24E74D,GP KARHAIYYA KALAN JP UDAIPURA
VEND_22BD22A4,GP MANDKASIYA JP OBEDULLAGANJ
VEND_FB355E49,GP KHAMERA JP SILWANI
VEND_5631A555,CHAMAN LAL SON OF DARSHAN SINGH
VEND_88104A74,HARBHAJAN SINGH SON OF PRITAM SINGH
VEND_89DEFF1D,BHAG SINGH SON OF GARIB DASS
VEND_25E88BA4,SUDHA DEVI
VEND_95696770,RAM KISHOR RATHOR
VEND_F0D99454,GP CHELI
VEND_AC4A703C,MPLAS RS BDO BIJHARI
VEND_3424422D,Y VENKATESHWARLU
VEND_E7CA4B5C,BLOCK DEVELOPMENT OFFICER NADAUN RAJYA SABHA
VEND_C544780F,ANVI CONSTRUCTION
VEND_A7EE9B9D,OM CONCRETE PRODUCTS
VEND_25D40E0B,JAIRAM PARVATI MEMORIAL SHIKSHAN SANSTHAN
VEND_F1FD9D51,MS ENTERPRISES
VEND_97E0FF0C,MERAJ AHMAD
VEND_E9FA54CA,P R SONS
VEND_5403C44C,SOUMYA RANJAN SAHOO
VEND_BBADB48A,KISAN TEJA RAMGADHI SIKSAN SANSTHAN KAGA JODHPUR
VEND_92CFB1E4,S KAMESWARAN
VEND_D89B75D5,AHESAN KHAN CONSTRUCTION COMPANY
VEND_024677F4,SHRI GURU GOBIND SINGH JI CEMENT PIPE FACTORY
VEND_1F7D80C8,BHAWANI STEELS
VEND_F8A0F2EF,DORNALA ANJAIAH
VEND_46181255,KKK ENTERPRISES
VEND_CEDDE348,SARPANCH GRAM PANCHAT CHHINDLI
VEND_7386D021,SIDHI VINAYAK BKO
VEND_D4E87FE8,CHANDRA KANT SONKAR
VEND_8A6434E4,GURU NANAK INTERLOCK TILES
VEND_FA9653CB,GRAM PANCHAYAT BARMAN KALAN BLOCK KARELI
VEND_D85ACAD0,MOHIT CONSTRUCTION AND SUPPLIERS
VEND_6EAC7E46,M ALAGESAN
VEND_DF50E67E,M KARTHIKEYAN
VEND_EBCA2B3D,SUDHA ADS
VEND_4CB4CB36,BDO BHORANJ RS
VEND_87B8AF08,BLOCK BAGESHWAR ROYALTY
VEND_F748C967,CEO JANPAD PANCHAYAT KALAPIPAL
VEND_D08E8D8B,GRAM PANCHAYAT BADEDONGAR
VEND_EC0E619C,GRAM PANCHAYAT JHATIBANDH
VEND_DC1583F9,SARPANCH GRAM PANCHAYAT MUDPAR B
VEND_B2519557,GRAM PANCHAYAT MAHOLI
VEND_5B37AF53,GRAM PANCHAYAT CHELAK
VEND_ACE68315,GRAM PANCHYAT ARBALA
VEND_8560DECB,ASSISTANT ENGINEER CHAINPUR
VEND_91953785,GRAM PANCHYAT RUPETA
VEND_4F52A4E0,GRAM PANCHAYAT LOLRI
VEND_4F3E0F03,GP UMARAJHAR
VEND_2E4659C5,BHAGYASHREE CONSTRUCTION
VEND_D2594AE0,BDO HAMIRPUR RS
VEND_C4EB8558,SINTILEIT TECHNOLOGIES
VEND_4E3537A4,OM SAI TRADERS
VEND_72A5EEDD,MS RAJ CONSTRUCTION
VEND_6474243D,MS ROSHAN LAL AND CO B K O SHATABGARH
VEND_72F3D225,CHANDRAKUMAR R
VEND_E46F0AC5,PO HIMURJA MANDI
VEND_1A0E43FA,RAMAUTAR AGRAWAL AND SON
VEND_B68D8080,NEW KRISHI KHAD BHANDAR
VEND_BFB6261E,UNITED PIPE AND PAVERS
VEND_6C92AFDB,GRAM PANCHAYAT BARNOH
VEND_CD2A1253,GRAM PANCHAYAT BHATOLI
VEND_0FAFB116,GRAM PANCHAYAT JHAMBER
VEND_6DA4F556,GRAM PANCHAYAT SAMOOR KALAN
VEND_476345FA,THAKUR TILE INDUSTRIES
VEND_2812DC9D,NARSINGH KUMAR CONTRACTOR
VEND_2D84A82C,SACHIV GRAM PANCHAYAT KULAMADI
VEND_A79FEDD9,GP SARAHAN
VEND_F7C3E3BF,AREPALLI RAJANIKANTH
VEND_91A6F9DF,DALIPA RAM
VEND_12341539,MIHIR KUMAR DASH
VEND_AAA59FA5,SARNAL PANCHAYAT GRAM ANCHAYAT
VEND_9B403958,KOSAM GRAMPANCHAYAT
VEND_20A5B791,SAHIL KUMAR
VEND_F7A26B09,VE COMMERCIAL VEHICLES LTD
VEND_829E9F92,AYAN BRICK WORKS
VEND_B0A0EFBC,GRAM PANCHAYT SUATALA
VEND_D72D2AF9,GP LANI BORAD
VEND_9D8D476D,MALTI DEVI
VEND_0F7530BE,GRAM PANCHYAT KIRNA SGVY
VEND_2B3F22D7,GRAM PANCHAYAT BHEDI SU
VEND_100D6936,GP BAGODA
VEND_4D326669,ZANZARVA GRAM PANCHAYAT
VEND_2F49F156,RAMEKBAL PRASAD
VEND_15B4EC01,MANOJ PASWAN
VEND_93376A03,MANISH KUMAR
VEND_EDCCB242,ANUPAMA KUMARI
VEND_29EB0B3D,BALAJI CONSTRUCTIONS
VEND_6EF497A0,PRED BELLARY
VEND_A1613DEC,AGGARWAL IRON STORE
VEND_5865F0C4,DEVRAJ SO KHAJAN CHAND
VEND_FF0C740B,MAA BANBHORI INTERLOCKING TILES
VEND_6A8431E8,NAVA INDIA PATHIPAGAM
VEND_7D37E645,GARG BRICKS INDUSTRY
VEND_B8D8747E,SINGH TRADERS
VEND_2410F38B,BALAMURUGAN M
VEND_6BFB7948,PUSHPAM SINGH
VEND_5B6556C0,OMM BABA KUBARESWARAYA SUPPLIER
VEND_A1342D6F,ANURAG ENTERPRISES
VEND_B4A85547,SASMITA PANDA
VEND_65B305DE,CHAGALA BRITHERS
VEND_E64A6AF0,SUBAS CHANDRA KAR
VEND_FE13B28C,SARPANCH SACHIV GRAM PANCHAYAT JEORA
VEND_BEA368A0,BHUKYA LAKSHMI
VEND_1C65E914,VINOD KUMAR GARG
VEND_0B300520,BHUSHAN CHHURA
VEND_C67590BE,Y RHEKHUM
VEND_6FCA8706,YOURAJ CONSTRUCTION
VEND_0572DB0F,BABA INDERDASS ENTERPRISES
VEND_4AE28635,ANAND PANDEY
VEND_3AE171C0,GANPATI PIPE INDUSTRY
VEND_7F678CE8,MAHALAXMI INFRASTRUCTURE
VEND_1B437DAD,JAI SHREE TRADERS
VEND_31CA15EE,SONGARA CONSTRUCTION
VEND_E767BE6C,R N TRADING COMPANY
VEND_B934F075,SARPANCH GRAM PANCHAYAT RAJLANI
VEND_37B934E7,SHRI GURU KRIPA NARSINGH ASSOCIATES
VEND_32A686AE,POONAM JAISWAL
VEND_FCEAEA6D,KRANKACH GRAM PANCHAYAT
VEND_34CFA800,PARAM DEV SON OF AMARU RAM
VEND_6A7E7288,PARDEEP KUMAR SON OF ROSHAN LAL
VEND_31A7D6BE,KAMAL KUMAR SON OF PARKASH SINGH
VEND_29AF5851,GARG TRADING CO
VEND_DE8462BE,MS DARSHAN SINGH AND SONS BKO
VEND_BDF01547,MP STATE AGRO IND CORP LTD SHAJAPUR
VEND_5FEC727E,MS NORTH EAST INFORMATION TECHNOLOGY
VEND_195E9982,ASSISTANT ENGINEER BENIPUR
VEND_43A6CDE8,ASSISTANT ENGINEER KUSHESHWAR ASTHAN
VEND_A5957C7D,ND CONTRACTOR
VEND_BFA926AE,GRAM PANCHAYAT DOULATPURA
VEND_D4732E15,GRAM PANCHAYAT MUDLACHAND
VEND_B2DD4AD2,GP BALT
VEND_2D1EF832,R JANAKI
VEND_7B8886A0,TAHASILDAR BARGAON
VEND_7EFADD3A,BDO BARGAON EGB MONEY
VEND_D6CDB968,BDO BARGAON WITH HELD MONEY
VEND_7881EE1D,BDO BARGAON CONTIGENCY MONEY
VEND_6C55880E,BLOCK DEVELOPMENT OFFICE TOTU RAJYA SABHA
VEND_34853F0D,SHANTI DEVI JAN KALYAN SAMITI
VEND_9B3630DF,S S K ENTERPRISES PROP PRAKASH CHAUBEY
VEND_42DA9E83,SUKHPREET SINGH
VEND_346BDA88,SOHAN SINGH
VEND_613F25DD,DHILLON TRANSPORT CO
VEND_B6A1894C,MRITYUNJAY KUMAR
VEND_319E56DB,CENTAIR PRIVATE LIMITED
VEND_CE0D36EB,GRAM PANCHAYAT BHOYARA
VEND_CDC94E83,BUDH SINGH
VEND_69D31FF7,SAROJ KUMAR YADAV
VEND_06DBBA12,DHANAVADA GRAM PANCHAYAT
VEND_C39A1A0B,MANJIT SINGH
VEND_8ECF750D,PIARTPAL SINGH
VEND_1AA73503,RAHISH WARSI
VEND_606C24D2,SKANDA GROUP
VEND_16D01150,GRAM PANCHAYAT PHULIYA
VEND_91F5BEF3,TECH POINT
VEND_994453A7,EDD FIRST JAUNPUR
VEND_798BFAEB,SINGHPUR CHHOTA
VEND_3128C12D,GRAM PANCHAYAT AANKIA
VEND_432A833C,SONIPUR GRAM PANCHAYAT NEW
VEND_13326D2C,JALANAGAR GRAM PANCHAYAT
VEND_7AB57F3D,BADHARPURA GRAM PANCHAYAT
VEND_F59E6AFF,DHUNDI GRAM PANCHAYAT
VEND_825FE4C4,PRAKASH KUMAR SAMAL
VEND_74404F51,TAPASWINI MOHAPATRA
VEND_9BBF1DE8,SARPANCH GRAM PANCHAYAT KHAIRINAKA
VEND_2A21A3FA,ASSISTNAT ENGINEER MOKAMA
VEND_503FC7AA,BALASUBRAMANIAN
VEND_9FF1F66F,SHRI BALAJI CONSTRUCTION
VEND_AC66948A,RAMESH PRASAD UNIYAL
VEND_56B69F73,MADAMANCHI RAMBABU
VEND_26C62594,SARPANCH GRAM PANCHYAT KAPOORY
VEND_26C04BD5,B MARIAPPAN
VEND_D10A1E41,ANMOL KATYAL
VEND_80E7E63D,R S CONSTRUCTION
VEND_7E319CD5,G V INDUSTRIES
VEND_EBA4FE20,ASSISTANT ENGINEER JEHANABAD
VEND_F91F4F00,ASSISTANT ENGINEER GHOSI
VEND_DCDB395B,RAMJI CONSTRUCTION
VEND_A52E90E1,BDO GHUMARWIN MPLADS RAJYA SABHA
VEND_BDA5FFB4,BDO SADAR MPLADS RAJYA SABHA
VEND_903275BE,GRAM PANCHYAT RICHAI
VEND_A755EE85,HYDRO FILTSEP TECHNOLOGIES PVT LTD
VEND_FC440BF3,GRAM PANCHAYAT URHERA
VEND_489EF2C6,BABA RAMESHWAR SMARAK SAMITI
VEND_ECEB8E74,BHENS KHEDA
VEND_49148E29,DE ZP GUMLA
VEND_36838B54,KOTRA
VEND_84739F20,RUNAHA
VEND_4EEA82AF,GRAM PANCHYAT HIRANKHEDI
VEND_A26D220D,CEO JANPAD KHATEGAON
VEND_37C8C525,CEO JANPAD KANNOD
VEND_7C169340,M S COMMUNICATION
VEND_40AA761C,MAHA LAXMI MOTERS
VEND_1E434B32,GP PACHOLA
VEND_C9FA34D9,THE JAND WALA COOP L AND C SOCIETY LTD
VEND_E85B8468,HARBHAJAN SINGH BABLI ARTS BAGHAPURANA
VEND_8BDA1078,CEO JANPAD PANCHAYAT SHAJAPUR
VEND_DF3E2F72,JP BARWAH
VEND_5D07836D,K VANARAJ
VEND_7382326A,NEW MALWA AGRO AND FABRICATORS DHAR
VEND_E102009B,GRAM PANVHYAT KHINNI
VEND_3F405118,HINDUSTHAN POWER TECHNOLOGY
VEND_95CD58A1,HARI ENTERPRISES
VEND_D16B207E,EXAJOULE PVT LTD
VEND_23306843,SUDARSHAN TILESINDUSTRIES
VEND_DA98DDCC,K KRISHNAKUMAR
VEND_61E7E6C6,BDO AUL
VEND_F7CE510E,BDO BAIJNATH MPLAD RAJYA SABHA
VEND_BAE947C5,BDO BAMSON MPLADS RS
VEND_93B8D343,MS RAJ KAMAL CONSTRUCTIONS
VEND_1CD40024,MS O P CONTRACTOR
VEND_0DB1B08F,GP KARANJ
VEND_DDC36228,LUCKY ASSOCIATES
VEND_8E37E793,GP BERCHI
VEND_A431038E,GP BORDAGUJAR
VEND_36AFEA2C,PARMANAND PASWAN
VEND_C25E963B,ASSISTANT ENGINEER NAUTAN
VEND_B191D640,ASSISTANT ENGONEER BETTIAH
VEND_4F189CC9,ASSISTANT ENGINEER NARKATIYAGINJ
VEND_D5D1FFDF,ASSISTANT ENGINEER LAURIYA
VEND_5F604DA2,ASSISTANT ENGINEER SIKTA
VEND_DC81192B,MADHUBANI VIDHAN SABHA
VEND_E3F05F40,N MURTHY
VEND_076D7AC6,ASSISTANT ENGINEER LAEO VIDHAN SABHA KSHETRA GOVINDPUR
VEND_785408D7,SAHAYAK ABHIYANTA BABUBARHI VIDHAN SABHA
VEND_F15652DC,SHREE VISHWAKARMA RCC PIPES AND PAVERS
VEND_41E44ECC,B THIRUPATHI REDDY
VEND_11BF9BB7,ASSISTANT ENGINEER ASSEMBLY BELDOUR
VEND_BA98C5F2,RAK INDUSTRIES
VEND_8376440F,VARINDER KUMAR SOOD
VEND_CDEC3694,PAYARA SINGH RAJINDER SINGH
VEND_980213B0,SHRI SAI ELECTRICAL SUPPLIERS CONTRACTOR
VEND_E6BCDE25,ASSISTANT ENGINEER LAEO VSK NAWADA
VEND_A206CB8E,ASSISTANT ENGINEER LAEO VIDHAN SABHA KSHERTA RAJAULI
VEND_239B1BB6,ANIL ELECTRICALS
VEND_E74006F2,LAKSHMIKANTH B T
VEND_BE420B67,BASAVEGOWDA T M
VEND_E934BE1A,GRAM PANCHAYAT KOLUKHEDIKALAN
VEND_09F555AD,M P AGRO DHAR
VEND_94865BC6,CEO JP TONKKHAURD
VEND_9169177A,CEO SONKATCH
VEND_733E9AD6,COMPUTER SOLUTIONS
VEND_E32947B3,DIRECTOR HIMURJA
VEND_F5332384,SIDDALING
VEND_283DA57E,TEMWANG
VEND_AD6731B7,ADHYAKSH SARV SAMAJ UTTHAN SEWA SAMITI IMALIYA
VEND_59A7DB4A,JAIN MARBLES TALWANDI ROAD SULTANPUR LODHI
VEND_77CB495C,AJAY KUMAR JAISWAL
VEND_4FABD1A9,PUSHPA
VEND_0B512562,K K KOTWAL CONSTRUCTION AND SUPPLIER
VEND_3BB360F8,ATANU PATRA
VEND_1A1973E9,TEJA SINGH AND SONS
VEND_6C95B4E3,BHAWNA CONSTRUCTION
VEND_0077DFED,SHRI SHYAMJI CONSTRUCTION
VEND_FEF4D1D3,NEW HOPE CONSTRUCTION WORKS
VEND_0A4C561B,VELUSAMY C
VEND_9AFDB887,HANUMAN CONSTRUCTION
VEND_D03193AB,BDO LAMGARA ROYALTY
VEND_110B9DB7,ASSISTANT ENGINEER LAEO SHEIKHPURA
VEND_D51C1644,YAPHO KONYAK
VEND_7C20CDAD,T N NAIWANG KONYAK
VEND_334D9886,KANNAN CONSTRUCTION
VEND_BF881DFE,PRAGNYA PARAMITA SAHOO
VEND_9B988DBD,MS SHIV SHAKTI BRICK IND
VEND_6013D38C,AMIN CHAND SANJIV KUMAR
VEND_DE7F4306,GRAM PANCHAYAT BIRHASHYAMKHEDI
VEND_0AD21631,CEO BAGLI
VEND_BBEBA07B,MAHINDRA LTD
VEND_F4C25456,VISHAVKARMA INTERLOCK TYLE CO
VEND_4B174D54,A PEIHWANG WANGSA
VEND_B474DFF9,CEO JANPAD PANCHAYAT BADOD
VEND_7D076955,MANLI KONYAK
VEND_48D70379,T YAHNA KONYAK
VEND_717DB3CC,MKK CONSTRUCTION COMPANY
VEND_BA862D2C,SAMEER TOPPO
VEND_A74F41BA,RABINDRA GOGOI
VEND_65C26440,PARFULLA KUMAR
VEND_A3A14A29,GP PANJOT
VEND_E9E427CC,GP SIMBAL
VEND_60AC769E,TAHASILDAR AUL
VEND_F7D73215,PO HIMURJA HAMIRPUR
VEND_5630A7CF,ABDUL NAZAR TP
VEND_296656DC,UNIVERSAL PRESS
VEND_8DD76FA7,PHANWANG KONYAK
VEND_E9B4AA24,VISHAL ELECTRICALS
VEND_8669ED2E,MS LOVELY ENTERPRISES
VEND_EE655089,J PANDIYARAJAN
VEND_A92D0A9A,B JEGADISH
VEND_55FDA762,ASSISTANT ENGINEER DIGHA
VEND_4685B7E6,ASSISTANT ENGINEER BAKHTIYAPUR
VEND_951BD259,ASSISTANT ENGINEER FATUHA
VEND_3F8DB191,ASSISTANT ENGINEER BANKIPUR
VEND_BFFED203,SBM CONSTRUCTIONS
VEND_061ED0CD,VEDIKA SINGH
VEND_8F9032D8,VAIBHAV VATSHALYA
VEND_DC3C9E75,SANT AVTAR SINGH ECO TECHNICAL SERVICE CENTRE
VEND_3F43540E,ANKIT SHARMA
VEND_F6868667,ALLUMINA ELECTRONICS
VEND_53FED4CF,J S INFRATECH
VEND_B48619CA,JAY MAHAVEER INFRAVENTURE PRIVATE LIMITED
VEND_EC683101,RAM NARESH CONTRACTOR
VEND_B4552B02,PUNITH R
VEND_DF5DD619,GRAM PANCHAYAT TABBA
VEND_9576AE46,ASST ENG BENIPATTI VIDHANSABHA
VEND_44658A76,R M CONSTRUCTIONS
VEND_4778FBB3,DHILLON BUILDING MATERIAL
VEND_4328997E,FINE TRADERS
VEND_DFA02E39,TATA MOTORS
VEND_B39450F9,SML ISUZU LTD
VEND_5D3ED554,PINNACLE INDIA TRADERS
VEND_46668316,SARAN CONSTRUCTIONS
VEND_CE67F876,KHALSA TILES INDUSTRIES
VEND_D4323101,JAYAKUMAR D
VEND_E335C874,MADHUMITA MANDAL
VEND_B971B579,SAROJ SINGH
VEND_F60CE674,EXCEL CONSTRUCTION
VEND_9BBC1F4B,MRK CONSTRUCTIONS
VEND_B9F73883,V LOCK INTERLOCK
VEND_18FDA903,AAS ENTERPRISES
VEND_4F57842F,JUNIOR ENGINEER ZILA PARISHAD PRASHANT KUMAR
VEND_45C13209,RMK ENTERPRISES
VEND_3ACB1D0C,MITU DEVI
VEND_7AA2000D,DHANASEKAR M
VEND_5183713A,THE CHAWINDA COOPRATIVE LABOUR AND CONSTRUCTION SOCIETY
VEND_E8A62730,SURINDER TRADERS
VEND_6AD3D666,JOGA SINGH
VEND_DBB655F2,SHIV SHAKTI HARDWARE STORE
VEND_DBD64687,SSA TRADING CO
VEND_EACE9DD5,JANTA HARDWARE STORE
VEND_6D248EF6,DASHMESH ENGG WORKS
VEND_597303B8,VAISHNO ELECTRICAL
VEND_52B7CA4C,GUPTA STEEL CEMENT STORE
VEND_AC7FCDFF,GLOBAL LOGISTICS AND SUPPLIER
VEND_8F7C7EC4,MAA MANGALA SUPPLIER
VEND_180A3128,PRASANTA MOHAPATRA
VEND_B830536C,ARJUN SING
VEND_08913FC4,JUNIOR ENGINEER RDSD BOKARO
VEND_702D7041,GURDEV SINGH
VEND_2A30A69C,SAI ENTERPRISES
VEND_E8770F21,TANYA CONSTRUCTION
VEND_D4C5AA03,NAN CONSTRUCTION
VEND_0971231A,GURU KIRPA TRADING CO
VEND_A44A083C,SKS CONSTRUCTION
VEND_81E50225,NIRMITHI KENDRA SHIVAMOGGA
VEND_876E4BD8,GRAM PANCHAYAT NAVRANGPUR
VEND_2AF015FC,GRAM PANCHAYAT TARAWALIKHURD
VEND_BC83251B,GRAM PANCHAYAT KUMHROULI
VEND_CCCE17E3,NAGNECHIYA ENTERPRISES BHOOR SINGH
VEND_23322D63,UNITED GROUP OF CONSTRUCTION
VEND_25727718,SARPANCH SACHIV GRAM PANCHYAT CHHITURAHA
VEND_E32C9F5C,SACHIV SARPANCH GRAM PANCHAYAT KAKARHETA
VEND_77680A37,SACHIV SARPANCH GRAM PANCHAYAT GANJ KHAMARIYA
VEND_3BCFA841,ASSISTANT ENGINEER GDZP I
VEND_707036FA,ASSSISTANT ENGINEER GDZP II
VEND_663F54E2,ASSISTANT ENGINEER BAGAHA LEGISLATIVE
VEND_F4CFC6C7,ASSISTANT ENGINEER MPLADS RAMNAGAR
VEND_E0666886,ASSISTANT ENGINEER PATNA SAHIB
VEND_77F91DD7,ASSISTANT ENGINEER MPLADS VALMIKINAGAR
VEND_9ECB9B4C,ASSISTANT ENGINEER KUMHARAR
VEND_ED171308,SANSKRITI AGROSCIENCE PRIVATE LIMITED
VEND_9209FF46,VIRATRA INFRASTRUCTURE
VEND_1E7D9050,FRIENDS TILE INDUSTRY
VEND_B47A1D76,BALVIR AGRICULTURE CORPORATION
VEND_254E7DB7,ASSISTANT ENGINEER NATHNAGAR
VEND_AA002E71,TAMILNADU CONSTRUCTION LABOUR WELFARE BOARD
VEND_922257FD,R G SUPLLIER
VEND_0FBFA673,MP AGRO BIAORA
VEND_60792CCE,JANPAD PANCHAYT MAHESHAWAR
VEND_1E5745E0,GRAM PANCHAYAT SINDHODA
VEND_20EED1CC,SANDHU BRICKS COMPANY
VEND_73824643,TRATIYA RAJYA AYOG GRAM PANCHAYAT BARGAON
VEND_57799D16,GRAM PANCHAYAT RAMGADA
VEND_3549EAE5,SHREE VISHNU TRADERS
VEND_33D0AAA3,GRAM PANCHAYAT GONDIPURA
VEND_51A9502A,GRAM PANCHAYAT KADAIYASHAH
VEND_2B93626C,GRAM PANCHAYAT NIWASAI
VEND_B8F625E7,SARPANCH GRAM PANCHYAT JAMRAW
VEND_BA507E0A,SARPANCH GRAM PANCHYAT BATREL
VEND_885D63B2,SARPANCH GRAM PANCHYAT PAHANDA A
VEND_DB883419,VIJAYA
VEND_88F78543,SAGAR FUEL INJECTION
VEND_6B97C98A,JOHNSON JOSE
VEND_7ABF213F,SARPANCH GRAM PANCHYAT DHAUR
VEND_E0A08292,SARPANCH GRAM PANCHYAT TARRA
VEND_EE9D0A66,SARPANCH GRAM PANCHYAT SELUD
VEND_BDF511A5,SHRI TRADERS NARSINGHPUR
VEND_D0A1F6E7,GRAM PANCHAYAT KADAIYAKHOH
VEND_98227DD6,KITAB GHAR ANSARI ROAD DARIYA GANJ NEW DELHI
VEND_D6024D4B,GRAM PANCHAYAT MUDIYADIH
VEND_DDD60412,NAV RATTAN INDUSTRY
VEND_86F52F36,R R BUILDERS
VEND_897FBF05,AMANDEEP SINGH CONTRACTOR
VEND_A67538F9,S S AGRICULTURE INDUSTRIES
VEND_2CDFD330,ARUNODAY PRAKASHAN
VEND_4F46C6FC,YASHODA R
VEND_17B571B3,SHEKHAR KUMAR
VEND_4ACE2ADF,NEW JANHIT SEVA SAMITI
VEND_B74D43BD,JAMMU CEMENT STORE
VEND_D5F5DB4B,P VELLAIYAN CONTRACTOR
VEND_989BE87E,GIRWAR CONSTRUCTION
VEND_CC427EA8,BIHARI JI MAHADEV ASSOCIATES
VEND_18139748,GUNASHEELAN P
VEND_C201D14B,ABHISHEK CONSTRUCTIONS
VEND_97C8C5C2,GP BORAS JP UDAIPURA
VEND_AE6A80C1,SARPANCH GRAM PANCHAYAT KASAHI
VEND_D2C2DF7B,SARPANCH GRAM PANCHYAT ASOGA
VEND_961BF230,PARMESHWAR PRASAD
VEND_BB6E7B77,A TO Z ASSOCIATES
VEND_75611F6B,HIDAYA QIRAT ENTERPRISES
VEND_EC8D24FA,SHRI GANESH ASSOCIATES PROPRIETOR NARAYAN SHARMA
VEND_D3ED8EF7,IRULANDI R
VEND_DB000BC9,KUNCHAM NARSAIAH
VEND_4CEA7D06,BANOTHU KOTA
VEND_D4B439A8,BHARGAV SUMANTRAI PATEL
VEND_D5832290,MEMBER SECY OB AND OC WWB BBSR
VEND_CF0CF3C0,ASSISTANT ENGINEER BARH
VEND_1E2CDFF8,KRIDL BHUSIRI ACCOUNT WORKS
