canonical_work_id,source_parliament,source_dataset,source_row_id,matched_dataset,matched_row_id,official_work_id,match_method,match_score,confidence_level,review_status
CW_000001,rajya_sabha,works recommended (2),1255,works sanctioned (7),1230,,fuzzy_multi_field,100.0,HIGH,auto_matched
CW_000002,rajya_sabha,works recommended (2),1137,works sanctioned (7),934,,fuzzy_multi_field,100.0,HIGH,auto_matched
CW_000003,rajya_sabha,works recommended (2),1032,works sanctioned (7),963,,fuzzy_multi_field,100.0,HIGH,auto_matched
CW_000004,rajya_sabha,works recommended (2),245,works sanctioned (7),282,,fuzzy_multi_field,100.0,HIGH,auto_matched
CW_000005,rajya_sabha,works recommended (2),1140,works sanctioned (7),941,,fuzzy_multi_field,100.0,HIGH,auto_matched
CW_000006,rajya_sabha,works recommended (2),1043,works sanctioned (7),1007,,fuzzy_multi_field,99.14,HIGH,auto_matched
CW_000007,rajya_sabha,works recommended (2),1060,works sanctioned (7),1037,,fuzzy_multi_field,100.0,HIGH,auto_matched
CW_000008,rajya_sabha,works recommended (2),1157,works sanctioned (7),971,,fuzzy_multi_field,100.0,HIGH,auto_matched
CW_000009,rajya_sabha,works recommended (2),11,works sanctioned (7),234,,fuzzy_multi_field,92.34,HIGH,auto_matched
CW_000010,rajya_sabha,works recommended (2),1373,works sanctioned (7),1398,,fuzzy_multi_field,91.52,HIGH,auto_matched
CW_000011,rajya_sabha,works recommended (2),1048,works sanctioned (7),931,,fuzzy_multi_field,100.0,HIGH,auto_matched
CW_000012,rajya_sabha,works recommended (2),351,works sanctioned (7),344,,fuzzy_multi_field,100.0,HIGH,auto_matched
CW_000013,rajya_sabha,works recommended (2),123,works sanctioned (7),20,,fuzzy_multi_field,97.02,HIGH,auto_matched
CW_000014,rajya_sabha,works recommended (2),1132,works sanctioned (7),1039,,fuzzy_multi_field,100.0,HIGH,auto_matched
CW_000015,rajya_sabha,works recommended (2),1149,works sanctioned (7),1069,,fuzzy_multi_field,100.0,HIGH,auto_matched
CW_000016,rajya_sabha,works recommended (2),258,works sanctioned (7),218,,fuzzy_multi_field,100.0,HIGH,auto_matched
CW_000017,rajya_sabha,works recommended (2),1473,works sanctioned (7),1474,,fuzzy_multi_field,100.0,HIGH,auto_matched
CW_000018,rajya_sabha,works recommended (2),922,works sanctioned (7),1257,,fuzzy_multi_field,85.45,HIGH,auto_matched
CW_000019,rajya_sabha,works recommended (2),225,works sanctioned (7),274,,fuzzy_multi_field,100.0,HIGH,auto_matched
CW_000020,rajya_sabha,works recommended (2),242,works sanctioned (7),304,,fuzzy_multi_field,100.0,HIGH,auto_matched
CW_000021,rajya_sabha,works recommended (2),1040,works sanctioned (7),1029,,fuzzy_multi_field,100.0,HIGH,auto_matched
CW_000022,rajya_sabha,works recommended (2),115,works sanctioned (7),118,,fuzzy_multi_field,100.0,HIGH,auto_matched
CW_000023,rajya_sabha,works recommended (2),13,works sanctioned (7),51,,fuzzy_multi_field,97.58,HIGH,auto_matched
CW_000024,rajya_sabha,works recommended (2),1131,works sanctioned (7),977,,fuzzy_multi_field,100.0,HIGH,auto_matched
CW_000025,rajya_sabha,works recommended (2),120,works sanctioned (7),42,,fuzzy_multi_field,100.0,HIGH,auto_matched
CW_000026,rajya_sabha,works recommended (2),23,works sanctioned (7),108,,fuzzy_multi_field,97.58,HIGH,auto_matched
CW_000027,rajya_sabha,works recommended (2),1346,works sanctioned (7),1342,,fuzzy_multi_field,90.94,HIGH,auto_matched
CW_000028,rajya_sabha,works recommended (2),1363,works sanctioned (7),1372,,fuzzy_multi_field,86.67,HIGH,auto_matched
CW_000029,rajya_sabha,works recommended (2),1468,works sanctioned (7),1446,,fuzzy_multi_field,99.79,HIGH,auto_matched
CW_000030,rajya_sabha,works recommended (2),22,works sanctioned (7),46,,fuzzy_multi_field,97.58,HIGH,auto_matched
CW_000031,rajya_sabha,works recommended (2),1014,works sanctioned (7),1035,,fuzzy_multi_field,100.0,HIGH,auto_matched
CW_000032,rajya_sabha,works recommended (2),1031,works sanctioned (7),1065,,fuzzy_multi_field,100.0,HIGH,auto_matched
CW_000033,rajya_sabha,works recommended (2),669,works sanctioned (7),659,,fuzzy_multi_field,100.0,HIGH,auto_matched
CW_000034,rajya_sabha,works recommended (2),561,works sanctioned (7),553,,fuzzy_multi_field,100.0,HIGH,auto_matched
CW_000035,rajya_sabha,works recommended (2),581,works sanctioned (7),590,,fuzzy_multi_field,86.43,HIGH,auto_matched
CW_000036,rajya_sabha,works recommended (2),94,works sanctioned (7),48,,fuzzy_multi_field,100.0,HIGH,auto_matched
CW_000037,rajya_sabha,works recommended (2),111,works sanctioned (7),78,,fuzzy_multi_field,100.0,HIGH,auto_matched
CW_000038,rajya_sabha,works recommended (2),1229,works sanctioned (7),1400,,fuzzy_multi_field,86.23,HIGH,auto_matched
CW_000039,rajya_sabha,works recommended (2),1124,works sanctioned (7),1033,,fuzzy_multi_field,100.0,HIGH,auto_matched
CW_000040,rajya_sabha,works recommended (2),122,works sanctioned (7),122,,fuzzy_multi_field,100.0,HIGH,auto_matched
CW_000041,rajya_sabha,works recommended (2),229,works sanctioned (7),246,,fuzzy_multi_field,100.0,HIGH,auto_matched
CW_000042,rajya_sabha,works recommended (2),1135,works sanctioned (7),1077,,fuzzy_multi_field,100.0,HIGH,auto_matched
CW_000043,rajya_sabha,works recommended (2),1233,works sanctioned (7),1208,,fuzzy_multi_field,100.0,HIGH,auto_matched
CW_000044,rajya_sabha,works recommended (2),1120,works sanctioned (7),964,,fuzzy_multi_field,100.0,HIGH,auto_matched
CW_000045,rajya_sabha,works recommended (2),110,works sanctioned (7),16,,fuzzy_multi_field,90.88,HIGH,auto_matched
CW_000046,rajya_sabha,works recommended (2),1123,works sanctioned (7),971,,fuzzy_multi_field,100.0,HIGH,auto_matched
CW_000005,rajya_sabha,works recommended (2),1140,works sanctioned (7),1001,,fuzzy_multi_field,100.0,HIGH,auto_matched
CW_000047,rajya_sabha,works recommended (2),102,works sanctioned (7),114,,fuzzy_multi_field,100.0,HIGH,auto_matched
CW_000048,rajya_sabha,works recommended (2),1115,works sanctioned (7),1069,,fuzzy_multi_field,100.0,HIGH,auto_matched
CW_000049,rajya_sabha,works recommended (2),766,works sanctioned (7),757,,fuzzy_multi_field,100.0,HIGH,auto_matched
CW_000050,rajya_sabha,works recommended (2),224,works sanctioned (7),218,,fuzzy_multi_field,100.0,HIGH,auto_matched
CW_000051,rajya_sabha,works recommended (2),1103,works sanctioned (7),963,,fuzzy_multi_field,100.0,HIGH,auto_matched
CW_000052,rajya_sabha,works recommended (2),1006,works sanctioned (7),1029,,fuzzy_multi_field,100.0,HIGH,auto_matched
CW_000023,rajya_sabha,works recommended (2),13,works sanctioned (7),111,,fuzzy_multi_field,97.58,HIGH,auto_matched
CW_000053,rajya_sabha,works recommended (2),1472,works sanctioned (7),1472,,fuzzy_multi_field,98.67,HIGH,auto_matched
CW_000054,rajya_sabha,works recommended (2),1249,works sanctioned (7),1205,,fuzzy_multi_field,93.14,HIGH,auto_matched
CW_000055,rajya_sabha,works recommended (2),1011,works sanctioned (7),953,,fuzzy_multi_field,100.0,HIGH,auto_matched
CW_000056,rajya_sabha,works recommended (2),1335,works sanctioned (7),1358,,fuzzy_multi_field,90.44,HIGH,auto_matched
CW_000057,rajya_sabha,works recommended (2),1005,works sanctioned (7),967,,fuzzy_multi_field,100.0,HIGH,auto_matched
CW_000058,rajya_sabha,works recommended (2),1022,works sanctioned (7),997,,fuzzy_multi_field,87.76,HIGH,auto_matched
CW_000027,rajya_sabha,works recommended (2),1346,works sanctioned (7),1402,,fuzzy_multi_field,92.0,HIGH,auto_matched
CW_000059,rajya_sabha,works recommended (2),1127,works sanctioned (7),943,,fuzzy_multi_field,100.0,HIGH,auto_matched
CW_000060,rajya_sabha,works recommended (2),997,works sanctioned (7),1065,,fuzzy_multi_field,100.0,HIGH,auto_matched
CW_000061,rajya_sabha,works recommended (2),1111,works sanctioned (7),1029,,fuzzy_multi_field,100.0,HIGH,auto_matched
CW_000062,rajya_sabha,works recommended (2),1128,works sanctioned (7),1059,,fuzzy_multi_field,100.0,HIGH,auto_matched
CW_000063,rajya_sabha,works recommended (2),231,works sanctioned (7),222,,fuzzy_multi_field,100.0,HIGH,auto_matched
CW_000064,rajya_sabha,works recommended (2),1342,works sanctioned (7),1308,,fuzzy_multi_field,96.67,HIGH,auto_matched
CW_000065,rajya_sabha,works recommended (2),985,works sanctioned (7),959,,fuzzy_multi_field,100.0,HIGH,auto_matched
CW_000066,rajya_sabha,works recommended (2),1002,works sanctioned (7),989,,fuzzy_multi_field,100.0,HIGH,auto_matched
CW_000067,rajya_sabha,works recommended (2),1309,works sanctioned (7),1364,,fuzzy_multi_field,92.48,HIGH,auto_matched
CW_000068,rajya_sabha,works recommended (2),1326,works sanctioned (7),1394,,fuzzy_multi_field,85.94,HIGH,auto_matched
CW_000069,rajya_sabha,works recommended (2),996,works sanctioned (7),1003,,fuzzy_multi_field,100.0,HIGH,auto_matched
CW_000039,rajya_sabha,works recommended (2),1124,works sanctioned (7),965,,fuzzy_multi_field,100.0,HIGH,auto_matched
CW_000070,rajya_sabha,works recommended (2),93,works sanctioned (7),46,,fuzzy_multi_field,100.0,HIGH,auto_matched
CW_000045,rajya_sabha,works recommended (2),110,works sanctioned (7),76,,fuzzy_multi_field,100.0,HIGH,auto_matched
CW_000071,rajya_sabha,works recommended (2),1102,works sanctioned (7),1065,,fuzzy_multi_field,100.0,HIGH,auto_matched
CW_000072,rajya_sabha,works recommended (2),993,works sanctioned (7),1025,,fuzzy_multi_field,100.0,HIGH,auto_matched
CW_000073,rajya_sabha,works recommended (2),1010,works sanctioned (7),1055,,fuzzy_multi_field,100.0,HIGH,auto_matched
CW_000074,rajya_sabha,works recommended (2),328,works sanctioned (7),320,,fuzzy_multi_field,92.0,HIGH,auto_matched
CW_000075,rajya_sabha,works recommended (2),73,works sanctioned (7),38,,fuzzy_multi_field,100.0,HIGH,auto_matched
CW_000076,rajya_sabha,works recommended (2),90,works sanctioned (7),68,,fuzzy_multi_field,100.0,HIGH,auto_matched
CW_000077,rajya_sabha,works recommended (2),989,works sanctioned (7),931,,fuzzy_multi_field,100.0,HIGH,auto_matched
CW_000078,rajya_sabha,works recommended (2),219,works sanctioned (7),280,,fuzzy_multi_field,92.34,HIGH,auto_matched
CW_000052,rajya_sabha,works recommended (2),1006,works sanctioned (7),961,,fuzzy_multi_field,100.0,HIGH,auto_matched
CW_000079,rajya_sabha,works recommended (2),1114,works sanctioned (7),939,,fuzzy_multi_field,100.0,HIGH,auto_matched
CW_000080,rajya_sabha,works recommended (2),990,works sanctioned (7),1047,,fuzzy_multi_field,99.07,HIGH,auto_matched
CW_000081,rajya_sabha,works recommended (2),984,works sanctioned (7),1061,,fuzzy_multi_field,100.0,HIGH,auto_matched
CW_000082,rajya_sabha,works recommended (2),1312,works sanctioned (7),1402,,fuzzy_multi_field,93.68,HIGH,auto_matched
CW_000083,rajya_sabha,works recommended (2),312,works sanctioned (7),248,,fuzzy_multi_field,100.0,HIGH,auto_matched
CW_000084,rajya_sabha,works recommended (2),1329,works sanctioned (7),1304,,fuzzy_multi_field,100.0,HIGH,auto_matched
CW_000085,rajya_sabha,works recommended (2),1332,works sanctioned (7),1311,,fuzzy_multi_field,97.11,HIGH,auto_matched
CW_000086,rajya_sabha,works recommended (2),64,works sanctioned (7),74,,fuzzy_multi_field,100.0,HIGH,auto_matched
CW_000087,rajya_sabha,works recommended (2),81,works sanctioned (7),104,,fuzzy_multi_field,100.0,HIGH,auto_matched
CW_000088,rajya_sabha,works recommended (2),1094,works sanctioned (7),1059,,fuzzy_multi_field,100.0,HIGH,auto_matched
CW_000089,rajya_sabha,works recommended (2),1320,works sanctioned (7),1205,,fuzzy_multi_field,85.46,HIGH,auto_matched
CW_000090,rajya_sabha,works recommended (2),968,works sanctioned (7),989,,fuzzy_multi_field,100.0,HIGH,auto_matched
CW_000091,rajya_sabha,works recommended (2),1417,works sanctioned (7),1402,,fuzzy_multi_field,95.35,HIGH,auto_matched
CW_000069,rajya_sabha,works recommended (2),996,works sanctioned (7),935,,fuzzy_multi_field,100.0,HIGH,auto_matched
CW_000092,rajya_sabha,works recommended (2),303,works sanctioned (7),284,,fuzzy_multi_field,100.0,HIGH,auto_matched
CW_000093,rajya_sabha,works recommended (2),1377,works sanctioned (7),1309,,fuzzy_multi_field,85.38,HIGH,auto_matched
CW_000094,rajya_sabha,works recommended (2),1421,works sanctioned (7),1210,,fuzzy_multi_field,88.0,HIGH,auto_matched
CW_000095,rajya_sabha,works recommended (2),302,works sanctioned (7),222,,fuzzy_multi_field,100.0,HIGH,auto_matched
CW_000096,rajya_sabha,works recommended (2),1106,works sanctioned (7),933,,fuzzy_multi_field,100.0,HIGH,auto_matched
CW_000097,rajya_sabha,works recommended (2),1413,works sanctioned (7),1308,,fuzzy_multi_field,89.9,HIGH,auto_matched
CW_000098,rajya_sabha,works recommended (2),976,works sanctioned (7),1055,,fuzzy_multi_field,100.0,HIGH,auto_matched
CW_000099,rajya_sabha,works recommended (2),1321,works sanctioned (7),1298,,fuzzy_multi_field,92.48,HIGH,auto_matched
CW_000100,rajya_sabha,works recommended (2),1098,works sanctioned (7),1031,,fuzzy_multi_field,100.0,HIGH,auto_matched
CW_000089,rajya_sabha,works recommended (2),1320,works sanctioned (7),1369,,fuzzy_multi_field,91.65,HIGH,auto_matched
CW_000075,rajya_sabha,works recommended (2),73,works sanctioned (7),98,,fuzzy_multi_field,100.0,HIGH,auto_matched
CW_000101,rajya_sabha,works recommended (2),282,works sanctioned (7),214,,fuzzy_multi_field,92.34,HIGH,auto_matched
CW_000102,rajya_sabha,works recommended (2),299,works sanctioned (7),244,,fuzzy_multi_field,100.0,HIGH,auto_matched
CW_000103,rajya_sabha,works recommended (2),1080,works sanctioned (7),939,,fuzzy_multi_field,100.0,HIGH,auto_matched
CW_000104,rajya_sabha,works recommended (2),1097,works sanctioned (7),969,,fuzzy_multi_field,100.0,HIGH,auto_matched
CW_000105,rajya_sabha,works recommended (2),1404,works sanctioned (7),1344,,fuzzy_multi_field,89.69,HIGH,auto_matched
CW_000106,rajya_sabha,works recommended (2),956,works sanctioned (7),1047,,fuzzy_multi_field,99.07,HIGH,auto_matched
CW_000107,rajya_sabha,works recommended (2),72,works sanctioned (7),36,,fuzzy_multi_field,100.0,HIGH,auto_matched
CW_000108,rajya_sabha,works recommended (2),973,works sanctioned (7),1077,,fuzzy_multi_field,100.0,HIGH,auto_matched
CW_000109,rajya_sabha,works recommended (2),1064,works sanctioned (7),1025,,fuzzy_multi_field,100.0,HIGH,auto_matched
CW_000110,rajya_sabha,works recommended (2),1081,works sanctioned (7),1055,,fuzzy_multi_field,100.0,HIGH,auto_matched
CW_000111,rajya_sabha,works recommended (2),988,works sanctioned (7),929,,fuzzy_multi_field,100.0,HIGH,auto_matched
CW_000082,rajya_sabha,works recommended (2),1312,works sanctioned (7),1334,,fuzzy_multi_field,88.63,HIGH,auto_matched
CW_000112,rajya_sabha,works recommended (2),1426,works sanctioned (7),1298,,fuzzy_multi_field,89.72,HIGH,auto_matched
CW_000113,rajya_sabha,works recommended (2),955,works sanctioned (7),985,,fuzzy_multi_field,100.0,HIGH,auto_matched
CW_000114,rajya_sabha,works recommended (2),972,works sanctioned (7),1015,,fuzzy_multi_field,100.0,HIGH,auto_matched
CW_000115,rajya_sabha,works recommended (2),47,works sanctioned (7),104,,fuzzy_multi_field,100.0,HIGH,auto_matched
CW_000086,rajya_sabha,works recommended (2),64,works sanctioned (7),134,,fuzzy_multi_field,97.84,HIGH,auto_matched
CW_000116,rajya_sabha,works recommended (2),279,works sanctioned (7),236,,fuzzy_multi_field,100.0,HIGH,auto_matched
CW_000117,rajya_sabha,works recommended (2),1077,works sanctioned (7),961,,fuzzy_multi_field,100.0,HIGH,auto_matched
CW_000118,rajya_sabha,works recommended (2),290,works sanctioned (7),280,,fuzzy_multi_field,100.0,HIGH,auto_matched
CW_000119,rajya_sabha,works recommended (2),1418,works sanctioned (7),1396,,fuzzy_multi_field,85.94,HIGH,auto_matched
CW_000120,rajya_sabha,works recommended (2),1088,works sanctioned (7),1005,,fuzzy_multi_field,100.0,HIGH,auto_matched
CW_000090,rajya_sabha,works recommended (2),968,works sanctioned (7),921,,fuzzy_multi_field,100.0,HIGH,auto_matched
CW_000121,rajya_sabha,works recommended (2),962,works sanctioned (7),935,,fuzzy_multi_field,100.0,HIGH,auto_matched
CW_000122,rajya_sabha,works recommended (2),979,works sanctioned (7),965,,fuzzy_multi_field,100.0,HIGH,auto_matched
CW_000123,rajya_sabha,works recommended (2),1093,works sanctioned (7),929,,fuzzy_multi_field,100.0,HIGH,auto_matched
CW_000124,rajya_sabha,works recommended (2),44,works sanctioned (7),126,,fuzzy_multi_field,100.0,HIGH,auto_matched
CW_000125,rajya_sabha,works recommended (2),946,works sanctioned (7),1021,,fuzzy_multi_field,100.0,HIGH,auto_matched
CW_000126,rajya_sabha,works recommended (2),1420,works sanctioned (7),1341,,fuzzy_multi_field,88.07,HIGH,auto_matched
CW_000127,rajya_sabha,works recommended (2),287,works sanctioned (7),302,,fuzzy_multi_field,98.33,HIGH,auto_matched
CW_000128,rajya_sabha,works recommended (2),1085,works sanctioned (7),1027,,fuzzy_multi_field,100.0,HIGH,auto_matched
CW_000129,rajya_sabha,works recommended (2),79,works sanctioned (7),15,,fuzzy_multi_field,97.58,HIGH,auto_matched
CW_000130,rajya_sabha,works recommended (2),1311,works sanctioned (7),1301,,fuzzy_multi_field,86.35,HIGH,auto_matched
CW_000131,rajya_sabha,works recommended (2),959,works sanctioned (7),957,,fuzzy_multi_field,100.0,HIGH,auto_matched
CW_000132,rajya_sabha,works recommended (2),1073,works sanctioned (7),921,,fuzzy_multi_field,99.07,HIGH,auto_matched
CW_000133,rajya_sabha,works recommended (2),509,works sanctioned (7),482,,fuzzy_multi_field,100.0,HIGH,auto_matched
CW_000134,rajya_sabha,works recommended (2),265,works sanctioned (7),244,,fuzzy_multi_field,100.0,HIGH,auto_matched
CW_000135,rajya_sabha,works recommended (2),51,works sanctioned (7),130,,fuzzy_multi_field,97.84,HIGH,auto_matched
CW_000136,rajya_sabha,works recommended (2),967,works sanctioned (7),1023,,fuzzy_multi_field,100.0,HIGH,auto_matched
CW_000137,rajya_sabha,works recommended (2),1392,works sanctioned (7),1298,,fuzzy_multi_field,94.06,HIGH,auto_matched
CW_000138,rajya_sabha,works recommended (2),1169,works sanctioned (7),1031,,fuzzy_multi_field,100.0,HIGH,auto_matched
CW_000139,rajya_sabha,works recommended (2),30,works sanctioned (7),134,,fuzzy_multi_field,94.93,HIGH,auto_matched
CW_000140,rajya_sabha,works recommended (2),262,works sanctioned (7),266,,fuzzy_multi_field,100.0,HIGH,auto_matched
CW_000116,rajya_sabha,works recommended (2),279,works sanctioned (7),296,,fuzzy_multi_field,100.0,HIGH,auto_matched
CW_000141,rajya_sabha,works recommended (2),1283,works sanctioned (7),1258,,fuzzy_multi_field,100.0,HIGH,auto_matched
CW_000142,rajya_sabha,works recommended (2),67,works sanctioned (7),73,,fuzzy_multi_field,100.0,HIGH,auto_matched
CW_000143,rajya_sabha,works recommended (2),1168,works sanctioned (7),969,,fuzzy_multi_field,100.0,HIGH,auto_matched
CW_000144,rajya_sabha,works recommended (2),34,works sanctioned (7),129,,fuzzy_multi_field,97.84,HIGH,auto_matched
CW_000145,rajya_sabha,works recommended (2),278,works sanctioned (7),234,,fuzzy_multi_field,100.0,HIGH,auto_matched
CW_000146,rajya_sabha,works recommended (2),1059,works sanctioned (7),929,,fuzzy_multi_field,100.0,HIGH,auto_matched
CW_000147,rajya_sabha,works recommended (2),1076,works sanctioned (7),959,,fuzzy_multi_field,100.0,HIGH,auto_matched
CW_000148,rajya_sabha,works recommended (2),1383,works sanctioned (7),1334,,fuzzy_multi_field,90.91,HIGH,auto_matched
CW_000149,rajya_sabha,works recommended (2),1160,works sanctioned (7),1067,,fuzzy_multi_field,100.0,HIGH,auto_matched
CW_000150,rajya_sabha,works recommended (2),1400,works sanctioned (7),1364,,fuzzy_multi_field,93.82,HIGH,auto_matched
CW_000151,rajya_sabha,works recommended (2),253,works sanctioned (7),302,,fuzzy_multi_field,98.33,HIGH,auto_matched
CW_000152,rajya_sabha,works recommended (2),1051,works sanctioned (7),1027,,fuzzy_multi_field,100.0,HIGH,auto_matched
CW_000153,rajya_sabha,works recommended (2),1068,works sanctioned (7),1057,,fuzzy_multi_field,100.0,HIGH,auto_matched
CW_000154,rajya_sabha,works recommended (2),1039,works sanctioned (7),921,,fuzzy_multi_field,100.0,HIGH,auto_matched
CW_000155,rajya_sabha,works recommended (2),252,works sanctioned (7),240,,fuzzy_multi_field,100.0,HIGH,auto_matched
CW_000131,rajya_sabha,works recommended (2),959,works sanctioned (7),1017,,fuzzy_multi_field,99.14,HIGH,auto_matched
CW_000156,rajya_sabha,works recommended (2),1056,works sanctioned (7),951,,fuzzy_multi_field,100.0,HIGH,auto_matched
CW_000157,rajya_sabha,works recommended (2),1050,works sanctioned (7),965,,fuzzy_multi_field,100.0,HIGH,auto_matched
CW_000158,rajya_sabha,works recommended (2),1164,works sanctioned (7),929,,fuzzy_multi_field,100.0,HIGH,auto_matched
CW_000159,rajya_sabha,works recommended (2),1380,works sanctioned (7),1356,,fuzzy_multi_field,90.94,HIGH,auto_matched
CW_000160,rajya_sabha,works recommended (2),1185,works sanctioned (7),1163,,fuzzy_multi_field,92.45,HIGH,auto_matched
CW_000161,rajya_sabha,works recommended (2),492,works sanctioned (7),512,,fuzzy_multi_field,100.0,HIGH,auto_matched
CW_000162,rajya_sabha,works recommended (2),958,works sanctioned (7),955,,fuzzy_multi_field,100.0,HIGH,auto_matched
CW_000163,rajya_sabha,works recommended (2),1379,works sanctioned (7),1294,,fuzzy_multi_field,90.1,HIGH,auto_matched
CW_000164,rajya_sabha,works recommended (2),735,works sanctioned (7),688,,fuzzy_multi_field,86.55,HIGH,auto_matched
CW_000165,rajya_sabha,works recommended (2),1042,works sanctioned (7),1063,,fuzzy_multi_field,100.0,HIGH,auto_matched
CW_000166,rajya_sabha,works recommended (2),1497,works sanctioned (7),1462,,fuzzy_multi_field,100.0,HIGH,auto_matched
CW_000167,rajya_sabha,works recommended (2),1047,works sanctioned (7),987,,fuzzy_multi_field,100.0,HIGH,auto_matched
CW_000168,rajya_sabha,works recommended (2),950,works sanctioned (7),1053,,fuzzy_multi_field,100.0,HIGH,auto_matched
CW_000169,rajya_sabha,works recommended (2),1041,works sanctioned (7),1001,,fuzzy_multi_field,100.0,HIGH,auto_matched
CW_000139,rajya_sabha,works recommended (2),30,works sanctioned (7),66,,fuzzy_multi_field,97.02,HIGH,auto_matched
CW_000155,rajya_sabha,works recommended (2),252,works sanctioned (7),8,,fuzzy_multi_field,92.34,HIGH,auto_matched
CW_000170,rajya_sabha,works recommended (2),33,works sanctioned (7),73,,fuzzy_multi_field,100.0,HIGH,auto_matched
CW_000171,rajya_sabha,works recommended (2),256,works sanctioned (7),212,,fuzzy_multi_field,92.34,HIGH,auto_matched
CW_000172,rajya_sabha,works recommended (2),488,works sanctioned (7),472,,fuzzy_multi_field,100.0,HIGH,auto_matched
CW_000173,rajya_sabha,works recommended (2),482,works sanctioned (7),486,,fuzzy_multi_field,100.0,HIGH,auto_matched
CW_000174,rajya_sabha,works recommended (2),244,works sanctioned (7),234,,fuzzy_multi_field,100.0,HIGH,auto_matched
CW_000175,rajya_sabha,works recommended (2),1055,works sanctioned (7),1053,,fuzzy_multi_field,100.0,HIGH,auto_matched
CW_000176,rajya_sabha,works recommended (2),605,works sanctioned (7),578,,fuzzy_multi_field,88.84,HIGH,auto_matched
CW_000006,rajya_sabha,works recommended (2),1043,works sanctioned (7),947,,fuzzy_multi_field,99.14,HIGH,auto_matched
CW_000177,rajya_sabha,works recommended (2),135,works sanctioned (7),66,,fuzzy_multi_field,97.84,HIGH,auto_matched
CW_000178,rajya_sabha,works recommended (2),1034,works sanctioned (7),1057,,fuzzy_multi_field,100.0,HIGH,auto_matched
CW_000179,rajya_sabha,works recommended (2),1148,works sanctioned (7),1021,,fuzzy_multi_field,100.0,HIGH,auto_matched
CW_000180,rajya_sabha,works recommended (2),1165,works sanctioned (7),1051,,fuzzy_multi_field,100.0,HIGH,auto_matched
CW_000181,rajya_sabha,works recommended (2),1370,works sanctioned (7),1359,,fuzzy_multi_field,88.0,HIGH,auto_matched
CW_000182,rajya_sabha,works recommended (2),1159,works sanctioned (7),1065,,fuzzy_multi_field,100.0,HIGH,auto_matched
CW_000183,rajya_sabha,works recommended (2),479,works sanctioned (7),508,,fuzzy_multi_field,100.0,HIGH,auto_matched
CW_000184,rajya_sabha,works recommended (2),1489,works sanctioned (7),1456,,fuzzy_multi_field,100.0,HIGH,auto_matched
CW_000185,rajya_sabha,works recommended (2),235,works sanctioned (7),270,,fuzzy_multi_field,100.0,HIGH,auto_matched
CW_000155,rajya_sabha,works recommended (2),252,works sanctioned (7),300,,fuzzy_multi_field,100.0,HIGH,auto_matched
CW_000154,rajya_sabha,works recommended (2),1039,works sanctioned (7),981,,fuzzy_multi_field,100.0,HIGH,auto_matched
CW_000186,rajya_sabha,works recommended (2),29,works sanctioned (7),33,,fuzzy_multi_field,97.58,HIGH,auto_matched
CW_000187,rajya_sabha,works recommended (2),46,works sanctioned (7),63,,fuzzy_multi_field,100.0,HIGH,auto_matched
CW_000188,rajya_sabha,works recommended (2),1147,works sanctioned (7),959,,fuzzy_multi_field,100.0,HIGH,auto_matched
CW_000189,rajya_sabha,works recommended (2),701,works sanctioned (7),688,,fuzzy_multi_field,93.48,HIGH,auto_matched
CW_000190,rajya_sabha,works recommended (2),21,works sanctioned (7),131,,fuzzy_multi_field,95.43,HIGH,auto_matched
CW_000191,rajya_sabha,works recommended (2),1139,works sanctioned (7),1057,,fuzzy_multi_field,100.0,HIGH,auto_matched
CW_000163,rajya_sabha,works recommended (2),1379,works sanctioned (7),1354,,fuzzy_multi_field,100.0,HIGH,auto_matched
CW_000192,rajya_sabha,works recommended (2),1463,works sanctioned (7),1462,,fuzzy_multi_field,98.67,HIGH,auto_matched
CW_000193,rajya_sabha,works recommended (2),912,works sanctioned (7),1245,,fuzzy_multi_field,87.17,HIGH,auto_matched
CW_000194,rajya_sabha,works recommended (2),1480,works sanctioned (7),1492,,fuzzy_multi_field,99.79,HIGH,auto_matched
CW_000195,rajya_sabha,works recommended (2),1013,works sanctioned (7),987,,fuzzy_multi_field,100.0,HIGH,auto_matched
CW_000196,rajya_sabha,works recommended (2),1030,works sanctioned (7),1017,,fuzzy_multi_field,99.14,HIGH,auto_matched
CW_000197,rajya_sabha,works recommended (2),20,works sanctioned (7),69,,fuzzy_multi_field,97.02,HIGH,auto_matched
CW_000198,rajya_sabha,works recommended (2),1029,works sanctioned (7),955,,fuzzy_multi_field,100.0,HIGH,auto_matched
CW_000199,rajya_sabha,works recommended (2),1136,works sanctioned (7),1079,,fuzzy_multi_field,100.0,HIGH,auto_matched
CW_000200,rajya_sabha,works recommended (2),218,works sanctioned (7),8,,fuzzy_multi_field,100.0,HIGH,auto_matched
CW_000201,rajya_sabha,works recommended (2),222,works sanctioned (7),212,,fuzzy_multi_field,92.34,HIGH,auto_matched
CW_000202,rajya_sabha,works recommended (2),239,works sanctioned (7),242,,fuzzy_multi_field,100.0,HIGH,auto_matched
CW_000171,rajya_sabha,works recommended (2),256,works sanctioned (7),272,,fuzzy_multi_field,100.0,HIGH,auto_matched
CW_000105,rajya_sabha,works recommended (2),1404,works sanctioned (7),1357,,fuzzy_multi_field,93.47,HIGH,auto_matched
CW_000203,rajya_sabha,works recommended (2),1151,works sanctioned (7),931,,fuzzy_multi_field,100.0,HIGH,auto_matched
CW_000204,rajya_sabha,works recommended (2),17,works sanctioned (7),91,,fuzzy_multi_field,90.88,HIGH,auto_matched
CW_000205,rajya_sabha,works recommended (2),588,works sanctioned (7),608,,fuzzy_multi_field,90.03,HIGH,auto_matched
CW_000206,rajya_sabha,works recommended (2),1009,works sanctioned (7),947,,fuzzy_multi_field,100.0,HIGH,auto_matched
CW_000207,rajya_sabha,works recommended (2),101,works sanctioned (7),66,,fuzzy_multi_field,100.0,HIGH,auto_matched
CW_000208,rajya_sabha,works recommended (2),118,works sanctioned (7),96,,fuzzy_multi_field,100.0,HIGH,auto_matched
CW_000209,rajya_sabha,works recommended (2),1369,works sanctioned (7),1303,,fuzzy_multi_field,89.31,HIGH,auto_matched
CW_000210,rajya_sabha,works recommended (2),121,works sanctioned (7),103,,fuzzy_multi_field,100.0,HIGH,auto_matched
CW_000211,rajya_sabha,works recommended (2),236,works sanctioned (7),264,,fuzzy_multi_field,100.0,HIGH,auto_matched
CW_000212,rajya_sabha,works recommended (2),1125,works sanctioned (7),937,,fuzzy_multi_field,100.0,HIGH,auto_matched
CW_000213,rajya_sabha,works recommended (2),8,works sanctioned (7),255,,fuzzy_multi_field,92.34,HIGH,auto_matched
CW_000214,rajya_sabha,works recommended (2),1001,works sanctioned (7),1045,,fuzzy_multi_field,100.0,HIGH,auto_matched
CW_000215,rajya_sabha,works recommended (2),467,works sanctioned (7),462,,fuzzy_multi_field,88.98,HIGH,auto_matched
CW_000216,rajya_sabha,works recommended (2),1467,works sanctioned (7),1488,,fuzzy_multi_field,98.67,HIGH,auto_matched
CW_000217,rajya_sabha,works recommended (2),1033,works sanctioned (7),927,,fuzzy_multi_field,100.0,HIGH,auto_matched
CW_000202,rajya_sabha,works recommended (2),239,works sanctioned (7),10,,fuzzy_multi_field,92.34,HIGH,auto_matched
CW_000218,rajya_sabha,works recommended (2),227,works sanctioned (7),300,,fuzzy_multi_field,100.0,HIGH,auto_matched
CW_000219,rajya_sabha,works recommended (2),1382,works sanctioned (7),1293,,fuzzy_multi_field,91.02,HIGH,auto_matched
CW_000220,rajya_sabha,works recommended (2),117,works sanctioned (7),63,,fuzzy_multi_field,100.0,HIGH,auto_matched
CW_000221,rajya_sabha,works recommended (2),1121,works sanctioned (7),1025,,fuzzy_multi_field,100.0,HIGH,auto_matched
CW_000222,rajya_sabha,works recommended (2),441,works sanctioned (7),468,,fuzzy_multi_field,85.31,HIGH,auto_matched
CW_000223,rajya_sabha,works recommended (2),1138,works sanctioned (7),927,,fuzzy_multi_field,100.0,HIGH,auto_matched
CW_000224,rajya_sabha,works recommended (2),348,works sanctioned (7),342,,fuzzy_multi_field,93.05,HIGH,auto_matched
CW_000225,rajya_sabha,works recommended (2),1357,works sanctioned (7),1361,,fuzzy_multi_field,85.0,HIGH,auto_matched
CW_000226,rajya_sabha,works recommended (2),1117,works sanctioned (7),931,,fuzzy_multi_field,100.0,HIGH,auto_matched
CW_000227,rajya_sabha,works recommended (2),1134,works sanctioned (7),961,,fuzzy_multi_field,100.0,HIGH,auto_matched
CW_000228,rajya_sabha,works recommended (2),1101,works sanctioned (7),1017,,fuzzy_multi_field,99.14,HIGH,auto_matched
CW_000229,rajya_sabha,works recommended (2),1118,works sanctioned (7),1047,,fuzzy_multi_field,99.07,HIGH,auto_matched
CW_000230,rajya_sabha,works recommended (2),226,works sanctioned (7),267,,fuzzy_multi_field,100.0,HIGH,auto_matched
CW_000231,rajya_sabha,works recommended (2),1230,works sanctioned (7),1229,,fuzzy_multi_field,93.14,HIGH,auto_matched
CW_000232,rajya_sabha,works recommended (2),992,works sanctioned (7),977,,fuzzy_multi_field,100.0,HIGH,auto_matched
CW_000233,rajya_sabha,works recommended (2),1003,works sanctioned (7),1021,,fuzzy_multi_field,100.0,HIGH,auto_matched
CW_000234,rajya_sabha,works recommended (2),310,works sanctioned (7),242,,fuzzy_multi_field,100.0,HIGH,auto_matched
CW_000235,rajya_sabha,works recommended (2),553,works sanctioned (7),546,,fuzzy_multi_field,87.68,HIGH,auto_matched
CW_000210,rajya_sabha,works recommended (2),121,works sanctioned (7),35,,fuzzy_multi_field,100.0,HIGH,auto_matched
CW_000236,rajya_sabha,works recommended (2),915,works sanctioned (7),160,,fuzzy_multi_field,85.72,HIGH,auto_matched
CW_000237,rajya_sabha,works recommended (2),105,works sanctioned (7),121,,fuzzy_multi_field,100.0,HIGH,auto_matched
CW_000200,rajya_sabha,works recommended (2),218,works sanctioned (7),232,,fuzzy_multi_field,92.34,HIGH,auto_matched
CW_000238,rajya_sabha,works recommended (2),999,works sanctioned (7),927,,fuzzy_multi_field,100.0,HIGH,auto_matched
CW_000239,rajya_sabha,works recommended (2),1130,works sanctioned (7),921,,fuzzy_multi_field,100.0,HIGH,auto_matched
CW_000240,rajya_sabha,works recommended (2),221,works sanctioned (7),239,,fuzzy_multi_field,92.34,HIGH,auto_matched
CW_000241,rajya_sabha,works recommended (2),983,works sanctioned (7),1013,,fuzzy_multi_field,100.0,HIGH,auto_matched
CW_000242,rajya_sabha,works recommended (2),1000,works sanctioned (7),1043,,fuzzy_multi_field,100.0,HIGH,auto_matched
CW_000243,rajya_sabha,works recommended (2),307,works sanctioned (7),264,,fuzzy_multi_field,100.0,HIGH,auto_matched
CW_000244,rajya_sabha,works recommended (2),1122,works sanctioned (7),1019,,fuzzy_multi_field,100.0,HIGH,auto_matched
CW_000245,rajya_sabha,works recommended (2),335,works sanctioned (7),338,,fuzzy_multi_field,95.43,HIGH,auto_matched
CW_000246,rajya_sabha,works recommended (2),1466,works sanctioned (7),1461,,fuzzy_multi_field,98.67,HIGH,auto_matched
CW_000247,rajya_sabha,works recommended (2),1104,works sanctioned (7),927,,fuzzy_multi_field,100.0,HIGH,auto_matched
CW_000248,rajya_sabha,works recommended (2),650,works sanctioned (7),644,,fuzzy_multi_field,91.68,HIGH,auto_matched
CW_000249,rajya_sabha,works recommended (2),974,works sanctioned (7),1049,,fuzzy_multi_field,100.0,HIGH,auto_matched
CW_000250,rajya_sabha,works recommended (2),991,works sanctioned (7),1079,,fuzzy_multi_field,100.0,HIGH,auto_matched
CW_000251,rajya_sabha,works recommended (2),1328,works sanctioned (7),1285,,fuzzy_multi_field,93.94,HIGH,auto_matched
CW_000252,rajya_sabha,works recommended (2),1096,works sanctioned (7),1025,,fuzzy_multi_field,100.0,HIGH,auto_matched
CW_000253,rajya_sabha,works recommended (2),1113,works sanctioned (7),1055,,fuzzy_multi_field,100.0,HIGH,auto_matched
CW_000254,rajya_sabha,works recommended (2),1015,works sanctioned (7),924,,fuzzy_multi_field,100.0,HIGH,auto_matched
CW_000240,rajya_sabha,works recommended (2),221,works sanctioned (7),7,,fuzzy_multi_field,100.0,HIGH,auto_matched
CW_000255,rajya_sabha,works recommended (2),91,works sanctioned (7),129,,fuzzy_multi_field,97.84,HIGH,auto_matched
CW_000256,rajya_sabha,works recommended (2),987,works sanctioned (7),985,,fuzzy_multi_field,100.0,HIGH,auto_matched
CW_000228,rajya_sabha,works recommended (2),1101,works sanctioned (7),949,,fuzzy_multi_field,100.0,HIGH,auto_matched
CW_000257,rajya_sabha,works recommended (2),1095,works sanctioned (7),963,,fuzzy_multi_field,100.0,HIGH,auto_matched
CW_000258,rajya_sabha,works recommended (2),971,works sanctioned (7),1071,,fuzzy_multi_field,100.0,HIGH,auto_matched
CW_000259,rajya_sabha,works recommended (2),1319,works sanctioned (7),1321,,fuzzy_multi_field,89.39,HIGH,auto_matched
CW_000260,rajya_sabha,works recommended (2),87,works sanctioned (7),35,,fuzzy_multi_field,100.0,HIGH,auto_matched
CW_000261,rajya_sabha,works recommended (2),104,works sanctioned (7),65,,fuzzy_multi_field,100.0,HIGH,auto_matched
CW_000262,rajya_sabha,works recommended (2),1336,works sanctioned (7),1351,,fuzzy_multi_field,85.9,HIGH,auto_matched
CW_000263,rajya_sabha,works recommended (2),1330,works sanctioned (7),1365,,fuzzy_multi_field,87.53,HIGH,auto_matched
CW_000264,rajya_sabha,works recommended (2),866,works sanctioned (7),839,,fuzzy_multi_field,97.05,HIGH,auto_matched
CW_000265,rajya_sabha,works recommended (2),71,works sanctioned (7),121,,fuzzy_multi_field,100.0,HIGH,auto_matched
CW_000266,rajya_sabha,works recommended (2),966,works sanctioned (7),1043,,fuzzy_multi_field,100.0,HIGH,auto_matched
CW_000267,rajya_sabha,works recommended (2),444,works sanctioned (7),438,,fuzzy_multi_field,87.98,HIGH,auto_matched
CW_000241,rajya_sabha,works recommended (2),983,works sanctioned (7),945,,fuzzy_multi_field,100.0,HIGH,auto_matched
CW_000268,rajya_sabha,works recommended (2),1316,works sanctioned (7),1343,,fuzzy_multi_field,90.32,HIGH,auto_matched
CW_000269,rajya_sabha,works recommended (2),986,works sanctioned (7),952,,fuzzy_multi_field,100.0,HIGH,auto_matched
CW_000270,rajya_sabha,works recommended (2),1310,works sanctioned (7),1357,,fuzzy_multi_field,92.0,HIGH,auto_matched
CW_000271,rajya_sabha,works recommended (2),78,works sanctioned (7),71,,fuzzy_multi_field,100.0,HIGH,auto_matched
CW_000272,rajya_sabha,works recommended (2),1327,works sanctioned (7),1387,,fuzzy_multi_field,94.51,HIGH,auto_matched
CW_000273,rajya_sabha,works recommended (2),289,works sanctioned (7),232,,fuzzy_multi_field,100.0,HIGH,auto_matched
CW_000274,rajya_sabha,works recommended (2),306,works sanctioned (7),262,,fuzzy_multi_field,100.0,HIGH,auto_matched
CW_000275,rajya_sabha,works recommended (2),1087,works sanctioned (7),957,,fuzzy_multi_field,100.0,HIGH,auto_matched
CW_000276,rajya_sabha,works recommended (2),309,works sanctioned (7),269,,fuzzy_multi_field,98.33,HIGH,auto_matched
CW_000277,rajya_sabha,works recommended (2),75,works sanctioned (7),93,,fuzzy_multi_field,100.0,HIGH,auto_matched
CW_000278,rajya_sabha,works recommended (2),92,works sanctioned (7),123,,fuzzy_multi_field,100.0,HIGH,auto_matched
CW_000279,rajya_sabha,works recommended (2),1079,works sanctioned (7),1055,,fuzzy_multi_field,100.0,HIGH,auto_matched
CW_000280,rajya_sabha,works recommended (2),739,works sanctioned (7),736,,fuzzy_multi_field,93.58,HIGH,auto_matched
CW_000281,rajya_sabha,works recommended (2),1084,works sanctioned (7),979,,fuzzy_multi_field,100.0,HIGH,auto_matched
CW_000282,rajya_sabha,works recommended (2),74,works sanctioned (7),31,,fuzzy_multi_field,97.58,HIGH,auto_matched
CW_000283,rajya_sabha,works recommended (2),1062,works sanctioned (7),1079,,fuzzy_multi_field,100.0,HIGH,auto_matched
CW_000284,rajya_sabha,works recommended (2),975,works sanctioned (7),939,,fuzzy_multi_field,100.0,HIGH,auto_matched
CW_000285,rajya_sabha,works recommended (2),953,works sanctioned (7),1039,,fuzzy_multi_field,100.0,HIGH,auto_matched
CW_000286,rajya_sabha,works recommended (2),970,works sanctioned (7),1069,,fuzzy_multi_field,100.0,HIGH,auto_matched
CW_000287,rajya_sabha,works recommended (2),292,works sanctioned (7),7,,fuzzy_multi_field,92.34,HIGH,auto_matched
CW_000288,rajya_sabha,works recommended (2),519,works sanctioned (7),478,,fuzzy_multi_field,100.0,HIGH,auto_matched
CW_000289,rajya_sabha,works recommended (2),1427,works sanctioned (7),1359,,fuzzy_multi_field,90.77,HIGH,auto_matched
CW_000290,rajya_sabha,works recommended (2),277,works sanctioned (7),290,,fuzzy_multi_field,100.0,HIGH,auto_matched
CW_000291,rajya_sabha,works recommended (2),1058,works sanctioned (7),985,,fuzzy_multi_field,100.0,HIGH,auto_matched
CW_000292,rajya_sabha,works recommended (2),1075,works sanctioned (7),1015,,fuzzy_multi_field,100.0,HIGH,auto_matched
CW_000293,rajya_sabha,works recommended (2),949,works sanctioned (7),945,,fuzzy_multi_field,100.0,HIGH,auto_matched
CW_000266,rajya_sabha,works recommended (2),966,works sanctioned (7),975,,fuzzy_multi_field,100.0,HIGH,auto_matched
CW_000294,rajya_sabha,works recommended (2),1074,works sanctioned (7),953,,fuzzy_multi_field,100.0,HIGH,auto_matched
CW_000295,rajya_sabha,works recommended (2),969,works sanctioned (7),982,,fuzzy_multi_field,100.0,HIGH,auto_matched
CW_000269,rajya_sabha,works recommended (2),986,works sanctioned (7),1012,,fuzzy_multi_field,100.0,HIGH,auto_matched
CW_000296,rajya_sabha,works recommended (2),1407,works sanctioned (7),1351,,fuzzy_multi_field,92.94,HIGH,auto_matched
CW_000297,rajya_sabha,works recommended (2),1424,works sanctioned (7),1381,,fuzzy_multi_field,86.38,HIGH,auto_matched
CW_000298,rajya_sabha,works recommended (2),516,works sanctioned (7),500,,fuzzy_multi_field,100.0,HIGH,auto_matched
CW_000299,rajya_sabha,works recommended (2),66,works sanctioned (7),25,,fuzzy_multi_field,90.3,HIGH,auto_matched
CW_000300,rajya_sabha,works recommended (2),1066,works sanctioned (7),1051,,fuzzy_multi_field,100.0,HIGH,auto_matched
CW_000301,rajya_sabha,works recommended (2),1315,works sanctioned (7),1341,,fuzzy_multi_field,86.41,HIGH,auto_matched
CW_000302,rajya_sabha,works recommended (2),616,works sanctioned (7),576,,fuzzy_multi_field,88.0,HIGH,auto_matched
CW_000303,rajya_sabha,works recommended (2),957,works sanctioned (7),1011,,fuzzy_multi_field,100.0,HIGH,auto_matched
CW_000304,rajya_sabha,works recommended (2),1071,works sanctioned (7),975,,fuzzy_multi_field,100.0,HIGH,auto_matched
CW_000305,rajya_sabha,works recommended (2),977,works sanctioned (7),1048,,fuzzy_multi_field,100.0,HIGH,auto_matched
CW_000306,rajya_sabha,works recommended (2),281,works sanctioned (7),262,,fuzzy_multi_field,100.0,HIGH,auto_matched
CW_000307,rajya_sabha,works recommended (2),490,works sanctioned (7),506,,fuzzy_multi_field,100.0,HIGH,auto_matched
CW_000308,rajya_sabha,works recommended (2),1398,works sanctioned (7),1387,,fuzzy_multi_field,91.52,HIGH,auto_matched
CW_000309,rajya_sabha,works recommended (2),284,works sanctioned (7),269,,fuzzy_multi_field,100.0,HIGH,auto_matched
CW_000310,rajya_sabha,works recommended (2),301,works sanctioned (7),299,,fuzzy_multi_field,100.0,HIGH,auto_matched
CW_000311,rajya_sabha,works recommended (2),1419,works sanctioned (7),1225,,fuzzy_multi_field,85.4,HIGH,auto_matched
CW_000312,rajya_sabha,works recommended (2),63,works sanctioned (7),47,,fuzzy_multi_field,100.0,HIGH,auto_matched
CW_000313,rajya_sabha,works recommended (2),965,works sanctioned (7),942,,fuzzy_multi_field,100.0,HIGH,auto_matched
CW_000314,rajya_sabha,works recommended (2),613,works sanctioned (7),598,,fuzzy_multi_field,85.71,HIGH,auto_matched
CW_000315,rajya_sabha,works recommended (2),174,works sanctioned (7),167,,fuzzy_multi_field,95.62,HIGH,auto_matched
CW_000316,rajya_sabha,works recommended (2),243,works sanctioned (7),290,,fuzzy_multi_field,100.0,HIGH,auto_matched
CW_000289,rajya_sabha,works recommended (2),1427,works sanctioned (7),1291,,fuzzy_multi_field,92.0,HIGH,auto_matched
CW_000317,rajya_sabha,works recommended (2),1155,works sanctioned (7),979,,fuzzy_multi_field,100.0,HIGH,auto_matched
CW_000318,rajya_sabha,works recommended (2),48,works sanctioned (7),97,,fuzzy_multi_field,100.0,HIGH,auto_matched
CW_000319,rajya_sabha,works recommended (2),65,works sanctioned (7),127,,fuzzy_multi_field,100.0,HIGH,auto_matched
CW_000320,rajya_sabha,works recommended (2),164,works sanctioned (7),898,,fuzzy_multi_field,88.99,HIGH,auto_matched
CW_000321,rajya_sabha,works recommended (2),503,works sanctioned (7),496,,fuzzy_multi_field,100.0,HIGH,auto_matched
CW_000292,rajya_sabha,works recommended (2),1075,works sanctioned (7),1075,,fuzzy_multi_field,100.0,HIGH,auto_matched
CW_000322,rajya_sabha,works recommended (2),1166,works sanctioned (7),1023,,fuzzy_multi_field,100.0,HIGH,auto_matched
CW_000323,rajya_sabha,works recommended (2),1046,works sanctioned (7),939,,fuzzy_multi_field,100.0,HIGH,auto_matched
CW_000324,rajya_sabha,works recommended (2),1063,works sanctioned (7),969,,fuzzy_multi_field,100.0,HIGH,auto_matched
CW_000325,rajya_sabha,works recommended (2),948,works sanctioned (7),1076,,fuzzy_multi_field,100.0,HIGH,auto_matched
CW_000326,rajya_sabha,works recommended (2),1162,works sanctioned (7),929,,fuzzy_multi_field,100.0,HIGH,auto_matched
CW_000327,rajya_sabha,works recommended (2),45,works sanctioned (7),119,,fuzzy_multi_field,100.0,HIGH,auto_matched
CW_000328,rajya_sabha,works recommended (2),1146,works sanctioned (7),1015,,fuzzy_multi_field,100.0,HIGH,auto_matched
CW_000329,rajya_sabha,works recommended (2),1163,works sanctioned (7),1045,,fuzzy_multi_field,100.0,HIGH,auto_matched
CW_000330,rajya_sabha,works recommended (2),599,works sanctioned (7),606,,fuzzy_multi_field,86.77,HIGH,auto_matched
CW_000170,rajya_sabha,works recommended (2),33,works sanctioned (7),13,,fuzzy_multi_field,97.58,HIGH,auto_matched
CW_000331,rajya_sabha,works recommended (2),1037,works sanctioned (7),975,,fuzzy_multi_field,100.0,HIGH,auto_matched
CW_000332,rajya_sabha,works recommended (2),1054,works sanctioned (7),1005,,fuzzy_multi_field,100.0,HIGH,auto_matched
CW_000116,rajya_sabha,works recommended (2),279,works sanctioned (7),9,,fuzzy_multi_field,100.0,HIGH,auto_matched
CW_000333,rajya_sabha,works recommended (2),1057,works sanctioned (7),1012,,fuzzy_multi_field,100.0,HIGH,auto_matched
CW_000334,rajya_sabha,works recommended (2),267,works sanctioned (7),299,,fuzzy_multi_field,100.0,HIGH,auto_matched
CW_000325,rajya_sabha,works recommended (2),948,works sanctioned (7),972,,fuzzy_multi_field,100.0,HIGH,auto_matched
CW_000335,rajya_sabha,works recommended (2),495,works sanctioned (7),490,,fuzzy_multi_field,93.33,HIGH,auto_matched
CW_000336,rajya_sabha,works recommended (2),1487,works sanctioned (7),1479,,fuzzy_multi_field,100.0,HIGH,auto_matched
CW_000337,rajya_sabha,works recommended (2),272,works sanctioned (7),223,,fuzzy_multi_field,100.0,HIGH,auto_matched
CW_000338,rajya_sabha,works recommended (2),266,works sanctioned (7),237,,fuzzy_multi_field,100.0,HIGH,auto_matched
CW_000339,rajya_sabha,works recommended (2),283,works sanctioned (7),267,,fuzzy_multi_field,100.0,HIGH,auto_matched
CW_000340,rajya_sabha,works recommended (2),1394,works sanctioned (7),1353,,fuzzy_multi_field,88.76,HIGH,auto_matched
CW_000341,rajya_sabha,works recommended (2),1028,works sanctioned (7),1011,,fuzzy_multi_field,100.0,HIGH,auto_matched
CW_000342,rajya_sabha,works recommended (2),41,works sanctioned (7),79,,fuzzy_multi_field,100.0,HIGH,auto_matched
CW_000343,rajya_sabha,works recommended (2),1045,works sanctioned (7),1041,,fuzzy_multi_field,96.3,HIGH,auto_matched
CW_000344,rajya_sabha,works recommended (2),612,works sanctioned (7),596,,fuzzy_multi_field,85.45,HIGH,auto_matched
CW_000345,rajya_sabha,works recommended (2),1167,works sanctioned (7),1017,,fuzzy_multi_field,99.14,HIGH,auto_matched
CW_000346,rajya_sabha,works recommended (2),1393,works sanctioned (7),1291,,fuzzy_multi_field,93.55,HIGH,auto_matched
CW_000347,rajya_sabha,works recommended (2),1410,works sanctioned (7),1321,,fuzzy_multi_field,90.09,HIGH,auto_matched
CW_000348,rajya_sabha,works recommended (2),37,works sanctioned (7),113,,fuzzy_multi_field,100.0,HIGH,auto_matched
CW_000349,rajya_sabha,works recommended (2),31,works sanctioned (7),127,,fuzzy_multi_field,97.58,HIGH,auto_matched
CW_000093,rajya_sabha,works recommended (2),1377,works sanctioned (7),1377,,fuzzy_multi_field,87.43,HIGH,auto_matched
CW_000350,rajya_sabha,works recommended (2),246,works sanctioned (7),229,,fuzzy_multi_field,100.0,HIGH,auto_matched
CW_000351,rajya_sabha,works recommended (2),263,works sanctioned (7),259,,fuzzy_multi_field,100.0,HIGH,auto_matched
CW_000352,rajya_sabha,works recommended (2),280,works sanctioned (7),289,,fuzzy_multi_field,100.0,HIGH,auto_matched
CW_000353,rajya_sabha,works recommended (2),19,works sanctioned (7),21,,fuzzy_multi_field,94.08,HIGH,auto_matched
CW_000354,rajya_sabha,works recommended (2),36,works sanctioned (7),51,,fuzzy_multi_field,100.0,HIGH,auto_matched
CW_000355,rajya_sabha,works recommended (2),1154,works sanctioned (7),977,,fuzzy_multi_field,100.0,HIGH,auto_matched
CW_000356,rajya_sabha,works recommended (2),586,works sanctioned (7),602,,fuzzy_multi_field,93.44,HIGH,auto_matched
CW_000357,rajya_sabha,works recommended (2),1390,works sanctioned (7),1313,,fuzzy_multi_field,88.08,HIGH,auto_matched
CW_000358,rajya_sabha,works recommended (2),254,works sanctioned (7),295,,fuzzy_multi_field,100.0,HIGH,auto_matched
CW_000359,rajya_sabha,works recommended (2),16,works sanctioned (7),43,,fuzzy_multi_field,90.88,HIGH,auto_matched
CW_000360,rajya_sabha,works recommended (2),27,works sanctioned (7),87,,fuzzy_multi_field,96.92,HIGH,auto_matched
CW_000361,rajya_sabha,works recommended (2),1145,works sanctioned (7),1013,,fuzzy_multi_field,100.0,HIGH,auto_matched
CW_000362,rajya_sabha,works recommended (2),259,works sanctioned (7),219,,fuzzy_multi_field,100.0,HIGH,auto_matched
CW_000363,rajya_sabha,works recommended (2),132,works sanctioned (7),33,,fuzzy_multi_field,97.84,HIGH,auto_matched
CW_000333,rajya_sabha,works recommended (2),1057,works sanctioned (7),944,,fuzzy_multi_field,100.0,HIGH,auto_matched
CW_000364,rajya_sabha,works recommended (2),1381,works sanctioned (7),1349,,fuzzy_multi_field,88.28,HIGH,auto_matched
CW_000365,rajya_sabha,works recommended (2),116,works sanctioned (7),119,,fuzzy_multi_field,100.0,HIGH,auto_matched
CW_000366,rajya_sabha,works recommended (2),1158,works sanctioned (7),949,,fuzzy_multi_field,100.0,HIGH,auto_matched
CW_000367,rajya_sabha,works recommended (2),1161,works sanctioned (7),956,,fuzzy_multi_field,100.0,HIGH,auto_matched
CW_000368,rajya_sabha,works recommended (2),24,works sanctioned (7),109,,fuzzy_multi_field,97.02,HIGH,auto_matched
CW_000009,rajya_sabha,works recommended (2),11,works sanctioned (7),283,,fuzzy_multi_field,92.34,HIGH,auto_matched
CW_000369,rajya_sabha,works recommended (2),1469,works sanctioned (7),1447,,fuzzy_multi_field,100.0,HIGH,auto_matched
CW_000370,rajya_sabha,works recommended (2),1486,works sanctioned (7),1477,,fuzzy_multi_field,100.0,HIGH,auto_matched
CW_000011,rajya_sabha,works recommended (2),1048,works sanctioned (7),980,,fuzzy_multi_field,100.0,HIGH,auto_matched
CW_000371,rajya_sabha,works recommended (2),1036,works sanctioned (7),1002,,fuzzy_multi_field,100.0,HIGH,auto_matched
CW_000372,rajya_sabha,works recommended (2),10,works sanctioned (7),221,,fuzzy_multi_field,90.48,HIGH,auto_matched
CW_000373,rajya_sabha,works recommended (2),1252,works sanctioned (7),1301,,fuzzy_multi_field,85.51,HIGH,auto_matched
CW_000374,rajya_sabha,works recommended (2),1008,works sanctioned (7),1063,,fuzzy_multi_field,100.0,HIGH,auto_matched
CW_000375,rajya_sabha,works recommended (2),1116,works sanctioned (7),1041,,fuzzy_multi_field,96.3,HIGH,auto_matched
CW_000376,rajya_sabha,works recommended (2),1133,works sanctioned (7),1071,,fuzzy_multi_field,100.0,HIGH,auto_matched
CW_000377,rajya_sabha,works recommended (2),251,works sanctioned (7),213,,fuzzy_multi_field,92.34,HIGH,auto_matched
CW_000004,rajya_sabha,works recommended (2),245,works sanctioned (7),227,,fuzzy_multi_field,100.0,HIGH,auto_matched
CW_000378,rajya_sabha,works recommended (2),108,works sanctioned (7),113,,fuzzy_multi_field,100.0,HIGH,auto_matched
CW_000379,rajya_sabha,works recommended (2),7,works sanctioned (7),243,,fuzzy_multi_field,92.34,HIGH,auto_matched
CW_000380,rajya_sabha,works recommended (2),1129,works sanctioned (7),977,,fuzzy_multi_field,100.0,HIGH,auto_matched
CW_000015,rajya_sabha,works recommended (2),1149,works sanctioned (7),1014,,fuzzy_multi_field,100.0,HIGH,auto_matched
CW_000381,rajya_sabha,works recommended (2),1490,works sanctioned (7),1449,,fuzzy_multi_field,100.0,HIGH,auto_matched
CW_000382,rajya_sabha,works recommended (2),124,works sanctioned (7),81,,fuzzy_multi_field,100.0,HIGH,auto_matched
CW_000020,rajya_sabha,works recommended (2),242,works sanctioned (7),249,,fuzzy_multi_field,100.0,HIGH,auto_matched
CW_000383,rajya_sabha,works recommended (2),1246,works sanctioned (7),1211,,fuzzy_multi_field,100.0,HIGH,auto_matched
CW_000021,rajya_sabha,works recommended (2),1040,works sanctioned (7),974,,fuzzy_multi_field,100.0,HIGH,auto_matched
CW_000384,rajya_sabha,works recommended (2),1364,works sanctioned (7),1379,,fuzzy_multi_field,88.0,HIGH,auto_matched
CW_000385,rajya_sabha,works recommended (2),342,works sanctioned (7),325,,fuzzy_multi_field,92.73,HIGH,auto_matched
CW_000003,rajya_sabha,works recommended (2),1032,works sanctioned (7),1072,,fuzzy_multi_field,100.0,HIGH,auto_matched
CW_000386,rajya_sabha,works recommended (2),131,works sanctioned (7),31,,fuzzy_multi_field,95.43,HIGH,auto_matched
CW_000027,rajya_sabha,works recommended (2),1346,works sanctioned (7),1287,,fuzzy_multi_field,89.8,HIGH,auto_matched
CW_000005,rajya_sabha,works recommended (2),1140,works sanctioned (7),1050,,fuzzy_multi_field,100.0,HIGH,auto_matched
CW_000008,rajya_sabha,works recommended (2),1157,works sanctioned (7),1080,,fuzzy_multi_field,100.0,HIGH,auto_matched
CW_000387,rajya_sabha,works recommended (2),1464,works sanctioned (7),1455,,fuzzy_multi_field,98.46,HIGH,auto_matched
CW_000388,rajya_sabha,works recommended (2),1470,works sanctioned (7),1441,,fuzzy_multi_field,100.0,HIGH,auto_matched
CW_000389,rajya_sabha,works recommended (2),1481,works sanctioned (7),1485,,fuzzy_multi_field,100.0,HIGH,auto_matched
CW_000390,rajya_sabha,works recommended (2),233,works sanctioned (7),285,,fuzzy_multi_field,100.0,HIGH,auto_matched
CW_000032,rajya_sabha,works recommended (2),1031,works sanctioned (7),1010,,fuzzy_multi_field,100.0,HIGH,auto_matched
CW_000011,rajya_sabha,works recommended (2),1048,works sanctioned (7),1040,,fuzzy_multi_field,100.0,HIGH,auto_matched
CW_000372,rajya_sabha,works recommended (2),10,works sanctioned (7),281,,fuzzy_multi_field,92.34,HIGH,auto_matched
CW_000038,rajya_sabha,works recommended (2),1229,works sanctioned (7),1345,,fuzzy_multi_field,88.28,HIGH,auto_matched
CW_000037,rajya_sabha,works recommended (2),111,works sanctioned (7),23,,fuzzy_multi_field,97.58,HIGH,auto_matched
CW_000391,rajya_sabha,works recommended (2),435,works sanctioned (7),428,,fuzzy_multi_field,100.0,HIGH,auto_matched
CW_000039,rajya_sabha,works recommended (2),1124,works sanctioned (7),978,,fuzzy_multi_field,100.0,HIGH,auto_matched
CW_000392,rajya_sabha,works recommended (2),1360,works sanctioned (7),1339,,fuzzy_multi_field,86.67,HIGH,auto_matched
CW_000393,rajya_sabha,works recommended (2),1099,works sanctioned (7),1071,,fuzzy_multi_field,100.0,HIGH,auto_matched
CW_000394,rajya_sabha,works recommended (2),455,works sanctioned (7),465,,fuzzy_multi_field,86.67,HIGH,auto_matched
CW_000395,rajya_sabha,works recommended (2),558,works sanctioned (7),916,,fuzzy_multi_field,90.3,HIGH,auto_matched
CW_000378,rajya_sabha,works recommended (2),108,works sanctioned (7),45,,fuzzy_multi_field,100.0,HIGH,auto_matched
CW_000073,rajya_sabha,works recommended (2),1010,works sanctioned (7),940,,fuzzy_multi_field,100.0,HIGH,auto_matched
CW_000396,rajya_sabha,works recommended (2),334,works sanctioned (7),319,,fuzzy_multi_field,90.66,HIGH,auto_matched
CW_000397,rajya_sabha,works recommended (2),119,works sanctioned (7),89,,fuzzy_multi_field,100.0,HIGH,auto_matched
CW_000014,rajya_sabha,works recommended (2),1132,works sanctioned (7),1044,,fuzzy_multi_field,100.0,HIGH,auto_matched
CW_000078,rajya_sabha,works recommended (2),219,works sanctioned (7),293,,fuzzy_multi_field,92.34,HIGH,auto_matched
CW_000398,rajya_sabha,works recommended (2),1007,works sanctioned (7),962,,fuzzy_multi_field,100.0,HIGH,auto_matched
CW_000399,rajya_sabha,works recommended (2),99,works sanctioned (7),81,,fuzzy_multi_field,100.0,HIGH,auto_matched
CW_000044,rajya_sabha,works recommended (2),1120,works sanctioned (7),1073,,fuzzy_multi_field,100.0,HIGH,auto_matched
CW_000070,rajya_sabha,works recommended (2),93,works sanctioned (7),95,,fuzzy_multi_field,100.0,HIGH,auto_matched
CW_000400,rajya_sabha,works recommended (2),1091,works sanctioned (7),937,,fuzzy_multi_field,100.0,HIGH,auto_matched
CW_000401,rajya_sabha,works recommended (2),1108,works sanctioned (7),967,,fuzzy_multi_field,100.0,HIGH,auto_matched
CW_000402,rajya_sabha,works recommended (2),98,works sanctioned (7),19,,fuzzy_multi_field,91.72,HIGH,auto_matched
CW_000062,rajya_sabha,works recommended (2),1128,works sanctioned (7),1004,,fuzzy_multi_field,100.0,HIGH,auto_matched
CW_000403,rajya_sabha,works recommended (2),1446,works sanctioned (7),1423,,fuzzy_multi_field,92.39,HIGH,auto_matched
CW_000404,rajya_sabha,works recommended (2),304,works sanctioned (7),285,,fuzzy_multi_field,100.0,HIGH,auto_matched
CW_000405,rajya_sabha,works recommended (2),994,works sanctioned (7),1032,,fuzzy_multi_field,100.0,HIGH,auto_matched
CW_000055,rajya_sabha,works recommended (2),1011,works sanctioned (7),1062,,fuzzy_multi_field,100.0,HIGH,auto_matched
CW_000406,rajya_sabha,works recommended (2),1119,works sanctioned (7),1040,,fuzzy_multi_field,100.0,HIGH,auto_matched
CW_000407,rajya_sabha,works recommended (2),982,works sanctioned (7),926,,fuzzy_multi_field,100.0,HIGH,auto_matched
CW_000408,rajya_sabha,works recommended (2),1323,works sanctioned (7),1361,,fuzzy_multi_field,89.52,HIGH,auto_matched
CW_000072,rajya_sabha,works recommended (2),993,works sanctioned (7),970,,fuzzy_multi_field,100.0,HIGH,auto_matched
CW_000409,rajya_sabha,works recommended (2),1107,works sanctioned (7),934,,fuzzy_multi_field,100.0,HIGH,auto_matched
CW_000410,rajya_sabha,works recommended (2),1317,works sanctioned (7),1375,,fuzzy_multi_field,92.84,HIGH,auto_matched
CW_000411,rajya_sabha,works recommended (2),1322,works sanctioned (7),1299,,fuzzy_multi_field,92.16,HIGH,auto_matched
CW_000065,rajya_sabha,works recommended (2),985,works sanctioned (7),1068,,fuzzy_multi_field,100.0,HIGH,auto_matched
CW_000412,rajya_sabha,works recommended (2),1314,works sanctioned (7),1397,,fuzzy_multi_field,87.5,HIGH,auto_matched
CW_000081,rajya_sabha,works recommended (2),984,works sanctioned (7),1006,,fuzzy_multi_field,100.0,HIGH,auto_matched
CW_000413,rajya_sabha,works recommended (2),520,works sanctioned (7),480,,fuzzy_multi_field,100.0,HIGH,auto_matched
CW_000414,rajya_sabha,works recommended (2),308,works sanctioned (7),257,,fuzzy_multi_field,100.0,HIGH,auto_matched
CW_000087,rajya_sabha,works recommended (2),81,works sanctioned (7),49,,fuzzy_multi_field,100.0,HIGH,auto_matched
CW_000415,rajya_sabha,works recommended (2),981,works sanctioned (7),1028,,fuzzy_multi_field,100.0,HIGH,auto_matched
CW_000071,rajya_sabha,works recommended (2),1102,works sanctioned (7),1070,,fuzzy_multi_field,100.0,HIGH,auto_matched
CW_000416,rajya_sabha,works recommended (2),1090,works sanctioned (7),964,,fuzzy_multi_field,100.0,HIGH,auto_matched
CW_000417,rajya_sabha,works recommended (2),1414,works sanctioned (7),1369,,fuzzy_multi_field,87.79,HIGH,auto_matched
CW_000418,rajya_sabha,works recommended (2),506,works sanctioned (7),488,,fuzzy_multi_field,100.0,HIGH,auto_matched
CW_000419,rajya_sabha,works recommended (2),300,works sanctioned (7),251,,fuzzy_multi_field,100.0,HIGH,auto_matched
CW_000410,rajya_sabha,works recommended (2),1317,works sanctioned (7),1307,,fuzzy_multi_field,88.63,HIGH,auto_matched
CW_000305,rajya_sabha,works recommended (2),977,works sanctioned (7),988,,fuzzy_multi_field,100.0,HIGH,auto_matched
CW_000420,rajya_sabha,works recommended (2),1082,works sanctioned (7),1062,,fuzzy_multi_field,100.0,HIGH,auto_matched
CW_000108,rajya_sabha,works recommended (2),973,works sanctioned (7),1022,,fuzzy_multi_field,100.0,HIGH,auto_matched
CW_000136,rajya_sabha,works recommended (2),967,works sanctioned (7),1036,,fuzzy_multi_field,100.0,HIGH,auto_matched
CW_000081,rajya_sabha,works recommended (2),984,works sanctioned (7),1066,,fuzzy_multi_field,100.0,HIGH,auto_matched
CW_000421,rajya_sabha,works recommended (2),291,works sanctioned (7),287,,fuzzy_multi_field,95.35,HIGH,auto_matched
CW_000113,rajya_sabha,works recommended (2),955,works sanctioned (7),930,,fuzzy_multi_field,100.0,HIGH,auto_matched
CW_000114,rajya_sabha,works recommended (2),972,works sanctioned (7),960,,fuzzy_multi_field,100.0,HIGH,auto_matched
CW_000422,rajya_sabha,works recommended (2),296,works sanctioned (7),211,,fuzzy_multi_field,92.34,HIGH,auto_matched
CW_000118,rajya_sabha,works recommended (2),290,works sanctioned (7),225,,fuzzy_multi_field,100.0,HIGH,auto_matched
CW_000088,rajya_sabha,works recommended (2),1094,works sanctioned (7),936,,fuzzy_multi_field,100.0,HIGH,auto_matched
CW_000423,rajya_sabha,works recommended (2),947,works sanctioned (7),1028,,fuzzy_multi_field,100.0,HIGH,auto_matched
CW_000424,rajya_sabha,works recommended (2),964,works sanctioned (7),1058,,fuzzy_multi_field,100.0,HIGH,auto_matched
CW_000425,rajya_sabha,works recommended (2),270,works sanctioned (7),217,,fuzzy_multi_field,100.0,HIGH,auto_matched
CW_000127,rajya_sabha,works recommended (2),287,works sanctioned (7),247,,fuzzy_multi_field,100.0,HIGH,auto_matched
CW_000137,rajya_sabha,works recommended (2),1392,works sanctioned (7),1347,,fuzzy_multi_field,90.64,HIGH,auto_matched
CW_000426,rajya_sabha,works recommended (2),1409,works sanctioned (7),1377,,fuzzy_multi_field,86.22,HIGH,auto_matched
CW_000427,rajya_sabha,works recommended (2),961,works sanctioned (7),1080,,fuzzy_multi_field,100.0,HIGH,auto_matched
CW_000428,rajya_sabha,works recommended (2),1069,works sanctioned (7),1058,,fuzzy_multi_field,100.0,HIGH,auto_matched
CW_000098,rajya_sabha,works recommended (2),976,works sanctioned (7),932,,fuzzy_multi_field,100.0,HIGH,auto_matched
CW_000429,rajya_sabha,works recommended (2),960,works sanctioned (7),1018,,fuzzy_multi_field,100.0,HIGH,auto_matched
CW_000430,rajya_sabha,works recommended (2),1170,works sanctioned (7),1063,,fuzzy_multi_field,100.0,HIGH,auto_matched
CW_000431,rajya_sabha,works recommended (2),493,works sanctioned (7),513,,fuzzy_multi_field,100.0,HIGH,auto_matched
CW_000432,rajya_sabha,works recommended (2),1065,works sanctioned (7),964,,fuzzy_multi_field,100.0,HIGH,auto_matched
CW_000135,rajya_sabha,works recommended (2),51,works sanctioned (7),75,,fuzzy_multi_field,100.0,HIGH,auto_matched
CW_000109,rajya_sabha,works recommended (2),1064,works sanctioned (7),1030,,fuzzy_multi_field,100.0,HIGH,auto_matched
CW_000138,rajya_sabha,works recommended (2),1169,works sanctioned (7),976,,fuzzy_multi_field,100.0,HIGH,auto_matched
CW_000433,rajya_sabha,works recommended (2),951,works sanctioned (7),1054,,fuzzy_multi_field,100.0,HIGH,auto_matched
CW_000116,rajya_sabha,works recommended (2),279,works sanctioned (7),241,,fuzzy_multi_field,100.0,HIGH,auto_matched
CW_000434,rajya_sabha,works recommended (2),273,works sanctioned (7),255,,fuzzy_multi_field,100.0,HIGH,auto_matched
CW_000349,rajya_sabha,works recommended (2),31,works sanctioned (7),67,,fuzzy_multi_field,97.58,HIGH,auto_matched
CW_000435,rajya_sabha,works recommended (2),924,works sanctioned (7),152,,fuzzy_multi_field,87.3,HIGH,auto_matched
CW_000436,rajya_sabha,works recommended (2),497,works sanctioned (7),485,,fuzzy_multi_field,93.33,HIGH,auto_matched
CW_000125,rajya_sabha,works recommended (2),946,works sanctioned (7),1026,,fuzzy_multi_field,100.0,HIGH,auto_matched
CW_000425,rajya_sabha,works recommended (2),270,works sanctioned (7),277,,fuzzy_multi_field,100.0,HIGH,auto_matched
CW_000437,rajya_sabha,works recommended (2),264,works sanctioned (7),291,,fuzzy_multi_field,100.0,HIGH,auto_matched
CW_000438,rajya_sabha,works recommended (2),26,works sanctioned (7),39,,fuzzy_multi_field,97.58,HIGH,auto_matched
CW_000439,rajya_sabha,works recommended (2),39,works sanctioned (7),133,,fuzzy_multi_field,97.84,HIGH,auto_matched
CW_000440,rajya_sabha,works recommended (2),1035,works sanctioned (7),1058,,fuzzy_multi_field,100.0,HIGH,auto_matched
CW_000441,rajya_sabha,works recommended (2),1067,works sanctioned (7),940,,fuzzy_multi_field,96.3,HIGH,auto_matched
CW_000442,rajya_sabha,works recommended (2),250,works sanctioned (7),269,,fuzzy_multi_field,100.0,HIGH,auto_matched
CW_000443,rajya_sabha,works recommended (2),38,works sanctioned (7),46,,fuzzy_multi_field,100.0,HIGH,auto_matched
CW_000444,rajya_sabha,works recommended (2),699,works sanctioned (7),682,,fuzzy_multi_field,89.55,HIGH,auto_matched
CW_000445,rajya_sabha,works recommended (2),1156,works sanctioned (7),972,,fuzzy_multi_field,100.0,HIGH,auto_matched
CW_000446,rajya_sabha,works recommended (2),815,works sanctioned (7),800,,fuzzy_multi_field,100.0,HIGH,auto_matched
CW_000447,rajya_sabha,works recommended (2),1388,works sanctioned (7),1367,,fuzzy_multi_field,92.69,HIGH,auto_matched
CW_000448,rajya_sabha,works recommended (2),1391,works sanctioned (7),1374,,fuzzy_multi_field,94.17,HIGH,auto_matched
CW_000449,rajya_sabha,works recommended (2),241,works sanctioned (7),305,,fuzzy_multi_field,100.0,HIGH,auto_matched
CW_000450,rajya_sabha,works recommended (2),932,works sanctioned (7),906,,fuzzy_multi_field,100.0,HIGH,auto_matched
CW_000156,rajya_sabha,works recommended (2),1056,works sanctioned (7),1060,,fuzzy_multi_field,100.0,HIGH,auto_matched
CW_000451,rajya_sabha,works recommended (2),14,works sanctioned (7),97,,fuzzy_multi_field,97.02,HIGH,auto_matched
CW_000158,rajya_sabha,works recommended (2),1164,works sanctioned (7),1038,,fuzzy_multi_field,100.0,HIGH,auto_matched
CW_000452,rajya_sabha,works recommended (2),1488,works sanctioned (7),1443,,fuzzy_multi_field,98.46,HIGH,auto_matched
CW_000453,rajya_sabha,works recommended (2),1027,works sanctioned (7),924,,fuzzy_multi_field,100.0,HIGH,auto_matched
CW_000454,rajya_sabha,works recommended (2),240,works sanctioned (7),243,,fuzzy_multi_field,100.0,HIGH,auto_matched
CW_000455,rajya_sabha,works recommended (2),257,works sanctioned (7),273,,fuzzy_multi_field,100.0,HIGH,auto_matched
CW_000456,rajya_sabha,works recommended (2),1044,works sanctioned (7),954,,fuzzy_multi_field,100.0,HIGH,auto_matched
CW_000457,rajya_sabha,works recommended (2),1038,works sanctioned (7),968,,fuzzy_multi_field,100.0,HIGH,auto_matched
CW_000458,rajya_sabha,works recommended (2),1152,works sanctioned (7),932,,fuzzy_multi_field,100.0,HIGH,auto_matched
CW_000459,rajya_sabha,works recommended (2),1368,works sanctioned (7),1359,,fuzzy_multi_field,90.0,HIGH,auto_matched
CW_000460,rajya_sabha,works recommended (2),1484,works sanctioned (7),1477,,fuzzy_multi_field,100.0,HIGH,auto_matched
CW_000461,rajya_sabha,works recommended (2),1367,works sanctioned (7),1297,,fuzzy_multi_field,89.72,HIGH,auto_matched
CW_000179,rajya_sabha,works recommended (2),1148,works sanctioned (7),966,,fuzzy_multi_field,100.0,HIGH,auto_matched
CW_000462,rajya_sabha,works recommended (2),496,works sanctioned (7),483,,fuzzy_multi_field,93.33,HIGH,auto_matched
CW_000463,rajya_sabha,works recommended (2),127,works sanctioned (7),109,,fuzzy_multi_field,100.0,HIGH,auto_matched
CW_000464,rajya_sabha,works recommended (2),18,works sanctioned (7),69,,fuzzy_multi_field,97.02,HIGH,auto_matched
CW_000465,rajya_sabha,works recommended (2),126,works sanctioned (7),47,,fuzzy_multi_field,100.0,HIGH,auto_matched
CW_000454,rajya_sabha,works recommended (2),240,works sanctioned (7),11,,fuzzy_multi_field,92.34,HIGH,auto_matched
CW_000443,rajya_sabha,works recommended (2),38,works sanctioned (7),106,,fuzzy_multi_field,100.0,HIGH,auto_matched
CW_000466,rajya_sabha,works recommended (2),459,works sanctioned (7),445,,fuzzy_multi_field,86.67,HIGH,auto_matched
CW_000467,rajya_sabha,works recommended (2),232,works sanctioned (7),237,,fuzzy_multi_field,100.0,HIGH,auto_matched
CW_000468,rajya_sabha,works recommended (2),249,works sanctioned (7),267,,fuzzy_multi_field,100.0,HIGH,auto_matched
CW_000469,rajya_sabha,works recommended (2),1144,works sanctioned (7),926,,fuzzy_multi_field,100.0,HIGH,auto_matched
CW_000470,rajya_sabha,works recommended (2),1371,works sanctioned (7),1397,,fuzzy_multi_field,86.92,HIGH,auto_matched
CW_000197,rajya_sabha,works recommended (2),20,works sanctioned (7),14,,fuzzy_multi_field,100.0,HIGH,auto_matched
CW_000471,rajya_sabha,works recommended (2),1359,works sanctioned (7),1291,,fuzzy_multi_field,92.0,HIGH,auto_matched
CW_000199,rajya_sabha,works recommended (2),1136,works sanctioned (7),1024,,fuzzy_multi_field,100.0,HIGH,auto_matched
CW_000472,rajya_sabha,works recommended (2),349,works sanctioned (7),343,,fuzzy_multi_field,92.44,HIGH,auto_matched
CW_000040,rajya_sabha,works recommended (2),122,works sanctioned (7),135,,fuzzy_multi_field,97.84,HIGH,auto_matched
CW_000043,rajya_sabha,works recommended (2),1233,works sanctioned (7),1221,,fuzzy_multi_field,100.0,HIGH,auto_matched
CW_000473,rajya_sabha,works recommended (2),1471,works sanctioned (7),1473,,fuzzy_multi_field,98.46,HIGH,auto_matched
CW_000474,rajya_sabha,works recommended (2),223,works sanctioned (7),273,,fuzzy_multi_field,100.0,HIGH,auto_matched
CW_000454,rajya_sabha,works recommended (2),240,works sanctioned (7),303,,fuzzy_multi_field,100.0,HIGH,auto_matched
CW_000453,rajya_sabha,works recommended (2),1027,works sanctioned (7),984,,fuzzy_multi_field,100.0,HIGH,auto_matched
CW_000475,rajya_sabha,works recommended (2),329,works sanctioned (7),335,,fuzzy_multi_field,94.01,HIGH,auto_matched
CW_000208,rajya_sabha,works recommended (2),118,works sanctioned (7),41,,fuzzy_multi_field,100.0,HIGH,auto_matched
CW_000476,rajya_sabha,works recommended (2),1333,works sanctioned (7),1297,,fuzzy_multi_field,87.76,HIGH,auto_matched
CW_000029,rajya_sabha,works recommended (2),1468,works sanctioned (7),1495,,fuzzy_multi_field,98.67,HIGH,auto_matched
CW_000477,rajya_sabha,works recommended (2),220,works sanctioned (7),295,,fuzzy_multi_field,92.34,HIGH,auto_matched
CW_000478,rajya_sabha,works recommended (2),1012,works sanctioned (7),1034,,fuzzy_multi_field,100.0,HIGH,auto_matched
CW_000198,rajya_sabha,works recommended (2),1029,works sanctioned (7),1064,,fuzzy_multi_field,100.0,HIGH,auto_matched
CW_000479,rajya_sabha,works recommended (2),585,works sanctioned (7),575,,fuzzy_multi_field,97.72,HIGH,auto_matched
CW_000242,rajya_sabha,works recommended (2),1000,works sanctioned (7),928,,fuzzy_multi_field,100.0,HIGH,auto_matched
CW_000480,rajya_sabha,works recommended (2),1358,works sanctioned (7),1393,,fuzzy_multi_field,90.56,HIGH,auto_matched
CW_000218,rajya_sabha,works recommended (2),227,works sanctioned (7),245,,fuzzy_multi_field,100.0,HIGH,auto_matched
CW_000481,rajya_sabha,works recommended (2),129,works sanctioned (7),114,,fuzzy_multi_field,97.84,HIGH,auto_matched
CW_000460,rajya_sabha,works recommended (2),1484,works sanctioned (7),1438,,fuzzy_multi_field,98.67,HIGH,auto_matched
CW_000482,rajya_sabha,works recommended (2),1110,works sanctioned (7),926,,fuzzy_multi_field,100.0,HIGH,auto_matched
CW_000206,rajya_sabha,works recommended (2),1009,works sanctioned (7),1056,,fuzzy_multi_field,100.0,HIGH,auto_matched
CW_000046,rajya_sabha,works recommended (2),1123,works sanctioned (7),1020,,fuzzy_multi_field,100.0,HIGH,auto_matched
CW_000060,rajya_sabha,works recommended (2),997,works sanctioned (7),950,,fuzzy_multi_field,100.0,HIGH,auto_matched
CW_000483,rajya_sabha,works recommended (2),89,works sanctioned (7),69,,fuzzy_multi_field,100.0,HIGH,auto_matched
CW_000484,rajya_sabha,works recommended (2),106,works sanctioned (7),99,,fuzzy_multi_field,100.0,HIGH,auto_matched
CW_000485,rajya_sabha,works recommended (2),1338,works sanctioned (7),1385,,fuzzy_multi_field,86.92,HIGH,auto_matched
CW_000486,rajya_sabha,works recommended (2),1341,works sanctioned (7),1392,,fuzzy_multi_field,92.0,HIGH,auto_matched
CW_000487,rajya_sabha,works recommended (2),109,works sanctioned (7),106,,fuzzy_multi_field,100.0,HIGH,auto_matched
CW_000052,rajya_sabha,works recommended (2),1006,works sanctioned (7),1078,,fuzzy_multi_field,100.0,HIGH,auto_matched
CW_000232,rajya_sabha,works recommended (2),992,works sanctioned (7),922,,fuzzy_multi_field,100.0,HIGH,auto_matched
CW_000057,rajya_sabha,works recommended (2),1005,works sanctioned (7),1016,,fuzzy_multi_field,100.0,HIGH,auto_matched
CW_000488,rajya_sabha,works recommended (2),97,works sanctioned (7),135,,fuzzy_multi_field,97.84,HIGH,auto_matched
CW_000489,rajya_sabha,works recommended (2),88,works sanctioned (7),36,,fuzzy_multi_field,100.0,HIGH,auto_matched
CW_000490,rajya_sabha,works recommended (2),1109,works sanctioned (7),1028,,fuzzy_multi_field,100.0,HIGH,auto_matched
CW_000491,rajya_sabha,works recommended (2),1126,works sanctioned (7),1058,,fuzzy_multi_field,100.0,HIGH,auto_matched
CW_000492,rajya_sabha,works recommended (2),1345,works sanctioned (7),1364,,fuzzy_multi_field,85.26,HIGH,auto_matched
CW_000241,rajya_sabha,works recommended (2),983,works sanctioned (7),958,,fuzzy_multi_field,100.0,HIGH,auto_matched
CW_000493,rajya_sabha,works recommended (2),648,works sanctioned (7),644,,fuzzy_multi_field,91.3,HIGH,auto_matched
CW_000494,rajya_sabha,works recommended (2),1089,works sanctioned (7),1020,,fuzzy_multi_field,100.0,HIGH,auto_matched
CW_000495,rajya_sabha,works recommended (2),96,works sanctioned (7),102,,fuzzy_multi_field,100.0,HIGH,auto_matched
CW_000496,rajya_sabha,works recommended (2),1100,works sanctioned (7),1064,,fuzzy_multi_field,100.0,HIGH,auto_matched
CW_000497,rajya_sabha,works recommended (2),963,works sanctioned (7),950,,fuzzy_multi_field,100.0,HIGH,auto_matched
CW_000498,rajya_sabha,works recommended (2),980,works sanctioned (7),980,,fuzzy_multi_field,100.0,HIGH,auto_matched
CW_000499,rajya_sabha,works recommended (2),1105,works sanctioned (7),988,,fuzzy_multi_field,100.0,HIGH,auto_matched
CW_000500,rajya_sabha,works recommended (2),298,works sanctioned (7),245,,fuzzy_multi_field,100.0,HIGH,auto_matched
CW_000069,rajya_sabha,works recommended (2),996,works sanctioned (7),948,,fuzzy_multi_field,100.0,HIGH,auto_matched
CW_000501,rajya_sabha,works recommended (2),1425,works sanctioned (7),1299,,fuzzy_multi_field,89.55,HIGH,auto_matched
CW_000111,rajya_sabha,works recommended (2),988,works sanctioned (7),1046,,fuzzy_multi_field,100.0,HIGH,auto_matched
CW_000502,rajya_sabha,works recommended (2),323,works sanctioned (7),341,,fuzzy_multi_field,91.44,HIGH,auto_matched
CW_000262,rajya_sabha,works recommended (2),1336,works sanctioned (7),1296,,fuzzy_multi_field,90.0,HIGH,auto_matched
CW_000503,rajya_sabha,works recommended (2),1092,works sanctioned (7),930,,fuzzy_multi_field,100.0,HIGH,auto_matched
CW_000504,rajya_sabha,works recommended (2),760,works sanctioned (7),751,,fuzzy_multi_field,100.0,HIGH,auto_matched
CW_000268,rajya_sabha,works recommended (2),1316,works sanctioned (7),1288,,fuzzy_multi_field,88.24,HIGH,auto_matched
CW_000272,rajya_sabha,works recommended (2),1327,works sanctioned (7),1332,,fuzzy_multi_field,85.86,HIGH,auto_matched
CW_000505,rajya_sabha,works recommended (2),1072,works sanctioned (7),1050,,fuzzy_multi_field,100.0,HIGH,auto_matched
CW_000506,rajya_sabha,works recommended (2),1344,works sanctioned (7),1362,,fuzzy_multi_field,85.5,HIGH,auto_matched
CW_000129,rajya_sabha,works recommended (2),79,works sanctioned (7),132,,fuzzy_multi_field,97.84,HIGH,auto_matched
CW_000507,rajya_sabha,works recommended (2),1189,works sanctioned (7),1156,,fuzzy_multi_field,88.99,HIGH,auto_matched
CW_000306,rajya_sabha,works recommended (2),281,works sanctioned (7),275,,fuzzy_multi_field,100.0,HIGH,auto_matched
CW_000508,rajya_sabha,works recommended (2),1324,works sanctioned (7),1354,,fuzzy_multi_field,92.45,HIGH,auto_matched
CW_000509,rajya_sabha,works recommended (2),1396,works sanctioned (7),1335,,fuzzy_multi_field,90.66,HIGH,auto_matched
CW_000510,rajya_sabha,works recommended (2),954,works sanctioned (7),1046,,fuzzy_multi_field,100.0,HIGH,auto_matched
CW_000290,rajya_sabha,works recommended (2),277,works sanctioned (7),235,,fuzzy_multi_field,100.0,HIGH,auto_matched
CW_000511,rajya_sabha,works recommended (2),294,works sanctioned (7),265,,fuzzy_multi_field,95.35,HIGH,auto_matched
CW_000512,rajya_sabha,works recommended (2),297,works sanctioned (7),272,,fuzzy_multi_field,100.0,HIGH,auto_matched
CW_000266,rajya_sabha,works recommended (2),966,works sanctioned (7),920,,fuzzy_multi_field,100.0,HIGH,auto_matched
CW_000105,rajya_sabha,works recommended (2),1404,works sanctioned (7),1289,,fuzzy_multi_field,87.5,HIGH,auto_matched
CW_000513,rajya_sabha,works recommended (2),274,works sanctioned (7),257,,fuzzy_multi_field,100.0,HIGH,auto_matched
CW_000514,rajya_sabha,works recommended (2),268,works sanctioned (7),271,,fuzzy_multi_field,100.0,HIGH,auto_matched
CW_000515,rajya_sabha,works recommended (2),285,works sanctioned (7),301,,fuzzy_multi_field,100.0,HIGH,auto_matched
CW_000516,rajya_sabha,works recommended (2),62,works sanctioned (7),34,,fuzzy_multi_field,100.0,HIGH,auto_matched
CW_000517,rajya_sabha,works recommended (2),1083,works sanctioned (7),1026,,fuzzy_multi_field,100.0,HIGH,auto_matched
CW_000249,rajya_sabha,works recommended (2),974,works sanctioned (7),986,,fuzzy_multi_field,100.0,HIGH,auto_matched
CW_000518,rajya_sabha,works recommended (2),1387,works sanctioned (7),1288,,fuzzy_multi_field,86.35,HIGH,auto_matched
CW_000519,rajya_sabha,works recommended (2),507,works sanctioned (7),481,,fuzzy_multi_field,100.0,HIGH,auto_matched
CW_000520,rajya_sabha,works recommended (2),167,works sanctioned (7),162,,fuzzy_multi_field,85.41,HIGH,auto_matched
CW_000126,rajya_sabha,works recommended (2),1420,works sanctioned (7),1286,,fuzzy_multi_field,88.19,HIGH,auto_matched
CW_000342,rajya_sabha,works recommended (2),41,works sanctioned (7),92,,fuzzy_multi_field,100.0,HIGH,auto_matched
CW_000521,rajya_sabha,works recommended (2),1395,works sanctioned (7),1354,,fuzzy_multi_field,89.8,HIGH,auto_matched
CW_000522,rajya_sabha,works recommended (2),487,works sanctioned (7),473,,fuzzy_multi_field,100.0,HIGH,auto_matched
CW_000523,rajya_sabha,works recommended (2),504,works sanctioned (7),503,,fuzzy_multi_field,93.33,HIGH,auto_matched
CW_000524,rajya_sabha,works recommended (2),1412,works sanctioned (7),1384,,fuzzy_multi_field,85.33,HIGH,auto_matched
CW_000525,rajya_sabha,works recommended (2),260,works sanctioned (7),265,,fuzzy_multi_field,100.0,HIGH,auto_matched
CW_000526,rajya_sabha,works recommended (2),604,works sanctioned (7),579,,fuzzy_multi_field,88.96,HIGH,auto_matched
CW_000327,rajya_sabha,works recommended (2),45,works sanctioned (7),64,,fuzzy_multi_field,100.0,HIGH,auto_matched
CW_000516,rajya_sabha,works recommended (2),62,works sanctioned (7),94,,fuzzy_multi_field,100.0,HIGH,auto_matched
CW_000527,rajya_sabha,works recommended (2),477,works sanctioned (7),447,,fuzzy_multi_field,86.8,HIGH,auto_matched
CW_000528,rajya_sabha,works recommended (2),1049,works sanctioned (7),1026,,fuzzy_multi_field,100.0,HIGH,auto_matched
CW_000518,rajya_sabha,works recommended (2),1387,works sanctioned (7),1348,,fuzzy_multi_field,91.02,HIGH,auto_matched
CW_000529,rajya_sabha,works recommended (2),1143,works sanctioned (7),982,,fuzzy_multi_field,100.0,HIGH,auto_matched
CW_000530,rajya_sabha,works recommended (2),1386,works sanctioned (7),1286,,fuzzy_multi_field,92.34,HIGH,auto_matched
CW_000354,rajya_sabha,works recommended (2),36,works sanctioned (7),100,,fuzzy_multi_field,100.0,HIGH,auto_matched
CW_000531,rajya_sabha,works recommended (2),491,works sanctioned (7),499,,fuzzy_multi_field,100.0,HIGH,auto_matched
CW_000532,rajya_sabha,works recommended (2),1171,works sanctioned (7),1056,,fuzzy_multi_field,100.0,HIGH,auto_matched
CW_000314,rajya_sabha,works recommended (2),613,works sanctioned (7),603,,fuzzy_multi_field,98.46,HIGH,auto_matched
CW_000342,rajya_sabha,works recommended (2),41,works sanctioned (7),24,,fuzzy_multi_field,97.02,HIGH,auto_matched
CW_000533,rajya_sabha,works recommended (2),1142,works sanctioned (7),920,,fuzzy_multi_field,100.0,HIGH,auto_matched
CW_000534,rajya_sabha,works recommended (2),1378,works sanctioned (7),1384,,fuzzy_multi_field,85.74,HIGH,auto_matched
CW_000535,rajya_sabha,works recommended (2),1495,works sanctioned (7),1490,,fuzzy_multi_field,100.0,HIGH,auto_matched
CW_000536,rajya_sabha,works recommended (2),587,works sanctioned (7),609,,fuzzy_multi_field,87.11,HIGH,auto_matched
CW_000165,rajya_sabha,works recommended (2),1042,works sanctioned (7),1008,,fuzzy_multi_field,100.0,HIGH,auto_matched
CW_000537,rajya_sabha,works recommended (2),247,works sanctioned (7),290,,fuzzy_multi_field,100.0,HIGH,auto_matched
CW_000538,rajya_sabha,works recommended (2),1150,works sanctioned (7),986,,fuzzy_multi_field,100.0,HIGH,auto_matched
CW_000169,rajya_sabha,works recommended (2),1041,works sanctioned (7),946,,fuzzy_multi_field,100.0,HIGH,auto_matched
CW_000539,rajya_sabha,works recommended (2),125,works sanctioned (7),28,,fuzzy_multi_field,97.58,HIGH,auto_matched
CW_000540,rajya_sabha,works recommended (2),28,works sanctioned (7),94,,fuzzy_multi_field,97.58,HIGH,auto_matched
CW_000170,rajya_sabha,works recommended (2),33,works sanctioned (7),18,,fuzzy_multi_field,97.02,HIGH,auto_matched
CW_000541,rajya_sabha,works recommended (2),1491,works sanctioned (7),1450,,fuzzy_multi_field,100.0,HIGH,auto_matched
CW_000542,rajya_sabha,works recommended (2),25,works sanctioned (7),116,,fuzzy_multi_field,90.3,HIGH,auto_matched
CW_000543,rajya_sabha,works recommended (2),339,works sanctioned (7),331,,fuzzy_multi_field,95.52,HIGH,auto_matched
CW_000529,rajya_sabha,works recommended (2),1143,works sanctioned (7),1042,,fuzzy_multi_field,100.0,HIGH,auto_matched
CW_000544,rajya_sabha,works recommended (2),1365,works sanctioned (7),1380,,fuzzy_multi_field,89.69,HIGH,auto_matched
CW_000545,rajya_sabha,works recommended (2),133,works sanctioned (7),94,,fuzzy_multi_field,97.84,HIGH,auto_matched
CW_000336,rajya_sabha,works recommended (2),1487,works sanctioned (7),1484,,fuzzy_multi_field,100.0,HIGH,auto_matched
CW_000546,rajya_sabha,works recommended (2),130,works sanctioned (7),116,,fuzzy_multi_field,97.84,HIGH,auto_matched
CW_000392,rajya_sabha,works recommended (2),1360,works sanctioned (7),1352,,fuzzy_multi_field,89.66,HIGH,auto_matched
CW_000547,rajya_sabha,works recommended (2),112,works sanctioned (7),24,,fuzzy_multi_field,97.02,HIGH,auto_matched
CW_000548,rajya_sabha,works recommended (2),15,works sanctioned (7),90,,fuzzy_multi_field,97.58,HIGH,auto_matched
CW_000549,rajya_sabha,works recommended (2),1483,works sanctioned (7),1444,,fuzzy_multi_field,98.67,HIGH,auto_matched
CW_000550,rajya_sabha,works recommended (2),237,works sanctioned (7),270,,fuzzy_multi_field,99.15,HIGH,auto_matched
CW_000551,rajya_sabha,works recommended (2),1474,works sanctioned (7),1480,,fuzzy_multi_field,99.79,HIGH,auto_matched
CW_000552,rajya_sabha,works recommended (2),343,works sanctioned (7),332,,fuzzy_multi_field,94.58,HIGH,auto_matched
CW_000365,rajya_sabha,works recommended (2),116,works sanctioned (7),124,,fuzzy_multi_field,100.0,HIGH,auto_matched
CW_000553,rajya_sabha,works recommended (2),234,works sanctioned (7),292,,fuzzy_multi_field,100.0,HIGH,auto_matched
CW_000221,rajya_sabha,works recommended (2),1121,works sanctioned (7),1074,,fuzzy_multi_field,100.0,HIGH,auto_matched
CW_000390,rajya_sabha,works recommended (2),233,works sanctioned (7),230,,fuzzy_multi_field,99.15,HIGH,auto_matched
CW_000554,rajya_sabha,works recommended (2),995,works sanctioned (7),1004,,fuzzy_multi_field,100.0,HIGH,auto_matched
CW_000392,rajya_sabha,works recommended (2),1360,works sanctioned (7),1284,,fuzzy_multi_field,87.14,HIGH,auto_matched
CW_000555,rajya_sabha,works recommended (2),1478,works sanctioned (7),1452,,fuzzy_multi_field,99.79,HIGH,auto_matched
CW_000556,rajya_sabha,works recommended (2),230,works sanctioned (7),252,,fuzzy_multi_field,100.0,HIGH,auto_matched
CW_000557,rajya_sabha,works recommended (2),1334,works sanctioned (7),1290,,fuzzy_multi_field,86.39,HIGH,auto_matched
CW_000558,rajya_sabha,works recommended (2),1351,works sanctioned (7),1320,,fuzzy_multi_field,85.69,HIGH,auto_matched
CW_000559,rajya_sabha,works recommended (2),103,works sanctioned (7),120,,fuzzy_multi_field,100.0,HIGH,auto_matched
CW_000240,rajya_sabha,works recommended (2),221,works sanctioned (7),288,,fuzzy_multi_field,92.34,HIGH,auto_matched
CW_000066,rajya_sabha,works recommended (2),1002,works sanctioned (7),983,,fuzzy_multi_field,100.0,HIGH,auto_matched
CW_000560,rajya_sabha,works recommended (2),1331,works sanctioned (7),1312,,fuzzy_multi_field,97.55,HIGH,auto_matched
CW_000399,rajya_sabha,works recommended (2),99,works sanctioned (7),26,,fuzzy_multi_field,97.58,HIGH,auto_matched
CW_000263,rajya_sabha,works recommended (2),1330,works sanctioned (7),1378,,fuzzy_multi_field,88.86,HIGH,auto_matched
CW_000561,rajya_sabha,works recommended (2),978,works sanctioned (7),1034,,fuzzy_multi_field,100.0,HIGH,auto_matched
CW_000562,rajya_sabha,works recommended (2),998,works sanctioned (7),1071,,fuzzy_multi_field,100.0,HIGH,auto_matched
CW_000563,rajya_sabha,works recommended (2),305,works sanctioned (7),292,,fuzzy_multi_field,100.0,HIGH,auto_matched
CW_000564,rajya_sabha,works recommended (2),322,works sanctioned (7),322,,fuzzy_multi_field,92.71,HIGH,auto_matched
CW_000076,rajya_sabha,works recommended (2),90,works sanctioned (7),62,,fuzzy_multi_field,100.0,HIGH,auto_matched
CW_000565,rajya_sabha,works recommended (2),1339,works sanctioned (7),1378,,fuzzy_multi_field,88.86,HIGH,auto_matched
CW_000566,rajya_sabha,works recommended (2),77,works sanctioned (7),22,,fuzzy_multi_field,97.58,HIGH,auto_matched
CW_000408,rajya_sabha,works recommended (2),1323,works sanctioned (7),1306,,fuzzy_multi_field,88.24,HIGH,auto_matched
CW_000557,rajya_sabha,works recommended (2),1334,works sanctioned (7),1350,,fuzzy_multi_field,87.5,HIGH,auto_matched
CW_000567,rajya_sabha,works recommended (2),69,works sanctioned (7),120,,fuzzy_multi_field,100.0,HIGH,auto_matched
CW_000568,rajya_sabha,works recommended (2),1423,works sanctioned (7),1382,,fuzzy_multi_field,90.97,HIGH,auto_matched
CW_000569,rajya_sabha,works recommended (2),1422,works sanctioned (7),1320,,fuzzy_multi_field,86.1,HIGH,auto_matched
CW_000263,rajya_sabha,works recommended (2),1330,works sanctioned (7),1310,,fuzzy_multi_field,97.5,HIGH,auto_matched
CW_000415,rajya_sabha,works recommended (2),981,works sanctioned (7),973,,fuzzy_multi_field,100.0,HIGH,auto_matched
CW_000570,rajya_sabha,works recommended (2),737,works sanctioned (7),735,,fuzzy_multi_field,95.42,HIGH,auto_matched
CW_000563,rajya_sabha,works recommended (2),305,works sanctioned (7),224,,fuzzy_multi_field,100.0,HIGH,auto_matched
CW_000270,rajya_sabha,works recommended (2),1310,works sanctioned (7),1302,,fuzzy_multi_field,94.28,HIGH,auto_matched
CW_000107,rajya_sabha,works recommended (2),72,works sanctioned (7),30,,fuzzy_multi_field,97.02,HIGH,auto_matched
CW_000571,rajya_sabha,works recommended (2),70,works sanctioned (7),114,,fuzzy_multi_field,100.0,HIGH,auto_matched
CW_000114,rajya_sabha,works recommended (2),972,works sanctioned (7),1009,,fuzzy_multi_field,100.0,HIGH,auto_matched
CW_000417,rajya_sabha,works recommended (2),1414,works sanctioned (7),1314,,fuzzy_multi_field,87.48,HIGH,auto_matched
CW_000572,rajya_sabha,works recommended (2),52,works sanctioned (7),22,,fuzzy_multi_field,97.58,HIGH,auto_matched
CW_000567,rajya_sabha,works recommended (2),69,works sanctioned (7),52,,fuzzy_multi_field,100.0,HIGH,auto_matched
CW_000573,rajya_sabha,works recommended (2),1405,works sanctioned (7),1350,,fuzzy_multi_field,92.0,HIGH,auto_matched
CW_000574,rajya_sabha,works recommended (2),1070,works sanctioned (7),1036,,fuzzy_multi_field,100.0,HIGH,auto_matched
CW_000575,rajya_sabha,works recommended (2),738,works sanctioned (7),729,,fuzzy_multi_field,93.85,HIGH,auto_matched
CW_000576,rajya_sabha,works recommended (2),1061,works sanctioned (7),937,,fuzzy_multi_field,100.0,HIGH,auto_matched
CW_000577,rajya_sabha,works recommended (2),1078,works sanctioned (7),967,,fuzzy_multi_field,100.0,HIGH,auto_matched
CW_000578,rajya_sabha,works recommended (2),1385,works sanctioned (7),1342,,fuzzy_multi_field,88.0,HIGH,auto_matched
CW_000579,rajya_sabha,works recommended (2),494,works sanctioned (7),491,,fuzzy_multi_field,93.33,HIGH,auto_matched
CW_000580,rajya_sabha,works recommended (2),1402,works sanctioned (7),1372,,fuzzy_multi_field,92.5,HIGH,auto_matched
CW_000581,rajya_sabha,works recommended (2),288,works sanctioned (7),254,,fuzzy_multi_field,100.0,HIGH,auto_matched
CW_000582,rajya_sabha,works recommended (2),1053,works sanctioned (7),1035,,fuzzy_multi_field,100.0,HIGH,auto_matched
CW_000583,rajya_sabha,works recommended (2),1401,works sanctioned (7),1310,,fuzzy_multi_field,87.5,HIGH,auto_matched
CW_000584,rajya_sabha,works recommended (2),1086,works sanctioned (7),1033,,fuzzy_multi_field,100.0,HIGH,auto_matched
CW_000140,rajya_sabha,works recommended (2),262,works sanctioned (7),260,,fuzzy_multi_field,100.0,HIGH,auto_matched
CW_000585,rajya_sabha,works recommended (2),35,works sanctioned (7),52,,fuzzy_multi_field,100.0,HIGH,auto_matched
CW_000586,rajya_sabha,works recommended (2),510,works sanctioned (7),488,,fuzzy_multi_field,100.0,HIGH,auto_matched
CW_000145,rajya_sabha,works recommended (2),278,works sanctioned (7),228,,fuzzy_multi_field,100.0,HIGH,auto_matched
CW_000587,rajya_sabha,works recommended (2),952,works sanctioned (7),1061,,fuzzy_multi_field,100.0,HIGH,auto_matched
CW_000588,rajya_sabha,works recommended (2),43,works sanctioned (7),118,,fuzzy_multi_field,100.0,HIGH,auto_matched
CW_000589,rajya_sabha,works recommended (2),481,works sanctioned (7),487,,fuzzy_multi_field,100.0,HIGH,auto_matched
CW_000590,rajya_sabha,works recommended (2),275,works sanctioned (7),250,,fuzzy_multi_field,100.0,HIGH,auto_matched
CW_000591,rajya_sabha,works recommended (2),1494,works sanctioned (7),1442,,fuzzy_multi_field,98.46,HIGH,auto_matched
CW_000349,rajya_sabha,works recommended (2),31,works sanctioned (7),12,,fuzzy_multi_field,92.54,HIGH,auto_matched
CW_000509,rajya_sabha,works recommended (2),1396,works sanctioned (7),1318,,fuzzy_multi_field,85.81,HIGH,auto_matched
CW_000026,rajya_sabha,works recommended (2),23,works sanctioned (7),110,,fuzzy_multi_field,97.58,HIGH,auto_matched
CW_000592,rajya_sabha,works recommended (2),1141,works sanctioned (7),1036,,fuzzy_multi_field,100.0,HIGH,auto_matched
CW_000593,rajya_sabha,works recommended (2),1485,works sanctioned (7),1478,,fuzzy_multi_field,100.0,HIGH,auto_matched
CW_000594,rajya_sabha,works recommended (2),1052,works sanctioned (7),1033,,fuzzy_multi_field,100.0,HIGH,auto_matched
CW_000595,rajya_sabha,works recommended (2),1375,works sanctioned (7),1376,,fuzzy_multi_field,91.67,HIGH,auto_matched
CW_000569,rajya_sabha,works recommended (2),1422,works sanctioned (7),1368,,fuzzy_multi_field,97.5,HIGH,auto_matched
CW_000596,rajya_sabha,works recommended (2),261,works sanctioned (7),258,,fuzzy_multi_field,100.0,HIGH,auto_matched
CW_000597,rajya_sabha,works recommended (2),1498,works sanctioned (7),1468,,fuzzy_multi_field,99.79,HIGH,auto_matched
CW_000598,rajya_sabha,works recommended (2),485,works sanctioned (7),488,,fuzzy_multi_field,100.0,HIGH,auto_matched
CW_000599,rajya_sabha,works recommended (2),1372,works sanctioned (7),1398,,fuzzy_multi_field,90.64,HIGH,auto_matched
CW_000600,rajya_sabha,works recommended (2),1153,works sanctioned (7),939,,fuzzy_multi_field,100.0,HIGH,auto_matched
CW_000435,rajya_sabha,works recommended (2),924,works sanctioned (7),157,,fuzzy_multi_field,88.74,HIGH,auto_matched
CW_000601,rajya_sabha,works recommended (2),114,works sanctioned (7),118,,fuzzy_multi_field,100.0,HIGH,auto_matched
CW_000467,rajya_sabha,works recommended (2),232,works sanctioned (7),286,,fuzzy_multi_field,100.0,HIGH,auto_matched
CW_000602,rajya_sabha,works recommended (2),1254,works sanctioned (7),1394,,fuzzy_multi_field,85.4,HIGH,auto_matched
CW_000471,rajya_sabha,works recommended (2),1359,works sanctioned (7),1340,,fuzzy_multi_field,88.94,HIGH,auto_matched
CW_000603,rajya_sabha,works recommended (2),144,works sanctioned (7),84,,fuzzy_multi_field,85.15,HIGH,auto_matched
CW_000389,rajya_sabha,works recommended (2),1481,works sanctioned (7),1498,,fuzzy_multi_field,99.79,HIGH,auto_matched
CW_000484,rajya_sabha,works recommended (2),106,works sanctioned (7),112,,fuzzy_multi_field,100.0,HIGH,auto_matched
CW_000604,rajya_sabha,works recommended (2),779,works sanctioned (7),755,,fuzzy_multi_field,85.05,HIGH,auto_matched
CW_000605,rajya_sabha,works recommended (2),796,works sanctioned (7),785,,fuzzy_multi_field,86.3,HIGH,auto_matched
CW_000606,rajya_sabha,works recommended (2),447,works sanctioned (7),448,,fuzzy_multi_field,85.38,HIGH,auto_matched
CW_000029,rajya_sabha,works recommended (2),1468,works sanctioned (7),1440,,fuzzy_multi_field,100.0,HIGH,auto_matched
CW_000064,rajya_sabha,works recommended (2),1342,works sanctioned (7),1370,,fuzzy_multi_field,86.67,HIGH,auto_matched
CW_000480,rajya_sabha,works recommended (2),1358,works sanctioned (7),1338,,fuzzy_multi_field,87.83,HIGH,auto_matched
CW_000031,rajya_sabha,works recommended (2),1014,works sanctioned (7),925,,fuzzy_multi_field,100.0,HIGH,auto_matched
CW_000484,rajya_sabha,works recommended (2),106,works sanctioned (7),44,,fuzzy_multi_field,100.0,HIGH,auto_matched
CW_000023,rajya_sabha,works recommended (2),13,works sanctioned (7),105,,fuzzy_multi_field,97.58,HIGH,auto_matched
CW_000607,rajya_sabha,works recommended (2),556,works sanctioned (7),548,,fuzzy_multi_field,100.0,HIGH,auto_matched
CW_000608,rajya_sabha,works recommended (2),1455,works sanctioned (7),1436,,fuzzy_multi_field,93.74,HIGH,auto_matched
CW_000488,rajya_sabha,works recommended (2),97,works sanctioned (7),80,,fuzzy_multi_field,100.0,HIGH,auto_matched
CW_000475,rajya_sabha,works recommended (2),329,works sanctioned (7),340,,fuzzy_multi_field,94.0,HIGH,auto_matched
CW_000084,rajya_sabha,works recommended (2),1329,works sanctioned (7),1366,,fuzzy_multi_field,86.0,HIGH,auto_matched
CW_000609,rajya_sabha,works recommended (2),311,works sanctioned (7),248,,fuzzy_multi_field,100.0,HIGH,auto_matched
CW_000070,rajya_sabha,works recommended (2),93,works sanctioned (7),40,,fuzzy_multi_field,100.0,HIGH,auto_matched
CW_000099,rajya_sabha,works recommended (2),1321,works sanctioned (7),1360,,fuzzy_multi_field,93.04,HIGH,auto_matched
CW_000610,rajya_sabha,works recommended (2),80,works sanctioned (7),110,,fuzzy_multi_field,100.0,HIGH,auto_matched
CW_000611,rajya_sabha,works recommended (2),295,works sanctioned (7),212,,fuzzy_multi_field,92.34,HIGH,auto_matched
CW_000612,rajya_sabha,works recommended (2),518,works sanctioned (7),508,,fuzzy_multi_field,100.0,HIGH,auto_matched
CW_000092,rajya_sabha,works recommended (2),303,works sanctioned (7),278,,fuzzy_multi_field,100.0,HIGH,auto_matched
CW_000613,rajya_sabha,works recommended (2),76,works sanctioned (7),70,,fuzzy_multi_field,100.0,HIGH,auto_matched
CW_000129,rajya_sabha,works recommended (2),79,works sanctioned (7),77,,fuzzy_multi_field,100.0,HIGH,auto_matched
CW_000130,rajya_sabha,works recommended (2),1311,works sanctioned (7),1363,,fuzzy_multi_field,93.41,HIGH,auto_matched
CW_000095,rajya_sabha,works recommended (2),302,works sanctioned (7),216,,fuzzy_multi_field,100.0,HIGH,auto_matched
CW_000614,rajya_sabha,works recommended (2),652,works sanctioned (7),644,,fuzzy_multi_field,100.0,HIGH,auto_matched
CW_000615,rajya_sabha,works recommended (2),508,works sanctioned (7),482,,fuzzy_multi_field,100.0,HIGH,auto_matched
CW_000616,rajya_sabha,works recommended (2),173,works sanctioned (7),168,,fuzzy_multi_field,95.62,HIGH,auto_matched
CW_000617,rajya_sabha,works recommended (2),845,works sanctioned (7),823,,fuzzy_multi_field,100.0,HIGH,auto_matched
CW_000618,rajya_sabha,works recommended (2),505,works sanctioned (7),504,,fuzzy_multi_field,100.0,HIGH,auto_matched
CW_000619,rajya_sabha,works recommended (2),610,works sanctioned (7),578,,fuzzy_multi_field,93.44,HIGH,auto_matched
CW_000620,rajya_sabha,works recommended (2),1177,works sanctioned (7),1159,,fuzzy_multi_field,90.49,HIGH,auto_matched
CW_000621,rajya_sabha,works recommended (2),269,works sanctioned (7),278,,fuzzy_multi_field,100.0,HIGH,auto_matched
CW_000622,rajya_sabha,works recommended (2),500,works sanctioned (7),476,,fuzzy_multi_field,100.0,HIGH,auto_matched
CW_000130,rajya_sabha,works recommended (2),1311,works sanctioned (7),1295,,fuzzy_multi_field,93.91,HIGH,auto_matched
CW_000623,rajya_sabha,works recommended (2),42,works sanctioned (7),99,,fuzzy_multi_field,100.0,HIGH,auto_matched
CW_000134,rajya_sabha,works recommended (2),265,works sanctioned (7),238,,fuzzy_multi_field,100.0,HIGH,auto_matched
CW_000510,rajya_sabha,works recommended (2),954,works sanctioned (7),923,,fuzzy_multi_field,100.0,HIGH,auto_matched
CW_000137,rajya_sabha,works recommended (2),1392,works sanctioned (7),1292,,fuzzy_multi_field,95.74,HIGH,auto_matched
CW_000624,rajya_sabha,works recommended (2),614,works sanctioned (7),604,,fuzzy_multi_field,91.56,HIGH,auto_matched
CW_000139,rajya_sabha,works recommended (2),30,works sanctioned (7),128,,fuzzy_multi_field,94.93,HIGH,auto_matched
CW_000625,rajya_sabha,works recommended (2),1492,works sanctioned (7),1496,,fuzzy_multi_field,100.0,HIGH,auto_matched
CW_000626,rajya_sabha,works recommended (2),1286,works sanctioned (7),1259,,fuzzy_multi_field,90.99,HIGH,auto_matched
CW_000627,rajya_sabha,works recommended (2),1403,works sanctioned (7),1365,,fuzzy_multi_field,93.19,HIGH,auto_matched
CW_000335,rajya_sabha,works recommended (2),495,works sanctioned (7),484,,fuzzy_multi_field,100.0,HIGH,auto_matched
CW_000514,rajya_sabha,works recommended (2),268,works sanctioned (7),276,,fuzzy_multi_field,100.0,HIGH,auto_matched
CW_000187,rajya_sabha,works recommended (2),46,works sanctioned (7),125,,fuzzy_multi_field,100.0,HIGH,auto_matched
CW_000628,rajya_sabha,works recommended (2),134,works sanctioned (7),41,,fuzzy_multi_field,97.84,HIGH,auto_matched
CW_000629,rajya_sabha,works recommended (2),1496,works sanctioned (7),1468,,fuzzy_multi_field,99.99,HIGH,auto_matched
CW_000630,rajya_sabha,works recommended (2),248,works sanctioned (7),268,,fuzzy_multi_field,100.0,HIGH,auto_matched
CW_000134,rajya_sabha,works recommended (2),265,works sanctioned (7),298,,fuzzy_multi_field,100.0,HIGH,auto_matched
CW_000631,rajya_sabha,works recommended (2),1479,works sanctioned (7),1492,,fuzzy_multi_field,99.79,HIGH,auto_matched
CW_000632,rajya_sabha,works recommended (2),580,works sanctioned (7),604,,fuzzy_multi_field,89.59,HIGH,auto_matched
CW_000359,rajya_sabha,works recommended (2),16,works sanctioned (7),37,,fuzzy_multi_field,90.88,HIGH,auto_matched
CW_000530,rajya_sabha,works recommended (2),1386,works sanctioned (7),1395,,fuzzy_multi_field,85.69,HIGH,auto_matched
CW_000633,rajya_sabha,works recommended (2),1374,works sanctioned (7),1289,,fuzzy_multi_field,88.24,HIGH,auto_matched
CW_000634,rajya_sabha,works recommended (2),12,works sanctioned (7),125,,fuzzy_multi_field,95.56,HIGH,auto_matched
CW_000635,rajya_sabha,works recommended (2),584,works sanctioned (7),576,,fuzzy_multi_field,100.0,HIGH,auto_matched
CW_000370,rajya_sabha,works recommended (2),1486,works sanctioned (7),1471,,fuzzy_multi_field,99.79,HIGH,auto_matched
CW_000186,rajya_sabha,works recommended (2),29,works sanctioned (7),27,,fuzzy_multi_field,99.34,HIGH,auto_matched
CW_000636,rajya_sabha,works recommended (2),340,works sanctioned (7),338,,fuzzy_multi_field,91.5,HIGH,auto_matched
CW_000637,rajya_sabha,works recommended (2),1366,works sanctioned (7),1387,,fuzzy_multi_field,89.23,HIGH,auto_matched
CW_000628,rajya_sabha,works recommended (2),134,works sanctioned (7),101,,fuzzy_multi_field,97.84,HIGH,auto_matched
CW_000638,rajya_sabha,works recommended (2),457,works sanctioned (7),444,,fuzzy_multi_field,88.44,HIGH,auto_matched
CW_000219,rajya_sabha,works recommended (2),1382,works sanctioned (7),1355,,fuzzy_multi_field,93.87,HIGH,auto_matched
CW_000549,rajya_sabha,works recommended (2),1483,works sanctioned (7),1493,,fuzzy_multi_field,100.0,HIGH,auto_matched
CW_000639,rajya_sabha,works recommended (2),113,works sanctioned (7),31,,fuzzy_multi_field,97.58,HIGH,auto_matched
CW_000607,rajya_sabha,works recommended (2),556,works sanctioned (7),1244,,fuzzy_multi_field,86.21,HIGH,auto_matched
CW_000640,rajya_sabha,works recommended (2),1475,works sanctioned (7),1458,,fuzzy_multi_field,100.0,HIGH,auto_matched
CW_000555,rajya_sabha,works recommended (2),1478,works sanctioned (7),1465,,fuzzy_multi_field,100.0,HIGH,auto_matched
CW_000641,rajya_sabha,works recommended (2),327,works sanctioned (7),334,,fuzzy_multi_field,91.58,HIGH,auto_matched
CW_000200,rajya_sabha,works recommended (2),218,works sanctioned (7),294,,fuzzy_multi_field,92.34,HIGH,auto_matched
CW_000642,rajya_sabha,works recommended (2),1465,works sanctioned (7),1461,,fuzzy_multi_field,98.67,HIGH,auto_matched
CW_000643,rajya_sabha,works recommended (2),680,works sanctioned (7),672,,fuzzy_multi_field,100.0,HIGH,auto_matched
CW_000644,rajya_sabha,works recommended (2),1004,works sanctioned (7),1077,,fuzzy_multi_field,100.0,HIGH,auto_matched
CW_000547,rajya_sabha,works recommended (2),112,works sanctioned (7),29,,fuzzy_multi_field,97.58,HIGH,auto_matched
CW_000645,rajya_sabha,works recommended (2),1112,works sanctioned (7),1055,,fuzzy_multi_field,100.0,HIGH,auto_matched
CW_000240,rajya_sabha,works recommended (2),221,works sanctioned (7),233,,fuzzy_multi_field,92.34,HIGH,auto_matched
CW_000646,rajya_sabha,works recommended (2),1449,works sanctioned (7),1425,,fuzzy_multi_field,91.43,HIGH,auto_matched
CW_000647,rajya_sabha,works recommended (2),100,works sanctioned (7),87,,fuzzy_multi_field,100.0,HIGH,auto_matched
CW_000648,rajya_sabha,works recommended (2),1340,works sanctioned (7),1385,,fuzzy_multi_field,87.17,HIGH,auto_matched
CW_000524,rajya_sabha,works recommended (2),1412,works sanctioned (7),1331,,fuzzy_multi_field,85.1,HIGH,auto_matched
CW_000649,rajya_sabha,works recommended (2),293,works sanctioned (7),266,,fuzzy_multi_field,100.0,HIGH,auto_matched
CW_000650,rajya_sabha,works recommended (2),330,works sanctioned (7),333,,fuzzy_multi_field,93.74,HIGH,auto_matched
CW_000651,rajya_sabha,works recommended (2),642,works sanctioned (7),632,,fuzzy_multi_field,85.46,HIGH,auto_matched
CW_000560,rajya_sabha,works recommended (2),1331,works sanctioned (7),1317,,fuzzy_multi_field,96.67,HIGH,auto_matched
CW_000273,rajya_sabha,works recommended (2),289,works sanctioned (7),226,,fuzzy_multi_field,100.0,HIGH,auto_matched
CW_000652,rajya_sabha,works recommended (2),515,works sanctioned (7),500,,fuzzy_multi_field,100.0,HIGH,auto_matched
CW_000276,rajya_sabha,works recommended (2),309,works sanctioned (7),263,,fuzzy_multi_field,98.33,HIGH,auto_matched
CW_000653,rajya_sabha,works recommended (2),1313,works sanctioned (7),1225,,fuzzy_multi_field,85.88,HIGH,auto_matched
CW_000654,rajya_sabha,works recommended (2),1448,works sanctioned (7),1423,,fuzzy_multi_field,100.0,HIGH,auto_matched
CW_000655,rajya_sabha,works recommended (2),1187,works sanctioned (7),1155,,fuzzy_multi_field,88.25,HIGH,auto_matched
CW_000656,rajya_sabha,works recommended (2),1411,works sanctioned (7),1385,,fuzzy_multi_field,87.39,HIGH,auto_matched
CW_000348,rajya_sabha,works recommended (2),37,works sanctioned (7),115,,fuzzy_multi_field,100.0,HIGH,auto_matched
CW_000306,rajya_sabha,works recommended (2),281,works sanctioned (7),220,,fuzzy_multi_field,100.0,HIGH,auto_matched
CW_000657,rajya_sabha,works recommended (2),255,works sanctioned (7),255,,fuzzy_multi_field,100.0,HIGH,auto_matched
CW_000658,rajya_sabha,works recommended (2),57,works sanctioned (7),55,,fuzzy_multi_field,98.2,HIGH,auto_matched
CW_000659,rajya_sabha,works recommended (2),271,works sanctioned (7),223,,fuzzy_multi_field,100.0,HIGH,auto_matched
CW_000660,rajya_sabha,works recommended (2),1399,works sanctioned (7),1339,,fuzzy_multi_field,87.72,HIGH,auto_matched
CW_000661,rajya_sabha,works recommended (2),502,works sanctioned (7),502,,fuzzy_multi_field,100.0,HIGH,auto_matched
CW_000662,rajya_sabha,works recommended (2),1384,works sanctioned (7),1389,,fuzzy_multi_field,91.02,HIGH,auto_matched
CW_000663,rajya_sabha,works recommended (2),49,works sanctioned (7),49,,fuzzy_multi_field,100.0,HIGH,auto_matched
CW_000664,rajya_sabha,works recommended (2),1389,works sanctioned (7),1313,,fuzzy_multi_field,86.94,HIGH,auto_matched
CW_000330,rajya_sabha,works recommended (2),599,works sanctioned (7),600,,fuzzy_multi_field,88.5,HIGH,auto_matched
CW_000338,rajya_sabha,works recommended (2),266,works sanctioned (7),231,,fuzzy_multi_field,100.0,HIGH,auto_matched
CW_000358,rajya_sabha,works recommended (2),254,works sanctioned (7),253,,fuzzy_multi_field,100.0,HIGH,auto_matched
CW_000665,rajya_sabha,works recommended (2),1482,works sanctioned (7),1445,,fuzzy_multi_field,98.67,HIGH,auto_matched
CW_000666,rajya_sabha,works recommended (2),1499,works sanctioned (7),1475,,fuzzy_multi_field,99.79,HIGH,auto_matched
CW_000667,rajya_sabha,works recommended (2),1493,works sanctioned (7),1489,,fuzzy_multi_field,99.79,HIGH,auto_matched
CW_000668,rajya_sabha,works recommended (2),708,works sanctioned (7),700,,fuzzy_multi_field,100.0,HIGH,auto_matched
CW_000011,rajya_sabha,works recommended (2),1048,works sanctioned (7),938,,fuzzy_multi_field,100.0,HIGH,auto_matched
CW_000664,rajya_sabha,works recommended (2),1389,works sanctioned (7),1373,,fuzzy_multi_field,91.02,HIGH,auto_matched
CW_000017,rajya_sabha,works recommended (2),1473,works sanctioned (7),1481,,fuzzy_multi_field,99.58,HIGH,auto_matched
CW_000669,rajya_sabha,works recommended (2),598,works sanctioned (7),598,,fuzzy_multi_field,95.32,HIGH,auto_matched
CW_000468,rajya_sabha,works recommended (2),249,works sanctioned (7),261,,fuzzy_multi_field,100.0,HIGH,auto_matched
CW_000670,rajya_sabha,works recommended (2),1376,works sanctioned (7),1315,,fuzzy_multi_field,85.38,HIGH,auto_matched
CW_000035,rajya_sabha,works recommended (2),581,works sanctioned (7),597,,fuzzy_multi_field,87.22,HIGH,auto_matched
CW_000671,rajya_sabha,works recommended (2),1343,works sanctioned (7),1371,,fuzzy_multi_field,85.81,HIGH,auto_matched
CW_000392,rajya_sabha,works recommended (2),1360,works sanctioned (7),1401,,fuzzy_multi_field,90.27,HIGH,auto_matched
CW_000672,rajya_sabha,works recommended (2),128,works sanctioned (7),115,,fuzzy_multi_field,97.84,HIGH,auto_matched
CW_000054,rajya_sabha,works recommended (2),1249,works sanctioned (7),1212,,fuzzy_multi_field,100.0,HIGH,auto_matched
CW_000673,rajya_sabha,works recommended (2),341,works sanctioned (7),331,,fuzzy_multi_field,94.8,HIGH,auto_matched
CW_000674,rajya_sabha,works recommended (2),670,works sanctioned (7),660,,fuzzy_multi_field,100.0,HIGH,auto_matched
CW_000394,rajya_sabha,works recommended (2),455,works sanctioned (7),459,,fuzzy_multi_field,85.72,HIGH,auto_matched
CW_000675,rajya_sabha,works recommended (2),228,works sanctioned (7),251,,fuzzy_multi_field,95.35,HIGH,auto_matched
CW_000074,rajya_sabha,works recommended (2),328,works sanctioned (7),327,,fuzzy_multi_field,91.06,HIGH,auto_matched
CW_000676,rajya_sabha,works recommended (2),430,works sanctioned (7),423,,fuzzy_multi_field,100.0,HIGH,auto_matched
CW_000606,rajya_sabha,works recommended (2),447,works sanctioned (7),453,,fuzzy_multi_field,86.8,HIGH,auto_matched
CW_000403,rajya_sabha,works recommended (2),1446,works sanctioned (7),1417,,fuzzy_multi_field,95.89,HIGH,auto_matched
CW_000068,rajya_sabha,works recommended (2),1326,works sanctioned (7),1333,,fuzzy_multi_field,86.05,HIGH,auto_matched
CW_000677,rajya_sabha,works recommended (2),1337,works sanctioned (7),1377,,fuzzy_multi_field,87.48,HIGH,auto_matched
CW_000414,rajya_sabha,works recommended (2),308,works sanctioned (7),215,,fuzzy_multi_field,100.0,HIGH,auto_matched
CW_000678,rajya_sabha,works recommended (2),193,works sanctioned (7),189,,fuzzy_multi_field,85.47,HIGH,auto_matched
CW_000099,rajya_sabha,works recommended (2),1321,works sanctioned (7),1305,,fuzzy_multi_field,90.32,HIGH,auto_matched
CW_000679,rajya_sabha,works recommended (2),68,works sanctioned (7),113,,fuzzy_multi_field,100.0,HIGH,auto_matched
CW_000133,rajya_sabha,works recommended (2),509,works sanctioned (7),489,,fuzzy_multi_field,93.33,HIGH,auto_matched
CW_000680,rajya_sabha,works recommended (2),526,works sanctioned (7),519,,fuzzy_multi_field,100.0,HIGH,auto_matched
CW_000681,rajya_sabha,works recommended (2),838,works sanctioned (7),818,,fuzzy_multi_field,92.58,HIGH,auto_matched
CW_000089,rajya_sabha,works recommended (2),1320,works sanctioned (7),1204,,fuzzy_multi_field,88.36,HIGH,auto_matched
CW_000682,rajya_sabha,works recommended (2),736,works sanctioned (7),728,,fuzzy_multi_field,100.0,HIGH,auto_matched
CW_000683,rajya_sabha,works recommended (2),286,works sanctioned (7),253,,fuzzy_multi_field,100.0,HIGH,auto_matched
CW_000684,rajya_sabha,works recommended (2),1397,works sanctioned (7),1393,,fuzzy_multi_field,91.11,HIGH,auto_matched
CW_000166,rajya_sabha,works recommended (2),1497,works sanctioned (7),1469,,fuzzy_multi_field,99.79,HIGH,auto_matched
CW_000470,rajya_sabha,works recommended (2),1371,works sanctioned (7),1399,,fuzzy_multi_field,87.92,HIGH,auto_matched
CW_000172,rajya_sabha,works recommended (2),488,works sanctioned (7),479,,fuzzy_multi_field,100.0,HIGH,auto_matched
CW_000618,rajya_sabha,works recommended (2),505,works sanctioned (7),509,,fuzzy_multi_field,100.0,HIGH,auto_matched
CW_000184,rajya_sabha,works recommended (2),1489,works sanctioned (7),1463,,fuzzy_multi_field,99.79,HIGH,auto_matched
CW_000479,rajya_sabha,works recommended (2),585,works sanctioned (7),577,,fuzzy_multi_field,100.0,HIGH,auto_matched
CW_000685,rajya_sabha,works recommended (2),602,works sanctioned (7),607,,fuzzy_multi_field,86.67,HIGH,auto_matched
CW_000194,rajya_sabha,works recommended (2),1480,works sanctioned (7),1499,,fuzzy_multi_field,99.79,HIGH,auto_matched
CW_000686,rajya_sabha,works recommended (2),1257,works sanctioned (7),1232,,fuzzy_multi_field,100.0,HIGH,auto_matched
CW_000171,rajya_sabha,works recommended (2),256,works sanctioned (7),279,,fuzzy_multi_field,100.0,HIGH,auto_matched
CW_000214,rajya_sabha,works recommended (2),1001,works sanctioned (7),1052,,fuzzy_multi_field,100.0,HIGH,auto_matched
CW_000435,rajya_sabha,works recommended (2),924,works sanctioned (7),894,,fuzzy_multi_field,93.55,HIGH,auto_matched
CW_000687,rajya_sabha,works recommended (2),1362,works sanctioned (7),1292,,fuzzy_multi_field,85.05,HIGH,auto_matched
CW_000688,rajya_sabha,works recommended (2),1236,works sanctioned (7),1222,,fuzzy_multi_field,100.0,HIGH,auto_matched
CW_000689,rajya_sabha,works recommended (2),681,works sanctioned (7),673,,fuzzy_multi_field,100.0,HIGH,auto_matched
CW_000690,rajya_sabha,works recommended (2),9,works sanctioned (7),256,,fuzzy_multi_field,100.0,HIGH,auto_matched
CW_000691,rajya_sabha,works recommended (2),1353,works sanctioned (7),1328,,fuzzy_multi_field,100.0,HIGH,auto_matched
CW_000692,rajya_sabha,works recommended (2),562,works sanctioned (7),553,,fuzzy_multi_field,85.25,HIGH,auto_matched
CW_000261,rajya_sabha,works recommended (2),104,works sanctioned (7),72,,fuzzy_multi_field,100.0,HIGH,auto_matched
CW_000609,rajya_sabha,works recommended (2),311,works sanctioned (7),297,,fuzzy_multi_field,100.0,HIGH,auto_matched
CW_000693,rajya_sabha,works recommended (2),95,works sanctioned (7),108,,fuzzy_multi_field,100.0,HIGH,auto_matched
CW_000694,rajya_sabha,works recommended (2),651,works sanctioned (7),645,,fuzzy_multi_field,94.21,HIGH,auto_matched
CW_000297,rajya_sabha,works recommended (2),1424,works sanctioned (7),1388,,fuzzy_multi_field,89.9,HIGH,auto_matched
CW_000298,rajya_sabha,works recommended (2),516,works sanctioned (7),507,,fuzzy_multi_field,100.0,HIGH,auto_matched
CW_000695,rajya_sabha,works recommended (2),877,works sanctioned (7),851,,fuzzy_multi_field,100.0,HIGH,auto_matched
CW_000314,rajya_sabha,works recommended (2),613,works sanctioned (7),605,,fuzzy_multi_field,100.0,HIGH,auto_matched
CW_000696,rajya_sabha,works recommended (2),1195,works sanctioned (7),1166,,fuzzy_multi_field,89.84,HIGH,auto_matched
CW_000697,rajya_sabha,works recommended (2),486,works sanctioned (7),473,,fuzzy_multi_field,100.0,HIGH,auto_matched
CW_000519,rajya_sabha,works recommended (2),507,works sanctioned (7),475,,fuzzy_multi_field,100.0,HIGH,auto_matched
CW_000698,rajya_sabha,works recommended (2),1284,works sanctioned (7),1258,,fuzzy_multi_field,89.8,HIGH,auto_matched
CW_000699,rajya_sabha,works recommended (2),709,works sanctioned (7),701,,fuzzy_multi_field,100.0,HIGH,auto_matched
CW_000700,rajya_sabha,works recommended (2),276,works sanctioned (7),256,,fuzzy_multi_field,100.0,HIGH,auto_matched
CW_000308,rajya_sabha,works recommended (2),1398,works sanctioned (7),1386,,fuzzy_multi_field,95.3,HIGH,auto_matched
CW_000307,rajya_sabha,works recommended (2),490,works sanctioned (7),505,,fuzzy_multi_field,100.0,HIGH,auto_matched
CW_000701,rajya_sabha,works recommended (2),40,works sanctioned (7),30,,fuzzy_multi_field,97.02,HIGH,auto_matched
CW_000602,rajya_sabha,works recommended (2),1254,works sanctioned (7),1224,,fuzzy_multi_field,100.0,HIGH,auto_matched
CW_000093,rajya_sabha,works recommended (2),1377,works sanctioned (7),1316,,fuzzy_multi_field,85.38,HIGH,auto_matched
CW_000702,rajya_sabha,works recommended (2),489,works sanctioned (7),472,,fuzzy_multi_field,100.0,HIGH,auto_matched
CW_000540,rajya_sabha,works recommended (2),28,works sanctioned (7),88,,fuzzy_multi_field,97.58,HIGH,auto_matched
CW_000703,rajya_sabha,works recommended (2),582,works sanctioned (7),575,,fuzzy_multi_field,97.73,HIGH,auto_matched
CW_000388,rajya_sabha,works recommended (2),1470,works sanctioned (7),1448,,fuzzy_multi_field,98.67,HIGH,auto_matched
CW_000392,rajya_sabha,works recommended (2),1360,works sanctioned (7),1346,,fuzzy_multi_field,87.8,HIGH,auto_matched
CW_000704,rajya_sabha,works recommended (2),927,works sanctioned (7),901,,fuzzy_multi_field,100.0,HIGH,auto_matched
CW_000705,rajya_sabha,works recommended (2),331,works sanctioned (7),319,,fuzzy_multi_field,92.25,HIGH,auto_matched
CW_000396,rajya_sabha,works recommended (2),334,works sanctioned (7),326,,fuzzy_multi_field,90.96,HIGH,auto_matched
CW_000706,rajya_sabha,works recommended (2),641,works sanctioned (7),633,,fuzzy_multi_field,100.0,HIGH,auto_matched
CW_000418,rajya_sabha,works recommended (2),506,works sanctioned (7),495,,fuzzy_multi_field,100.0,HIGH,auto_matched
CW_000707,rajya_sabha,works recommended (2),640,works sanctioned (7),631,,fuzzy_multi_field,86.52,HIGH,auto_matched
CW_000708,rajya_sabha,works recommended (2),603,works sanctioned (7),593,,fuzzy_multi_field,93.38,HIGH,auto_matched
CW_000709,rajya_sabha,works recommended (2),859,works sanctioned (7),833,,fuzzy_multi_field,100.0,HIGH,auto_matched
CW_000710,rajya_sabha,works recommended (2),1188,works sanctioned (7),1162,,fuzzy_multi_field,91.72,HIGH,auto_matched
CW_000711,rajya_sabha,works recommended (2),729,works sanctioned (7),723,,fuzzy_multi_field,85.02,HIGH,auto_matched
CW_000712,rajya_sabha,works recommended (2),517,works sanctioned (7),500,,fuzzy_multi_field,100.0,HIGH,auto_matched
CW_000713,rajya_sabha,works recommended (2),158,works sanctioned (7),894,,fuzzy_multi_field,88.55,HIGH,auto_matched
CW_000436,rajya_sabha,works recommended (2),497,works sanctioned (7),492,,fuzzy_multi_field,100.0,HIGH,auto_matched
CW_000444,rajya_sabha,works recommended (2),699,works sanctioned (7),689,,fuzzy_multi_field,88.55,HIGH,auto_matched
CW_000714,rajya_sabha,works recommended (2),606,works sanctioned (7),592,,fuzzy_multi_field,95.14,HIGH,auto_matched
CW_000715,rajya_sabha,works recommended (2),918,works sanctioned (7),891,,fuzzy_multi_field,92.38,HIGH,auto_matched
CW_000466,rajya_sabha,works recommended (2),459,works sanctioned (7),452,,fuzzy_multi_field,100.0,HIGH,auto_matched
CW_000716,rajya_sabha,works recommended (2),1477,works sanctioned (7),1466,,fuzzy_multi_field,99.79,HIGH,auto_matched
CW_000717,rajya_sabha,works recommended (2),579,works sanctioned (7),596,,fuzzy_multi_field,87.96,HIGH,auto_matched
CW_000718,rajya_sabha,works recommended (2),1253,works sanctioned (7),1301,,fuzzy_multi_field,85.51,HIGH,auto_matched
CW_000719,rajya_sabha,works recommended (2),458,works sanctioned (7),450,,fuzzy_multi_field,95.43,HIGH,auto_matched
CW_000720,rajya_sabha,works recommended (2),1459,works sanctioned (7),1434,,fuzzy_multi_field,100.0,HIGH,auto_matched
CW_000721,rajya_sabha,works recommended (2),1247,works sanctioned (7),1211,,fuzzy_multi_field,100.0,HIGH,auto_matched
CW_000722,rajya_sabha,works recommended (2),555,works sanctioned (7),548,,fuzzy_multi_field,95.82,HIGH,auto_matched
CW_000723,rajya_sabha,works recommended (2),198,works sanctioned (7),176,,fuzzy_multi_field,85.39,HIGH,auto_matched
CW_000724,rajya_sabha,works recommended (2),428,works sanctioned (7),422,,fuzzy_multi_field,87.14,HIGH,auto_matched
CW_000725,rajya_sabha,works recommended (2),757,works sanctioned (7),751,,fuzzy_multi_field,93.82,HIGH,auto_matched
CW_000726,rajya_sabha,works recommended (2),177,works sanctioned (7),166,,fuzzy_multi_field,90.13,HIGH,auto_matched
CW_000727,rajya_sabha,works recommended (2),719,works sanctioned (7),711,,fuzzy_multi_field,100.0,HIGH,auto_matched
CW_000728,rajya_sabha,works recommended (2),513,works sanctioned (7),474,,fuzzy_multi_field,100.0,HIGH,auto_matched
CW_000523,rajya_sabha,works recommended (2),504,works sanctioned (7),510,,fuzzy_multi_field,93.33,HIGH,auto_matched
CW_000619,rajya_sabha,works recommended (2),610,works sanctioned (7),572,,fuzzy_multi_field,90.72,HIGH,auto_matched
CW_000729,rajya_sabha,works recommended (2),1285,works sanctioned (7),1259,,fuzzy_multi_field,93.86,HIGH,auto_matched
CW_000730,rajya_sabha,works recommended (2),617,works sanctioned (7),576,,fuzzy_multi_field,91.08,HIGH,auto_matched
CW_000731,rajya_sabha,works recommended (2),840,works sanctioned (7),818,,fuzzy_multi_field,100.0,HIGH,auto_matched
CW_000535,rajya_sabha,works recommended (2),1495,works sanctioned (7),1497,,fuzzy_multi_field,99.99,HIGH,auto_matched
CW_000732,rajya_sabha,works recommended (2),483,works sanctioned (7),500,,fuzzy_multi_field,100.0,HIGH,auto_matched
CW_000541,rajya_sabha,works recommended (2),1491,works sanctioned (7),1457,,fuzzy_multi_field,100.0,HIGH,auto_matched
CW_000733,rajya_sabha,works recommended (2),583,works sanctioned (7),576,,fuzzy_multi_field,99.13,HIGH,auto_matched
CW_000734,rajya_sabha,works recommended (2),700,works sanctioned (7),682,,fuzzy_multi_field,89.96,HIGH,auto_matched
CW_000735,rajya_sabha,works recommended (2),1248,works sanctioned (7),1213,,fuzzy_multi_field,100.0,HIGH,auto_matched
CW_000551,rajya_sabha,works recommended (2),1474,works sanctioned (7),1487,,fuzzy_multi_field,99.79,HIGH,auto_matched
CW_000555,rajya_sabha,works recommended (2),1478,works sanctioned (7),1459,,fuzzy_multi_field,100.0,HIGH,auto_matched
CW_000736,rajya_sabha,works recommended (2),1234,works sanctioned (7),1221,,fuzzy_multi_field,100.0,HIGH,auto_matched
CW_000558,rajya_sabha,works recommended (2),1351,works sanctioned (7),1327,,fuzzy_multi_field,97.86,HIGH,auto_matched
CW_000737,rajya_sabha,works recommended (2),781,works sanctioned (7),768,,fuzzy_multi_field,87.54,HIGH,auto_matched
CW_000543,rajya_sabha,works recommended (2),339,works sanctioned (7),330,,fuzzy_multi_field,93.44,HIGH,auto_matched
CW_000564,rajya_sabha,works recommended (2),322,works sanctioned (7),329,,fuzzy_multi_field,92.76,HIGH,auto_matched
CW_000738,rajya_sabha,works recommended (2),649,works sanctioned (7),644,,fuzzy_multi_field,91.18,HIGH,auto_matched
CW_000068,rajya_sabha,works recommended (2),1326,works sanctioned (7),1223,,fuzzy_multi_field,85.51,HIGH,auto_matched
CW_000739,rajya_sabha,works recommended (2),196,works sanctioned (7),191,,fuzzy_multi_field,87.79,HIGH,auto_matched
CW_000740,rajya_sabha,works recommended (2),860,works sanctioned (7),834,,fuzzy_multi_field,100.0,HIGH,auto_matched
CW_000741,rajya_sabha,works recommended (2),1318,works sanctioned (7),1375,,fuzzy_multi_field,96.29,HIGH,auto_matched
CW_000652,rajya_sabha,works recommended (2),515,works sanctioned (7),494,,fuzzy_multi_field,100.0,HIGH,auto_matched
CW_000579,rajya_sabha,works recommended (2),494,works sanctioned (7),498,,fuzzy_multi_field,100.0,HIGH,auto_matched
CW_000742,rajya_sabha,works recommended (2),159,works sanctioned (7),895,,fuzzy_multi_field,87.09,HIGH,auto_matched
CW_000743,rajya_sabha,works recommended (2),611,works sanctioned (7),604,,fuzzy_multi_field,97.54,HIGH,auto_matched
CW_000744,rajya_sabha,works recommended (2),745,works sanctioned (7),740,,fuzzy_multi_field,94.96,HIGH,auto_matched
CW_000569,rajya_sabha,works recommended (2),1422,works sanctioned (7),1319,,fuzzy_multi_field,85.53,HIGH,auto_matched
CW_000026,rajya_sabha,works recommended (2),23,works sanctioned (7),117,,fuzzy_multi_field,97.58,HIGH,auto_matched
CW_000745,rajya_sabha,works recommended (2),817,works sanctioned (7),802,,fuzzy_multi_field,100.0,HIGH,auto_matched
CW_000746,rajya_sabha,works recommended (2),809,works sanctioned (7),796,,fuzzy_multi_field,100.0,HIGH,auto_matched
CW_000667,rajya_sabha,works recommended (2),1493,works sanctioned (7),1483,,fuzzy_multi_field,99.99,HIGH,auto_matched
CW_000747,rajya_sabha,works recommended (2),484,works sanctioned (7),493,,fuzzy_multi_field,100.0,HIGH,auto_matched
CW_000748,rajya_sabha,works recommended (2),346,works sanctioned (7),317,,fuzzy_multi_field,91.52,HIGH,auto_matched
CW_000035,rajya_sabha,works recommended (2),581,works sanctioned (7),591,,fuzzy_multi_field,87.67,HIGH,auto_matched
CW_000236,rajya_sabha,works recommended (2),915,works sanctioned (7),161,,fuzzy_multi_field,86.7,HIGH,auto_matched
CW_000749,rajya_sabha,works recommended (2),888,works sanctioned (7),862,,fuzzy_multi_field,100.0,HIGH,auto_matched
CW_000054,rajya_sabha,works recommended (2),1249,works sanctioned (7),1206,,fuzzy_multi_field,100.0,HIGH,auto_matched
CW_000058,rajya_sabha,works recommended (2),1022,works sanctioned (7),998,,fuzzy_multi_field,87.14,HIGH,auto_matched
CW_000613,rajya_sabha,works recommended (2),76,works sanctioned (7),17,,fuzzy_multi_field,90.88,HIGH,auto_matched
CW_000750,rajya_sabha,works recommended (2),333,works sanctioned (7),319,,fuzzy_multi_field,90.88,HIGH,auto_matched
CW_000751,rajya_sabha,works recommended (2),933,works sanctioned (7),628,,fuzzy_multi_field,88.54,HIGH,auto_matched
CW_000752,rajya_sabha,works recommended (2),916,works sanctioned (7),890,,fuzzy_multi_field,100.0,HIGH,auto_matched
CW_000753,rajya_sabha,works recommended (2),718,works sanctioned (7),719,,fuzzy_multi_field,87.34,HIGH,auto_matched
CW_000193,rajya_sabha,works recommended (2),912,works sanctioned (7),1246,,fuzzy_multi_field,88.25,HIGH,auto_matched
CW_000754,rajya_sabha,works recommended (2),693,works sanctioned (7),683,,fuzzy_multi_field,92.12,HIGH,auto_matched
CW_000734,rajya_sabha,works recommended (2),700,works sanctioned (7),687,,fuzzy_multi_field,92.12,HIGH,auto_matched
CW_000755,rajya_sabha,works recommended (2),780,works sanctioned (7),755,,fuzzy_multi_field,85.05,HIGH,auto_matched
CW_000756,rajya_sabha,works recommended (2),238,works sanctioned (7),270,,fuzzy_multi_field,100.0,HIGH,auto_matched
CW_000298,rajya_sabha,works recommended (2),516,works sanctioned (7),501,,fuzzy_multi_field,100.0,HIGH,auto_matched
CW_000311,rajya_sabha,works recommended (2),1419,works sanctioned (7),1226,,fuzzy_multi_field,85.4,HIGH,auto_matched
CW_000757,rajya_sabha,works recommended (2),608,works sanctioned (7),571,,fuzzy_multi_field,93.8,HIGH,auto_matched
CW_000666,rajya_sabha,works recommended (2),1499,works sanctioned (7),1482,,fuzzy_multi_field,99.79,HIGH,auto_matched
CW_000053,rajya_sabha,works recommended (2),1472,works sanctioned (7),1486,,fuzzy_multi_field,98.67,HIGH,auto_matched
CW_000758,rajya_sabha,works recommended (2),464,works sanctioned (7),430,,fuzzy_multi_field,87.14,HIGH,auto_matched
CW_000606,rajya_sabha,works recommended (2),447,works sanctioned (7),460,,fuzzy_multi_field,85.46,HIGH,auto_matched
CW_000403,rajya_sabha,works recommended (2),1446,works sanctioned (7),1424,,fuzzy_multi_field,90.44,HIGH,auto_matched
CW_000759,rajya_sabha,works recommended (2),749,works sanctioned (7),733,,fuzzy_multi_field,95.02,HIGH,auto_matched
CW_000320,rajya_sabha,works recommended (2),164,works sanctioned (7),156,,fuzzy_multi_field,88.56,HIGH,auto_matched
CW_000166,rajya_sabha,works recommended (2),1497,works sanctioned (7),1476,,fuzzy_multi_field,99.79,HIGH,auto_matched
CW_000760,rajya_sabha,works recommended (2),1178,works sanctioned (7),1159,,fuzzy_multi_field,89.92,HIGH,auto_matched
CW_000184,rajya_sabha,works recommended (2),1489,works sanctioned (7),1470,,fuzzy_multi_field,99.79,HIGH,auto_matched
CW_000761,rajya_sabha,works recommended (2),345,works sanctioned (7),318,,fuzzy_multi_field,91.75,HIGH,auto_matched
CW_000762,rajya_sabha,works recommended (2),215,works sanctioned (7),208,,fuzzy_multi_field,100.0,HIGH,auto_matched
CW_000763,rajya_sabha,works recommended (2),920,works sanctioned (7),1257,,fuzzy_multi_field,85.66,HIGH,auto_matched
CW_000764,rajya_sabha,works recommended (2),470,works sanctioned (7),386,,fuzzy_multi_field,100.0,HIGH,auto_matched
CW_000765,rajya_sabha,works recommended (2),689,works sanctioned (7),692,,fuzzy_multi_field,88.06,HIGH,auto_matched
CW_000766,rajya_sabha,works recommended (2),344,works sanctioned (7),316,,fuzzy_multi_field,90.04,HIGH,auto_matched
CW_000767,rajya_sabha,works recommended (2),1350,works sanctioned (7),1328,,fuzzy_multi_field,85.11,HIGH,auto_matched
CW_000492,rajya_sabha,works recommended (2),1345,works sanctioned (7),1329,,fuzzy_multi_field,86.41,HIGH,auto_matched
CW_000768,rajya_sabha,works recommended (2),886,works sanctioned (7),861,,fuzzy_multi_field,99.91,HIGH,auto_matched
CW_000769,rajya_sabha,works recommended (2),1462,works sanctioned (7),1435,,fuzzy_multi_field,97.82,HIGH,auto_matched
CW_000770,rajya_sabha,works recommended (2),415,works sanctioned (7),412,,fuzzy_multi_field,86.67,HIGH,auto_matched
CW_000771,rajya_sabha,works recommended (2),418,works sanctioned (7),187,,fuzzy_multi_field,88.83,HIGH,auto_matched
CW_000772,rajya_sabha,works recommended (2),499,works sanctioned (7),476,,fuzzy_multi_field,93.33,HIGH,auto_matched
CW_000773,rajya_sabha,works recommended (2),831,works sanctioned (7),812,,fuzzy_multi_field,100.0,HIGH,auto_matched
CW_000369,rajya_sabha,works recommended (2),1469,works sanctioned (7),1453,,fuzzy_multi_field,98.67,HIGH,auto_matched
CW_000564,rajya_sabha,works recommended (2),322,works sanctioned (7),323,,fuzzy_multi_field,92.28,HIGH,auto_matched
CW_000774,rajya_sabha,works recommended (2),867,works sanctioned (7),846,,fuzzy_multi_field,85.07,HIGH,auto_matched
CW_000775,rajya_sabha,works recommended (2),1199,works sanctioned (7),1174,,fuzzy_multi_field,100.0,HIGH,auto_matched
CW_000714,rajya_sabha,works recommended (2),606,works sanctioned (7),599,,fuzzy_multi_field,94.32,HIGH,auto_matched
CW_000462,rajya_sabha,works recommended (2),496,works sanctioned (7),497,,fuzzy_multi_field,100.0,HIGH,auto_matched
CW_000776,rajya_sabha,works recommended (2),686,works sanctioned (7),534,,fuzzy_multi_field,91.32,HIGH,auto_matched
CW_000435,rajya_sabha,works recommended (2),924,works sanctioned (7),158,,fuzzy_multi_field,89.46,HIGH,auto_matched
CW_000750,rajya_sabha,works recommended (2),333,works sanctioned (7),321,,fuzzy_multi_field,91.59,HIGH,auto_matched
CW_000777,rajya_sabha,works recommended (2),332,works sanctioned (7),319,,fuzzy_multi_field,91.33,HIGH,auto_matched
CW_000778,rajya_sabha,works recommended (2),1227,works sanctioned (7),1202,,fuzzy_multi_field,100.0,HIGH,auto_matched
CW_000779,rajya_sabha,works recommended (2),1197,works sanctioned (7),1168,,fuzzy_multi_field,86.01,HIGH,auto_matched
CW_000622,rajya_sabha,works recommended (2),500,works sanctioned (7),477,,fuzzy_multi_field,100.0,HIGH,auto_matched
CW_000640,rajya_sabha,works recommended (2),1475,works sanctioned (7),1467,,fuzzy_multi_field,100.0,HIGH,auto_matched
CW_000626,rajya_sabha,works recommended (2),1286,works sanctioned (7),1260,,fuzzy_multi_field,94.88,HIGH,auto_matched
CW_000780,rajya_sabha,works recommended (2),609,works sanctioned (7),577,,fuzzy_multi_field,92.33,HIGH,auto_matched
CW_000541,rajya_sabha,works recommended (2),1491,works sanctioned (7),1464,,fuzzy_multi_field,100.0,HIGH,auto_matched
CW_000781,rajya_sabha,works recommended (2),919,works sanctioned (7),891,,fuzzy_multi_field,92.03,HIGH,auto_matched
CW_000782,rajya_sabha,works recommended (2),692,works sanctioned (7),683,,fuzzy_multi_field,94.6,HIGH,auto_matched
CW_000636,rajya_sabha,works recommended (2),340,works sanctioned (7),339,,fuzzy_multi_field,90.86,HIGH,auto_matched
CW_000783,rajya_sabha,works recommended (2),911,works sanctioned (7),885,,fuzzy_multi_field,100.0,HIGH,auto_matched
CW_000784,rajya_sabha,works recommended (2),449,works sanctioned (7),439,,fuzzy_multi_field,85.94,HIGH,auto_matched
CW_000737,rajya_sabha,works recommended (2),781,works sanctioned (7),775,,fuzzy_multi_field,97.14,HIGH,auto_matched
CW_000543,rajya_sabha,works recommended (2),339,works sanctioned (7),337,,fuzzy_multi_field,92.06,HIGH,auto_matched
CW_000785,rajya_sabha,works recommended (2),1352,works sanctioned (7),1328,,fuzzy_multi_field,95.15,HIGH,auto_matched
CW_000786,rajya_sabha,works recommended (2),758,works sanctioned (7),751,,fuzzy_multi_field,87.24,HIGH,auto_matched
CW_000787,rajya_sabha,works recommended (2),634,works sanctioned (7),627,,fuzzy_multi_field,88.44,HIGH,auto_matched
CW_000788,rajya_sabha,works recommended (2),1406,works sanctioned (7),1358,,fuzzy_multi_field,85.78,HIGH,auto_matched
CW_000789,rajya_sabha,works recommended (2),607,works sanctioned (7),571,,fuzzy_multi_field,86.89,HIGH,auto_matched
CW_000790,rajya_sabha,works recommended (2),514,works sanctioned (7),474,,fuzzy_multi_field,100.0,HIGH,auto_matched
CW_000748,rajya_sabha,works recommended (2),346,works sanctioned (7),324,,fuzzy_multi_field,91.55,HIGH,auto_matched
CW_000029,rajya_sabha,works recommended (2),1468,works sanctioned (7),1454,,fuzzy_multi_field,98.46,HIGH,auto_matched
CW_000791,rajya_sabha,works recommended (2),463,works sanctioned (7),430,,fuzzy_multi_field,87.69,HIGH,auto_matched
CW_000792,rajya_sabha,works recommended (2),460,works sanctioned (7),452,,fuzzy_multi_field,90.15,HIGH,auto_matched
CW_000793,rajya_sabha,works recommended (2),573,works sanctioned (7),563,,fuzzy_multi_field,86.88,HIGH,auto_matched
CW_000794,rajya_sabha,works recommended (2),778,works sanctioned (7),767,,fuzzy_multi_field,87.08,HIGH,auto_matched
CW_000674,rajya_sabha,works recommended (2),670,works sanctioned (7),661,,fuzzy_multi_field,100.0,HIGH,auto_matched
CW_000795,rajya_sabha,works recommended (2),446,works sanctioned (7),460,,fuzzy_multi_field,85.76,HIGH,auto_matched
CW_000606,rajya_sabha,works recommended (2),447,works sanctioned (7),454,,fuzzy_multi_field,85.28,HIGH,auto_matched
CW_000796,rajya_sabha,works recommended (2),1228,works sanctioned (7),1203,,fuzzy_multi_field,100.0,HIGH,auto_matched
CW_000797,rajya_sabha,works recommended (2),429,works sanctioned (7),422,,fuzzy_multi_field,100.0,HIGH,auto_matched
CW_000798,rajya_sabha,works recommended (2),1430,works sanctioned (7),1406,,fuzzy_multi_field,86.25,HIGH,auto_matched
CW_000680,rajya_sabha,works recommended (2),526,works sanctioned (7),520,,fuzzy_multi_field,93.3,HIGH,auto_matched
CW_000799,rajya_sabha,works recommended (2),1198,works sanctioned (7),1175,,fuzzy_multi_field,86.51,HIGH,auto_matched
CW_000800,rajya_sabha,works recommended (2),480,works sanctioned (7),474,,fuzzy_multi_field,100.0,HIGH,auto_matched
CW_000801,rajya_sabha,works recommended (2),1256,works sanctioned (7),1231,,fuzzy_multi_field,100.0,HIGH,auto_matched
CW_000802,rajya_sabha,works recommended (2),465,works sanctioned (7),456,,fuzzy_multi_field,90.0,HIGH,auto_matched
CW_000803,rajya_sabha,works recommended (2),347,works sanctioned (7),317,,fuzzy_multi_field,96.9,HIGH,auto_matched
CW_000804,rajya_sabha,works recommended (2),1356,works sanctioned (7),1367,,fuzzy_multi_field,85.86,HIGH,auto_matched
CW_000805,rajya_sabha,works recommended (2),554,works sanctioned (7),548,,fuzzy_multi_field,97.76,HIGH,auto_matched
CW_000806,rajya_sabha,works recommended (2),1235,works sanctioned (7),1221,,fuzzy_multi_field,100.0,HIGH,auto_matched
CW_000807,rajya_sabha,works recommended (2),498,works sanctioned (7),476,,fuzzy_multi_field,93.33,HIGH,auto_matched
CW_000665,rajya_sabha,works recommended (2),1482,works sanctioned (7),1451,,fuzzy_multi_field,99.79,HIGH,auto_matched
CW_000808,rajya_sabha,works recommended (2),1476,works sanctioned (7),1465,,fuzzy_multi_field,99.79,HIGH,auto_matched
CW_000809,rajya_sabha,works recommended (2),544,works sanctioned (7),536,,fuzzy_multi_field,100.0,HIGH,auto_matched
CW_000810,rajya_sabha,works recommended (2),615,works sanctioned (7),596,,fuzzy_multi_field,85.47,HIGH,auto_matched
CW_000759,rajya_sabha,works recommended (2),749,works sanctioned (7),732,,fuzzy_multi_field,96.94,HIGH,auto_matched
CW_000811,rajya_sabha,works recommended (2),55,works sanctioned (7),55,,fuzzy_multi_field,100.0,HIGH,auto_matched
CW_000812,rajya_sabha,works recommended (2),1408,works sanctioned (7),1383,,fuzzy_multi_field,100.0,HIGH,auto_matched
CW_000813,rajya_sabha,works recommended (2),917,works sanctioned (7),890,,fuzzy_multi_field,93.21,HIGH,auto_matched
CW_000719,rajya_sabha,works recommended (2),458,works sanctioned (7),451,,fuzzy_multi_field,100.0,HIGH,auto_matched
CW_000723,rajya_sabha,works recommended (2),198,works sanctioned (7),177,,fuzzy_multi_field,86.4,HIGH,auto_matched
CW_000814,rajya_sabha,works recommended (2),1231,works sanctioned (7),1304,,fuzzy_multi_field,86.67,HIGH,auto_matched
CW_000688,rajya_sabha,works recommended (2),1236,works sanctioned (7),1228,,fuzzy_multi_field,100.0,HIGH,auto_matched
CW_000507,rajya_sabha,works recommended (2),1189,works sanctioned (7),1164,,fuzzy_multi_field,100.0,HIGH,auto_matched
CW_000815,rajya_sabha,works recommended (2),168,works sanctioned (7),891,,fuzzy_multi_field,90.41,HIGH,auto_matched
CW_000523,rajya_sabha,works recommended (2),504,works sanctioned (7),511,,fuzzy_multi_field,93.33,HIGH,auto_matched
CW_000816,rajya_sabha,works recommended (2),461,works sanctioned (7),443,,fuzzy_multi_field,87.42,HIGH,auto_matched
CW_000817,rajya_sabha,works recommended (2),448,works sanctioned (7),439,,fuzzy_multi_field,90.33,HIGH,auto_matched
CW_000555,rajya_sabha,works recommended (2),1478,works sanctioned (7),1460,,fuzzy_multi_field,100.0,HIGH,auto_matched
CW_000818,rajya_sabha,works recommended (2),472,works sanctioned (7),448,,fuzzy_multi_field,86.67,HIGH,auto_matched
CW_000819,rajya_sabha,works recommended (2),1217,works sanctioned (7),1192,,fuzzy_multi_field,100.0,HIGH,auto_matched
CW_000737,rajya_sabha,works recommended (2),781,works sanctioned (7),769,,fuzzy_multi_field,87.54,HIGH,auto_matched
CW_000820,rajya_sabha,works recommended (2),620,works sanctioned (7),569,,fuzzy_multi_field,88.52,HIGH,auto_matched
CW_000821,rajya_sabha,works recommended (2),1354,works sanctioned (7),1320,,fuzzy_multi_field,86.41,HIGH,auto_matched
CW_000822,rajya_sabha,works recommended (2),816,works sanctioned (7),801,,fuzzy_multi_field,100.0,HIGH,auto_matched
CW_000823,rajya_sabha,works recommended (2),1250,works sanctioned (7),1204,,fuzzy_multi_field,85.22,HIGH,auto_matched
CW_000715,rajya_sabha,works recommended (2),918,works sanctioned (7),897,,fuzzy_multi_field,91.15,HIGH,auto_matched
CW_000466,rajya_sabha,works recommended (2),459,works sanctioned (7),458,,fuzzy_multi_field,85.56,HIGH,auto_matched
CW_000824,rajya_sabha,works recommended (2),887,works sanctioned (7),861,,fuzzy_multi_field,100.0,HIGH,auto_matched
CW_000825,rajya_sabha,works recommended (2),185,works sanctioned (7),178,,fuzzy_multi_field,100.0,HIGH,auto_matched
CW_000754,rajya_sabha,works recommended (2),693,works sanctioned (7),684,,fuzzy_multi_field,92.24,HIGH,auto_matched
CW_000826,rajya_sabha,works recommended (2),456,works sanctioned (7),450,,fuzzy_multi_field,87.2,HIGH,auto_matched
CW_000827,rajya_sabha,works recommended (2),789,works sanctioned (7),780,,fuzzy_multi_field,100.0,HIGH,auto_matched
CW_000828,rajya_sabha,works recommended (2),1461,works sanctioned (7),1435,,fuzzy_multi_field,98.36,HIGH,auto_matched
CW_000829,rajya_sabha,works recommended (2),1179,works sanctioned (7),1157,,fuzzy_multi_field,89.81,HIGH,auto_matched
CW_000830,rajya_sabha,works recommended (2),511,works sanctioned (7),474,,fuzzy_multi_field,100.0,HIGH,auto_matched
CW_000831,rajya_sabha,works recommended (2),501,works sanctioned (7),477,,fuzzy_multi_field,100.0,HIGH,auto_matched
CW_000593,rajya_sabha,works recommended (2),1485,works sanctioned (7),1491,,fuzzy_multi_field,100.0,HIGH,auto_matched
CW_000758,rajya_sabha,works recommended (2),464,works sanctioned (7),431,,fuzzy_multi_field,87.52,HIGH,auto_matched
CW_000832,rajya_sabha,works recommended (2),1238,works sanctioned (7),1207,,fuzzy_multi_field,100.0,HIGH,auto_matched
CW_000833,rajya_sabha,works recommended (2),450,works sanctioned (7),439,,fuzzy_multi_field,89.76,HIGH,auto_matched
CW_000834,rajya_sabha,works recommended (2),326,works sanctioned (7),315,,fuzzy_multi_field,90.04,HIGH,auto_matched
CW_000835,rajya_sabha,works recommended (2),539,works sanctioned (7),531,,fuzzy_multi_field,100.0,HIGH,auto_matched
CW_000836,rajya_sabha,works recommended (2),194,works sanctioned (7),191,,fuzzy_multi_field,87.59,HIGH,auto_matched
CW_000837,rajya_sabha,works recommended (2),635,works sanctioned (7),627,,fuzzy_multi_field,100.0,HIGH,auto_matched
CW_000838,rajya_sabha,works recommended (2),1307,works sanctioned (7),1282,,fuzzy_multi_field,100.0,HIGH,auto_matched
CW_000839,rajya_sabha,works recommended (2),50,works sanctioned (7),50,,fuzzy_multi_field,100.0,HIGH,auto_matched
CW_000492,rajya_sabha,works recommended (2),1345,works sanctioned (7),1330,,fuzzy_multi_field,86.92,HIGH,auto_matched
CW_000840,rajya_sabha,works recommended (2),663,works sanctioned (7),655,,fuzzy_multi_field,100.0,HIGH,auto_matched
CW_000841,rajya_sabha,works recommended (2),625,works sanctioned (7),615,,fuzzy_multi_field,85.58,HIGH,auto_matched
CW_000842,rajya_sabha,works recommended (2),1181,works sanctioned (7),1152,,fuzzy_multi_field,89.51,HIGH,auto_matched
CW_000843,rajya_sabha,works recommended (2),1297,works sanctioned (7),1270,,fuzzy_multi_field,85.42,HIGH,auto_matched
CW_000844,rajya_sabha,works recommended (2),1431,works sanctioned (7),1406,,fuzzy_multi_field,100.0,HIGH,auto_matched
CW_000845,rajya_sabha,works recommended (2),691,works sanctioned (7),683,,fuzzy_multi_field,100.0,HIGH,auto_matched
CW_000846,rajya_sabha,works recommended (2),1355,works sanctioned (7),1326,,fuzzy_multi_field,90.41,HIGH,auto_matched
CW_000017,rajya_sabha,works recommended (2),1473,works sanctioned (7),1494,,fuzzy_multi_field,99.79,HIGH,auto_matched
CW_000847,rajya_sabha,works recommended (2),661,works sanctioned (7),649,,fuzzy_multi_field,89.09,HIGH,auto_matched
CW_000848,rajya_sabha,works recommended (2),1444,works sanctioned (7),1418,,fuzzy_multi_field,94.65,HIGH,auto_matched
CW_000849,rajya_sabha,works recommended (2),787,works sanctioned (7),779,,fuzzy_multi_field,92.64,HIGH,auto_matched
CW_000850,rajya_sabha,works recommended (2),750,works sanctioned (7),741,,fuzzy_multi_field,100.0,HIGH,auto_matched
CW_000851,rajya_sabha,works recommended (2),1251,works sanctioned (7),1396,,fuzzy_multi_field,88.0,HIGH,auto_matched
CW_000759,rajya_sabha,works recommended (2),749,works sanctioned (7),739,,fuzzy_multi_field,95.0,HIGH,auto_matched
CW_000776,rajya_sabha,works recommended (2),686,works sanctioned (7),535,,fuzzy_multi_field,95.5,HIGH,auto_matched
CW_000852,rajya_sabha,works recommended (2),568,works sanctioned (7),560,,fuzzy_multi_field,100.0,HIGH,auto_matched
CW_000853,rajya_sabha,works recommended (2),475,works sanctioned (7),434,,fuzzy_multi_field,85.31,HIGH,auto_matched
CW_000752,rajya_sabha,works recommended (2),916,works sanctioned (7),153,,fuzzy_multi_field,86.38,HIGH,auto_matched
CW_000854,rajya_sabha,works recommended (2),664,works sanctioned (7),656,,fuzzy_multi_field,100.0,HIGH,auto_matched
CW_000855,rajya_sabha,works recommended (2),743,works sanctioned (7),728,,fuzzy_multi_field,92.49,HIGH,auto_matched
CW_000856,rajya_sabha,works recommended (2),596,works sanctioned (7),588,,fuzzy_multi_field,100.0,HIGH,auto_matched
CW_000857,rajya_sabha,works recommended (2),469,works sanctioned (7),448,,fuzzy_multi_field,85.44,HIGH,auto_matched
CW_000784,rajya_sabha,works recommended (2),449,works sanctioned (7),440,,fuzzy_multi_field,89.26,HIGH,auto_matched
CW_000017,rajya_sabha,works recommended (2),1473,works sanctioned (7),1439,,fuzzy_multi_field,98.67,HIGH,auto_matched
CW_000858,rajya_sabha,works recommended (2),107,works sanctioned (7),107,,fuzzy_multi_field,100.0,HIGH,auto_matched
CW_000859,rajya_sabha,works recommended (2),1460,works sanctioned (7),1435,,fuzzy_multi_field,100.0,HIGH,auto_matched
CW_000084,rajya_sabha,works recommended (2),1329,works sanctioned (7),1209,,fuzzy_multi_field,86.67,HIGH,auto_matched
CW_000739,rajya_sabha,works recommended (2),196,works sanctioned (7),199,,fuzzy_multi_field,85.81,HIGH,auto_matched
CW_000713,rajya_sabha,works recommended (2),158,works sanctioned (7),159,,fuzzy_multi_field,88.6,HIGH,auto_matched
CW_000520,rajya_sabha,works recommended (2),167,works sanctioned (7),1261,,fuzzy_multi_field,85.39,HIGH,auto_matched
CW_000860,rajya_sabha,works recommended (2),720,works sanctioned (7),712,,fuzzy_multi_field,100.0,HIGH,auto_matched
CW_000861,rajya_sabha,works recommended (2),1450,works sanctioned (7),1423,,fuzzy_multi_field,96.78,HIGH,auto_matched
CW_000862,rajya_sabha,works recommended (2),765,works sanctioned (7),770,,fuzzy_multi_field,85.05,HIGH,auto_matched
CW_000863,rajya_sabha,works recommended (2),1232,works sanctioned (7),1304,,fuzzy_multi_field,86.67,HIGH,auto_matched
CW_000864,rajya_sabha,works recommended (2),1203,works sanctioned (7),1168,,fuzzy_multi_field,89.96,HIGH,auto_matched
CW_000799,rajya_sabha,works recommended (2),1198,works sanctioned (7),1176,,fuzzy_multi_field,85.61,HIGH,auto_matched
CW_000865,rajya_sabha,works recommended (2),4,works sanctioned (7),6,,fuzzy_multi_field,99.99,HIGH,auto_matched
CW_000866,rajya_sabha,works recommended (2),1025,works sanctioned (7),998,,fuzzy_multi_field,85.58,HIGH,auto_matched
CW_000754,rajya_sabha,works recommended (2),693,works sanctioned (7),691,,fuzzy_multi_field,89.52,HIGH,auto_matched
CW_000867,rajya_sabha,works recommended (2),3,works sanctioned (7),4,,fuzzy_multi_field,99.99,HIGH,auto_matched
CW_000868,rajya_sabha,works recommended (2),889,works sanctioned (7),863,,fuzzy_multi_field,100.0,HIGH,auto_matched
CW_000869,rajya_sabha,works recommended (2),209,works sanctioned (7),202,,fuzzy_multi_field,100.0,HIGH,auto_matched
CW_000870,rajya_sabha,works recommended (2),187,works sanctioned (7),180,,fuzzy_multi_field,100.0,HIGH,auto_matched
CW_000871,rajya_sabha,works recommended (2),940,works sanctioned (7),915,,fuzzy_multi_field,100.0,HIGH,auto_matched
CW_000872,rajya_sabha,works recommended (2),728,works sanctioned (7),723,,fuzzy_multi_field,86.14,HIGH,auto_matched
CW_000873,rajya_sabha,works recommended (2),690,works sanctioned (7),683,,fuzzy_multi_field,90.98,HIGH,auto_matched
CW_000396,rajya_sabha,works recommended (2),334,works sanctioned (7),328,,fuzzy_multi_field,92.16,HIGH,auto_matched
CW_000848,rajya_sabha,works recommended (2),1444,works sanctioned (7),1412,,fuzzy_multi_field,89.36,HIGH,auto_matched
CW_000874,rajya_sabha,works recommended (2),945,works sanctioned (7),919,,fuzzy_multi_field,100.0,HIGH,auto_matched
CW_000875,rajya_sabha,works recommended (2),512,works sanctioned (7),474,,fuzzy_multi_field,100.0,HIGH,auto_matched
CW_000876,rajya_sabha,works recommended (2),742,works sanctioned (7),728,,fuzzy_multi_field,92.54,HIGH,auto_matched
CW_000815,rajya_sabha,works recommended (2),168,works sanctioned (7),892,,fuzzy_multi_field,88.44,HIGH,auto_matched
CW_000877,rajya_sabha,works recommended (2),157,works sanctioned (7),151,,fuzzy_multi_field,100.0,HIGH,auto_matched
CW_000845,rajya_sabha,works recommended (2),691,works sanctioned (7),690,,fuzzy_multi_field,92.48,HIGH,auto_matched
CW_000878,rajya_sabha,works recommended (2),552,works sanctioned (7),548,,fuzzy_multi_field,98.27,HIGH,auto_matched
CW_000879,rajya_sabha,works recommended (2),1216,works sanctioned (7),1191,,fuzzy_multi_field,100.0,HIGH,auto_matched
CW_000880,rajya_sabha,works recommended (2),1182,works sanctioned (7),1152,,fuzzy_multi_field,88.84,HIGH,auto_matched
CW_000881,rajya_sabha,works recommended (2),324,works sanctioned (7),321,,fuzzy_multi_field,94.43,HIGH,auto_matched
CW_000882,rajya_sabha,works recommended (2),197,works sanctioned (7),189,,fuzzy_multi_field,86.53,HIGH,auto_matched
CW_000883,rajya_sabha,works recommended (2),316,works sanctioned (7),869,,fuzzy_multi_field,85.37,HIGH,auto_matched
CW_000884,rajya_sabha,works recommended (2),206,works sanctioned (7),189,,fuzzy_multi_field,86.18,HIGH,auto_matched
CW_000869,rajya_sabha,works recommended (2),209,works sanctioned (7),196,,fuzzy_multi_field,86.34,HIGH,auto_matched
CW_000885,rajya_sabha,works recommended (2),1433,works sanctioned (7),1408,,fuzzy_multi_field,100.0,HIGH,auto_matched
CW_000886,rajya_sabha,works recommended (2),626,works sanctioned (7),615,,fuzzy_multi_field,85.58,HIGH,auto_matched
CW_000856,rajya_sabha,works recommended (2),596,works sanctioned (7),587,,fuzzy_multi_field,87.7,HIGH,auto_matched
CW_000754,rajya_sabha,works recommended (2),693,works sanctioned (7),685,,fuzzy_multi_field,100.0,HIGH,auto_matched
CW_000887,rajya_sabha,works recommended (2),1237,works sanctioned (7),1206,,fuzzy_multi_field,100.0,HIGH,auto_matched
CW_000564,rajya_sabha,works recommended (2),322,works sanctioned (7),336,,fuzzy_multi_field,92.54,HIGH,auto_matched
CW_000888,rajya_sabha,works recommended (2),644,works sanctioned (7),631,,fuzzy_multi_field,86.06,HIGH,auto_matched
CW_000889,rajya_sabha,works recommended (2),538,works sanctioned (7),530,,fuzzy_multi_field,100.0,HIGH,auto_matched
CW_000865,rajya_sabha,works recommended (2),4,works sanctioned (7),5,,fuzzy_multi_field,99.99,HIGH,auto_matched
CW_000890,rajya_sabha,works recommended (2),318,works sanctioned (7),869,,fuzzy_multi_field,87.08,HIGH,auto_matched
CW_000891,rajya_sabha,works recommended (2),148,works sanctioned (7),145,,fuzzy_multi_field,100.0,HIGH,auto_matched
CW_000892,rajya_sabha,works recommended (2),721,works sanctioned (7),712,,fuzzy_multi_field,91.09,HIGH,auto_matched
CW_000383,rajya_sabha,works recommended (2),1246,works sanctioned (7),1227,,fuzzy_multi_field,100.0,HIGH,auto_matched
CW_000893,rajya_sabha,works recommended (2),443,works sanctioned (7),435,,fuzzy_multi_field,94.8,HIGH,auto_matched
CW_000894,rajya_sabha,works recommended (2),902,works sanctioned (7),1434,,fuzzy_multi_field,85.38,HIGH,auto_matched
CW_000895,rajya_sabha,works recommended (2),653,works sanctioned (7),644,,fuzzy_multi_field,97.14,HIGH,auto_matched
CW_000896,rajya_sabha,works recommended (2),1211,works sanctioned (7),1186,,fuzzy_multi_field,100.0,HIGH,auto_matched
CW_000897,rajya_sabha,works recommended (2),601,works sanctioned (7),573,,fuzzy_multi_field,85.31,HIGH,auto_matched
CW_000898,rajya_sabha,works recommended (2),941,works sanctioned (7),550,,fuzzy_multi_field,90.57,HIGH,auto_matched
CW_000899,rajya_sabha,works recommended (2),929,works sanctioned (7),840,,fuzzy_multi_field,85.36,HIGH,auto_matched
CW_000900,rajya_sabha,works recommended (2),1026,works sanctioned (7),998,,fuzzy_multi_field,85.79,HIGH,auto_matched
CW_000901,rajya_sabha,works recommended (2),567,works sanctioned (7),559,,fuzzy_multi_field,100.0,HIGH,auto_matched
CW_000902,rajya_sabha,works recommended (2),1239,works sanctioned (7),1214,,fuzzy_multi_field,100.0,HIGH,auto_matched
CW_000903,rajya_sabha,works recommended (2),1209,works sanctioned (7),1180,,fuzzy_multi_field,90.5,HIGH,auto_matched
CW_000904,rajya_sabha,works recommended (2),595,works sanctioned (7),587,,fuzzy_multi_field,100.0,HIGH,auto_matched
CW_000905,rajya_sabha,works recommended (2),1267,works sanctioned (7),1242,,fuzzy_multi_field,100.0,HIGH,auto_matched
CW_000906,rajya_sabha,works recommended (2),910,works sanctioned (7),885,,fuzzy_multi_field,86.97,HIGH,auto_matched
CW_000907,rajya_sabha,works recommended (2),873,works sanctioned (7),847,,fuzzy_multi_field,100.0,HIGH,auto_matched
CW_000908,rajya_sabha,works recommended (2),451,works sanctioned (7),446,,fuzzy_multi_field,92.67,HIGH,auto_matched
CW_000909,rajya_sabha,works recommended (2),623,works sanctioned (7),615,,fuzzy_multi_field,100.0,HIGH,auto_matched
CW_000860,rajya_sabha,works recommended (2),720,works sanctioned (7),713,,fuzzy_multi_field,91.79,HIGH,auto_matched
CW_000685,rajya_sabha,works recommended (2),602,works sanctioned (7),574,,fuzzy_multi_field,86.43,HIGH,auto_matched
CW_000742,rajya_sabha,works recommended (2),159,works sanctioned (7),1256,,fuzzy_multi_field,86.77,HIGH,auto_matched
CW_000910,rajya_sabha,works recommended (2),682,works sanctioned (7),673,,fuzzy_multi_field,88.96,HIGH,auto_matched
CW_000911,rajya_sabha,works recommended (2),938,works sanctioned (7),913,,fuzzy_multi_field,100.0,HIGH,auto_matched
CW_000912,rajya_sabha,works recommended (2),1270,works sanctioned (7),1249,,fuzzy_multi_field,97.7,HIGH,auto_matched
CW_000913,rajya_sabha,works recommended (2),438,works sanctioned (7),456,,fuzzy_multi_field,88.73,HIGH,auto_matched
CW_000914,rajya_sabha,works recommended (2),1442,works sanctioned (7),1418,,fuzzy_multi_field,97.39,HIGH,auto_matched
CW_000862,rajya_sabha,works recommended (2),765,works sanctioned (7),771,,fuzzy_multi_field,85.05,HIGH,auto_matched
CW_000854,rajya_sabha,works recommended (2),664,works sanctioned (7),662,,fuzzy_multi_field,89.35,HIGH,auto_matched
CW_000915,rajya_sabha,works recommended (2),84,works sanctioned (7),869,,fuzzy_multi_field,91.23,HIGH,auto_matched
CW_000916,rajya_sabha,works recommended (2),1268,works sanctioned (7),1243,,fuzzy_multi_field,100.0,HIGH,auto_matched
CW_000866,rajya_sabha,works recommended (2),1025,works sanctioned (7),999,,fuzzy_multi_field,100.0,HIGH,auto_matched
CW_000917,rajya_sabha,works recommended (2),802,works sanctioned (7),792,,fuzzy_multi_field,87.21,HIGH,auto_matched
CW_000918,rajya_sabha,works recommended (2),1024,works sanctioned (7),997,,fuzzy_multi_field,87.82,HIGH,auto_matched
CW_000919,rajya_sabha,works recommended (2),764,works sanctioned (7),752,,fuzzy_multi_field,87.06,HIGH,auto_matched
CW_000920,rajya_sabha,works recommended (2),325,works sanctioned (7),321,,fuzzy_multi_field,93.95,HIGH,auto_matched
CW_000921,rajya_sabha,works recommended (2),419,works sanctioned (7),412,,fuzzy_multi_field,100.0,HIGH,auto_matched
CW_000922,rajya_sabha,works recommended (2),1296,works sanctioned (7),1271,,fuzzy_multi_field,100.0,HIGH,auto_matched
CW_000923,rajya_sabha,works recommended (2),843,works sanctioned (7),818,,fuzzy_multi_field,85.33,HIGH,auto_matched
CW_000924,rajya_sabha,works recommended (2),741,works sanctioned (7),728,,fuzzy_multi_field,92.49,HIGH,auto_matched
CW_000925,rajya_sabha,works recommended (2),186,works sanctioned (7),179,,fuzzy_multi_field,100.0,HIGH,auto_matched
CW_000926,rajya_sabha,works recommended (2),214,works sanctioned (7),207,,fuzzy_multi_field,100.0,HIGH,auto_matched
CW_000927,rajya_sabha,works recommended (2),336,works sanctioned (7),319,,fuzzy_multi_field,91.7,HIGH,auto_matched
CW_000928,rajya_sabha,works recommended (2),772,works sanctioned (7),763,,fuzzy_multi_field,100.0,HIGH,auto_matched
CW_000929,rajya_sabha,works recommended (2),58,works sanctioned (7),656,,fuzzy_multi_field,85.38,HIGH,auto_matched
CW_000930,rajya_sabha,works recommended (2),163,works sanctioned (7),894,,fuzzy_multi_field,87.36,HIGH,auto_matched
CW_000931,rajya_sabha,works recommended (2),923,works sanctioned (7),891,,fuzzy_multi_field,92.04,HIGH,auto_matched
CW_000932,rajya_sabha,works recommended (2),149,works sanctioned (7),146,,fuzzy_multi_field,100.0,HIGH,auto_matched
CW_000933,rajya_sabha,works recommended (2),800,works sanctioned (7),791,,fuzzy_multi_field,100.0,HIGH,auto_matched
CW_000934,rajya_sabha,works recommended (2),913,works sanctioned (7),857,,fuzzy_multi_field,85.12,HIGH,auto_matched
CW_000935,rajya_sabha,works recommended (2),207,works sanctioned (7),202,,fuzzy_multi_field,85.32,HIGH,auto_matched
CW_000882,rajya_sabha,works recommended (2),197,works sanctioned (7),190,,fuzzy_multi_field,100.0,HIGH,auto_matched
CW_000936,rajya_sabha,works recommended (2),773,works sanctioned (7),764,,fuzzy_multi_field,100.0,HIGH,auto_matched
CW_000937,rajya_sabha,works recommended (2),1445,works sanctioned (7),1419,,fuzzy_multi_field,87.59,HIGH,auto_matched
CW_000938,rajya_sabha,works recommended (2),150,works sanctioned (7),147,,fuzzy_multi_field,100.0,HIGH,auto_matched
CW_000939,rajya_sabha,works recommended (2),801,works sanctioned (7),792,,fuzzy_multi_field,100.0,HIGH,auto_matched
CW_000940,rajya_sabha,works recommended (2),338,works sanctioned (7),319,,fuzzy_multi_field,94.19,HIGH,auto_matched
CW_000941,rajya_sabha,works recommended (2),740,works sanctioned (7),728,,fuzzy_multi_field,92.0,HIGH,auto_matched
CW_000942,rajya_sabha,works recommended (2),414,works sanctioned (7),407,,fuzzy_multi_field,100.0,HIGH,auto_matched
CW_000943,rajya_sabha,works recommended (2),170,works sanctioned (7),169,,fuzzy_multi_field,88.98,HIGH,auto_matched
CW_000944,rajya_sabha,works recommended (2),577,works sanctioned (7),612,,fuzzy_multi_field,88.88,HIGH,auto_matched
CW_000945,rajya_sabha,works recommended (2),698,works sanctioned (7),683,,fuzzy_multi_field,92.48,HIGH,auto_matched
CW_000946,rajya_sabha,works recommended (2),442,works sanctioned (7),435,,fuzzy_multi_field,100.0,HIGH,auto_matched
CW_000947,rajya_sabha,works recommended (2),647,works sanctioned (7),639,,fuzzy_multi_field,100.0,HIGH,auto_matched
CW_000948,rajya_sabha,works recommended (2),1415,works sanctioned (7),1390,,fuzzy_multi_field,100.0,HIGH,auto_matched
CW_000949,rajya_sabha,works recommended (2),624,works sanctioned (7),615,,fuzzy_multi_field,97.69,HIGH,auto_matched
CW_000950,rajya_sabha,works recommended (2),1180,works sanctioned (7),1152,,fuzzy_multi_field,88.73,HIGH,auto_matched
CW_000951,rajya_sabha,works recommended (2),1269,works sanctioned (7),1244,,fuzzy_multi_field,100.0,HIGH,auto_matched
CW_000952,rajya_sabha,works recommended (2),939,works sanctioned (7),913,,fuzzy_multi_field,85.97,HIGH,auto_matched
CW_000953,rajya_sabha,works recommended (2),771,works sanctioned (7),763,,fuzzy_multi_field,95.85,HIGH,auto_matched
CW_000954,rajya_sabha,works recommended (2),439,works sanctioned (7),456,,fuzzy_multi_field,85.87,HIGH,auto_matched
CW_000955,rajya_sabha,works recommended (2),1443,works sanctioned (7),1418,,fuzzy_multi_field,100.0,HIGH,auto_matched
CW_000956,rajya_sabha,works recommended (2),1208,works sanctioned (7),1180,,fuzzy_multi_field,88.17,HIGH,auto_matched
CW_000843,rajya_sabha,works recommended (2),1297,works sanctioned (7),1272,,fuzzy_multi_field,100.0,HIGH,auto_matched
CW_000957,rajya_sabha,works recommended (2),1347,works sanctioned (7),1322,,fuzzy_multi_field,100.0,HIGH,auto_matched
CW_000893,rajya_sabha,works recommended (2),443,works sanctioned (7),436,,fuzzy_multi_field,100.0,HIGH,auto_matched
CW_000958,rajya_sabha,works recommended (2),871,works sanctioned (7),845,,fuzzy_multi_field,100.0,HIGH,auto_matched
CW_000959,rajya_sabha,works recommended (2),192,works sanctioned (7),185,,fuzzy_multi_field,100.0,HIGH,auto_matched
CW_000960,rajya_sabha,works recommended (2),1193,works sanctioned (7),1169,,fuzzy_multi_field,91.88,HIGH,auto_matched
CW_000961,rajya_sabha,works recommended (2),1266,works sanctioned (7),1241,,fuzzy_multi_field,100.0,HIGH,auto_matched
CW_000962,rajya_sabha,works recommended (2),337,works sanctioned (7),319,,fuzzy_multi_field,92.6,HIGH,auto_matched
CW_000963,rajya_sabha,works recommended (2),317,works sanctioned (7),311,,fuzzy_multi_field,89.97,HIGH,auto_matched
CW_000893,rajya_sabha,works recommended (2),443,works sanctioned (7),441,,fuzzy_multi_field,85.0,HIGH,auto_matched
CW_000883,rajya_sabha,works recommended (2),316,works sanctioned (7),309,,fuzzy_multi_field,100.0,HIGH,auto_matched
CW_000909,rajya_sabha,works recommended (2),623,works sanctioned (7),616,,fuzzy_multi_field,97.69,HIGH,auto_matched
CW_000943,rajya_sabha,works recommended (2),170,works sanctioned (7),163,,fuzzy_multi_field,91.15,HIGH,auto_matched
CW_000911,rajya_sabha,works recommended (2),938,works sanctioned (7),914,,fuzzy_multi_field,85.97,HIGH,auto_matched
CW_000964,rajya_sabha,works recommended (2),454,works sanctioned (7),439,,fuzzy_multi_field,89.28,HIGH,auto_matched
CW_000965,rajya_sabha,works recommended (2),1349,works sanctioned (7),1322,,fuzzy_multi_field,96.96,HIGH,auto_matched
CW_000966,rajya_sabha,works recommended (2),928,works sanctioned (7),902,,fuzzy_multi_field,100.0,HIGH,auto_matched
CW_000919,rajya_sabha,works recommended (2),764,works sanctioned (7),753,,fuzzy_multi_field,86.14,HIGH,auto_matched
CW_000685,rajya_sabha,works recommended (2),602,works sanctioned (7),580,,fuzzy_multi_field,85.57,HIGH,auto_matched
CW_000946,rajya_sabha,works recommended (2),442,works sanctioned (7),442,,fuzzy_multi_field,85.73,HIGH,auto_matched
CW_000967,rajya_sabha,works recommended (2),171,works sanctioned (7),169,,fuzzy_multi_field,87.55,HIGH,auto_matched
CW_000968,rajya_sabha,works recommended (2),1416,works sanctioned (7),1391,,fuzzy_multi_field,100.0,HIGH,auto_matched
CW_000969,rajya_sabha,works recommended (2),600,works sanctioned (7),574,,fuzzy_multi_field,86.66,HIGH,auto_matched
CW_000970,rajya_sabha,works recommended (2),466,works sanctioned (7),430,,fuzzy_multi_field,85.38,HIGH,auto_matched
CW_000971,rajya_sabha,works recommended (2),178,works sanctioned (7),187,,fuzzy_multi_field,85.42,HIGH,auto_matched
CW_000972,rajya_sabha,works recommended (2),162,works sanctioned (7),893,,fuzzy_multi_field,89.35,HIGH,auto_matched
CW_000973,rajya_sabha,works recommended (2),350,works sanctioned (7),317,,fuzzy_multi_field,96.3,HIGH,auto_matched
CW_000974,rajya_sabha,works recommended (2),762,works sanctioned (7),752,,fuzzy_multi_field,97.52,HIGH,auto_matched
CW_000896,rajya_sabha,works recommended (2),1211,works sanctioned (7),1194,,fuzzy_multi_field,86.95,HIGH,auto_matched
CW_000975,rajya_sabha,works recommended (2),818,works sanctioned (7),823,,fuzzy_multi_field,86.61,HIGH,auto_matched
CW_000965,rajya_sabha,works recommended (2),1349,works sanctioned (7),1324,,fuzzy_multi_field,100.0,HIGH,auto_matched
CW_000976,rajya_sabha,works recommended (2),1348,works sanctioned (7),1322,,fuzzy_multi_field,96.96,HIGH,auto_matched
CW_000937,rajya_sabha,works recommended (2),1445,works sanctioned (7),1420,,fuzzy_multi_field,100.0,HIGH,auto_matched
CW_000977,rajya_sabha,works recommended (2),646,works sanctioned (7),639,,fuzzy_multi_field,92.84,HIGH,auto_matched
CW_000978,rajya_sabha,works recommended (2),896,works sanctioned (7),901,,fuzzy_multi_field,85.46,HIGH,auto_matched
CW_000979,rajya_sabha,works recommended (2),1240,works sanctioned (7),1215,,fuzzy_multi_field,100.0,HIGH,auto_matched
CW_000980,rajya_sabha,works recommended (2),1019,works sanctioned (7),993,,fuzzy_multi_field,100.0,HIGH,auto_matched
CW_000981,rajya_sabha,works recommended (2),560,works sanctioned (7),554,,fuzzy_multi_field,85.92,HIGH,auto_matched
CW_000963,rajya_sabha,works recommended (2),317,works sanctioned (7),310,,fuzzy_multi_field,100.0,HIGH,auto_matched
CW_000943,rajya_sabha,works recommended (2),170,works sanctioned (7),170,,fuzzy_multi_field,86.98,HIGH,auto_matched
CW_000982,rajya_sabha,works recommended (2),1194,works sanctioned (7),1169,,fuzzy_multi_field,100.0,HIGH,auto_matched
CW_000983,rajya_sabha,works recommended (2),169,works sanctioned (7),168,,fuzzy_multi_field,89.13,HIGH,auto_matched
CW_000984,rajya_sabha,works recommended (2),921,works sanctioned (7),891,,fuzzy_multi_field,93.34,HIGH,auto_matched
CW_000985,rajya_sabha,works recommended (2),694,works sanctioned (7),683,,fuzzy_multi_field,91.06,HIGH,auto_matched
CW_000763,rajya_sabha,works recommended (2),920,works sanctioned (7),889,,fuzzy_multi_field,91.13,HIGH,auto_matched
CW_000986,rajya_sabha,works recommended (2),550,works sanctioned (7),542,,fuzzy_multi_field,100.0,HIGH,auto_matched
CW_000947,rajya_sabha,works recommended (2),647,works sanctioned (7),640,,fuzzy_multi_field,88.78,HIGH,auto_matched
CW_000869,rajya_sabha,works recommended (2),209,works sanctioned (7),203,,fuzzy_multi_field,85.32,HIGH,auto_matched
CW_000987,rajya_sabha,works recommended (2),1210,works sanctioned (7),1187,,fuzzy_multi_field,88.01,HIGH,auto_matched
CW_000617,rajya_sabha,works recommended (2),845,works sanctioned (7),803,,fuzzy_multi_field,86.61,HIGH,auto_matched
CW_000988,rajya_sabha,works recommended (2),578,works sanctioned (7),570,,fuzzy_multi_field,100.0,HIGH,auto_matched
CW_000989,rajya_sabha,works recommended (2),667,works sanctioned (7),662,,fuzzy_multi_field,100.0,HIGH,auto_matched
CW_000990,rajya_sabha,works recommended (2),784,works sanctioned (7),768,,fuzzy_multi_field,86.1,HIGH,auto_matched
CW_000954,rajya_sabha,works recommended (2),439,works sanctioned (7),457,,fuzzy_multi_field,85.94,HIGH,auto_matched
CW_000991,rajya_sabha,works recommended (2),746,works sanctioned (7),728,,fuzzy_multi_field,91.48,HIGH,auto_matched
CW_000992,rajya_sabha,works recommended (2),1200,works sanctioned (7),1175,,fuzzy_multi_field,100.0,HIGH,auto_matched
CW_000941,rajya_sabha,works recommended (2),740,works sanctioned (7),734,,fuzzy_multi_field,94.25,HIGH,auto_matched
CW_000764,rajya_sabha,works recommended (2),470,works sanctioned (7),463,,fuzzy_multi_field,100.0,HIGH,auto_matched
CW_000993,rajya_sabha,works recommended (2),559,works sanctioned (7),555,,fuzzy_multi_field,96.34,HIGH,auto_matched
CW_000994,rajya_sabha,works recommended (2),761,works sanctioned (7),752,,fuzzy_multi_field,100.0,HIGH,auto_matched
CW_000995,rajya_sabha,works recommended (2),1186,works sanctioned (7),1152,,fuzzy_multi_field,88.26,HIGH,auto_matched
CW_000996,rajya_sabha,works recommended (2),727,works sanctioned (7),713,,fuzzy_multi_field,86.09,HIGH,auto_matched
CW_000997,rajya_sabha,works recommended (2),696,works sanctioned (7),683,,fuzzy_multi_field,91.76,HIGH,auto_matched
CW_000998,rajya_sabha,works recommended (2),872,works sanctioned (7),907,,fuzzy_multi_field,85.12,HIGH,auto_matched
CW_000925,rajya_sabha,works recommended (2),186,works sanctioned (7),192,,fuzzy_multi_field,96.47,HIGH,auto_matched
CW_000999,rajya_sabha,works recommended (2),782,works sanctioned (7),767,,fuzzy_multi_field,88.42,HIGH,auto_matched
CW_001000,rajya_sabha,works recommended (2),437,works sanctioned (7),456,,fuzzy_multi_field,88.2,HIGH,auto_matched
CW_001001,rajya_sabha,works recommended (2),748,works sanctioned (7),728,,fuzzy_multi_field,92.58,HIGH,auto_matched
CW_001002,rajya_sabha,works recommended (2),697,works sanctioned (7),684,,fuzzy_multi_field,91.41,HIGH,auto_matched
CW_001003,rajya_sabha,works recommended (2),453,works sanctioned (7),438,,fuzzy_multi_field,90.24,HIGH,auto_matched
CW_000890,rajya_sabha,works recommended (2),318,works sanctioned (7),141,,fuzzy_multi_field,92.29,HIGH,auto_matched
CW_000965,rajya_sabha,works recommended (2),1349,works sanctioned (7),1323,,fuzzy_multi_field,96.71,HIGH,auto_matched
CW_001004,rajya_sabha,works recommended (2),1437,works sanctioned (7),1421,,fuzzy_multi_field,85.53,HIGH,auto_matched
CW_000988,rajya_sabha,works recommended (2),578,works sanctioned (7),564,,fuzzy_multi_field,85.78,HIGH,auto_matched
CW_001005,rajya_sabha,works recommended (2),1191,works sanctioned (7),1169,,fuzzy_multi_field,90.14,HIGH,auto_matched
CW_000763,rajya_sabha,works recommended (2),920,works sanctioned (7),896,,fuzzy_multi_field,89.06,HIGH,auto_matched
CW_001006,rajya_sabha,works recommended (2),551,works sanctioned (7),543,,fuzzy_multi_field,100.0,HIGH,auto_matched
CW_001007,rajya_sabha,works recommended (2),756,works sanctioned (7),747,,fuzzy_multi_field,100.0,HIGH,auto_matched
CW_001008,rajya_sabha,works recommended (2),452,works sanctioned (7),439,,fuzzy_multi_field,85.24,HIGH,auto_matched
CW_001009,rajya_sabha,works recommended (2),675,works sanctioned (7),667,,fuzzy_multi_field,100.0,HIGH,auto_matched
CW_001010,rajya_sabha,works recommended (2),703,works sanctioned (7),695,,fuzzy_multi_field,100.0,HIGH,auto_matched
CW_001011,rajya_sabha,works recommended (2),892,works sanctioned (7),863,,fuzzy_multi_field,89.24,HIGH,auto_matched
CW_001012,rajya_sabha,works recommended (2),1224,works sanctioned (7),1199,,fuzzy_multi_field,100.0,HIGH,auto_matched
CW_001013,rajya_sabha,works recommended (2),521,works sanctioned (7),514,,fuzzy_multi_field,100.0,HIGH,auto_matched
CW_001014,rajya_sabha,works recommended (2),726,works sanctioned (7),718,,fuzzy_multi_field,100.0,HIGH,auto_matched
CW_001015,rajya_sabha,works recommended (2),210,works sanctioned (7),196,,fuzzy_multi_field,90.33,HIGH,auto_matched
CW_001016,rajya_sabha,works recommended (2),676,works sanctioned (7),668,,fuzzy_multi_field,100.0,HIGH,auto_matched
CW_001017,rajya_sabha,works recommended (2),545,works sanctioned (7),734,,fuzzy_multi_field,85.84,HIGH,auto_matched
CW_001018,rajya_sabha,works recommended (2),704,works sanctioned (7),696,,fuzzy_multi_field,100.0,HIGH,auto_matched
CW_001019,rajya_sabha,works recommended (2),426,works sanctioned (7),419,,fuzzy_multi_field,100.0,HIGH,auto_matched
CW_001020,rajya_sabha,works recommended (2),770,works sanctioned (7),764,,fuzzy_multi_field,86.82,HIGH,auto_matched
CW_001021,rajya_sabha,works recommended (2),862,works sanctioned (7),834,,fuzzy_multi_field,85.49,HIGH,auto_matched
CW_001022,rajya_sabha,works recommended (2),522,works sanctioned (7),515,,fuzzy_multi_field,100.0,HIGH,auto_matched
CW_000982,rajya_sabha,works recommended (2),1194,works sanctioned (7),1170,,fuzzy_multi_field,90.71,HIGH,auto_matched
CW_001023,rajya_sabha,works recommended (2),732,works sanctioned (7),724,,fuzzy_multi_field,100.0,HIGH,auto_matched
CW_001024,rajya_sabha,works recommended (2),527,works sanctioned (7),519,,fuzzy_multi_field,93.65,HIGH,auto_matched
CW_000857,rajya_sabha,works recommended (2),469,works sanctioned (7),471,,fuzzy_multi_field,87.47,HIGH,auto_matched
CW_000899,rajya_sabha,works recommended (2),929,works sanctioned (7),903,,fuzzy_multi_field,100.0,HIGH,auto_matched
CW_001025,rajya_sabha,works recommended (2),883,works sanctioned (7),857,,fuzzy_multi_field,100.0,HIGH,auto_matched
CW_001026,rajya_sabha,works recommended (2),668,works sanctioned (7),656,,fuzzy_multi_field,89.35,HIGH,auto_matched
CW_001027,rajya_sabha,works recommended (2),777,works sanctioned (7),756,,fuzzy_multi_field,85.05,HIGH,auto_matched
CW_001028,rajya_sabha,works recommended (2),1192,works sanctioned (7),1169,,fuzzy_multi_field,87.43,HIGH,auto_matched
CW_001029,rajya_sabha,works recommended (2),1281,works sanctioned (7),1261,,fuzzy_multi_field,91.86,HIGH,auto_matched
CW_001030,rajya_sabha,works recommended (2),863,works sanctioned (7),840,,fuzzy_multi_field,85.96,HIGH,auto_matched
CW_001031,rajya_sabha,works recommended (2),665,works sanctioned (7),662,,fuzzy_multi_field,85.41,HIGH,auto_matched
CW_000833,rajya_sabha,works recommended (2),450,works sanctioned (7),461,,fuzzy_multi_field,86.01,HIGH,auto_matched
CW_001032,rajya_sabha,works recommended (2),744,works sanctioned (7),728,,fuzzy_multi_field,93.13,HIGH,auto_matched
CW_001033,rajya_sabha,works recommended (2),853,works sanctioned (7),828,,fuzzy_multi_field,100.0,HIGH,auto_matched
CW_001004,rajya_sabha,works recommended (2),1437,works sanctioned (7),1422,,fuzzy_multi_field,85.18,HIGH,auto_matched
CW_001034,rajya_sabha,works recommended (2),1184,works sanctioned (7),1152,,fuzzy_multi_field,90.49,HIGH,auto_matched
CW_001035,rajya_sabha,works recommended (2),834,works sanctioned (7),813,,fuzzy_multi_field,100.0,HIGH,auto_matched
CW_001036,rajya_sabha,works recommended (2),1279,works sanctioned (7),900,,fuzzy_multi_field,86.36,HIGH,auto_matched
CW_001037,rajya_sabha,works recommended (2),783,works sanctioned (7),775,,fuzzy_multi_field,89.47,HIGH,auto_matched
CW_001038,rajya_sabha,works recommended (2),211,works sanctioned (7),196,,fuzzy_multi_field,91.91,HIGH,auto_matched
CW_001039,rajya_sabha,works recommended (2),1447,works sanctioned (7),1418,,fuzzy_multi_field,90.14,HIGH,auto_matched
CW_001040,rajya_sabha,works recommended (2),639,works sanctioned (7),634,,fuzzy_multi_field,89.25,HIGH,auto_matched
CW_001041,rajya_sabha,works recommended (2),811,works sanctioned (7),797,,fuzzy_multi_field,100.0,HIGH,auto_matched
CW_000897,rajya_sabha,works recommended (2),601,works sanctioned (7),594,,fuzzy_multi_field,96.92,HIGH,auto_matched
CW_001042,rajya_sabha,works recommended (2),660,works sanctioned (7),652,,fuzzy_multi_field,100.0,HIGH,auto_matched
CW_001043,rajya_sabha,works recommended (2),659,works sanctioned (7),650,,fuzzy_multi_field,85.65,HIGH,auto_matched
CW_001006,rajya_sabha,works recommended (2),551,works sanctioned (7),544,,fuzzy_multi_field,98.16,HIGH,auto_matched
CW_001007,rajya_sabha,works recommended (2),756,works sanctioned (7),748,,fuzzy_multi_field,92.15,HIGH,auto_matched
CW_001044,rajya_sabha,works recommended (2),1428,works sanctioned (7),1403,,fuzzy_multi_field,100.0,HIGH,auto_matched
CW_001045,rajya_sabha,works recommended (2),637,works sanctioned (7),628,,fuzzy_multi_field,87.85,HIGH,auto_matched
CW_001046,rajya_sabha,works recommended (2),1222,works sanctioned (7),1197,,fuzzy_multi_field,100.0,HIGH,auto_matched
CW_001047,rajya_sabha,works recommended (2),695,works sanctioned (7),684,,fuzzy_multi_field,91.2,HIGH,auto_matched
CW_001048,rajya_sabha,works recommended (2),776,works sanctioned (7),770,,fuzzy_multi_field,87.08,HIGH,auto_matched
CW_000836,rajya_sabha,works recommended (2),194,works sanctioned (7),171,,fuzzy_multi_field,85.42,HIGH,auto_matched
CW_000685,rajya_sabha,works recommended (2),602,works sanctioned (7),595,,fuzzy_multi_field,90.69,HIGH,auto_matched
CW_001049,rajya_sabha,works recommended (2),1223,works sanctioned (7),1198,,fuzzy_multi_field,100.0,HIGH,auto_matched
CW_001050,rajya_sabha,works recommended (2),747,works sanctioned (7),729,,fuzzy_multi_field,90.97,HIGH,auto_matched
CW_001051,rajya_sabha,works recommended (2),6,works sanctioned (7),4,,fuzzy_multi_field,99.99,HIGH,auto_matched
CW_001052,rajya_sabha,works recommended (2),205,works sanctioned (7),198,,fuzzy_multi_field,100.0,HIGH,auto_matched
CW_001053,rajya_sabha,works recommended (2),199,works sanctioned (7),204,,fuzzy_multi_field,86.15,HIGH,auto_matched
CW_001054,rajya_sabha,works recommended (2),636,works sanctioned (7),907,,fuzzy_multi_field,88.54,HIGH,auto_matched
CW_000925,rajya_sabha,works recommended (2),186,works sanctioned (7),200,,fuzzy_multi_field,85.48,HIGH,auto_matched
CW_001036,rajya_sabha,works recommended (2),1279,works sanctioned (7),1254,,fuzzy_multi_field,100.0,HIGH,auto_matched
CW_001055,rajya_sabha,works recommended (2),1241,works sanctioned (7),1214,,fuzzy_multi_field,96.04,HIGH,auto_matched
CW_001056,rajya_sabha,works recommended (2),425,works sanctioned (7),418,,fuzzy_multi_field,100.0,HIGH,auto_matched
CW_001057,rajya_sabha,works recommended (2),638,works sanctioned (7),634,,fuzzy_multi_field,86.52,HIGH,auto_matched
CW_000982,rajya_sabha,works recommended (2),1194,works sanctioned (7),1171,,fuzzy_multi_field,85.13,HIGH,auto_matched
CW_001058,rajya_sabha,works recommended (2),854,works sanctioned (7),829,,fuzzy_multi_field,100.0,HIGH,auto_matched
CW_001059,rajya_sabha,works recommended (2),1276,works sanctioned (7),137,,fuzzy_multi_field,85.64,HIGH,auto_matched
CW_001060,rajya_sabha,works recommended (2),1282,works sanctioned (7),1261,,fuzzy_multi_field,94.15,HIGH,auto_matched
CW_001061,rajya_sabha,works recommended (2),357,works sanctioned (7),350,,fuzzy_multi_field,100.0,HIGH,auto_matched
CW_001062,rajya_sabha,works recommended (2),183,works sanctioned (7),175,,fuzzy_multi_field,88.42,HIGH,auto_matched
CW_001063,rajya_sabha,works recommended (2),175,works sanctioned (7),169,,fuzzy_multi_field,100.0,HIGH,auto_matched
CW_001064,rajya_sabha,works recommended (2),1183,works sanctioned (7),1157,,fuzzy_multi_field,88.18,HIGH,auto_matched
CW_001065,rajya_sabha,works recommended (2),1280,works sanctioned (7),1255,,fuzzy_multi_field,100.0,HIGH,auto_matched
CW_001066,rajya_sabha,works recommended (2),468,works sanctioned (7),445,,fuzzy_multi_field,85.46,HIGH,auto_matched
CW_001067,rajya_sabha,works recommended (2),1212,works sanctioned (7),1187,,fuzzy_multi_field,100.0,HIGH,auto_matched
CW_001068,rajya_sabha,works recommended (2),86,works sanctioned (7),869,,fuzzy_multi_field,86.17,HIGH,auto_matched
CW_001069,rajya_sabha,works recommended (2),1308,works sanctioned (7),1283,,fuzzy_multi_field,100.0,HIGH,auto_matched
CW_001070,rajya_sabha,works recommended (2),59,works sanctioned (7),56,,fuzzy_multi_field,99.99,HIGH,auto_matched
CW_001071,rajya_sabha,works recommended (2),1274,works sanctioned (7),1244,,fuzzy_multi_field,96.81,HIGH,auto_matched
CW_001072,rajya_sabha,works recommended (2),462,works sanctioned (7),459,,fuzzy_multi_field,85.08,HIGH,auto_matched
CW_000222,rajya_sabha,works recommended (2),441,works sanctioned (7),449,,fuzzy_multi_field,89.31,HIGH,auto_matched
CW_001042,rajya_sabha,works recommended (2),660,works sanctioned (7),651,,fuzzy_multi_field,87.32,HIGH,auto_matched
CW_001073,rajya_sabha,works recommended (2),882,works sanctioned (7),856,,fuzzy_multi_field,100.0,HIGH,auto_matched
CW_001074,rajya_sabha,works recommended (2),926,works sanctioned (7),311,,fuzzy_multi_field,86.42,HIGH,auto_matched
CW_001075,rajya_sabha,works recommended (2),835,works sanctioned (7),813,,fuzzy_multi_field,85.35,HIGH,auto_matched
CW_001076,rajya_sabha,works recommended (2),1456,works sanctioned (7),1430,,fuzzy_multi_field,93.06,HIGH,auto_matched
CW_001077,rajya_sabha,works recommended (2),542,works sanctioned (7),532,,fuzzy_multi_field,90.6,HIGH,auto_matched
CW_000268,rajya_sabha,works recommended (2),1316,works sanctioned (7),1337,,fuzzy_multi_field,85.31,HIGH,auto_matched
CW_001078,rajya_sabha,works recommended (2),630,works sanctioned (7),622,,fuzzy_multi_field,100.0,HIGH,auto_matched
CW_001079,rajya_sabha,works recommended (2),146,works sanctioned (7),311,,fuzzy_multi_field,93.74,HIGH,auto_matched
CW_001080,rajya_sabha,works recommended (2),666,works sanctioned (7),656,,fuzzy_multi_field,87.79,HIGH,auto_matched
CW_001081,rajya_sabha,works recommended (2),658,works sanctioned (7),650,,fuzzy_multi_field,100.0,HIGH,auto_matched
CW_000776,rajya_sabha,works recommended (2),686,works sanctioned (7),678,,fuzzy_multi_field,100.0,HIGH,auto_matched
CW_001082,rajya_sabha,works recommended (2),535,works sanctioned (7),527,,fuzzy_multi_field,100.0,HIGH,auto_matched
CW_000493,rajya_sabha,works recommended (2),648,works sanctioned (7),638,,fuzzy_multi_field,85.01,HIGH,auto_matched
CW_000999,rajya_sabha,works recommended (2),782,works sanctioned (7),774,,fuzzy_multi_field,86.84,HIGH,auto_matched
CW_000982,rajya_sabha,works recommended (2),1194,works sanctioned (7),1178,,fuzzy_multi_field,85.82,HIGH,auto_matched
CW_000915,rajya_sabha,works recommended (2),84,works sanctioned (7),86,,fuzzy_multi_field,85.94,HIGH,auto_matched
CW_001083,rajya_sabha,works recommended (2),563,works sanctioned (7),555,,fuzzy_multi_field,100.0,HIGH,auto_matched
CW_001084,rajya_sabha,works recommended (2),1242,works sanctioned (7),1214,,fuzzy_multi_field,91.22,HIGH,auto_matched
CW_001085,rajya_sabha,works recommended (2),629,works sanctioned (7),623,,fuzzy_multi_field,92.05,HIGH,auto_matched
CW_001062,rajya_sabha,works recommended (2),183,works sanctioned (7),174,,fuzzy_multi_field,85.26,HIGH,auto_matched
CW_001086,rajya_sabha,works recommended (2),687,works sanctioned (7),679,,fuzzy_multi_field,100.0,HIGH,auto_matched
CW_001087,rajya_sabha,works recommended (2),5,works sanctioned (7),4,,fuzzy_multi_field,99.99,HIGH,auto_matched
CW_001088,rajya_sabha,works recommended (2),56,works sanctioned (7),56,,fuzzy_multi_field,100.0,HIGH,auto_matched
CW_001089,rajya_sabha,works recommended (2),715,works sanctioned (7),707,,fuzzy_multi_field,100.0,HIGH,auto_matched
CW_001090,rajya_sabha,works recommended (2),1273,works sanctioned (7),1249,,fuzzy_multi_field,98.74,HIGH,auto_matched
CW_001076,rajya_sabha,works recommended (2),1456,works sanctioned (7),1437,,fuzzy_multi_field,90.25,HIGH,auto_matched
CW_001091,rajya_sabha,works recommended (2),884,works sanctioned (7),858,,fuzzy_multi_field,100.0,HIGH,auto_matched
CW_001092,rajya_sabha,works recommended (2),657,works sanctioned (7),650,,fuzzy_multi_field,89.38,HIGH,auto_matched
CW_001093,rajya_sabha,works recommended (2),204,works sanctioned (7),197,,fuzzy_multi_field,100.0,HIGH,auto_matched
CW_001094,rajya_sabha,works recommended (2),182,works sanctioned (7),175,,fuzzy_multi_field,100.0,HIGH,auto_matched
CW_000685,rajya_sabha,works recommended (2),602,works sanctioned (7),601,,fuzzy_multi_field,86.34,HIGH,auto_matched
CW_001095,rajya_sabha,works recommended (2),1271,works sanctioned (7),1249,,fuzzy_multi_field,98.1,HIGH,auto_matched
CW_000193,rajya_sabha,works recommended (2),912,works sanctioned (7),886,,fuzzy_multi_field,100.0,HIGH,auto_matched
CW_001096,rajya_sabha,works recommended (2),172,works sanctioned (7),163,,fuzzy_multi_field,90.03,HIGH,auto_matched
CW_001097,rajya_sabha,works recommended (2),865,works sanctioned (7),903,,fuzzy_multi_field,86.2,HIGH,auto_matched
CW_001098,rajya_sabha,works recommended (2),356,works sanctioned (7),349,,fuzzy_multi_field,100.0,HIGH,auto_matched
CW_001099,rajya_sabha,works recommended (2),440,works sanctioned (7),457,,fuzzy_multi_field,85.87,HIGH,auto_matched
CW_001048,rajya_sabha,works recommended (2),776,works sanctioned (7),765,,fuzzy_multi_field,91.01,HIGH,auto_matched
CW_001100,rajya_sabha,works recommended (2),628,works sanctioned (7),623,,fuzzy_multi_field,92.16,HIGH,auto_matched
CW_001064,rajya_sabha,works recommended (2),1183,works sanctioned (7),1158,,fuzzy_multi_field,100.0,HIGH,auto_matched
CW_001101,rajya_sabha,works recommended (2),543,works sanctioned (7),532,,fuzzy_multi_field,92.4,HIGH,auto_matched
CW_001102,rajya_sabha,works recommended (2),1207,works sanctioned (7),1181,,fuzzy_multi_field,90.69,HIGH,auto_matched
CW_001070,rajya_sabha,works recommended (2),59,works sanctioned (7),57,,fuzzy_multi_field,97.34,HIGH,auto_matched
CW_001103,rajya_sabha,works recommended (2),176,works sanctioned (7),163,,fuzzy_multi_field,85.84,HIGH,auto_matched
CW_001104,rajya_sabha,works recommended (2),166,works sanctioned (7),894,,fuzzy_multi_field,86.02,HIGH,auto_matched
CW_001105,rajya_sabha,works recommended (2),710,works sanctioned (7),702,,fuzzy_multi_field,100.0,HIGH,auto_matched
CW_001106,rajya_sabha,works recommended (2),827,works sanctioned (7),808,,fuzzy_multi_field,100.0,HIGH,auto_matched
CW_001107,rajya_sabha,works recommended (2),769,works sanctioned (7),760,,fuzzy_multi_field,100.0,HIGH,auto_matched
CW_000575,rajya_sabha,works recommended (2),738,works sanctioned (7),730,,fuzzy_multi_field,100.0,HIGH,auto_matched
CW_001108,rajya_sabha,works recommended (2),145,works sanctioned (7),141,,fuzzy_multi_field,85.94,HIGH,auto_matched
CW_001109,rajya_sabha,works recommended (2),804,works sanctioned (7),792,,fuzzy_multi_field,88.2,HIGH,auto_matched
CW_001076,rajya_sabha,works recommended (2),1456,works sanctioned (7),1431,,fuzzy_multi_field,100.0,HIGH,auto_matched
CW_001067,rajya_sabha,works recommended (2),1212,works sanctioned (7),1193,,fuzzy_multi_field,85.08,HIGH,auto_matched
CW_001110,rajya_sabha,works recommended (2),445,works sanctioned (7),435,,fuzzy_multi_field,90.3,HIGH,auto_matched
CW_000280,rajya_sabha,works recommended (2),739,works sanctioned (7),731,,fuzzy_multi_field,94.33,HIGH,auto_matched
CW_001111,rajya_sabha,works recommended (2),825,works sanctioned (7),807,,fuzzy_multi_field,100.0,HIGH,auto_matched
CW_000760,rajya_sabha,works recommended (2),1178,works sanctioned (7),1153,,fuzzy_multi_field,100.0,HIGH,auto_matched
CW_001112,rajya_sabha,works recommended (2),143,works sanctioned (7),140,,fuzzy_multi_field,100.0,HIGH,auto_matched
CW_001113,rajya_sabha,works recommended (2),935,works sanctioned (7),909,,fuzzy_multi_field,100.0,HIGH,auto_matched
CW_000765,rajya_sabha,works recommended (2),689,works sanctioned (7),686,,fuzzy_multi_field,88.03,HIGH,auto_matched
CW_001102,rajya_sabha,works recommended (2),1207,works sanctioned (7),1183,,fuzzy_multi_field,89.41,HIGH,auto_matched
CW_001114,rajya_sabha,works recommended (2),1206,works sanctioned (7),1181,,fuzzy_multi_field,100.0,HIGH,auto_matched
CW_001115,rajya_sabha,works recommended (2),1272,works sanctioned (7),1249,,fuzzy_multi_field,99.05,HIGH,auto_matched
CW_001116,rajya_sabha,works recommended (2),540,works sanctioned (7),532,,fuzzy_multi_field,100.0,HIGH,auto_matched
CW_000739,rajya_sabha,works recommended (2),196,works sanctioned (7),411,,fuzzy_multi_field,87.05,HIGH,auto_matched
CW_001117,rajya_sabha,works recommended (2),855,works sanctioned (7),830,,fuzzy_multi_field,100.0,HIGH,auto_matched
CW_001118,rajya_sabha,works recommended (2),847,works sanctioned (7),824,,fuzzy_multi_field,100.0,HIGH,auto_matched
CW_001119,rajya_sabha,works recommended (2),590,works sanctioned (7),582,,fuzzy_multi_field,100.0,HIGH,auto_matched
CW_001120,rajya_sabha,works recommended (2),1262,works sanctioned (7),1237,,fuzzy_multi_field,100.0,HIGH,auto_matched
CW_000620,rajya_sabha,works recommended (2),1177,works sanctioned (7),1154,,fuzzy_multi_field,89.64,HIGH,auto_matched
CW_001121,rajya_sabha,works recommended (2),165,works sanctioned (7),157,,fuzzy_multi_field,85.87,HIGH,auto_matched
CW_001122,rajya_sabha,works recommended (2),895,works sanctioned (7),868,,fuzzy_multi_field,91.86,HIGH,auto_matched
CW_001006,rajya_sabha,works recommended (2),551,works sanctioned (7),1247,,fuzzy_multi_field,85.82,HIGH,auto_matched
CW_001123,rajya_sabha,works recommended (2),436,works sanctioned (7),429,,fuzzy_multi_field,100.0,HIGH,auto_matched
CW_001124,rajya_sabha,works recommended (2),1205,works sanctioned (7),1182,,fuzzy_multi_field,89.89,HIGH,auto_matched
CW_001125,rajya_sabha,works recommended (2),1263,works sanctioned (7),1238,,fuzzy_multi_field,100.0,HIGH,auto_matched
CW_001079,rajya_sabha,works recommended (2),146,works sanctioned (7),142,,fuzzy_multi_field,87.41,HIGH,auto_matched
CW_001126,rajya_sabha,works recommended (2),1020,works sanctioned (7),994,,fuzzy_multi_field,100.0,HIGH,auto_matched
CW_001127,rajya_sabha,works recommended (2),805,works sanctioned (7),793,,fuzzy_multi_field,100.0,HIGH,auto_matched
CW_001128,rajya_sabha,works recommended (2),181,works sanctioned (7),174,,fuzzy_multi_field,100.0,HIGH,auto_matched
CW_001129,rajya_sabha,works recommended (2),1275,works sanctioned (7),137,,fuzzy_multi_field,87.0,HIGH,auto_matched
CW_001130,rajya_sabha,works recommended (2),785,works sanctioned (7),776,,fuzzy_multi_field,100.0,HIGH,auto_matched
CW_001092,rajya_sabha,works recommended (2),657,works sanctioned (7),432,,fuzzy_multi_field,85.72,HIGH,auto_matched
CW_001131,rajya_sabha,works recommended (2),767,works sanctioned (7),758,,fuzzy_multi_field,100.0,HIGH,auto_matched
CW_000760,rajya_sabha,works recommended (2),1178,works sanctioned (7),1160,,fuzzy_multi_field,87.79,HIGH,auto_matched
CW_001132,rajya_sabha,works recommended (2),631,works sanctioned (7),623,,fuzzy_multi_field,100.0,HIGH,auto_matched
CW_001133,rajya_sabha,works recommended (2),795,works sanctioned (7),786,,fuzzy_multi_field,100.0,HIGH,auto_matched
CW_001134,rajya_sabha,works recommended (2),0,works sanctioned (7),0,,fuzzy_multi_field,100.0,HIGH,auto_matched
CW_001070,rajya_sabha,works recommended (2),59,works sanctioned (7),58,,fuzzy_multi_field,94.89,HIGH,auto_matched
CW_001106,rajya_sabha,works recommended (2),827,works sanctioned (7),809,,fuzzy_multi_field,87.37,HIGH,auto_matched
CW_000765,rajya_sabha,works recommended (2),689,works sanctioned (7),693,,fuzzy_multi_field,88.3,HIGH,auto_matched
CW_001135,rajya_sabha,works recommended (2),768,works sanctioned (7),759,,fuzzy_multi_field,100.0,HIGH,auto_matched
CW_000739,rajya_sabha,works recommended (2),196,works sanctioned (7),186,,fuzzy_multi_field,85.47,HIGH,auto_matched
CW_000605,rajya_sabha,works recommended (2),796,works sanctioned (7),787,,fuzzy_multi_field,100.0,HIGH,auto_matched
CW_000893,rajya_sabha,works recommended (2),443,works sanctioned (7),470,,fuzzy_multi_field,85.13,HIGH,auto_matched
CW_001136,rajya_sabha,works recommended (2),203,works sanctioned (7),204,,fuzzy_multi_field,91.91,HIGH,auto_matched
CW_001137,rajya_sabha,works recommended (2),1325,works sanctioned (7),1388,,fuzzy_multi_field,85.0,HIGH,auto_matched
CW_001138,rajya_sabha,works recommended (2),688,works sanctioned (7),680,,fuzzy_multi_field,100.0,HIGH,auto_matched
CW_001027,rajya_sabha,works recommended (2),777,works sanctioned (7),772,,fuzzy_multi_field,87.54,HIGH,auto_matched
CW_001139,rajya_sabha,works recommended (2),906,works sanctioned (7),880,,fuzzy_multi_field,100.0,HIGH,auto_matched
CW_001140,rajya_sabha,works recommended (2),716,works sanctioned (7),708,,fuzzy_multi_field,100.0,HIGH,auto_matched
CW_001141,rajya_sabha,works recommended (2),478,works sanctioned (7),456,,fuzzy_multi_field,85.11,HIGH,auto_matched
CW_001142,rajya_sabha,works recommended (2),592,works sanctioned (7),584,,fuzzy_multi_field,100.0,HIGH,auto_matched
CW_001143,rajya_sabha,works recommended (2),1264,works sanctioned (7),1239,,fuzzy_multi_field,100.0,HIGH,auto_matched
CW_001144,rajya_sabha,works recommended (2),934,works sanctioned (7),908,,fuzzy_multi_field,100.0,HIGH,auto_matched
CW_001145,rajya_sabha,works recommended (2),897,works sanctioned (7),870,,fuzzy_multi_field,100.0,HIGH,auto_matched
CW_001146,rajya_sabha,works recommended (2),85,works sanctioned (7),85,,fuzzy_multi_field,100.0,HIGH,auto_matched
CW_001147,rajya_sabha,works recommended (2),1438,works sanctioned (7),1413,,fuzzy_multi_field,100.0,HIGH,auto_matched
CW_001148,rajya_sabha,works recommended (2),1219,works sanctioned (7),1186,,fuzzy_multi_field,86.73,HIGH,auto_matched
CW_000289,rajya_sabha,works recommended (2),1427,works sanctioned (7),1300,,fuzzy_multi_field,85.14,HIGH,auto_matched
CW_000280,rajya_sabha,works recommended (2),739,works sanctioned (7),737,,fuzzy_multi_field,93.44,HIGH,auto_matched
CW_001149,rajya_sabha,works recommended (2),1196,works sanctioned (7),1170,,fuzzy_multi_field,85.68,HIGH,auto_matched
CW_000884,rajya_sabha,works recommended (2),206,works sanctioned (7),408,,fuzzy_multi_field,86.23,HIGH,auto_matched
CW_000575,rajya_sabha,works recommended (2),738,works sanctioned (7),738,,fuzzy_multi_field,92.45,HIGH,auto_matched
CW_000689,rajya_sabha,works recommended (2),681,works sanctioned (7),674,,fuzzy_multi_field,88.96,HIGH,auto_matched
CW_001150,rajya_sabha,works recommended (2),1439,works sanctioned (7),1414,,fuzzy_multi_field,100.0,HIGH,auto_matched
CW_001151,rajya_sabha,works recommended (2),534,works sanctioned (7),526,,fuzzy_multi_field,100.0,HIGH,auto_matched
CW_000760,rajya_sabha,works recommended (2),1178,works sanctioned (7),1161,,fuzzy_multi_field,88.2,HIGH,auto_matched
CW_000686,rajya_sabha,works recommended (2),1257,works sanctioned (7),1233,,fuzzy_multi_field,87.54,HIGH,auto_matched
CW_001152,rajya_sabha,works recommended (2),936,works sanctioned (7),910,,fuzzy_multi_field,100.0,HIGH,auto_matched
CW_001153,rajya_sabha,works recommended (2),672,works sanctioned (7),664,,fuzzy_multi_field,100.0,HIGH,auto_matched
CW_001154,rajya_sabha,works recommended (2),890,works sanctioned (7),864,,fuzzy_multi_field,100.0,HIGH,auto_matched
CW_001155,rajya_sabha,works recommended (2),1440,works sanctioned (7),1415,,fuzzy_multi_field,100.0,HIGH,auto_matched
CW_001156,rajya_sabha,works recommended (2),591,works sanctioned (7),583,,fuzzy_multi_field,100.0,HIGH,auto_matched
CW_001017,rajya_sabha,works recommended (2),545,works sanctioned (7),537,,fuzzy_multi_field,100.0,HIGH,auto_matched
CW_001157,rajya_sabha,works recommended (2),619,works sanctioned (7),611,,fuzzy_multi_field,100.0,HIGH,auto_matched
CW_000793,rajya_sabha,works recommended (2),573,works sanctioned (7),565,,fuzzy_multi_field,100.0,HIGH,auto_matched
CW_001158,rajya_sabha,works recommended (2),217,works sanctioned (7),210,,fuzzy_multi_field,100.0,HIGH,auto_matched
CW_001033,rajya_sabha,works recommended (2),853,works sanctioned (7),850,,fuzzy_multi_field,91.47,HIGH,auto_matched
CW_000731,rajya_sabha,works recommended (2),840,works sanctioned (7),821,,fuzzy_multi_field,85.33,HIGH,auto_matched
CW_001159,rajya_sabha,works recommended (2),1441,works sanctioned (7),1415,,fuzzy_multi_field,98.96,HIGH,auto_matched
CW_001160,rajya_sabha,works recommended (2),797,works sanctioned (7),788,,fuzzy_multi_field,100.0,HIGH,auto_matched
CW_001161,rajya_sabha,works recommended (2),662,works sanctioned (7),650,,fuzzy_multi_field,85.3,HIGH,auto_matched
CW_001162,rajya_sabha,works recommended (2),1218,works sanctioned (7),1187,,fuzzy_multi_field,85.08,HIGH,auto_matched
CW_001163,rajya_sabha,works recommended (2),751,works sanctioned (7),742,,fuzzy_multi_field,100.0,HIGH,auto_matched
CW_000758,rajya_sabha,works recommended (2),464,works sanctioned (7),433,,fuzzy_multi_field,85.87,HIGH,auto_matched
CW_000689,rajya_sabha,works recommended (2),681,works sanctioned (7),675,,fuzzy_multi_field,86.97,HIGH,auto_matched
CW_001164,rajya_sabha,works recommended (2),643,works sanctioned (7),635,,fuzzy_multi_field,100.0,HIGH,auto_matched
CW_001165,rajya_sabha,works recommended (2),828,works sanctioned (7),808,,fuzzy_multi_field,87.37,HIGH,auto_matched
CW_001166,rajya_sabha,works recommended (2),575,works sanctioned (7),567,,fuzzy_multi_field,100.0,HIGH,auto_matched
CW_001167,rajya_sabha,works recommended (2),136,works sanctioned (7),136,,fuzzy_multi_field,100.0,HIGH,auto_matched
CW_001168,rajya_sabha,works recommended (2),671,works sanctioned (7),663,,fuzzy_multi_field,100.0,HIGH,auto_matched
CW_000774,rajya_sabha,works recommended (2),867,works sanctioned (7),841,,fuzzy_multi_field,100.0,HIGH,auto_matched
CW_000979,rajya_sabha,works recommended (2),1240,works sanctioned (7),1263,,fuzzy_multi_field,85.85,HIGH,auto_matched
CW_001169,rajya_sabha,works recommended (2),421,works sanctioned (7),414,,fuzzy_multi_field,100.0,HIGH,auto_matched
CW_001170,rajya_sabha,works recommended (2),188,works sanctioned (7),181,,fuzzy_multi_field,100.0,HIGH,auto_matched
CW_001171,rajya_sabha,works recommended (2),731,works sanctioned (7),720,,fuzzy_multi_field,86.14,HIGH,auto_matched
CW_001172,rajya_sabha,works recommended (2),216,works sanctioned (7),209,,fuzzy_multi_field,100.0,HIGH,auto_matched
CW_001173,rajya_sabha,works recommended (2),868,works sanctioned (7),842,,fuzzy_multi_field,100.0,HIGH,auto_matched
CW_001059,rajya_sabha,works recommended (2),1276,works sanctioned (7),1251,,fuzzy_multi_field,100.0,HIGH,auto_matched
CW_000740,rajya_sabha,works recommended (2),860,works sanctioned (7),836,,fuzzy_multi_field,85.88,HIGH,auto_matched
CW_000795,rajya_sabha,works recommended (2),446,works sanctioned (7),455,,fuzzy_multi_field,85.06,HIGH,auto_matched
CW_000193,rajya_sabha,works recommended (2),912,works sanctioned (7),1248,,fuzzy_multi_field,87.12,HIGH,auto_matched
CW_001174,rajya_sabha,works recommended (2),878,works sanctioned (7),852,,fuzzy_multi_field,100.0,HIGH,auto_matched
CW_000870,rajya_sabha,works recommended (2),187,works sanctioned (7),182,,fuzzy_multi_field,86.24,HIGH,auto_matched
CW_001175,rajya_sabha,works recommended (2),722,works sanctioned (7),714,,fuzzy_multi_field,100.0,HIGH,auto_matched
CW_000854,rajya_sabha,works recommended (2),664,works sanctioned (7),657,,fuzzy_multi_field,90.18,HIGH,auto_matched
CW_001176,rajya_sabha,works recommended (2),313,works sanctioned (7),306,,fuzzy_multi_field,100.0,HIGH,auto_matched
CW_001177,rajya_sabha,works recommended (2),1190,works sanctioned (7),1165,,fuzzy_multi_field,100.0,HIGH,auto_matched
CW_001059,rajya_sabha,works recommended (2),1276,works sanctioned (7),1250,,fuzzy_multi_field,94.03,HIGH,auto_matched
CW_001178,rajya_sabha,works recommended (2),1451,works sanctioned (7),1426,,fuzzy_multi_field,100.0,HIGH,auto_matched
CW_001179,rajya_sabha,works recommended (2),546,works sanctioned (7),538,,fuzzy_multi_field,100.0,HIGH,auto_matched
CW_001180,rajya_sabha,works recommended (2),574,works sanctioned (7),566,,fuzzy_multi_field,100.0,HIGH,auto_matched
CW_000841,rajya_sabha,works recommended (2),625,works sanctioned (7),618,,fuzzy_multi_field,99.14,HIGH,auto_matched
CW_001181,rajya_sabha,works recommended (2),930,works sanctioned (7),904,,fuzzy_multi_field,100.0,HIGH,auto_matched
CW_001182,rajya_sabha,works recommended (2),420,works sanctioned (7),413,,fuzzy_multi_field,100.0,HIGH,auto_matched
CW_001183,rajya_sabha,works recommended (2),352,works sanctioned (7),345,,fuzzy_multi_field,100.0,HIGH,auto_matched
CW_000943,rajya_sabha,works recommended (2),170,works sanctioned (7),164,,fuzzy_multi_field,100.0,HIGH,auto_matched
CW_001184,rajya_sabha,works recommended (2),723,works sanctioned (7),714,,fuzzy_multi_field,93.73,HIGH,auto_matched
CW_001185,rajya_sabha,works recommended (2),900,works sanctioned (7),875,,fuzzy_multi_field,100.0,HIGH,auto_matched
CW_001186,rajya_sabha,works recommended (2),547,works sanctioned (7),539,,fuzzy_multi_field,100.0,HIGH,auto_matched
CW_001187,rajya_sabha,works recommended (2),752,works sanctioned (7),743,,fuzzy_multi_field,100.0,HIGH,auto_matched
CW_001188,rajya_sabha,works recommended (2),597,works sanctioned (7),589,,fuzzy_multi_field,100.0,HIGH,auto_matched
CW_000945,rajya_sabha,works recommended (2),698,works sanctioned (7),727,,fuzzy_multi_field,85.37,HIGH,auto_matched
CW_000841,rajya_sabha,works recommended (2),625,works sanctioned (7),617,,fuzzy_multi_field,100.0,HIGH,auto_matched
CW_001189,rajya_sabha,works recommended (2),393,works sanctioned (7),386,,fuzzy_multi_field,100.0,HIGH,auto_matched
CW_001175,rajya_sabha,works recommended (2),722,works sanctioned (7),715,,fuzzy_multi_field,92.86,HIGH,auto_matched
CW_001190,rajya_sabha,works recommended (2),839,works sanctioned (7),821,,fuzzy_multi_field,90.31,HIGH,auto_matched
CW_001191,rajya_sabha,works recommended (2),683,works sanctioned (7),673,,fuzzy_multi_field,86.97,HIGH,auto_matched
CW_001192,rajya_sabha,works recommended (2),1452,works sanctioned (7),1426,,fuzzy_multi_field,87.76,HIGH,auto_matched
CW_000854,rajya_sabha,works recommended (2),664,works sanctioned (7),658,,fuzzy_multi_field,87.79,HIGH,auto_matched
CW_001193,rajya_sabha,works recommended (2),654,works sanctioned (7),646,,fuzzy_multi_field,100.0,HIGH,auto_matched
CW_001178,rajya_sabha,works recommended (2),1451,works sanctioned (7),1427,,fuzzy_multi_field,88.16,HIGH,auto_matched
CW_000946,rajya_sabha,works recommended (2),442,works sanctioned (7),437,,fuzzy_multi_field,93.0,HIGH,auto_matched
CW_000866,rajya_sabha,works recommended (2),1025,works sanctioned (7),1000,,fuzzy_multi_field,88.89,HIGH,auto_matched
CW_001194,rajya_sabha,works recommended (2),528,works sanctioned (7),521,,fuzzy_multi_field,100.0,HIGH,auto_matched
CW_001195,rajya_sabha,works recommended (2),1258,works sanctioned (7),1232,,fuzzy_multi_field,87.23,HIGH,auto_matched
CW_001196,rajya_sabha,works recommended (2),879,works sanctioned (7),853,,fuzzy_multi_field,100.0,HIGH,auto_matched
CW_000837,rajya_sabha,works recommended (2),635,works sanctioned (7),636,,fuzzy_multi_field,86.67,HIGH,auto_matched
CW_001197,rajya_sabha,works recommended (2),907,works sanctioned (7),881,,fuzzy_multi_field,100.0,HIGH,auto_matched
CW_000943,rajya_sabha,works recommended (2),170,works sanctioned (7),165,,fuzzy_multi_field,89.26,HIGH,auto_matched
CW_001198,rajya_sabha,works recommended (2),627,works sanctioned (7),619,,fuzzy_multi_field,100.0,HIGH,auto_matched
CW_001199,rajya_sabha,works recommended (2),677,works sanctioned (7),669,,fuzzy_multi_field,100.0,HIGH,auto_matched
CW_001200,rajya_sabha,works recommended (2),1453,works sanctioned (7),1426,,fuzzy_multi_field,92.62,HIGH,auto_matched
CW_001201,rajya_sabha,works recommended (2),705,works sanctioned (7),697,,fuzzy_multi_field,100.0,HIGH,auto_matched
CW_001202,rajya_sabha,works recommended (2),763,works sanctioned (7),753,,fuzzy_multi_field,85.89,HIGH,auto_matched
CW_001203,rajya_sabha,works recommended (2),655,works sanctioned (7),646,,fuzzy_multi_field,85.17,HIGH,auto_matched
CW_000864,rajya_sabha,works recommended (2),1203,works sanctioned (7),1177,,fuzzy_multi_field,92.7,HIGH,auto_matched
CW_001204,rajya_sabha,works recommended (2),734,works sanctioned (7),726,,fuzzy_multi_field,100.0,HIGH,auto_matched
CW_000974,rajya_sabha,works recommended (2),762,works sanctioned (7),754,,fuzzy_multi_field,85.46,HIGH,auto_matched
CW_001205,rajya_sabha,works recommended (2),821,works sanctioned (7),804,,fuzzy_multi_field,100.0,HIGH,auto_matched
CW_001206,rajya_sabha,works recommended (2),201,works sanctioned (7),194,,fuzzy_multi_field,100.0,HIGH,auto_matched
CW_001207,rajya_sabha,works recommended (2),1201,works sanctioned (7),1176,,fuzzy_multi_field,100.0,HIGH,auto_matched
CW_001208,rajya_sabha,works recommended (2),557,works sanctioned (7),549,,fuzzy_multi_field,100.0,HIGH,auto_matched
CW_001209,rajya_sabha,works recommended (2),850,works sanctioned (7),825,,fuzzy_multi_field,100.0,HIGH,auto_matched
CW_001210,rajya_sabha,works recommended (2),353,works sanctioned (7),346,,fuzzy_multi_field,100.0,HIGH,auto_matched
CW_001211,rajya_sabha,works recommended (2),794,works sanctioned (7),782,,fuzzy_multi_field,86.25,HIGH,auto_matched
CW_001212,rajya_sabha,works recommended (2),161,works sanctioned (7),896,,fuzzy_multi_field,85.8,HIGH,auto_matched
CW_001213,rajya_sabha,works recommended (2),431,works sanctioned (7),424,,fuzzy_multi_field,100.0,HIGH,auto_matched
CW_000843,rajya_sabha,works recommended (2),1297,works sanctioned (7),1280,,fuzzy_multi_field,88.42,HIGH,auto_matched
CW_001214,rajya_sabha,works recommended (2),841,works sanctioned (7),819,,fuzzy_multi_field,100.0,HIGH,auto_matched
CW_000965,rajya_sabha,works recommended (2),1349,works sanctioned (7),1325,,fuzzy_multi_field,96.71,HIGH,auto_matched
CW_001215,rajya_sabha,works recommended (2),140,works sanctioned (7),137,,fuzzy_multi_field,100.0,HIGH,auto_matched
CW_001216,rajya_sabha,works recommended (2),791,works sanctioned (7),782,,fuzzy_multi_field,100.0,HIGH,auto_matched
CW_000993,rajya_sabha,works recommended (2),559,works sanctioned (7),551,,fuzzy_multi_field,100.0,HIGH,auto_matched
CW_001006,rajya_sabha,works recommended (2),551,works sanctioned (7),545,,fuzzy_multi_field,97.73,HIGH,auto_matched
CW_001203,rajya_sabha,works recommended (2),655,works sanctioned (7),647,,fuzzy_multi_field,100.0,HIGH,auto_matched
CW_000947,rajya_sabha,works recommended (2),647,works sanctioned (7),641,,fuzzy_multi_field,95.45,HIGH,auto_matched
CW_000894,rajya_sabha,works recommended (2),902,works sanctioned (7),877,,fuzzy_multi_field,100.0,HIGH,auto_matched
CW_001045,rajya_sabha,works recommended (2),637,works sanctioned (7),629,,fuzzy_multi_field,100.0,HIGH,auto_matched
CW_001217,rajya_sabha,works recommended (2),733,works sanctioned (7),725,,fuzzy_multi_field,100.0,HIGH,auto_matched
CW_001218,rajya_sabha,works recommended (2),711,works sanctioned (7),703,,fuzzy_multi_field,100.0,HIGH,auto_matched
CW_001219,rajya_sabha,works recommended (2),1259,works sanctioned (7),1234,,fuzzy_multi_field,100.0,HIGH,auto_matched
CW_001220,rajya_sabha,works recommended (2),529,works sanctioned (7),522,,fuzzy_multi_field,100.0,HIGH,auto_matched
CW_001221,rajya_sabha,works recommended (2),189,works sanctioned (7),180,,fuzzy_multi_field,86.56,HIGH,auto_matched
CW_001222,rajya_sabha,works recommended (2),142,works sanctioned (7),137,,fuzzy_multi_field,89.05,HIGH,auto_matched
CW_001223,rajya_sabha,works recommended (2),433,works sanctioned (7),426,,fuzzy_multi_field,100.0,HIGH,auto_matched
CW_001224,rajya_sabha,works recommended (2),200,works sanctioned (7),193,,fuzzy_multi_field,100.0,HIGH,auto_matched
CW_001225,rajya_sabha,works recommended (2),813,works sanctioned (7),798,,fuzzy_multi_field,100.0,HIGH,auto_matched
CW_001226,rajya_sabha,works recommended (2),1434,works sanctioned (7),1409,,fuzzy_multi_field,100.0,HIGH,auto_matched
CW_001227,rajya_sabha,works recommended (2),876,works sanctioned (7),828,,fuzzy_multi_field,91.47,HIGH,auto_matched
CW_001228,rajya_sabha,works recommended (2),706,works sanctioned (7),698,,fuzzy_multi_field,100.0,HIGH,auto_matched
CW_001229,rajya_sabha,works recommended (2),1018,works sanctioned (7),997,,fuzzy_multi_field,87.78,HIGH,auto_matched
CW_001075,rajya_sabha,works recommended (2),835,works sanctioned (7),814,,fuzzy_multi_field,100.0,HIGH,auto_matched
CW_001230,rajya_sabha,works recommended (2),141,works sanctioned (7),137,,fuzzy_multi_field,93.02,HIGH,auto_matched
CW_001231,rajya_sabha,works recommended (2),530,works sanctioned (7),523,,fuzzy_multi_field,100.0,HIGH,auto_matched
CW_001232,rajya_sabha,works recommended (2),793,works sanctioned (7),789,,fuzzy_multi_field,85.46,HIGH,auto_matched
CW_001233,rajya_sabha,works recommended (2),645,works sanctioned (7),519,,fuzzy_multi_field,85.2,HIGH,auto_matched
CW_001097,rajya_sabha,works recommended (2),865,works sanctioned (7),837,,fuzzy_multi_field,87.14,HIGH,auto_matched
CW_001234,rajya_sabha,works recommended (2),814,works sanctioned (7),799,,fuzzy_multi_field,100.0,HIGH,auto_matched
CW_001235,rajya_sabha,works recommended (2),931,works sanctioned (7),905,,fuzzy_multi_field,100.0,HIGH,auto_matched
CW_001236,rajya_sabha,works recommended (2),790,works sanctioned (7),781,,fuzzy_multi_field,100.0,HIGH,auto_matched
CW_001237,rajya_sabha,works recommended (2),885,works sanctioned (7),859,,fuzzy_multi_field,100.0,HIGH,auto_matched
CW_001238,rajya_sabha,works recommended (2),1435,works sanctioned (7),1410,,fuzzy_multi_field,100.0,HIGH,auto_matched
CW_001239,rajya_sabha,works recommended (2),1202,works sanctioned (7),1177,,fuzzy_multi_field,100.0,HIGH,auto_matched
CW_001240,rajya_sabha,works recommended (2),137,works sanctioned (7),916,,fuzzy_multi_field,85.73,HIGH,auto_matched
CW_001241,rajya_sabha,works recommended (2),901,works sanctioned (7),876,,fuzzy_multi_field,100.0,HIGH,auto_matched
CW_001242,rajya_sabha,works recommended (2),432,works sanctioned (7),425,,fuzzy_multi_field,100.0,HIGH,auto_matched
CW_000960,rajya_sabha,works recommended (2),1193,works sanctioned (7),1172,,fuzzy_multi_field,86.01,HIGH,auto_matched
CW_001243,rajya_sabha,works recommended (2),156,works sanctioned (7),529,,fuzzy_multi_field,87.37,HIGH,auto_matched
CW_001244,rajya_sabha,works recommended (2),1213,works sanctioned (7),1188,,fuzzy_multi_field,100.0,HIGH,auto_matched
CW_001245,rajya_sabha,works recommended (2),1287,works sanctioned (7),1262,,fuzzy_multi_field,100.0,HIGH,auto_matched
CW_001040,rajya_sabha,works recommended (2),639,works sanctioned (7),630,,fuzzy_multi_field,88.36,HIGH,auto_matched
CW_001246,rajya_sabha,works recommended (2),861,works sanctioned (7),835,,fuzzy_multi_field,100.0,HIGH,auto_matched
CW_001247,rajya_sabha,works recommended (2),160,works sanctioned (7),154,,fuzzy_multi_field,100.0,HIGH,auto_matched
CW_001248,rajya_sabha,works recommended (2),1458,works sanctioned (7),1433,,fuzzy_multi_field,100.0,HIGH,auto_matched
CW_000890,rajya_sabha,works recommended (2),318,works sanctioned (7),143,,fuzzy_multi_field,93.48,HIGH,auto_matched
CW_001249,rajya_sabha,works recommended (2),842,works sanctioned (7),820,,fuzzy_multi_field,100.0,HIGH,auto_matched
CW_001048,rajya_sabha,works recommended (2),776,works sanctioned (7),766,,fuzzy_multi_field,90.67,HIGH,auto_matched
CW_001101,rajya_sabha,works recommended (2),543,works sanctioned (7),533,,fuzzy_multi_field,95.62,HIGH,auto_matched
CW_001042,rajya_sabha,works recommended (2),660,works sanctioned (7),653,,fuzzy_multi_field,86.67,HIGH,auto_matched
CW_001250,rajya_sabha,works recommended (2),792,works sanctioned (7),783,,fuzzy_multi_field,100.0,HIGH,auto_matched
CW_001251,rajya_sabha,works recommended (2),774,works sanctioned (7),765,,fuzzy_multi_field,100.0,HIGH,auto_matched
CW_001252,rajya_sabha,works recommended (2),541,works sanctioned (7),532,,fuzzy_multi_field,92.56,HIGH,auto_matched
CW_001253,rajya_sabha,works recommended (2),151,works sanctioned (7),148,,fuzzy_multi_field,100.0,HIGH,auto_matched
CW_001237,rajya_sabha,works recommended (2),885,works sanctioned (7),860,,fuzzy_multi_field,100.0,HIGH,auto_matched
CW_001254,rajya_sabha,works recommended (2),1214,works sanctioned (7),1189,,fuzzy_multi_field,100.0,HIGH,auto_matched
CW_001255,rajya_sabha,works recommended (2),570,works sanctioned (7),562,,fuzzy_multi_field,100.0,HIGH,auto_matched
CW_001256,rajya_sabha,works recommended (2),416,works sanctioned (7),409,,fuzzy_multi_field,100.0,HIGH,auto_matched
CW_000934,rajya_sabha,works recommended (2),913,works sanctioned (7),887,,fuzzy_multi_field,100.0,HIGH,auto_matched
CW_001257,rajya_sabha,works recommended (2),537,works sanctioned (7),1243,,fuzzy_multi_field,86.94,HIGH,auto_matched
CW_001258,rajya_sabha,works recommended (2),891,works sanctioned (7),865,,fuzzy_multi_field,100.0,HIGH,auto_matched
CW_000960,rajya_sabha,works recommended (2),1193,works sanctioned (7),1173,,fuzzy_multi_field,87.07,HIGH,auto_matched
CW_001259,rajya_sabha,works recommended (2),212,works sanctioned (7),205,,fuzzy_multi_field,100.0,HIGH,auto_matched
CW_000765,rajya_sabha,works recommended (2),689,works sanctioned (7),681,,fuzzy_multi_field,100.0,HIGH,auto_matched
CW_001260,rajya_sabha,works recommended (2),1361,works sanctioned (7),1336,,fuzzy_multi_field,100.0,HIGH,auto_matched
CW_001261,rajya_sabha,works recommended (2),1457,works sanctioned (7),1432,,fuzzy_multi_field,100.0,HIGH,auto_matched
CW_001262,rajya_sabha,works recommended (2),717,works sanctioned (7),709,,fuzzy_multi_field,100.0,HIGH,auto_matched
CW_001042,rajya_sabha,works recommended (2),660,works sanctioned (7),654,,fuzzy_multi_field,90.58,HIGH,auto_matched
CW_001263,rajya_sabha,works recommended (2),184,works sanctioned (7),177,,fuzzy_multi_field,100.0,HIGH,auto_matched
CW_001264,rajya_sabha,works recommended (2),914,works sanctioned (7),888,,fuzzy_multi_field,100.0,HIGH,auto_matched
CW_001265,rajya_sabha,works recommended (2),856,works sanctioned (7),831,,fuzzy_multi_field,100.0,HIGH,auto_matched
CW_001266,rajya_sabha,works recommended (2),569,works sanctioned (7),561,,fuzzy_multi_field,100.0,HIGH,auto_matched
CW_001267,rajya_sabha,works recommended (2),943,works sanctioned (7),917,,fuzzy_multi_field,90.29,HIGH,auto_matched
CW_001055,rajya_sabha,works recommended (2),1241,works sanctioned (7),1216,,fuzzy_multi_field,100.0,HIGH,auto_matched
CW_001059,rajya_sabha,works recommended (2),1276,works sanctioned (7),139,,fuzzy_multi_field,85.34,HIGH,auto_matched
CW_001268,rajya_sabha,works recommended (2),319,works sanctioned (7),312,,fuzzy_multi_field,100.0,HIGH,auto_matched
CW_001088,rajya_sabha,works recommended (2),56,works sanctioned (7),59,,fuzzy_multi_field,99.99,HIGH,auto_matched
CW_001269,rajya_sabha,works recommended (2),622,works sanctioned (7),613,,fuzzy_multi_field,97.56,HIGH,auto_matched
CW_001107,rajya_sabha,works recommended (2),769,works sanctioned (7),761,,fuzzy_multi_field,87.6,HIGH,auto_matched
CW_001270,rajya_sabha,works recommended (2),564,works sanctioned (7),556,,fuzzy_multi_field,100.0,HIGH,auto_matched
CW_001271,rajya_sabha,works recommended (2),775,works sanctioned (7),766,,fuzzy_multi_field,100.0,HIGH,auto_matched
CW_001272,rajya_sabha,works recommended (2),1215,works sanctioned (7),1190,,fuzzy_multi_field,100.0,HIGH,auto_matched
CW_001102,rajya_sabha,works recommended (2),1207,works sanctioned (7),1184,,fuzzy_multi_field,85.45,HIGH,auto_matched
CW_001273,rajya_sabha,works recommended (2),1265,works sanctioned (7),1240,,fuzzy_multi_field,100.0,HIGH,auto_matched
CW_001274,rajya_sabha,works recommended (2),1243,works sanctioned (7),1218,,fuzzy_multi_field,100.0,HIGH,auto_matched
CW_001048,rajya_sabha,works recommended (2),776,works sanctioned (7),773,,fuzzy_multi_field,88.42,HIGH,auto_matched
CW_000058,rajya_sabha,works recommended (2),1022,works sanctioned (7),995,,fuzzy_multi_field,85.71,HIGH,auto_matched
CW_001275,rajya_sabha,works recommended (2),320,works sanctioned (7),312,,fuzzy_multi_field,91.17,HIGH,auto_matched
CW_001276,rajya_sabha,works recommended (2),417,works sanctioned (7),410,,fuzzy_multi_field,100.0,HIGH,auto_matched
CW_001277,rajya_sabha,works recommended (2),942,works sanctioned (7),917,,fuzzy_multi_field,100.0,HIGH,auto_matched
CW_001278,rajya_sabha,works recommended (2),1175,works sanctioned (7),1149,,fuzzy_multi_field,100.0,HIGH,auto_matched
CW_001279,rajya_sabha,works recommended (2),154,works sanctioned (7),149,,fuzzy_multi_field,100.0,HIGH,auto_matched
CW_001280,rajya_sabha,works recommended (2),523,works sanctioned (7),516,,fuzzy_multi_field,100.0,HIGH,auto_matched
CW_000493,rajya_sabha,works recommended (2),648,works sanctioned (7),642,,fuzzy_multi_field,85.63,HIGH,auto_matched
CW_001281,rajya_sabha,works recommended (2),874,works sanctioned (7),848,,fuzzy_multi_field,100.0,HIGH,auto_matched
CW_001282,rajya_sabha,works recommended (2),798,works sanctioned (7),789,,fuzzy_multi_field,100.0,HIGH,auto_matched
CW_001268,rajya_sabha,works recommended (2),319,works sanctioned (7),313,,fuzzy_multi_field,91.17,HIGH,auto_matched
CW_001269,rajya_sabha,works recommended (2),622,works sanctioned (7),614,,fuzzy_multi_field,100.0,HIGH,auto_matched
CW_000753,rajya_sabha,works recommended (2),718,works sanctioned (7),710,,fuzzy_multi_field,100.0,HIGH,auto_matched
CW_001283,rajya_sabha,works recommended (2),1023,works sanctioned (7),996,,fuzzy_multi_field,87.76,HIGH,auto_matched
CW_001270,rajya_sabha,works recommended (2),564,works sanctioned (7),557,,fuzzy_multi_field,92.91,HIGH,auto_matched
CW_001284,rajya_sabha,works recommended (2),1244,works sanctioned (7),1218,,fuzzy_multi_field,87.74,HIGH,auto_matched
CW_001159,rajya_sabha,works recommended (2),1441,works sanctioned (7),1416,,fuzzy_multi_field,100.0,HIGH,auto_matched
CW_001285,rajya_sabha,works recommended (2),869,works sanctioned (7),843,,fuzzy_multi_field,100.0,HIGH,auto_matched
CW_001286,rajya_sabha,works recommended (2),1295,works sanctioned (7),1270,,fuzzy_multi_field,100.0,HIGH,auto_matched
CW_000711,rajya_sabha,works recommended (2),729,works sanctioned (7),721,,fuzzy_multi_field,100.0,HIGH,auto_matched
CW_001287,rajya_sabha,works recommended (2),1021,works sanctioned (7),995,,fuzzy_multi_field,100.0,HIGH,auto_matched
CW_000725,rajya_sabha,works recommended (2),757,works sanctioned (7),749,,fuzzy_multi_field,85.09,HIGH,auto_matched
CW_001288,rajya_sabha,works recommended (2),621,works sanctioned (7),614,,fuzzy_multi_field,97.56,HIGH,auto_matched
CW_001084,rajya_sabha,works recommended (2),1242,works sanctioned (7),1217,,fuzzy_multi_field,100.0,HIGH,auto_matched
CW_001289,rajya_sabha,works recommended (2),593,works sanctioned (7),585,,fuzzy_multi_field,100.0,HIGH,auto_matched
CW_001290,rajya_sabha,works recommended (2),898,works sanctioned (7),871,,fuzzy_multi_field,100.0,HIGH,auto_matched
CW_001291,rajya_sabha,works recommended (2),1220,works sanctioned (7),1195,,fuzzy_multi_field,100.0,HIGH,auto_matched
CW_001292,rajya_sabha,works recommended (2),786,works sanctioned (7),777,,fuzzy_multi_field,100.0,HIGH,auto_matched
CW_001293,rajya_sabha,works recommended (2),678,works sanctioned (7),670,,fuzzy_multi_field,100.0,HIGH,auto_matched
CW_001294,rajya_sabha,works recommended (2),1226,works sanctioned (7),1201,,fuzzy_multi_field,100.0,HIGH,auto_matched
CW_001295,rajya_sabha,works recommended (2),632,works sanctioned (7),624,,fuzzy_multi_field,100.0,HIGH,auto_matched
CW_001296,rajya_sabha,works recommended (2),524,works sanctioned (7),517,,fuzzy_multi_field,100.0,HIGH,auto_matched
CW_001297,rajya_sabha,works recommended (2),195,works sanctioned (7),188,,fuzzy_multi_field,100.0,HIGH,auto_matched
CW_001298,rajya_sabha,works recommended (2),925,works sanctioned (7),899,,fuzzy_multi_field,100.0,HIGH,auto_matched
CW_001299,rajya_sabha,works recommended (2),1429,works sanctioned (7),1404,,fuzzy_multi_field,100.0,HIGH,auto_matched
CW_001300,rajya_sabha,works recommended (2),807,works sanctioned (7),794,,fuzzy_multi_field,100.0,HIGH,auto_matched
CW_001301,rajya_sabha,works recommended (2),788,works sanctioned (7),779,,fuzzy_multi_field,100.0,HIGH,auto_matched
CW_001302,rajya_sabha,works recommended (2),702,works sanctioned (7),694,,fuzzy_multi_field,100.0,HIGH,auto_matched
CW_001186,rajya_sabha,works recommended (2),547,works sanctioned (7),540,,fuzzy_multi_field,89.69,HIGH,auto_matched
CW_001303,rajya_sabha,works recommended (2),633,works sanctioned (7),624,,fuzzy_multi_field,85.14,HIGH,auto_matched
CW_001304,rajya_sabha,works recommended (2),525,works sanctioned (7),518,,fuzzy_multi_field,100.0,HIGH,auto_matched
CW_001305,rajya_sabha,works recommended (2),730,works sanctioned (7),722,,fuzzy_multi_field,100.0,HIGH,auto_matched
CW_001306,rajya_sabha,works recommended (2),1278,works sanctioned (7),1253,,fuzzy_multi_field,100.0,HIGH,auto_matched
CW_001307,rajya_sabha,works recommended (2),836,works sanctioned (7),815,,fuzzy_multi_field,100.0,HIGH,auto_matched
CW_001308,rajya_sabha,works recommended (2),565,works sanctioned (7),556,,fuzzy_multi_field,92.91,HIGH,auto_matched
CW_000797,rajya_sabha,works recommended (2),429,works sanctioned (7),421,,fuzzy_multi_field,87.14,HIGH,auto_matched
CW_000798,rajya_sabha,works recommended (2),1430,works sanctioned (7),1405,,fuzzy_multi_field,100.0,HIGH,auto_matched
CW_001309,rajya_sabha,works recommended (2),1225,works sanctioned (7),1200,,fuzzy_multi_field,100.0,HIGH,auto_matched
CW_001295,rajya_sabha,works recommended (2),632,works sanctioned (7),625,,fuzzy_multi_field,85.44,HIGH,auto_matched
CW_001310,rajya_sabha,works recommended (2),427,works sanctioned (7),420,,fuzzy_multi_field,100.0,HIGH,auto_matched
CW_001301,rajya_sabha,works recommended (2),788,works sanctioned (7),778,,fuzzy_multi_field,92.64,HIGH,auto_matched
CW_001311,rajya_sabha,works recommended (2),857,works sanctioned (7),832,,fuzzy_multi_field,100.0,HIGH,auto_matched
CW_001312,rajya_sabha,works recommended (2),576,works sanctioned (7),568,,fuzzy_multi_field,100.0,HIGH,auto_matched
CW_000837,rajya_sabha,works recommended (2),635,works sanctioned (7),626,,fuzzy_multi_field,88.74,HIGH,auto_matched
CW_000865,rajya_sabha,works recommended (2),4,works sanctioned (7),3,,fuzzy_multi_field,99.99,HIGH,auto_matched
CW_001313,rajya_sabha,works recommended (2),759,works sanctioned (7),750,,fuzzy_multi_field,100.0,HIGH,auto_matched
CW_001314,rajya_sabha,works recommended (2),422,works sanctioned (7),415,,fuzzy_multi_field,100.0,HIGH,auto_matched
CW_001315,rajya_sabha,works recommended (2),1277,works sanctioned (7),1252,,fuzzy_multi_field,100.0,HIGH,auto_matched
CW_001316,rajya_sabha,works recommended (2),180,works sanctioned (7),172,,fuzzy_multi_field,85.16,HIGH,auto_matched
CW_001317,rajya_sabha,works recommended (2),852,works sanctioned (7),827,,fuzzy_multi_field,100.0,HIGH,auto_matched
CW_001318,rajya_sabha,works recommended (2),2,works sanctioned (7),2,,fuzzy_multi_field,100.0,HIGH,auto_matched
CW_001192,rajya_sabha,works recommended (2),1452,works sanctioned (7),1428,,fuzzy_multi_field,88.66,HIGH,auto_matched
CW_001319,rajya_sabha,works recommended (2),1305,works sanctioned (7),1280,,fuzzy_multi_field,100.0,HIGH,auto_matched
CW_001320,rajya_sabha,works recommended (2),880,works sanctioned (7),854,,fuzzy_multi_field,100.0,HIGH,auto_matched
CW_001321,rajya_sabha,works recommended (2),179,works sanctioned (7),173,,fuzzy_multi_field,85.16,HIGH,auto_matched
CW_001322,rajya_sabha,works recommended (2),908,works sanctioned (7),882,,fuzzy_multi_field,100.0,HIGH,auto_matched
CW_001323,rajya_sabha,works recommended (2),656,works sanctioned (7),648,,fuzzy_multi_field,100.0,HIGH,auto_matched
CW_001324,rajya_sabha,works recommended (2),808,works sanctioned (7),795,,fuzzy_multi_field,100.0,HIGH,auto_matched
CW_000783,rajya_sabha,works recommended (2),911,works sanctioned (7),884,,fuzzy_multi_field,86.97,HIGH,auto_matched
CW_001325,rajya_sabha,works recommended (2),684,works sanctioned (7),676,,fuzzy_multi_field,100.0,HIGH,auto_matched
CW_001326,rajya_sabha,works recommended (2),837,works sanctioned (7),816,,fuzzy_multi_field,100.0,HIGH,auto_matched
CW_001327,rajya_sabha,works recommended (2),712,works sanctioned (7),704,,fuzzy_multi_field,100.0,HIGH,auto_matched
CW_001328,rajya_sabha,works recommended (2),829,works sanctioned (7),810,,fuzzy_multi_field,100.0,HIGH,auto_matched
CW_001329,rajya_sabha,works recommended (2),881,works sanctioned (7),855,,fuzzy_multi_field,100.0,HIGH,auto_matched
CW_001330,rajya_sabha,works recommended (2),830,works sanctioned (7),811,,fuzzy_multi_field,100.0,HIGH,auto_matched
CW_001331,rajya_sabha,works recommended (2),909,works sanctioned (7),883,,fuzzy_multi_field,100.0,HIGH,auto_matched
CW_001332,rajya_sabha,works recommended (2),937,works sanctioned (7),911,,fuzzy_multi_field,100.0,HIGH,auto_matched
CW_001333,rajya_sabha,works recommended (2),536,works sanctioned (7),528,,fuzzy_multi_field,100.0,HIGH,auto_matched
CW_000868,rajya_sabha,works recommended (2),889,works sanctioned (7),866,,fuzzy_multi_field,89.24,HIGH,auto_matched
CW_001334,rajya_sabha,works recommended (2),851,works sanctioned (7),826,,fuzzy_multi_field,100.0,HIGH,auto_matched
CW_001335,rajya_sabha,works recommended (2),354,works sanctioned (7),347,,fuzzy_multi_field,100.0,HIGH,auto_matched
CW_001336,rajya_sabha,works recommended (2),1,works sanctioned (7),1,,fuzzy_multi_field,100.0,HIGH,auto_matched
CW_001337,rajya_sabha,works recommended (2),208,works sanctioned (7),201,,fuzzy_multi_field,100.0,HIGH,auto_matched
CW_001338,rajya_sabha,works recommended (2),314,works sanctioned (7),307,,fuzzy_multi_field,100.0,HIGH,auto_matched
CW_000928,rajya_sabha,works recommended (2),772,works sanctioned (7),762,,fuzzy_multi_field,95.85,HIGH,auto_matched
CW_001339,rajya_sabha,works recommended (2),355,works sanctioned (7),348,,fuzzy_multi_field,100.0,HIGH,auto_matched
CW_000981,rajya_sabha,works recommended (2),560,works sanctioned (7),552,,fuzzy_multi_field,100.0,HIGH,auto_matched
CW_001340,rajya_sabha,works recommended (2),147,works sanctioned (7),144,,fuzzy_multi_field,100.0,HIGH,auto_matched
CW_000987,rajya_sabha,works recommended (2),1210,works sanctioned (7),1185,,fuzzy_multi_field,100.0,HIGH,auto_matched
CW_001097,rajya_sabha,works recommended (2),865,works sanctioned (7),838,,fuzzy_multi_field,86.07,HIGH,auto_matched
CW_001341,rajya_sabha,works recommended (2),1306,works sanctioned (7),1281,,fuzzy_multi_field,100.0,HIGH,auto_matched
CW_001342,rajya_sabha,works recommended (2),53,works sanctioned (7),53,,fuzzy_multi_field,100.0,HIGH,auto_matched
CW_001343,rajya_sabha,works recommended (2),1260,works sanctioned (7),1235,,fuzzy_multi_field,100.0,HIGH,auto_matched
CW_001344,rajya_sabha,works recommended (2),566,works sanctioned (7),558,,fuzzy_multi_field,100.0,HIGH,auto_matched
CW_001345,rajya_sabha,works recommended (2),1288,works sanctioned (7),1263,,fuzzy_multi_field,100.0,HIGH,auto_matched
CW_001346,rajya_sabha,works recommended (2),594,works sanctioned (7),586,,fuzzy_multi_field,98.0,HIGH,auto_matched
CW_001347,rajya_sabha,works recommended (2),899,works sanctioned (7),872,,fuzzy_multi_field,100.0,HIGH,auto_matched
CW_001232,rajya_sabha,works recommended (2),793,works sanctioned (7),784,,fuzzy_multi_field,100.0,HIGH,auto_matched
CW_001348,rajya_sabha,works recommended (2),589,works sanctioned (7),581,,fuzzy_multi_field,100.0,HIGH,auto_matched
CW_001349,rajya_sabha,works recommended (2),685,works sanctioned (7),677,,fuzzy_multi_field,100.0,HIGH,auto_matched
CW_001350,rajya_sabha,works recommended (2),54,works sanctioned (7),54,,fuzzy_multi_field,100.0,HIGH,auto_matched
CW_001351,rajya_sabha,works recommended (2),713,works sanctioned (7),705,,fuzzy_multi_field,100.0,HIGH,auto_matched
CW_001352,rajya_sabha,works recommended (2),822,works sanctioned (7),805,,fuzzy_multi_field,100.0,HIGH,auto_matched
CW_001353,rajya_sabha,works recommended (2),82,works sanctioned (7),82,,fuzzy_multi_field,100.0,HIGH,auto_matched
CW_001354,rajya_sabha,works recommended (2),531,works sanctioned (7),524,,fuzzy_multi_field,100.0,HIGH,auto_matched
CW_001229,rajya_sabha,works recommended (2),1018,works sanctioned (7),991,,fuzzy_multi_field,93.85,HIGH,auto_matched
CW_001355,rajya_sabha,works recommended (2),618,works sanctioned (7),610,,fuzzy_multi_field,100.0,HIGH,auto_matched
CW_001356,rajya_sabha,works recommended (2),714,works sanctioned (7),706,,fuzzy_multi_field,100.0,HIGH,auto_matched
CW_001357,rajya_sabha,works recommended (2),1436,works sanctioned (7),1411,,fuzzy_multi_field,100.0,HIGH,auto_matched
CW_001358,rajya_sabha,works recommended (2),864,works sanctioned (7),838,,fuzzy_multi_field,100.0,HIGH,auto_matched
CW_000960,rajya_sabha,works recommended (2),1193,works sanctioned (7),1167,,fuzzy_multi_field,85.69,HIGH,auto_matched
CW_001359,rajya_sabha,works recommended (2),674,works sanctioned (7),666,,fuzzy_multi_field,100.0,HIGH,auto_matched
CW_001360,rajya_sabha,works recommended (2),724,works sanctioned (7),716,,fuzzy_multi_field,100.0,HIGH,auto_matched
CW_001361,rajya_sabha,works recommended (2),1016,works sanctioned (7),990,,fuzzy_multi_field,100.0,HIGH,auto_matched
CW_001362,rajya_sabha,works recommended (2),893,works sanctioned (7),867,,fuzzy_multi_field,100.0,HIGH,auto_matched
CW_001363,rajya_sabha,works recommended (2),191,works sanctioned (7),184,,fuzzy_multi_field,100.0,HIGH,auto_matched
CW_001364,rajya_sabha,works recommended (2),1017,works sanctioned (7),991,,fuzzy_multi_field,100.0,HIGH,auto_matched
CW_001365,rajya_sabha,works recommended (2),315,works sanctioned (7),308,,fuzzy_multi_field,100.0,HIGH,auto_matched
CW_001212,rajya_sabha,works recommended (2),161,works sanctioned (7),155,,fuzzy_multi_field,100.0,HIGH,auto_matched
CW_001230,rajya_sabha,works recommended (2),141,works sanctioned (7),138,,fuzzy_multi_field,100.0,HIGH,auto_matched
CW_001366,rajya_sabha,works recommended (2),434,works sanctioned (7),427,,fuzzy_multi_field,100.0,HIGH,auto_matched
CW_001367,rajya_sabha,works recommended (2),1261,works sanctioned (7),1236,,fuzzy_multi_field,100.0,HIGH,auto_matched
CW_001368,rajya_sabha,works recommended (2),799,works sanctioned (7),790,,fuzzy_multi_field,100.0,HIGH,auto_matched
CW_001229,rajya_sabha,works recommended (2),1018,works sanctioned (7),992,,fuzzy_multi_field,100.0,HIGH,auto_matched
CW_001369,rajya_sabha,works recommended (2),549,works sanctioned (7),541,,fuzzy_multi_field,100.0,HIGH,auto_matched
CW_001370,rajya_sabha,works recommended (2),548,works sanctioned (7),539,,fuzzy_multi_field,89.69,HIGH,auto_matched
CW_001233,rajya_sabha,works recommended (2),645,works sanctioned (7),637,,fuzzy_multi_field,100.0,HIGH,auto_matched
CW_001371,rajya_sabha,works recommended (2),673,works sanctioned (7),665,,fuzzy_multi_field,100.0,HIGH,auto_matched
CW_001360,rajya_sabha,works recommended (2),724,works sanctioned (7),717,,fuzzy_multi_field,97.79,HIGH,auto_matched
CW_001372,rajya_sabha,works recommended (2),844,works sanctioned (7),822,,fuzzy_multi_field,100.0,HIGH,auto_matched
CW_001373,rajya_sabha,works recommended (2),870,works sanctioned (7),844,,fuzzy_multi_field,100.0,HIGH,auto_matched
CW_001374,rajya_sabha,works recommended (2),755,works sanctioned (7),746,,fuzzy_multi_field,100.0,HIGH,auto_matched
CW_001375,rajya_sabha,works recommended (2),572,works sanctioned (7),563,,fuzzy_multi_field,87.93,HIGH,auto_matched
CW_001376,rajya_sabha,works recommended (2),213,works sanctioned (7),206,,fuzzy_multi_field,100.0,HIGH,auto_matched
CW_001377,rajya_sabha,works recommended (2),725,works sanctioned (7),717,,fuzzy_multi_field,100.0,HIGH,auto_matched
CW_001378,rajya_sabha,works recommended (2),894,works sanctioned (7),868,,fuzzy_multi_field,100.0,HIGH,auto_matched
CW_001379,rajya_sabha,works recommended (2),424,works sanctioned (7),416,,fuzzy_multi_field,94.51,HIGH,auto_matched
CW_001274,rajya_sabha,works recommended (2),1243,works sanctioned (7),1219,,fuzzy_multi_field,87.74,HIGH,auto_matched
CW_001277,rajya_sabha,works recommended (2),942,works sanctioned (7),918,,fuzzy_multi_field,90.29,HIGH,auto_matched
CW_001380,rajya_sabha,works recommended (2),423,works sanctioned (7),417,,fuzzy_multi_field,94.51,HIGH,auto_matched
CW_001381,rajya_sabha,works recommended (2),1221,works sanctioned (7),1196,,fuzzy_multi_field,100.0,HIGH,auto_matched
CW_001132,rajya_sabha,works recommended (2),631,works sanctioned (7),620,,fuzzy_multi_field,92.16,HIGH,auto_matched
CW_001382,rajya_sabha,works recommended (2),753,works sanctioned (7),744,,fuzzy_multi_field,100.0,HIGH,auto_matched
CW_001383,rajya_sabha,works recommended (2),571,works sanctioned (7),563,,fuzzy_multi_field,100.0,HIGH,auto_matched
CW_001384,rajya_sabha,works recommended (2),754,works sanctioned (7),745,,fuzzy_multi_field,100.0,HIGH,auto_matched
CW_001385,rajya_sabha,works recommended (2),824,works sanctioned (7),806,,fuzzy_multi_field,100.0,HIGH,auto_matched
CW_001386,rajya_sabha,works recommended (2),155,works sanctioned (7),150,,fuzzy_multi_field,100.0,HIGH,auto_matched
CW_001387,rajya_sabha,works recommended (2),875,works sanctioned (7),849,,fuzzy_multi_field,100.0,HIGH,auto_matched
CW_001132,rajya_sabha,works recommended (2),631,works sanctioned (7),621,,fuzzy_multi_field,92.44,HIGH,auto_matched
CW_001388,rajya_sabha,works recommended (2),1245,works sanctioned (7),1220,,fuzzy_multi_field,100.0,HIGH,auto_matched
CW_001389,rajya_sabha,works recommended (2),202,works sanctioned (7),195,,fuzzy_multi_field,100.0,HIGH,auto_matched
CW_000694,rajya_sabha,works recommended (2),651,works sanctioned (7),643,,fuzzy_multi_field,100.0,HIGH,auto_matched
CW_001390,rajya_sabha,works recommended (2),679,works sanctioned (7),671,,fuzzy_multi_field,100.0,HIGH,auto_matched
CW_001391,rajya_sabha,works recommended (2),904,works sanctioned (7),878,,fuzzy_multi_field,100.0,HIGH,auto_matched
CW_001392,rajya_sabha,works recommended (2),1454,works sanctioned (7),1429,,fuzzy_multi_field,100.0,HIGH,auto_matched
CW_001393,rajya_sabha,works recommended (2),905,works sanctioned (7),879,,fuzzy_multi_field,100.0,HIGH,auto_matched
CW_001394,rajya_sabha,works recommended (2),1176,works sanctioned (7),1151,,fuzzy_multi_field,100.0,HIGH,auto_matched
CW_001395,rajya_sabha,works recommended (2),1204,works sanctioned (7),1179,,fuzzy_multi_field,100.0,HIGH,auto_matched
CW_000681,rajya_sabha,works recommended (2),838,works sanctioned (7),817,,fuzzy_multi_field,100.0,HIGH,auto_matched
CW_001396,rajya_sabha,works recommended (2),1432,works sanctioned (7),1407,,fuzzy_multi_field,100.0,HIGH,auto_matched
CW_000722,rajya_sabha,works recommended (2),555,works sanctioned (7),547,,fuzzy_multi_field,100.0,HIGH,auto_matched
CW_001397,rajya_sabha,works recommended (2),533,works sanctioned (7),525,,fuzzy_multi_field,100.0,HIGH,auto_matched
CW_001398,rajya_sabha,works recommended (2),707,works sanctioned (7),699,,fuzzy_multi_field,100.0,HIGH,auto_matched
