ida_id,canonical_name,normalized_name,agency_type,created_at
IDA_000001,KHORDHA(DISTRICT COLLECTOR KHORDHA_IDA),khordhadistrict collector khordhaida,DISTRICT_AUTHORITY,2026-09-02T01:31:39.254339
IDA_000002,NAINITAL(DISTRICT MAGISTRATE NAINITAL_IDA),nainitaldistrict magistrate nainitalida,DISTRICT_AUTHORITY,2026-09-02T01:31:39.254395
IDA_000003,MAU(DISTRICT MAGISTRATE MAU_IDA),maudistrict magistrate mauida,DISTRICT_AUTHORITY,2026-09-02T01:31:39.254406
IDA_000004,DEHRADUN(DISTRICT MAGISTRATE DEHRADUN_IDA),dehradundistrict magistrate dehradunida,DISTRICT_AUTHORITY,2026-09-02T01:31:39.254414
IDA_000005,PATNA(DISTRICT PLANNING OFFICER PATNA_IDA),patnadistrict planning officer patnaida,DISTRICT_AUTHORITY,2026-09-02T01:31:39.254421
IDA_000006,SAGAR(DISTRICT COLLECTOR SAGAR_IDA),sagardistrict collector sagarida,DISTRICT_AUTHORITY,2026-09-02T01:31:39.254428
IDA_000007,PATIALA(DEPUTY COMMISSIONER PATIALA_IDA),patialadeputy commissioner patialaida,DISTRICT_AUTHORITY,2026-09-02T01:31:39.254434
IDA_000008,SONBHADRA(DISTRICT MAGISTRATE SONBHADRA_IDA),sonbhadradistrict magistrate sonbhadraida,DISTRICT_AUTHORITY,2026-09-02T01:31:39.254440
IDA_000009,ROHTAS(DISTRICT PLANNING OFFICER ROHTAS_IDA),rohtasdistrict planning officer rohtasida,DISTRICT_AUTHORITY,2026-09-02T01:31:39.254447
IDA_000010,CACHAR(DEPUTY COMMISSIONER CACHAR_IDA),cachardeputy commissioner cacharida,DISTRICT_AUTHORITY,2026-09-02T01:31:39.254452
IDA_000011,CHARAIDEO(DEPUTY COMMISSIONER CHARAIDEO_IDA),charaideodeputy commissioner charaideoida,DISTRICT_AUTHORITY,2026-09-02T01:31:39.254459
IDA_000012,FARIDKOT(DEPUTY COMMISSIONER FARIDKOT_IDA),faridkotdeputy commissioner faridkotida,DISTRICT_AUTHORITY,2026-09-02T01:31:39.254464
IDA_000013,NALGONDA(DISTRICT COLLECTOR NALGONDA),nalgondadistrict collector nalgonda,DISTRICT_AUTHORITY,2026-09-02T01:31:39.254472
IDA_000014,SAHARSA(DISTRICT PLANNING OFFICER SAHARSA_IDA),saharsadistrict planning officer saharsaida,DISTRICT_AUTHORITY,2026-09-02T01:31:39.254478
IDA_000015,KENDRAPADA(DISTRICT COLLECTOR KENDRAPARA_IDA),kendrapadadistrict collector kendraparaida,DISTRICT_AUTHORITY,2026-09-02T01:31:39.254484
IDA_000016,AURANGABAD(DISTRICT PLANNING OFFICER AURANGABAD_IDA),aurangabaddistrict planning officer aurangabadida,DISTRICT_AUTHORITY,2026-09-02T01:31:39.254493
IDA_000017,PURI(DISTRICT COLLECTOR PURI_IDA),puridistrict collector puriida,DISTRICT_AUTHORITY,2026-09-02T01:31:39.254498
IDA_000018,SURAT(DISTRICT COLLECTOR SURAT_IDA),suratdistrict collector suratida,DISTRICT_AUTHORITY,2026-09-02T01:31:39.254505
IDA_000019,PRATAPGARH(DISTRICT MAGISTRAE PRATAPGARH_IDA),pratapgarhdistrict magistrae pratapgarhida,DISTRICT_AUTHORITY,2026-09-02T01:31:39.254510
IDA_000020,NIRMAL(DISTRICT COLLECTOR NIRMAL_3),nirmaldistrict collector nirmal3,DISTRICT_AUTHORITY,2026-09-02T01:31:39.254516
IDA_000021,"BILASPUR(DEPUTY COMMISSIONER, BILASPUR)",bilaspurdeputy commissioner bilaspur,DISTRICT_AUTHORITY,2026-09-02T01:31:39.254522
IDA_000022,PATHANAMTHITTA(DISTRICT COLLECTOR PATHANAMTHITTA_IDA),pathanamthittadistrict collector pathanamthittaida,DISTRICT_AUTHORITY,2026-09-02T01:31:39.254529
IDA_000023,MOGA(DEPUTY COMMISSIONER MOGA),mogadeputy commissioner moga,DISTRICT_AUTHORITY,2026-09-02T01:31:39.254534
IDA_000024,VADODARA(DISTRICT COLLECTOR VADODARA_IDA),vadodaradistrict collector vadodaraida,DISTRICT_AUTHORITY,2026-09-02T01:31:39.254540
IDA_000025,KODERMA(DEPUTY COMMISSIONER KODARMA_IDA),kodermadeputy commissioner kodarmaida,DISTRICT_AUTHORITY,2026-09-02T01:31:39.254545
IDA_000026,SARAIKELA KHARSAWAN(DEPUTY COMMISSIONER SARAIKELA_IDA),saraikela kharsawandeputy commissioner saraikelaida,DISTRICT_AUTHORITY,2026-09-02T01:31:39.254551
IDA_000027,MADHEPURA(DISTRICT PLANNING OFFICER MADHEPURA_IDA),madhepuradistrict planning officer madhepuraida,DISTRICT_AUTHORITY,2026-09-02T01:31:39.254557
IDA_000028,ALWAR(DISTRICT COLLECTOR ALWAR_IDA),alwardistrict collector alwarida,DISTRICT_AUTHORITY,2026-09-02T01:31:39.254562
IDA_000029,GANDHINAGAR(DISTRICT COLLECTOR GANDHINAGAR_IDA),gandhinagardistrict collector gandhinagarida,DISTRICT_AUTHORITY,2026-09-02T01:31:39.254568
IDA_000030,SEONI(DISTRICT COLLECTOR SEONI_IDA),seonidistrict collector seoniida,DISTRICT_AUTHORITY,2026-09-02T01:31:39.254573
IDA_000031,JABALPUR(DISTRICT COLLECTOR JABALPUR_IDA),jabalpurdistrict collector jabalpurida,DISTRICT_AUTHORITY,2026-09-02T01:31:39.254578
IDA_000032,MAHOBA(DISTRICT MAGISTRAE MAHOBA_IDA),mahobadistrict magistrae mahobaida,DISTRICT_AUTHORITY,2026-09-02T01:31:39.254584
IDA_000033,ANAKAPALLI(DISTRICT COLLECTOR ANAKAPALLI_IDA),anakapallidistrict collector anakapalliida,DISTRICT_AUTHORITY,2026-09-02T01:31:39.254589
IDA_000034,KALAHANDI(DISTRICT COLLECTOR KALAHANDI_IDA),kalahandidistrict collector kalahandiida,DISTRICT_AUTHORITY,2026-09-02T01:31:39.254595
IDA_000035,NAYAGADA(DISTRICT COLLECTOR  NAYAGARH_IDA),nayagadadistrict collector nayagarhida,DISTRICT_AUTHORITY,2026-09-02T01:31:39.254600
IDA_000036,BARAGADA(DISTRICT COLLECTOR BARAGARH_IDA),baragadadistrict collector baragarhida,DISTRICT_AUTHORITY,2026-09-02T01:31:39.254606
IDA_000037,TIRUVANNAMALAI(DISTRICT COLLECTOR TIRUVANNAMALAI_IDA),tiruvannamalaidistrict collector tiruvannamalaiida,DISTRICT_AUTHORITY,2026-09-02T01:31:39.254612
IDA_000038,SIRMAUR(DEPUTY COMMISSIONER SIRMOUR_IDA),sirmaurdeputy commissioner sirmourida,DISTRICT_AUTHORITY,2026-09-02T01:31:39.254617
IDA_000039,KATAKA(DISTRICT COLLECTOR CUTTACK_IDA),katakadistrict collector cuttackida,DISTRICT_AUTHORITY,2026-09-02T01:31:39.254623
IDA_000040,BANAS KANTHA(DISTRICT COLLECTOR BANAS KANTHA_IDA),banas kanthadistrict collector banas kanthaida,DISTRICT_AUTHORITY,2026-09-02T01:31:39.254629
IDA_000041,PRAKASAM(DISTRICT COLLECTOR PRAKASAM_IDA),prakasamdistrict collector prakasamida,DISTRICT_AUTHORITY,2026-09-02T01:31:39.254634
IDA_000042,MORBI(DISTRICT COLLECTOR MORBI_IDA),morbidistrict collector morbiida,DISTRICT_AUTHORITY,2026-09-02T01:31:39.254640
IDA_000043,CHARKHI DADRI(DEPUTY COMMISSIONER CHARKHI DADRI_IDA),charkhi dadrideputy commissioner charkhi dadriida,DISTRICT_AUTHORITY,2026-09-02T01:31:39.254647
IDA_000044,RAJKOT(DISTRICT COLLECTOR RAJKOT_IDA),rajkotdistrict collector rajkotida,DISTRICT_AUTHORITY,2026-09-02T01:31:39.254652
IDA_000045,TIRUCHIRAPPALLI(DISTRICT COLLECTOR TIRUCHIRAPPALLI_IDA),tiruchirappallidistrict collector tiruchirappalliida,DISTRICT_AUTHORITY,2026-09-02T01:31:39.254658
IDA_000046,RAJGARH(DISTRICT COLLECTOR RAJGARH_IDA),rajgarhdistrict collector rajgarhida,DISTRICT_AUTHORITY,2026-09-02T01:31:39.254663
IDA_000047,MANSA(DEPUTY COMMISSIONER MANSA_IDA),mansadeputy commissioner mansaida,DISTRICT_AUTHORITY,2026-09-02T01:31:39.254668
IDA_000048,FIROZABAD(DISTRICT MAGISTRATE FIROZABAD_IDA),firozabaddistrict magistrate firozabadida,DISTRICT_AUTHORITY,2026-09-02T01:31:39.254674
IDA_000049,MADHUBANI(DISTRICT PLANNING OFFICER MADHUBANI_IDA),madhubanidistrict planning officer madhubaniida,DISTRICT_AUTHORITY,2026-09-02T01:31:39.254679
IDA_000050,PUNE(DISTRICT COLLECTOR PUNE_IDA),punedistrict collector puneida,DISTRICT_AUTHORITY,2026-09-02T01:31:39.254684
IDA_000051,KHERI(DISTRICT MAGISTRAE KHERI_IDA),kheridistrict magistrae kheriida,DISTRICT_AUTHORITY,2026-09-02T01:31:39.254689
IDA_000052,AMRELI(DISTRICT COLLECTOR AMRELI_IDA),amrelidistrict collector amreliida,DISTRICT_AUTHORITY,2026-09-02T01:31:39.254695
IDA_000053,KAUSHAMBI(DISTRICT MAGISTRAE KAUSHAMBI_IDA),kaushambidistrict magistrae kaushambiida,DISTRICT_AUTHORITY,2026-09-02T01:31:39.254700
IDA_000054,SAMBHAL(DISTRICT MAGISTRAE BHIMNAGAR SAMBHAL_IDA),sambhaldistrict magistrae bhimnagar sambhalida,DISTRICT_AUTHORITY,2026-09-02T01:31:39.254706
IDA_000055,PANCHKULA(DRDA PANCHKULA),panchkuladrda panchkula,DISTRICT_AUTHORITY,2026-09-02T01:31:39.254711
IDA_000056,MAINPURI(DISTRICT MAGISTRATE MAINPURI_IDA),mainpuridistrict magistrate mainpuriida,DISTRICT_AUTHORITY,2026-09-02T01:31:39.254717
IDA_000057,KALIMPONG(DISTRICT MAGISTRATE KALIMPONG_IDA),kalimpongdistrict magistrate kalimpongida,DISTRICT_AUTHORITY,2026-09-02T01:31:39.254723
IDA_000058,TIRUPPUR(DISTRICT COLLECTOR TIRUPPUR_IDA),tiruppurdistrict collector tiruppurida,DISTRICT_AUTHORITY,2026-09-02T01:31:39.254728
IDA_000059,PALAKKAD(DISTRICT COLLECTOR PALAKKAD_IDA),palakkaddistrict collector palakkadida,DISTRICT_AUTHORITY,2026-09-02T01:31:39.254734
IDA_000060,SOUTH 24 PARGANAS(DISTRICT MAGISTRATE SOUTH TWENTY FOUR PARGANAS_IDA),south 24 parganasdistrict magistrate south twenty four parganasida,DISTRICT_AUTHORITY,2026-09-02T01:31:39.254740
IDA_000061,CHHINDWARA(DISTRICT COLLECTOR CHHINDWARA_IDA),chhindwaradistrict collector chhindwaraida,DISTRICT_AUTHORITY,2026-09-02T01:31:39.254746
IDA_000062,TIKAMGARH(DISTRICT COLLECTOR TIKAMGARH_IDA),tikamgarhdistrict collector tikamgarhida,DISTRICT_AUTHORITY,2026-09-02T01:31:39.254751
IDA_000063,LUDHIANA(DEPUTY COMMISSIONER LUDHIANA_IDA),ludhianadeputy commissioner ludhianaida,DISTRICT_AUTHORITY,2026-09-02T01:31:39.254757
IDA_000064,SIDDHARTHNAGAR(DISTRICT MAGISTRATE SIDDHARTH NAGAR_IDA),siddharthnagardistrict magistrate siddharth nagarida,DISTRICT_AUTHORITY,2026-09-02T01:31:39.254763
IDA_000065,KANNUR(DISTRICT COLLECTOR KANNUR_IDA),kannurdistrict collector kannurida,DISTRICT_AUTHORITY,2026-09-02T01:31:39.254768
IDA_000066,HAMIRPUR(DEPUTY COMMISSIONER HAMIRPUR_IDA),hamirpurdeputy commissioner hamirpurida,DISTRICT_AUTHORITY,2026-09-02T01:31:39.254774
IDA_000067,NORTH GOA(DISTRICT COLLECTOR NORTH GOA_IDA),north goadistrict collector north goaida,DISTRICT_AUTHORITY,2026-09-02T01:31:39.254780
IDA_000068,SUNDARAGADA(DISTRICT COLLECTOR SUNDARGARH_IDA),sundaragadadistrict collector sundargarhida,DISTRICT_AUTHORITY,2026-09-02T01:31:39.254785
IDA_000069,MURSHIDABAD(DISTRICT MAGISTRATE MURSHIDABAD_IDA),murshidabaddistrict magistrate murshidabadida,DISTRICT_AUTHORITY,2026-09-02T01:31:39.254790
IDA_000070,BETUL(DISTRICT COLLECTOR BETUL_IDA),betuldistrict collector betulida,DISTRICT_AUTHORITY,2026-09-02T01:31:39.254795
IDA_000071,DUNGARPUR(DISTRICT COLLECTOR DUNGARPUR_IDA),dungarpurdistrict collector dungarpurida,DISTRICT_AUTHORITY,2026-09-02T01:31:39.254800
IDA_000072,NORTH 24 PARGANAS(DISTRICT MAGISTRATE NORTH TWENTY FOUR PARGANAS_IDA),north 24 parganasdistrict magistrate north twenty four parganasida,DISTRICT_AUTHORITY,2026-09-02T01:31:39.254806
IDA_000073,ANANTHAPURAMU(DISTRICT COLLECTOR ANANTAPUR_IDA),ananthapuramudistrict collector anantapurida,DISTRICT_AUTHORITY,2026-09-02T01:31:39.254812
IDA_000074,ERNAKULAM(DISTRICT COLLECTOR ERNAKULAM_IDA),ernakulamdistrict collector ernakulamida,DISTRICT_AUTHORITY,2026-09-02T01:31:39.254817
IDA_000075,DHARWAD(DEPUTY COMMISSIONER DHARWAR_IDA),dharwaddeputy commissioner dharwarida,DISTRICT_AUTHORITY,2026-09-02T01:31:39.254822
IDA_000076,SHIMLA(DEPUTY COMMISSIONER SHIMLA_IDA),shimladeputy commissioner shimlaida,DISTRICT_AUTHORITY,2026-09-02T01:31:39.254827
IDA_000077,BHIWANI(DC CUM NODAL OFFICER MPLADS BHIWANI),bhiwanidc cum nodal officer mplads bhiwani,DISTRICT_AUTHORITY,2026-09-02T01:31:39.254841
IDA_000078,DHULE(DISTRICT COLLECTOR DHULE_IDA),dhuledistrict collector dhuleida,DISTRICT_AUTHORITY,2026-09-02T01:31:39.254848
IDA_000079,HISAR(DEPUTY COMMISSIONER HISSAR_IDA),hisardeputy commissioner hissarida,DISTRICT_AUTHORITY,2026-09-02T01:31:39.255093
IDA_000080,DURG(DISTRICT COLLECTOR DURG_IDA),durgdistrict collector durgida,DISTRICT_AUTHORITY,2026-09-02T01:31:39.255125
IDA_000081,HAPUR(DISTRICT MAGISTRATE HAPUR_IDA),hapurdistrict magistrate hapurida,DISTRICT_AUTHORITY,2026-09-02T01:31:39.255134
IDA_000082,AMBEDKAR NAGAR(DISTRICT MAGISTRATE AMBEDKAR NAGAR_IDA),ambedkar nagardistrict magistrate ambedkar nagarida,DISTRICT_AUTHORITY,2026-09-02T01:31:39.255141
IDA_000083,MADURAI(DISTRICT COLLECTOR MADURAI_IDA),maduraidistrict collector maduraiida,DISTRICT_AUTHORITY,2026-09-02T01:31:39.255147
IDA_000084,SIRSA(DEPUTY COMMISSIONER SIRSA_IDA),sirsadeputy commissioner sirsaida,DISTRICT_AUTHORITY,2026-09-02T01:31:39.255153
IDA_000085,KOPPAL(DEPUTY COMMISSIONER KOPPAL_IDA),koppaldeputy commissioner koppalida,DISTRICT_AUTHORITY,2026-09-02T01:31:39.255159
IDA_000086,SUPAUL(DISTRICT PLANNING OFFICER SUPAUL_IDA),supauldistrict planning officer supaulida,DISTRICT_AUTHORITY,2026-09-02T01:31:39.255169
IDA_000087,HASSAN(DEPUTY COMMISSIONER HASSAN_IDA),hassandeputy commissioner hassanida,DISTRICT_AUTHORITY,2026-09-02T01:31:39.255174
IDA_000088,GAYA(DISTRICT PLANNING OFFICER GAYA_IDA),gayadistrict planning officer gayaida,DISTRICT_AUTHORITY,2026-09-02T01:31:39.255181
IDA_000089,PURBA BARDHAMAN(DISTRICT MAGISTRATE PURBA BARDHAMAN_IDA),purba bardhamandistrict magistrate purba bardhamanida,DISTRICT_AUTHORITY,2026-09-02T01:31:39.255187
IDA_000090,NARSIMHAPUR(DISTRICT COLLECTOR NARSINGHPUR_IDA),narsimhapurdistrict collector narsinghpurida,DISTRICT_AUTHORITY,2026-09-02T01:31:39.255193
IDA_000091,KAPURTHALA(DEPUTY COMMISSIONER KAPURTHALA_IDA),kapurthaladeputy commissioner kapurthalaida,DISTRICT_AUTHORITY,2026-09-02T01:31:39.255199
IDA_000092,CHENGALPATTU(DISTRICT COLLECTOR CHENGALPATTU_IDA),chengalpattudistrict collector chengalpattuida,DISTRICT_AUTHORITY,2026-09-02T01:31:39.255205
IDA_000093,LAKHIMPUR(DEPUTY COMMISSIONER LAKHIMPUR_IDA),lakhimpurdeputy commissioner lakhimpurida,DISTRICT_AUTHORITY,2026-09-02T01:31:39.255210
IDA_000094,SIDDIPET(DISTRICT COLLECTOR SIDDIPET_IDA),siddipetdistrict collector siddipetida,DISTRICT_AUTHORITY,2026-09-02T01:31:39.255217
IDA_000095,Y.S.R. KADAPA(DISTRICT COLLECTOR CUDDAPAH_IDA),ysr kadapadistrict collector cuddapahida,DISTRICT_AUTHORITY,2026-09-02T01:31:39.255224
IDA_000096,MANDI(DEPUTY COMMISSIONER MANDI_IDA),mandideputy commissioner mandiida,DISTRICT_AUTHORITY,2026-09-02T01:31:39.255229
IDA_000097,BALESHWAR(DISTRICT COLLECTOR BALESHWAR_IDA),baleshwardistrict collector baleshwarida,DISTRICT_AUTHORITY,2026-09-02T01:31:39.255235
IDA_000098,WARANGAL(DISTRICT COLLECTOR WARANGAL_IDA),warangaldistrict collector warangalida,DISTRICT_AUTHORITY,2026-09-02T01:31:39.255243
IDA_000099,RAMANATHAPURAM(DISTRICT COLLECTOR RAMANATHAPURAM_IDA),ramanathapuramdistrict collector ramanathapuramida,DISTRICT_AUTHORITY,2026-09-02T01:31:39.255251
IDA_000100,SABAR KANTHA(DISTRICT COLLECTOR SABARKANTHA_IDA),sabar kanthadistrict collector sabarkanthaida,DISTRICT_AUTHORITY,2026-09-02T01:31:39.255260
IDA_000101,"EAST KHASI HILLS(DEPUTY COMMISSIONER, EAST KHASI HILLS DISTRICT)",east khasi hillsdeputy commissioner east khasi hills district,DISTRICT_AUTHORITY,2026-09-02T01:31:39.255272
IDA_000102,GHAZIPUR(DISTRICT MAGISTRAE GHAZIPUR_IDA),ghazipurdistrict magistrae ghazipurida,DISTRICT_AUTHORITY,2026-09-02T01:31:39.255282
IDA_000103,NEW DELHI(COMMISSIONER MCD NEW DELHI),new delhicommissioner mcd new delhi,DISTRICT_AUTHORITY,2026-09-02T01:31:39.255289
IDA_000104,GIR SOMNATH(DISTRICT COLLECTOR GIR SOMNATH_IDA),gir somnathdistrict collector gir somnathida,DISTRICT_AUTHORITY,2026-09-02T01:31:39.255301
IDA_000105,KORAPUT(DISTRICT COLLECTOR KORAPUT_IDA),koraputdistrict collector koraputida,DISTRICT_AUTHORITY,2026-09-02T01:31:39.255309
IDA_000106,DEOGHAR(DEPUTY COMMISSIONER DEOGHAR_IDA),deoghardeputy commissioner deogharida,DISTRICT_AUTHORITY,2026-09-02T01:31:39.255318
IDA_000107,PURBA MEDINIPUR(DISTRICT MAGISTRATE PURBA MEDINIPUR_IDA),purba medinipurdistrict magistrate purba medinipurida,DISTRICT_AUTHORITY,2026-09-02T01:31:39.255330
IDA_000108,KRISHNA(DISTRICT COLLECTOR KRISHNA_IDA),krishnadistrict collector krishnaida,DISTRICT_AUTHORITY,2026-09-02T01:31:39.255335
IDA_000109,DHANBAD(DEPUTY COMMISSIONER DHANBAD_IDA),dhanbaddeputy commissioner dhanbadida,DISTRICT_AUTHORITY,2026-09-02T01:31:39.255342
IDA_000110,SAMBA(DEPUTY COMMISSIONER SAMBA_IDA),sambadeputy commissioner sambaida,DISTRICT_AUTHORITY,2026-09-02T01:31:39.255351
IDA_000111,JAIPUR(DISTRICT COLLECTOR JAIPUR_IDA),jaipurdistrict collector jaipurida,DISTRICT_AUTHORITY,2026-09-02T01:31:39.255359
IDA_000112,SIROHI(DISTRICT COLLECTOR SIROHI_IDA),sirohidistrict collector sirohiida,DISTRICT_AUTHORITY,2026-09-02T01:31:39.255365
IDA_000113,ETAWAH(DISTRICT MAGISTRATE ETAWAH_IDA),etawahdistrict magistrate etawahida,DISTRICT_AUTHORITY,2026-09-02T01:31:39.255372
IDA_000114,SHAHPURA(DISTRICT COLLECTOR SHAHPURA_IDA),shahpuradistrict collector shahpuraida,DISTRICT_AUTHORITY,2026-09-02T01:31:39.255379
IDA_000115,KOTTAYAM(DISTRICT COLLECTOR KOTTAYAM_IDA),kottayamdistrict collector kottayamida,DISTRICT_AUTHORITY,2026-09-02T01:31:39.255384
IDA_000116,NADIA(DISTRICT MAGISTRATE NADIA_IDA),nadiadistrict magistrate nadiaida,DISTRICT_AUTHORITY,2026-09-02T01:31:39.255390
IDA_000117,NANDYAL(DISTRICT COLLECTOR NANDYAL_IDA),nandyaldistrict collector nandyalida,DISTRICT_AUTHORITY,2026-09-02T01:31:39.255396
IDA_000118,WEST GODAVARI(DISTRICT COLLECTOR WEST GODAVARI_IDA),west godavaridistrict collector west godavariida,DISTRICT_AUTHORITY,2026-09-02T01:31:39.255402
IDA_000119,WEST GARO HILLS(DEPUTY COMMISSIONER WEST GARO HILLS_IDA),west garo hillsdeputy commissioner west garo hillsida,DISTRICT_AUTHORITY,2026-09-02T01:31:39.255411
IDA_000120,KASGANJ(DISTRICT MAGISTRATE KASGANJ KANSHIRAMNAGAR_IDA),kasganjdistrict magistrate kasganj kanshiramnagarida,DISTRICT_AUTHORITY,2026-09-02T01:31:39.255418
IDA_000121,VAV-THARAD(DISTRICT COLLECTOR VAV-THARAD),vavtharaddistrict collector vavtharad,DISTRICT_AUTHORITY,2026-09-02T01:31:39.255427
IDA_000122,GONDIA(DISTRICT COLLECTOR GONDIA_IDA),gondiadistrict collector gondiaida,DISTRICT_AUTHORITY,2026-09-02T01:31:39.255434
IDA_000123,NALANDA(DISTRICT PLANNING OFFICER NALANDA_IDA),nalandadistrict planning officer nalandaida,DISTRICT_AUTHORITY,2026-09-02T01:31:39.255441
IDA_000124,SOUTH(COMMISSIONER SOUTH),southcommissioner south,DISTRICT_AUTHORITY,2026-09-02T01:31:39.255449
IDA_000125,JOGULAMBA GADWAL(DISTRICT COLLECTOR JOGULAMBA GADWAL_IDA),jogulamba gadwaldistrict collector jogulamba gadwalida,DISTRICT_AUTHORITY,2026-09-02T01:31:39.255457
IDA_000126,CHAMBA(DEPUTY COMMISSIONER CHAMBA_IDA),chambadeputy commissioner chambaida,DISTRICT_AUTHORITY,2026-09-02T01:31:39.255463
IDA_000127,MALDA(DISTRICT MAGISTRATE MALDA_IDA),maldadistrict magistrate maldaida,DISTRICT_AUTHORITY,2026-09-02T01:31:39.255469
IDA_000128,BIRBHUM(DISTRICT MAGISTRATE BIRBHUM_IDA),birbhumdistrict magistrate birbhumida,DISTRICT_AUTHORITY,2026-09-02T01:31:39.255475
IDA_000129,GURDASPUR(DEPUTY COMMISSIONER GURDASPUR_IDA),gurdaspurdeputy commissioner gurdaspurida,DISTRICT_AUTHORITY,2026-09-02T01:31:39.255482
IDA_000130,BOKARO(DEPUTY COMMISSIONER BOKARO_IDA),bokarodeputy commissioner bokaroida,DISTRICT_AUTHORITY,2026-09-02T01:31:39.255491
IDA_000131,JAISALMER(DISTRICT COLLECTOR JAISLAMER_IDA),jaisalmerdistrict collector jaislamerida,DISTRICT_AUTHORITY,2026-09-02T01:31:39.255497
IDA_000132,KACHCHH(DISTRICT COLLECTOR KUTCH_IDA),kachchhdistrict collector kutchida,DISTRICT_AUTHORITY,2026-09-02T01:31:39.255504
IDA_000133,DHARASHIV(DISTRICT COLLECTOR OSMANABAD_IDA),dharashivdistrict collector osmanabadida,DISTRICT_AUTHORITY,2026-09-02T01:31:39.255511
IDA_000134,NIZAMABAD(DISTRICT COLLECTOR NIZAMABAD_IDA),nizamabaddistrict collector nizamabadida,DISTRICT_AUTHORITY,2026-09-02T01:31:39.255517
IDA_000135,PARVATHIPURAM MANYAM(DISTRICT COLLECTOR PARVATHIPURAM MANYAM_IDA),parvathipuram manyamdistrict collector parvathipuram manyamida,DISTRICT_AUTHORITY,2026-09-02T01:31:39.255525
IDA_000136,THIRUVALLUR(DISTRICT COLLECTOR TIRUVALLUR_IDA),thiruvallurdistrict collector tiruvallurida,DISTRICT_AUTHORITY,2026-09-02T01:31:39.255530
IDA_000137,THANE(DISTRICT COLLECTOR THANE_IDA),thanedistrict collector thaneida,DISTRICT_AUTHORITY,2026-09-02T01:31:39.255536
IDA_000138,AGRA(DISTRICT MAGISTRAE AGRA_IDA),agradistrict magistrae agraida,DISTRICT_AUTHORITY,2026-09-02T01:31:39.255541
IDA_000139,SRI POTTI SRIRAMULU NELLORE(DISTRICT COLLECTOR NELLORE_IDA),sri potti sriramulu nelloredistrict collector nelloreida,DISTRICT_AUTHORITY,2026-09-02T01:31:39.255548
IDA_000140,GANGAPURCITY(DISTRICT COLLECTOR GANGAPUR CITY_IDA),gangapurcitydistrict collector gangapur cityida,DISTRICT_AUTHORITY,2026-09-02T01:31:39.255553
IDA_000141,NARAYANPET(DISTRICT COLLECTOR NARAYANPET_IDA),narayanpetdistrict collector narayanpetida,DISTRICT_AUTHORITY,2026-09-02T01:31:39.255559
IDA_000142,NORTH GARO HILLS(DEPUTY COMMISSIONER NORTH GARO HILLS RESUBELPARA_IDA),north garo hillsdeputy commissioner north garo hills resubelparaida,DISTRICT_AUTHORITY,2026-09-02T01:31:39.255565
IDA_000143,SATNA(DISTRICT COLLECTOR SATNA_IDA),satnadistrict collector satnaida,DISTRICT_AUTHORITY,2026-09-02T01:31:39.255571
IDA_000144,NAGARKURNOOL(DISTRICT COLLECTOR NAGARKURNOOL_IDA),nagarkurnooldistrict collector nagarkurnoolida,DISTRICT_AUTHORITY,2026-09-02T01:31:39.255576
IDA_000145,JAUNPUR(DISTRICT MAGISTRATE JAUNPUR_IDA),jaunpurdistrict magistrate jaunpurida,DISTRICT_AUTHORITY,2026-09-02T01:31:39.255582
IDA_000146,CHATRA(DEPUTY COMMISSIONER CHATRA_IDA),chatradeputy commissioner chatraida,DISTRICT_AUTHORITY,2026-09-02T01:31:39.255588
IDA_000147,KUSHINAGAR(DISTRICT MAGISTRATE KUSHINAGAR PADRAUNA_IDA),kushinagardistrict magistrate kushinagar padraunaida,DISTRICT_AUTHORITY,2026-09-02T01:31:39.255593
IDA_000148,PALWAL(CEO DRDA MPLADS PALWAL),palwalceo drda mplads palwal,DISTRICT_AUTHORITY,2026-09-02T01:31:39.255600
IDA_000149,MALAPPURAM(DISTRICT COLLECTOR MALAPPURAM_IDA),malappuramdistrict collector malappuramida,DISTRICT_AUTHORITY,2026-09-02T01:31:39.255606
IDA_000150,RAIPUR(DISTRICT COLLECTOR RAIPUR_IDA),raipurdistrict collector raipurida,DISTRICT_AUTHORITY,2026-09-02T01:31:39.255612
IDA_000151,THE NILGIRIS(DISTRICT COLLECTOR NILGIRIS_IDA),the nilgirisdistrict collector nilgirisida,DISTRICT_AUTHORITY,2026-09-02T01:31:39.255618
IDA_000152,SOUTH GOA(DISTRICT COLLECTOR SOUTH GOA_IDA),south goadistrict collector south goaida,DISTRICT_AUTHORITY,2026-09-02T01:31:39.255623
IDA_000153,FEROZEPUR(DEPUTY COMMISSIONER FIROZEPUR_IDA),ferozepurdeputy commissioner firozepurida,DISTRICT_AUTHORITY,2026-09-02T01:31:39.255629
IDA_000154,DAMOH(DISTRICT COLLECTOR DAMOH_IDA),damohdistrict collector damohida,DISTRICT_AUTHORITY,2026-09-02T01:31:39.255634
IDA_000155,SHIVAMOGGA(DEPUTY COMMISSIONER SHIMOGA_IDA),shivamoggadeputy commissioner shimogaida,DISTRICT_AUTHORITY,2026-09-02T01:31:39.255640
IDA_000156,GIRIDIH(DEPUTY COMMISSIONER GIRIDH_IDA),giridihdeputy commissioner giridhida,DISTRICT_AUTHORITY,2026-09-02T01:31:39.255645
IDA_000157,KURNOOL(DISTRICT COLLECTOR KURNOOL_IDA),kurnooldistrict collector kurnoolida,DISTRICT_AUTHORITY,2026-09-02T01:31:39.255650
IDA_000158,VILUPPURAM(DISTRICT COLLECTOR VILLUPURAM_IDA),viluppuramdistrict collector villupuramida,DISTRICT_AUTHORITY,2026-09-02T01:31:39.255656
IDA_000159,MAHESANA(DISTRICT COLLECTOR MAHESANA_IDA),mahesanadistrict collector mahesanaida,DISTRICT_AUTHORITY,2026-09-02T01:31:39.255661
IDA_000160,MAHABUBABAD(DISTRICT COLLECTOR MAHABUBABAD_IDA),mahabubabaddistrict collector mahabubabadida,DISTRICT_AUTHORITY,2026-09-02T01:31:39.255666
IDA_000161,BIJNOR(DISTRICT MAGISTRATE BIJNOR_IDA),bijnordistrict magistrate bijnorida,DISTRICT_AUTHORITY,2026-09-02T01:31:39.255672
IDA_000162,NUAPADA(DISTRICT COLLECTOR  NUAPADA_IDA),nuapadadistrict collector nuapadaida,DISTRICT_AUTHORITY,2026-09-02T01:31:39.255678
IDA_000163,UTTAR DINAJPUR(DISTRICT MAGISTRATE UTTAR DINAJPUR_IDA),uttar dinajpurdistrict magistrate uttar dinajpurida,DISTRICT_AUTHORITY,2026-09-02T01:31:39.255683
IDA_000164,RANCHI(DEPUTY COMMISSIONER RANCHI_IDA),ranchideputy commissioner ranchiida,DISTRICT_AUTHORITY,2026-09-02T01:31:39.255689
IDA_000165,YADADRI BHUVANAGIRI(DISTRICT COLLECTOR YADADRI BHUVANAGIRI_IDA),yadadri bhuvanagiridistrict collector yadadri bhuvanagiriida,DISTRICT_AUTHORITY,2026-09-02T01:31:39.255695
IDA_000166,SONIPAT(DEPUTY COMMISSIONER SONEPAT_IDA),sonipatdeputy commissioner sonepatida,DISTRICT_AUTHORITY,2026-09-02T01:31:39.255701
IDA_000167,HARIDWAR(DISTRICT MAGISTRATE HARIDWAR_IDA),haridwardistrict magistrate haridwarida,DISTRICT_AUTHORITY,2026-09-02T01:31:39.255707
IDA_000168,BALANGIR(DISTRICT COLLECTOR BOLANGIR_IDA),balangirdistrict collector bolangirida,DISTRICT_AUTHORITY,2026-09-02T01:31:39.255713
IDA_000169,JAMUI(DISTRICT PLANNING OFFICER JAMUI_IDA),jamuidistrict planning officer jamuiida,DISTRICT_AUTHORITY,2026-09-02T01:31:39.255718
IDA_000170,RAMPUR(DISTRICT MAGISTRATE RAMPUR_IDA),rampurdistrict magistrate rampurida,DISTRICT_AUTHORITY,2026-09-02T01:31:39.255724
IDA_000171,BARWANI(DISTRICT COLLECTOR BADWANI_IDA),barwanidistrict collector badwaniida,DISTRICT_AUTHORITY,2026-09-02T01:31:39.255732
IDA_000172,BULANDSHAHR(DISTRICT MAGISTRATE BULANDSHAHR_IDA),bulandshahrdistrict magistrate bulandshahrida,DISTRICT_AUTHORITY,2026-09-02T01:31:39.255738
IDA_000173,CHHATRAPATI SAMBHAJINAGAR(DISTRICT COLLECTOR AURANGABAD_IDA),chhatrapati sambhajinagardistrict collector aurangabadida,DISTRICT_AUTHORITY,2026-09-02T01:31:39.255744
IDA_000174,SRI MUKTSAR SAHIB(DEPUTY COMMISSIONER SRI MUKTSAR SAHIB_IDA),sri muktsar sahibdeputy commissioner sri muktsar sahibida,DISTRICT_AUTHORITY,2026-09-02T01:31:39.255751
IDA_000175,UDUPI(DEPUTY COMMISSIONER UDUPI_IDA),udupideputy commissioner udupiida,DISTRICT_AUTHORITY,2026-09-02T01:31:39.255757
IDA_000176,MAMIT(DEPUTY COMMISSIONER MAMIT),mamitdeputy commissioner mamit,DISTRICT_AUTHORITY,2026-09-02T01:31:39.255762
IDA_000177,KANGRA(DEPUTY COMMISSIONER KANGRA_IDA),kangradeputy commissioner kangraida,DISTRICT_AUTHORITY,2026-09-02T01:31:39.255767
IDA_000178,SURGUJA(COLLECTOR SURGUJA_IDA),surgujacollector surgujaida,DISTRICT_AUTHORITY,2026-09-02T01:31:39.255772
IDA_000179,PASHCHIM CHAMPARAN(DISTRICT PLANNING OFFICER WEST CHAMPARANBETTIAH_IDA),pashchim champarandistrict planning officer west champaranbettiahida,DISTRICT_AUTHORITY,2026-09-02T01:31:39.255778
IDA_000180,JAGITIAL(DISTRICT COLLECTOR JAGTIAL_IDA),jagitialdistrict collector jagtialida,DISTRICT_AUTHORITY,2026-09-02T01:31:39.255784
IDA_000181,KHARGONE (WEST NIMAR)(DISTRICT COLLECTOR KHARGONE_IDA),khargone west nimardistrict collector khargoneida,DISTRICT_AUTHORITY,2026-09-02T01:31:39.255791
IDA_000182,EAST SINGHBUM(DEPUTY COMMISSIONER EAST SINGHBUM_IDA),east singhbumdeputy commissioner east singhbumida,DISTRICT_AUTHORITY,2026-09-02T01:31:39.255798
IDA_000183,ANANTNAG(DEPUTY COMMISSIONER ANANTNAG_IDA),anantnagdeputy commissioner anantnagida,DISTRICT_AUTHORITY,2026-09-02T01:31:39.255803
IDA_000184,BANDA(DISTRICT MAGISTRATE BANDA_IDA),bandadistrict magistrate bandaida,DISTRICT_AUTHORITY,2026-09-02T01:31:39.255809
IDA_000185,HOWRAH(DISTRICT MAGISTRATE HOWRAH_IDA),howrahdistrict magistrate howrahida,DISTRICT_AUTHORITY,2026-09-02T01:31:39.255814
IDA_000186,NARMADA(DISTRICT COLLECTOR NARMADA_IDA),narmadadistrict collector narmadaida,DISTRICT_AUTHORITY,2026-09-02T01:31:39.255820
IDA_000187,SOUTH WEST GARO HILLS(DEPUTY COMMISSIONER SOUTH WEST GARO HILLS AMPATI_IDA),south west garo hillsdeputy commissioner south west garo hills ampatiida,DISTRICT_AUTHORITY,2026-09-02T01:31:39.255828
IDA_000188,RANGA REDDY(DISTRICT COLLECTOR RANGAREDDY_IDA),ranga reddydistrict collector rangareddyida,DISTRICT_AUTHORITY,2026-09-02T01:31:39.255835
IDA_000189,FARRUKHABAD(DISTRICT MAGISTRAE FARRUKHABAD_IDA),farrukhabaddistrict magistrae farrukhabadida,DISTRICT_AUTHORITY,2026-09-02T01:31:39.255840
IDA_000190,LUCKNOW(DISTRICT MAGISTRAE LUCKNOW_IDA),lucknowdistrict magistrae lucknowida,DISTRICT_AUTHORITY,2026-09-02T01:31:39.255847
IDA_000191,BHOPAL(DISTRICT COLLECTOR BHOPAL_IDA),bhopaldistrict collector bhopalida,DISTRICT_AUTHORITY,2026-09-02T01:31:39.255853
IDA_000192,BASTAR(DISTRICT COLLECTOR BASTAR_IDA),bastardistrict collector bastarida,DISTRICT_AUTHORITY,2026-09-02T01:31:39.255858
IDA_000193,AHILYANAGAR(DISTRICT COLLECTOR AHMEDNAGAR_IDA),ahilyanagardistrict collector ahmednagarida,DISTRICT_AUTHORITY,2026-09-02T01:31:39.255864
IDA_000194,YAVATMAL(DISTRICT COLLECTOR YAVATMAL_IDA),yavatmaldistrict collector yavatmalida,DISTRICT_AUTHORITY,2026-09-02T01:31:39.255869
IDA_000195,BALLIA(DISTRICT MAGISTRAE BALLIA_IDA),balliadistrict magistrae balliaida,DISTRICT_AUTHORITY,2026-09-02T01:31:39.255875
IDA_000196,GORAKHPUR(DISTRICT MAGISTRATE GORAKHPUR_IDA),gorakhpurdistrict magistrate gorakhpurida,DISTRICT_AUTHORITY,2026-09-02T01:31:39.255880
IDA_000197,MANDSAUR(DISTRICT COLLECTOR MANDSAUR_IDA),mandsaurdistrict collector mandsaurida,DISTRICT_AUTHORITY,2026-09-02T01:31:39.255886
IDA_000198,SHAHJAHANPUR(DISTRICT MAGISTRAE SHAHJAHANAPUR_IDA),shahjahanpurdistrict magistrae shahjahanapurida,DISTRICT_AUTHORITY,2026-09-02T01:31:39.255892
IDA_000199,BENGALURU URBAN(DEPUTY COMMISSIONER BANGALORE URBAN_IDA),bengaluru urbandeputy commissioner bangalore urbanida,DISTRICT_AUTHORITY,2026-09-02T01:31:39.255900
IDA_000200,CHANDIGARH(DEPUTY COMMISSIONER ZILLA PARISHAD CHANDIGARH_IDA),chandigarhdeputy commissioner zilla parishad chandigarhida,DISTRICT_AUTHORITY,2026-09-02T01:31:39.255907
IDA_000201,VALSAD(DISTRICT COLLECTOR VALSAD_IDA),valsaddistrict collector valsadida,DISTRICT_AUTHORITY,2026-09-02T01:31:39.255912
IDA_000202,DARBHANGA(DISTRICT PLANNING OFFICER DARBANGA_IDA),darbhangadistrict planning officer darbangaida,DISTRICT_AUTHORITY,2026-09-02T01:31:39.255924
IDA_000203,KHAMMAM(DISTRICT COLLECTOR KHAMMAM_IDA),khammamdistrict collector khammamida,DISTRICT_AUTHORITY,2026-09-02T01:31:39.255931
IDA_000204,KUPWARA(DEPUTY COMMISSIONER KUPWARA_IDA),kupwaradeputy commissioner kupwaraida,DISTRICT_AUTHORITY,2026-09-02T01:31:39.255937
IDA_000205,HAZARIBAGH(DEPUTY COMMISSIONER HAZARIBAGH_IDA),hazaribaghdeputy commissioner hazaribaghida,DISTRICT_AUTHORITY,2026-09-02T01:31:39.255945
IDA_000206,KAIMUR (BHABUA)(DISTRICT PLANNING OFFICER KAIMUR BHABUA_IDA),kaimur bhabuadistrict planning officer kaimur bhabuaida,DISTRICT_AUTHORITY,2026-09-02T01:31:39.255955
IDA_000207,MAYURBHANJ(DISTRICT COLLECTOR MAYURBHANJ_IDA),mayurbhanjdistrict collector mayurbhanjida,DISTRICT_AUTHORITY,2026-09-02T01:31:39.255964
IDA_000208,SIVAGANGA(DISTRICT COLLECTOR SIVAGANGA_IDA),sivagangadistrict collector sivagangaida,DISTRICT_AUTHORITY,2026-09-02T01:31:39.255969
IDA_000209,KHAGARIA(DISTRICT PLANNING OFFICER KHAGARIA_IDA),khagariadistrict planning officer khagariaida,DISTRICT_AUTHORITY,2026-09-02T01:31:39.255975
IDA_000210,ZUNHEBOTO(DEPUTY COMMISSIONER ZUNHEBOTO_IDA),zunhebotodeputy commissioner zunhebotoida,DISTRICT_AUTHORITY,2026-09-02T01:31:39.255981
IDA_000211,SHRAWASTI(DISTRICT MAGISTRATE SHRAVASTI_IDA),shrawastidistrict magistrate shravastiida,DISTRICT_AUTHORITY,2026-09-02T01:31:39.255987
IDA_000212,BISWANATH(DEPUTY COMMISSIONER BISWANATH_IDA),biswanathdeputy commissioner biswanathida,DISTRICT_AUTHORITY,2026-09-02T01:31:39.255992
IDA_000213,DHAR(DISTRICT COLLECTOR DHAR_IDA),dhardistrict collector dharida,DISTRICT_AUTHORITY,2026-09-02T01:31:39.255998
IDA_000214,HANUMANGARH(DISTRICT COLLECTOR HANUMANGARH_IDA),hanumangarhdistrict collector hanumangarhida,DISTRICT_AUTHORITY,2026-09-02T01:31:39.256004
IDA_000215,KOLLAM(DISTRICT COLLECTOR KOLLAM_IDA),kollamdistrict collector kollamida,DISTRICT_AUTHORITY,2026-09-02T01:31:39.256009
IDA_000216,KURUKSHETRA(DEPUTY COMMISSIONER KURUKSHETRA_IDA),kurukshetradeputy commissioner kurukshetraida,DISTRICT_AUTHORITY,2026-09-02T01:31:39.256015
IDA_000217,DHARMAPURI(DISTRICT COLLECTOR DHARMAPURI_IDA),dharmapuridistrict collector dharmapuriida,DISTRICT_AUTHORITY,2026-09-02T01:31:39.256021
IDA_000218,MEERUT(DISTRICT MAGISTRATE MEERUT_IDA),meerutdistrict magistrate meerutida,DISTRICT_AUTHORITY,2026-09-02T01:31:39.256026
IDA_000219,NAVSARI(DISTRICT COLLECTOR NAVSARI_IDA),navsaridistrict collector navsariida,DISTRICT_AUTHORITY,2026-09-02T01:31:39.256032
IDA_000220,DR. B.R. AMBEDKAR KONASEEMA(DISTRICT COLLECTOR DR B R AMBEDKAR KONASEEMA_IDA),dr br ambedkar konaseemadistrict collector dr b r ambedkar konaseemaida,DISTRICT_AUTHORITY,2026-09-02T01:31:39.256040
IDA_000221,BHANDARA(DISTRICT COLLECTOR BHANDARA_IDA),bhandaradistrict collector bhandaraida,DISTRICT_AUTHORITY,2026-09-02T01:31:39.256045
IDA_000222,MUMBAI(DISTRICT COLLECTOR MUMBAI CITY_IDA),mumbaidistrict collector mumbai cityida,DISTRICT_AUTHORITY,2026-09-02T01:31:39.256051
IDA_000223,KARIMNAGAR(DISTRICT COLLECTOR KARIMNAGAR_IDA),karimnagardistrict collector karimnagarida,DISTRICT_AUTHORITY,2026-09-02T01:31:39.256056
IDA_000224,WEST TRIPURA(DISTRICT MAGISTRATE WEST TRIPURA_IDA),west tripuradistrict magistrate west tripuraida,DISTRICT_AUTHORITY,2026-09-02T01:31:39.256062
IDA_000225,JAMMU(DEPUTY COMMISSIONER JAMMU_IDA),jammudeputy commissioner jammuida,DISTRICT_AUTHORITY,2026-09-02T01:31:39.256067
IDA_000226,DEEG(DISTRICT COLLECTOR DEEG_IDA),deegdistrict collector deegida,DISTRICT_AUTHORITY,2026-09-02T01:31:39.256073
IDA_000227,ETAH(DISTRICT MAGISTRATE ETAH_IDA),etahdistrict magistrate etahida,DISTRICT_AUTHORITY,2026-09-02T01:31:39.256078
IDA_000228,INDORE(DISTRICT COLLECTOR INDORE_IDA),indoredistrict collector indoreida,DISTRICT_AUTHORITY,2026-09-02T01:31:39.256083
IDA_000229,BASTI(DISTRICT MAGISTRATE BASTI_IDA),bastidistrict magistrate bastiida,DISTRICT_AUTHORITY,2026-09-02T01:31:39.256089
IDA_000230,BAGHPAT(DISTRICT MAGISTRATE BAGHPAT_IDA),baghpatdistrict magistrate baghpatida,DISTRICT_AUTHORITY,2026-09-02T01:31:39.256095
IDA_000231,RAE BARELI(DISTRICT MAGISTRATE RAE BARELI_IDA),rae barelidistrict magistrate rae bareliida,DISTRICT_AUTHORITY,2026-09-02T01:31:39.256101
IDA_000232,PASCHIM MEDINIPUR(DISTRICT MAGISTRATE PASCHIM MEDINIPUR_IDA),paschim medinipurdistrict magistrate paschim medinipurida,DISTRICT_AUTHORITY,2026-09-02T01:31:39.256107
IDA_000233,FATEHGARH SAHIB(DEPUTY COMMISSIONER FATEHGARH SAHIB_IDA),fatehgarh sahibdeputy commissioner fatehgarh sahibida,DISTRICT_AUTHORITY,2026-09-02T01:31:39.256113
IDA_000234,"MAJULI(DISTRICT COMMISSIONER, MAJULI)",majulidistrict commissioner majuli,DISTRICT_AUTHORITY,2026-09-02T01:31:39.256120
IDA_000235,AURAIYA(DISTRICT MAGISTRATE AURAIYA_IDA),auraiyadistrict magistrate auraiyaida,DISTRICT_AUTHORITY,2026-09-02T01:31:39.256127
IDA_000236,JUNAGADH(DISTRICT COLLECTOR JUNAGADH_IDA),junagadhdistrict collector junagadhida,DISTRICT_AUTHORITY,2026-09-02T01:31:39.256133
IDA_000237,BIDAR(DEPUTY COMMISSIONER BIDAR_IDA),bidardeputy commissioner bidarida,DISTRICT_AUTHORITY,2026-09-02T01:31:39.256138
IDA_000238,KISHANGANJ(DISTRICT PLANNING OFFICER KISHANGANJ_IDA),kishanganjdistrict planning officer kishanganjida,DISTRICT_AUTHORITY,2026-09-02T01:31:39.256144
IDA_000239,PURNIA(DISTRICT PLANNING OFFICER PURNIA_IDA),purniadistrict planning officer purniaida,DISTRICT_AUTHORITY,2026-09-02T01:31:39.256149
IDA_000240,UJJAIN(DISTRICT COLLECTOR UJJAIN_IDA),ujjaindistrict collector ujjainida,DISTRICT_AUTHORITY,2026-09-02T01:31:39.256154
IDA_000241,AMRAVATI(DISTRICT COLLECTOR AMRAVATI_IDA),amravatidistrict collector amravatiida,DISTRICT_AUTHORITY,2026-09-02T01:31:39.256159
IDA_000242,VIKARABAD(DISTRICT COLLECTOR VIKARABAD_2),vikarabaddistrict collector vikarabad2,DISTRICT_AUTHORITY,2026-09-02T01:31:39.256165
IDA_000243,PAKYONG(DISTRICT COLLECTOR PAKYONG_IDA),pakyongdistrict collector pakyongida,DISTRICT_AUTHORITY,2026-09-02T01:31:39.256171
IDA_000244,BHIND(DISTRICT COLLECTOR BHIND_IDA),bhinddistrict collector bhindida,DISTRICT_AUTHORITY,2026-09-02T01:31:39.256178
IDA_000245,THIRUVARUR(DISTRICT COLLECTOR THIRUVARUR_IDA),thiruvarurdistrict collector thiruvarurida,DISTRICT_AUTHORITY,2026-09-02T01:31:39.256185
IDA_000246,SHAHDOL(DISTRICT COLLECTOR SHAHDOL_IDA),shahdoldistrict collector shahdolida,DISTRICT_AUTHORITY,2026-09-02T01:31:39.256190
IDA_000247,JORHAT(DEPUTY COMMISSIONER JORHAT_IDA),jorhatdeputy commissioner jorhatida,DISTRICT_AUTHORITY,2026-09-02T01:31:39.256197
IDA_000248,RI BHOI(DEPUTY COMMISSIONER RIBHOI NONGPOH_IDA),ri bhoideputy commissioner ribhoi nongpohida,DISTRICT_AUTHORITY,2026-09-02T01:31:39.256204
IDA_000249,CHITTOOR(DISTRICT COLLECTOR CHITTOOR_IDA),chittoordistrict collector chittoorida,DISTRICT_AUTHORITY,2026-09-02T01:31:39.256210
IDA_000250,JHUNJHUNU(DISTRICT COLLECTOR JHUNJHUNU_IDA),jhunjhunudistrict collector jhunjhunuida,DISTRICT_AUTHORITY,2026-09-02T01:31:39.256216
IDA_000251,BHARATPUR(DISTRICT COLLECTOR BHARATPUR_IDA),bharatpurdistrict collector bharatpurida,DISTRICT_AUTHORITY,2026-09-02T01:31:39.256222
IDA_000252,WEST KAMENG(DEPUTY COMMISIONER WEST KAMENG_IDA),west kamengdeputy commisioner west kamengida,DISTRICT_AUTHORITY,2026-09-02T01:31:39.256230
IDA_000253,NAMAKKAL(DISTRICT COLLECTOR NAMAKKAL_IDA),namakkaldistrict collector namakkalida,DISTRICT_AUTHORITY,2026-09-02T01:31:39.256236
IDA_000254,AHMEDABAD(DISTRICT COLLECTOR AHMADABAD_IDA),ahmedabaddistrict collector ahmadabadida,DISTRICT_AUTHORITY,2026-09-02T01:31:39.256242
IDA_000255,SOLAPUR(DISTRICT COLLECTOR SOLAPUR_IDA),solapurdistrict collector solapurida,DISTRICT_AUTHORITY,2026-09-02T01:31:39.256248
IDA_000256,SAHEBGANJ(DEPUTY COMMISSIONER SAHEBGANJ_IDA),sahebganjdeputy commissioner sahebganjida,DISTRICT_AUTHORITY,2026-09-02T01:31:39.256254
IDA_000257,CUDDALORE(DISTRICT COLLECTOR CUDDALORE_IDA),cuddaloredistrict collector cuddaloreida,DISTRICT_AUTHORITY,2026-09-02T01:31:39.256260
IDA_000258,KOTPUTLI-BEHROR(DISTRICT COLLECTOR KOTPUTLI BEHROR_IDA),kotputlibehrordistrict collector kotputli behrorida,DISTRICT_AUTHORITY,2026-09-02T01:31:39.256266
IDA_000259,UTTARKASHI(DISTRICT COLLECTOR UTTARKASHI_IDA),uttarkashidistrict collector uttarkashiida,DISTRICT_AUTHORITY,2026-09-02T01:31:39.256272
IDA_000260,MUMBAI SUBURBAN(DISTRICT COLLECTOR MUMBAI SUBURBAN_IDA),mumbai suburbandistrict collector mumbai suburbanida,DISTRICT_AUTHORITY,2026-09-02T01:31:39.256277
IDA_000261,KHANDWA (EAST NIMAR)(DISTRICT COLLECTOR EAST NIMAR_IDA),khandwa east nimardistrict collector east nimarida,DISTRICT_AUTHORITY,2026-09-02T01:31:39.256284
IDA_000262,PANCH MAHALS(DISTRICT COLLECTOR PANCHMAHALS_IDA),panch mahalsdistrict collector panchmahalsida,DISTRICT_AUTHORITY,2026-09-02T01:31:39.256289
IDA_000263,DAKSHINA KANNADA(DEPUTY COMMISSIONER DAKSHIN KANNAD MANGALORE_IDA),dakshina kannadadeputy commissioner dakshin kannad mangaloreida,DISTRICT_AUTHORITY,2026-09-02T01:31:39.256296
IDA_000264,UDALGURI(DEPUTY COMMISSIONER UDALGURI_IDA),udalgurideputy commissioner udalguriida,DISTRICT_AUTHORITY,2026-09-02T01:31:39.256302
IDA_000265,MUZAFFARNAGAR(DISTRICT MAGISTRATE MUZAFFARNAGAR_IDA),muzaffarnagardistrict magistrate muzaffarnagarida,DISTRICT_AUTHORITY,2026-09-02T01:31:39.256310
IDA_000266,MAHRAJGANJ(DISTRICT MAGISTRAE MAHARAJGANJ_IDA),mahrajganjdistrict magistrae maharajganjida,DISTRICT_AUTHORITY,2026-09-02T01:31:39.256316
IDA_000267,THANJAVUR(DISTRICT COLLECTOR THANJAVUR_IDA),thanjavurdistrict collector thanjavurida,DISTRICT_AUTHORITY,2026-09-02T01:31:39.256322
IDA_000268,SIKAR(DISTRICT COLLECTOR SIKAR_IDA),sikardistrict collector sikarida,DISTRICT_AUTHORITY,2026-09-02T01:31:39.256328
IDA_000269,THRISSUR(DISTRICT COLLECTOR THRISSUR_IDA),thrissurdistrict collector thrissurida,DISTRICT_AUTHORITY,2026-09-02T01:31:39.256333
IDA_000270,NORTH(COMMISSIONER MCD NORTH_IDA),northcommissioner mcd northida,DISTRICT_AUTHORITY,2026-09-02T01:31:39.256343
IDA_000271,RATNAGIRI(DISTRICT COLLECTOR RATNAGIRI_IDA),ratnagiridistrict collector ratnagiriida,DISTRICT_AUTHORITY,2026-09-02T01:31:39.256349
IDA_000272,BARNALA(DEPUTY COMMISSIONER BARNALA_IDA),barnaladeputy commissioner barnalaida,DISTRICT_AUTHORITY,2026-09-02T01:31:39.256356
IDA_000273,BHADRADRI KOTHAGUDEM(DISTRICT COLLECTOR BHADRADRI KTDM_IDA),bhadradri kothagudemdistrict collector bhadradri ktdmida,DISTRICT_AUTHORITY,2026-09-02T01:31:39.256364
IDA_000274,ROHTAK(DEPUTY COMMISSIONER ROHTAK_IDA),rohtakdeputy commissioner rohtakida,DISTRICT_AUTHORITY,2026-09-02T01:31:39.256369
IDA_000275,VARANASI(DISTRICT MAGISTRAE VARANASI_IDA),varanasidistrict magistrae varanasiida,DISTRICT_AUTHORITY,2026-09-02T01:31:39.256376
IDA_000276,PHALODI(DISTRICT COLLECTOR PHALODI_IDA),phalodidistrict collector phalodiida,DISTRICT_AUTHORITY,2026-09-02T01:31:39.256382
IDA_000277,JAMTARA(DEPUTY COMMISSIONER JAMTARA_IDA),jamtaradeputy commissioner jamtaraida,DISTRICT_AUTHORITY,2026-09-02T01:31:39.256386
IDA_000278,MEDCHAL MALKAJGIRI(DISTRICT COLLECTOR MEDCHAL MALKAJGIRI_IDA),medchal malkajgiridistrict collector medchal malkajgiriida,DISTRICT_AUTHORITY,2026-09-02T01:31:39.256392
IDA_000279,ALIGARH(DISTRICT MAGISTRATE ALIGARH_IDA),aligarhdistrict magistrate aligarhida,DISTRICT_AUTHORITY,2026-09-02T01:31:39.256398
IDA_000280,KATIHAR(DISTRICT PLANNING OFFICER KATIHAR_IDA),katihardistrict planning officer katiharida,DISTRICT_AUTHORITY,2026-09-02T01:31:39.256404
IDA_000281,CHHOTAUDEPUR(DISTRICT COLLECTOR CHHOTA UDEPUR_IDA),chhotaudepurdistrict collector chhota udepurida,DISTRICT_AUTHORITY,2026-09-02T01:31:39.256410
IDA_000282,WARDHA(DISTRICT COLLECTOR WARDHA_IDA),wardhadistrict collector wardhaida,DISTRICT_AUTHORITY,2026-09-02T01:31:39.256415
IDA_000283,BHADRAK(DISTRICT COLLECTOR BHADRAK_IDA),bhadrakdistrict collector bhadrakida,DISTRICT_AUTHORITY,2026-09-02T01:31:39.256420
IDA_000284,NASHIK(DISTRICT COLLECTOR NASHIK_IDA),nashikdistrict collector nashikida,DISTRICT_AUTHORITY,2026-09-02T01:31:39.256425
IDA_000285,KANCHEEPURAM(DISTRICT COLLECTOR KANCHEEPURAM_IDA),kancheepuramdistrict collector kancheepuramida,DISTRICT_AUTHORITY,2026-09-02T01:31:39.256430
IDA_000286,KHUNTI(DEPUTY COMMISSIONER KHUNTI_IDA),khuntideputy commissioner khuntiida,DISTRICT_AUTHORITY,2026-09-02T01:31:39.256436
IDA_000287,PILIBHIT(DISTRICT MAGISTRAE PILIBHIT_IDA),pilibhitdistrict magistrae pilibhitida,DISTRICT_AUTHORITY,2026-09-02T01:31:39.256441
IDA_000288,DANGS(DISTRICT COLLECTOR DANG_IDA),dangsdistrict collector dangida,DISTRICT_AUTHORITY,2026-09-02T01:31:39.256447
IDA_000289,BUDGAM(DEPUTY COMMISSIONER  BUDGAM_IDA),budgamdeputy commissioner budgamida,DISTRICT_AUTHORITY,2026-09-02T01:31:39.256452
IDA_000290,KHEDA(DISTRICT COLLECTOR KHEDA_IDA),khedadistrict collector khedaida,DISTRICT_AUTHORITY,2026-09-02T01:31:39.256458
IDA_000291,HATHRAS(DISTRICT MAGISTRATE HATHRAS_IDA),hathrasdistrict magistrate hathrasida,DISTRICT_AUTHORITY,2026-09-02T01:31:39.256465
IDA_000292,JIND(DEPUTY COMMISSIONER JIND),jinddeputy commissioner jind,DISTRICT_AUTHORITY,2026-09-02T01:31:39.256471
IDA_000293,PALI(DISTRICT COLLECTOR PALI_IDA),palidistrict collector paliida,DISTRICT_AUTHORITY,2026-09-02T01:31:39.256476
IDA_000294,PRATAPGARH(DISTRICT COLLECTOR PRATAPGARH_IDA),pratapgarhdistrict collector pratapgarhida,DISTRICT_AUTHORITY,2026-09-02T01:31:39.256482
IDA_000295,AMRITSAR(DEPUTY COMMISSIONER AMRITSAR_IDA),amritsardeputy commissioner amritsarida,DISTRICT_AUTHORITY,2026-09-02T01:31:39.256489
IDA_000296,VIJAYAPURA(DEPUTY COMMISSIONER BIJAPUR_IDA),vijayapuradeputy commissioner bijapurida,DISTRICT_AUTHORITY,2026-09-02T01:31:39.256495
IDA_000297,SHIVPURI(DISTRICT COLLECTOR SHIVPURI_IDA),shivpuridistrict collector shivpuriida,DISTRICT_AUTHORITY,2026-09-02T01:31:39.256500
IDA_000298,DINDIGUL(DISTRICT COLLECTOR DINDIGUL_IDA),dindiguldistrict collector dindigulida,DISTRICT_AUTHORITY,2026-09-02T01:31:39.256506
IDA_000299,EAST SIANG(DEPUTY COMMISIONER EAST SIANG_IDA),east siangdeputy commisioner east siangida,DISTRICT_AUTHORITY,2026-09-02T01:31:39.256512
IDA_000300,DEORIA(DISTRICT MAGISTRATE DEORIA),deoriadistrict magistrate deoria,DISTRICT_AUTHORITY,2026-09-02T01:31:39.256517
IDA_000301,GYALSHING(DISTRICT COLLECTOR GYALSHING_IDA),gyalshingdistrict collector gyalshingida,DISTRICT_AUTHORITY,2026-09-02T01:31:39.256523
IDA_000302,CHIKKABALLAPURA(DEPUTY COMMISSIONER CHICKKABALLAPUR_IDA),chikkaballapuradeputy commissioner chickkaballapurida,DISTRICT_AUTHORITY,2026-09-02T01:31:39.256530
IDA_000303,CHHATARPUR(DISTRICT COLLECTOR CHHATARPUR_IDA),chhatarpurdistrict collector chhatarpurida,DISTRICT_AUTHORITY,2026-09-02T01:31:39.256536
IDA_000304,WEST SINGHBHUM(DEPUTY COMMISSIONER WEST SINGHBHUM_IDA),west singhbhumdeputy commissioner west singhbhumida,DISTRICT_AUTHORITY,2026-09-02T01:31:39.256541
IDA_000305,NAGAUR(DISTRICT COLLECTOR NAGAUR_IDA),nagaurdistrict collector nagaurida,DISTRICT_AUTHORITY,2026-09-02T01:31:39.256547
IDA_000306,HAMIRPUR(DISTRICT MAGISTRATE HAMIRPUR_2),hamirpurdistrict magistrate hamirpur2,DISTRICT_AUTHORITY,2026-09-02T01:31:39.256552
IDA_000307,JALNA(DISTRICT COLLECTOR JALNA_IDA),jalnadistrict collector jalnaida,DISTRICT_AUTHORITY,2026-09-02T01:31:39.256558
IDA_000308,BHAVNAGAR(DISTRICT COLLECTOR BHAVNAGAR_IDA),bhavnagardistrict collector bhavnagarida,DISTRICT_AUTHORITY,2026-09-02T01:31:39.256565
IDA_000309,BUDAUN(DISTRICT MAGISTRATE BUDAUN_IDA),budaundistrict magistrate budaunida,DISTRICT_AUTHORITY,2026-09-02T01:31:39.256571
IDA_000310,KENDUJHAR(DISTRICT COLLECTOR KEONJHAR_IDA),kendujhardistrict collector keonjharida,DISTRICT_AUTHORITY,2026-09-02T01:31:39.256578
IDA_000311,GARHWA(DEPUTY COMMISSIONER GARHWA_IDA),garhwadeputy commissioner garhwaida,DISTRICT_AUTHORITY,2026-09-02T01:31:39.256584
IDA_000312,SHAJAPUR(DISTRICT COLLECTOR SHAJAPUR_IDA),shajapurdistrict collector shajapurida,DISTRICT_AUTHORITY,2026-09-02T01:31:39.256591
IDA_000313,KRISHNAGIRI(DISTRICT COLLECTOR KRISHNAGIRI_IDA),krishnagiridistrict collector krishnagiriida,DISTRICT_AUTHORITY,2026-09-02T01:31:39.256597
IDA_000314,BAGALKOTE(DEPUTY COMMISSIONER BAGALKOT_IDA),bagalkotedeputy commissioner bagalkotida,DISTRICT_AUTHORITY,2026-09-02T01:31:39.256602
IDA_000315,PARBHANI(DISTRICT COLLECTOR PARBHANI_IDA),parbhanidistrict collector parbhaniida,DISTRICT_AUTHORITY,2026-09-02T01:31:39.256607
IDA_000316,SURAJPUR(DISTRICT COLLECTOR SURAJPUR_IDA),surajpurdistrict collector surajpurida,DISTRICT_AUTHORITY,2026-09-02T01:31:39.256613
IDA_000317,PANIPAT(DC CUM NODAL OFFICER MPLADS),panipatdc cum nodal officer mplads,DISTRICT_AUTHORITY,2026-09-02T01:31:39.256619
IDA_000318,KORBA(COLLECTOR-KORBA),korbacollectorkorba,DISTRICT_AUTHORITY,2026-09-02T01:31:39.256625
IDA_000319,HARDOI(DISTRICT MAGISTRATE HARDOI_IDA),hardoidistrict magistrate hardoiida,DISTRICT_AUTHORITY,2026-09-02T01:31:39.256632
IDA_000320,PURULIA(DISTRICT MAGISTRATE PURULIA_IDA),puruliadistrict magistrate puruliaida,DISTRICT_AUTHORITY,2026-09-02T01:31:39.256638
IDA_000321,PAKUR(DEPUTY COMMISSIONER PAKUR_IDA),pakurdeputy commissioner pakurida,DISTRICT_AUTHORITY,2026-09-02T01:31:39.256644
IDA_000322,DODA(DEPUTY COMMISSIONER DODA_IDA),dodadeputy commissioner dodaida,DISTRICT_AUTHORITY,2026-09-02T01:31:39.256650
IDA_000323,ALMORA(DISTRICT MAGISTRATE ALMORA_IDA),almoradistrict magistrate almoraida,DISTRICT_AUTHORITY,2026-09-02T01:31:39.256656
IDA_000324,VIRUDHUNAGAR(DISTRICT COLLECTOR VIRUDHUNAGAR_IDA),virudhunagardistrict collector virudhunagarida,DISTRICT_AUTHORITY,2026-09-02T01:31:39.256662
IDA_000325,SITAPUR(DISTRICT MAGISTRATE SITAPUR_IDA),sitapurdistrict magistrate sitapurida,DISTRICT_AUTHORITY,2026-09-02T01:31:39.256668
IDA_000326,SIMDEGA(DEPUTY COMMISSIONER SIMDEGA_IDA),simdegadeputy commissioner simdegaida,DISTRICT_AUTHORITY,2026-09-02T01:31:39.256673
IDA_000327,SRIKAKULAM(DISTRICT COLLECTOR SRIKAKULAM_IDA),srikakulamdistrict collector srikakulamida,DISTRICT_AUTHORITY,2026-09-02T01:31:39.256679
IDA_000328,MUNGER(DISTRICT PLANNING OFFICER MUNGER_IDA),mungerdistrict planning officer mungerida,DISTRICT_AUTHORITY,2026-09-02T01:31:39.256685
IDA_000329,NEEM KA THANA(DISTRICT COLLECTOR NEEM KA THANA_IDA),neem ka thanadistrict collector neem ka thanaida,DISTRICT_AUTHORITY,2026-09-02T01:31:39.256691
IDA_000330,HOSHIARPUR(DEPUTY COMMISSIONER HOSHIARPUR_IDA),hoshiarpurdeputy commissioner hoshiarpurida,DISTRICT_AUTHORITY,2026-09-02T01:31:39.256698
IDA_000331,ANNAMAYYA(DISTRICT COLLECTOR ANNAMAYYA_IDA),annamayyadistrict collector annamayyaida,DISTRICT_AUTHORITY,2026-09-02T01:31:39.256703
IDA_000332,MARIGAON(DISTRICT DEVELOPMENT COMMISSIONER MORIGAON),marigaondistrict development commissioner morigaon,DISTRICT_AUTHORITY,2026-09-02T01:31:39.256709
IDA_000333,KOZHIKODE(DISTRICT COLLECTOR KOZHIKODE_IDA),kozhikodedistrict collector kozhikodeida,DISTRICT_AUTHORITY,2026-09-02T01:31:39.256715
IDA_000334,"NAMCHI(IMPLEMENTING DISTRICT AGENCY, NAMCHI)",namchiimplementing district agency namchi,DISTRICT_AUTHORITY,2026-09-02T01:31:39.256721
IDA_000335,GOPALGANJ(DISTRICT PLANNING OFFICER GOPALGANJ_IDA),gopalganjdistrict planning officer gopalganjida,DISTRICT_AUTHORITY,2026-09-02T01:31:39.256727
IDA_000336,BAREILLY(DISTRICT MAGISTRAE BAREILLY_IDA),bareillydistrict magistrae bareillyida,DISTRICT_AUTHORITY,2026-09-02T01:31:39.256732
IDA_000337,EAST(COMMISSIONER EAST),eastcommissioner east,DISTRICT_AUTHORITY,2026-09-02T01:31:39.256738
IDA_000338,RUPNAGAR(DEPUTY COMMISSIONER ROOPNAGAR_IDA),rupnagardeputy commissioner roopnagarida,DISTRICT_AUTHORITY,2026-09-02T01:31:39.256743
IDA_000339,PUDUCHERRY(PROJECT DIRECTOR RDA PUDUCHERRY_IDA),puducherryproject director rda puducherryida,DISTRICT_AUTHORITY,2026-09-02T01:31:39.256749
IDA_000340,UMARIA(DISTRICT COLLECTOR UMARIYA_IDA),umariadistrict collector umariyaida,DISTRICT_AUTHORITY,2026-09-02T01:31:39.256755
IDA_000341,ANUGOLA(DISTRICT COLLECTORANGUL_IDA),anugoladistrict collectorangulida,DISTRICT_AUTHORITY,2026-09-02T01:31:39.256761
IDA_000342,SUKMA(COLLECTOR SUKMA_IDA),sukmacollector sukmaida,DISTRICT_AUTHORITY,2026-09-02T01:31:39.256784
IDA_000343,RAJNANDGAON(DISTRICT COLLECTOR RAJNANDGAON_IDA),rajnandgaondistrict collector rajnandgaonida,DISTRICT_AUTHORITY,2026-09-02T01:31:39.256791
IDA_000344,NANDED(DISTRICT COLLECTOR NANDED_IDA),nandeddistrict collector nandedida,DISTRICT_AUTHORITY,2026-09-02T01:31:39.256809
IDA_000345,TSEMINYU(DEPUTY COMMISSIONER TSEMINYU_IDA),tseminyudeputy commissioner tseminyuida,DISTRICT_AUTHORITY,2026-09-02T01:31:39.256818
IDA_000346,GAURELA-PENDRA-MARWAHI(COLLECTOR GPM_IDA),gaurelapendramarwahicollector gpmida,DISTRICT_AUTHORITY,2026-09-02T01:31:39.256825
IDA_000347,MAHABUBNAGAR(DISTRICT COLLECTOR MAHABUBNAGAR_3),mahabubnagardistrict collector mahabubnagar3,DISTRICT_AUTHORITY,2026-09-02T01:31:39.256833
IDA_000348,PALAMU(DEPUTY COMMISSIONER PALAMAU_IDA),palamudeputy commissioner palamauida,DISTRICT_AUTHORITY,2026-09-02T01:31:39.256838
IDA_000349,DUDU(DISTRICT COLLECTOR DUDU_IDA),dududistrict collector duduida,DISTRICT_AUTHORITY,2026-09-02T01:31:39.256844
IDA_000350,KAITHAL(DC CUM NODAL OFFICERS MPLADS),kaithaldc cum nodal officers mplads,DISTRICT_AUTHORITY,2026-09-02T01:31:39.256849
IDA_000351,SOLAN(DEPUTY COMMISSIONER SOLAN_IDA),solandeputy commissioner solanida,DISTRICT_AUTHORITY,2026-09-02T01:31:39.256854
IDA_000352,GODDA(DEPUTY COMMISSIONER GODDA_IDA),goddadeputy commissioner goddaida,DISTRICT_AUTHORITY,2026-09-02T01:31:39.256860
IDA_000353,ANAND(DISTRICT COLLECTOR ANAND_IDA),ananddistrict collector anandida,DISTRICT_AUTHORITY,2026-09-02T01:31:39.256865
IDA_000354,BATHINDA(DEPUTY COMMISSIONER BHATINDA_IDA),bathindadeputy commissioner bhatindaida,DISTRICT_AUTHORITY,2026-09-02T01:31:39.256893
IDA_000355,DHEMAJI(DEPUTY COMMISSIONER DHEMAJI_IDA),dhemajideputy commissioner dhemajiida,DISTRICT_AUTHORITY,2026-09-02T01:31:39.256900
IDA_000356,HOOGHLY(DISTRICT MAGISTRATE HOOGHLY_IDA),hooghlydistrict magistrate hooghlyida,DISTRICT_AUTHORITY,2026-09-02T01:31:39.256905
IDA_000357,GANJAM(DISTRICT COLLECTOR GANJAM_IDA),ganjamdistrict collector ganjamida,DISTRICT_AUTHORITY,2026-09-02T01:31:39.256910
IDA_000358,SAKTI(COLLECTOR SAKTI_IDA),sakticollector saktiida,DISTRICT_AUTHORITY,2026-09-02T01:31:39.256915
IDA_000359,BURHANPUR(DISTRICT COLLECTOR BURHANPUR_IDA),burhanpurdistrict collector burhanpurida,DISTRICT_AUTHORITY,2026-09-02T01:31:39.256921
IDA_000360,JALAUN(DISTRICT MAGISTRATE JALAUN_IDA),jalaundistrict magistrate jalaunida,DISTRICT_AUTHORITY,2026-09-02T01:31:39.256927
IDA_000361,ARWAL(DISTRICT PLANNING OFFICER ARWAL_IDA),arwaldistrict planning officer arwalida,DISTRICT_AUTHORITY,2026-09-02T01:31:39.256933
IDA_000362,CHIKKAMAGALURU(DEPUTY COMMISSIONER CHIKMAGALUR),chikkamagalurudeputy commissioner chikmagalur,DISTRICT_AUTHORITY,2026-09-02T01:31:39.256939
IDA_000363,IDUKKI(DISTRICT COLLECTOR IDUKKI_IDA),idukkidistrict collector idukkiida,DISTRICT_AUTHORITY,2026-09-02T01:31:39.256945
IDA_000364,TEHRI GARHWAL(DISTRICT MAGISTRATE TEHRI GARHWAL_IDA),tehri garhwaldistrict magistrate tehri garhwalida,DISTRICT_AUTHORITY,2026-09-02T01:31:39.256951
IDA_000365,HOJAI(DC OFFICE HOJAI),hojaidc office hojai,DISTRICT_AUTHORITY,2026-09-02T01:31:39.256957
IDA_000366,BHADOHI(DISTRICT MAGISTRATE BHADOHI_IDA),bhadohidistrict magistrate bhadohiida,DISTRICT_AUTHORITY,2026-09-02T01:31:39.256962
IDA_000367,CHENNAI(COMMISSIONER MUNCIPAL CORPORATION CHENNAI_IDA),chennaicommissioner muncipal corporation chennaiida,DISTRICT_AUTHORITY,2026-09-02T01:31:39.256971
IDA_000368,PURBI CHAMPARAN(DISTRICT PLANNING OFFICER MOTHIHARI EAST CHAMPARAN_IDA),purbi champarandistrict planning officer mothihari east champaranida,DISTRICT_AUTHORITY,2026-09-02T01:31:39.256983
IDA_000369,UDHAMPUR(DEPUTY COMMISSIONER UDHAMPUR_IDA),udhampurdeputy commissioner udhampurida,DISTRICT_AUTHORITY,2026-09-02T01:31:39.256993
IDA_000370,GAJAPATI(DISTRICT COLLECTOR GAJAPATI_IDA),gajapatidistrict collector gajapatiida,DISTRICT_AUTHORITY,2026-09-02T01:31:39.257005
IDA_000371,TENKASI(DISTRICT COLLECTOR TENKASI_IDA),tenkasidistrict collector tenkasiida,DISTRICT_AUTHORITY,2026-09-02T01:31:39.257015
IDA_000372,AKOLA(DISTRICT COLLECTOR AKOLA_IDA),akoladistrict collector akolaida,DISTRICT_AUTHORITY,2026-09-02T01:31:39.257026
IDA_000373,MALKANGIRI(DISTRICT COLLECTOR MALKANGIRI_IDA),malkangiridistrict collector malkangiriida,DISTRICT_AUTHORITY,2026-09-02T01:31:39.257041
IDA_000374,UNNAO(DISTRICT MAGIISTRATE UNNAO_IDA),unnaodistrict magiistrate unnaoida,DISTRICT_AUTHORITY,2026-09-02T01:31:39.257053
IDA_000375,HAVERI(DEPUTY COMMISSIONER HAVERI_IDA),haverideputy commissioner haveriida,DISTRICT_AUTHORITY,2026-09-02T01:31:39.257060
IDA_000376,AMBALA(DEPUTY COMMISSIONER AMBALA_IDA),ambaladeputy commissioner ambalaida,DISTRICT_AUTHORITY,2026-09-02T01:31:39.257068
IDA_000377,NARMADAPURAM(DISTRICT COLLECTOR NARMADAPURAM_IDA),narmadapuramdistrict collector narmadapuramida,DISTRICT_AUTHORITY,2026-09-02T01:31:39.257076
IDA_000378,TAPI(DISTRICT COLLECTOR TAPI_IDA),tapidistrict collector tapiida,DISTRICT_AUTHORITY,2026-09-02T01:31:39.257084
IDA_000379,MORADABAD(DISTRICT MAGISTRATE MORADABAD_IDA),moradabaddistrict magistrate moradabadida,DISTRICT_AUTHORITY,2026-09-02T01:31:39.257096
IDA_000380,MAHISAGAR(COLLECTOR MAHISAGAR_IDA),mahisagarcollector mahisagarida,DISTRICT_AUTHORITY,2026-09-02T01:31:39.257110
IDA_000381,LOHARDAGA(DEPUTY COMMISSIONER LOHARDAGA_IDA),lohardagadeputy commissioner lohardagaida,DISTRICT_AUTHORITY,2026-09-02T01:31:39.257121
IDA_000382,SULTANPUR(DISTRICT MAGISTRATE SULTANPUR_IDA),sultanpurdistrict magistrate sultanpurida,DISTRICT_AUTHORITY,2026-09-02T01:31:39.257132
IDA_000383,UTTAR BASTAR KANKER(DISTRICT COLLECTOR KANKER_IDA),uttar bastar kankerdistrict collector kankerida,DISTRICT_AUTHORITY,2026-09-02T01:31:39.257144
IDA_000384,SANT KABIR NAGAR(DISTRICT MAGISTRATE SANT KABIR NAGAR_2),sant kabir nagardistrict magistrate sant kabir nagar2,DISTRICT_AUTHORITY,2026-09-02T01:31:39.257153
IDA_000385,AZAMGARH(DISTRICT MAGISTRATE AZAMGARH_IDA),azamgarhdistrict magistrate azamgarhida,DISTRICT_AUTHORITY,2026-09-02T01:31:39.257166
IDA_000386,UPPER SUBANSIRI(DEPUTY COMMISIONER UPPER SUBANSIRI_IDA),upper subansirideputy commisioner upper subansiriida,DISTRICT_AUTHORITY,2026-09-02T01:31:39.257175
IDA_000387,PUDUKKOTTAI(DISTRICT COLLECTOR PUDUKKOTTAI_IDA),pudukkottaidistrict collector pudukkottaiida,DISTRICT_AUTHORITY,2026-09-02T01:31:39.257184
IDA_000388,ALAPPUZHA(DISTRICT COLLECTOR ALAPPUZHA_IDA),alappuzhadistrict collector alappuzhaida,DISTRICT_AUTHORITY,2026-09-02T01:31:39.257196
IDA_000389,DIDWANA-KUCHAMAN(DISTRICT COLLECTOR DIDWANA KUCHAMAN_IDA),didwanakuchamandistrict collector didwana kuchamanida,DISTRICT_AUTHORITY,2026-09-02T01:31:39.257208
IDA_000390,GWALIOR(DISTRICT COLLECTOR GWALIOR_IDA),gwaliordistrict collector gwaliorida,DISTRICT_AUTHORITY,2026-09-02T01:31:39.257219
IDA_000391,DEWAS(DISTRICT COLLECTOR DEWAS_IDA),dewasdistrict collector dewasida,DISTRICT_AUTHORITY,2026-09-02T01:31:39.257227
IDA_000392,GONDA(DISTRICT MAGISTRATE GONDA_IDA),gondadistrict magistrate gondaida,DISTRICT_AUTHORITY,2026-09-02T01:31:39.257241
IDA_000393,LATUR(DISTRICT COLLECTOR LATUR_IDA),laturdistrict collector laturida,DISTRICT_AUTHORITY,2026-09-02T01:31:39.257252
IDA_000394,HARDA(DISTRICT COLLECTOR HARDA_IDA),hardadistrict collector hardaida,DISTRICT_AUTHORITY,2026-09-02T01:31:39.257261
IDA_000395,GARIYABAND(COLLECTRO GARIABAND_IDA),gariyabandcollectro gariabandida,DISTRICT_AUTHORITY,2026-09-02T01:31:39.257267
IDA_000396,PALGHAR(DISTRICT COLLECTOR PALGHAR_IDA),palghardistrict collector palgharida,DISTRICT_AUTHORITY,2026-09-02T01:31:39.257272
IDA_000397,JHAJJAR(DEPUTY COMMISSIONER CUM NODAL OFFICER MPLADS JHAJJAR),jhajjardeputy commissioner cum nodal officer mplads jhajjar,DISTRICT_AUTHORITY,2026-09-02T01:31:39.257278
IDA_000398,SHEIKHPURA(DISTRICT PLANNING OFFICER SHEIKHPURA_IDA),sheikhpuradistrict planning officer sheikhpuraida,DISTRICT_AUTHORITY,2026-09-02T01:31:39.257284
IDA_000399,PRAYAGRAJ(DISTRICT MAGISTRAE ALLAHABAD_IDA),prayagrajdistrict magistrae allahabadida,DISTRICT_AUTHORITY,2026-09-02T01:31:39.257289
IDA_000400,ADILABAD(DISTRICT COLLECTOR ADILABAD_IDA),adilabaddistrict collector adilabadida,DISTRICT_AUTHORITY,2026-09-02T01:31:39.257294
IDA_000401,GHAZIABAD(DISTRICT MAGISTRAE GHAZIABAD_IDA),ghaziabaddistrict magistrae ghaziabadida,DISTRICT_AUTHORITY,2026-09-02T01:31:39.257299
IDA_000402,KOLKATA(COMMISSIONER KOLKATA MUNICIPAL CORPORATION_IDA),kolkatacommissioner kolkata municipal corporationida,DISTRICT_AUTHORITY,2026-09-02T01:31:39.257308
IDA_000403,RAJANNA SIRCILLA(DISTRICT COLLECTOR RAJANNA SIRCILLA_IDA),rajanna sircilladistrict collector rajanna sircillaida,DISTRICT_AUTHORITY,2026-09-02T01:31:39.257314
IDA_000404,THIRUVANANTHAPURAM(DISTRICT COLLECTOR THIRUVANANTHAPURAM_IDA),thiruvananthapuramdistrict collector thiruvananthapuramida,DISTRICT_AUTHORITY,2026-09-02T01:31:39.257319
IDA_000405,DUMKA(DEPUTY COMMISSIONER DUMKA_IDA),dumkadeputy commissioner dumkaida,DISTRICT_AUTHORITY,2026-09-02T01:31:39.257325
IDA_000406,SANGAREDDY(DISTRICT COLLECTOR SANGAREDDY_IDA),sangareddydistrict collector sangareddyida,DISTRICT_AUTHORITY,2026-09-02T01:31:39.257331
IDA_000407,JALANDHAR(DEPUTY COMMISSIONER JALANDHAR_IDA),jalandhardeputy commissioner jalandharida,DISTRICT_AUTHORITY,2026-09-02T01:31:39.257337
IDA_000408,RAISEN(DISTRICT COLLECTOR RAISEN_IDA),raisendistrict collector raisenida,DISTRICT_AUTHORITY,2026-09-02T01:31:39.257342
IDA_000409,JHANSI(DISTRICT MAGISTRAE JHANSI_IDA),jhansidistrict magistrae jhansiida,DISTRICT_AUTHORITY,2026-09-02T01:31:39.257348
IDA_000410,CHANDAULI(DISTRICT MAGISTRATE CHANDAULI_IDA),chandaulidistrict magistrate chandauliida,DISTRICT_AUTHORITY,2026-09-02T01:31:39.257354
IDA_000411,KANDHAMALA(DISTRICT COLLECTOR KANDHAMAL_IDA),kandhamaladistrict collector kandhamalida,DISTRICT_AUTHORITY,2026-09-02T01:31:39.257361
IDA_000412,KALLAKURICHI(DISTRICT COLLECTOR KALLAKURICHI_IDA),kallakurichidistrict collector kallakurichiida,DISTRICT_AUTHORITY,2026-09-02T01:31:39.257366
IDA_000413,RAMBAN(DEPUTY COMMISSIONER RAMBAN_IDA),rambandeputy commissioner rambanida,DISTRICT_AUTHORITY,2026-09-02T01:31:39.257372
IDA_000414,KODAGU(DEPUTY COMMSIONER KODAGU_IDA),kodagudeputy commsioner kodaguida,DISTRICT_AUTHORITY,2026-09-02T01:31:39.257378
IDA_000415,SIWAN(DISTRICT PLANNING OFFICER SIWAN_IDA),siwandistrict planning officer siwanida,DISTRICT_AUTHORITY,2026-09-02T01:31:39.257385
IDA_000416,CHURU(DISTRICT COLLECTOR CHURU_IDA),churudistrict collector churuida,DISTRICT_AUTHORITY,2026-09-02T01:31:39.257390
IDA_000417,DAKSHIN BASTAR DANTEWADA(COLLECTOR DANTEWADA_IDA),dakshin bastar dantewadacollector dantewadaida,DISTRICT_AUTHORITY,2026-09-02T01:31:39.257396
IDA_000418,TIRUNELVELI(DISTRICT COLLECTOR TIRUNELVELI_IDA),tirunelvelidistrict collector tirunelveliida,DISTRICT_AUTHORITY,2026-09-02T01:31:39.257401
IDA_000419,NORTH EAST(COMMISSIONER MCD NORTH EAST),north eastcommissioner mcd north east,DISTRICT_AUTHORITY,2026-09-02T01:31:39.257407
IDA_000420,TIRUPATI(DISTRICT COLLECTOR TIRUPATI_IDA),tirupatidistrict collector tirupatiida,DISTRICT_AUTHORITY,2026-09-02T01:31:39.257412
IDA_000421,KANNAUJ(DISTRICT MAGISTRATE KANNAUJ_IDA),kannaujdistrict magistrate kannaujida,DISTRICT_AUTHORITY,2026-09-02T01:31:39.257417
IDA_000422,JANGOAN(DISTRICT COLLECTOR JANGAON_IDA),jangoandistrict collector jangaonida,DISTRICT_AUTHORITY,2026-09-02T01:31:39.257421
IDA_000423,KOLAR(DEPUTY COMMISSIONER KOLAR_IDA),kolardeputy commissioner kolarida,DISTRICT_AUTHORITY,2026-09-02T01:31:39.257427
IDA_000424,MIRZAPUR(DISTRICT MAGISTRATE MIRZAPUR_IDA),mirzapurdistrict magistrate mirzapurida,DISTRICT_AUTHORITY,2026-09-02T01:31:39.257433
IDA_000425,ARARIA(DISTRICT PLANNING OFFICER ARARIA_IDA),arariadistrict planning officer arariaida,DISTRICT_AUTHORITY,2026-09-02T01:31:39.257438
IDA_000426,SIVASAGAR(DEPUTY COMMISSIONER SIVSAGAR_IDA),sivasagardeputy commissioner sivsagarida,DISTRICT_AUTHORITY,2026-09-02T01:31:39.257444
IDA_000427,KOLHAPUR(DISTRICT COLLECTOR KOLHAPUR_IDA),kolhapurdistrict collector kolhapurida,DISTRICT_AUTHORITY,2026-09-02T01:31:39.257449
IDA_000428,SATARA(DISTRICT COLLECTOR SATARA_IDA),sataradistrict collector sataraida,DISTRICT_AUTHORITY,2026-09-02T01:31:39.257454
IDA_000429,KATHUA(DISTRICT DEVELOPMENT COMMISSIONER KATHUA_IDA),kathuadistrict development commissioner kathuaida,DISTRICT_AUTHORITY,2026-09-02T01:31:39.257459
IDA_000430,MATHURA(DISTRICT MAGISTRAE MATHURA_IDA),mathuradistrict magistrae mathuraida,DISTRICT_AUTHORITY,2026-09-02T01:31:39.257464
IDA_000431,AYODHYA(DISTRICT MAGISTRAE FAIZABAD_IDA),ayodhyadistrict magistrae faizabadida,DISTRICT_AUTHORITY,2026-09-02T01:31:39.257470
IDA_000432,ERODE(DISTRICT_COLLECTORE_ERODE_IDA),erodedistrictcollectoreerodeida,DISTRICT_AUTHORITY,2026-09-02T01:31:39.257476
IDA_000433,PORBANDAR(DISTRICT COLLECTOR PORBANDAR_IDA),porbandardistrict collector porbandarida,DISTRICT_AUTHORITY,2026-09-02T01:31:39.257482
IDA_000434,KARUR(DISTRICT COLLECTOR KARUR_IDA),karurdistrict collector karurida,DISTRICT_AUTHORITY,2026-09-02T01:31:39.257488
IDA_000435,KOTA(DISTRICT COLLECTOR KOTA_IDA),kotadistrict collector kotaida,DISTRICT_AUTHORITY,2026-09-02T01:31:39.257493
IDA_000436,GUNA(DISTRICT COLLECTOR GUNA_IDA),gunadistrict collector gunaida,DISTRICT_AUTHORITY,2026-09-02T01:31:39.257500
IDA_000437,BHAGALPUR(DISTRICT PLANNING OFFICER BHAGALPUR_IDA),bhagalpurdistrict planning officer bhagalpurida,DISTRICT_AUTHORITY,2026-09-02T01:31:39.257506
IDA_000438,NEEMUCH(DISTRICT COLLECTOR NEEMUCH_IDA),neemuchdistrict collector neemuchida,DISTRICT_AUTHORITY,2026-09-02T01:31:39.257512
IDA_000439,BALAGHAT(DISTRICT COLLECTOR BALAGHAT_IDA),balaghatdistrict collector balaghatida,DISTRICT_AUTHORITY,2026-09-02T01:31:39.257518
IDA_000440,MAHASAMUND(DISTRICT COLLECTOR MAHASAMUND_IDA),mahasamunddistrict collector mahasamundida,DISTRICT_AUTHORITY,2026-09-02T01:31:39.257523
IDA_000441,KHOWAI(DISTRICT MAGISTRATE AND COLLECTOR  KHOWAI_IDA),khowaidistrict magistrate and collector khowaiida,DISTRICT_AUTHORITY,2026-09-02T01:31:39.257530
IDA_000442,FATEHPUR(DISTRICT MAGISTRATE FATEHPUR_IDA),fatehpurdistrict magistrate fatehpurida,DISTRICT_AUTHORITY,2026-09-02T01:31:39.257535
IDA_000443,WAYANAD(DISTRICT COLLECTOR WAYANAD_IDA),wayanaddistrict collector wayanadida,DISTRICT_AUTHORITY,2026-09-02T01:31:39.257541
IDA_000444,JANJGIR-CHAMPA(DISTRICT COLLECTOR JANJGIR CHAMPA_IDA),janjgirchampadistrict collector janjgir champaida,DISTRICT_AUTHORITY,2026-09-02T01:31:39.257546
IDA_000445,SALEM(DISTRICT COLLECTOR SALEM_IDA),salemdistrict collector salemida,DISTRICT_AUTHORITY,2026-09-02T01:31:39.257552
IDA_000446,KASARAGOD(DISTRICT COLLECTOR KASARAGOD_IDA),kasaragoddistrict collector kasaragodida,DISTRICT_AUTHORITY,2026-09-02T01:31:39.257557
IDA_000447,DAHOD(DISTRICT COLLECTOR DOHAD_IDA),dahoddistrict collector dohadida,DISTRICT_AUTHORITY,2026-09-02T01:31:39.257563
IDA_000448,WEST KHASI HILLS(DEPUTY COMMISSIONER WEST KHASI HILLS NONGSTOIN_IDA),west khasi hillsdeputy commissioner west khasi hills nongstoinida,DISTRICT_AUTHORITY,2026-09-02T01:31:39.257569
IDA_000449,PANNA(DISTRICT COLLECTOR PANNA_IDA),pannadistrict collector pannaida,DISTRICT_AUTHORITY,2026-09-02T01:31:39.257574
IDA_000450,CHAMOLI(DM CHAMOLI_IDA),chamolidm chamoliida,DISTRICT_AUTHORITY,2026-09-02T01:31:39.257580
IDA_000451,WANAPARTHY(DISTRICT COLLECTOR WANAPARTHY_IDA),wanaparthydistrict collector wanaparthyida,DISTRICT_AUTHORITY,2026-09-02T01:31:39.257585
IDA_000452,BHARUCH(DISTRICT COLLECTOR BROACH_IDA),bharuchdistrict collector broachida,DISTRICT_AUTHORITY,2026-09-02T01:31:39.257592
IDA_000453,SIDHI(DISTRICT COLLECTOR SIDHI_IDA),sidhidistrict collector sidhiida,DISTRICT_AUTHORITY,2026-09-02T01:31:39.257597
IDA_000454,KOREA(COLLECTOR KOREA_IDA),koreacollector koreaida,DISTRICT_AUTHORITY,2026-09-02T01:31:39.257603
IDA_000455,BANKURA(DISTRICT MAGISTRATE BANKURA_IDA),bankuradistrict magistrate bankuraida,DISTRICT_AUTHORITY,2026-09-02T01:31:39.257610
IDA_000456,GOLAGHAT(DEPUTY COMMISSIONER GOLAGHAT_IDA),golaghatdeputy commissioner golaghatida,DISTRICT_AUTHORITY,2026-09-02T01:31:39.257616
IDA_000457,BALODABAZAR-BHATAPARA(COLLECTOR BALODA BAZAR_IDA),balodabazarbhataparacollector baloda bazarida,DISTRICT_AUTHORITY,2026-09-02T01:31:39.257625
IDA_000458,BHILWARA(DISTRICT COLLECTOR BHILWARA_IDA),bhilwaradistrict collector bhilwaraida,DISTRICT_AUTHORITY,2026-09-02T01:31:39.257637
IDA_000459,ARVALLI(DISTRICT COLLECTOR ARVALLI_IDA),arvallidistrict collector arvalliida,DISTRICT_AUTHORITY,2026-09-02T01:31:39.257642
IDA_000460,PANDHURNA(DISTRICT COLLECTOR PANDHURNA_IDA),pandhurnadistrict collector pandhurnaida,DISTRICT_AUTHORITY,2026-09-02T01:31:39.257648
IDA_000461,JAJPUR(DISTRICT COLLECTOR JAJPUR_IDA),jajpurdistrict collector jajpurida,DISTRICT_AUTHORITY,2026-09-02T01:31:39.257653
IDA_000462,BARAMULLA(DEPUTY COMMISSIONER BARAMULLAH_IDA),baramulladeputy commissioner baramullahida,DISTRICT_AUTHORITY,2026-09-02T01:31:39.257660
IDA_000463,CHITRAKOOT(DISTRICT MAGISTRATE CHITRAKOOT_IDA),chitrakootdistrict magistrate chitrakootida,DISTRICT_AUTHORITY,2026-09-02T01:31:39.257666
IDA_000464,SAMASTIPUR(DISTRICT PLANNING OFFICER SAMASTIPUR_IDA),samastipurdistrict planning officer samastipurida,DISTRICT_AUTHORITY,2026-09-02T01:31:39.257671
IDA_000465,HYDERABAD(DISTRICT COLLECTOR HYDERABAD_IDA),hyderabaddistrict collector hyderabadida,DISTRICT_AUTHORITY,2026-09-02T01:31:39.257676
IDA_000466,BIKANER(DISTRICT COLLECTOR BIKANER_IDA),bikanerdistrict collector bikanerida,DISTRICT_AUTHORITY,2026-09-02T01:31:39.257682
IDA_000467,PASCHIM BARDHAMAN(DISTRICT MAGISTRATE PASCHIM BARDHAMAN_IDA),paschim bardhamandistrict magistrate paschim bardhamanida,DISTRICT_AUTHORITY,2026-09-02T01:31:39.257688
IDA_000468,LALITPUR(DISTRICT MAGISTRATE LALITPUR_IDA),lalitpurdistrict magistrate lalitpurida,DISTRICT_AUTHORITY,2026-09-02T01:31:39.257693
IDA_000469,GOALPARA(DEPUTY COMMISSIONER GOALPARA_IDA),goalparadeputy commissioner goalparaida,DISTRICT_AUTHORITY,2026-09-02T01:31:39.257698
IDA_000470,NTR(DISTRICT COLLECTOR NTR_IDA),ntrdistrict collector ntrida,DISTRICT_AUTHORITY,2026-09-02T01:31:39.257703
IDA_000471,RAIGARH(DISTRICT COLLECTOR RAIGARH_IDA),raigarhdistrict collector raigarhida,DISTRICT_AUTHORITY,2026-09-02T01:31:39.257709
IDA_000472,BALLARI(DEPUTY COMMISSIONER BELLARY_IDA),ballarideputy commissioner bellaryida,DISTRICT_AUTHORITY,2026-09-02T01:31:39.257714
IDA_000473,BEAWAR(DISTRICT COLLECTOR BEAWAR_IDA),beawardistrict collector beawarida,DISTRICT_AUTHORITY,2026-09-02T01:31:39.257719
IDA_000474,THENI(DISTRICT COLLECTOR THENI_5),thenidistrict collector theni5,DISTRICT_AUTHORITY,2026-09-02T01:31:39.257724
IDA_000475,ALLURI SITHARAMA RAJU(DISTRICT COLLECTOR ALLURI SITHARAMARAJU_IDA),alluri sitharama rajudistrict collector alluri sitharamarajuida,DISTRICT_AUTHORITY,2026-09-02T01:31:39.257730
IDA_000476,VELLORE(DISTRICT COLLECTOR VELLORE_IDA),velloredistrict collector velloreida,DISTRICT_AUTHORITY,2026-09-02T01:31:39.257735
IDA_000477,WEST(COMMISSIONER MCD WEST),westcommissioner mcd west,DISTRICT_AUTHORITY,2026-09-02T01:31:39.257741
IDA_000478,LOWER SIANG(DEPUTY COMMISIONER LOWER SIANG_IDA),lower siangdeputy commisioner lower siangida,DISTRICT_AUTHORITY,2026-09-02T01:31:39.257747
IDA_000479,TUMAKURU(DEPUTY COMMISSIONER TUMKUR_IDA),tumakurudeputy commissioner tumkurida,DISTRICT_AUTHORITY,2026-09-02T01:31:39.257752
IDA_000480,JAMNAGAR(DISTRICT COLLECTOR JAMNAGAR_IDA),jamnagardistrict collector jamnagarida,DISTRICT_AUTHORITY,2026-09-02T01:31:39.257758
IDA_000481,BOTAD(DISTRICT COLLECTOR BOTAD_IDA),botaddistrict collector botadida,DISTRICT_AUTHORITY,2026-09-02T01:31:39.257763
IDA_000482,NAGPUR(DISTRICT COLLECTOR NAGPUR_IDA),nagpurdistrict collector nagpurida,DISTRICT_AUTHORITY,2026-09-02T01:31:39.257769
IDA_000483,HANUMAKONDA(DISTRICT COLLECTOR HANUMAKONDA_IDA),hanumakondadistrict collector hanumakondaida,DISTRICT_AUTHORITY,2026-09-02T01:31:39.257775
IDA_000484,JASHPUR(DISTRICT COLLECTOR JASHPUR_IDA),jashpurdistrict collector jashpurida,DISTRICT_AUTHORITY,2026-09-02T01:31:39.257781
IDA_000485,BIJAPUR(COLLECTOR BIJAPUR_IDA),bijapurcollector bijapurida,DISTRICT_AUTHORITY,2026-09-02T01:31:39.257786
IDA_000486,JAIPUR GRAMIN(DISTRICT COLLECTOR JAIPUR GRAMIN_IDA),jaipur gramindistrict collector jaipur graminida,DISTRICT_AUTHORITY,2026-09-02T01:31:39.257793
IDA_000487,ANUPPUR(DISTRICT COLLECTOR ANUPPUR_IDA),anuppurdistrict collector anuppurida,DISTRICT_AUTHORITY,2026-09-02T01:31:39.257798
IDA_000488,MAHENDRAGARH(DEPUTY COMMISSIONER MAHENDRAGARH_IDA),mahendragarhdeputy commissioner mahendragarhida,DISTRICT_AUTHORITY,2026-09-02T01:31:39.257804
IDA_000489,FARIDABAD(DEPUTY COMMISSIONER FARIDABAD_IDA),faridabaddeputy commissioner faridabadida,DISTRICT_AUTHORITY,2026-09-02T01:31:39.257810
IDA_000490,BILASPUR(DISTRICT COLLECTOR BILASPUR_IDA),bilaspurdistrict collector bilaspurida,DISTRICT_AUTHORITY,2026-09-02T01:31:39.257815
IDA_000491,SAHARANPUR(DISTRICT MAGISTRAE SAHARANPUR_IDA),saharanpurdistrict magistrae saharanpurida,DISTRICT_AUTHORITY,2026-09-02T01:31:39.257821
IDA_000492,CENTRAL(COMMISSIONER MCD (CENTRAL DISTRICT)),centralcommissioner mcd central district,DISTRICT_AUTHORITY,2026-09-02T01:31:39.257826
IDA_000493,SANGLI(DISTRICT COLLECTOR SANGLI_IDA),sanglidistrict collector sangliida,DISTRICT_AUTHORITY,2026-09-02T01:31:39.257832
IDA_000494,JODHPUR(DISTRICT COLLECTOR JODHPUR IDA),jodhpurdistrict collector jodhpur ida,DISTRICT_AUTHORITY,2026-09-02T01:31:39.257838
IDA_000495,NARAYANPUR(COLLECTOR NARAYANPUR_IDA),narayanpurcollector narayanpurida,DISTRICT_AUTHORITY,2026-09-02T01:31:39.257843
IDA_000496,PAURI GARHWAL(DISTRICT MAGISTRATE PAURI GARHWAL_IDA),pauri garhwaldistrict magistrate pauri garhwalida,DISTRICT_AUTHORITY,2026-09-02T01:31:39.257849
IDA_000497,AMROHA(DISTRICT MAGISTRATE JYOTIBAPHULE NAGAR_IDA),amrohadistrict magistrate jyotibaphule nagarida,DISTRICT_AUTHORITY,2026-09-02T01:31:39.257855
IDA_000498,SEHORE(DISTRICT COLLECTOR SEHORE_IDA),sehoredistrict collector sehoreida,DISTRICT_AUTHORITY,2026-09-02T01:31:39.257860
IDA_000499,KANPUR NAGAR(DISTRICT MAGISTRAE KANPUR NAGAR_IDA),kanpur nagardistrict magistrae kanpur nagarida,DISTRICT_AUTHORITY,2026-09-02T01:31:39.257866
IDA_000500,JALGAON(DISTRICT COLLECTOR JALGAON_IDA),jalgaondistrict collector jalgaonida,DISTRICT_AUTHORITY,2026-09-02T01:31:39.257872
IDA_000501,UDAIPUR(DISTRICT COLLECTOR UDAIPUR_IDA),udaipurdistrict collector udaipurida,DISTRICT_AUTHORITY,2026-09-02T01:31:39.257877
IDA_000502,BAHRAICH(DISTRICT MAGISTRAE BAHRAICH_IDA),bahraichdistrict magistrae bahraichida,DISTRICT_AUTHORITY,2026-09-02T01:31:39.257883
IDA_000503,ALIPURDUAR(DISTRICT MAGISTRATE ALIPURDUARS_IDA),alipurduardistrict magistrate alipurduarsida,DISTRICT_AUTHORITY,2026-09-02T01:31:39.257889
IDA_000504,LAKSHADWEEP DISTRICT(COLLECTOR CUM DEV COMMISSIONER LAKSHADWEEP_IDA),lakshadweep districtcollector cum dev commissioner lakshadweepida,DISTRICT_AUTHORITY,2026-09-02T01:31:39.257895
IDA_000505,DAKSHIN DINAJPUR(DISTRICT MAGISTRATE DINAJPUR DAKSHIN_IDA),dakshin dinajpurdistrict magistrate dinajpur dakshinida,DISTRICT_AUTHORITY,2026-09-02T01:31:39.257901
IDA_000506,JHABUA(DISTRICT COLLECTOR JHABUA_IDA),jhabuadistrict collector jhabuaida,DISTRICT_AUTHORITY,2026-09-02T01:31:39.257906
IDA_000507,EAST GARO HILLS(DEPUTY COMMISSIONER EAST GARO HILLS WILLIAMNAGAR_IDA),east garo hillsdeputy commissioner east garo hills williamnagarida,DISTRICT_AUTHORITY,2026-09-02T01:31:39.257912
IDA_000508,DATIA(DISTRICT COLLECTOR DATIA_IDA),datiadistrict collector datiaida,DISTRICT_AUTHORITY,2026-09-02T01:31:39.257917
IDA_000509,NABARANGPUR(DISTRICT COLLECTOR NABARANGPUR_IDA),nabarangpurdistrict collector nabarangpurida,DISTRICT_AUTHORITY,2026-09-02T01:31:39.257923
IDA_000510,KANNIYAKUMARI(DISTRICT COLLECTOR KANNIYAKUMARI_IDA),kanniyakumaridistrict collector kanniyakumariida,DISTRICT_AUTHORITY,2026-09-02T01:31:39.257929
IDA_000511,"SONITPUR(DEPUTY COMMISSIONER SONITPUR, TEZPUR)",sonitpurdeputy commissioner sonitpur tezpur,DISTRICT_AUTHORITY,2026-09-02T01:31:39.257937
IDA_000512,"RANIPET(DISTRICT COLLECTOR, RANIPET_2)",ranipetdistrict collector ranipet2,DISTRICT_AUTHORITY,2026-09-02T01:31:39.257943
IDA_000513,DIBRUGARH(DEPUTY COMMISSIONER DIBRUGARH_IDA),dibrugarhdeputy commissioner dibrugarhida,DISTRICT_AUTHORITY,2026-09-02T01:31:39.257948
IDA_000514,GAUTAM BUDDHA NAGAR(DISTRICT MAGISTRATE GAUTAMBUDHNAGAR),gautam buddha nagardistrict magistrate gautambudhnagar,DISTRICT_AUTHORITY,2026-09-02T01:31:39.257954
IDA_000515,AMETHI(DISTRICT MAGISTRAE AMETHI_IDA),amethidistrict magistrae amethiida,DISTRICT_AUTHORITY,2026-09-02T01:31:39.257959
IDA_000516,MYSURU(DEPUTY COMMISSIONER MYSORE_IDA),mysurudeputy commissioner mysoreida,DISTRICT_AUTHORITY,2026-09-02T01:31:39.257964
IDA_000517,"EAST GODAVARI(DISTRICT COLLECTOR, EAST GODAVARI)",east godavaridistrict collector east godavari,DISTRICT_AUTHORITY,2026-09-02T01:31:39.257971
IDA_000518,MALERKOTLA(DEPUTY COMMISSIONER MALERKOTLA_IDA),malerkotladeputy commissioner malerkotlaida,DISTRICT_AUTHORITY,2026-09-02T01:31:39.257976
IDA_000519,CHIRANG(DEPUTY COMMISSIONER CHIRANG_IDA),chirangdeputy commissioner chirangida,DISTRICT_AUTHORITY,2026-09-02T01:31:39.257981
IDA_000520,FAZILKA(DEPUTY COMMISSIONER FAZILKA_IDA),fazilkadeputy commissioner fazilkaida,DISTRICT_AUTHORITY,2026-09-02T01:31:39.257986
IDA_000521,VIZIANAGARAM(DISTRICT COLLECTOR VIZIANAGARAM_IDA),vizianagaramdistrict collector vizianagaramida,DISTRICT_AUTHORITY,2026-09-02T01:31:39.257992
IDA_000522,NALBARI(DEPUTY COMMISSIONER NALBARI_IDA),nalbarideputy commissioner nalbariida,DISTRICT_AUTHORITY,2026-09-02T01:31:39.258004
IDA_000523,SAMBALPUR(DISTRICT COLLECTOR SAMBALPUR_IDA),sambalpurdistrict collector sambalpurida,DISTRICT_AUTHORITY,2026-09-02T01:31:39.258009
IDA_000524,JEHANABAD(DISTRICT PLANNING OFFICER JEHANABAD_IDA),jehanabaddistrict planning officer jehanabadida,DISTRICT_AUTHORITY,2026-09-02T01:31:39.258016
IDA_000525,MORENA(DISTRICT COLLECTOR MORENA_IDA),morenadistrict collector morenaida,DISTRICT_AUTHORITY,2026-09-02T01:31:39.258021
IDA_000526,DARJEELING(DISTRICT MAGISTRATE DARJEELING_IDA),darjeelingdistrict magistrate darjeelingida,DISTRICT_AUTHORITY,2026-09-02T01:31:39.258027
IDA_000527,GANGANAGAR(ZILLA GANGANAGAR),ganganagarzilla ganganagar,DISTRICT_AUTHORITY,2026-09-02T01:31:39.258032
IDA_000528,NAGAON(DEPUTY COMMISSIONER NOWGONG_IDA),nagaondeputy commissioner nowgongida,DISTRICT_AUTHORITY,2026-09-02T01:31:39.258037
IDA_000529,RAIGAD(DISTRICT COLLECTOR RAIGAD_IDA),raigaddistrict collector raigadida,DISTRICT_AUTHORITY,2026-09-02T01:31:39.258043
IDA_000530,MEDAK(COLLECTOR MEDAK DISTRICT),medakcollector medak district,DISTRICT_AUTHORITY,2026-09-02T01:31:39.258048
IDA_000531,GUNTUR(DISTRICT COLLECTOR GUNTUR_IDA),gunturdistrict collector gunturida,DISTRICT_AUTHORITY,2026-09-02T01:31:39.258054
IDA_000532,SITAMARHI(DISTRICT PLANNING OFFICER SITAMARHI_IDA),sitamarhidistrict planning officer sitamarhiida,DISTRICT_AUTHORITY,2026-09-02T01:31:39.258059
IDA_000533,RAMGARH(DEPUTY COMMISSIONER RAMGARH_IDA),ramgarhdeputy commissioner ramgarhida,DISTRICT_AUTHORITY,2026-09-02T01:31:39.258064
IDA_000534,RATLAM(DISTRICT COLLECTOR RATLAM_IDA),ratlamdistrict collector ratlamida,DISTRICT_AUTHORITY,2026-09-02T01:31:39.258070
IDA_000535,KHAIRTHAL-TIJARA(DISTRICT COLLECTOR KHAIRTHAL TIJARA_IDA),khairthaltijaradistrict collector khairthal tijaraida,DISTRICT_AUTHORITY,2026-09-02T01:31:39.258076
IDA_000536,UDHAM SINGH NAGAR(DISTRICT MAGISTRATE UDHAMSINGH NAGAR_IDA),udham singh nagardistrict magistrate udhamsingh nagarida,DISTRICT_AUTHORITY,2026-09-02T01:31:39.258081
IDA_000537,GUMLA(DEPUTY COMMISSIONER GUMLA_IDA),gumladeputy commissioner gumlaida,DISTRICT_AUTHORITY,2026-09-02T01:31:39.258087
IDA_000538,RAYAGADA(DISTRICT COLLECTOR RAYAGADA_IDA),rayagadadistrict collector rayagadaida,DISTRICT_AUTHORITY,2026-09-02T01:31:39.258092
IDA_000539,S.A.S NAGAR(DEPUTY COMMISSIONER SAHIBZADA AJIT SINGH NAGAR MOHALI_IDA),sas nagardeputy commissioner sahibzada ajit singh nagar mohaliida,DISTRICT_AUTHORITY,2026-09-02T01:31:39.258099
IDA_000540,SURYAPET(DISTRICT COLLECTOR SURYAPET),suryapetdistrict collector suryapet,DISTRICT_AUTHORITY,2026-09-02T01:31:39.258104
IDA_000541,LOWER SUBANSIRI(DEPUTY COMMISSIONER LOWER SUBANSIR_IDA),lower subansirideputy commissioner lower subansirida,DISTRICT_AUTHORITY,2026-09-02T01:31:39.258110
IDA_000542,YAMUNANAGAR(DEPUTY COMMISSIONER YAMUNANAGAR_IDA),yamunanagardeputy commissioner yamunanagarida,DISTRICT_AUTHORITY,2026-09-02T01:31:39.258115
IDA_000543,MANDYA(DEPUTY COMMISSIONER MANDYA_IDA),mandyadeputy commissioner mandyaida,DISTRICT_AUTHORITY,2026-09-02T01:31:39.258121
IDA_000544,SARANGARH-BILAIGARH(COLLECTOR SB_IDA),sarangarhbilaigarhcollector sbida,DISTRICT_AUTHORITY,2026-09-02T01:31:39.258126
IDA_000545,AIZAWL(DEPUTY COMMISSIONER AIZAWL_IDA),aizawldeputy commissioner aizawlida,DISTRICT_AUTHORITY,2026-09-02T01:31:39.258132
IDA_000546,BENGALURU RURAL(DEPUTY COMMISSIONER BANGALORE RURAL SBM URBAN),bengaluru ruraldeputy commissioner bangalore rural sbm urban,DISTRICT_AUTHORITY,2026-09-02T01:31:39.258138
IDA_000547,DHALAI(DISTRICT MAGISTRATE DHALAI_IDA),dhalaidistrict magistrate dhalaiida,DISTRICT_AUTHORITY,2026-09-02T01:31:39.258143
IDA_000548,SHEOPUR(DISTRICT COLLECTOR SHEOPUR_IDA),sheopurdistrict collector sheopurida,DISTRICT_AUTHORITY,2026-09-02T01:31:39.258149
IDA_000549,NAWADA(DISTRICT PLANNING OFFICER NAWADA_IDA),nawadadistrict planning officer nawadaida,DISTRICT_AUTHORITY,2026-09-02T01:31:39.258155
IDA_000550,VAISHALI(DISTRICT PLANNING OFFICER VAISHALI_IDA),vaishalidistrict planning officer vaishaliida,DISTRICT_AUTHORITY,2026-09-02T01:31:39.258161
IDA_000551,JHARSUGUDA(DISTRICT COLLECTORJHARSUGUDA_IDA),jharsugudadistrict collectorjharsugudaida,DISTRICT_AUTHORITY,2026-09-02T01:31:39.258167
IDA_000552,COOCH BEHAR(DISTRICT MAGISTRATE COOCHBEHAR_IDA),cooch behardistrict magistrate coochbeharida,DISTRICT_AUTHORITY,2026-09-02T01:31:39.258172
IDA_000553,PERAMBALUR(DISTRICT COLLECTOR PERAMBALUR_IDA),perambalurdistrict collector perambalurida,DISTRICT_AUTHORITY,2026-09-02T01:31:39.258178
IDA_000554,CHUMOUKEDIMA(DEPUTY COMMISSIONER CHUMOUKEDIMA_IDA),chumoukedimadeputy commissioner chumoukedimaida,DISTRICT_AUTHORITY,2026-09-02T01:31:39.258183
IDA_000555,VIDISHA(DISTRICT COLLECTOR VIDISHA_IDA),vidishadistrict collector vidishaida,DISTRICT_AUTHORITY,2026-09-02T01:31:39.258189
IDA_000556,"SRIBHUMI(DEPUTY COMMISSIONER , KARIMGANJ)",sribhumideputy commissioner karimganj,DISTRICT_AUTHORITY,2026-09-02T01:31:39.258195
IDA_000557,CHITRADURGA(DEPUTY COMMISSIONER CHITRADURGA_IDA),chitradurgadeputy commissioner chitradurgaida,DISTRICT_AUTHORITY,2026-09-02T01:31:39.258200
IDA_000558,AGAR-MALWA(DISTRICT COLLECTOR AGAR MALWA_IDA),agarmalwadistrict collector agar malwaida,DISTRICT_AUTHORITY,2026-09-02T01:31:39.258208
IDA_000559,BARPETA(DEPUTY COMMISSIONER BARPETA 1),barpetadeputy commissioner barpeta 1,DISTRICT_AUTHORITY,2026-09-02T01:31:39.258213
IDA_000560,RAJOURI(DEPUTY COMMISSIONER RAJOURI_IDA),rajourideputy commissioner rajouriida,DISTRICT_AUTHORITY,2026-09-02T01:31:39.258218
IDA_000561,DINDORI(DISTRICT COLLECTOR DINDORI_IDA),dindoridistrict collector dindoriida,DISTRICT_AUTHORITY,2026-09-02T01:31:39.258224
IDA_000562,RAICHUR(DEPUTY COMMISSIONER RAICHUR_IDA),raichurdeputy commissioner raichurida,DISTRICT_AUTHORITY,2026-09-02T01:31:39.258232
IDA_000563,LOHIT(DEPUTY COMMISSIONER LOHIT_IDA),lohitdeputy commissioner lohitida,DISTRICT_AUTHORITY,2026-09-02T01:31:39.258238
IDA_000564,SURENDRANAGAR(DISTRICT COLLECTOR SURENDRANAGAR_IDA),surendranagardistrict collector surendranagarida,DISTRICT_AUTHORITY,2026-09-02T01:31:39.258243
IDA_000565,WASHIM(DISTRICT COLLECTOR WASHIM_IDA),washimdistrict collector washimida,DISTRICT_AUTHORITY,2026-09-02T01:31:39.258249
IDA_000566,BUXAR(DISTRICT PLANNING OFFICER BUXAR_IDA),buxardistrict planning officer buxarida,DISTRICT_AUTHORITY,2026-09-02T01:31:39.258254
IDA_000567,THOUBAL(DEPUTY COMMISSIONER THOUBAL MPLADS_IDA),thoubaldeputy commissioner thoubal mpladsida,DISTRICT_AUTHORITY,2026-09-02T01:31:39.258259
IDA_000568,MANDLA(DISTRICT COLLECTOR MANDLA_IDA),mandladistrict collector mandlaida,DISTRICT_AUTHORITY,2026-09-02T01:31:39.258265
IDA_000569,AJMER(DISTRICT COLLECTOR AJMER_IDA),ajmerdistrict collector ajmerida,DISTRICT_AUTHORITY,2026-09-02T01:31:39.258270
IDA_000570,SOUTH GARO HILLS(DEPUTY COMMISSIONER BAGHMARA_IDA),south garo hillsdeputy commissioner baghmaraida,DISTRICT_AUTHORITY,2026-09-02T01:31:39.258276
IDA_000571,BENGALURU SOUTH(DEPUTY COMMISSIONER RAMANAGARA_IDA),bengaluru southdeputy commissioner ramanagaraida,DISTRICT_AUTHORITY,2026-09-02T01:31:39.258283
IDA_000572,BEGUSARAI(DISTRICT PLANNING OFFICER BEGUSARAI_IDA),begusaraidistrict planning officer begusaraiida,DISTRICT_AUTHORITY,2026-09-02T01:31:39.258289
IDA_000573,KULLU(DEPUTY COMMISSIONER KULLU_IDA),kulludeputy commissioner kulluida,DISTRICT_AUTHORITY,2026-09-02T01:31:39.258296
IDA_000574,MUZAFFARPUR(DISTRICT PLANNING OFFICER MUZAFFARPUR_IDA),muzaffarpurdistrict planning officer muzaffarpurida,DISTRICT_AUTHORITY,2026-09-02T01:31:39.258301
IDA_000575,RUDRAPRAYAG(DM RUDRAPRAYAG_IDA),rudraprayagdm rudraprayagida,DISTRICT_AUTHORITY,2026-09-02T01:31:39.258307
IDA_000576,UTTARA KANNADA(DEPUTY COMMISSIONER UTTARKANNADA KARWAR_IDA),uttara kannadadeputy commissioner uttarkannada karwarida,DISTRICT_AUTHORITY,2026-09-02T01:31:39.258313
IDA_000577,NORTH WEST(COMMISSIONER NORTH WEST),north westcommissioner north west,DISTRICT_AUTHORITY,2026-09-02T01:31:39.258319
IDA_000578,DARRANG(DEPUTY COMMISSIONER DARRANG_IDA),darrangdeputy commissioner darrangida,DISTRICT_AUTHORITY,2026-09-02T01:31:39.258324
IDA_000579,JAGATSINGHAPUR(DISTRICT COLLECTOR JAGATSINGHPUR_IDA),jagatsinghapurdistrict collector jagatsinghpurida,DISTRICT_AUTHORITY,2026-09-02T01:31:39.258330
IDA_000580,SANGRUR(DEPUTY COMMISSIONER SANGRUR_IDA),sangrurdeputy commissioner sangrurida,DISTRICT_AUTHORITY,2026-09-02T01:31:39.258336
IDA_000581,PATAN(DISTRICT COLLECTOR PATAN_IDA),patandistrict collector patanida,DISTRICT_AUTHORITY,2026-09-02T01:31:39.258342
IDA_000582,NANDURBAR(DISTRICT COLLECTOR NANDURBAR_IDA),nandurbardistrict collector nandurbarida,DISTRICT_AUTHORITY,2026-09-02T01:31:39.258347
IDA_000583,BONGAIGAON(DEPUTY COMMISSIONER BONGAIGAON_IDA),bongaigaondeputy commissioner bongaigaonida,DISTRICT_AUTHORITY,2026-09-02T01:31:39.258352
IDA_000584,VISAKHAPATNAM(DISTRICT COLLECTOR VISAKHAPATNAM_IDA),visakhapatnamdistrict collector visakhapatnamida,DISTRICT_AUTHORITY,2026-09-02T01:31:39.258358
IDA_000585,SAWAI MADHOPUR(DISTRICT COLLECTOR SAWAI MADHOPUR_IDA),sawai madhopurdistrict collector sawai madhopurida,DISTRICT_AUTHORITY,2026-09-02T01:31:39.258364
IDA_000586,MUNGELI(COLLECTOR MUNGELI_IDA),mungelicollector mungeliida,DISTRICT_AUTHORITY,2026-09-02T01:31:39.258369
IDA_000587,MAIHAR(DISTRICT COLLECTOR MAIHAR_IDA),maihardistrict collector maiharida,DISTRICT_AUTHORITY,2026-09-02T01:31:39.258374
IDA_000588,SRINAGAR(DEPUTY COMMISSIONER SRINAGAR_IDA),srinagardeputy commissioner srinagarida,DISTRICT_AUTHORITY,2026-09-02T01:31:39.258380
IDA_000589,REWA(DISTRICT COLLECTOR REWA_IDA),rewadistrict collector rewaida,DISTRICT_AUTHORITY,2026-09-02T01:31:39.258385
IDA_000590,KONDAGAON(DISTRICT COLLECTOR KONDAGAON_IDA),kondagaondistrict collector kondagaonida,DISTRICT_AUTHORITY,2026-09-02T01:31:39.258391
IDA_000591,SUBARNAPUR(DISTRICT COLLECTOR SUBARNAPUR_IDA),subarnapurdistrict collector subarnapurida,DISTRICT_AUTHORITY,2026-09-02T01:31:39.258396
IDA_000592,TIRUPATHUR(DISTRICT COLLECTOR TIRUPATHUR_IDA),tirupathurdistrict collector tirupathurida,DISTRICT_AUTHORITY,2026-09-02T01:31:39.258401
IDA_000593,TINSUKIA(DC TINSUKIA),tinsukiadc tinsukia,DISTRICT_AUTHORITY,2026-09-02T01:31:39.258406
IDA_000594,KARAULI(DISTRICT COLLECTOR KARAULI_IDA),karaulidistrict collector karauliida,DISTRICT_AUTHORITY,2026-09-02T01:31:39.258416
IDA_000595,SOUTH WEST KHASI HILLS(DEPUTY COMMISSIONER SOUTH WEST KHASI HILLS MAWKRYWAT_IDA),south west khasi hillsdeputy commissioner south west khasi hills mawkrywatida,DISTRICT_AUTHORITY,2026-09-02T01:31:39.258422
IDA_000596,SINDHUDURG(DISTRICT COLLECTOR SINDHUDURG_IDA),sindhudurgdistrict collector sindhudurgida,DISTRICT_AUTHORITY,2026-09-02T01:31:39.258428
IDA_000597,KANPUR DEHAT(DISTRICT MAGISTRATE KANPUR DEHAT_IDA),kanpur dehatdistrict magistrate kanpur dehatida,DISTRICT_AUTHORITY,2026-09-02T01:31:39.258434
IDA_000598,HAILAKANDI(DEPUTY COMMISSIONER HAILAKANDI_IDA),hailakandideputy commissioner hailakandiida,DISTRICT_AUTHORITY,2026-09-02T01:31:39.258439
IDA_000599,GADAG(DEPUTY COMMSIONER GADAG_IDA),gadagdeputy commsioner gadagida,DISTRICT_AUTHORITY,2026-09-02T01:31:39.258445
IDA_000600,DEVBHUMI DWARKA(DISTRICT COLLECTOR DEVBHUMI DWARKA_IDA),devbhumi dwarkadistrict collector devbhumi dwarkaida,DISTRICT_AUTHORITY,2026-09-02T01:31:39.258451
IDA_000601,KATNI(DISTRICT COLLECTOR KATNI_IDA),katnidistrict collector katniida,DISTRICT_AUTHORITY,2026-09-02T01:31:39.258457
IDA_000602,JALORE(DISTRICT COLLECTOR JALORE_IDA),jaloredistrict collector jaloreida,DISTRICT_AUTHORITY,2026-09-02T01:31:39.258463
IDA_000603,BAKSA(DEPUTY COMMISSIONER BAKSA_IDA),baksadeputy commissioner baksaida,DISTRICT_AUTHORITY,2026-09-02T01:31:39.258469
IDA_000604,KOKRAJHAR(DEPUTY COMMISSIONER KOKRAJHAR_IDA),kokrajhardeputy commissioner kokrajharida,DISTRICT_AUTHORITY,2026-09-02T01:31:39.258474
IDA_000605,ALIRAJPUR(DISTRICT COLLECTOR ALIRAJPUR_IDA),alirajpurdistrict collector alirajpurida,DISTRICT_AUTHORITY,2026-09-02T01:31:39.258480
IDA_000606,SALUMBAR(DISTRICT COLLECTOR SALUMBAR_IDA),salumbardistrict collector salumbarida,DISTRICT_AUTHORITY,2026-09-02T01:31:39.258485
IDA_000607,LEH LADAKH(DEPUTY COMMISSIONER LEH_IDA),leh ladakhdeputy commissioner lehida,DISTRICT_AUTHORITY,2026-09-02T01:31:39.258490
IDA_000608,KARBI ANGLONG(DEPUTY COMMISSIONER KARBI ANGLONG_IDA),karbi anglongdeputy commissioner karbi anglongida,DISTRICT_AUTHORITY,2026-09-02T01:31:39.258496
IDA_000609,DHOLPUR(DISTRICT COLLECTOR DHOLPUR_IDA),dholpurdistrict collector dholpurida,DISTRICT_AUTHORITY,2026-09-02T01:31:39.258501
IDA_000610,BHOJPUR(DISTRICT PLANNING OFFICER BHOJPUR ARRAH_IDA),bhojpurdistrict planning officer bhojpur arrahida,DISTRICT_AUTHORITY,2026-09-02T01:31:39.258507
IDA_000611,BAPATLA(DISTRICT COLLECTOR BAPATLA_IDA),bapatladistrict collector bapatlaida,DISTRICT_AUTHORITY,2026-09-02T01:31:39.258512
IDA_000612,KAMRUP METRO(DEPUTY COMMISSIONER KAMRUP METROPOLITAN_IDA),kamrup metrodeputy commissioner kamrup metropolitanida,DISTRICT_AUTHORITY,2026-09-02T01:31:39.258518
IDA_000613,TARN TARAN(DEPUTY COMMOSSIONER TARN TARAN_IDA_2),tarn tarandeputy commossioner tarn taranida2,DISTRICT_AUTHORITY,2026-09-02T01:31:39.258524
IDA_000614,CHITTORGARH(DISTRICT COLLECTOR CHITTORGARH_IDA),chittorgarhdistrict collector chittorgarhida,DISTRICT_AUTHORITY,2026-09-02T01:31:39.258529
IDA_000615,MAYILADUTHURAI(DISTRICT COLLECTOR MAYILADUTHURAI_IDA),mayiladuthuraidistrict collector mayiladuthuraiida,DISTRICT_AUTHORITY,2026-09-02T01:31:39.258535
IDA_000616,CHAMARAJANAGAR(DEPUTY COMMISSIONER CHAMARAJNAGAR_IDA),chamarajanagardeputy commissioner chamarajnagarida,DISTRICT_AUTHORITY,2026-09-02T01:31:39.258540
IDA_000617,THOOTHUKKUDI(DISTRICT COLLECTOR THOOTHUKUDI_IDA),thoothukkudidistrict collector thoothukudiida,DISTRICT_AUTHORITY,2026-09-02T01:31:39.258546
IDA_000618,PHEK(DEPUTY COMMISSIONER PHEK_IDA),phekdeputy commissioner phekida,DISTRICT_AUTHORITY,2026-09-02T01:31:39.258552
IDA_000619,EAST KAMENG(DEPUTY COMMISIONER EAST KAMENG_IDA),east kamengdeputy commisioner east kamengida,DISTRICT_AUTHORITY,2026-09-02T01:31:39.258559
IDA_000620,GADCHIROLI(DISTRICT COLLECTOR GADCHIROLI_IDA),gadchirolidistrict collector gadchiroliida,DISTRICT_AUTHORITY,2026-09-02T01:31:39.258565
IDA_000621,WEST JAINTIA HILLS(DEPUTY COMMISSIONER WEST JAINTIA HILLS JOWAI_IDA),west jaintia hillsdeputy commissioner west jaintia hills jowaiida,DISTRICT_AUTHORITY,2026-09-02T01:31:39.258571
IDA_000622,WEST KARBI ANGLONG(DISTRICT COMMISSIONER WEST KARBI ANGLONG),west karbi anglongdistrict commissioner west karbi anglong,DISTRICT_AUTHORITY,2026-09-02T01:31:39.258577
IDA_000623,DAVANAGERE(DEPUTY COMMISSIONER DAUANAGERE_IDA),davanageredeputy commissioner dauanagereida,DISTRICT_AUTHORITY,2026-09-02T01:31:39.258583
IDA_000624,BANKA(DISTRICT PLANNING OFFICER BANKA_IDA),bankadistrict planning officer bankaida,DISTRICT_AUTHORITY,2026-09-02T01:31:39.258589
IDA_000625,BELAGAVI(DEPUTY COMMISSIONER BELGAUM_IDA),belagavideputy commissioner belgaumida,DISTRICT_AUTHORITY,2026-09-02T01:31:39.258594
IDA_000626,SRI SATHYA SAI(DISTRICT COLLECTOR SRI SATHYA SAI_IDA),sri sathya saidistrict collector sri sathya saiida,DISTRICT_AUTHORITY,2026-09-02T01:31:39.258601
IDA_000627,KAKINADA(DISTRICT COLLECTOR KAKINADA_IDA),kakinadadistrict collector kakinadaida,DISTRICT_AUTHORITY,2026-09-02T01:31:39.258606
IDA_000628,EAST JAINTIA HILLS(DEPUTY COMMISSIONER EAST JAINTIA HILLS KHLIEHRIAT_IDA),east jaintia hillsdeputy commissioner east jaintia hills khliehriatida,DISTRICT_AUTHORITY,2026-09-02T01:31:39.258612
IDA_000629,LATEHAR(DEPUTY COMMISSIONER LATEHAR_IDA),latehardeputy commissioner lateharida,DISTRICT_AUTHORITY,2026-09-02T01:31:39.258618
IDA_000630,KABEERDHAM(DISTRICT COLLECTOR KABIRDHAM),kabeerdhamdistrict collector kabirdham,DISTRICT_AUTHORITY,2026-09-02T01:31:39.258623
IDA_000631,SHAHID BHAGAT SINGH NAGAR(DEPUTY COMMISSIONER SHAHID BHAGAT SINGH NAGAR_IDA),shahid bhagat singh nagardeputy commissioner shahid bhagat singh nagarida,DISTRICT_AUTHORITY,2026-09-02T01:31:39.258651
IDA_000632,NAMSAI(DEPUTY COMMISIONER NAMSAI_IDA),namsaideputy commisioner namsaiida,DISTRICT_AUTHORITY,2026-09-02T01:31:39.258657
IDA_000633,DIU(COLLECTOR DIU),diucollector diu,DISTRICT_AUTHORITY,2026-09-02T01:31:39.258664
IDA_000634,"WEST SIANG(DEPUTY COMMISSIONER, WEST SIANG (IDA))",west siangdeputy commissioner west siang ida,DISTRICT_AUTHORITY,2026-09-02T01:31:39.258671
IDA_000635,RAJSAMAND(DISTRICT COLLECTOR RAJSAMAND_IDA),rajsamanddistrict collector rajsamandida,DISTRICT_AUTHORITY,2026-09-02T01:31:39.258677
IDA_000636,EASTERN WEST KHASI HILLS(DEPUTY COMMISSIONER EASTERN WEST KHASI HILLS MAIRANG_IDA),eastern west khasi hillsdeputy commissioner eastern west khasi hills mairangida,DISTRICT_AUTHORITY,2026-09-02T01:31:39.258685
IDA_000637,VIJAYANAGARA(DEPUTY COMMISSIONER VIJAYANAGARA_IDA),vijayanagaradeputy commissioner vijayanagaraida,DISTRICT_AUTHORITY,2026-09-02T01:31:39.258691
IDA_000638,ELURU(DISTRICT COLLECTOR ELURU_IDA),elurudistrict collector eluruida,DISTRICT_AUTHORITY,2026-09-02T01:31:39.258696
IDA_000639,JHARGRAM(DISTRICT MAGISTRATE JHARGRAM_IDA),jhargramdistrict magistrate jhargramida,DISTRICT_AUTHORITY,2026-09-02T01:31:39.258702
IDA_000640,BEED(DISTRICT COLLECTOR BEED_IDA),beeddistrict collector beedida,DISTRICT_AUTHORITY,2026-09-02T01:31:39.258708
IDA_000641,MAUGANJ(DISTRICT COLLECTOR MAUGANJ_IDA),mauganjdistrict collector mauganjida,DISTRICT_AUTHORITY,2026-09-02T01:31:39.258716
IDA_000642,BALOTRA(DISTRICT COLLECTOR BALOTRA_IDA),balotradistrict collector balotraida,DISTRICT_AUTHORITY,2026-09-02T01:31:39.258722
IDA_000643,BARMER(DISTRICT COLLECTOR BARMER_IDA),barmerdistrict collector barmerida,DISTRICT_AUTHORITY,2026-09-02T01:31:39.258728
IDA_000644,JODHPUR GRAMIN(DISTRICT COLLECTOR JODHPUR RURAL_IDA),jodhpur gramindistrict collector jodhpur ruralida,DISTRICT_AUTHORITY,2026-09-02T01:31:39.258735
IDA_000645,SHEOHAR(DISTRICT PLANNING OFFICER SEOHAR_IDA),sheohardistrict planning officer seoharida,DISTRICT_AUTHORITY,2026-09-02T01:31:39.258742
IDA_000646,SOUTH EAST(COMMISSIONER MCD SOUTH EAST_IDA),south eastcommissioner mcd south eastida,DISTRICT_AUTHORITY,2026-09-02T01:31:39.258749
IDA_000647,DAUSA(DISTRICT COLLECTOR DAUSA_IDA),dausadistrict collector dausaida,DISTRICT_AUTHORITY,2026-09-02T01:31:39.258755
IDA_000648,"SIAHA(DEPUTY COMMISSIONER, SIAHA)",siahadeputy commissioner siaha,DISTRICT_AUTHORITY,2026-09-02T01:31:39.258761
IDA_000649,"LUNGLEI(DEPUTY COMMISSIONER, LUNGLEI)",lungleideputy commissioner lunglei,DISTRICT_AUTHORITY,2026-09-02T01:31:39.258769
IDA_000650,PATHANKOT(DEPUTY COMMISSIONER PATHANKOT_IDA),pathankotdeputy commissioner pathankotida,DISTRICT_AUTHORITY,2026-09-02T01:31:39.258776
IDA_000651,PAPUM PARE(DEPUTY COMMISSIONER PAPUM PARE_IDA),papum paredeputy commissioner papum pareida,DISTRICT_AUTHORITY,2026-09-02T01:31:39.258782
IDA_000652,PULWAMA(DEPUTY COMMISSIONER  PULWAMA_IDA),pulwamadeputy commissioner pulwamaida,DISTRICT_AUTHORITY,2026-09-02T01:31:39.258787
IDA_000653,POONCH(DEPUTY COMMISSIONER POONCH_IDA),poonchdeputy commissioner poonchida,DISTRICT_AUTHORITY,2026-09-02T01:31:39.258796
IDA_000654,FATEHABAD(DEPUTY COMMISSIONER FATEHABAD),fatehabaddeputy commissioner fatehabad,DISTRICT_AUTHORITY,2026-09-02T01:31:39.258802
IDA_000655,BAJALI(DC OFFICE BAJALI),bajalidc office bajali,DISTRICT_AUTHORITY,2026-09-02T01:31:39.258835
IDA_000656,KUMURAM BHEEM ASIFABAD(DISTRICT COLLECTOR KB ASIFABAD_IDA),kumuram bheem asifabaddistrict collector kb asifabadida,DISTRICT_AUTHORITY,2026-09-02T01:31:39.258845
IDA_000657,KAMAREDDY(DISTRICT COLLECTOR KAMAREDDY_IDA),kamareddydistrict collector kamareddyida,DISTRICT_AUTHORITY,2026-09-02T01:31:39.258852
IDA_000658,DHENKANAL(DISTRICT COLLECTOR DHENKANAL_IDA),dhenkanaldistrict collector dhenkanalida,DISTRICT_AUTHORITY,2026-09-02T01:31:39.258858
IDA_000659,JALPAIGURI(DISTRICT MAGISTRATE JALPAIGURI_IDA),jalpaiguridistrict magistrate jalpaiguriida,DISTRICT_AUTHORITY,2026-09-02T01:31:39.258865
IDA_000660,SOUTH WEST(COMMISSIONER MCD SOUTH WEST),south westcommissioner mcd south west,DISTRICT_AUTHORITY,2026-09-02T01:31:39.258871
IDA_000661,BANDIPORA(DEPUTY COMMISSIONER BANDIPORA_IDA),bandiporadeputy commissioner bandiporaida,DISTRICT_AUTHORITY,2026-09-02T01:31:39.258877
IDA_000662,KARGIL(DEPUTY COMMISSIONERKARGIL),kargildeputy commissionerkargil,DISTRICT_AUTHORITY,2026-09-02T01:31:39.258883
IDA_000663,PALNADU(DISTRICT COLLECTOR PALNADU_IDA),palnadudistrict collector palnaduida,DISTRICT_AUTHORITY,2026-09-02T01:31:39.258891
IDA_000664,SOUTH ANDAMANS(IMPLEMENTING DISTRICT AUTHORITY(SA)),south andamansimplementing district authoritysa,DISTRICT_AUTHORITY,2026-09-02T01:31:39.258901
IDA_000665,JHALAWAR(DISTRICT COLLECTOR JHALAWAR_IDA),jhalawardistrict collector jhalawarida,DISTRICT_AUTHORITY,2026-09-02T01:31:39.258910
IDA_000666,"SAITUAL(DY. COMMISSIONERS OFFICE, SAITUAL)",saitualdy commissioners office saitual,DISTRICT_AUTHORITY,2026-09-02T01:31:39.258917
IDA_000667,SARAN(DISTRICT PLANNING OFFICE SARAN CHAPRA_IDA),sarandistrict planning office saran chapraida,DISTRICT_AUTHORITY,2026-09-02T01:31:39.258925
IDA_000668,COIMBATORE(DISTRICT COLLECTOR COIMBATORE_IDA),coimbatoredistrict collector coimbatoreida,DISTRICT_AUTHORITY,2026-09-02T01:31:39.258932
IDA_000669,TIRAP(DEPUTY COMMISSIONER TIRAP_IDA),tirapdeputy commissioner tirapida,DISTRICT_AUTHORITY,2026-09-02T01:31:39.258940
IDA_000670,"CHAMPHAI(DEPUTY COMMISIONER, CHAMPHAI)",champhaideputy commisioner champhai,DISTRICT_AUTHORITY,2026-09-02T01:31:39.258946
IDA_000671,DHUBRI(DEPUTY COMMISSIONER DHUBRI_IDA),dhubrideputy commissioner dhubriida,DISTRICT_AUTHORITY,2026-09-02T01:31:39.258952
IDA_000672,NAGAPATTINAM(DISTRICT COLLECTOR NAGAPATTINAM_4),nagapattinamdistrict collector nagapattinam4,DISTRICT_AUTHORITY,2026-09-02T01:31:39.258958
IDA_000673,DEBAGADA(DISTRICT COLLECTOR DEOGARH_IDA),debagadadistrict collector deogarhida,DISTRICT_AUTHORITY,2026-09-02T01:31:39.258964
IDA_000674,DAMAN(DISTRICT COLLECTOR DAMAN_IDA),damandistrict collector damanida,DISTRICT_AUTHORITY,2026-09-02T01:31:39.258976
IDA_000675,BALOD(COLLECTOR BALOD_IDA),balodcollector balodida,DISTRICT_AUTHORITY,2026-09-02T01:31:39.258984
IDA_000676,YADGIR(DEPUTY COMMSIONER YADGIR_IDA),yadgirdeputy commsioner yadgirida,DISTRICT_AUTHORITY,2026-09-02T01:31:39.258991
IDA_000677,BEMETARA(COLLECTOR BEMETARA_IDA),bemetaracollector bemetaraida,DISTRICT_AUTHORITY,2026-09-02T01:31:39.258999
IDA_000678,KALABURAGI(DEPUTY COMMISSIONER GULBARGA_IDA),kalaburagideputy commissioner gulbargaida,DISTRICT_AUTHORITY,2026-09-02T01:31:39.259005
IDA_000679,CHANDRAPUR(DISTRICT COLLECTOR CHANDRAPUR_IDA),chandrapurdistrict collector chandrapurida,DISTRICT_AUTHORITY,2026-09-02T01:31:39.259012
IDA_000680,KAMRUP(DEPUTY COMMISSIONER KAMRUP_IDA),kamrupdeputy commissioner kamrupida,DISTRICT_AUTHORITY,2026-09-02T01:31:39.259017
IDA_000681,BANSWARA(DISTRICT COLLECTOR BANSWARA_IDA),banswaradistrict collector banswaraida,DISTRICT_AUTHORITY,2026-09-02T01:31:39.259023
IDA_000682,BUNDI(DISTRICT COLLECTOR BUNDI_IDA),bundidistrict collector bundiida,DISTRICT_AUTHORITY,2026-09-02T01:31:39.259028
IDA_000683,BALRAMPUR(DISTRICT MAGISTRATE BALRAMPUR_IDA),balrampurdistrict magistrate balrampurida,DISTRICT_AUTHORITY,2026-09-02T01:31:39.259075
IDA_000684,NORTH AND MIDDLE ANDAMAN(IMPLEMENTING DISTRICT AUTHORITY(N&MA)),north and middle andamanimplementing district authoritynma,DISTRICT_AUTHORITY,2026-09-02T01:31:39.259098
IDA_000685,UNA(DEPUTY COMMISSIOENR UNA_IDA),unadeputy commissioenr unaida,DISTRICT_AUTHORITY,2026-09-02T01:31:39.259105
IDA_000686,SINGRAULI(DISTRICT COLLECTOR SINGRAULI_IDA),singraulidistrict collector singrauliida,DISTRICT_AUTHORITY,2026-09-02T01:31:39.259110
IDA_000687,"PITHORAGARH(NRLM , PITHORAGARH)",pithoragarhnrlm pithoragarh,DISTRICT_AUTHORITY,2026-09-02T01:31:39.259118
IDA_000688,BARA BANKI(DISTRICT MAGISTRATE BARABANKI_IDA),bara bankidistrict magistrate barabankiida,DISTRICT_AUTHORITY,2026-09-02T01:31:39.259126
IDA_000689,MANENDRAGARH-CHIRMIRI-BHARATPUR(M C B)(COLLECTOR MCB_IDA),manendragarhchirmiribharatpurm c bcollector mcbida,DISTRICT_AUTHORITY,2026-09-02T01:31:39.259133
IDA_000690,REWARI(DISTRICT COMMISSIONER REWARI),rewaridistrict commissioner rewari,DISTRICT_AUTHORITY,2026-09-02T01:31:39.259138
IDA_000691,ARIYALUR(DISTRICT COLLECTOR ARIYALUR_IDA),ariyalurdistrict collector ariyalurida,DISTRICT_AUTHORITY,2026-09-02T01:31:39.259145
IDA_000692,"UPPER SIANG(DISTRICT PLANNING OFFICER,YINGKIONG)",upper siangdistrict planning officeryingkiong,DISTRICT_AUTHORITY,2026-09-02T01:31:39.259150
IDA_000693,DIMAPUR(DEPUTY COMMISSIONER DIMAPUR_IDA),dimapurdeputy commissioner dimapurida,DISTRICT_AUTHORITY,2026-09-02T01:31:39.259156
IDA_000694,KISHTWAR(DEPUTY COMMISSIONER KISHTWAR_IDA),kishtwardeputy commissioner kishtwarida,DISTRICT_AUTHORITY,2026-09-02T01:31:39.259162
IDA_000695,LOWER DIBANG VALLEY(DEPUTY COMMISIONER LOWER DIBANG VALLEY_IDA),lower dibang valleydeputy commisioner lower dibang valleyida,DISTRICT_AUTHORITY,2026-09-02T01:31:39.259168
IDA_000696,KAMLE(DEPUTY COMMISIONER KAMLE_IDA),kamledeputy commisioner kamleida,DISTRICT_AUTHORITY,2026-09-02T01:31:39.259174
IDA_000697,TAMULPUR(IDA TAMULPUR),tamulpurida tamulpur,DISTRICT_AUTHORITY,2026-09-02T01:31:39.259180
IDA_000698,BALRAMPUR-RAMANUJGANJ(DISTRICT COLLECTOR BALRAMPUR_IDA),balrampurramanujganjdistrict collector balrampurida,DISTRICT_AUTHORITY,2026-09-02T01:31:39.259186
IDA_000699,KOLASIB(DEPUTY COMMISSIONER KOLASIB),kolasibdeputy commissioner kolasib,DISTRICT_AUTHORITY,2026-09-02T01:31:39.259191
IDA_000700,GANGTOK(DISTRICT COLLECTOR EAST DISTRICT_IDA),gangtokdistrict collector east districtida,DISTRICT_AUTHORITY,2026-09-02T01:31:39.259196
IDA_000701,MANGAN(DISTRICT COLLECTOR MANGAN_IDA),mangandistrict collector manganida,DISTRICT_AUTHORITY,2026-09-02T01:31:39.259202
IDA_000702,PEDDAPALLI(DISTRICT COLLECTOR PEDDAPALLY_IDA),peddapallidistrict collector peddapallyida,DISTRICT_AUTHORITY,2026-09-02T01:31:39.259207
IDA_000703,MANCHERIAL(DISTRICT COLLECTOR MANCHERIAL_IDA),mancherialdistrict collector mancherialida,DISTRICT_AUTHORITY,2026-09-02T01:31:39.259213
IDA_000704,MULUGU(DISTRICT COLLECTOR MULUGU_IDA),mulugudistrict collector muluguida,DISTRICT_AUTHORITY,2026-09-02T01:31:39.259218
IDA_000705,BAGESHWAR(DISTRICT MAGISTRATE BAGESHWAR_IDA),bageshwardistrict magistrate bageshwarida,DISTRICT_AUTHORITY,2026-09-02T01:31:39.259224
IDA_000706,IMPHAL WEST(DEPUTY COMMISSIONER IMPHAL WEST MPLADS_IDA),imphal westdeputy commissioner imphal west mpladsida,DISTRICT_AUTHORITY,2026-09-02T01:31:39.259230
IDA_000707,BARAN(DISTRICT COLLECTOR BARAN_IDA),barandistrict collector baranida,DISTRICT_AUTHORITY,2026-09-02T01:31:39.259235
IDA_000708,MOKOKCHUNG(DEPUTY COMMISSIONER MOKOKCHUNG_IDA),mokokchungdeputy commissioner mokokchungida,DISTRICT_AUTHORITY,2026-09-02T01:31:39.259240
IDA_000709,MON(DEPUTY COMMISSIONER MON_IDA),mondeputy commissioner monida,DISTRICT_AUTHORITY,2026-09-02T01:31:39.259246
IDA_000710,UKHRUL(DEPUTY COMMISSIONER UKHRUL_IDA),ukhruldeputy commissioner ukhrulida,DISTRICT_AUTHORITY,2026-09-02T01:31:39.259252
IDA_000711,BULDHANA(DISTRICT COLLECTOR BULDHANA_IDA),buldhanadistrict collector buldhanaida,DISTRICT_AUTHORITY,2026-09-02T01:31:39.259257
IDA_000712,SHOPIAN(DEPUTY COMMISSIONER SHOPIAN_IDA),shopiandeputy commissioner shopianida,DISTRICT_AUTHORITY,2026-09-02T01:31:39.259263
IDA_000713,BOUDH(DISTRICT COLLECTOR BOUDH_IDA),boudhdistrict collector boudhida,DISTRICT_AUTHORITY,2026-09-02T01:31:39.259268
IDA_000714,NIWARI(DISTRICT COLLECTOR NIWARI_IDA),niwaridistrict collector niwariida,DISTRICT_AUTHORITY,2026-09-02T01:31:39.259273
IDA_000715,KEKRI(DISTRICT COLLECTOR KEKRI_IDA),kekridistrict collector kekriida,DISTRICT_AUTHORITY,2026-09-02T01:31:39.259280
IDA_000716,GURUGRAM(DC CUM NODAL OFFICER MPLADS_5),gurugramdc cum nodal officer mplads5,DISTRICT_AUTHORITY,2026-09-02T01:31:39.259285
IDA_000717,KINNAUR(DEPUTY COMMISSIONER KINNAUR_IDA),kinnaurdeputy commissioner kinnaurida,DISTRICT_AUTHORITY,2026-09-02T01:31:39.259290
IDA_000718,SEPAHIJALA(DISTRICT MAGISTRATE AND COLLECTOR SIPAHIJALA_IDA),sepahijaladistrict magistrate and collector sipahijalaida,DISTRICT_AUTHORITY,2026-09-02T01:31:39.259308
IDA_000719,SHAMLI(DISTRICT MAGISTRATE SHAMLI_IDA),shamlidistrict magistrate shamliida,DISTRICT_AUTHORITY,2026-09-02T01:31:39.259314
IDA_000720,CHAMPAWAT(DISTRICT MAGISTRATE CHAMPAWAT_IDA),champawatdistrict magistrate champawatida,DISTRICT_AUTHORITY,2026-09-02T01:31:39.259319
IDA_000721,ASHOKNAGAR(DISTRICT COLLECTOR ASHOKNAGAR_IDA),ashoknagardistrict collector ashoknagarida,DISTRICT_AUTHORITY,2026-09-02T01:31:39.259324
IDA_000722,BISHNUPUR(DEPUTY COMMISSIONER BISHNUPUR_IDA),bishnupurdeputy commissioner bishnupurida,DISTRICT_AUTHORITY,2026-09-02T01:31:39.259330
IDA_000723,JAYASHANKAR BHUPALAPALLY(DISTRICT COLLECTOR JAYASHANKAR BHUPALPALLY_IDA),jayashankar bhupalapallydistrict collector jayashankar bhupalpallyida,DISTRICT_AUTHORITY,2026-09-02T01:31:39.259336
IDA_000724,SANCHOR(DISTRICT COLLECTOR SANCHOR_IDA),sanchordistrict collector sanchorida,DISTRICT_AUTHORITY,2026-09-02T01:31:39.259341
IDA_000725,DHAMTARI(DISTRICT COLLECTOR DHAMTARI_IDA),dhamtaridistrict collector dhamtariida,DISTRICT_AUTHORITY,2026-09-02T01:31:39.259346
IDA_000726,NORTH TRIPURA(DISTRICT MAGISTRATE AND COLLECTOR NORTH TRIPURA DISTRICT_IDA),north tripuradistrict magistrate and collector north tripura districtida,DISTRICT_AUTHORITY,2026-09-02T01:31:39.259352
IDA_000727,SORENG(DISTRICT COLLECTOR SORENG_IDA),sorengdistrict collector sorengida,DISTRICT_AUTHORITY,2026-09-02T01:31:39.259358
IDA_000728,SERCHHIP(DEPUTY COMMISSIONER SERCHHIP),serchhipdeputy commissioner serchhip,DISTRICT_AUTHORITY,2026-09-02T01:31:39.259363
IDA_000729,WOKHA(DEPUTY COMMISSIONER WOKHA_IDA),wokhadeputy commissioner wokhaida,DISTRICT_AUTHORITY,2026-09-02T01:31:39.259368
IDA_000730,CHURACHANDPUR(DEPUTY COMMISSIONER CHURACHANDPUR MPLADS_IDA),churachandpurdeputy commissioner churachandpur mpladsida,DISTRICT_AUTHORITY,2026-09-02T01:31:39.259374
IDA_000731,KOHIMA(DEPUTY COMMISIONER_7),kohimadeputy commisioner7,DISTRICT_AUTHORITY,2026-09-02T01:31:39.259379
IDA_000732,KAMJONG(DEPUTY COMMISSIONER KAMJONG MPLADS_IDA),kamjongdeputy commissioner kamjong mpladsida,DISTRICT_AUTHORITY,2026-09-02T01:31:39.259385
IDA_000733,TAMENGLONG(DEPUTY COMMISSIONER TAMENGLONG_IDA),tamenglongdeputy commissioner tamenglongida,DISTRICT_AUTHORITY,2026-09-02T01:31:39.259390
IDA_000734,SOUTH SALMARA MANCACHAR(DEPUTY COMMISSIONER SOUTH SALMARA MANKACHAR_IDA),south salmara mancachardeputy commissioner south salmara mankacharida,DISTRICT_AUTHORITY,2026-09-02T01:31:39.259396
IDA_000735,LAHAUL AND SPITI(DEPUTY COMMISSIONER L AND S_IDA),lahaul and spitideputy commissioner l and sida,DISTRICT_AUTHORITY,2026-09-02T01:31:39.259402
IDA_000736,DIBANG VALLEY(DEPUTY COMMISIONER DIBANG VALLEY_IDA),dibang valleydeputy commisioner dibang valleyida,DISTRICT_AUTHORITY,2026-09-02T01:31:39.259408
IDA_000737,LAWNGTLAI(DSC LAWNGTLAI),lawngtlaidsc lawngtlai,DISTRICT_AUTHORITY,2026-09-02T01:31:39.259414
IDA_000738,SOUTH TRIPURA(DISTRICT MAGISTRATE AND COLLECTOR SOUTH TRIPURA DISTRICT_IDA),south tripuradistrict magistrate and collector south tripura districtida,DISTRICT_AUTHORITY,2026-09-02T01:31:39.259420
IDA_000739,REASI(DC REASI_2),reasidc reasi2,DISTRICT_AUTHORITY,2026-09-02T01:31:39.259426
IDA_000740,KURUNG KUMEY(DEPUTY COMMISSIONER KURUNG KUMEY_IDA),kurung kumeydeputy commissioner kurung kumeyida,DISTRICT_AUTHORITY,2026-09-02T01:31:39.259431
IDA_000741,IMPHAL EAST(DEPUTY COMMISSIONER IMPHAL EAST_IDA),imphal eastdeputy commissioner imphal eastida,DISTRICT_AUTHORITY,2026-09-02T01:31:39.259437
IDA_000742,HINGOLI(DISTRICT COLLECTOR HINGOLI_IDA),hingolidistrict collector hingoliida,DISTRICT_AUTHORITY,2026-09-02T01:31:39.259442
IDA_000743,NICOBARS(DEPUTY COMMISSIONER NICOBAR_IDA),nicobarsdeputy commissioner nicobarida,DISTRICT_AUTHORITY,2026-09-02T01:31:39.259448
IDA_000744,SIANG(DEPUTY COMMISIONER SIANG_IDA),siangdeputy commisioner siangida,DISTRICT_AUTHORITY,2026-09-02T01:31:39.259453
IDA_000745,NOKLAK(DEPUTY COMMISSIONER NOKLAK_IDA),noklakdeputy commissioner noklakida,DISTRICT_AUTHORITY,2026-09-02T01:31:39.259459
IDA_000746,TONK(DISTRICT COLLECTOR TONK_IDA),tonkdistrict collector tonkida,DISTRICT_AUTHORITY,2026-09-02T01:31:39.259464
IDA_000747,GANDERBAL(DEPUTY COMMISSIONER GANDERBAL_IDA),ganderbaldeputy commissioner ganderbalida,DISTRICT_AUTHORITY,2026-09-02T01:31:39.259470
IDA_000748,LONGDING(DEPUTY COMMISIONER LONGDING_IDA),longdingdeputy commisioner longdingida,DISTRICT_AUTHORITY,2026-09-02T01:31:39.259476
IDA_000749,KARNAL(DEPUTY COMMISSIONER KARNAL),karnaldeputy commissioner karnal,DISTRICT_AUTHORITY,2026-09-02T01:31:39.259481
IDA_000750,KAKCHING(DEPUTY COMMISSIONER KAKCHING_IDA),kakchingdeputy commissioner kakchingida,DISTRICT_AUTHORITY,2026-09-02T01:31:39.259487
IDA_000751,LEPARADA(DEPUTY COMMISIONER LEPARADA_IDA),leparadadeputy commisioner leparadaida,DISTRICT_AUTHORITY,2026-09-02T01:31:39.259492
IDA_000752,LAKHISARAI(DISTRICT PLANNING OFFICER LAKHISARAI_IDA),lakhisaraidistrict planning officer lakhisaraiida,DISTRICT_AUTHORITY,2026-09-02T01:31:39.259498
IDA_000753,PEREN(DEPUTY COMMISSIONER PEREN_IDA),perendeputy commissioner perenida,DISTRICT_AUTHORITY,2026-09-02T01:31:39.259503
IDA_000754,KHAIRAGARH-CHHUIKHADAN-GANDAI(DISTRICT COLLECTOR KHAIRAGARH_IDA),khairagarhchhuikhadangandaidistrict collector khairagarhida,DISTRICT_AUTHORITY,2026-09-02T01:31:39.259509
IDA_000755,KRA DAADI(DC KRADAADI_IDA),kra daadidc kradaadiida,DISTRICT_AUTHORITY,2026-09-02T01:31:39.259515
IDA_000756,JIRIBAM(DEPUTY COMMISSIONER JIRIBAM MPLADS_IDA),jiribamdeputy commissioner jiribam mpladsida,DISTRICT_AUTHORITY,2026-09-02T01:31:39.259521
IDA_000757,UNAKOTI(DISTRICT MAGISTRATE AND COLLECTOR  UNOKOTI_IDA),unakotidistrict magistrate and collector unokotiida,DISTRICT_AUTHORITY,2026-09-02T01:31:39.259529
IDA_000758,HNAHTHIAL(DEPUTY COMMISSIONER HNAHTHIAL_IDA),hnahthialdeputy commissioner hnahthialida,DISTRICT_AUTHORITY,2026-09-02T01:31:39.259536
IDA_000759,"KHAWZAWL(OFFICE OF THE DEPUTY COMMISSIONER, KHAWZAWL)",khawzawloffice of the deputy commissioner khawzawl,DISTRICT_AUTHORITY,2026-09-02T01:31:39.259543
IDA_000760,MOHLA-MANPUR-AMBAGARH CHOUKI(COLLECTOR MMC_IDA),mohlamanpurambagarh choukicollector mmcida,DISTRICT_AUTHORITY,2026-09-02T01:31:39.259550
IDA_000761,TUENSANG(DEPUTY COMMISSIONER TUENSANG_IDA),tuensangdeputy commissioner tuensangida,DISTRICT_AUTHORITY,2026-09-02T01:31:39.259556
IDA_000762,ANJAW(DEPUTY COMMISIONER ANJAW_IDA),anjawdeputy commisioner anjawida,DISTRICT_AUTHORITY,2026-09-02T01:31:39.259563
IDA_000763,KIPHIRE(DEPUTY COMMISSIONER KIPHIRE_IDA),kiphiredeputy commissioner kiphireida,DISTRICT_AUTHORITY,2026-09-02T01:31:39.259569
IDA_000764,CHANGLANG(DEPUTY COMMISIONER CHANGLANG_IDA),changlangdeputy commisioner changlangida,DISTRICT_AUTHORITY,2026-09-02T01:31:39.259575
IDA_000765,GOMATI(DM OFFICE GOMATI MPLADS),gomatidm office gomati mplads,DISTRICT_AUTHORITY,2026-09-02T01:31:39.259581
IDA_000766,TAWANG(DEPUTY COMMISIONER TAWANG_IDA),tawangdeputy commisioner tawangida,DISTRICT_AUTHORITY,2026-09-02T01:31:39.259586
IDA_000767,KULGAM(DEPUTY COMMISSIONER KULGAM_IDA),kulgamdeputy commissioner kulgamida,DISTRICT_AUTHORITY,2026-09-02T01:31:39.259591
IDA_000768,SENAPATI(DEPUTY COMMISSIONER SENAPATI_IDA),senapatideputy commissioner senapatiida,DISTRICT_AUTHORITY,2026-09-02T01:31:39.259597
IDA_000769,KANGPOKPI(DEPUTY COMMISSIONER KANGPOKPI MPLADS_IDA),kangpokpideputy commissioner kangpokpi mpladsida,DISTRICT_AUTHORITY,2026-09-02T01:31:39.259603
IDA_000770,DADRA AND NAGAR HAVELI(DISTRICT COLLECTOR DADAR AND NAGAR HAVELI_IDA),dadra and nagar havelidistrict collector dadar and nagar haveliida,DISTRICT_AUTHORITY,2026-09-02T01:31:39.259609
IDA_000771,TENGNOUPAL(DEPUTY COMMISSIONER TENGNOUPAL MPLADS_IDA),tengnoupaldeputy commissioner tengnoupal mpladsida,DISTRICT_AUTHORITY,2026-09-02T01:31:39.259614
IDA_000772,SHAMATOR(DEPUTY COMMISSIONER SHAMATOR_IDA),shamatordeputy commissioner shamatorida,DISTRICT_AUTHORITY,2026-09-02T01:31:39.259620
IDA_000773,NUH(DEPUTY COMMISSIONER NUH),nuhdeputy commissioner nuh,DISTRICT_AUTHORITY,2026-09-02T01:31:39.259628
IDA_000774,ANOOPGARH(DISTRICT COLLECTOR ANOOPGARH_IDA),anoopgarhdistrict collector anoopgarhida,DISTRICT_AUTHORITY,2026-09-02T01:31:39.259633
IDA_000775,LONGLENG(DEPUTY COMMISSIONER LONGLENG_IDA),longlengdeputy commissioner longlengida,DISTRICT_AUTHORITY,2026-09-02T01:31:39.259638
IDA_000776,DIMA HASAO(DEPUTY COMMISSIONER DIMA HASAO_IDA),dima hasaodeputy commissioner dima hasaoida,DISTRICT_AUTHORITY,2026-09-02T01:31:39.259644
