id,date,state,category,amount_sanctioned,amount_disbursed,vendor_frequency,delay_days,project_id,vendor_id
0,2020-04-12,Tamil Nadu,Water,27399.703725727046,9278.306062238134,2,6.791206120573724,PRJ_2,VEN_45
1,2021-03-11,Tamil Nadu,Water,144291.7525129836,120016.97360285048,3,15.2992247024677,PRJ_50,VEN_22
2,2022-05-10,Maharashtra,Water,109878.56723725723,23012.19939364683,1,2.0723265638115866,PRJ_41,VEN_5
3,2020-09-27,Maharashtra,Health,222161.2806088932,17054.32068293347,4,8.440113138233476,PRJ_45,VEN_31
4,2020-04-16,Delhi,Health,17109.873741468666,15881.049204187131,5,4.817652833527793,PRJ_9,VEN_13
5,2020-03-12,Maharashtra,Health,36226.186239667775,4343.539127626915,3,32.805605029099425,PRJ_62,VEN_28
6,2021-12-01,Karnataka,Health,79314.76343756709,19736.608627652357,2,0.6214844628634008,PRJ_86,VEN_20
7,2020-01-21,Tamil Nadu,Education,23727.242753082955,36224.29326137441,0,36.75366477080696,PRJ_47,VEN_33
8,2021-09-06,Delhi,Education,113741.93544973055,14982.178481134064,3,26.845895530444377,PRJ_5,VEN_16
9,2020-05-01,Maharashtra,Education,203745.52898416235,33538.60616929451,1,5.298158202208275,PRJ_76,VEN_29
10,2021-04-11,Karnataka,Infrastructure,33411.05217838171,9279.926718965058,1,23.35913408195449,PRJ_1,VEN_23
11,2020-08-02,Karnataka,Water,62229.966561575326,19131.129148823704,1,0.47566625831723486,PRJ_44,VEN_24
12,2020-11-26,Maharashtra,Health,256688.53172724257,30228.495757412657,1,51.10772641795477,PRJ_22,VEN_34
13,2021-04-03,Tamil Nadu,Health,361953.6974458918,26626.463724359433,2,11.21705848191795,PRJ_38,VEN_7
14,2020-03-28,Maharashtra,Education,126222.46837263217,4422.829418850519,2,5.420597149608112,PRJ_19,VEN_38
15,2021-01-07,Delhi,Health,108383.28657291725,14199.954638732204,1,6.754973100443371,PRJ_80,VEN_37
16,2020-04-09,Maharashtra,Health,25495.658590905874,117884.77346582613,0,1.0306939835762703,PRJ_31,VEN_4
17,2022-05-21,Karnataka,Water,85751.5465520392,13461.027339660526,5,68.13224637018357,PRJ_67,VEN_34
18,2021-10-25,Maharashtra,Education,104487.30301696388,22377.416652174554,0,0.6012706387073372,PRJ_87,VEN_42
19,2020-05-10,Tamil Nadu,Water,48515.074421075136,20196.08897311354,0,15.959125348706182,PRJ_42,VEN_22
20,2021-10-23,Uttar Pradesh,Infrastructure,33031.72510482358,105687.27311863769,1,8.770740808929189,PRJ_82,VEN_5
21,2020-11-04,Maharashtra,Infrastructure,16625.656052054022,80046.91043139657,1,44.61432320298698,PRJ_26,VEN_42
22,2022-02-08,Tamil Nadu,Infrastructure,10533.018749938128,49391.37040798537,3,4.235438498303163,PRJ_13,VEN_23
23,2020-12-09,Tamil Nadu,Education,8536.586389540113,8322.830552780553,1,11.392087822661255,PRJ_58,VEN_15
24,2021-05-06,Karnataka,Health,106877.92484841032,31545.399752986174,0,9.8770190194026,PRJ_18,VEN_31
25,2021-02-17,Tamil Nadu,Education,69403.96831744311,38868.58979200776,1,18.20360336885542,PRJ_67,VEN_9
26,2022-03-16,Tamil Nadu,Education,36908.19412774945,10953.29019350461,4,1.0565016426979725,PRJ_87,VEN_43
27,2021-01-20,Tamil Nadu,Health,42982.300870334024,9223.251338628315,2,3.231149181183557,PRJ_3,VEN_25
28,2020-07-10,Tamil Nadu,Water,73900.17991672982,121177.79753813685,0,3.6227601824573274,PRJ_55,VEN_25
29,2022-08-13,Delhi,Infrastructure,50789.0941783883,16304.50432835449,3,20.099795114795434,PRJ_89,VEN_49
30,2020-10-03,Delhi,Water,15669.114429428866,110744.03416935529,1,3.144873875860398,PRJ_91,VEN_21
31,2020-06-09,Karnataka,Infrastructure,149193.62236186917,59700.38543124047,1,12.781854019695055,PRJ_58,VEN_9
32,2021-04-04,Maharashtra,Education,81155.8103635538,33119.475842924985,0,3.6357331321496065,PRJ_63,VEN_48
33,2020-11-09,Tamil Nadu,Infrastructure,78111.96146120175,34631.932372000934,3,29.66681290835017,PRJ_91,VEN_38
34,2020-01-22,Maharashtra,Education,138352.86638481863,5429.381160471242,1,42.75772323801851,PRJ_52,VEN_22
35,2020-09-09,Maharashtra,Water,26538.575797091027,27086.06802980038,0,10.962516868604446,PRJ_89,VEN_43
36,2022-01-17,Karnataka,Education,201537.63915239024,90855.02770155466,2,6.515120541554131,PRJ_24,VEN_23
37,2022-05-06,Tamil Nadu,Water,52049.84770268515,43535.827691931096,3,3.9997280458639626,PRJ_72,VEN_49
38,2021-07-14,Tamil Nadu,Health,145597.15581712357,25702.32380090725,1,0.7659419436255569,PRJ_9,VEN_4
39,2021-04-19,Uttar Pradesh,Health,124797.66608338365,122019.627975154,5,4.689872440320814,PRJ_37,VEN_29
40,2020-02-28,Maharashtra,Health,21188.16758361089,18305.544614523424,3,15.929972717133102,PRJ_94,VEN_15
41,2021-05-25,Maharashtra,Education,99002.50233556765,11854.280737226607,3,11.441219200886128,PRJ_83,VEN_1
42,2021-11-12,Delhi,Health,82973.34335913789,25689.353287420694,4,43.24711458310721,PRJ_53,VEN_30
43,2021-04-20,Uttar Pradesh,Infrastructure,61716.812307105654,47404.25957568831,1,7.569603454509615,PRJ_80,VEN_29
44,2021-11-30,Delhi,Water,54482.14160410592,3952.9045002117477,2,17.755855245374764,PRJ_24,VEN_20
45,2022-09-02,Delhi,Water,54946.03222850894,29286.1106537056,2,10.080262321158042,PRJ_21,VEN_33
46,2022-02-21,Delhi,Infrastructure,134954.02254129917,49530.554241523896,2,10.7793201168603,PRJ_40,VEN_41
47,2020-07-08,Karnataka,Education,106714.30692181726,16820.579310559686,2,4.674997487359145,PRJ_62,VEN_44
48,2022-08-15,Karnataka,Education,61727.131774638576,66633.63548168633,3,9.103187560142871,PRJ_70,VEN_36
49,2021-11-17,Delhi,Water,13467.89324292261,41822.370819097116,3,9.545407452406128,PRJ_69,VEN_22
50,2022-08-15,Uttar Pradesh,Health,98168.76948574065,187471.68853486676,2,18.39545027018874,PRJ_14,VEN_13
51,2021-07-16,Maharashtra,Education,123452.7312879438,10398.294719631005,3,42.36201999617988,PRJ_42,VEN_7
52,2022-05-25,Uttar Pradesh,Education,597440.5652451069,50549.5766984721,1,5.991975910071939,PRJ_50,VEN_8
53,2021-07-20,Tamil Nadu,Infrastructure,175506.79921528415,7963.91579722054,3,0.6467517045061708,PRJ_61,VEN_28
54,2020-08-31,Karnataka,Infrastructure,8962.671428960257,4379.253472271554,5,10.286471233369411,PRJ_4,VEN_45
55,2022-04-11,Maharashtra,Health,64759.0927982195,2876.901589958311,0,11.794120123266504,PRJ_72,VEN_43
56,2021-05-19,Maharashtra,Education,366361.20647970896,37734.27163390733,1,2.7667873045816997,PRJ_88,VEN_9
57,2020-05-10,Tamil Nadu,Education,111697.41661488793,26482.72503529677,2,21.435811369822325,PRJ_75,VEN_25
58,2021-04-29,Tamil Nadu,Infrastructure,83170.84630151211,13642.55107185653,0,62.92485160417728,PRJ_17,VEN_16
59,2022-03-29,Delhi,Education,147300.30291753437,3738.7090837410537,2,43.719120051658834,PRJ_85,VEN_10
60,2021-10-08,Karnataka,Water,32132.45331231183,11043.677528867744,0,3.2929894062714493,PRJ_57,VEN_11
61,2020-01-21,Karnataka,Infrastructure,96576.43019874398,22116.805041864918,2,31.23527536899832,PRJ_90,VEN_31
62,2022-04-20,Uttar Pradesh,Health,46608.208888616115,48687.09902016465,1,18.285973610730302,PRJ_48,VEN_12
63,2020-06-15,Delhi,Infrastructure,58710.65550851772,21665.236487295977,3,9.07282986070383,PRJ_44,VEN_31
64,2020-09-30,Delhi,Education,137098.44394366906,28340.873720381675,2,11.667868814024919,PRJ_45,VEN_14
65,2021-01-22,Delhi,Health,23701.340756038113,15121.420882458797,5,28.416870463714037,PRJ_91,VEN_44
66,2021-08-23,Delhi,Infrastructure,217071.58736320172,126655.26204918788,3,9.812790005804976,PRJ_80,VEN_32
67,2020-11-11,Karnataka,Water,39229.646920245905,7956.54672087651,1,7.007092879173951,PRJ_90,VEN_17
68,2020-01-14,Karnataka,Water,77704.06356720059,10946.354776675804,1,10.195988197513719,PRJ_33,VEN_35
69,2020-08-29,Delhi,Infrastructure,14757.283547582607,13462.211966725876,3,12.981462239471014,PRJ_31,VEN_1
70,2022-02-15,Uttar Pradesh,Water,122987.41239571151,37899.9244618205,0,3.1437447015388296,PRJ_47,VEN_29
71,2020-12-11,Maharashtra,Water,254359.5092294461,7794.2394689856865,0,34.67555768101557,PRJ_6,VEN_4
72,2021-07-18,Maharashtra,Water,35787.66109333763,25228.22258168361,1,16.82147287163343,PRJ_72,VEN_23
73,2022-06-16,Uttar Pradesh,Health,19727.652555225635,25975.52801111741,1,15.046896664575604,PRJ_71,VEN_28
74,2020-12-05,Delhi,Water,79061.63876412802,10999.906252746718,2,1.5720138535576207,PRJ_34,VEN_16
75,2020-04-01,Karnataka,Water,256481.19959781726,30637.48263223389,4,13.901706030456227,PRJ_53,VEN_12
76,2021-01-01,Maharashtra,Water,14046.709310009759,8040.013982292191,2,1.9338844416165966,PRJ_14,VEN_21
77,2022-08-13,Tamil Nadu,Health,19805.041763157285,7207.849053447125,6,1.229505592118696,PRJ_16,VEN_45
78,2021-03-30,Tamil Nadu,Infrastructure,38017.826293204096,24333.414243237406,1,11.239760868790308,PRJ_43,VEN_17
79,2021-03-03,Uttar Pradesh,Education,26361.402042726204,4189.113496522771,2,7.732184859712059,PRJ_73,VEN_40
80,2021-05-23,Delhi,Water,26444.79240468032,2579.1039140483645,1,13.330508118209142,PRJ_74,VEN_13
81,2022-02-14,Maharashtra,Infrastructure,7375.207912501122,37527.651020813704,3,1.4018442629129633,PRJ_81,VEN_32
82,2022-07-31,Delhi,Water,107910.4448111259,62879.15209960742,3,8.457676181606868,PRJ_12,VEN_37
83,2020-02-04,Maharashtra,Health,84012.4686290171,13810.671664359123,2,2.881700982628026,PRJ_70,VEN_15
84,2020-07-24,Uttar Pradesh,Infrastructure,10950.61392843098,11292.898410645419,4,65.25801942631387,PRJ_19,VEN_12
85,2020-03-21,Uttar Pradesh,Health,257093.66685715577,60206.47754806298,2,12.35397141024797,PRJ_41,VEN_49
86,2022-07-20,Tamil Nadu,Water,321609.16529436107,7005.576697963449,3,17.444231778371943,PRJ_53,VEN_15
87,2021-07-15,Delhi,Water,28256.942263349178,5634.295380573646,2,5.904936829093688,PRJ_29,VEN_34
88,2022-05-21,Tamil Nadu,Health,192249.3662698971,44695.87183751026,2,1.4929782739723179,PRJ_70,VEN_6
89,2021-01-22,Delhi,Education,33758.99553000309,22226.44747537748,1,55.86502733433151,PRJ_59,VEN_17
90,2020-01-02,Tamil Nadu,Health,71762.44084871937,63887.35537251664,3,5.058527656841592,PRJ_89,VEN_48
91,2021-01-24,Karnataka,Water,25958.071092086688,2590.831436733195,3,8.269719928064276,PRJ_64,VEN_49
92,2021-07-19,Karnataka,Health,548121.0981058798,5427.999934466006,2,15.741501073866328,PRJ_24,VEN_20
93,2020-04-15,Karnataka,Education,44532.8666822688,22344.423472397393,0,0.3751108838483507,PRJ_89,VEN_9
94,2022-02-10,Karnataka,Health,67944.67314924822,33445.53916889255,1,24.93143973798475,PRJ_16,VEN_5
95,2022-04-01,Maharashtra,Education,30093.443784279167,51379.63094010002,1,11.536764044740067,PRJ_52,VEN_23
96,2021-04-21,Karnataka,Education,385122.0581713119,26234.16292502325,5,4.89046497686045,PRJ_80,VEN_33
97,2021-12-03,Uttar Pradesh,Health,394989.5730090548,25968.90540579343,1,0.9538123673292078,PRJ_6,VEN_38
98,2021-02-05,Uttar Pradesh,Health,305874.1987669829,14922.097648967449,3,2.659981849708337,PRJ_37,VEN_14
99,2021-12-30,Maharashtra,Infrastructure,155817.44059380906,108110.0430945682,2,33.811761691478196,PRJ_85,VEN_17
100,2021-07-09,Karnataka,Water,32055.06400250619,7309.839121723639,3,17.376591635136876,PRJ_4,VEN_19
101,2020-06-10,Karnataka,Education,137015.60397640595,31540.261531991513,4,4.313265648285084,PRJ_98,VEN_33
102,2020-07-20,Karnataka,Infrastructure,59453.94160361482,8202.474577019977,3,1.0177722833530742,PRJ_92,VEN_1
103,2022-08-15,Tamil Nadu,Health,222439.09699355825,37600.72254459842,3,17.597547489775476,PRJ_38,VEN_13
104,2022-09-22,Delhi,Water,182755.05781391144,7808.6114100078985,2,12.743777523108198,PRJ_41,VEN_46
105,2020-09-26,Tamil Nadu,Infrastructure,31280.007108844628,46342.54415966021,3,7.775800160819692,PRJ_92,VEN_27
106,2022-05-12,Delhi,Education,154480.90923099063,24639.470964602235,2,6.7791895985503725,PRJ_81,VEN_6
107,2022-03-26,Karnataka,Infrastructure,118424.9197377171,126075.87323803086,2,3.6657812343734983,PRJ_14,VEN_6
108,2020-09-27,Karnataka,Education,3738.4902673759166,16630.279062745558,5,16.612279610087544,PRJ_71,VEN_33
109,2021-03-31,Tamil Nadu,Health,133377.22084900344,33690.32948465476,4,52.93615734468625,PRJ_86,VEN_30
110,2021-04-06,Tamil Nadu,Water,38878.792903035646,10100.535482965033,1,2.8985884999403964,PRJ_51,VEN_46
111,2021-12-27,Delhi,Water,24685.160328987487,16516.365115860517,2,13.636622079073673,PRJ_65,VEN_35
112,2020-09-08,Uttar Pradesh,Water,25764.15324574481,24483.372176428045,3,8.279534208654454,PRJ_93,VEN_23
113,2021-12-02,Delhi,Health,52300.2852614501,4782.793540752614,2,8.877518185030912,PRJ_52,VEN_10
114,2020-10-22,Tamil Nadu,Education,96766.83298375075,5336.770991475085,2,4.398406870715004,PRJ_95,VEN_19
115,2021-12-25,Tamil Nadu,Health,15283.635775019797,40129.19084989965,0,26.156104804196026,PRJ_30,VEN_28
116,2021-12-20,Maharashtra,Water,72391.76553583053,19032.68757169223,3,9.961272303867275,PRJ_57,VEN_23
117,2022-01-18,Tamil Nadu,Health,106591.3951133991,12174.190620743926,2,11.759405428085326,PRJ_79,VEN_4
118,2020-12-03,Maharashtra,Health,385310.8860560201,10540.853748097634,3,5.452492233176746,PRJ_82,VEN_20
119,2022-05-28,Uttar Pradesh,Health,20400.400883167105,10954.561285647844,2,3.009882303550674,PRJ_99,VEN_19
120,2020-02-22,Delhi,Education,42208.96056814928,24650.456905231218,3,1.3474000318825359,PRJ_30,VEN_42
121,2022-03-02,Delhi,Infrastructure,77781.81734989981,34373.31666815645,2,18.782701974224867,PRJ_98,VEN_27
122,2022-07-10,Maharashtra,Infrastructure,188604.84350070002,2718.6555945074433,2,3.2767117110169637,PRJ_42,VEN_34
123,2020-08-04,Delhi,Health,44168.89639266273,90475.47122560308,2,17.57139133619366,PRJ_11,VEN_4
124,2022-02-02,Tamil Nadu,Infrastructure,198519.25402074776,84263.22110304798,3,7.423704554725857,PRJ_27,VEN_38
125,2020-07-06,Karnataka,Infrastructure,8626.875637920315,2141.678692925032,2,8.062031336106298,PRJ_24,VEN_7
126,2021-01-14,Maharashtra,Health,17096.8891840166,65246.43556410663,1,9.499913718221059,PRJ_99,VEN_48
127,2021-05-07,Delhi,Health,84850.3456517603,63273.30842355509,1,6.876071547719396,PRJ_39,VEN_7
128,2020-02-10,Maharashtra,Water,14605.822096090078,22036.28064335713,3,1.5907442492102624,PRJ_72,VEN_26
129,2020-06-05,Maharashtra,Infrastructure,18500.064050197914,6019.932816044676,0,5.55795322526694,PRJ_18,VEN_26
130,2020-01-15,Karnataka,Education,35320.65275622909,60792.888257578226,0,16.347807573004406,PRJ_77,VEN_19
131,2022-03-23,Tamil Nadu,Health,129500.36671785447,17305.314566801637,3,16.43953484504535,PRJ_45,VEN_9
132,2020-03-05,Maharashtra,Water,8991.501736146052,38134.65942624904,2,5.057797826972016,PRJ_88,VEN_20
133,2022-05-06,Delhi,Education,70990.28830013053,202643.0370464386,2,9.24564309999532,PRJ_87,VEN_42
134,2022-04-18,Uttar Pradesh,Infrastructure,168209.23790394585,28334.537633806307,0,3.224789253275158,PRJ_12,VEN_45
135,2021-06-04,Maharashtra,Water,49269.218388547284,8805.354737272384,2,3.5429015062444815,PRJ_49,VEN_16
136,2020-12-09,Maharashtra,Health,41405.53184814239,15744.856273134443,1,0.3497523755550383,PRJ_94,VEN_17
137,2020-05-08,Karnataka,Education,89480.07757512301,10002.142907398103,2,34.058529491432445,PRJ_31,VEN_22
138,2021-10-09,Tamil Nadu,Health,49409.05308810293,33978.719733242855,3,3.549258698840864,PRJ_92,VEN_13
139,2021-04-16,Uttar Pradesh,Infrastructure,240505.8713290942,9837.259461550904,1,3.872506872169053,PRJ_22,VEN_12
140,2020-03-03,Delhi,Education,19704.19798807123,13727.392630741975,5,4.9192598154359475,PRJ_44,VEN_10
141,2020-05-18,Uttar Pradesh,Infrastructure,56860.48101659206,6097.10669651048,1,2.044309027531089,PRJ_92,VEN_1
142,2021-05-13,Delhi,Infrastructure,73547.47352227634,19301.015584765682,2,15.294086912704545,PRJ_64,VEN_32
143,2021-08-15,Tamil Nadu,Water,41008.963680856614,26285.028389090163,2,1.1717414608294778,PRJ_77,VEN_30
144,2021-01-26,Delhi,Health,3390.4479729008335,1502.9903254148255,1,2.161562195818809,PRJ_25,VEN_8
145,2021-11-05,Karnataka,Education,50975.2292100183,28554.606811243826,3,15.524286704863925,PRJ_51,VEN_21
146,2021-02-22,Karnataka,Infrastructure,147292.69181251634,21042.506056400398,1,6.225020470969292,PRJ_7,VEN_22
147,2020-10-15,Karnataka,Infrastructure,130367.04656227307,10249.744436628542,1,18.462342254903913,PRJ_6,VEN_18
148,2021-01-13,Karnataka,Education,85372.42899595339,167481.62525671592,1,12.227171406781741,PRJ_24,VEN_2
149,2022-02-11,Uttar Pradesh,Infrastructure,19973.0199966901,57438.86981493826,1,4.436140544550087,PRJ_19,VEN_48
150,2021-05-04,Tamil Nadu,Water,88903.73751959561,7358.397918036228,4,15.782857495696536,PRJ_83,VEN_44
151,2020-08-18,Delhi,Water,33744.1442808522,50931.5004042391,0,1.8541178605473345,PRJ_9,VEN_9
152,2020-02-10,Delhi,Water,85261.89412560775,76458.0937819665,1,11.531333466036669,PRJ_36,VEN_3
153,2020-01-28,Karnataka,Water,67609.58293662823,25135.109249285713,1,8.621081242095126,PRJ_40,VEN_26
154,2020-05-14,Karnataka,Infrastructure,22553.030557994243,31616.740973896744,1,4.677031182943026,PRJ_93,VEN_21
155,2020-07-19,Maharashtra,Education,24527.351476762316,30894.908224268383,1,13.895305325423845,PRJ_24,VEN_30
156,2022-04-19,Tamil Nadu,Education,85393.26004065105,2735.8135816976906,1,30.757983167922283,PRJ_48,VEN_28
157,2022-02-18,Uttar Pradesh,Education,47996.66962697119,18272.096671814,0,102.25090146488351,PRJ_63,VEN_36
158,2022-07-18,Delhi,Education,25841.023580045858,17345.47870453301,3,14.038326606950097,PRJ_69,VEN_26
159,2020-02-02,Maharashtra,Health,23793.549898791185,92056.30102882102,0,7.78049500077345,PRJ_53,VEN_34
160,2020-02-17,Maharashtra,Education,44186.259646660255,30752.539757439914,3,3.82739267138196,PRJ_54,VEN_8
161,2021-05-17,Delhi,Health,287249.0230664816,16356.637183269428,1,4.457828532991661,PRJ_42,VEN_10
162,2021-02-10,Uttar Pradesh,Health,35380.707609703575,20128.16302757377,6,9.793183460355921,PRJ_45,VEN_48
163,2021-07-27,Maharashtra,Water,59040.59054866755,61290.8338651703,1,6.8658548955368035,PRJ_90,VEN_43
164,2021-12-28,Maharashtra,Health,66280.0540943785,18313.894934476823,2,36.76880387150371,PRJ_14,VEN_14
165,2022-03-15,Tamil Nadu,Infrastructure,19321.497372349688,10957.774320232284,1,6.8900025939990766,PRJ_29,VEN_40
166,2020-04-08,Uttar Pradesh,Health,10271.902316081998,16718.94534302818,1,7.012770999750628,PRJ_6,VEN_15
167,2021-11-14,Maharashtra,Water,21447.412018613766,56426.61051306082,4,7.256294087759439,PRJ_7,VEN_17
168,2022-05-21,Uttar Pradesh,Health,76655.55682867572,36176.49601543723,1,27.175166859999173,PRJ_37,VEN_18
169,2021-12-26,Delhi,Infrastructure,65338.12952293462,23023.436937051636,2,15.781155151805537,PRJ_53,VEN_32
170,2022-09-13,Karnataka,Infrastructure,120862.22858655114,26676.526474531845,3,14.285331619195155,PRJ_18,VEN_38
171,2021-06-30,Maharashtra,Infrastructure,65956.446057864,12584.957448111683,0,6.100205697413825,PRJ_87,VEN_23
172,2022-08-18,Tamil Nadu,Water,53661.48020743171,18143.19066918496,1,25.548333443064884,PRJ_38,VEN_46
173,2022-01-08,Delhi,Water,32728.047961794557,11346.852574316925,1,0.5867870118380237,PRJ_59,VEN_23
174,2021-09-04,Uttar Pradesh,Education,145017.07743226894,16403.01954890646,1,30.69557702917818,PRJ_1,VEN_35
175,2022-07-31,Delhi,Water,23880.556261771824,84641.35565033632,3,10.784666024071644,PRJ_68,VEN_39
176,2021-04-06,Maharashtra,Infrastructure,19724.17821424502,7496.025221867757,1,7.618703889295146,PRJ_44,VEN_15
177,2021-10-04,Uttar Pradesh,Infrastructure,105562.18794060462,11062.124371013617,2,10.31246595350825,PRJ_47,VEN_24
178,2022-02-07,Karnataka,Water,15785.430752549111,6283.617552874447,3,16.512921114638115,PRJ_35,VEN_28
179,2020-01-05,Delhi,Health,669837.8845014687,5059.845573842824,1,0.19271407025433612,PRJ_87,VEN_16
180,2020-08-05,Maharashtra,Water,64860.45406685092,18273.8816259094,2,30.78345012450344,PRJ_91,VEN_16
181,2021-05-17,Tamil Nadu,Water,84787.72986520591,11877.37748586009,3,8.878895508280719,PRJ_60,VEN_40
182,2022-02-05,Uttar Pradesh,Infrastructure,26677.616927362404,128243.8656618252,1,6.300304536529486,PRJ_90,VEN_39
183,2021-02-01,Delhi,Education,43683.91151556301,16599.9249594973,2,2.2317739174496043,PRJ_52,VEN_6
184,2022-05-20,Delhi,Infrastructure,39075.18474031456,79969.2019117064,3,8.682963930490073,PRJ_8,VEN_2
185,2022-03-05,Karnataka,Education,34827.58458742742,57988.8758208245,2,10.287294529226799,PRJ_80,VEN_13
186,2021-01-27,Karnataka,Infrastructure,112753.77652808312,17872.9887683531,0,7.753829896139921,PRJ_41,VEN_44
187,2020-07-25,Tamil Nadu,Water,38193.62751786236,181704.2386927763,3,17.02883727530027,PRJ_3,VEN_47
188,2020-01-15,Tamil Nadu,Infrastructure,165628.27168282136,28811.617968538227,2,8.194111658536924,PRJ_96,VEN_9
189,2022-05-07,Maharashtra,Infrastructure,858706.4003093081,100008.38045451652,2,48.824377362850086,PRJ_69,VEN_34
190,2021-07-07,Maharashtra,Infrastructure,44554.06880161555,89018.26848983638,0,13.717292334909962,PRJ_84,VEN_17
191,2022-06-10,Tamil Nadu,Water,69725.0907179272,33344.495495246214,1,24.71316767748876,PRJ_14,VEN_27
192,2021-04-05,Tamil Nadu,Water,87507.69901042568,46682.78974576084,0,1.7371556044846546,PRJ_96,VEN_29
193,2021-11-21,Uttar Pradesh,Water,366408.7573619524,41112.661351345305,1,7.594819077765408,PRJ_26,VEN_37
194,2021-07-28,Karnataka,Water,55124.647323101286,7014.527037087876,1,6.161259059021475,PRJ_70,VEN_43
195,2022-05-13,Maharashtra,Education,26133.75572122205,23325.217593816466,2,12.641505685490007,PRJ_58,VEN_22
196,2022-01-12,Karnataka,Education,16876.19780695026,64488.8251280279,3,29.61147555922036,PRJ_40,VEN_24
197,2020-08-28,Karnataka,Health,56501.137663431335,101334.916744034,3,1.2236542990320278,PRJ_51,VEN_7
198,2021-07-17,Tamil Nadu,Water,38239.32750889032,10714.575911482601,2,1.1301469881698092,PRJ_5,VEN_34
199,2020-04-05,Uttar Pradesh,Education,446863.871552166,37377.765520421905,2,28.4886042827911,PRJ_77,VEN_48
200,2022-06-18,Delhi,Infrastructure,351463.9486500218,25613.381616129667,4,3.5900484123771217,PRJ_32,VEN_12
201,2022-01-03,Uttar Pradesh,Water,21282.218100643866,19577.29852493777,1,16.573375897261844,PRJ_80,VEN_23
202,2021-04-29,Uttar Pradesh,Health,29414.407857074064,31445.231506722397,3,11.742078822644977,PRJ_1,VEN_15
203,2021-02-10,Karnataka,Health,64458.063168373934,27391.75708127928,3,26.83686769649133,PRJ_77,VEN_33
204,2020-08-18,Uttar Pradesh,Health,242129.1214503792,37850.806592358895,4,2.004495135433479,PRJ_54,VEN_13
205,2022-01-18,Maharashtra,Infrastructure,63386.94068814129,93126.75125706676,2,2.0851895063699235,PRJ_11,VEN_23
206,2021-10-16,Karnataka,Education,31343.411422491507,48248.86537104867,4,12.206633565418489,PRJ_53,VEN_38
207,2020-06-19,Maharashtra,Infrastructure,56450.43017996306,30049.19824392187,3,43.887120479246924,PRJ_8,VEN_32
208,2021-06-24,Delhi,Water,31936.82897327966,142148.14349672344,2,8.042093998691362,PRJ_25,VEN_45
209,2020-02-05,Karnataka,Health,109368.39239423868,66831.48600664688,3,5.938858810904598,PRJ_40,VEN_35
210,2021-06-08,Delhi,Infrastructure,29465.232511096943,20082.449660238035,2,13.997331798001724,PRJ_32,VEN_1
211,2020-06-08,Karnataka,Infrastructure,35938.482905263896,6521.629830249732,2,39.985338588725256,PRJ_88,VEN_47
212,2022-04-18,Tamil Nadu,Education,191364.22215844758,8202.295384990837,4,27.20343649309119,PRJ_28,VEN_45
213,2021-11-29,Uttar Pradesh,Education,27767.874909448827,56007.0272423825,4,81.00063658739532,PRJ_78,VEN_5
214,2020-08-30,Tamil Nadu,Health,14099.180687942351,11727.449930066392,1,0.3424072714190632,PRJ_3,VEN_13
215,2020-03-26,Delhi,Infrastructure,65840.71871371515,8038.071923372418,1,1.7962557362462208,PRJ_91,VEN_5
216,2022-03-06,Uttar Pradesh,Infrastructure,41753.00049312451,10320.780575259938,0,14.103671413672359,PRJ_84,VEN_32
217,2021-07-31,Karnataka,Education,99849.11753818585,11076.88394014827,3,25.77009011434403,PRJ_79,VEN_21
218,2021-11-12,Uttar Pradesh,Infrastructure,82246.1562268285,51567.53917633462,1,5.0372179827851085,PRJ_62,VEN_24
219,2021-07-10,Maharashtra,Infrastructure,57993.226913531085,18830.96605210795,6,4.100990130519454,PRJ_27,VEN_18
220,2021-07-27,Uttar Pradesh,Infrastructure,56328.53784095833,5583.803196830987,1,23.195242526971583,PRJ_45,VEN_21
221,2022-08-10,Maharashtra,Education,28685.342318540177,22721.00026836576,1,0.8705055130769374,PRJ_92,VEN_10
222,2021-10-07,Uttar Pradesh,Health,65078.341109833236,27508.934792973218,3,6.915840224055438,PRJ_25,VEN_24
223,2022-03-06,Maharashtra,Water,144536.12877859885,13638.65253224671,3,10.572504708925091,PRJ_61,VEN_40
224,2020-01-28,Delhi,Health,22619.17458706612,69974.42409475791,0,12.326599618845187,PRJ_44,VEN_47
225,2021-09-11,Tamil Nadu,Water,59551.84898802075,14458.837731596117,2,19.563260697524193,PRJ_97,VEN_21
226,2021-07-09,Karnataka,Infrastructure,169124.220379777,66725.18098276168,1,6.573987034616531,PRJ_46,VEN_25
227,2020-12-05,Uttar Pradesh,Health,99252.66933162107,40005.92230153354,3,14.22772907363742,PRJ_14,VEN_23
228,2022-03-08,Tamil Nadu,Water,221787.03449489156,55637.099117694765,1,13.205727021153603,PRJ_8,VEN_22
229,2022-08-15,Karnataka,Education,33923.31008391012,7342.606438538667,3,11.898361871906964,PRJ_48,VEN_4
230,2020-11-26,Karnataka,Education,9597.24686668615,24301.909153693294,5,15.34491945626149,PRJ_14,VEN_34
231,2021-10-01,Maharashtra,Health,73178.12408273484,20893.05310595716,0,4.5054150939517985,PRJ_65,VEN_6
232,2021-05-20,Delhi,Health,86040.2780511695,5313.433285599096,1,1.3267111725646654,PRJ_80,VEN_28
233,2020-12-13,Delhi,Infrastructure,235254.21031281864,66506.88331628745,2,1.9050910261515497,PRJ_82,VEN_31
234,2021-04-17,Tamil Nadu,Health,196446.56406461605,9726.39986478546,1,3.815303005058281,PRJ_7,VEN_35
235,2020-08-18,Delhi,Infrastructure,102410.4075867714,11973.272717480897,5,10.403146949747157,PRJ_79,VEN_39
236,2020-07-08,Uttar Pradesh,Infrastructure,128719.41207327937,7995.899801008543,1,27.530287356172696,PRJ_88,VEN_42
237,2020-08-12,Delhi,Education,49423.363750903445,44408.50686249892,3,18.12439896572069,PRJ_49,VEN_23
238,2021-01-19,Tamil Nadu,Education,17692.310491885386,4788.968301162196,2,23.34134401501452,PRJ_55,VEN_6
239,2021-01-11,Delhi,Water,67354.24557759044,40858.68972632712,2,6.484275053212055,PRJ_13,VEN_16
240,2020-10-09,Uttar Pradesh,Education,159943.10922253993,62599.58866647135,0,7.779181438390897,PRJ_73,VEN_2
241,2022-08-15,Maharashtra,Education,115423.22506032605,37691.0682011681,2,7.505257350545933,PRJ_56,VEN_24
242,2021-09-24,Tamil Nadu,Health,137834.27534214823,44919.554170945106,2,3.19554424172962,PRJ_56,VEN_17
243,2021-09-19,Maharashtra,Education,39036.1849019428,47077.31219496283,4,0.9475583886607105,PRJ_15,VEN_45
244,2022-08-30,Maharashtra,Water,45910.68519984897,8523.443230979292,0,13.407524879526918,PRJ_57,VEN_1
245,2022-01-14,Maharashtra,Health,97093.09001127828,92478.82511917583,3,67.94632650586568,PRJ_58,VEN_6
246,2020-09-15,Karnataka,Water,34665.23551878457,13903.887355272203,3,2.7377583281315045,PRJ_35,VEN_5
247,2020-12-24,Karnataka,Education,35749.19141367254,20611.663469838215,3,0.7171455880504786,PRJ_88,VEN_45
248,2021-12-10,Maharashtra,Water,80658.7229969633,15793.641189532187,2,22.680019142394585,PRJ_97,VEN_29
249,2021-03-31,Tamil Nadu,Health,128143.33782956527,36009.64581582215,0,4.367040591706525,PRJ_16,VEN_12
250,2021-02-14,Uttar Pradesh,Infrastructure,49043.9113931834,12861.102908944187,2,26.547956569551616,PRJ_8,VEN_39
251,2021-10-10,Uttar Pradesh,Water,18709.946109257216,23550.815427987483,2,18.25772827235405,PRJ_93,VEN_47
252,2020-11-13,Delhi,Water,28686.906695685935,6403.859809888721,1,43.691157354399316,PRJ_87,VEN_3
253,2021-11-07,Tamil Nadu,Health,73399.4766811876,70591.51333255127,0,7.8872422291149755,PRJ_45,VEN_48
254,2020-08-12,Karnataka,Health,72512.98758233472,43076.847291776576,0,16.269302326282773,PRJ_95,VEN_1
255,2022-03-29,Maharashtra,Water,76209.25093522429,16444.39943093419,1,9.378256967797235,PRJ_40,VEN_27
256,2020-08-21,Delhi,Education,100840.49505441202,13778.311025616902,0,14.937669213793265,PRJ_54,VEN_48
257,2021-11-14,Uttar Pradesh,Water,60223.05663440637,41966.55398436092,2,8.95662007100531,PRJ_14,VEN_24
258,2021-10-25,Karnataka,Health,78046.18492313345,10858.53427993394,1,3.1355080606534314,PRJ_59,VEN_44
259,2022-09-01,Karnataka,Infrastructure,57237.993401155094,24968.375317166618,3,10.636021202484153,PRJ_94,VEN_19
260,2022-04-06,Maharashtra,Infrastructure,188854.75054162083,70361.30790463855,1,11.280221623622065,PRJ_53,VEN_8
261,2021-01-08,Uttar Pradesh,Education,250782.68122192522,9786.34064693721,1,24.958716249000677,PRJ_27,VEN_44
262,2021-11-02,Tamil Nadu,Water,18233.005462256828,31843.89074061269,6,19.949884702822544,PRJ_47,VEN_47
263,2021-08-30,Karnataka,Infrastructure,46385.772215112054,30203.86776754524,3,16.35036216602967,PRJ_80,VEN_2
264,2021-04-16,Maharashtra,Water,61865.904528135085,19983.519370035458,1,1.8052020269200644,PRJ_6,VEN_30
265,2020-08-20,Tamil Nadu,Health,45847.92809911861,13309.19482934177,1,19.127537096132205,PRJ_55,VEN_30
266,2021-11-22,Uttar Pradesh,Infrastructure,359662.93901386694,74220.6028380547,4,10.406365193783817,PRJ_97,VEN_49
267,2020-04-22,Karnataka,Education,74903.45361259331,12117.807746160184,3,33.678834688422675,PRJ_44,VEN_39
268,2022-04-09,Tamil Nadu,Health,26759.05428372399,3597.3800617409884,0,37.861749314222266,PRJ_18,VEN_45
269,2021-05-11,Tamil Nadu,Education,108710.3559565437,41795.06676747292,0,0.851041043390836,PRJ_16,VEN_32
270,2021-03-17,Tamil Nadu,Health,78509.47042466314,6625.60289830882,3,25.77553528895878,PRJ_12,VEN_1
271,2021-07-17,Karnataka,Infrastructure,81161.22760408967,43997.19429546438,3,0.576394722161879,PRJ_20,VEN_38
272,2020-09-24,Karnataka,Education,365081.5961947206,83692.38292393905,4,6.863292957462166,PRJ_45,VEN_13
273,2021-05-24,Delhi,Education,85032.1905179291,41346.78218331191,2,11.72311917087852,PRJ_64,VEN_11
274,2022-03-17,Uttar Pradesh,Health,44193.74207930748,64306.19828257901,1,2.4043060109939436,PRJ_59,VEN_10
275,2021-01-20,Maharashtra,Education,8473.708859575218,166050.81034669286,4,20.574858875351953,PRJ_93,VEN_48
276,2021-01-21,Tamil Nadu,Health,50746.65492158375,57916.665962980245,2,0.12584700492624484,PRJ_94,VEN_26
277,2020-04-22,Delhi,Health,221011.47833690484,30655.684608244635,1,2.7696466144466876,PRJ_90,VEN_20
278,2021-09-04,Maharashtra,Health,54656.90747725623,112865.05533839685,2,13.04099375447198,PRJ_22,VEN_17
279,2021-09-16,Delhi,Health,6373.793527195699,127360.32397475222,2,18.796792487631024,PRJ_97,VEN_17
280,2022-08-09,Karnataka,Infrastructure,36375.02194627216,129155.42244241046,2,37.269358831293566,PRJ_47,VEN_4
281,2020-03-21,Tamil Nadu,Health,161569.15574110026,13465.100712629137,1,18.336973609681127,PRJ_29,VEN_5
282,2021-11-29,Maharashtra,Water,103343.86216914108,5687.24735686506,0,16.711034105875,PRJ_86,VEN_23
283,2020-04-22,Maharashtra,Education,25851.375865450933,12667.663148507245,3,7.521575988011804,PRJ_45,VEN_46
284,2020-01-02,Maharashtra,Water,34020.38638948347,44517.676579802195,4,0.019278766624140433,PRJ_77,VEN_10
285,2021-10-03,Maharashtra,Infrastructure,39707.34018510997,25826.566368466374,6,1.9202154558588238,PRJ_9,VEN_46
286,2020-08-07,Maharashtra,Water,30862.163430336448,17917.246414612116,4,11.471405455304474,PRJ_24,VEN_28
287,2021-07-19,Delhi,Education,7866.166597891507,38579.69569547852,2,16.86494737927959,PRJ_15,VEN_33
288,2022-05-04,Tamil Nadu,Water,128488.03943003374,5060.370183129221,1,8.105059717093422,PRJ_36,VEN_43
289,2022-09-23,Karnataka,Infrastructure,210461.90812199196,25366.109709814875,4,19.67777017593358,PRJ_13,VEN_26
290,2022-01-05,Karnataka,Health,13115.513642433167,67403.86536249434,2,11.067847543501435,PRJ_91,VEN_48
291,2020-08-12,Karnataka,Water,207700.6070502695,38151.32031215708,3,1.1560700769076766,PRJ_44,VEN_29
292,2021-01-19,Karnataka,Infrastructure,54012.82506778789,43994.056394539606,2,3.1981999987109626,PRJ_71,VEN_27
293,2021-02-06,Delhi,Infrastructure,203848.49965331034,108811.55262177848,3,27.488555386269155,PRJ_72,VEN_18
294,2021-09-29,Uttar Pradesh,Education,62190.05859497986,20616.70018885396,0,19.36000419956654,PRJ_78,VEN_40
295,2020-05-09,Tamil Nadu,Education,68565.48768570171,11463.327875543755,2,33.77296055641142,PRJ_76,VEN_10
296,2020-02-22,Maharashtra,Water,86893.164343691,72367.6780316789,2,1.875920457061113,PRJ_36,VEN_42
297,2021-11-14,Uttar Pradesh,Health,27171.765358661614,71048.6854101534,2,69.41512487429195,PRJ_61,VEN_5
298,2021-12-30,Karnataka,Infrastructure,197733.2431175637,38495.30923325722,3,3.524574305649374,PRJ_81,VEN_10
299,2021-11-02,Uttar Pradesh,Water,19508.769510095175,18762.753735931048,2,0.1777471315375626,PRJ_40,VEN_21
300,2021-12-10,Tamil Nadu,Infrastructure,40051.974633299586,22056.875603180666,2,89.41658546156953,PRJ_93,VEN_24
301,2021-02-19,Maharashtra,Infrastructure,101140.37452304339,6143.974029621285,3,4.949950319090049,PRJ_27,VEN_38
302,2020-09-03,Maharashtra,Health,35983.10348115903,67033.41666349846,5,16.540183555312833,PRJ_1,VEN_3
303,2022-04-15,Tamil Nadu,Health,130291.72330745171,64708.72402701066,3,2.91619714921887,PRJ_34,VEN_40
304,2021-03-14,Tamil Nadu,Water,237012.0287820513,5933.189759802599,0,13.020672601166005,PRJ_68,VEN_31
305,2020-07-21,Karnataka,Health,164809.57591567453,52450.8638628987,2,35.156573942617555,PRJ_88,VEN_41
306,2020-07-02,Maharashtra,Health,8637.640086231073,32994.68130915216,3,5.788934084965417,PRJ_21,VEN_37
307,2020-05-02,Uttar Pradesh,Water,67903.77915249285,7926.967949396811,2,16.64148817817011,PRJ_33,VEN_2
308,2021-02-04,Delhi,Health,167490.61698804857,6594.556394173489,3,3.1220431929268266,PRJ_7,VEN_2
309,2022-02-05,Delhi,Education,16046.582109123718,32000.066803905203,2,14.704256975736314,PRJ_65,VEN_39
310,2020-10-20,Tamil Nadu,Infrastructure,123452.35698613775,14798.718765306337,0,6.152274004559892,PRJ_3,VEN_49
311,2020-10-06,Karnataka,Infrastructure,116711.54959614035,135937.27574198824,2,3.558794183412483,PRJ_51,VEN_42
312,2022-04-16,Delhi,Infrastructure,17817.031560665575,57102.22688659721,1,5.635290234345424,PRJ_79,VEN_44
313,2022-06-02,Maharashtra,Infrastructure,137892.91239226033,35372.61233128673,2,2.9555790817218317,PRJ_95,VEN_34
314,2021-09-01,Tamil Nadu,Water,78644.8788754048,37163.37469276027,2,34.82898186054549,PRJ_54,VEN_42
315,2020-07-16,Uttar Pradesh,Infrastructure,114735.159286389,83355.27557083825,4,7.592220867747754,PRJ_80,VEN_20
316,2022-09-08,Tamil Nadu,Infrastructure,22781.12484115411,51355.02619760103,0,4.221113078119949,PRJ_74,VEN_33
317,2022-06-25,Uttar Pradesh,Infrastructure,69573.29751900017,36307.0217612703,2,8.924195223056808,PRJ_93,VEN_4
318,2021-05-25,Tamil Nadu,Infrastructure,10884.787441961835,8264.618276957775,0,5.796769086361431,PRJ_59,VEN_45
319,2022-01-21,Tamil Nadu,Education,6142.633220424536,470686.22658611415,0,20.463253308363115,PRJ_6,VEN_44
320,2020-05-23,Tamil Nadu,Infrastructure,68928.73519077445,7308.674743664244,1,53.2210727380501,PRJ_29,VEN_11
321,2021-08-31,Uttar Pradesh,Education,179979.38702036708,16114.217936276997,2,8.644699773661898,PRJ_17,VEN_42
322,2020-07-19,Uttar Pradesh,Water,77106.0336745018,4210.226491098359,0,29.60282493442805,PRJ_60,VEN_47
323,2020-05-03,Tamil Nadu,Health,56193.363181694134,37752.167066675116,1,12.515929438956457,PRJ_22,VEN_5
324,2020-07-05,Delhi,Infrastructure,49635.71330580433,25619.53530440354,4,2.5660187300259976,PRJ_24,VEN_25
325,2020-11-21,Karnataka,Health,23328.582594880947,47347.83803654612,3,17.597907710443177,PRJ_81,VEN_49
326,2021-04-08,Karnataka,Health,47960.790726071486,3869.7081467191324,4,10.805756180437124,PRJ_85,VEN_37
327,2020-12-14,Karnataka,Water,91279.77031502534,67030.67754460342,2,15.773348269876603,PRJ_51,VEN_34
328,2022-02-09,Uttar Pradesh,Health,38745.80485829583,9823.81283634428,2,33.06655858955034,PRJ_50,VEN_9
329,2021-10-21,Uttar Pradesh,Education,126827.96664911436,18977.22396943473,2,8.70892223310341,PRJ_11,VEN_6
330,2022-02-02,Delhi,Health,72836.68585707684,55914.06674275629,1,34.716468213270346,PRJ_56,VEN_18
331,2022-08-12,Karnataka,Health,82205.65857389157,28602.994214190505,1,20.834610079323465,PRJ_71,VEN_14
332,2022-07-20,Karnataka,Health,145606.45587331,30697.68601612292,1,10.059192724718203,PRJ_42,VEN_19
333,2021-02-06,Tamil Nadu,Infrastructure,35356.74881845807,48980.56275400768,1,13.865680358337302,PRJ_39,VEN_14
334,2020-12-11,Uttar Pradesh,Infrastructure,115772.2972454176,33819.42565625859,3,5.9085584399096165,PRJ_69,VEN_40
335,2022-08-20,Karnataka,Education,40681.278697675654,15660.42482877794,2,61.65463961445863,PRJ_48,VEN_17
336,2021-05-25,Delhi,Education,84079.19941658556,18648.68422723749,2,16.510018336784906,PRJ_57,VEN_35
337,2020-05-26,Delhi,Infrastructure,31389.497749184233,27224.66597445838,2,0.6725577394130069,PRJ_21,VEN_29
338,2020-05-27,Karnataka,Education,24083.835707964143,8995.177743577053,0,5.931724542789003,PRJ_82,VEN_42
339,2022-05-13,Uttar Pradesh,Infrastructure,65635.02470573969,59635.639909400044,1,14.645167220125764,PRJ_99,VEN_17
340,2021-12-11,Delhi,Water,9088.816202828952,29397.177073467345,4,0.8697333553361978,PRJ_20,VEN_43
341,2022-03-30,Tamil Nadu,Health,44521.72523247201,23736.667132235474,2,0.36261064759287037,PRJ_15,VEN_8
342,2021-05-03,Delhi,Health,12011.538331106743,72583.76542210173,4,8.968216103933187,PRJ_69,VEN_1
343,2022-07-17,Maharashtra,Education,130513.77220488616,19533.502685950745,4,6.067512640507857,PRJ_77,VEN_45
344,2022-07-24,Maharashtra,Infrastructure,171118.3319907113,18353.56298670993,2,8.651773519719914,PRJ_51,VEN_36
345,2021-10-01,Uttar Pradesh,Infrastructure,25236.554014222387,13566.66874553408,1,4.571270103267889,PRJ_76,VEN_7
346,2021-07-04,Karnataka,Education,91886.82745865834,31041.087493927196,3,2.6997837545482097,PRJ_62,VEN_46
347,2020-12-03,Uttar Pradesh,Infrastructure,147139.39969963458,29984.92721836454,3,17.526351419939722,PRJ_85,VEN_5
348,2022-05-21,Uttar Pradesh,Water,147630.7086218107,11313.090657808554,1,10.840837236739157,PRJ_37,VEN_24
349,2021-10-02,Uttar Pradesh,Health,74194.91041192239,18440.526022812297,1,3.3500450093594694,PRJ_6,VEN_28
350,2022-02-17,Uttar Pradesh,Education,124779.65185139829,11388.937078299685,4,5.77588317157484,PRJ_71,VEN_43
351,2022-09-14,Tamil Nadu,Education,31277.951021300356,10884.89738231886,1,13.440261012385477,PRJ_26,VEN_17
352,2022-08-10,Tamil Nadu,Infrastructure,65063.72580852411,3905.3479744306023,4,1.1245607891352474,PRJ_8,VEN_37
353,2021-04-17,Delhi,Education,37530.0263115475,17484.844328607618,0,2.392904253722796,PRJ_73,VEN_20
354,2022-08-03,Maharashtra,Water,28744.79614570283,4014.976341839294,3,1.1410004043015167,PRJ_91,VEN_3
355,2020-05-30,Uttar Pradesh,Infrastructure,62072.81382486166,13865.850721639128,3,25.095040234449996,PRJ_4,VEN_37
356,2021-02-18,Delhi,Infrastructure,84755.87769388763,11935.892954598756,3,20.93967044560678,PRJ_21,VEN_26
357,2022-09-16,Maharashtra,Infrastructure,191665.84956343347,63063.35009892759,2,20.994520144118887,PRJ_31,VEN_15
358,2020-10-24,Karnataka,Infrastructure,78053.94953570697,7982.9651466538035,1,18.898909096710884,PRJ_21,VEN_48
359,2021-09-02,Tamil Nadu,Water,113769.58922594109,10288.824808730658,0,16.602030060516167,PRJ_25,VEN_8
360,2020-09-19,Maharashtra,Infrastructure,115068.53349190908,15040.109240497854,2,9.722375353031474,PRJ_15,VEN_13
361,2022-02-02,Karnataka,Education,879874.3267080534,12330.810752991976,2,15.419993814504195,PRJ_35,VEN_48
362,2020-05-23,Maharashtra,Water,9798.333475988984,86617.29599563136,2,0.586751033079517,PRJ_49,VEN_3
363,2020-12-11,Tamil Nadu,Health,30093.549732245814,7054.582092968723,3,14.57167822348775,PRJ_43,VEN_1
364,2021-09-15,Tamil Nadu,Health,261465.08946575713,15072.022671289513,3,22.567907592394587,PRJ_41,VEN_9
365,2021-07-25,Delhi,Education,42107.74313252226,30701.452622951507,1,10.407962374437686,PRJ_37,VEN_31
366,2022-05-30,Uttar Pradesh,Education,145190.67210406717,53166.47688875249,2,6.636138105926504,PRJ_57,VEN_41
367,2020-01-02,Maharashtra,Water,75358.31304855061,15059.41180878829,1,4.8740468852542405,PRJ_42,VEN_26
368,2022-06-15,Maharashtra,Health,491492.71732085303,3235.3759047737503,2,15.441977542976543,PRJ_47,VEN_17
369,2020-10-30,Karnataka,Health,19671.88175275537,18956.37903520838,0,17.703902692594493,PRJ_92,VEN_34
370,2020-09-10,Tamil Nadu,Health,203170.44830061702,85137.97682506905,1,30.7153761345085,PRJ_61,VEN_9
371,2021-10-13,Maharashtra,Health,344407.6642722285,29207.692853060405,1,6.28587301045795,PRJ_14,VEN_13
372,2021-03-28,Tamil Nadu,Health,21711.147620055588,27901.001475931917,2,22.03029737797848,PRJ_68,VEN_5
373,2020-02-06,Maharashtra,Infrastructure,130989.21146741587,7608.2008857887895,1,12.361000920415844,PRJ_53,VEN_41
374,2020-06-08,Delhi,Education,22799.685344579066,6865.941197724736,1,32.162772063426615,PRJ_84,VEN_13
375,2020-01-09,Uttar Pradesh,Infrastructure,61707.55023691358,22427.466026863553,2,11.255674454441989,PRJ_34,VEN_1
376,2020-08-20,Maharashtra,Health,46323.84275407691,5290.251560643612,4,10.935652032150598,PRJ_76,VEN_25
377,2020-04-08,Tamil Nadu,Water,5416.721732836987,48115.623794425825,0,12.936880967286408,PRJ_97,VEN_47
378,2021-10-20,Delhi,Water,91512.81166986823,9446.067073238512,1,20.753392871490384,PRJ_24,VEN_4
379,2022-03-26,Maharashtra,Health,69102.01483684142,21489.994189791378,4,50.154039447567975,PRJ_20,VEN_36
380,2020-07-26,Karnataka,Health,262781.7118096656,3341.6937935549204,2,1.1461442362812222,PRJ_69,VEN_10
381,2020-05-10,Uttar Pradesh,Water,110320.34664610239,14856.579819066485,1,0.8237282486080181,PRJ_30,VEN_28
382,2021-02-07,Maharashtra,Infrastructure,591776.2723319217,6728.714896166689,1,41.6009166789725,PRJ_88,VEN_6
383,2020-05-31,Delhi,Infrastructure,66638.80750372935,2160.3890121027366,3,11.32136989092684,PRJ_7,VEN_27
384,2020-02-23,Karnataka,Health,53877.59255925201,37867.257116177716,1,14.313900993039796,PRJ_36,VEN_12
385,2020-04-29,Delhi,Infrastructure,49793.68009730367,113681.90714812219,3,9.878972024552624,PRJ_38,VEN_48
386,2021-11-03,Delhi,Water,38576.990974127904,68150.48742548622,3,1.4750693514983353,PRJ_80,VEN_3
387,2022-07-08,Karnataka,Infrastructure,6583.021303606988,43551.11958137927,2,21.921048500234484,PRJ_52,VEN_46
388,2021-09-19,Delhi,Health,48040.77329640558,14557.7508037663,2,20.6288116491762,PRJ_15,VEN_33
389,2021-08-09,Karnataka,Water,7571.490885186176,49310.39691404268,4,5.603029728546535,PRJ_46,VEN_10
390,2021-09-16,Maharashtra,Infrastructure,94092.47409002602,74895.80789454358,1,5.484421675022647,PRJ_23,VEN_31
391,2022-08-25,Karnataka,Education,17325.587041085913,25256.07070259056,1,27.28770438858337,PRJ_12,VEN_15
392,2021-02-23,Karnataka,Water,24481.36211207837,6738.81806793257,2,1.1266289449888054,PRJ_93,VEN_7
393,2021-02-25,Uttar Pradesh,Water,30656.187750085126,13367.954965067138,1,31.942736641648214,PRJ_44,VEN_36
394,2020-04-13,Karnataka,Education,48779.47758933105,120897.27394671075,3,4.449060120168076,PRJ_15,VEN_14
395,2022-05-01,Karnataka,Education,60286.78804269906,20440.138737628862,3,13.483569291592179,PRJ_93,VEN_48
396,2020-09-10,Maharashtra,Water,177101.7283808439,792.5410322246428,4,41.23171869991837,PRJ_49,VEN_14
397,2020-08-14,Uttar Pradesh,Education,33606.33623154553,5069.9008304748995,1,17.003763680670275,PRJ_21,VEN_3
398,2020-04-21,Tamil Nadu,Health,96775.20910937374,14408.178804414361,1,8.027538403476548,PRJ_15,VEN_49
399,2021-05-24,Maharashtra,Health,918839.9534409057,62058.03275494778,1,17.545223359298756,PRJ_14,VEN_46
400,2021-04-17,Maharashtra,Health,87321.38770914206,16762.13324056524,1,6.323451724787879,PRJ_42,VEN_3
401,2020-04-08,Tamil Nadu,Water,49986.598129326514,63223.51950501798,2,4.870553145754756,PRJ_80,VEN_22
402,2020-06-01,Karnataka,Education,27469.960689974207,13014.737477393019,0,85.63167470261389,PRJ_15,VEN_19
403,2022-05-10,Delhi,Education,49299.46236419191,3089.3236973476837,1,20.84190438171006,PRJ_63,VEN_35
404,2022-07-02,Uttar Pradesh,Infrastructure,24680.769494198677,13472.944486585835,2,15.522735065029734,PRJ_68,VEN_12
405,2022-06-14,Delhi,Infrastructure,78328.07908389457,31099.43720017807,4,6.5843118344763685,PRJ_27,VEN_5
406,2022-05-27,Tamil Nadu,Education,66406.09601062349,28622.55577223627,0,0.7561551985379469,PRJ_87,VEN_10
407,2020-12-03,Maharashtra,Education,6889.685927021876,6278.536875712409,0,0.47324046619111027,PRJ_93,VEN_41
408,2021-12-06,Maharashtra,Education,58773.24387776419,15503.232013896037,1,12.117642178761848,PRJ_53,VEN_33
409,2022-04-01,Uttar Pradesh,Water,175632.02401116438,322763.2102197266,1,21.534331471795845,PRJ_52,VEN_13
410,2020-06-11,Maharashtra,Education,40170.498932330804,6417.16155612154,4,11.562713194318299,PRJ_63,VEN_35
411,2021-12-20,Maharashtra,Infrastructure,31166.6292972252,42647.4769664785,2,27.562503611118693,PRJ_73,VEN_32
412,2022-08-14,Uttar Pradesh,Water,15097.723153283892,2706.2638281052177,2,0.5099695480271692,PRJ_53,VEN_11
413,2021-11-11,Uttar Pradesh,Education,9339.499643009178,52249.825210593415,2,6.853399036566741,PRJ_57,VEN_48
414,2022-09-22,Tamil Nadu,Infrastructure,137495.88482057455,9024.285488445032,5,4.058842616278597,PRJ_52,VEN_38
415,2020-06-09,Maharashtra,Water,49937.208760963425,32928.31675469697,3,8.893365189464589,PRJ_43,VEN_24
416,2021-08-02,Maharashtra,Education,129575.83173753452,6053.99944696794,4,1.12693836879967,PRJ_7,VEN_35
417,2022-03-11,Tamil Nadu,Education,276875.6436791755,29461.88874585936,3,46.22969637719398,PRJ_42,VEN_19
418,2021-02-01,Karnataka,Education,150429.17958988238,8878.160860737054,0,3.7896552623045903,PRJ_4,VEN_6
419,2020-10-03,Karnataka,Water,34808.87557703739,10774.654150262419,3,38.32500145784604,PRJ_69,VEN_40
420,2022-03-26,Karnataka,Infrastructure,69207.7178255339,34268.642644490465,2,8.324096384003843,PRJ_5,VEN_45
421,2022-07-04,Tamil Nadu,Infrastructure,32377.762865744276,14322.894122241874,3,63.52908567861488,PRJ_75,VEN_44
422,2021-05-18,Maharashtra,Health,29487.199632489777,32221.249885900175,3,12.113508602252056,PRJ_92,VEN_42
423,2022-06-14,Tamil Nadu,Education,84357.17633330173,18199.6689139216,1,40.06844167503186,PRJ_80,VEN_35
424,2021-01-26,Tamil Nadu,Health,26048.256524039534,23564.43072100111,1,0.08045018631454137,PRJ_41,VEN_4
425,2020-05-14,Karnataka,Health,6573.806902677191,34375.05625076424,4,20.689114265156384,PRJ_94,VEN_33
426,2020-07-13,Delhi,Infrastructure,24633.241845412595,15521.501658586827,0,35.00349950706309,PRJ_4,VEN_13
427,2021-02-04,Maharashtra,Water,44051.68362089645,8135.156147495866,2,2.2574703058927184,PRJ_2,VEN_36
428,2021-10-01,Karnataka,Water,274141.17717244884,12934.943596409774,3,1.5159771719901924,PRJ_67,VEN_43
429,2020-02-02,Delhi,Infrastructure,36646.109545630614,72775.83045624555,1,8.289633336582796,PRJ_21,VEN_19
430,2021-11-18,Delhi,Water,99899.9127266619,24739.911879494895,0,40.698709117762846,PRJ_70,VEN_43
431,2021-04-04,Uttar Pradesh,Health,50599.23649033654,9462.591302625144,3,11.725957037019647,PRJ_43,VEN_12
432,2022-08-12,Maharashtra,Education,204108.12233589997,32910.94671749725,2,11.24438094032291,PRJ_82,VEN_11
433,2022-06-01,Delhi,Infrastructure,190440.7469367589,35182.904814580914,1,2.2819978152458726,PRJ_69,VEN_6
434,2021-04-14,Karnataka,Education,194108.99404204788,37049.09025114552,2,0.011847343818608032,PRJ_9,VEN_12
435,2021-01-09,Uttar Pradesh,Water,10572.551818444634,8284.675812371119,1,24.922031977327055,PRJ_84,VEN_27
436,2020-01-22,Maharashtra,Education,73623.83130745853,11132.332663287061,0,1.3747336458869877,PRJ_28,VEN_41
437,2022-01-19,Tamil Nadu,Water,127891.63721919962,11194.42072501214,2,15.070675476290923,PRJ_26,VEN_25
438,2021-10-31,Karnataka,Water,87687.84423939776,15357.39026945313,0,36.909028088608466,PRJ_82,VEN_42
439,2020-02-07,Delhi,Health,113164.33415697925,37756.73635108006,3,3.5102602319096783,PRJ_83,VEN_3
440,2020-08-17,Delhi,Water,63471.80079543143,29619.399220944033,2,16.416592732781634,PRJ_3,VEN_3
441,2020-12-30,Karnataka,Health,28430.44318816054,32055.27249224441,4,1.2295202699154495,PRJ_73,VEN_20
442,2021-07-16,Delhi,Health,10969.81418891052,85307.62691941866,1,13.885844027528472,PRJ_95,VEN_28
443,2021-03-13,Uttar Pradesh,Health,31395.83661893206,43865.829842811385,0,2.6856749359737084,PRJ_49,VEN_23
444,2022-02-14,Maharashtra,Infrastructure,871620.9113170222,19114.421376172864,0,19.974454262492856,PRJ_17,VEN_48
445,2020-10-09,Uttar Pradesh,Infrastructure,36840.343849221405,6742.019741639767,4,5.37653228018119,PRJ_63,VEN_3
446,2020-01-27,Delhi,Water,8438.921321470907,10780.055485515804,0,9.33728377904033,PRJ_55,VEN_42
447,2020-08-13,Tamil Nadu,Health,124573.2731009329,16954.60796698765,5,13.72302149047323,PRJ_23,VEN_24
448,2020-10-03,Maharashtra,Infrastructure,140851.30080901578,50469.770261174046,0,2.8179747906816504,PRJ_34,VEN_43
449,2022-03-08,Maharashtra,Health,216928.78309445325,21432.59270307136,3,20.30089311996362,PRJ_69,VEN_40
450,2021-08-31,Karnataka,Education,95892.06391628893,11427.797517757315,2,5.406809861177581,PRJ_15,VEN_6
451,2020-10-10,Karnataka,Education,139469.5412998533,10584.08899570512,1,16.28715249592547,PRJ_47,VEN_20
452,2022-05-28,Tamil Nadu,Education,377081.6928410743,20546.00487561906,1,2.584672289729025,PRJ_3,VEN_11
453,2022-08-17,Maharashtra,Water,28410.853252889814,53636.6328451124,1,17.476939127076754,PRJ_83,VEN_32
454,2021-04-25,Tamil Nadu,Health,23298.617303052506,108122.41168509398,2,2.0577233724586153,PRJ_28,VEN_27
455,2021-03-28,Karnataka,Education,20038.55527325458,17930.014978211046,3,8.310081359598852,PRJ_3,VEN_21
456,2022-04-08,Karnataka,Infrastructure,45900.4598035968,21062.65443382145,2,4.259456384111219,PRJ_4,VEN_44
457,2022-03-26,Maharashtra,Education,251053.77038817215,6542.393092748645,3,20.697245794382273,PRJ_88,VEN_48
458,2021-10-20,Uttar Pradesh,Education,101525.81374560216,153152.97984381227,3,4.5578833063156265,PRJ_31,VEN_13
459,2021-05-30,Delhi,Education,97605.77616898013,5426.215246228698,1,32.02016716706125,PRJ_45,VEN_22
460,2021-06-30,Karnataka,Water,9707.868986461164,71087.18154047802,2,33.359410901285756,PRJ_59,VEN_35
461,2020-07-10,Karnataka,Infrastructure,29935.88397576417,15285.562691904786,2,3.280575900517427,PRJ_45,VEN_47
462,2020-02-18,Uttar Pradesh,Health,9550.438676558362,12096.041220097703,2,14.272783244120923,PRJ_75,VEN_22
463,2021-05-26,Uttar Pradesh,Infrastructure,193154.5238629946,7258.993255152538,4,1.3770860017171378,PRJ_37,VEN_28
464,2020-01-17,Tamil Nadu,Health,292332.31315010716,245253.74548157878,1,7.452290060338958,PRJ_65,VEN_21
465,2020-06-20,Tamil Nadu,Water,130557.20043747741,27487.637119409705,0,18.740920511069866,PRJ_9,VEN_46
466,2020-08-07,Delhi,Water,22319.454009597517,22500.2216016012,1,16.15672148587525,PRJ_17,VEN_18
467,2020-06-06,Delhi,Water,263556.3546182728,53462.31860308128,2,14.700470347501719,PRJ_65,VEN_31
468,2021-04-21,Maharashtra,Water,46478.498648157474,11489.252065872142,0,4.980589287148171,PRJ_3,VEN_46
469,2020-02-15,Tamil Nadu,Health,17774.866058341217,22067.16321581328,1,7.12282948017483,PRJ_26,VEN_37
470,2021-01-07,Karnataka,Education,22824.63571419832,23302.97437095017,0,1.6295906905882436,PRJ_53,VEN_21
471,2021-06-01,Tamil Nadu,Health,38942.57345370102,13198.444591468935,2,19.042227366805516,PRJ_31,VEN_14
472,2020-04-08,Karnataka,Infrastructure,62917.430608085095,73103.97919335158,2,10.51432766053026,PRJ_26,VEN_25
473,2022-06-10,Uttar Pradesh,Water,50952.84052625771,17700.454363808214,3,18.504404232487357,PRJ_23,VEN_27
474,2022-01-14,Tamil Nadu,Water,14578.914942340527,4660.453064946513,0,4.294116450618252,PRJ_30,VEN_40
475,2020-02-06,Uttar Pradesh,Infrastructure,201454.01263511358,16293.192091955525,5,5.883160205502809,PRJ_10,VEN_23
476,2020-10-06,Delhi,Health,51502.9352700789,28259.322205462537,5,6.101834849149518,PRJ_72,VEN_31
477,2020-12-14,Delhi,Education,29326.480076189557,9013.752685029063,1,0.39119315889062917,PRJ_89,VEN_47
478,2021-05-11,Maharashtra,Education,181734.54583425657,9753.731481534076,4,6.25656587666851,PRJ_64,VEN_29
479,2020-10-28,Tamil Nadu,Infrastructure,18335.490123616935,12755.795060484921,2,24.39148207639488,PRJ_22,VEN_47
480,2020-06-29,Uttar Pradesh,Education,11744.141698922884,74700.02158427324,3,34.1389277268324,PRJ_15,VEN_30
481,2021-08-29,Karnataka,Health,213733.98213239125,13532.398488810602,2,10.95396306813727,PRJ_56,VEN_26
482,2020-04-08,Delhi,Health,396879.4453905158,91960.739331385,3,9.118356749463526,PRJ_74,VEN_20
483,2021-11-30,Delhi,Infrastructure,37718.42501923979,11908.998405190514,2,0.46964537121214744,PRJ_20,VEN_38
484,2022-09-19,Karnataka,Health,57184.03283069912,30485.73463377888,2,31.704823519347954,PRJ_47,VEN_19
485,2020-04-25,Uttar Pradesh,Water,19021.69189244745,14097.564427116617,2,0.19643381327112516,PRJ_87,VEN_27
486,2020-07-09,Uttar Pradesh,Infrastructure,60203.90824743638,46820.81604438914,2,43.438325855308015,PRJ_53,VEN_25
487,2020-09-09,Tamil Nadu,Health,37208.58288146162,7199.204735023255,0,10.077134484059517,PRJ_53,VEN_40
488,2022-09-07,Tamil Nadu,Infrastructure,54061.17528444981,46298.25172199272,4,6.276761981612592,PRJ_1,VEN_38
489,2022-07-16,Maharashtra,Education,90152.53856650654,24682.984542571292,4,38.698503294624885,PRJ_2,VEN_23
490,2022-09-09,Delhi,Health,19967.366042038248,11614.483585560036,1,0.37040070792773283,PRJ_58,VEN_29
491,2020-06-09,Tamil Nadu,Water,41697.17504498076,18653.303025021673,3,13.063484137135518,PRJ_19,VEN_15
492,2020-09-12,Uttar Pradesh,Health,9859.774510542306,102115.00335763484,0,11.942075063803069,PRJ_62,VEN_3
493,2020-11-18,Karnataka,Infrastructure,41982.691949363776,25281.912671705573,2,3.7138568721719576,PRJ_78,VEN_10
494,2020-05-07,Uttar Pradesh,Infrastructure,54533.252329598006,10908.220781483804,0,8.40253418642814,PRJ_72,VEN_15
495,2020-01-18,Delhi,Health,75280.9523583848,6603.180574560284,3,15.84467587332559,PRJ_12,VEN_16
496,2022-03-03,Uttar Pradesh,Water,76082.7269952624,36512.29285549931,2,19.48146260953896,PRJ_26,VEN_17
497,2022-01-04,Maharashtra,Water,147845.45005371555,26791.64186131551,1,0.010756736589646302,PRJ_27,VEN_19
498,2021-07-19,Delhi,Water,12840.16568178716,44135.54275940904,0,41.434451223372214,PRJ_29,VEN_11
499,2021-07-23,Karnataka,Infrastructure,13544.325686146081,5103.976701750527,0,2.6963294898389925,PRJ_15,VEN_48
500,2020-11-18,Maharashtra,Health,101616.16810854476,6820.8511636780895,4,3.990382847880209,PRJ_46,VEN_5
501,2022-05-21,Delhi,Education,7793.448493439004,69347.07165467099,2,4.587149835041901,PRJ_1,VEN_5
502,2021-11-16,Karnataka,Infrastructure,71919.31985286264,30679.245014316853,2,0.5783081632752946,PRJ_60,VEN_14
503,2022-03-02,Maharashtra,Water,18392.662012956866,37548.95590091648,3,1.9696158351699864,PRJ_92,VEN_26
504,2021-09-17,Maharashtra,Health,288605.11276608385,8411.14564554494,5,64.4101516837615,PRJ_57,VEN_8
505,2020-10-14,Delhi,Water,76914.70870328922,8258.620159653652,3,5.679793435752862,PRJ_3,VEN_5
506,2022-07-31,Tamil Nadu,Education,48090.69471389034,59353.04224942552,0,1.8376186039928546,PRJ_18,VEN_7
507,2022-05-03,Maharashtra,Water,204376.8509316979,62216.63301309152,0,1.6973836835226737,PRJ_52,VEN_16
508,2021-10-24,Maharashtra,Water,20673.29383578356,7418.1168709276635,2,19.065582696727276,PRJ_60,VEN_14
509,2022-08-19,Karnataka,Education,24998.981572290802,6128.035497932202,2,28.920768322633887,PRJ_34,VEN_37
510,2021-09-30,Uttar Pradesh,Health,16958.85111761781,19759.84306642057,2,4.454925547066341,PRJ_96,VEN_41
511,2020-06-03,Delhi,Infrastructure,25209.111450613786,9903.579600955685,3,0.3169681808418834,PRJ_93,VEN_4
512,2021-05-04,Delhi,Health,63647.518040945644,9699.436994025842,0,3.7864618377163897,PRJ_89,VEN_36
513,2021-01-20,Tamil Nadu,Education,98120.52726113814,6301.996415772468,0,0.872633170905542,PRJ_60,VEN_48
514,2022-09-12,Tamil Nadu,Water,156595.55619802632,13788.168546684883,3,1.6370969996381342,PRJ_26,VEN_17
515,2022-02-23,Delhi,Health,9655.432150445891,6941.722748619596,2,8.471523732404343,PRJ_72,VEN_47
516,2020-04-13,Tamil Nadu,Infrastructure,50419.688042078735,7365.771657434383,3,3.9188813682788832,PRJ_19,VEN_36
517,2022-07-17,Karnataka,Education,19768.310777953273,29684.842665806405,1,10.883378359328532,PRJ_22,VEN_6
518,2021-01-27,Delhi,Health,48762.307617541344,20843.590412827536,3,4.385269409949476,PRJ_93,VEN_16
519,2022-03-21,Tamil Nadu,Infrastructure,617950.4653839797,35770.49539214269,3,42.336091084703824,PRJ_33,VEN_29
520,2020-09-02,Delhi,Education,80166.56101830665,4234.271462957264,1,35.45796882614935,PRJ_38,VEN_36
521,2020-06-24,Uttar Pradesh,Infrastructure,147187.8544213581,22245.17944200985,3,12.54854785164825,PRJ_35,VEN_38
522,2020-02-08,Maharashtra,Education,425360.05273733824,175542.69035011943,4,6.564184875405172,PRJ_67,VEN_37
523,2021-04-21,Delhi,Water,184860.77315194494,15179.900795453526,2,7.19830985530937,PRJ_83,VEN_48
524,2021-11-12,Maharashtra,Health,38257.141217025506,50249.15483481908,1,7.9616571523761435,PRJ_10,VEN_48
525,2022-01-28,Tamil Nadu,Infrastructure,16716.77379924686,49811.7833647648,4,19.506116964860063,PRJ_91,VEN_10
526,2021-06-21,Maharashtra,Education,58096.21128537122,52323.38112549476,1,9.012321624369909,PRJ_15,VEN_41
527,2022-05-16,Delhi,Infrastructure,33938.122389083765,26021.065150262108,1,29.145359155459126,PRJ_11,VEN_36
528,2022-03-28,Uttar Pradesh,Infrastructure,13036.113067237433,38796.52589229766,3,43.261464423332484,PRJ_90,VEN_29
529,2022-07-09,Tamil Nadu,Health,76185.3904785341,44312.12497331273,1,6.140880577272515,PRJ_24,VEN_14
530,2021-02-11,Delhi,Water,78111.00992625821,41582.97169998768,4,12.33840248648715,PRJ_77,VEN_4
531,2021-06-08,Tamil Nadu,Infrastructure,351201.95250891725,7205.369756059229,3,1.498242133077566,PRJ_96,VEN_44
532,2022-04-07,Karnataka,Education,41699.18783270061,3994.267620865796,0,3.3559504945336194,PRJ_4,VEN_42
533,2021-05-20,Maharashtra,Education,79230.87906253175,4658.349391707445,2,8.002863657170508,PRJ_13,VEN_36
534,2022-06-21,Karnataka,Water,30776.7429686186,16811.862335372654,3,3.4639074004806676,PRJ_73,VEN_45
535,2022-04-04,Delhi,Education,143367.91404664327,39891.82658589909,2,31.380060702967114,PRJ_57,VEN_13
536,2020-02-05,Uttar Pradesh,Water,52858.94363789845,7299.701402176174,1,2.5847294116480435,PRJ_98,VEN_46
537,2021-11-15,Tamil Nadu,Education,18534.856828102496,55490.685597860036,4,9.122741049346358,PRJ_37,VEN_18
538,2020-01-20,Maharashtra,Health,59072.936917250714,13329.365671310294,1,13.959619677004858,PRJ_48,VEN_33
539,2020-11-16,Tamil Nadu,Infrastructure,88479.21083348546,13456.86668302775,1,17.65820605466727,PRJ_71,VEN_21
540,2022-02-14,Delhi,Health,77286.40820945518,9546.1480267175,0,7.244980381089042,PRJ_1,VEN_16
541,2021-05-26,Tamil Nadu,Infrastructure,170398.776893385,3344.972130985668,3,30.499717375338157,PRJ_60,VEN_15
542,2021-02-03,Maharashtra,Infrastructure,14072.018878190516,27703.5025057975,0,12.601031091158674,PRJ_12,VEN_5
543,2021-10-15,Delhi,Infrastructure,25777.50290236519,122108.79795648082,2,8.684098767429395,PRJ_21,VEN_6
544,2022-08-29,Tamil Nadu,Health,113526.01898560405,20688.545662625576,1,1.0441203856691033,PRJ_11,VEN_38
545,2022-06-01,Uttar Pradesh,Infrastructure,28990.718964487514,3461.192141605481,1,9.373624014889877,PRJ_44,VEN_3
546,2021-04-15,Delhi,Health,76150.82935469165,48066.59920281948,2,25.783422170354246,PRJ_58,VEN_48
547,2020-05-22,Delhi,Water,5325.462027749443,4338.1445381050935,4,14.299807414338645,PRJ_44,VEN_12
548,2020-04-01,Uttar Pradesh,Education,905232.0261545301,6574.577543291303,4,26.771381308421564,PRJ_78,VEN_36
549,2020-12-19,Karnataka,Education,45719.55882853922,17355.449489743605,3,10.21862511579247,PRJ_98,VEN_33
550,2022-04-13,Maharashtra,Infrastructure,197591.3444583894,24905.487471152857,4,1.8913025280017253,PRJ_34,VEN_36
551,2022-03-10,Karnataka,Health,42749.04668783543,8033.182051205509,1,0.20600584737987362,PRJ_25,VEN_33
552,2021-12-27,Tamil Nadu,Education,90644.31756057683,16691.985005959967,2,5.419273589389286,PRJ_4,VEN_31
553,2022-08-16,Uttar Pradesh,Health,266177.762954084,45033.52091919605,1,17.959450661597806,PRJ_64,VEN_21
554,2022-05-03,Karnataka,Health,192106.66030923615,51646.56075445162,1,23.428292288826672,PRJ_90,VEN_27
555,2020-02-20,Delhi,Infrastructure,48802.90019568489,76991.97093397901,4,5.259388458806213,PRJ_16,VEN_27
556,2021-10-26,Tamil Nadu,Education,52299.68748507096,148660.23101993196,2,10.267388724645917,PRJ_10,VEN_8
557,2021-11-28,Tamil Nadu,Infrastructure,163336.3025585374,49507.988613220936,0,8.199872763234609,PRJ_66,VEN_37
558,2021-07-28,Karnataka,Infrastructure,617382.7212131436,17734.434588624994,3,7.92778815076406,PRJ_35,VEN_32
559,2020-07-08,Karnataka,Education,72568.24253022736,52016.37184182917,1,3.9467681328176583,PRJ_83,VEN_26
560,2020-05-04,Uttar Pradesh,Education,423819.79858683335,35126.679976514955,2,2.1991818323717323,PRJ_6,VEN_2
561,2020-05-29,Maharashtra,Water,47032.0982733586,36547.460314570904,2,3.2851918867062397,PRJ_19,VEN_12
562,2020-11-09,Karnataka,Water,155120.94213864882,26297.227255795395,0,0.8538321871311876,PRJ_59,VEN_22
563,2021-07-23,Karnataka,Health,180079.87154298014,8847.992692298054,2,3.3121455620239346,PRJ_53,VEN_17
564,2020-12-07,Delhi,Education,39737.058555710144,7878.5849525584845,5,0.13865230991334543,PRJ_8,VEN_7
565,2020-10-31,Tamil Nadu,Water,28365.30211545652,19987.888596408167,2,14.803047937630442,PRJ_78,VEN_43
566,2021-11-22,Maharashtra,Health,188224.21958858712,25563.22504103443,3,5.705195298571762,PRJ_10,VEN_4
567,2021-11-12,Delhi,Health,35187.39014039444,11165.222328558917,0,54.259387651234825,PRJ_67,VEN_37
568,2022-04-17,Uttar Pradesh,Health,24480.938843097785,33635.65515391779,2,3.2298081667949115,PRJ_38,VEN_38
569,2022-02-21,Uttar Pradesh,Water,30213.390471850114,176445.2491363762,1,6.365787554471883,PRJ_29,VEN_32
570,2020-02-23,Karnataka,Education,35044.94507191756,3849.3873344967583,3,6.6437938417255085,PRJ_15,VEN_11
571,2021-03-19,Karnataka,Infrastructure,141014.37360499357,39428.51157288273,2,0.12731118695036583,PRJ_87,VEN_1
572,2021-09-04,Uttar Pradesh,Health,100211.94511740586,20620.17777688485,1,27.414650739915494,PRJ_23,VEN_25
573,2022-09-19,Karnataka,Water,122474.51478576659,34567.027882793824,2,0.48776203095804316,PRJ_82,VEN_42
574,2020-09-20,Maharashtra,Water,91251.9655145359,14318.179456974302,1,42.246186944746576,PRJ_46,VEN_24
575,2020-02-22,Karnataka,Infrastructure,33062.660325500045,19033.200252291124,2,33.39469087486313,PRJ_83,VEN_43
576,2021-07-25,Tamil Nadu,Infrastructure,120222.9068724067,25071.83669186096,5,11.502613559136897,PRJ_28,VEN_17
577,2021-09-11,Karnataka,Water,195331.5844660153,16290.967896963748,3,11.765639481063904,PRJ_26,VEN_8
578,2020-01-05,Delhi,Education,107420.16678685149,4814.84283325087,4,15.91012302973772,PRJ_10,VEN_45
579,2020-04-12,Maharashtra,Infrastructure,93869.04077504507,17432.38512474258,2,7.342078978685375,PRJ_47,VEN_27
580,2020-07-14,Delhi,Water,27804.286916765926,5343.127164090603,2,15.62875677604235,PRJ_4,VEN_18
581,2022-02-12,Delhi,Infrastructure,73999.75630272597,42327.53549492189,0,0.6870216445845417,PRJ_55,VEN_27
582,2022-05-26,Tamil Nadu,Education,26364.104095261213,3409.9567909508723,2,0.8334458584997209,PRJ_66,VEN_22
583,2022-09-18,Maharashtra,Health,58452.640539513915,61614.615097452355,1,9.166055919483973,PRJ_67,VEN_16
584,2022-06-02,Maharashtra,Infrastructure,11611.292103315907,33845.55652673636,1,11.96503076075221,PRJ_7,VEN_2
585,2020-12-15,Maharashtra,Education,11701.140527384348,33975.28460006886,2,32.814442807479445,PRJ_55,VEN_5
586,2020-02-16,Maharashtra,Water,49461.620780185745,2529.2804449328214,3,1.6582867888000474,PRJ_80,VEN_18
587,2022-05-16,Maharashtra,Infrastructure,34598.31734351745,15857.542948517366,1,25.944276152595112,PRJ_31,VEN_3
588,2022-04-02,Tamil Nadu,Infrastructure,66621.80420905011,69812.15602406958,2,3.536733839088825,PRJ_74,VEN_27
589,2022-07-24,Karnataka,Water,52325.09803467766,13113.427981712259,1,7.515200044279615,PRJ_19,VEN_17
590,2022-03-30,Delhi,Health,61709.353029274585,7494.598574799778,2,5.710177531826527,PRJ_28,VEN_16
591,2021-10-17,Maharashtra,Water,110040.90533782226,11653.127815711165,1,7.6662666804961495,PRJ_81,VEN_6
592,2020-09-25,Karnataka,Infrastructure,37674.209618606284,20572.744112280943,1,2.446530575724671,PRJ_28,VEN_7
593,2021-01-04,Karnataka,Water,48076.85659130245,9401.547192749591,3,10.504694133331519,PRJ_19,VEN_14
594,2021-09-27,Delhi,Education,256535.2145242122,75645.80251528096,3,24.265271604963896,PRJ_87,VEN_38
595,2020-04-15,Tamil Nadu,Water,60059.0862113311,20647.147845948086,1,8.738423373910214,PRJ_20,VEN_40
596,2021-10-31,Uttar Pradesh,Infrastructure,50050.5876220433,12637.58579278248,0,10.118225513309843,PRJ_13,VEN_15
597,2021-10-20,Uttar Pradesh,Water,65024.06423237038,5994.852559001436,3,28.334061827300665,PRJ_77,VEN_47
598,2021-10-18,Karnataka,Health,50951.81325816782,35755.04314903282,3,18.365598000290316,PRJ_43,VEN_47
599,2020-04-29,Delhi,Water,29449.367360924636,34949.739520347466,3,10.11353921302852,PRJ_11,VEN_48
600,2022-04-10,Uttar Pradesh,Health,22069.904295186327,9974.539684892385,0,4.469939134079916,PRJ_48,VEN_33
601,2022-02-25,Karnataka,Education,27905.209194173432,2353.5285030454997,0,32.43279554175368,PRJ_15,VEN_43
602,2021-08-26,Tamil Nadu,Health,143332.0415860658,33215.177019035065,0,12.906469980689325,PRJ_17,VEN_27
603,2020-02-27,Uttar Pradesh,Water,31891.498395699964,18273.306426789528,4,3.749006065942988,PRJ_54,VEN_29
604,2022-08-08,Karnataka,Infrastructure,51280.990050424356,30824.686816296522,1,4.702584794259076,PRJ_50,VEN_37
605,2020-12-11,Karnataka,Health,120660.52283758135,155931.8814721969,3,24.378410353599243,PRJ_28,VEN_5
606,2022-01-10,Maharashtra,Education,45324.764018991875,21443.313617355427,0,0.6772445868219958,PRJ_83,VEN_29
607,2021-04-18,Tamil Nadu,Health,112798.83780475157,13176.120051032436,0,72.59856036806511,PRJ_4,VEN_32
608,2020-04-26,Maharashtra,Health,12825.709082175861,6993.091641402481,4,2.094995679202965,PRJ_22,VEN_6
609,2022-04-09,Delhi,Health,52443.06167189295,16116.166997979102,1,23.849568755646576,PRJ_86,VEN_2
610,2022-03-01,Maharashtra,Education,64789.32276367998,25863.224872976323,2,7.5323326898679746,PRJ_39,VEN_6
611,2020-05-06,Maharashtra,Water,61275.7055674183,23232.499562468493,4,10.165492194472565,PRJ_34,VEN_46
612,2021-01-27,Uttar Pradesh,Health,11465.310784466546,123434.42718382944,1,31.885496469328327,PRJ_97,VEN_43
613,2022-06-26,Karnataka,Health,199408.8754757553,36282.309703192164,0,7.988687627689821,PRJ_44,VEN_4
614,2021-10-02,Tamil Nadu,Infrastructure,25471.795368567262,19248.70622743306,1,11.566428248242074,PRJ_42,VEN_29
615,2020-02-27,Maharashtra,Education,83703.58819420636,10866.494349647164,2,0.7583455278014606,PRJ_40,VEN_25
616,2021-09-25,Tamil Nadu,Health,60352.90025662875,28758.043004619813,1,0.035253502557917316,PRJ_97,VEN_9
617,2021-05-27,Maharashtra,Education,163359.65537809802,8892.751997410149,1,4.211587439786591,PRJ_12,VEN_3
618,2022-01-20,Delhi,Health,533646.4549919526,26366.01316243759,1,17.118871660834444,PRJ_2,VEN_26
619,2022-03-12,Maharashtra,Water,16475.595682293064,35861.297429151666,3,1.939076765204831,PRJ_28,VEN_48
620,2020-04-05,Uttar Pradesh,Water,31291.010122104824,17739.47705672264,1,1.8115454241213607,PRJ_74,VEN_43
621,2021-09-29,Karnataka,Health,72337.10561391154,11727.755260402859,1,7.938933272566913,PRJ_86,VEN_27
622,2020-04-27,Delhi,Water,19823.9619097725,2476.7516267595433,3,15.654918780253583,PRJ_81,VEN_36
623,2021-07-13,Maharashtra,Health,130899.16958059612,69136.40570843089,1,18.675672047666428,PRJ_90,VEN_32
624,2021-08-23,Tamil Nadu,Water,139159.024894153,32968.254422509184,2,2.9484494940725865,PRJ_67,VEN_1
625,2021-05-02,Delhi,Infrastructure,104762.2814224778,33779.766622318806,0,1.2440106481737214,PRJ_71,VEN_16
626,2020-08-24,Delhi,Infrastructure,75855.21608799152,4622.299854527247,1,42.30074910202141,PRJ_72,VEN_48
627,2022-06-03,Maharashtra,Infrastructure,235557.13582247245,87538.91354737927,3,4.530090232030952,PRJ_84,VEN_11
628,2022-06-15,Delhi,Education,18852.004341380765,13832.596255302953,1,28.795239017841084,PRJ_76,VEN_26
629,2020-09-28,Tamil Nadu,Education,63912.36936006269,16501.469182700544,4,29.870520485197808,PRJ_99,VEN_40
630,2020-07-07,Delhi,Infrastructure,28601.004863261023,7560.655294479972,2,22.210565249593355,PRJ_81,VEN_1
631,2022-09-25,Tamil Nadu,Education,145789.0995259328,3688.791839526355,0,2.7738790725327993,PRJ_92,VEN_26
632,2021-12-04,Maharashtra,Water,9572.58760928133,70076.74739030332,4,25.872854292529503,PRJ_10,VEN_28
633,2021-03-22,Karnataka,Health,58216.03634892316,79745.64168194986,2,21.9963424377643,PRJ_86,VEN_9
634,2021-08-03,Delhi,Health,83720.46134116931,18666.240466685515,1,13.621973755532444,PRJ_57,VEN_44
635,2022-02-28,Karnataka,Health,23213.931312142635,11165.851541461388,1,6.169275959957043,PRJ_97,VEN_22
636,2022-05-10,Tamil Nadu,Infrastructure,32010.2027780552,15107.63963367844,2,4.567512864574703,PRJ_86,VEN_8
637,2020-09-03,Delhi,Education,60802.061970769144,15527.765297848857,1,1.949737667497438,PRJ_37,VEN_49
638,2022-08-20,Uttar Pradesh,Water,155608.16745840936,6635.174708844039,2,10.692813433525746,PRJ_77,VEN_42
639,2020-03-16,Karnataka,Water,21314.242099258372,16444.474194874343,2,13.201583581492443,PRJ_91,VEN_27
640,2020-06-02,Delhi,Infrastructure,25375.769972442762,25670.608875725782,1,6.678822124627601,PRJ_64,VEN_39
641,2021-10-17,Karnataka,Water,184533.77186308557,60971.22116492704,1,9.67561783234282,PRJ_79,VEN_19
642,2021-03-10,Delhi,Water,45570.89845887624,22342.45957705088,5,6.776903626477769,PRJ_86,VEN_25
643,2022-09-23,Maharashtra,Water,27514.294817778613,4553.485629598744,1,15.366746450937274,PRJ_94,VEN_38
644,2020-03-26,Karnataka,Water,124080.37216195288,31368.13548578971,6,34.72885684586781,PRJ_40,VEN_21
645,2021-11-27,Uttar Pradesh,Education,36746.67420665633,17052.79567247369,4,2.685469351788429,PRJ_98,VEN_24
646,2020-10-11,Uttar Pradesh,Water,167279.53182345664,86717.38779970075,2,7.204659907685702,PRJ_60,VEN_24
647,2022-08-31,Tamil Nadu,Health,30831.113049070613,91992.08337381388,1,2.277501070904207,PRJ_98,VEN_19
648,2020-08-07,Delhi,Infrastructure,51042.06819068065,95268.48212914978,1,14.710189780099894,PRJ_48,VEN_47
649,2020-03-09,Karnataka,Education,154040.62809320138,12561.753807467405,3,19.577381211885122,PRJ_99,VEN_2
650,2020-02-16,Tamil Nadu,Water,47750.228384850685,161112.00306932215,2,40.304475786498195,PRJ_19,VEN_14
651,2020-04-03,Karnataka,Education,127523.16611282717,31286.51662291253,1,4.904077859883132,PRJ_72,VEN_32
652,2022-01-19,Delhi,Water,56075.39442343728,112014.14149653817,4,44.999480064747814,PRJ_33,VEN_42
653,2022-08-15,Uttar Pradesh,Health,434387.29780763807,13324.77530420766,2,0.980285532457517,PRJ_44,VEN_32
654,2021-03-28,Maharashtra,Infrastructure,287442.6393768705,16340.521155884864,1,13.857808788277486,PRJ_92,VEN_28
655,2020-07-22,Uttar Pradesh,Water,15865.524085910349,28970.326259331883,3,0.882446218036775,PRJ_37,VEN_48
656,2022-06-30,Tamil Nadu,Water,100936.17660186127,25639.197444134763,2,33.632822199268254,PRJ_89,VEN_39
657,2020-08-05,Maharashtra,Water,26465.466571658544,77250.75309145481,4,11.319246078402555,PRJ_36,VEN_40
658,2021-04-18,Tamil Nadu,Water,72511.97058950516,17463.542156186548,4,16.60034815514983,PRJ_81,VEN_42
659,2021-03-07,Delhi,Infrastructure,64110.96116541451,70587.96844344633,1,26.718875323477906,PRJ_88,VEN_47
660,2020-12-06,Maharashtra,Infrastructure,20839.655872759256,45808.93814804478,4,2.443266517545386,PRJ_21,VEN_40
661,2021-07-04,Tamil Nadu,Health,172557.28435272386,17793.843068077356,0,0.5903392006887914,PRJ_2,VEN_13
662,2021-09-03,Delhi,Infrastructure,73372.38690146906,42390.375286080576,3,31.664744254636837,PRJ_31,VEN_12
663,2020-10-15,Uttar Pradesh,Water,45040.481998762574,13721.715819171643,3,5.673584509626851,PRJ_97,VEN_8
664,2020-09-10,Delhi,Health,38634.08418319781,231007.57935025406,2,2.071336297430332,PRJ_30,VEN_15
665,2022-01-03,Karnataka,Health,68856.2976952164,1534.0516920664002,3,9.479687290453473,PRJ_76,VEN_26
666,2020-12-22,Delhi,Health,90032.41197307977,43171.81818365494,1,13.68097294035383,PRJ_44,VEN_12
667,2020-01-23,Delhi,Water,52840.0240424946,3772.163885529491,4,0.4719049578938357,PRJ_12,VEN_43
668,2022-01-31,Karnataka,Education,3524.452659268698,17576.94355276852,3,4.82159572256257,PRJ_51,VEN_46
669,2021-06-05,Tamil Nadu,Water,60894.04807982729,20219.280543835728,0,0.5002477454234389,PRJ_49,VEN_27
670,2022-01-27,Tamil Nadu,Infrastructure,14164.83747350161,99472.20714116255,2,8.179583998957286,PRJ_24,VEN_18
671,2022-04-16,Delhi,Infrastructure,48559.61194001856,11024.196170183837,1,33.821220609977836,PRJ_24,VEN_45
672,2020-04-09,Karnataka,Water,14697.544866449898,81471.77462795988,0,60.81452659849838,PRJ_60,VEN_36
673,2022-03-12,Karnataka,Water,14523.195863040482,6776.278658181539,3,15.202251820291817,PRJ_11,VEN_49
674,2020-06-28,Uttar Pradesh,Health,205895.04382688252,84682.96372535624,1,2.6445738842353674,PRJ_13,VEN_27
675,2020-08-10,Tamil Nadu,Water,43473.551429878586,13706.898950520024,1,35.44289317304632,PRJ_91,VEN_9
676,2022-06-24,Maharashtra,Health,40269.024927418155,23704.839847306648,1,10.892738022051503,PRJ_72,VEN_39
677,2022-01-31,Tamil Nadu,Infrastructure,97005.6059222632,15734.66213212625,4,2.504094628186147,PRJ_74,VEN_1
678,2021-10-20,Tamil Nadu,Health,41332.71007304978,79408.7207331786,3,38.21322510042838,PRJ_72,VEN_7
679,2021-03-17,Uttar Pradesh,Water,490806.9204802104,65364.84425093346,0,21.24938926295967,PRJ_64,VEN_26
680,2021-08-30,Maharashtra,Infrastructure,45568.87694192047,34320.62349650724,1,19.73503761127345,PRJ_20,VEN_7
681,2022-02-07,Uttar Pradesh,Education,86260.35727078412,6961.370294985077,4,18.52579769901191,PRJ_72,VEN_7
682,2020-11-20,Maharashtra,Health,158093.4086605505,10774.937688331556,2,3.353526268917022,PRJ_73,VEN_8
683,2021-05-30,Delhi,Infrastructure,297227.532034942,7874.803212509116,1,3.5549615913576917,PRJ_71,VEN_16
684,2020-01-16,Maharashtra,Health,28509.534790035726,2325.887843284696,2,17.48537444886369,PRJ_78,VEN_3
685,2022-03-02,Uttar Pradesh,Infrastructure,39420.31202845702,77754.99729370678,1,3.721589608184476,PRJ_28,VEN_45
686,2020-12-01,Tamil Nadu,Infrastructure,214184.24366291228,15869.851777063988,3,8.661740009080308,PRJ_2,VEN_10
687,2022-01-28,Maharashtra,Health,134599.94721795645,15701.413760279085,3,22.84902885768371,PRJ_43,VEN_7
688,2020-09-14,Maharashtra,Education,175461.67740317612,98331.7488786505,6,22.98385607751806,PRJ_8,VEN_21
689,2021-05-11,Karnataka,Infrastructure,15234.158518327493,13684.394809842224,1,9.056777272245933,PRJ_13,VEN_37
690,2022-09-14,Tamil Nadu,Infrastructure,281531.53746893833,9504.57997754718,3,23.566961718819115,PRJ_85,VEN_31
691,2022-06-14,Delhi,Infrastructure,27961.740854066382,17592.964899290168,1,27.360068652948854,PRJ_92,VEN_23
692,2020-06-08,Uttar Pradesh,Education,72568.99025858998,7096.3152406547515,4,15.953416152440337,PRJ_35,VEN_27
693,2021-04-19,Delhi,Education,51625.8152759177,31081.11780628278,2,3.889837549770073,PRJ_23,VEN_22
694,2022-05-01,Tamil Nadu,Water,24872.477838324234,15158.821545903937,3,4.803322360730473,PRJ_46,VEN_39
695,2021-10-25,Maharashtra,Health,14580.849032938138,13262.935103130436,1,5.6715686653195085,PRJ_15,VEN_27
696,2022-06-26,Maharashtra,Education,10468.77067956651,12162.306635853727,2,1.8631238165550905,PRJ_2,VEN_49
697,2021-11-20,Tamil Nadu,Health,67441.67343499007,19806.75868488059,2,4.785725788489832,PRJ_61,VEN_4
698,2021-11-05,Maharashtra,Water,13025.716956694912,23944.19337222114,2,3.526709127138978,PRJ_76,VEN_24
699,2021-01-14,Maharashtra,Health,19267.680869899646,13095.512740188486,1,9.11359315472434,PRJ_64,VEN_23
700,2021-06-28,Maharashtra,Education,48144.593278891414,15386.31972264748,4,35.86101003911865,PRJ_52,VEN_48
701,2022-07-17,Uttar Pradesh,Health,4277.78871521588,20302.050569021034,1,1.6552661632301986,PRJ_36,VEN_19
702,2022-08-14,Uttar Pradesh,Education,130480.58386656975,18353.615507577262,1,19.10884507720679,PRJ_67,VEN_42
703,2021-11-21,Karnataka,Health,5378.215103135863,22721.70620064906,2,17.436849973530258,PRJ_69,VEN_3
704,2021-03-02,Delhi,Education,55416.219944589066,11196.194208806306,2,1.5098107712360416,PRJ_67,VEN_27
705,2021-09-04,Tamil Nadu,Education,60780.1920726101,60149.77069201556,5,38.37618054242711,PRJ_47,VEN_3
706,2020-09-24,Tamil Nadu,Health,102545.48345712794,24265.920038752694,0,12.606350236688717,PRJ_83,VEN_28
707,2022-04-14,Tamil Nadu,Water,57429.83366870464,13308.433981445176,0,6.781878573006283,PRJ_2,VEN_17
708,2021-07-30,Karnataka,Infrastructure,450407.48031685594,31082.002017314404,2,21.191952041911687,PRJ_44,VEN_31
709,2021-02-20,Uttar Pradesh,Water,74333.4909048807,20447.816868614333,1,4.463268358714282,PRJ_64,VEN_10
710,2020-06-16,Karnataka,Health,171718.60510781998,3890.035822800882,4,17.73854428333028,PRJ_81,VEN_49
711,2022-04-21,Tamil Nadu,Water,29043.12842092321,30975.52607532704,4,0.6078182147037183,PRJ_78,VEN_22
712,2020-02-12,Delhi,Education,67559.01601385366,7946.555136814166,2,27.43332789153242,PRJ_28,VEN_30
713,2021-07-09,Maharashtra,Infrastructure,281410.6009222074,56074.014425651825,1,8.917751791277235,PRJ_91,VEN_49
714,2020-10-11,Uttar Pradesh,Health,47207.34978855277,17296.342831349597,1,15.18760254583084,PRJ_54,VEN_21
715,2021-01-31,Uttar Pradesh,Health,72564.7658542223,48053.502155417846,4,3.7507435245766665,PRJ_74,VEN_36
716,2020-01-12,Karnataka,Health,159668.24121329802,11728.551494909932,1,16.95496791553177,PRJ_67,VEN_23
717,2021-08-29,Uttar Pradesh,Infrastructure,28503.166912161465,23621.893865856557,8,22.191960710196103,PRJ_36,VEN_38
718,2020-10-28,Tamil Nadu,Education,6894.226951485499,73883.40344878197,0,9.614390122157834,PRJ_63,VEN_12
719,2022-06-16,Tamil Nadu,Health,77309.6181976105,16831.09678625389,1,14.424301009323004,PRJ_25,VEN_25
720,2020-09-09,Karnataka,Water,160921.05295036017,12199.898381045952,3,9.14108004519939,PRJ_86,VEN_20
721,2021-05-13,Tamil Nadu,Health,15499.363462181389,42405.808034379384,1,33.677677960710135,PRJ_48,VEN_49
722,2022-01-23,Delhi,Health,117034.01491274845,41591.93664243096,3,10.333418949821676,PRJ_39,VEN_49
723,2020-02-04,Karnataka,Health,117826.25314006046,12724.07142912473,2,27.65925413872499,PRJ_47,VEN_42
724,2021-12-27,Delhi,Health,6164.138965523505,3024.614667124288,2,24.243317370977365,PRJ_94,VEN_7
725,2022-04-28,Maharashtra,Education,23475.47099578095,11967.82433842458,1,7.927331066192117,PRJ_21,VEN_29
726,2020-03-30,Delhi,Water,40302.59827849895,43362.9002554322,2,3.922117497602735,PRJ_30,VEN_48
727,2022-02-14,Maharashtra,Education,50029.894701094934,10147.329136445569,0,7.815213592235347,PRJ_92,VEN_29
728,2021-08-27,Maharashtra,Water,28477.390488786834,21786.85669337353,1,26.24925070260695,PRJ_31,VEN_13
729,2022-07-10,Delhi,Health,26983.941166210298,11413.076769575064,0,3.8744227850002697,PRJ_26,VEN_3
730,2022-08-27,Karnataka,Infrastructure,318533.48795467825,3190.180692124549,5,11.14881807223711,PRJ_22,VEN_2
731,2021-08-24,Tamil Nadu,Education,53768.381457960815,11209.521420496347,4,24.605939177100307,PRJ_21,VEN_16
732,2021-02-21,Tamil Nadu,Infrastructure,29880.349616078143,43179.97049170113,3,6.542208601826392,PRJ_1,VEN_30
733,2020-04-24,Maharashtra,Education,57459.206514721365,2058.530216375593,1,15.417120634787233,PRJ_37,VEN_38
734,2021-09-08,Maharashtra,Health,102445.97168312369,28343.906576353475,2,4.228116025976685,PRJ_77,VEN_6
735,2022-06-21,Karnataka,Education,63046.40847910481,6727.310865720484,1,1.7358679780354513,PRJ_85,VEN_45
736,2020-07-14,Uttar Pradesh,Health,48740.83258344161,40475.09272543142,4,23.726190332135562,PRJ_46,VEN_7
737,2022-04-05,Delhi,Education,31256.521810605773,44995.55274022518,1,1.56322796691708,PRJ_9,VEN_5
738,2021-05-15,Maharashtra,Health,30880.159044566662,18546.79107292071,0,4.7490728935468995,PRJ_17,VEN_7
739,2021-09-17,Tamil Nadu,Health,32931.72024702036,18589.121838498235,3,28.97664683859876,PRJ_47,VEN_34
740,2021-05-07,Karnataka,Water,84020.37440129452,9834.356537069172,1,6.380486241568851,PRJ_85,VEN_32
741,2020-03-15,Delhi,Health,22155.03154795867,5735.421941372509,3,54.20399155113702,PRJ_95,VEN_49
742,2021-02-16,Karnataka,Water,88722.53755657548,120341.99255319282,0,58.48240789624298,PRJ_59,VEN_13
743,2021-01-10,Delhi,Health,245977.35445761544,9273.615210038557,2,4.685278698819386,PRJ_54,VEN_30
744,2021-02-23,Delhi,Infrastructure,82926.28484973336,105640.39771267866,2,0.6276224331774602,PRJ_86,VEN_25
745,2021-12-29,Maharashtra,Health,41374.270085383236,9325.426308533224,1,18.314917025785622,PRJ_12,VEN_21
746,2020-10-03,Karnataka,Infrastructure,16348.200595460803,37241.923828867104,3,8.994483786522416,PRJ_64,VEN_21
747,2022-01-30,Karnataka,Infrastructure,290136.5078433507,7059.947119803127,3,1.5929603850297247,PRJ_6,VEN_28
748,2021-11-06,Tamil Nadu,Health,18582.626227665165,37175.12065439657,1,18.440529434303873,PRJ_53,VEN_48
749,2021-01-28,Tamil Nadu,Infrastructure,139883.05547395587,15905.379158464391,1,0.47506782215670307,PRJ_16,VEN_20
750,2022-05-18,Maharashtra,Water,113381.99241206763,16114.646200264098,3,30.62602467088629,PRJ_90,VEN_34
751,2021-04-01,Maharashtra,Education,47251.10869239617,40539.13852517208,1,2.2388593397146437,PRJ_5,VEN_5
752,2022-07-08,Uttar Pradesh,Health,46028.73692688166,13778.416636041457,0,2.0426555459223503,PRJ_73,VEN_18
753,2020-07-10,Tamil Nadu,Infrastructure,9549.926393507803,5280.898351487406,1,2.8978069723941915,PRJ_46,VEN_39
754,2022-01-08,Delhi,Health,83288.43648507002,47160.19848545182,3,48.38335585465387,PRJ_14,VEN_43
755,2021-11-19,Karnataka,Water,111293.52198673812,7003.038533148171,4,17.721890185216314,PRJ_44,VEN_11
756,2020-04-08,Maharashtra,Health,20149.20039288464,36920.31735760297,2,24.244788175165322,PRJ_63,VEN_17
757,2021-07-01,Karnataka,Health,51235.01815958692,58278.967580335186,0,7.603375221429117,PRJ_94,VEN_48
758,2022-09-04,Karnataka,Infrastructure,62184.553694950715,15131.078911339655,2,6.149163234111066,PRJ_52,VEN_45
759,2022-09-25,Uttar Pradesh,Water,107427.62327601614,71851.21805352905,1,4.008077573881332,PRJ_26,VEN_22
760,2020-04-05,Tamil Nadu,Education,60102.2811748447,35659.95779442347,3,9.827601792945774,PRJ_53,VEN_37
761,2021-10-25,Maharashtra,Education,11774.37272894437,10983.380875812516,2,12.038697426051716,PRJ_29,VEN_20
762,2021-10-24,Karnataka,Infrastructure,35244.41057916312,89449.45554895466,2,14.985910350143724,PRJ_19,VEN_48
763,2020-07-08,Maharashtra,Health,74953.69376629483,7032.715464308496,2,4.458281113899068,PRJ_47,VEN_48
764,2022-01-05,Delhi,Infrastructure,138902.61319157953,15112.8336147401,0,44.537547271097566,PRJ_8,VEN_48
765,2020-02-06,Uttar Pradesh,Infrastructure,32285.17387279454,17920.224177945576,3,2.790579817475942,PRJ_23,VEN_46
766,2022-02-18,Delhi,Infrastructure,533732.4030996964,40345.03835744798,2,50.56868532965593,PRJ_35,VEN_6
767,2021-01-03,Maharashtra,Health,9004.925020656736,67200.32060322161,0,0.22451369935072552,PRJ_95,VEN_34
768,2021-11-25,Maharashtra,Water,34074.33787389183,63119.91171935401,2,9.841404088670709,PRJ_53,VEN_14
769,2021-06-08,Tamil Nadu,Infrastructure,55103.38331914796,27549.738413805826,2,6.08275299933686,PRJ_99,VEN_48
770,2020-10-05,Karnataka,Health,48984.09029176853,16642.765484302254,2,8.943667149622025,PRJ_96,VEN_23
771,2020-08-04,Karnataka,Water,17463.314934865855,3547.5615473110674,2,12.682751975630767,PRJ_58,VEN_20
772,2022-05-16,Delhi,Infrastructure,93700.7757947304,5918.593679652108,3,8.579592741453048,PRJ_5,VEN_13
773,2022-05-22,Uttar Pradesh,Education,86776.75379114342,128882.38062124862,1,8.038225074842932,PRJ_16,VEN_47
774,2022-03-08,Karnataka,Water,62815.77065325766,3511.95454708563,2,19.792068891372573,PRJ_17,VEN_44
775,2020-09-29,Tamil Nadu,Infrastructure,83436.72701203168,10051.823670311564,2,17.369525134434408,PRJ_32,VEN_41
776,2022-05-30,Delhi,Water,39191.83011220182,69189.6304957516,3,26.870808460987323,PRJ_96,VEN_32
777,2020-03-02,Delhi,Water,11880.302432710074,27165.778022493305,2,4.314410733999657,PRJ_52,VEN_26
778,2021-08-18,Tamil Nadu,Water,29241.965464352026,55717.2499020666,4,14.106004810510557,PRJ_20,VEN_14
779,2022-05-29,Uttar Pradesh,Water,70056.30686048038,37904.62257346528,2,13.199193469932968,PRJ_66,VEN_36
780,2021-12-29,Tamil Nadu,Water,70456.05174016466,95758.29521225109,1,6.924290594319876,PRJ_84,VEN_8
781,2020-12-07,Uttar Pradesh,Water,62403.65039621753,29596.970484124722,1,9.984659535311401,PRJ_82,VEN_40
782,2021-01-31,Tamil Nadu,Infrastructure,103643.07124164847,42763.821375919935,0,5.648401894748265,PRJ_1,VEN_22
783,2021-11-29,Tamil Nadu,Education,33485.03677344254,10675.999545386505,2,2.2945476176730386,PRJ_58,VEN_22
784,2020-01-19,Maharashtra,Health,61493.14948549892,39590.04495359795,4,3.608184088306619,PRJ_93,VEN_16
785,2020-06-25,Delhi,Water,106095.27375375108,14822.089814173225,1,1.672584480723414,PRJ_93,VEN_27
786,2021-09-03,Tamil Nadu,Health,55001.19446353737,14001.141374430234,0,17.236095139337493,PRJ_83,VEN_10
787,2021-01-30,Tamil Nadu,Infrastructure,17269.134802499546,53891.25585208197,2,16.214270169549987,PRJ_44,VEN_25
788,2021-03-20,Karnataka,Water,22891.2868524082,54264.38383415016,0,45.11900763684696,PRJ_6,VEN_31
789,2020-08-20,Delhi,Education,137427.57420743754,119186.18815848196,0,19.62214452251857,PRJ_50,VEN_21
790,2022-07-03,Karnataka,Health,240980.70883535183,111665.51241305913,3,0.8017369652167061,PRJ_72,VEN_27
791,2020-03-16,Delhi,Water,193935.92652033118,55122.604794143655,2,32.344213394499576,PRJ_88,VEN_17
792,2020-09-21,Karnataka,Infrastructure,75520.23780701314,3942.437200126299,3,29.78109129486241,PRJ_20,VEN_33
793,2021-03-30,Tamil Nadu,Education,17977.34077410733,136992.43481398618,1,8.786479299828443,PRJ_14,VEN_31
794,2022-03-06,Tamil Nadu,Health,59495.05288143305,55158.58454411455,1,13.22337846047134,PRJ_5,VEN_42
795,2021-12-18,Maharashtra,Health,285573.61820537655,10240.85007120111,2,55.994559594632754,PRJ_41,VEN_26
796,2022-01-04,Karnataka,Water,111133.60225696098,45656.86031992147,4,11.399063171051584,PRJ_40,VEN_21
797,2021-01-18,Uttar Pradesh,Education,48655.61403289573,7806.6737750589045,3,35.35907708452313,PRJ_34,VEN_36
798,2021-07-17,Maharashtra,Education,112265.87632996758,40889.56275538839,1,1.3003511024544825,PRJ_80,VEN_1
799,2022-04-30,Karnataka,Education,16824.72472626434,5906.034825552398,4,3.1803071786357298,PRJ_45,VEN_4
800,2021-05-20,Karnataka,Education,29861.599077426068,9816.123729718593,1,8.717512770948694,PRJ_71,VEN_4
801,2021-01-01,Maharashtra,Infrastructure,20247.945467202422,44798.463870062245,3,13.183363895673649,PRJ_80,VEN_26
802,2020-05-23,Tamil Nadu,Education,95757.26878339342,64401.1483202267,1,25.410879211092613,PRJ_71,VEN_4
803,2022-06-03,Karnataka,Health,122284.24608962912,30498.62438459093,1,66.67400469498621,PRJ_27,VEN_49
804,2020-03-09,Tamil Nadu,Health,51337.35700148312,16544.87000572296,2,7.386229490728032,PRJ_78,VEN_9
805,2020-04-08,Maharashtra,Infrastructure,25010.982897026603,2657.480320665919,3,0.7286490738288102,PRJ_78,VEN_30
806,2021-01-30,Tamil Nadu,Health,58703.281459824124,17871.79231140356,1,24.229689771712323,PRJ_44,VEN_45
807,2020-01-25,Delhi,Health,36806.145567320484,37552.11861695611,3,13.909544130085608,PRJ_33,VEN_4
808,2022-08-05,Uttar Pradesh,Education,27006.40381793802,16046.321208043466,2,3.3198567252757556,PRJ_33,VEN_5
809,2022-06-09,Karnataka,Health,84035.42249530867,21534.725676370326,2,10.242858262946118,PRJ_44,VEN_45
810,2021-04-13,Uttar Pradesh,Infrastructure,28057.402432764255,18294.99002243612,2,20.33998379572448,PRJ_20,VEN_23
811,2021-04-28,Tamil Nadu,Education,12502.079469767546,15967.230099522103,0,22.072019298922807,PRJ_36,VEN_16
812,2021-07-18,Karnataka,Water,15613.41140945811,23762.818494798234,5,10.385764434422878,PRJ_7,VEN_22
813,2020-05-30,Tamil Nadu,Education,12049.031149847326,16769.305116414907,2,5.462282362681893,PRJ_32,VEN_37
814,2020-05-23,Delhi,Infrastructure,76688.87387829681,93273.33557308491,2,54.597101112832306,PRJ_67,VEN_8
815,2021-07-22,Maharashtra,Education,69592.03764850192,2424.986294532089,0,16.33123387250356,PRJ_39,VEN_48
816,2020-02-08,Karnataka,Education,66205.58437652375,12761.108345113738,4,7.869749095776605,PRJ_93,VEN_33
817,2020-04-18,Delhi,Infrastructure,107767.52637162332,9225.657835824639,1,4.937214614584042,PRJ_24,VEN_38
818,2021-11-23,Delhi,Education,197197.06863717028,27422.26627214335,1,19.70140213688021,PRJ_86,VEN_43
819,2020-02-11,Karnataka,Infrastructure,33114.72972494392,23792.954487167994,5,4.159709029293596,PRJ_70,VEN_16
820,2020-07-04,Tamil Nadu,Infrastructure,89902.18071085414,111546.08485208811,0,2.825878965886458,PRJ_88,VEN_5
821,2022-07-23,Delhi,Water,12337.324917958635,154994.05623540905,2,11.320038284679432,PRJ_87,VEN_16
822,2021-02-01,Uttar Pradesh,Health,237686.94894421197,10167.143194605746,1,5.137088283977849,PRJ_54,VEN_7
823,2020-08-10,Delhi,Health,17243.124473902313,22037.483214648746,3,14.869463624901115,PRJ_38,VEN_1
824,2021-09-25,Tamil Nadu,Education,29434.386566192283,26803.94660196321,2,1.8824054365705103,PRJ_74,VEN_9
825,2020-05-12,Tamil Nadu,Education,32934.97645781072,9918.790343486216,5,15.960602476818632,PRJ_80,VEN_18
826,2020-06-11,Uttar Pradesh,Water,13013.323591801187,41290.2649652828,3,4.996396373474265,PRJ_75,VEN_45
827,2020-08-02,Delhi,Water,61856.69250657001,17335.169417792527,2,0.0036444592179365543,PRJ_32,VEN_47
828,2022-01-02,Tamil Nadu,Water,74154.33943208714,7573.15585610359,2,2.036197221979421,PRJ_45,VEN_3
829,2020-08-22,Karnataka,Infrastructure,49542.50807429277,16654.43282539263,1,40.684347648356656,PRJ_61,VEN_24
830,2022-04-22,Maharashtra,Water,12832.706265288718,8121.948985984667,0,30.301142574145523,PRJ_70,VEN_28
831,2021-10-19,Maharashtra,Water,435123.95993847755,62109.04002693027,1,3.9909425611634513,PRJ_88,VEN_10
832,2022-01-20,Maharashtra,Education,103697.24185353423,147496.4305950589,3,22.601318214052228,PRJ_97,VEN_9
833,2021-08-10,Delhi,Water,834194.646876508,28136.399526741523,1,14.069289737593131,PRJ_53,VEN_13
834,2020-01-09,Uttar Pradesh,Infrastructure,26766.08179052722,24619.07352534367,1,53.057685351098925,PRJ_51,VEN_48
835,2020-03-14,Tamil Nadu,Infrastructure,156042.27266992844,25653.48648939062,0,7.016627540436275,PRJ_76,VEN_35
836,2022-08-11,Karnataka,Education,130518.97368441016,71842.68154717216,2,17.160137190745402,PRJ_56,VEN_23
837,2021-05-06,Karnataka,Water,44775.8807317355,70312.08742266959,3,0.9846585364791679,PRJ_27,VEN_47
838,2022-07-01,Delhi,Water,245499.67467405196,19620.81813833937,4,7.568860192770336,PRJ_38,VEN_17
839,2020-09-09,Maharashtra,Infrastructure,39918.29393393323,28355.88658768782,2,49.787762359923,PRJ_62,VEN_46
840,2020-08-17,Delhi,Water,41735.55075082026,42304.401211588374,3,11.614736246295603,PRJ_18,VEN_7
841,2021-06-02,Uttar Pradesh,Water,1860.4433677534644,7060.792267962098,3,5.092622174997674,PRJ_64,VEN_16
842,2020-06-22,Uttar Pradesh,Water,90131.7757760747,74058.3250004301,2,1.9221199735629182,PRJ_77,VEN_40
843,2021-10-14,Tamil Nadu,Health,15906.611005740107,124845.45498331555,3,18.237054712686167,PRJ_30,VEN_36
844,2020-06-16,Tamil Nadu,Education,34519.47043643996,70617.41785212499,0,15.52848090358075,PRJ_49,VEN_20
845,2020-06-18,Uttar Pradesh,Health,21456.445339639904,6338.554904367023,2,7.024605166240083,PRJ_41,VEN_24
846,2021-01-27,Uttar Pradesh,Education,41513.27193197902,3071.74027434328,2,45.22108193833282,PRJ_13,VEN_47
847,2022-08-03,Uttar Pradesh,Infrastructure,93328.44622314184,44744.270121082016,4,0.33679508543609027,PRJ_34,VEN_5
848,2022-03-05,Delhi,Water,60544.96330128247,10299.087221695183,2,5.4301339866194,PRJ_94,VEN_45
849,2021-09-25,Uttar Pradesh,Education,121739.80381102185,29352.51037959235,2,38.08781080468814,PRJ_25,VEN_6
850,2020-07-12,Karnataka,Health,212273.22808812308,102247.20310223383,2,5.805586087005967,PRJ_66,VEN_28
851,2021-05-31,Maharashtra,Water,41406.95178886112,11419.124580827012,2,4.360355569835264,PRJ_18,VEN_5
852,2020-01-29,Uttar Pradesh,Infrastructure,37102.24496622823,15099.929344064487,1,11.46064109149747,PRJ_5,VEN_49
853,2020-06-13,Maharashtra,Education,156018.15437540095,29048.524596922893,2,26.042182454609573,PRJ_19,VEN_39
854,2021-02-25,Delhi,Education,168897.49792448097,6017.880260008821,3,1.6329456499314852,PRJ_42,VEN_38
855,2020-12-04,Maharashtra,Education,125566.5113522256,10323.145653690599,1,42.9760110642758,PRJ_18,VEN_2
856,2021-10-09,Delhi,Water,23105.389783627754,22580.850515372847,3,23.77651321518177,PRJ_32,VEN_43
857,2021-05-10,Karnataka,Health,91368.40921727975,16310.186515167292,3,2.999652062351355,PRJ_21,VEN_39
858,2020-12-30,Delhi,Health,66800.81793911407,40473.70381913598,1,18.67233663416165,PRJ_10,VEN_21
859,2022-04-12,Delhi,Education,171532.65598178437,350101.92817983794,1,7.290988436481,PRJ_37,VEN_40
860,2020-12-07,Tamil Nadu,Infrastructure,33763.239824206736,24322.04304699084,4,7.719861287801225,PRJ_49,VEN_37
861,2021-05-14,Uttar Pradesh,Infrastructure,11309.402166259442,9492.792011409783,2,22.93793476970399,PRJ_86,VEN_18
862,2021-10-18,Uttar Pradesh,Health,119400.27706081375,90965.93318076075,1,49.36557320183753,PRJ_13,VEN_48
863,2021-05-25,Karnataka,Infrastructure,4636.113176726618,4497.070773934013,1,2.0313841745430903,PRJ_55,VEN_46
864,2020-11-22,Karnataka,Health,28810.252607910465,5492.241994291349,0,8.187215723166176,PRJ_17,VEN_12
865,2020-08-04,Uttar Pradesh,Education,21521.43057676465,12147.717382334795,2,9.836083404551555,PRJ_9,VEN_17
866,2020-10-27,Tamil Nadu,Health,21376.881837141464,16599.25808183337,3,7.08157113249511,PRJ_88,VEN_37
867,2020-05-11,Uttar Pradesh,Health,28309.947653130323,11860.007008444614,2,6.769238475096948,PRJ_44,VEN_46
868,2022-03-14,Tamil Nadu,Education,202273.00417771106,21343.183113767063,1,0.8052633224194274,PRJ_78,VEN_38
869,2020-03-10,Karnataka,Infrastructure,136019.75601798148,28991.034405734506,1,17.353410153949795,PRJ_46,VEN_15
870,2020-09-08,Maharashtra,Health,46549.39649723333,64148.72761221023,4,8.596219079497669,PRJ_8,VEN_7
871,2021-02-18,Karnataka,Health,186022.6039378283,24129.447796690674,1,3.249853328690433,PRJ_37,VEN_14
872,2022-02-25,Karnataka,Education,20696.147376073528,12557.253582585656,1,25.395024235199188,PRJ_19,VEN_1
873,2021-03-20,Delhi,Infrastructure,18064.72849721369,60757.4742428753,3,24.334864912994544,PRJ_63,VEN_38
874,2022-05-25,Delhi,Health,142002.03383273835,9723.340626577103,1,9.99441339433895,PRJ_92,VEN_3
875,2020-06-30,Delhi,Education,106899.37274572693,4304.418164547955,1,5.316960728289178,PRJ_46,VEN_37
876,2020-06-15,Delhi,Health,37787.61182580869,73567.30775351025,3,15.245508728655128,PRJ_94,VEN_44
877,2020-03-31,Tamil Nadu,Water,19236.00584590431,68999.41082749404,2,5.098365963695053,PRJ_71,VEN_31
878,2021-12-14,Uttar Pradesh,Education,257746.51348024455,9973.647142976102,2,4.037968048115218,PRJ_26,VEN_43
879,2022-05-07,Maharashtra,Infrastructure,10720.332479817422,14778.09278884816,2,19.66861897465842,PRJ_46,VEN_13
880,2021-06-14,Karnataka,Infrastructure,32911.389579019786,8804.977404107613,2,0.6174126494851361,PRJ_46,VEN_48
881,2020-02-08,Tamil Nadu,Infrastructure,75250.40220530977,30534.85868153473,3,1.4934680233646243,PRJ_75,VEN_18
882,2020-05-05,Maharashtra,Infrastructure,363002.43036009406,124498.54292043368,3,0.10216977713078569,PRJ_14,VEN_17
883,2021-03-26,Tamil Nadu,Health,87824.88889610484,44483.86413078633,5,2.4898126559918192,PRJ_85,VEN_17
884,2020-06-21,Tamil Nadu,Health,96790.55082089055,62051.790289341356,1,1.0722790497017949,PRJ_63,VEN_11
885,2021-10-14,Karnataka,Infrastructure,33881.22482092889,49997.50242641726,3,82.0985200468063,PRJ_72,VEN_20
886,2022-01-23,Uttar Pradesh,Infrastructure,105712.69040784783,22023.84152948716,1,5.112234200644932,PRJ_3,VEN_10
887,2020-08-07,Delhi,Infrastructure,66523.41838913488,65077.90944129661,0,2.4248720777859445,PRJ_28,VEN_29
888,2021-09-29,Uttar Pradesh,Health,12228.63314030973,46398.8782795672,2,4.136228571330063,PRJ_29,VEN_48
889,2020-02-27,Karnataka,Infrastructure,132314.2234630266,92915.49611589243,3,41.26254267433587,PRJ_87,VEN_34
890,2021-10-21,Karnataka,Infrastructure,158006.8064449665,13911.220988822406,1,11.014545431559503,PRJ_18,VEN_17
891,2021-04-20,Karnataka,Water,133701.5089107665,3873.4015770976657,4,6.80765787907025,PRJ_35,VEN_42
892,2021-03-31,Maharashtra,Water,61903.24779207397,62645.7433620975,1,30.999829477159942,PRJ_77,VEN_13
893,2022-04-08,Uttar Pradesh,Infrastructure,23013.19708930664,31249.839545459134,0,7.537661090152033,PRJ_76,VEN_44
894,2022-06-13,Uttar Pradesh,Education,5948.035456937195,16382.253097355013,2,6.119716883456292,PRJ_47,VEN_47
895,2020-12-26,Tamil Nadu,Infrastructure,70056.23848499844,17323.984154749098,0,3.484325870718634,PRJ_5,VEN_39
896,2022-07-23,Tamil Nadu,Water,176652.89831212204,283420.32608148846,4,7.117328848770275,PRJ_75,VEN_27
897,2020-01-01,Tamil Nadu,Education,162029.30113825353,11588.926944696332,1,5.7119757406035205,PRJ_59,VEN_26
898,2021-01-21,Karnataka,Education,135411.40169262767,9383.392901492878,2,16.965666739261366,PRJ_75,VEN_28
899,2022-08-30,Uttar Pradesh,Infrastructure,55591.69071234707,23987.406285275873,1,5.128541125467611,PRJ_59,VEN_13
900,2020-12-13,Karnataka,Water,177631.0941753168,71717.55799378418,1,12.912831378432166,PRJ_47,VEN_12
901,2020-07-08,Maharashtra,Water,150868.190479358,215001.86608327544,1,1.0224508862973276,PRJ_95,VEN_44
902,2021-05-19,Tamil Nadu,Education,39236.646127847525,42504.488597288,2,3.1847077598446245,PRJ_95,VEN_28
903,2020-07-09,Karnataka,Infrastructure,117782.85739127401,6183.2002487372065,1,7.848668094227907,PRJ_13,VEN_2
904,2021-05-22,Karnataka,Health,35032.828380301034,158081.2263476802,2,41.45723074970447,PRJ_78,VEN_37
905,2021-01-03,Maharashtra,Health,102746.92774473639,21601.7865504933,3,7.104199702036357,PRJ_89,VEN_34
906,2021-02-12,Delhi,Water,16332.027817657294,9530.86318507251,4,16.36297113245189,PRJ_33,VEN_23
907,2022-04-03,Uttar Pradesh,Health,17637.598685016554,7484.635085556757,2,4.4173221679850325,PRJ_97,VEN_45
908,2022-07-17,Delhi,Water,172509.4069385713,50834.40760419427,2,2.037872764988913,PRJ_62,VEN_29
909,2022-07-22,Tamil Nadu,Water,152903.16969383,27968.36659942748,3,0.904797087938873,PRJ_79,VEN_35
910,2020-04-26,Karnataka,Water,112827.06650815692,31103.4920660509,3,5.466578586141665,PRJ_16,VEN_11
911,2020-05-13,Maharashtra,Health,65379.813064112524,79738.1259834328,2,2.573591471287534,PRJ_44,VEN_48
912,2020-02-27,Maharashtra,Water,5479.261285699681,9875.82774455996,3,2.8675973170663474,PRJ_58,VEN_33
913,2021-07-09,Uttar Pradesh,Education,55554.73676855608,86349.18353860335,1,21.454277339017185,PRJ_6,VEN_11
914,2021-11-15,Delhi,Infrastructure,94294.9738089424,13106.226180147263,4,0.23947250131260114,PRJ_89,VEN_9
915,2021-11-02,Uttar Pradesh,Infrastructure,35075.80138415613,191761.43912663264,0,12.240238640449997,PRJ_15,VEN_14
916,2020-06-21,Karnataka,Water,29363.444848321316,40084.259938164076,5,7.157511556526306,PRJ_4,VEN_9
917,2022-04-08,Uttar Pradesh,Infrastructure,253830.09076125675,8775.87247045147,2,10.595006132681812,PRJ_56,VEN_39
918,2022-03-25,Maharashtra,Health,56371.05004380191,2906.142608327292,1,12.411505291943902,PRJ_64,VEN_48
919,2020-05-28,Maharashtra,Health,94352.70022672885,49460.25626299412,1,5.639345213856758,PRJ_68,VEN_3
920,2020-03-20,Tamil Nadu,Infrastructure,129849.51235293763,15150.968313988982,1,5.245678495522253,PRJ_94,VEN_29
921,2022-06-04,Tamil Nadu,Health,21994.834811838005,18853.13148263002,2,19.830192120025043,PRJ_34,VEN_19
922,2020-07-31,Karnataka,Infrastructure,72635.38092851655,47391.39775134181,1,30.751385668288535,PRJ_91,VEN_36
923,2020-07-21,Delhi,Infrastructure,224054.4752783227,60500.91853199187,4,3.208699827351721,PRJ_95,VEN_32
924,2022-02-02,Uttar Pradesh,Infrastructure,369247.77819476,74885.1092005913,3,1.5407728208185512,PRJ_56,VEN_7
925,2020-08-16,Karnataka,Water,62313.68834251641,6803.270229180327,0,34.21173853062378,PRJ_32,VEN_28
926,2021-11-06,Tamil Nadu,Infrastructure,47195.623869820156,91664.89400117277,2,6.45933155798378,PRJ_9,VEN_44
927,2020-08-14,Uttar Pradesh,Water,78356.48924340324,12344.361311561335,0,12.021592869538388,PRJ_63,VEN_18
928,2021-10-20,Tamil Nadu,Infrastructure,76392.28948020097,2307.1079864562366,0,6.683602809017247,PRJ_72,VEN_5
929,2021-06-15,Uttar Pradesh,Infrastructure,239607.64837156126,6778.82900668783,2,2.016731536646166,PRJ_78,VEN_23
930,2021-03-16,Delhi,Infrastructure,22106.087693836616,27392.515335778065,3,13.349539683549732,PRJ_33,VEN_22
931,2021-02-05,Karnataka,Health,45257.64629890137,8276.58525847521,2,11.17105573443821,PRJ_87,VEN_26
932,2020-02-16,Uttar Pradesh,Water,19591.648806584868,20170.078660646228,2,3.4033877836295616,PRJ_21,VEN_42
933,2020-08-20,Maharashtra,Water,21761.662815469906,30891.998697594052,1,9.018615764552695,PRJ_55,VEN_12
934,2020-10-31,Maharashtra,Infrastructure,87253.59259920802,18372.579672292806,0,23.91436098695479,PRJ_76,VEN_40
935,2021-06-09,Uttar Pradesh,Infrastructure,134572.4294008754,13435.36464554217,2,13.389569033674848,PRJ_57,VEN_19
936,2020-05-22,Uttar Pradesh,Health,31276.062458605007,6306.297000087918,3,1.52911764180398,PRJ_2,VEN_47
937,2021-02-18,Uttar Pradesh,Health,129585.32053073343,22515.15255044133,3,11.91180990783569,PRJ_13,VEN_1
938,2021-05-27,Maharashtra,Health,181966.64083290249,2793.4777736505384,3,18.19713571482905,PRJ_4,VEN_3
939,2021-01-07,Maharashtra,Water,414449.3283485597,11092.250144556694,3,23.604070333679772,PRJ_84,VEN_27
940,2021-07-19,Uttar Pradesh,Water,64199.25266261422,8709.902632261566,0,14.878052852221185,PRJ_50,VEN_18
941,2022-06-04,Tamil Nadu,Water,31578.616344598915,17337.43210419436,1,2.484766229564927,PRJ_48,VEN_30
942,2020-09-15,Tamil Nadu,Infrastructure,21972.085118189865,17794.953781932876,2,18.577080083386424,PRJ_78,VEN_2
943,2021-10-17,Delhi,Water,19894.663363911644,57523.95072654313,1,16.967427948085977,PRJ_30,VEN_5
944,2021-04-15,Karnataka,Education,208935.464591175,107310.01677560474,4,0.3709525246459163,PRJ_29,VEN_29
945,2022-08-10,Tamil Nadu,Education,13159.57167746247,7202.7714875398415,0,7.958989295775963,PRJ_8,VEN_33
946,2022-08-28,Maharashtra,Health,202348.85376075,161592.43732943214,1,6.073359653821016,PRJ_12,VEN_42
947,2020-01-12,Tamil Nadu,Water,25123.500720070107,10104.179210662294,4,16.603238793845307,PRJ_41,VEN_20
948,2020-11-25,Delhi,Education,30175.747026823174,26174.12962202175,1,3.6527925543929394,PRJ_26,VEN_30
949,2022-01-05,Delhi,Health,51454.054611553714,36712.14806249837,2,13.405905377960176,PRJ_50,VEN_42
950,2022-02-22,Karnataka,Water,29624.15783235379,253871.30708490085,4,36.663260162546905,PRJ_2,VEN_5
951,2022-08-25,Tamil Nadu,Infrastructure,152052.2901721577,12806.622030169434,2,23.977645566835836,PRJ_55,VEN_21
952,2020-12-23,Maharashtra,Education,367083.25419691426,3652.8464319360087,3,38.16177610393075,PRJ_56,VEN_15
953,2022-08-29,Maharashtra,Infrastructure,31025.596690142876,97770.62667771878,1,57.5996987118091,PRJ_14,VEN_20
954,2021-02-11,Uttar Pradesh,Water,38861.61031031092,9572.27751713445,2,0.16091191525246656,PRJ_6,VEN_8
955,2021-10-29,Maharashtra,Education,50852.22683328077,15342.950848459126,1,14.622360860304514,PRJ_95,VEN_49
956,2021-01-07,Karnataka,Water,102853.07201200411,7202.981712934892,3,7.986853473132295,PRJ_81,VEN_31
957,2020-01-08,Karnataka,Infrastructure,51354.90445124778,15387.276212880528,3,29.476110620683258,PRJ_89,VEN_12
958,2020-05-01,Maharashtra,Education,239727.32511141367,9505.334666220213,1,4.351569106494097,PRJ_61,VEN_21
959,2020-12-13,Maharashtra,Infrastructure,188456.76884352978,43323.12415090315,3,59.47304346292046,PRJ_96,VEN_30
960,2021-11-06,Uttar Pradesh,Water,18297.828057528717,23879.88208599584,3,14.267424599626107,PRJ_12,VEN_27
961,2020-03-30,Maharashtra,Water,100807.51300027872,11147.213545076469,3,23.664540113713695,PRJ_13,VEN_44
962,2021-10-09,Uttar Pradesh,Infrastructure,273850.94398931466,59627.489304383445,2,1.3423001619403268,PRJ_19,VEN_26
963,2021-11-28,Uttar Pradesh,Education,36505.53070416327,28424.216391989143,0,3.040151815383521,PRJ_44,VEN_33
964,2020-11-11,Maharashtra,Infrastructure,44610.97251235356,3477.09255044641,4,21.307305239897737,PRJ_89,VEN_26
965,2020-06-26,Delhi,Water,35311.46586238717,55254.40330787055,1,0.33347741844589435,PRJ_95,VEN_26
966,2021-06-23,Delhi,Infrastructure,36059.455055271515,26499.14861845222,2,25.464039068486386,PRJ_59,VEN_36
967,2022-01-01,Uttar Pradesh,Water,11288.597766858642,88497.75713712464,2,0.21070830803326837,PRJ_37,VEN_40
968,2022-05-18,Maharashtra,Infrastructure,15862.054849172717,24932.250029669154,1,16.055570421255588,PRJ_25,VEN_1
969,2020-02-10,Delhi,Education,64697.23337381426,9979.52376702939,2,6.814172953581869,PRJ_16,VEN_15
970,2022-01-09,Maharashtra,Education,272011.0514144078,17956.450105036394,6,14.181732902222596,PRJ_38,VEN_1
971,2021-12-04,Maharashtra,Infrastructure,32423.51426532231,49213.30687649337,0,17.86246343065808,PRJ_43,VEN_11
972,2022-07-11,Maharashtra,Infrastructure,31484.249914343938,10191.027347283978,4,6.289092392849385,PRJ_87,VEN_2
973,2021-05-16,Tamil Nadu,Education,328246.80885294295,14181.636648036925,2,1.713705731366888,PRJ_14,VEN_1
974,2022-08-16,Maharashtra,Water,19766.47378183176,17646.829597114844,1,1.082849669227341,PRJ_6,VEN_31
975,2020-05-24,Tamil Nadu,Education,11370.26436181536,6978.7729821751,2,13.33509620602893,PRJ_89,VEN_44
976,2020-07-19,Uttar Pradesh,Water,26146.864655737078,10338.980808608163,4,11.030031423878492,PRJ_23,VEN_16
977,2022-07-17,Delhi,Infrastructure,30859.981338608195,26174.742336281422,1,20.33362654261973,PRJ_60,VEN_22
978,2021-12-24,Delhi,Infrastructure,10431.099038944887,73311.86528197688,2,10.69215387002536,PRJ_12,VEN_42
979,2021-04-05,Delhi,Water,52678.26885134001,30246.839682953385,2,8.234294563729629,PRJ_13,VEN_18
980,2022-01-01,Delhi,Infrastructure,154576.8016493285,21039.117890809048,5,7.614639877587363,PRJ_98,VEN_47
981,2022-01-21,Delhi,Water,16548.408719199073,9592.427134942485,1,0.4020436930668063,PRJ_6,VEN_17
982,2022-07-13,Delhi,Health,65354.280558731305,65851.69266629327,0,6.132097302699499,PRJ_63,VEN_30
983,2022-06-27,Delhi,Education,88959.42764586597,33979.256006561875,2,55.9581254759865,PRJ_38,VEN_10
984,2021-07-11,Uttar Pradesh,Health,55084.0635052064,10864.656060724785,1,31.019286076728314,PRJ_50,VEN_35
985,2021-06-30,Maharashtra,Water,72091.58400356819,54103.19166144604,0,5.993246085066229,PRJ_52,VEN_21
986,2020-09-09,Karnataka,Education,72935.2443381219,38544.8224088354,1,13.293531948715739,PRJ_40,VEN_16
987,2021-01-24,Tamil Nadu,Water,26562.933434866776,9764.119308225521,1,28.188881312775273,PRJ_8,VEN_6
988,2021-08-16,Karnataka,Education,267957.2071718887,19902.92020140176,2,8.731450345616349,PRJ_61,VEN_3
989,2022-06-01,Karnataka,Education,208513.03454622938,13456.630960501168,2,0.27181594415227134,PRJ_8,VEN_41
990,2020-09-12,Maharashtra,Education,196793.7288004455,306673.1925029444,2,1.1614867649464475,PRJ_97,VEN_43
991,2021-12-09,Maharashtra,Education,164995.87301570206,37486.82748284643,0,10.712275220522878,PRJ_34,VEN_21
992,2022-03-25,Maharashtra,Water,12394.654012009758,26549.390105135233,3,52.320643281573794,PRJ_79,VEN_13
993,2022-07-09,Delhi,Education,151155.1962642164,35336.19444748822,1,17.723854685715455,PRJ_60,VEN_18
994,2021-03-25,Uttar Pradesh,Education,115335.60106012868,87479.74748119085,1,1.1033449575086105,PRJ_57,VEN_24
995,2020-01-10,Delhi,Health,12880.58457719012,20264.378208394217,3,3.1489845032033115,PRJ_99,VEN_27
996,2022-04-03,Uttar Pradesh,Infrastructure,48295.30571974065,12210.978487915178,1,22.131680665884797,PRJ_46,VEN_4
997,2022-03-08,Uttar Pradesh,Infrastructure,78967.64174096692,51240.38287115532,0,27.624310417545715,PRJ_22,VEN_22
998,2020-08-29,Karnataka,Health,316259.1015215838,18491.296372271456,1,14.423032158302883,PRJ_87,VEN_24
999,2020-09-07,Karnataka,Health,123589.86940381082,7556.056234213668,2,15.51020900856697,PRJ_40,VEN_40
