txn_id,work_id,vendor_id,amount,txn_date,payment_status
1,1,166,496400000,2025-08-30,Completed
2,2,98,108566666,2025-01-20,Completed
3,2,98,108566666,2024-09-29,Completed
4,2,98,108566666,2025-04-30,Completed
5,3,199,173100000,2025-07-05,Completed
6,3,199,173100000,2025-03-19,Completed
7,4,195,116266666,2025-09-10,Completed
8,4,195,116266666,2025-10-31,Completed
9,4,195,116266666,2026-05-05,Completed
10,5,144,229900000,2024-04-20,Completed
11,6,84,74266666,2025-05-28,Completed
12,6,84,74266666,2025-10-22,Completed
13,6,84,74266666,2025-08-30,Completed
14,7,115,41075000,2025-04-04,Completed
15,7,115,41075000,2025-03-16,Completed
16,7,115,41075000,2025-01-02,Completed
17,7,115,41075000,2024-11-21,Completed
18,8,147,175200000,2025-10-18,Completed
19,9,40,47933333,2024-07-02,Completed
20,9,40,47933333,2024-10-03,Completed
21,9,40,47933333,2024-12-14,Completed
22,10,171,265700000,2025-04-10,Completed
23,11,6,356300000,2025-07-30,Completed
24,12,140,246100000,2025-12-22,Completed
25,13,93,109825000,2024-02-29,Completed
26,13,93,109825000,2024-08-15,Completed
27,13,93,109825000,2024-02-23,Completed
28,13,93,109825000,2024-04-20,Completed
29,14,174,157966666,2025-03-11,Completed
30,14,174,157966666,2025-12-09,Completed
31,14,174,157966666,2025-06-26,Completed
32,15,183,118750000,2025-04-18,Completed
33,15,183,118750000,2026-01-14,Completed
34,16,155,218600000,2025-07-18,Completed
35,16,155,218600000,2025-07-19,Completed
36,17,196,94300000,2025-05-28,Completed
37,18,56,122325000,2024-07-01,Completed
38,18,56,122325000,2024-04-03,Completed
39,18,56,122325000,2024-10-08,Completed
40,18,56,122325000,2024-12-02,Completed
41,19,158,31600000,2025-10-11,Completed
42,19,158,31600000,2025-10-09,Completed
43,19,158,31600000,2025-05-25,Completed
44,19,158,31600000,2025-08-29,Completed
45,20,89,66800000,2025-07-19,Completed
46,20,89,66800000,2025-06-14,Completed
47,20,89,66800000,2024-12-26,Completed
48,20,89,66800000,2025-01-13,Completed
49,21,97,123525000,2025-02-20,Completed
50,21,97,123525000,2025-03-06,Completed
51,21,97,123525000,2024-08-27,Completed
52,21,97,123525000,2024-07-07,Completed
53,22,126,52800000,2025-08-14,Completed
54,22,126,52800000,2025-09-04,Completed
55,23,82,87866666,2025-03-10,Completed
56,23,82,87866666,2024-10-26,Completed
57,23,82,87866666,2025-01-20,Completed
58,24,199,36666666,2025-03-31,Completed
59,24,199,36666666,2025-06-29,Completed
60,24,199,36666666,2025-09-01,Completed
61,25,15,495000000,2025-07-29,Completed
62,26,103,80000000,2024-10-07,Completed
63,26,103,80000000,2024-10-12,Completed
64,27,191,464000000,2025-12-18,Completed
65,28,73,66125000,2026-05-20,Completed
66,28,73,66125000,2025-08-10,Completed
67,28,73,66125000,2025-10-02,Completed
68,28,73,66125000,2025-09-13,Completed
69,29,122,352400000,2025-01-18,Completed
70,30,56,63600000,2025-02-18,Completed
71,30,56,63600000,2025-04-01,Completed
72,30,56,63600000,2025-02-22,Completed
73,30,56,63600000,2025-03-01,Completed
74,31,11,129066666,2025-04-24,Completed
75,31,11,129066666,2025-03-29,Completed
76,31,11,129066666,2025-08-16,Completed
77,32,169,168200000,2024-03-23,Completed
78,32,169,168200000,2024-06-17,Completed
79,33,65,112533333,2025-10-28,Completed
80,33,65,112533333,2025-12-12,Completed
81,33,65,112533333,2026-02-24,Completed
82,34,19,27100000,2026-05-01,Completed
83,34,19,27100000,2026-06-08,Completed
84,34,19,27100000,2025-11-18,Completed
85,35,147,203600000,2024-05-20,Completed
86,35,147,203600000,2024-06-23,Completed
87,36,146,102366666,2025-11-08,Completed
88,36,146,102366666,2025-09-27,Completed
89,36,146,102366666,2025-11-05,Completed
90,37,75,120166666,2025-07-25,Completed
91,37,75,120166666,2025-10-06,Completed
92,37,75,120166666,2024-12-30,Completed
93,38,26,107725000,2024-03-29,Completed
94,38,26,107725000,2024-02-15,Completed
95,38,26,107725000,2024-05-27,Completed
96,38,26,107725000,2024-09-22,Completed
97,39,28,304200000,2025-01-17,Completed
98,40,117,105750000,2025-07-04,Completed
99,40,117,105750000,2025-05-16,Completed
100,40,117,105750000,2025-02-25,Completed
101,40,117,105750000,2025-01-07,Completed
102,41,31,99550000,2025-05-29,Completed
103,41,31,99550000,2026-02-13,Completed
104,41,31,99550000,2025-09-08,Completed
105,41,31,99550000,2025-07-05,Completed
106,42,12,103125000,2026-05-08,Completed
107,42,12,103125000,2026-03-17,Completed
108,42,12,103125000,2025-10-21,Completed
109,42,12,103125000,2026-04-01,Completed
110,43,18,477000000,2024-09-18,Completed
111,44,107,293659353,2024-11-14,Completed
112,44,107,293659353,2024-08-29,Completed
113,45,21,101000000,2025-12-21,Completed
114,46,49,196600000,2025-02-03,Completed
115,46,49,196600000,2024-09-19,Completed
116,47,108,36850000,2026-06-06,Completed
117,47,108,36850000,2025-12-14,Completed
118,48,159,36100000,2025-08-12,Completed
119,48,159,36100000,2025-11-28,Completed
120,49,96,120166666,2025-06-12,Completed
121,49,96,120166666,2025-12-28,Completed
122,49,96,120166666,2025-05-11,Completed
123,50,19,233600000,2025-09-18,Completed
124,51,183,122700000,2025-08-13,Completed
125,51,183,122700000,2025-04-28,Completed
126,52,185,61366666,2024-12-15,Completed
127,52,185,61366666,2024-12-26,Completed
128,52,185,61366666,2024-09-15,Completed
129,53,180,133400000,2025-08-06,Completed
130,54,179,26600000,2025-06-03,Completed
131,54,179,26600000,2025-11-17,Completed
132,54,179,26600000,2025-10-12,Completed
133,54,179,26600000,2025-12-01,Completed
134,55,179,163600000,2024-10-17,Completed
135,55,179,163600000,2024-09-07,Completed
136,55,179,163600000,2024-06-18,Completed
137,56,37,62425000,2024-12-25,Completed
138,56,37,62425000,2024-07-20,Completed
139,56,37,62425000,2025-03-16,Completed
140,56,37,62425000,2024-12-19,Completed
141,57,194,113533333,2025-06-03,Completed
142,57,194,113533333,2024-08-28,Completed
143,57,194,113533333,2025-05-14,Completed
144,58,99,112550000,2024-07-04,Completed
145,58,99,112550000,2023-11-26,Completed
146,58,99,112550000,2024-01-04,Completed
147,58,99,112550000,2024-04-16,Completed
148,59,61,100266666,2025-08-31,Completed
149,59,61,100266666,2025-11-03,Completed
150,59,61,100266666,2025-07-14,Completed
151,60,102,119400000,2025-11-13,Completed
152,60,102,119400000,2025-11-25,Completed
153,61,178,66150000,2025-04-28,Completed
154,61,178,66150000,2024-12-02,Completed
155,62,172,72325000,2025-07-13,Completed
156,62,172,72325000,2025-05-28,Completed
157,62,172,72325000,2025-10-14,Completed
158,62,172,72325000,2026-01-17,Completed
159,63,27,64200000,2026-04-09,Completed
160,63,27,64200000,2025-09-07,Completed
161,63,27,64200000,2025-08-28,Completed
162,63,27,64200000,2025-10-17,Completed
163,64,14,29925000,2025-03-01,Completed
164,64,14,29925000,2025-07-31,Completed
165,64,14,29925000,2025-05-19,Completed
166,64,14,29925000,2025-06-24,Completed
167,65,18,150050000,2025-05-11,Completed
168,65,18,150050000,2025-06-07,Completed
169,66,185,48075000,2026-04-05,Completed
170,66,185,48075000,2026-01-04,Completed
171,66,185,48075000,2025-08-24,Completed
172,66,185,48075000,2025-12-04,Completed
173,67,112,210950000,2025-03-02,Completed
174,67,112,210950000,2024-09-24,Completed
175,68,8,55500000,2026-03-29,Completed
176,68,8,55500000,2025-10-19,Completed
177,68,8,55500000,2026-04-13,Completed
178,69,95,459900000,2025-09-28,Completed
179,70,59,237500000,2025-07-15,Completed
180,71,155,69450000,2025-07-18,Completed
181,71,155,69450000,2026-01-28,Completed
182,71,155,69450000,2025-11-27,Completed
183,71,155,69450000,2025-12-28,Completed
184,72,145,80025000,2024-10-24,Completed
185,72,145,80025000,2024-02-04,Completed
186,72,145,80025000,2024-09-05,Completed
187,72,145,80025000,2024-03-02,Completed
188,73,72,117875000,2024-03-24,Completed
189,73,72,117875000,2024-06-01,Completed
190,73,72,117875000,2024-11-17,Completed
191,73,72,117875000,2024-08-29,Completed
192,74,83,23050000,2024-07-18,Completed
193,74,83,23050000,2024-01-14,Completed
194,74,83,23050000,2023-11-27,Completed
195,74,83,23050000,2024-03-14,Completed
196,75,16,31575000,2024-07-11,Completed
197,75,16,31575000,2024-07-29,Completed
198,75,16,31575000,2025-01-22,Completed
199,75,16,31575000,2024-10-08,Completed
200,76,40,218400000,2025-05-31,Completed
201,76,40,218400000,2024-11-21,Completed
202,77,153,109466666,2025-04-07,Completed
203,77,153,109466666,2025-07-14,Completed
204,77,153,109466666,2025-01-21,Completed
205,78,144,211500000,2024-09-27,Completed
206,78,144,211500000,2024-07-12,Completed
207,79,123,181150000,2025-10-27,Completed
208,79,123,181150000,2025-03-06,Completed
209,80,175,33050000,2024-11-20,Completed
210,80,175,33050000,2025-01-25,Completed
211,80,175,33050000,2025-06-10,Completed
212,80,175,33050000,2025-01-31,Completed
213,81,68,109100000,2024-12-22,Completed
214,81,68,109100000,2024-10-04,Completed
215,81,68,109100000,2024-09-02,Completed
216,82,120,53000000,2024-11-14,Completed
217,82,120,53000000,2025-05-09,Completed
218,83,123,413400000,2026-02-02,Completed
219,84,59,84600000,2025-07-08,Completed
220,84,59,84600000,2025-07-10,Completed
221,85,25,61800000,2024-04-09,Completed
222,85,25,61800000,2024-07-23,Completed
223,85,25,61800000,2024-04-09,Completed
224,85,25,61800000,2023-12-05,Completed
225,86,139,36833333,2025-08-31,Completed
226,86,139,36833333,2025-06-03,Completed
227,86,139,36833333,2025-09-16,Completed
228,87,128,45766666,2025-09-13,Completed
229,87,128,45766666,2025-04-26,Completed
230,87,128,45766666,2025-11-03,Completed
231,88,30,228450000,2026-02-22,Completed
232,88,30,228450000,2025-12-16,Completed
233,89,133,32375000,2024-08-20,Completed
234,89,133,32375000,2025-02-05,Completed
235,89,133,32375000,2024-10-09,Completed
236,89,133,32375000,2024-09-18,Completed
237,90,92,71466666,2024-07-08,Completed
238,90,92,71466666,2024-08-24,Completed
239,90,92,71466666,2024-12-17,Completed
240,91,185,80238617,2025-11-03,Completed
241,91,185,80238617,2025-07-28,Completed
242,91,185,80238617,2025-03-09,Completed
243,91,185,80238617,2025-08-12,Completed
244,92,139,105625000,2024-05-01,Completed
245,92,139,105625000,2023-12-18,Completed
246,92,139,105625000,2024-02-20,Completed
247,92,139,105625000,2024-06-21,Completed
248,93,170,77100000,2024-05-22,Completed
249,93,170,77100000,2023-12-24,Completed
250,93,170,77100000,2024-01-05,Completed
251,94,155,149650000,2026-03-29,Completed
252,94,155,149650000,2026-05-02,Completed
253,95,185,44125000,2025-12-19,Completed
254,95,185,44125000,2025-08-14,Completed
255,95,185,44125000,2026-02-03,Completed
256,95,185,44125000,2025-11-17,Completed
257,96,76,350900000,2025-08-17,Completed
258,97,9,422500000,2025-04-02,Completed
259,98,69,53100000,2025-08-03,Completed
260,98,69,53100000,2025-09-21,Completed
261,99,9,156400000,2025-11-04,Completed
262,100,155,78800000,2026-02-26,Completed
263,100,155,78800000,2025-07-30,Completed
264,100,155,78800000,2025-07-04,Completed
265,100,155,78800000,2026-01-31,Completed
266,101,41,140066666,2025-08-07,Completed
267,101,41,140066666,2024-12-31,Completed
268,101,41,140066666,2025-01-16,Completed
269,102,22,150533333,2024-02-18,Completed
270,102,22,150533333,2024-01-07,Completed
271,102,22,150533333,2024-02-07,Completed
272,103,126,90500000,2025-07-11,Completed
273,103,126,90500000,2025-07-19,Completed
274,103,126,90500000,2026-02-28,Completed
275,103,126,90500000,2025-09-09,Completed
276,104,146,125533333,2024-02-17,Completed
277,104,146,125533333,2024-05-31,Completed
278,104,146,125533333,2024-11-11,Completed
279,105,15,63150000,2026-06-04,Completed
280,105,15,63150000,2025-09-23,Completed
281,106,135,96625000,2024-12-27,Completed
282,106,135,96625000,2025-04-27,Completed
283,106,135,96625000,2025-05-09,Completed
284,106,135,96625000,2025-05-30,Completed
285,107,158,58900000,2025-01-22,Completed
286,107,158,58900000,2024-10-18,Completed
287,107,158,58900000,2024-06-10,Completed
288,108,105,23833333,2025-06-19,Completed
289,108,105,23833333,2025-09-05,Completed
290,108,105,23833333,2025-10-22,Completed
291,109,138,13750000,2024-12-04,Completed
292,109,138,13750000,2025-01-10,Completed
293,109,138,13750000,2024-11-14,Completed
294,109,138,13750000,2024-12-15,Completed
295,110,184,329200000,2025-06-13,Completed
296,111,25,29200000,2026-03-08,Completed
297,111,25,29200000,2025-12-25,Completed
298,111,25,29200000,2025-11-26,Completed
299,111,25,29200000,2026-04-27,Completed
300,112,179,46933333,2024-01-23,Completed
301,112,179,46933333,2024-04-21,Completed
302,112,179,46933333,2024-07-20,Completed
303,113,167,74333333,2024-07-01,Completed
304,113,167,74333333,2024-05-04,Completed
305,113,167,74333333,2025-01-10,Completed
306,114,128,459800000,2025-04-21,Completed
307,115,44,28425000,2025-08-24,Completed
308,115,44,28425000,2025-06-20,Completed
309,115,44,28425000,2025-03-22,Completed
310,115,44,28425000,2025-08-18,Completed
311,116,105,63566666,2024-03-12,Completed
312,116,105,63566666,2024-09-06,Completed
313,116,105,63566666,2024-03-21,Completed
314,117,53,159733333,2024-03-18,Completed
315,117,53,159733333,2024-05-14,Completed
316,117,53,159733333,2024-02-20,Completed
317,118,122,161533333,2025-12-06,Completed
318,118,122,161533333,2026-01-20,Completed
319,118,122,161533333,2025-11-13,Completed
320,119,167,192100000,2025-06-16,Completed
321,120,68,78675000,2025-10-09,Completed
322,120,68,78675000,2026-05-03,Completed
323,120,68,78675000,2026-04-19,Completed
324,120,68,78675000,2026-02-07,Completed
325,121,107,304200000,2023-12-21,Completed
326,122,87,139466666,2024-06-30,Completed
327,122,87,139466666,2024-07-13,Completed
328,122,87,139466666,2024-01-16,Completed
329,123,127,29750000,2024-08-15,Completed
330,123,127,29750000,2024-09-28,Completed
331,123,127,29750000,2024-09-27,Completed
332,123,127,29750000,2024-03-25,Completed
333,124,66,30933333,2025-10-01,Completed
334,124,66,30933333,2026-05-26,Completed
335,124,66,30933333,2026-02-27,Completed
336,125,85,107666666,2025-02-25,Completed
337,125,85,107666666,2024-10-14,Completed
338,125,85,107666666,2024-09-21,Completed
339,126,108,154600000,2025-11-12,Completed
340,127,10,112700000,2025-03-12,Completed
341,127,10,112700000,2025-03-21,Completed
342,128,95,465800000,2025-09-03,Completed
343,129,14,88150000,2025-10-11,Completed
344,129,14,88150000,2025-03-23,Completed
345,130,165,141700000,2024-04-05,Completed
346,130,165,141700000,2024-06-26,Completed
347,131,100,107050000,2024-12-22,Completed
348,131,100,107050000,2025-01-11,Completed
349,131,100,107050000,2024-12-10,Completed
350,131,100,107050000,2025-02-06,Completed
351,132,199,354000000,2026-01-10,Completed
352,133,4,273400000,2025-07-24,Completed
353,134,123,93600000,2024-06-09,Completed
354,135,94,65550000,2024-06-14,Completed
355,135,94,65550000,2024-04-24,Completed
356,136,157,163600000,2024-02-18,Completed
357,137,137,43100000,2024-01-27,Completed
358,137,137,43100000,2024-04-27,Completed
359,137,137,43100000,2024-04-01,Completed
360,137,137,43100000,2024-05-04,Completed
361,138,200,393900000,2024-09-11,Completed
362,139,105,41900000,2023-11-08,Completed
363,139,105,41900000,2024-01-10,Completed
364,139,105,41900000,2024-08-22,Completed
365,139,105,41900000,2024-05-30,Completed
366,140,172,123266666,2024-12-27,Completed
367,140,172,123266666,2025-07-12,Completed
368,140,172,123266666,2025-02-14,Completed
369,141,131,79600000,2025-03-07,Completed
370,141,131,79600000,2025-03-15,Completed
371,142,191,48536928,2025-01-13,Completed
372,142,191,48536928,2024-11-14,Completed
373,142,191,48536928,2025-01-28,Completed
374,143,179,94766666,2025-05-12,Completed
375,143,179,94766666,2025-02-25,Completed
376,143,179,94766666,2025-06-30,Completed
377,144,56,109233333,2024-10-06,Completed
378,144,56,109233333,2024-05-30,Completed
379,144,56,109233333,2024-02-26,Completed
380,145,99,165600000,2024-03-26,Completed
381,145,99,165600000,2024-06-06,Completed
382,145,99,165600000,2024-05-27,Completed
383,146,75,84475000,2025-06-01,Completed
384,146,75,84475000,2025-02-10,Completed
385,146,75,84475000,2025-02-19,Completed
386,146,75,84475000,2025-08-07,Completed
387,147,10,166900000,2024-05-05,Completed
388,148,100,173300000,2024-09-21,Completed
389,148,100,173300000,2024-08-11,Completed
390,149,90,376000000,2024-03-29,Completed
391,150,7,88133333,2025-05-25,Completed
392,150,7,88133333,2024-12-27,Completed
393,150,7,88133333,2024-11-17,Completed
394,151,28,140100000,2025-06-25,Completed
395,151,28,140100000,2025-02-01,Completed
396,151,28,140100000,2025-10-07,Completed
397,152,195,173050000,2025-02-26,Completed
398,152,195,173050000,2025-07-07,Completed
399,153,22,432800000,2025-06-18,Completed
400,154,31,27600000,2025-05-10,Completed
401,154,31,27600000,2025-06-05,Completed
402,154,31,27600000,2025-03-09,Completed
403,154,31,27600000,2024-11-18,Completed
404,155,122,155700000,2025-06-22,Completed
405,156,140,60866666,2025-05-07,Completed
406,156,140,60866666,2025-08-03,Completed
407,156,140,60866666,2025-07-06,Completed
408,157,196,243500000,2025-07-29,Completed
409,157,196,243500000,2025-10-22,Completed
410,158,90,38833333,2026-01-09,Completed
411,158,90,38833333,2026-04-25,Completed
412,158,90,38833333,2025-10-09,Completed
413,159,130,148533333,2025-09-19,Completed
414,159,130,148533333,2025-03-08,Completed
415,159,130,148533333,2025-03-01,Completed
416,160,173,148866666,2024-06-17,Completed
417,160,173,148866666,2024-06-30,Completed
418,160,173,148866666,2024-07-28,Completed
419,161,75,471800000,2024-12-24,Completed
420,162,16,121533333,2024-10-24,Completed
421,162,16,121533333,2024-08-22,Completed
422,162,16,121533333,2024-08-06,Completed
423,163,29,114350000,2025-06-07,Completed
424,163,29,114350000,2025-05-25,Completed
425,163,29,114350000,2025-08-03,Completed
426,163,29,114350000,2025-02-28,Completed
427,164,88,237192889,2025-12-29,Completed
428,164,88,237192889,2026-01-17,Completed
429,164,88,237192889,2025-12-29,Completed
430,165,126,52350000,2025-06-21,Completed
431,165,126,52350000,2025-02-03,Completed
432,165,126,52350000,2024-11-12,Completed
433,165,126,52350000,2024-11-17,Completed
434,166,82,87375000,2025-05-22,Completed
435,166,82,87375000,2024-09-28,Completed
436,166,82,87375000,2024-10-01,Completed
437,166,82,87375000,2024-09-27,Completed
438,167,198,219000000,2025-02-10,Completed
439,167,198,219000000,2025-02-06,Completed
440,168,11,108500000,2025-02-18,Completed
441,168,11,108500000,2024-06-28,Completed
442,168,11,108500000,2024-12-25,Completed
443,169,13,35900000,2025-04-26,Completed
444,169,13,35900000,2025-12-01,Completed
445,170,88,171000000,2024-05-29,Completed
446,171,131,98250000,2024-01-26,Completed
447,171,131,98250000,2024-03-05,Completed
448,171,131,98250000,2024-09-16,Completed
449,171,131,98250000,2024-04-10,Completed
450,172,23,102333333,2025-06-30,Completed
451,172,23,102333333,2025-03-24,Completed
452,172,23,102333333,2025-02-06,Completed
453,173,5,98166666,2025-10-15,Completed
454,173,5,98166666,2026-03-08,Completed
455,173,5,98166666,2025-12-10,Completed
456,174,131,71425000,2025-07-07,Completed
457,174,131,71425000,2025-03-27,Completed
458,174,131,71425000,2025-06-09,Completed
459,174,131,71425000,2025-02-02,Completed
460,175,131,83425000,2025-07-28,Completed
461,175,131,83425000,2025-07-22,Completed
462,175,131,83425000,2026-01-10,Completed
463,175,131,83425000,2025-08-26,Completed
464,176,195,123000000,2024-11-20,Completed
465,176,195,123000000,2024-08-19,Completed
466,177,186,218450000,2024-11-25,Completed
467,177,186,218450000,2024-12-30,Completed
468,178,19,649411152,2024-10-28,Completed
469,179,152,125066666,2024-05-09,Completed
470,179,152,125066666,2024-04-24,Completed
471,179,152,125066666,2024-09-19,Completed
472,180,32,70775000,2024-06-22,Completed
473,180,32,70775000,2024-12-29,Completed
474,180,32,70775000,2024-12-10,Completed
475,180,32,70775000,2024-09-01,Completed
476,181,72,160400000,2025-07-31,Completed
477,181,72,160400000,2026-01-12,Completed
478,182,24,48425000,2024-10-02,Completed
479,182,24,48425000,2024-06-28,Completed
480,182,24,48425000,2024-02-26,Completed
481,182,24,48425000,2024-08-05,Completed
482,183,179,78750000,2025-05-31,Completed
483,183,179,78750000,2025-12-08,Completed
484,183,179,78750000,2025-11-24,Completed
485,183,179,78750000,2025-06-28,Completed
486,184,200,121750000,2025-08-20,Completed
487,184,200,121750000,2025-10-09,Completed
488,185,90,72900000,2024-05-04,Completed
489,185,90,72900000,2024-10-05,Completed
490,185,90,72900000,2024-08-25,Completed
491,185,90,72900000,2024-09-15,Completed
492,186,111,252700000,2026-07-21,Completed
493,187,141,50250000,2023-12-30,Completed
494,187,141,50250000,2024-03-22,Completed
495,188,68,112600000,2025-02-11,Completed
496,188,68,112600000,2025-08-25,Completed
497,188,68,112600000,2025-07-06,Completed
498,188,68,112600000,2025-07-27,Completed
499,189,7,33900000,2024-04-02,Completed
500,189,7,33900000,2024-03-19,Completed
501,190,119,26625000,2025-08-10,Completed
502,190,119,26625000,2025-07-18,Completed
503,190,119,26625000,2025-12-11,Completed
504,190,119,26625000,2025-11-17,Completed
505,191,57,178850000,2025-02-06,Completed
506,191,57,178850000,2024-10-11,Completed
507,192,121,483200000,2024-11-10,Completed
508,193,61,119050000,2024-08-02,Completed
509,193,61,119050000,2024-06-22,Completed
510,194,180,61775000,2025-09-02,Completed
511,194,180,61775000,2025-12-12,Completed
512,194,180,61775000,2025-08-31,Completed
513,194,180,61775000,2026-03-02,Completed
514,195,56,54900000,2024-08-18,Completed
515,195,56,54900000,2024-07-06,Completed
516,195,56,54900000,2024-08-08,Completed
517,196,13,148050000,2025-11-07,Completed
518,196,13,148050000,2026-01-12,Completed
519,197,141,159866666,2025-03-19,Completed
520,197,141,159866666,2024-12-11,Completed
521,197,141,159866666,2025-06-10,Completed
522,198,64,214650000,2025-08-16,Completed
523,198,64,214650000,2025-06-03,Completed
524,199,95,57350000,2024-05-21,Completed
525,199,95,57350000,2024-09-09,Completed
526,200,162,102050000,2024-09-30,Completed
527,200,162,102050000,2024-05-14,Completed
528,201,19,55875000,2024-04-25,Completed
529,201,19,55875000,2024-04-05,Completed
530,201,19,55875000,2024-07-13,Completed
531,201,19,55875000,2024-04-23,Completed
532,202,38,75650000,2025-01-23,Completed
533,202,38,75650000,2025-08-01,Completed
534,202,38,75650000,2025-05-16,Completed
535,202,38,75650000,2025-03-18,Completed
536,203,40,42375000,2024-09-14,Completed
537,203,40,42375000,2024-07-03,Completed
538,203,40,42375000,2024-07-25,Completed
539,203,40,42375000,2024-10-01,Completed
540,204,121,153000000,2024-06-23,Completed
541,204,121,153000000,2024-06-24,Completed
542,204,121,153000000,2024-06-08,Completed
543,205,87,188600000,2024-12-07,Completed
544,206,55,44850000,2024-07-15,Completed
545,206,55,44850000,2024-08-27,Completed
546,207,36,88925000,2024-07-11,Completed
547,207,36,88925000,2023-11-13,Completed
548,207,36,88925000,2023-11-08,Completed
549,207,36,88925000,2024-08-03,Completed
550,208,173,122200000,2024-06-17,Completed
551,208,173,122200000,2024-05-11,Completed
552,208,173,122200000,2024-05-06,Completed
553,208,173,122200000,2024-12-11,Completed
554,209,1,120300000,2025-02-05,Completed
555,209,1,120300000,2025-07-06,Completed
556,209,1,120300000,2025-07-22,Completed
557,209,1,120300000,2025-08-19,Completed
558,210,76,18975000,2025-01-29,Completed
559,210,76,18975000,2025-01-05,Completed
560,210,76,18975000,2025-03-29,Completed
561,210,76,18975000,2025-02-12,Completed
562,211,18,64050000,2025-05-25,Completed
563,211,18,64050000,2025-04-08,Completed
564,212,49,139800000,2024-03-16,Completed
565,212,49,139800000,2023-10-15,Completed
566,213,77,28250000,2026-05-29,Completed
567,213,77,28250000,2026-02-11,Completed
568,213,77,28250000,2026-03-10,Completed
569,213,77,28250000,2025-11-05,Completed
570,214,179,31300000,2025-07-04,Completed
571,214,179,31300000,2025-05-29,Completed
572,214,179,31300000,2024-12-28,Completed
573,215,69,89375000,2024-07-26,Completed
574,215,69,89375000,2024-11-11,Completed
575,215,69,89375000,2024-10-17,Completed
576,215,69,89375000,2024-07-20,Completed
577,216,180,90300000,2024-05-03,Completed
578,216,180,90300000,2024-05-25,Completed
579,216,180,90300000,2024-01-16,Completed
580,216,180,90300000,2024-01-08,Completed
581,217,19,414300000,2025-09-15,Completed
582,218,119,44866666,2026-01-16,Completed
583,218,119,44866666,2025-07-09,Completed
584,218,119,44866666,2025-11-29,Completed
585,219,52,158933333,2025-02-03,Completed
586,219,52,158933333,2025-01-17,Completed
587,219,52,158933333,2025-05-12,Completed
588,220,119,406000000,2025-04-15,Completed
589,221,5,228050000,2025-04-10,Completed
590,221,5,228050000,2024-11-09,Completed
591,222,182,159950000,2026-02-07,Completed
592,222,182,159950000,2026-02-18,Completed
593,223,110,48875000,2024-07-31,Completed
594,223,110,48875000,2024-09-11,Completed
595,223,110,48875000,2024-10-07,Completed
596,223,110,48875000,2024-08-19,Completed
597,224,164,124225000,2024-03-06,Completed
598,224,164,124225000,2024-07-01,Completed
599,224,164,124225000,2024-04-17,Completed
600,224,164,124225000,2023-12-25,Completed
601,225,31,74500000,2025-07-02,Completed
602,225,31,74500000,2025-01-27,Completed
603,225,31,74500000,2025-08-07,Completed
604,225,31,74500000,2025-08-23,Completed
605,226,176,495300000,2025-12-01,Completed
606,227,188,21550000,2025-11-03,Completed
607,227,188,21550000,2025-12-24,Completed
608,227,188,21550000,2025-07-11,Completed
609,227,188,21550000,2025-05-23,Completed
610,228,94,234150000,2024-09-06,Completed
611,228,94,234150000,2024-07-31,Completed
612,229,68,83125000,2024-04-22,Completed
613,229,68,83125000,2024-05-08,Completed
614,229,68,83125000,2024-05-21,Completed
615,229,68,83125000,2024-09-04,Completed
616,230,3,83825000,2025-11-26,Completed
617,230,3,83825000,2025-07-20,Completed
618,230,3,83825000,2025-11-16,Completed
619,230,3,83825000,2025-07-08,Completed
620,231,37,69750000,2026-03-20,Completed
621,231,37,69750000,2025-09-26,Completed
622,232,32,59975000,2025-11-27,Completed
623,232,32,59975000,2025-05-23,Completed
624,232,32,59975000,2025-08-18,Completed
625,232,32,59975000,2025-12-25,Completed
626,233,14,218500000,2025-06-13,Completed
627,234,39,70466666,2026-03-09,Completed
628,234,39,70466666,2026-03-11,Completed
629,234,39,70466666,2025-10-20,Completed
630,235,193,39800000,2024-11-09,Completed
631,235,193,39800000,2024-12-13,Completed
632,235,193,39800000,2025-03-21,Completed
633,236,7,182150000,2025-07-13,Completed
634,236,7,182150000,2024-12-26,Completed
635,237,69,46950000,2025-05-02,Completed
636,237,69,46950000,2025-08-07,Completed
637,238,117,226400000,2024-12-31,Completed
638,238,117,226400000,2025-09-04,Completed
639,239,69,144600000,2025-05-23,Completed
640,239,69,144600000,2025-07-17,Completed
641,240,150,143500000,2024-07-09,Completed
642,241,34,293800000,2023-11-12,Completed
643,242,147,55475000,2024-10-29,Completed
644,242,147,55475000,2024-10-16,Completed
645,242,147,55475000,2024-11-19,Completed
646,242,147,55475000,2024-11-19,Completed
647,243,105,163766666,2025-02-05,Completed
648,243,105,163766666,2025-06-12,Completed
649,243,105,163766666,2024-11-09,Completed
650,244,34,49250000,2024-10-09,Completed
651,244,34,49250000,2024-08-17,Completed
652,245,200,112725000,2025-06-03,Completed
653,245,200,112725000,2025-07-12,Completed
654,245,200,112725000,2024-12-31,Completed
655,245,200,112725000,2025-01-09,Completed
656,246,76,422400000,2025-04-26,Completed
657,247,72,121950000,2025-08-25,Completed
658,247,72,121950000,2025-09-22,Completed
659,247,72,121950000,2025-09-02,Completed
660,247,72,121950000,2025-09-29,Completed
661,248,60,331500000,2025-09-28,Completed
662,249,14,205750000,2024-07-03,Completed
663,249,14,205750000,2024-09-28,Completed
664,250,4,63200000,2024-12-20,Completed
665,250,4,63200000,2025-06-14,Completed
666,251,39,62350000,2024-06-11,Completed
667,251,39,62350000,2025-03-25,Completed
668,252,47,37175000,2024-08-30,Completed
669,252,47,37175000,2024-11-19,Completed
670,252,47,37175000,2025-02-06,Completed
671,252,47,37175000,2024-09-08,Completed
672,253,81,147550000,2025-06-30,Completed
673,253,81,147550000,2025-05-23,Completed
674,254,3,205250000,2026-02-07,Completed
675,254,3,205250000,2026-02-23,Completed
676,255,106,50266666,2024-09-09,Completed
677,255,106,50266666,2024-11-03,Completed
678,255,106,50266666,2024-11-18,Completed
679,256,150,35950000,2025-02-06,Completed
680,256,150,35950000,2025-02-01,Completed
681,257,92,146050000,2025-04-04,Completed
682,257,92,146050000,2025-02-07,Completed
683,258,80,36033333,2025-12-01,Completed
684,258,80,36033333,2026-04-11,Completed
685,258,80,36033333,2026-04-28,Completed
686,259,82,109700000,2025-02-08,Completed
687,260,133,198450000,2025-06-20,Completed
688,260,133,198450000,2025-03-12,Completed
689,261,122,177200000,2025-06-14,Completed
690,262,179,135300000,2025-09-13,Completed
691,262,179,135300000,2025-08-16,Completed
692,262,179,135300000,2025-06-22,Completed
693,263,104,111333333,2024-04-11,Completed
694,263,104,111333333,2024-07-25,Completed
695,263,104,111333333,2024-03-21,Completed
696,264,180,74000000,2024-12-12,Completed
697,265,51,140933333,2024-08-15,Completed
698,265,51,140933333,2024-10-04,Completed
699,265,51,140933333,2024-07-18,Completed
700,266,33,122184073,2025-01-09,Completed
701,266,33,122184073,2024-09-11,Completed
702,266,33,122184073,2024-09-26,Completed
703,267,95,77966666,2024-09-14,Completed
704,267,95,77966666,2024-06-07,Completed
705,267,95,77966666,2024-11-05,Completed
706,268,1,49225000,2023-12-26,Completed
707,268,1,49225000,2024-07-16,Completed
708,268,1,49225000,2024-04-13,Completed
709,268,1,49225000,2024-04-28,Completed
710,269,140,107150000,2025-07-30,Completed
711,269,140,107150000,2025-06-11,Completed
712,270,188,124425000,2023-11-01,Completed
713,270,188,124425000,2024-02-16,Completed
714,270,188,124425000,2024-07-23,Completed
715,270,188,124425000,2024-04-14,Completed
716,271,198,17033333,2025-04-06,Completed
717,271,198,17033333,2025-05-28,Completed
718,271,198,17033333,2025-11-10,Completed
719,272,194,106238421,2024-10-18,Completed
720,272,194,106238421,2024-04-10,Completed
721,272,194,106238421,2024-04-15,Completed
722,273,6,33666666,2025-08-29,Completed
723,273,6,33666666,2025-09-26,Completed
724,273,6,33666666,2025-11-05,Completed
725,274,170,241300000,2024-12-11,Completed
726,275,32,215850000,2025-05-11,Completed
727,275,32,215850000,2025-02-26,Completed
728,276,110,83000000,2025-09-10,Completed
729,277,107,65775000,2025-09-13,Completed
730,277,107,65775000,2025-09-10,Completed
731,277,107,65775000,2025-04-09,Completed
732,277,107,65775000,2025-01-20,Completed
733,278,151,232000000,2025-11-12,Completed
734,279,158,211900000,2024-12-26,Completed
735,280,188,22850000,2025-07-10,Completed
736,280,188,22850000,2024-11-13,Completed
737,280,188,22850000,2025-05-12,Completed
738,280,188,22850000,2025-06-04,Completed
739,281,122,203300000,2025-02-26,Completed
740,282,42,49950000,2024-11-14,Completed
741,282,42,49950000,2024-06-25,Completed
742,283,143,114700000,2026-03-07,Completed
743,283,143,114700000,2026-01-06,Completed
744,283,143,114700000,2025-11-21,Completed
745,284,126,18500000,2025-11-01,Completed
746,284,126,18500000,2025-08-05,Completed
747,284,126,18500000,2025-06-02,Completed
748,284,126,18500000,2025-04-25,Completed
749,285,96,268300000,2025-05-02,Completed
750,286,138,64733333,2025-09-12,Completed
751,286,138,64733333,2026-02-25,Completed
752,286,138,64733333,2026-06-15,Completed
753,287,55,494100000,2024-03-28,Completed
754,288,39,107233333,2024-12-10,Completed
755,288,39,107233333,2025-02-23,Completed
756,288,39,107233333,2024-10-11,Completed
757,289,33,46933333,2026-01-19,Completed
758,289,33,46933333,2025-08-21,Completed
759,289,33,46933333,2025-12-20,Completed
760,290,101,149700000,2026-01-24,Completed
761,290,101,149700000,2025-12-30,Completed
762,290,101,149700000,2026-04-13,Completed
763,291,116,51400000,2025-12-04,Completed
764,292,129,152133333,2025-02-02,Completed
765,292,129,152133333,2024-11-16,Completed
766,292,129,152133333,2024-10-07,Completed
767,293,37,415800000,2025-05-25,Completed
768,294,158,25500000,2025-03-10,Completed
769,294,158,25500000,2025-04-20,Completed
770,295,21,221350000,2024-07-22,Completed
771,295,21,221350000,2024-12-17,Completed
772,296,77,291500000,2026-03-12,Completed
773,297,67,60600000,2026-02-03,Completed
774,297,67,60600000,2025-06-16,Completed
775,297,67,60600000,2026-01-07,Completed
776,298,107,44650000,2024-08-10,Completed
777,298,107,44650000,2024-08-03,Completed
778,298,107,44650000,2024-03-15,Completed
779,298,107,44650000,2024-03-24,Completed
780,299,8,45300000,2025-05-11,Completed
781,299,8,45300000,2025-10-15,Completed
782,300,108,145600000,2024-11-21,Completed
783,300,108,145600000,2024-10-16,Completed
784,301,182,29275000,2026-06-11,Completed
785,301,182,29275000,2026-06-20,Completed
786,301,182,29275000,2026-02-25,Completed
787,301,182,29275000,2025-11-28,Completed
788,302,127,117533333,2024-04-13,Completed
789,302,127,117533333,2024-09-19,Completed
790,302,127,117533333,2025-02-17,Completed
791,303,1,60100000,2025-09-25,Completed
792,303,1,60100000,2025-01-16,Completed
793,304,10,121500000,2024-10-16,Completed
794,304,10,121500000,2025-04-02,Completed
795,305,60,223500000,2024-11-27,Completed
796,306,167,261200000,2024-05-17,Completed
797,307,42,118925000,2025-05-16,Completed
798,307,42,118925000,2025-10-18,Completed
799,307,42,118925000,2025-06-04,Completed
800,307,42,118925000,2025-06-03,Completed
801,308,29,45500000,2024-06-23,Completed
802,308,29,45500000,2024-04-09,Completed
803,308,29,45500000,2024-06-09,Completed
804,309,83,47750000,2025-02-22,Completed
805,309,83,47750000,2025-08-24,Completed
806,309,83,47750000,2025-07-22,Completed
807,309,83,47750000,2025-06-04,Completed
808,310,21,90000000,2025-01-12,Completed
809,310,21,90000000,2025-04-02,Completed
810,310,21,90000000,2025-06-07,Completed
811,311,117,312800000,2025-08-16,Completed
812,312,160,24000000,2024-11-15,Completed
813,312,160,24000000,2025-06-02,Completed
814,312,160,24000000,2024-09-21,Completed
815,312,160,24000000,2024-12-04,Completed
816,313,56,48600000,2024-09-04,Completed
817,313,56,48600000,2024-10-22,Completed
818,314,87,37500000,2024-11-09,Completed
819,314,87,37500000,2024-12-19,Completed
820,315,115,62000000,2024-10-28,Completed
821,315,115,62000000,2024-10-30,Completed
822,316,190,57200000,2025-03-21,Completed
823,317,133,68875000,2025-04-24,Completed
824,317,133,68875000,2025-04-06,Completed
825,317,133,68875000,2025-08-11,Completed
826,317,133,68875000,2025-05-19,Completed
827,318,80,18666666,2026-01-21,Completed
828,318,80,18666666,2025-10-16,Completed
829,318,80,18666666,2026-04-25,Completed
830,319,95,105433333,2025-06-16,Completed
831,319,95,105433333,2025-05-27,Completed
832,319,95,105433333,2025-12-01,Completed
833,320,169,77950000,2024-10-14,Completed
834,320,169,77950000,2024-09-25,Completed
835,320,169,77950000,2024-12-16,Completed
836,320,169,77950000,2024-12-09,Completed
837,321,21,82775000,2025-12-28,Completed
838,321,21,82775000,2026-03-14,Completed
839,321,21,82775000,2025-11-28,Completed
840,321,21,82775000,2025-09-23,Completed
841,322,28,217800000,2024-10-18,Completed
842,322,28,217800000,2024-06-14,Completed
843,323,74,100500000,2024-06-23,Completed
844,323,74,100500000,2024-09-18,Completed
845,323,74,100500000,2024-03-25,Completed
846,324,200,109200000,2025-09-28,Completed
847,324,200,109200000,2025-06-01,Completed
848,324,200,109200000,2025-07-30,Completed
849,324,200,109200000,2025-01-27,Completed
850,325,158,165350000,2026-01-02,Completed
851,325,158,165350000,2025-10-25,Completed
852,326,83,153350000,2025-01-16,Completed
853,326,83,153350000,2025-10-13,Completed
854,327,165,401700000,2023-12-22,Completed
855,328,78,242500000,2024-10-07,Completed
856,328,78,242500000,2024-12-07,Completed
857,329,98,62266666,2025-05-28,Completed
858,329,98,62266666,2025-09-01,Completed
859,329,98,62266666,2025-12-17,Completed
860,330,158,185000000,2024-10-11,Completed
861,331,140,223000000,2025-02-08,Completed
862,332,78,488000000,2024-04-17,Completed
863,333,183,97850000,2024-08-02,Completed
864,333,183,97850000,2024-08-29,Completed
865,333,183,97850000,2024-05-20,Completed
866,333,183,97850000,2024-10-17,Completed
867,334,190,162300000,2026-01-16,Completed
868,335,61,228850000,2024-07-12,Completed
869,335,61,228850000,2024-08-07,Completed
870,336,136,166333333,2026-01-08,Completed
871,336,136,166333333,2025-09-11,Completed
872,336,136,166333333,2025-09-16,Completed
873,337,83,172100000,2025-12-28,Completed
874,338,47,208801275,2024-07-24,Completed
875,338,47,208801275,2024-09-20,Completed
876,338,47,208801275,2024-04-14,Completed
877,339,186,19300000,2025-01-11,Completed
878,339,186,19300000,2025-02-21,Completed
879,339,186,19300000,2024-11-26,Completed
880,340,172,66600000,2026-01-16,Completed
881,340,172,66600000,2026-03-04,Completed
882,340,172,66600000,2026-02-03,Completed
883,341,137,45125000,2024-03-22,Completed
884,341,137,45125000,2024-07-02,Completed
885,341,137,45125000,2024-06-21,Completed
886,341,137,45125000,2024-01-04,Completed
887,342,58,47500000,2025-04-30,Completed
888,342,58,47500000,2024-11-27,Completed
889,342,58,47500000,2025-08-16,Completed
890,343,197,327100000,2024-08-25,Completed
891,344,143,171700000,2025-03-31,Completed
892,345,146,228050000,2024-08-27,Completed
893,345,146,228050000,2025-02-10,Completed
894,346,46,90025000,2024-10-12,Completed
895,346,46,90025000,2024-04-11,Completed
896,346,46,90025000,2024-11-07,Completed
897,346,46,90025000,2024-10-11,Completed
898,347,106,134000000,2025-02-04,Completed
899,348,132,211850000,2025-09-02,Completed
900,348,132,211850000,2025-07-01,Completed
901,349,73,420700000,2025-08-05,Completed
902,350,113,249300000,2025-11-04,Completed
903,350,113,249300000,2025-05-07,Completed
904,351,56,50900000,2025-02-10,Completed
905,351,56,50900000,2025-04-27,Completed
906,351,56,50900000,2024-12-30,Completed
907,351,56,50900000,2025-06-05,Completed
908,352,162,209500000,2024-10-22,Completed
909,352,162,209500000,2024-02-12,Completed
910,353,63,222800000,2024-01-02,Completed
911,353,63,222800000,2023-12-21,Completed
912,354,64,231450000,2024-09-16,Completed
913,354,64,231450000,2024-11-18,Completed
914,355,11,54366666,2025-06-06,Completed
915,355,11,54366666,2025-02-06,Completed
916,355,11,54366666,2025-06-09,Completed
917,356,7,166400000,2025-10-31,Completed
918,356,7,166400000,2025-11-20,Completed
919,357,33,110875000,2025-05-19,Completed
920,357,33,110875000,2025-01-12,Completed
921,357,33,110875000,2025-03-23,Completed
922,357,33,110875000,2024-08-25,Completed
923,358,179,32100000,2025-09-20,Completed
924,358,179,32100000,2025-07-28,Completed
925,358,179,32100000,2025-06-15,Completed
926,359,39,171900000,2025-10-01,Completed
927,359,39,171900000,2025-07-05,Completed
928,360,55,29466666,2025-04-19,Completed
929,360,55,29466666,2024-08-07,Completed
930,360,55,29466666,2024-07-17,Completed
931,361,134,78233333,2024-11-02,Completed
932,361,134,78233333,2024-05-07,Completed
933,361,134,78233333,2024-05-06,Completed
934,362,178,111000000,2025-05-25,Completed
935,363,194,266400000,2026-03-03,Completed
936,364,197,30533333,2025-01-29,Completed
937,364,197,30533333,2025-02-28,Completed
938,364,197,30533333,2024-11-22,Completed
939,365,111,240200000,2024-10-07,Completed
940,365,111,240200000,2024-12-12,Completed
941,366,59,80450000,2026-02-11,Completed
942,366,59,80450000,2025-05-04,Completed
943,366,59,80450000,2025-06-27,Completed
944,366,59,80450000,2025-10-24,Completed
945,367,187,82600000,2024-08-28,Completed
946,368,186,17550000,2025-06-05,Completed
947,368,186,17550000,2024-10-21,Completed
948,368,186,17550000,2025-02-27,Completed
949,368,186,17550000,2025-01-05,Completed
950,369,7,245350000,2024-07-15,Completed
951,369,7,245350000,2024-02-02,Completed
952,370,20,36333333,2025-05-12,Completed
953,370,20,36333333,2025-06-06,Completed
954,370,20,36333333,2025-05-30,Completed
955,371,115,26925000,2026-03-15,Completed
956,371,115,26925000,2026-04-16,Completed
957,371,115,26925000,2026-03-24,Completed
958,371,115,26925000,2026-04-07,Completed
959,372,80,101800000,2025-11-08,Completed
960,373,32,30200000,2024-11-28,Completed
961,373,32,30200000,2025-07-13,Completed
962,373,32,30200000,2025-02-01,Completed
963,373,32,30200000,2025-08-13,Completed
964,374,199,165666666,2024-03-19,Completed
965,374,199,165666666,2024-12-22,Completed
966,374,199,165666666,2024-12-23,Completed
967,375,46,54100000,2025-12-03,Completed
968,376,82,111700000,2024-10-19,Completed
969,376,82,111700000,2024-10-31,Completed
970,377,33,209100000,2025-08-01,Completed
971,378,157,85100000,2025-08-09,Completed
972,378,157,85100000,2025-04-14,Completed
973,378,157,85100000,2025-06-08,Completed
974,379,199,69500000,2024-09-12,Completed
975,379,199,69500000,2025-04-11,Completed
976,379,199,69500000,2025-04-12,Completed
977,380,189,13475000,2025-05-07,Completed
978,380,189,13475000,2025-06-19,Completed
979,380,189,13475000,2025-02-23,Completed
980,380,189,13475000,2025-06-04,Completed
981,381,189,448900000,2025-12-19,Completed
982,382,13,265600000,2024-02-20,Completed
983,383,95,56050000,2024-12-23,Completed
984,383,95,56050000,2025-04-13,Completed
985,383,95,56050000,2025-04-26,Completed
986,383,95,56050000,2025-01-30,Completed
987,384,199,53200000,2025-03-23,Completed
988,384,199,53200000,2024-07-14,Completed
989,384,199,53200000,2024-11-08,Completed
990,385,31,207750000,2026-02-16,Completed
991,385,31,207750000,2025-12-14,Completed
992,386,174,119900000,2025-07-09,Completed
993,386,174,119900000,2025-04-19,Completed
994,387,192,105133333,2025-04-19,Completed
995,387,192,105133333,2025-09-10,Completed
996,387,192,105133333,2025-03-05,Completed
997,388,104,118300000,2024-08-07,Completed
998,388,104,118300000,2024-08-03,Completed
999,388,104,118300000,2024-10-15,Completed
1000,388,104,118300000,2024-10-12,Completed
1001,389,137,205150000,2025-12-18,Completed
1002,389,137,205150000,2026-01-06,Completed
1003,390,69,59650000,2025-07-07,Completed
1004,390,69,59650000,2025-07-07,Completed
1005,390,69,59650000,2025-02-19,Completed
1006,390,69,59650000,2025-01-25,Completed
1007,391,136,154700000,2024-07-26,Completed
1008,392,75,197400000,2024-06-25,Completed
1009,393,45,222250000,2024-04-11,Completed
1010,393,45,222250000,2024-09-26,Completed
1011,394,42,210700000,2024-12-29,Completed
1012,394,42,210700000,2025-01-24,Completed
1013,395,76,172500000,2024-12-07,Completed
1014,396,113,122925000,2026-05-18,Completed
1015,396,113,122925000,2026-03-27,Completed
1016,396,113,122925000,2026-03-01,Completed
1017,396,113,122925000,2025-09-15,Completed
1018,397,54,362300000,2026-03-14,Completed
1019,398,147,60100000,2024-04-08,Completed
1020,398,147,60100000,2024-03-04,Completed
1021,398,147,60100000,2023-12-01,Completed
1022,398,147,60100000,2023-12-02,Completed
1023,399,47,89300000,2025-08-31,Completed
1024,399,47,89300000,2025-04-22,Completed
1025,399,47,89300000,2025-05-17,Completed
1026,399,47,89300000,2025-10-03,Completed
1027,400,24,174750000,2025-09-06,Completed
1028,400,24,174750000,2025-11-16,Completed
1029,401,196,64450000,2025-12-08,Completed
1030,401,196,64450000,2025-11-28,Completed
1031,401,196,64450000,2026-01-24,Completed
1032,401,196,64450000,2026-05-15,Completed
1033,402,111,327200000,2025-06-05,Completed
1034,403,130,169000000,2024-08-15,Completed
1035,404,130,26966666,2024-10-31,Completed
1036,404,130,26966666,2024-12-30,Completed
1037,404,130,26966666,2025-06-12,Completed
1038,405,185,104750000,2024-05-19,Completed
1039,405,185,104750000,2024-03-12,Completed
1040,406,152,30275000,2025-05-18,Completed
1041,406,152,30275000,2025-02-02,Completed
1042,406,152,30275000,2025-07-15,Completed
1043,406,152,30275000,2024-10-30,Completed
1044,407,29,167550000,2025-02-12,Completed
1045,407,29,167550000,2025-01-17,Completed
1046,408,181,36400000,2025-02-26,Completed
1047,408,181,36400000,2024-10-02,Completed
1048,408,181,36400000,2025-01-08,Completed
1049,409,40,328200000,2025-04-27,Completed
1050,410,172,181700000,2025-05-16,Completed
1051,410,172,181700000,2025-07-05,Completed
1052,411,14,84433333,2024-08-18,Completed
1053,411,14,84433333,2025-04-20,Completed
1054,411,14,84433333,2024-10-10,Completed
1055,412,161,49925000,2024-04-17,Completed
1056,412,161,49925000,2024-05-05,Completed
1057,412,161,49925000,2024-05-08,Completed
1058,412,161,49925000,2024-05-20,Completed
1059,413,170,254500000,2024-07-19,Completed
1060,414,185,13850000,2024-05-09,Completed
1061,414,185,13850000,2024-04-10,Completed
1062,414,185,13850000,2024-07-10,Completed
1063,414,185,13850000,2024-03-20,Completed
1064,415,133,155000000,2026-05-06,Completed
1065,416,99,148600000,2024-05-20,Completed
1066,417,158,115400000,2026-02-18,Completed
1067,417,158,115400000,2026-03-06,Completed
1068,417,158,115400000,2026-06-18,Completed
1069,418,11,132400000,2024-09-30,Completed
1070,418,11,132400000,2024-07-30,Completed
1071,418,11,132400000,2024-10-25,Completed
1072,419,168,59300000,2025-05-22,Completed
1073,419,168,59300000,2025-02-16,Completed
1074,419,168,59300000,2025-01-21,Completed
1075,419,168,59300000,2025-01-23,Completed
1076,420,105,53366666,2026-05-12,Completed
1077,420,105,53366666,2026-02-05,Completed
1078,420,105,53366666,2026-01-11,Completed
1079,421,98,183800000,2024-06-25,Completed
1080,422,153,165950000,2025-08-31,Completed
1081,422,153,165950000,2025-02-26,Completed
1082,423,199,104025000,2024-06-06,Completed
1083,423,199,104025000,2024-06-17,Completed
1084,423,199,104025000,2024-09-12,Completed
1085,423,199,104025000,2024-10-25,Completed
1086,424,121,38266666,2024-04-01,Completed
1087,424,121,38266666,2024-06-06,Completed
1088,424,121,38266666,2024-04-03,Completed
1089,425,158,194550000,2025-02-22,Completed
1090,425,158,194550000,2024-11-26,Completed
1091,426,49,134300000,2024-06-11,Completed
1092,427,141,33775000,2026-01-25,Completed
1093,427,141,33775000,2025-12-15,Completed
1094,427,141,33775000,2025-12-24,Completed
1095,427,141,33775000,2026-01-12,Completed
1096,428,153,18350000,2024-09-18,Completed
1097,428,153,18350000,2024-10-25,Completed
1098,428,153,18350000,2024-06-10,Completed
1099,428,153,18350000,2024-10-29,Completed
1100,429,169,135433333,2026-01-26,Completed
1101,429,169,135433333,2026-02-25,Completed
1102,429,169,135433333,2025-09-18,Completed
1103,430,190,131400000,2024-06-06,Completed
1104,430,190,131400000,2024-05-07,Completed
1105,431,127,220400000,2024-12-27,Completed
1106,431,127,220400000,2025-09-30,Completed
1107,432,133,93325000,2025-02-17,Completed
1108,432,133,93325000,2024-11-28,Completed
1109,432,133,93325000,2024-12-20,Completed
1110,432,133,93325000,2024-09-17,Completed
1111,433,171,70800000,2024-03-09,Completed
1112,433,171,70800000,2024-01-08,Completed
1113,433,171,70800000,2024-03-06,Completed
1114,433,171,70800000,2024-02-11,Completed
1115,434,200,140300000,2024-09-25,Completed
1116,434,200,140300000,2024-12-02,Completed
1117,434,200,140300000,2024-10-11,Completed
1118,435,21,281100000,2025-12-05,Completed
1119,436,138,113575000,2024-08-25,Completed
1120,436,138,113575000,2024-10-11,Completed
1121,436,138,113575000,2024-03-04,Completed
1122,436,138,113575000,2024-08-04,Completed
1123,437,28,23975000,2024-11-09,Completed
1124,437,28,23975000,2024-11-15,Completed
1125,437,28,23975000,2024-12-15,Completed
1126,437,28,23975000,2025-02-20,Completed
1127,438,71,365200000,2025-09-24,Completed
1128,439,196,218650000,2025-02-10,Completed
1129,439,196,218650000,2025-10-28,Completed
1130,440,147,212700000,2025-02-23,Completed
1131,441,152,93550000,2023-11-19,Completed
1132,441,152,93550000,2023-12-06,Completed
1133,442,162,354200000,2025-12-27,Completed
1134,443,75,44000000,2025-01-14,Completed
1135,443,75,44000000,2025-02-26,Completed
1136,443,75,44000000,2025-06-29,Completed
1137,443,75,44000000,2025-03-13,Completed
1138,444,88,89850000,2024-08-20,Completed
1139,444,88,89850000,2024-10-21,Completed
1140,444,88,89850000,2024-06-07,Completed
1141,444,88,89850000,2024-10-12,Completed
1142,445,28,157550000,2024-04-07,Completed
1143,445,28,157550000,2024-11-29,Completed
1144,446,143,66425000,2025-05-17,Completed
1145,446,143,66425000,2025-02-21,Completed
1146,446,143,66425000,2025-08-17,Completed
1147,446,143,66425000,2025-06-14,Completed
1148,447,174,102750000,2025-12-21,Completed
1149,447,174,102750000,2026-01-11,Completed
1150,448,180,42900000,2024-11-30,Completed
1151,448,180,42900000,2025-06-12,Completed
1152,449,120,122766666,2024-12-01,Completed
1153,449,120,122766666,2025-05-12,Completed
1154,449,120,122766666,2025-02-27,Completed
1155,450,174,452500000,2025-01-03,Completed
1156,451,167,267700000,2025-04-25,Completed
1157,452,33,242750000,2025-05-09,Completed
1158,452,33,242750000,2025-11-19,Completed
1159,453,61,212850000,2025-05-20,Completed
1160,453,61,212850000,2025-11-25,Completed
1161,454,104,112866666,2025-11-20,Completed
1162,454,104,112866666,2025-11-29,Completed
1163,454,104,112866666,2025-10-05,Completed
1164,455,56,258100000,2024-03-13,Completed
1165,456,193,99066666,2024-02-06,Completed
1166,456,193,99066666,2024-06-15,Completed
1167,456,193,99066666,2024-11-04,Completed
1168,457,138,42400000,2025-06-21,Completed
1169,457,138,42400000,2025-04-22,Completed
1170,457,138,42400000,2025-04-14,Completed
1171,458,105,125200000,2024-04-01,Completed
1172,459,52,296000000,2024-10-02,Completed
1173,460,52,195600000,2025-05-03,Completed
1174,460,52,195600000,2025-11-09,Completed
1175,461,164,155750000,2025-02-01,Completed
1176,461,164,155750000,2024-12-10,Completed
1177,462,100,115950000,2026-01-26,Completed
1178,462,100,115950000,2025-09-18,Completed
1179,463,89,59800000,2025-02-17,Completed
1180,463,89,59800000,2025-08-13,Completed
1181,464,74,479400000,2025-02-18,Completed
1182,465,164,104233333,2024-11-21,Completed
1183,465,164,104233333,2025-02-22,Completed
1184,465,164,104233333,2025-04-10,Completed
1185,466,104,213500000,2024-12-24,Completed
1186,467,191,95200000,2025-07-13,Completed
1187,467,191,95200000,2025-07-24,Completed
1188,467,191,95200000,2024-12-06,Completed
1189,468,13,499500000,2025-07-26,Completed
1190,469,128,63166666,2024-06-09,Completed
1191,469,128,63166666,2025-01-06,Completed
1192,469,128,63166666,2024-05-17,Completed
1193,470,126,172500000,2024-10-17,Completed
1194,470,126,172500000,2024-12-22,Completed
1195,471,2,223500000,2025-12-13,Completed
1196,471,2,223500000,2025-11-21,Completed
1197,472,28,107733333,2024-11-21,Completed
1198,472,28,107733333,2024-11-22,Completed
1199,472,28,107733333,2024-10-26,Completed
1200,473,54,33566666,2025-03-25,Completed
1201,473,54,33566666,2025-02-15,Completed
1202,473,54,33566666,2025-05-23,Completed
1203,474,93,238250000,2024-09-02,Completed
1204,474,93,238250000,2024-06-04,Completed
1205,475,135,208950000,2025-11-02,Completed
1206,475,135,208950000,2026-01-29,Completed
1207,476,114,56300000,2025-06-26,Completed
1208,476,114,56300000,2026-03-04,Completed
1209,476,114,56300000,2026-02-19,Completed
1210,477,45,18525000,2024-04-21,Completed
1211,477,45,18525000,2024-07-01,Completed
1212,477,45,18525000,2024-04-06,Completed
1213,477,45,18525000,2024-02-03,Completed
1214,478,41,134300000,2024-11-19,Completed
1215,478,41,134300000,2024-08-06,Completed
1216,479,138,153833333,2025-09-05,Completed
1217,479,138,153833333,2025-12-18,Completed
1218,479,138,153833333,2026-02-09,Completed
1219,480,87,192350000,2024-02-29,Completed
1220,480,87,192350000,2024-07-03,Completed
1221,481,79,112825000,2026-04-24,Completed
1222,481,79,112825000,2025-10-20,Completed
1223,481,79,112825000,2026-04-11,Completed
1224,481,79,112825000,2026-03-08,Completed
1225,482,54,238250000,2024-09-28,Completed
1226,482,54,238250000,2024-10-08,Completed
1227,483,45,68500000,2024-12-07,Completed
1228,483,45,68500000,2024-07-09,Completed
1229,483,45,68500000,2024-11-17,Completed
1230,484,73,118375000,2024-06-09,Completed
1231,484,73,118375000,2025-01-05,Completed
1232,484,73,118375000,2024-06-20,Completed
1233,484,73,118375000,2024-07-25,Completed
1234,485,122,194350000,2023-12-15,Completed
1235,485,122,194350000,2024-02-28,Completed
1236,486,76,50400000,2025-06-22,Completed
1237,486,76,50400000,2026-02-02,Completed
1238,486,76,50400000,2025-11-22,Completed
1239,487,106,371995033,2025-06-15,Completed
1240,487,106,371995033,2025-06-06,Completed
1241,488,6,131233333,2025-03-21,Completed
1242,488,6,131233333,2025-02-17,Completed
1243,488,6,131233333,2025-02-24,Completed
1244,489,44,60000000,2025-11-22,Completed
1245,490,106,210850000,2025-11-14,Completed
1246,490,106,210850000,2025-06-29,Completed
1247,491,56,45000000,2024-05-13,Completed
1248,491,56,45000000,2024-10-28,Completed
1249,492,180,98000000,2026-05-28,Completed
1250,492,180,98000000,2026-04-09,Completed
1251,493,20,87975000,2025-10-04,Completed
1252,493,20,87975000,2025-01-29,Completed
1253,493,20,87975000,2025-05-25,Completed
1254,493,20,87975000,2025-08-25,Completed
1255,494,33,159800000,2024-10-22,Completed
1256,494,33,159800000,2024-11-17,Completed
1257,495,55,148733333,2026-03-26,Completed
1258,495,55,148733333,2026-01-29,Completed
1259,495,55,148733333,2025-12-30,Completed
1260,496,127,228300000,2024-07-11,Completed
1261,496,127,228300000,2024-08-09,Completed
1262,497,188,36650000,2024-06-04,Completed
1263,497,188,36650000,2023-11-29,Completed
1264,497,188,36650000,2024-04-24,Completed
1265,497,188,36650000,2024-05-03,Completed
1266,498,14,93566666,2025-09-28,Completed
1267,498,14,93566666,2025-12-10,Completed
1268,498,14,93566666,2026-04-01,Completed
1269,499,24,48450000,2025-06-19,Completed
1270,499,24,48450000,2024-11-07,Completed
1271,499,24,48450000,2024-12-28,Completed
1272,499,24,48450000,2025-06-23,Completed
1273,500,103,489800000,2025-07-27,Completed
1274,501,69,162966666,2024-11-11,Completed
1275,501,69,162966666,2024-12-24,Completed
1276,501,69,162966666,2025-03-01,Completed
1277,502,96,123033333,2026-01-07,Completed
1278,502,96,123033333,2025-08-15,Completed
1279,502,96,123033333,2025-12-16,Completed
1280,503,87,140066666,2024-05-26,Completed
1281,503,87,140066666,2024-04-24,Completed
1282,503,87,140066666,2024-09-05,Completed
1283,504,47,232250000,2025-08-08,Completed
1284,504,47,232250000,2025-10-24,Completed
1285,505,169,83650000,2025-09-10,Completed
1286,505,169,83650000,2025-06-15,Completed
1287,506,125,17766666,2025-08-06,Completed
1288,506,125,17766666,2025-01-02,Completed
1289,506,125,17766666,2025-01-31,Completed
1290,507,17,22800000,2025-05-02,Completed
1291,507,17,22800000,2025-04-28,Completed
1292,507,17,22800000,2025-06-15,Completed
1293,508,79,137100000,2025-01-01,Completed
1294,508,79,137100000,2024-11-11,Completed
1295,508,79,137100000,2025-08-17,Completed
1296,509,154,136000000,2024-11-10,Completed
1297,509,154,136000000,2024-09-20,Completed
1298,510,13,156500000,2024-07-25,Completed
1299,511,138,92750000,2026-04-23,Completed
1300,511,138,92750000,2026-03-31,Completed
1301,511,138,92750000,2026-04-11,Completed
1302,511,138,92750000,2026-02-01,Completed
1303,512,153,431400000,2024-12-28,Completed
1304,513,194,145133333,2025-04-14,Completed
1305,513,194,145133333,2025-04-28,Completed
1306,513,194,145133333,2025-01-11,Completed
1307,514,140,416803061,2024-10-25,Completed
1308,514,140,416803061,2024-11-28,Completed
1309,515,198,45866666,2025-02-27,Completed
1310,515,198,45866666,2025-01-22,Completed
1311,515,198,45866666,2024-12-22,Completed
1312,516,155,111275000,2024-07-31,Completed
1313,516,155,111275000,2024-10-07,Completed
1314,516,155,111275000,2024-06-14,Completed
1315,516,155,111275000,2024-09-25,Completed
1316,517,48,448600000,2025-01-18,Completed
1317,518,43,26750000,2025-09-27,Completed
1318,518,43,26750000,2025-12-22,Completed
1319,518,43,26750000,2025-05-14,Completed
1320,518,43,26750000,2025-05-29,Completed
1321,519,161,16700000,2025-10-23,Completed
1322,519,161,16700000,2025-11-21,Completed
1323,519,161,16700000,2025-07-16,Completed
1324,520,125,73875000,2025-01-13,Completed
1325,520,125,73875000,2024-09-04,Completed
1326,520,125,73875000,2024-07-25,Completed
1327,520,125,73875000,2025-04-08,Completed
1328,521,160,117466666,2024-05-04,Completed
1329,521,160,117466666,2024-07-31,Completed
1330,521,160,117466666,2024-03-24,Completed
1331,522,119,155300000,2024-05-11,Completed
1332,522,119,155300000,2024-10-13,Completed
1333,523,108,172550000,2024-11-26,Completed
1334,523,108,172550000,2024-09-24,Completed
1335,524,176,83950000,2025-07-10,Completed
1336,524,176,83950000,2025-08-06,Completed
1337,525,177,49300000,2025-11-29,Completed
1338,525,177,49300000,2025-09-24,Completed
1339,525,177,49300000,2025-09-04,Completed
1340,525,177,49300000,2026-01-04,Completed
1341,526,198,153666666,2024-12-25,Completed
1342,526,198,153666666,2024-12-27,Completed
1343,526,198,153666666,2025-09-24,Completed
1344,527,140,38500000,2025-12-31,Completed
1345,527,140,38500000,2026-01-26,Completed
1346,527,140,38500000,2025-06-16,Completed
1347,528,63,37966666,2025-11-05,Completed
1348,528,63,37966666,2026-04-02,Completed
1349,528,63,37966666,2026-07-09,Completed
1350,529,175,107166666,2024-02-18,Completed
1351,529,175,107166666,2023-12-13,Completed
1352,529,175,107166666,2024-04-28,Completed
1353,530,83,188500000,2024-08-07,Completed
1354,531,138,256400000,2024-03-28,Completed
1355,532,72,176450000,2026-05-03,Completed
1356,532,72,176450000,2025-11-28,Completed
1357,533,173,42200000,2024-08-03,Completed
1358,533,173,42200000,2024-05-20,Completed
1359,533,173,42200000,2024-09-01,Completed
1360,533,173,42200000,2024-04-14,Completed
1361,534,126,94500000,2024-03-01,Completed
1362,535,169,180550000,2026-03-24,Completed
1363,535,169,180550000,2026-02-03,Completed
1364,536,5,362900000,2024-04-02,Completed
1365,537,101,91100000,2025-04-03,Completed
1366,537,101,91100000,2025-05-09,Completed
1367,537,101,91100000,2025-01-16,Completed
1368,538,167,298309986,2025-08-27,Completed
1369,539,40,337900000,2025-04-28,Completed
1370,540,192,74850000,2024-11-21,Completed
1371,540,192,74850000,2025-02-26,Completed
1372,541,121,64375000,2025-05-07,Completed
1373,541,121,64375000,2025-07-23,Completed
1374,541,121,64375000,2025-05-31,Completed
1375,541,121,64375000,2025-04-27,Completed
1376,542,11,277100000,2025-01-15,Completed
1377,543,83,226400000,2025-08-17,Completed
1378,543,83,226400000,2025-02-02,Completed
1379,544,104,76300000,2025-12-04,Completed
1380,544,104,76300000,2025-10-30,Completed
1381,544,104,76300000,2025-11-19,Completed
1382,545,111,415200000,2024-06-29,Completed
1383,546,5,92625000,2026-02-27,Completed
1384,546,5,92625000,2026-02-06,Completed
1385,546,5,92625000,2026-01-20,Completed
1386,546,5,92625000,2025-08-02,Completed
1387,547,27,49733333,2024-12-31,Completed
1388,547,27,49733333,2025-02-19,Completed
1389,547,27,49733333,2024-08-26,Completed
1390,548,17,57950000,2025-11-12,Completed
1391,548,17,57950000,2026-05-24,Completed
1392,549,138,68800000,2024-08-03,Completed
1393,549,138,68800000,2024-01-10,Completed
1394,549,138,68800000,2024-07-09,Completed
1395,550,101,81766666,2025-12-02,Completed
1396,550,101,81766666,2025-12-20,Completed
1397,550,101,81766666,2025-11-07,Completed
1398,551,74,81975000,2024-04-08,Completed
1399,551,74,81975000,2024-05-26,Completed
1400,551,74,81975000,2024-11-01,Completed
1401,551,74,81975000,2024-09-29,Completed
1402,552,51,109000000,2025-08-13,Completed
1403,553,148,61700000,2025-07-21,Completed
1404,554,26,143500000,2024-09-03,Completed
1405,555,34,248550000,2025-01-19,Completed
1406,555,34,248550000,2025-03-25,Completed
1407,556,188,93800000,2024-05-18,Completed
1408,556,188,93800000,2024-07-05,Completed
1409,557,119,179200000,2024-04-19,Completed
1410,558,172,195450000,2026-01-31,Completed
1411,558,172,195450000,2025-12-30,Completed
1412,559,183,385778324,2025-12-26,Completed
1413,560,181,48733333,2025-02-03,Completed
1414,560,181,48733333,2025-01-17,Completed
1415,560,181,48733333,2024-08-23,Completed
1416,561,186,23350000,2024-09-30,Completed
1417,561,186,23350000,2024-04-19,Completed
1418,561,186,23350000,2024-04-10,Completed
1419,561,186,23350000,2024-02-11,Completed
1420,562,170,70875000,2024-11-01,Completed
1421,562,170,70875000,2024-12-02,Completed
1422,562,170,70875000,2024-11-05,Completed
1423,562,170,70875000,2025-07-12,Completed
1424,563,83,289972795,2024-12-14,Completed
1425,563,83,289972795,2024-08-23,Completed
1426,563,83,289972795,2024-10-27,Completed
1427,564,58,158550000,2025-04-01,Completed
1428,564,58,158550000,2025-01-11,Completed
1429,565,132,23625000,2024-07-15,Completed
1430,565,132,23625000,2024-10-30,Completed
1431,565,132,23625000,2024-10-23,Completed
1432,565,132,23625000,2024-06-23,Completed
1433,566,177,71866666,2024-12-27,Completed
1434,566,177,71866666,2024-12-14,Completed
1435,566,177,71866666,2025-06-14,Completed
1436,567,127,115050000,2026-05-14,Completed
1437,567,127,115050000,2025-11-29,Completed
1438,568,120,227300000,2025-08-05,Completed
1439,569,57,232100000,2024-10-31,Completed
1440,570,188,398700000,2025-11-16,Completed
1441,571,68,191550000,2024-10-10,Completed
1442,571,68,191550000,2024-09-02,Completed
1443,572,9,17475000,2024-02-17,Completed
1444,572,9,17475000,2024-05-22,Completed
1445,572,9,17475000,2024-07-09,Completed
1446,572,9,17475000,2023-11-15,Completed
1447,573,142,242450000,2025-03-18,Completed
1448,573,142,242450000,2025-07-26,Completed
1449,574,191,92200000,2024-06-09,Completed
1450,575,140,217700000,2026-02-25,Completed
1451,576,97,58650000,2025-09-03,Completed
1452,576,97,58650000,2025-05-12,Completed
1453,576,97,58650000,2025-05-17,Completed
1454,576,97,58650000,2025-10-22,Completed
1455,577,67,145033333,2024-10-05,Completed
1456,577,67,145033333,2024-08-23,Completed
1457,577,67,145033333,2024-03-21,Completed
1458,578,75,121500000,2024-04-23,Completed
1459,579,85,171200000,2024-09-25,Completed
1460,580,62,438200000,2026-01-24,Completed
1461,581,130,60075000,2026-03-15,Completed
1462,581,130,60075000,2026-03-07,Completed
1463,581,130,60075000,2026-05-27,Completed
1464,581,130,60075000,2026-06-19,Completed
1465,582,29,100333333,2025-02-02,Completed
1466,582,29,100333333,2024-10-02,Completed
1467,582,29,100333333,2024-11-22,Completed
1468,583,59,244250000,2024-05-09,Completed
1469,583,59,244250000,2024-06-17,Completed
1470,584,191,153600000,2024-09-28,Completed
1471,585,33,121775000,2025-05-14,Completed
1472,585,33,121775000,2025-10-21,Completed
1473,585,33,121775000,2025-08-11,Completed
1474,585,33,121775000,2025-05-19,Completed
1475,586,180,146050000,2026-06-11,Completed
1476,586,180,146050000,2026-04-09,Completed
1477,587,136,41050000,2025-03-03,Completed
1478,587,136,41050000,2025-06-27,Completed
1479,587,136,41050000,2025-05-12,Completed
1480,587,136,41050000,2024-12-28,Completed
1481,588,132,277600000,2024-05-02,Completed
1482,589,1,117250000,2025-11-05,Completed
1483,589,1,117250000,2026-03-28,Completed
1484,589,1,117250000,2026-02-27,Completed
1485,589,1,117250000,2026-03-07,Completed
1486,590,112,103750000,2026-02-15,Completed
1487,590,112,103750000,2025-11-28,Completed
1488,590,112,103750000,2025-09-25,Completed
1489,590,112,103750000,2026-02-06,Completed
1490,591,6,40166666,2024-12-02,Completed
1491,591,6,40166666,2025-05-10,Completed
1492,591,6,40166666,2024-12-14,Completed
1493,592,75,194750000,2024-09-28,Completed
1494,592,75,194750000,2024-09-21,Completed
1495,593,70,74325000,2026-02-13,Completed
1496,593,70,74325000,2025-11-04,Completed
1497,593,70,74325000,2025-10-23,Completed
1498,593,70,74325000,2026-01-08,Completed
1499,594,37,75850000,2026-01-25,Completed
1500,594,37,75850000,2025-09-21,Completed
1501,595,131,113475000,2026-01-20,Completed
1502,595,131,113475000,2025-11-15,Completed
1503,595,131,113475000,2025-08-16,Completed
1504,595,131,113475000,2025-12-05,Completed
1505,596,89,469800000,2024-07-16,Completed
1506,597,150,93300000,2025-11-01,Completed
1507,598,188,470900000,2025-01-28,Completed
1508,599,172,90766666,2024-08-04,Completed
1509,599,172,90766666,2024-05-29,Completed
1510,599,172,90766666,2024-08-01,Completed
1511,600,33,164350000,2025-07-20,Completed
1512,600,33,164350000,2025-02-26,Completed
1513,601,187,258525080,2024-06-09,Completed
1514,601,187,258525080,2024-02-16,Completed
1515,601,187,258525080,2024-07-20,Completed
1516,602,9,155542232,2026-01-08,Completed
1517,602,9,155542232,2026-02-18,Completed
1518,603,41,114300000,2024-06-06,Completed
1519,604,198,19200000,2025-02-01,Completed
1520,604,198,19200000,2025-04-11,Completed
1521,604,198,19200000,2024-12-25,Completed
1522,604,198,19200000,2025-01-05,Completed
1523,605,64,72733333,2023-11-28,Completed
1524,605,64,72733333,2023-12-30,Completed
1525,605,64,72733333,2024-01-27,Completed
1526,606,83,169250000,2025-03-07,Completed
1527,606,83,169250000,2024-07-26,Completed
1528,607,62,241600000,2025-03-23,Completed
1529,607,62,241600000,2024-06-23,Completed
1530,608,14,350200000,2025-04-20,Completed
1531,609,68,95950000,2025-01-23,Completed
1532,609,68,95950000,2025-08-21,Completed
1533,609,68,95950000,2025-02-05,Completed
1534,609,68,95950000,2025-08-08,Completed
1535,610,179,29325000,2025-10-29,Completed
1536,610,179,29325000,2026-01-05,Completed
1537,610,179,29325000,2025-09-15,Completed
1538,610,179,29325000,2026-03-02,Completed
1539,611,178,109900000,2024-11-04,Completed
1540,611,178,109900000,2025-04-02,Completed
1541,611,178,109900000,2025-04-24,Completed
1542,611,178,109900000,2025-06-06,Completed
1543,612,151,189050000,2024-04-19,Completed
1544,612,151,189050000,2024-09-19,Completed
1545,613,75,50166666,2024-07-29,Completed
1546,613,75,50166666,2024-10-02,Completed
1547,613,75,50166666,2024-09-10,Completed
1548,614,56,468900000,2025-03-14,Completed
1549,615,42,80916691,2026-01-29,Completed
1550,615,42,80916691,2026-01-01,Completed
1551,616,149,28150000,2024-12-18,Completed
1552,616,149,28150000,2025-02-03,Completed
1553,616,149,28150000,2025-05-18,Completed
1554,616,149,28150000,2025-05-15,Completed
1555,617,73,18950000,2024-07-06,Completed
1556,617,73,18950000,2024-04-28,Completed
1557,617,73,18950000,2024-05-29,Completed
1558,617,73,18950000,2024-07-02,Completed
1559,618,56,46100000,2024-12-27,Completed
1560,618,56,46100000,2024-06-17,Completed
1561,618,56,46100000,2024-12-29,Completed
1562,618,56,46100000,2025-01-30,Completed
1563,619,129,116250000,2025-02-08,Completed
1564,619,129,116250000,2025-01-04,Completed
1565,619,129,116250000,2025-01-23,Completed
1566,619,129,116250000,2024-09-12,Completed
1567,620,41,155000000,2025-09-23,Completed
1568,621,111,193700000,2024-03-18,Completed
1569,621,111,193700000,2023-11-23,Completed
1570,622,102,81625000,2024-05-05,Completed
1571,622,102,81625000,2024-07-18,Completed
1572,622,102,81625000,2024-06-21,Completed
1573,622,102,81625000,2024-05-04,Completed
1574,623,80,22733333,2025-06-16,Completed
1575,623,80,22733333,2026-01-02,Completed
1576,623,80,22733333,2025-06-17,Completed
1577,624,145,93250000,2025-02-05,Completed
1578,624,145,93250000,2024-07-04,Completed
1579,625,99,88900000,2025-08-14,Completed
1580,626,52,133266666,2024-10-07,Completed
1581,626,52,133266666,2024-06-24,Completed
1582,626,52,133266666,2024-08-31,Completed
1583,627,62,127900000,2024-03-11,Completed
1584,627,62,127900000,2024-11-21,Completed
1585,628,1,67350000,2025-12-08,Completed
1586,628,1,67350000,2025-03-24,Completed
1587,628,1,67350000,2025-11-16,Completed
1588,628,1,67350000,2025-06-04,Completed
1589,629,172,203300000,2026-01-16,Completed
1590,629,172,203300000,2025-11-02,Completed
1591,630,15,191200000,2025-11-05,Completed
1592,630,15,191200000,2026-01-23,Completed
1593,631,7,71800000,2025-04-29,Completed
1594,631,7,71800000,2024-10-20,Completed
1595,631,7,71800000,2024-08-12,Completed
1596,632,111,29675000,2025-06-10,Completed
1597,632,111,29675000,2025-01-21,Completed
1598,632,111,29675000,2025-06-27,Completed
1599,632,111,29675000,2025-02-15,Completed
1600,633,23,159166666,2025-03-09,Completed
1601,633,23,159166666,2024-08-13,Completed
1602,633,23,159166666,2024-10-27,Completed
1603,634,10,121600000,2024-03-26,Completed
1604,634,10,121600000,2024-04-26,Completed
1605,635,120,150566666,2025-04-21,Completed
1606,635,120,150566666,2025-02-17,Completed
1607,635,120,150566666,2025-03-16,Completed
1608,636,99,347300000,2023-12-09,Completed
1609,637,66,82100000,2024-03-05,Completed
1610,637,66,82100000,2024-10-02,Completed
1611,637,66,82100000,2024-05-03,Completed
1612,638,49,129650000,2025-08-21,Completed
1613,638,49,129650000,2025-07-07,Completed
1614,639,177,95700000,2026-04-19,Completed
1615,639,177,95700000,2026-03-20,Completed
1616,639,177,95700000,2026-02-07,Completed
1617,639,177,95700000,2026-03-25,Completed
1618,640,57,154900000,2024-12-20,Completed
1619,640,57,154900000,2024-05-16,Completed
1620,640,57,154900000,2024-05-28,Completed
1621,641,151,52500000,2024-07-03,Completed
1622,642,153,193050000,2025-08-15,Completed
1623,642,153,193050000,2025-07-01,Completed
1624,643,128,59550000,2024-03-12,Completed
1625,643,128,59550000,2024-03-13,Completed
1626,644,33,61400000,2024-05-07,Completed
1627,644,33,61400000,2024-11-03,Completed
1628,645,189,87850000,2025-12-15,Completed
1629,645,189,87850000,2026-01-05,Completed
1630,645,189,87850000,2025-06-26,Completed
1631,645,189,87850000,2025-08-19,Completed
1632,646,98,142900000,2024-09-24,Completed
1633,646,98,142900000,2024-10-28,Completed
1634,647,182,42375000,2025-04-25,Completed
1635,647,182,42375000,2025-06-26,Completed
1636,647,182,42375000,2025-08-10,Completed
1637,647,182,42375000,2025-01-31,Completed
1638,648,66,78700000,2025-01-19,Completed
1639,648,66,78700000,2024-10-26,Completed
1640,648,66,78700000,2024-07-24,Completed
1641,648,66,78700000,2024-08-04,Completed
1642,649,151,435700000,2025-07-09,Completed
1643,650,168,297800000,2025-07-30,Completed
1644,651,155,81950000,2024-03-06,Completed
1645,651,155,81950000,2024-05-06,Completed
1646,651,155,81950000,2024-02-22,Completed
1647,651,155,81950000,2024-06-02,Completed
1648,652,130,152966666,2026-03-27,Completed
1649,652,130,152966666,2026-01-10,Completed
1650,652,130,152966666,2025-12-31,Completed
1651,653,31,92550000,2025-12-01,Completed
1652,653,31,92550000,2025-10-03,Completed
1653,654,27,23675000,2025-04-25,Completed
1654,654,27,23675000,2025-07-21,Completed
1655,654,27,23675000,2026-01-31,Completed
1656,654,27,23675000,2025-06-12,Completed
1657,655,23,453800000,2025-07-31,Completed
1658,656,4,98950000,2024-10-25,Completed
1659,656,4,98950000,2025-07-19,Completed
1660,657,80,251600000,2025-05-08,Completed
1661,658,185,34200000,2024-10-19,Completed
1662,658,185,34200000,2024-10-06,Completed
1663,658,185,34200000,2024-07-03,Completed
1664,658,185,34200000,2024-02-19,Completed
1665,659,17,158050000,2024-04-18,Completed
1666,659,17,158050000,2024-01-25,Completed
1667,660,140,26975000,2025-10-14,Completed
1668,660,140,26975000,2025-09-05,Completed
1669,660,140,26975000,2025-10-06,Completed
1670,660,140,26975000,2025-12-27,Completed
1671,661,52,91700000,2024-03-04,Completed
1672,661,52,91700000,2024-06-03,Completed
1673,662,85,78750000,2024-07-14,Completed
1674,662,85,78750000,2025-03-29,Completed
1675,663,89,61950000,2025-02-08,Completed
1676,663,89,61950000,2025-02-04,Completed
1677,664,125,214850000,2024-09-24,Completed
1678,664,125,214850000,2024-10-10,Completed
1679,665,140,204100000,2024-11-23,Completed
1680,665,140,204100000,2025-02-19,Completed
1681,666,195,28150000,2024-08-08,Completed
1682,666,195,28150000,2024-02-27,Completed
1683,666,195,28150000,2024-09-03,Completed
1684,666,195,28150000,2024-05-18,Completed
1685,667,126,71650000,2024-10-21,Completed
1686,667,126,71650000,2024-04-26,Completed
1687,668,135,76775000,2025-05-22,Completed
1688,668,135,76775000,2025-06-30,Completed
1689,668,135,76775000,2025-04-12,Completed
1690,668,135,76775000,2025-04-25,Completed
1691,669,23,137100000,2024-07-20,Completed
1692,670,117,74500000,2024-05-24,Completed
1693,670,117,74500000,2024-02-04,Completed
1694,670,117,74500000,2024-02-24,Completed
1695,670,117,74500000,2024-02-29,Completed
1696,671,63,31500000,2025-08-31,Completed
1697,671,63,31500000,2025-03-12,Completed
1698,672,159,30125000,2025-09-01,Completed
1699,672,159,30125000,2025-10-19,Completed
1700,672,159,30125000,2025-11-14,Completed
1701,672,159,30125000,2025-11-07,Completed
1702,673,66,22000000,2024-12-02,Completed
1703,673,66,22000000,2024-06-11,Completed
1704,673,66,22000000,2024-11-02,Completed
1705,674,90,130166666,2025-07-13,Completed
1706,674,90,130166666,2026-03-01,Completed
1707,674,90,130166666,2026-01-15,Completed
1708,675,22,79966666,2025-10-14,Completed
1709,675,22,79966666,2025-02-05,Completed
1710,675,22,79966666,2025-05-21,Completed
1711,676,78,113825000,2025-04-13,Completed
1712,676,78,113825000,2025-06-24,Completed
1713,676,78,113825000,2025-08-28,Completed
1714,676,78,113825000,2025-07-10,Completed
1715,677,145,81950000,2024-04-27,Completed
1716,677,145,81950000,2024-07-19,Completed
1717,677,145,81950000,2024-09-06,Completed
1718,677,145,81950000,2024-09-20,Completed
1719,678,128,218450000,2024-10-16,Completed
1720,678,128,218450000,2024-07-08,Completed
1721,679,174,151033333,2024-04-08,Completed
1722,679,174,151033333,2024-03-26,Completed
1723,679,174,151033333,2024-09-20,Completed
1724,680,158,171950000,2025-01-14,Completed
1725,680,158,171950000,2024-05-18,Completed
1726,681,184,49600000,2024-11-14,Completed
1727,681,184,49600000,2025-08-03,Completed
1728,681,184,49600000,2025-03-07,Completed
1729,682,35,91300000,2024-06-25,Completed
1730,683,26,42150000,2025-07-05,Completed
1731,683,26,42150000,2025-03-22,Completed
1732,684,104,131300000,2024-12-30,Completed
1733,685,116,125450000,2024-07-14,Completed
1734,685,116,125450000,2024-10-15,Completed
1735,686,137,87050000,2024-10-03,Completed
1736,686,137,87050000,2025-03-01,Completed
1737,687,118,74300000,2025-09-02,Completed
1738,688,189,202750000,2024-08-16,Completed
1739,688,189,202750000,2025-04-10,Completed
1740,689,52,153450000,2024-05-17,Completed
1741,689,52,153450000,2025-01-27,Completed
1742,690,58,166400000,2025-03-25,Completed
1743,690,58,166400000,2024-12-04,Completed
1744,691,48,123133333,2024-11-20,Completed
1745,691,48,123133333,2024-09-19,Completed
1746,691,48,123133333,2025-04-21,Completed
1747,692,116,23033333,2025-09-20,Completed
1748,692,116,23033333,2025-10-22,Completed
1749,692,116,23033333,2025-12-22,Completed
1750,693,39,262700000,2025-01-18,Completed
1751,694,174,210600000,2026-01-28,Completed
1752,694,174,210600000,2026-01-02,Completed
1753,695,20,179650000,2024-07-09,Completed
1754,695,20,179650000,2024-08-26,Completed
1755,696,98,664478955,2025-07-30,Completed
1756,697,147,66500000,2025-10-30,Completed
1757,697,147,66500000,2025-06-22,Completed
1758,697,147,66500000,2025-06-12,Completed
1759,697,147,66500000,2025-12-14,Completed
1760,698,9,155900000,2025-08-26,Completed
1761,699,31,49066666,2025-01-28,Completed
1762,699,31,49066666,2024-09-22,Completed
1763,699,31,49066666,2025-05-27,Completed
1764,700,23,299700000,2025-09-30,Completed
1765,701,129,44900000,2024-04-27,Completed
1766,701,129,44900000,2024-10-01,Completed
1767,702,2,35100000,2025-02-23,Completed
1768,702,2,35100000,2024-12-27,Completed
1769,702,2,35100000,2024-10-29,Completed
1770,703,31,40850000,2025-09-06,Completed
1771,703,31,40850000,2025-12-05,Completed
1772,703,31,40850000,2025-08-06,Completed
1773,703,31,40850000,2026-01-17,Completed
1774,704,88,412900000,2025-02-18,Completed
1775,705,94,207600000,2025-10-27,Completed
1776,706,124,230850000,2024-11-30,Completed
1777,706,124,230850000,2025-04-10,Completed
1778,707,154,119300000,2026-02-27,Completed
1779,708,59,129966666,2025-03-05,Completed
1780,708,59,129966666,2025-03-17,Completed
1781,708,59,129966666,2025-03-09,Completed
1782,709,26,61700000,2025-07-22,Completed
1783,709,26,61700000,2025-12-05,Completed
1784,710,103,98033333,2024-07-04,Completed
1785,710,103,98033333,2024-09-02,Completed
1786,710,103,98033333,2024-04-24,Completed
1787,711,57,243700000,2025-05-11,Completed
1788,712,66,383400000,2025-10-29,Completed
1789,713,36,83900000,2024-07-23,Completed
1790,713,36,83900000,2024-05-02,Completed
1791,713,36,83900000,2024-05-22,Completed
1792,714,124,83300000,2025-01-30,Completed
1793,714,124,83300000,2024-12-02,Completed
1794,715,108,215300000,2025-01-07,Completed
1795,715,108,215300000,2025-02-06,Completed
1796,716,160,120466666,2024-10-07,Completed
1797,716,160,120466666,2024-12-05,Completed
1798,716,160,120466666,2025-06-14,Completed
1799,717,76,82200000,2025-06-26,Completed
1800,717,76,82200000,2025-03-22,Completed
1801,718,18,136800000,2024-09-28,Completed
1802,718,18,136800000,2024-07-23,Completed
1803,719,89,21588614,2025-05-31,Completed
1804,719,89,21588614,2025-08-13,Completed
1805,719,89,21588614,2024-12-22,Completed
1806,719,89,21588614,2024-12-20,Completed
1807,720,190,113033333,2025-04-02,Completed
1808,720,190,113033333,2024-12-15,Completed
1809,720,190,113033333,2024-09-20,Completed
1810,721,142,69333333,2025-12-28,Completed
1811,721,142,69333333,2025-10-04,Completed
1812,721,142,69333333,2025-08-13,Completed
1813,722,198,80633333,2025-01-29,Completed
1814,722,198,80633333,2024-09-06,Completed
1815,722,198,80633333,2024-05-25,Completed
1816,723,127,70400000,2026-03-31,Completed
1817,723,127,70400000,2025-09-29,Completed
1818,724,155,34500000,2025-02-01,Completed
1819,724,155,34500000,2025-07-02,Completed
1820,724,155,34500000,2025-02-25,Completed
1821,725,12,486500000,2024-08-08,Completed
1822,726,117,101075000,2025-02-09,Completed
1823,726,117,101075000,2024-12-03,Completed
1824,726,117,101075000,2025-02-20,Completed
1825,726,117,101075000,2024-06-23,Completed
1826,727,177,768917306,2024-03-09,Completed
1827,728,130,211200000,2025-09-03,Completed
1828,729,124,255100000,2025-09-06,Completed
1829,730,37,128300000,2024-11-16,Completed
1830,731,10,25175000,2024-07-26,Completed
1831,731,10,25175000,2024-08-14,Completed
1832,731,10,25175000,2024-07-21,Completed
1833,731,10,25175000,2025-04-05,Completed
1834,732,141,379000000,2025-05-17,Completed
1835,733,188,82050000,2025-10-14,Completed
1836,733,188,82050000,2025-07-10,Completed
1837,733,188,82050000,2025-05-01,Completed
1838,733,188,82050000,2025-03-19,Completed
1839,734,143,69533333,2025-08-31,Completed
1840,734,143,69533333,2025-10-04,Completed
1841,734,143,69533333,2025-11-04,Completed
1842,735,3,28700000,2024-04-16,Completed
1843,735,3,28700000,2024-08-12,Completed
1844,735,3,28700000,2024-01-22,Completed
1845,736,7,165450000,2024-11-05,Completed
1846,736,7,165450000,2025-02-05,Completed
1847,737,96,331600000,2025-01-21,Completed
1848,738,157,144266666,2024-09-04,Completed
1849,738,157,144266666,2024-11-04,Completed
1850,738,157,144266666,2024-09-19,Completed
1851,739,153,42250000,2025-05-18,Completed
1852,739,153,42250000,2025-09-16,Completed
1853,740,63,119300000,2024-02-18,Completed
1854,740,63,119300000,2024-03-21,Completed
1855,740,63,119300000,2024-08-14,Completed
1856,741,21,55533333,2024-04-20,Completed
1857,741,21,55533333,2024-04-13,Completed
1858,741,21,55533333,2024-07-08,Completed
1859,742,57,114650000,2024-08-01,Completed
1860,742,57,114650000,2024-08-10,Completed
1861,743,188,132800000,2025-08-14,Completed
1862,744,98,88750000,2025-03-20,Completed
1863,744,98,88750000,2025-04-16,Completed
1864,744,98,88750000,2025-04-29,Completed
1865,744,98,88750000,2025-04-22,Completed
1866,745,178,310400000,2024-10-06,Completed
1867,746,114,63100000,2025-05-07,Completed
1868,746,114,63100000,2025-03-02,Completed
1869,746,114,63100000,2025-09-17,Completed
1870,746,114,63100000,2025-02-22,Completed
1871,747,66,155700000,2026-03-24,Completed
1872,747,66,155700000,2026-06-10,Completed
1873,747,66,155700000,2026-05-19,Completed
1874,748,110,39950000,2025-10-12,Completed
1875,748,110,39950000,2025-07-13,Completed
1876,749,169,86166666,2024-08-09,Completed
1877,749,169,86166666,2024-09-16,Completed
1878,749,169,86166666,2024-06-23,Completed
1879,750,1,107775000,2024-08-25,Completed
1880,750,1,107775000,2024-08-13,Completed
1881,750,1,107775000,2024-07-23,Completed
1882,750,1,107775000,2024-09-27,Completed
1883,751,64,565738718,2025-08-18,Completed
1884,752,55,27100000,2025-01-05,Completed
1885,752,55,27100000,2025-01-31,Completed
1886,752,55,27100000,2025-01-17,Completed
1887,753,121,164966666,2024-12-01,Completed
1888,753,121,164966666,2025-07-23,Completed
1889,753,121,164966666,2025-01-03,Completed
1890,754,36,93900000,2024-06-23,Completed
1891,754,36,93900000,2024-11-15,Completed
1892,754,36,93900000,2024-12-03,Completed
1893,754,36,93900000,2024-10-21,Completed
1894,755,180,76600000,2025-08-10,Completed
1895,755,180,76600000,2025-12-05,Completed
1896,755,180,76600000,2025-12-11,Completed
1897,755,180,76600000,2026-02-04,Completed
1898,756,18,51700000,2025-04-27,Completed
1899,756,18,51700000,2025-02-28,Completed
1900,756,18,51700000,2025-06-07,Completed
1901,757,94,158550000,2024-05-03,Completed
1902,757,94,158550000,2024-08-02,Completed
1903,758,27,90575000,2025-05-24,Completed
1904,758,27,90575000,2025-10-18,Completed
1905,758,27,90575000,2025-04-13,Completed
1906,758,27,90575000,2025-08-04,Completed
1907,759,117,126300000,2024-06-15,Completed
1908,760,2,53450000,2024-07-30,Completed
1909,760,2,53450000,2024-11-26,Completed
1910,761,7,87975000,2025-05-26,Completed
1911,761,7,87975000,2025-05-02,Completed
1912,761,7,87975000,2025-05-12,Completed
1913,761,7,87975000,2025-12-06,Completed
1914,762,163,39100000,2025-07-09,Completed
1915,762,163,39100000,2025-09-24,Completed
1916,762,163,39100000,2025-07-31,Completed
1917,762,163,39100000,2026-01-01,Completed
1918,763,40,83400000,2026-01-26,Completed
1919,763,40,83400000,2025-10-17,Completed
1920,764,200,41533333,2024-07-27,Completed
1921,764,200,41533333,2024-09-13,Completed
1922,764,200,41533333,2024-05-25,Completed
1923,765,67,425000000,2026-01-31,Completed
1924,766,26,274200000,2024-03-17,Completed
1925,767,128,117333333,2025-07-27,Completed
1926,767,128,117333333,2025-08-17,Completed
1927,767,128,117333333,2025-03-24,Completed
1928,768,197,107150000,2026-01-12,Completed
1929,768,197,107150000,2025-12-23,Completed
1930,768,197,107150000,2026-01-21,Completed
1931,768,197,107150000,2025-10-08,Completed
1932,769,138,317900000,2025-01-30,Completed
1933,770,136,82400000,2024-12-27,Completed
1934,770,136,82400000,2025-02-07,Completed
1935,771,48,487900000,2025-11-12,Completed
1936,772,83,97850000,2025-08-02,Completed
1937,772,83,97850000,2025-01-12,Completed
1938,773,68,369900000,2025-01-19,Completed
1939,774,102,225414212,2024-01-10,Completed
1940,774,102,225414212,2024-03-30,Completed
1941,775,173,62266666,2026-06-03,Completed
1942,775,173,62266666,2025-11-25,Completed
1943,775,173,62266666,2025-12-04,Completed
1944,776,119,240300000,2024-11-14,Completed
1945,777,138,76766666,2024-10-29,Completed
1946,777,138,76766666,2024-11-10,Completed
1947,777,138,76766666,2025-01-26,Completed
1948,778,61,244600000,2024-08-13,Completed
1949,778,61,244600000,2024-05-25,Completed
1950,779,30,107333333,2026-05-06,Completed
1951,779,30,107333333,2025-10-06,Completed
1952,779,30,107333333,2026-02-20,Completed
1953,780,160,363200000,2024-06-26,Completed
1954,781,48,303000000,2025-07-06,Completed
1955,782,30,292900000,2025-11-16,Completed
1956,783,36,319200000,2025-09-19,Completed
1957,784,177,34700000,2024-06-03,Completed
1958,784,177,34700000,2024-11-21,Completed
1959,785,11,116100000,2025-01-03,Completed
1960,785,11,116100000,2024-05-25,Completed
1961,786,151,87211347,2026-05-08,Completed
1962,786,151,87211347,2025-11-12,Completed
1963,787,107,199550000,2024-06-23,Completed
1964,787,107,199550000,2024-09-23,Completed
1965,788,188,149150000,2024-10-19,Completed
1966,788,188,149150000,2025-02-03,Completed
1967,789,186,94050000,2024-07-16,Completed
1968,789,186,94050000,2024-12-30,Completed
1969,789,186,94050000,2024-05-08,Completed
1970,789,186,94050000,2024-11-09,Completed
1971,790,59,122500000,2026-03-05,Completed
1972,790,59,122500000,2025-12-14,Completed
1973,790,59,122500000,2026-02-28,Completed
1974,790,59,122500000,2025-12-03,Completed
1975,791,5,161900000,2024-10-23,Completed
1976,792,22,124400000,2025-03-28,Completed
1977,792,22,124400000,2025-09-17,Completed
1978,792,22,124400000,2025-03-11,Completed
1979,793,149,69700000,2025-07-12,Completed
1980,793,149,69700000,2025-07-02,Completed
1981,793,149,69700000,2025-05-01,Completed
1982,794,46,252100000,2024-08-19,Completed
1983,795,143,85350000,2025-04-30,Completed
1984,795,143,85350000,2025-06-22,Completed
1985,796,99,187850000,2025-05-13,Completed
1986,796,99,187850000,2025-01-01,Completed
1987,797,32,302200000,2025-11-04,Completed
1988,798,72,221600000,2025-05-11,Completed
1989,799,162,240000000,2025-09-25,Completed
1990,799,162,240000000,2026-01-04,Completed
1991,800,1,53050000,2024-12-30,Completed
1992,800,1,53050000,2024-07-01,Completed
1993,800,1,53050000,2024-06-18,Completed
1994,800,1,53050000,2024-06-25,Completed
1995,801,192,51775000,2024-12-29,Completed
1996,801,192,51775000,2025-01-28,Completed
1997,801,192,51775000,2024-12-14,Completed
1998,801,192,51775000,2025-04-03,Completed
1999,802,171,549303277,2025-07-29,Completed
2000,803,69,21050000,2025-08-12,Completed
2001,803,69,21050000,2025-04-04,Completed
2002,803,69,21050000,2025-07-25,Completed
2003,803,69,21050000,2025-07-19,Completed
2004,804,166,82750000,2025-07-07,Completed
2005,804,166,82750000,2025-01-24,Completed
2006,804,166,82750000,2025-06-26,Completed
2007,804,166,82750000,2025-06-13,Completed
2008,805,2,54566666,2026-01-22,Completed
2009,805,2,54566666,2026-03-24,Completed
2010,805,2,54566666,2026-05-06,Completed
2011,806,138,203900000,2024-06-28,Completed
2012,807,198,148966666,2024-08-06,Completed
2013,807,198,148966666,2024-08-30,Completed
2014,807,198,148966666,2024-02-20,Completed
2015,808,119,476000000,2024-12-28,Completed
2016,809,92,93800000,2024-07-28,Completed
2017,809,92,93800000,2024-07-12,Completed
2018,810,168,45466666,2024-08-15,Completed
2019,810,168,45466666,2024-06-23,Completed
2020,810,168,45466666,2024-05-23,Completed
2021,811,53,161200000,2025-08-30,Completed
2022,812,138,82775000,2024-10-23,Completed
2023,812,138,82775000,2024-08-20,Completed
2024,812,138,82775000,2024-05-08,Completed
2025,812,138,82775000,2024-05-03,Completed
2026,813,99,60900000,2024-02-04,Completed
2027,813,99,60900000,2024-06-12,Completed
2028,814,14,183916734,2025-12-15,Completed
2029,814,14,183916734,2025-10-23,Completed
2030,814,14,183916734,2025-11-15,Completed
2031,814,14,183916734,2025-07-16,Completed
2032,815,194,186900000,2025-08-01,Completed
2033,815,194,186900000,2025-06-23,Completed
2034,816,102,169400000,2024-04-15,Completed
2035,817,24,226700000,2024-06-01,Completed
2036,818,39,173959585,2025-02-17,Completed
2037,818,39,173959585,2024-12-09,Completed
2038,818,39,173959585,2025-09-04,Completed
2039,819,29,123533333,2024-01-22,Completed
2040,819,29,123533333,2024-07-21,Completed
2041,819,29,123533333,2024-05-03,Completed
2042,820,198,47150000,2025-10-27,Completed
2043,820,198,47150000,2026-04-01,Completed
2044,821,184,228600000,2025-05-10,Completed
2045,822,148,358400000,2024-09-11,Completed
2046,823,91,36525000,2024-04-01,Completed
2047,823,91,36525000,2024-08-09,Completed
2048,823,91,36525000,2024-05-20,Completed
2049,823,91,36525000,2024-02-02,Completed
2050,824,44,112550000,2025-09-30,Completed
2051,824,44,112550000,2026-04-10,Completed
2052,824,44,112550000,2026-02-27,Completed
2053,824,44,112550000,2026-01-03,Completed
2054,825,45,72750000,2024-09-05,Completed
2055,825,45,72750000,2025-04-27,Completed
2056,826,93,49575000,2024-05-27,Completed
2057,826,93,49575000,2024-02-29,Completed
2058,826,93,49575000,2024-02-15,Completed
2059,826,93,49575000,2024-06-10,Completed
2060,827,23,95500000,2025-03-14,Completed
2061,827,23,95500000,2025-11-02,Completed
2062,827,23,95500000,2025-11-12,Completed
2063,827,23,95500000,2025-04-14,Completed
2064,828,109,49500000,2024-11-26,Completed
2065,828,109,49500000,2024-08-20,Completed
2066,828,109,49500000,2024-07-09,Completed
2067,828,109,49500000,2024-08-23,Completed
2068,829,34,26200000,2026-06-28,Completed
2069,829,34,26200000,2025-12-19,Completed
2070,829,34,26200000,2026-04-27,Completed
2071,830,57,29266666,2026-06-07,Completed
2072,830,57,29266666,2026-04-22,Completed
2073,830,57,29266666,2025-11-17,Completed
2074,831,111,490900000,2026-01-27,Completed
2075,832,7,147750000,2025-11-04,Completed
2076,832,7,147750000,2025-09-24,Completed
2077,833,97,55450000,2025-02-20,Completed
2078,833,97,55450000,2025-03-21,Completed
2079,834,130,398400000,2025-10-24,Completed
2080,835,65,156300000,2024-12-10,Completed
2081,835,65,156300000,2024-11-12,Completed
2082,835,65,156300000,2024-05-15,Completed
2083,836,52,161766666,2025-01-11,Completed
2084,836,52,161766666,2025-05-31,Completed
2085,836,52,161766666,2025-05-16,Completed
2086,837,189,68525000,2025-07-24,Completed
2087,837,189,68525000,2025-08-03,Completed
2088,837,189,68525000,2025-08-29,Completed
2089,837,189,68525000,2026-02-25,Completed
2090,838,200,42733333,2024-05-05,Completed
2091,838,200,42733333,2024-04-09,Completed
2092,838,200,42733333,2024-06-11,Completed
2093,839,111,220300000,2024-05-31,Completed
2094,839,111,220300000,2024-06-09,Completed
2095,840,194,127000000,2025-10-14,Completed
2096,840,194,127000000,2025-09-01,Completed
2097,841,164,158800000,2024-12-06,Completed
2098,841,164,158800000,2025-03-28,Completed
2099,841,164,158800000,2025-05-19,Completed
2100,842,147,246600000,2024-08-22,Completed
2101,843,196,99325000,2025-07-24,Completed
2102,843,196,99325000,2025-08-02,Completed
2103,843,196,99325000,2025-08-11,Completed
2104,843,196,99325000,2025-01-14,Completed
2105,844,124,398100000,2026-05-17,Completed
2106,845,125,64400000,2024-09-13,Completed
2107,845,125,64400000,2025-03-22,Completed
2108,845,125,64400000,2025-04-28,Completed
2109,846,189,84866666,2024-12-07,Completed
2110,846,189,84866666,2025-03-11,Completed
2111,846,189,84866666,2024-12-04,Completed
2112,847,116,372400000,2026-02-07,Completed
2113,848,74,142366666,2024-01-06,Completed
2114,848,74,142366666,2024-04-25,Completed
2115,848,74,142366666,2024-04-01,Completed
2116,849,83,113250000,2023-12-12,Completed
2117,849,83,113250000,2024-06-15,Completed
2118,849,83,113250000,2023-10-13,Completed
2119,849,83,113250000,2023-12-28,Completed
2120,850,130,118866666,2023-12-26,Completed
2121,850,130,118866666,2024-06-12,Completed
2122,850,130,118866666,2024-06-12,Completed
2123,851,83,202750000,2025-01-27,Completed
2124,851,83,202750000,2025-03-09,Completed
2125,852,152,186600000,2025-08-19,Completed
2126,852,152,186600000,2026-01-10,Completed
2127,853,1,113975000,2025-12-20,Completed
2128,853,1,113975000,2025-10-24,Completed
2129,853,1,113975000,2025-06-14,Completed
2130,853,1,113975000,2025-06-03,Completed
2131,854,79,153200000,2025-09-09,Completed
2132,854,79,153200000,2025-02-06,Completed
2133,854,79,153200000,2025-09-12,Completed
2134,855,194,126450000,2025-06-14,Completed
2135,855,194,126450000,2025-03-21,Completed
2136,856,73,106250000,2024-03-05,Completed
2137,856,73,106250000,2024-02-14,Completed
2138,857,169,94675000,2024-11-09,Completed
2139,857,169,94675000,2025-02-10,Completed
2140,857,169,94675000,2024-12-16,Completed
2141,857,169,94675000,2024-11-26,Completed
2142,858,160,57900000,2025-01-07,Completed
2143,858,160,57900000,2025-05-16,Completed
2144,858,160,57900000,2025-02-06,Completed
2145,858,160,57900000,2025-04-28,Completed
2146,859,46,312000000,2025-06-01,Completed
2147,860,135,93166666,2025-12-03,Completed
2148,860,135,93166666,2025-09-29,Completed
2149,860,135,93166666,2025-09-14,Completed
2150,861,118,107100000,2024-04-20,Completed
2151,861,118,107100000,2024-05-10,Completed
2152,861,118,107100000,2024-04-06,Completed
2153,862,16,74250000,2026-01-25,Completed
2154,862,16,74250000,2026-06-04,Completed
2155,863,72,148450000,2024-10-11,Completed
2156,863,72,148450000,2024-11-23,Completed
2157,864,47,334500000,2025-02-10,Completed
2158,865,114,239500000,2024-02-18,Completed
2159,865,114,239500000,2023-12-06,Completed
2160,866,101,205800000,2024-06-01,Completed
2161,867,91,189150000,2025-02-19,Completed
2162,867,91,189150000,2024-11-04,Completed
2163,868,141,298500000,2024-05-11,Completed
2164,869,180,144500000,2025-09-27,Completed
2165,869,180,144500000,2025-06-07,Completed
2166,870,119,162633333,2025-12-04,Completed
2167,870,119,162633333,2025-08-02,Completed
2168,870,119,162633333,2026-03-29,Completed
2169,871,95,384500000,2025-12-10,Completed
2170,872,156,194700000,2025-07-02,Completed
2171,873,87,103050000,2025-07-21,Completed
2172,873,87,103050000,2025-12-17,Completed
2173,873,87,103050000,2025-08-29,Completed
2174,873,87,103050000,2025-12-11,Completed
2175,874,53,106575000,2025-01-22,Completed
2176,874,53,106575000,2025-03-15,Completed
2177,874,53,106575000,2024-11-01,Completed
2178,874,53,106575000,2025-03-29,Completed
2179,875,15,372900000,2025-02-08,Completed
2180,876,158,132100000,2025-10-26,Completed
2181,877,198,42900000,2024-07-25,Completed
2182,877,198,42900000,2024-07-23,Completed
2183,878,110,29900000,2025-09-09,Completed
2184,878,110,29900000,2025-11-22,Completed
2185,878,110,29900000,2025-12-04,Completed
2186,878,110,29900000,2026-02-18,Completed
2187,879,140,495200000,2024-04-14,Completed
2188,880,38,134000000,2024-02-25,Completed
2189,881,187,91425000,2024-01-05,Completed
2190,881,187,91425000,2024-07-17,Completed
2191,881,187,91425000,2024-02-03,Completed
2192,881,187,91425000,2024-01-04,Completed
2193,882,127,342700000,2024-08-28,Completed
2194,883,1,66166666,2026-03-20,Completed
2195,883,1,66166666,2026-04-21,Completed
2196,883,1,66166666,2025-12-17,Completed
2197,884,145,352300000,2024-04-28,Completed
2198,885,192,78075000,2024-11-01,Completed
2199,885,192,78075000,2024-11-24,Completed
2200,885,192,78075000,2025-05-04,Completed
2201,885,192,78075000,2025-02-17,Completed
2202,886,128,38600000,2026-02-15,Completed
2203,886,128,38600000,2026-03-16,Completed
2204,886,128,38600000,2026-02-09,Completed
2205,886,128,38600000,2025-12-30,Completed
2206,887,40,90975000,2024-10-23,Completed
2207,887,40,90975000,2024-10-25,Completed
2208,887,40,90975000,2024-05-21,Completed
2209,887,40,90975000,2024-08-08,Completed
2210,888,103,240800000,2024-05-08,Completed
2211,888,103,240800000,2024-07-23,Completed
2212,889,154,346800000,2024-04-28,Completed
2213,890,171,197450000,2025-10-04,Completed
2214,890,171,197450000,2025-10-17,Completed
2215,891,119,354400000,2026-02-18,Completed
2216,892,83,82850000,2024-03-25,Completed
2217,892,83,82850000,2024-08-19,Completed
2218,893,177,435100000,2024-04-10,Completed
2219,894,55,76300000,2024-12-02,Completed
2220,895,189,130650000,2026-01-03,Completed
2221,895,189,130650000,2025-08-20,Completed
2222,896,43,238600000,2025-05-25,Completed
2223,896,43,238600000,2024-11-29,Completed
2224,897,83,28300000,2025-12-13,Completed
2225,897,83,28300000,2025-08-25,Completed
2226,897,83,28300000,2025-06-29,Completed
2227,897,83,28300000,2025-12-09,Completed
2228,898,60,113700000,2024-06-06,Completed
2229,899,83,51750000,2023-10-05,Completed
2230,899,83,51750000,2024-02-21,Completed
2231,900,85,446300000,2025-08-15,Completed
2232,901,56,370000000,2024-04-22,Completed
2233,902,99,69400000,2024-06-12,Completed
2234,903,162,57250000,2024-06-17,Completed
2235,903,162,57250000,2024-06-27,Completed
2236,904,27,104125000,2023-12-19,Completed
2237,904,27,104125000,2024-06-14,Completed
2238,904,27,104125000,2024-03-30,Completed
2239,904,27,104125000,2024-03-14,Completed
2240,905,148,457500000,2023-12-07,Completed
2241,906,52,63000000,2026-03-02,Completed
2242,906,52,63000000,2025-10-18,Completed
2243,906,52,63000000,2025-10-09,Completed
2244,907,141,65325000,2025-07-15,Completed
2245,907,141,65325000,2025-07-07,Completed
2246,907,141,65325000,2026-01-09,Completed
2247,907,141,65325000,2025-05-25,Completed
2248,908,82,137033333,2025-06-24,Completed
2249,908,82,137033333,2025-12-10,Completed
2250,908,82,137033333,2026-01-27,Completed
2251,909,96,250500000,2025-03-23,Completed
2252,910,22,77566666,2024-07-18,Completed
2253,910,22,77566666,2024-07-19,Completed
2254,910,22,77566666,2024-08-22,Completed
2255,911,197,34675000,2025-01-21,Completed
2256,911,197,34675000,2025-05-04,Completed
2257,911,197,34675000,2025-03-28,Completed
2258,911,197,34675000,2024-11-13,Completed
2259,912,157,118147890,2024-11-13,Completed
2260,912,157,118147890,2025-03-20,Completed
2261,913,191,25275000,2026-01-23,Completed
2262,913,191,25275000,2025-11-02,Completed
2263,913,191,25275000,2026-01-22,Completed
2264,913,191,25275000,2025-10-17,Completed
2265,914,25,64733333,2024-05-01,Completed
2266,914,25,64733333,2024-12-30,Completed
2267,914,25,64733333,2025-02-22,Completed
2268,915,147,66900000,2024-03-21,Completed
2269,915,147,66900000,2024-07-20,Completed
2270,915,147,66900000,2024-10-05,Completed
2271,916,120,407800000,2024-11-10,Completed
2272,917,139,105066666,2024-03-12,Completed
2273,917,139,105066666,2024-05-21,Completed
2274,917,139,105066666,2024-10-25,Completed
2275,918,122,191450000,2025-05-20,Completed
2276,918,122,191450000,2024-11-20,Completed
2277,919,85,98550000,2024-12-27,Completed
2278,919,85,98550000,2025-03-05,Completed
2279,919,85,98550000,2024-12-24,Completed
2280,919,85,98550000,2024-12-14,Completed
2281,920,181,348000000,2025-04-08,Completed
2282,921,16,112833333,2024-08-31,Completed
2283,921,16,112833333,2024-10-02,Completed
2284,921,16,112833333,2025-02-23,Completed
2285,922,97,123650000,2026-01-17,Completed
2286,922,97,123650000,2025-10-14,Completed
2287,922,97,123650000,2025-10-08,Completed
2288,922,97,123650000,2025-10-17,Completed
2289,923,124,386900000,2024-10-13,Completed
2290,924,161,223500000,2024-07-08,Completed
2291,925,175,97050000,2024-01-22,Completed
2292,925,175,97050000,2024-07-28,Completed
2293,925,175,97050000,2024-05-12,Completed
2294,925,175,97050000,2024-10-04,Completed
2295,926,110,150900000,2024-08-21,Completed
2296,926,110,150900000,2025-03-19,Completed
2297,927,5,58533333,2025-09-19,Completed
2298,927,5,58533333,2025-06-27,Completed
2299,927,5,58533333,2025-11-07,Completed
2300,928,138,51950000,2025-08-25,Completed
2301,928,138,51950000,2026-01-06,Completed
2302,928,138,51950000,2025-09-17,Completed
2303,928,138,51950000,2026-01-13,Completed
2304,929,48,32875000,2024-12-18,Completed
2305,929,48,32875000,2025-05-17,Completed
2306,929,48,32875000,2024-10-27,Completed
2307,929,48,32875000,2025-01-19,Completed
2308,930,34,35500000,2024-01-23,Completed
2309,930,34,35500000,2024-10-13,Completed
2310,931,189,52300000,2025-10-28,Completed
2311,931,189,52300000,2025-11-24,Completed
2312,931,189,52300000,2025-11-15,Completed
2313,932,127,359700000,2023-12-29,Completed
2314,933,87,70400000,2024-05-29,Completed
2315,933,87,70400000,2024-05-19,Completed
2316,934,90,55075000,2024-08-13,Completed
2317,934,90,55075000,2025-03-13,Completed
2318,934,90,55075000,2024-08-15,Completed
2319,934,90,55075000,2024-10-22,Completed
2320,935,132,376040751,2025-12-13,Completed
2321,936,91,89850000,2023-12-02,Completed
2322,936,91,89850000,2024-08-17,Completed
2323,937,14,227100000,2025-12-07,Completed
2324,938,37,51200000,2026-06-06,Completed
2325,938,37,51200000,2026-01-25,Completed
2326,938,37,51200000,2026-04-24,Completed
2327,939,129,69366666,2024-06-26,Completed
2328,939,129,69366666,2024-01-29,Completed
2329,939,129,69366666,2024-05-15,Completed
2330,940,177,149866666,2024-08-17,Completed
2331,940,177,149866666,2024-05-01,Completed
2332,940,177,149866666,2024-09-19,Completed
2333,941,151,104525000,2025-12-03,Completed
2334,941,151,104525000,2026-04-03,Completed
2335,941,151,104525000,2026-01-02,Completed
2336,941,151,104525000,2026-01-25,Completed
2337,942,155,314300000,2024-02-15,Completed
2338,943,68,50033333,2024-07-05,Completed
2339,943,68,50033333,2024-11-11,Completed
2340,943,68,50033333,2025-01-02,Completed
2341,944,125,94100000,2025-10-09,Completed
2342,944,125,94100000,2026-04-04,Completed
2343,944,125,94100000,2026-04-11,Completed
2344,945,173,454600000,2024-07-23,Completed
2345,946,133,243600000,2024-07-20,Completed
2346,947,153,26766666,2025-02-14,Completed
2347,947,153,26766666,2025-03-13,Completed
2348,947,153,26766666,2025-10-04,Completed
2349,948,51,296500000,2025-06-11,Completed
2350,949,145,294400000,2024-06-26,Completed
2351,950,131,14625000,2024-12-20,Completed
2352,950,131,14625000,2024-11-22,Completed
2353,950,131,14625000,2024-10-11,Completed
2354,950,131,14625000,2024-12-02,Completed
2355,951,110,93000000,2024-08-02,Completed
2356,952,178,90225000,2025-04-01,Completed
2357,952,178,90225000,2025-04-04,Completed
2358,952,178,90225000,2025-07-12,Completed
2359,952,178,90225000,2025-04-15,Completed
2360,953,184,119350000,2025-01-15,Completed
2361,953,184,119350000,2025-02-05,Completed
2362,953,184,119350000,2025-04-29,Completed
2363,953,184,119350000,2024-12-18,Completed
2364,954,188,58900000,2025-01-09,Completed
2365,954,188,58900000,2025-01-08,Completed
2366,955,120,144500000,2025-12-19,Completed
2367,955,120,144500000,2026-06-01,Completed
2368,955,120,144500000,2026-05-25,Completed
2369,956,149,115800000,2025-02-05,Completed
2370,956,149,115800000,2025-03-08,Completed
2371,956,149,115800000,2024-09-30,Completed
2372,956,149,115800000,2025-01-09,Completed
2373,957,56,396500000,2024-05-28,Completed
2374,958,191,15875000,2025-09-25,Completed
2375,958,191,15875000,2025-08-16,Completed
2376,958,191,15875000,2025-06-26,Completed
2377,958,191,15875000,2025-05-12,Completed
2378,959,80,85075000,2026-06-04,Completed
2379,959,80,85075000,2026-03-06,Completed
2380,959,80,85075000,2025-10-14,Completed
2381,959,80,85075000,2026-04-30,Completed
2382,960,80,45100000,2025-12-04,Completed
2383,960,80,45100000,2025-10-11,Completed
2384,961,4,237400000,2024-09-29,Completed
2385,961,4,237400000,2024-11-24,Completed
2386,962,14,134000000,2024-09-02,Completed
2387,962,14,134000000,2024-08-26,Completed
2388,963,93,151866666,2025-07-31,Completed
2389,963,93,151866666,2025-03-07,Completed
2390,963,93,151866666,2025-04-23,Completed
2391,964,29,100033333,2024-12-23,Completed
2392,964,29,100033333,2025-02-11,Completed
2393,964,29,100033333,2025-02-21,Completed
2394,965,111,219350000,2024-11-30,Completed
2395,965,111,219350000,2025-06-13,Completed
2396,966,133,145700000,2026-02-15,Completed
2397,966,133,145700000,2026-07-17,Completed
2398,966,133,145700000,2026-07-06,Completed
2399,967,131,31725000,2024-12-19,Completed
2400,967,131,31725000,2024-10-08,Completed
2401,967,131,31725000,2025-01-16,Completed
2402,967,131,31725000,2024-08-21,Completed
2403,968,170,84700000,2025-09-06,Completed
2404,968,170,84700000,2025-11-26,Completed
2405,968,170,84700000,2026-04-02,Completed
2406,968,170,84700000,2025-07-21,Completed
2407,969,26,230400000,2025-08-23,Completed
2408,970,115,219000000,2025-05-14,Completed
2409,971,106,160533333,2025-06-25,Completed
2410,971,106,160533333,2025-07-08,Completed
2411,971,106,160533333,2025-04-27,Completed
2412,972,151,50233333,2025-04-20,Completed
2413,972,151,50233333,2025-01-19,Completed
2414,972,151,50233333,2024-11-28,Completed
2415,973,54,239250000,2024-05-18,Completed
2416,973,54,239250000,2024-08-20,Completed
2417,974,32,62700000,2023-12-09,Completed
2418,975,116,45400000,2023-11-22,Completed
2419,975,116,45400000,2024-02-24,Completed
2420,976,63,265655500,2025-10-15,Completed
2421,976,63,265655500,2025-12-24,Completed
2422,976,63,265655500,2026-01-12,Completed
2423,977,179,152250000,2025-07-30,Completed
2424,977,179,152250000,2025-08-25,Completed
2425,978,187,74150000,2024-09-20,Completed
2426,978,187,74150000,2024-03-18,Completed
2427,978,187,74150000,2024-06-25,Completed
2428,978,187,74150000,2024-07-26,Completed
2429,979,46,76650000,2025-07-10,Completed
2430,979,46,76650000,2025-08-16,Completed
2431,979,46,76650000,2025-09-05,Completed
2432,979,46,76650000,2025-08-13,Completed
2433,980,24,197400000,2026-04-16,Completed
2434,980,24,197400000,2026-02-04,Completed
2435,981,55,93800000,2024-08-03,Completed
2436,982,137,119300000,2025-07-18,Completed
2437,983,198,99800000,2024-09-25,Completed
2438,984,3,53900000,2024-07-07,Completed
2439,984,3,53900000,2024-02-02,Completed
2440,984,3,53900000,2024-10-04,Completed
2441,985,89,87650000,2025-05-27,Completed
2442,985,89,87650000,2025-04-06,Completed
2443,986,158,74850000,2026-01-07,Completed
2444,986,158,74850000,2025-08-14,Completed
2445,987,122,435915876,2025-01-14,Completed
2446,987,122,435915876,2025-02-01,Completed
2447,988,91,71875000,2025-02-20,Completed
2448,988,91,71875000,2025-01-03,Completed
2449,988,91,71875000,2025-03-04,Completed
2450,988,91,71875000,2025-03-01,Completed
2451,989,13,42825000,2024-02-07,Completed
2452,989,13,42825000,2024-07-06,Completed
2453,989,13,42825000,2024-02-19,Completed
2454,989,13,42825000,2024-09-16,Completed
2455,990,25,164100000,2025-06-25,Completed
2456,991,85,156733333,2026-03-26,Completed
2457,991,85,156733333,2025-10-13,Completed
2458,991,85,156733333,2025-12-23,Completed
2459,992,75,26450000,2024-06-04,Completed
2460,992,75,26450000,2024-11-18,Completed
2461,992,75,26450000,2024-11-28,Completed
2462,992,75,26450000,2024-07-14,Completed
2463,993,133,335100000,2025-09-24,Completed
2464,994,114,229550000,2025-07-17,Completed
2465,994,114,229550000,2025-05-10,Completed
2466,995,51,394100000,2025-09-07,Completed
2467,996,35,96250000,2025-04-08,Completed
2468,996,35,96250000,2024-10-08,Completed
2469,997,114,204200000,2025-03-12,Completed
2470,997,114,204200000,2025-04-29,Completed
2471,998,115,42933333,2025-08-23,Completed
2472,998,115,42933333,2025-11-13,Completed
2473,998,115,42933333,2025-11-02,Completed
2474,999,173,68566666,2025-04-01,Completed
2475,999,173,68566666,2025-07-14,Completed
2476,999,173,68566666,2024-12-10,Completed
2477,1000,173,36000000,2024-05-24,Completed
2478,1000,173,36000000,2024-06-02,Completed
2479,1000,173,36000000,2024-12-14,Completed
2480,1001,18,17100000,2025-01-04,Completed
2481,1001,18,17100000,2024-08-08,Completed
2482,1001,18,17100000,2024-09-23,Completed
2483,1001,18,17100000,2024-11-29,Completed
2484,1002,196,474100000,2026-01-31,Completed
2485,1003,198,24833333,2024-08-27,Completed
2486,1003,198,24833333,2024-10-07,Completed
2487,1003,198,24833333,2024-11-09,Completed
2488,1004,161,243000000,2024-08-28,Completed
2489,1005,134,442200000,2025-08-25,Completed
2490,1006,40,441200000,2024-12-30,Completed
2491,1007,85,487600000,2026-05-16,Completed
2492,1008,46,100500000,2024-04-01,Completed
2493,1008,46,100500000,2024-08-07,Completed
2494,1008,46,100500000,2024-07-30,Completed
2495,1008,46,100500000,2024-05-10,Completed
2496,1009,160,58200000,2025-07-29,Completed
2497,1010,101,32133333,2024-04-04,Completed
2498,1010,101,32133333,2024-02-10,Completed
2499,1010,101,32133333,2024-03-05,Completed
2500,1011,19,147366666,2024-09-18,Completed
2501,1011,19,147366666,2024-03-29,Completed
2502,1011,19,147366666,2024-08-24,Completed
2503,1012,88,137766666,2024-07-23,Completed
2504,1012,88,137766666,2024-12-14,Completed
2505,1012,88,137766666,2024-08-03,Completed
2506,1013,66,83475000,2025-10-10,Completed
2507,1013,66,83475000,2025-06-29,Completed
2508,1013,66,83475000,2025-09-01,Completed
2509,1013,66,83475000,2025-07-29,Completed
2510,1014,60,150500000,2024-10-16,Completed
2511,1015,146,16850000,2025-04-03,Completed
2512,1015,146,16850000,2025-06-09,Completed
2513,1015,146,16850000,2025-05-27,Completed
2514,1015,146,16850000,2025-09-16,Completed
2515,1016,32,182550000,2025-10-11,Completed
2516,1016,32,182550000,2025-12-02,Completed
2517,1017,96,25200000,2024-06-04,Completed
2518,1017,96,25200000,2024-05-11,Completed
2519,1017,96,25200000,2024-02-05,Completed
2520,1018,70,32233333,2025-04-19,Completed
2521,1018,70,32233333,2025-03-14,Completed
2522,1018,70,32233333,2025-02-22,Completed
2523,1019,26,91550000,2024-08-25,Completed
2524,1019,26,91550000,2025-01-08,Completed
2525,1020,52,164866666,2024-10-18,Completed
2526,1020,52,164866666,2024-08-31,Completed
2527,1020,52,164866666,2024-08-22,Completed
2528,1021,22,78225000,2024-04-28,Completed
2529,1021,22,78225000,2024-12-01,Completed
2530,1021,22,78225000,2024-04-24,Completed
2531,1021,22,78225000,2024-12-14,Completed
2532,1022,33,443300000,2024-09-26,Completed
2533,1023,28,34133333,2024-07-18,Completed
2534,1023,28,34133333,2024-11-16,Completed
2535,1023,28,34133333,2024-05-12,Completed
2536,1024,149,170300000,2023-10-26,Completed
2537,1025,82,103300000,2024-09-17,Completed
2538,1025,82,103300000,2024-05-17,Completed
2539,1025,82,103300000,2024-11-05,Completed
2540,1026,171,139400000,2024-07-25,Completed
2541,1027,121,195350000,2024-03-29,Completed
2542,1027,121,195350000,2024-08-31,Completed
2543,1028,62,356900000,2024-03-23,Completed
2544,1029,189,45666666,2024-10-06,Completed
2545,1029,189,45666666,2024-12-28,Completed
2546,1029,189,45666666,2024-07-04,Completed
2547,1030,135,28325000,2025-08-11,Completed
2548,1030,135,28325000,2025-01-10,Completed
2549,1030,135,28325000,2025-08-06,Completed
2550,1030,135,28325000,2024-12-05,Completed
2551,1031,94,154800000,2025-08-05,Completed
2552,1031,94,154800000,2025-06-22,Completed
2553,1032,149,48166666,2024-04-17,Completed
2554,1032,149,48166666,2024-09-04,Completed
2555,1032,149,48166666,2024-12-19,Completed
2556,1033,144,208850000,2025-02-04,Completed
2557,1033,144,208850000,2024-09-19,Completed
2558,1034,195,29175000,2024-02-12,Completed
2559,1034,195,29175000,2024-02-03,Completed
2560,1034,195,29175000,2024-06-22,Completed
2561,1034,195,29175000,2023-11-10,Completed
2562,1035,1,265700000,2024-12-19,Completed
2563,1036,70,27450000,2026-01-23,Completed
2564,1036,70,27450000,2025-09-29,Completed
2565,1036,70,27450000,2026-02-16,Completed
2566,1036,70,27450000,2026-05-07,Completed
2567,1037,88,147500000,2024-02-29,Completed
2568,1038,138,104425000,2025-09-03,Completed
2569,1038,138,104425000,2025-12-08,Completed
2570,1038,138,104425000,2025-06-15,Completed
2571,1038,138,104425000,2025-07-10,Completed
2572,1039,73,43675000,2025-12-03,Completed
2573,1039,73,43675000,2025-11-03,Completed
2574,1039,73,43675000,2026-01-02,Completed
2575,1039,73,43675000,2025-08-21,Completed
2576,1040,55,60050000,2025-05-24,Completed
2577,1040,55,60050000,2025-06-12,Completed
2578,1040,55,60050000,2025-07-13,Completed
2579,1040,55,60050000,2025-06-10,Completed
2580,1041,149,134200000,2025-09-14,Completed
2581,1041,149,134200000,2026-01-19,Completed
2582,1041,149,134200000,2025-12-18,Completed
2583,1042,75,91433333,2025-03-31,Completed
2584,1042,75,91433333,2025-01-12,Completed
2585,1042,75,91433333,2025-03-17,Completed
2586,1043,79,36200000,2024-10-31,Completed
2587,1043,79,36200000,2025-07-05,Completed
2588,1044,112,54100000,2025-05-12,Completed
2589,1044,112,54100000,2024-10-22,Completed
2590,1044,112,54100000,2025-04-08,Completed
2591,1044,112,54100000,2025-01-17,Completed
2592,1045,31,207000000,2025-05-03,Completed
2593,1045,31,207000000,2025-02-09,Completed
2594,1046,55,27725000,2024-09-27,Completed
2595,1046,55,27725000,2024-02-15,Completed
2596,1046,55,27725000,2024-06-18,Completed
2597,1046,55,27725000,2024-01-28,Completed
2598,1047,107,205900000,2024-03-12,Completed
2599,1048,44,57575000,2024-04-10,Completed
2600,1048,44,57575000,2024-09-16,Completed
2601,1048,44,57575000,2024-05-29,Completed
2602,1048,44,57575000,2024-03-13,Completed
2603,1049,138,118225000,2023-12-24,Completed
2604,1049,138,118225000,2024-07-28,Completed
2605,1049,138,118225000,2024-08-31,Completed
2606,1049,138,118225000,2024-03-05,Completed
2607,1050,103,90375000,2026-04-09,Completed
2608,1050,103,90375000,2025-10-12,Completed
2609,1050,103,90375000,2025-12-12,Completed
2610,1050,103,90375000,2025-11-07,Completed
2611,1051,123,342500000,2024-11-03,Completed
2612,1052,102,144800000,2025-02-22,Completed
2613,1053,72,150233333,2025-04-09,Completed
2614,1053,72,150233333,2025-08-09,Completed
2615,1053,72,150233333,2025-03-13,Completed
2616,1054,13,66075000,2025-06-17,Completed
2617,1054,13,66075000,2025-04-07,Completed
2618,1054,13,66075000,2024-12-22,Completed
2619,1054,13,66075000,2025-04-11,Completed
2620,1055,22,151350000,2025-07-28,Completed
2621,1055,22,151350000,2025-11-17,Completed
2622,1056,70,22400000,2026-03-20,Completed
2623,1056,70,22400000,2025-07-12,Completed
2624,1056,70,22400000,2025-07-05,Completed
2625,1057,58,89300000,2025-02-16,Completed
2626,1057,58,89300000,2024-12-12,Completed
2627,1058,149,15275000,2025-08-15,Completed
2628,1058,149,15275000,2024-12-31,Completed
2629,1058,149,15275000,2025-02-28,Completed
2630,1058,149,15275000,2025-05-03,Completed
2631,1059,171,19400000,2026-05-21,Completed
2632,1059,171,19400000,2026-01-03,Completed
2633,1059,171,19400000,2026-03-15,Completed
2634,1059,171,19400000,2025-12-10,Completed
2635,1060,51,33250000,2025-08-17,Completed
2636,1060,51,33250000,2026-01-16,Completed
2637,1061,2,105033333,2026-04-14,Completed
2638,1061,2,105033333,2025-12-04,Completed
2639,1061,2,105033333,2025-10-13,Completed
2640,1062,6,119466666,2024-04-18,Completed
2641,1062,6,119466666,2024-10-10,Completed
2642,1062,6,119466666,2025-02-15,Completed
2643,1063,46,372400000,2025-09-10,Completed
2644,1064,49,375500000,2024-04-26,Completed
2645,1065,156,94300000,2024-10-16,Completed
2646,1065,156,94300000,2024-11-15,Completed
2647,1066,103,32733333,2024-01-25,Completed
2648,1066,103,32733333,2023-11-27,Completed
2649,1066,103,32733333,2024-04-21,Completed
2650,1067,113,67400000,2026-02-02,Completed
2651,1067,113,67400000,2026-01-09,Completed
2652,1067,113,67400000,2025-10-06,Completed
2653,1067,113,67400000,2025-08-27,Completed
2654,1068,52,205852934,2025-09-02,Completed
2655,1069,69,20475000,2025-12-06,Completed
2656,1069,69,20475000,2026-07-03,Completed
2657,1069,69,20475000,2026-04-28,Completed
2658,1069,69,20475000,2026-04-18,Completed
2659,1070,147,135566666,2025-04-15,Completed
2660,1070,147,135566666,2025-01-03,Completed
2661,1070,147,135566666,2025-01-28,Completed
2662,1071,73,177050000,2024-11-09,Completed
2663,1071,73,177050000,2024-08-01,Completed
2664,1072,91,58000000,2025-08-27,Completed
2665,1073,176,245250000,2024-07-13,Completed
2666,1073,176,245250000,2024-12-05,Completed
2667,1074,140,20500000,2024-11-18,Completed
2668,1074,140,20500000,2024-12-06,Completed
2669,1074,140,20500000,2024-09-21,Completed
2670,1075,70,58266666,2024-12-08,Completed
2671,1075,70,58266666,2024-04-16,Completed
2672,1075,70,58266666,2024-04-28,Completed
2673,1076,187,106800000,2026-06-06,Completed
2674,1076,187,106800000,2026-01-22,Completed
2675,1076,187,106800000,2026-01-01,Completed
2676,1077,161,113650000,2025-08-03,Completed
2677,1077,161,113650000,2026-01-09,Completed
2678,1078,2,40550000,2026-01-14,Completed
2679,1078,2,40550000,2026-01-01,Completed
2680,1078,2,40550000,2026-04-13,Completed
2681,1078,2,40550000,2025-09-29,Completed
2682,1079,120,119666666,2026-03-12,Completed
2683,1079,120,119666666,2025-11-27,Completed
2684,1079,120,119666666,2026-03-16,Completed
2685,1080,92,93000000,2025-02-11,Completed
2686,1080,92,93000000,2025-04-15,Completed
2687,1081,200,101650000,2024-07-22,Completed
2688,1081,200,101650000,2024-08-31,Completed
2689,1081,200,101650000,2024-05-15,Completed
2690,1081,200,101650000,2024-11-08,Completed
2691,1082,1,58700000,2024-07-21,Completed
2692,1083,193,68400000,2025-08-23,Completed
2693,1083,193,68400000,2025-12-08,Completed
2694,1083,193,68400000,2025-12-19,Completed
2695,1083,193,68400000,2025-08-30,Completed
2696,1084,128,422300000,2023-12-15,Completed
2697,1085,49,194900000,2025-10-27,Completed
2698,1086,192,495700000,2024-11-17,Completed
2699,1087,53,87500000,2024-12-12,Completed
2700,1087,53,87500000,2024-12-14,Completed
2701,1087,53,87500000,2025-02-17,Completed
2702,1087,53,87500000,2025-07-25,Completed
2703,1088,25,29675000,2025-06-11,Completed
2704,1088,25,29675000,2025-03-16,Completed
2705,1088,25,29675000,2025-08-21,Completed
2706,1088,25,29675000,2025-08-02,Completed
2707,1089,29,107975000,2024-09-25,Completed
2708,1089,29,107975000,2024-10-09,Completed
2709,1089,29,107975000,2024-09-26,Completed
2710,1089,29,107975000,2024-11-12,Completed
2711,1090,158,47175000,2024-04-09,Completed
2712,1090,158,47175000,2024-07-03,Completed
2713,1090,158,47175000,2024-08-03,Completed
2714,1090,158,47175000,2024-06-04,Completed
2715,1091,97,71275000,2024-10-27,Completed
2716,1091,97,71275000,2024-10-08,Completed
2717,1091,97,71275000,2024-11-20,Completed
2718,1091,97,71275000,2024-10-14,Completed
2719,1092,63,87466666,2025-11-27,Completed
2720,1092,63,87466666,2025-11-19,Completed
2721,1092,63,87466666,2026-02-16,Completed
2722,1093,135,40000000,2024-05-30,Completed
2723,1093,135,40000000,2024-04-15,Completed
2724,1094,168,110100000,2024-04-27,Completed
2725,1094,168,110100000,2024-11-29,Completed
2726,1094,168,110100000,2024-06-27,Completed
2727,1095,139,131800000,2026-04-28,Completed
2728,1095,139,131800000,2025-11-07,Completed
2729,1096,148,77700000,2025-06-11,Completed
2730,1097,79,101600000,2025-03-20,Completed
2731,1097,79,101600000,2025-10-19,Completed
2732,1098,96,125700000,2024-05-11,Completed
2733,1098,96,125700000,2024-07-25,Completed
2734,1098,96,125700000,2024-06-13,Completed
2735,1099,28,98700000,2025-10-17,Completed
2736,1099,28,98700000,2025-12-25,Completed
2737,1099,28,98700000,2026-06-22,Completed
2738,1099,28,98700000,2025-12-27,Completed
2739,1100,154,164300000,2025-06-09,Completed
2740,1101,59,297313319,2024-09-20,Completed
2741,1101,59,297313319,2024-05-27,Completed
2742,1101,59,297313319,2024-07-19,Completed
2743,1102,86,135866666,2025-05-11,Completed
2744,1102,86,135866666,2026-01-08,Completed
2745,1102,86,135866666,2025-07-29,Completed
2746,1103,26,112000000,2025-11-02,Completed
2747,1103,26,112000000,2026-03-31,Completed
2748,1104,5,94375000,2025-05-13,Completed
2749,1104,5,94375000,2025-07-24,Completed
2750,1104,5,94375000,2024-11-29,Completed
2751,1104,5,94375000,2025-04-19,Completed
2752,1105,164,60650000,2024-10-26,Completed
2753,1105,164,60650000,2025-01-12,Completed
2754,1105,164,60650000,2024-11-26,Completed
2755,1105,164,60650000,2025-05-30,Completed
2756,1106,93,148650000,2026-03-07,Completed
2757,1106,93,148650000,2025-10-18,Completed
2758,1107,145,221850000,2025-04-05,Completed
2759,1107,145,221850000,2025-08-03,Completed
2760,1108,96,333600000,2025-02-06,Completed
2761,1109,200,14850000,2024-06-30,Completed
2762,1109,200,14850000,2024-11-05,Completed
2763,1109,200,14850000,2025-01-06,Completed
2764,1109,200,14850000,2024-10-13,Completed
2765,1110,107,153733333,2024-01-26,Completed
2766,1110,107,153733333,2024-02-29,Completed
2767,1110,107,153733333,2024-07-04,Completed
2768,1111,192,57700000,2025-06-25,Completed
2769,1111,192,57700000,2025-12-04,Completed
2770,1111,192,57700000,2025-11-03,Completed
2771,1112,66,150333333,2024-09-29,Completed
2772,1112,66,150333333,2024-12-26,Completed
2773,1112,66,150333333,2024-11-11,Completed
2774,1113,131,494600000,2024-09-25,Completed
2775,1114,161,171300000,2025-12-11,Completed
2776,1114,161,171300000,2025-10-26,Completed
2777,1115,172,201550000,2025-12-09,Completed
2778,1115,172,201550000,2025-11-05,Completed
2779,1116,157,355300000,2025-11-30,Completed
2780,1117,78,132033333,2024-08-02,Completed
2781,1117,78,132033333,2025-01-30,Completed
2782,1117,78,132033333,2024-08-21,Completed
2783,1118,187,471100000,2025-03-23,Completed
2784,1119,188,275100000,2025-07-25,Completed
2785,1120,129,191750000,2024-12-12,Completed
2786,1120,129,191750000,2024-12-08,Completed
2787,1121,116,78033333,2025-09-24,Completed
2788,1121,116,78033333,2025-09-04,Completed
2789,1121,116,78033333,2025-07-19,Completed
2790,1122,195,165450000,2025-07-10,Completed
2791,1122,195,165450000,2025-07-29,Completed
2792,1123,179,92375000,2026-04-22,Completed
2793,1123,179,92375000,2026-01-01,Completed
2794,1123,179,92375000,2025-08-20,Completed
2795,1123,179,92375000,2025-10-23,Completed
2796,1124,127,74750000,2024-07-03,Completed
2797,1124,127,74750000,2024-09-05,Completed
2798,1124,127,74750000,2024-09-11,Completed
2799,1124,127,74750000,2024-12-15,Completed
2800,1125,42,70625000,2024-10-14,Completed
2801,1125,42,70625000,2024-03-20,Completed
2802,1125,42,70625000,2024-07-24,Completed
2803,1125,42,70625000,2024-03-16,Completed
2804,1126,7,111550000,2025-10-03,Completed
2805,1126,7,111550000,2025-12-18,Completed
2806,1127,119,103866666,2025-01-04,Completed
2807,1127,119,103866666,2025-01-21,Completed
2808,1127,119,103866666,2025-01-19,Completed
2809,1128,133,71125000,2025-09-26,Completed
2810,1128,133,71125000,2025-05-03,Completed
2811,1128,133,71125000,2026-01-29,Completed
2812,1128,133,71125000,2025-10-20,Completed
2813,1129,183,91000000,2025-09-24,Completed
2814,1129,183,91000000,2025-07-04,Completed
2815,1129,183,91000000,2025-10-12,Completed
2816,1129,183,91000000,2025-08-29,Completed
2817,1130,159,17175000,2024-07-01,Completed
2818,1130,159,17175000,2024-11-21,Completed
2819,1130,159,17175000,2024-05-27,Completed
2820,1130,159,17175000,2024-12-01,Completed
2821,1131,86,106250000,2025-01-06,Completed
2822,1131,86,106250000,2025-03-10,Completed
2823,1131,86,106250000,2024-12-02,Completed
2824,1131,86,106250000,2025-02-23,Completed
2825,1132,40,54875000,2024-04-15,Completed
2826,1132,40,54875000,2024-03-13,Completed
2827,1132,40,54875000,2024-08-06,Completed
2828,1132,40,54875000,2024-08-26,Completed
2829,1133,195,250500000,2025-04-17,Completed
2830,1134,102,391600000,2024-10-25,Completed
2831,1135,159,289900000,2024-12-27,Completed
2832,1136,168,401000000,2025-11-07,Completed
2833,1137,132,445300000,2024-11-27,Completed
2834,1138,107,65725000,2025-05-08,Completed
2835,1138,107,65725000,2025-10-13,Completed
2836,1138,107,65725000,2025-05-16,Completed
2837,1138,107,65725000,2025-01-14,Completed
2838,1139,180,77000000,2024-12-11,Completed
2839,1139,180,77000000,2024-09-26,Completed
2840,1139,180,77000000,2025-04-23,Completed
2841,1140,156,58833333,2025-04-26,Completed
2842,1140,156,58833333,2025-02-20,Completed
2843,1140,156,58833333,2025-02-05,Completed
2844,1141,162,74525000,2024-06-06,Completed
2845,1141,162,74525000,2024-10-01,Completed
2846,1141,162,74525000,2024-12-29,Completed
2847,1141,162,74525000,2024-09-23,Completed
2848,1142,171,89900000,2024-12-14,Completed
2849,1142,171,89900000,2025-05-21,Completed
2850,1142,171,89900000,2025-03-29,Completed
2851,1142,171,89900000,2024-09-23,Completed
2852,1143,61,219100000,2025-09-30,Completed
2853,1144,139,479300000,2025-05-20,Completed
2854,1145,113,488000000,2025-08-31,Completed
2855,1146,64,250700000,2024-12-24,Completed
2856,1147,93,82644966,2025-03-23,Completed
2857,1147,93,82644966,2024-09-17,Completed
2858,1147,93,82644966,2025-04-29,Completed
2859,1147,93,82644966,2024-08-24,Completed
2860,1148,53,72650000,2025-07-21,Completed
2861,1148,53,72650000,2025-04-16,Completed
2862,1149,169,103150000,2023-11-10,Completed
2863,1149,169,103150000,2024-03-17,Completed
2864,1149,169,103150000,2024-06-05,Completed
2865,1149,169,103150000,2024-03-27,Completed
2866,1150,51,235600000,2024-08-24,Completed
2867,1150,51,235600000,2024-07-21,Completed
2868,1151,124,141300000,2025-08-01,Completed
2869,1152,48,196400000,2025-11-12,Completed
2870,1153,91,69500000,2024-09-24,Completed
2871,1153,91,69500000,2024-06-16,Completed
2872,1153,91,69500000,2024-06-23,Completed
2873,1154,192,111100000,2025-05-15,Completed
2874,1154,192,111100000,2025-01-20,Completed
2875,1155,189,118250000,2024-08-02,Completed
2876,1155,189,118250000,2024-07-13,Completed
2877,1155,189,118250000,2024-07-30,Completed
2878,1155,189,118250000,2024-11-14,Completed
2879,1156,121,80825000,2024-11-02,Completed
2880,1156,121,80825000,2025-01-01,Completed
2881,1156,121,80825000,2025-03-13,Completed
2882,1156,121,80825000,2024-12-16,Completed
2883,1157,6,23825000,2025-09-03,Completed
2884,1157,6,23825000,2025-04-25,Completed
2885,1157,6,23825000,2025-07-28,Completed
2886,1157,6,23825000,2025-07-31,Completed
2887,1158,184,34650000,2024-10-17,Completed
2888,1158,184,34650000,2025-03-13,Completed
2889,1159,20,45350000,2024-08-21,Completed
2890,1159,20,45350000,2025-02-13,Completed
2891,1159,20,45350000,2025-04-04,Completed
2892,1159,20,45350000,2024-12-03,Completed
2893,1160,81,32833333,2025-12-22,Completed
2894,1160,81,32833333,2025-10-04,Completed
2895,1160,81,32833333,2025-07-07,Completed
2896,1161,19,87150000,2026-07-14,Completed
2897,1161,19,87150000,2025-11-14,Completed
2898,1162,198,485000000,2024-08-31,Completed
2899,1163,62,75300000,2024-09-18,Completed
2900,1163,62,75300000,2024-07-11,Completed
2901,1163,62,75300000,2024-08-11,Completed
2902,1164,193,41225000,2024-03-19,Completed
2903,1164,193,41225000,2024-11-20,Completed
2904,1164,193,41225000,2024-03-25,Completed
2905,1164,193,41225000,2024-11-12,Completed
2906,1165,44,115750000,2025-09-20,Completed
2907,1165,44,115750000,2025-10-16,Completed
2908,1165,44,115750000,2025-06-02,Completed
2909,1165,44,115750000,2025-06-06,Completed
2910,1166,91,235300000,2025-08-23,Completed
2911,1166,91,235300000,2026-04-17,Completed
2912,1167,83,80150000,2025-11-04,Completed
2913,1167,83,80150000,2025-09-16,Completed
2914,1167,83,80150000,2025-02-17,Completed
2915,1167,83,80150000,2025-08-31,Completed
2916,1168,168,21800000,2025-06-19,Completed
2917,1168,168,21800000,2025-08-11,Completed
2918,1168,168,21800000,2025-11-24,Completed
2919,1169,158,87500000,2024-01-06,Completed
2920,1169,158,87500000,2023-11-29,Completed
2921,1170,157,53350000,2024-12-26,Completed
2922,1170,157,53350000,2025-02-16,Completed
2923,1171,139,240800000,2025-02-19,Completed
2924,1172,185,35400000,2025-11-15,Completed
2925,1172,185,35400000,2025-05-30,Completed
2926,1173,104,152100000,2025-07-11,Completed
2927,1174,142,103166666,2025-04-18,Completed
2928,1174,142,103166666,2024-12-25,Completed
2929,1174,142,103166666,2025-05-04,Completed
2930,1175,128,63200000,2024-11-09,Completed
2931,1176,127,74075000,2025-05-20,Completed
2932,1176,127,74075000,2024-09-29,Completed
2933,1176,127,74075000,2025-02-08,Completed
2934,1176,127,74075000,2025-03-05,Completed
2935,1177,37,97600000,2025-12-06,Completed
2936,1177,37,97600000,2025-04-29,Completed
2937,1178,17,72500000,2024-08-03,Completed
2938,1178,17,72500000,2024-08-04,Completed
2939,1178,17,72500000,2025-01-27,Completed
2940,1178,17,72500000,2024-07-23,Completed
2941,1179,155,61000000,2025-03-20,Completed
2942,1179,155,61000000,2025-04-18,Completed
2943,1179,155,61000000,2024-11-19,Completed
2944,1180,30,78000000,2026-03-15,Completed
2945,1181,152,179500000,2024-10-09,Completed
2946,1182,25,390000000,2024-10-21,Completed
2947,1183,110,64450000,2025-02-27,Completed
2948,1183,110,64450000,2025-04-16,Completed
2949,1184,96,127600000,2025-08-21,Completed
2950,1185,116,98866666,2024-07-08,Completed
2951,1185,116,98866666,2024-10-16,Completed
2952,1185,116,98866666,2024-12-04,Completed
2953,1186,76,365400000,2025-05-18,Completed
2954,1187,125,29750000,2026-02-14,Completed
2955,1187,125,29750000,2026-03-10,Completed
2956,1188,200,48833333,2024-08-05,Completed
2957,1188,200,48833333,2024-05-20,Completed
2958,1188,200,48833333,2024-06-24,Completed
2959,1189,143,43000000,2024-01-22,Completed
2960,1189,143,43000000,2024-06-25,Completed
2961,1189,143,43000000,2024-07-26,Completed
2962,1190,56,141566666,2025-05-22,Completed
2963,1190,56,141566666,2025-09-12,Completed
2964,1190,56,141566666,2025-08-23,Completed
2965,1191,88,231700000,2024-08-19,Completed
2966,1191,88,231700000,2024-09-29,Completed
2967,1192,63,480500000,2024-08-29,Completed
2968,1193,101,178350000,2025-11-24,Completed
2969,1193,101,178350000,2026-06-11,Completed
2970,1194,129,92666666,2025-02-05,Completed
2971,1194,129,92666666,2025-04-14,Completed
2972,1194,129,92666666,2025-02-21,Completed
2973,1195,88,16733333,2025-09-11,Completed
2974,1195,88,16733333,2025-07-01,Completed
2975,1195,88,16733333,2025-06-27,Completed
2976,1196,19,62150000,2025-11-15,Completed
2977,1196,19,62150000,2025-12-13,Completed
2978,1196,19,62150000,2026-02-03,Completed
2979,1196,19,62150000,2025-09-13,Completed
2980,1197,8,82500000,2025-12-12,Completed
2981,1197,8,82500000,2026-04-13,Completed
2982,1198,53,318200000,2025-02-17,Completed
2983,1199,111,73675000,2025-05-12,Completed
2984,1199,111,73675000,2025-03-31,Completed
2985,1199,111,73675000,2025-08-16,Completed
2986,1199,111,73675000,2025-07-12,Completed
2987,1200,132,35600000,2024-12-12,Completed
2988,1200,132,35600000,2024-11-08,Completed
2989,1200,132,35600000,2025-04-09,Completed
2990,1200,132,35600000,2024-09-06,Completed
2991,1201,197,61900000,2024-09-02,Completed
2992,1201,197,61900000,2024-02-29,Completed
2993,1201,197,61900000,2024-03-24,Completed
2994,1201,197,61900000,2024-06-22,Completed
2995,1202,39,393700000,2024-10-07,Completed
2996,1203,178,82933333,2025-05-28,Completed
2997,1203,178,82933333,2025-12-10,Completed
2998,1203,178,82933333,2026-01-17,Completed
2999,1204,72,84400000,2025-05-14,Completed
3000,1205,98,86350000,2024-08-27,Completed
3001,1205,98,86350000,2024-02-28,Completed
3002,1205,98,86350000,2024-08-03,Completed
3003,1205,98,86350000,2024-09-20,Completed
3004,1206,159,94150000,2024-02-10,Completed
3005,1206,159,94150000,2024-05-17,Completed
3006,1206,159,94150000,2024-11-13,Completed
3007,1206,159,94150000,2024-04-29,Completed
3008,1207,148,32725000,2025-10-13,Completed
3009,1207,148,32725000,2025-12-06,Completed
3010,1207,148,32725000,2025-11-29,Completed
3011,1207,148,32725000,2025-12-03,Completed
3012,1208,31,157900000,2024-06-10,Completed
3013,1208,31,157900000,2024-12-05,Completed
3014,1209,58,335500000,2025-12-05,Completed
3015,1210,57,309300000,2026-03-31,Completed
3016,1211,119,71866666,2026-05-08,Completed
3017,1211,119,71866666,2026-03-30,Completed
3018,1211,119,71866666,2025-12-16,Completed
3019,1212,139,101433333,2026-06-27,Completed
3020,1212,139,101433333,2026-06-16,Completed
3021,1212,139,101433333,2025-12-14,Completed
3022,1213,200,31025000,2024-04-19,Completed
3023,1213,200,31025000,2024-02-19,Completed
3024,1213,200,31025000,2024-05-29,Completed
3025,1213,200,31025000,2024-09-04,Completed
3026,1214,52,145350000,2025-10-14,Completed
3027,1214,52,145350000,2025-03-22,Completed
3028,1215,117,137100000,2025-09-06,Completed
3029,1215,117,137100000,2025-08-27,Completed
3030,1216,156,62400000,2025-10-22,Completed
3031,1216,156,62400000,2026-01-02,Completed
3032,1216,156,62400000,2025-12-31,Completed
3033,1216,156,62400000,2026-01-08,Completed
3034,1217,123,158266666,2025-05-29,Completed
3035,1217,123,158266666,2025-04-07,Completed
3036,1217,123,158266666,2025-07-02,Completed
3037,1218,147,56550000,2025-07-07,Completed
3038,1218,147,56550000,2024-12-09,Completed
3039,1219,81,244250000,2025-01-17,Completed
3040,1219,81,244250000,2025-05-02,Completed
3041,1220,35,427000000,2025-10-25,Completed
3042,1221,134,48550000,2023-12-16,Completed
3043,1221,134,48550000,2024-05-13,Completed
3044,1222,140,64100000,2026-04-02,Completed
3045,1222,140,64100000,2025-11-01,Completed
3046,1222,140,64100000,2026-03-15,Completed
3047,1222,140,64100000,2025-12-13,Completed
3048,1223,1,80175000,2025-11-09,Completed
3049,1223,1,80175000,2026-05-31,Completed
3050,1223,1,80175000,2026-02-05,Completed
3051,1223,1,80175000,2025-08-31,Completed
3052,1224,135,141614646,2025-09-05,Completed
3053,1224,135,141614646,2025-10-03,Completed
3054,1225,53,113850000,2024-10-16,Completed
3055,1225,53,113850000,2024-10-26,Completed
3056,1225,53,113850000,2024-10-13,Completed
3057,1225,53,113850000,2024-11-29,Completed
3058,1226,55,49975000,2024-04-21,Completed
3059,1226,55,49975000,2024-08-25,Completed
3060,1226,55,49975000,2024-01-29,Completed
3061,1226,55,49975000,2024-03-17,Completed
3062,1227,169,78533333,2025-07-15,Completed
3063,1227,169,78533333,2025-01-13,Completed
3064,1227,169,78533333,2025-08-21,Completed
3065,1228,123,49612574,2026-01-31,Completed
3066,1228,123,49612574,2025-12-22,Completed
3067,1228,123,49612574,2025-08-02,Completed
3068,1229,37,95600000,2025-03-17,Completed
3069,1229,37,95600000,2024-11-10,Completed
3070,1230,13,205500000,2024-07-23,Completed
3071,1230,13,205500000,2023-12-24,Completed
3072,1231,6,152650000,2025-03-27,Completed
3073,1231,6,152650000,2024-09-28,Completed
3074,1232,75,81575000,2026-01-10,Completed
3075,1232,75,81575000,2025-07-24,Completed
3076,1232,75,81575000,2026-03-05,Completed
3077,1232,75,81575000,2025-06-28,Completed
3078,1233,89,471887283,2025-05-22,Completed
3079,1234,3,120475000,2025-10-04,Completed
3080,1234,3,120475000,2025-04-10,Completed
3081,1234,3,120475000,2025-05-22,Completed
3082,1234,3,120475000,2025-06-11,Completed
3083,1235,95,72475000,2025-08-31,Completed
3084,1235,95,72475000,2026-03-28,Completed
3085,1235,95,72475000,2025-08-01,Completed
3086,1235,95,72475000,2026-03-28,Completed
3087,1236,91,122833333,2025-10-28,Completed
3088,1236,91,122833333,2026-06-27,Completed
3089,1236,91,122833333,2025-10-21,Completed
3090,1237,115,150750000,2025-08-25,Completed
3091,1237,115,150750000,2025-04-11,Completed
3092,1238,72,51050000,2025-04-28,Completed
3093,1238,72,51050000,2025-05-06,Completed
3094,1238,72,51050000,2024-11-10,Completed
3095,1238,72,51050000,2025-04-28,Completed
3096,1239,154,43600000,2025-08-27,Completed
3097,1239,154,43600000,2025-11-02,Completed
3098,1239,154,43600000,2026-03-31,Completed
3099,1240,3,87000000,2025-06-09,Completed
3100,1241,46,106966666,2025-11-04,Completed
3101,1241,46,106966666,2025-05-05,Completed
3102,1241,46,106966666,2025-07-01,Completed
3103,1242,200,87166666,2024-05-06,Completed
3104,1242,200,87166666,2024-06-10,Completed
3105,1242,200,87166666,2024-08-19,Completed
3106,1243,177,69450000,2024-03-18,Completed
3107,1243,177,69450000,2023-11-15,Completed
3108,1243,177,69450000,2024-05-30,Completed
3109,1243,177,69450000,2023-12-01,Completed
3110,1244,177,26925000,2025-09-18,Completed
3111,1244,177,26925000,2025-11-16,Completed
3112,1244,177,26925000,2026-05-16,Completed
3113,1244,177,26925000,2026-01-29,Completed
3114,1245,139,125400000,2024-10-06,Completed
3115,1245,139,125400000,2024-10-12,Completed
3116,1245,139,125400000,2025-03-02,Completed
3117,1246,76,53600000,2025-11-10,Completed
3118,1246,76,53600000,2025-11-12,Completed
3119,1246,76,53600000,2026-01-11,Completed
3120,1246,76,53600000,2025-10-05,Completed
3121,1247,63,124000000,2024-10-07,Completed
3122,1247,63,124000000,2024-03-16,Completed
3123,1248,192,136443849,2024-07-12,Completed
3124,1248,192,136443849,2024-10-10,Completed
3125,1248,192,136443849,2024-12-06,Completed
3126,1249,169,370500000,2024-07-09,Completed
3127,1250,172,325100000,2024-08-06,Completed
3128,1251,116,124550000,2025-12-24,Completed
3129,1251,116,124550000,2026-01-01,Completed
3130,1251,116,124550000,2025-04-11,Completed
3131,1251,116,124550000,2025-06-28,Completed
3132,1252,156,81400000,2025-11-26,Completed
3133,1253,110,367400000,2026-07-08,Completed
3134,1254,199,183100000,2026-02-15,Completed
3135,1254,199,183100000,2025-10-15,Completed
3136,1255,102,140666666,2025-05-22,Completed
3137,1255,102,140666666,2025-09-08,Completed
3138,1255,102,140666666,2025-07-03,Completed
3139,1256,18,147800000,2024-09-09,Completed
3140,1256,18,147800000,2024-04-21,Completed
3141,1257,4,98725000,2025-06-19,Completed
3142,1257,4,98725000,2025-07-28,Completed
3143,1257,4,98725000,2025-06-07,Completed
3144,1257,4,98725000,2025-05-24,Completed
3145,1258,41,83833333,2026-03-09,Completed
3146,1258,41,83833333,2026-04-21,Completed
3147,1258,41,83833333,2026-02-09,Completed
3148,1259,57,108800000,2025-10-22,Completed
3149,1259,57,108800000,2026-01-06,Completed
3150,1259,57,108800000,2026-01-15,Completed
3151,1259,57,108800000,2026-03-17,Completed
3152,1260,184,204361788,2025-08-21,Completed
3153,1260,184,204361788,2026-01-17,Completed
3154,1261,147,86700000,2026-01-31,Completed
3155,1261,147,86700000,2025-11-04,Completed
3156,1262,74,237180368,2024-12-27,Completed
3157,1263,150,56100000,2025-07-06,Completed
3158,1263,150,56100000,2025-04-27,Completed
3159,1263,150,56100000,2025-02-02,Completed
3160,1263,150,56100000,2025-04-02,Completed
3161,1264,32,43625000,2025-05-06,Completed
3162,1264,32,43625000,2025-11-28,Completed
3163,1264,32,43625000,2025-11-23,Completed
3164,1264,32,43625000,2025-10-12,Completed
3165,1265,186,142800000,2024-09-12,Completed
3166,1266,4,145766666,2025-04-20,Completed
3167,1266,4,145766666,2024-12-09,Completed
3168,1266,4,145766666,2025-04-24,Completed
3169,1267,131,164150000,2024-10-18,Completed
3170,1267,131,164150000,2025-01-10,Completed
3171,1268,113,312700000,2024-12-27,Completed
3172,1269,137,62800000,2026-01-18,Completed
3173,1269,137,62800000,2025-05-09,Completed
3174,1269,137,62800000,2026-01-02,Completed
3175,1270,26,301100000,2024-08-02,Completed
3176,1271,166,322700000,2025-04-24,Completed
3177,1272,172,92025000,2025-10-26,Completed
3178,1272,172,92025000,2025-11-11,Completed
3179,1272,172,92025000,2026-01-25,Completed
3180,1272,172,92025000,2025-12-11,Completed
3181,1273,154,264200000,2025-07-20,Completed
3182,1274,62,750170757,2025-09-18,Completed
3183,1275,182,280298828,2025-04-21,Completed
3184,1276,192,330299096,2025-06-12,Completed
3185,1277,116,53100000,2025-09-24,Completed
3186,1278,2,105800000,2025-08-12,Completed
3187,1278,2,105800000,2025-05-11,Completed
3188,1279,170,363672703,2024-09-25,Completed
3189,1279,170,363672703,2024-08-31,Completed
3190,1280,139,78833333,2025-10-28,Completed
3191,1280,139,78833333,2025-12-15,Completed
3192,1280,139,78833333,2025-08-24,Completed
3193,1281,135,110800000,2024-10-17,Completed
3194,1281,135,110800000,2024-08-16,Completed
3195,1281,135,110800000,2024-06-28,Completed
3196,1282,81,82975000,2025-02-22,Completed
3197,1282,81,82975000,2025-04-23,Completed
3198,1282,81,82975000,2025-08-19,Completed
3199,1282,81,82975000,2025-09-10,Completed
3200,1283,58,66225000,2026-01-30,Completed
3201,1283,58,66225000,2026-04-06,Completed
3202,1283,58,66225000,2025-12-25,Completed
3203,1283,58,66225000,2026-04-01,Completed
3204,1284,176,28300000,2024-10-18,Completed
3205,1284,176,28300000,2024-11-18,Completed
3206,1284,176,28300000,2024-11-18,Completed
3207,1285,194,131233333,2025-02-25,Completed
3208,1285,194,131233333,2024-10-29,Completed
3209,1285,194,131233333,2025-03-06,Completed
3210,1286,135,173700000,2025-08-05,Completed
3211,1287,66,152466666,2025-09-17,Completed
3212,1287,66,152466666,2025-08-29,Completed
3213,1287,66,152466666,2026-01-28,Completed
3214,1288,128,275466320,2024-08-22,Completed
3215,1288,128,275466320,2024-06-07,Completed
3216,1288,128,275466320,2024-07-25,Completed
3217,1288,128,275466320,2024-12-17,Completed
3218,1289,36,75575000,2025-06-01,Completed
3219,1289,36,75575000,2025-06-05,Completed
3220,1289,36,75575000,2025-12-27,Completed
3221,1289,36,75575000,2025-08-22,Completed
3222,1290,88,88175000,2025-01-24,Completed
3223,1290,88,88175000,2025-02-17,Completed
3224,1290,88,88175000,2024-11-22,Completed
3225,1290,88,88175000,2024-11-03,Completed
3226,1291,29,146666666,2025-04-06,Completed
3227,1291,29,146666666,2025-03-03,Completed
3228,1291,29,146666666,2025-06-10,Completed
3229,1292,131,61025000,2025-06-04,Completed
3230,1292,131,61025000,2025-11-02,Completed
3231,1292,131,61025000,2026-02-11,Completed
3232,1292,131,61025000,2025-07-13,Completed
3233,1293,130,161166666,2025-04-05,Completed
3234,1293,130,161166666,2025-10-18,Completed
3235,1293,130,161166666,2025-09-17,Completed
3236,1294,30,32766666,2026-02-26,Completed
3237,1294,30,32766666,2026-05-02,Completed
3238,1294,30,32766666,2026-06-11,Completed
3239,1295,48,156050000,2025-09-22,Completed
3240,1295,48,156050000,2025-08-18,Completed
3241,1296,82,52400000,2025-04-22,Completed
3242,1296,82,52400000,2024-09-23,Completed
3243,1296,82,52400000,2025-02-17,Completed
3244,1296,82,52400000,2025-01-29,Completed
3245,1297,148,70700000,2024-09-14,Completed
3246,1298,52,59500000,2024-08-17,Completed
3247,1298,52,59500000,2024-05-17,Completed
3248,1298,52,59500000,2024-04-07,Completed
3249,1299,79,78600000,2025-03-14,Completed
3250,1299,79,78600000,2024-11-18,Completed
3251,1299,79,78600000,2025-02-15,Completed
3252,1299,79,78600000,2025-03-18,Completed
3253,1300,114,374000000,2024-07-10,Completed
3254,1301,1,79000000,2023-11-24,Completed
3255,1301,1,79000000,2024-06-26,Completed
3256,1302,161,125200000,2025-11-12,Completed
3257,1303,160,239900000,2024-12-07,Completed
3258,1303,160,239900000,2024-04-16,Completed
3259,1304,90,236200000,2025-07-13,Completed
3260,1305,130,42250000,2025-06-28,Completed
3261,1305,130,42250000,2025-03-27,Completed
3262,1306,7,116975000,2024-10-04,Completed
3263,1306,7,116975000,2024-01-31,Completed
3264,1306,7,116975000,2024-01-17,Completed
3265,1306,7,116975000,2024-04-08,Completed
3266,1307,46,27900000,2024-03-14,Completed
3267,1307,46,27900000,2024-07-27,Completed
3268,1308,134,140250000,2024-03-18,Completed
3269,1308,134,140250000,2024-04-15,Completed
3270,1309,136,36900000,2024-12-19,Completed
3271,1309,136,36900000,2024-12-09,Completed
3272,1309,136,36900000,2024-11-02,Completed
3273,1309,136,36900000,2024-09-27,Completed
3274,1310,41,106950000,2025-01-20,Completed
3275,1310,41,106950000,2025-02-18,Completed
3276,1311,185,113800000,2024-09-09,Completed
3277,1311,185,113800000,2024-07-06,Completed
3278,1312,134,92525000,2025-04-18,Completed
3279,1312,134,92525000,2024-11-28,Completed
3280,1312,134,92525000,2024-11-09,Completed
3281,1312,134,92525000,2024-08-13,Completed
3282,1313,97,14775000,2024-10-08,Completed
3283,1313,97,14775000,2025-01-11,Completed
3284,1313,97,14775000,2024-06-16,Completed
3285,1313,97,14775000,2024-05-15,Completed
3286,1314,142,206200000,2025-03-08,Completed
3287,1315,61,148300000,2024-01-16,Completed
3288,1316,83,40166666,2024-09-16,Completed
3289,1316,83,40166666,2024-05-12,Completed
3290,1316,83,40166666,2025-02-13,Completed
3291,1317,161,93900000,2023-10-20,Completed
3292,1317,161,93900000,2024-02-14,Completed
3293,1317,161,93900000,2023-11-23,Completed
3294,1317,161,93900000,2023-12-09,Completed
3295,1318,200,108000000,2025-08-15,Completed
3296,1318,200,108000000,2025-09-13,Completed
3297,1319,131,450200000,2024-10-17,Completed
3298,1320,136,248050000,2024-04-14,Completed
3299,1320,136,248050000,2024-04-27,Completed
3300,1321,31,83650000,2025-09-09,Completed
3301,1321,31,83650000,2025-07-02,Completed
3302,1321,31,83650000,2025-06-08,Completed
3303,1321,31,83650000,2025-07-15,Completed
3304,1322,72,40675000,2025-08-04,Completed
3305,1322,72,40675000,2025-01-24,Completed
3306,1322,72,40675000,2024-11-22,Completed
3307,1322,72,40675000,2025-04-25,Completed
3308,1323,113,246250000,2026-01-06,Completed
3309,1323,113,246250000,2026-04-13,Completed
3310,1324,72,141600000,2024-11-28,Completed
3311,1325,61,235700000,2024-08-13,Completed
3312,1326,3,159500000,2024-05-27,Completed
3313,1326,3,159500000,2023-12-25,Completed
3314,1326,3,159500000,2024-02-24,Completed
3315,1327,175,12600000,2025-05-12,Completed
3316,1327,175,12600000,2025-04-05,Completed
3317,1327,175,12600000,2025-08-03,Completed
3318,1327,175,12600000,2025-07-01,Completed
3319,1328,18,347931393,2025-08-17,Completed
3320,1329,164,131866666,2025-05-05,Completed
3321,1329,164,131866666,2025-05-28,Completed
3322,1329,164,131866666,2025-05-21,Completed
3323,1330,62,110475000,2025-06-21,Completed
3324,1330,62,110475000,2026-02-15,Completed
3325,1330,62,110475000,2025-11-15,Completed
3326,1330,62,110475000,2025-12-01,Completed
3327,1331,10,121433333,2025-06-16,Completed
3328,1331,10,121433333,2024-10-21,Completed
3329,1331,10,121433333,2025-04-20,Completed
3330,1332,92,60550000,2024-01-19,Completed
3331,1332,92,60550000,2024-07-21,Completed
3332,1333,175,19525000,2024-07-10,Completed
3333,1333,175,19525000,2024-10-18,Completed
3334,1333,175,19525000,2024-05-09,Completed
3335,1333,175,19525000,2024-03-27,Completed
3336,1334,99,154900000,2025-10-24,Completed
3337,1334,99,154900000,2025-07-25,Completed
3338,1334,99,154900000,2025-10-09,Completed
3339,1335,115,236650000,2024-09-09,Completed
3340,1335,115,236650000,2025-01-15,Completed
3341,1336,27,28225000,2025-04-22,Completed
3342,1336,27,28225000,2025-08-02,Completed
3343,1336,27,28225000,2025-02-13,Completed
3344,1336,27,28225000,2025-06-25,Completed
3345,1337,195,454100000,2024-08-26,Completed
3346,1338,50,17325000,2025-04-19,Completed
3347,1338,50,17325000,2026-01-02,Completed
3348,1338,50,17325000,2025-10-14,Completed
3349,1338,50,17325000,2026-01-12,Completed
3350,1339,26,77400000,2023-11-24,Completed
3351,1340,70,438800000,2025-05-20,Completed
3352,1341,56,70300000,2025-12-10,Completed
3353,1341,56,70300000,2025-05-14,Completed
3354,1341,56,70300000,2025-07-13,Completed
3355,1342,171,53950000,2025-10-29,Completed
3356,1342,171,53950000,2026-05-02,Completed
3357,1342,171,53950000,2025-11-23,Completed
3358,1342,171,53950000,2026-07-12,Completed
3359,1343,31,161533333,2024-09-12,Completed
3360,1343,31,161533333,2025-01-11,Completed
3361,1343,31,161533333,2024-08-28,Completed
3362,1344,183,441800000,2024-05-12,Completed
3363,1345,177,220650000,2025-01-01,Completed
3364,1345,177,220650000,2025-03-27,Completed
3365,1346,19,95725000,2024-02-23,Completed
3366,1346,19,95725000,2024-05-17,Completed
3367,1346,19,95725000,2024-08-18,Completed
3368,1346,19,95725000,2024-08-27,Completed
3369,1347,82,221300000,2024-06-01,Completed
3370,1347,82,221300000,2024-10-22,Completed
3371,1348,78,404500000,2025-05-14,Completed
3372,1349,82,93333333,2025-12-20,Completed
3373,1349,82,93333333,2025-09-04,Completed
3374,1349,82,93333333,2025-08-25,Completed
3375,1350,65,162400000,2024-11-21,Completed
3376,1351,20,153200000,2024-07-05,Completed
3377,1351,20,153200000,2024-06-13,Completed
3378,1352,165,118500000,2025-04-21,Completed
3379,1352,165,118500000,2025-03-27,Completed
3380,1352,165,118500000,2025-06-15,Completed
3381,1352,165,118500000,2025-04-22,Completed
3382,1353,17,217400000,2025-04-20,Completed
3383,1354,41,99950000,2024-12-23,Completed
3384,1354,41,99950000,2025-02-08,Completed
3385,1355,42,98191711,2024-03-28,Completed
3386,1355,42,98191711,2024-04-30,Completed
3387,1355,42,98191711,2024-07-01,Completed
3388,1355,42,98191711,2024-08-04,Completed
3389,1356,141,117175000,2024-09-18,Completed
3390,1356,141,117175000,2024-03-07,Completed
3391,1356,141,117175000,2024-09-11,Completed
3392,1356,141,117175000,2024-08-22,Completed
3393,1357,115,346000000,2024-08-01,Completed
3394,1358,133,38575000,2024-07-14,Completed
3395,1358,133,38575000,2024-04-21,Completed
3396,1358,133,38575000,2025-01-16,Completed
3397,1358,133,38575000,2024-05-01,Completed
3398,1359,116,92333333,2025-12-16,Completed
3399,1359,116,92333333,2025-09-06,Completed
3400,1359,116,92333333,2025-07-08,Completed
3401,1360,5,115050000,2026-05-10,Completed
3402,1360,5,115050000,2025-08-14,Completed
3403,1361,64,224150000,2025-07-01,Completed
3404,1361,64,224150000,2025-10-21,Completed
3405,1362,184,34475000,2025-01-13,Completed
3406,1362,184,34475000,2024-09-16,Completed
3407,1362,184,34475000,2024-09-25,Completed
3408,1362,184,34475000,2024-07-20,Completed
3409,1363,179,43275000,2024-01-25,Completed
3410,1363,179,43275000,2024-10-17,Completed
3411,1363,179,43275000,2024-06-01,Completed
3412,1363,179,43275000,2024-04-28,Completed
3413,1364,196,78450000,2024-10-10,Completed
3414,1364,196,78450000,2025-01-03,Completed
3415,1364,196,78450000,2024-09-08,Completed
3416,1364,196,78450000,2024-08-05,Completed
3417,1365,83,126966666,2025-07-25,Completed
3418,1365,83,126966666,2025-08-15,Completed
3419,1365,83,126966666,2025-07-16,Completed
3420,1366,153,34300000,2024-11-23,Completed
3421,1366,153,34300000,2024-12-04,Completed
3422,1366,153,34300000,2024-06-02,Completed
3423,1367,144,136066666,2026-05-15,Completed
3424,1367,144,136066666,2025-12-01,Completed
3425,1367,144,136066666,2025-12-07,Completed
3426,1368,23,39850000,2025-01-04,Completed
3427,1368,23,39850000,2025-02-08,Completed
3428,1369,63,127550000,2025-07-08,Completed
3429,1369,63,127550000,2025-04-21,Completed
3430,1370,75,118800000,2025-01-23,Completed
3431,1370,75,118800000,2025-01-02,Completed
3432,1371,146,396700000,2025-07-25,Completed
3433,1372,200,162466666,2024-06-16,Completed
3434,1372,200,162466666,2024-06-03,Completed
3435,1372,200,162466666,2024-12-15,Completed
3436,1373,95,190700000,2024-10-18,Completed
3437,1374,125,144733333,2024-10-19,Completed
3438,1374,125,144733333,2025-01-21,Completed
3439,1374,125,144733333,2024-10-02,Completed
3440,1375,81,45675000,2025-05-13,Completed
3441,1375,81,45675000,2025-03-05,Completed
3442,1375,81,45675000,2025-07-30,Completed
3443,1375,81,45675000,2025-10-26,Completed
3444,1376,78,164500000,2025-05-08,Completed
3445,1376,78,164500000,2025-02-18,Completed
3446,1376,78,164500000,2025-07-08,Completed
3447,1377,198,51133333,2025-11-20,Completed
3448,1377,198,51133333,2025-08-19,Completed
3449,1377,198,51133333,2026-01-18,Completed
3450,1378,181,224550000,2024-12-12,Completed
3451,1378,181,224550000,2025-03-22,Completed
3452,1379,186,15850000,2025-09-11,Completed
3453,1379,186,15850000,2025-10-15,Completed
3454,1379,186,15850000,2025-10-15,Completed
3455,1379,186,15850000,2025-08-28,Completed
3456,1380,160,83666666,2026-01-18,Completed
3457,1380,160,83666666,2025-08-07,Completed
3458,1380,160,83666666,2026-01-06,Completed
3459,1381,93,28475000,2025-10-04,Completed
3460,1381,93,28475000,2026-05-17,Completed
3461,1381,93,28475000,2025-10-18,Completed
3462,1381,93,28475000,2026-03-13,Completed
3463,1382,30,19666666,2024-06-26,Completed
3464,1382,30,19666666,2024-06-08,Completed
3465,1382,30,19666666,2025-02-11,Completed
3466,1383,178,17425000,2026-03-17,Completed
3467,1383,178,17425000,2026-03-07,Completed
3468,1383,178,17425000,2026-02-13,Completed
3469,1383,178,17425000,2026-03-28,Completed
3470,1384,143,409100000,2025-12-01,Completed
3471,1385,69,119833333,2025-09-06,Completed
3472,1385,69,119833333,2025-09-05,Completed
3473,1385,69,119833333,2025-10-03,Completed
3474,1386,190,137950000,2025-08-03,Completed
3475,1386,190,137950000,2026-03-26,Completed
3476,1387,58,399700000,2025-01-01,Completed
3477,1388,128,66875000,2025-05-18,Completed
3478,1388,128,66875000,2025-11-02,Completed
3479,1388,128,66875000,2025-04-22,Completed
3480,1388,128,66875000,2025-04-04,Completed
3481,1389,184,144700000,2025-02-08,Completed
3482,1389,184,144700000,2025-05-21,Completed
3483,1389,184,144700000,2024-11-12,Completed
3484,1390,119,83633333,2023-12-26,Completed
3485,1390,119,83633333,2024-09-30,Completed
3486,1390,119,83633333,2024-08-13,Completed
3487,1391,151,130500000,2025-03-11,Completed
3488,1391,151,130500000,2025-06-29,Completed
3489,1392,57,129333333,2024-08-30,Completed
3490,1392,57,129333333,2024-11-21,Completed
3491,1392,57,129333333,2024-10-11,Completed
3492,1393,85,24150000,2025-10-25,Completed
3493,1393,85,24150000,2025-03-12,Completed
3494,1393,85,24150000,2025-08-14,Completed
3495,1393,85,24150000,2025-09-02,Completed
3496,1394,75,224250000,2025-12-19,Completed
3497,1394,75,224250000,2026-01-01,Completed
3498,1395,83,325300000,2024-11-15,Completed
3499,1396,44,86450000,2025-01-03,Completed
3500,1396,44,86450000,2024-12-09,Completed
3501,1397,92,627006559,2025-06-14,Completed
3502,1398,186,189200000,2024-04-06,Completed
3503,1399,161,141500000,2024-12-23,Completed
3504,1399,161,141500000,2024-05-23,Completed
3505,1400,149,93050000,2025-04-04,Completed
3506,1400,149,93050000,2025-02-15,Completed
3507,1400,149,93050000,2025-05-03,Completed
3508,1400,149,93050000,2025-01-19,Completed
3509,1401,86,130800000,2025-06-27,Completed
3510,1401,86,130800000,2025-07-13,Completed
3511,1401,86,130800000,2025-11-03,Completed
3512,1402,29,40050000,2025-10-27,Completed
3513,1402,29,40050000,2026-04-19,Completed
3514,1403,10,140700000,2025-06-29,Completed
3515,1403,10,140700000,2025-06-05,Completed
3516,1404,98,110900000,2024-05-31,Completed
3517,1404,98,110900000,2024-02-19,Completed
3518,1405,145,92275000,2025-10-13,Completed
3519,1405,145,92275000,2025-12-17,Completed
3520,1405,145,92275000,2025-07-08,Completed
3521,1405,145,92275000,2025-10-15,Completed
3522,1406,33,50175000,2025-09-01,Completed
3523,1406,33,50175000,2026-03-22,Completed
3524,1406,33,50175000,2026-01-03,Completed
3525,1406,33,50175000,2025-09-29,Completed
3526,1407,104,123300000,2024-10-26,Completed
3527,1407,104,123300000,2025-02-24,Completed
3528,1408,34,115166666,2025-01-13,Completed
3529,1408,34,115166666,2025-03-06,Completed
3530,1408,34,115166666,2025-09-16,Completed
3531,1409,117,107433333,2025-02-15,Completed
3532,1409,117,107433333,2024-12-06,Completed
3533,1409,117,107433333,2025-02-14,Completed
3534,1410,71,101575000,2025-08-04,Completed
3535,1410,71,101575000,2025-03-25,Completed
3536,1410,71,101575000,2025-07-30,Completed
3537,1410,71,101575000,2025-06-18,Completed
3538,1411,81,64600000,2026-04-04,Completed
3539,1412,22,102700000,2025-07-02,Completed
3540,1412,22,102700000,2025-10-08,Completed
3541,1412,22,102700000,2025-10-21,Completed
3542,1413,149,231600000,2025-06-16,Completed
3543,1414,37,274100000,2024-11-04,Completed
3544,1415,189,152266666,2025-02-02,Completed
3545,1415,189,152266666,2025-04-04,Completed
3546,1415,189,152266666,2025-06-22,Completed
3547,1416,105,15400000,2024-02-09,Completed
3548,1416,105,15400000,2024-03-20,Completed
3549,1416,105,15400000,2024-04-05,Completed
3550,1416,105,15400000,2024-06-10,Completed
3551,1417,153,130300000,2025-01-12,Completed
3552,1417,153,130300000,2024-08-29,Completed
3553,1418,73,56200000,2025-03-20,Completed
3554,1418,73,56200000,2025-07-03,Completed
3555,1419,145,37350000,2026-04-03,Completed
3556,1419,145,37350000,2025-09-16,Completed
3557,1419,145,37350000,2026-03-19,Completed
3558,1419,145,37350000,2025-12-05,Completed
3559,1420,180,194500000,2024-11-28,Completed
3560,1421,175,159200000,2024-04-16,Completed
3561,1421,175,159200000,2024-09-22,Completed
3562,1421,175,159200000,2024-10-17,Completed
3563,1422,37,223900000,2025-06-30,Completed
3564,1423,32,367200000,2024-11-16,Completed
3565,1424,120,21333333,2025-08-19,Completed
3566,1424,120,21333333,2025-01-22,Completed
3567,1424,120,21333333,2025-06-29,Completed
3568,1425,80,119100000,2024-09-20,Completed
3569,1425,80,119100000,2024-10-20,Completed
3570,1425,80,119100000,2024-10-19,Completed
3571,1425,80,119100000,2024-07-03,Completed
3572,1426,54,103233333,2025-09-27,Completed
3573,1426,54,103233333,2025-11-01,Completed
3574,1426,54,103233333,2025-10-06,Completed
3575,1427,92,87166666,2024-06-17,Completed
3576,1427,92,87166666,2023-12-28,Completed
3577,1427,92,87166666,2024-08-17,Completed
3578,1428,101,191650000,2025-11-12,Completed
3579,1428,101,191650000,2025-12-05,Completed
3580,1429,65,115633333,2025-02-27,Completed
3581,1429,65,115633333,2024-11-20,Completed
3582,1429,65,115633333,2024-12-20,Completed
3583,1430,82,90200000,2026-06-15,Completed
3584,1431,62,44066666,2024-10-10,Completed
3585,1431,62,44066666,2024-04-25,Completed
3586,1431,62,44066666,2024-08-26,Completed
3587,1432,168,162100000,2025-10-24,Completed
3588,1433,83,191250000,2024-05-26,Completed
3589,1433,83,191250000,2024-10-03,Completed
3590,1434,112,31850000,2026-02-22,Completed
3591,1434,112,31850000,2025-10-07,Completed
3592,1435,181,101800000,2025-08-30,Completed
3593,1435,181,101800000,2025-05-22,Completed
3594,1436,101,387100000,2024-09-15,Completed
3595,1437,38,17033333,2025-03-14,Completed
3596,1437,38,17033333,2025-04-12,Completed
3597,1437,38,17033333,2025-03-10,Completed
3598,1438,176,239100000,2024-11-20,Completed
3599,1439,103,138250000,2024-04-07,Completed
3600,1439,103,138250000,2024-02-18,Completed
3601,1440,89,56800000,2024-10-15,Completed
3602,1440,89,56800000,2024-09-28,Completed
3603,1440,89,56800000,2024-12-09,Completed
3604,1441,156,109650000,2025-12-22,Completed
3605,1441,156,109650000,2025-12-22,Completed
3606,1442,115,264365636,2025-06-03,Completed
3607,1442,115,264365636,2025-09-18,Completed
3608,1442,115,264365636,2025-04-16,Completed
3609,1443,55,399100000,2025-07-01,Completed
3610,1444,96,137850000,2026-04-21,Completed
3611,1444,96,137850000,2025-12-09,Completed
3612,1445,17,224000000,2025-07-27,Completed
3613,1445,17,224000000,2025-10-16,Completed
3614,1446,167,68150000,2024-10-28,Completed
3615,1446,167,68150000,2024-11-19,Completed
3616,1446,167,68150000,2025-08-04,Completed
3617,1446,167,68150000,2024-12-11,Completed
3618,1447,146,128250000,2026-04-16,Completed
3619,1447,146,128250000,2026-05-02,Completed
3620,1448,111,106033333,2024-11-25,Completed
3621,1448,111,106033333,2025-07-29,Completed
3622,1448,111,106033333,2025-03-04,Completed
3623,1449,64,199000000,2026-03-30,Completed
3624,1449,64,199000000,2026-06-22,Completed
3625,1450,86,62650000,2025-01-11,Completed
3626,1450,86,62650000,2025-06-09,Completed
3627,1450,86,62650000,2025-02-27,Completed
3628,1450,86,62650000,2025-05-20,Completed
3629,1451,162,28100000,2025-07-01,Completed
3630,1451,162,28100000,2025-09-21,Completed
3631,1451,162,28100000,2026-02-03,Completed
3632,1451,162,28100000,2026-01-06,Completed
3633,1452,87,161100000,2025-01-31,Completed
3634,1453,75,74250000,2024-10-30,Completed
3635,1453,75,74250000,2025-03-06,Completed
3636,1454,50,489800000,2025-06-10,Completed
3637,1455,138,150333333,2024-07-14,Completed
3638,1455,138,150333333,2024-07-08,Completed
3639,1455,138,150333333,2025-02-05,Completed
3640,1456,104,167900000,2024-05-26,Completed
3641,1456,104,167900000,2024-07-01,Completed
3642,1457,158,207700000,2025-08-09,Completed
3643,1458,105,52975000,2024-05-26,Completed
3644,1458,105,52975000,2024-04-09,Completed
3645,1458,105,52975000,2024-02-17,Completed
3646,1458,105,52975000,2024-04-01,Completed
3647,1459,195,379091687,2025-02-14,Completed
3648,1459,195,379091687,2024-08-24,Completed
3649,1460,136,69450000,2025-03-07,Completed
3650,1460,136,69450000,2024-10-01,Completed
3651,1461,113,158700000,2024-10-09,Completed
3652,1461,113,158700000,2024-05-11,Completed
3653,1461,113,158700000,2024-11-19,Completed
3654,1462,29,63666666,2024-09-07,Completed
3655,1462,29,63666666,2024-08-14,Completed
3656,1462,29,63666666,2024-05-07,Completed
3657,1463,2,357600000,2025-02-09,Completed
3658,1464,63,221300000,2025-05-13,Completed
3659,1464,63,221300000,2026-01-06,Completed
3660,1465,117,153500000,2025-01-10,Completed
3661,1466,136,240050000,2024-05-28,Completed
3662,1466,136,240050000,2024-03-20,Completed
3663,1467,54,30800000,2025-01-13,Completed
3664,1467,54,30800000,2024-05-20,Completed
3665,1467,54,30800000,2024-09-20,Completed
3666,1467,54,30800000,2024-11-30,Completed
3667,1468,38,326600000,2025-07-14,Completed
3668,1469,67,29100000,2026-04-23,Completed
3669,1469,67,29100000,2026-01-28,Completed
3670,1469,67,29100000,2025-08-20,Completed
3671,1469,67,29100000,2025-08-04,Completed
3672,1470,11,231400000,2024-10-30,Completed
3673,1470,11,231400000,2025-06-23,Completed
3674,1471,45,142600000,2024-06-06,Completed
3675,1471,45,142600000,2024-08-03,Completed
3676,1472,168,83000000,2025-05-26,Completed
3677,1473,173,61300000,2024-09-19,Completed
3678,1473,173,61300000,2024-09-05,Completed
3679,1474,133,469100000,2026-01-21,Completed
3680,1475,76,21075000,2024-09-03,Completed
3681,1475,76,21075000,2025-01-25,Completed
3682,1475,76,21075000,2025-04-22,Completed
3683,1475,76,21075000,2025-07-06,Completed
3684,1476,174,480700000,2023-11-04,Completed
3685,1477,60,161166666,2024-07-25,Completed
3686,1477,60,161166666,2025-01-31,Completed
3687,1477,60,161166666,2024-12-24,Completed
3688,1478,33,101850000,2025-01-04,Completed
3689,1478,33,101850000,2025-04-03,Completed
3690,1479,183,159100000,2026-05-24,Completed
3691,1479,183,159100000,2026-03-29,Completed
3692,1479,183,159100000,2026-01-17,Completed
3693,1480,156,39225000,2024-09-19,Completed
3694,1480,156,39225000,2024-07-25,Completed
3695,1480,156,39225000,2024-11-07,Completed
3696,1480,156,39225000,2024-10-08,Completed
3697,1481,52,184800000,2025-12-04,Completed
3698,1481,52,184800000,2025-12-14,Completed
3699,1482,77,176150000,2024-09-24,Completed
3700,1482,77,176150000,2024-10-26,Completed
3701,1483,70,288000000,2025-12-07,Completed
3702,1484,26,275600000,2024-09-09,Completed
3703,1485,122,96200000,2025-02-14,Completed
3704,1485,122,96200000,2025-08-03,Completed
3705,1485,122,96200000,2025-03-18,Completed
3706,1486,92,41450000,2025-12-29,Completed
3707,1486,92,41450000,2025-11-28,Completed
3708,1486,92,41450000,2025-06-06,Completed
3709,1486,92,41450000,2026-01-07,Completed
3710,1487,32,61875000,2024-07-24,Completed
3711,1487,32,61875000,2024-06-12,Completed
3712,1487,32,61875000,2024-10-29,Completed
3713,1487,32,61875000,2024-09-17,Completed
3714,1488,39,28225000,2024-06-20,Completed
3715,1488,39,28225000,2024-07-22,Completed
3716,1488,39,28225000,2024-02-22,Completed
3717,1488,39,28225000,2024-08-28,Completed
3718,1489,163,58700000,2024-08-15,Completed
3719,1490,119,159700000,2025-09-10,Completed
3720,1490,119,159700000,2025-09-23,Completed
3721,1490,119,159700000,2025-05-27,Completed
3722,1491,122,17500000,2024-04-21,Completed
3723,1491,122,17500000,2024-01-03,Completed
3724,1491,122,17500000,2023-11-25,Completed
3725,1492,87,50300000,2025-02-19,Completed
3726,1492,87,50300000,2025-09-28,Completed
3727,1492,87,50300000,2025-05-24,Completed
3728,1493,45,242000000,2025-02-16,Completed
3729,1493,45,242000000,2024-10-30,Completed
3730,1494,198,113300000,2025-08-26,Completed
3731,1494,198,113300000,2025-05-27,Completed
3732,1495,40,39900000,2026-06-23,Completed
3733,1495,40,39900000,2026-07-01,Completed
3734,1496,96,81600000,2024-05-30,Completed
3735,1496,96,81600000,2025-01-27,Completed
3736,1496,96,81600000,2024-06-25,Completed
3737,1496,96,81600000,2024-07-05,Completed
3738,1497,71,42250000,2025-04-23,Completed
3739,1497,71,42250000,2025-05-08,Completed
3740,1498,62,183200000,2024-12-25,Completed
3741,1498,62,183200000,2025-02-01,Completed
3742,1499,1,23150000,2024-02-24,Completed
3743,1499,1,23150000,2024-09-04,Completed
3744,1499,1,23150000,2024-09-04,Completed
3745,1499,1,23150000,2024-08-04,Completed
3746,1500,182,479600000,2025-12-04,Completed
3747,1501,123,104450000,2025-11-18,Completed
3748,1501,123,104450000,2025-05-17,Completed
3749,1502,47,151600000,2025-01-22,Completed
3750,1503,140,71750000,2025-09-09,Completed
3751,1503,140,71750000,2025-07-25,Completed
3752,1503,140,71750000,2025-11-24,Completed
3753,1503,140,71750000,2025-12-03,Completed
3754,1504,5,141233333,2025-09-24,Completed
3755,1504,5,141233333,2025-07-17,Completed
3756,1504,5,141233333,2025-05-26,Completed
3757,1505,81,104600000,2025-01-27,Completed
3758,1505,81,104600000,2025-03-04,Completed
3759,1506,17,192000000,2024-07-02,Completed
3760,1506,17,192000000,2024-02-10,Completed
3761,1507,132,206000000,2025-12-25,Completed
3762,1507,132,206000000,2025-07-24,Completed
3763,1508,90,249800000,2025-02-09,Completed
3764,1509,121,55566666,2024-12-22,Completed
3765,1509,121,55566666,2025-09-14,Completed
3766,1509,121,55566666,2025-02-20,Completed
3767,1510,12,101400000,2024-10-17,Completed
3768,1510,12,101400000,2024-11-18,Completed
3769,1510,12,101400000,2024-05-31,Completed
3770,1510,12,101400000,2024-08-12,Completed
3771,1511,47,199450000,2025-05-01,Completed
3772,1511,47,199450000,2025-01-11,Completed
3773,1512,200,89566666,2025-09-17,Completed
3774,1512,200,89566666,2025-05-19,Completed
3775,1512,200,89566666,2025-01-20,Completed
3776,1513,72,12700000,2025-01-02,Completed
3777,1513,72,12700000,2024-07-19,Completed
3778,1513,72,12700000,2024-07-15,Completed
3779,1513,72,12700000,2024-08-15,Completed
3780,1514,161,116500000,2025-09-29,Completed
3781,1515,15,38533333,2024-04-23,Completed
3782,1515,15,38533333,2024-11-14,Completed
3783,1515,15,38533333,2024-10-21,Completed
3784,1516,123,128933333,2025-04-06,Completed
3785,1516,123,128933333,2025-05-07,Completed
3786,1516,123,128933333,2026-01-07,Completed
3787,1517,127,24400000,2025-11-18,Completed
3788,1517,127,24400000,2025-06-27,Completed
3789,1517,127,24400000,2025-07-01,Completed
3790,1517,127,24400000,2025-10-15,Completed
3791,1518,171,453100000,2024-06-13,Completed
3792,1519,84,22866666,2025-09-06,Completed
3793,1519,84,22866666,2025-11-10,Completed
3794,1519,84,22866666,2025-11-12,Completed
3795,1520,169,41000000,2024-05-06,Completed
3796,1520,169,41000000,2024-05-22,Completed
3797,1520,169,41000000,2024-08-03,Completed
3798,1521,51,430300000,2025-10-24,Completed
3799,1522,135,131866666,2025-04-28,Completed
3800,1522,135,131866666,2025-10-17,Completed
3801,1522,135,131866666,2025-10-31,Completed
3802,1523,20,76233333,2026-01-17,Completed
3803,1523,20,76233333,2025-12-26,Completed
3804,1523,20,76233333,2025-09-07,Completed
3805,1524,95,89100000,2025-04-05,Completed
3806,1525,159,105000000,2026-04-21,Completed
3807,1525,159,105000000,2026-05-24,Completed
3808,1525,159,105000000,2025-10-18,Completed
3809,1525,159,105000000,2025-11-04,Completed
3810,1526,161,202900000,2025-07-24,Completed
3811,1527,163,66900000,2025-02-24,Completed
3812,1527,163,66900000,2024-11-11,Completed
3813,1528,1,120750000,2025-07-06,Completed
3814,1528,1,120750000,2026-01-27,Completed
3815,1529,17,96125000,2023-12-31,Completed
3816,1529,17,96125000,2024-08-28,Completed
3817,1529,17,96125000,2024-09-23,Completed
3818,1529,17,96125000,2024-07-26,Completed
3819,1530,99,189900000,2024-10-28,Completed
3820,1530,99,189900000,2025-04-25,Completed
3821,1531,66,95000000,2024-12-18,Completed
3822,1531,66,95000000,2025-05-24,Completed
3823,1532,68,163866666,2026-03-27,Completed
3824,1532,68,163866666,2025-11-16,Completed
3825,1532,68,163866666,2025-10-08,Completed
3826,1533,65,318100000,2024-11-20,Completed
3827,1534,56,246900000,2024-07-27,Completed
3828,1534,56,246900000,2024-06-12,Completed
3829,1535,156,164733333,2025-12-26,Completed
3830,1535,156,164733333,2025-09-07,Completed
3831,1535,156,164733333,2025-06-16,Completed
3832,1536,73,216765728,2025-01-20,Completed
3833,1536,73,216765728,2025-08-15,Completed
3834,1536,73,216765728,2025-02-17,Completed
3835,1536,73,216765728,2025-07-03,Completed
3836,1537,200,208300000,2024-08-28,Completed
3837,1537,200,208300000,2025-04-03,Completed
3838,1538,157,25500000,2024-12-10,Completed
3839,1538,157,25500000,2024-11-20,Completed
3840,1538,157,25500000,2024-09-25,Completed
3841,1538,157,25500000,2024-12-15,Completed
3842,1539,181,154766666,2024-12-20,Completed
3843,1539,181,154766666,2024-07-09,Completed
3844,1539,181,154766666,2024-12-08,Completed
3845,1540,87,239750000,2025-08-28,Completed
3846,1540,87,239750000,2025-03-19,Completed
3847,1541,49,92400000,2024-04-12,Completed
3848,1541,49,92400000,2024-04-08,Completed
3849,1541,49,92400000,2024-05-26,Completed
3850,1541,49,92400000,2024-06-17,Completed
3851,1542,195,82650000,2024-11-03,Completed
3852,1542,195,82650000,2024-09-30,Completed
3853,1542,195,82650000,2024-06-21,Completed
3854,1542,195,82650000,2024-05-23,Completed
3855,1543,57,39750000,2024-11-07,Completed
3856,1543,57,39750000,2024-10-24,Completed
3857,1543,57,39750000,2025-04-22,Completed
3858,1543,57,39750000,2024-09-07,Completed
3859,1544,154,101400000,2025-03-29,Completed
3860,1544,154,101400000,2025-04-22,Completed
3861,1545,87,190300000,2025-07-18,Completed
3862,1545,87,190300000,2025-10-22,Completed
3863,1546,52,154400000,2025-05-08,Completed
3864,1546,52,154400000,2025-12-31,Completed
3865,1546,52,154400000,2026-01-15,Completed
3866,1547,26,105233333,2025-05-08,Completed
3867,1547,26,105233333,2025-04-19,Completed
3868,1547,26,105233333,2024-12-29,Completed
3869,1548,110,492845445,2024-04-14,Completed
3870,1548,110,492845445,2024-06-30,Completed
3871,1549,6,67600000,2024-09-11,Completed
3872,1549,6,67600000,2024-11-19,Completed
3873,1549,6,67600000,2025-03-20,Completed
3874,1549,6,67600000,2025-03-04,Completed
3875,1550,44,68900000,2025-04-23,Completed
3876,1550,44,68900000,2025-05-22,Completed
3877,1551,30,208200000,2025-10-25,Completed
3878,1551,30,208200000,2026-01-23,Completed
3879,1552,46,339800000,2026-01-28,Completed
3880,1553,162,147166666,2024-12-17,Completed
3881,1553,162,147166666,2024-08-17,Completed
3882,1553,162,147166666,2024-08-04,Completed
3883,1554,16,97700000,2025-05-01,Completed
3884,1554,16,97700000,2025-06-15,Completed
3885,1554,16,97700000,2025-04-27,Completed
3886,1554,16,97700000,2025-02-03,Completed
3887,1555,98,54400000,2024-08-30,Completed
3888,1555,98,54400000,2024-05-18,Completed
3889,1555,98,54400000,2024-06-30,Completed
3890,1556,37,195600000,2024-12-15,Completed
3891,1557,56,89144938,2025-10-30,Completed
3892,1557,56,89144938,2025-08-18,Completed
3893,1557,56,89144938,2025-08-19,Completed
3894,1558,146,52466666,2024-12-13,Completed
3895,1558,146,52466666,2024-08-08,Completed
3896,1558,146,52466666,2024-10-18,Completed
3897,1559,63,110900000,2025-05-04,Completed
3898,1559,63,110900000,2024-10-25,Completed
3899,1559,63,110900000,2024-09-13,Completed
3900,1559,63,110900000,2024-12-16,Completed
3901,1560,120,183000000,2024-10-05,Completed
3902,1560,120,183000000,2024-05-16,Completed
3903,1561,83,194250000,2024-12-18,Completed
3904,1561,83,194250000,2025-06-09,Completed
3905,1562,197,480700000,2024-05-26,Completed
3906,1563,200,153400000,2024-12-13,Completed
3907,1564,189,61800000,2025-09-26,Completed
3908,1564,189,61800000,2026-03-24,Completed
3909,1565,21,190450000,2024-06-27,Completed
3910,1565,21,190450000,2025-03-25,Completed
3911,1566,192,267600000,2025-04-05,Completed
3912,1567,142,117125000,2025-09-29,Completed
3913,1567,142,117125000,2025-12-26,Completed
3914,1567,142,117125000,2025-07-19,Completed
3915,1567,142,117125000,2025-05-09,Completed
3916,1568,14,74500000,2025-06-02,Completed
3917,1568,14,74500000,2025-10-05,Completed
3918,1569,132,36950000,2026-03-14,Completed
3919,1569,132,36950000,2025-11-11,Completed
3920,1570,99,149150000,2024-07-23,Completed
3921,1570,99,149150000,2024-08-12,Completed
3922,1571,104,312300000,2025-02-21,Completed
3923,1572,21,229200000,2025-09-26,Completed
3924,1573,187,114500000,2024-12-09,Completed
3925,1573,187,114500000,2024-04-30,Completed
3926,1573,187,114500000,2024-08-02,Completed
3927,1573,187,114500000,2024-07-27,Completed
3928,1574,75,433800000,2025-09-25,Completed
3929,1575,59,157000000,2024-12-29,Completed
3930,1576,185,282002821,2024-10-21,Completed
3931,1576,185,282002821,2024-11-17,Completed
3932,1576,185,282002821,2024-11-09,Completed
3933,1576,185,282002821,2024-11-11,Completed
3934,1577,175,88725000,2025-05-24,Completed
3935,1577,175,88725000,2025-05-13,Completed
3936,1577,175,88725000,2025-08-04,Completed
3937,1577,175,88725000,2025-05-01,Completed
3938,1578,117,81166666,2025-07-21,Completed
3939,1578,117,81166666,2026-01-16,Completed
3940,1578,117,81166666,2025-06-29,Completed
3941,1579,196,22900000,2024-02-19,Completed
3942,1579,196,22900000,2024-03-25,Completed
3943,1579,196,22900000,2024-07-11,Completed
3944,1580,57,468900000,2024-07-15,Completed
3945,1581,26,126100000,2025-03-01,Completed
3946,1582,1,427100000,2025-07-16,Completed
3947,1583,12,363400000,2025-07-18,Completed
3948,1584,67,241700000,2024-05-11,Completed
3949,1584,67,241700000,2024-09-20,Completed
3950,1585,18,163066666,2024-09-27,Completed
3951,1585,18,163066666,2024-02-27,Completed
3952,1585,18,163066666,2024-03-21,Completed
3953,1586,36,141500000,2024-09-30,Completed
3954,1586,36,141500000,2024-04-15,Completed
3955,1587,152,94933333,2025-03-09,Completed
3956,1587,152,94933333,2025-03-24,Completed
3957,1587,152,94933333,2024-10-14,Completed
3958,1588,162,112900000,2025-08-06,Completed
3959,1588,162,112900000,2024-12-03,Completed
3960,1589,52,55400000,2024-08-11,Completed
3961,1589,52,55400000,2024-05-14,Completed
3962,1589,52,55400000,2024-05-25,Completed
3963,1590,180,131200000,2025-09-23,Completed
3964,1590,180,131200000,2025-11-21,Completed
3965,1591,39,182600000,2025-11-07,Completed
3966,1592,176,201600000,2025-02-20,Completed
3967,1592,176,201600000,2025-02-18,Completed
3968,1593,72,330400000,2025-07-16,Completed
3969,1594,76,38025000,2025-10-31,Completed
3970,1594,76,38025000,2025-09-04,Completed
3971,1594,76,38025000,2025-07-23,Completed
3972,1594,76,38025000,2025-08-20,Completed
3973,1595,46,137566666,2025-07-09,Completed
3974,1595,46,137566666,2025-09-19,Completed
3975,1595,46,137566666,2025-05-13,Completed
3976,1596,94,162100000,2025-01-22,Completed
3977,1597,163,73500000,2025-09-10,Completed
3978,1597,163,73500000,2026-03-27,Completed
3979,1598,186,123700000,2025-08-06,Completed
3980,1599,96,416800000,2025-04-07,Completed
3981,1600,100,192350000,2025-02-21,Completed
3982,1600,100,192350000,2024-10-14,Completed
3983,1601,95,453000000,2024-09-01,Completed
3984,1602,44,66266666,2025-07-29,Completed
3985,1602,44,66266666,2025-07-19,Completed
3986,1602,44,66266666,2025-07-20,Completed
3987,1603,195,27200000,2025-01-10,Completed
3988,1603,195,27200000,2024-09-06,Completed
3989,1604,169,372400000,2024-07-13,Completed
3990,1605,113,109775000,2024-05-07,Completed
3991,1605,113,109775000,2024-07-25,Completed
3992,1605,113,109775000,2024-11-10,Completed
3993,1605,113,109775000,2024-11-20,Completed
3994,1606,29,91400000,2025-11-06,Completed
3995,1607,149,81066666,2025-06-05,Completed
3996,1607,149,81066666,2025-11-12,Completed
3997,1607,149,81066666,2025-10-09,Completed
3998,1608,119,28200000,2024-10-27,Completed
3999,1608,119,28200000,2024-09-05,Completed
4000,1608,119,28200000,2024-11-12,Completed
4001,1609,195,53175000,2025-02-10,Completed
4002,1609,195,53175000,2025-05-10,Completed
4003,1609,195,53175000,2024-12-26,Completed
4004,1609,195,53175000,2024-09-20,Completed
4005,1610,65,56775000,2025-09-12,Completed
4006,1610,65,56775000,2025-09-03,Completed
4007,1610,65,56775000,2025-08-26,Completed
4008,1610,65,56775000,2025-07-27,Completed
4009,1611,79,143300000,2024-07-23,Completed
4010,1612,4,41075000,2025-06-17,Completed
4011,1612,4,41075000,2024-12-10,Completed
4012,1612,4,41075000,2024-11-07,Completed
4013,1612,4,41075000,2024-10-29,Completed
4014,1613,102,262500000,2025-10-07,Completed
4015,1614,94,56666666,2024-04-15,Completed
4016,1614,94,56666666,2024-06-05,Completed
4017,1614,94,56666666,2025-02-03,Completed
4018,1615,181,90800000,2025-04-10,Completed
4019,1615,181,90800000,2025-05-14,Completed
4020,1616,161,17750000,2024-02-12,Completed
4021,1616,161,17750000,2024-05-31,Completed
4022,1616,161,17750000,2024-06-04,Completed
4023,1616,161,17750000,2024-09-10,Completed
4024,1617,95,39600000,2024-04-08,Completed
4025,1617,95,39600000,2024-08-18,Completed
4026,1617,95,39600000,2024-10-27,Completed
4027,1618,90,817525861,2024-10-05,Completed
4028,1619,142,71050000,2024-06-23,Completed
4029,1619,142,71050000,2024-11-29,Completed
4030,1620,40,80750000,2024-09-25,Completed
4031,1620,40,80750000,2024-06-07,Completed
4032,1620,40,80750000,2024-08-02,Completed
4033,1620,40,80750000,2024-03-29,Completed
4034,1621,97,89550000,2023-11-06,Completed
4035,1621,97,89550000,2024-03-08,Completed
4036,1621,97,89550000,2024-06-11,Completed
4037,1621,97,89550000,2024-07-11,Completed
4038,1622,70,163450000,2024-12-13,Completed
4039,1622,70,163450000,2024-10-06,Completed
4040,1623,196,133900000,2025-05-21,Completed
4041,1623,196,133900000,2025-12-09,Completed
4042,1624,163,93425000,2024-06-09,Completed
4043,1624,163,93425000,2024-12-09,Completed
4044,1624,163,93425000,2024-05-17,Completed
4045,1624,163,93425000,2024-06-07,Completed
4046,1625,168,112800000,2024-05-20,Completed
4047,1625,168,112800000,2024-02-10,Completed
4048,1626,31,80166666,2024-09-15,Completed
4049,1626,31,80166666,2024-10-17,Completed
4050,1626,31,80166666,2024-07-04,Completed
4051,1627,69,189050000,2025-11-24,Completed
4052,1627,69,189050000,2025-10-13,Completed
4053,1628,183,43233333,2025-02-14,Completed
4054,1628,183,43233333,2024-10-11,Completed
4055,1628,183,43233333,2025-07-14,Completed
4056,1629,26,103500000,2024-09-12,Completed
4057,1630,9,169100000,2024-04-18,Completed
4058,1631,138,179200000,2025-07-14,Completed
4059,1631,138,179200000,2025-10-01,Completed
4060,1632,164,123900000,2024-05-03,Completed
4061,1633,16,65966666,2025-11-28,Completed
4062,1633,16,65966666,2026-02-05,Completed
4063,1633,16,65966666,2025-08-16,Completed
4064,1634,112,25150000,2025-10-10,Completed
4065,1634,112,25150000,2026-01-27,Completed
4066,1634,112,25150000,2025-12-03,Completed
4067,1634,112,25150000,2025-10-31,Completed
4068,1635,118,471600000,2025-12-30,Completed
4069,1636,140,80650000,2025-05-25,Completed
4070,1636,140,80650000,2025-09-28,Completed
4071,1637,120,101550000,2025-02-13,Completed
4072,1637,120,101550000,2024-12-23,Completed
4073,1637,120,101550000,2024-10-09,Completed
4074,1637,120,101550000,2025-03-10,Completed
4075,1638,44,109466666,2025-03-16,Completed
4076,1638,44,109466666,2025-08-01,Completed
4077,1638,44,109466666,2025-07-17,Completed
4078,1639,132,62150000,2024-10-18,Completed
4079,1639,132,62150000,2024-11-15,Completed
4080,1639,132,62150000,2025-03-15,Completed
4081,1639,132,62150000,2025-02-01,Completed
4082,1640,14,83550000,2024-05-26,Completed
4083,1640,14,83550000,2024-06-08,Completed
4084,1640,14,83550000,2024-05-04,Completed
4085,1640,14,83550000,2024-06-02,Completed
4086,1641,48,105050000,2024-07-14,Completed
4087,1641,48,105050000,2024-08-29,Completed
4088,1641,48,105050000,2024-04-14,Completed
4089,1641,48,105050000,2024-07-16,Completed
4090,1642,71,64933333,2025-10-17,Completed
4091,1642,71,64933333,2025-06-10,Completed
4092,1642,71,64933333,2025-11-02,Completed
4093,1643,172,55000000,2025-02-23,Completed
4094,1644,108,51566666,2024-09-07,Completed
4095,1644,108,51566666,2024-01-30,Completed
4096,1644,108,51566666,2024-06-11,Completed
4097,1645,117,265500000,2024-09-09,Completed
4098,1646,66,118700000,2026-01-26,Completed
4099,1646,66,118700000,2025-12-14,Completed
4100,1647,9,213900000,2025-03-09,Completed
4101,1647,9,213900000,2025-01-15,Completed
4102,1648,193,80166666,2023-12-09,Completed
4103,1648,193,80166666,2023-12-01,Completed
4104,1648,193,80166666,2024-06-21,Completed
4105,1649,112,141800000,2025-04-25,Completed
4106,1649,112,141800000,2025-05-13,Completed
4107,1650,147,44050000,2024-09-04,Completed
4108,1650,147,44050000,2025-03-10,Completed
4109,1650,147,44050000,2025-03-04,Completed
4110,1650,147,44050000,2025-02-11,Completed
4111,1651,166,112700000,2024-05-21,Completed
4112,1651,166,112700000,2024-04-02,Completed
4113,1651,166,112700000,2024-10-25,Completed
4114,1651,166,112700000,2024-08-24,Completed
4115,1652,82,122333333,2025-06-29,Completed
4116,1652,82,122333333,2025-04-07,Completed
4117,1652,82,122333333,2025-10-05,Completed
4118,1653,142,89500000,2025-10-03,Completed
4119,1653,142,89500000,2025-10-15,Completed
4120,1653,142,89500000,2025-11-19,Completed
4121,1654,15,235600000,2024-12-04,Completed
4122,1654,15,235600000,2024-11-22,Completed
4123,1655,121,88100000,2025-07-12,Completed
4124,1655,121,88100000,2026-02-07,Completed
4125,1655,121,88100000,2025-09-28,Completed
4126,1656,145,20900000,2025-03-21,Completed
4127,1656,145,20900000,2025-01-20,Completed
4128,1656,145,20900000,2025-02-01,Completed
4129,1657,184,122850000,2025-09-29,Completed
4130,1657,184,122850000,2025-09-22,Completed
4131,1657,184,122850000,2025-03-22,Completed
4132,1657,184,122850000,2025-02-02,Completed
4133,1658,183,221300000,2025-10-01,Completed
4134,1658,183,221300000,2025-12-03,Completed
4135,1659,166,246350000,2025-08-09,Completed
4136,1659,166,246350000,2025-05-31,Completed
4137,1660,117,183300000,2025-08-10,Completed
4138,1661,162,37300000,2025-12-21,Completed
4139,1661,162,37300000,2026-06-15,Completed
4140,1662,107,157895207,2025-03-23,Completed
4141,1662,107,157895207,2025-03-30,Completed
4142,1663,66,106975000,2025-06-01,Completed
4143,1663,66,106975000,2025-01-17,Completed
4144,1663,66,106975000,2024-11-21,Completed
4145,1663,66,106975000,2025-08-23,Completed
4146,1664,173,205100000,2025-04-21,Completed
4147,1665,29,29900000,2024-12-06,Completed
4148,1665,29,29900000,2025-02-18,Completed
4149,1665,29,29900000,2025-04-25,Completed
4150,1665,29,29900000,2024-09-26,Completed
4151,1666,165,384700000,2025-09-23,Completed
4152,1667,170,424400000,2024-05-31,Completed
4153,1668,114,408400000,2025-05-29,Completed
4154,1669,101,41766666,2025-05-11,Completed
4155,1669,101,41766666,2025-01-22,Completed
4156,1669,101,41766666,2025-01-24,Completed
4157,1670,100,138700000,2024-06-26,Completed
4158,1670,100,138700000,2023-11-20,Completed
4159,1670,100,138700000,2024-07-23,Completed
4160,1671,76,201050000,2025-11-26,Completed
4161,1671,76,201050000,2026-02-14,Completed
4162,1672,108,184050000,2025-11-19,Completed
4163,1672,108,184050000,2025-09-25,Completed
4164,1673,104,109250000,2024-08-13,Completed
4165,1673,104,109250000,2025-01-09,Completed
4166,1673,104,109250000,2024-07-22,Completed
4167,1673,104,109250000,2025-01-12,Completed
4168,1674,96,56750000,2025-08-22,Completed
4169,1674,96,56750000,2025-06-30,Completed
4170,1675,68,211150000,2025-06-19,Completed
4171,1675,68,211150000,2024-12-14,Completed
4172,1676,15,87975000,2025-08-31,Completed
4173,1676,15,87975000,2025-08-18,Completed
4174,1676,15,87975000,2025-11-16,Completed
4175,1676,15,87975000,2025-08-07,Completed
4176,1677,33,72050000,2025-01-10,Completed
4177,1677,33,72050000,2025-02-25,Completed
4178,1677,33,72050000,2024-11-14,Completed
4179,1677,33,72050000,2024-09-19,Completed
4180,1678,89,139800000,2024-08-08,Completed
4181,1678,89,139800000,2024-05-13,Completed
4182,1679,97,441100000,2024-04-05,Completed
4183,1680,36,45400000,2026-04-22,Completed
4184,1680,36,45400000,2025-09-09,Completed
4185,1680,36,45400000,2026-01-27,Completed
4186,1681,72,153400000,2024-01-07,Completed
4187,1682,24,76600000,2024-01-28,Completed
4188,1682,24,76600000,2024-08-23,Completed
4189,1682,24,76600000,2024-03-28,Completed
4190,1683,8,139050000,2025-12-07,Completed
4191,1683,8,139050000,2025-08-10,Completed
4192,1684,41,223850000,2025-05-12,Completed
4193,1684,41,223850000,2025-07-03,Completed
4194,1685,159,36433333,2023-12-21,Completed
4195,1685,159,36433333,2024-08-20,Completed
4196,1685,159,36433333,2024-01-20,Completed
4197,1686,154,49150000,2025-08-28,Completed
4198,1686,154,49150000,2025-02-27,Completed
4199,1687,78,133366666,2026-02-22,Completed
4200,1687,78,133366666,2026-06-11,Completed
4201,1687,78,133366666,2025-11-25,Completed
4202,1688,135,428700000,2025-10-03,Completed
4203,1689,152,154333333,2025-12-16,Completed
4204,1689,152,154333333,2025-11-12,Completed
4205,1689,152,154333333,2025-09-29,Completed
4206,1690,191,96900000,2025-02-11,Completed
4207,1690,191,96900000,2025-07-13,Completed
4208,1690,191,96900000,2025-01-28,Completed
4209,1690,191,96900000,2025-09-03,Completed
4210,1691,31,491000000,2025-08-01,Completed
4211,1692,141,43975000,2025-04-05,Completed
4212,1692,141,43975000,2025-03-16,Completed
4213,1692,141,43975000,2025-01-17,Completed
4214,1692,141,43975000,2025-08-09,Completed
4215,1693,174,136200000,2025-09-30,Completed
4216,1693,174,136200000,2026-02-15,Completed
4217,1693,174,136200000,2026-04-12,Completed
4218,1694,169,248500000,2025-01-08,Completed
4219,1694,169,248500000,2024-07-24,Completed
4220,1695,149,124550000,2024-05-22,Completed
4221,1695,149,124550000,2024-07-16,Completed
4222,1695,149,124550000,2024-03-01,Completed
4223,1695,149,124550000,2024-09-23,Completed
4224,1696,36,93400000,2025-02-19,Completed
4225,1697,74,174150000,2024-12-12,Completed
4226,1697,74,174150000,2024-12-25,Completed
4227,1698,59,137700000,2025-02-06,Completed
4228,1699,167,429000000,2025-07-09,Completed
4229,1700,161,368700000,2025-09-30,Completed
4230,1701,124,322452547,2025-11-07,Completed
4231,1701,124,322452547,2026-03-18,Completed
4232,1702,33,58600000,2025-08-20,Completed
4233,1703,38,111400000,2025-07-12,Completed
4234,1703,38,111400000,2025-05-21,Completed
4235,1703,38,111400000,2024-12-15,Completed
4236,1704,192,32950000,2025-08-24,Completed
4237,1704,192,32950000,2024-12-11,Completed
4238,1704,192,32950000,2025-05-16,Completed
4239,1704,192,32950000,2025-05-22,Completed
4240,1705,114,44700000,2026-04-01,Completed
4241,1705,114,44700000,2025-11-03,Completed
4242,1706,149,26200000,2025-06-30,Completed
4243,1706,149,26200000,2024-12-16,Completed
4244,1707,1,102700000,2025-01-05,Completed
4245,1708,16,165600000,2025-11-06,Completed
4246,1708,16,165600000,2025-07-13,Completed
4247,1708,16,165600000,2025-04-05,Completed
4248,1709,21,107800000,2024-08-17,Completed
4249,1710,137,36766666,2024-08-17,Completed
4250,1710,137,36766666,2024-11-26,Completed
4251,1710,137,36766666,2025-03-28,Completed
4252,1711,127,69566666,2024-12-24,Completed
4253,1711,127,69566666,2024-09-10,Completed
4254,1711,127,69566666,2024-09-01,Completed
4255,1712,83,107900000,2024-06-12,Completed
4256,1712,83,107900000,2024-07-14,Completed
4257,1712,83,107900000,2025-02-14,Completed
4258,1713,41,102133333,2024-12-31,Completed
4259,1713,41,102133333,2025-06-30,Completed
4260,1713,41,102133333,2025-08-09,Completed
4261,1714,150,101500000,2024-03-05,Completed
4262,1714,150,101500000,2024-03-06,Completed
4263,1715,36,82600000,2024-10-16,Completed
4264,1716,168,220478153,2025-09-06,Completed
4265,1716,168,220478153,2025-07-25,Completed
4266,1716,168,220478153,2025-05-20,Completed
4267,1716,168,220478153,2025-10-08,Completed
4268,1717,156,80900000,2025-06-14,Completed
4269,1717,156,80900000,2025-10-16,Completed
4270,1717,156,80900000,2025-04-05,Completed
4271,1717,156,80900000,2025-02-13,Completed
4272,1718,100,331408716,2024-01-02,Completed
4273,1718,100,331408716,2024-03-10,Completed
4274,1719,129,129750000,2024-06-24,Completed
4275,1719,129,129750000,2025-02-06,Completed
4276,1720,197,91350000,2024-07-18,Completed
4277,1720,197,91350000,2024-11-19,Completed
4278,1721,45,105300000,2025-01-30,Completed
4279,1722,75,31825000,2024-04-19,Completed
4280,1722,75,31825000,2024-10-02,Completed
4281,1722,75,31825000,2024-07-10,Completed
4282,1722,75,31825000,2024-06-20,Completed
4283,1723,117,429900000,2025-08-03,Completed
4284,1724,199,121800000,2025-06-22,Completed
4285,1724,199,121800000,2026-02-23,Completed
4286,1725,108,191200000,2024-04-10,Completed
4287,1726,190,61033333,2025-10-09,Completed
4288,1726,190,61033333,2025-03-14,Completed
4289,1726,190,61033333,2025-05-05,Completed
4290,1727,107,32800000,2025-08-27,Completed
4291,1727,107,32800000,2025-07-17,Completed
4292,1727,107,32800000,2026-02-03,Completed
4293,1728,148,210700000,2024-03-11,Completed
4294,1729,96,45750000,2024-09-01,Completed
4295,1729,96,45750000,2024-08-31,Completed
4296,1730,148,67250000,2026-05-29,Completed
4297,1730,148,67250000,2025-10-31,Completed
4298,1731,188,70466666,2025-08-22,Completed
4299,1731,188,70466666,2025-12-07,Completed
4300,1731,188,70466666,2025-12-15,Completed
4301,1732,165,490100000,2025-05-30,Completed
4302,1733,67,217350000,2025-02-11,Completed
4303,1733,67,217350000,2024-09-04,Completed
4304,1734,50,88633333,2024-08-02,Completed
4305,1734,50,88633333,2025-01-13,Completed
4306,1734,50,88633333,2025-01-15,Completed
4307,1735,84,216300000,2024-12-04,Completed
4308,1736,156,93025000,2024-05-17,Completed
4309,1736,156,93025000,2024-08-07,Completed
4310,1736,156,93025000,2024-04-06,Completed
4311,1736,156,93025000,2024-03-02,Completed
4312,1737,12,99433333,2025-03-23,Completed
4313,1737,12,99433333,2024-11-08,Completed
4314,1737,12,99433333,2025-06-03,Completed
4315,1738,101,204400000,2024-05-23,Completed
4316,1739,4,156000000,2024-07-14,Completed
4317,1740,9,86466666,2024-10-19,Completed
4318,1740,9,86466666,2024-06-21,Completed
4319,1740,9,86466666,2024-05-24,Completed
4320,1741,168,487200000,2025-05-28,Completed
4321,1742,54,76200000,2025-05-14,Completed
4322,1742,54,76200000,2025-04-22,Completed
4323,1742,54,76200000,2025-04-12,Completed
4324,1742,54,76200000,2025-10-13,Completed
4325,1743,125,427500000,2024-06-22,Completed
4326,1744,177,26133333,2025-05-25,Completed
4327,1744,177,26133333,2025-05-10,Completed
4328,1744,177,26133333,2025-03-23,Completed
4329,1745,157,117633333,2025-07-04,Completed
4330,1745,157,117633333,2025-04-09,Completed
4331,1745,157,117633333,2025-06-11,Completed
4332,1746,117,53325000,2025-03-13,Completed
4333,1746,117,53325000,2025-05-15,Completed
4334,1746,117,53325000,2025-05-11,Completed
4335,1746,117,53325000,2025-07-10,Completed
4336,1747,61,153600000,2025-09-22,Completed
4337,1748,79,116525000,2024-07-29,Completed
4338,1748,79,116525000,2024-10-29,Completed
4339,1748,79,116525000,2024-11-23,Completed
4340,1748,79,116525000,2024-11-28,Completed
4341,1749,88,30500000,2024-10-27,Completed
4342,1749,88,30500000,2024-06-21,Completed
4343,1750,157,50100000,2026-01-19,Completed
4344,1750,157,50100000,2025-07-25,Completed
4345,1750,157,50100000,2025-08-20,Completed
4346,1751,40,296500000,2024-08-17,Completed
4347,1752,83,235100000,2025-03-31,Completed
4348,1753,161,46700000,2024-08-05,Completed
4349,1753,161,46700000,2025-03-31,Completed
4350,1753,161,46700000,2024-11-09,Completed
4351,1753,161,46700000,2024-11-28,Completed
4352,1754,197,69700000,2025-10-21,Completed
4353,1754,197,69700000,2025-10-25,Completed
4354,1754,197,69700000,2026-02-21,Completed
4355,1754,197,69700000,2025-07-05,Completed
4356,1755,6,184000000,2025-04-27,Completed
4357,1756,74,58075000,2025-08-17,Completed
4358,1756,74,58075000,2025-07-09,Completed
4359,1756,74,58075000,2025-08-21,Completed
4360,1756,74,58075000,2025-05-01,Completed
4361,1757,59,100290019,2024-02-28,Completed
4362,1757,59,100290019,2024-07-23,Completed
4363,1757,59,100290019,2024-09-11,Completed
4364,1758,162,316600000,2025-03-20,Completed
4365,1759,161,77400000,2025-07-30,Completed
4366,1759,161,77400000,2026-01-02,Completed
4367,1760,102,117850000,2025-11-13,Completed
4368,1760,102,117850000,2026-01-19,Completed
4369,1761,20,26233333,2025-08-21,Completed
4370,1761,20,26233333,2025-05-12,Completed
4371,1761,20,26233333,2025-11-15,Completed
4372,1762,175,101350000,2024-04-25,Completed
4373,1762,175,101350000,2024-01-05,Completed
4374,1763,33,60550000,2024-10-21,Completed
4375,1763,33,60550000,2024-10-02,Completed
4376,1763,33,60550000,2025-03-21,Completed
4377,1763,33,60550000,2024-09-24,Completed
4378,1764,139,219000000,2024-05-26,Completed
4379,1764,139,219000000,2024-03-21,Completed
4380,1765,181,99900000,2025-11-08,Completed
4381,1765,181,99900000,2025-06-04,Completed
4382,1765,181,99900000,2025-05-14,Completed
4383,1765,181,99900000,2026-01-26,Completed
4384,1766,72,228900000,2024-07-09,Completed
4385,1766,72,228900000,2024-10-10,Completed
4386,1767,84,226250000,2026-02-26,Completed
4387,1767,84,226250000,2026-02-27,Completed
4388,1768,17,135366666,2025-09-13,Completed
4389,1768,17,135366666,2025-10-21,Completed
4390,1768,17,135366666,2025-06-01,Completed
4391,1769,180,113750000,2025-04-04,Completed
4392,1769,180,113750000,2024-07-26,Completed
4393,1770,193,166750000,2024-03-13,Completed
4394,1770,193,166750000,2024-03-10,Completed
4395,1771,169,99950000,2024-06-04,Completed
4396,1771,169,99950000,2023-12-22,Completed
4397,1772,115,250400000,2025-11-14,Completed
4398,1773,109,18366666,2024-02-06,Completed
4399,1773,109,18366666,2024-09-18,Completed
4400,1773,109,18366666,2024-05-19,Completed
4401,1774,130,230000000,2024-09-08,Completed
4402,1775,101,87325000,2025-03-28,Completed
4403,1775,101,87325000,2025-09-06,Completed
4404,1775,101,87325000,2025-08-15,Completed
4405,1775,101,87325000,2025-07-11,Completed
4406,1776,185,351700000,2023-11-30,Completed
4407,1777,126,68125000,2024-07-09,Completed
4408,1777,126,68125000,2024-09-03,Completed
4409,1777,126,68125000,2024-11-08,Completed
4410,1777,126,68125000,2024-12-28,Completed
4411,1778,32,162300000,2025-05-10,Completed
4412,1779,104,53835221,2025-05-31,Completed
4413,1779,104,53835221,2025-06-30,Completed
4414,1779,104,53835221,2025-08-05,Completed
4415,1779,104,53835221,2025-08-23,Completed
4416,1780,92,113300000,2024-02-06,Completed
4417,1780,92,113300000,2024-03-31,Completed
4418,1781,102,18275000,2025-08-23,Completed
4419,1781,102,18275000,2025-06-21,Completed
4420,1781,102,18275000,2025-05-17,Completed
4421,1781,102,18275000,2025-03-19,Completed
4422,1782,146,72100000,2023-10-21,Completed
4423,1782,146,72100000,2023-11-26,Completed
4424,1782,146,72100000,2024-07-30,Completed
4425,1783,30,378189992,2024-12-15,Completed
4426,1784,53,423600000,2024-07-22,Completed
4427,1785,114,93525000,2025-04-14,Completed
4428,1785,114,93525000,2025-02-24,Completed
4429,1785,114,93525000,2025-01-02,Completed
4430,1785,114,93525000,2025-03-20,Completed
4431,1786,199,98450000,2025-02-26,Completed
4432,1786,199,98450000,2025-06-20,Completed
4433,1786,199,98450000,2025-07-28,Completed
4434,1786,199,98450000,2025-02-25,Completed
4435,1787,153,339100000,2025-05-11,Completed
4436,1788,182,143466666,2025-05-09,Completed
4437,1788,182,143466666,2025-09-10,Completed
4438,1788,182,143466666,2025-06-22,Completed
4439,1789,165,28250000,2026-04-15,Completed
4440,1789,165,28250000,2026-03-21,Completed
4441,1790,10,102400000,2024-11-09,Completed
4442,1790,10,102400000,2024-10-17,Completed
4443,1790,10,102400000,2024-09-13,Completed
4444,1791,73,132200000,2026-02-08,Completed
4445,1791,73,132200000,2026-01-13,Completed
4446,1792,87,83433333,2024-06-01,Completed
4447,1792,87,83433333,2024-08-29,Completed
4448,1792,87,83433333,2024-06-05,Completed
4449,1793,16,192900000,2025-06-25,Completed
4450,1793,16,192900000,2025-08-04,Completed
4451,1794,32,230000000,2025-06-08,Completed
4452,1794,32,230000000,2025-06-03,Completed
4453,1795,75,33700000,2024-12-09,Completed
4454,1795,75,33700000,2024-11-04,Completed
4455,1795,75,33700000,2024-12-31,Completed
4456,1795,75,33700000,2024-12-01,Completed
4457,1796,45,118700000,2025-04-25,Completed
4458,1796,45,118700000,2025-04-08,Completed
4459,1796,45,118700000,2025-06-16,Completed
4460,1796,45,118700000,2024-12-24,Completed
4461,1797,107,21275000,2024-04-19,Completed
4462,1797,107,21275000,2024-06-01,Completed
4463,1797,107,21275000,2024-07-10,Completed
4464,1797,107,21275000,2025-01-02,Completed
4465,1798,197,82900000,2025-09-23,Completed
4466,1798,197,82900000,2025-11-08,Completed
4467,1799,193,113933333,2025-09-08,Completed
4468,1799,193,113933333,2025-11-16,Completed
4469,1799,193,113933333,2025-03-21,Completed
4470,1800,136,76300000,2024-12-17,Completed
4471,1800,136,76300000,2025-01-22,Completed
4472,1800,136,76300000,2025-02-26,Completed
4473,1801,91,590391455,2025-01-05,Completed
4474,1801,91,590391455,2024-08-30,Completed
4475,1802,159,52400000,2025-08-01,Completed
4476,1802,159,52400000,2025-06-11,Completed
4477,1802,159,52400000,2025-04-26,Completed
4478,1802,159,52400000,2025-09-18,Completed
4479,1803,11,97625000,2025-04-07,Completed
4480,1803,11,97625000,2024-07-19,Completed
4481,1803,11,97625000,2024-07-21,Completed
4482,1803,11,97625000,2025-04-13,Completed
4483,1804,9,139900000,2025-06-24,Completed
4484,1804,9,139900000,2026-01-14,Completed
4485,1805,154,204200000,2024-11-12,Completed
4486,1806,187,29466666,2026-01-02,Completed
4487,1806,187,29466666,2025-12-17,Completed
4488,1806,187,29466666,2025-11-20,Completed
4489,1807,56,90300000,2025-05-31,Completed
4490,1807,56,90300000,2025-08-04,Completed
4491,1808,128,378700000,2024-05-10,Completed
4492,1809,168,257700000,2026-01-25,Completed
4493,1810,10,136133333,2025-07-13,Completed
4494,1810,10,136133333,2025-06-09,Completed
4495,1810,10,136133333,2025-03-03,Completed
4496,1811,79,111250000,2025-10-18,Completed
4497,1811,79,111250000,2025-05-19,Completed
4498,1812,70,271800000,2025-05-19,Completed
4499,1813,170,62200000,2024-04-28,Completed
4500,1813,170,62200000,2023-12-27,Completed
4501,1814,141,262100000,2025-07-31,Completed
4502,1815,200,194500000,2025-09-16,Completed
4503,1815,200,194500000,2025-05-29,Completed
4504,1816,96,58733333,2026-04-06,Completed
4505,1816,96,58733333,2025-08-23,Completed
4506,1816,96,58733333,2025-10-22,Completed
4507,1817,10,110366666,2025-06-27,Completed
4508,1817,10,110366666,2024-12-25,Completed
4509,1817,10,110366666,2025-02-14,Completed
4510,1818,94,411463551,2024-06-24,Completed
4511,1819,151,110500000,2024-07-30,Completed
4512,1820,1,340700000,2025-06-02,Completed
4513,1821,113,55466666,2025-10-22,Completed
4514,1821,113,55466666,2025-10-07,Completed
4515,1821,113,55466666,2026-03-29,Completed
4516,1822,153,57500000,2024-07-11,Completed
4517,1822,153,57500000,2024-09-11,Completed
4518,1822,153,57500000,2024-06-06,Completed
4519,1823,52,215700000,2025-09-08,Completed
4520,1824,44,35166702,2026-04-26,Completed
4521,1824,44,35166702,2026-02-04,Completed
4522,1824,44,35166702,2025-09-15,Completed
4523,1824,44,35166702,2026-01-17,Completed
4524,1825,119,114250000,2025-03-17,Completed
4525,1825,119,114250000,2024-11-26,Completed
4526,1825,119,114250000,2024-10-31,Completed
4527,1825,119,114250000,2025-01-20,Completed
4528,1826,8,219200000,2025-05-02,Completed
4529,1826,8,219200000,2025-11-24,Completed
4530,1827,17,168050000,2025-02-28,Completed
4531,1827,17,168050000,2025-08-21,Completed
4532,1828,194,36450000,2025-04-10,Completed
4533,1828,194,36450000,2025-01-10,Completed
4534,1828,194,36450000,2025-03-07,Completed
4535,1828,194,36450000,2025-05-31,Completed
4536,1829,155,120250000,2024-08-25,Completed
4537,1829,155,120250000,2024-04-26,Completed
4538,1830,86,85000000,2026-04-18,Completed
4539,1831,195,137600000,2025-03-17,Completed
4540,1832,25,125672524,2025-05-29,Completed
4541,1832,25,125672524,2025-10-27,Completed
4542,1833,104,88775000,2025-08-29,Completed
4543,1833,104,88775000,2025-08-10,Completed
4544,1833,104,88775000,2025-06-21,Completed
4545,1833,104,88775000,2025-04-29,Completed
4546,1834,146,121200000,2024-10-12,Completed
4547,1834,146,121200000,2024-10-10,Completed
4548,1834,146,121200000,2024-07-14,Completed
4549,1834,146,121200000,2024-05-07,Completed
4550,1835,69,48875000,2026-06-02,Completed
4551,1835,69,48875000,2026-05-10,Completed
4552,1835,69,48875000,2026-01-10,Completed
4553,1835,69,48875000,2026-02-14,Completed
4554,1836,89,94275000,2024-11-25,Completed
4555,1836,89,94275000,2025-01-09,Completed
4556,1836,89,94275000,2025-02-18,Completed
4557,1836,89,94275000,2024-12-21,Completed
4558,1837,8,203600000,2024-05-26,Completed
4559,1837,8,203600000,2024-10-21,Completed
4560,1838,190,121425000,2025-12-13,Completed
4561,1838,190,121425000,2026-01-11,Completed
4562,1838,190,121425000,2025-05-23,Completed
4563,1838,190,121425000,2025-05-12,Completed
4564,1839,200,138700000,2025-07-16,Completed
4565,1839,200,138700000,2025-02-04,Completed
4566,1840,32,96700000,2025-07-25,Completed
4567,1841,75,91050000,2024-04-21,Completed
4568,1841,75,91050000,2024-03-04,Completed
4569,1842,9,271300000,2025-02-03,Completed
4570,1843,58,25275000,2025-01-10,Completed
4571,1843,58,25275000,2025-06-10,Completed
4572,1843,58,25275000,2025-05-30,Completed
4573,1843,58,25275000,2025-02-20,Completed
4574,1844,76,230450000,2025-02-13,Completed
4575,1844,76,230450000,2025-07-01,Completed
4576,1845,97,123550000,2025-12-23,Completed
4577,1845,97,123550000,2026-04-15,Completed
4578,1845,97,123550000,2026-05-14,Completed
4579,1845,97,123550000,2025-11-16,Completed
4580,1846,5,139405983,2024-08-24,Completed
4581,1846,5,139405983,2024-09-06,Completed
4582,1847,128,336100000,2026-02-02,Completed
4583,1848,58,382600000,2024-02-02,Completed
4584,1849,116,55100000,2024-05-13,Completed
4585,1850,111,154300000,2025-12-24,Completed
4586,1851,96,162266666,2025-04-10,Completed
4587,1851,96,162266666,2024-10-29,Completed
4588,1851,96,162266666,2024-08-07,Completed
4589,1852,59,87975000,2024-02-23,Completed
4590,1852,59,87975000,2024-05-27,Completed
4591,1852,59,87975000,2024-01-15,Completed
4592,1852,59,87975000,2024-02-06,Completed
4593,1853,16,82825000,2025-01-18,Completed
4594,1853,16,82825000,2025-08-29,Completed
4595,1853,16,82825000,2025-06-15,Completed
4596,1853,16,82825000,2025-03-24,Completed
4597,1854,21,146400000,2025-09-23,Completed
4598,1854,21,146400000,2026-04-03,Completed
4599,1854,21,146400000,2026-03-12,Completed
4600,1855,152,100466666,2025-11-06,Completed
4601,1855,152,100466666,2026-01-07,Completed
4602,1855,152,100466666,2025-11-02,Completed
4603,1856,156,231450000,2024-11-09,Completed
4604,1856,156,231450000,2025-02-04,Completed
4605,1857,68,163133333,2025-02-23,Completed
4606,1857,68,163133333,2024-06-09,Completed
4607,1857,68,163133333,2024-10-08,Completed
4608,1858,13,186500000,2026-02-26,Completed
4609,1859,63,46075000,2024-04-16,Completed
4610,1859,63,46075000,2024-02-20,Completed
4611,1859,63,46075000,2024-07-04,Completed
4612,1859,63,46075000,2023-10-26,Completed
4613,1860,121,271600000,2024-02-23,Completed
4614,1861,174,41850000,2026-04-18,Completed
4615,1861,174,41850000,2025-12-31,Completed
4616,1862,12,81233333,2025-02-08,Completed
4617,1862,12,81233333,2025-02-26,Completed
4618,1862,12,81233333,2025-02-02,Completed
4619,1863,112,123233333,2024-07-26,Completed
4620,1863,112,123233333,2024-04-21,Completed
4621,1863,112,123233333,2024-10-13,Completed
4622,1864,14,102250000,2025-05-12,Completed
4623,1864,14,102250000,2024-10-21,Completed
4624,1864,14,102250000,2025-06-09,Completed
4625,1864,14,102250000,2025-05-28,Completed
4626,1865,62,182700000,2024-01-19,Completed
4627,1866,136,29633333,2024-06-23,Completed
4628,1866,136,29633333,2024-05-09,Completed
4629,1866,136,29633333,2024-11-04,Completed
4630,1867,79,378300000,2025-08-14,Completed
4631,1868,161,36425000,2024-08-05,Completed
4632,1868,161,36425000,2024-02-13,Completed
4633,1868,161,36425000,2024-05-14,Completed
4634,1868,161,36425000,2024-07-09,Completed
4635,1869,67,50766666,2024-06-27,Completed
4636,1869,67,50766666,2023-11-30,Completed
4637,1869,67,50766666,2024-03-26,Completed
4638,1870,152,246650000,2024-09-13,Completed
4639,1870,152,246650000,2024-07-19,Completed
4640,1871,146,290583016,2024-10-01,Completed
4641,1871,146,290583016,2024-08-03,Completed
4642,1871,146,290583016,2024-09-05,Completed
4643,1872,1,373000000,2024-08-16,Completed
4644,1873,63,214750000,2024-08-05,Completed
4645,1873,63,214750000,2024-11-20,Completed
4646,1874,44,63333333,2024-11-28,Completed
4647,1874,44,63333333,2025-02-25,Completed
4648,1874,44,63333333,2024-11-08,Completed
4649,1875,44,279379522,2026-04-19,Completed
4650,1876,144,150850000,2025-11-30,Completed
4651,1876,144,150850000,2025-08-12,Completed
4652,1877,123,47266666,2024-12-10,Completed
4653,1877,123,47266666,2025-03-02,Completed
4654,1877,123,47266666,2024-10-20,Completed
4655,1878,26,80000000,2025-09-26,Completed
4656,1879,14,197550000,2024-10-18,Completed
4657,1879,14,197550000,2025-03-11,Completed
4658,1880,67,470200000,2024-07-02,Completed
4659,1881,95,19266666,2024-12-16,Completed
4660,1881,95,19266666,2025-04-23,Completed
4661,1881,95,19266666,2025-02-14,Completed
4662,1882,122,192350000,2024-11-23,Completed
4663,1882,122,192350000,2024-12-08,Completed
4664,1883,148,113933333,2024-07-14,Completed
4665,1883,148,113933333,2024-09-11,Completed
4666,1883,148,113933333,2024-02-14,Completed
4667,1884,123,187800000,2023-11-15,Completed
4668,1884,123,187800000,2024-02-19,Completed
4669,1885,58,402200000,2024-09-07,Completed
4670,1886,191,489154315,2024-07-09,Completed
4671,1886,191,489154315,2024-07-04,Completed
4672,1887,131,95166666,2026-05-19,Completed
4673,1887,131,95166666,2026-04-04,Completed
4674,1887,131,95166666,2026-05-09,Completed
4675,1888,94,225800000,2025-08-11,Completed
4676,1888,94,225800000,2025-01-14,Completed
4677,1889,36,411300000,2025-09-21,Completed
4678,1890,15,140033333,2025-08-26,Completed
4679,1890,15,140033333,2025-09-29,Completed
4680,1890,15,140033333,2025-06-03,Completed
4681,1891,68,478500000,2023-12-30,Completed
4682,1892,93,202900000,2025-05-30,Completed
4683,1892,93,202900000,2025-06-23,Completed
4684,1893,135,29650000,2025-09-06,Completed
4685,1893,135,29650000,2026-02-27,Completed
4686,1894,199,154250000,2024-12-25,Completed
4687,1894,199,154250000,2025-03-13,Completed
4688,1895,88,463300000,2024-12-27,Completed
4689,1896,131,33150000,2023-12-14,Completed
4690,1896,131,33150000,2023-11-09,Completed
4691,1897,134,146166666,2024-06-26,Completed
4692,1897,134,146166666,2024-08-27,Completed
4693,1897,134,146166666,2024-11-29,Completed
4694,1898,133,485000000,2024-06-07,Completed
4695,1899,155,40275000,2025-06-25,Completed
4696,1899,155,40275000,2025-11-12,Completed
4697,1899,155,40275000,2026-02-16,Completed
4698,1899,155,40275000,2026-01-30,Completed
4699,1900,143,41125000,2026-01-12,Completed
4700,1900,143,41125000,2025-07-31,Completed
4701,1900,143,41125000,2025-07-13,Completed
4702,1900,143,41125000,2025-09-24,Completed
4703,1901,162,13950000,2024-10-26,Completed
4704,1901,162,13950000,2025-03-16,Completed
4705,1901,162,13950000,2025-02-06,Completed
4706,1901,162,13950000,2025-04-28,Completed
4707,1902,149,119200000,2026-01-02,Completed
4708,1902,149,119200000,2025-09-06,Completed
4709,1902,149,119200000,2025-08-29,Completed
4710,1903,107,39925000,2024-10-04,Completed
4711,1903,107,39925000,2025-02-21,Completed
4712,1903,107,39925000,2024-07-17,Completed
4713,1903,107,39925000,2024-09-22,Completed
4714,1904,74,192850000,2026-06-12,Completed
4715,1904,74,192850000,2025-10-31,Completed
4716,1905,127,28175000,2025-08-31,Completed
4717,1905,127,28175000,2025-07-01,Completed
4718,1905,127,28175000,2025-09-06,Completed
4719,1905,127,28175000,2025-12-18,Completed
4720,1906,53,267500000,2024-05-01,Completed
4721,1907,179,112650000,2026-04-15,Completed
4722,1907,179,112650000,2025-11-18,Completed
4723,1908,192,131150000,2025-12-02,Completed
4724,1908,192,131150000,2025-10-09,Completed
4725,1909,164,392700000,2025-11-13,Completed
4726,1910,50,155666666,2025-02-17,Completed
4727,1910,50,155666666,2025-04-22,Completed
4728,1910,50,155666666,2025-06-08,Completed
4729,1911,112,37725000,2024-07-15,Completed
4730,1911,112,37725000,2024-07-18,Completed
4731,1911,112,37725000,2023-12-06,Completed
4732,1911,112,37725000,2023-11-29,Completed
4733,1912,102,216300000,2026-03-21,Completed
4734,1913,171,156466666,2024-10-08,Completed
4735,1913,171,156466666,2024-09-25,Completed
4736,1913,171,156466666,2024-02-15,Completed
4737,1914,171,30100000,2025-03-21,Completed
4738,1914,171,30100000,2025-02-01,Completed
4739,1915,117,53033333,2025-08-11,Completed
4740,1915,117,53033333,2025-10-03,Completed
4741,1915,117,53033333,2025-11-04,Completed
4742,1916,28,418800000,2024-02-01,Completed
4743,1917,116,65800000,2026-05-24,Completed
4744,1917,116,65800000,2025-09-22,Completed
4745,1918,17,151750000,2025-08-22,Completed
4746,1918,17,151750000,2026-01-06,Completed
4747,1919,61,43425000,2024-12-25,Completed
4748,1919,61,43425000,2024-12-14,Completed
4749,1919,61,43425000,2024-12-11,Completed
4750,1919,61,43425000,2025-03-22,Completed
4751,1920,169,98166666,2025-11-19,Completed
4752,1920,169,98166666,2025-10-29,Completed
4753,1920,169,98166666,2026-03-04,Completed
4754,1921,84,79000000,2025-04-16,Completed
4755,1922,118,29900000,2025-01-12,Completed
4756,1922,118,29900000,2025-03-02,Completed
4757,1923,55,370200000,2024-06-26,Completed
4758,1924,133,58100000,2025-07-06,Completed
4759,1925,73,161800000,2025-04-23,Completed
4760,1926,22,30800000,2025-10-08,Completed
4761,1926,22,30800000,2025-10-03,Completed
4762,1926,22,30800000,2025-08-29,Completed
4763,1926,22,30800000,2025-09-06,Completed
4764,1927,64,20925000,2024-10-01,Completed
4765,1927,64,20925000,2024-04-03,Completed
4766,1927,64,20925000,2024-04-26,Completed
4767,1927,64,20925000,2024-03-23,Completed
4768,1928,92,77250000,2025-11-20,Completed
4769,1928,92,77250000,2026-06-04,Completed
4770,1928,92,77250000,2025-11-19,Completed
4771,1928,92,77250000,2025-12-18,Completed
4772,1929,100,211250000,2024-09-14,Completed
4773,1929,100,211250000,2024-10-23,Completed
4774,1930,89,100200000,2025-04-15,Completed
4775,1930,89,100200000,2025-08-10,Completed
4776,1931,1,117400000,2025-08-27,Completed
4777,1932,21,49400000,2025-10-13,Completed
4778,1932,21,49400000,2025-09-24,Completed
4779,1932,21,49400000,2025-06-03,Completed
4780,1932,21,49400000,2025-08-09,Completed
4781,1933,18,114600000,2024-10-13,Completed
4782,1934,78,344100000,2023-12-24,Completed
4783,1935,74,155900000,2025-10-18,Completed
4784,1935,74,155900000,2025-12-13,Completed
4785,1936,57,64775000,2024-09-09,Completed
4786,1936,57,64775000,2024-10-24,Completed
4787,1936,57,64775000,2025-03-01,Completed
4788,1936,57,64775000,2025-01-17,Completed
4789,1937,169,76375000,2024-10-04,Completed
4790,1937,169,76375000,2024-02-07,Completed
4791,1937,169,76375000,2024-10-08,Completed
4792,1937,169,76375000,2024-02-18,Completed
4793,1938,134,39250000,2024-07-07,Completed
4794,1938,134,39250000,2024-01-22,Completed
4795,1938,134,39250000,2024-04-29,Completed
4796,1938,134,39250000,2023-12-15,Completed
4797,1939,150,492600000,2025-11-11,Completed
4798,1940,20,241150000,2024-03-09,Completed
4799,1940,20,241150000,2024-05-30,Completed
4800,1941,158,106600000,2024-06-15,Completed
4801,1941,158,106600000,2024-12-08,Completed
4802,1942,40,25800000,2025-11-02,Completed
4803,1942,40,25800000,2025-12-29,Completed
4804,1943,6,53900000,2024-08-08,Completed
4805,1944,70,13025000,2025-02-09,Completed
4806,1944,70,13025000,2024-07-11,Completed
4807,1944,70,13025000,2024-08-23,Completed
4808,1944,70,13025000,2024-07-05,Completed
4809,1945,95,28866666,2025-08-03,Completed
4810,1945,95,28866666,2025-12-06,Completed
4811,1945,95,28866666,2025-04-14,Completed
4812,1946,151,122733333,2024-05-06,Completed
4813,1946,151,122733333,2024-05-21,Completed
4814,1946,151,122733333,2024-08-24,Completed
4815,1947,94,198611118,2025-02-08,Completed
4816,1947,94,198611118,2025-10-03,Completed
4817,1947,94,198611118,2025-06-30,Completed
4818,1948,74,172900000,2024-02-28,Completed
4819,1949,103,129400000,2024-07-19,Completed
4820,1949,103,129400000,2024-07-13,Completed
4821,1949,103,129400000,2024-09-19,Completed
4822,1950,199,97900000,2025-05-01,Completed
4823,1951,77,54266666,2024-10-07,Completed
4824,1951,77,54266666,2024-12-22,Completed
4825,1951,77,54266666,2025-04-25,Completed
4826,1952,130,153400000,2024-02-03,Completed
4827,1952,130,153400000,2024-07-22,Completed
4828,1952,130,153400000,2024-03-21,Completed
4829,1953,73,129033333,2024-08-14,Completed
4830,1953,73,129033333,2024-01-03,Completed
4831,1953,73,129033333,2023-12-30,Completed
4832,1954,95,42500000,2024-01-27,Completed
4833,1954,95,42500000,2024-09-10,Completed
4834,1954,95,42500000,2024-02-01,Completed
4835,1955,152,333400000,2024-03-19,Completed
4836,1956,163,229400000,2025-02-24,Completed
4837,1957,67,568456959,2024-10-31,Completed
4838,1957,67,568456959,2024-09-24,Completed
4839,1958,16,41100000,2023-12-12,Completed
4840,1958,16,41100000,2024-08-17,Completed
4841,1958,16,41100000,2024-07-13,Completed
4842,1959,43,152800000,2023-12-24,Completed
4843,1959,43,152800000,2024-08-24,Completed
4844,1960,59,121200000,2025-01-12,Completed
4845,1960,59,121200000,2024-09-16,Completed
4846,1960,59,121200000,2025-03-19,Completed
4847,1961,166,101066666,2025-07-17,Completed
4848,1961,166,101066666,2025-05-08,Completed
4849,1961,166,101066666,2024-11-16,Completed
4850,1962,21,77575000,2024-04-20,Completed
4851,1962,21,77575000,2024-08-06,Completed
4852,1962,21,77575000,2024-09-05,Completed
4853,1962,21,77575000,2024-01-19,Completed
4854,1963,20,168800000,2026-01-27,Completed
4855,1963,20,168800000,2025-10-17,Completed
4856,1964,194,165700000,2024-10-26,Completed
4857,1964,194,165700000,2024-10-23,Completed
4858,1964,194,165700000,2024-04-08,Completed
4859,1965,21,115400000,2025-05-27,Completed
4860,1965,21,115400000,2025-06-29,Completed
4861,1965,21,115400000,2025-05-18,Completed
4862,1966,129,68175000,2024-06-09,Completed
4863,1966,129,68175000,2024-09-04,Completed
4864,1966,129,68175000,2024-02-15,Completed
4865,1966,129,68175000,2024-01-24,Completed
4866,1967,122,134833333,2024-10-28,Completed
4867,1967,122,134833333,2025-02-04,Completed
4868,1967,122,134833333,2024-12-15,Completed
4869,1968,151,276400000,2025-09-02,Completed
4870,1969,183,248900000,2025-06-08,Completed
4871,1969,183,248900000,2026-01-12,Completed
4872,1970,146,163150000,2024-12-23,Completed
4873,1970,146,163150000,2025-08-17,Completed
4874,1971,183,127300000,2025-08-07,Completed
4875,1971,183,127300000,2025-08-08,Completed
4876,1971,183,127300000,2025-07-10,Completed
4877,1972,50,353900000,2025-03-17,Completed
4878,1973,19,36750000,2024-12-26,Completed
4879,1973,19,36750000,2025-04-25,Completed
4880,1973,19,36750000,2025-09-04,Completed
4881,1973,19,36750000,2025-03-06,Completed
4882,1974,165,46650000,2025-02-16,Completed
4883,1974,165,46650000,2025-08-10,Completed
4884,1975,182,57800000,2025-06-16,Completed
4885,1975,182,57800000,2025-09-15,Completed
4886,1976,185,32750000,2024-12-02,Completed
4887,1976,185,32750000,2025-01-01,Completed
4888,1976,185,32750000,2025-05-26,Completed
4889,1976,185,32750000,2025-01-27,Completed
4890,1977,89,116400000,2025-03-24,Completed
4891,1977,89,116400000,2024-12-14,Completed
4892,1977,89,116400000,2025-01-01,Completed
4893,1977,89,116400000,2024-07-03,Completed
4894,1978,92,329100000,2025-07-17,Completed
4895,1979,72,119525000,2025-02-01,Completed
4896,1979,72,119525000,2025-04-30,Completed
4897,1979,72,119525000,2025-08-31,Completed
4898,1979,72,119525000,2025-03-02,Completed
4899,1980,60,108750000,2025-07-06,Completed
4900,1980,60,108750000,2025-11-01,Completed
4901,1980,60,108750000,2025-11-06,Completed
4902,1980,60,108750000,2025-04-30,Completed
4903,1981,62,83000000,2024-03-26,Completed
4904,1982,123,338200000,2024-08-26,Completed
4905,1983,172,80250000,2025-09-01,Completed
4906,1983,172,80250000,2026-01-17,Completed
4907,1984,77,84650000,2024-07-08,Completed
4908,1984,77,84650000,2025-01-13,Completed
4909,1984,77,84650000,2025-02-09,Completed
4910,1984,77,84650000,2024-12-27,Completed
4911,1985,190,125700000,2025-03-06,Completed
4912,1985,190,125700000,2025-07-03,Completed
4913,1986,92,383000000,2024-06-27,Completed
4914,1987,166,29333333,2024-03-30,Completed
4915,1987,166,29333333,2024-06-02,Completed
4916,1987,166,29333333,2024-04-27,Completed
4917,1988,148,162100000,2026-01-01,Completed
4918,1989,182,137700000,2025-10-13,Completed
4919,1990,189,27075000,2025-03-21,Completed
4920,1990,189,27075000,2025-05-18,Completed
4921,1990,189,27075000,2025-02-26,Completed
4922,1990,189,27075000,2025-02-19,Completed
4923,1991,43,303800000,2024-06-27,Completed
4924,1992,13,112950000,2024-06-10,Completed
4925,1992,13,112950000,2024-09-19,Completed
4926,1992,13,112950000,2024-12-06,Completed
4927,1992,13,112950000,2024-08-13,Completed
4928,1993,162,54000000,2024-05-23,Completed
4929,1993,162,54000000,2024-08-17,Completed
4930,1993,162,54000000,2024-10-07,Completed
4931,1994,76,329600000,2026-06-06,Completed
4932,1995,148,21800000,2024-05-17,Completed
4933,1995,148,21800000,2024-07-29,Completed
4934,1995,148,21800000,2024-08-18,Completed
4935,1996,57,33325000,2025-04-11,Completed
4936,1996,57,33325000,2025-08-12,Completed
4937,1996,57,33325000,2025-08-23,Completed
4938,1996,57,33325000,2025-06-22,Completed
4939,1997,150,403698040,2026-05-08,Completed
4940,1997,150,403698040,2025-08-18,Completed
4941,1998,41,148550000,2024-06-20,Completed
4942,1998,41,148550000,2024-01-01,Completed
4943,1999,165,80550000,2024-01-17,Completed
4944,1999,165,80550000,2024-06-20,Completed
4945,1999,165,80550000,2024-02-06,Completed
4946,1999,165,80550000,2024-08-13,Completed
4947,2000,122,97800000,2024-04-26,Completed
4948,2000,122,97800000,2024-03-25,Completed
4949,2000,122,97800000,2024-09-12,Completed
4950,2000,122,97800000,2024-02-15,Completed
4951,2001,188,55125000,2024-11-14,Completed
4952,2001,188,55125000,2024-06-24,Completed
4953,2001,188,55125000,2024-10-15,Completed
4954,2001,188,55125000,2024-06-18,Completed
4955,2002,27,462800000,2025-06-27,Completed
4956,2003,39,97200000,2025-01-03,Completed
4957,2003,39,97200000,2024-08-27,Completed
4958,2004,41,146166666,2025-07-10,Completed
4959,2004,41,146166666,2025-06-29,Completed
4960,2004,41,146166666,2025-04-02,Completed
4961,2005,48,96750000,2025-07-07,Completed
4962,2005,48,96750000,2025-04-16,Completed
4963,2005,48,96750000,2025-04-19,Completed
4964,2005,48,96750000,2025-03-04,Completed
4965,2006,171,36300000,2025-03-13,Completed
4966,2006,171,36300000,2025-08-12,Completed
4967,2007,197,78300000,2025-10-04,Completed
4968,2007,197,78300000,2025-09-20,Completed
4969,2008,53,353900000,2025-02-15,Completed
4970,2009,112,32266666,2023-12-31,Completed
4971,2009,112,32266666,2024-03-29,Completed
4972,2009,112,32266666,2024-03-19,Completed
4973,2010,43,76500000,2024-05-22,Completed
4974,2011,72,388500000,2024-04-11,Completed
4975,2012,132,270000000,2025-02-17,Completed
4976,2013,59,377700000,2026-03-27,Completed
4977,2014,85,73633333,2025-06-20,Completed
4978,2014,85,73633333,2025-08-08,Completed
4979,2014,85,73633333,2025-05-22,Completed
4980,2015,54,413300000,2025-08-27,Completed
4981,2016,126,187850000,2025-01-13,Completed
4982,2016,126,187850000,2025-04-25,Completed
4983,2017,162,38550000,2024-07-01,Completed
4984,2017,162,38550000,2025-01-01,Completed
4985,2017,162,38550000,2024-05-14,Completed
4986,2017,162,38550000,2024-06-20,Completed
4987,2018,125,83775000,2025-03-01,Completed
4988,2018,125,83775000,2025-04-04,Completed
4989,2018,125,83775000,2025-09-07,Completed
4990,2018,125,83775000,2025-09-01,Completed
4991,2019,158,140533333,2025-07-29,Completed
4992,2019,158,140533333,2025-12-21,Completed
4993,2019,158,140533333,2025-08-28,Completed
4994,2020,97,105200000,2025-02-09,Completed
4995,2020,97,105200000,2024-09-09,Completed
4996,2020,97,105200000,2025-04-10,Completed
4997,2020,97,105200000,2025-05-19,Completed
4998,2021,186,94450000,2023-11-14,Completed
4999,2021,186,94450000,2024-01-14,Completed
5000,2022,34,354200000,2025-08-26,Completed
5001,2023,52,117200000,2025-04-10,Completed
5002,2023,52,117200000,2025-03-24,Completed
5003,2024,28,83466666,2024-01-24,Completed
5004,2024,28,83466666,2024-03-20,Completed
5005,2024,28,83466666,2024-04-17,Completed
5006,2025,60,159550000,2025-04-13,Completed
5007,2025,60,159550000,2025-06-03,Completed
5008,2026,95,69533333,2025-03-16,Completed
5009,2026,95,69533333,2025-05-30,Completed
5010,2026,95,69533333,2025-02-01,Completed
5011,2027,131,167050000,2024-07-10,Completed
5012,2027,131,167050000,2024-07-12,Completed
5013,2028,10,45600000,2025-03-28,Completed
5014,2028,10,45600000,2025-06-29,Completed
5015,2028,10,45600000,2025-05-20,Completed
5016,2028,10,45600000,2025-06-21,Completed
5017,2029,146,126266666,2025-06-19,Completed
5018,2029,146,126266666,2025-04-19,Completed
5019,2029,146,126266666,2025-03-02,Completed
5020,2030,140,126100000,2025-02-05,Completed
5021,2031,66,28050000,2024-09-02,Completed
5022,2031,66,28050000,2025-04-25,Completed
5023,2031,66,28050000,2025-02-08,Completed
5024,2031,66,28050000,2025-05-21,Completed
5025,2032,52,256300000,2025-07-23,Completed
5026,2033,133,23866666,2025-01-10,Completed
5027,2033,133,23866666,2024-10-11,Completed
5028,2033,133,23866666,2024-12-18,Completed
5029,2034,160,45566666,2024-02-24,Completed
5030,2034,160,45566666,2024-07-30,Completed
5031,2034,160,45566666,2024-04-07,Completed
5032,2035,22,132200000,2026-01-11,Completed
5033,2036,164,54800000,2024-03-22,Completed
5034,2036,164,54800000,2024-01-21,Completed
5035,2036,164,54800000,2024-02-01,Completed
5036,2037,182,156600000,2024-12-18,Completed
5037,2037,182,156600000,2025-05-18,Completed
5038,2038,200,226800000,2025-10-20,Completed
5039,2038,200,226800000,2025-09-17,Completed
5040,2039,34,114400000,2025-01-04,Completed
5041,2039,34,114400000,2025-02-11,Completed
5042,2039,34,114400000,2024-10-05,Completed
5043,2040,56,231200000,2024-11-02,Completed
5044,2040,56,231200000,2024-04-26,Completed
5045,2041,27,53500000,2026-03-20,Completed
5046,2041,27,53500000,2026-05-02,Completed
5047,2041,27,53500000,2025-11-01,Completed
5048,2042,87,155600000,2024-11-05,Completed
5049,2042,87,155600000,2024-04-16,Completed
5050,2043,158,14250000,2024-08-07,Completed
5051,2043,158,14250000,2024-10-13,Completed
5052,2043,158,14250000,2024-12-27,Completed
5053,2043,158,14250000,2024-08-09,Completed
5054,2044,71,109504996,2025-07-21,Completed
5055,2044,71,109504996,2025-11-01,Completed
5056,2044,71,109504996,2025-09-04,Completed
5057,2045,128,186550000,2026-03-26,Completed
5058,2045,128,186550000,2026-03-21,Completed
5059,2046,117,46550000,2025-03-31,Completed
5060,2046,117,46550000,2025-10-27,Completed
5061,2047,42,55650000,2025-11-17,Completed
5062,2047,42,55650000,2026-01-20,Completed
5063,2048,171,90650000,2025-12-06,Completed
5064,2048,171,90650000,2025-05-27,Completed
5065,2049,66,106975000,2024-02-07,Completed
5066,2049,66,106975000,2024-09-26,Completed
5067,2049,66,106975000,2024-03-24,Completed
5068,2049,66,106975000,2024-10-24,Completed
5069,2050,51,160200000,2024-10-07,Completed
5070,2050,51,160200000,2025-02-05,Completed
5071,2050,51,160200000,2024-09-09,Completed
5072,2051,173,61900000,2025-03-01,Completed
5073,2051,173,61900000,2025-04-19,Completed
5074,2052,143,20033333,2025-06-29,Completed
5075,2052,143,20033333,2025-12-21,Completed
5076,2052,143,20033333,2025-10-13,Completed
5077,2053,185,131200000,2024-07-19,Completed
5078,2054,28,478700000,2024-11-21,Completed
5079,2055,29,197500000,2023-10-30,Completed
5080,2056,75,33050000,2024-02-27,Completed
5081,2056,75,33050000,2024-05-02,Completed
5082,2057,140,229500000,2025-04-23,Completed
5083,2058,2,83225000,2025-02-13,Completed
5084,2058,2,83225000,2025-05-23,Completed
5085,2058,2,83225000,2024-10-11,Completed
5086,2058,2,83225000,2024-12-29,Completed
5087,2059,106,234600000,2024-12-27,Completed
5088,2060,87,164275383,2024-10-26,Completed
5089,2060,87,164275383,2025-01-20,Completed
5090,2060,87,164275383,2024-10-03,Completed
5091,2061,66,278100000,2025-09-19,Completed
5092,2062,54,66125000,2024-05-25,Completed
5093,2062,54,66125000,2024-11-09,Completed
5094,2062,54,66125000,2024-10-03,Completed
5095,2062,54,66125000,2025-01-31,Completed
5096,2063,186,106100000,2025-09-01,Completed
5097,2063,186,106100000,2025-10-04,Completed
5098,2063,186,106100000,2025-07-15,Completed
5099,2063,186,106100000,2025-10-04,Completed
5100,2064,88,241500000,2025-10-28,Completed
5101,2065,90,236950000,2026-04-24,Completed
5102,2065,90,236950000,2026-05-06,Completed
5103,2066,125,14750000,2026-04-22,Completed
5104,2066,125,14750000,2026-01-22,Completed
5105,2066,125,14750000,2025-07-19,Completed
5106,2066,125,14750000,2025-12-04,Completed
5107,2067,92,19300000,2024-11-05,Completed
5108,2067,92,19300000,2025-01-25,Completed
5109,2067,92,19300000,2025-03-09,Completed
5110,2067,92,19300000,2024-10-25,Completed
5111,2068,70,111425000,2026-02-02,Completed
5112,2068,70,111425000,2025-08-06,Completed
5113,2068,70,111425000,2026-03-13,Completed
5114,2068,70,111425000,2025-08-14,Completed
5115,2069,193,131500000,2025-04-28,Completed
5116,2069,193,131500000,2025-03-26,Completed
5117,2069,193,131500000,2025-12-05,Completed
5118,2070,151,228600000,2025-05-07,Completed
5119,2071,35,74875000,2025-06-21,Completed
5120,2071,35,74875000,2024-12-11,Completed
5121,2071,35,74875000,2025-05-09,Completed
5122,2071,35,74875000,2025-05-13,Completed
5123,2072,169,54600000,2025-03-07,Completed
5124,2072,169,54600000,2024-12-26,Completed
5125,2072,169,54600000,2024-07-02,Completed
5126,2073,74,74300000,2025-09-20,Completed
5127,2074,199,219350000,2024-07-23,Completed
5128,2074,199,219350000,2023-12-17,Completed
5129,2075,44,150600000,2025-03-29,Completed
5130,2075,44,150600000,2025-04-13,Completed
5131,2075,44,150600000,2025-08-09,Completed
5132,2076,198,162433333,2024-10-24,Completed
5133,2076,198,162433333,2025-02-21,Completed
5134,2076,198,162433333,2024-12-25,Completed
5135,2077,135,244350000,2024-09-22,Completed
5136,2077,135,244350000,2024-09-09,Completed
5137,2078,13,35625000,2024-07-04,Completed
5138,2078,13,35625000,2023-11-30,Completed
5139,2078,13,35625000,2024-05-29,Completed
5140,2078,13,35625000,2024-02-16,Completed
5141,2079,39,245600000,2023-11-19,Completed
5142,2079,39,245600000,2024-04-08,Completed
5143,2080,173,250900000,2025-10-13,Completed
5144,2081,118,183250000,2024-02-10,Completed
5145,2081,118,183250000,2024-06-06,Completed
5146,2082,58,67150000,2025-05-15,Completed
5147,2082,58,67150000,2024-10-13,Completed
5148,2083,39,35925000,2026-01-24,Completed
5149,2083,39,35925000,2025-09-15,Completed
5150,2083,39,35925000,2026-04-10,Completed
5151,2083,39,35925000,2025-09-18,Completed
5152,2084,10,118500000,2024-06-28,Completed
5153,2084,10,118500000,2024-10-30,Completed
5154,2084,10,118500000,2024-06-23,Completed
5155,2084,10,118500000,2025-01-03,Completed
5156,2085,118,64133333,2025-03-21,Completed
5157,2085,118,64133333,2025-03-15,Completed
5158,2085,118,64133333,2025-10-26,Completed
5159,2086,81,200600000,2025-10-31,Completed
5160,2087,172,91300000,2025-10-27,Completed
5161,2087,172,91300000,2025-06-16,Completed
5162,2087,172,91300000,2025-04-17,Completed
5163,2087,172,91300000,2026-01-20,Completed
5164,2088,166,31850000,2024-08-29,Completed
5165,2088,166,31850000,2024-05-05,Completed
5166,2089,147,158550000,2025-11-02,Completed
5167,2089,147,158550000,2025-12-14,Completed
5168,2090,11,27400000,2025-01-04,Completed
5169,2090,11,27400000,2024-10-27,Completed
5170,2091,32,192000000,2024-12-07,Completed
5171,2091,32,192000000,2024-10-20,Completed
5172,2092,1,268100000,2025-02-16,Completed
5173,2093,103,52666666,2025-12-12,Completed
5174,2093,103,52666666,2026-03-11,Completed
5175,2093,103,52666666,2025-10-26,Completed
5176,2094,93,86500000,2024-07-25,Completed
5177,2094,93,86500000,2024-03-13,Completed
5178,2094,93,86500000,2024-07-07,Completed
5179,2095,155,116950000,2024-11-05,Completed
5180,2095,155,116950000,2024-06-30,Completed
5181,2095,155,116950000,2024-11-15,Completed
5182,2095,155,116950000,2024-08-31,Completed
5183,2096,39,193350000,2024-10-21,Completed
5184,2096,39,193350000,2024-04-04,Completed
5185,2097,150,94133333,2026-07-22,Completed
5186,2097,150,94133333,2026-06-10,Completed
5187,2097,150,94133333,2026-01-02,Completed
5188,2098,10,130050000,2024-07-18,Completed
5189,2098,10,130050000,2024-10-04,Completed
5190,2099,151,27375000,2024-03-19,Completed
5191,2099,151,27375000,2024-03-25,Completed
5192,2099,151,27375000,2024-06-13,Completed
5193,2099,151,27375000,2024-06-30,Completed
5194,2100,13,124750000,2026-01-10,Completed
5195,2100,13,124750000,2026-03-31,Completed
5196,2100,13,124750000,2026-03-10,Completed
5197,2100,13,124750000,2026-02-12,Completed
5198,2101,92,202650000,2025-09-27,Completed
5199,2101,92,202650000,2026-05-27,Completed
5200,2102,109,64150000,2025-05-10,Completed
5201,2102,109,64150000,2025-06-15,Completed
5202,2103,60,26100000,2025-10-24,Completed
5203,2103,60,26100000,2025-06-17,Completed
5204,2103,60,26100000,2025-05-07,Completed
5205,2103,60,26100000,2025-09-06,Completed
5206,2104,43,77600000,2024-06-11,Completed
5207,2105,24,78300000,2025-03-21,Completed
5208,2105,24,78300000,2025-01-29,Completed
5209,2105,24,78300000,2025-10-16,Completed
5210,2105,24,78300000,2025-08-23,Completed
5211,2106,21,80450000,2025-06-04,Completed
5212,2106,21,80450000,2026-01-27,Completed
5213,2107,60,60025000,2024-11-11,Completed
5214,2107,60,60025000,2025-01-31,Completed
5215,2107,60,60025000,2025-07-03,Completed
5216,2107,60,60025000,2025-04-13,Completed
5217,2108,20,353100000,2025-07-13,Completed
5218,2109,76,104350000,2025-02-03,Completed
5219,2109,76,104350000,2025-04-19,Completed
5220,2109,76,104350000,2024-11-03,Completed
5221,2109,76,104350000,2025-01-12,Completed
5222,2110,106,226000000,2025-01-30,Completed
5223,2110,106,226000000,2025-04-02,Completed
5224,2111,73,64700000,2024-09-30,Completed
5225,2111,73,64700000,2024-08-12,Completed
5226,2112,108,120500000,2024-01-27,Completed
5227,2113,79,212400000,2025-03-15,Completed
5228,2114,33,96900000,2026-05-10,Completed
5229,2114,33,96900000,2025-08-02,Completed
5230,2114,33,96900000,2025-12-18,Completed
5231,2115,109,155400000,2025-10-07,Completed
5232,2116,27,145333333,2025-02-21,Completed
5233,2116,27,145333333,2025-09-11,Completed
5234,2116,27,145333333,2025-05-09,Completed
5235,2117,57,114200000,2025-04-09,Completed
5236,2118,194,111233333,2025-11-06,Completed
5237,2118,194,111233333,2025-07-31,Completed
5238,2118,194,111233333,2025-08-05,Completed
5239,2119,71,349600000,2025-10-25,Completed
5240,2120,144,83766666,2024-06-20,Completed
5241,2120,144,83766666,2024-06-16,Completed
5242,2120,144,83766666,2024-03-09,Completed
5243,2121,17,248600000,2024-07-21,Completed
5244,2121,17,248600000,2024-07-27,Completed
5245,2122,91,61350000,2024-04-03,Completed
5246,2122,91,61350000,2023-11-23,Completed
5247,2122,91,61350000,2024-06-27,Completed
5248,2122,91,61350000,2024-08-12,Completed
5249,2123,104,81700000,2025-02-04,Completed
5250,2123,104,81700000,2025-02-03,Completed
5251,2123,104,81700000,2025-02-20,Completed
5252,2123,104,81700000,2025-04-15,Completed
5253,2124,16,433700000,2026-02-05,Completed
5254,2125,51,84800000,2025-01-13,Completed
5255,2126,182,58025000,2024-04-22,Completed
5256,2126,182,58025000,2023-12-02,Completed
5257,2126,182,58025000,2023-11-30,Completed
5258,2126,182,58025000,2024-03-31,Completed
5259,2127,123,330900000,2024-01-10,Completed
5260,2128,53,45025000,2024-09-10,Completed
5261,2128,53,45025000,2025-05-08,Completed
5262,2128,53,45025000,2025-05-09,Completed
5263,2128,53,45025000,2025-01-24,Completed
5264,2129,101,242800000,2025-07-26,Completed
5265,2129,101,242800000,2026-01-29,Completed
5266,2130,194,81900000,2025-10-10,Completed
5267,2130,194,81900000,2025-10-20,Completed
5268,2130,194,81900000,2025-06-01,Completed
5269,2130,194,81900000,2025-10-20,Completed
5270,2131,3,178950000,2025-10-31,Completed
5271,2131,3,178950000,2025-05-25,Completed
5272,2132,86,224100000,2026-03-25,Completed
5273,2132,86,224100000,2026-05-30,Completed
5274,2133,199,93050000,2025-05-03,Completed
5275,2133,199,93050000,2025-11-04,Completed
5276,2133,199,93050000,2025-05-21,Completed
5277,2133,199,93050000,2025-07-04,Completed
5278,2134,80,267800000,2025-03-23,Completed
5279,2135,180,185000000,2025-12-16,Completed
5280,2136,118,59800000,2024-12-20,Completed
5281,2136,118,59800000,2024-10-29,Completed
5282,2136,118,59800000,2024-08-21,Completed
5283,2137,195,92850000,2024-03-28,Completed
5284,2137,195,92850000,2024-05-13,Completed
5285,2137,195,92850000,2024-10-29,Completed
5286,2137,195,92850000,2024-08-31,Completed
5287,2138,103,130550000,2025-08-17,Completed
5288,2138,103,130550000,2026-01-05,Completed
5289,2139,199,283700000,2025-10-24,Completed
5290,2140,143,249450000,2025-12-01,Completed
5291,2140,143,249450000,2025-11-30,Completed
5292,2141,98,187500000,2025-06-29,Completed
5293,2142,147,361200000,2024-07-07,Completed
5294,2143,170,208350000,2025-02-19,Completed
5295,2143,170,208350000,2025-02-11,Completed
5296,2144,68,339400000,2024-02-20,Completed
5297,2145,18,105500000,2025-02-07,Completed
5298,2146,23,167050000,2025-04-17,Completed
5299,2146,23,167050000,2025-05-26,Completed
5300,2147,155,75475000,2024-05-07,Completed
5301,2147,155,75475000,2024-06-28,Completed
5302,2147,155,75475000,2024-04-11,Completed
5303,2147,155,75475000,2024-02-11,Completed
5304,2148,176,94500000,2024-11-07,Completed
5305,2149,107,381400000,2026-01-15,Completed
5306,2150,125,113850000,2025-07-01,Completed
5307,2150,125,113850000,2024-09-27,Completed
5308,2150,125,113850000,2025-04-03,Completed
5309,2150,125,113850000,2025-05-21,Completed
5310,2151,128,248900000,2024-11-04,Completed
5311,2152,196,44033333,2026-01-31,Completed
5312,2152,196,44033333,2026-03-01,Completed
5313,2152,196,44033333,2025-10-25,Completed
5314,2153,189,110600000,2026-01-12,Completed
5315,2153,189,110600000,2025-12-27,Completed
5316,2153,189,110600000,2025-09-06,Completed
5317,2153,189,110600000,2025-11-20,Completed
5318,2154,15,93350000,2024-01-27,Completed
5319,2154,15,93350000,2024-03-04,Completed
5320,2154,15,93350000,2024-01-16,Completed
5321,2154,15,93350000,2024-06-04,Completed
5322,2155,184,116650000,2025-11-12,Completed
5323,2155,184,116650000,2025-12-28,Completed
5324,2156,79,67700000,2025-03-13,Completed
5325,2157,157,118225000,2024-04-23,Completed
5326,2157,157,118225000,2024-12-11,Completed
5327,2157,157,118225000,2024-06-02,Completed
5328,2157,157,118225000,2024-03-22,Completed
5329,2158,134,59400000,2025-06-08,Completed
5330,2158,134,59400000,2024-12-20,Completed
5331,2159,109,215200000,2024-10-12,Completed
5332,2160,59,100450000,2025-04-11,Completed
5333,2160,59,100450000,2025-10-15,Completed
5334,2161,71,97300000,2025-08-03,Completed
5335,2161,71,97300000,2025-06-11,Completed
5336,2161,71,97300000,2025-09-11,Completed
5337,2161,71,97300000,2025-01-24,Completed
5338,2162,66,30933333,2024-10-02,Completed
5339,2162,66,30933333,2025-03-22,Completed
5340,2162,66,30933333,2024-12-10,Completed
5341,2163,155,39800000,2024-12-31,Completed
5342,2163,155,39800000,2025-03-24,Completed
5343,2163,155,39800000,2025-09-26,Completed
5344,2164,199,109400000,2024-08-19,Completed
5345,2164,199,109400000,2024-08-02,Completed
5346,2164,199,109400000,2024-03-10,Completed
5347,2164,199,109400000,2024-07-08,Completed
5348,2165,197,90450000,2025-10-25,Completed
5349,2165,197,90450000,2025-08-08,Completed
5350,2166,170,129066666,2025-04-26,Completed
5351,2166,170,129066666,2025-07-22,Completed
5352,2166,170,129066666,2025-03-02,Completed
5353,2167,110,148933333,2025-08-03,Completed
5354,2167,110,148933333,2025-11-03,Completed
5355,2167,110,148933333,2026-03-11,Completed
5356,2168,103,153400000,2024-02-26,Completed
5357,2168,103,153400000,2024-07-15,Completed
5358,2169,172,39475000,2025-08-06,Completed
5359,2169,172,39475000,2025-08-21,Completed
5360,2169,172,39475000,2025-08-06,Completed
5361,2169,172,39475000,2025-09-04,Completed
5362,2170,51,67700000,2025-03-09,Completed
5363,2170,51,67700000,2024-11-09,Completed
5364,2171,85,99700000,2025-06-16,Completed
5365,2171,85,99700000,2025-07-14,Completed
5366,2172,186,228850000,2025-09-04,Completed
5367,2172,186,228850000,2025-10-03,Completed
5368,2173,172,235250000,2024-10-25,Completed
5369,2173,172,235250000,2024-12-03,Completed
5370,2174,92,497800000,2025-01-12,Completed
5371,2175,97,117700000,2024-06-16,Completed
5372,2175,97,117700000,2023-12-11,Completed
5373,2175,97,117700000,2024-05-13,Completed
5374,2176,60,366800000,2026-05-08,Completed
5375,2177,156,73850000,2024-09-26,Completed
5376,2177,156,73850000,2024-04-08,Completed
5377,2178,95,78575000,2025-04-12,Completed
5378,2178,95,78575000,2025-05-09,Completed
5379,2178,95,78575000,2025-08-03,Completed
5380,2178,95,78575000,2025-08-15,Completed
5381,2179,108,151433333,2026-04-24,Completed
5382,2179,108,151433333,2026-04-04,Completed
5383,2179,108,151433333,2026-01-14,Completed
5384,2180,148,91625000,2025-11-10,Completed
5385,2180,148,91625000,2025-04-20,Completed
5386,2180,148,91625000,2025-07-11,Completed
5387,2180,148,91625000,2025-03-13,Completed
5388,2181,143,105433333,2025-01-07,Completed
5389,2181,143,105433333,2024-10-01,Completed
5390,2181,143,105433333,2025-05-16,Completed
5391,2182,178,41925000,2024-12-27,Completed
5392,2182,178,41925000,2024-11-02,Completed
5393,2182,178,41925000,2024-04-06,Completed
5394,2182,178,41925000,2024-12-16,Completed
5395,2183,31,51000000,2024-05-03,Completed
5396,2183,31,51000000,2024-09-09,Completed
5397,2184,63,861225458,2026-03-02,Completed
5398,2185,134,26650000,2024-08-10,Completed
5399,2185,134,26650000,2025-03-08,Completed
5400,2185,134,26650000,2025-03-13,Completed
5401,2185,134,26650000,2025-03-14,Completed
5402,2186,178,162850000,2025-03-31,Completed
5403,2186,178,162850000,2025-04-14,Completed
5404,2187,9,21150000,2024-08-28,Completed
5405,2187,9,21150000,2024-05-22,Completed
5406,2187,9,21150000,2024-09-06,Completed
5407,2187,9,21150000,2023-12-28,Completed
5408,2188,191,255700000,2024-06-22,Completed
5409,2189,183,135700000,2024-03-25,Completed
5410,2189,183,135700000,2024-08-07,Completed
5411,2190,77,80500000,2024-04-11,Completed
5412,2190,77,80500000,2024-06-12,Completed
5413,2190,77,80500000,2024-03-23,Completed
5414,2190,77,80500000,2024-01-25,Completed
5415,2191,175,142200000,2025-08-27,Completed
5416,2191,175,142200000,2025-04-20,Completed
5417,2191,175,142200000,2025-07-29,Completed
5418,2192,80,134450000,2024-07-23,Completed
5419,2192,80,134450000,2024-04-12,Completed
5420,2193,72,475900000,2024-06-03,Completed
5421,2194,197,62600000,2025-03-18,Completed
5422,2194,197,62600000,2024-12-20,Completed
5423,2194,197,62600000,2024-11-01,Completed
5424,2195,138,110900000,2025-10-25,Completed
5425,2195,138,110900000,2025-07-20,Completed
5426,2195,138,110900000,2026-01-31,Completed
5427,2195,138,110900000,2026-02-10,Completed
5428,2196,12,120800000,2025-05-09,Completed
5429,2197,9,120833333,2024-11-12,Completed
5430,2197,9,120833333,2025-01-19,Completed
5431,2197,9,120833333,2024-04-25,Completed
5432,2198,28,168300000,2025-09-08,Completed
5433,2199,23,26466666,2025-05-28,Completed
5434,2199,23,26466666,2025-10-13,Completed
5435,2199,23,26466666,2025-08-26,Completed
5436,2200,91,143900000,2024-02-16,Completed
5437,2200,91,143900000,2024-08-25,Completed
5438,2200,91,143900000,2024-08-13,Completed
5439,2201,157,248050000,2025-06-25,Completed
5440,2201,157,248050000,2025-07-22,Completed
5441,2202,157,104133333,2026-04-08,Completed
5442,2202,157,104133333,2026-02-05,Completed
5443,2202,157,104133333,2025-10-14,Completed
5444,2203,179,232050000,2024-07-22,Completed
5445,2203,179,232050000,2023-11-08,Completed
5446,2204,44,114900000,2024-08-13,Completed
5447,2205,121,323300000,2025-04-06,Completed
5448,2206,16,32625000,2025-09-03,Completed
5449,2206,16,32625000,2026-03-24,Completed
5450,2206,16,32625000,2026-03-17,Completed
5451,2206,16,32625000,2025-09-18,Completed
5452,2207,63,114850000,2025-03-31,Completed
5453,2207,63,114850000,2025-06-24,Completed
5454,2208,35,149400000,2025-03-02,Completed
5455,2208,35,149400000,2024-10-14,Completed
5456,2209,152,158266666,2025-02-25,Completed
5457,2209,152,158266666,2025-04-13,Completed
5458,2209,152,158266666,2024-09-03,Completed
5459,2210,13,189900000,2025-03-24,Completed
5460,2211,152,163504811,2025-03-12,Completed
5461,2211,152,163504811,2025-08-10,Completed
5462,2211,152,163504811,2025-04-08,Completed
5463,2211,152,163504811,2025-04-11,Completed
5464,2212,27,351100000,2025-05-11,Completed
5465,2213,123,46050000,2024-08-19,Completed
5466,2213,123,46050000,2024-10-07,Completed
5467,2214,56,143200000,2024-07-14,Completed
5468,2215,134,207800000,2024-03-14,Completed
5469,2215,134,207800000,2024-02-25,Completed
5470,2216,151,218750000,2024-10-14,Completed
5471,2216,151,218750000,2024-10-16,Completed
5472,2217,115,40075000,2025-07-12,Completed
5473,2217,115,40075000,2025-02-09,Completed
5474,2217,115,40075000,2024-12-25,Completed
5475,2217,115,40075000,2025-04-25,Completed
5476,2218,80,42650000,2026-06-14,Completed
5477,2218,80,42650000,2025-12-16,Completed
5478,2218,80,42650000,2025-09-20,Completed
5479,2218,80,42650000,2025-11-09,Completed
5480,2219,111,149600000,2025-09-06,Completed
5481,2219,111,149600000,2025-11-09,Completed
5482,2220,143,53250000,2025-11-12,Completed
5483,2220,143,53250000,2025-10-21,Completed
5484,2221,38,73266666,2025-03-01,Completed
5485,2221,38,73266666,2024-11-12,Completed
5486,2221,38,73266666,2024-10-15,Completed
5487,2222,84,117400000,2024-07-06,Completed
5488,2223,178,325800000,2026-01-24,Completed
5489,2224,33,71200000,2025-05-14,Completed
5490,2224,33,71200000,2025-07-09,Completed
5491,2224,33,71200000,2025-10-18,Completed
5492,2224,33,71200000,2026-03-24,Completed
5493,2225,161,209200000,2026-01-21,Completed
5494,2225,161,209200000,2025-11-15,Completed
5495,2226,29,176260812,2025-10-08,Completed
5496,2226,29,176260812,2026-04-07,Completed
5497,2226,29,176260812,2025-12-27,Completed
5498,2227,74,97600000,2024-08-22,Completed
5499,2227,74,97600000,2024-08-21,Completed
5500,2227,74,97600000,2024-09-01,Completed
5501,2227,74,97600000,2024-03-02,Completed
5502,2228,80,186400000,2024-11-22,Completed
5503,2228,80,186400000,2024-11-25,Completed
5504,2229,186,27300000,2025-05-07,Completed
5505,2229,186,27300000,2024-11-18,Completed
5506,2229,186,27300000,2025-02-28,Completed
5507,2229,186,27300000,2025-04-03,Completed
5508,2230,57,27275000,2025-04-24,Completed
5509,2230,57,27275000,2025-07-12,Completed
5510,2230,57,27275000,2025-07-22,Completed
5511,2230,57,27275000,2025-03-07,Completed
5512,2231,103,25325000,2025-05-28,Completed
5513,2231,103,25325000,2025-03-03,Completed
5514,2231,103,25325000,2025-07-02,Completed
5515,2231,103,25325000,2025-01-17,Completed
5516,2232,142,251700000,2025-04-06,Completed
5517,2233,164,162150000,2024-10-01,Completed
5518,2233,164,162150000,2024-09-07,Completed
5519,2234,192,28933333,2025-06-18,Completed
5520,2234,192,28933333,2025-09-16,Completed
5521,2234,192,28933333,2025-12-05,Completed
5522,2235,126,71575000,2025-03-28,Completed
5523,2235,126,71575000,2024-10-05,Completed
5524,2235,126,71575000,2024-10-25,Completed
5525,2235,126,71575000,2025-04-24,Completed
5526,2236,155,144666666,2025-09-06,Completed
5527,2236,155,144666666,2025-07-25,Completed
5528,2236,155,144666666,2025-09-15,Completed
5529,2237,105,289500000,2024-01-21,Completed
5530,2238,3,240400000,2024-08-06,Completed
5531,2238,3,240400000,2024-09-11,Completed
5532,2239,174,70950000,2024-12-28,Completed
5533,2239,174,70950000,2025-07-31,Completed
5534,2239,174,70950000,2025-02-17,Completed
5535,2239,174,70950000,2024-12-06,Completed
5536,2240,73,131800000,2025-03-13,Completed
5537,2241,113,156430036,2025-12-11,Completed
5538,2241,113,156430036,2025-11-07,Completed
5539,2241,113,156430036,2025-09-22,Completed
5540,2241,113,156430036,2026-05-21,Completed
5541,2242,144,29033333,2025-09-21,Completed
5542,2242,144,29033333,2025-07-21,Completed
5543,2242,144,29033333,2025-04-23,Completed
5544,2243,114,249400000,2024-02-29,Completed
5545,2243,114,249400000,2024-04-27,Completed
5546,2244,153,25275292,2024-05-14,Completed
5547,2244,153,25275292,2024-05-14,Completed
5548,2244,153,25275292,2023-12-04,Completed
5549,2244,153,25275292,2024-05-10,Completed
5550,2245,59,32125000,2025-01-26,Completed
5551,2245,59,32125000,2024-06-13,Completed
5552,2245,59,32125000,2024-07-17,Completed
5553,2245,59,32125000,2024-11-03,Completed
5554,2246,131,41500000,2024-06-26,Completed
5555,2246,131,41500000,2024-06-04,Completed
5556,2246,131,41500000,2024-11-11,Completed
5557,2246,131,41500000,2024-05-02,Completed
5558,2247,164,138800000,2025-07-01,Completed
5559,2247,164,138800000,2025-06-27,Completed
5560,2248,126,164500000,2024-04-09,Completed
5561,2249,74,259700000,2025-06-03,Completed
5562,2250,116,173900000,2024-11-05,Completed
5563,2250,116,173900000,2024-12-18,Completed
5564,2251,181,70500000,2025-03-05,Completed
5565,2251,181,70500000,2025-03-05,Completed
5566,2251,181,70500000,2025-05-18,Completed
5567,2251,181,70500000,2025-05-11,Completed
5568,2252,36,133900000,2025-01-06,Completed
5569,2252,36,133900000,2025-04-13,Completed
5570,2252,36,133900000,2025-04-22,Completed
5571,2253,73,92200000,2024-06-23,Completed
5572,2253,73,92200000,2024-11-21,Completed
5573,2253,73,92200000,2024-07-21,Completed
5574,2254,158,364200000,2026-01-02,Completed
5575,2255,92,62925000,2025-10-12,Completed
5576,2255,92,62925000,2025-08-13,Completed
5577,2255,92,62925000,2025-05-05,Completed
5578,2255,92,62925000,2025-07-27,Completed
5579,2256,125,117933333,2025-08-20,Completed
5580,2256,125,117933333,2025-09-10,Completed
5581,2256,125,117933333,2025-07-12,Completed
5582,2257,155,51400000,2025-03-14,Completed
5583,2257,155,51400000,2025-01-24,Completed
5584,2257,155,51400000,2025-04-04,Completed
5585,2258,33,151500000,2026-03-11,Completed
5586,2258,33,151500000,2025-08-21,Completed
5587,2258,33,151500000,2025-09-29,Completed
5588,2259,48,70300000,2025-02-09,Completed
5589,2259,48,70300000,2025-01-10,Completed
5590,2259,48,70300000,2025-02-17,Completed
5591,2260,5,280848788,2026-02-10,Completed
5592,2260,5,280848788,2026-06-28,Completed
5593,2261,75,390100000,2025-08-28,Completed
5594,2262,144,199609763,2025-06-29,Completed
5595,2263,67,489300000,2026-03-25,Completed
5596,2264,38,36625000,2024-10-17,Completed
5597,2264,38,36625000,2024-12-08,Completed
5598,2264,38,36625000,2025-02-20,Completed
5599,2264,38,36625000,2025-01-28,Completed
5600,2265,127,84000000,2024-09-22,Completed
5601,2265,127,84000000,2024-08-06,Completed
5602,2266,40,46366666,2025-05-07,Completed
5603,2266,40,46366666,2025-08-20,Completed
5604,2266,40,46366666,2025-11-20,Completed
5605,2267,1,46633333,2024-12-19,Completed
5606,2267,1,46633333,2024-10-25,Completed
5607,2267,1,46633333,2024-04-18,Completed
5608,2268,200,129066666,2024-05-28,Completed
5609,2268,200,129066666,2024-04-02,Completed
5610,2268,200,129066666,2024-02-22,Completed
5611,2269,130,138000000,2024-01-24,Completed
5612,2270,184,45899342,2024-12-30,Completed
5613,2270,184,45899342,2025-05-12,Completed
5614,2270,184,45899342,2025-04-13,Completed
5615,2271,136,162333333,2024-05-02,Completed
5616,2271,136,162333333,2024-04-18,Completed
5617,2271,136,162333333,2024-04-23,Completed
5618,2272,113,110500000,2025-09-16,Completed
5619,2273,151,59000000,2024-02-07,Completed
5620,2273,151,59000000,2024-05-10,Completed
5621,2274,14,381100000,2025-01-19,Completed
5622,2275,141,49966666,2024-10-29,Completed
5623,2275,141,49966666,2025-03-07,Completed
5624,2275,141,49966666,2024-10-08,Completed
5625,2276,13,111100000,2025-05-11,Completed
5626,2277,68,98100000,2025-05-27,Completed
5627,2278,75,65000000,2024-02-27,Completed
5628,2278,75,65000000,2024-05-19,Completed
5629,2279,188,71750000,2024-12-08,Completed
5630,2279,188,71750000,2024-12-17,Completed
5631,2279,188,71750000,2024-09-15,Completed
5632,2279,188,71750000,2025-03-13,Completed
5633,2280,88,101800000,2026-02-13,Completed
5634,2280,88,101800000,2026-04-23,Completed
5635,2280,88,101800000,2025-12-21,Completed
5636,2280,88,101800000,2025-10-22,Completed
5637,2281,84,80700000,2026-01-22,Completed
5638,2282,92,62900000,2024-07-26,Completed
5639,2282,92,62900000,2024-08-09,Completed
5640,2282,92,62900000,2024-10-31,Completed
5641,2283,44,57100000,2026-01-03,Completed
5642,2283,44,57100000,2026-04-17,Completed
5643,2283,44,57100000,2025-11-04,Completed
5644,2283,44,57100000,2026-04-27,Completed
5645,2284,136,193700000,2025-03-20,Completed
5646,2285,5,70450000,2025-04-04,Completed
5647,2285,5,70450000,2024-11-19,Completed
5648,2285,5,70450000,2025-03-24,Completed
5649,2285,5,70450000,2025-03-27,Completed
5650,2286,136,465000000,2025-02-10,Completed
5651,2287,27,202200000,2025-01-22,Completed
5652,2287,27,202200000,2025-01-21,Completed
5653,2288,47,264811766,2024-06-20,Completed
5654,2288,47,264811766,2024-05-31,Completed
5655,2288,47,264811766,2023-12-09,Completed
5656,2289,57,146733333,2025-01-09,Completed
5657,2289,57,146733333,2025-05-20,Completed
5658,2289,57,146733333,2025-01-29,Completed
5659,2290,10,49350000,2025-08-11,Completed
5660,2290,10,49350000,2025-06-22,Completed
5661,2290,10,49350000,2025-06-21,Completed
5662,2290,10,49350000,2026-01-16,Completed
5663,2291,97,33025000,2024-05-03,Completed
5664,2291,97,33025000,2024-01-02,Completed
5665,2291,97,33025000,2024-01-14,Completed
5666,2291,97,33025000,2024-06-20,Completed
5667,2292,164,82300000,2026-05-02,Completed
5668,2292,164,82300000,2025-10-09,Completed
5669,2293,104,145266666,2025-04-04,Completed
5670,2293,104,145266666,2024-11-19,Completed
5671,2293,104,145266666,2024-11-03,Completed
5672,2294,73,89833333,2024-12-10,Completed
5673,2294,73,89833333,2024-12-17,Completed
5674,2294,73,89833333,2025-02-22,Completed
5675,2295,49,104550000,2024-02-23,Completed
5676,2295,49,104550000,2024-08-28,Completed
5677,2296,72,95633333,2024-10-31,Completed
5678,2296,72,95633333,2024-12-04,Completed
5679,2296,72,95633333,2024-03-15,Completed
5680,2297,160,370020541,2024-12-11,Completed
5681,2298,53,322700000,2024-10-28,Completed
5682,2299,117,422000000,2024-08-22,Completed
5683,2300,13,68400000,2024-07-31,Completed
5684,2301,23,32425000,2025-11-27,Completed
5685,2301,23,32425000,2025-11-21,Completed
5686,2301,23,32425000,2026-02-13,Completed
5687,2301,23,32425000,2025-07-29,Completed
5688,2302,1,453800000,2024-11-18,Completed
5689,2303,110,393300000,2024-07-17,Completed
5690,2304,139,20700000,2024-09-05,Completed
5691,2304,139,20700000,2024-09-25,Completed
5692,2304,139,20700000,2024-06-05,Completed
5693,2305,171,177050000,2024-09-14,Completed
5694,2305,171,177050000,2025-05-13,Completed
5695,2306,77,392600000,2024-02-25,Completed
5696,2307,164,234700000,2024-07-13,Completed
5697,2307,164,234700000,2024-05-22,Completed
5698,2308,110,152866666,2025-05-03,Completed
5699,2308,110,152866666,2025-06-01,Completed
5700,2308,110,152866666,2025-04-11,Completed
5701,2309,55,25366666,2024-04-07,Completed
5702,2309,55,25366666,2024-07-29,Completed
5703,2309,55,25366666,2024-08-04,Completed
5704,2310,88,46133333,2025-05-07,Completed
5705,2310,88,46133333,2025-11-05,Completed
5706,2310,88,46133333,2025-07-21,Completed
5707,2311,107,91400000,2024-06-13,Completed
5708,2311,107,91400000,2024-06-17,Completed
5709,2312,21,114633333,2025-02-06,Completed
5710,2312,21,114633333,2024-07-17,Completed
5711,2312,21,114633333,2025-01-30,Completed
5712,2313,4,406400000,2024-07-19,Completed
5713,2314,187,292000000,2025-03-19,Completed
5714,2315,85,164533333,2024-07-21,Completed
5715,2315,85,164533333,2024-06-18,Completed
5716,2315,85,164533333,2024-10-13,Completed
5717,2316,106,374500000,2024-05-29,Completed
5718,2317,94,59500000,2025-03-23,Completed
5719,2317,94,59500000,2025-06-22,Completed
5720,2317,94,59500000,2025-06-05,Completed
5721,2318,93,44950000,2025-09-03,Completed
5722,2318,93,44950000,2025-06-19,Completed
5723,2319,187,17200000,2024-10-21,Completed
5724,2319,187,17200000,2024-05-04,Completed
5725,2319,187,17200000,2024-09-23,Completed
5726,2320,153,89600000,2023-12-28,Completed
5727,2320,153,89600000,2024-08-15,Completed
5728,2320,153,89600000,2024-06-01,Completed
5729,2320,153,89600000,2024-05-25,Completed
5730,2321,195,55600000,2025-03-16,Completed
5731,2321,195,55600000,2025-02-02,Completed
5732,2321,195,55600000,2025-03-24,Completed
5733,2322,64,433900000,2025-06-27,Completed
5734,2323,39,83566666,2026-01-29,Completed
5735,2323,39,83566666,2025-11-10,Completed
5736,2323,39,83566666,2025-09-24,Completed
5737,2324,87,400500000,2025-09-26,Completed
5738,2325,113,392400000,2025-04-15,Completed
5739,2326,141,55350000,2025-11-19,Completed
5740,2326,141,55350000,2025-08-21,Completed
5741,2327,25,17400000,2025-05-08,Completed
5742,2327,25,17400000,2025-07-14,Completed
5743,2327,25,17400000,2025-05-29,Completed
5744,2327,25,17400000,2025-04-03,Completed
5745,2328,94,75400000,2024-12-09,Completed
5746,2328,94,75400000,2025-02-18,Completed
5747,2329,49,76900000,2024-06-12,Completed
5748,2329,49,76900000,2024-07-14,Completed
5749,2329,49,76900000,2024-07-23,Completed
5750,2330,161,210750000,2024-09-05,Completed
5751,2330,161,210750000,2024-06-10,Completed
5752,2331,181,102050000,2025-09-10,Completed
5753,2331,181,102050000,2025-06-14,Completed
5754,2331,181,102050000,2025-05-03,Completed
5755,2331,181,102050000,2025-10-31,Completed
5756,2332,81,113025000,2025-01-12,Completed
5757,2332,81,113025000,2024-12-07,Completed
5758,2332,81,113025000,2024-07-21,Completed
5759,2332,81,113025000,2024-12-06,Completed
5760,2333,149,32625000,2025-07-29,Completed
5761,2333,149,32625000,2025-04-23,Completed
5762,2333,149,32625000,2025-09-06,Completed
5763,2333,149,32625000,2025-08-19,Completed
5764,2334,176,414600000,2024-05-24,Completed
5765,2335,133,76900000,2025-08-17,Completed
5766,2335,133,76900000,2025-07-08,Completed
5767,2335,133,76900000,2025-08-14,Completed
5768,2336,10,156266666,2026-01-02,Completed
5769,2336,10,156266666,2026-02-12,Completed
5770,2336,10,156266666,2025-10-08,Completed
5771,2337,60,81550000,2025-03-11,Completed
5772,2337,60,81550000,2024-12-25,Completed
5773,2338,3,83550000,2024-11-29,Completed
5774,2338,3,83550000,2025-07-29,Completed
5775,2339,87,155850000,2025-12-06,Completed
5776,2339,87,155850000,2025-12-12,Completed
5777,2340,107,296700000,2024-05-02,Completed
5778,2341,156,289700000,2025-01-12,Completed
5779,2342,95,162100000,2025-02-18,Completed
5780,2343,3,241950000,2024-08-14,Completed
5781,2343,3,241950000,2024-07-19,Completed
5782,2344,73,77350000,2024-11-23,Completed
5783,2344,73,77350000,2024-04-16,Completed
5784,2344,73,77350000,2024-10-29,Completed
5785,2344,73,77350000,2024-07-19,Completed
5786,2345,128,498109530,2025-09-22,Completed
5787,2346,148,76800000,2024-12-26,Completed
5788,2346,148,76800000,2024-12-30,Completed
5789,2347,88,17175000,2024-10-14,Completed
5790,2347,88,17175000,2024-03-16,Completed
5791,2347,88,17175000,2024-05-17,Completed
5792,2347,88,17175000,2024-08-15,Completed
5793,2348,6,128700000,2024-11-05,Completed
5794,2348,6,128700000,2025-08-07,Completed
5795,2349,135,47700000,2025-06-04,Completed
5796,2349,135,47700000,2026-01-31,Completed
5797,2349,135,47700000,2025-08-06,Completed
5798,2350,73,113400000,2026-03-11,Completed
5799,2351,35,493000000,2025-11-01,Completed
5800,2352,99,33366666,2025-10-22,Completed
5801,2352,99,33366666,2025-10-12,Completed
5802,2352,99,33366666,2025-12-14,Completed
5803,2353,21,103200000,2026-01-07,Completed
5804,2353,21,103200000,2025-10-13,Completed
5805,2354,191,28133333,2024-01-04,Completed
5806,2354,191,28133333,2024-06-23,Completed
5807,2354,191,28133333,2024-09-16,Completed
5808,2355,187,249800000,2025-01-09,Completed
5809,2355,187,249800000,2024-07-09,Completed
5810,2356,130,148733333,2024-09-26,Completed
5811,2356,130,148733333,2024-07-23,Completed
5812,2356,130,148733333,2024-08-10,Completed
5813,2357,7,29925000,2025-10-02,Completed
5814,2357,7,29925000,2025-12-25,Completed
5815,2357,7,29925000,2025-07-15,Completed
5816,2357,7,29925000,2025-07-13,Completed
5817,2358,17,146766666,2024-07-06,Completed
5818,2358,17,146766666,2024-01-20,Completed
5819,2358,17,146766666,2024-04-14,Completed
5820,2359,57,122900000,2024-01-28,Completed
5821,2359,57,122900000,2024-08-18,Completed
5822,2359,57,122900000,2024-05-20,Completed
5823,2359,57,122900000,2024-03-18,Completed
5824,2360,194,281200000,2024-06-20,Completed
5825,2361,191,26125000,2025-05-13,Completed
5826,2361,191,26125000,2025-07-13,Completed
5827,2361,191,26125000,2025-06-11,Completed
5828,2361,191,26125000,2025-01-20,Completed
5829,2362,83,27600000,2024-06-29,Completed
5830,2362,83,27600000,2024-02-05,Completed
5831,2363,115,258900000,2025-07-01,Completed
5832,2364,147,99825000,2025-09-28,Completed
5833,2364,147,99825000,2025-06-26,Completed
5834,2364,147,99825000,2026-03-24,Completed
5835,2364,147,99825000,2026-04-07,Completed
5836,2365,124,212050000,2025-10-08,Completed
5837,2365,124,212050000,2025-10-04,Completed
5838,2366,102,41200000,2025-07-03,Completed
5839,2366,102,41200000,2025-03-24,Completed
5840,2366,102,41200000,2025-04-24,Completed
5841,2366,102,41200000,2025-03-28,Completed
5842,2367,119,55300000,2024-05-08,Completed
5843,2367,119,55300000,2024-08-18,Completed
5844,2367,119,55300000,2024-03-31,Completed
5845,2368,59,104050000,2025-04-04,Completed
5846,2368,59,104050000,2025-10-03,Completed
5847,2368,59,104050000,2025-03-29,Completed
5848,2368,59,104050000,2025-08-13,Completed
5849,2369,194,84150000,2024-07-21,Completed
5850,2369,194,84150000,2024-03-12,Completed
5851,2369,194,84150000,2024-09-01,Completed
5852,2369,194,84150000,2024-11-15,Completed
5853,2370,197,31550000,2025-03-19,Completed
5854,2370,197,31550000,2025-01-04,Completed
5855,2371,148,105350000,2024-03-24,Completed
5856,2371,148,105350000,2024-03-04,Completed
5857,2372,44,212850000,2025-07-07,Completed
5858,2372,44,212850000,2024-12-29,Completed
5859,2373,131,117600000,2024-07-04,Completed
5860,2374,15,98300000,2024-03-28,Completed
5861,2374,15,98300000,2024-07-14,Completed
5862,2374,15,98300000,2024-01-16,Completed
5863,2374,15,98300000,2024-02-12,Completed
5864,2375,110,115350000,2026-04-20,Completed
5865,2375,110,115350000,2026-06-27,Completed
5866,2376,10,190000000,2024-06-27,Completed
5867,2376,10,190000000,2025-02-08,Completed
5868,2377,172,34350000,2024-09-12,Completed
5869,2377,172,34350000,2025-05-14,Completed
5870,2378,143,245650000,2026-04-18,Completed
5871,2378,143,245650000,2025-10-10,Completed
5872,2379,128,39050000,2024-10-06,Completed
5873,2379,128,39050000,2025-07-02,Completed
5874,2380,138,21433333,2024-09-09,Completed
5875,2380,138,21433333,2024-08-03,Completed
5876,2380,138,21433333,2024-07-01,Completed
5877,2381,47,48350000,2025-10-26,Completed
5878,2381,47,48350000,2025-12-17,Completed
5879,2382,111,60500000,2025-06-14,Completed
5880,2383,11,104000000,2024-07-26,Completed
5881,2384,123,160466666,2025-05-14,Completed
5882,2384,123,160466666,2025-09-29,Completed
5883,2384,123,160466666,2026-01-14,Completed
5884,2385,64,59625000,2024-07-07,Completed
5885,2385,64,59625000,2024-07-11,Completed
5886,2385,64,59625000,2024-01-21,Completed
5887,2385,64,59625000,2024-04-09,Completed
5888,2386,123,1002044396,2024-07-27,Completed
5889,2387,17,130000000,2024-11-07,Completed
5890,2387,17,130000000,2024-11-15,Completed
5891,2388,135,249650000,2025-04-27,Completed
5892,2388,135,249650000,2025-11-30,Completed
5893,2389,85,54733333,2025-02-10,Completed
5894,2389,85,54733333,2025-07-05,Completed
5895,2389,85,54733333,2025-03-30,Completed
5896,2390,167,18375000,2026-04-18,Completed
5897,2390,167,18375000,2025-10-05,Completed
5898,2390,167,18375000,2026-05-03,Completed
5899,2390,167,18375000,2026-04-26,Completed
5900,2391,33,128366666,2025-08-31,Completed
5901,2391,33,128366666,2025-10-02,Completed
5902,2391,33,128366666,2026-03-10,Completed
5903,2392,66,47700000,2026-05-31,Completed
5904,2392,66,47700000,2026-07-06,Completed
5905,2392,66,47700000,2026-07-06,Completed
5906,2392,66,47700000,2025-10-21,Completed
5907,2393,66,60050000,2024-01-23,Completed
5908,2393,66,60050000,2024-07-27,Completed
5909,2394,114,429900000,2024-10-21,Completed
5910,2395,4,43675000,2025-08-14,Completed
5911,2395,4,43675000,2025-03-28,Completed
5912,2395,4,43675000,2025-12-22,Completed
5913,2395,4,43675000,2025-06-20,Completed
5914,2396,187,309700000,2024-09-09,Completed
5915,2397,103,320000000,2025-06-28,Completed
5916,2398,49,126000000,2025-11-02,Completed
5917,2399,166,28566666,2024-10-15,Completed
5918,2399,166,28566666,2025-04-08,Completed
5919,2399,166,28566666,2025-02-28,Completed
5920,2400,134,45350000,2024-07-21,Completed
5921,2400,134,45350000,2024-04-21,Completed
5922,2401,88,328400000,2024-09-27,Completed
5923,2402,152,189450000,2025-07-06,Completed
5924,2402,152,189450000,2025-08-09,Completed
5925,2403,178,15700000,2025-08-15,Completed
5926,2403,178,15700000,2025-05-17,Completed
5927,2403,178,15700000,2025-07-15,Completed
5928,2403,178,15700000,2025-09-17,Completed
5929,2404,63,54566666,2025-09-27,Completed
5930,2404,63,54566666,2026-01-23,Completed
5931,2404,63,54566666,2025-10-22,Completed
5932,2405,57,31325000,2025-04-19,Completed
5933,2405,57,31325000,2025-05-09,Completed
5934,2405,57,31325000,2025-06-23,Completed
5935,2405,57,31325000,2025-02-20,Completed
5936,2406,17,164866666,2025-03-02,Completed
5937,2406,17,164866666,2025-05-02,Completed
5938,2406,17,164866666,2025-02-13,Completed
5939,2407,44,69975000,2024-08-16,Completed
5940,2407,44,69975000,2024-11-06,Completed
5941,2407,44,69975000,2024-05-28,Completed
5942,2407,44,69975000,2024-07-03,Completed
5943,2408,161,169650000,2024-09-02,Completed
5944,2408,161,169650000,2024-10-12,Completed
5945,2409,168,73875000,2025-06-11,Completed
5946,2409,168,73875000,2025-04-16,Completed
5947,2409,168,73875000,2025-07-07,Completed
5948,2409,168,73875000,2025-06-10,Completed
5949,2410,156,124800000,2024-03-16,Completed
5950,2410,156,124800000,2024-04-10,Completed
5951,2411,125,241829427,2026-01-23,Completed
5952,2411,125,241829427,2025-09-12,Completed
5953,2411,125,241829427,2026-02-13,Completed
5954,2412,65,378400000,2025-10-20,Completed
5955,2413,3,105300000,2025-04-18,Completed
5956,2413,3,105300000,2024-10-22,Completed
5957,2414,47,13475000,2024-03-31,Completed
5958,2414,47,13475000,2024-07-10,Completed
5959,2414,47,13475000,2024-11-02,Completed
5960,2414,47,13475000,2024-07-18,Completed
5961,2415,79,52866666,2025-06-02,Completed
5962,2415,79,52866666,2025-08-24,Completed
5963,2415,79,52866666,2026-03-05,Completed
5964,2416,175,110433333,2025-05-25,Completed
5965,2416,175,110433333,2025-10-08,Completed
5966,2416,175,110433333,2026-02-22,Completed
5967,2417,168,141400000,2024-08-18,Completed
5968,2418,55,106850000,2025-02-02,Completed
5969,2418,55,106850000,2025-04-26,Completed
5970,2418,55,106850000,2024-12-27,Completed
5971,2418,55,106850000,2024-11-27,Completed
5972,2419,187,112233333,2025-06-28,Completed
5973,2419,187,112233333,2024-12-10,Completed
5974,2419,187,112233333,2024-12-31,Completed
5975,2420,135,149650000,2025-08-25,Completed
5976,2420,135,149650000,2025-01-21,Completed
5977,2421,188,247700000,2025-04-15,Completed
5978,2421,188,247700000,2025-01-07,Completed
5979,2422,48,219800000,2025-05-25,Completed
5980,2422,48,219800000,2025-02-28,Completed
5981,2423,199,117700000,2025-05-06,Completed
5982,2423,199,117700000,2025-01-07,Completed
5983,2423,199,117700000,2024-10-25,Completed
5984,2423,199,117700000,2024-11-17,Completed
5985,2424,181,82333333,2023-12-31,Completed
5986,2424,181,82333333,2024-07-04,Completed
5987,2424,181,82333333,2024-08-02,Completed
5988,2425,155,123050000,2026-05-03,Completed
5989,2425,155,123050000,2026-01-14,Completed
5990,2425,155,123050000,2025-11-10,Completed
5991,2425,155,123050000,2025-12-17,Completed
5992,2426,178,161666666,2025-05-06,Completed
5993,2426,178,161666666,2025-02-14,Completed
5994,2426,178,161666666,2024-10-07,Completed
5995,2427,20,117500000,2025-05-10,Completed
5996,2427,20,117500000,2025-06-30,Completed
5997,2427,20,117500000,2026-01-25,Completed
5998,2428,79,45900000,2026-01-10,Completed
5999,2428,79,45900000,2025-12-08,Completed
6000,2428,79,45900000,2026-01-22,Completed
6001,2429,175,46733333,2025-06-27,Completed
6002,2429,175,46733333,2025-05-25,Completed
6003,2429,175,46733333,2025-03-30,Completed
6004,2430,41,253700000,2025-01-10,Completed
6005,2431,94,446200000,2025-07-16,Completed
6006,2432,156,144366666,2024-01-24,Completed
6007,2432,156,144366666,2024-08-10,Completed
6008,2432,156,144366666,2024-04-10,Completed
6009,2433,162,165983324,2025-02-11,Completed
6010,2433,162,165983324,2025-02-12,Completed
6011,2434,3,187600000,2025-01-11,Completed
6012,2434,3,187600000,2025-09-19,Completed
6013,2435,48,162100000,2025-02-07,Completed
6014,2436,87,355600000,2024-12-27,Completed
6015,2437,102,476500000,2025-11-27,Completed
6016,2438,57,47325000,2025-08-01,Completed
6017,2438,57,47325000,2025-11-06,Completed
6018,2438,57,47325000,2025-08-01,Completed
6019,2438,57,47325000,2025-11-24,Completed
6020,2439,78,91233333,2025-11-18,Completed
6021,2439,78,91233333,2025-07-24,Completed
6022,2439,78,91233333,2026-03-20,Completed
6023,2440,42,267218924,2024-04-06,Completed
6024,2440,42,267218924,2024-02-14,Completed
6025,2440,42,267218924,2024-02-02,Completed
6026,2440,42,267218924,2024-06-17,Completed
6027,2441,154,140000000,2024-09-27,Completed
6028,2441,154,140000000,2024-07-14,Completed
6029,2442,72,173100000,2024-01-30,Completed
6030,2442,72,173100000,2024-07-07,Completed
6031,2443,166,57400000,2025-01-02,Completed
6032,2444,80,117000000,2026-06-01,Completed
6033,2444,80,117000000,2025-12-31,Completed
6034,2444,80,117000000,2025-10-21,Completed
6035,2444,80,117000000,2025-10-19,Completed
6036,2445,52,116100000,2024-10-04,Completed
6037,2446,185,90100000,2023-11-29,Completed
6038,2446,185,90100000,2024-01-07,Completed
6039,2446,185,90100000,2024-01-25,Completed
6040,2447,143,38633333,2024-03-19,Completed
6041,2447,143,38633333,2024-05-12,Completed
6042,2447,143,38633333,2024-06-10,Completed
6043,2448,158,81800000,2025-07-23,Completed
6044,2448,158,81800000,2025-08-28,Completed
6045,2448,158,81800000,2025-01-25,Completed
6046,2448,158,81800000,2025-04-15,Completed
6047,2449,120,41450000,2024-06-30,Completed
6048,2449,120,41450000,2024-07-14,Completed
6049,2449,120,41450000,2024-11-28,Completed
6050,2449,120,41450000,2024-11-18,Completed
6051,2450,93,177450000,2025-09-30,Completed
6052,2450,93,177450000,2025-09-20,Completed
6053,2451,41,61933333,2025-03-02,Completed
6054,2451,41,61933333,2024-09-24,Completed
6055,2451,41,61933333,2025-01-21,Completed
6056,2452,84,181150000,2024-07-13,Completed
6057,2452,84,181150000,2024-12-11,Completed
6058,2453,54,390800000,2025-12-28,Completed
6059,2454,144,35575000,2025-08-10,Completed
6060,2454,144,35575000,2025-11-24,Completed
6061,2454,144,35575000,2025-09-07,Completed
6062,2454,144,35575000,2025-12-27,Completed
6063,2455,18,92000000,2025-08-03,Completed
6064,2455,18,92000000,2025-07-20,Completed
6065,2455,18,92000000,2024-11-26,Completed
6066,2455,18,92000000,2025-03-05,Completed
6067,2456,145,26200000,2024-09-20,Completed
6068,2456,145,26200000,2024-06-23,Completed
6069,2457,99,168700000,2024-10-30,Completed
6070,2458,87,69875000,2024-12-26,Completed
6071,2458,87,69875000,2024-11-30,Completed
6072,2458,87,69875000,2024-11-23,Completed
6073,2458,87,69875000,2025-07-18,Completed
6074,2459,43,443000000,2024-10-24,Completed
6075,2460,14,108033333,2024-08-12,Completed
6076,2460,14,108033333,2024-05-05,Completed
6077,2460,14,108033333,2024-07-28,Completed
6078,2461,50,34300000,2025-12-28,Completed
6079,2461,50,34300000,2026-02-08,Completed
6080,2461,50,34300000,2026-01-08,Completed
6081,2461,50,34300000,2026-03-31,Completed
6082,2462,172,19233333,2025-12-04,Completed
6083,2462,172,19233333,2025-09-11,Completed
6084,2462,172,19233333,2025-06-27,Completed
6085,2463,93,106900000,2025-04-15,Completed
6086,2463,93,106900000,2025-08-14,Completed
6087,2463,93,106900000,2025-03-07,Completed
6088,2463,93,106900000,2025-08-16,Completed
6089,2464,107,465400000,2024-06-12,Completed
6090,2465,168,182432153,2025-01-25,Completed
6091,2465,168,182432153,2025-01-16,Completed
6092,2465,168,182432153,2024-12-18,Completed
6093,2466,108,82766666,2024-12-03,Completed
6094,2466,108,82766666,2024-08-06,Completed
6095,2466,108,82766666,2024-08-11,Completed
6096,2467,200,146700000,2025-06-10,Completed
6097,2467,200,146700000,2025-08-23,Completed
6098,2467,200,146700000,2025-05-21,Completed
6099,2468,160,166333333,2025-07-08,Completed
6100,2468,160,166333333,2025-06-05,Completed
6101,2468,160,166333333,2025-06-01,Completed
6102,2469,70,35700000,2024-12-15,Completed
6103,2469,70,35700000,2024-04-08,Completed
6104,2469,70,35700000,2024-07-13,Completed
6105,2470,179,199200000,2025-01-07,Completed
6106,2471,53,87166666,2025-04-06,Completed
6107,2471,53,87166666,2025-02-22,Completed
6108,2471,53,87166666,2024-12-13,Completed
6109,2472,134,14275000,2026-06-05,Completed
6110,2472,134,14275000,2026-03-03,Completed
6111,2472,134,14275000,2025-10-05,Completed
6112,2472,134,14275000,2026-04-19,Completed
6113,2473,20,80500000,2025-09-17,Completed
6114,2473,20,80500000,2026-03-16,Completed
6115,2474,30,241865726,2024-06-23,Completed
6116,2474,30,241865726,2024-10-22,Completed
6117,2474,30,241865726,2024-11-03,Completed
6118,2474,30,241865726,2024-03-31,Completed
6119,2475,148,96866666,2025-12-04,Completed
6120,2475,148,96866666,2025-12-24,Completed
6121,2475,148,96866666,2025-12-24,Completed
6122,2476,192,50100000,2026-05-06,Completed
6123,2476,192,50100000,2026-03-05,Completed
6124,2477,91,101300000,2025-03-06,Completed
6125,2477,91,101300000,2025-01-01,Completed
6126,2477,91,101300000,2025-03-07,Completed
6127,2478,82,18633333,2024-11-25,Completed
6128,2478,82,18633333,2024-12-09,Completed
6129,2478,82,18633333,2025-06-30,Completed
6130,2479,188,274400000,2024-07-09,Completed
6131,2480,186,103850000,2025-02-13,Completed
6132,2480,186,103850000,2025-02-26,Completed
6133,2481,128,466600000,2025-02-11,Completed
6134,2482,177,198400000,2024-07-24,Completed
6135,2483,63,181300000,2024-07-28,Completed
6136,2483,63,181300000,2024-10-28,Completed
6137,2484,146,146795912,2024-09-18,Completed
6138,2484,146,146795912,2025-01-06,Completed
6139,2485,40,145400000,2024-06-12,Completed
6140,2485,40,145400000,2024-08-22,Completed
6141,2486,137,157933333,2024-07-28,Completed
6142,2486,137,157933333,2024-12-10,Completed
6143,2486,137,157933333,2024-10-19,Completed
6144,2487,188,101825000,2025-04-07,Completed
6145,2487,188,101825000,2025-02-28,Completed
6146,2487,188,101825000,2025-01-01,Completed
6147,2487,188,101825000,2025-02-26,Completed
6148,2488,72,121433333,2025-03-11,Completed
6149,2488,72,121433333,2024-09-27,Completed
6150,2488,72,121433333,2025-05-05,Completed
6151,2489,127,22566666,2024-07-27,Completed
6152,2489,127,22566666,2024-11-10,Completed
6153,2489,127,22566666,2024-03-14,Completed
6154,2490,112,395600000,2024-07-17,Completed
6155,2491,141,159466666,2025-08-09,Completed
6156,2491,141,159466666,2025-05-30,Completed
6157,2491,141,159466666,2025-12-28,Completed
6158,2492,160,68750000,2025-09-22,Completed
6159,2492,160,68750000,2025-12-02,Completed
6160,2492,160,68750000,2025-10-21,Completed
6161,2492,160,68750000,2025-10-19,Completed
6162,2493,66,424300000,2026-01-25,Completed
6163,2494,8,39066666,2026-03-18,Completed
6164,2494,8,39066666,2025-09-22,Completed
6165,2494,8,39066666,2026-01-20,Completed
6166,2495,106,12500000,2025-02-11,Completed
6167,2495,106,12500000,2025-03-22,Completed
6168,2495,106,12500000,2025-08-16,Completed
6169,2495,106,12500000,2025-10-10,Completed
6170,2496,56,54350000,2026-06-03,Completed
6171,2496,56,54350000,2026-02-26,Completed
6172,2496,56,54350000,2025-09-21,Completed
6173,2496,56,54350000,2026-02-01,Completed
6174,2497,172,96150000,2025-08-31,Completed
6175,2497,172,96150000,2025-08-15,Completed
6176,2497,172,96150000,2025-04-01,Completed
6177,2497,172,96150000,2025-05-17,Completed
6178,2498,106,54500000,2026-01-26,Completed
6179,2498,106,54500000,2026-03-26,Completed
6180,2499,197,78250000,2024-10-29,Completed
6181,2499,197,78250000,2024-07-11,Completed
6182,2500,20,358300000,2026-06-01,Completed
