work_id,work_id_raw,mp_id,ida_id,category,description,recommended_amount,recommendation_date
1,HEA-14-2023-0001,9,18,Health,Construction of health facility at Lalla Ganj,496400000,2025-05-04
2,HEA-19-2023-0002,14,7,Health,Construction of health facility at Hora,325700000,2024-07-27
3,ROA-20-2023-0003,15,19,Roads,Construction of roads facility at Kar Zila,346200000,2025-01-16
4,RAI-9-2023-0004,4,11,Railways,Construction of railways facility at Lata Street,348800000,2025-06-04
5,ROA-24-2023-0005,19,19,Roads,Construction of roads facility at Bora Street,229900000,2023-10-17
6,EDU-26-2023-0006,21,10,Education,Construction of education facility at Mohanty Street,222800000,2024-12-06
7,ROA-13-2023-0007,8,18,Roads,Construction of roads facility at Mani,164300000,2024-08-07
8,EDU-30-2023-0008,25,8,Education,Construction of education facility at Sidhu Zila,175200000,2025-02-16
9,DRI-30-2023-0009,25,17,Drinking Water,Construction of drinking water facility at Rau Road,143800000,2024-03-30
10,DRI-19-2023-0010,14,1,Drinking Water,Construction of drinking water facility at Zacharia Circle,265700000,2024-09-18
11,ELE-27-2023-0011,22,1,Electricity,Construction of electricity facility at Buch Chowk,356300000,2024-12-08
12,ROA-18-2023-0012,13,2,Roads,Construction of roads facility at Sankaran Nagar,246100000,2025-03-24
13,ELE-10-2023-0013,5,6,Electricity,Construction of electricity facility at Krishna Path,439300000,2023-09-21
14,RAI-23-2023-0014,18,5,Railways,Construction of railways facility at Karnik Zila,473900000,2025-02-05
15,DRI-14-2023-0015,9,11,Drinking Water,Construction of drinking water facility at Bail,237500000,2025-04-17
16,ELE-10-2023-0016,5,8,Electricity,Construction of electricity facility at Baria Road,437200000,2025-04-15
17,RAI-17-2023-0017,12,19,Railways,Construction of railways facility at Singhal Street,94300000,2024-10-08
18,HEA-25-2023-0018,20,8,Health,Construction of health facility at Mall Chowk,489300000,2024-01-19
19,DRI-12-2023-0019,7,13,Drinking Water,Construction of drinking water facility at Sarin,126400000,2025-01-06
20,SPO-30-2023-0020,25,1,Sports,Construction of sports facility at Chand Chowk,267200000,2024-08-31
21,DRI-24-2023-0021,19,17,Drinking Water,Construction of drinking water facility at Rege Path,494100000,2024-05-16
22,EDU-29-2023-0022,24,4,Education,Construction of education facility at Cheema Path,105600000,2025-06-28
23,SAN-21-2023-0023,16,4,Sanitation,Construction of sanitation facility at Narayan Street,263600000,2024-07-16
24,EDU-7-2023-0024,2,6,Education,Construction of education facility at Mani Chowk,110000000,2025-01-27
25,RAI-29-2023-0025,24,10,Railways,Construction of railways facility at Bansal Marg,495000000,2024-08-19
26,EDU-15-2023-0026,10,14,Education,Construction of education facility at Murty Zila,160000000,2024-03-15
27,ROA-9-2023-0027,4,7,Roads,Construction of roads facility at D’Alia Path,464000000,2025-04-23
28,ELE-22-2023-0028,17,11,Electricity,Construction of electricity facility at Varkey Marg,264500000,2025-06-02
29,DRI-7-2023-0029,2,17,Drinking Water,Construction of drinking water facility at Shere Nagar,352400000,2024-07-17
30,HEA-28-2023-0030,23,15,Health,Construction of health facility at Guha Nagar,254400000,2024-10-07
31,SAN-8-2023-0031,3,17,Sanitation,Construction of sanitation facility at Tara Path,387200000,2024-12-29
32,RAI-30-2023-0032,25,19,Railways,Construction of railways facility at Behl Chowk,336400000,2024-02-06
33,ROA-8-2023-0033,3,9,Roads,Construction of roads facility at Deep Road,337600000,2025-08-21
34,ROA-20-2023-0034,15,13,Roads,Construction of roads facility at Sarma Road,81300000,2025-07-16
35,DRI-11-2023-0035_Drinking Water,6,4,Drinking Water,Construction of drinking water facility at Dara Chowk,407200000,2023-09-23
36,SAN-8-2023-0036,3,16,Sanitation,Construction of sanitation facility at Khatri,307100000,2025-03-05
37,SPO-25-2023-0037,20,11,Sports,Construction of sports facility at Mukhopadhyay Street,360500000,2024-11-01
38,SAN-7-2023-0038,2,16,Sanitation,Construction of sanitation facility at Reddy Nagar,430900000,2023-11-12
39,HEA-29-2023-0039,24,11,Health,Construction of health facility at Comar Ganj,304200000,2024-08-24
40,EDU-17-2023-0040,12,14,Education,Construction of education facility at Dube Zila,423000000,2024-09-22
41,EDU-23-2023-0041,18,11,Education,Construction of education facility at Upadhyay Road,398200000,2025-03-01
42,SAN-28-2023-0042,23,15,Sanitation,Construction of sanitation facility at Sagar Road,412500000,2025-06-10
43,ROA-26-2023-0043,21,5,Roads,Construction of roads facility at Sodhi Chowk,477000000,2024-03-08
44,SAN-15-2023-0044,10,18,Sanitation,Construction of sanitation facility at Dhillon Chowk,311900000,2024-06-24
45,SPO-24-2023-0045,19,2,Sports,Construction of sports facility at Trivedi Ganj,101000000,2025-04-02
46,SPO-14-2023-0046,9,15,Sports,Construction of sports facility at Boase Street,393200000,2024-04-02
47,RAI-7-2023-0047,2,19,Railways,Construction of railways facility at Oak Marg,73700000,2025-08-26
48,SPO-13-2023-0048,8,12,Sports,Construction of sports facility at Loke Circle,72200000,2025-05-30
49,SAN-11-2023-0049,6,20,Sanitation,Construction of sanitation facility at Mandal Nagar,360500000,2025-03-17
50,SAN-13-2023-0050,8,2,Sanitation,Construction of sanitation facility at Suri Road,233600000,2025-07-04
51,ELE-15-2023-0051,10,6,Electricity,Construction of electricity facility at Sekhon Street,245400000,2024-10-23
52,EDU-9-2023-0052,4,6,Education,Construction of education facility at Pai Chowk,184100000,2024-05-16
53,HEA-22-2023-0053,17,6,Health,Construction of health facility at Purohit Circle,133400000,2024-08-19
54,SAN-30-2023-0054,25,17,Sanitation,Construction of sanitation facility at Gulati Path,106400000,2025-02-23
55,ROA-12-2023-0055,7,16,Roads,Construction of roads facility at Rajagopal Ganj,490800000,2024-02-29
56,RAI-23-2023-0056,18,14,Railways,Construction of railways facility at Bassi Marg,249700000,2024-05-05
57,HEA-30-2023-0057,25,14,Health,Construction of health facility at Raj Chowk,340600000,2024-06-26
58,SPO-6-2023-0058,1,17,Sports,Construction of sports facility at Tandon Street,450200000,2023-09-29
59,HEA-13-2023-0059,8,17,Health,Construction of health facility at Thakkar Street,300800000,2024-12-02
60,ROA-9-2023-0060,4,19,Roads,Construction of roads facility at Chaudhry Path,238800000,2025-07-11
61,ROA-27-2023-0061,22,15,Roads,Construction of roads facility at Chaudhry Chowk,132300000,2024-10-13
62,DRI-30-2023-0062,25,1,Drinking Water,Construction of drinking water facility at Aurora Chowk,289300000,2025-03-15
63,DRI-6-2023-0063,1,13,Drinking Water,Construction of drinking water facility at Rout Street,256800000,2025-07-08
64,ROA-21-2023-0064,16,1,Roads,Construction of roads facility at Borde Street,119700000,2024-08-30
65,SPO-14-2023-0065,9,6,Sports,Construction of sports facility at Nigam Road,300100000,2024-12-28
66,HEA-14-2023-0066,9,16,Health,Construction of health facility at Buch Marg,192300000,2025-06-23
67,ROA-19-2023-0067,14,19,Roads,Construction of roads facility at Walla Path,421900000,2024-06-22
68,ROA-17-2023-0068,12,12,Roads,Construction of roads facility at Sura Path,166500000,2025-07-09
69,ROA-19-2023-0069,14,11,Roads,Construction of roads facility at Banik Circle,459900000,2024-12-23
70,EDU-9-2023-0070,4,6,Education,Construction of education facility at Keer Zila,237500000,2025-01-03
71,RAI-24-2023-0071,19,4,Railways,Construction of railways facility at Karan Road,277800000,2025-04-03
72,ELE-25-2023-0072,20,2,Electricity,Construction of electricity facility at Saraf Zila,320100000,2023-11-16
73,SPO-11-2023-0073,6,6,Sports,Construction of sports facility at Sawhney Zila,471500000,2024-01-08
74,RAI-6-2023-0074,1,9,Railways,Construction of railways facility at Balakrishnan Road,92200000,2023-10-06
75,SPO-21-2023-0075,16,20,Sports,Construction of sports facility at Bhalla Path,126300000,2024-04-15
76,RAI-22-2023-0076,17,18,Railways,Construction of railways facility at Prasad Path,436800000,2024-07-31
77,SPO-30-2023-0077,25,4,Sports,Construction of sports facility at Konda Street,328400000,2024-10-17
78,SPO-15-2023-0078,10,13,Sports,Construction of sports facility at Gole Marg,423000000,2024-01-11
79,RAI-28-2023-0079,23,20,Railways,Construction of railways facility at Brar Street,362300000,2024-12-17
80,SAN-20-2023-0080,15,1,Sanitation,Construction of sanitation facility at Khosla Marg,132200000,2024-09-21
81,ROA-18-2023-0081,13,1,Roads,Construction of roads facility at Dhar,327300000,2024-02-28
82,DRI-10-2023-0082,5,13,Drinking Water,Construction of drinking water facility at Kumar Chowk,106000000,2024-08-22
83,EDU-19-2023-0083,14,8,Education,Construction of education facility at Andra Road,413400000,2025-07-30
84,SPO-22-2023-0084,17,5,Sports,Construction of sports facility at Mani Chowk,169200000,2025-02-08
85,SPO-12-2023-0085,7,14,Sports,Construction of sports facility at Dugar Circle,247200000,2023-10-28
86,ELE-14-2023-0086,9,14,Electricity,Construction of electricity facility at Pai Chowk,110500000,2024-11-30
87,RAI-23-2023-0087,18,7,Railways,Construction of railways facility at Samra Road,137300000,2025-02-18
88,DRI-22-2023-0088,17,14,Drinking Water,Construction of drinking water facility at Shan Road,456900000,2025-06-18
89,ELE-27-2023-0089,22,8,Electricity,Construction of electricity facility at Issac Road,129500000,2024-06-25
90,ELE-16-2023-0090,11,15,Electricity,Construction of electricity facility at Chhabra Chowk,214400000,2024-03-03
91,SAN-21-2023-0091,16,18,Sanitation,Construction of sanitation facility at Parmer Marg,144300000,2024-11-20
92,EDU-9-2023-0092,4,7,Education,Construction of education facility at Merchant Road,422500000,2023-09-18
93,SAN-15-2023-0093,10,19,Sanitation,Construction of sanitation facility at Maharaj Marg,231300000,2023-09-07
94,DRI-23-2023-0094,18,20,Drinking Water,Construction of drinking water facility at Bawa,299300000,2025-08-08
95,SPO-16-2023-0095,11,20,Sports,Construction of sports facility at Taneja,176500000,2025-06-08
96,EDU-10-2023-0096,5,7,Education,Construction of education facility at Karpe Road,350900000,2024-12-15
97,EDU-22-2023-0097,17,17,Education,Construction of education facility at Kanda Path,422500000,2025-01-07
98,HEA-17-2023-0098,12,5,Health,Construction of health facility at Krishna Ganj,106200000,2025-02-08
99,ELE-13-2023-0099,8,18,Electricity,Construction of electricity facility at Chatterjee Street,156400000,2025-08-02
100,HEA-29-2023-0100_Health,24,6,Health,Construction of health facility at More Nagar,315200000,2025-05-05
101,EDU-29-2023-0101,24,9,Education,Construction of education facility at Bandi Chowk,420200000,2024-11-24
102,EDU-27-2023-0102,22,6,Education,Construction of education facility at Deep Path,451600000,2023-11-10
103,SAN-7-2023-0103,2,19,Sanitation,Construction of sanitation facility at Narain Road,362000000,2025-04-03
104,RAI-27-2023-0104,22,19,Railways,Construction of railways facility at Gill Marg,376600000,2024-02-03
105,EDU-12-2023-0105,7,17,Education,Construction of education facility at Zacharia Street,126300000,2025-07-12
106,EDU-14-2023-0106,9,5,Education,Construction of education facility at Wali Path,386500000,2024-09-24
107,HEA-22-2023-0107,17,8,Health,Construction of health facility at Gala Road,176700000,2024-03-18
108,SPO-23-2023-0108,18,11,Sports,Construction of sports facility at Merchant Chowk,71500000,2025-04-02
109,SAN-19-2023-0109,14,1,Sanitation,Construction of sanitation facility at Contractor Path,55000000,2024-08-29
110,RAI-24-2023-0110,19,9,Railways,Construction of railways facility at Dhaliwal Zila,329200000,2025-04-08
111,DRI-24-2023-0111,19,1,Drinking Water,Construction of drinking water facility at Ranganathan Ganj,116800000,2025-06-18
112,SPO-12-2023-0112,7,7,Sports,Construction of sports facility at Pau Circle,140800000,2023-11-10
113,ROA-18-2023-0113,13,6,Roads,Construction of roads facility at Atwal Marg,223000000,2024-03-24
114,HEA-10-2023-0114,5,16,Health,Construction of health facility at Dasgupta Circle,459800000,2024-08-19
115,RAI-16-2023-0115,11,2,Railways,Construction of railways facility at Lala Path,113700000,2024-11-28
116,SAN-27-2023-0116,22,6,Sanitation,Construction of sanitation facility at Prabhu Marg,190700000,2023-11-24
117,SPO-24-2023-0117,19,1,Sports,Construction of sports facility at Sinha Ganj,479200000,2023-09-20
118,EDU-27-2023-0118,22,2,Education,Construction of education facility at Narang,484600000,2025-08-11
119,HEA-14-2023-0119,9,18,Health,Construction of health facility at Kant,192100000,2025-01-16
120,RAI-21-2023-0120,16,15,Railways,Construction of railways facility at Shetty Zila,314700000,2025-08-07
121,EDU-17-2023-0121,12,3,Education,Construction of education facility at Rege Road,304200000,2023-11-30
122,DRI-21-2023-0122,16,19,Drinking Water,Construction of drinking water facility at Bath Street,418400000,2023-09-29
123,SAN-8-2023-0123,3,2,Sanitation,Construction of sanitation facility at Tailor Road,119000000,2023-11-30
124,SAN-18-2023-0124,13,12,Sanitation,Construction of sanitation facility at Keer Zila,92800000,2025-07-21
125,ELE-22-2023-0125,17,7,Electricity,Construction of electricity facility at Deshmukh Circle,323000000,2024-06-28
126,SAN-11-2023-0126,6,6,Sanitation,Construction of sanitation facility at Prabhakar Chowk,154600000,2025-02-02
127,ELE-23-2023-0127,18,6,Electricity,Construction of electricity facility at Saini Circle,225400000,2024-11-30
128,EDU-7-2023-0128,2,11,Education,Construction of education facility at Sachdeva Street,465800000,2025-01-21
129,SPO-21-2023-0129,16,17,Sports,Construction of sports facility at Suri Zila,176300000,2024-12-22
130,RAI-8-2023-0130,3,2,Railways,Construction of railways facility at Mammen Marg,283400000,2023-09-26
131,RAI-7-2023-0131,2,10,Railways,Construction of railways facility at Kalla Path,428200000,2024-08-10
132,RAI-12-2023-0132,7,19,Railways,Construction of railways facility at Keer Chowk,354000000,2025-06-26
133,ELE-22-2023-0133,17,18,Electricity,Construction of electricity facility at Chaudhary Path,273400000,2025-02-14
134,SPO-15-2023-0134,10,10,Sports,Construction of sports facility at Parmer Path,93600000,2023-10-18
135,SAN-12-2023-0135,7,10,Sanitation,Construction of sanitation facility at Majumdar Marg,131100000,2024-01-26
136,RAI-22-2023-0136,17,11,Railways,Construction of railways facility at Sha Zila,163600000,2023-11-11
137,HEA-30-2023-0137,25,1,Health,Construction of health facility at Bail Ganj,172400000,2023-10-10
138,HEA-14-2023-0138,9,4,Health,Construction of health facility at Kohli Path,393900000,2023-12-07
139,HEA-23-2023-0139,18,7,Health,Construction of health facility at Jha,167600000,2023-10-24
140,DRI-8-2023-0140,3,6,Drinking Water,Construction of drinking water facility at Johal Circle,369800000,2024-11-29
141,SAN-23-2023-0141_Sanitation,18,9,Sanitation,Construction of sanitation facility at Kaul Ganj,159200000,2024-05-13
142,RAI-9-2023-0142,4,14,Railways,Construction of railways facility at Agate Street,80200000,2024-04-03
143,HEA-23-2023-0143,18,3,Health,Construction of health facility at De Street,284300000,2024-10-24
144,SPO-17-2023-0144,12,12,Sports,Construction of sports facility at Ghosh Road,327700000,2023-11-25
145,ELE-18-2023-0145,13,13,Electricity,Construction of electricity facility at Deep Nagar,496800000,2023-09-12
146,RAI-7-2023-0146,2,16,Railways,Construction of railways facility at Khanna Path,337900000,2024-12-01
147,DRI-29-2023-0147,24,19,Drinking Water,Construction of drinking water facility at Babu Path,166900000,2024-01-14
148,SAN-16-2023-0148,11,13,Sanitation,Construction of sanitation facility at Ben Road,346600000,2023-12-08
149,SAN-18-2023-0149,13,4,Sanitation,Construction of sanitation facility at Vora Marg,376000000,2023-11-28
150,EDU-7-2023-0150,2,14,Education,Construction of education facility at Soni Zila,264400000,2024-08-14
151,EDU-7-2023-0151,2,2,Education,Construction of education facility at Varghese Path,420300000,2024-12-05
152,ELE-17-2023-0152,12,4,Electricity,Construction of electricity facility at Seth Zila,346100000,2024-09-26
153,SAN-21-2023-0153,16,11,Sanitation,Construction of sanitation facility at Bassi Ganj,432800000,2025-03-18
154,SPO-23-2023-0154,18,2,Sports,Construction of sports facility at Mitra Circle,110400000,2024-08-21
155,ELE-12-2023-0155,7,20,Electricity,Construction of electricity facility at Bhat Nagar,155700000,2024-09-07
156,ELE-17-2023-0156,12,10,Electricity,Construction of electricity facility at Sandhu Marg,182600000,2025-02-14
157,ROA-11-2023-0157,6,3,Roads,Construction of roads facility at Swaminathan Zila,487000000,2025-03-07
158,DRI-20-2023-0158_Drinking Water,15,13,Drinking Water,Construction of drinking water facility at Borah Chowk,116500000,2025-07-30
159,ROA-24-2023-0159,19,13,Roads,Construction of roads facility at Nagy Zila,445600000,2024-12-16
160,SPO-8-2023-0160,3,18,Sports,Construction of sports facility at Bhatti Street,446600000,2023-12-08
161,SAN-11-2023-0161,6,10,Sanitation,Construction of sanitation facility at Nair Road,471800000,2024-06-22
162,ROA-15-2023-0162,10,1,Roads,Construction of roads facility at Wali,364600000,2024-04-17
163,ROA-19-2023-0163_Roads,14,10,Roads,Construction of roads facility at Tiwari Chowk,457400000,2024-12-14
164,RAI-30-2023-0164,25,13,Railways,Construction of railways facility at Chaudhary Marg,435500000,2025-05-09
165,DRI-29-2023-0165,24,16,Drinking Water,Construction of drinking water facility at Kale Zila,209400000,2024-07-31
166,SAN-7-2023-0166,2,10,Sanitation,Construction of sanitation facility at Kari Chowk,349500000,2024-07-18
167,SAN-27-2023-0167,22,3,Sanitation,Construction of sanitation facility at Setty Path,438000000,2024-07-06
168,ROA-15-2023-0168,10,1,Roads,Construction of roads facility at Chandran Marg,325500000,2024-04-30
169,ROA-22-2023-0169,17,19,Roads,Construction of roads facility at Munshi Marg,71800000,2025-01-29
170,SPO-28-2023-0170,23,1,Sports,Construction of sports facility at Prasad Road,171000000,2023-12-28
171,SAN-8-2023-0171,3,13,Sanitation,Construction of sanitation facility at Bhavsar Chowk,393000000,2023-11-10
172,SPO-17-2023-0172,12,8,Sports,Construction of sports facility at Chander Zila,307000000,2024-08-01
173,ROA-12-2023-0173,7,11,Roads,Construction of roads facility at Pradhan Zila,294500000,2025-05-23
174,ROA-13-2023-0174,8,10,Roads,Construction of roads facility at Bhasin Street,285700000,2024-11-29
175,EDU-22-2023-0175,17,18,Education,Construction of education facility at Narayan Circle,333700000,2025-02-02
176,EDU-26-2023-0176,21,17,Education,Construction of education facility at Roy Zila,246000000,2024-06-01
177,SAN-17-2023-0177,12,17,Sanitation,Construction of sanitation facility at Behl Marg,436900000,2024-04-11
178,ROA-29-2023-0178,24,7,Roads,Construction of roads facility at Muni,313100000,2024-05-31
179,DRI-20-2023-0179,15,15,Drinking Water,Construction of drinking water facility at Tripathi Zila,375200000,2024-02-13
180,SAN-21-2023-0180,16,8,Sanitation,Construction of sanitation facility at Subramaniam Street,283100000,2024-02-22
181,EDU-9-2023-0181,4,4,Education,Construction of education facility at Palla Zila,320800000,2025-06-18
182,HEA-11-2023-0182,6,1,Health,Construction of health facility at Pillai Circle,193700000,2023-11-29
183,RAI-25-2023-0183,20,19,Railways,Construction of railways facility at Kara Road,315000000,2025-05-19
184,SAN-19-2023-0184,14,16,Sanitation,Construction of sanitation facility at Bal Marg,243500000,2024-12-17
185,EDU-15-2023-0185,10,3,Education,Construction of education facility at Balakrishnan Road,291600000,2024-01-19
186,HEA-14-2023-0186,9,12,Health,Construction of health facility at More Road,252700000,2025-08-16
187,EDU-6-2023-0187,1,19,Education,Construction of education facility at Panchal Path,100500000,2023-09-05
188,HEA-18-2023-0188,13,19,Health,Construction of health facility at Dhar Street,450400000,2024-11-13
189,ROA-6-2023-0189,1,6,Roads,Construction of roads facility at Boase Marg,67800000,2023-12-20
190,DRI-25-2023-0190,20,15,Drinking Water,Construction of drinking water facility at Chand Nagar,106500000,2025-04-02
191,SPO-25-2023-0191,20,16,Sports,Construction of sports facility at Kale Circle,357700000,2024-06-19
192,SPO-11-2023-0192,6,17,Sports,Construction of sports facility at Setty Marg,483200000,2024-05-22
193,SPO-24-2023-0193,19,17,Sports,Construction of sports facility at Pingle Street,238100000,2024-04-30
194,DRI-10-2023-0194,5,10,Drinking Water,Construction of drinking water facility at Chad Path,247100000,2025-07-18
195,DRI-6-2023-0195,1,4,Drinking Water,Construction of drinking water facility at Dugal Nagar,164700000,2024-01-01
196,SPO-22-2023-0196,17,2,Sports,Construction of sports facility at Bawa,296100000,2025-02-05
197,SPO-18-2023-0197,13,1,Sports,Construction of sports facility at Magar Zila,479600000,2024-08-10
198,ELE-16-2023-0198,11,18,Electricity,Construction of electricity facility at Sunder Marg,429300000,2024-12-15
199,SAN-13-2023-0199,8,11,Sanitation,Construction of sanitation facility at Sachdeva Chowk,114700000,2024-03-31
200,EDU-6-2023-0200,1,15,Education,Construction of education facility at Vala Ganj,204100000,2023-11-28
201,DRI-15-2023-0201,10,4,Drinking Water,Construction of drinking water facility at Sani Path,223500000,2023-11-26
202,SAN-26-2023-0202,21,9,Sanitation,Construction of sanitation facility at Sur Road,302600000,2024-10-14
203,HEA-21-2023-0203_Health,16,16,Health,Construction of health facility at Bath Road,169500000,2024-02-19
204,HEA-26-2023-0204,21,9,Health,Construction of health facility at Bhakta Marg,459000000,2023-09-06
205,SAN-25-2023-0205,20,14,Sanitation,Construction of sanitation facility at Mitra Ganj,188600000,2024-02-12
206,EDU-10-2023-0206,5,12,Education,Construction of education facility at Kumer Street,89700000,2024-04-12
207,RAI-12-2023-0207,7,15,Railways,Construction of railways facility at Dar Path,355700000,2023-09-07
208,ROA-28-2023-0208,23,8,Roads,Construction of roads facility at Sani Chowk,488800000,2024-01-15
209,HEA-19-2023-0209,14,15,Health,Construction of health facility at Rai Street,481200000,2024-10-18
210,EDU-26-2023-0210,21,7,Education,Construction of education facility at Tella Ganj,75900000,2024-11-07
211,SAN-26-2023-0211,21,17,Sanitation,Construction of sanitation facility at Bora Path,128100000,2024-07-05
212,EDU-6-2023-0212,1,6,Education,Construction of education facility at Sarin Nagar,279600000,2023-09-15
213,SPO-6-2023-0213,1,17,Sports,Construction of sports facility at Brahmbhatt Chowk,113000000,2025-07-01
214,SAN-26-2023-0214,21,16,Sanitation,Construction of sanitation facility at Sanghvi Path,93900000,2024-11-19
215,SAN-25-2023-0215,20,7,Sanitation,Construction of sanitation facility at Sahni Marg,357500000,2024-04-12
216,ELE-19-2023-0216,14,6,Electricity,Construction of electricity facility at Ravel Zila,361200000,2023-09-17
217,ROA-18-2023-0217,13,6,Roads,Construction of roads facility at Garg Path,414300000,2025-05-15
218,SPO-19-2023-0218_Sports,14,16,Sports,Construction of sports facility at Sharma,134600000,2025-06-08
219,HEA-29-2023-0219,24,9,Health,Construction of health facility at Chakrabarti Path,476800000,2024-08-05
220,ELE-14-2023-0220,9,14,Electricity,Construction of electricity facility at Kohli Zila,406000000,2024-08-04
221,HEA-20-2023-0221,15,6,Health,Construction of health facility at Rattan,456100000,2024-10-11
222,SPO-23-2023-0222,18,15,Sports,Construction of sports facility at Randhawa Zila,319900000,2025-07-08
223,SAN-24-2023-0223,19,16,Sanitation,Construction of sanitation facility at Nori Road,195500000,2024-02-20
224,HEA-26-2023-0224,21,9,Health,Construction of health facility at Ganguly Path,496900000,2023-10-30
225,ELE-28-2023-0225,23,14,Electricity,Construction of electricity facility at Comar Circle,298000000,2024-10-17
226,SPO-20-2023-0226_Sports,15,3,Sports,Construction of sports facility at Hari Circle,495300000,2025-08-04
227,ELE-9-2023-0227,4,5,Electricity,Construction of electricity facility at Panchal Path,86200000,2025-03-18
228,HEA-15-2023-0228,10,16,Health,Construction of health facility at Keer Street,468300000,2023-11-19
229,ELE-27-2023-0229,22,16,Electricity,Construction of electricity facility at Kunda Street,332500000,2024-02-01
230,RAI-21-2023-0230,16,9,Railways,Construction of railways facility at Dua Street,335300000,2025-04-13
231,SAN-27-2023-0231,22,14,Sanitation,Construction of sanitation facility at Goel Zila,139500000,2025-04-23
232,RAI-16-2023-0232,11,19,Railways,Construction of railways facility at Shetty Chowk,239900000,2025-04-08
233,HEA-26-2023-0233,21,6,Health,Construction of health facility at Sen,218500000,2025-02-11
234,SAN-14-2023-0234,9,2,Sanitation,Construction of sanitation facility at Naidu,211400000,2025-07-03
235,ROA-7-2023-0235,2,3,Roads,Construction of roads facility at Dora Path,119400000,2024-08-07
236,ELE-22-2023-0236,17,1,Electricity,Construction of electricity facility at Singh Zila,364300000,2024-08-09
237,RAI-23-2023-0237,18,10,Railways,Construction of railways facility at Maharaj Road,93900000,2024-12-03
238,SPO-30-2023-0238,25,1,Sports,Construction of sports facility at Pandey Nagar,452800000,2024-09-29
239,HEA-28-2023-0239_Health,23,6,Health,Construction of health facility at Mukherjee Zila,289200000,2024-08-24
240,EDU-15-2023-0240,10,7,Education,Construction of education facility at Barad Chowk,143500000,2023-10-15
241,HEA-27-2023-0241,22,18,Health,Construction of health facility at Mangat Path,293800000,2023-10-30
242,HEA-17-2023-0242,12,6,Health,Construction of health facility at Tripathi Zila,221900000,2024-06-25
243,ROA-6-2023-0243,1,13,Roads,Construction of roads facility at Barman Chowk,491300000,2024-08-15
244,SPO-20-2023-0244,15,16,Sports,Construction of sports facility at Guha,98500000,2024-05-07
245,SPO-17-2023-0245,12,10,Sports,Construction of sports facility at Soni,450900000,2024-09-24
246,SAN-21-2023-0246,16,19,Sanitation,Construction of sanitation facility at Bhatia Street,422400000,2024-08-15
247,EDU-13-2023-0247,8,14,Education,Construction of education facility at Oza Zila,487800000,2025-03-08
248,RAI-29-2023-0248,24,16,Railways,Construction of railways facility at Thaman Zila,331500000,2025-01-14
249,ELE-17-2023-0249,12,12,Electricity,Construction of electricity facility at Baral Street,411500000,2024-03-11
250,ROA-28-2023-0250,23,12,Roads,Construction of roads facility at Sarna Chowk,126400000,2024-10-12
251,SPO-19-2023-0251,14,11,Sports,Construction of sports facility at Dutt Circle,124700000,2024-06-09
252,SAN-18-2023-0252,13,3,Sanitation,Construction of sanitation facility at Mandal Path,148700000,2024-06-27
253,SAN-22-2023-0253,17,12,Sanitation,Construction of sanitation facility at Nigam Marg,295100000,2025-02-09
254,ELE-29-2023-0254,24,10,Electricity,Construction of electricity facility at Ben,410500000,2025-05-06
255,ELE-9-2023-0255,4,2,Electricity,Construction of electricity facility at Bhatti Path,150800000,2024-05-14
256,ROA-9-2023-0256,4,14,Roads,Construction of roads facility at Raju Zila,71900000,2024-04-08
257,SPO-6-2023-0257,1,14,Sports,Construction of sports facility at Doctor Road,292100000,2024-05-16
258,RAI-13-2023-0258,8,12,Railways,Construction of railways facility at Dhaliwal Zila,108100000,2025-08-13
259,RAI-28-2023-0259_Railways,23,3,Railways,Construction of railways facility at Mukherjee Path,109700000,2025-01-22
260,SPO-18-2023-0260,13,6,Sports,Construction of sports facility at Dayal Marg,396900000,2024-12-06
261,HEA-9-2023-0261,4,2,Health,Construction of health facility at Mukherjee Zila,177200000,2024-11-08
262,EDU-13-2023-0262,8,2,Education,Construction of education facility at Narasimhan Marg,405900000,2025-05-24
263,RAI-25-2023-0263,20,1,Railways,Construction of railways facility at Vyas Street,334000000,2023-11-12
264,EDU-18-2023-0264,13,11,Education,Construction of education facility at Trivedi Marg,74000000,2024-06-08
265,RAI-6-2023-0265,1,12,Railways,Construction of railways facility at Patil Nagar,422800000,2024-04-27
266,EDU-20-2023-0266,15,11,Education,Construction of education facility at Kala Street,237100000,2024-05-23
267,SPO-12-2023-0267,7,15,Sports,Construction of sports facility at Handa Chowk,233900000,2024-02-23
268,DRI-26-2023-0268,21,15,Drinking Water,Construction of drinking water facility at Dubey Street,196900000,2023-10-30
269,SAN-16-2023-0269,11,5,Sanitation,Construction of sanitation facility at Chaudhuri Road,214300000,2024-09-29
270,HEA-21-2023-0270,16,1,Health,Construction of health facility at Vyas Circle,497700000,2023-09-30
271,SAN-25-2023-0271,20,15,Sanitation,Construction of sanitation facility at Deep Path,51100000,2024-12-07
272,DRI-8-2023-0272,3,13,Drinking Water,Construction of drinking water facility at Dube Marg,166600000,2024-01-05
273,EDU-27-2023-0273,22,1,Education,Construction of education facility at Gandhi Street,101000000,2025-03-14
274,ROA-10-2023-0274,5,16,Roads,Construction of roads facility at Bassi Chowk,241300000,2024-07-16
275,RAI-8-2023-0275,3,15,Railways,Construction of railways facility at Khanna Path,431700000,2024-08-11
276,ROA-22-2023-0276,17,8,Roads,Construction of roads facility at Mane,83000000,2025-04-07
277,ROA-17-2023-0277,12,20,Roads,Construction of roads facility at Kaur Chowk,263100000,2024-10-19
278,DRI-16-2023-0278,11,3,Drinking Water,Construction of drinking water facility at More Ganj,232000000,2025-05-21
279,EDU-10-2023-0279,5,6,Education,Construction of education facility at Hari Chowk,211900000,2024-06-12
280,RAI-14-2023-0280,9,17,Railways,Construction of railways facility at Sastry,91400000,2024-08-24
281,HEA-10-2023-0281,5,18,Health,Construction of health facility at Raja Road,203300000,2024-09-25
282,RAI-24-2023-0282,19,20,Railways,Construction of railways facility at Sahota Circle,99900000,2024-01-04
283,SPO-18-2023-0283,13,1,Sports,Construction of sports facility at Devi Ganj,344100000,2025-07-10
284,HEA-18-2023-0284,13,2,Health,Construction of health facility at Ben Road,74000000,2025-01-11
285,HEA-30-2023-0285,25,12,Health,Construction of health facility at Prabhu Chowk,268300000,2024-11-04
286,ELE-20-2023-0286,15,15,Electricity,Construction of electricity facility at Varty Zila,194200000,2025-06-23
287,RAI-22-2023-0287,17,2,Railways,Construction of railways facility at Mane Zila,494100000,2023-11-05
288,DRI-27-2023-0288,22,14,Drinking Water,Construction of drinking water facility at Mahajan Street,321700000,2024-08-14
289,ELE-24-2023-0289,19,17,Electricity,Construction of electricity facility at Din Circle,140800000,2025-06-07
290,SPO-17-2023-0290,12,1,Sports,Construction of sports facility at Chand Marg,449100000,2025-08-08
291,ELE-7-2023-0291,2,14,Electricity,Construction of electricity facility at Seshadri Ganj,51400000,2025-07-19
292,EDU-29-2023-0292,24,13,Education,Construction of education facility at Bala Path,456400000,2024-07-19
293,SAN-11-2023-0293_Sanitation,6,19,Sanitation,Construction of sanitation facility at Randhawa Nagar,415800000,2024-09-24
294,EDU-26-2023-0294_Education,21,6,Education,Construction of education facility at Keer Path,51000000,2024-06-26
295,EDU-12-2023-0295,7,18,Education,Construction of education facility at Prasad Zila,442700000,2024-02-22
296,DRI-29-2023-0296_Drinking Water,24,8,Drinking Water,Construction of drinking water facility at Nagar Nagar,291500000,2025-08-23
297,SPO-7-2023-0297,2,7,Sports,Construction of sports facility at Nayak Zila,181800000,2025-05-07
298,SPO-13-2023-0298,8,9,Sports,Construction of sports facility at Devan Street,178600000,2023-09-30
299,EDU-12-2023-0299,7,18,Education,Construction of education facility at Sodhi Road,90600000,2025-02-22
300,EDU-13-2023-0300,8,6,Education,Construction of education facility at Singh Street,291200000,2024-08-14
301,ROA-17-2023-0301,12,8,Roads,Construction of roads facility at Ahluwalia,117100000,2025-08-04
302,SPO-12-2023-0302,7,18,Sports,Construction of sports facility at Bahl Zila,352600000,2024-03-17
303,EDU-29-2023-0303,24,3,Education,Construction of education facility at Doctor Ganj,120200000,2024-10-31
304,RAI-18-2023-0304,13,6,Railways,Construction of railways facility at Wable,243000000,2024-07-25
305,ELE-11-2023-0305,6,10,Electricity,Construction of electricity facility at Mani Zila,223500000,2024-03-03
306,ELE-8-2023-0306,3,3,Electricity,Construction of electricity facility at Dara Road,261200000,2023-10-08
307,ROA-16-2023-0307,11,17,Roads,Construction of roads facility at Saini Ganj,475700000,2025-01-09
308,EDU-8-2023-0308,3,14,Education,Construction of education facility at Shankar,136500000,2023-10-19
309,DRI-28-2023-0309,23,6,Drinking Water,Construction of drinking water facility at Tata Zila,191000000,2024-12-07
310,RAI-12-2023-0310,7,14,Railways,Construction of railways facility at Babu Circle,270000000,2025-01-03
311,RAI-24-2023-0311,19,17,Railways,Construction of railways facility at Khurana Circle,312800000,2025-03-12
312,SAN-23-2023-0312,18,12,Sanitation,Construction of sanitation facility at Manne Street,96000000,2024-07-30
313,HEA-29-2023-0313,24,16,Health,Construction of health facility at Pandit Nagar,97200000,2024-03-05
314,EDU-6-2023-0314,1,19,Education,Construction of education facility at Saha,75000000,2024-01-24
315,ROA-17-2023-0315,12,8,Roads,Construction of roads facility at Viswanathan Zila,124000000,2024-06-07
316,DRI-10-2023-0316,5,15,Drinking Water,Construction of drinking water facility at Vora Zila,57200000,2024-10-27
317,ROA-14-2023-0317,9,17,Roads,Construction of roads facility at Tripathi Circle,275500000,2024-11-04
318,EDU-12-2023-0318,7,20,Education,Construction of education facility at Ramakrishnan Nagar,56000000,2025-07-10
319,ROA-19-2023-0319,14,3,Roads,Construction of roads facility at Bassi Chowk,316300000,2025-01-06
320,SPO-10-2023-0320,5,1,Sports,Construction of sports facility at Prakash Marg,311800000,2024-03-16
321,HEA-17-2023-0321,12,20,Health,Construction of health facility at Parikh Nagar,331100000,2025-05-05
322,EDU-8-2023-0322,3,13,Education,Construction of education facility at Pai Zila,435600000,2024-03-06
323,HEA-19-2023-0323,14,13,Health,Construction of health facility at Natarajan Zila,301500000,2023-12-13
324,EDU-14-2023-0324,9,6,Education,Construction of education facility at Pandey Nagar,436800000,2024-10-29
325,HEA-16-2023-0325,11,5,Health,Construction of health facility at Gill Path,330700000,2025-06-06
326,ELE-16-2023-0326,11,12,Electricity,Construction of electricity facility at Srinivas Chowk,306700000,2025-01-03
327,SPO-18-2023-0327,13,20,Sports,Construction of sports facility at Deshmukh Street,401700000,2023-10-20
328,SAN-21-2023-0328,16,12,Sanitation,Construction of sanitation facility at Bansal Chowk,485000000,2024-04-15
329,ROA-9-2023-0329,4,10,Roads,Construction of roads facility at Bassi Ganj,186800000,2025-05-07
330,HEA-19-2023-0330,14,3,Health,Construction of health facility at Barman Ganj,185000000,2024-05-03
331,ELE-27-2023-0331,22,3,Electricity,Construction of electricity facility at Varma Road,223000000,2024-07-06
332,ROA-28-2023-0332,23,20,Roads,Construction of roads facility at Solanki Circle,488000000,2024-03-15
333,EDU-13-2023-0333,8,20,Education,Construction of education facility at Halder Nagar,391400000,2024-04-10
334,ROA-10-2023-0334,5,5,Roads,Construction of roads facility at Batta Path,162300000,2025-07-04
335,EDU-8-2023-0335,3,2,Education,Construction of education facility at Mahajan Path,457700000,2023-12-06
336,DRI-20-2023-0336,15,14,Drinking Water,Construction of drinking water facility at Sarkar Path,499000000,2025-07-22
337,RAI-24-2023-0337,19,19,Railways,Construction of railways facility at Sarraf Marg,172100000,2025-07-26
338,ROA-17-2023-0338,12,13,Roads,Construction of roads facility at Nori Marg,266300000,2024-01-24
339,DRI-14-2023-0339,9,20,Drinking Water,Construction of drinking water facility at Tank Chowk,57900000,2024-06-12
340,SAN-20-2023-0340,15,19,Sanitation,Construction of sanitation facility at Loke Circle,199800000,2025-05-15
341,DRI-20-2023-0341,15,20,Drinking Water,Construction of drinking water facility at Samra Zila,180500000,2023-11-01
342,RAI-22-2023-0342,17,17,Railways,Construction of railways facility at Gole Marg,142500000,2024-10-28
343,HEA-21-2023-0343,16,11,Health,Construction of health facility at Nagi Road,327100000,2023-11-19
344,SPO-18-2023-0344,13,17,Sports,Construction of sports facility at Narang Zila,171700000,2025-01-26
345,RAI-8-2023-0345,3,17,Railways,Construction of railways facility at Mohan Road,456100000,2024-08-12
346,HEA-13-2023-0346,8,6,Health,Construction of health facility at Sandhu,360100000,2024-01-08
347,DRI-7-2023-0347,2,2,Drinking Water,Construction of drinking water facility at Panchal Chowk,134000000,2024-08-13
348,HEA-18-2023-0348,13,19,Health,Construction of health facility at Pandit Nagar,423700000,2024-12-21
349,SAN-12-2023-0349,7,2,Sanitation,Construction of sanitation facility at Maharaj Marg,420700000,2025-01-09
350,ROA-25-2023-0350,20,17,Roads,Construction of roads facility at Borde Nagar,498600000,2025-02-03
351,HEA-27-2023-0351,22,6,Health,Construction of health facility at Patla Marg,203600000,2024-10-03
352,EDU-20-2023-0352,15,20,Education,Construction of education facility at Balasubramanian Street,419000000,2023-12-20
353,SPO-17-2023-0353,12,14,Sports,Construction of sports facility at Sarma,445600000,2023-09-28
354,SAN-29-2023-0354,24,17,Sanitation,Construction of sanitation facility at Bhavsar Street,462900000,2024-03-02
355,ELE-24-2023-0355,19,12,Electricity,Construction of electricity facility at Pathak Path,163100000,2024-06-24
356,ROA-26-2023-0356,21,19,Roads,Construction of roads facility at Bali,332800000,2024-12-13
357,SAN-21-2023-0357,16,3,Sanitation,Construction of sanitation facility at Sengupta Street,443500000,2024-06-15
358,DRI-23-2023-0358,18,14,Drinking Water,Construction of drinking water facility at Sawhney Path,96300000,2025-04-15
359,DRI-29-2023-0359,24,20,Drinking Water,Construction of drinking water facility at Devan Zila,343800000,2024-10-16
360,ROA-6-2023-0360,1,11,Roads,Construction of roads facility at Rao Path,88400000,2024-05-02
361,RAI-25-2023-0361,20,3,Railways,Construction of railways facility at Krish Road,234700000,2023-11-28
362,ELE-19-2023-0362,14,17,Electricity,Construction of electricity facility at Grewal Nagar,111000000,2024-09-22
363,ROA-24-2023-0363,19,18,Roads,Construction of roads facility at Ram Circle,266400000,2025-08-10
364,SAN-30-2023-0364,25,5,Sanitation,Construction of sanitation facility at Dalal Circle,91600000,2024-03-22
365,SAN-6-2023-0365,1,10,Sanitation,Construction of sanitation facility at Sehgal Road,480400000,2024-02-14
366,HEA-6-2023-0366,1,20,Health,Construction of health facility at Mangal,321800000,2025-02-21
367,HEA-14-2023-0367,9,4,Health,Construction of health facility at Iyengar Chowk,82600000,2023-12-05
368,ROA-16-2023-0368,11,14,Roads,Construction of roads facility at Borah Street,70200000,2024-08-17
369,ELE-15-2023-0369,10,9,Electricity,Construction of electricity facility at Saxena Street,490700000,2023-11-08
370,SPO-28-2023-0370,23,4,Sports,Construction of sports facility at Palan Path,109000000,2025-03-05
371,ROA-16-2023-0371,11,12,Roads,Construction of roads facility at Mannan Zila,107700000,2025-07-24
372,DRI-16-2023-0372,11,8,Drinking Water,Construction of drinking water facility at Dugar Road,101800000,2025-03-06
373,ROA-8-2023-0373,3,17,Roads,Construction of roads facility at Pathak Street,120800000,2024-09-30
374,SPO-17-2023-0374,12,9,Sports,Construction of sports facility at Dara Ganj,497000000,2024-02-04
375,DRI-7-2023-0375,2,19,Drinking Water,Construction of drinking water facility at Khalsa Street,54100000,2025-05-06
376,SAN-8-2023-0376,3,13,Sanitation,Construction of sanitation facility at Bal Chowk,223400000,2024-06-07
377,ROA-7-2023-0377,2,6,Roads,Construction of roads facility at Pillay Circle,209100000,2024-08-29
378,EDU-22-2023-0378,17,19,Education,Construction of education facility at Dayal Circle,255300000,2024-12-19
379,EDU-17-2023-0379,12,15,Education,Construction of education facility at Bhatti Zila,208500000,2024-04-28
380,ELE-29-2023-0380,24,11,Electricity,Construction of electricity facility at Srinivas Marg,53900000,2024-10-13
381,ROA-15-2023-0381,10,18,Roads,Construction of roads facility at Rout Marg,448900000,2025-06-01
382,HEA-8-2023-0382,3,18,Health,Construction of health facility at Borah,265600000,2023-12-07
383,SPO-12-2023-0383,7,10,Sports,Construction of sports facility at Borah Path,224200000,2024-08-15
384,ROA-22-2023-0384,17,12,Roads,Construction of roads facility at Varughese Chowk,159600000,2024-05-25
385,ELE-9-2023-0385,4,16,Electricity,Construction of electricity facility at Gopal Street,415500000,2025-04-19
386,RAI-21-2023-0386,16,7,Railways,Construction of railways facility at Sant Street,239800000,2024-09-25
387,DRI-15-2023-0387,10,12,Drinking Water,Construction of drinking water facility at Dash Nagar,315400000,2024-10-07
388,EDU-30-2023-0388,25,1,Education,Construction of education facility at Modi Street,473200000,2024-01-06
389,ELE-23-2023-0389,18,1,Electricity,Construction of electricity facility at Naidu Street,410300000,2025-08-27
390,EDU-15-2023-0390,10,14,Education,Construction of education facility at Pal Ganj,238600000,2024-10-08
391,DRI-24-2023-0391,19,18,Drinking Water,Construction of drinking water facility at Brar Road,154700000,2024-03-13
392,ROA-10-2023-0392,5,8,Roads,Construction of roads facility at Maharaj Ganj,197400000,2023-12-07
393,RAI-9-2023-0393,4,2,Railways,Construction of railways facility at Walla Road,444500000,2023-11-12
394,SAN-23-2023-0394,18,17,Sanitation,Construction of sanitation facility at Ganguly Circle,421400000,2024-12-03
395,SPO-9-2023-0395,4,13,Sports,Construction of sports facility at Dube,172500000,2024-01-11
396,ELE-9-2023-0396,4,7,Electricity,Construction of electricity facility at Nazareth,491700000,2025-06-16
397,RAI-7-2023-0397,2,2,Railways,Construction of railways facility at Barman,362300000,2025-06-02
398,RAI-22-2023-0398,17,2,Railways,Construction of railways facility at Bumb Nagar,240400000,2023-10-06
399,DRI-24-2023-0399,19,7,Drinking Water,Construction of drinking water facility at Lanka,357200000,2025-01-18
400,SPO-20-2023-0400,15,8,Sports,Construction of sports facility at Saha Ganj,349500000,2024-12-24
401,RAI-22-2023-0401,17,19,Railways,Construction of railways facility at Tank Nagar,257800000,2025-07-22
402,SPO-8-2023-0402,3,12,Sports,Construction of sports facility at Mann Circle,327200000,2025-01-11
403,EDU-7-2023-0403,2,7,Education,Construction of education facility at Subramanian Road,169000000,2024-03-09
404,EDU-18-2023-0404,13,7,Education,Construction of education facility at Mishra Marg,80900000,2024-08-18
405,ROA-10-2023-0405_Roads,5,4,Roads,Construction of roads facility at Bhasin Zila,209500000,2024-01-01
406,ELE-9-2023-0406,4,3,Electricity,Construction of electricity facility at Sagar Chowk,121100000,2024-09-11
407,ROA-10-2023-0407,5,9,Roads,Construction of roads facility at Jani Chowk,335100000,2024-05-22
408,EDU-21-2023-0408,16,11,Education,Construction of education facility at Dhawan,109200000,2024-04-30
409,HEA-8-2023-0409,3,3,Health,Construction of health facility at Pai Path,328200000,2024-07-06
410,EDU-28-2023-0410,23,13,Education,Construction of education facility at Prabhakar Street,363400000,2024-10-04
411,ROA-7-2023-0411,2,6,Roads,Construction of roads facility at Cherian Circle,253300000,2024-05-05
412,ROA-26-2023-0412,21,6,Roads,Construction of roads facility at Shukla Ganj,199700000,2023-12-05
413,HEA-30-2023-0413,25,18,Health,Construction of health facility at Sengupta Road,254500000,2024-03-11
414,RAI-9-2023-0414,4,12,Railways,Construction of railways facility at Chatterjee Street,55400000,2023-10-10
415,HEA-8-2023-0415,3,10,Health,Construction of health facility at Rajagopalan Road,155000000,2025-07-03
416,RAI-20-2023-0416,15,7,Railways,Construction of railways facility at Sahota,148600000,2024-03-11
417,SAN-13-2023-0417,8,3,Sanitation,Construction of sanitation facility at Narang Street,346200000,2025-08-26
418,RAI-9-2023-0418,4,14,Railways,Construction of railways facility at Munshi,397200000,2024-01-26
419,ELE-9-2023-0419,4,18,Electricity,Construction of electricity facility at Tara Street,237200000,2024-10-04
420,RAI-8-2023-0420,3,18,Railways,Construction of railways facility at Tara Chowk,160100000,2025-07-14
421,EDU-7-2023-0421,2,11,Education,Construction of education facility at Tank Road,183800000,2023-09-19
422,ROA-23-2023-0422_Roads,18,4,Roads,Construction of roads facility at Ramaswamy Zila,331900000,2024-09-27
423,RAI-17-2023-0423,12,5,Railways,Construction of railways facility at Khosla Chowk,416100000,2024-02-15
424,EDU-30-2023-0424,25,19,Education,Construction of education facility at Pandit,114800000,2023-10-08
425,RAI-15-2023-0425,10,17,Railways,Construction of railways facility at Manda Nagar,389100000,2024-09-19
426,SPO-26-2023-0426,21,4,Sports,Construction of sports facility at Singhal,134300000,2024-04-09
427,EDU-23-2023-0427,18,15,Education,Construction of education facility at Anand Circle,135100000,2025-06-20
428,ELE-7-2023-0428_Electricity,2,11,Electricity,Construction of electricity facility at Sankar Zila,73400000,2023-12-14
429,RAI-25-2023-0429,20,3,Railways,Construction of railways facility at Pau Road,406300000,2025-04-16
430,SPO-10-2023-0430,5,8,Sports,Construction of sports facility at Pau Marg,262800000,2023-10-06
431,RAI-27-2023-0431,22,10,Railways,Construction of railways facility at Behl Marg,440800000,2024-11-16
432,SPO-20-2023-0432,15,7,Sports,Construction of sports facility at Hayer Circle,373300000,2024-06-08
433,ROA-16-2023-0433,11,13,Roads,Construction of roads facility at Mani Circle,283200000,2023-10-28
434,RAI-23-2023-0434,18,12,Railways,Construction of railways facility at Thaman Marg,420900000,2024-08-15
435,EDU-6-2023-0435,1,15,Education,Construction of education facility at Mammen Circle,281100000,2025-06-03
436,DRI-10-2023-0436,5,2,Drinking Water,Construction of drinking water facility at Dani,454300000,2023-12-09
437,ELE-15-2023-0437,10,13,Electricity,Construction of electricity facility at Ramesh Zila,95900000,2024-06-16
438,HEA-20-2023-0438,15,12,Health,Construction of health facility at Pau Path,365200000,2025-04-09
439,HEA-15-2023-0439,10,6,Health,Construction of health facility at Issac Street,437300000,2024-12-11
440,ROA-14-2023-0440,9,14,Roads,Construction of roads facility at Ratti Circle,212700000,2024-09-23
441,DRI-19-2023-0441,14,14,Drinking Water,Construction of drinking water facility at Bath Nagar,187100000,2023-10-01
442,ELE-8-2023-0442,3,17,Electricity,Construction of electricity facility at Nath Street,354200000,2025-05-17
443,SAN-9-2023-0443,4,7,Sanitation,Construction of sanitation facility at Venkataraman Chowk,176000000,2024-08-20
444,DRI-10-2023-0444,5,3,Drinking Water,Construction of drinking water facility at Varma Street,359400000,2023-12-18
445,SAN-7-2023-0445,2,2,Sanitation,Construction of sanitation facility at Nagar Path,315100000,2024-01-05
446,ROA-11-2023-0446,6,9,Roads,Construction of roads facility at Mistry Marg,265700000,2024-12-05
447,SPO-27-2023-0447,22,7,Sports,Construction of sports facility at Tripathi Path,205500000,2025-06-05
448,EDU-29-2023-0448,24,3,Education,Construction of education facility at Walia Circle,85800000,2024-09-15
449,DRI-13-2023-0449,8,4,Drinking Water,Construction of drinking water facility at Mistry,368300000,2024-09-03
450,HEA-13-2023-0450,8,9,Health,Construction of health facility at Pillay Nagar,452500000,2024-05-15
451,DRI-10-2023-0451,5,12,Drinking Water,Construction of drinking water facility at Saha Zila,267700000,2024-11-27
452,HEA-28-2023-0452,23,17,Health,Construction of health facility at Bala Road,485500000,2024-12-07
453,SAN-21-2023-0453,16,5,Sanitation,Construction of sanitation facility at Lanka Chowk,425700000,2025-01-22
454,RAI-7-2023-0454,2,2,Railways,Construction of railways facility at Kari,338600000,2025-03-14
455,SPO-11-2023-0455,6,3,Sports,Construction of sports facility at Srinivasan Nagar,258100000,2024-01-11
456,ELE-25-2023-0456_Electricity,20,20,Electricity,Construction of electricity facility at Rai Circle,297200000,2023-12-24
457,ELE-27-2023-0457_Electricity,22,9,Electricity,Construction of electricity facility at Balay Ganj,127200000,2024-11-18
458,ROA-26-2023-0458,21,5,Roads,Construction of roads facility at Halder Zila,125200000,2023-09-15
459,EDU-28-2023-0459_Education,23,4,Education,Construction of education facility at Murthy Chowk,296000000,2024-07-22
460,SPO-27-2023-0460,22,7,Sports,Construction of sports facility at Sachar Street,391200000,2025-02-18
461,DRI-8-2023-0461,3,8,Drinking Water,Construction of drinking water facility at Roy Ganj,311500000,2024-09-24
462,EDU-26-2023-0462,21,16,Education,Construction of education facility at Sinha,231900000,2025-07-09
463,ROA-18-2023-0463,13,7,Roads,Construction of roads facility at Devi Nagar,119600000,2024-10-07
464,HEA-30-2023-0464,25,8,Health,Construction of health facility at Nair Ganj,479400000,2025-01-27
465,HEA-7-2023-0465,2,6,Health,Construction of health facility at Vora Chowk,312700000,2024-06-19
466,HEA-18-2023-0466,13,20,Health,Construction of health facility at Ghose Path,213500000,2024-08-23
467,ELE-30-2023-0467_Electricity,25,2,Electricity,Construction of electricity facility at Oommen Circle,285600000,2024-10-29
468,ROA-19-2023-0468,14,18,Roads,Construction of roads facility at Lalla Path,499500000,2024-12-17
469,ROA-22-2023-0469,17,19,Roads,Construction of roads facility at Handa Chowk,189500000,2024-03-10
470,ROA-6-2023-0470,1,17,Roads,Construction of roads facility at Misra Road,345000000,2024-02-22
471,SAN-6-2023-0471,1,11,Sanitation,Construction of sanitation facility at Mani Road,447000000,2025-03-01
472,ROA-19-2023-0472,14,19,Roads,Construction of roads facility at Suresh Ganj,323200000,2024-05-04
473,ROA-18-2023-0473,13,13,Roads,Construction of roads facility at Palla Chowk,100700000,2024-11-09
474,SPO-9-2023-0474,4,1,Sports,Construction of sports facility at Mani Road,476500000,2023-12-04
475,SAN-19-2023-0475,14,20,Sanitation,Construction of sanitation facility at Raghavan,417900000,2025-07-27
476,SPO-10-2023-0476,5,17,Sports,Construction of sports facility at Pai Marg,168900000,2025-04-23
477,ELE-27-2023-0477,22,15,Electricity,Construction of electricity facility at Mannan Street,74100000,2023-10-03
478,DRI-18-2023-0478,13,16,Drinking Water,Construction of drinking water facility at Brar Road,268600000,2024-05-27
479,ELE-15-2023-0479,10,9,Electricity,Construction of electricity facility at Kunda Chowk,461500000,2025-04-03
480,DRI-28-2023-0480,23,13,Drinking Water,Construction of drinking water facility at Kala Chowk,384700000,2024-02-04
481,RAI-17-2023-0481,12,9,Railways,Construction of railways facility at Madan Circle,451300000,2025-08-25
482,DRI-11-2023-0482,6,6,Drinking Water,Construction of drinking water facility at Magar Circle,476500000,2023-12-16
483,DRI-10-2023-0483,5,14,Drinking Water,Construction of drinking water facility at Khatri Zila,205500000,2024-03-07
484,DRI-19-2023-0484,14,18,Drinking Water,Construction of drinking water facility at Wali Nagar,473500000,2024-02-23
485,SPO-19-2023-0485,14,1,Sports,Construction of sports facility at Ben Ganj,388700000,2023-11-17
486,ELE-9-2023-0486,4,14,Electricity,Construction of electricity facility at Narayanan Marg,151200000,2025-03-11
487,ELE-19-2023-0487,14,3,Electricity,Construction of electricity facility at Chaudhry Chowk,360200000,2025-02-11
488,DRI-16-2023-0488,11,10,Drinking Water,Construction of drinking water facility at Ahluwalia Street,393700000,2024-11-01
489,ROA-16-2023-0489,11,9,Roads,Construction of roads facility at Ray Street,60000000,2025-01-20
490,RAI-10-2023-0490,5,10,Railways,Construction of railways facility at Sood Chowk,421700000,2025-01-18
491,HEA-26-2023-0491,21,17,Health,Construction of health facility at Mani Ganj,90000000,2024-05-07
492,SPO-25-2023-0492,20,11,Sports,Construction of sports facility at Bhargava Road,196000000,2025-08-06
493,SAN-30-2023-0493,25,19,Sanitation,Construction of sanitation facility at Kata Zila,351900000,2024-10-20
494,ROA-24-2023-0494,19,3,Roads,Construction of roads facility at Gill Nagar,319600000,2024-07-21
495,EDU-6-2023-0495,1,5,Education,Construction of education facility at Bansal Street,446200000,2025-06-11
496,ELE-18-2023-0496,13,3,Electricity,Construction of electricity facility at Tandon Marg,456600000,2024-01-23
497,RAI-19-2023-0497,14,8,Railways,Construction of railways facility at Barad Road,146600000,2023-09-08
498,HEA-20-2023-0498,15,8,Health,Construction of health facility at Chhabra Road,280700000,2025-08-22
499,DRI-25-2023-0499,20,10,Drinking Water,Construction of drinking water facility at Mane Path,193800000,2024-08-18
500,RAI-11-2023-0500,6,12,Railways,Construction of railways facility at Viswanathan Circle,489800000,2024-09-18
501,SAN-29-2023-0501_Sanitation,24,8,Sanitation,Construction of sanitation facility at Thaman Street,488900000,2024-08-29
502,ELE-30-2023-0502,25,7,Electricity,Construction of electricity facility at Hans Road,369100000,2025-05-21
503,SAN-30-2023-0503,25,1,Sanitation,Construction of sanitation facility at Narayanan Zila,420200000,2024-01-05
504,RAI-7-2023-0504_Railways,2,20,Railways,Construction of railways facility at Kurian Chowk,464500000,2025-03-12
505,SAN-13-2023-0505,8,18,Sanitation,Construction of sanitation facility at Atwal Street,167300000,2025-03-26
506,EDU-12-2023-0506,7,2,Education,Construction of education facility at Merchant Path,53300000,2024-11-15
507,ROA-10-2023-0507,5,3,Roads,Construction of roads facility at Gill Ganj,68400000,2024-12-18
508,SAN-13-2023-0508,8,8,Sanitation,Construction of sanitation facility at Sane Marg,411300000,2024-10-05
509,SAN-7-2023-0509,2,18,Sanitation,Construction of sanitation facility at Chadha Path,272000000,2024-07-08
510,DRI-28-2023-0510_Drinking Water,23,2,Drinking Water,Construction of drinking water facility at Goyal Zila,156500000,2023-12-19
511,SPO-30-2023-0511,25,19,Sports,Construction of sports facility at Naik Chowk,371000000,2025-08-27
512,EDU-18-2023-0512,13,17,Education,Construction of education facility at Ahuja Ganj,431400000,2024-03-21
513,RAI-10-2023-0513,5,15,Railways,Construction of railways facility at Keer Marg,435400000,2024-08-12
514,SAN-14-2023-0514,9,7,Sanitation,Construction of sanitation facility at Narayan Road,421300000,2024-04-22
515,SPO-11-2023-0515,6,4,Sports,Construction of sports facility at Apte,137600000,2024-03-22
516,ELE-13-2023-0516,8,8,Electricity,Construction of electricity facility at Keer Path,445100000,2023-10-19
517,EDU-27-2023-0517,22,2,Education,Construction of education facility at Shroff Zila,448600000,2024-04-26
518,SPO-28-2023-0518,23,6,Sports,Construction of sports facility at Ravi Street,107000000,2025-02-14
519,ELE-12-2023-0519,7,11,Electricity,Construction of electricity facility at Mukhopadhyay Circle,50100000,2025-02-18
520,SAN-26-2023-0520,21,16,Sanitation,Construction of sanitation facility at Merchant Zila,295500000,2024-06-12
521,DRI-21-2023-0521,16,15,Drinking Water,Construction of drinking water facility at Kant,352400000,2024-02-18
522,SPO-27-2023-0522,22,12,Sports,Construction of sports facility at Sridhar Street,310600000,2023-12-28
523,SPO-8-2023-0523,3,1,Sports,Construction of sports facility at Prakash Chowk,345100000,2024-07-19
524,DRI-23-2023-0524,18,19,Drinking Water,Construction of drinking water facility at Sinha Circle,167900000,2025-04-11
525,SPO-16-2023-0525,11,17,Sports,Construction of sports facility at Kamdar Circle,197200000,2025-04-14
526,HEA-24-2023-0526,19,11,Health,Construction of health facility at Bumb Ganj,461000000,2024-10-13
527,RAI-21-2023-0527,16,13,Railways,Construction of railways facility at Wable Chowk,115500000,2025-02-28
528,RAI-11-2023-0528,6,2,Railways,Construction of railways facility at Brahmbhatt Path,113900000,2025-08-13
529,RAI-27-2023-0529,22,1,Railways,Construction of railways facility at Choudhury,321500000,2023-10-18
530,RAI-24-2023-0530,19,12,Railways,Construction of railways facility at Tiwari Circle,188500000,2024-02-05
531,ROA-23-2023-0531,18,4,Roads,Construction of roads facility at Yadav,256400000,2023-12-26
532,RAI-30-2023-0532,25,10,Railways,Construction of railways facility at Narang Street,352900000,2025-06-25
533,EDU-28-2023-0533,23,18,Education,Construction of education facility at Sathe Circle,168800000,2023-11-30
534,SAN-6-2023-0534,1,6,Sanitation,Construction of sanitation facility at Suresh Ganj,94500000,2023-11-10
535,HEA-27-2023-0535,22,8,Health,Construction of health facility at Sehgal Circle,361100000,2025-05-21
536,RAI-6-2023-0536,1,8,Railways,Construction of railways facility at Setty Nagar,362900000,2023-12-12
537,SPO-28-2023-0537,23,12,Sports,Construction of sports facility at Sagar Circle,273300000,2024-08-20
538,SAN-19-2023-0538,14,13,Sanitation,Construction of sanitation facility at Bhardwaj,197300000,2024-11-08
539,RAI-21-2023-0539,16,19,Railways,Construction of railways facility at Morar Chowk,337900000,2025-03-15
540,HEA-23-2023-0540,18,18,Health,Construction of health facility at Randhawa Nagar,149700000,2024-03-16
541,ELE-20-2023-0541,15,9,Electricity,Construction of electricity facility at Kamdar Nagar,257500000,2024-11-23
542,EDU-14-2023-0542,9,15,Education,Construction of education facility at Bath Zila,277100000,2024-07-26
543,EDU-12-2023-0543,7,10,Education,Construction of education facility at Bhatt Path,452800000,2024-10-25
544,SPO-17-2023-0544,12,6,Sports,Construction of sports facility at Biswas Nagar,228900000,2025-08-26
545,ROA-15-2023-0545_Roads,10,17,Roads,Construction of roads facility at Balay Chowk,415200000,2024-04-10
546,SAN-10-2023-0546,5,2,Sanitation,Construction of sanitation facility at Gole Marg,370500000,2025-04-20
547,RAI-16-2023-0547,11,19,Railways,Construction of railways facility at Salvi Street,149200000,2024-06-17
548,SAN-13-2023-0548,8,2,Sanitation,Construction of sanitation facility at Sen Marg,115900000,2025-07-07
549,SPO-21-2023-0549,16,2,Sports,Construction of sports facility at Prashad Marg,206400000,2023-11-02
550,DRI-14-2023-0550,9,15,Drinking Water,Construction of drinking water facility at Deol Circle,245300000,2025-01-20
551,DRI-7-2023-0551,2,2,Drinking Water,Construction of drinking water facility at Dani Path,327900000,2024-01-17
552,HEA-7-2023-0552_Health,2,20,Health,Construction of health facility at Ramaswamy Circle,109000000,2024-10-15
553,ELE-16-2023-0553,11,11,Electricity,Construction of electricity facility at Kapoor Street,61700000,2025-06-10
554,EDU-9-2023-0554,4,11,Education,Construction of education facility at Bajaj Nagar,143500000,2024-04-19
555,EDU-19-2023-0555,14,2,Education,Construction of education facility at Samra Chowk,497100000,2024-10-18
556,SPO-24-2023-0556,19,16,Sports,Construction of sports facility at Karpe Marg,187600000,2024-03-11
557,SPO-9-2023-0557_Sports,4,8,Sports,Construction of sports facility at Pal Chowk,179200000,2023-12-30
558,ROA-16-2023-0558,11,12,Roads,Construction of roads facility at Gulati Road,390900000,2025-08-29
559,HEA-17-2023-0559,12,13,Health,Construction of health facility at Balay Zila,192900000,2025-05-21
560,HEA-29-2023-0560,24,17,Health,Construction of health facility at Babu Marg,146200000,2024-03-05
561,ROA-23-2023-0561,18,13,Roads,Construction of roads facility at Bhavsar Ganj,93400000,2023-11-18
562,SAN-11-2023-0562,6,15,Sanitation,Construction of sanitation facility at Bandi,283500000,2024-08-12
563,DRI-22-2023-0563,17,17,Drinking Water,Construction of drinking water facility at Bava,447300000,2024-03-09
564,EDU-21-2023-0564,16,8,Education,Construction of education facility at Ratti Nagar,317100000,2024-08-06
565,RAI-9-2023-0565,4,6,Railways,Construction of railways facility at Zacharia Ganj,94500000,2024-02-16
566,ROA-16-2023-0566,11,12,Roads,Construction of roads facility at Dey Nagar,215600000,2024-09-26
567,SAN-13-2023-0567,8,5,Sanitation,Construction of sanitation facility at Kaur Road,230100000,2025-05-26
568,RAI-7-2023-0568,2,14,Railways,Construction of railways facility at Nagar,227300000,2024-11-22
569,SPO-15-2023-0569,10,10,Sports,Construction of sports facility at Nagi,232100000,2024-03-03
570,DRI-21-2023-0570,16,18,Drinking Water,Construction of drinking water facility at Dhar Road,398700000,2025-01-25
571,DRI-29-2023-0571,24,4,Drinking Water,Construction of drinking water facility at Kant Circle,383100000,2024-07-18
572,RAI-27-2023-0572,22,10,Railways,Construction of railways facility at Maharaj Road,69900000,2023-10-18
573,SAN-10-2023-0573_Sanitation,5,4,Sanitation,Construction of sanitation facility at Gill Circle,484900000,2024-12-30
574,SAN-9-2023-0574,4,19,Sanitation,Construction of sanitation facility at Tandon Marg,92200000,2023-10-07
575,EDU-28-2023-0575,23,20,Education,Construction of education facility at Raj Path,217700000,2025-05-03
576,HEA-27-2023-0576,22,16,Health,Construction of health facility at Nagar Circle,234600000,2025-02-22
577,EDU-8-2023-0577,3,2,Education,Construction of education facility at Rege Marg,435100000,2023-12-25
578,RAI-10-2023-0578,5,15,Railways,Construction of railways facility at Puri Road,121500000,2024-01-21
579,EDU-13-2023-0579,8,3,Education,Construction of education facility at Solanki Circle,171200000,2024-03-06
580,ELE-15-2023-0580,10,14,Electricity,Construction of electricity facility at Mital Ganj,438200000,2025-06-28
581,DRI-10-2023-0581,5,1,Drinking Water,Construction of drinking water facility at Sheth Street,240300000,2025-08-11
582,ELE-6-2023-0582,1,5,Electricity,Construction of electricity facility at Sachar Nagar,301000000,2024-07-20
583,ELE-24-2023-0583,19,16,Electricity,Construction of electricity facility at Wagle Circle,488500000,2023-12-14
584,SAN-12-2023-0584,7,19,Sanitation,Construction of sanitation facility at Kibe Marg,153600000,2024-03-17
585,ELE-17-2023-0585,12,13,Electricity,Construction of electricity facility at Narayanan Ganj,487100000,2025-01-15
586,SAN-16-2023-0586,11,7,Sanitation,Construction of sanitation facility at Sengupta Zila,292100000,2025-06-19
587,DRI-10-2023-0587,5,3,Drinking Water,Construction of drinking water facility at Chanda Path,164200000,2024-10-21
588,HEA-21-2023-0588,16,15,Health,Construction of health facility at Behl Ganj,277600000,2024-03-27
589,SAN-12-2023-0589,7,15,Sanitation,Construction of sanitation facility at Baral Marg,469000000,2025-07-10
590,ROA-22-2023-0590,17,6,Roads,Construction of roads facility at Guha Zila,415000000,2025-05-17
591,ELE-6-2023-0591,1,14,Electricity,Construction of electricity facility at Kalla,120500000,2024-09-07
592,ROA-7-2023-0592,2,10,Roads,Construction of roads facility at Natarajan Ganj,389500000,2024-04-23
593,DRI-11-2023-0593,6,15,Drinking Water,Construction of drinking water facility at Kakar Nagar,297300000,2025-08-28
594,RAI-21-2023-0594,16,7,Railways,Construction of railways facility at Dalal Ganj,151700000,2025-04-03
595,ROA-24-2023-0595,19,4,Roads,Construction of roads facility at Kibe Chowk,453900000,2025-02-22
596,SAN-18-2023-0596,13,6,Sanitation,Construction of sanitation facility at Jayaraman,469800000,2024-07-05
597,ELE-14-2023-0597,9,19,Electricity,Construction of electricity facility at Nagy Ganj,93300000,2025-04-25
598,EDU-9-2023-0598,4,3,Education,Construction of education facility at Rai Road,470900000,2024-08-28
599,ROA-14-2023-0599,9,3,Roads,Construction of roads facility at Parmer Circle,272300000,2024-04-27
600,SPO-6-2023-0600,1,11,Sports,Construction of sports facility at Parsa Road,328700000,2024-10-03
601,EDU-26-2023-0601,21,9,Education,Construction of education facility at Shukla Chowk,391800000,2023-11-16
602,SAN-12-2023-0602,7,12,Sanitation,Construction of sanitation facility at Nagarajan Chowk,191000000,2025-08-11
603,ELE-29-2023-0603,24,13,Electricity,Construction of electricity facility at Prabhakar Ganj,114300000,2024-05-01
604,EDU-22-2023-0604,17,14,Education,Construction of education facility at Bath Marg,76800000,2024-11-10
605,EDU-26-2023-0605,21,4,Education,Construction of education facility at Dhingra Ganj,218200000,2023-09-13
606,SAN-8-2023-0606,3,15,Sanitation,Construction of sanitation facility at Sahni Road,338500000,2024-04-17
607,DRI-20-2023-0607,15,5,Drinking Water,Construction of drinking water facility at Hayre Street,483200000,2024-05-14
608,RAI-20-2023-0608,15,16,Railways,Construction of railways facility at Raghavan Ganj,350200000,2024-11-16
609,HEA-9-2023-0609,4,16,Health,Construction of health facility at Tata Ganj,383800000,2024-11-01
610,DRI-18-2023-0610,13,1,Drinking Water,Construction of drinking water facility at Kurian Path,117300000,2025-04-15
611,EDU-28-2023-0611,23,6,Education,Construction of education facility at Swaminathan Chowk,439600000,2024-08-23
612,SPO-28-2023-0612,23,1,Sports,Construction of sports facility at Pandey Street,378100000,2024-01-10
613,SPO-13-2023-0613,8,7,Sports,Construction of sports facility at Suresh Street,150500000,2024-01-21
614,RAI-13-2023-0614,8,15,Railways,Construction of railways facility at Bhargava Circle,468900000,2024-10-11
615,ELE-24-2023-0615,19,19,Electricity,Construction of electricity facility at Borde Nagar,74300000,2025-05-28
616,EDU-10-2023-0616,5,10,Education,Construction of education facility at Ahuja Nagar,112600000,2024-07-17
617,DRI-25-2023-0617,20,11,Drinking Water,Construction of drinking water facility at Kashyap Street,75800000,2023-10-23
618,ROA-6-2023-0618,1,1,Roads,Construction of roads facility at Andra Street,184400000,2024-02-17
619,ELE-13-2023-0619,8,16,Electricity,Construction of electricity facility at Shah Circle,465000000,2024-06-16
620,DRI-15-2023-0620,10,3,Drinking Water,Construction of drinking water facility at Subramanian Nagar,155000000,2025-01-25
621,SAN-6-2023-0621,1,8,Sanitation,Construction of sanitation facility at Babu Chowk,387400000,2023-09-06
622,EDU-9-2023-0622,4,1,Education,Construction of education facility at Sabharwal Circle,326500000,2023-09-10
623,RAI-19-2023-0623,14,13,Railways,Construction of railways facility at Wagle Nagar,68200000,2025-03-14
624,SAN-20-2023-0624,15,6,Sanitation,Construction of sanitation facility at Wason Road,186500000,2024-04-10
625,ROA-16-2023-0625,11,16,Roads,Construction of roads facility at Thakkar Nagar,88900000,2025-05-24
626,RAI-29-2023-0626,24,12,Railways,Construction of railways facility at Gola Marg,399800000,2023-11-23
627,SPO-12-2023-0627,7,9,Sports,Construction of sports facility at Viswanathan Zila,255800000,2023-12-25
628,RAI-6-2023-0628,1,4,Railways,Construction of railways facility at Handa Ganj,269400000,2024-12-25
629,ROA-27-2023-0629,22,13,Roads,Construction of roads facility at Krishnan Circle,406600000,2025-05-26
630,HEA-12-2023-0630,7,19,Health,Construction of health facility at Loke Path,382400000,2025-05-10
631,DRI-30-2023-0631,25,17,Drinking Water,Construction of drinking water facility at Brar Marg,215400000,2024-06-16
632,DRI-16-2023-0632,11,2,Drinking Water,Construction of drinking water facility at Sharaf Marg,118700000,2024-11-12
633,EDU-28-2023-0633,23,10,Education,Construction of education facility at Kara Ganj,477500000,2024-04-20
634,SPO-7-2023-0634,2,12,Sports,Construction of sports facility at Balay Zila,243200000,2023-11-12
635,DRI-27-2023-0635,22,13,Drinking Water,Construction of drinking water facility at Raghavan Marg,451700000,2024-06-19
636,ELE-8-2023-0636,3,19,Electricity,Construction of electricity facility at Soni Circle,347300000,2023-10-14
637,DRI-10-2023-0637,5,6,Drinking Water,Construction of drinking water facility at Garg Nagar,246300000,2023-11-04
638,SPO-25-2023-0638,20,4,Sports,Construction of sports facility at Saraf Chowk,259300000,2025-01-13
639,SAN-15-2023-0639,10,19,Sanitation,Construction of sanitation facility at Chandran Path,382800000,2025-07-27
640,ROA-16-2023-0640,11,2,Roads,Construction of roads facility at Basak Circle,464700000,2024-02-26
641,ELE-28-2023-0641,23,6,Electricity,Construction of electricity facility at Soman Ganj,52500000,2024-03-29
642,ELE-27-2023-0642,22,18,Electricity,Construction of electricity facility at Borde Nagar,386100000,2025-02-13
643,HEA-17-2023-0643,12,11,Health,Construction of health facility at Bali Road,119100000,2024-01-18
644,HEA-7-2023-0644,2,3,Health,Construction of health facility at Babu Path,122800000,2024-02-08
645,EDU-26-2023-0645,21,6,Education,Construction of education facility at Dhawan,351400000,2025-04-07
646,ROA-16-2023-0646,11,13,Roads,Construction of roads facility at Bose Marg,285800000,2024-04-20
647,SPO-18-2023-0647_Sports,13,15,Sports,Construction of sports facility at Khosla Street,169500000,2024-11-14
648,ELE-10-2023-0648,5,10,Electricity,Construction of electricity facility at Zachariah Marg,314800000,2024-05-15
649,HEA-22-2023-0649,17,20,Health,Construction of health facility at Dey Marg,435700000,2025-05-06
650,SPO-7-2023-0650,2,14,Sports,Construction of sports facility at Tella Zila,297800000,2025-04-02
651,RAI-15-2023-0651,10,10,Railways,Construction of railways facility at Bera Path,327800000,2023-11-15
652,ELE-9-2023-0652,4,15,Electricity,Construction of electricity facility at Kata Marg,458900000,2025-06-13
653,SPO-7-2023-0653,2,2,Sports,Construction of sports facility at Oak Zila,185100000,2024-12-14
654,ELE-19-2023-0654,14,1,Electricity,Construction of electricity facility at Ranganathan,94700000,2025-04-23
655,RAI-22-2023-0655,17,14,Railways,Construction of railways facility at Balan Path,453800000,2025-01-05
656,ROA-8-2023-0656,3,14,Roads,Construction of roads facility at Seshadri Road,197900000,2024-09-16
657,EDU-18-2023-0657,13,6,Education,Construction of education facility at Parekh Ganj,251600000,2024-11-03
658,SAN-28-2023-0658,23,3,Sanitation,Construction of sanitation facility at Sankaran Marg,136800000,2024-01-23
659,RAI-27-2023-0659,22,14,Railways,Construction of railways facility at Rai,316100000,2023-11-06
660,DRI-11-2023-0660,6,18,Drinking Water,Construction of drinking water facility at Merchant,107900000,2025-05-12
661,HEA-20-2023-0661,15,18,Health,Construction of health facility at Borah Ganj,183400000,2023-11-03
662,ROA-26-2023-0662,21,18,Roads,Construction of roads facility at Dube Road,157500000,2024-06-22
663,SPO-16-2023-0663,11,4,Sports,Construction of sports facility at Ramachandran Street,123900000,2024-05-03
664,SAN-27-2023-0664,22,16,Sanitation,Construction of sanitation facility at Chhabra Path,429700000,2023-11-11
665,RAI-13-2023-0665,8,15,Railways,Construction of railways facility at Morar Nagar,408200000,2024-08-11
666,DRI-25-2023-0666,20,4,Drinking Water,Construction of drinking water facility at Madan Path,112600000,2023-11-19
667,DRI-7-2023-0667,2,6,Drinking Water,Construction of drinking water facility at Chahal Street,143300000,2024-01-24
668,ROA-27-2023-0668,22,3,Roads,Construction of roads facility at Sen Marg,307100000,2024-11-06
669,ROA-12-2023-0669,7,16,Roads,Construction of roads facility at Vala Circle,137100000,2024-07-13
670,RAI-27-2023-0670,22,13,Railways,Construction of railways facility at Bal Zila,298000000,2023-11-09
671,EDU-19-2023-0671,14,20,Education,Construction of education facility at Chander Path,63000000,2024-12-07
672,HEA-9-2023-0672,4,4,Health,Construction of health facility at Nair,120500000,2025-07-02
673,RAI-18-2023-0673,13,10,Railways,Construction of railways facility at Arora Marg,66000000,2024-04-14
674,SPO-12-2023-0674,7,13,Sports,Construction of sports facility at Rama Marg,390500000,2025-04-28
675,RAI-21-2023-0675,16,9,Railways,Construction of railways facility at Kibe Zila,239900000,2024-11-18
676,EDU-28-2023-0676,23,9,Education,Construction of education facility at Gara Circle,455300000,2025-02-14
677,HEA-10-2023-0677,5,10,Health,Construction of health facility at Gara Marg,327800000,2023-12-17
678,SAN-21-2023-0678,16,10,Sanitation,Construction of sanitation facility at Mitra Road,436900000,2024-03-27
679,ELE-10-2023-0679,5,17,Electricity,Construction of electricity facility at Dhingra Chowk,453100000,2023-10-20
680,DRI-13-2023-0680,8,10,Drinking Water,Construction of drinking water facility at Saran Street,343900000,2024-04-02
681,HEA-27-2023-0681,22,5,Health,Construction of health facility at Mistry Marg,148800000,2024-09-11
682,EDU-23-2023-0682,18,16,Education,Construction of education facility at Patel Zila,91300000,2024-03-14
683,EDU-13-2023-0683,8,1,Education,Construction of education facility at Tandon Ganj,84300000,2024-12-05
684,RAI-16-2023-0684,11,3,Railways,Construction of railways facility at Hayre,131300000,2024-08-21
685,DRI-6-2023-0685,1,13,Drinking Water,Construction of drinking water facility at Deshmukh Zila,250900000,2024-04-24
686,HEA-25-2023-0686,20,1,Health,Construction of health facility at Randhawa Nagar,174100000,2024-05-16
687,SAN-15-2023-0687,10,12,Sanitation,Construction of sanitation facility at Rai,74300000,2025-05-17
688,ELE-23-2023-0688,18,4,Electricity,Construction of electricity facility at Sarraf Path,405500000,2024-05-17
689,ROA-19-2023-0689,14,15,Roads,Construction of roads facility at Deshpande Marg,306900000,2024-04-21
690,RAI-13-2023-0690,8,12,Railways,Construction of railways facility at Iyer Path,332800000,2024-09-07
691,SAN-23-2023-0691,18,2,Sanitation,Construction of sanitation facility at Goel Path,369400000,2024-07-06
692,ELE-29-2023-0692_Electricity,24,8,Electricity,Construction of electricity facility at Manne Path,69100000,2025-03-24
693,SAN-15-2023-0693,10,3,Sanitation,Construction of sanitation facility at Kibe Chowk,262700000,2024-05-11
694,DRI-29-2023-0694,24,19,Drinking Water,Construction of drinking water facility at Mand Marg,421200000,2025-05-27
695,ELE-24-2023-0695,19,2,Electricity,Construction of electricity facility at Patla Marg,359300000,2023-11-28
696,SPO-10-2023-0696,5,11,Sports,Construction of sports facility at Iyengar,387500000,2024-12-03
697,SPO-12-2023-0697,7,1,Sports,Construction of sports facility at Gole Circle,266000000,2025-02-11
698,RAI-19-2023-0698,14,8,Railways,Construction of railways facility at Bala Circle,155900000,2025-03-18
699,SAN-26-2023-0699,21,14,Sanitation,Construction of sanitation facility at Kadakia Chowk,147200000,2024-08-06
700,SAN-19-2023-0700,14,6,Sanitation,Construction of sanitation facility at Biswas Road,299700000,2025-05-29
701,SPO-10-2023-0701,5,10,Sports,Construction of sports facility at Tata Marg,89800000,2023-12-18
702,SAN-14-2023-0702,9,13,Sanitation,Construction of sanitation facility at Khurana Road,105300000,2024-03-15
703,ELE-25-2023-0703,20,10,Electricity,Construction of electricity facility at Sampath Street,163400000,2025-05-05
704,DRI-24-2023-0704,19,15,Drinking Water,Construction of drinking water facility at Borah Marg,412900000,2024-08-14
705,EDU-17-2023-0705,12,7,Education,Construction of education facility at Srinivas,207600000,2024-11-26
706,RAI-30-2023-0706,25,9,Railways,Construction of railways facility at Warrior Marg,461700000,2024-09-28
707,RAI-26-2023-0707,21,6,Railways,Construction of railways facility at Bansal Marg,119300000,2025-05-07
708,ELE-8-2023-0708_Electricity,3,19,Electricity,Construction of electricity facility at Yadav Path,389900000,2024-12-05
709,ROA-25-2023-0709,20,1,Roads,Construction of roads facility at Chopra Zila,123400000,2025-04-20
710,DRI-25-2023-0710,20,5,Drinking Water,Construction of drinking water facility at Pant Ganj,294100000,2024-01-08
711,HEA-21-2023-0711,16,18,Health,Construction of health facility at Basu,243700000,2024-11-11
712,RAI-29-2023-0712,24,9,Railways,Construction of railways facility at Narula Marg,383400000,2025-05-11
713,EDU-8-2023-0713,3,14,Education,Construction of education facility at Cherian Marg,251700000,2023-09-09
714,HEA-24-2023-0714,19,15,Health,Construction of health facility at Kuruvilla Zila,166600000,2024-02-20
715,DRI-23-2023-0715,18,13,Drinking Water,Construction of drinking water facility at Venkataraman Circle,430600000,2024-11-07
716,ROA-27-2023-0716,22,10,Roads,Construction of roads facility at Kant,361400000,2024-08-12
717,EDU-26-2023-0717,21,18,Education,Construction of education facility at Raman Path,164400000,2024-08-25
718,RAI-11-2023-0718,6,19,Railways,Construction of railways facility at Tella,273600000,2023-12-27
719,ELE-25-2023-0719,20,15,Electricity,Construction of electricity facility at Bakshi Path,51600000,2024-09-09
720,EDU-21-2023-0720,16,7,Education,Construction of education facility at Merchant Zila,339100000,2024-07-20
721,SAN-6-2023-0721,1,18,Sanitation,Construction of sanitation facility at D’Alia Zila,208000000,2025-06-07
722,HEA-21-2023-0722,16,9,Health,Construction of health facility at Pall Street,241900000,2024-04-30
723,SPO-9-2023-0723,4,19,Sports,Construction of sports facility at Shah Path,140800000,2025-05-02
724,ELE-25-2023-0724,20,1,Electricity,Construction of electricity facility at Verma Ganj,103500000,2024-09-10
725,DRI-14-2023-0725,9,2,Drinking Water,Construction of drinking water facility at Soni Path,486500000,2023-11-15
726,SAN-7-2023-0726,2,19,Sanitation,Construction of sanitation facility at Sethi Chowk,404300000,2024-05-05
727,SPO-28-2023-0727,23,17,Sports,Construction of sports facility at Mital Zila,486100000,2023-10-05
728,HEA-22-2023-0728,17,6,Health,Construction of health facility at Bajaj Zila,211200000,2025-06-21
729,SAN-29-2023-0729,24,3,Sanitation,Construction of sanitation facility at Chopra Path,255100000,2025-02-07
730,RAI-15-2023-0730,10,14,Railways,Construction of railways facility at Kohli Street,128300000,2024-10-05
731,ELE-16-2023-0731,11,8,Electricity,Construction of electricity facility at Dutta Street,100700000,2024-05-15
732,SPO-13-2023-0732,8,14,Sports,Construction of sports facility at Sandhu Circle,379000000,2024-08-24
733,EDU-7-2023-0733,2,20,Education,Construction of education facility at Ravel Ganj,328200000,2025-01-02
734,EDU-13-2023-0734,8,17,Education,Construction of education facility at Grewal Street,208600000,2025-01-10
735,ELE-19-2023-0735,14,15,Electricity,Construction of electricity facility at Randhawa Marg,86100000,2023-09-23
736,ROA-18-2023-0736,13,15,Roads,Construction of roads facility at Hora,330900000,2024-08-15
737,SPO-20-2023-0737,15,12,Sports,Construction of sports facility at Sanghvi,331600000,2024-06-29
738,RAI-24-2023-0738,19,16,Railways,Construction of railways facility at Kala Nagar,432800000,2024-02-07
739,RAI-24-2023-0739,19,20,Railways,Construction of railways facility at Bhatnagar Road,84500000,2024-11-22
740,SAN-14-2023-0740,9,6,Sanitation,Construction of sanitation facility at Yadav Zila,357900000,2024-01-24
741,EDU-29-2023-0741,24,20,Education,Construction of education facility at Nanda Path,166600000,2024-02-01
742,ELE-19-2023-0742,14,7,Electricity,Construction of electricity facility at Comar Chowk,229300000,2024-03-22
743,ROA-8-2023-0743_Roads,3,3,Roads,Construction of roads facility at Wable Chowk,132800000,2025-01-09
744,SAN-27-2023-0744,22,4,Sanitation,Construction of sanitation facility at Rama Path,355000000,2024-12-18
745,SAN-9-2023-0745,4,19,Sanitation,Construction of sanitation facility at Comar Marg,310400000,2024-05-28
746,SAN-17-2023-0746,12,5,Sanitation,Construction of sanitation facility at Shankar Path,252400000,2024-12-23
747,SPO-11-2023-0747,6,4,Sports,Construction of sports facility at Mishra Street,467100000,2025-08-14
748,SPO-21-2023-0748,16,4,Sports,Construction of sports facility at Chad,79900000,2025-02-04
749,SAN-10-2023-0749,5,7,Sanitation,Construction of sanitation facility at Munshi Street,258500000,2023-12-01
750,DRI-25-2023-0750,20,3,Drinking Water,Construction of drinking water facility at Mody Ganj,431100000,2023-11-30
751,RAI-23-2023-0751,18,1,Railways,Construction of railways facility at Prakash Street,241500000,2025-02-20
752,SAN-7-2023-0752,2,13,Sanitation,Construction of sanitation facility at Vaidya Street,81300000,2024-06-28
753,ELE-22-2023-0753,17,2,Electricity,Construction of electricity facility at Devi Marg,494900000,2024-11-20
754,ELE-22-2023-0754,17,3,Electricity,Construction of electricity facility at Sampath Marg,375600000,2024-01-23
755,EDU-21-2023-0755,16,3,Education,Construction of education facility at Yogi Chowk,306400000,2025-02-20
756,ELE-12-2023-0756,7,20,Electricity,Construction of electricity facility at Ganesan Street,155100000,2024-09-15
757,ROA-23-2023-0757,18,15,Roads,Construction of roads facility at Dey Road,317100000,2024-01-24
758,SPO-6-2023-0758,1,14,Sports,Construction of sports facility at Seshadri Path,362300000,2024-12-25
759,ROA-24-2023-0759,19,9,Roads,Construction of roads facility at Parmer Nagar,126300000,2023-09-08
760,HEA-27-2023-0760,22,15,Health,Construction of health facility at Deshpande Chowk,106900000,2024-01-30
761,DRI-30-2023-0761,25,13,Drinking Water,Construction of drinking water facility at Tiwari Marg,351900000,2025-01-20
762,HEA-18-2023-0762,13,10,Health,Construction of health facility at Rege Chowk,156400000,2025-02-13
763,DRI-13-2023-0763,8,20,Drinking Water,Construction of drinking water facility at Sagar Chowk,166800000,2025-03-05
764,DRI-16-2023-0764,11,8,Drinking Water,Construction of drinking water facility at Suresh Chowk,124600000,2024-01-08
765,SPO-14-2023-0765,9,14,Sports,Construction of sports facility at Balasubramanian Zila,425000000,2025-05-11
766,ELE-18-2023-0766,13,20,Electricity,Construction of electricity facility at Master Ganj,274200000,2023-09-26
767,EDU-25-2023-0767,20,3,Education,Construction of education facility at Kar Road,352000000,2024-10-22
768,DRI-12-2023-0768_Drinking Water,7,16,Drinking Water,Construction of drinking water facility at Ganguly Road,428600000,2025-04-29
769,ELE-15-2023-0769,10,2,Electricity,Construction of electricity facility at Tandon Chowk,317900000,2024-10-31
770,RAI-6-2023-0770,1,12,Railways,Construction of railways facility at Chowdhury Circle,164800000,2024-11-18
771,EDU-15-2023-0771,10,18,Education,Construction of education facility at Loyal Zila,487900000,2025-04-25
772,SAN-14-2023-0772,9,15,Sanitation,Construction of sanitation facility at Peri Circle,195700000,2024-10-26
773,EDU-15-2023-0773,10,1,Education,Construction of education facility at Sastry Nagar,369900000,2024-10-29
774,SAN-19-2023-0774,14,5,Sanitation,Construction of sanitation facility at Sandal Ganj,245400000,2023-11-19
775,ELE-22-2023-0775_Electricity,17,14,Electricity,Construction of electricity facility at Mishra Ganj,186800000,2025-07-11
776,EDU-6-2023-0776,1,5,Education,Construction of education facility at Sengupta Nagar,240300000,2024-03-23
777,RAI-14-2023-0777,9,14,Railways,Construction of railways facility at Chahal Path,230300000,2024-08-07
778,EDU-13-2023-0778,8,20,Education,Construction of education facility at Khalsa Zila,489200000,2024-02-11
779,ELE-21-2023-0779,16,16,Electricity,Construction of electricity facility at Panchal,322000000,2025-06-30
780,RAI-26-2023-0780,21,4,Railways,Construction of railways facility at Sangha,363200000,2024-01-07
781,EDU-20-2023-0781,15,19,Education,Construction of education facility at Dewan,303000000,2025-05-02
782,RAI-8-2023-0782,3,12,Railways,Construction of railways facility at Jhaveri Ganj,292900000,2025-05-18
783,RAI-18-2023-0783,13,3,Railways,Construction of railways facility at Panchal Nagar,319200000,2024-10-18
784,ROA-7-2023-0784,2,7,Roads,Construction of roads facility at Yohannan Road,69400000,2024-01-09
785,HEA-26-2023-0785,21,20,Health,Construction of health facility at Master Path,232200000,2024-04-12
786,RAI-22-2023-0786,17,13,Railways,Construction of railways facility at Loke,107300000,2025-06-28
787,EDU-30-2023-0787,25,12,Education,Construction of education facility at Chandran Circle,399100000,2023-12-15
788,HEA-26-2023-0788,21,3,Health,Construction of health facility at Bhargava Marg,298300000,2024-04-03
789,SAN-13-2023-0789,8,14,Sanitation,Construction of sanitation facility at Deo Street,376200000,2024-03-12
790,ROA-16-2023-0790,11,20,Roads,Construction of roads facility at Nagy Street,490000000,2025-06-05
791,SAN-26-2023-0791,21,18,Sanitation,Construction of sanitation facility at Ramaswamy Ganj,161900000,2024-09-15
792,SPO-6-2023-0792,1,12,Sports,Construction of sports facility at Luthra Street,373200000,2024-12-31
793,ELE-13-2023-0793,8,2,Electricity,Construction of electricity facility at Prashad Marg,209100000,2024-08-17
794,SPO-14-2023-0794,9,5,Sports,Construction of sports facility at Chander Zila,252100000,2024-07-09
795,RAI-19-2023-0795,14,17,Railways,Construction of railways facility at Mall Circle,170700000,2025-02-21
796,SPO-12-2023-0796,7,3,Sports,Construction of sports facility at Sha Path,375700000,2024-09-14
797,SPO-19-2023-0797,14,18,Sports,Construction of sports facility at Agate Path,302200000,2025-07-06
798,ROA-6-2023-0798,1,9,Roads,Construction of roads facility at Shanker Zila,221600000,2025-01-06
799,SPO-18-2023-0799,13,1,Sports,Construction of sports facility at Bhatnagar Path,480000000,2025-05-11
800,ELE-11-2023-0800,6,4,Electricity,Construction of electricity facility at Rao Circle,212200000,2024-02-17
801,ELE-30-2023-0801,25,12,Electricity,Construction of electricity facility at Kakar Marg,207100000,2024-09-19
802,EDU-29-2023-0802,24,15,Education,Construction of education facility at Naidu Road,276700000,2025-06-05
803,DRI-25-2023-0803,20,8,Drinking Water,Construction of drinking water facility at Nazareth Road,84200000,2024-10-30
804,SAN-12-2023-0804,7,15,Sanitation,Construction of sanitation facility at De,331000000,2024-11-13
805,SPO-30-2023-0805_Sports,25,20,Sports,Construction of sports facility at Oza Chowk,163700000,2025-07-26
806,SPO-10-2023-0806_Sports,5,3,Sports,Construction of sports facility at Batra Nagar,203900000,2023-11-17
807,HEA-10-2023-0807,5,13,Health,Construction of health facility at Babu Chowk,446900000,2023-12-06
808,ELE-24-2023-0808,19,5,Electricity,Construction of electricity facility at Sastry Street,476000000,2024-08-20
809,RAI-23-2023-0809,18,10,Railways,Construction of railways facility at Sangha Nagar,187600000,2024-02-05
810,EDU-6-2023-0810,1,3,Education,Construction of education facility at Mittal Street,136400000,2024-01-02
811,EDU-20-2023-0811,15,19,Education,Construction of education facility at Chander Road,161200000,2025-01-21
812,EDU-24-2023-0812,19,19,Education,Construction of education facility at Krishna Path,331100000,2023-11-04
813,ROA-21-2023-0813,16,7,Roads,Construction of roads facility at Gandhi Path,121800000,2023-10-11
814,SAN-22-2023-0814,17,19,Sanitation,Construction of sanitation facility at Mody Marg,361400000,2025-03-17
815,EDU-21-2023-0815_Education,16,9,Education,Construction of education facility at Sanghvi Ganj,373800000,2025-01-22
816,ROA-9-2023-0816,4,20,Roads,Construction of roads facility at Chandran Zila,169400000,2023-09-01
817,RAI-29-2023-0817,24,13,Railways,Construction of railways facility at Sood Ganj,226700000,2023-10-31
818,HEA-29-2023-0818,24,20,Health,Construction of health facility at Kara Street,234300000,2024-10-08
819,SAN-7-2023-0819,2,9,Sanitation,Construction of sanitation facility at Andra Chowk,370600000,2023-09-07
820,SAN-12-2023-0820,7,1,Sanitation,Construction of sanitation facility at Dara Path,94300000,2025-06-30
821,HEA-11-2023-0821,6,7,Health,Construction of health facility at Deo Marg,228600000,2024-09-06
822,ELE-18-2023-0822,13,6,Electricity,Construction of electricity facility at Karnik Zila,358400000,2024-06-24
823,DRI-24-2023-0823,19,17,Drinking Water,Construction of drinking water facility at Chaudry Zila,146100000,2023-11-20
824,SPO-29-2023-0824,24,16,Sports,Construction of sports facility at Pillai Path,450200000,2025-07-16
825,EDU-11-2023-0825,6,3,Education,Construction of education facility at Devan Road,145500000,2024-06-24
826,EDU-19-2023-0826,14,4,Education,Construction of education facility at Dhar Street,198300000,2023-10-24
827,ELE-26-2023-0827,21,16,Electricity,Construction of electricity facility at Anand Circle,382000000,2024-12-18
828,EDU-21-2023-0828,16,18,Education,Construction of education facility at Sarraf Street,198000000,2024-05-30
829,ROA-28-2023-0829,23,6,Roads,Construction of roads facility at Doshi Ganj,78600000,2025-08-15
830,ROA-12-2023-0830,7,19,Roads,Construction of roads facility at Savant Marg,87800000,2025-06-29
831,SAN-17-2023-0831,12,14,Sanitation,Construction of sanitation facility at Chadha Ganj,490900000,2025-07-28
832,ELE-9-2023-0832,4,19,Electricity,Construction of electricity facility at Dey Zila,295500000,2025-04-07
833,SPO-9-2023-0833,4,5,Sports,Construction of sports facility at Rajagopalan Zila,110900000,2024-05-31
834,ROA-12-2023-0834,7,11,Roads,Construction of roads facility at Murty Marg,398400000,2025-05-07
835,SAN-24-2023-0835,19,9,Sanitation,Construction of sanitation facility at Kota Street,468900000,2024-04-03
836,EDU-26-2023-0836,21,13,Education,Construction of education facility at Kothari Zila,485300000,2024-11-03
837,HEA-22-2023-0837_Health,17,7,Health,Construction of health facility at Mane,274100000,2025-04-28
838,RAI-24-2023-0838,19,15,Railways,Construction of railways facility at Mitra Nagar,128200000,2024-02-07
839,SPO-19-2023-0839,14,9,Sports,Construction of sports facility at Upadhyay Circle,440600000,2024-01-25
840,SAN-9-2023-0840,4,19,Sanitation,Construction of sanitation facility at Merchant Marg,254000000,2025-01-14
841,SPO-16-2023-0841,11,7,Sports,Construction of sports facility at Khatri Nagar,476400000,2024-09-19
842,EDU-21-2023-0842,16,4,Education,Construction of education facility at Chowdhury Marg,246600000,2024-03-06
843,DRI-23-2023-0843,18,19,Drinking Water,Construction of drinking water facility at Bobal Chowk,397300000,2024-10-15
844,DRI-25-2023-0844,20,15,Drinking Water,Construction of drinking water facility at Patel Nagar,398100000,2025-08-26
845,HEA-28-2023-0845,23,10,Health,Construction of health facility at Deo Path,193200000,2024-06-27
846,SAN-28-2023-0846,23,7,Sanitation,Construction of sanitation facility at Salvi,254600000,2024-06-10
847,DRI-8-2023-0847,3,10,Drinking Water,Construction of drinking water facility at Gera Circle,372400000,2025-04-15
848,DRI-16-2023-0848,11,13,Drinking Water,Construction of drinking water facility at Bora Chowk,427100000,2023-09-13
849,SPO-17-2023-0849,12,19,Sports,Construction of sports facility at Bir,453000000,2023-09-11
850,SPO-19-2023-0850,14,9,Sports,Construction of sports facility at Kale Road,356600000,2023-10-01
851,SAN-11-2023-0851_Sanitation,6,9,Sanitation,Construction of sanitation facility at Rao Nagar,405500000,2024-09-28
852,ELE-15-2023-0852,10,19,Electricity,Construction of electricity facility at Thaker Road,373200000,2025-04-18
853,RAI-15-2023-0853,10,10,Railways,Construction of railways facility at Sampath Marg,455900000,2025-02-27
854,SAN-23-2023-0854_Sanitation,18,2,Sanitation,Construction of sanitation facility at Butala Marg,459600000,2025-01-10
855,SPO-7-2023-0855,2,8,Sports,Construction of sports facility at Yogi Circle,252900000,2024-12-22
856,SPO-27-2023-0856,22,20,Sports,Construction of sports facility at Mall Street,212500000,2023-11-04
857,ELE-14-2023-0857_Electricity,9,14,Electricity,Construction of electricity facility at Brar Road,378700000,2024-10-02
858,HEA-14-2023-0858,9,5,Health,Construction of health facility at Dugal Ganj,231600000,2024-10-21
859,HEA-12-2023-0859,7,11,Health,Construction of health facility at Raman Path,312000000,2024-11-29
860,RAI-18-2023-0860,13,13,Railways,Construction of railways facility at Mukherjee Zila,279500000,2025-02-24
861,ELE-14-2023-0861,9,12,Electricity,Construction of electricity facility at Khare Marg,321300000,2023-10-15
862,ELE-8-2023-0862_Electricity,3,7,Electricity,Construction of electricity facility at Chadha Ganj,148500000,2025-08-19
863,SAN-25-2023-0863,20,10,Sanitation,Construction of sanitation facility at D’Alia Marg,296900000,2024-08-18
864,ROA-12-2023-0864,7,7,Roads,Construction of roads facility at Bhakta,334500000,2024-04-28
865,SPO-9-2023-0865,4,3,Sports,Construction of sports facility at Dar Street,479000000,2023-09-10
866,DRI-27-2023-0866,22,1,Drinking Water,Construction of drinking water facility at Apte Street,205800000,2024-01-06
867,SPO-17-2023-0867,12,5,Sports,Construction of sports facility at Palan Chowk,378300000,2024-10-11
868,ROA-26-2023-0868,21,17,Roads,Construction of roads facility at Lad Circle,298500000,2024-01-08
869,HEA-23-2023-0869_Health,18,1,Health,Construction of health facility at Date Path,289000000,2025-04-05
870,HEA-7-2023-0870,2,2,Health,Construction of health facility at Dalal Road,487900000,2025-04-22
871,ELE-11-2023-0871,6,2,Electricity,Construction of electricity facility at Nayak Nagar,384500000,2025-05-19
872,ROA-9-2023-0872,4,20,Roads,Construction of roads facility at Magar Marg,194700000,2024-10-11
873,HEA-6-2023-0873,1,16,Health,Construction of health facility at Lall Zila,412200000,2025-03-07
874,ELE-20-2023-0874,15,1,Electricity,Construction of electricity facility at Bose,426300000,2024-09-20
875,ELE-15-2023-0875,10,19,Electricity,Construction of electricity facility at Vaidya Chowk,372900000,2024-06-06
876,SPO-26-2023-0876,21,14,Sports,Construction of sports facility at Tata Nagar,132100000,2025-06-29
877,DRI-9-2023-0877,4,19,Drinking Water,Construction of drinking water facility at Ganesan,85800000,2024-06-12
878,SAN-19-2023-0878,14,8,Sanitation,Construction of sanitation facility at Kumer Street,119600000,2025-04-23
879,DRI-8-2023-0879,3,19,Drinking Water,Construction of drinking water facility at D’Alia Zila,495200000,2024-02-25
880,ROA-22-2023-0880,17,9,Roads,Construction of roads facility at Agate Circle,134000000,2023-10-05
881,SPO-24-2023-0881,19,11,Sports,Construction of sports facility at Konda Nagar,365700000,2023-10-06
882,ROA-27-2023-0882,22,1,Roads,Construction of roads facility at Patla Chowk,342700000,2024-06-24
883,SAN-22-2023-0883,17,8,Sanitation,Construction of sanitation facility at Gola Street,198500000,2025-08-24
884,RAI-10-2023-0884,5,16,Railways,Construction of railways facility at Saini Nagar,352300000,2024-02-22
885,ELE-19-2023-0885,14,7,Electricity,Construction of electricity facility at Kothari Path,312300000,2024-07-20
886,SAN-9-2023-0886,4,1,Sanitation,Construction of sanitation facility at Madan Path,154400000,2025-06-03
887,HEA-15-2023-0887,10,5,Health,Construction of health facility at Pradhan Zila,363900000,2023-12-02
888,SPO-9-2023-0888,4,19,Sports,Construction of sports facility at Ben Circle,481600000,2024-01-18
889,DRI-8-2023-0889,3,9,Drinking Water,Construction of drinking water facility at Varty Ganj,346800000,2023-10-06
890,ELE-16-2023-0890,11,14,Electricity,Construction of electricity facility at Biswas Marg,394900000,2025-07-13
891,SPO-23-2023-0891,18,19,Sports,Construction of sports facility at Mandal Chowk,354400000,2025-04-23
892,SAN-12-2023-0892,7,13,Sanitation,Construction of sanitation facility at Narang Road,165700000,2023-11-07
893,ROA-29-2023-0893,24,17,Roads,Construction of roads facility at Shan Circle,435100000,2023-09-07
894,DRI-15-2023-0894,10,5,Drinking Water,Construction of drinking water facility at Iyer Path,76300000,2024-04-14
895,RAI-10-2023-0895,5,11,Railways,Construction of railways facility at Modi,261300000,2025-03-28
896,EDU-23-2023-0896,18,1,Education,Construction of education facility at Kibe,477200000,2024-08-26
897,ELE-24-2023-0897,19,14,Electricity,Construction of electricity facility at Tak Path,113200000,2025-04-23
898,EDU-14-2023-0898,9,5,Education,Construction of education facility at Korpal Ganj,113700000,2023-12-26
899,EDU-13-2023-0899,8,6,Education,Construction of education facility at Rout Nagar,103500000,2023-09-19
900,DRI-8-2023-0900_Drinking Water,3,18,Drinking Water,Construction of drinking water facility at Pal Ganj,446300000,2025-01-06
901,SAN-13-2023-0901,8,3,Sanitation,Construction of sanitation facility at Nayak Nagar,370000000,2023-09-02
902,ELE-9-2023-0902,4,12,Electricity,Construction of electricity facility at Mohanty Marg,69400000,2023-11-20
903,RAI-21-2023-0903,16,11,Railways,Construction of railways facility at Wagle Ganj,114500000,2024-03-03
904,SAN-18-2023-0904,13,7,Sanitation,Construction of sanitation facility at Swamy Marg,416500000,2023-10-17
905,ELE-20-2023-0905,15,18,Electricity,Construction of electricity facility at Mammen Street,457500000,2023-11-12
906,SAN-26-2023-0906,21,5,Sanitation,Construction of sanitation facility at Kata Nagar,189000000,2025-07-28
907,RAI-22-2023-0907,17,15,Railways,Construction of railways facility at Sachar Circle,261300000,2025-02-26
908,ELE-14-2023-0908,9,5,Electricity,Construction of electricity facility at Shanker Path,411100000,2025-04-03
909,DRI-13-2023-0909,8,15,Drinking Water,Construction of drinking water facility at Chandran Zila,250500000,2024-09-27
910,EDU-10-2023-0910,5,3,Education,Construction of education facility at Ramesh Street,232700000,2023-10-29
911,ELE-11-2023-0911,6,7,Electricity,Construction of electricity facility at Bhatia,138700000,2024-08-03
912,RAI-17-2023-0912,12,6,Railways,Construction of railways facility at Khalsa Street,143600000,2024-04-14
913,SPO-17-2023-0913,12,11,Sports,Construction of sports facility at Murty Road,101100000,2025-08-20
914,ROA-19-2023-0914,14,3,Roads,Construction of roads facility at Narain Marg,194200000,2024-05-05
915,ROA-21-2023-0915,16,6,Roads,Construction of roads facility at Magar Chowk,200700000,2024-02-29
916,ELE-11-2023-0916,6,11,Electricity,Construction of electricity facility at Jain Zila,407800000,2023-12-15
917,ELE-15-2023-0917,10,9,Electricity,Construction of electricity facility at Chopra,315200000,2023-12-30
918,EDU-15-2023-0918,10,14,Education,Construction of education facility at Gala Zila,382900000,2024-08-15
919,HEA-26-2023-0919,21,16,Health,Construction of health facility at Murthy Chowk,394200000,2024-07-12
920,SAN-12-2023-0920_Sanitation,7,6,Sanitation,Construction of sanitation facility at Wason Zila,348000000,2024-06-05
921,SAN-20-2023-0921,15,3,Sanitation,Construction of sanitation facility at Seth Ganj,338500000,2024-04-27
922,ELE-23-2023-0922,18,10,Electricity,Construction of electricity facility at Lanka Chowk,494600000,2025-06-24
923,DRI-29-2023-0923,24,16,Drinking Water,Construction of drinking water facility at Chana Zila,386900000,2024-01-01
924,SPO-18-2023-0924,13,20,Sports,Construction of sports facility at Baria Road,223500000,2024-02-15
925,RAI-26-2023-0925,21,3,Railways,Construction of railways facility at Divan Path,388200000,2023-11-10
926,ROA-17-2023-0926,12,2,Roads,Construction of roads facility at Parekh Ganj,301800000,2024-07-04
927,DRI-14-2023-0927,9,7,Drinking Water,Construction of drinking water facility at Bawa Circle,175600000,2025-02-07
928,SPO-19-2023-0928,14,9,Sports,Construction of sports facility at Lad Road,207800000,2025-05-29
929,HEA-12-2023-0929,7,19,Health,Construction of health facility at Balasubramanian Street,131500000,2024-07-11
930,EDU-6-2023-0930,1,10,Education,Construction of education facility at Krish Chowk,71000000,2023-11-13
931,DRI-27-2023-0931,22,6,Drinking Water,Construction of drinking water facility at Chaudry Chowk,156900000,2025-05-17
932,HEA-22-2023-0932,17,13,Health,Construction of health facility at Dara Street,359700000,2023-09-10
933,EDU-26-2023-0933,21,13,Education,Construction of education facility at Kapadia Nagar,140800000,2023-12-11
934,SAN-27-2023-0934,22,14,Sanitation,Construction of sanitation facility at Rattan Ganj,220300000,2024-06-16
935,RAI-8-2023-0935,3,19,Railways,Construction of railways facility at Lad Zila,181900000,2025-08-13
936,DRI-14-2023-0936,9,16,Drinking Water,Construction of drinking water facility at Bains Zila,179700000,2023-10-21
937,ELE-15-2023-0937,10,19,Electricity,Construction of electricity facility at Sawhney Ganj,227100000,2025-05-21
938,EDU-18-2023-0938,13,3,Education,Construction of education facility at Chanda Street,153600000,2025-08-03
939,SPO-10-2023-0939,5,9,Sports,Construction of sports facility at Das Path,208100000,2023-10-04
940,HEA-28-2023-0940,23,4,Health,Construction of health facility at Bedi Chowk,449600000,2024-01-09
941,EDU-29-2023-0941,24,14,Education,Construction of education facility at Sant,418100000,2025-05-31
942,ELE-16-2023-0942,11,17,Electricity,Construction of electricity facility at Taneja Marg,314300000,2023-09-23
943,SAN-7-2023-0943_Sanitation,2,19,Sanitation,Construction of sanitation facility at Sandhu Marg,150100000,2024-01-13
944,SPO-12-2023-0944,7,6,Sports,Construction of sports facility at Kala Path,282300000,2025-08-06
945,DRI-20-2023-0945,15,19,Drinking Water,Construction of drinking water facility at Maharaj Street,454600000,2024-04-05
946,SPO-24-2023-0946,19,19,Sports,Construction of sports facility at Dixit Chowk,243600000,2023-09-27
947,SPO-6-2023-0947,1,2,Sports,Construction of sports facility at Korpal,80300000,2025-01-15
948,SPO-21-2023-0948,16,9,Sports,Construction of sports facility at Tara Road,296500000,2024-07-17
949,SPO-6-2023-0949,1,7,Sports,Construction of sports facility at Srinivas Circle,294400000,2023-10-18
950,DRI-19-2023-0950,14,9,Drinking Water,Construction of drinking water facility at Mammen Zila,58500000,2024-06-24
951,DRI-19-2023-0951,14,8,Drinking Water,Construction of drinking water facility at Saini Street,93000000,2024-02-02
952,SAN-22-2023-0952,17,9,Sanitation,Construction of sanitation facility at Krish Circle,360900000,2025-01-02
953,EDU-7-2023-0953,2,13,Education,Construction of education facility at Bahl Circle,477400000,2024-06-24
954,ROA-28-2023-0954,23,12,Roads,Construction of roads facility at Srinivasan Path,117800000,2024-10-27
955,HEA-12-2023-0955,7,14,Health,Construction of health facility at Padmanabhan Chowk,433500000,2025-08-09
956,ELE-29-2023-0956,24,6,Electricity,Construction of electricity facility at Thakkar,463200000,2024-05-07
957,ROA-6-2023-0957,1,7,Roads,Construction of roads facility at Madan Marg,396500000,2024-01-18
958,HEA-23-2023-0958,18,16,Health,Construction of health facility at Nagar Nagar,63500000,2024-12-07
959,EDU-21-2023-0959,16,13,Education,Construction of education facility at Balan Ganj,340300000,2025-07-27
960,EDU-21-2023-0960,16,17,Education,Construction of education facility at Bhardwaj Road,90200000,2025-05-21
961,RAI-17-2023-0961,12,16,Railways,Construction of railways facility at Wagle Chowk,474800000,2024-06-04
962,DRI-9-2023-0962,4,6,Drinking Water,Construction of drinking water facility at Kaul,268000000,2024-01-02
963,ROA-9-2023-0963,4,12,Roads,Construction of roads facility at Kota Zila,455600000,2025-01-23
964,RAI-11-2023-0964,6,1,Railways,Construction of railways facility at Lata Ganj,300100000,2024-10-19
965,DRI-23-2023-0965,18,15,Drinking Water,Construction of drinking water facility at Kanda Nagar,438700000,2024-11-21
966,HEA-12-2023-0966,7,12,Health,Construction of health facility at Pant Marg,437100000,2025-08-27
967,ELE-14-2023-0967,9,20,Electricity,Construction of electricity facility at Goda Street,126900000,2024-03-02
968,DRI-11-2023-0968,6,17,Drinking Water,Construction of drinking water facility at Nadkarni,338800000,2025-05-19
969,SPO-20-2023-0969,15,13,Sports,Construction of sports facility at Bala Path,230400000,2025-02-28
970,SAN-15-2023-0970,10,7,Sanitation,Construction of sanitation facility at Dhar Path,219000000,2024-11-11
971,RAI-29-2023-0971,24,2,Railways,Construction of railways facility at Tailor Ganj,481600000,2024-10-26
972,SAN-26-2023-0972,21,2,Sanitation,Construction of sanitation facility at Gill Road,150700000,2024-09-15
973,ELE-13-2023-0973,8,14,Electricity,Construction of electricity facility at Chana Nagar,478500000,2023-10-14
974,ROA-30-2023-0974,25,4,Roads,Construction of roads facility at Kanda Ganj,62700000,2023-09-16
975,DRI-9-2023-0975,4,3,Drinking Water,Construction of drinking water facility at Sridhar Circle,90800000,2023-09-01
976,HEA-27-2023-0976,22,15,Health,Construction of health facility at Jaggi Path,403900000,2025-05-19
977,ROA-9-2023-0977,4,2,Roads,Construction of roads facility at Oak Street,304500000,2025-03-10
978,HEA-16-2023-0978,11,19,Health,Construction of health facility at Naik Street,296600000,2023-10-17
979,RAI-17-2023-0979,12,19,Railways,Construction of railways facility at Divan Nagar,306600000,2024-11-29
980,DRI-24-2023-0980,19,12,Drinking Water,Construction of drinking water facility at Choudhry Street,394800000,2025-06-19
981,ROA-26-2023-0981,21,6,Roads,Construction of roads facility at Patla Circle,93800000,2023-10-27
982,DRI-11-2023-0982,6,1,Drinking Water,Construction of drinking water facility at Randhawa Path,119300000,2024-11-29
983,SAN-21-2023-0983,16,20,Sanitation,Construction of sanitation facility at Nayar Zila,99800000,2024-04-22
984,RAI-7-2023-0984,2,10,Railways,Construction of railways facility at Deshpande Path,161700000,2024-01-01
985,DRI-19-2023-0985,14,4,Drinking Water,Construction of drinking water facility at Sur Marg,175300000,2025-01-17
986,DRI-10-2023-0986,5,4,Drinking Water,Construction of drinking water facility at Ghosh Path,149700000,2025-03-03
987,EDU-20-2023-0987,15,13,Education,Construction of education facility at Parikh Circle,404100000,2024-02-21
988,RAI-24-2023-0988,19,2,Railways,Construction of railways facility at Gill,287500000,2024-06-20
989,SPO-19-2023-0989_Sports,14,15,Sports,Construction of sports facility at Menon Road,171300000,2023-12-08
990,SAN-9-2023-0990,4,18,Sanitation,Construction of sanitation facility at Agarwal Street,164100000,2025-02-27
991,SPO-17-2023-0991,12,14,Sports,Construction of sports facility at Raman,470200000,2025-06-22
992,SPO-19-2023-0992,14,5,Sports,Construction of sports facility at Bali,105800000,2024-01-20
993,SAN-28-2023-0993,23,17,Sanitation,Construction of sanitation facility at Nadkarni,335100000,2025-08-16
994,EDU-18-2023-0994,13,10,Education,Construction of education facility at Kant,459100000,2025-01-09
995,SPO-11-2023-0995,6,5,Sports,Construction of sports facility at Chawla,394100000,2025-08-28
996,DRI-12-2023-0996,7,19,Drinking Water,Construction of drinking water facility at Dhaliwal Chowk,192500000,2024-05-15
997,RAI-28-2023-0997,23,16,Railways,Construction of railways facility at Khanna Zila,408400000,2024-05-27
998,DRI-28-2023-0998,23,19,Drinking Water,Construction of drinking water facility at Ganesh Path,128800000,2025-01-07
999,RAI-15-2023-0999,10,9,Railways,Construction of railways facility at Nayak Zila,205700000,2024-08-12
1000,SPO-26-2023-1000,21,10,Sports,Construction of sports facility at Lanka Nagar,108000000,2024-02-10
1001,SAN-26-2023-1001,21,18,Sanitation,Construction of sanitation facility at Bir Ganj,68400000,2024-05-30
1002,HEA-9-2023-1002,4,8,Health,Construction of health facility at Chokshi Road,474100000,2025-03-13
1003,ROA-15-2023-1003_Roads,10,10,Roads,Construction of roads facility at Bava Nagar,74500000,2024-06-26
1004,DRI-25-2023-1004,20,19,Drinking Water,Construction of drinking water facility at Saini Chowk,243000000,2024-01-08
1005,EDU-25-2023-1005,20,20,Education,Construction of education facility at Tailor Marg,442200000,2025-07-16
1006,SPO-28-2023-1006,23,8,Sports,Construction of sports facility at Panchal Marg,441200000,2024-10-29
1007,HEA-18-2023-1007,13,9,Health,Construction of health facility at Chaudhuri Marg,487600000,2025-06-05
1008,ELE-18-2023-1008,13,12,Electricity,Construction of electricity facility at Kar Chowk,402000000,2024-01-05
1009,EDU-23-2023-1009,18,19,Education,Construction of education facility at Borah Chowk,58200000,2025-05-13
1010,EDU-9-2023-1010,4,1,Education,Construction of education facility at Menon Nagar,96400000,2023-09-16
1011,SPO-30-2023-1011,25,14,Sports,Construction of sports facility at Lal Path,442100000,2023-11-21
1012,HEA-25-2023-1012,20,5,Health,Construction of health facility at Oommen Zila,413300000,2024-01-11
1013,DRI-29-2023-1013,24,18,Drinking Water,Construction of drinking water facility at Dyal Marg,333900000,2025-03-22
1014,HEA-17-2023-1014,12,15,Health,Construction of health facility at Chander Zila,150500000,2024-05-20
1015,EDU-20-2023-1015,15,9,Education,Construction of education facility at Subramanian,67400000,2025-03-01
1016,SPO-15-2023-1016,10,19,Sports,Construction of sports facility at Sankar Nagar,365100000,2025-01-20
1017,ROA-25-2023-1017,20,6,Roads,Construction of roads facility at Saraf Street,75600000,2024-01-01
1018,SPO-11-2023-1018,6,6,Sports,Construction of sports facility at Chaudhuri Nagar,96700000,2024-05-15
1019,ROA-14-2023-1019,9,11,Roads,Construction of roads facility at Gupta Ganj,183100000,2024-07-14
1020,HEA-21-2023-1020,16,18,Health,Construction of health facility at Zachariah Circle,494600000,2024-03-25
1021,ROA-8-2023-1021,3,10,Roads,Construction of roads facility at Mishra Road,312900000,2024-03-03
1022,SAN-10-2023-1022,5,18,Sanitation,Construction of sanitation facility at Bawa Zila,443300000,2024-07-02
1023,SAN-9-2023-1023,4,16,Sanitation,Construction of sanitation facility at Swaminathan,102400000,2023-12-29
1024,ELE-17-2023-1024,12,19,Electricity,Construction of electricity facility at Patel Nagar,170300000,2023-09-03
1025,RAI-15-2023-1025_Railways,10,20,Railways,Construction of railways facility at Chahal Marg,309900000,2024-04-16
1026,SAN-9-2023-1026,4,9,Sanitation,Construction of sanitation facility at Srinivasan,139400000,2024-02-03
1027,SAN-16-2023-1027,11,19,Sanitation,Construction of sanitation facility at Bal Zila,390700000,2024-02-08
1028,SPO-20-2023-1028,15,11,Sports,Construction of sports facility at Manne Street,356900000,2023-11-03
1029,DRI-24-2023-1029,19,10,Drinking Water,Construction of drinking water facility at D’Alia Chowk,137000000,2024-04-27
1030,EDU-27-2023-1030,22,1,Education,Construction of education facility at Sinha Marg,113300000,2024-09-14
1031,RAI-25-2023-1031,20,8,Railways,Construction of railways facility at Chand Road,309600000,2025-01-11
1032,SAN-10-2023-1032,5,1,Sanitation,Construction of sanitation facility at Ram Circle,144500000,2024-01-22
1033,HEA-28-2023-1033,23,8,Health,Construction of health facility at Raj Path,417700000,2024-06-13
1034,EDU-11-2023-1034,6,17,Education,Construction of education facility at Sehgal Street,116700000,2023-10-05
1035,SPO-29-2023-1035,24,18,Sports,Construction of sports facility at Sarraf Road,265700000,2024-08-27
1036,ELE-28-2023-1036,23,18,Electricity,Construction of electricity facility at Kara Road,109800000,2025-06-12
1037,ROA-29-2023-1037,24,20,Roads,Construction of roads facility at Bhatia Road,147500000,2023-12-27
1038,SAN-21-2023-1038,16,20,Sanitation,Construction of sanitation facility at Chada Zila,417700000,2025-01-31
1039,EDU-24-2023-1039,19,6,Education,Construction of education facility at Sachdev Path,174700000,2025-04-10
1040,EDU-13-2023-1040,8,6,Education,Construction of education facility at Karan,240200000,2024-11-03
1041,HEA-20-2023-1041,15,8,Health,Construction of health facility at Ram Nagar,402600000,2025-05-28
1042,ROA-15-2023-1042,10,5,Roads,Construction of roads facility at Sahota Circle,274300000,2024-10-20
1043,ELE-26-2023-1043,21,6,Electricity,Construction of electricity facility at Keer Chowk,72400000,2024-09-04
1044,SAN-26-2023-1044,21,14,Sanitation,Construction of sanitation facility at Brar Road,216400000,2024-07-03
1045,EDU-9-2023-1045,4,1,Education,Construction of education facility at Thakkar Nagar,414000000,2024-11-17
1046,HEA-23-2023-1046,18,6,Health,Construction of health facility at Din Circle,110900000,2023-12-03
1047,SAN-26-2023-1047,21,9,Sanitation,Construction of sanitation facility at Ghose Chowk,205900000,2024-01-08
1048,SPO-11-2023-1048,6,3,Sports,Construction of sports facility at Hans Ganj,230300000,2023-12-08
1049,EDU-8-2023-1049,3,2,Education,Construction of education facility at Sampath Nagar,472900000,2023-10-31
1050,ROA-12-2023-1050,7,17,Roads,Construction of roads facility at Jaggi Marg,361500000,2025-05-31
1051,SPO-17-2023-1051,12,14,Sports,Construction of sports facility at Kuruvilla Street,342500000,2024-05-06
1052,SPO-24-2023-1052,19,1,Sports,Construction of sports facility at Chahal Zila,144800000,2024-06-28
1053,RAI-9-2023-1053,4,12,Railways,Construction of railways facility at Ranganathan Circle,450700000,2024-11-02
1054,SAN-23-2023-1054,18,16,Sanitation,Construction of sanitation facility at Majumdar Path,264300000,2024-10-08
1055,DRI-29-2023-1055,24,20,Drinking Water,Construction of drinking water facility at Arora Chowk,302700000,2025-05-03
1056,DRI-20-2023-1056,15,5,Drinking Water,Construction of drinking water facility at Virk,67200000,2025-04-30
1057,HEA-30-2023-1057,25,3,Health,Construction of health facility at Chowdhury Marg,178600000,2024-07-18
1058,HEA-19-2023-1058_Health,14,12,Health,Construction of health facility at Divan Street,61100000,2024-11-14
1059,HEA-28-2023-1059,23,2,Health,Construction of health facility at Chaudhry,77600000,2025-08-19
1060,SPO-29-2023-1060_Sports,24,17,Sports,Construction of sports facility at Chaudhuri Zila,66500000,2025-05-03
1061,ROA-28-2023-1061,23,20,Roads,Construction of roads facility at Wason Road,315100000,2025-07-15
1062,RAI-27-2023-1062,22,8,Railways,Construction of railways facility at Roy Path,358400000,2024-03-24
1063,RAI-28-2023-1063,23,14,Railways,Construction of railways facility at Sunder Marg,372400000,2024-11-18
1064,DRI-22-2023-1064,17,15,Drinking Water,Construction of drinking water facility at Solanki,375500000,2023-09-30
1065,EDU-23-2023-1065,18,5,Education,Construction of education facility at Majumdar Street,188600000,2024-07-09
1066,HEA-7-2023-1066,2,7,Health,Construction of health facility at Ratti Street,98200000,2023-10-01
1067,DRI-7-2023-1067,2,6,Drinking Water,Construction of drinking water facility at Narula Marg,269600000,2025-02-18
1068,EDU-7-2023-1068,2,16,Education,Construction of education facility at Bawa Ganj,136000000,2025-04-02
1069,EDU-21-2023-1069,16,16,Education,Construction of education facility at Luthra Chowk,81900000,2025-07-28
1070,EDU-23-2023-1070,18,20,Education,Construction of education facility at Bahri Path,406700000,2024-05-20
1071,HEA-18-2023-1071,13,10,Health,Construction of health facility at Mukhopadhyay Road,354100000,2024-04-05
1072,RAI-26-2023-1072,21,20,Railways,Construction of railways facility at Chaudhari Chowk,58000000,2025-07-06
1073,EDU-17-2023-1073,12,5,Education,Construction of education facility at Desai Ganj,490500000,2024-04-21
1074,SAN-20-2023-1074,15,20,Sanitation,Construction of sanitation facility at Nagi Chowk,61500000,2024-03-28
1075,EDU-11-2023-1075,6,12,Education,Construction of education facility at Chakraborty Marg,174800000,2024-01-24
1076,SPO-7-2023-1076,2,12,Sports,Construction of sports facility at Kakar Chowk,320400000,2025-08-10
1077,HEA-26-2023-1077,21,4,Health,Construction of health facility at Sundaram Marg,227300000,2025-04-12
1078,DRI-13-2023-1078,8,12,Drinking Water,Construction of drinking water facility at Prakash Circle,162200000,2025-05-30
1079,SPO-9-2023-1079,4,2,Sports,Construction of sports facility at Varma Nagar,359000000,2025-05-07
1080,HEA-20-2023-1080,15,19,Health,Construction of health facility at Bhatti Street,186000000,2024-04-29
1081,EDU-14-2023-1081,9,16,Education,Construction of education facility at Raval Circle,406600000,2023-12-15
1082,ELE-24-2023-1082,19,4,Electricity,Construction of electricity facility at Balakrishnan Circle,58700000,2024-01-13
1083,DRI-6-2023-1083_Drinking Water,1,16,Drinking Water,Construction of drinking water facility at Iyer Ganj,273600000,2025-06-12
1084,RAI-15-2023-1084,10,8,Railways,Construction of railways facility at Krish Nagar,422300000,2023-09-26
1085,ELE-8-2023-1085,3,7,Electricity,Construction of electricity facility at Bedi Chowk,194900000,2025-08-14
1086,EDU-18-2023-1086,13,10,Education,Construction of education facility at Issac Path,495700000,2024-03-31
1087,ELE-18-2023-1087,13,16,Electricity,Construction of electricity facility at Shetty Path,350000000,2024-09-27
1088,ROA-7-2023-1088,2,3,Roads,Construction of roads facility at Dasgupta Marg,118700000,2025-02-11
1089,SAN-16-2023-1089,11,19,Sanitation,Construction of sanitation facility at Khurana Nagar,431900000,2024-06-16
1090,DRI-25-2023-1090,20,10,Drinking Water,Construction of drinking water facility at Sehgal Chowk,188700000,2024-01-16
1091,SPO-23-2023-1091,18,11,Sports,Construction of sports facility at Palla Chowk,285100000,2024-05-25
1092,ROA-28-2023-1092,23,6,Roads,Construction of roads facility at Kuruvilla Street,262400000,2025-04-04
1093,ELE-20-2023-1093,15,15,Electricity,Construction of electricity facility at Mane Zila,80000000,2023-09-22
1094,HEA-10-2023-1094,5,12,Health,Construction of health facility at Bawa Marg,330300000,2024-01-05
1095,RAI-11-2023-1095_Railways,6,9,Railways,Construction of railways facility at Kala,263600000,2025-06-27
1096,SPO-22-2023-1096,17,6,Sports,Construction of sports facility at Kar Ganj,77700000,2025-02-08
1097,EDU-28-2023-1097,23,6,Education,Construction of education facility at Luthra Ganj,203200000,2025-01-19
1098,SPO-14-2023-1098,9,18,Sports,Construction of sports facility at Varghese Marg,377100000,2023-09-16
1099,EDU-14-2023-1099,9,20,Education,Construction of education facility at Som Nagar,394800000,2025-08-08
1100,HEA-24-2023-1100,19,19,Health,Construction of health facility at Ghose Street,164300000,2024-12-10
1101,RAI-11-2023-1101,6,10,Railways,Construction of railways facility at Kapur Nagar,374300000,2024-03-15
1102,HEA-9-2023-1102,4,6,Health,Construction of health facility at Mody,407600000,2025-03-07
1103,SPO-9-2023-1103,4,6,Sports,Construction of sports facility at Sampath Road,224000000,2025-07-27
1104,ELE-8-2023-1104,3,11,Electricity,Construction of electricity facility at Palla Marg,377500000,2024-08-22
1105,ELE-13-2023-1105,8,13,Electricity,Construction of electricity facility at Kamdar Road,242600000,2024-08-28
1106,HEA-21-2023-1106,16,9,Health,Construction of health facility at Verma Road,297300000,2025-06-02
1107,SPO-23-2023-1107_Sports,18,2,Sports,Construction of sports facility at Ranganathan,443700000,2024-11-27
1108,EDU-28-2023-1108,23,20,Education,Construction of education facility at Amble Zila,333600000,2024-10-02
1109,RAI-21-2023-1109,16,8,Railways,Construction of railways facility at Mandal Path,59400000,2024-04-19
1110,RAI-27-2023-1110,22,5,Railways,Construction of railways facility at Subramaniam Zila,461200000,2023-10-20
1111,EDU-6-2023-1111_Education,1,4,Education,Construction of education facility at Malhotra Path,173100000,2025-01-10
1112,EDU-7-2023-1112,2,3,Education,Construction of education facility at Malhotra Path,451000000,2024-03-21
1113,DRI-29-2023-1113,24,3,Drinking Water,Construction of drinking water facility at Guha Road,494600000,2023-12-26
1114,EDU-26-2023-1114,21,6,Education,Construction of education facility at Khosla Circle,342600000,2025-07-30
1115,RAI-20-2023-1115,15,7,Railways,Construction of railways facility at Raval Nagar,403100000,2025-01-26
1116,SAN-30-2023-1116_Sanitation,25,15,Sanitation,Construction of sanitation facility at Dey Path,355300000,2025-03-14
1117,ROA-22-2023-1117,17,20,Roads,Construction of roads facility at Tank Nagar,396100000,2024-04-17
1118,ROA-15-2023-1118,10,10,Roads,Construction of roads facility at Sahota Road,471100000,2024-07-11
1119,SPO-28-2023-1119,23,3,Sports,Construction of sports facility at Banik Marg,275100000,2024-11-26
1120,DRI-8-2023-1120,3,20,Drinking Water,Construction of drinking water facility at Gupta,383500000,2024-05-24
1121,HEA-11-2023-1121_Health,6,17,Health,Construction of health facility at Warrior Ganj,234100000,2025-01-08
1122,DRI-19-2023-1122,14,16,Drinking Water,Construction of drinking water facility at Parmer Chowk,330900000,2024-09-29
1123,ELE-23-2023-1123,18,4,Electricity,Construction of electricity facility at Garde Road,369500000,2025-06-14
1124,SAN-27-2023-1124,22,1,Sanitation,Construction of sanitation facility at Golla Circle,299000000,2024-04-16
1125,DRI-7-2023-1125,2,5,Drinking Water,Construction of drinking water facility at Sinha Zila,282500000,2023-12-09
1126,HEA-9-2023-1126,4,19,Health,Construction of health facility at Goswami Road,223100000,2025-02-09
1127,ROA-20-2023-1127,15,3,Roads,Construction of roads facility at Chakraborty Path,311600000,2024-02-20
1128,RAI-12-2023-1128,7,6,Railways,Construction of railways facility at Kapoor Path,284500000,2025-04-01
1129,EDU-11-2023-1129,6,9,Education,Construction of education facility at Salvi Road,364000000,2025-05-05
1130,SPO-11-2023-1130,6,6,Sports,Construction of sports facility at Prabhu Path,68700000,2024-03-21
1131,ELE-22-2023-1131,17,19,Electricity,Construction of electricity facility at Menon,425000000,2024-08-26
1132,DRI-6-2023-1132,1,7,Drinking Water,Construction of drinking water facility at Singhal Zila,219500000,2023-10-12
1133,ELE-10-2023-1133,5,19,Electricity,Construction of electricity facility at Bobal,250500000,2024-09-01
1134,EDU-26-2023-1134,21,18,Education,Construction of education facility at Tella Ganj,391600000,2023-12-03
1135,DRI-9-2023-1135,4,9,Drinking Water,Construction of drinking water facility at Wagle Marg,289900000,2024-04-19
1136,RAI-26-2023-1136,21,13,Railways,Construction of railways facility at Bhagat Marg,401000000,2025-07-08
1137,HEA-13-2023-1137,8,20,Health,Construction of health facility at Devan Street,445300000,2024-02-03
1138,HEA-10-2023-1138,5,3,Health,Construction of health facility at Rout Path,262900000,2024-11-16
1139,DRI-18-2023-1139,13,1,Drinking Water,Construction of drinking water facility at Dhar Chowk,231000000,2024-05-03
1140,ROA-12-2023-1140,7,4,Roads,Construction of roads facility at Buch Street,176500000,2024-09-13
1141,HEA-10-2023-1141,5,11,Health,Construction of health facility at Goel Path,298100000,2024-05-01
1142,SAN-16-2023-1142,11,18,Sanitation,Construction of sanitation facility at Agrawal Nagar,359600000,2024-08-17
1143,ROA-24-2023-1143,19,12,Roads,Construction of roads facility at Kadakia Road,219100000,2025-04-14
1144,DRI-30-2023-1144,25,8,Drinking Water,Construction of drinking water facility at Dutt Street,479300000,2024-09-15
1145,ROA-23-2023-1145,18,15,Roads,Construction of roads facility at Dayal Zila,488000000,2024-12-21
1146,ELE-30-2023-1146,25,15,Electricity,Construction of electricity facility at Sanghvi Marg,250700000,2024-07-10
1147,EDU-10-2023-1147,5,14,Education,Construction of education facility at Sood Marg,158500000,2024-06-24
1148,RAI-6-2023-1148,1,13,Railways,Construction of railways facility at Barad Nagar,145300000,2024-10-19
1149,EDU-25-2023-1149,20,6,Education,Construction of education facility at Prakash Ganj,412600000,2023-09-11
1150,RAI-21-2023-1150,16,9,Railways,Construction of railways facility at Wali Path,471200000,2024-01-27
1151,RAI-28-2023-1151,23,8,Railways,Construction of railways facility at Agrawal Nagar,141300000,2024-12-30
1152,ELE-14-2023-1152,9,15,Electricity,Construction of electricity facility at Kara Ganj,196400000,2025-02-20
1153,ELE-28-2023-1153,23,4,Electricity,Construction of electricity facility at Muni Path,208500000,2023-12-10
1154,ROA-10-2023-1154,5,12,Roads,Construction of roads facility at Rajagopal Zila,222200000,2024-09-25
1155,SAN-20-2023-1155,15,12,Sanitation,Construction of sanitation facility at Mohan,473000000,2024-01-08
1156,ROA-18-2023-1156,13,12,Roads,Construction of roads facility at Bath Zila,323300000,2024-04-19
1157,SPO-30-2023-1157,25,10,Sports,Construction of sports facility at Shah Road,95300000,2025-03-19
1158,SAN-26-2023-1158,21,18,Sanitation,Construction of sanitation facility at Viswanathan Circle,69300000,2024-05-20
1159,HEA-19-2023-1159,14,2,Health,Construction of health facility at Desai Marg,181400000,2024-05-24
1160,SPO-17-2023-1160,12,14,Sports,Construction of sports facility at Parmer Chowk,98500000,2025-04-05
1161,SPO-11-2023-1161,6,5,Sports,Construction of sports facility at Gala Ganj,174300000,2025-08-05
1162,ROA-24-2023-1162,19,10,Roads,Construction of roads facility at Bahl Marg,485000000,2024-02-25
1163,RAI-10-2023-1163,5,12,Railways,Construction of railways facility at Deep Ganj,225900000,2024-02-12
1164,DRI-20-2023-1164,15,9,Drinking Water,Construction of drinking water facility at Thaman Nagar,164900000,2024-01-10
1165,DRI-14-2023-1165,9,5,Drinking Water,Construction of drinking water facility at Peri Zila,463000000,2025-03-06
1166,ELE-24-2023-1166,19,6,Electricity,Construction of electricity facility at Prashad Nagar,470600000,2025-07-12
1167,ELE-25-2023-1167,20,10,Electricity,Construction of electricity facility at Warrior Road,320600000,2024-12-28
1168,SPO-24-2023-1168_Sports,19,20,Sports,Construction of sports facility at Bava Nagar,65400000,2025-01-27
1169,SAN-14-2023-1169,9,13,Sanitation,Construction of sanitation facility at Bahri Zila,175000000,2023-10-08
1170,SAN-6-2023-1170,1,5,Sanitation,Construction of sanitation facility at Saha Zila,106700000,2024-08-11
1171,ROA-10-2023-1171,5,12,Roads,Construction of roads facility at Dasgupta Marg,240800000,2024-10-30
1172,SPO-28-2023-1172,23,1,Sports,Construction of sports facility at Som Road,70800000,2025-02-27
1173,SPO-8-2023-1173,3,16,Sports,Construction of sports facility at Jha Street,152100000,2025-02-21
1174,SAN-20-2023-1174,15,17,Sanitation,Construction of sanitation facility at Mitra Nagar,309500000,2024-07-23
1175,RAI-22-2023-1175_Railways,17,18,Railways,Construction of railways facility at Venkatesh Zila,63200000,2024-03-28
1176,SPO-8-2023-1176,3,9,Sports,Construction of sports facility at Devan,296300000,2024-07-22
1177,HEA-24-2023-1177,19,18,Health,Construction of health facility at Vaidya Zila,195200000,2025-03-12
1178,HEA-9-2023-1178,4,11,Health,Construction of health facility at Dalal,290000000,2024-04-07
1179,EDU-19-2023-1179_Education,14,13,Education,Construction of education facility at Cherian Zila,183000000,2024-09-21
1180,RAI-30-2023-1180,25,13,Railways,Construction of railways facility at Iyengar Ganj,78000000,2025-04-27
1181,ELE-6-2023-1181,1,9,Electricity,Construction of electricity facility at Virk Road,179500000,2024-02-04
1182,RAI-7-2023-1182,2,18,Railways,Construction of railways facility at Rout Path,390000000,2024-04-17
1183,SAN-25-2023-1183,20,2,Sanitation,Construction of sanitation facility at Baral Street,128900000,2024-10-30
1184,EDU-22-2023-1184,17,12,Education,Construction of education facility at Johal Chowk,127600000,2025-02-16
1185,ELE-18-2023-1185,13,15,Electricity,Construction of electricity facility at Narayanan Chowk,296600000,2024-03-01
1186,DRI-27-2023-1186,22,1,Drinking Water,Construction of drinking water facility at Arya Nagar,365400000,2025-02-03
1187,SAN-19-2023-1187,14,2,Sanitation,Construction of sanitation facility at Choudhry Zila,59500000,2025-06-10
1188,RAI-26-2023-1188,21,7,Railways,Construction of railways facility at Tak,146500000,2023-12-25
1189,RAI-14-2023-1189,9,19,Railways,Construction of railways facility at Vaidya Zila,129000000,2023-10-29
1190,HEA-18-2023-1190,13,3,Health,Construction of health facility at Kunda Zila,424700000,2025-01-13
1191,EDU-6-2023-1191,1,9,Education,Construction of education facility at Shan Ganj,463400000,2024-04-17
1192,SAN-9-2023-1192,4,1,Sanitation,Construction of sanitation facility at Shetty Road,480500000,2023-10-09
1193,ELE-14-2023-1193,9,17,Electricity,Construction of electricity facility at Ghosh Zila,356700000,2025-07-10
1194,HEA-24-2023-1194_Health,19,12,Health,Construction of health facility at Mannan Nagar,278000000,2024-06-06
1195,ROA-25-2023-1195,20,17,Roads,Construction of roads facility at Sandhu Path,50200000,2025-03-27
1196,ELE-16-2023-1196,11,8,Electricity,Construction of electricity facility at Chandran Zila,248600000,2025-06-23
1197,ROA-15-2023-1197,10,1,Roads,Construction of roads facility at Andra Nagar,165000000,2025-06-23
1198,ROA-16-2023-1198_Roads,11,5,Roads,Construction of roads facility at Garde Street,318200000,2024-05-13
1199,RAI-15-2023-1199,10,6,Railways,Construction of railways facility at Sarma Path,294700000,2024-12-26
1200,ROA-19-2023-1200,14,5,Roads,Construction of roads facility at Chander Road,142400000,2024-06-16
1201,SAN-14-2023-1201,9,20,Sanitation,Construction of sanitation facility at Goswami Path,247600000,2023-11-28
1202,SAN-21-2023-1202,16,20,Sanitation,Construction of sanitation facility at Ratta Marg,393700000,2024-08-20
1203,RAI-21-2023-1203,16,20,Railways,Construction of railways facility at Rajan Road,248800000,2025-02-17
1204,SPO-11-2023-1204,6,20,Sports,Construction of sports facility at Sama Chowk,84400000,2025-01-16
1205,HEA-19-2023-1205,14,1,Health,Construction of health facility at Chowdhury Street,345400000,2023-12-12
1206,DRI-30-2023-1206,25,5,Drinking Water,Construction of drinking water facility at Dutta Nagar,376600000,2023-11-20
1207,SAN-9-2023-1207,4,6,Sanitation,Construction of sanitation facility at Subramanian Marg,130900000,2025-05-16
1208,DRI-20-2023-1208,15,9,Drinking Water,Construction of drinking water facility at Sarma,315800000,2024-01-19
1209,SPO-18-2023-1209,13,7,Sports,Construction of sports facility at Raghavan,335500000,2025-04-28
1210,HEA-13-2023-1210,8,16,Health,Construction of health facility at Balakrishnan Path,309300000,2025-07-01
1211,SPO-25-2023-1211,20,18,Sports,Construction of sports facility at Subramanian Street,215600000,2025-08-15
1212,HEA-22-2023-1212,17,19,Health,Construction of health facility at Chowdhury Chowk,304300000,2025-07-21
1213,EDU-18-2023-1213,13,12,Education,Construction of education facility at Sastry Marg,124100000,2023-10-06
1214,EDU-26-2023-1214,21,1,Education,Construction of education facility at Lal Zila,290700000,2025-01-21
1215,ELE-8-2023-1215_Electricity,3,20,Electricity,Construction of electricity facility at Arora Path,274200000,2025-03-01
1216,ROA-7-2023-1216,2,20,Roads,Construction of roads facility at Kapur Circle,249600000,2025-02-02
1217,ELE-16-2023-1217,11,5,Electricity,Construction of electricity facility at Venkataraman Path,474800000,2024-10-11
1218,SAN-16-2023-1218,11,14,Sanitation,Construction of sanitation facility at Chandran,113100000,2024-08-02
1219,RAI-8-2023-1219,3,17,Railways,Construction of railways facility at Subramaniam Ganj,488500000,2024-05-26
1220,DRI-24-2023-1220,19,1,Drinking Water,Construction of drinking water facility at Dixit Marg,427000000,2025-06-13
1221,RAI-14-2023-1221,9,14,Railways,Construction of railways facility at Bhagat Circle,97100000,2023-09-10
1222,ROA-20-2023-1222,15,12,Roads,Construction of roads facility at Tiwari Street,256400000,2025-06-21
1223,ROA-24-2023-1223,19,15,Roads,Construction of roads facility at Tandon Chowk,320700000,2025-07-07
1224,SAN-30-2023-1224,25,9,Sanitation,Construction of sanitation facility at Borde Street,148000000,2025-04-06
1225,DRI-20-2023-1225,15,4,Drinking Water,Construction of drinking water facility at Nagi Chowk,455400000,2024-03-06
1226,SAN-16-2023-1226,11,16,Sanitation,Construction of sanitation facility at Mall Path,199900000,2023-10-10
1227,HEA-29-2023-1227,24,10,Health,Construction of health facility at Kapoor Circle,235600000,2024-11-01
1228,DRI-6-2023-1228,1,8,Drinking Water,Construction of drinking water facility at Rau Marg,98400000,2025-05-27
1229,EDU-27-2023-1229,22,18,Education,Construction of education facility at Brar Ganj,191200000,2024-08-22
1230,ELE-26-2023-1230,21,2,Electricity,Construction of electricity facility at Sem Chowk,411000000,2023-11-08
1231,EDU-27-2023-1231,22,2,Education,Construction of education facility at Sekhon Chowk,305300000,2024-05-03
1232,ELE-6-2023-1232,1,13,Electricity,Construction of electricity facility at Tank Zila,326300000,2025-04-01
1233,RAI-14-2023-1233,9,14,Railways,Construction of railways facility at Chauhan Nagar,204200000,2024-07-10
1234,SAN-9-2023-1234,4,16,Sanitation,Construction of sanitation facility at Banik Marg,481900000,2024-11-06
1235,HEA-28-2023-1235,23,9,Health,Construction of health facility at Acharya Circle,289900000,2025-06-03
1236,RAI-27-2023-1236,22,7,Railways,Construction of railways facility at Modi Zila,368500000,2025-07-23
1237,EDU-18-2023-1237,13,13,Education,Construction of education facility at Jhaveri Circle,301500000,2025-01-21
1238,SPO-16-2023-1238,11,9,Sports,Construction of sports facility at Om Chowk,204200000,2024-06-09
1239,HEA-21-2023-1239,16,15,Health,Construction of health facility at Kapoor Nagar,130800000,2025-06-17
1240,DRI-9-2023-1240,4,13,Drinking Water,Construction of drinking water facility at Narula Chowk,87000000,2024-11-09
1241,HEA-28-2023-1241,23,4,Health,Construction of health facility at Solanki,320900000,2025-03-10
1242,HEA-9-2023-1242,4,15,Health,Construction of health facility at Sethi Path,261500000,2023-11-28
1243,SPO-13-2023-1243,8,4,Sports,Construction of sports facility at Kapadia Zila,277800000,2023-09-02
1244,HEA-26-2023-1244,21,19,Health,Construction of health facility at Pant Path,107700000,2025-06-06
1245,ROA-17-2023-1245,12,4,Roads,Construction of roads facility at Vig Road,376200000,2024-06-17
1246,RAI-9-2023-1246,4,4,Railways,Construction of railways facility at Bath Zila,214400000,2025-07-28
1247,EDU-13-2023-1247,8,6,Education,Construction of education facility at Tailor Street,248000000,2023-12-19
1248,HEA-22-2023-1248,17,10,Health,Construction of health facility at Chhabra Marg,222300000,2024-03-16
1249,DRI-10-2023-1249,5,20,Drinking Water,Construction of drinking water facility at Hayre,370500000,2024-01-24
1250,HEA-26-2023-1250,21,8,Health,Construction of health facility at Ramaswamy Zila,325100000,2024-02-15
1251,ELE-19-2023-1251,14,5,Electricity,Construction of electricity facility at Halder Chowk,498200000,2025-03-10
1252,SAN-7-2023-1252,2,5,Sanitation,Construction of sanitation facility at Chokshi Path,81400000,2025-04-11
1253,DRI-8-2023-1253,3,19,Drinking Water,Construction of drinking water facility at Batra Marg,367400000,2025-08-20
1254,RAI-8-2023-1254,3,14,Railways,Construction of railways facility at Dasgupta,366200000,2025-04-22
1255,ELE-19-2023-1255,14,10,Electricity,Construction of electricity facility at Shankar Chowk,422000000,2025-01-24
1256,SPO-8-2023-1256,3,16,Sports,Construction of sports facility at Thaman,295600000,2023-12-14
1257,SPO-22-2023-1257,17,7,Sports,Construction of sports facility at Agrawal Chowk,394900000,2024-10-16
1258,HEA-8-2023-1258,3,18,Health,Construction of health facility at Sant Nagar,251500000,2025-06-13
1259,ELE-23-2023-1259,18,14,Electricity,Construction of electricity facility at Subramanian,435200000,2025-08-18
1260,SPO-19-2023-1260,14,10,Sports,Construction of sports facility at Goel Circle,197700000,2025-02-19
1261,HEA-18-2023-1261,13,20,Health,Construction of health facility at Ghose,173400000,2025-03-21
1262,DRI-17-2023-1262,12,20,Drinking Water,Construction of drinking water facility at Chawla Street,129500000,2024-06-27
1263,ELE-27-2023-1263,22,13,Electricity,Construction of electricity facility at Nagy,224400000,2024-09-26
1264,ELE-11-2023-1264,6,15,Electricity,Construction of electricity facility at Sahota Marg,174500000,2024-12-17
1265,HEA-13-2023-1265,8,8,Health,Construction of health facility at Mahal Ganj,142800000,2024-07-06
1266,SPO-21-2023-1266,16,16,Sports,Construction of sports facility at Menon Path,437300000,2024-08-17
1267,SAN-20-2023-1267,15,9,Sanitation,Construction of sanitation facility at Devi Street,328300000,2024-07-17
1268,HEA-26-2023-1268,21,1,Health,Construction of health facility at Vala,312700000,2024-04-20
1269,SPO-10-2023-1269,5,8,Sports,Construction of sports facility at Murthy Circle,188400000,2025-03-06
1270,HEA-18-2023-1270,13,3,Health,Construction of health facility at Kalla Circle,301100000,2024-02-04
1271,EDU-25-2023-1271,20,18,Education,Construction of education facility at Mannan Ganj,322700000,2025-02-15
1272,SPO-26-2023-1272_Sports,21,17,Sports,Construction of sports facility at Deo Path,368100000,2025-03-05
1273,SAN-25-2023-1273,20,11,Sanitation,Construction of sanitation facility at Thakur Street,264200000,2024-10-26
1274,SAN-7-2023-1274,2,20,Sanitation,Construction of sanitation facility at D’Alia Path,466800000,2025-04-13
1275,HEA-7-2023-1275,2,17,Health,Construction of health facility at Srinivasan Path,121500000,2024-11-26
1276,SAN-19-2023-1276,14,5,Sanitation,Construction of sanitation facility at Sahni,136600000,2025-02-05
1277,EDU-15-2023-1277,10,17,Education,Construction of education facility at Mangal Circle,53100000,2025-07-13
1278,RAI-8-2023-1278,3,7,Railways,Construction of railways facility at Arya Marg,211600000,2024-10-11
1279,DRI-10-2023-1279,5,2,Drinking Water,Construction of drinking water facility at Bakshi Zila,412500000,2024-06-22
1280,SAN-19-2023-1280,14,14,Sanitation,Construction of sanitation facility at Bera Street,236500000,2025-02-02
1281,ROA-11-2023-1281,6,15,Roads,Construction of roads facility at Iyengar Nagar,332400000,2024-03-26
1282,RAI-8-2023-1282,3,7,Railways,Construction of railways facility at Mangat Street,331900000,2025-02-12
1283,EDU-25-2023-1283,20,2,Education,Construction of education facility at Dhingra Road,264900000,2025-06-13
1284,ELE-16-2023-1284,11,17,Electricity,Construction of electricity facility at Merchant Nagar,84900000,2024-02-06
1285,SPO-27-2023-1285,22,1,Sports,Construction of sports facility at Bali Circle,393700000,2024-06-05
1286,ELE-6-2023-1286,1,4,Electricity,Construction of electricity facility at Chaudry Chowk,173700000,2024-12-22
1287,DRI-11-2023-1287,6,14,Drinking Water,Construction of drinking water facility at Kapur Circle,457400000,2025-03-30
1288,ELE-12-2023-1288,7,16,Electricity,Construction of electricity facility at Ramachandran Circle,449200000,2024-03-03
1289,DRI-22-2023-1289,17,7,Drinking Water,Construction of drinking water facility at Mani Circle,302300000,2025-02-20
1290,ELE-20-2023-1290,15,4,Electricity,Construction of electricity facility at Raj Nagar,352700000,2024-06-28
1291,SAN-9-2023-1291,4,8,Sanitation,Construction of sanitation facility at Munshi Marg,440000000,2024-11-02
1292,HEA-18-2023-1292,13,1,Health,Construction of health facility at Arya Nagar,244100000,2025-03-31
1293,EDU-18-2023-1293,13,5,Education,Construction of education facility at Jain Road,483500000,2024-12-26
1294,SAN-15-2023-1294,10,5,Sanitation,Construction of sanitation facility at Kar Chowk,98300000,2025-08-08
1295,ROA-9-2023-1295,4,18,Roads,Construction of roads facility at Hegde Path,312100000,2025-04-25
1296,DRI-26-2023-1296,21,9,Drinking Water,Construction of drinking water facility at Menon Ganj,209600000,2024-08-14
1297,ROA-23-2023-1297_Roads,18,9,Roads,Construction of roads facility at Borde Street,70700000,2024-01-24
1298,SPO-22-2023-1298,17,7,Sports,Construction of sports facility at Varkey Street,178500000,2023-12-02
1299,ELE-13-2023-1299,8,11,Electricity,Construction of electricity facility at Baria Marg,314400000,2024-07-29
1300,SAN-14-2023-1300,9,10,Sanitation,Construction of sanitation facility at Lalla Road,374000000,2023-12-11
1301,DRI-16-2023-1301,11,17,Drinking Water,Construction of drinking water facility at Kumer Street,158000000,2023-09-05
1302,HEA-14-2023-1302,9,18,Health,Construction of health facility at Shukla Path,125200000,2025-03-05
1303,DRI-15-2023-1303,10,19,Drinking Water,Construction of drinking water facility at Baral Street,479800000,2023-12-29
1304,ROA-10-2023-1304,5,9,Roads,Construction of roads facility at Behl Path,236200000,2025-04-23
1305,DRI-11-2023-1305,6,19,Drinking Water,Construction of drinking water facility at Mitra,84500000,2024-09-16
1306,DRI-26-2023-1306,21,16,Drinking Water,Construction of drinking water facility at Parmar,467900000,2023-10-27
1307,RAI-24-2023-1307,19,13,Railways,Construction of railways facility at Vora Path,55800000,2024-02-18
1308,DRI-29-2023-1308,24,6,Drinking Water,Construction of drinking water facility at Verma Street,280500000,2023-10-23
1309,SPO-26-2023-1309,21,4,Sports,Construction of sports facility at Dutta Circle,147600000,2024-07-20
1310,HEA-27-2023-1310,22,2,Health,Construction of health facility at Yadav Circle,213900000,2024-07-10
1311,ROA-19-2023-1311,14,13,Roads,Construction of roads facility at Palla Zila,227600000,2024-02-19
1312,RAI-30-2023-1312,25,5,Railways,Construction of railways facility at Narula Ganj,370100000,2024-05-15
1313,DRI-19-2023-1313,14,1,Drinking Water,Construction of drinking water facility at Memon Path,59100000,2024-02-17
1314,HEA-13-2023-1314,8,2,Health,Construction of health facility at Wali,206200000,2024-09-03
1315,DRI-7-2023-1315,2,18,Drinking Water,Construction of drinking water facility at Andra Circle,148300000,2023-11-29
1316,EDU-15-2023-1316,10,4,Education,Construction of education facility at Sehgal Path,120500000,2024-03-05
1317,EDU-28-2023-1317,23,20,Education,Construction of education facility at Kohli,375600000,2023-10-01
1318,RAI-24-2023-1318,19,12,Railways,Construction of railways facility at Raj Path,216000000,2025-08-12
1319,SPO-26-2023-1319,21,3,Sports,Construction of sports facility at Raju Zila,450200000,2024-03-18
1320,RAI-22-2023-1320,17,20,Railways,Construction of railways facility at Mandal Circle,496100000,2023-09-20
1321,RAI-6-2023-1321,1,14,Railways,Construction of railways facility at Prasad Circle,334600000,2024-10-04
1322,ROA-25-2023-1322,20,3,Roads,Construction of roads facility at Sehgal Circle,162700000,2024-09-13
1323,SAN-18-2023-1323,13,19,Sanitation,Construction of sanitation facility at Minhas Nagar,492500000,2025-07-29
1324,SPO-7-2023-1324,2,12,Sports,Construction of sports facility at Nagi Ganj,141600000,2024-10-04
1325,ELE-25-2023-1325,20,12,Electricity,Construction of electricity facility at Char Zila,235700000,2024-01-09
1326,SPO-17-2023-1326,12,17,Sports,Construction of sports facility at Walla Circle,478500000,2023-09-06
1327,HEA-20-2023-1327,15,20,Health,Construction of health facility at Kade Zila,50400000,2025-02-02
1328,EDU-18-2023-1328_Education,13,13,Education,Construction of education facility at Samra Ganj,206400000,2025-06-11
1329,EDU-25-2023-1329,20,7,Education,Construction of education facility at Jha Zila,395600000,2024-10-22
1330,SPO-23-2023-1330,18,10,Sports,Construction of sports facility at Bora Marg,441900000,2025-04-03
1331,RAI-30-2023-1331,25,6,Railways,Construction of railways facility at Bajwa Street,364300000,2024-08-22
1332,RAI-27-2023-1332,22,1,Railways,Construction of railways facility at Barad Path,121100000,2023-11-07
1333,RAI-24-2023-1333,19,11,Railways,Construction of railways facility at Bhagat Zila,78100000,2024-01-17
1334,DRI-29-2023-1334,24,1,Drinking Water,Construction of drinking water facility at Bobal Road,464700000,2024-11-20
1335,EDU-17-2023-1335,12,20,Education,Construction of education facility at Kuruvilla Ganj,473300000,2024-07-13
1336,ELE-30-2023-1336,25,2,Electricity,Construction of electricity facility at Seshadri Marg,112900000,2025-01-02
1337,SAN-25-2023-1337,20,3,Sanitation,Construction of sanitation facility at Sant Marg,454100000,2024-05-03
1338,ELE-22-2023-1338,17,9,Electricity,Construction of electricity facility at Ramachandran Nagar,69300000,2025-02-04
1339,RAI-23-2023-1339,18,9,Railways,Construction of railways facility at Warrior Zila,77400000,2023-09-05
1340,SAN-13-2023-1340,8,12,Sanitation,Construction of sanitation facility at Bhatnagar,438800000,2025-04-10
1341,ELE-22-2023-1341,17,9,Electricity,Construction of electricity facility at Bath,210900000,2025-02-26
1342,HEA-17-2023-1342,12,6,Health,Construction of health facility at Parmar Zila,215800000,2025-08-21
1343,ROA-8-2023-1343_Roads,3,8,Roads,Construction of roads facility at Cherian Circle,484600000,2024-04-13
1344,RAI-11-2023-1344,6,10,Railways,Construction of railways facility at Chadha Road,441800000,2024-04-06
1345,EDU-29-2023-1345,24,2,Education,Construction of education facility at Raj Chowk,441300000,2024-07-03
1346,ROA-13-2023-1346,8,14,Roads,Construction of roads facility at Som Nagar,382900000,2023-12-31
1347,ELE-12-2023-1347,7,19,Electricity,Construction of electricity facility at Kannan Circle,442600000,2023-12-15
1348,EDU-14-2023-1348,9,20,Education,Construction of education facility at Merchant Marg,404500000,2025-01-05
1349,SPO-15-2023-1349,10,13,Sports,Construction of sports facility at Misra Street,280000000,2025-02-08
1350,SPO-6-2023-1350,1,14,Sports,Construction of sports facility at Apte Path,162400000,2024-11-03
1351,HEA-7-2023-1351,2,18,Health,Construction of health facility at Dhaliwal Circle,306400000,2023-12-05
1352,SAN-30-2023-1352,25,16,Sanitation,Construction of sanitation facility at Ahluwalia Nagar,474000000,2024-11-18
1353,SAN-10-2023-1353,5,11,Sanitation,Construction of sanitation facility at Ramesh,217400000,2024-10-22
1354,SAN-22-2023-1354,17,17,Sanitation,Construction of sanitation facility at Chada Circle,199900000,2024-04-24
1355,SAN-12-2023-1355,7,1,Sanitation,Construction of sanitation facility at Padmanabhan Ganj,169800000,2024-02-12
1356,ROA-23-2023-1356,18,9,Roads,Construction of roads facility at Vala Marg,468700000,2023-12-20
1357,EDU-13-2023-1357,8,7,Education,Construction of education facility at Gour Street,346000000,2024-02-19
1358,ROA-11-2023-1358,6,2,Roads,Construction of roads facility at Krishnan,154300000,2024-01-29
1359,SAN-23-2023-1359,18,8,Sanitation,Construction of sanitation facility at Golla Zila,277000000,2025-02-03
1360,SAN-20-2023-1360,15,16,Sanitation,Construction of sanitation facility at Bhagat,230100000,2025-06-23
1361,ROA-11-2023-1361,6,1,Roads,Construction of roads facility at Shenoy Circle,448300000,2025-01-13
1362,ROA-25-2023-1362_Roads,20,8,Roads,Construction of roads facility at Bora Circle,137900000,2024-04-13
1363,RAI-11-2023-1363,6,1,Railways,Construction of railways facility at Krishna Zila,173100000,2023-11-16
1364,SAN-27-2023-1364_Sanitation,22,19,Sanitation,Construction of sanitation facility at Sur Ganj,313800000,2024-05-14
1365,ELE-16-2023-1365,11,19,Electricity,Construction of electricity facility at Dave Path,380900000,2025-02-03
1366,HEA-29-2023-1366,24,7,Health,Construction of health facility at Chaudhry Ganj,102900000,2024-04-09
1367,EDU-14-2023-1367,9,20,Education,Construction of education facility at Boase,408200000,2025-07-31
1368,HEA-27-2023-1368,22,4,Health,Construction of health facility at Nadkarni Ganj,79700000,2024-09-12
1369,DRI-17-2023-1369,12,8,Drinking Water,Construction of drinking water facility at Narasimhan Chowk,255100000,2024-12-22
1370,ELE-29-2023-1370,24,13,Electricity,Construction of electricity facility at Dua Road,237600000,2024-11-13
1371,RAI-18-2023-1371,13,10,Railways,Construction of railways facility at Patla,396700000,2025-05-20
1372,ELE-9-2023-1372,4,1,Electricity,Construction of electricity facility at Sangha Path,487400000,2024-01-09
1373,SAN-28-2023-1373,23,11,Sanitation,Construction of sanitation facility at Munshi Nagar,190700000,2024-03-10
1374,DRI-28-2023-1374,23,19,Drinking Water,Construction of drinking water facility at Sarin Ganj,434200000,2024-04-02
1375,HEA-19-2023-1375,14,7,Health,Construction of health facility at Desai Path,182700000,2025-02-09
1376,SPO-17-2023-1376,12,16,Sports,Construction of sports facility at Srinivasan Path,493500000,2024-08-25
1377,RAI-20-2023-1377,15,8,Railways,Construction of railways facility at Parmer Chowk,153400000,2025-04-24
1378,SAN-10-2023-1378,5,5,Sanitation,Construction of sanitation facility at Sur Road,449100000,2024-11-02
1379,ELE-13-2023-1379,8,4,Electricity,Construction of electricity facility at Gill Zila,63400000,2025-01-14
1380,DRI-14-2023-1380,9,7,Drinking Water,Construction of drinking water facility at Bumb,251000000,2025-06-15
1381,SPO-26-2023-1381,21,15,Sports,Construction of sports facility at Dey Road,113900000,2025-07-24
1382,ELE-22-2023-1382,17,14,Electricity,Construction of electricity facility at Hegde Circle,59000000,2024-03-23
1383,SAN-14-2023-1383,9,12,Sanitation,Construction of sanitation facility at Borra Zila,69700000,2025-07-24
1384,EDU-19-2023-1384,14,13,Education,Construction of education facility at Tripathi Nagar,409100000,2025-01-03
1385,ELE-23-2023-1385,18,8,Electricity,Construction of electricity facility at Ravel Nagar,359500000,2025-04-20
1386,SPO-12-2023-1386,7,12,Sports,Construction of sports facility at Kala,275900000,2025-08-04
1387,ELE-22-2023-1387,17,19,Electricity,Construction of electricity facility at Lad Nagar,399700000,2024-10-27
1388,DRI-27-2023-1388,22,18,Drinking Water,Construction of drinking water facility at Sodhi Circle,267500000,2025-01-20
1389,SAN-8-2023-1389,3,3,Sanitation,Construction of sanitation facility at Pau Street,434100000,2024-07-01
1390,ROA-30-2023-1390,25,12,Roads,Construction of roads facility at Mannan Ganj,250900000,2023-12-13
1391,ROA-11-2023-1391,6,7,Roads,Construction of roads facility at Thaker Chowk,261000000,2024-10-01
1392,SAN-26-2023-1392,21,14,Sanitation,Construction of sanitation facility at Ranganathan Zila,388000000,2024-06-09
1393,SAN-21-2023-1393,16,1,Sanitation,Construction of sanitation facility at Anne Circle,96600000,2025-01-27
1394,HEA-9-2023-1394,4,4,Health,Construction of health facility at Gandhi Ganj,448500000,2025-04-11
1395,ELE-30-2023-1395,25,18,Electricity,Construction of electricity facility at Dey Circle,325300000,2024-08-12
1396,DRI-16-2023-1396,11,19,Drinking Water,Construction of drinking water facility at Gola Street,172900000,2024-11-13
1397,SAN-30-2023-1397,25,20,Sanitation,Construction of sanitation facility at Dhingra,342600000,2025-03-25
1398,HEA-6-2023-1398,1,3,Health,Construction of health facility at Parmer Chowk,189200000,2023-10-02
1399,EDU-18-2023-1399,13,12,Education,Construction of education facility at Sura Ganj,283000000,2024-02-28
1400,DRI-7-2023-1400,2,3,Drinking Water,Construction of drinking water facility at Lalla Zila,372200000,2024-06-13
1401,SPO-25-2023-1401,20,17,Sports,Construction of sports facility at Basak Ganj,392400000,2025-02-01
1402,ELE-26-2023-1402,21,14,Electricity,Construction of electricity facility at Vasa Ganj,80100000,2025-08-06
1403,EDU-14-2023-1403,9,18,Education,Construction of education facility at Rama Path,281400000,2024-08-30
1404,ROA-10-2023-1404,5,1,Roads,Construction of roads facility at Batra Chowk,221800000,2023-10-01
1405,ROA-25-2023-1405,20,2,Roads,Construction of roads facility at Chauhan Path,369100000,2025-02-28
1406,SAN-25-2023-1406_Sanitation,20,8,Sanitation,Construction of sanitation facility at Mahal Circle,200700000,2025-06-10
1407,ELE-30-2023-1407,25,14,Electricity,Construction of electricity facility at Ghosh Road,246600000,2024-06-19
1408,DRI-9-2023-1408,4,7,Drinking Water,Construction of drinking water facility at Pau Marg,345500000,2024-11-30
1409,ELE-15-2023-1409,10,12,Electricity,Construction of electricity facility at Varughese Zila,322300000,2024-03-14
1410,HEA-24-2023-1410,19,11,Health,Construction of health facility at Kapoor Marg,406300000,2024-10-06
1411,SAN-22-2023-1411,17,5,Sanitation,Construction of sanitation facility at Pandit Marg,64600000,2025-05-27
1412,HEA-7-2023-1412,2,1,Health,Construction of health facility at Sur Path,308100000,2025-05-08
1413,DRI-16-2023-1413,11,11,Drinking Water,Construction of drinking water facility at Ahuja Chowk,231600000,2024-09-24
1414,EDU-28-2023-1414,23,17,Education,Construction of education facility at Sarraf Street,274100000,2024-01-07
1415,DRI-10-2023-1415,5,13,Drinking Water,Construction of drinking water facility at Bose Ganj,456800000,2024-10-04
1416,HEA-29-2023-1416,24,2,Health,Construction of health facility at Kakar Road,61600000,2023-12-26
1417,ROA-23-2023-1417,18,16,Roads,Construction of roads facility at Dugar Street,260600000,2024-06-08
1418,EDU-8-2023-1418,3,11,Education,Construction of education facility at Dani,112400000,2025-01-26
1419,SAN-9-2023-1419,4,12,Sanitation,Construction of sanitation facility at Sachdeva Ganj,149400000,2025-05-23
1420,SAN-20-2023-1420,15,14,Sanitation,Construction of sanitation facility at Comar Path,194500000,2024-09-09
1421,ELE-9-2023-1421,4,17,Electricity,Construction of electricity facility at Srinivas Chowk,477600000,2024-02-11
1422,SPO-22-2023-1422,17,12,Sports,Construction of sports facility at Edwin,223900000,2025-01-15
1423,RAI-25-2023-1423,20,19,Railways,Construction of railways facility at Bains Marg,367200000,2024-03-08
1424,SAN-21-2023-1424,16,5,Sanitation,Construction of sanitation facility at Datta Nagar,64000000,2024-11-19
1425,EDU-22-2023-1425,17,8,Education,Construction of education facility at Dyal,476400000,2023-12-14
1426,DRI-23-2023-1426,18,12,Drinking Water,Construction of drinking water facility at Baral Circle,309700000,2025-07-23
1427,ELE-22-2023-1427,17,16,Electricity,Construction of electricity facility at Din,261500000,2023-10-14
1428,ROA-28-2023-1428_Roads,23,11,Roads,Construction of roads facility at Kuruvilla Street,383300000,2025-08-17
1429,EDU-7-2023-1429,2,14,Education,Construction of education facility at Varughese Street,346900000,2024-07-11
1430,HEA-9-2023-1430,4,12,Health,Construction of health facility at Bahl,90200000,2025-07-14
1431,ROA-22-2023-1431,17,10,Roads,Construction of roads facility at Chada Road,132200000,2024-02-16
1432,DRI-14-2023-1432,9,19,Drinking Water,Construction of drinking water facility at Sinha Chowk,162100000,2025-07-05
1433,SAN-16-2023-1433,11,8,Sanitation,Construction of sanitation facility at Garde Chowk,382500000,2024-02-18
1434,EDU-18-2023-1434,13,5,Education,Construction of education facility at Dhar Marg,63700000,2025-05-10
1435,ROA-29-2023-1435,24,7,Roads,Construction of roads facility at Gopal,203600000,2024-12-28
1436,SPO-24-2023-1436,19,10,Sports,Construction of sports facility at Lalla Circle,387100000,2024-01-09
1437,RAI-11-2023-1437,6,17,Railways,Construction of railways facility at Setty Path,51100000,2024-12-07
1438,DRI-29-2023-1438,24,19,Drinking Water,Construction of drinking water facility at Biswas,239100000,2024-02-26
1439,HEA-18-2023-1439,13,11,Health,Construction of health facility at Rajan Marg,276500000,2023-12-12
1440,ELE-9-2023-1440,4,12,Electricity,Construction of electricity facility at Babu Zila,170400000,2024-02-05
1441,ELE-19-2023-1441,14,3,Electricity,Construction of electricity facility at Thaman Circle,219300000,2025-02-13
1442,DRI-16-2023-1442,11,5,Drinking Water,Construction of drinking water facility at Doctor Marg,404900000,2024-12-14
1443,ELE-30-2023-1443,25,9,Electricity,Construction of electricity facility at Goel Zila,399100000,2024-09-04
1444,HEA-18-2023-1444,13,17,Health,Construction of health facility at Barad,275700000,2025-07-13
1445,HEA-24-2023-1445,19,3,Health,Construction of health facility at Thakur Circle,448000000,2025-04-07
1446,EDU-16-2023-1446,11,19,Education,Construction of education facility at Chander Zila,272600000,2024-09-09
1447,ROA-14-2023-1447,9,16,Roads,Construction of roads facility at Zacharia Street,256500000,2025-06-04
1448,DRI-28-2023-1448,23,7,Drinking Water,Construction of drinking water facility at Sankar Nagar,318100000,2024-10-10
1449,ROA-29-2023-1449,24,11,Roads,Construction of roads facility at Prabhakar Marg,398000000,2025-07-11
1450,HEA-21-2023-1450,16,5,Health,Construction of health facility at Wagle Nagar,250600000,2024-07-30
1451,DRI-16-2023-1451,11,12,Drinking Water,Construction of drinking water facility at Subramaniam Ganj,112400000,2025-05-06
1452,RAI-25-2023-1452,20,2,Railways,Construction of railways facility at Palla Marg,161100000,2024-12-01
1453,SPO-15-2023-1453,10,2,Sports,Construction of sports facility at Chaudhari,148500000,2024-07-27
1454,ROA-29-2023-1454,24,10,Roads,Construction of roads facility at Kumar Street,489800000,2024-09-05
1455,DRI-13-2023-1455,8,4,Drinking Water,Construction of drinking water facility at Chacko Ganj,451000000,2024-04-08
1456,SPO-25-2023-1456,20,11,Sports,Construction of sports facility at Rege,335800000,2024-03-19
1457,ROA-21-2023-1457,16,15,Roads,Construction of roads facility at Ahluwalia Ganj,207700000,2025-03-04
1458,HEA-9-2023-1458,4,19,Health,Construction of health facility at Virk Nagar,211900000,2023-12-01
1459,ROA-8-2023-1459,3,9,Roads,Construction of roads facility at Amble Circle,403700000,2024-06-18
1460,SPO-28-2023-1460,23,18,Sports,Construction of sports facility at Mutti Ganj,138900000,2024-07-14
1461,ROA-17-2023-1461,12,7,Roads,Construction of roads facility at Chhabra Path,476100000,2023-12-30
1462,SPO-6-2023-1462,1,9,Sports,Construction of sports facility at Kulkarni Marg,191000000,2024-03-21
1463,ROA-16-2023-1463,11,17,Roads,Construction of roads facility at Sampath Circle,357600000,2024-11-12
1464,EDU-28-2023-1464,23,16,Education,Construction of education facility at Majumdar Path,442600000,2025-02-10
1465,HEA-23-2023-1465,18,11,Health,Construction of health facility at Jani Marg,153500000,2024-07-17
1466,SAN-27-2023-1466,22,8,Sanitation,Construction of sanitation facility at Subramanian Circle,480100000,2024-01-17
1467,HEA-28-2023-1467,23,17,Health,Construction of health facility at Sule Path,123200000,2024-03-16
1468,ROA-7-2023-1468_Roads,2,18,Roads,Construction of roads facility at Padmanabhan Road,326600000,2025-04-24
1469,ELE-13-2023-1469,8,18,Electricity,Construction of electricity facility at Devi Marg,116400000,2025-06-26
1470,EDU-21-2023-1470,16,15,Education,Construction of education facility at Karpe Zila,462800000,2024-08-12
1471,RAI-21-2023-1471,16,14,Railways,Construction of railways facility at Chaudhry Street,285200000,2024-02-14
1472,RAI-27-2023-1472,22,10,Railways,Construction of railways facility at Rattan Circle,83000000,2025-05-03
1473,SAN-16-2023-1473,11,16,Sanitation,Construction of sanitation facility at Ben Path,122600000,2024-01-03
1474,ROA-16-2023-1474,11,10,Roads,Construction of roads facility at Ahluwalia Marg,469100000,2025-05-17
1475,SPO-25-2023-1475,20,15,Sports,Construction of sports facility at Dhillon Zila,84300000,2024-09-01
1476,DRI-10-2023-1476,5,3,Drinking Water,Construction of drinking water facility at Saran,480700000,2023-11-08
1477,EDU-17-2023-1477,12,7,Education,Construction of education facility at Lall Zila,483500000,2024-02-20
1478,SPO-14-2023-1478,9,11,Sports,Construction of sports facility at Buch Path,203700000,2024-12-17
1479,ELE-15-2023-1479,10,18,Electricity,Construction of electricity facility at Rajagopalan Nagar,477300000,2025-08-23
1480,SPO-10-2023-1480,5,16,Sports,Construction of sports facility at Verma Marg,156900000,2024-04-10
1481,DRI-30-2023-1481,25,3,Drinking Water,Construction of drinking water facility at Bhandari,369600000,2025-04-23
1482,HEA-11-2023-1482,6,3,Health,Construction of health facility at Talwar Street,352300000,2024-08-06
1483,ROA-15-2023-1483,10,7,Roads,Construction of roads facility at Jaggi Nagar,288000000,2025-06-22
1484,ELE-9-2023-1484,4,1,Electricity,Construction of electricity facility at Mangal Circle,275600000,2024-01-30
1485,DRI-26-2023-1485,21,10,Drinking Water,Construction of drinking water facility at Uppal Nagar,288600000,2024-10-05
1486,HEA-14-2023-1486,9,3,Health,Construction of health facility at Gara Ganj,165800000,2025-02-05
1487,HEA-21-2023-1487,16,20,Health,Construction of health facility at Parsa Nagar,247500000,2024-03-04
1488,DRI-7-2023-1488,2,10,Drinking Water,Construction of drinking water facility at Dugar Nagar,112900000,2023-11-07
1489,DRI-30-2023-1489,25,20,Drinking Water,Construction of drinking water facility at Ratta Road,58700000,2024-06-01
1490,ELE-23-2023-1490,18,8,Electricity,Construction of electricity facility at Ravi Marg,479100000,2024-11-29
1491,SPO-24-2023-1491,19,11,Sports,Construction of sports facility at Vasa Ganj,52500000,2023-09-12
1492,EDU-18-2023-1492,13,6,Education,Construction of education facility at Chana Zila,150900000,2024-10-31
1493,SPO-28-2023-1493,23,5,Sports,Construction of sports facility at Pall Road,484000000,2024-05-27
1494,ELE-23-2023-1494,18,6,Electricity,Construction of electricity facility at Kara Road,226600000,2024-12-14
1495,ROA-15-2023-1495,10,20,Roads,Construction of roads facility at Sha Ganj,79800000,2025-08-23
1496,DRI-8-2023-1496,3,20,Drinking Water,Construction of drinking water facility at Agrawal Marg,326400000,2024-03-21
1497,DRI-6-2023-1497,1,19,Drinking Water,Construction of drinking water facility at Ray Street,84500000,2024-09-28
1498,DRI-24-2023-1498,19,13,Drinking Water,Construction of drinking water facility at Bora Zila,366400000,2024-09-25
1499,SAN-8-2023-1499,3,18,Sanitation,Construction of sanitation facility at Oak Road,92600000,2023-11-30
1500,HEA-28-2023-1500,23,13,Health,Construction of health facility at Kurian Circle,479600000,2025-07-12
1501,RAI-19-2023-1501,14,12,Railways,Construction of railways facility at Krishna Circle,208900000,2025-02-21
1502,SAN-20-2023-1502,15,1,Sanitation,Construction of sanitation facility at Purohit Chowk,151600000,2024-11-11
1503,EDU-15-2023-1503,10,15,Education,Construction of education facility at Kohli Chowk,287000000,2025-04-11
1504,ROA-8-2023-1504,3,20,Roads,Construction of roads facility at Shanker Path,423700000,2025-02-11
1505,ROA-30-2023-1505,25,19,Roads,Construction of roads facility at Bala Chowk,209200000,2024-09-09
1506,DRI-12-2023-1506,7,3,Drinking Water,Construction of drinking water facility at Kuruvilla Zila,384000000,2023-10-23
1507,DRI-28-2023-1507,23,16,Drinking Water,Construction of drinking water facility at Kannan Marg,412000000,2025-02-07
1508,SAN-24-2023-1508,19,19,Sanitation,Construction of sanitation facility at Mutti Ganj,249800000,2024-07-17
1509,EDU-15-2023-1509,10,6,Education,Construction of education facility at Varty Path,166700000,2024-10-21
1510,ELE-21-2023-1510,16,5,Electricity,Construction of electricity facility at Lall Nagar,405600000,2024-03-11
1511,RAI-9-2023-1511,4,6,Railways,Construction of railways facility at Chander Road,398900000,2024-07-06
1512,HEA-30-2023-1512,25,6,Health,Construction of health facility at Borra Path,268700000,2024-11-04
1513,HEA-28-2023-1513_Health,23,19,Health,Construction of health facility at Soni Street,50800000,2024-05-01
1514,EDU-25-2023-1514,20,16,Education,Construction of education facility at Kamdar Path,116500000,2025-07-26
1515,ROA-21-2023-1515,16,10,Roads,Construction of roads facility at Luthra,115600000,2024-01-20
1516,RAI-30-2023-1516,25,6,Railways,Construction of railways facility at Tara Ganj,386800000,2025-03-26
1517,ELE-30-2023-1517,25,11,Electricity,Construction of electricity facility at Keer Ganj,97600000,2025-03-25
1518,EDU-27-2023-1518,22,12,Education,Construction of education facility at Lanka Ganj,453100000,2024-02-08
1519,ROA-11-2023-1519,6,19,Roads,Construction of roads facility at Jain Ganj,68600000,2025-06-10
1520,HEA-12-2023-1520,7,6,Health,Construction of health facility at Parekh Ganj,123000000,2023-12-31
1521,EDU-27-2023-1521_Education,22,11,Education,Construction of education facility at Dar Zila,430300000,2025-08-15
1522,HEA-10-2023-1522,5,6,Health,Construction of health facility at Tailor Zila,395600000,2024-12-20
1523,HEA-13-2023-1523,8,1,Health,Construction of health facility at Basak Nagar,228700000,2025-06-20
1524,SAN-24-2023-1524,19,9,Sanitation,Construction of sanitation facility at Prabhu Chowk,89100000,2024-12-26
1525,HEA-12-2023-1525,7,8,Health,Construction of health facility at Tailor Path,420000000,2025-07-29
1526,ELE-24-2023-1526,19,3,Electricity,Construction of electricity facility at Maharaj,202900000,2024-09-16
1527,ELE-13-2023-1527,8,9,Electricity,Construction of electricity facility at Vaidya Street,133800000,2024-04-05
1528,RAI-12-2023-1528,7,1,Railways,Construction of railways facility at Kapadia Marg,241500000,2025-04-05
1529,SAN-28-2023-1529_Sanitation,23,7,Sanitation,Construction of sanitation facility at Dave,384500000,2023-10-13
1530,DRI-9-2023-1530,4,10,Drinking Water,Construction of drinking water facility at Sampath Circle,379800000,2024-09-06
1531,EDU-15-2023-1531,10,1,Education,Construction of education facility at Bali Circle,190000000,2024-09-25
1532,SAN-18-2023-1532,13,15,Sanitation,Construction of sanitation facility at Ramesh Path,491600000,2025-06-30
1533,ELE-29-2023-1533,24,12,Electricity,Construction of electricity facility at Shankar Street,318100000,2023-12-03
1534,SPO-7-2023-1534,2,6,Sports,Construction of sports facility at Sharma Circle,493800000,2024-05-03
1535,HEA-30-2023-1535,25,2,Health,Construction of health facility at Arora Nagar,494200000,2025-02-05
1536,SAN-14-2023-1536,9,18,Sanitation,Construction of sanitation facility at Raghavan Ganj,469500000,2024-11-25
1537,SPO-26-2023-1537,21,2,Sports,Construction of sports facility at Nanda Zila,416600000,2024-06-07
1538,EDU-25-2023-1538,20,20,Education,Construction of education facility at Lad,102000000,2024-01-24
1539,SPO-17-2023-1539,12,10,Sports,Construction of sports facility at Lall Circle,464300000,2024-03-03
1540,SAN-19-2023-1540_Sanitation,14,16,Sanitation,Construction of sanitation facility at Sinha Road,479500000,2024-12-20
1541,SAN-11-2023-1541,6,13,Sanitation,Construction of sanitation facility at Pau Path,369600000,2024-01-21
1542,ELE-25-2023-1542,20,12,Electricity,Construction of electricity facility at Samra Chowk,330600000,2024-02-11
1543,HEA-18-2023-1543,13,5,Health,Construction of health facility at Pradhan Marg,159000000,2024-06-10
1544,SAN-7-2023-1544,2,17,Sanitation,Construction of sanitation facility at Mammen Marg,202800000,2024-08-16
1545,ELE-20-2023-1545,15,1,Electricity,Construction of electricity facility at Deep Street,380600000,2024-11-21
1546,HEA-19-2023-1546,14,14,Health,Construction of health facility at Chaudhry Ganj,463200000,2025-03-13
1547,SPO-28-2023-1547_Sports,23,20,Sports,Construction of sports facility at Keer Road,315700000,2024-11-05
1548,EDU-23-2023-1548,18,5,Education,Construction of education facility at Raj Marg,469600000,2024-01-31
1549,HEA-13-2023-1549,8,14,Health,Construction of health facility at Doctor Street,270400000,2024-09-02
1550,HEA-21-2023-1550,16,12,Health,Construction of health facility at Goda Nagar,137800000,2024-07-24
1551,SPO-23-2023-1551,18,13,Sports,Construction of sports facility at Desai Chowk,416400000,2025-07-25
1552,DRI-21-2023-1552,16,15,Drinking Water,Construction of drinking water facility at Walla Circle,339800000,2025-03-13
1553,ELE-7-2023-1553_Electricity,2,10,Electricity,Construction of electricity facility at Sur Path,441500000,2024-04-21
1554,SPO-26-2023-1554,21,4,Sports,Construction of sports facility at Batta Road,390800000,2024-07-06
1555,ELE-8-2023-1555,3,19,Electricity,Construction of electricity facility at Gade Zila,163200000,2023-10-17
1556,ROA-26-2023-1556,21,4,Roads,Construction of roads facility at Kumar Ganj,195600000,2024-09-05
1557,DRI-10-2023-1557,5,9,Drinking Water,Construction of drinking water facility at Sengupta Zila,161500000,2025-04-01
1558,HEA-9-2023-1558,4,9,Health,Construction of health facility at Lad Path,157400000,2024-06-07
1559,SAN-8-2023-1559_Sanitation,3,11,Sanitation,Construction of sanitation facility at Kurian Path,443600000,2024-05-25
1560,SPO-24-2023-1560,19,2,Sports,Construction of sports facility at Sabharwal Nagar,366000000,2023-12-04
1561,ROA-19-2023-1561,14,6,Roads,Construction of roads facility at Issac Path,388500000,2024-11-22
1562,EDU-26-2023-1562,21,9,Education,Construction of education facility at Yohannan,480700000,2024-01-14
1563,EDU-19-2023-1563,14,3,Education,Construction of education facility at Pant Road,153400000,2024-05-10
1564,DRI-29-2023-1564,24,11,Drinking Water,Construction of drinking water facility at Sura Circle,123600000,2025-04-24
1565,RAI-21-2023-1565,16,9,Railways,Construction of railways facility at Brar Chowk,380900000,2024-06-22
1566,SAN-8-2023-1566,3,16,Sanitation,Construction of sanitation facility at Mangat,267600000,2024-08-26
1567,EDU-13-2023-1567,8,9,Education,Construction of education facility at Ganesh Street,468500000,2025-01-10
1568,RAI-7-2023-1568,2,8,Railways,Construction of railways facility at Sama Path,149000000,2025-01-03
1569,ELE-18-2023-1569,13,18,Electricity,Construction of electricity facility at Ravel,73900000,2025-06-21
1570,EDU-12-2023-1570,7,20,Education,Construction of education facility at Buch Zila,298300000,2024-01-04
1571,HEA-14-2023-1571,9,11,Health,Construction of health facility at Kari Path,312300000,2024-05-01
1572,RAI-21-2023-1572,16,10,Railways,Construction of railways facility at Manne Path,229200000,2025-03-05
1573,ROA-30-2023-1573,25,8,Roads,Construction of roads facility at Rana Road,458000000,2024-03-29
1574,HEA-23-2023-1574,18,6,Health,Construction of health facility at Patil Chowk,433800000,2025-04-03
1575,HEA-14-2023-1575,9,17,Health,Construction of health facility at Verma,157000000,2024-08-15
1576,DRI-13-2023-1576,8,20,Drinking Water,Construction of drinking water facility at Ganesh Marg,498900000,2024-01-21
1577,HEA-17-2023-1577,12,4,Health,Construction of health facility at Dass Nagar,354900000,2025-03-19
1578,ROA-9-2023-1578,4,10,Roads,Construction of roads facility at Krishnamurthy Ganj,243500000,2025-03-31
1579,EDU-14-2023-1579,9,4,Education,Construction of education facility at Kade Zila,68700000,2024-01-08
1580,ROA-24-2023-1580,19,8,Roads,Construction of roads facility at Chauhan Marg,468900000,2023-11-14
1581,RAI-29-2023-1581,24,2,Railways,Construction of railways facility at Solanki Zila,126100000,2024-10-30
1582,EDU-10-2023-1582,5,4,Education,Construction of education facility at Bal Nagar,427100000,2025-04-21
1583,EDU-7-2023-1583,2,11,Education,Construction of education facility at Viswanathan Marg,363400000,2025-04-17
1584,SAN-10-2023-1584,5,7,Sanitation,Construction of sanitation facility at Chawla Zila,483400000,2024-03-22
1585,HEA-8-2023-1585_Health,3,2,Health,Construction of health facility at Dugal,489200000,2023-11-05
1586,EDU-28-2023-1586_Education,23,10,Education,Construction of education facility at More Marg,283000000,2024-02-26
1587,ELE-15-2023-1587,10,18,Electricity,Construction of electricity facility at Mander Ganj,284800000,2024-08-10
1588,DRI-27-2023-1588,22,6,Drinking Water,Construction of drinking water facility at Deep Street,225800000,2024-10-14
1589,EDU-6-2023-1589,1,6,Education,Construction of education facility at Balakrishnan Street,166200000,2023-09-28
1590,DRI-7-2023-1590,2,4,Drinking Water,Construction of drinking water facility at Nanda Path,262400000,2025-07-03
1591,SAN-19-2023-1591,14,1,Sanitation,Construction of sanitation facility at Sibal Chowk,182600000,2025-07-08
1592,EDU-26-2023-1592,21,15,Education,Construction of education facility at Magar Circle,403200000,2024-10-31
1593,EDU-21-2023-1593,16,18,Education,Construction of education facility at Deshmukh Chowk,330400000,2025-02-23
1594,DRI-22-2023-1594_Drinking Water,17,6,Drinking Water,Construction of drinking water facility at Goel Circle,152100000,2024-12-02
1595,SAN-26-2023-1595,21,20,Sanitation,Construction of sanitation facility at Shan,412700000,2025-01-03
1596,EDU-11-2023-1596,6,4,Education,Construction of education facility at Saran,162100000,2024-10-11
1597,DRI-7-2023-1597,2,10,Drinking Water,Construction of drinking water facility at Mukherjee Circle,147000000,2025-08-06
1598,ROA-13-2023-1598,8,15,Roads,Construction of roads facility at Subramaniam Path,123700000,2024-10-24
1599,SAN-8-2023-1599,3,9,Sanitation,Construction of sanitation facility at Chakraborty Ganj,416800000,2024-08-09
1600,DRI-6-2023-1600,1,5,Drinking Water,Construction of drinking water facility at Pau Road,384700000,2024-07-17
1601,ROA-28-2023-1601,23,3,Roads,Construction of roads facility at Dugal Road,453000000,2024-04-23
1602,SPO-8-2023-1602,3,8,Sports,Construction of sports facility at Acharya Nagar,198800000,2024-10-11
1603,EDU-13-2023-1603,8,1,Education,Construction of education facility at Padmanabhan Street,54400000,2024-04-10
1604,SPO-28-2023-1604,23,20,Sports,Construction of sports facility at Warrior Chowk,372400000,2023-09-07
1605,ELE-15-2023-1605_Electricity,10,11,Electricity,Construction of electricity facility at Sood Chowk,439100000,2024-04-20
1606,EDU-20-2023-1606,15,12,Education,Construction of education facility at Sani Nagar,91400000,2025-05-12
1607,ROA-13-2023-1607,8,3,Roads,Construction of roads facility at Kashyap Road,243200000,2025-05-11
1608,ELE-29-2023-1608,24,7,Electricity,Construction of electricity facility at Prakash Nagar,84600000,2024-01-25
1609,EDU-15-2023-1609,10,15,Education,Construction of education facility at Sarkar Marg,212700000,2024-07-03
1610,ELE-12-2023-1610,7,3,Electricity,Construction of electricity facility at Gade Ganj,227100000,2025-03-09
1611,ROA-30-2023-1611,25,13,Roads,Construction of roads facility at Radhakrishnan Marg,143300000,2024-02-19
1612,SPO-25-2023-1612_Sports,20,15,Sports,Construction of sports facility at Buch Road,164300000,2024-07-24
1613,DRI-17-2023-1613,12,17,Drinking Water,Construction of drinking water facility at Varughese Ganj,262500000,2025-04-16
1614,RAI-18-2023-1614,13,12,Railways,Construction of railways facility at Magar,170000000,2024-04-09
1615,ELE-6-2023-1615,1,6,Electricity,Construction of electricity facility at Luthra Circle,181600000,2024-07-17
1616,DRI-16-2023-1616,11,15,Drinking Water,Construction of drinking water facility at Biswas Ganj,71000000,2024-01-20
1617,EDU-16-2023-1617,11,19,Education,Construction of education facility at Mann Street,118800000,2023-11-25
1618,SPO-6-2023-1618,1,4,Sports,Construction of sports facility at Sethi Chowk,440800000,2024-03-30
1619,SPO-6-2023-1619,1,16,Sports,Construction of sports facility at Swamy,142100000,2024-01-24
1620,HEA-22-2023-1620,17,7,Health,Construction of health facility at Bahl Path,323000000,2023-12-28
1621,ROA-26-2023-1621,21,16,Roads,Construction of roads facility at Warrior Nagar,358200000,2023-09-18
1622,ELE-20-2023-1622,15,20,Electricity,Construction of electricity facility at Chaudry Street,326900000,2024-04-07
1623,HEA-29-2023-1623,24,8,Health,Construction of health facility at Dass Road,267800000,2025-03-09
1624,ROA-30-2023-1624,25,14,Roads,Construction of roads facility at Anand Chowk,373700000,2024-02-28
1625,EDU-8-2023-1625,3,9,Education,Construction of education facility at Dora Zila,225600000,2023-09-12
1626,EDU-28-2023-1626,23,17,Education,Construction of education facility at Kalla Chowk,240500000,2024-05-23
1627,EDU-18-2023-1627,13,16,Education,Construction of education facility at Muni Marg,378100000,2025-05-03
1628,EDU-20-2023-1628,15,12,Education,Construction of education facility at Prabhu Chowk,129700000,2024-08-26
1629,RAI-6-2023-1629,1,19,Railways,Construction of railways facility at Narayanan Nagar,103500000,2023-11-02
1630,RAI-11-2023-1630,6,7,Railways,Construction of railways facility at Bhalla Street,169100000,2024-03-25
1631,SPO-11-2023-1631,6,20,Sports,Construction of sports facility at Bora Marg,358400000,2024-10-26
1632,ROA-8-2023-1632,3,2,Roads,Construction of roads facility at Golla Chowk,123900000,2024-01-28
1633,ELE-12-2023-1633,7,10,Electricity,Construction of electricity facility at Raj Road,197900000,2025-06-05
1634,SPO-25-2023-1634,20,1,Sports,Construction of sports facility at Dara Nagar,100600000,2025-04-19
1635,EDU-19-2023-1635,14,12,Education,Construction of education facility at Rajan Ganj,471600000,2025-04-22
1636,ROA-13-2023-1636,8,17,Roads,Construction of roads facility at Kota Chowk,161300000,2025-03-26
1637,ROA-26-2023-1637,21,14,Roads,Construction of roads facility at Issac Nagar,406200000,2024-08-23
1638,RAI-22-2023-1638,17,11,Railways,Construction of railways facility at Verma Zila,328400000,2025-01-30
1639,ELE-10-2023-1639,5,10,Electricity,Construction of electricity facility at Solanki Ganj,248600000,2024-06-29
1640,SAN-19-2023-1640,14,15,Sanitation,Construction of sanitation facility at Naidu Road,334200000,2024-01-02
1641,ELE-10-2023-1641,5,18,Electricity,Construction of electricity facility at Verma Nagar,420200000,2023-12-04
1642,EDU-6-2023-1642,1,15,Education,Construction of education facility at Srivastava Road,194800000,2025-01-08
1643,DRI-28-2023-1643,23,7,Drinking Water,Construction of drinking water facility at Issac Road,55000000,2024-06-06
1644,RAI-21-2023-1644,16,5,Railways,Construction of railways facility at Kamdar Nagar,154700000,2023-11-27
1645,SPO-30-2023-1645,25,17,Sports,Construction of sports facility at Saraf Ganj,265500000,2024-05-10
1646,ROA-19-2023-1646,14,9,Roads,Construction of roads facility at Ganesh Nagar,237400000,2025-05-10
1647,DRI-12-2023-1647,7,5,Drinking Water,Construction of drinking water facility at Dar Road,427800000,2024-07-04
1648,EDU-18-2023-1648,13,8,Education,Construction of education facility at Andra Ganj,240500000,2023-10-03
1649,SAN-15-2023-1649,10,15,Sanitation,Construction of sanitation facility at Soman,283600000,2025-02-16
1650,HEA-25-2023-1650,20,7,Health,Construction of health facility at Dubey,176200000,2024-06-15
1651,ELE-26-2023-1651,21,20,Electricity,Construction of electricity facility at Kothari Zila,450800000,2024-01-01
1652,EDU-20-2023-1652,15,13,Education,Construction of education facility at Chand Chowk,367000000,2025-02-14
1653,ELE-18-2023-1653,13,6,Electricity,Construction of electricity facility at Nigam,268500000,2025-08-24
1654,ROA-23-2023-1654,18,8,Roads,Construction of roads facility at Bhasin Nagar,471200000,2024-06-03
1655,SAN-27-2023-1655,22,3,Sanitation,Construction of sanitation facility at Yadav Street,264300000,2025-05-07
1656,EDU-20-2023-1656,15,1,Education,Construction of education facility at Dass Zila,62700000,2024-09-13
1657,ROA-16-2023-1657,11,9,Roads,Construction of roads facility at Nadig Ganj,491400000,2024-11-07
1658,ELE-7-2023-1658,2,6,Electricity,Construction of electricity facility at Sarna Path,442600000,2025-03-23
1659,EDU-15-2023-1659,10,5,Education,Construction of education facility at Bail Ganj,492700000,2025-02-17
1660,RAI-12-2023-1660,7,8,Railways,Construction of railways facility at Parmar Marg,183300000,2025-03-16
1661,RAI-18-2023-1661,13,5,Railways,Construction of railways facility at Krishna Street,74600000,2025-07-30
1662,HEA-14-2023-1662,9,2,Health,Construction of health facility at Sundaram Nagar,187400000,2025-03-02
1663,SPO-17-2023-1663,12,2,Sports,Construction of sports facility at Menon Chowk,427900000,2024-10-26
1664,ROA-24-2023-1664,19,17,Roads,Construction of roads facility at Gupta Chowk,205100000,2024-11-14
1665,HEA-26-2023-1665,21,7,Health,Construction of health facility at Pall Street,119600000,2024-05-09
1666,ROA-28-2023-1666,23,1,Roads,Construction of roads facility at Maharaj Chowk,384700000,2025-07-05
1667,DRI-21-2023-1667,16,14,Drinking Water,Construction of drinking water facility at Dyal,424400000,2023-10-24
1668,SPO-26-2023-1668,21,2,Sports,Construction of sports facility at Dubey Circle,408400000,2024-08-15
1669,ROA-9-2023-1669,4,1,Roads,Construction of roads facility at Lall Road,125300000,2024-10-25
1670,DRI-20-2023-1670,15,19,Drinking Water,Construction of drinking water facility at Setty Path,416100000,2023-09-01
1671,HEA-12-2023-1671,7,9,Health,Construction of health facility at Raghavan Circle,402100000,2025-03-23
1672,ELE-28-2023-1672,23,4,Electricity,Construction of electricity facility at Bahl Street,368100000,2024-12-25
1673,EDU-16-2023-1673,11,8,Education,Construction of education facility at Khare Path,437000000,2024-05-07
1674,RAI-16-2023-1674,11,5,Railways,Construction of railways facility at Yohannan Zila,113500000,2025-05-29
1675,SAN-19-2023-1675,14,13,Sanitation,Construction of sanitation facility at Gupta Marg,422300000,2024-10-12
1676,DRI-6-2023-1676,1,18,Drinking Water,Construction of drinking water facility at Dube Chowk,351900000,2024-12-20
1677,RAI-27-2023-1677,22,8,Railways,Construction of railways facility at Naidu Road,288200000,2024-07-15
1678,ELE-26-2023-1678,21,13,Electricity,Construction of electricity facility at Choudhry Path,279600000,2023-11-14
1679,ELE-15-2023-1679,10,9,Electricity,Construction of electricity facility at Bhavsar Circle,441100000,2023-10-05
1680,ELE-6-2023-1680,1,14,Electricity,Construction of electricity facility at Gokhale Street,136200000,2025-07-10
1681,ELE-19-2023-1681,14,2,Electricity,Construction of electricity facility at Jaggi Nagar,153400000,2023-11-23
1682,SPO-12-2023-1682,7,8,Sports,Construction of sports facility at Handa Chowk,229800000,2023-11-16
1683,ELE-29-2023-1683,24,1,Electricity,Construction of electricity facility at Rama Nagar,278100000,2025-01-24
1684,EDU-12-2023-1684,7,8,Education,Construction of education facility at Vora Chowk,447700000,2024-12-28
1685,SPO-6-2023-1685,1,5,Sports,Construction of sports facility at Kunda,109300000,2023-10-09
1686,SAN-25-2023-1686,20,15,Sanitation,Construction of sanitation facility at Kant Path,98300000,2024-12-14
1687,ELE-19-2023-1687,14,7,Electricity,Construction of electricity facility at Arya Zila,400100000,2025-08-23
1688,DRI-17-2023-1688,12,4,Drinking Water,Construction of drinking water facility at Swamy Ganj,428700000,2025-08-22
1689,EDU-11-2023-1689,6,13,Education,Construction of education facility at Sidhu Zila,463000000,2025-05-15
1690,HEA-13-2023-1690,8,14,Health,Construction of health facility at Patel Nagar,387600000,2024-11-07
1691,ROA-16-2023-1691,11,2,Roads,Construction of roads facility at Pillay Marg,491000000,2025-05-09
1692,DRI-17-2023-1692,12,1,Drinking Water,Construction of drinking water facility at Lata Nagar,175900000,2024-10-15
1693,SAN-11-2023-1693,6,8,Sanitation,Construction of sanitation facility at Bobal Nagar,408600000,2025-06-10
1694,ROA-8-2023-1694,3,8,Roads,Construction of roads facility at Brahmbhatt Road,497000000,2024-02-15
1695,HEA-7-2023-1695,2,20,Health,Construction of health facility at Chatterjee Circle,498200000,2023-11-18
1696,SAN-29-2023-1696,24,5,Sanitation,Construction of sanitation facility at Wali Ganj,93400000,2024-06-26
1697,EDU-16-2023-1697,11,2,Education,Construction of education facility at Hans Ganj,348300000,2024-10-13
1698,SAN-23-2023-1698_Sanitation,18,18,Sanitation,Construction of sanitation facility at Gola Ganj,137700000,2024-11-07
1699,EDU-24-2023-1699,19,6,Education,Construction of education facility at Sagar Circle,429000000,2025-04-02
1700,RAI-19-2023-1700,14,18,Railways,Construction of railways facility at Parmar Zila,368700000,2025-02-05
1701,SAN-21-2023-1701,16,1,Sanitation,Construction of sanitation facility at Sane Chowk,269500000,2025-07-17
1702,DRI-15-2023-1702,10,5,Drinking Water,Construction of drinking water facility at Ganesan Zila,58600000,2025-05-08
1703,ELE-29-2023-1703,24,14,Electricity,Construction of electricity facility at Ratti Street,334200000,2024-09-27
1704,RAI-25-2023-1704,20,13,Railways,Construction of railways facility at Dugar Path,131800000,2024-10-19
1705,EDU-16-2023-1705_Education,11,1,Education,Construction of education facility at Savant,89400000,2025-08-26
1706,EDU-13-2023-1706,8,19,Education,Construction of education facility at Murty Path,52400000,2024-11-01
1707,ROA-7-2023-1707,2,3,Roads,Construction of roads facility at Prabhu Path,102700000,2024-07-17
1708,ELE-20-2023-1708,15,5,Electricity,Construction of electricity facility at Naik Marg,496800000,2024-12-16
1709,SPO-23-2023-1709_Sports,18,20,Sports,Construction of sports facility at Kala Ganj,107800000,2024-06-18
1710,DRI-29-2023-1710,24,8,Drinking Water,Construction of drinking water facility at Kumar Circle,110300000,2024-06-06
1711,HEA-27-2023-1711,22,19,Health,Construction of health facility at Sem Chowk,208700000,2024-07-05
1712,ELE-27-2023-1712,22,11,Electricity,Construction of electricity facility at Banerjee Nagar,323700000,2024-04-08
1713,SPO-10-2023-1713,5,11,Sports,Construction of sports facility at Babu,306400000,2024-10-07
1714,DRI-10-2023-1714,5,6,Drinking Water,Construction of drinking water facility at Mittal Street,203000000,2023-09-06
1715,DRI-11-2023-1715,6,19,Drinking Water,Construction of drinking water facility at Kapadia Road,82600000,2024-02-14
1716,SPO-21-2023-1716,16,7,Sports,Construction of sports facility at Bains Path,468100000,2025-04-22
1717,RAI-23-2023-1717,18,11,Railways,Construction of railways facility at Vaidya Road,323600000,2024-11-06
1718,SPO-7-2023-1718,2,3,Sports,Construction of sports facility at Dubey,305300000,2023-11-13
1719,EDU-8-2023-1719,3,2,Education,Construction of education facility at Sharma Nagar,259500000,2024-06-03
1720,SAN-15-2023-1720,10,2,Sanitation,Construction of sanitation facility at Devi Street,182700000,2024-03-24
1721,ELE-7-2023-1721,2,9,Electricity,Construction of electricity facility at Krish Path,105300000,2024-02-28
1722,SAN-23-2023-1722,18,4,Sanitation,Construction of sanitation facility at Mital Road,127300000,2023-11-11
1723,SAN-22-2023-1723,17,12,Sanitation,Construction of sanitation facility at Ratta,429900000,2024-11-16
1724,SAN-16-2023-1724,11,13,Sanitation,Construction of sanitation facility at Brahmbhatt Ganj,243600000,2025-03-16
1725,RAI-10-2023-1725,5,16,Railways,Construction of railways facility at Subramanian Path,191200000,2024-01-13
1726,RAI-10-2023-1726_Railways,5,12,Railways,Construction of railways facility at Chandran Chowk,183100000,2024-12-06
1727,ELE-11-2023-1727,6,11,Electricity,Construction of electricity facility at Barad Road,98400000,2025-03-21
1728,SAN-10-2023-1728,5,6,Sanitation,Construction of sanitation facility at Raj,210700000,2023-10-31
1729,HEA-29-2023-1729,24,1,Health,Construction of health facility at Natt Nagar,91500000,2024-05-28
1730,ELE-30-2023-1730,25,16,Electricity,Construction of electricity facility at Saha Marg,134500000,2025-08-23
1731,SPO-29-2023-1731_Sports,24,20,Sports,Construction of sports facility at Karan Zila,211400000,2025-04-03
1732,EDU-11-2023-1732,6,9,Education,Construction of education facility at Apte,490100000,2025-01-05
1733,EDU-29-2023-1733,24,10,Education,Construction of education facility at Bhagat Marg,434700000,2024-04-24
1734,DRI-25-2023-1734,20,7,Drinking Water,Construction of drinking water facility at Barman Circle,265900000,2024-05-06
1735,EDU-16-2023-1735,11,10,Education,Construction of education facility at Doctor Circle,216300000,2024-05-11
1736,SPO-28-2023-1736,23,6,Sports,Construction of sports facility at Kant Circle,372100000,2023-12-28
1737,DRI-25-2023-1737,20,11,Drinking Water,Construction of drinking water facility at Ramaswamy Nagar,298300000,2024-08-12
1738,ROA-29-2023-1738,24,2,Roads,Construction of roads facility at Thaman,204400000,2023-11-09
1739,HEA-12-2023-1739,7,6,Health,Construction of health facility at Sankaran Ganj,156000000,2024-04-13
1740,ELE-23-2023-1740,18,16,Electricity,Construction of electricity facility at Divan Marg,259400000,2023-12-12
1741,DRI-30-2023-1741,25,6,Drinking Water,Construction of drinking water facility at Butala Path,487200000,2024-09-04
1742,HEA-19-2023-1742,14,9,Health,Construction of health facility at Bawa,304800000,2024-10-30
1743,ROA-14-2023-1743,9,2,Roads,Construction of roads facility at Lala Marg,427500000,2023-11-06
1744,HEA-21-2023-1744,16,4,Health,Construction of health facility at Thaker Marg,78400000,2024-08-03
1745,ROA-12-2023-1745,7,13,Roads,Construction of roads facility at Deshmukh Street,352900000,2024-09-08
1746,SAN-15-2023-1746,10,15,Sanitation,Construction of sanitation facility at Hora Circle,213300000,2024-09-13
1747,ROA-20-2023-1747,15,16,Roads,Construction of roads facility at Hayre Marg,153600000,2024-11-09
1748,ROA-14-2023-1748,9,12,Roads,Construction of roads facility at Viswanathan,466100000,2024-03-10
1749,HEA-10-2023-1749,5,11,Health,Construction of health facility at Bora Ganj,61000000,2024-03-25
1750,SPO-30-2023-1750,25,18,Sports,Construction of sports facility at Naik Marg,150300000,2025-02-13
1751,EDU-9-2023-1751,4,18,Education,Construction of education facility at Chakraborty,296500000,2023-11-27
1752,RAI-18-2023-1752,13,9,Railways,Construction of railways facility at Sampath Marg,235100000,2024-06-10
1753,SAN-10-2023-1753,5,15,Sanitation,Construction of sanitation facility at Halder Path,186800000,2024-05-07
1754,SAN-10-2023-1754,5,3,Sanitation,Construction of sanitation facility at Bajwa Path,278800000,2025-04-20
1755,HEA-21-2023-1755,16,18,Health,Construction of health facility at Gara Road,184000000,2024-05-29
1756,ELE-26-2023-1756,21,17,Electricity,Construction of electricity facility at Sathe,232300000,2024-12-28
1757,DRI-7-2023-1757,2,11,Drinking Water,Construction of drinking water facility at Sastry Street,141300000,2023-10-05
1758,SAN-24-2023-1758,19,20,Sanitation,Construction of sanitation facility at Iyengar Ganj,316600000,2025-02-14
1759,ELE-28-2023-1759,23,12,Electricity,Construction of electricity facility at Dugal Path,154800000,2025-04-11
1760,ROA-24-2023-1760,19,20,Roads,Construction of roads facility at Chowdhury Zila,235700000,2025-03-28
1761,ELE-26-2023-1761,21,5,Electricity,Construction of electricity facility at Kibe Nagar,78700000,2024-12-26
1762,DRI-14-2023-1762,9,9,Drinking Water,Construction of drinking water facility at Mani Street,202700000,2023-09-11
1763,HEA-27-2023-1763,22,6,Health,Construction of health facility at Choudhry Path,242200000,2024-04-24
1764,SAN-24-2023-1764,19,8,Sanitation,Construction of sanitation facility at Sinha Chowk,438000000,2023-09-18
1765,SPO-24-2023-1765,19,13,Sports,Construction of sports facility at Kadakia Path,399600000,2025-03-28
1766,SPO-10-2023-1766,5,8,Sports,Construction of sports facility at Kakar Circle,457800000,2024-02-06
1767,DRI-30-2023-1767,25,3,Drinking Water,Construction of drinking water facility at Virk Circle,452500000,2025-04-05
1768,RAI-7-2023-1768,2,7,Railways,Construction of railways facility at Subramanian Road,406100000,2024-12-27
1769,HEA-29-2023-1769,24,13,Health,Construction of health facility at Badami Street,227500000,2024-06-19
1770,ELE-12-2023-1770,7,2,Electricity,Construction of electricity facility at Vyas,333500000,2023-10-04
1771,SPO-7-2023-1771,2,6,Sports,Construction of sports facility at Garde Road,199900000,2023-10-17
1772,RAI-29-2023-1772,24,6,Railways,Construction of railways facility at Iyer Road,250400000,2025-05-05
1773,HEA-25-2023-1773,20,10,Health,Construction of health facility at Madan,55100000,2023-10-12
1774,EDU-23-2023-1774,18,15,Education,Construction of education facility at Anand Chowk,230000000,2023-10-22
1775,RAI-28-2023-1775,23,8,Railways,Construction of railways facility at Madan Marg,349300000,2025-01-27
1776,EDU-6-2023-1776,1,2,Education,Construction of education facility at Chokshi Path,351700000,2023-09-15
1777,SPO-20-2023-1777_Sports,15,17,Sports,Construction of sports facility at Raju Road,272500000,2024-02-27
1778,DRI-24-2023-1778_Drinking Water,19,8,Drinking Water,Construction of drinking water facility at Trivedi Marg,162300000,2025-03-05
1779,ELE-12-2023-1779,7,6,Electricity,Construction of electricity facility at Mutti Zila,123500000,2024-09-11
1780,RAI-13-2023-1780,8,17,Railways,Construction of railways facility at Wali,226600000,2023-11-08
1781,SPO-13-2023-1781,8,18,Sports,Construction of sports facility at Issac Street,73100000,2024-09-23
1782,ROA-8-2023-1782,3,17,Roads,Construction of roads facility at Bains Chowk,216300000,2023-10-01
1783,ELE-29-2023-1783,24,13,Electricity,Construction of electricity facility at Wagle Ganj,241000000,2024-04-24
1784,ROA-26-2023-1784,21,9,Roads,Construction of roads facility at Suri Path,423600000,2024-07-02
1785,RAI-12-2023-1785,7,8,Railways,Construction of railways facility at Badami Street,374100000,2024-05-27
1786,EDU-16-2023-1786,11,20,Education,Construction of education facility at Pant Path,393800000,2024-12-29
1787,HEA-19-2023-1787,14,19,Health,Construction of health facility at Keer Road,339100000,2024-09-24
1788,ELE-19-2023-1788,14,14,Electricity,Construction of electricity facility at Bhatia Road,430400000,2024-12-30
1789,RAI-20-2023-1789,15,7,Railways,Construction of railways facility at Ram Road,56500000,2025-07-23
1790,EDU-20-2023-1790,15,10,Education,Construction of education facility at Mammen Nagar,307200000,2024-02-23
1791,SAN-6-2023-1791,1,6,Sanitation,Construction of sanitation facility at Om Street,264400000,2025-07-28
1792,SPO-25-2023-1792,20,9,Sports,Construction of sports facility at Devan Marg,250300000,2023-11-08
1793,ROA-11-2023-1793,6,8,Roads,Construction of roads facility at Verma Marg,385800000,2025-02-08
1794,SAN-6-2023-1794,1,18,Sanitation,Construction of sanitation facility at Karan,460000000,2024-07-21
1795,ELE-28-2023-1795,23,10,Electricity,Construction of electricity facility at Dua Ganj,134800000,2024-07-28
1796,ROA-13-2023-1796,8,5,Roads,Construction of roads facility at Narayan Road,474800000,2024-08-14
1797,DRI-19-2023-1797,14,11,Drinking Water,Construction of drinking water facility at Deep Circle,85100000,2024-02-08
1798,DRI-29-2023-1798,24,2,Drinking Water,Construction of drinking water facility at Jain Street,165800000,2025-07-01
1799,SPO-6-2023-1799,1,12,Sports,Construction of sports facility at More Street,341800000,2025-02-16
1800,EDU-13-2023-1800,8,19,Education,Construction of education facility at Deshmukh Circle,228900000,2024-07-31
1801,HEA-13-2023-1801,8,3,Health,Construction of health facility at Dugar Street,494000000,2024-05-04
1802,HEA-26-2023-1802,21,14,Health,Construction of health facility at Walia Zila,209600000,2025-03-12
1803,RAI-21-2023-1803,16,17,Railways,Construction of railways facility at Gour Zila,390500000,2024-05-04
1804,ELE-16-2023-1804,11,9,Electricity,Construction of electricity facility at Balan Street,279800000,2025-04-17
1805,ROA-28-2023-1805,23,2,Roads,Construction of roads facility at Sachdev Path,204200000,2024-07-16
1806,SAN-30-2023-1806,25,5,Sanitation,Construction of sanitation facility at Savant Road,88400000,2025-04-02
1807,SAN-15-2023-1807,10,19,Sanitation,Construction of sanitation facility at Doshi Road,180600000,2025-04-28
1808,SAN-18-2023-1808,13,4,Sanitation,Construction of sanitation facility at Chhabra Ganj,378700000,2023-12-12
1809,HEA-21-2023-1809,16,11,Health,Construction of health facility at Bal Street,257700000,2025-04-15
1810,DRI-27-2023-1810,22,5,Drinking Water,Construction of drinking water facility at Loke,408400000,2024-12-14
1811,SAN-16-2023-1811,11,3,Sanitation,Construction of sanitation facility at Kashyap,222500000,2024-12-07
1812,HEA-23-2023-1812,18,12,Health,Construction of health facility at Kashyap Ganj,271800000,2025-02-15
1813,DRI-21-2023-1813,16,10,Drinking Water,Construction of drinking water facility at Parmer Nagar,124400000,2023-11-01
1814,SPO-25-2023-1814,20,3,Sports,Construction of sports facility at Desai Chowk,262100000,2024-09-25
1815,ROA-17-2023-1815,12,4,Roads,Construction of roads facility at Singh,389000000,2025-03-07
1816,RAI-22-2023-1816,17,17,Railways,Construction of railways facility at Gour Path,176200000,2025-06-23
1817,DRI-14-2023-1817,9,14,Drinking Water,Construction of drinking water facility at Swamy Marg,331100000,2024-09-03
1818,EDU-24-2023-1818,19,7,Education,Construction of education facility at Gade Street,202600000,2024-01-29
1819,DRI-12-2023-1819,7,10,Drinking Water,Construction of drinking water facility at Bali Ganj,110500000,2024-07-14
1820,ROA-10-2023-1820,5,18,Roads,Construction of roads facility at Madan Nagar,340700000,2024-07-17
1821,ELE-19-2023-1821,14,6,Electricity,Construction of electricity facility at Jain Ganj,166400000,2025-04-11
1822,ROA-7-2023-1822,2,8,Roads,Construction of roads facility at Bhatti Ganj,172500000,2024-01-16
1823,HEA-10-2023-1823,5,8,Health,Construction of health facility at Suri Chowk,215700000,2025-02-16
1824,SAN-22-2023-1824,17,3,Sanitation,Construction of sanitation facility at Shankar Path,59600000,2025-07-21
1825,RAI-25-2023-1825,20,19,Railways,Construction of railways facility at Sane Ganj,457000000,2024-07-11
1826,RAI-27-2023-1826,22,11,Railways,Construction of railways facility at Rai Nagar,438400000,2025-03-13
1827,SPO-18-2023-1827,13,10,Sports,Construction of sports facility at Ramesh Path,336100000,2024-12-18
1828,ROA-30-2023-1828,25,1,Roads,Construction of roads facility at Yadav,145800000,2024-10-12
1829,SPO-24-2023-1829,19,9,Sports,Construction of sports facility at Verma Nagar,240500000,2023-11-24
1830,ELE-24-2023-1830,19,3,Electricity,Construction of electricity facility at Shan Chowk,85000000,2025-06-04
1831,HEA-8-2023-1831,3,16,Health,Construction of health facility at Korpal Nagar,137600000,2024-10-07
1832,ELE-18-2023-1832,13,14,Electricity,Construction of electricity facility at Randhawa Circle,102600000,2025-03-25
1833,EDU-10-2023-1833,5,6,Education,Construction of education facility at Ram Nagar,355100000,2024-10-05
1834,EDU-26-2023-1834,21,5,Education,Construction of education facility at Gupta Nagar,484800000,2024-04-14
1835,SPO-20-2023-1835,15,11,Sports,Construction of sports facility at Rao Chowk,195500000,2025-07-18
1836,ROA-16-2023-1836,11,7,Roads,Construction of roads facility at Mangal Road,377100000,2024-08-24
1837,ELE-11-2023-1837,6,15,Electricity,Construction of electricity facility at Sami Street,407200000,2024-04-16
1838,ROA-25-2023-1838,20,14,Roads,Construction of roads facility at Bhagat,485700000,2025-02-17
1839,SPO-9-2023-1839,4,20,Sports,Construction of sports facility at Dhar Circle,277400000,2024-08-26
1840,DRI-13-2023-1840,8,12,Drinking Water,Construction of drinking water facility at Chana Chowk,96700000,2025-03-15
1841,HEA-27-2023-1841,22,1,Health,Construction of health facility at Chowdhury Circle,182100000,2024-01-18
1842,ELE-23-2023-1842,18,18,Electricity,Construction of electricity facility at Deshmukh,271300000,2024-07-02
1843,ELE-24-2023-1843,19,7,Electricity,Construction of electricity facility at Naik Marg,101100000,2024-08-16
1844,HEA-11-2023-1844,6,19,Health,Construction of health facility at Gola Nagar,460900000,2024-08-18
1845,EDU-23-2023-1845,18,11,Education,Construction of education facility at Jaggi,494200000,2025-07-17
1846,ROA-12-2023-1846_Roads,7,3,Roads,Construction of roads facility at Chana Chowk,139000000,2024-03-13
1847,HEA-29-2023-1847,24,8,Health,Construction of health facility at Gade Path,336100000,2025-03-11
1848,DRI-8-2023-1848,3,4,Drinking Water,Construction of drinking water facility at Chand Zila,382600000,2023-11-28
1849,ELE-10-2023-1849,5,10,Electricity,Construction of electricity facility at Patil Chowk,55100000,2023-11-06
1850,EDU-28-2023-1850,23,5,Education,Construction of education facility at Rajagopalan Circle,154300000,2025-03-18
1851,SPO-13-2023-1851,8,5,Sports,Construction of sports facility at Dutta Circle,486800000,2024-06-21
1852,SPO-30-2023-1852,25,20,Sports,Construction of sports facility at Rai Circle,351900000,2023-10-05
1853,ELE-10-2023-1853,5,12,Electricity,Construction of electricity facility at Nayak Street,331300000,2024-11-13
1854,ROA-17-2023-1854,12,20,Roads,Construction of roads facility at Gaba Street,439200000,2025-07-06
1855,RAI-23-2023-1855,18,13,Railways,Construction of railways facility at Gola Street,301400000,2025-04-20
1856,HEA-20-2023-1856,15,2,Health,Construction of health facility at Saini Nagar,462900000,2024-04-27
1857,SPO-18-2023-1857,13,9,Sports,Construction of sports facility at Sehgal Road,489400000,2024-04-12
1858,DRI-12-2023-1858,7,10,Drinking Water,Construction of drinking water facility at Dalal Street,186500000,2025-07-29
1859,DRI-29-2023-1859,24,12,Drinking Water,Construction of drinking water facility at Jain Street,184300000,2023-09-03
1860,ELE-23-2023-1860,18,16,Electricity,Construction of electricity facility at Kulkarni,271600000,2023-09-10
1861,HEA-27-2023-1861,22,3,Health,Construction of health facility at Tank Chowk,83700000,2025-06-26
1862,SPO-22-2023-1862_Sports,17,2,Sports,Construction of sports facility at Ahluwalia Chowk,243700000,2024-12-16
1863,SAN-30-2023-1863,25,2,Sanitation,Construction of sanitation facility at Khanna Chowk,369700000,2024-02-16
1864,HEA-20-2023-1864,15,16,Health,Construction of health facility at Soni,409000000,2024-08-18
1865,RAI-28-2023-1865,23,20,Railways,Construction of railways facility at Sathe Marg,182700000,2023-11-01
1866,EDU-28-2023-1866,23,15,Education,Construction of education facility at Ahuja,88900000,2024-03-09
1867,SPO-24-2023-1867,19,5,Sports,Construction of sports facility at Mall Circle,378300000,2024-12-25
1868,ELE-26-2023-1868,21,19,Electricity,Construction of electricity facility at Johal Circle,145700000,2023-10-08
1869,ELE-6-2023-1869,1,19,Electricity,Construction of electricity facility at Divan Street,152300000,2023-10-13
1870,ROA-26-2023-1870,21,8,Roads,Construction of roads facility at Bansal Path,493300000,2023-12-22
1871,HEA-6-2023-1871,1,14,Health,Construction of health facility at Misra Nagar,487700000,2024-05-15
1872,HEA-30-2023-1872,25,11,Health,Construction of health facility at Bawa Zila,373000000,2023-11-24
1873,ELE-29-2023-1873,24,2,Electricity,Construction of electricity facility at Gokhale Marg,429500000,2024-01-04
1874,SAN-18-2023-1874,13,9,Sanitation,Construction of sanitation facility at Goel Road,190000000,2024-08-19
1875,SAN-27-2023-1875,22,12,Sanitation,Construction of sanitation facility at Parsa,118800000,2025-08-24
1876,RAI-30-2023-1876,25,1,Railways,Construction of railways facility at Chander Nagar,301700000,2025-04-19
1877,ROA-22-2023-1877,17,13,Roads,Construction of roads facility at Naidu Road,141800000,2024-06-13
1878,HEA-20-2023-1878,15,11,Health,Construction of health facility at Bir Marg,80000000,2025-04-12
1879,HEA-22-2023-1879,17,5,Health,Construction of health facility at Bhattacharyya Marg,395100000,2024-04-15
1880,DRI-12-2023-1880,7,3,Drinking Water,Construction of drinking water facility at Desai Chowk,470200000,2023-12-04
1881,HEA-21-2023-1881,16,10,Health,Construction of health facility at Narayan Road,57800000,2024-10-14
1882,ROA-22-2023-1882,17,3,Roads,Construction of roads facility at Vohra Marg,384700000,2024-02-10
1883,EDU-27-2023-1883,22,16,Education,Construction of education facility at Bhardwaj Ganj,341800000,2023-11-24
1884,ELE-19-2023-1884,14,7,Electricity,Construction of electricity facility at Wadhwa,375600000,2023-11-08
1885,SPO-23-2023-1885,18,9,Sports,Construction of sports facility at Mani Chowk,402200000,2024-07-28
1886,SAN-29-2023-1886,24,5,Sanitation,Construction of sanitation facility at Nadig,442900000,2024-03-20
1887,ROA-14-2023-1887,9,16,Roads,Construction of roads facility at Pandya Circle,285500000,2025-08-21
1888,SAN-23-2023-1888,18,7,Sanitation,Construction of sanitation facility at Taneja Street,451600000,2024-10-08
1889,EDU-21-2023-1889,16,17,Education,Construction of education facility at Tailor Chowk,411300000,2025-05-20
1890,HEA-15-2023-1890,10,8,Health,Construction of health facility at Kaul Street,420100000,2025-03-04
1891,ELE-20-2023-1891,15,14,Electricity,Construction of electricity facility at Hari Road,478500000,2023-09-02
1892,SAN-27-2023-1892,22,15,Sanitation,Construction of sanitation facility at Bajwa Zila,405800000,2024-08-27
1893,SAN-23-2023-1893,18,20,Sanitation,Construction of sanitation facility at Johal Zila,59300000,2025-05-14
1894,SAN-25-2023-1894,20,10,Sanitation,Construction of sanitation facility at Sachdeva,308500000,2024-07-18
1895,SAN-23-2023-1895,18,19,Sanitation,Construction of sanitation facility at Nath Nagar,463300000,2024-05-29
1896,SPO-13-2023-1896,8,8,Sports,Construction of sports facility at Kala Circle,66300000,2023-09-09
1897,ELE-12-2023-1897,7,10,Electricity,Construction of electricity facility at Manda Ganj,438500000,2024-03-16
1898,DRI-30-2023-1898,25,5,Drinking Water,Construction of drinking water facility at Morar Zila,485000000,2024-04-21
1899,DRI-29-2023-1899,24,12,Drinking Water,Construction of drinking water facility at Naik Circle,161100000,2025-04-18
1900,SPO-18-2023-1900,13,3,Sports,Construction of sports facility at Comar Nagar,164500000,2025-02-14
1901,DRI-17-2023-1901,12,14,Drinking Water,Construction of drinking water facility at Om Path,55800000,2024-07-04
1902,SPO-18-2023-1902,13,7,Sports,Construction of sports facility at Balakrishnan,357600000,2025-06-08
1903,DRI-21-2023-1903,16,20,Drinking Water,Construction of drinking water facility at Hari Street,159700000,2024-05-14
1904,SPO-15-2023-1904_Sports,10,5,Sports,Construction of sports facility at Srinivas Path,385700000,2025-08-12
1905,SPO-20-2023-1905_Sports,15,13,Sports,Construction of sports facility at Banik Chowk,112700000,2025-01-14
1906,SPO-21-2023-1906_Sports,16,20,Sports,Construction of sports facility at Subramaniam Street,267500000,2023-12-30
1907,RAI-20-2023-1907_Railways,15,18,Railways,Construction of railways facility at Yadav Chowk,225300000,2025-07-27
1908,ROA-19-2023-1908,14,17,Roads,Construction of roads facility at Shere Path,262300000,2025-05-01
1909,DRI-19-2023-1909,14,19,Drinking Water,Construction of drinking water facility at Bhalla Marg,392700000,2025-06-10
1910,ROA-16-2023-1910,11,10,Roads,Construction of roads facility at Mistry Circle,467000000,2024-11-12
1911,RAI-7-2023-1911,2,1,Railways,Construction of railways facility at Wason Path,150900000,2023-09-15
1912,DRI-13-2023-1912,8,13,Drinking Water,Construction of drinking water facility at Narula Ganj,216300000,2025-05-14
1913,SAN-30-2023-1913,25,1,Sanitation,Construction of sanitation facility at Bhatti Path,469400000,2023-12-25
1914,DRI-24-2023-1914,19,9,Drinking Water,Construction of drinking water facility at Balasubramanian Road,60200000,2024-05-21
1915,SPO-30-2023-1915,25,6,Sports,Construction of sports facility at Warrior Marg,159100000,2025-06-16
1916,SAN-15-2023-1916,10,13,Sanitation,Construction of sanitation facility at Ramachandran Street,418800000,2024-01-24
1917,ROA-14-2023-1917,9,3,Roads,Construction of roads facility at Dada,131600000,2025-07-03
1918,RAI-14-2023-1918,9,3,Railways,Construction of railways facility at Murty Road,303500000,2025-03-05
1919,RAI-27-2023-1919,22,12,Railways,Construction of railways facility at Magar Nagar,173700000,2024-07-18
1920,RAI-23-2023-1920,18,17,Railways,Construction of railways facility at Taneja Zila,294500000,2025-07-13
1921,DRI-8-2023-1921,3,20,Drinking Water,Construction of drinking water facility at Prabhu Ganj,79000000,2024-08-17
1922,RAI-24-2023-1922,19,19,Railways,Construction of railways facility at Kalita Road,59800000,2024-10-12
1923,HEA-18-2023-1923,13,12,Health,Construction of health facility at Gill Road,370200000,2023-11-27
1924,DRI-21-2023-1924,16,19,Drinking Water,Construction of drinking water facility at Barad Path,58100000,2025-04-27
1925,HEA-16-2023-1925,11,1,Health,Construction of health facility at Chanda Ganj,161800000,2024-08-10
1926,RAI-22-2023-1926,17,11,Railways,Construction of railways facility at Bakshi Circle,123200000,2025-05-13
1927,SPO-16-2023-1927,11,20,Sports,Construction of sports facility at Tella Chowk,83700000,2023-12-29
1928,ROA-10-2023-1928,5,20,Roads,Construction of roads facility at Oak Ganj,309000000,2025-08-18
1929,DRI-10-2023-1929,5,20,Drinking Water,Construction of drinking water facility at Viswanathan Chowk,422500000,2024-04-29
1930,ELE-21-2023-1930,16,17,Electricity,Construction of electricity facility at Dhar Path,200400000,2025-04-20
1931,ROA-12-2023-1931,7,9,Roads,Construction of roads facility at Varty Zila,117400000,2025-02-07
1932,RAI-27-2023-1932,22,11,Railways,Construction of railways facility at Jha Street,197600000,2025-03-16
1933,SPO-22-2023-1933,17,18,Sports,Construction of sports facility at Sharaf Nagar,114600000,2024-06-28
1934,SAN-23-2023-1934,18,9,Sanitation,Construction of sanitation facility at D’Alia Circle,344100000,2023-09-04
1935,EDU-15-2023-1935,10,11,Education,Construction of education facility at Basu Road,311800000,2025-02-15
1936,SPO-29-2023-1936,24,12,Sports,Construction of sports facility at Chahal,259100000,2024-05-16
1937,ROA-14-2023-1937,9,9,Roads,Construction of roads facility at Batra Chowk,305500000,2023-11-20
1938,ROA-28-2023-1938,23,6,Roads,Construction of roads facility at Muni Circle,157000000,2023-09-18
1939,ROA-6-2023-1939,1,3,Roads,Construction of roads facility at Muni,492600000,2025-01-09
1940,HEA-20-2023-1940,15,7,Health,Construction of health facility at Nagi Ganj,482300000,2024-02-03
1941,ELE-17-2023-1941,12,15,Electricity,Construction of electricity facility at Mangat Ganj,213200000,2024-04-02
1942,HEA-23-2023-1942,18,16,Health,Construction of health facility at Nagar Circle,51600000,2025-04-23
1943,EDU-7-2023-1943_Education,2,4,Education,Construction of education facility at Dalal Chowk,53900000,2024-03-30
1944,SPO-9-2023-1944_Sports,4,2,Sports,Construction of sports facility at Dugar Street,52100000,2024-03-31
1945,RAI-10-2023-1945,5,4,Railways,Construction of railways facility at Aurora Zila,86600000,2024-12-27
1946,ROA-25-2023-1946,20,9,Roads,Construction of roads facility at Varkey Circle,368200000,2023-11-19
1947,EDU-21-2023-1947,16,10,Education,Construction of education facility at Palla Ganj,250100000,2024-10-31
1948,ROA-11-2023-1948,6,4,Roads,Construction of roads facility at Madan Path,172900000,2023-12-19
1949,ROA-28-2023-1949,23,2,Roads,Construction of roads facility at Konda Road,388200000,2024-01-12
1950,EDU-25-2023-1950,20,16,Education,Construction of education facility at Mukhopadhyay Zila,97900000,2024-12-20
1951,ELE-9-2023-1951,4,12,Electricity,Construction of electricity facility at Zachariah Path,162800000,2024-08-10
1952,SAN-17-2023-1952,12,4,Sanitation,Construction of sanitation facility at De Nagar,460200000,2023-09-23
1953,HEA-13-2023-1953,8,16,Health,Construction of health facility at Bedi Chowk,387100000,2023-11-22
1954,ELE-30-2023-1954,25,11,Electricity,Construction of electricity facility at Bhagat Marg,127500000,2023-11-06
1955,SAN-29-2023-1955,24,1,Sanitation,Construction of sanitation facility at Ramanathan Marg,333400000,2024-01-18
1956,ELE-13-2023-1956,8,14,Electricity,Construction of electricity facility at Sehgal,229400000,2024-12-22
1957,HEA-12-2023-1957,7,12,Health,Construction of health facility at Muni Path,477900000,2024-05-16
1958,SAN-21-2023-1958,16,14,Sanitation,Construction of sanitation facility at Walla Ganj,123300000,2023-11-01
1959,ROA-13-2023-1959,8,18,Roads,Construction of roads facility at Deep Chowk,305600000,2023-11-12
1960,ROA-21-2023-1960,16,8,Roads,Construction of roads facility at Chatterjee Chowk,363600000,2024-08-19
1961,HEA-25-2023-1961,20,15,Health,Construction of health facility at Shroff Road,303200000,2024-08-31
1962,ELE-22-2023-1962,17,6,Electricity,Construction of electricity facility at Kapur Ganj,310300000,2023-12-21
1963,SPO-9-2023-1963,4,8,Sports,Construction of sports facility at Kuruvilla,337600000,2025-08-10
1964,SPO-29-2023-1964,24,10,Sports,Construction of sports facility at Ramanathan Path,497100000,2024-01-21
1965,HEA-6-2023-1965_Health,1,14,Health,Construction of health facility at Nair Path,346200000,2024-08-18
1966,SAN-18-2023-1966,13,3,Sanitation,Construction of sanitation facility at Balan Chowk,272700000,2023-10-21
1967,SAN-11-2023-1967,6,8,Sanitation,Construction of sanitation facility at Chowdhury Chowk,404500000,2024-05-30
1968,SPO-14-2023-1968,9,13,Sports,Construction of sports facility at Shenoy Chowk,276400000,2025-06-18
1969,HEA-17-2023-1969,12,4,Health,Construction of health facility at Mandal Street,497800000,2025-04-19
1970,HEA-8-2023-1970,3,3,Health,Construction of health facility at Datta Path,326300000,2024-09-29
1971,DRI-12-2023-1971,7,12,Drinking Water,Construction of drinking water facility at Ravi Zila,381900000,2025-05-28
1972,ELE-17-2023-1972,12,14,Electricity,Construction of electricity facility at Nanda Zila,353900000,2024-11-05
1973,DRI-17-2023-1973,12,12,Drinking Water,Construction of drinking water facility at Mittal Zila,147000000,2024-10-18
1974,SPO-24-2023-1974,19,20,Sports,Construction of sports facility at Rattan Chowk,93300000,2024-12-02
1975,DRI-15-2023-1975,10,5,Drinking Water,Construction of drinking water facility at Khare Marg,115600000,2024-12-26
1976,RAI-13-2023-1976,8,4,Railways,Construction of railways facility at Dutt Ganj,131000000,2024-09-09
1977,DRI-26-2023-1977,21,15,Drinking Water,Construction of drinking water facility at Bhatti Marg,465600000,2024-05-22
1978,RAI-23-2023-1978,18,1,Railways,Construction of railways facility at Sankar Ganj,329100000,2025-05-02
1979,RAI-11-2023-1979,6,13,Railways,Construction of railways facility at Oommen Marg,478100000,2024-10-27
1980,EDU-8-2023-1980,3,15,Education,Construction of education facility at Ghose Ganj,435000000,2025-01-27
1981,HEA-8-2023-1981,3,8,Health,Construction of health facility at Sur Zila,83000000,2023-11-28
1982,SAN-8-2023-1982,3,2,Sanitation,Construction of sanitation facility at Sheth,338200000,2024-05-10
1983,HEA-9-2023-1983,4,11,Health,Construction of health facility at Chatterjee Circle,160500000,2025-05-31
1984,SPO-16-2023-1984,11,15,Sports,Construction of sports facility at Goda Chowk,338600000,2024-04-27
1985,EDU-28-2023-1985,23,7,Education,Construction of education facility at Boase Marg,251400000,2024-12-08
1986,EDU-7-2023-1986,2,9,Education,Construction of education facility at Raghavan Zila,383000000,2024-05-12
1987,SAN-22-2023-1987,17,1,Sanitation,Construction of sanitation facility at Bhat Chowk,88000000,2023-11-10
1988,HEA-14-2023-1988,9,17,Health,Construction of health facility at Dewan Ganj,162100000,2025-07-21
1989,ROA-11-2023-1989,6,11,Roads,Construction of roads facility at Acharya,137700000,2025-04-11
1990,SAN-28-2023-1990,23,10,Sanitation,Construction of sanitation facility at Dixit Street,108300000,2024-08-17
1991,HEA-28-2023-1991,23,3,Health,Construction of health facility at Manne Circle,303800000,2024-06-29
1992,ELE-24-2023-1992,19,18,Electricity,Construction of electricity facility at Sekhon,451800000,2024-01-30
1993,EDU-20-2023-1993,15,1,Education,Construction of education facility at Nadig Ganj,162000000,2024-04-20
1994,EDU-25-2023-1994,20,14,Education,Construction of education facility at Modi,329600000,2025-08-14
1995,SPO-17-2023-1995,12,19,Sports,Construction of sports facility at Padmanabhan Marg,65400000,2023-11-09
1996,RAI-14-2023-1996_Railways,9,9,Railways,Construction of railways facility at Anand,133300000,2024-12-18
1997,HEA-23-2023-1997,18,8,Health,Construction of health facility at Raval Circle,444100000,2025-06-20
1998,EDU-30-2023-1998,25,5,Education,Construction of education facility at Menon Street,297100000,2023-10-19
1999,ELE-22-2023-1999,17,13,Electricity,Construction of electricity facility at Bera Path,322200000,2023-09-01
2000,RAI-13-2023-2000,8,11,Railways,Construction of railways facility at Parmer Circle,391200000,2023-11-25
2001,SAN-21-2023-2001,16,9,Sanitation,Construction of sanitation facility at Balasubramanian Road,220500000,2024-03-01
2002,SPO-23-2023-2002,18,8,Sports,Construction of sports facility at Ramesh Marg,462800000,2024-12-29
2003,HEA-24-2023-2003,19,13,Health,Construction of health facility at Raja Path,194400000,2024-07-12
2004,ELE-6-2023-2004,1,18,Electricity,Construction of electricity facility at Saran Marg,438500000,2024-10-28
2005,SAN-14-2023-2005,9,4,Sanitation,Construction of sanitation facility at Ghose Ganj,387000000,2024-09-03
2006,EDU-6-2023-2006,1,15,Education,Construction of education facility at Guha Street,72600000,2024-11-05
2007,SPO-29-2023-2007,24,18,Sports,Construction of sports facility at Parsa Marg,156600000,2025-06-14
2008,RAI-29-2023-2008,24,14,Railways,Construction of railways facility at Dube Marg,353900000,2024-04-12
2009,ELE-18-2023-2009,13,12,Electricity,Construction of electricity facility at Desai Street,96800000,2023-09-10
2010,HEA-19-2023-2010,14,13,Health,Construction of health facility at Babu Zila,76500000,2023-12-21
2011,ELE-20-2023-2011,15,16,Electricity,Construction of electricity facility at Sarkar Chowk,388500000,2023-12-15
2012,SPO-28-2023-2012,23,6,Sports,Construction of sports facility at Devan Zila,270000000,2025-01-11
2013,EDU-9-2023-2013,4,1,Education,Construction of education facility at Shah Marg,377700000,2025-07-26
2014,HEA-7-2023-2014,2,16,Health,Construction of health facility at Sandal,220900000,2024-12-28
2015,ROA-9-2023-2015,4,4,Roads,Construction of roads facility at Sha Street,413300000,2024-09-30
2016,DRI-29-2023-2016,24,7,Drinking Water,Construction of drinking water facility at Sengupta Marg,375700000,2024-06-25
2017,HEA-11-2023-2017,6,1,Health,Construction of health facility at Kara Path,154200000,2024-01-23
2018,HEA-15-2023-2018,10,10,Health,Construction of health facility at Amble Marg,335100000,2024-11-22
2019,ELE-25-2023-2019,20,12,Electricity,Construction of electricity facility at Khalsa Chowk,421600000,2025-03-07
2020,DRI-7-2023-2020,2,16,Drinking Water,Construction of drinking water facility at Luthra Circle,420800000,2024-07-16
2021,DRI-20-2023-2021_Drinking Water,15,6,Drinking Water,Construction of drinking water facility at Peri Circle,188900000,2023-09-26
2022,EDU-19-2023-2022,14,20,Education,Construction of education facility at Subramanian Nagar,354200000,2025-03-01
2023,DRI-29-2023-2023,24,4,Drinking Water,Construction of drinking water facility at Chowdhury Path,234400000,2024-11-24
2024,ELE-27-2023-2024,22,7,Electricity,Construction of electricity facility at Buch Chowk,250400000,2023-12-20
2025,ROA-15-2023-2025,10,10,Roads,Construction of roads facility at Mammen Circle,319100000,2024-08-27
2026,HEA-28-2023-2026,23,1,Health,Construction of health facility at Brar Circle,208600000,2024-10-11
2027,DRI-7-2023-2027,2,8,Drinking Water,Construction of drinking water facility at Chakrabarti,334100000,2024-03-09
2028,EDU-11-2023-2028,6,18,Education,Construction of education facility at Brahmbhatt Chowk,182400000,2025-02-13
2029,RAI-25-2023-2029,20,20,Railways,Construction of railways facility at Muni Circle,378800000,2024-12-20
2030,ROA-19-2023-2030,14,5,Roads,Construction of roads facility at Oza Nagar,126100000,2024-10-20
2031,RAI-11-2023-2031,6,20,Railways,Construction of railways facility at Singh Nagar,112200000,2024-08-18
2032,SPO-12-2023-2032,7,3,Sports,Construction of sports facility at Singh Circle,256300000,2024-11-19
2033,HEA-10-2023-2033_Health,5,19,Health,Construction of health facility at Sama Path,71600000,2024-06-01
2034,ELE-28-2023-2034,23,12,Electricity,Construction of electricity facility at Mann Road,136700000,2024-01-09
2035,ELE-28-2023-2035,23,16,Electricity,Construction of electricity facility at Modi Nagar,132200000,2025-03-18
2036,RAI-30-2023-2036,25,6,Railways,Construction of railways facility at Lad,164400000,2023-10-18
2037,ROA-23-2023-2037,18,5,Roads,Construction of roads facility at Gara Chowk,313200000,2024-11-18
2038,SPO-17-2023-2038,12,19,Sports,Construction of sports facility at Manne Nagar,453600000,2025-05-21
2039,EDU-9-2023-2039,4,20,Education,Construction of education facility at Bala,343200000,2024-04-10
2040,SAN-22-2023-2040,17,5,Sanitation,Construction of sanitation facility at Butala Chowk,462400000,2023-12-08
2041,RAI-15-2023-2041,10,2,Railways,Construction of railways facility at Bose Circle,160500000,2025-06-23
2042,HEA-13-2023-2042,8,13,Health,Construction of health facility at Krishnan Road,311200000,2023-12-12
2043,SAN-27-2023-2043,22,8,Sanitation,Construction of sanitation facility at Mand,57000000,2024-04-01
2044,ROA-6-2023-2044,1,19,Roads,Construction of roads facility at Atwal Road,197600000,2025-03-29
2045,SPO-14-2023-2045,9,11,Sports,Construction of sports facility at Ghosh Zila,373100000,2025-08-07
2046,SAN-18-2023-2046,13,18,Sanitation,Construction of sanitation facility at Dora,93100000,2025-01-24
2047,HEA-30-2023-2047_Health,25,15,Health,Construction of health facility at Pingle Chowk,111300000,2025-05-20
2048,ELE-6-2023-2048,1,3,Electricity,Construction of electricity facility at Lal Street,181300000,2025-04-30
2049,ELE-26-2023-2049,21,19,Electricity,Construction of electricity facility at Sundaram Ganj,427900000,2024-01-19
2050,HEA-10-2023-2050,5,9,Health,Construction of health facility at Bali Circle,480600000,2024-05-24
2051,SPO-17-2023-2051,12,20,Sports,Construction of sports facility at Dhillon Zila,123800000,2024-12-06
2052,EDU-16-2023-2052,11,15,Education,Construction of education facility at Tandon Street,60100000,2025-04-07
2053,HEA-29-2023-2053,24,9,Health,Construction of health facility at Rajagopal Marg,131200000,2024-03-03
2054,SPO-21-2023-2054,16,12,Sports,Construction of sports facility at Ganesh Chowk,478700000,2024-02-11
2055,ROA-27-2023-2055,22,9,Roads,Construction of roads facility at Pai,197500000,2023-10-13
2056,RAI-22-2023-2056,17,20,Railways,Construction of railways facility at D’Alia Road,66100000,2023-10-11
2057,ROA-24-2023-2057,19,1,Roads,Construction of roads facility at Shetty Street,229500000,2024-07-06
2058,ROA-27-2023-2058,22,19,Roads,Construction of roads facility at Mitra Chowk,332900000,2024-09-04
2059,SAN-22-2023-2059,17,2,Sanitation,Construction of sanitation facility at Kaur Circle,234600000,2024-06-21
2060,SPO-13-2023-2060,8,15,Sports,Construction of sports facility at Som Marg,268000000,2024-03-22
2061,SPO-18-2023-2061,13,18,Sports,Construction of sports facility at Wali Street,278100000,2025-07-07
2062,EDU-21-2023-2062,16,6,Education,Construction of education facility at Arora Marg,264500000,2024-04-12
2063,HEA-20-2023-2063,15,20,Health,Construction of health facility at Raja Chowk,424400000,2025-02-09
2064,SPO-19-2023-2064,14,16,Sports,Construction of sports facility at Wagle Path,241500000,2025-02-12
2065,SAN-8-2023-2065,3,18,Sanitation,Construction of sanitation facility at Chatterjee Nagar,473900000,2025-08-13
2066,EDU-17-2023-2066,12,8,Education,Construction of education facility at Pandya Circle,59000000,2025-06-17
2067,SPO-8-2023-2067,3,7,Sports,Construction of sports facility at Mahajan Marg,77200000,2024-05-18
2068,SPO-27-2023-2068,22,20,Sports,Construction of sports facility at Loke Road,445700000,2025-05-16
2069,ELE-21-2023-2069,16,9,Electricity,Construction of electricity facility at Kumer Zila,394500000,2025-01-21
2070,SAN-22-2023-2070,17,14,Sanitation,Construction of sanitation facility at Raman,228600000,2024-08-24
2071,HEA-8-2023-2071,3,14,Health,Construction of health facility at Hayer Ganj,299500000,2024-10-08
2072,ELE-14-2023-2072,9,18,Electricity,Construction of electricity facility at Gole Path,163800000,2024-05-01
2073,RAI-20-2023-2073,15,11,Railways,Construction of railways facility at Anne Circle,74300000,2025-02-04
2074,DRI-10-2023-2074,5,4,Drinking Water,Construction of drinking water facility at Bir Nagar,438700000,2023-09-10
2075,ELE-27-2023-2075,22,7,Electricity,Construction of electricity facility at Chaudhari Marg,451800000,2024-10-12
2076,DRI-7-2023-2076,2,16,Drinking Water,Construction of drinking water facility at Sehgal Zila,487300000,2024-05-31
2077,HEA-6-2023-2077,1,3,Health,Construction of health facility at Mander Ganj,488700000,2024-03-14
2078,DRI-24-2023-2078,19,16,Drinking Water,Construction of drinking water facility at Bandi Ganj,142500000,2023-09-19
2079,SAN-9-2023-2079,4,13,Sanitation,Construction of sanitation facility at Chanda,491200000,2023-10-15
2080,ROA-28-2023-2080,23,14,Roads,Construction of roads facility at Kalla,250900000,2024-12-09
2081,DRI-30-2023-2081,25,19,Drinking Water,Construction of drinking water facility at Dar Zila,366500000,2023-11-07
2082,DRI-15-2023-2082,10,10,Drinking Water,Construction of drinking water facility at De,134300000,2024-06-19
2083,DRI-26-2023-2083,21,15,Drinking Water,Construction of drinking water facility at Goyal,143700000,2025-07-27
2084,DRI-22-2023-2084,17,1,Drinking Water,Construction of drinking water facility at Gour Zila,474000000,2024-03-15
2085,SPO-28-2023-2085,23,9,Sports,Construction of sports facility at Sibal Road,192400000,2025-01-26
2086,SAN-29-2023-2086,24,18,Sanitation,Construction of sanitation facility at Setty Zila,200600000,2025-08-17
2087,EDU-6-2023-2087,1,20,Education,Construction of education facility at Sane Road,365200000,2025-02-19
2088,ELE-23-2023-2088,18,6,Electricity,Construction of electricity facility at Kurian Path,63700000,2024-01-04
2089,HEA-23-2023-2089,18,4,Health,Construction of health facility at Malhotra Zila,317100000,2025-04-26
2090,RAI-12-2023-2090,7,5,Railways,Construction of railways facility at Raja Nagar,54800000,2024-06-28
2091,HEA-24-2023-2091,19,17,Health,Construction of health facility at Bhasin Path,384000000,2024-03-19
2092,ELE-14-2023-2092,9,15,Electricity,Construction of electricity facility at Gokhale Road,268100000,2024-08-08
2093,DRI-8-2023-2093,3,10,Drinking Water,Construction of drinking water facility at Swamy Zila,158000000,2025-08-22
2094,SPO-13-2023-2094,8,10,Sports,Construction of sports facility at Ramaswamy Ganj,259500000,2024-01-17
2095,ROA-21-2023-2095,16,12,Roads,Construction of roads facility at Chopra Chowk,467800000,2023-12-21
2096,SPO-12-2023-2096,7,10,Sports,Construction of sports facility at Sankar Circle,386700000,2024-02-17
2097,SPO-15-2023-2097,10,6,Sports,Construction of sports facility at Cherian,282400000,2025-08-09
2098,DRI-13-2023-2098,8,15,Drinking Water,Construction of drinking water facility at Lad Chowk,260100000,2023-11-20
2099,SPO-23-2023-2099,18,13,Sports,Construction of sports facility at Bora Nagar,109500000,2023-10-25
2100,ELE-21-2023-2100,16,5,Electricity,Construction of electricity facility at Krishna,499000000,2025-04-26
2101,SAN-27-2023-2101_Sanitation,22,4,Sanitation,Construction of sanitation facility at Bahl Chowk,405300000,2025-07-28
2102,HEA-12-2023-2102,7,12,Health,Construction of health facility at Dixit Chowk,128300000,2025-01-20
2103,DRI-28-2023-2103,23,16,Drinking Water,Construction of drinking water facility at Barad Nagar,104400000,2025-01-29
2104,HEA-27-2023-2104,22,7,Health,Construction of health facility at Lata Marg,77600000,2023-12-27
2105,RAI-7-2023-2105,2,13,Railways,Construction of railways facility at Raman Path,313200000,2024-11-20
2106,ELE-8-2023-2106,3,8,Electricity,Construction of electricity facility at Varma Nagar,160900000,2025-03-03
2107,SAN-10-2023-2107_Sanitation,5,13,Sanitation,Construction of sanitation facility at Sridhar Chowk,240100000,2024-08-04
2108,DRI-7-2023-2108,2,17,Drinking Water,Construction of drinking water facility at Boase Marg,353100000,2024-10-24
2109,DRI-10-2023-2109,5,18,Drinking Water,Construction of drinking water facility at Aggarwal Ganj,417400000,2024-06-25
2110,ROA-8-2023-2110,3,11,Roads,Construction of roads facility at Dara Chowk,452000000,2024-11-14
2111,SPO-27-2023-2111_Sports,22,5,Sports,Construction of sports facility at Parmer Circle,129400000,2024-05-16
2112,SPO-14-2023-2112,9,6,Sports,Construction of sports facility at Rattan Road,120500000,2023-10-13
2113,EDU-9-2023-2113,4,9,Education,Construction of education facility at Pau Zila,212400000,2024-10-20
2114,ELE-8-2023-2114,3,2,Electricity,Construction of electricity facility at Buch Path,290700000,2025-06-15
2115,SPO-13-2023-2115,8,2,Sports,Construction of sports facility at Mann Chowk,155400000,2025-01-16
2116,EDU-7-2023-2116,2,12,Education,Construction of education facility at Goda Ganj,436000000,2024-11-04
2117,SAN-12-2023-2117,7,9,Sanitation,Construction of sanitation facility at Rajagopalan Nagar,114200000,2025-01-26
2118,SAN-25-2023-2118,20,18,Sanitation,Construction of sanitation facility at Mistry Ganj,333700000,2025-02-22
2119,SPO-10-2023-2119,5,2,Sports,Construction of sports facility at Chhabra Marg,349600000,2025-01-02
2120,DRI-7-2023-2120,2,6,Drinking Water,Construction of drinking water facility at Sur Path,251300000,2023-11-05
2121,HEA-12-2023-2121,7,9,Health,Construction of health facility at Gupta Chowk,497200000,2023-12-18
2122,DRI-23-2023-2122,18,6,Drinking Water,Construction of drinking water facility at Hans Nagar,245400000,2023-09-20
2123,ELE-22-2023-2123,17,18,Electricity,Construction of electricity facility at Khare,326800000,2024-09-14
2124,HEA-29-2023-2124,24,2,Health,Construction of health facility at Bhatnagar Marg,433700000,2025-05-08
2125,RAI-7-2023-2125,2,18,Railways,Construction of railways facility at Morar Circle,84800000,2024-09-23
2126,ROA-24-2023-2126,19,10,Roads,Construction of roads facility at Sengupta Circle,232100000,2023-09-13
2127,DRI-14-2023-2127,9,17,Drinking Water,Construction of drinking water facility at Nori Nagar,330900000,2023-10-14
2128,RAI-26-2023-2128,21,1,Railways,Construction of railways facility at Basak Path,180100000,2024-07-11
2129,DRI-8-2023-2129,3,20,Drinking Water,Construction of drinking water facility at Kakar Zila,485600000,2025-05-19
2130,EDU-13-2023-2130,8,17,Education,Construction of education facility at Shanker Circle,327600000,2025-02-08
2131,SAN-13-2023-2131,8,6,Sanitation,Construction of sanitation facility at Dixit Circle,357900000,2025-03-29
2132,SAN-21-2023-2132,16,7,Sanitation,Construction of sanitation facility at Kaul,448200000,2025-08-19
2133,DRI-20-2023-2133,15,15,Drinking Water,Construction of drinking water facility at Bansal Zila,372200000,2025-03-25
2134,SPO-25-2023-2134,20,5,Sports,Construction of sports facility at Suresh Street,267800000,2025-01-20
2135,EDU-28-2023-2135,23,15,Education,Construction of education facility at Sinha Nagar,185000000,2025-08-05
2136,SAN-10-2023-2136,5,17,Sanitation,Construction of sanitation facility at Bath,179400000,2024-03-07
2137,ELE-14-2023-2137_Electricity,9,4,Electricity,Construction of electricity facility at Atwal Street,371400000,2024-01-12
2138,SAN-22-2023-2138,17,17,Sanitation,Construction of sanitation facility at Mohanty Nagar,261100000,2025-05-30
2139,ROA-8-2023-2139,3,2,Roads,Construction of roads facility at Shan Zila,283700000,2024-12-18
2140,EDU-12-2023-2140,7,4,Education,Construction of education facility at Bhatt Street,498900000,2025-05-28
2141,ELE-24-2023-2141,19,9,Electricity,Construction of electricity facility at Comar Zila,187500000,2024-09-21
2142,SPO-26-2023-2142_Sports,21,8,Sports,Construction of sports facility at Kannan,361200000,2023-10-20
2143,DRI-7-2023-2143_Drinking Water,2,6,Drinking Water,Construction of drinking water facility at Sandhu Ganj,416700000,2024-05-20
2144,HEA-13-2023-2144,8,15,Health,Construction of health facility at Nair Marg,339400000,2023-12-03
2145,DRI-6-2023-2145,1,2,Drinking Water,Construction of drinking water facility at Devan,105500000,2024-05-07
2146,DRI-10-2023-2146,5,6,Drinking Water,Construction of drinking water facility at Bath Ganj,334100000,2024-12-04
2147,SAN-10-2023-2147,5,13,Sanitation,Construction of sanitation facility at Nayak Street,301900000,2023-10-20
2148,RAI-8-2023-2148,3,1,Railways,Construction of railways facility at Mahal Zila,94500000,2023-12-19
2149,ROA-15-2023-2149,10,8,Roads,Construction of roads facility at Ganguly Marg,381400000,2025-02-22
2150,SAN-18-2023-2150,13,19,Sanitation,Construction of sanitation facility at Gala Path,455400000,2024-08-06
2151,ELE-15-2023-2151,10,5,Electricity,Construction of electricity facility at Baria Ganj,248900000,2023-12-13
2152,DRI-27-2023-2152,22,8,Drinking Water,Construction of drinking water facility at Puri Zila,132100000,2025-04-27
2153,ELE-28-2023-2153,23,7,Electricity,Construction of electricity facility at Babu Street,442400000,2025-07-15
2154,ELE-27-2023-2154,22,16,Electricity,Construction of electricity facility at Buch Chowk,373400000,2023-09-05
2155,ELE-10-2023-2155,5,16,Electricity,Construction of electricity facility at Gola Nagar,233300000,2025-08-20
2156,ELE-28-2023-2156,23,19,Electricity,Construction of electricity facility at Mander Zila,67700000,2024-07-20
2157,ELE-12-2023-2157,7,5,Electricity,Construction of electricity facility at Date Chowk,472900000,2024-02-08
2158,SAN-11-2023-2158,6,5,Sanitation,Construction of sanitation facility at Madan Street,118800000,2024-10-11
2159,EDU-30-2023-2159,25,16,Education,Construction of education facility at Sabharwal Chowk,215200000,2024-03-04
2160,ELE-9-2023-2160,4,5,Electricity,Construction of electricity facility at Barad Street,200900000,2024-12-07
2161,EDU-23-2023-2161,18,12,Education,Construction of education facility at Tata Street,389200000,2024-12-19
2162,SAN-23-2023-2162,18,15,Sanitation,Construction of sanitation facility at Mitra Zila,92800000,2024-05-28
2163,ROA-8-2023-2163,3,9,Roads,Construction of roads facility at Agrawal Marg,119400000,2024-11-07
2164,SPO-29-2023-2164,24,2,Sports,Construction of sports facility at Handa Ganj,437600000,2023-12-01
2165,SPO-19-2023-2165_Sports,14,13,Sports,Construction of sports facility at Chandran Circle,180900000,2024-12-24
2166,ROA-29-2023-2166,24,4,Roads,Construction of roads facility at Zacharia Path,387200000,2024-09-29
2167,HEA-16-2023-2167,11,17,Health,Construction of health facility at Shetty Ganj,446800000,2025-04-21
2168,SAN-15-2023-2168_Sanitation,10,1,Sanitation,Construction of sanitation facility at Malhotra Ganj,306800000,2023-10-12
2169,ELE-23-2023-2169,18,6,Electricity,Construction of electricity facility at Chowdhury Ganj,157900000,2025-05-11
2170,EDU-23-2023-2170,18,12,Education,Construction of education facility at Som Street,135400000,2024-09-21
2171,EDU-11-2023-2171,6,10,Education,Construction of education facility at Dutta Street,199400000,2025-02-02
2172,ROA-18-2023-2172,13,20,Roads,Construction of roads facility at Bhagat Nagar,457700000,2025-01-13
2173,EDU-26-2023-2173,21,4,Education,Construction of education facility at Mane Path,470500000,2024-02-10
2174,SAN-17-2023-2174,12,16,Sanitation,Construction of sanitation facility at Krishnamurthy Marg,497800000,2024-05-17
2175,ROA-19-2023-2175,14,13,Roads,Construction of roads facility at Setty,353100000,2023-10-04
2176,ROA-6-2023-2176,1,1,Roads,Construction of roads facility at Ben Zila,366800000,2025-08-19
2177,SPO-30-2023-2177,25,19,Sports,Construction of sports facility at Goda Circle,147700000,2024-01-01
2178,SPO-26-2023-2178,21,8,Sports,Construction of sports facility at Sundaram Nagar,314300000,2024-10-04
2179,SAN-21-2023-2179,16,6,Sanitation,Construction of sanitation facility at Bobal Zila,454300000,2025-07-27
2180,DRI-27-2023-2180,22,14,Drinking Water,Construction of drinking water facility at Saxena Ganj,366500000,2024-12-04
2181,ROA-13-2023-2181,8,2,Roads,Construction of roads facility at Nanda,316300000,2024-07-22
2182,DRI-7-2023-2182,2,6,Drinking Water,Construction of drinking water facility at Nanda Ganj,167700000,2024-02-26
2183,DRI-19-2023-2183,14,17,Drinking Water,Construction of drinking water facility at Nanda Zila,102000000,2024-02-24
2184,HEA-27-2023-2184,22,3,Health,Construction of health facility at Khalsa Zila,469900000,2025-03-27
2185,ROA-23-2023-2185,18,13,Roads,Construction of roads facility at Iyengar Marg,106600000,2024-06-18
2186,ROA-15-2023-2186,10,11,Roads,Construction of roads facility at Borah Ganj,325700000,2024-08-31
2187,SAN-17-2023-2187,12,18,Sanitation,Construction of sanitation facility at Sundaram,84600000,2023-10-13
2188,HEA-17-2023-2188,12,8,Health,Construction of health facility at Dhillon Marg,255700000,2024-02-15
2189,ROA-14-2023-2189,9,2,Roads,Construction of roads facility at Sha,271400000,2024-01-17
2190,ELE-30-2023-2190,25,19,Electricity,Construction of electricity facility at Prakash Marg,322000000,2023-12-15
2191,RAI-30-2023-2191,25,5,Railways,Construction of railways facility at Hari Chowk,426600000,2025-01-03
2192,SPO-14-2023-2192,9,19,Sports,Construction of sports facility at Madan Path,268900000,2024-02-05
2193,SAN-29-2023-2193,24,5,Sanitation,Construction of sanitation facility at Datta Path,475900000,2023-09-25
2194,HEA-23-2023-2194,18,14,Health,Construction of health facility at Bhasin,187800000,2024-04-05
2195,SPO-20-2023-2195,15,11,Sports,Construction of sports facility at Choudhry Street,443600000,2025-06-23
2196,HEA-19-2023-2196,14,2,Health,Construction of health facility at Shanker Chowk,120800000,2024-07-21
2197,ELE-14-2023-2197,9,19,Electricity,Construction of electricity facility at Oza Street,362500000,2024-02-18
2198,RAI-24-2023-2198,19,20,Railways,Construction of railways facility at Dugar Road,168300000,2025-05-06
2199,DRI-23-2023-2199,18,2,Drinking Water,Construction of drinking water facility at Garde,79400000,2024-11-23
2200,ROA-27-2023-2200,22,19,Roads,Construction of roads facility at Karpe Circle,431700000,2023-11-07
2201,EDU-10-2023-2201,5,5,Education,Construction of education facility at Vig Marg,496100000,2024-09-14
2202,EDU-11-2023-2202,6,19,Education,Construction of education facility at Solanki Ganj,312400000,2025-06-12
2203,HEA-7-2023-2203,2,2,Health,Construction of health facility at Mallick Chowk,464100000,2023-09-12
2204,SPO-25-2023-2204,20,11,Sports,Construction of sports facility at Koshy Marg,114900000,2024-03-11
2205,DRI-26-2023-2205,21,20,Drinking Water,Construction of drinking water facility at Saraf Path,323300000,2024-11-24
2206,SPO-17-2023-2206,12,7,Sports,Construction of sports facility at Dixit Ganj,130500000,2025-08-10
2207,ELE-23-2023-2207,18,15,Electricity,Construction of electricity facility at Ahluwalia,229700000,2024-07-21
2208,SPO-30-2023-2208,25,4,Sports,Construction of sports facility at Baria Nagar,298800000,2024-08-31
2209,SPO-12-2023-2209,7,12,Sports,Construction of sports facility at Bandi Circle,474800000,2024-07-27
2210,EDU-11-2023-2210,6,7,Education,Construction of education facility at Ramesh Circle,189900000,2024-09-07
2211,SAN-12-2023-2211,7,3,Sanitation,Construction of sanitation facility at Sethi Zila,410400000,2024-09-19
2212,ROA-9-2023-2212,4,6,Roads,Construction of roads facility at Chacko Ganj,351100000,2024-11-07
2213,RAI-8-2023-2213,3,17,Railways,Construction of railways facility at Ray Nagar,92100000,2024-02-17
2214,RAI-19-2023-2214,14,5,Railways,Construction of railways facility at Parmer Street,143200000,2024-04-17
2215,RAI-9-2023-2215,4,12,Railways,Construction of railways facility at Chana Ganj,415600000,2023-09-13
2216,SPO-18-2023-2216,13,12,Sports,Construction of sports facility at Mody Chowk,437500000,2024-01-04
2217,HEA-14-2023-2217,9,8,Health,Construction of health facility at Bajwa Chowk,160300000,2024-08-19
2218,ELE-20-2023-2218,15,4,Electricity,Construction of electricity facility at Devi Chowk,170600000,2025-07-11
2219,SAN-28-2023-2219,23,13,Sanitation,Construction of sanitation facility at Goyal Marg,299200000,2025-05-06
2220,SAN-11-2023-2220,6,16,Sanitation,Construction of sanitation facility at Shetty Path,106500000,2025-02-28
2221,RAI-14-2023-2221,9,9,Railways,Construction of railways facility at Bobal Nagar,219800000,2024-06-25
2222,ROA-16-2023-2222,11,9,Roads,Construction of roads facility at Wali Path,117400000,2023-09-26
2223,DRI-21-2023-2223_Drinking Water,16,19,Drinking Water,Construction of drinking water facility at Sandhu Road,325800000,2025-04-07
2224,EDU-19-2023-2224,14,5,Education,Construction of education facility at Johal Road,284800000,2025-05-04
2225,RAI-10-2023-2225,5,16,Railways,Construction of railways facility at Nayak Zila,418400000,2025-03-25
2226,HEA-10-2023-2226,5,5,Health,Construction of health facility at Varma Nagar,214800000,2025-08-07
2227,HEA-23-2023-2227,18,3,Health,Construction of health facility at Behl Path,390400000,2023-11-26
2228,SAN-6-2023-2228,1,10,Sanitation,Construction of sanitation facility at Pau Marg,372800000,2024-08-27
2229,DRI-27-2023-2229,22,20,Drinking Water,Construction of drinking water facility at Baria,109200000,2024-06-10
2230,RAI-22-2023-2230,17,19,Railways,Construction of railways facility at Gill Path,109100000,2025-01-16
2231,SAN-21-2023-2231,16,11,Sanitation,Construction of sanitation facility at Bhavsar Circle,101300000,2024-11-09
2232,SPO-6-2023-2232,1,5,Sports,Construction of sports facility at Devi Ganj,251700000,2024-05-18
2233,SPO-19-2023-2233,14,20,Sports,Construction of sports facility at Zacharia Ganj,324300000,2023-11-28
2234,ROA-18-2023-2234_Roads,13,10,Roads,Construction of roads facility at Kadakia Chowk,86800000,2025-04-08
2235,ROA-13-2023-2235,8,7,Roads,Construction of roads facility at Nagi Ganj,286300000,2024-05-31
2236,ROA-13-2023-2236,8,20,Roads,Construction of roads facility at Thakur Road,434000000,2025-02-10
2237,RAI-27-2023-2237,22,11,Railways,Construction of railways facility at Malhotra Marg,289500000,2023-10-13
2238,RAI-16-2023-2238,11,3,Railways,Construction of railways facility at Pradhan Zila,480800000,2024-05-26
2239,SAN-19-2023-2239,14,3,Sanitation,Construction of sanitation facility at Sunder Chowk,283800000,2024-09-24
2240,DRI-27-2023-2240,22,8,Drinking Water,Construction of drinking water facility at Das Circle,131800000,2024-08-31
2241,EDU-11-2023-2241,6,1,Education,Construction of education facility at Walia Circle,315800000,2025-07-30
2242,EDU-15-2023-2242,10,7,Education,Construction of education facility at Seth Road,87100000,2024-12-26
2243,SPO-28-2023-2243,23,9,Sports,Construction of sports facility at Bhatti Path,498800000,2024-01-25
2244,HEA-21-2023-2244,16,2,Health,Construction of health facility at Chahal Chowk,60000000,2023-11-02
2245,EDU-7-2023-2245,2,2,Education,Construction of education facility at Gola Marg,128500000,2024-04-11
2246,SAN-6-2023-2246_Sanitation,1,2,Sanitation,Construction of sanitation facility at Chopra Zila,166000000,2024-01-06
2247,ELE-25-2023-2247_Electricity,20,4,Electricity,Construction of electricity facility at Choudhury Road,277600000,2025-02-23
2248,SPO-29-2023-2248,24,12,Sports,Construction of sports facility at Taneja Street,164500000,2023-12-26
2249,HEA-19-2023-2249,14,7,Health,Construction of health facility at Verma Ganj,259700000,2024-12-31
2250,ELE-25-2023-2250,20,3,Electricity,Construction of electricity facility at Memon Nagar,347800000,2024-07-20
2251,SPO-17-2023-2251,12,11,Sports,Construction of sports facility at Deo Circle,282000000,2024-09-03
2252,SPO-27-2023-2252,22,10,Sports,Construction of sports facility at Salvi Path,401700000,2024-08-10
2253,HEA-21-2023-2253,16,18,Health,Construction of health facility at Manne Nagar,276600000,2024-01-25
2254,ELE-23-2023-2254,18,3,Electricity,Construction of electricity facility at Bains Zila,364200000,2025-07-09
2255,SAN-20-2023-2255,15,4,Sanitation,Construction of sanitation facility at Venkatesh Ganj,251700000,2025-01-13
2256,SPO-25-2023-2256,20,2,Sports,Construction of sports facility at Sabharwal Path,353800000,2024-11-23
2257,SPO-27-2023-2257,22,9,Sports,Construction of sports facility at Narain Path,154200000,2024-09-12
2258,SPO-20-2023-2258,15,5,Sports,Construction of sports facility at Wagle,454500000,2025-06-15
2259,SPO-9-2023-2259,4,7,Sports,Construction of sports facility at Saxena Circle,210900000,2024-08-21
2260,SPO-22-2023-2260,17,9,Sports,Construction of sports facility at Deo Road,251800000,2025-07-29
2261,EDU-8-2023-2261,3,10,Education,Construction of education facility at Garg Road,390100000,2025-05-06
2262,RAI-30-2023-2262_Railways,25,6,Railways,Construction of railways facility at Karan Road,122400000,2024-09-11
2263,ROA-6-2023-2263,1,9,Roads,Construction of roads facility at Mani Path,489300000,2025-04-20
2264,HEA-17-2023-2264,12,7,Health,Construction of health facility at Divan Nagar,146500000,2024-06-01
2265,ROA-16-2023-2265,11,14,Roads,Construction of roads facility at Shah Road,168000000,2024-01-08
2266,HEA-25-2023-2266,20,4,Health,Construction of health facility at Dyal,139100000,2025-03-06
2267,EDU-11-2023-2267,6,13,Education,Construction of education facility at Mangal Circle,139900000,2024-01-20
2268,DRI-30-2023-2268,25,2,Drinking Water,Construction of drinking water facility at Dube Street,387200000,2024-01-04
2269,SPO-11-2023-2269,6,7,Sports,Construction of sports facility at Dada Ganj,138000000,2023-10-02
2270,ROA-8-2023-2270,3,17,Roads,Construction of roads facility at Date Path,77700000,2024-08-08
2271,ROA-22-2023-2271,17,1,Roads,Construction of roads facility at Pingle Road,487000000,2024-01-22
2272,DRI-24-2023-2272,19,9,Drinking Water,Construction of drinking water facility at Banerjee Ganj,110500000,2025-01-29
2273,ROA-10-2023-2273,5,19,Roads,Construction of roads facility at Padmanabhan Path,118000000,2023-12-24
2274,EDU-20-2023-2274,15,2,Education,Construction of education facility at Sen Path,381100000,2024-10-24
2275,ELE-26-2023-2275,21,20,Electricity,Construction of electricity facility at Walla Street,149900000,2024-04-22
2276,HEA-23-2023-2276,18,16,Health,Construction of health facility at Bakshi Zila,111100000,2024-07-11
2277,SPO-14-2023-2277,9,3,Sports,Construction of sports facility at Dhillon Chowk,98100000,2024-08-21
2278,ELE-7-2023-2278,2,5,Electricity,Construction of electricity facility at Dugal Path,130000000,2023-09-04
2279,EDU-16-2023-2279,11,8,Education,Construction of education facility at Tripathi Circle,287000000,2024-05-15
2280,HEA-17-2023-2280,12,16,Health,Construction of health facility at Som Road,407200000,2025-07-27
2281,EDU-7-2023-2281,2,11,Education,Construction of education facility at Din Road,80700000,2025-05-14
2282,ROA-18-2023-2282,13,6,Roads,Construction of roads facility at Sathe,188700000,2024-05-21
2283,SAN-16-2023-2283,11,7,Sanitation,Construction of sanitation facility at Srinivas Zila,228400000,2025-07-31
2284,SAN-30-2023-2284,25,14,Sanitation,Construction of sanitation facility at Dewan Nagar,193700000,2025-02-08
2285,SAN-6-2023-2285,1,5,Sanitation,Construction of sanitation facility at Dada Circle,281800000,2024-04-27
2286,ROA-29-2023-2286,24,5,Roads,Construction of roads facility at Ratti Nagar,465000000,2024-12-23
2287,SAN-16-2023-2287,11,2,Sanitation,Construction of sanitation facility at Sehgal Ganj,404400000,2024-06-04
2288,ELE-14-2023-2288,9,12,Electricity,Construction of electricity facility at Narain Zila,417200000,2023-10-13
2289,DRI-8-2023-2289_Drinking Water,3,14,Drinking Water,Construction of drinking water facility at Hayer,440200000,2024-11-27
2290,SPO-24-2023-2290,19,8,Sports,Construction of sports facility at Kapadia Circle,197400000,2025-04-29
2291,ROA-27-2023-2291,22,14,Roads,Construction of roads facility at Hayre Road,132100000,2023-09-18
2292,ELE-18-2023-2292,13,11,Electricity,Construction of electricity facility at Yohannan Zila,164600000,2025-06-21
2293,ROA-23-2023-2293,18,6,Roads,Construction of roads facility at Chahal Chowk,435800000,2024-10-02
2294,DRI-22-2023-2294,17,19,Drinking Water,Construction of drinking water facility at Hayer Marg,269500000,2024-09-15
2295,SAN-16-2023-2295,11,6,Sanitation,Construction of sanitation facility at Vaidya Path,209100000,2023-10-14
2296,SPO-16-2023-2296,11,15,Sports,Construction of sports facility at Rao Path,286900000,2023-12-24
2297,DRI-10-2023-2297,5,5,Drinking Water,Construction of drinking water facility at Pingle Marg,154500000,2024-06-26
2298,EDU-11-2023-2298,6,17,Education,Construction of education facility at Arora Path,322700000,2024-04-09
2299,SPO-19-2023-2299,14,10,Sports,Construction of sports facility at Panchal Path,422000000,2024-04-27
2300,HEA-28-2023-2300,23,20,Health,Construction of health facility at Chahal Chowk,68400000,2024-02-15
2301,ELE-20-2023-2301,15,8,Electricity,Construction of electricity facility at Sagar Chowk,129700000,2025-05-17
2302,SAN-14-2023-2302,9,8,Sanitation,Construction of sanitation facility at Mani Chowk,453800000,2024-01-06
2303,DRI-14-2023-2303,9,9,Drinking Water,Construction of drinking water facility at Sachdeva Marg,393300000,2023-12-18
2304,SPO-6-2023-2304,1,16,Sports,Construction of sports facility at Chadha,62100000,2023-12-21
2305,ROA-28-2023-2305,23,3,Roads,Construction of roads facility at Mitter Ganj,354100000,2024-09-03
2306,HEA-6-2023-2306,1,14,Health,Construction of health facility at Nayak Circle,392600000,2023-10-22
2307,DRI-16-2023-2307,11,16,Drinking Water,Construction of drinking water facility at Prashad,469400000,2023-11-08
2308,RAI-11-2023-2308,6,11,Railways,Construction of railways facility at Rout Nagar,458600000,2025-01-09
2309,DRI-22-2023-2309,17,13,Drinking Water,Construction of drinking water facility at Sachdeva Road,76100000,2024-01-14
2310,SPO-29-2023-2310,24,17,Sports,Construction of sports facility at Shere Circle,138400000,2025-03-05
2311,DRI-13-2023-2311,8,9,Drinking Water,Construction of drinking water facility at Devan,182800000,2024-02-02
2312,ROA-12-2023-2312,7,9,Roads,Construction of roads facility at Raj Street,343900000,2024-04-12
2313,ELE-7-2023-2313,2,6,Electricity,Construction of electricity facility at Swaminathan Circle,406400000,2023-10-03
2314,RAI-10-2023-2314,5,1,Railways,Construction of railways facility at Modi Road,292000000,2024-09-18
2315,RAI-17-2023-2315,12,16,Railways,Construction of railways facility at Sheth Circle,493600000,2024-02-22
2316,DRI-23-2023-2316,18,13,Drinking Water,Construction of drinking water facility at Agate Nagar,374500000,2023-12-29
2317,HEA-13-2023-2317,8,8,Health,Construction of health facility at Mital Road,178500000,2025-01-10
2318,EDU-26-2023-2318,21,12,Education,Construction of education facility at Dash Chowk,89900000,2025-01-20
2319,DRI-30-2023-2319,25,11,Drinking Water,Construction of drinking water facility at Sahni Road,51600000,2024-01-18
2320,SAN-19-2023-2320,14,9,Sanitation,Construction of sanitation facility at Konda Chowk,358400000,2023-09-23
2321,RAI-26-2023-2321,21,7,Railways,Construction of railways facility at Malhotra Zila,166800000,2024-09-17
2322,SPO-27-2023-2322,22,3,Sports,Construction of sports facility at Pathak Zila,433900000,2024-11-25
2323,ROA-27-2023-2323,22,15,Roads,Construction of roads facility at Sarin Chowk,250700000,2025-07-06
2324,RAI-7-2023-2324,2,16,Railways,Construction of railways facility at Soni Road,400500000,2025-02-21
2325,RAI-11-2023-2325,6,19,Railways,Construction of railways facility at Prakash Zila,392400000,2024-10-03
2326,SPO-14-2023-2326,9,5,Sports,Construction of sports facility at Badal,110700000,2025-06-18
2327,RAI-29-2023-2327,24,6,Railways,Construction of railways facility at Gaba Road,69600000,2024-11-25
2328,RAI-24-2023-2328,19,7,Railways,Construction of railways facility at Dhingra Nagar,150800000,2024-05-06
2329,SPO-30-2023-2329,25,8,Sports,Construction of sports facility at Deshmukh Chowk,230700000,2024-06-04
2330,HEA-16-2023-2330,11,17,Health,Construction of health facility at Bera Street,421500000,2024-03-30
2331,ROA-22-2023-2331,17,4,Roads,Construction of roads facility at Saini Path,408200000,2025-01-07
2332,EDU-23-2023-2332,18,20,Education,Construction of education facility at Bava Path,452100000,2024-04-13
2333,EDU-14-2023-2333,9,10,Education,Construction of education facility at Wagle Road,130500000,2025-01-09
2334,SPO-20-2023-2334,15,18,Sports,Construction of sports facility at Varkey Zila,414600000,2024-01-29
2335,SAN-19-2023-2335,14,2,Sanitation,Construction of sanitation facility at Chandra Street,230700000,2024-12-09
2336,RAI-9-2023-2336,4,9,Railways,Construction of railways facility at Naidu Street,468800000,2025-07-09
2337,SPO-19-2023-2337,14,6,Sports,Construction of sports facility at Mitra Path,163100000,2024-03-29
2338,EDU-11-2023-2338,6,15,Education,Construction of education facility at Char Path,167100000,2024-10-20
2339,HEA-14-2023-2339,9,9,Health,Construction of health facility at Pandey,311700000,2025-06-01
2340,EDU-18-2023-2340,13,6,Education,Construction of education facility at Arya Street,296700000,2023-12-16
2341,HEA-18-2023-2341,13,7,Health,Construction of health facility at Manda Circle,289700000,2024-06-16
2342,RAI-30-2023-2342,25,1,Railways,Construction of railways facility at Sabharwal Chowk,162100000,2024-05-22
2343,HEA-29-2023-2343,24,14,Health,Construction of health facility at Chaudry Street,483900000,2024-02-17
2344,ROA-30-2023-2344,25,7,Roads,Construction of roads facility at Thakur Street,309400000,2024-02-19
2345,SPO-12-2023-2345_Sports,7,7,Sports,Construction of sports facility at Vora Ganj,214200000,2025-06-19
2346,ROA-10-2023-2346,5,14,Roads,Construction of roads facility at Comar Circle,153600000,2024-07-21
2347,SPO-16-2023-2347,11,18,Sports,Construction of sports facility at Bose Chowk,68700000,2023-11-30
2348,SAN-25-2023-2348,20,15,Sanitation,Construction of sanitation facility at Badal Street,257400000,2024-09-07
2349,DRI-18-2023-2349,13,4,Drinking Water,Construction of drinking water facility at Muni Path,143100000,2025-02-18
2350,DRI-9-2023-2350,4,15,Drinking Water,Construction of drinking water facility at Dewan Path,113400000,2025-05-27
2351,DRI-12-2023-2351,7,19,Drinking Water,Construction of drinking water facility at Virk Chowk,493000000,2025-04-16
2352,EDU-9-2023-2352,4,15,Education,Construction of education facility at Gera Path,100100000,2025-03-05
2353,SAN-16-2023-2353,11,12,Sanitation,Construction of sanitation facility at Balakrishnan Road,206400000,2025-04-01
2354,HEA-10-2023-2354,5,17,Health,Construction of health facility at Kapadia Zila,84400000,2023-12-09
2355,RAI-8-2023-2355,3,9,Railways,Construction of railways facility at Karan Street,499600000,2024-04-26
2356,HEA-15-2023-2356,10,11,Health,Construction of health facility at Kadakia Street,446200000,2023-12-11
2357,EDU-14-2023-2357,9,10,Education,Construction of education facility at Sandal Zila,119700000,2025-02-18
2358,EDU-17-2023-2358,12,4,Education,Construction of education facility at Brahmbhatt Zila,440300000,2023-09-15
2359,SAN-27-2023-2359,22,12,Sanitation,Construction of sanitation facility at Sankar Chowk,491600000,2023-10-04
2360,ELE-12-2023-2360,7,7,Electricity,Construction of electricity facility at Chokshi Ganj,281200000,2023-09-26
2361,DRI-9-2023-2361,4,2,Drinking Water,Construction of drinking water facility at Bhargava Circle,104500000,2024-08-30
2362,HEA-17-2023-2362,12,4,Health,Construction of health facility at Kulkarni Zila,55200000,2023-10-04
2363,HEA-12-2023-2363,7,20,Health,Construction of health facility at Mitra Zila,258900000,2025-01-31
2364,ROA-13-2023-2364,8,18,Roads,Construction of roads facility at Char Nagar,399300000,2025-04-30
2365,DRI-8-2023-2365,3,12,Drinking Water,Construction of drinking water facility at Jha Zila,424100000,2024-11-30
2366,ROA-19-2023-2366,14,3,Roads,Construction of roads facility at Goyal Ganj,164800000,2025-02-02
2367,DRI-12-2023-2367,7,17,Drinking Water,Construction of drinking water facility at Balakrishnan Path,165900000,2023-11-10
2368,RAI-27-2023-2368,22,8,Railways,Construction of railways facility at Mall Street,416200000,2024-11-24
2369,SPO-12-2023-2369,7,11,Sports,Construction of sports facility at Pandey Path,336600000,2024-01-03
2370,ROA-18-2023-2370_Roads,13,8,Roads,Construction of roads facility at Khurana Circle,63100000,2024-09-27
2371,SAN-24-2023-2371,19,19,Sanitation,Construction of sanitation facility at Bir,210700000,2023-11-16
2372,DRI-16-2023-2372_Drinking Water,11,11,Drinking Water,Construction of drinking water facility at Atwal,425700000,2024-10-15
2373,EDU-27-2023-2373,22,11,Education,Construction of education facility at Handa Ganj,117600000,2024-04-06
2374,ELE-8-2023-2374_Electricity,3,11,Electricity,Construction of electricity facility at Yogi Street,393200000,2023-09-04
2375,HEA-20-2023-2375,15,13,Health,Construction of health facility at Kala Zila,230700000,2025-08-15
2376,ROA-23-2023-2376,18,8,Roads,Construction of roads facility at Soman Circle,380000000,2024-06-11
2377,ELE-29-2023-2377,24,5,Electricity,Construction of electricity facility at Goyal,68700000,2024-08-07
2378,SPO-25-2023-2378,20,19,Sports,Construction of sports facility at Golla Zila,491300000,2025-06-10
2379,DRI-9-2023-2379,4,8,Drinking Water,Construction of drinking water facility at Raghavan Path,78100000,2024-07-26
2380,SPO-21-2023-2380,16,7,Sports,Construction of sports facility at Varkey Ganj,64300000,2024-02-24
2381,HEA-9-2023-2381,4,20,Health,Construction of health facility at Chowdhury Marg,96700000,2025-04-14
2382,HEA-19-2023-2382,14,18,Health,Construction of health facility at Dasgupta Path,60500000,2024-08-27
2383,HEA-16-2023-2383,11,19,Health,Construction of health facility at Venkatesh Zila,104000000,2023-12-15
2384,ELE-15-2023-2384,10,6,Electricity,Construction of electricity facility at Patel Chowk,481400000,2025-03-01
2385,DRI-14-2023-2385_Drinking Water,9,17,Drinking Water,Construction of drinking water facility at Baria Road,238500000,2023-11-03
2386,DRI-8-2023-2386,3,11,Drinking Water,Construction of drinking water facility at Tak Path,469300000,2023-11-29
2387,RAI-30-2023-2387,25,5,Railways,Construction of railways facility at Mander Marg,260000000,2024-08-20
2388,SAN-25-2023-2388,20,5,Sanitation,Construction of sanitation facility at Muni,499300000,2025-02-15
2389,ROA-18-2023-2389,13,13,Roads,Construction of roads facility at Kara Chowk,164200000,2024-11-04
2390,SAN-7-2023-2390,2,19,Sanitation,Construction of sanitation facility at Mannan Marg,73500000,2025-06-26
2391,HEA-21-2023-2391,16,10,Health,Construction of health facility at Gulati Marg,385100000,2025-06-27
2392,SPO-6-2023-2392,1,14,Sports,Construction of sports facility at Soni Zila,190800000,2025-08-30
2393,SPO-10-2023-2393,5,1,Sports,Construction of sports facility at Gola Path,120100000,2023-09-10
2394,DRI-17-2023-2394,12,10,Drinking Water,Construction of drinking water facility at Cheema Chowk,429900000,2024-07-04
2395,RAI-9-2023-2395,4,6,Railways,Construction of railways facility at Virk Chowk,174700000,2025-01-24
2396,DRI-9-2023-2396_Drinking Water,4,13,Drinking Water,Construction of drinking water facility at Dar Zila,309700000,2023-12-21
2397,SPO-28-2023-2397,23,6,Sports,Construction of sports facility at Rattan Marg,320000000,2025-02-21
2398,SAN-12-2023-2398,7,3,Sanitation,Construction of sanitation facility at Chaudry,126000000,2025-03-29
2399,SAN-18-2023-2399_Sanitation,13,18,Sanitation,Construction of sanitation facility at Bhattacharyya Street,85700000,2024-06-09
2400,RAI-20-2023-2400,15,7,Railways,Construction of railways facility at Nigam Ganj,90700000,2024-02-03
2401,ELE-15-2023-2401,10,1,Electricity,Construction of electricity facility at Raval,328400000,2023-12-05
2402,DRI-17-2023-2402,12,10,Drinking Water,Construction of drinking water facility at Samra Ganj,378900000,2025-03-17
2403,EDU-7-2023-2403,2,2,Education,Construction of education facility at Mallick Chowk,62800000,2025-04-17
2404,SPO-24-2023-2404,19,4,Sports,Construction of sports facility at Mahajan,163700000,2025-04-10
2405,RAI-17-2023-2405,12,3,Railways,Construction of railways facility at Parekh Marg,125300000,2024-09-04
2406,SPO-7-2023-2406,2,14,Sports,Construction of sports facility at Ravel,494600000,2024-09-11
2407,EDU-15-2023-2407,10,12,Education,Construction of education facility at Mallick Circle,279900000,2023-12-24
2408,HEA-23-2023-2408,18,19,Health,Construction of health facility at Chokshi Chowk,339300000,2023-12-04
2409,SPO-11-2023-2409,6,14,Sports,Construction of sports facility at Suri Road,295500000,2024-09-21
2410,ROA-19-2023-2410,14,20,Roads,Construction of roads facility at Desai Ganj,249600000,2023-09-24
2411,SPO-26-2023-2411,21,7,Sports,Construction of sports facility at Bera Zila,326200000,2025-06-06
2412,ROA-27-2023-2412,22,5,Roads,Construction of roads facility at Tara Zila,378400000,2025-02-08
2413,ELE-9-2023-2413,4,16,Electricity,Construction of electricity facility at Gola Nagar,210600000,2024-06-24
2414,SAN-26-2023-2414,21,17,Sanitation,Construction of sanitation facility at Narain,53900000,2023-12-28
2415,DRI-6-2023-2415,1,2,Drinking Water,Construction of drinking water facility at Char Road,158600000,2025-04-13
2416,HEA-6-2023-2416,1,4,Health,Construction of health facility at Venkatesh Zila,331300000,2025-04-19
2417,EDU-9-2023-2417,4,11,Education,Construction of education facility at Shukla Chowk,141400000,2024-02-04
2418,ELE-25-2023-2418,20,11,Electricity,Construction of electricity facility at Tank Road,427400000,2024-09-15
2419,HEA-7-2023-2419,2,6,Health,Construction of health facility at Lal Circle,336700000,2024-10-26
2420,RAI-6-2023-2420,1,1,Railways,Construction of railways facility at Zachariah Path,299300000,2024-10-29
2421,ELE-28-2023-2421,23,18,Electricity,Construction of electricity facility at Balay Nagar,495400000,2024-07-31
2422,SAN-28-2023-2422,23,9,Sanitation,Construction of sanitation facility at Rajagopal Zila,439600000,2024-08-15
2423,DRI-9-2023-2423,4,4,Drinking Water,Construction of drinking water facility at Puri Path,470800000,2024-08-09
2424,SPO-9-2023-2424_Sports,4,13,Sports,Construction of sports facility at Banik Chowk,247000000,2023-09-26
2425,SAN-27-2023-2425,22,16,Sanitation,Construction of sanitation facility at Mitter Street,492200000,2025-07-19
2426,HEA-29-2023-2426,24,15,Health,Construction of health facility at Swamy Street,485000000,2024-07-31
2427,ELE-27-2023-2427,22,8,Electricity,Construction of electricity facility at Muni Street,352500000,2025-03-09
2428,HEA-7-2023-2428,2,3,Health,Construction of health facility at Sura Marg,137700000,2025-04-16
2429,EDU-15-2023-2429,10,16,Education,Construction of education facility at Swaminathan Zila,140200000,2025-01-25
2430,ROA-11-2023-2430,6,15,Roads,Construction of roads facility at Zacharia Circle,253700000,2024-11-18
2431,RAI-11-2023-2431,6,7,Railways,Construction of railways facility at Soni Chowk,446200000,2024-11-10
2432,EDU-10-2023-2432,5,16,Education,Construction of education facility at Toor Street,433100000,2023-10-14
2433,SPO-22-2023-2433,17,8,Sports,Construction of sports facility at Lall Marg,165700000,2024-09-19
2434,HEA-24-2023-2434,19,8,Health,Construction of health facility at Purohit,375200000,2024-12-23
2435,SAN-20-2023-2435,15,16,Sanitation,Construction of sanitation facility at Mane Path,162100000,2024-05-06
2436,EDU-24-2023-2436,19,9,Education,Construction of education facility at Bala Nagar,355600000,2024-12-02
2437,SPO-26-2023-2437,21,9,Sports,Construction of sports facility at Dave Nagar,476500000,2025-06-12
2438,DRI-22-2023-2438,17,2,Drinking Water,Construction of drinking water facility at Palla Path,189300000,2025-05-21
2439,HEA-12-2023-2439,7,17,Health,Construction of health facility at Bala,273700000,2025-04-17
2440,SPO-18-2023-2440,13,12,Sports,Construction of sports facility at Rai Path,493700000,2023-11-15
2441,HEA-6-2023-2441,1,9,Health,Construction of health facility at Pai Marg,280000000,2024-06-04
2442,ELE-14-2023-2442,9,19,Electricity,Construction of electricity facility at Panchal Marg,346200000,2023-10-14
2443,SPO-24-2023-2443,19,20,Sports,Construction of sports facility at Kota Ganj,57400000,2024-03-01
2444,RAI-27-2023-2444,22,16,Railways,Construction of railways facility at Chad Road,468000000,2025-08-08
2445,ELE-25-2023-2445,20,16,Electricity,Construction of electricity facility at Mody Zila,116100000,2023-11-28
2446,HEA-6-2023-2446,1,5,Health,Construction of health facility at Gara Path,270300000,2023-09-16
2447,EDU-18-2023-2447,13,16,Education,Construction of education facility at Nanda Circle,115900000,2023-09-30
2448,SAN-7-2023-2448,2,3,Sanitation,Construction of sanitation facility at Sami Chowk,327200000,2024-11-15
2449,SPO-12-2023-2449,7,15,Sports,Construction of sports facility at Sama Circle,165800000,2024-03-26
2450,DRI-11-2023-2450,6,19,Drinking Water,Construction of drinking water facility at Singh Nagar,354900000,2024-11-30
2451,DRI-10-2023-2451,5,12,Drinking Water,Construction of drinking water facility at Nadig Nagar,185800000,2024-06-20
2452,SPO-17-2023-2452,12,2,Sports,Construction of sports facility at Ramakrishnan,362300000,2024-05-08
2453,RAI-30-2023-2453,25,3,Railways,Construction of railways facility at Chaudhari,390800000,2025-05-20
2454,HEA-10-2023-2454,5,9,Health,Construction of health facility at Chaudhry Chowk,142300000,2025-02-18
2455,ROA-9-2023-2455,4,7,Roads,Construction of roads facility at Nayar Ganj,368000000,2024-09-20
2456,HEA-29-2023-2456_Health,24,8,Health,Construction of health facility at Nori Circle,52400000,2024-01-08
2457,ELE-8-2023-2457,3,13,Electricity,Construction of electricity facility at Mistry,168700000,2024-06-09
2458,HEA-6-2023-2458,1,13,Health,Construction of health facility at Jaggi Marg,279500000,2024-09-20
2459,ROA-10-2023-2459,5,16,Roads,Construction of roads facility at Wason Zila,443000000,2024-02-14
2460,RAI-26-2023-2460,21,1,Railways,Construction of railways facility at Lanka Road,324100000,2023-10-07
2461,ELE-27-2023-2461,22,15,Electricity,Construction of electricity facility at Ratti Road,137200000,2025-05-17
2462,EDU-22-2023-2462,17,1,Education,Construction of education facility at Chanda Ganj,57700000,2025-03-11
2463,ELE-23-2023-2463,18,13,Electricity,Construction of electricity facility at Chandran,427600000,2024-12-03
2464,RAI-6-2023-2464,1,15,Railways,Construction of railways facility at Mahajan Path,465400000,2023-10-23
2465,EDU-18-2023-2465,13,20,Education,Construction of education facility at Wali,219700000,2024-09-04
2466,EDU-7-2023-2466,2,18,Education,Construction of education facility at Kadakia Marg,248300000,2024-05-27
2467,HEA-12-2023-2467,7,16,Health,Construction of health facility at Mittal Zila,440100000,2024-09-26
2468,HEA-29-2023-2468,24,13,Health,Construction of health facility at Sant Road,499000000,2025-01-28
2469,ROA-21-2023-2469,16,3,Roads,Construction of roads facility at Munshi Circle,107100000,2024-02-03
2470,EDU-15-2023-2470,10,8,Education,Construction of education facility at Ratti Marg,199200000,2024-03-14
2471,SAN-26-2023-2471,21,1,Sanitation,Construction of sanitation facility at Varma,261500000,2024-08-18
2472,HEA-22-2023-2472,17,2,Health,Construction of health facility at Gole Circle,57100000,2025-07-16
2473,RAI-20-2023-2473,15,17,Railways,Construction of railways facility at Varty Nagar,161000000,2025-07-02
2474,EDU-11-2023-2474,6,14,Education,Construction of education facility at Tata Street,392800000,2024-02-13
2475,HEA-20-2023-2475,15,8,Health,Construction of health facility at Loyal Chowk,290600000,2025-08-28
2476,HEA-23-2023-2476,18,19,Health,Construction of health facility at Saraf Circle,100200000,2025-08-26
2477,EDU-30-2023-2477,25,17,Education,Construction of education facility at Bhasin,303900000,2024-10-10
2478,SAN-22-2023-2478,17,18,Sanitation,Construction of sanitation facility at Patla Ganj,55900000,2024-08-25
2479,SPO-24-2023-2479_Sports,19,11,Sports,Construction of sports facility at Khosla Street,274400000,2023-12-26
2480,EDU-24-2023-2480,19,20,Education,Construction of education facility at Saran Road,207700000,2024-07-15
2481,DRI-24-2023-2481,19,8,Drinking Water,Construction of drinking water facility at Bhatt Path,466600000,2025-01-05
2482,ROA-21-2023-2482,16,19,Roads,Construction of roads facility at Sachar Ganj,198400000,2024-03-26
2483,SPO-11-2023-2483,6,6,Sports,Construction of sports facility at Dyal Road,362600000,2024-03-18
2484,SPO-21-2023-2484,16,14,Sports,Construction of sports facility at Keer,126400000,2024-07-12
2485,ELE-25-2023-2485_Electricity,20,8,Electricity,Construction of electricity facility at Comar Ganj,290800000,2023-12-26
2486,ROA-15-2023-2486,10,20,Roads,Construction of roads facility at Bala Ganj,473800000,2024-03-09
2487,SPO-27-2023-2487,22,8,Sports,Construction of sports facility at Shetty Road,407300000,2024-09-12
2488,ELE-22-2023-2488,17,5,Electricity,Construction of electricity facility at Sarin Circle,364300000,2024-07-24
2489,SAN-9-2023-2489,4,7,Sanitation,Construction of sanitation facility at Jaggi Nagar,67700000,2024-01-02
2490,SPO-23-2023-2490,18,1,Sports,Construction of sports facility at Deshpande Road,395600000,2023-09-23
2491,EDU-18-2023-2491,13,3,Education,Construction of education facility at Mall Road,478400000,2025-01-24
2492,HEA-30-2023-2492,25,16,Health,Construction of health facility at Goda Circle,275000000,2025-01-13
2493,ROA-20-2023-2493_Roads,15,10,Roads,Construction of roads facility at Sunder Nagar,424300000,2025-04-30
2494,RAI-9-2023-2494,4,19,Railways,Construction of railways facility at Bhakta Nagar,117200000,2025-06-29
2495,SAN-20-2023-2495,15,4,Sanitation,Construction of sanitation facility at Murthy Zila,50000000,2024-12-11
2496,ELE-28-2023-2496,23,7,Electricity,Construction of electricity facility at Bhatt Road,217400000,2025-07-31
2497,SPO-15-2023-2497,10,5,Sports,Construction of sports facility at Patla Marg,384600000,2025-02-03
2498,SPO-11-2023-2498,6,18,Sports,Construction of sports facility at Ranganathan Zila,109000000,2025-06-14
2499,DRI-16-2023-2499,11,8,Drinking Water,Construction of drinking water facility at Keer Street,156500000,2023-11-26
2500,ELE-30-2023-2500,25,17,Electricity,Construction of electricity facility at Tella,358300000,2025-08-25
