mp_id,canonical_name,source_house,canonical_state,canonical_constituency,recommendation_count,sanction_count,completed_count,total_expenditure_inr,utilisation_pct,output_per_rupee,avg_sanction_delay_days,category_entropy,top_vendor_concentration_pct,feature_version,computed_at
MP_000001,SASMIT PATRA (2022-28) (2022-2028),RAJYA_SABHA,ODISHA,ELECTED MP,305,185,0,0.0,0.0,0.0,87.84864864864865,0.0,25.0,v1.0,2026-09-02T02:01:25.287339
MP_000002,AJAY BHATT,LOK_SABHA,UTTARAKHAND,NAINITAL UDHAM SINGH NAG.,469,353,0,0.0,0.0,0.0,140.67705382436262,0.0,25.0,v1.0,2026-09-02T02:01:25.287339
MP_000003,RAJEEV RAI,LOK_SABHA,UTTAR PRADESH,GHOSI,229,209,0,0.0,0.0,0.0,153.27272727272728,0.0,25.0,v1.0,2026-09-02T02:01:25.287339
MP_000004,NARESH BANSAL (2020-26) (2020-2026),RAJYA_SABHA,UTTARAKHAND,ELECTED MP,238,207,0,0.0,0.0,0.0,69.02898550724638,0.0,25.0,v1.0,2026-09-02T02:01:25.287339
MP_000005,BHIM SINGH (2024-30) (2024-2030),RAJYA_SABHA,BIHAR,ELECTED MP,319,303,0,0.0,0.0,0.0,63.80858085808581,0.0,25.0,v1.0,2026-09-02T02:01:25.287339
MP_000006,LATA WANKHEDE,LOK_SABHA,MADHYA PRADESH,SAGAR,236,169,0,0.0,0.0,0.0,55.798816568047336,0.0,25.0,v1.0,2026-09-02T02:01:25.287339
MP_000007,DHARAMVIRA GANDHI,LOK_SABHA,PUNJAB,PATIALA,360,273,0,0.0,0.0,0.0,62.35531135531136,0.0,25.0,v1.0,2026-09-02T02:01:25.287339
MP_000008,HARDEEP SINGH PURI (2020-26) (2020-2026),RAJYA_SABHA,UTTAR PRADESH,ELECTED MP,415,415,0,0.0,0.0,0.0,76.1566265060241,0.0,25.0,v1.0,2026-09-02T02:01:25.287339
MP_000009,MANOJ KUMAR,LOK_SABHA,BIHAR,SASARAM(SC),194,152,0,0.0,0.0,0.0,70.52631578947368,0.0,25.0,v1.0,2026-09-02T02:01:25.287339
MP_000010,PARIMAL SUKLABAIDYA,LOK_SABHA,ASSAM,SILCHAR,153,69,0,0.0,0.0,0.0,342.8695652173913,0.0,25.0,v1.0,2026-09-02T02:01:25.287339
MP_000011,JOGEN MOHAN (2026-32) (2026-2032),RAJYA_SABHA,ASSAM,ELECTED MP,22,2,0,0.0,0.0,0.0,41.0,0.0,25.0,v1.0,2026-09-02T02:01:25.287339
MP_000012,SARABJEET SINGH KHALSA,LOK_SABHA,PUNJAB,FARIDKOT(SC),573,490,0,0.0,0.0,0.0,42.573469387755104,0.0,25.0,v1.0,2026-09-02T02:01:25.287339
MP_000013,CHAMALA KIRAN KUMAR REDDY,LOK_SABHA,TELANGANA,BHONGIR,495,469,0,0.0,0.0,0.0,80.67803837953092,0.0,25.0,v1.0,2026-09-02T02:01:25.287339
MP_000014,MANOJ KUMAR JHA (2024-30) (2024-2030),RAJYA_SABHA,BIHAR,ELECTED MP,176,119,0,0.0,0.0,0.0,73.73949579831933,0.0,25.0,v1.0,2026-09-02T02:01:25.287339
MP_000015,SMT. SULATA DEO (2022-28) (2022-2028),RAJYA_SABHA,ODISHA,ELECTED MP,311,270,0,0.0,0.0,0.0,89.75185185185185,0.0,25.0,v1.0,2026-09-02T02:01:25.287339
MP_000016,RAJA RAM SINGH,LOK_SABHA,BIHAR,KARAKAT,329,262,0,0.0,0.0,0.0,91.67175572519083,0.0,25.0,v1.0,2026-09-02T02:01:25.287339
MP_000017,SUBHASISH KHUNTIA (2024-30) (2024-2030),RAJYA_SABHA,ODISHA,ELECTED MP,222,132,0,0.0,0.0,0.0,159.3939393939394,0.0,25.0,v1.0,2026-09-02T02:01:25.287339
MP_000018,PRABHUBHAI NAGARBHAI VASAVA,LOK_SABHA,GUJARAT,BARDOLI(ST),330,248,0,0.0,0.0,0.0,89.49193548387096,0.0,25.0,v1.0,2026-09-02T02:01:25.287339
MP_000019,S P SINGH,LOK_SABHA,UTTAR PRADESH,PRATAPGARH,600,363,0,0.0,0.0,0.0,74.38842975206612,0.0,25.0,v1.0,2026-09-02T02:01:25.287339
MP_000020,GODAM NAGESH,LOK_SABHA,TELANGANA,ADILABAD(ST),357,189,0,0.0,0.0,0.0,161.61904761904762,0.0,25.0,v1.0,2026-09-02T02:01:25.287339
MP_000021,SIKANDER KUMAR (2022-28) (2022-2028),RAJYA_SABHA,HIMACHAL PRADESH,ELECTED MP,394,364,0,0.0,0.0,0.0,96.23626373626374,0.0,25.0,v1.0,2026-09-02T02:01:25.287339
MP_000022,SMT. P. T. USHA (2022-28) (2022-2028),RAJYA_SABHA,KERALA,NOMINATED MP,121,90,0,0.0,0.0,0.0,181.96666666666667,0.0,25.0,v1.0,2026-09-02T02:01:25.287339
MP_000023,MANSUKHBHAI DHANJIBHAI VASAVA,LOK_SABHA,GUJARAT,BHARUCH,397,352,0,0.0,0.0,0.0,87.29829545454545,0.0,25.0,v1.0,2026-09-02T02:01:25.287339
MP_000024,ANNPURNA DEVI,LOK_SABHA,JHARKHAND,KODARMA,389,273,0,0.0,0.0,0.0,172.23809523809524,0.0,25.0,v1.0,2026-09-02T02:01:25.287339
MP_000025,JOBA MAJHI,LOK_SABHA,JHARKHAND,SINGHBHUM(ST),118,117,0,0.0,0.0,0.0,73.55555555555556,0.0,25.0,v1.0,2026-09-02T02:01:25.287339
MP_000026,DINESH CHANDRA YADAV,LOK_SABHA,BIHAR,MADHEPURA,156,147,0,0.0,0.0,0.0,23.108843537414966,0.0,25.0,v1.0,2026-09-02T02:01:25.287339
MP_000027,BHUPENDER YADAV,LOK_SABHA,RAJASTHAN,ALWAR,74,65,0,0.0,0.0,0.0,108.3076923076923,0.0,25.0,v1.0,2026-09-02T02:01:25.287339
MP_000028,HASMUKH BHAI SOMA BHAI PATEL,LOK_SABHA,GUJARAT,AHMEDABAD EAST,197,108,0,0.0,0.0,0.0,128.4351851851852,0.0,25.0,v1.0,2026-09-02T02:01:25.287339
MP_000029,BHARTI PARDHI,LOK_SABHA,MADHYA PRADESH,BALAGHAT,169,159,0,0.0,0.0,0.0,51.20754716981132,0.0,25.0,v1.0,2026-09-02T02:01:25.287339
MP_000030,VIVEK K. TANKHA (2022-28) (2022-2028),RAJYA_SABHA,MADHYA PRADESH,ELECTED MP,504,374,0,0.0,0.0,0.0,175.8903743315508,0.0,25.0,v1.0,2026-09-02T02:01:25.287339
MP_000031,BABURAM NISHAD (2022-28) (2022-2028),RAJYA_SABHA,UTTAR PRADESH,ELECTED MP,649,493,0,0.0,0.0,0.0,161.6653144016227,0.0,25.0,v1.0,2026-09-02T02:01:25.287339
MP_000032,YERRAM VENKATA SUBBA REDDY (2024-30) (2024-2030),RAJYA_SABHA,ANDHRA PRADESH,ELECTED MP,142,126,0,0.0,0.0,0.0,84.01587301587301,0.0,25.0,v1.0,2026-09-02T02:01:25.287339
MP_000033,MALVIKA DEVI,LOK_SABHA,ODISHA,KALAHANDI,320,306,0,0.0,0.0,0.0,90.49346405228758,0.0,25.0,v1.0,2026-09-02T02:01:25.287339
MP_000034,SAMBIT PATRA,LOK_SABHA,ODISHA,PURI,730,678,0,0.0,0.0,0.0,98.74041297935104,0.0,25.0,v1.0,2026-09-02T02:01:25.287339
MP_000035,PRADEEP PUROHIT,LOK_SABHA,ODISHA,BARGARH,282,269,0,0.0,0.0,0.0,52.026022304832715,0.0,25.0,v1.0,2026-09-02T02:01:25.287339
MP_000036,CN ANNADURAI,LOK_SABHA,TAMIL NADU,TIRUVANNAMALAI,194,188,0,0.0,0.0,0.0,120.52659574468085,0.0,25.0,v1.0,2026-09-02T02:01:25.287339
MP_000037,BHARTRUHARI MAHTAB,LOK_SABHA,ODISHA,CUTTACK,483,274,0,0.0,0.0,0.0,69.60583941605839,0.0,25.0,v1.0,2026-09-02T02:01:25.287339
MP_000038,JAGAT PRAKASH NADDA (2024-30) (2024-2030),RAJYA_SABHA,GUJARAT,ELECTED MP,74,34,0,0.0,0.0,0.0,113.02941176470588,0.0,25.0,v1.0,2026-09-02T02:01:25.287339
MP_000039,KESRIDEVSINH JHALA (2023-29) (2023-2029),RAJYA_SABHA,GUJARAT,ELECTED MP,144,107,0,0.0,0.0,0.0,125.14018691588785,0.0,25.0,v1.0,2026-09-02T02:01:25.287339
MP_000040,DHARAMBIR SINGH,LOK_SABHA,HARYANA,BHIWANI MAHENDRAGARH,207,189,0,0.0,0.0,0.0,63.285714285714285,0.0,25.0,v1.0,2026-09-02T02:01:25.287339
MP_000041,PARSHOTTAMBHAI RUPALA,LOK_SABHA,GUJARAT,RAJKOT,305,201,0,0.0,0.0,0.0,76.71144278606965,0.0,25.0,v1.0,2026-09-02T02:01:25.287339
MP_000042,DURAI VAIKO,LOK_SABHA,TAMIL NADU,TIRUCHIRAPPALLI,78,66,0,0.0,0.0,0.0,237.93939393939394,0.0,25.0,v1.0,2026-09-02T02:01:25.287339
MP_000043,RODMAL NAGAR,LOK_SABHA,MADHYA PRADESH,RAJGARH,355,277,0,0.0,0.0,0.0,152.03971119133573,0.0,25.0,v1.0,2026-09-02T02:01:25.287339
MP_000044,HARSIMRAT KAUR BADAL,LOK_SABHA,PUNJAB,BHATINDA,365,316,0,0.0,0.0,0.0,39.313291139240505,0.0,25.0,v1.0,2026-09-02T02:01:25.287339
MP_000045,RAM GOPAL YADAV (2020-26) (2020-2026),RAJYA_SABHA,UTTAR PRADESH,ELECTED MP,81,75,0,0.0,0.0,0.0,64.58666666666667,0.0,25.0,v1.0,2026-09-02T02:01:25.287339
MP_000046,RAMPRIT MANDAL,LOK_SABHA,BIHAR,JHANJHARPUR,177,120,0,0.0,0.0,0.0,129.53333333333333,0.0,25.0,v1.0,2026-09-02T02:01:25.287339
MP_000047,MEDHA VISHRAM KULKARNI (2024-30) (2024-2030),RAJYA_SABHA,MAHARASHTRA,ELECTED MP,105,44,0,0.0,0.0,0.0,210.72727272727272,0.0,25.0,v1.0,2026-09-02T02:01:25.287339
MP_000048,DILESHWAR KAMAIT,LOK_SABHA,BIHAR,SUPAUL,131,86,0,0.0,0.0,0.0,177.13953488372093,0.0,25.0,v1.0,2026-09-02T02:01:25.287339
MP_000049,UTKARSH VERMA MADHUR,LOK_SABHA,UTTAR PRADESH,KHERI,360,353,0,0.0,0.0,0.0,52.42776203966006,0.0,25.0,v1.0,2026-09-02T02:01:25.287339
MP_000050,BHARATBHAI MANUBHAI SUTARIYA,LOK_SABHA,GUJARAT,AMRELI,325,297,0,0.0,0.0,0.0,84.94949494949495,0.0,25.0,v1.0,2026-09-02T02:01:25.287339
MP_000051,PUSHPENDRA SAROJ,LOK_SABHA,UTTAR PRADESH,KAUSHAMBI(SC),747,715,0,0.0,0.0,0.0,129.806993006993,0.0,25.0,v1.0,2026-09-02T02:01:25.287339
MP_000052,ZIA UR REHMAN,LOK_SABHA,UTTAR PRADESH,SAMBHAL,325,317,0,0.0,0.0,0.0,136.0,0.0,25.0,v1.0,2026-09-02T02:01:25.287339
MP_000053,VARUN CHAUDHRY,LOK_SABHA,HARYANA,AMBALA (SC),157,112,0,0.0,0.0,0.0,83.36607142857143,0.0,25.0,v1.0,2026-09-02T02:01:25.287339
MP_000054,DIMPLE YADAV,LOK_SABHA,UTTAR PRADESH,MAINPURI,164,153,0,0.0,0.0,0.0,121.13725490196079,0.0,25.0,v1.0,2026-09-02T02:01:25.287339
MP_000055,RAJU BISTA,LOK_SABHA,WEST BENGAL,DARJEELING,169,122,0,0.0,0.0,0.0,226.74590163934425,0.0,25.0,v1.0,2026-09-02T02:01:25.287339
MP_000056,K SUBBARAYAN,LOK_SABHA,TAMIL NADU,TIRUPPUR,118,76,0,0.0,0.0,0.0,244.8815789473684,0.0,25.0,v1.0,2026-09-02T02:01:25.287339
MP_000057,K RADHAKRISHNAN,LOK_SABHA,KERALA,ALATHUR(SC),186,131,0,0.0,0.0,0.0,195.44274809160305,0.0,25.0,v1.0,2026-09-02T02:01:25.287339
MP_000058,PRATIMA MONDAL,LOK_SABHA,WEST BENGAL,JOYNAGAR(SC),223,218,0,0.0,0.0,0.0,81.4908256880734,0.0,25.0,v1.0,2026-09-02T02:01:25.287339
MP_000059,BUNTY VIVEK SAHU,LOK_SABHA,MADHYA PRADESH,CHHINDWARA,476,378,0,0.0,0.0,0.0,115.2936507936508,0.0,25.0,v1.0,2026-09-02T02:01:25.287339
MP_000060,VIRENDRA KUMAR,LOK_SABHA,MADHYA PRADESH,TIKAMGARH(SC),359,208,0,0.0,0.0,0.0,108.36538461538461,0.0,25.0,v1.0,2026-09-02T02:01:25.287339
MP_000061,AMRINDER SINGH RAJA WARRING,LOK_SABHA,PUNJAB,LUDHIANA,242,206,0,0.0,0.0,0.0,77.03883495145631,0.0,25.0,v1.0,2026-09-02T02:01:25.287339
MP_000062,THARANIVENTHAN M S,LOK_SABHA,TAMIL NADU,ARANI,316,230,0,0.0,0.0,0.0,98.87391304347825,0.0,25.0,v1.0,2026-09-02T02:01:25.287339
MP_000063,BRIJ LAL (2020-26) (2020-2026),RAJYA_SABHA,UTTAR PRADESH,ELECTED MP,150,147,0,0.0,0.0,0.0,93.95238095238095,0.0,25.0,v1.0,2026-09-02T02:01:25.287339
MP_000064,V. SIVADASAN (2021-27) (2021-2027),RAJYA_SABHA,KERALA,ELECTED MP,63,46,0,0.0,0.0,0.0,251.43478260869566,0.0,25.0,v1.0,2026-09-02T02:01:25.287339
MP_000065,SHRIPAD YESSO NAIK,LOK_SABHA,GOA,NORTH GOA,115,26,0,0.0,0.0,0.0,246.53846153846155,0.0,25.0,v1.0,2026-09-02T02:01:25.287339
MP_000066,JUAL ORAM,LOK_SABHA,ODISHA,SUNDARGARH (ST),200,176,0,0.0,0.0,0.0,87.73295454545455,0.0,25.0,v1.0,2026-09-02T02:01:25.287339
MP_000067,ABU TAHER KHAN,LOK_SABHA,WEST BENGAL,MURSHIDABAD,328,314,0,0.0,0.0,0.0,166.98089171974522,0.0,25.0,v1.0,2026-09-02T02:01:25.287339
MP_000068,RAJ KUMAR ROAT,LOK_SABHA,RAJASTHAN,BANSWARA(ST),113,91,0,0.0,0.0,0.0,62.86813186813187,0.0,25.0,v1.0,2026-09-02T02:01:25.287339
MP_000069,KAKOLI GHOSH DASTIDAR,LOK_SABHA,WEST BENGAL,BARASAT,179,93,0,0.0,0.0,0.0,259.21505376344084,0.0,25.0,v1.0,2026-09-02T02:01:25.287339
MP_000070,AMBICA G LAKSHMINARAYANA VALMIKI,LOK_SABHA,ANDHRA PRADESH,ANANTAPUR,155,153,0,0.0,0.0,0.0,55.33986928104575,0.0,25.0,v1.0,2026-09-02T02:01:25.287339
MP_000071,JOSE K. MANI (2024-30) (2024-2030),RAJYA_SABHA,KERALA,ELECTED MP,182,100,0,0.0,0.0,0.0,200.8,0.0,25.0,v1.0,2026-09-02T02:01:25.287339
MP_000072,PRALHAD VENKATESH JOSHI,LOK_SABHA,KARNATAKA,DHARWAD,204,135,0,0.0,0.0,0.0,112.34814814814816,0.0,25.0,v1.0,2026-09-02T02:01:25.287339
MP_000073,FAGGAN SINGH KULASTE,LOK_SABHA,MADHYA PRADESH,MANDLA(ST),298,222,0,0.0,0.0,0.0,125.43243243243244,0.0,25.0,v1.0,2026-09-02T02:01:25.287339
MP_000074,GOWAAL KAGADA PADAVI,LOK_SABHA,MAHARASHTRA,NANDURBAR(ST),279,237,0,0.0,0.0,0.0,150.43881856540085,0.0,25.0,v1.0,2026-09-02T02:01:25.287339
MP_000075,JAI PARKASH,LOK_SABHA,HARYANA,HISAR,443,367,0,0.0,0.0,0.0,84.37602179836512,0.0,25.0,v1.0,2026-09-02T02:01:25.287339
MP_000076,RAJEEV SHUKLA (2022-28) (2022-2028),RAJYA_SABHA,CHHATTISGARH,ELECTED MP,30,28,0,0.0,0.0,0.0,72.42857142857143,0.0,25.0,v1.0,2026-09-02T02:01:25.287339
MP_000077,ARUN GOVIL,LOK_SABHA,UTTAR PRADESH,MEERUT,232,117,0,0.0,0.0,0.0,113.90598290598291,0.0,25.0,v1.0,2026-09-02T02:01:25.287339
MP_000078,LALJI VERMA,LOK_SABHA,UTTAR PRADESH,AMBEDKAR NAGAR,267,231,0,0.0,0.0,0.0,79.77922077922078,0.0,25.0,v1.0,2026-09-02T02:01:25.287339
MP_000079,R. DHARMAR (2022-28) (2022-2028),RAJYA_SABHA,TAMIL NADU,ELECTED MP,244,194,0,0.0,0.0,0.0,77.1701030927835,0.0,25.0,v1.0,2026-09-02T02:01:25.287339
MP_000080,SELJA,LOK_SABHA,HARYANA,SIRSA(SC),312,258,0,0.0,0.0,0.0,70.5891472868217,0.0,25.0,v1.0,2026-09-02T02:01:25.287339
MP_000081,K. RAJASHEKAR BASAVARAJ HITNAL,LOK_SABHA,KARNATAKA,KOPPAL,193,131,0,0.0,0.0,0.0,161.05343511450383,0.0,25.0,v1.0,2026-09-02T02:01:25.287339
MP_000082,SHREYAS. M. PATEL,LOK_SABHA,KARNATAKA,HASSAN,204,159,0,0.0,0.0,0.0,223.83018867924528,0.0,25.0,v1.0,2026-09-02T02:01:25.287339
MP_000083,JITAN RAM MANJHI,LOK_SABHA,BIHAR,GAYA (SC),260,248,0,0.0,0.0,0.0,121.78629032258064,0.0,25.0,v1.0,2026-09-02T02:01:25.287339
MP_000084,SHARMILA SARKAR,LOK_SABHA,WEST BENGAL,BARDHAMAN PURBA(SC),116,56,0,0.0,0.0,0.0,136.57142857142858,0.0,25.0,v1.0,2026-09-02T02:01:25.287339
MP_000085,HARBHAJAN SINGH (2022-28) (2022-2028),RAJYA_SABHA,PUNJAB,ELECTED MP,197,153,0,0.0,0.0,0.0,36.22222222222222,0.0,25.0,v1.0,2026-09-02T02:01:25.287339
MP_000086,M. DHANAPAL (2025-31) (2025-2031),RAJYA_SABHA,TAMIL NADU,ELECTED MP,51,36,0,0.0,0.0,0.0,134.36111111111111,0.0,25.0,v1.0,2026-09-02T02:01:25.287339
MP_000087,BENNY BEHANAN,LOK_SABHA,KERALA,CHALAKUDY,171,80,0,0.0,0.0,0.0,313.5,0.0,25.0,v1.0,2026-09-02T02:01:25.287339
MP_000088,PRADAN BARUAH,LOK_SABHA,ASSAM,LAKHIMPUR,148,116,0,0.0,0.0,0.0,138.00862068965517,0.0,25.0,v1.0,2026-09-02T02:01:25.287339
MP_000089,SANJAY KUMAR BANDI,LOK_SABHA,TELANGANA,KARIMNAGAR,628,374,0,0.0,0.0,0.0,132.9866310160428,0.0,25.0,v1.0,2026-09-02T02:01:25.287339
MP_000090,GANESAN SELVAM,LOK_SABHA,TAMIL NADU,KANCHEEPURAM(SC),456,286,0,0.0,0.0,0.0,117.24825174825175,0.0,25.0,v1.0,2026-09-02T02:01:25.287339
MP_000091,Y S AVINASH REDDY,LOK_SABHA,ANDHRA PRADESH,KADAPA,300,209,0,0.0,0.0,0.0,131.73205741626793,0.0,25.0,v1.0,2026-09-02T02:01:25.287339
MP_000092,KANGANA RANAUT,LOK_SABHA,HIMACHAL PRADESH,MANDI,316,309,0,0.0,0.0,0.0,70.21035598705501,0.0,25.0,v1.0,2026-09-02T02:01:25.287339
MP_000093,SURESH KUMAR KASHYAP,LOK_SABHA,HIMACHAL PRADESH,SHIMLA (SC),541,520,0,0.0,0.0,0.0,80.85576923076923,0.0,25.0,v1.0,2026-09-02T02:01:25.287339
MP_000094,BALRAM NAIK PORIKA,LOK_SABHA,TELANGANA,MAHABUBABAD,359,311,0,0.0,0.0,0.0,219.37942122186496,0.0,25.0,v1.0,2026-09-02T02:01:25.287339
MP_000095,KANI K NAVAS,LOK_SABHA,TAMIL NADU,RAMANATHAPURAM,109,87,0,0.0,0.0,0.0,108.28735632183908,0.0,25.0,v1.0,2026-09-02T02:01:25.287339
MP_000096,SHOBHANABEN MAHENDRASINH BARAIYA,LOK_SABHA,GUJARAT,SABARKANTHA,279,258,0,0.0,0.0,0.0,76.62790697674419,0.0,25.0,v1.0,2026-09-02T02:01:25.287339
MP_000097,ANDREW J. SYNGKON,LOK_SABHA,MEGHALAYA,SHILLONG,241,229,0,0.0,0.0,0.0,157.41484716157206,0.0,25.0,v1.0,2026-09-02T02:01:25.287339
MP_000098,SANGEETA BALWANT (2024-30) (2024-2030),RAJYA_SABHA,UTTAR PRADESH,ELECTED MP,385,304,0,0.0,0.0,0.0,126.35526315789474,0.0,25.0,v1.0,2026-09-02T02:01:25.287339
MP_000099,BANSURI SWARAJ,LOK_SABHA,DELHI,NEW DELHI,110,76,0,0.0,0.0,0.0,65.71052631578948,0.0,25.0,v1.0,2026-09-02T02:01:25.287339
MP_000100,ANURAG SINGH THAKUR,LOK_SABHA,HIMACHAL PRADESH,HAMIRPUR_HP,205,195,0,0.0,0.0,0.0,51.95897435897436,0.0,25.0,v1.0,2026-09-02T02:01:25.287339
MP_000101,RAJESHBHAI NARANBHAI CHUDASAMA,LOK_SABHA,GUJARAT,JUNAGADH,320,246,0,0.0,0.0,0.0,71.71138211382114,0.0,25.0,v1.0,2026-09-02T02:01:25.287339
MP_000102,SAPTAGIRI SANKAR ULAKA,LOK_SABHA,ODISHA,KORAPUT(ST),575,389,0,0.0,0.0,0.0,111.5758354755784,0.0,25.0,v1.0,2026-09-02T02:01:25.287339
MP_000103,VIJAY BAGHEL,LOK_SABHA,CHHATTISGARH,DURG,214,179,0,0.0,0.0,0.0,90.12290502793296,0.0,25.0,v1.0,2026-09-02T02:01:25.287339
MP_000104,NALIN SOREN,LOK_SABHA,JHARKHAND,DUMKA(ST),425,346,0,0.0,0.0,0.0,74.82080924855491,0.0,25.0,v1.0,2026-09-02T02:01:25.287339
MP_000105,ADHIKARI SOUMENDU,LOK_SABHA,WEST BENGAL,KANTHI,70,66,0,0.0,0.0,0.0,191.86363636363637,0.0,25.0,v1.0,2026-09-02T02:01:25.287339
MP_000106,BALASHOWRY VALLABBHANENI,LOK_SABHA,ANDHRA PRADESH,MACHILIPATNAM,59,45,0,0.0,0.0,0.0,70.71111111111111,0.0,25.0,v1.0,2026-09-02T02:01:25.287339
MP_000107,CHANDRA PRAKASH CHOUDHARY,LOK_SABHA,JHARKHAND,GIRIDIH,674,611,0,0.0,0.0,0.0,69.65793780687397,0.0,25.0,v1.0,2026-09-02T02:01:25.287339
MP_000108,GULAM ALI (2022-28) (2022-2028),RAJYA_SABHA,JAMMU AND KASHMIR,NOMINATED MP,185,174,0,0.0,0.0,0.0,46.06896551724138,0.0,25.0,v1.0,2026-09-02T02:01:25.287339
MP_000109,MANJU SHARMA,LOK_SABHA,RAJASTHAN,JAIPUR,69,38,0,0.0,0.0,0.0,114.71052631578948,0.0,25.0,v1.0,2026-09-02T02:01:25.287339
MP_000110,LUMBARAM,LOK_SABHA,RAJASTHAN,JALORE,179,150,0,0.0,0.0,0.0,62.86666666666667,0.0,25.0,v1.0,2026-09-02T02:01:25.287339
MP_000111,JITENDRA KUMAR DOHARE,LOK_SABHA,UTTAR PRADESH,ETAWAH(SC),514,470,0,0.0,0.0,0.0,113.6531914893617,0.0,25.0,v1.0,2026-09-02T02:01:25.287339
MP_000112,DAMODAR AGARWAL,LOK_SABHA,RAJASTHAN,BHILWARA,250,208,0,0.0,0.0,0.0,68.55288461538461,0.0,25.0,v1.0,2026-09-02T02:01:25.287339
MP_000113,MAGUNTA SREENIVASULU REDDY,LOK_SABHA,ANDHRA PRADESH,ONGOLE,19,17,0,0.0,0.0,0.0,84.70588235294117,0.0,25.0,v1.0,2026-09-02T02:01:25.287339
MP_000114,DURGA DAS UIKEY,LOK_SABHA,MADHYA PRADESH,BETUL(ST),498,407,0,0.0,0.0,0.0,72.18673218673219,0.0,25.0,v1.0,2026-09-02T02:01:25.287339
MP_000115,ANTO ANTONY,LOK_SABHA,KERALA,PATHANAMTHITTA,355,185,0,0.0,0.0,0.0,228.5891891891892,0.0,25.0,v1.0,2026-09-02T02:01:25.287339
MP_000116,JAGANNATH SARKAR,LOK_SABHA,WEST BENGAL,RANAGHAT(SC),220,152,0,0.0,0.0,0.0,169.08552631578948,0.0,25.0,v1.0,2026-09-02T02:01:25.287339
MP_000117,BYREDDY SHABARI,LOK_SABHA,ANDHRA PRADESH,NANDYAL,198,182,0,0.0,0.0,0.0,43.13186813186813,0.0,25.0,v1.0,2026-09-02T02:01:25.287339
MP_000118,RAHUL SINGH LODHI,LOK_SABHA,MADHYA PRADESH,DAMOH,299,267,0,0.0,0.0,0.0,64.55430711610487,0.0,25.0,v1.0,2026-09-02T02:01:25.287339
MP_000119,SALENG A SANGMA,LOK_SABHA,MEGHALAYA,TURA,339,239,0,0.0,0.0,0.0,83.72384937238493,0.0,25.0,v1.0,2026-09-02T02:01:25.287339
MP_000120,DEVESH SHAKYA,LOK_SABHA,UTTAR PRADESH,ETAH,338,305,0,0.0,0.0,0.0,57.032786885245905,0.0,25.0,v1.0,2026-09-02T02:01:25.287339
MP_000121,GENIBEN NAGAJI THAKOR,LOK_SABHA,GUJARAT,BANASKANTHA,168,120,0,0.0,0.0,0.0,137.81666666666666,0.0,25.0,v1.0,2026-09-02T02:01:25.287339
MP_000122,PRASHANT YADAORAO PADOLE,LOK_SABHA,MAHARASHTRA,BHANDARA-GONDIYA,152,45,0,0.0,0.0,0.0,280.1333333333333,0.0,25.0,v1.0,2026-09-02T02:01:25.287339
MP_000123,KAUSHALENDRA KUMAR,LOK_SABHA,BIHAR,NALANDA,171,143,0,0.0,0.0,0.0,85.45454545454545,0.0,25.0,v1.0,2026-09-02T02:01:25.287339
MP_000124,BAIJAYANT PANDA,LOK_SABHA,ODISHA,KENDRAPARA,56,42,0,0.0,0.0,0.0,147.26190476190476,0.0,25.0,v1.0,2026-09-02T02:01:25.287339
MP_000125,SANJAY SETH,LOK_SABHA,JHARKHAND,RANCHI,150,150,0,0.0,0.0,0.0,65.31333333333333,0.0,25.0,v1.0,2026-09-02T02:01:25.287339
MP_000126,DR.MALLU RAVI,LOK_SABHA,TELANGANA,NAGARKURNOOL(SC),227,175,0,0.0,0.0,0.0,32.97142857142857,0.0,25.0,v1.0,2026-09-02T02:01:25.287339
MP_000127,HARSH MAHAJAN (2024-30) (2024-2030),RAJYA_SABHA,HIMACHAL PRADESH,ELECTED MP,461,412,0,0.0,0.0,0.0,86.98543689320388,0.0,25.0,v1.0,2026-09-02T02:01:25.287339
MP_000128,ISHA KHAN CHOUDHURY,LOK_SABHA,WEST BENGAL,MALDAHA DAKSHIN,123,99,0,0.0,0.0,0.0,182.35353535353536,0.0,25.0,v1.0,2026-09-02T02:01:25.287339
MP_000129,ASIT KUMAR MAL,LOK_SABHA,WEST BENGAL,BOLPUR(SC),202,190,0,0.0,0.0,0.0,90.15789473684211,0.0,25.0,v1.0,2026-09-02T02:01:25.287339
MP_000130,SUKHJINDER SINGH RANDHAWA,LOK_SABHA,PUNJAB,GURDASPUR,327,310,0,0.0,0.0,0.0,68.08064516129032,0.0,25.0,v1.0,2026-09-02T02:01:25.287339
MP_000131,MADAN RATHORE (2024-30) (2024-2030),RAJYA_SABHA,RAJASTHAN,ELECTED MP,132,84,0,0.0,0.0,0.0,102.29761904761905,0.0,25.0,v1.0,2026-09-02T02:01:25.287339
MP_000132,VINOD CHAVDA,LOK_SABHA,GUJARAT,KACHCHH(SC),368,231,0,0.0,0.0,0.0,104.81385281385282,0.0,25.0,v1.0,2026-09-02T02:01:25.287339
MP_000133,OMPRAKASH BHUPALSINH ALIAS PAWAN RAJENIMBALKAR,LOK_SABHA,MAHARASHTRA,OSMANABAD,190,46,0,0.0,0.0,0.0,323.4782608695652,0.0,25.0,v1.0,2026-09-02T02:01:25.287339
MP_000134,ARVIND DHARMAPURI,LOK_SABHA,TELANGANA,NIZAMABAD,916,584,0,0.0,0.0,0.0,148.31164383561645,0.0,25.0,v1.0,2026-09-02T02:01:25.287339
MP_000135,GUMMA THANUJA RANI,LOK_SABHA,ANDHRA PRADESH,ARAKU(ST),138,114,0,0.0,0.0,0.0,66.70175438596492,0.0,25.0,v1.0,2026-09-02T02:01:25.287339
MP_000136,SASIKANTH SENTHIL,LOK_SABHA,TAMIL NADU,TIRUVALLUR(SC),182,151,0,0.0,0.0,0.0,149.47019867549668,0.0,25.0,v1.0,2026-09-02T02:01:25.287339
MP_000137,BALYA MAMA SURESH GOPINATH MHATRE,LOK_SABHA,MAHARASHTRA,BHIWANDI,164,94,0,0.0,0.0,0.0,200.38297872340425,0.0,25.0,v1.0,2026-09-02T02:01:25.287339
MP_000138,SP SINGH BAGHEL,LOK_SABHA,UTTAR PRADESH,AGRA(SC),110,72,0,0.0,0.0,0.0,30.416666666666668,0.0,25.0,v1.0,2026-09-02T02:01:25.287339
MP_000139,GOLLA BABURAO (2024-30) (2024-2030),RAJYA_SABHA,ANDHRA PRADESH,ELECTED MP,44,40,0,0.0,0.0,0.0,48.35,0.0,25.0,v1.0,2026-09-02T02:01:25.287339
MP_000140,BHAJAN LAL JATAV,LOK_SABHA,RAJASTHAN,KARAULI-DHOLPUR(SC),52,29,0,0.0,0.0,0.0,51.48275862068966,0.0,25.0,v1.0,2026-09-02T02:01:25.287339
MP_000141,ABDUL WAHAB (2021-27) (2021-2027),RAJYA_SABHA,KERALA,ELECTED MP,368,222,0,0.0,0.0,0.0,182.19819819819818,0.0,25.0,v1.0,2026-09-02T02:01:25.287339
MP_000142,V. VIJAYENDRA PRASAD (2022-28) (2022-2028),RAJYA_SABHA,ANDHRA PRADESH,NOMINATED MP,194,176,0,0.0,0.0,0.0,87.0,0.0,25.0,v1.0,2026-09-02T02:01:25.287339
MP_000143,GANESH SINGH,LOK_SABHA,MADHYA PRADESH,SATNA,318,295,0,0.0,0.0,0.0,269.9084745762712,0.0,25.0,v1.0,2026-09-02T02:01:25.287339
MP_000144,SOUGATA RAY,LOK_SABHA,WEST BENGAL,DUM DUM,52,22,0,0.0,0.0,0.0,208.9090909090909,0.0,25.0,v1.0,2026-09-02T02:01:25.287339
MP_000145,PRIYA SAROJ,LOK_SABHA,UTTAR PRADESH,MACHHLISHAHR(SC),1394,1355,0,0.0,0.0,0.0,77.36826568265683,0.0,25.0,v1.0,2026-09-02T02:01:25.287339
MP_000146,KALI CHARAN SINGH,LOK_SABHA,JHARKHAND,CHATRA,511,460,0,0.0,0.0,0.0,91.75434782608696,0.0,25.0,v1.0,2026-09-02T02:01:25.287339
MP_000147,RATANJIT PRATAP NARAIN SINGH (2024-30) (2024-2030),RAJYA_SABHA,UTTAR PRADESH,ELECTED MP,125,116,0,0.0,0.0,0.0,115.97413793103448,0.0,25.0,v1.0,2026-09-02T02:01:25.287339
MP_000148,DULU MAHATO,LOK_SABHA,JHARKHAND,DHANBAD,405,272,0,0.0,0.0,0.0,83.30882352941177,0.0,25.0,v1.0,2026-09-02T02:01:25.287339
MP_000149,KRISHAN PAL GURJAR,LOK_SABHA,HARYANA,FARIDABAD,82,58,0,0.0,0.0,0.0,109.56896551724138,0.0,25.0,v1.0,2026-09-02T02:01:25.287339
MP_000150,M.P ABDUSSAMAD SAMADANI,LOK_SABHA,KERALA,PONNANI,324,179,0,0.0,0.0,0.0,257.30167597765364,0.0,25.0,v1.0,2026-09-02T02:01:25.287339
MP_000151,BRIJMOHAN AGRAWAL,LOK_SABHA,CHHATTISGARH,RAIPUR,164,129,0,0.0,0.0,0.0,95.1937984496124,0.0,25.0,v1.0,2026-09-02T02:01:25.287339
MP_000152,ANDIMUTHU RAJA,LOK_SABHA,TAMIL NADU,NILGIRIS(SC),114,91,0,0.0,0.0,0.0,256.5824175824176,0.0,25.0,v1.0,2026-09-02T02:01:25.287339
MP_000153,CAPTAIN VIRIATO FERNANDES,LOK_SABHA,GOA,SOUTH GOA,133,57,0,0.0,0.0,0.0,182.73684210526315,0.0,25.0,v1.0,2026-09-02T02:01:25.287339
MP_000154,SHER SINGH GHUBAYA,LOK_SABHA,PUNJAB,FIROZPUR,480,394,0,0.0,0.0,0.0,21.00507614213198,0.0,25.0,v1.0,2026-09-02T02:01:25.287339
MP_000155,B Y RAGHAVENDRA,LOK_SABHA,KARNATAKA,SHIMOGA,262,210,0,0.0,0.0,0.0,214.37142857142857,0.0,25.0,v1.0,2026-09-02T02:01:25.287339
MP_000156,BASTIPATI NAGARAJU PANCHALINGALA,LOK_SABHA,ANDHRA PRADESH,KURNOOL,208,155,0,0.0,0.0,0.0,32.87741935483871,0.0,25.0,v1.0,2026-09-02T02:01:25.287339
MP_000157,D RAVIKUMAR,LOK_SABHA,TAMIL NADU,VILUPPURAM(SC),288,266,0,0.0,0.0,0.0,33.42481203007519,0.0,25.0,v1.0,2026-09-02T02:01:25.287339
MP_000158,APARAJITA SARANGI,LOK_SABHA,ODISHA,BHUBANESWAR,277,228,0,0.0,0.0,0.0,137.2938596491228,0.0,25.0,v1.0,2026-09-02T02:01:25.287339
MP_000159,HARIBHAI PATEL,LOK_SABHA,GUJARAT,MAHESANA,620,472,0,0.0,0.0,0.0,125.02966101694915,0.0,25.0,v1.0,2026-09-02T02:01:25.287339
MP_000160,CHANDRA SHEKHAR,LOK_SABHA,UTTAR PRADESH,NAGINA(SC),507,504,0,0.0,0.0,0.0,39.72420634920635,0.0,25.0,v1.0,2026-09-02T02:01:25.287339
MP_000161,KARTICK CHANDRA PAUL,LOK_SABHA,WEST BENGAL,RAIGANJ,406,400,0,0.0,0.0,0.0,107.595,0.0,25.0,v1.0,2026-09-02T02:01:25.287339
MP_000162,SMT. MAHUA MAJI (2022-28) (2022-2028),RAJYA_SABHA,JHARKHAND,ELECTED MP,465,326,0,0.0,0.0,0.0,33.02760736196319,0.0,25.0,v1.0,2026-09-02T02:01:25.287339
MP_000163,SATPAL BRAHAMCHARI,LOK_SABHA,HARYANA,SONEPAT,226,117,0,0.0,0.0,0.0,113.48717948717949,0.0,25.0,v1.0,2026-09-02T02:01:25.287339
MP_000164,KALPANA SAINI (2022-28) (2022-2028),RAJYA_SABHA,UTTARAKHAND,ELECTED MP,189,148,0,0.0,0.0,0.0,100.33108108108108,0.0,25.0,v1.0,2026-09-02T02:01:25.287339
MP_000165,SANGEETA KUMARI SINGH DEO,LOK_SABHA,ODISHA,BOLANGIR,228,182,0,0.0,0.0,0.0,46.7967032967033,0.0,25.0,v1.0,2026-09-02T02:01:25.287339
MP_000166,FAIYAZ AHMAD (2022-28) (2022-2028),RAJYA_SABHA,BIHAR,ELECTED MP,189,182,0,0.0,0.0,0.0,102.03296703296704,0.0,25.0,v1.0,2026-09-02T02:01:25.287339
MP_000167,AFZAL ANSARI,LOK_SABHA,UTTAR PRADESH,GHAZIPUR,426,250,0,0.0,0.0,0.0,158.044,0.0,25.0,v1.0,2026-09-02T02:01:25.287339
MP_000168,ARUN BHARTI,LOK_SABHA,BIHAR,JAMUI(SC),328,321,0,0.0,0.0,0.0,105.67289719626169,0.0,25.0,v1.0,2026-09-02T02:01:25.287339
MP_000169,MOHIBBULLAH,LOK_SABHA,UTTAR PRADESH,RAMPUR,336,335,0,0.0,0.0,0.0,39.98805970149254,0.0,25.0,v1.0,2026-09-02T02:01:25.287339
MP_000170,GAJENDRA SINGH PATEL,LOK_SABHA,MADHYA PRADESH,KHARGONE(ST),336,251,0,0.0,0.0,0.0,78.2988047808765,0.0,25.0,v1.0,2026-09-02T02:01:25.287339
MP_000171,BHOLA SINGH,LOK_SABHA,UTTAR PRADESH,BULANDSHAHR(SC),290,289,0,0.0,0.0,0.0,34.99307958477509,0.0,25.0,v1.0,2026-09-02T02:01:25.287339
MP_000172,BHUMARE SANDIPANRAO ASARAM,LOK_SABHA,MAHARASHTRA,AURANGABAD_MH,92,36,0,0.0,0.0,0.0,226.72222222222223,0.0,25.0,v1.0,2026-09-02T02:01:25.287339
MP_000173,RICHARD VANLALHMANGAIHA,LOK_SABHA,MIZORAM,MIZORAM (ST),266,172,0,0.0,0.0,0.0,95.8546511627907,0.0,25.0,v1.0,2026-09-02T02:01:25.287339
MP_000174,CHINTAMANI MAHARAJ,LOK_SABHA,CHHATTISGARH,SARGUJA(ST),330,322,0,0.0,0.0,0.0,105.05590062111801,0.0,25.0,v1.0,2026-09-02T02:01:25.287339
MP_000175,SANDOSH KUMAR P (2022-28) (2022-2028),RAJYA_SABHA,KERALA,ELECTED MP,104,69,0,0.0,0.0,0.0,200.04347826086956,0.0,25.0,v1.0,2026-09-02T02:01:25.287339
MP_000176,SATISH CHANDRA DUBEY (2022-28) (2022-2028),RAJYA_SABHA,BIHAR,ELECTED MP,254,213,0,0.0,0.0,0.0,80.15492957746478,0.0,25.0,v1.0,2026-09-02T02:01:25.287339
MP_000177,KAVITA PATIDAR (2022-28) (2022-2028),RAJYA_SABHA,MADHYA PRADESH,ELECTED MP,217,214,0,0.0,0.0,0.0,82.0233644859813,0.0,25.0,v1.0,2026-09-02T02:01:25.287339
MP_000178,BIDYUT BARAN MAHATO,LOK_SABHA,JHARKHAND,JAMSHEDPUR,178,174,0,0.0,0.0,0.0,6.574712643678161,0.0,25.0,v1.0,2026-09-02T02:01:25.287339
MP_000179,MIAN ALTAF AHMAD,LOK_SABHA,JAMMU AND KASHMIR,ANANTNAG,127,91,0,0.0,0.0,0.0,51.967032967032964,0.0,25.0,v1.0,2026-09-02T02:01:25.287339
MP_000180,KRISHNA DEVI SHIVSHANKER PATEL,LOK_SABHA,UTTAR PRADESH,BANDA,442,316,0,0.0,0.0,0.0,99.39873417721519,0.0,25.0,v1.0,2026-09-02T02:01:25.287339
MP_000181,KALYAN VAIJINATHRAO KALE,LOK_SABHA,MAHARASHTRA,JALNA,61,42,0,0.0,0.0,0.0,161.4047619047619,0.0,25.0,v1.0,2026-09-02T02:01:25.287339
MP_000182,SAJDA AHMED,LOK_SABHA,WEST BENGAL,ULUBERIA,174,134,0,0.0,0.0,0.0,97.98507462686567,0.0,25.0,v1.0,2026-09-02T02:01:25.287339
MP_000183,S. JAISHANKAR (2023-29) (2023-2029),RAJYA_SABHA,GUJARAT,ELECTED MP,163,163,0,0.0,0.0,0.0,41.52147239263804,0.0,25.0,v1.0,2026-09-02T02:01:25.287339
MP_000184,SMT. JEBI MATHER HISHAM (2022-28) (2022-2028),RAJYA_SABHA,KERALA,ELECTED MP,119,90,0,0.0,0.0,0.0,131.83333333333334,0.0,25.0,v1.0,2026-09-02T02:01:25.287339
MP_000185,KONDA VISHWESHWAR REDDY,LOK_SABHA,TELANGANA,CHELVELLA,519,484,0,0.0,0.0,0.0,82.12396694214875,0.0,25.0,v1.0,2026-09-02T02:01:25.287339
MP_000186,MUKESH RAJPUT,LOK_SABHA,UTTAR PRADESH,FARRUKHABAD,306,295,0,0.0,0.0,0.0,64.86101694915254,0.0,25.0,v1.0,2026-09-02T02:01:25.287339
MP_000187,R.K. CHAUDHARY,LOK_SABHA,UTTAR PRADESH,MOHANLALGANJ(SC),93,76,0,0.0,0.0,0.0,70.65789473684211,0.0,25.0,v1.0,2026-09-02T02:01:25.287339
MP_000188,SMT. MAYA NAROLIYA (2024-30) (2024-2030),RAJYA_SABHA,MADHYA PRADESH,ELECTED MP,156,126,0,0.0,0.0,0.0,87.17460317460318,0.0,25.0,v1.0,2026-09-02T02:01:25.287339
MP_000189,MAHESH KASHYAP,LOK_SABHA,CHHATTISGARH,BASTAR(ST),206,173,0,0.0,0.0,0.0,110.64739884393063,0.0,25.0,v1.0,2026-09-02T02:01:25.287339
MP_000190,ANIL SUKHDEORAO BONDE (2022-28) (2022-2028),RAJYA_SABHA,MAHARASHTRA,ELECTED MP,185,103,0,0.0,0.0,0.0,111.72815533980582,0.0,25.0,v1.0,2026-09-02T02:01:25.287339
MP_000191,HEMANG JOSHI,LOK_SABHA,GUJARAT,VADODARA,204,165,0,0.0,0.0,0.0,51.266666666666666,0.0,25.0,v1.0,2026-09-02T02:01:25.287339
MP_000192,SANJAY UTTAMRAO DESHMUKH,LOK_SABHA,MAHARASHTRA,YAVATMAL-WASHIM,125,46,0,0.0,0.0,0.0,327.7826086956522,0.0,25.0,v1.0,2026-09-02T02:01:25.287339
MP_000193,RAMASHANKAR RAJBHAR,LOK_SABHA,UTTAR PRADESH,SALEMPUR,314,177,0,0.0,0.0,0.0,173.42937853107344,0.0,25.0,v1.0,2026-09-02T02:01:25.287339
MP_000194,RAVINDRA SHYAMNARAYAN ALIAS RAVI KISHAN SHUKLA,LOK_SABHA,UTTAR PRADESH,GORAKHPUR,9,9,0,0.0,0.0,0.0,40.22222222222222,0.0,25.0,v1.0,2026-09-02T02:01:25.287339
MP_000195,UPENDRA KUSHWAHA (2026-32) (2026-2032),RAJYA_SABHA,BIHAR,ELECTED MP,7,0,0,0.0,0.0,0.0,0.0,0.0,25.0,v1.0,2026-09-02T02:01:25.287339
MP_000196,SUDHEER GUPTA,LOK_SABHA,MADHYA PRADESH,MANDSOUR,223,191,0,0.0,0.0,0.0,172.5759162303665,0.0,25.0,v1.0,2026-09-02T02:01:25.287339
MP_000197,SHOBHA KARANDLAJE,LOK_SABHA,KARNATAKA,BANGALORE NORTH,114,81,0,0.0,0.0,0.0,160.58024691358025,0.0,25.0,v1.0,2026-09-02T02:01:25.287339
MP_000198,SATNAM SINGH SANDHU (2024-30) (2024-2030),RAJYA_SABHA,CHANDIGARH,NOMINATED MP,24,10,0,0.0,0.0,0.0,84.6,0.0,25.0,v1.0,2026-09-02T02:01:25.287339
MP_000199,RAMVIR SINGH BIDHURI,LOK_SABHA,DELHI,SOUTH DELHI,134,102,0,0.0,0.0,0.0,39.80392156862745,0.0,25.0,v1.0,2026-09-02T02:01:25.287339
MP_000200,DHAVAL LAXMANBHAI PATEL,LOK_SABHA,GUJARAT,VALSAD(ST),233,189,0,0.0,0.0,0.0,55.232804232804234,0.0,25.0,v1.0,2026-09-02T02:01:25.287339
MP_000201,ASHOK KUMAR YADAV,LOK_SABHA,BIHAR,MADHUBANI,189,158,0,0.0,0.0,0.0,135.2594936708861,0.0,25.0,v1.0,2026-09-02T02:01:25.287339
MP_000202,B. PARTHASARADHI REDDY (2022-28) (2022-2028),RAJYA_SABHA,TELANGANA,ELECTED MP,25,13,0,0.0,0.0,0.0,46.15384615384615,0.0,25.0,v1.0,2026-09-02T02:01:25.287339
MP_000203,JAGDAMBIKA PAL,LOK_SABHA,UTTAR PRADESH,DOMARIYAGANJ,75,68,0,0.0,0.0,0.0,84.1470588235294,0.0,25.0,v1.0,2026-09-02T02:01:25.287339
MP_000204,ABDUL RASHID SHEIKH,LOK_SABHA,JAMMU AND KASHMIR,BARAMULLAH,163,130,0,0.0,0.0,0.0,120.85384615384615,0.0,25.0,v1.0,2026-09-02T02:01:25.287339
MP_000205,MANISH JAISWAL,LOK_SABHA,JHARKHAND,HAZARIBAGH,164,118,0,0.0,0.0,0.0,69.49152542372882,0.0,25.0,v1.0,2026-09-02T02:01:25.287339
MP_000206,SUDHAKAR SINGH,LOK_SABHA,BIHAR,BUXAR,204,147,0,0.0,0.0,0.0,86.94557823129252,0.0,25.0,v1.0,2026-09-02T02:01:25.287339
MP_000207,NABA CHARAN MAJHI,LOK_SABHA,ODISHA,MAYURBHANJ (ST),220,111,0,0.0,0.0,0.0,120.41441441441441,0.0,25.0,v1.0,2026-09-02T02:01:25.287339
MP_000208,KARTI P CHIDAMBARAM,LOK_SABHA,TAMIL NADU,SIVAGANGA,182,141,0,0.0,0.0,0.0,164.48936170212767,0.0,25.0,v1.0,2026-09-02T02:01:25.287339
MP_000209,EATALA RAJENDER,LOK_SABHA,TELANGANA,MALKAJGIRI,300,162,0,0.0,0.0,0.0,147.96913580246914,0.0,25.0,v1.0,2026-09-02T02:01:25.287339
MP_000210,RAJESH VERMA,LOK_SABHA,BIHAR,KHAGARIA,76,76,0,0.0,0.0,0.0,94.65789473684211,0.0,25.0,v1.0,2026-09-02T02:01:25.287339
MP_000211,P. CHIDAMBARAM (2022-28) (2022-2028),RAJYA_SABHA,TAMIL NADU,ELECTED MP,144,140,0,0.0,0.0,0.0,112.7,0.0,25.0,v1.0,2026-09-02T02:01:25.287339
MP_000212,E.T. MOHAMMED BASHEER,LOK_SABHA,KERALA,MALAPPURAM,190,150,0,0.0,0.0,0.0,176.43333333333334,0.0,25.0,v1.0,2026-09-02T02:01:25.287339
MP_000213,S SUPONGMEREN JAMIR,LOK_SABHA,NAGALAND,NAGALAND,56,54,0,0.0,0.0,0.0,60.03703703703704,0.0,25.0,v1.0,2026-09-02T02:01:25.287339
MP_000214,RAM SHIROMANI,LOK_SABHA,UTTAR PRADESH,SHRAWASTI,1357,649,0,0.0,0.0,0.0,175.4684129429892,0.0,25.0,v1.0,2026-09-02T02:01:25.287339
MP_000215,RANJIT DUTTA,LOK_SABHA,ASSAM,SONITPUR,151,130,0,0.0,0.0,0.0,89.7,0.0,25.0,v1.0,2026-09-02T02:01:25.287339
MP_000216,SAVITRI THAKUR,LOK_SABHA,MADHYA PRADESH,DHAR(ST),339,304,0,0.0,0.0,0.0,57.57565789473684,0.0,25.0,v1.0,2026-09-02T02:01:25.287339
MP_000217,MASTHAN RAO YADAV BEEDHA (2024-28) (2024-2028),RAJYA_SABHA,ANDHRA PRADESH,ELECTED MP,120,113,0,0.0,0.0,0.0,33.46017699115044,0.0,25.0,v1.0,2026-09-02T02:01:25.287339
MP_000218,KULDEEP INDORA,LOK_SABHA,RAJASTHAN,GANGANAGAR(SC),92,67,0,0.0,0.0,0.0,76.6268656716418,0.0,25.0,v1.0,2026-09-02T02:01:25.287339
MP_000219,NK PREMACHANDRAN,LOK_SABHA,KERALA,KOLLAM,196,182,0,0.0,0.0,0.0,87.68131868131869,0.0,25.0,v1.0,2026-09-02T02:01:25.287339
MP_000220,NAVEEN JINDAL,LOK_SABHA,HARYANA,KURUKSHETRA,200,193,0,0.0,0.0,0.0,73.29015544041451,0.0,25.0,v1.0,2026-09-02T02:01:25.287339
MP_000221,MANI. A.,LOK_SABHA,TAMIL NADU,DHARAMAPURI,373,193,0,0.0,0.0,0.0,97.47668393782384,0.0,25.0,v1.0,2026-09-02T02:01:25.287339
MP_000222,RAJKUMAR SANGWAN,LOK_SABHA,UTTAR PRADESH,BAGHPAT,119,68,0,0.0,0.0,0.0,196.3235294117647,0.0,25.0,v1.0,2026-09-02T02:01:25.287339
MP_000223,NAVEEN JAIN (2024-30) (2024-2030),RAJYA_SABHA,UTTAR PRADESH,ELECTED MP,168,88,0,0.0,0.0,0.0,51.20454545454545,0.0,25.0,v1.0,2026-09-02T02:01:25.287339
MP_000224,C R PATIL,LOK_SABHA,GUJARAT,NAVSARI,405,374,0,0.0,0.0,0.0,41.8475935828877,0.0,25.0,v1.0,2026-09-02T02:01:25.287339
MP_000225,GM HARISH BALAYOGI,LOK_SABHA,ANDHRA PRADESH,AMALAPURAM(SC),108,105,0,0.0,0.0,0.0,43.39047619047619,0.0,25.0,v1.0,2026-09-02T02:01:25.287339
MP_000226,SUKANTA KUMAR PANIGRAHI,LOK_SABHA,ODISHA,KANDHAMAL,353,268,0,0.0,0.0,0.0,85.74626865671642,0.0,25.0,v1.0,2026-09-02T02:01:25.287339
MP_000227,ANIL YESHWANT DESAI,LOK_SABHA,MAHARASHTRA,MUMBAI SOUTH CENTRAL,34,20,0,0.0,0.0,0.0,425.75,0.0,25.0,v1.0,2026-09-02T02:01:25.287339
MP_000228,MEDA RAGHUNADHA REDDY (2024-30) (2024-2030),RAJYA_SABHA,ANDHRA PRADESH,ELECTED MP,250,193,0,0.0,0.0,0.0,51.80829015544042,0.0,25.0,v1.0,2026-09-02T02:01:25.287339
MP_000229,RAJIB BHATTACHARJEE (2024-28) (2024-2028),RAJYA_SABHA,TRIPURA,ELECTED MP,58,39,0,0.0,0.0,0.0,143.6153846153846,0.0,25.0,v1.0,2026-09-02T02:01:25.287339
MP_000230,JUGAL KISHORE SHARMA,LOK_SABHA,JAMMU AND KASHMIR,JAMMU,211,189,0,0.0,0.0,0.0,83.36507936507937,0.0,25.0,v1.0,2026-09-02T02:01:25.287339
MP_000231,SANJNA JATAV,LOK_SABHA,RAJASTHAN,BHARATPUR(SC),243,166,0,0.0,0.0,0.0,101.60843373493977,0.0,25.0,v1.0,2026-09-02T02:01:25.287339
MP_000232,GHANSHYAM TIWARI (2022-28) (2022-2028),RAJYA_SABHA,RAJASTHAN,ELECTED MP,88,76,0,0.0,0.0,0.0,118.3157894736842,0.0,25.0,v1.0,2026-09-02T02:01:25.287339
MP_000233,VELLALATH KOCHUKRISHNAN NAIR SREEKANDAN,LOK_SABHA,KERALA,PALAKKAD,205,168,0,0.0,0.0,0.0,158.9702380952381,0.0,25.0,v1.0,2026-09-02T02:01:25.287339
MP_000234,RAJEEV BHARDWAJ,LOK_SABHA,HIMACHAL PRADESH,KANGRA,628,494,0,0.0,0.0,0.0,98.01214574898785,0.0,25.0,v1.0,2026-09-02T02:01:25.287339
MP_000235,VIJAY KUMAR DUBEY,LOK_SABHA,UTTAR PRADESH,KUSHI NAGAR,222,182,0,0.0,0.0,0.0,206.2912087912088,0.0,25.0,v1.0,2026-09-02T02:01:25.287339
MP_000236,SHANKAR LALWANI,LOK_SABHA,MADHYA PRADESH,INDORE,302,268,0,0.0,0.0,0.0,49.92537313432836,0.0,25.0,v1.0,2026-09-02T02:01:25.287339
MP_000237,RAM PRASAD CHAUDHARY,LOK_SABHA,UTTAR PRADESH,BASTI,183,156,0,0.0,0.0,0.0,54.48076923076923,0.0,25.0,v1.0,2026-09-02T02:01:25.287339
MP_000238,C.M.RAMESH,LOK_SABHA,ANDHRA PRADESH,ANAKAPALLE,93,91,0,0.0,0.0,0.0,21.846153846153847,0.0,25.0,v1.0,2026-09-02T02:01:25.287339
MP_000239,RAHUL GANDHI,LOK_SABHA,UTTAR PRADESH,RAE BARELI,192,169,0,0.0,0.0,0.0,72.94082840236686,0.0,25.0,v1.0,2026-09-02T02:01:25.287339
MP_000240,DEEPAK (DEV) ADHIKARI,LOK_SABHA,WEST BENGAL,GHATAL,205,182,0,0.0,0.0,0.0,119.76373626373626,0.0,25.0,v1.0,2026-09-02T02:01:25.287339
MP_000241,AMAR SINGH,LOK_SABHA,PUNJAB,FATEHGARH SAHIB(SC),351,250,0,0.0,0.0,0.0,47.472,0.0,25.0,v1.0,2026-09-02T02:01:25.287339
MP_000242,PABITRA MARGHERITA (2022-28) (2022-2028),RAJYA_SABHA,ASSAM,ELECTED MP,210,102,0,0.0,0.0,0.0,223.97058823529412,0.0,25.0,v1.0,2026-09-02T02:01:25.287339
MP_000243,SMT. GEETA ALIAS CHANDRAPRABHA (2020-26) (2020-2026),RAJYA_SABHA,UTTAR PRADESH,ELECTED MP,247,219,0,0.0,0.0,0.0,62.461187214611876,0.0,25.0,v1.0,2026-09-02T02:01:25.287339
MP_000244,SAGAR ESHWAR KHANDRE,LOK_SABHA,KARNATAKA,BIDAR,178,86,0,0.0,0.0,0.0,195.06976744186048,0.0,25.0,v1.0,2026-09-02T02:01:25.287339
MP_000245,MOHAMMAD JAWED,LOK_SABHA,BIHAR,KISHANGANJ,209,183,0,0.0,0.0,0.0,68.25136612021858,0.0,25.0,v1.0,2026-09-02T02:01:25.287339
MP_000246,SMT. SONIA GANDHI (2024-30) (2024-2030),RAJYA_SABHA,RAJASTHAN,ELECTED MP,128,103,0,0.0,0.0,0.0,101.28155339805825,0.0,25.0,v1.0,2026-09-02T02:01:25.287339
MP_000247,MUKESHKUMAR CHANDRAKAANT DALAL,LOK_SABHA,GUJARAT,SURAT,220,165,0,0.0,0.0,0.0,87.12727272727273,0.0,25.0,v1.0,2026-09-02T02:01:25.287339
MP_000248,BALWANT BASWANT WANKHADE,LOK_SABHA,MAHARASHTRA,AMRAVATI(SC),167,137,0,0.0,0.0,0.0,126.08759124087591,0.0,25.0,v1.0,2026-09-02T02:01:25.287339
MP_000249,DORJEE TSHERING LEPCHA (2024-30) (2024-2030),RAJYA_SABHA,SIKKIM,ELECTED MP,118,94,0,0.0,0.0,0.0,86.88297872340425,0.0,25.0,v1.0,2026-09-02T02:01:25.287339
MP_000250,SANDHYA RAY,LOK_SABHA,MADHYA PRADESH,BHIND(SC),129,97,0,0.0,0.0,0.0,59.92783505154639,0.0,25.0,v1.0,2026-09-02T02:01:25.287339
MP_000251,SELVARAJ V,LOK_SABHA,TAMIL NADU,NAGAPATTINAM(SC),84,71,0,0.0,0.0,0.0,96.28169014084507,0.0,25.0,v1.0,2026-09-02T02:01:25.287339
MP_000252,RAJESH MISHRA,LOK_SABHA,MADHYA PRADESH,SIDHI,341,259,0,0.0,0.0,0.0,86.01930501930502,0.0,25.0,v1.0,2026-09-02T02:01:25.287339
MP_000253,DAGGUMALLA PRASADA RAO,LOK_SABHA,ANDHRA PRADESH,CHITTOOR,236,151,0,0.0,0.0,0.0,22.86092715231788,0.0,25.0,v1.0,2026-09-02T02:01:25.287339
MP_000254,BRIJENDRA SINGH OLA,LOK_SABHA,RAJASTHAN,JHUNJHUNU,167,160,0,0.0,0.0,0.0,47.375,0.0,25.0,v1.0,2026-09-02T02:01:25.287339
MP_000255,KIREN RIJIJU,LOK_SABHA,ARUNACHAL PRADESH,ARUNACHAL WEST,131,129,0,0.0,0.0,0.0,82.12403100775194,0.0,25.0,v1.0,2026-09-02T02:01:25.287339
MP_000256,K E PRAKASH,LOK_SABHA,TAMIL NADU,ERODE,233,153,0,0.0,0.0,0.0,117.79084967320262,0.0,25.0,v1.0,2026-09-02T02:01:25.287339
MP_000257,DINESHBHAI MAKWANA,LOK_SABHA,GUJARAT,AHMEDABAD WEST(SC),207,125,0,0.0,0.0,0.0,126.36,0.0,25.0,v1.0,2026-09-02T02:01:25.287339
MP_000258,MOHITE PATIL DHAIRYASHEEL RAJSINH,LOK_SABHA,MAHARASHTRA,MADHA,259,67,0,0.0,0.0,0.0,263.46268656716416,0.0,25.0,v1.0,2026-09-02T02:01:25.287339
MP_000259,VIJAY KUMAR HANSDAK,LOK_SABHA,JHARKHAND,RAJMAHAL(ST),468,355,0,0.0,0.0,0.0,142.8676056338028,0.0,25.0,v1.0,2026-09-02T02:01:25.287339
MP_000260,M.K. VISHNUPRASAD,LOK_SABHA,TAMIL NADU,CUDDALORE,116,103,0,0.0,0.0,0.0,176.10679611650485,0.0,25.0,v1.0,2026-09-02T02:01:25.287339
MP_000261,RAO RAJENDRA SINGH,LOK_SABHA,RAJASTHAN,JAIPUR RURAL,104,41,0,0.0,0.0,0.0,105.2439024390244,0.0,25.0,v1.0,2026-09-02T02:01:25.287339
MP_000262,MAHENDRA BHATT (2024-30) (2024-2030),RAJYA_SABHA,UTTARAKHAND,ELECTED MP,119,74,0,0.0,0.0,0.0,98.82432432432432,0.0,25.0,v1.0,2026-09-02T02:01:25.287339
MP_000263,SANJAY RAUT (2022-28) (2022-2028),RAJYA_SABHA,MAHARASHTRA,ELECTED MP,75,54,0,0.0,0.0,0.0,351.8333333333333,0.0,25.0,v1.0,2026-09-02T02:01:25.287339
MP_000264,KOTA SRINIVAS POOJARY,LOK_SABHA,KARNATAKA,UDUPI CHIKMAGALUR,320,143,0,0.0,0.0,0.0,290.1118881118881,0.0,25.0,v1.0,2026-09-02T02:01:25.287339
MP_000265,GYANESHWAR PATIL,LOK_SABHA,MADHYA PRADESH,KHANDWA,312,289,0,0.0,0.0,0.0,87.10034602076125,0.0,25.0,v1.0,2026-09-02T02:01:25.287339
MP_000266,PARMAR JASHVANTSINH SALAMSINH (2024-30) (2024-2030),RAJYA_SABHA,GUJARAT,ELECTED MP,371,287,0,0.0,0.0,0.0,98.62717770034843,0.0,25.0,v1.0,2026-09-02T02:01:25.287339
MP_000267,G.C. CHANDRASHEKHAR (2024-30) (2024-2030),RAJYA_SABHA,KARNATAKA,ELECTED MP,200,122,0,0.0,0.0,0.0,164.4016393442623,0.0,25.0,v1.0,2026-09-02T02:01:25.287339
MP_000268,DHARMASTHALA VEERENDRA HEGGADE (2022-28) (2022-2028),RAJYA_SABHA,KARNATAKA,NOMINATED MP,474,452,0,0.0,0.0,0.0,309.7146017699115,0.0,25.0,v1.0,2026-09-02T02:01:25.287339
MP_000269,RAVI SHANKAR PRASAD,LOK_SABHA,BIHAR,PATNA SAHIB,85,72,0,0.0,0.0,0.0,40.263888888888886,0.0,25.0,v1.0,2026-09-02T02:01:25.287339
MP_000270,P. P. SUNEER (2024-30) (2024-2030),RAJYA_SABHA,KERALA,ELECTED MP,88,46,0,0.0,0.0,0.0,225.47826086956522,0.0,25.0,v1.0,2026-09-02T02:01:25.287339
MP_000271,DILIP SAIKIA,LOK_SABHA,ASSAM,DARRANG-UDALGURI,230,155,0,0.0,0.0,0.0,199.21935483870968,0.0,25.0,v1.0,2026-09-02T02:01:25.287339
MP_000272,HARENDRA SINGH MALIK,LOK_SABHA,UTTAR PRADESH,MUZAFFARNAGAR,221,121,0,0.0,0.0,0.0,170.31404958677686,0.0,25.0,v1.0,2026-09-02T02:01:25.287339
MP_000273,PANKAJ CHOWDHARY,LOK_SABHA,UTTAR PRADESH,MAHARAJGANJ_UP,49,49,0,0.0,0.0,0.0,45.08163265306123,0.0,25.0,v1.0,2026-09-02T02:01:25.287339
MP_000274,SUDHA R,LOK_SABHA,TAMIL NADU,MAYILADUTHURAI,149,86,0,0.0,0.0,0.0,111.97674418604652,0.0,25.0,v1.0,2026-09-02T02:01:25.287339
MP_000275,AMRARAM,LOK_SABHA,RAJASTHAN,SIKAR,171,144,0,0.0,0.0,0.0,83.38888888888889,0.0,25.0,v1.0,2026-09-02T02:01:25.287339
MP_000276,SURESH GOPI,LOK_SABHA,KERALA,THRISSUR,90,63,0,0.0,0.0,0.0,188.42857142857142,0.0,25.0,v1.0,2026-09-02T02:01:25.287339
MP_000277,PRAVEEN KHANDELWAL,LOK_SABHA,DELHI,CHANDINI CHOWK,69,60,0,0.0,0.0,0.0,96.41666666666667,0.0,25.0,v1.0,2026-09-02T02:01:25.287339
MP_000278,NARAYAN TATU RANE,LOK_SABHA,MAHARASHTRA,RATNAGIRI-SINDHUDURG,94,66,0,0.0,0.0,0.0,173.27272727272728,0.0,25.0,v1.0,2026-09-02T02:01:25.287339
MP_000279,GURMEET SINGH MEET HAYER,LOK_SABHA,PUNJAB,SANGRUR,388,304,0,0.0,0.0,0.0,53.66776315789474,0.0,25.0,v1.0,2026-09-02T02:01:25.287339
MP_000280,BABU SINGH KUSHWAHA,LOK_SABHA,UTTAR PRADESH,JAUNPUR,686,679,0,0.0,0.0,0.0,76.92930780559647,0.0,25.0,v1.0,2026-09-02T02:01:25.287339
MP_000281,KUMBAKUDI SUDHAKARAN,LOK_SABHA,KERALA,KANNUR,293,164,0,0.0,0.0,0.0,254.9512195121951,0.0,25.0,v1.0,2026-09-02T02:01:25.287339
MP_000282,DEEPENDER SINGH HOODA,LOK_SABHA,HARYANA,ROHTAK,177,135,0,0.0,0.0,0.0,119.62222222222222,0.0,25.0,v1.0,2026-09-02T02:01:25.287339
MP_000283,MR GOPAL JEE THAKUR,LOK_SABHA,BIHAR,DARBHANGA,179,170,0,0.0,0.0,0.0,96.14117647058823,0.0,25.0,v1.0,2026-09-02T02:01:25.287339
MP_000284,ANIL FIROJIYA,LOK_SABHA,MADHYA PRADESH,UJJAIN(SC),248,244,0,0.0,0.0,0.0,64.22540983606558,0.0,25.0,v1.0,2026-09-02T02:01:25.287339
MP_000285,SUPRIYA SADANAND SULE,LOK_SABHA,MAHARASHTRA,BARAMATI,126,35,0,0.0,0.0,0.0,357.14285714285717,0.0,25.0,v1.0,2026-09-02T02:01:25.287339
MP_000286,GAJENDRA SINGH SHEKHAWAT,LOK_SABHA,RAJASTHAN,JODHPUR,33,2,0,0.0,0.0,0.0,25.0,0.0,25.0,v1.0,2026-09-02T02:01:25.287339
MP_000287,NEERAJ SHEKHAR (2020-26) (2020-2026),RAJYA_SABHA,UTTAR PRADESH,ELECTED MP,327,93,0,0.0,0.0,0.0,185.8494623655914,0.0,25.0,v1.0,2026-09-02T02:01:25.287339
MP_000288,MITHLESH KUMAR (2022-28) (2022-2028),RAJYA_SABHA,UTTAR PRADESH,ELECTED MP,204,200,0,0.0,0.0,0.0,52.44,0.0,25.0,v1.0,2026-09-02T02:01:25.287339
MP_000289,ANOOP PRADHAN BALMIKI,LOK_SABHA,UTTAR PRADESH,HATHRAS (SC),106,106,0,0.0,0.0,0.0,18.11320754716981,0.0,25.0,v1.0,2026-09-02T02:01:25.287339
MP_000290,TARIQ ANWAR,LOK_SABHA,BIHAR,KATIHAR,86,84,0,0.0,0.0,0.0,171.8452380952381,0.0,25.0,v1.0,2026-09-02T02:01:25.287339
MP_000291,JASHUBHAI BHILUBHAI RATHVA,LOK_SABHA,GUJARAT,CHHOTA UDAIPUR(ST),453,340,0,0.0,0.0,0.0,85.79117647058824,0.0,25.0,v1.0,2026-09-02T02:01:25.287339
MP_000292,AMAR SHARADRAO KALE,LOK_SABHA,MAHARASHTRA,WARDHA,108,54,0,0.0,0.0,0.0,203.74074074074073,0.0,25.0,v1.0,2026-09-02T02:01:25.287339
MP_000293,AVIMANYU SETHI,LOK_SABHA,ODISHA,BHADRAK(SC),278,219,0,0.0,0.0,0.0,132.29223744292239,0.0,25.0,v1.0,2026-09-02T02:01:25.287339
MP_000294,KANAD PURKAYASTHA (2025-31) (2025-2031),RAJYA_SABHA,ASSAM,ELECTED MP,50,27,0,0.0,0.0,0.0,79.4074074074074,0.0,25.0,v1.0,2026-09-02T02:01:25.287339
MP_000295,SMT. JAYA AMITABH BACHCHAN (2024-30) (2024-2030),RAJYA_SABHA,UTTAR PRADESH,ELECTED MP,23,18,0,0.0,0.0,0.0,64.72222222222223,0.0,25.0,v1.0,2026-09-02T02:01:25.287339
MP_000296,RAJABHAU,LOK_SABHA,MAHARASHTRA,NASHIK,110,78,0,0.0,0.0,0.0,114.61538461538461,0.0,25.0,v1.0,2026-09-02T02:01:25.287339
MP_000297,TRIVENDRA SINGH RAWAT,LOK_SABHA,UTTARAKHAND,HARDWAR,44,28,0,0.0,0.0,0.0,94.92857142857143,0.0,25.0,v1.0,2026-09-02T02:01:25.287339
MP_000298,KALI CHARAN MUNDA,LOK_SABHA,JHARKHAND,KHUNTI(ST),305,165,0,0.0,0.0,0.0,68.53333333333333,0.0,25.0,v1.0,2026-09-02T02:01:25.287339
MP_000299,AJENDRA SINGH LODHI,LOK_SABHA,UTTAR PRADESH,HAMIRPUR_UP,191,109,0,0.0,0.0,0.0,231.4954128440367,0.0,25.0,v1.0,2026-09-02T02:01:25.287339
MP_000300,JAVED ALI KHAN (2022-28) (2022-2028),RAJYA_SABHA,UTTAR PRADESH,ELECTED MP,193,178,0,0.0,0.0,0.0,54.550561797752806,0.0,25.0,v1.0,2026-09-02T02:01:25.287339
MP_000301,AGA SYED RUHULLAH MEHDI,LOK_SABHA,JAMMU AND KASHMIR,SRINAGAR,199,149,0,0.0,0.0,0.0,73.20805369127517,0.0,25.0,v1.0,2026-09-02T02:01:25.287339
MP_000302,PRABHAKAR REDDY VEMIREDDY,LOK_SABHA,ANDHRA PRADESH,NELLORE(SC),156,156,0,0.0,0.0,0.0,27.884615384615383,0.0,25.0,v1.0,2026-09-02T02:01:25.287339
MP_000303,MANNA LAL RAWAT,LOK_SABHA,RAJASTHAN,UDAIPUR(ST),207,136,0,0.0,0.0,0.0,114.08823529411765,0.0,25.0,v1.0,2026-09-02T02:01:25.287339
MP_000304,GURJEET SINGH AUJLA,LOK_SABHA,PUNJAB,AMRITSAR,281,219,0,0.0,0.0,0.0,43.95890410958904,0.0,25.0,v1.0,2026-09-02T02:01:25.287339
MP_000305,RAMESH CHANDAPPA JIGAJINAGI,LOK_SABHA,KARNATAKA,BIJAPUR(SC),361,123,0,0.0,0.0,0.0,264.9593495934959,0.0,25.0,v1.0,2026-09-02T02:01:25.287339
MP_000306,BHARAT SINGH KUSHWAH,LOK_SABHA,MADHYA PRADESH,GWALIOR,116,53,0,0.0,0.0,0.0,62.132075471698116,0.0,25.0,v1.0,2026-09-02T02:01:25.287339
MP_000307,S. KALYANASUNDARAM (2022-28) (2022-2028),RAJYA_SABHA,TAMIL NADU,ELECTED MP,185,157,0,0.0,0.0,0.0,71.81528662420382,0.0,25.0,v1.0,2026-09-02T02:01:25.287339
MP_000308,TAPIR GAO,LOK_SABHA,ARUNACHAL PRADESH,ARUNACHAL EAST,167,110,0,0.0,0.0,0.0,106.26363636363637,0.0,25.0,v1.0,2026-09-02T02:01:25.287339
MP_000309,SHASHANK MANI,LOK_SABHA,UTTAR PRADESH,DEORIA,126,84,0,0.0,0.0,0.0,103.78571428571429,0.0,25.0,v1.0,2026-09-02T02:01:25.287339
MP_000310,INDRA HANG SUBBA,LOK_SABHA,SIKKIM,SIKKIM,127,62,0,0.0,0.0,0.0,91.41935483870968,0.0,25.0,v1.0,2026-09-02T02:01:25.287339
MP_000311,M. MALLESH BABU,LOK_SABHA,KARNATAKA,KOLAR(SC),76,73,0,0.0,0.0,0.0,223.0,0.0,25.0,v1.0,2026-09-02T02:01:25.287339
MP_000312,VISHNU DUTT SHARMA,LOK_SABHA,MADHYA PRADESH,KHAJURAHO,135,36,0,0.0,0.0,0.0,56.05555555555556,0.0,25.0,v1.0,2026-09-02T02:01:25.287339
MP_000313,HANUMAN BENIWAL,LOK_SABHA,RAJASTHAN,NAGAUR,250,237,0,0.0,0.0,0.0,95.76371308016877,0.0,25.0,v1.0,2026-09-02T02:01:25.287339
MP_000314,SANJAY KUMAR JHA (2024-30) (2024-2030),RAJYA_SABHA,BIHAR,ELECTED MP,6,5,0,0.0,0.0,0.0,64.4,0.0,25.0,v1.0,2026-09-02T02:01:25.287339
MP_000315,S VENKATESAN,LOK_SABHA,TAMIL NADU,MADURAI,127,105,0,0.0,0.0,0.0,189.1904761904762,0.0,25.0,v1.0,2026-09-02T02:01:25.287339
MP_000316,B.L. VERMA (2020-26) (2020-2026),RAJYA_SABHA,UTTAR PRADESH,ELECTED MP,414,409,0,0.0,0.0,0.0,80.33007334963325,0.0,25.0,v1.0,2026-09-02T02:01:25.287339
MP_000317,RADHA MOHAN DAS AGRAWAL (2022-28) (2022-2028),RAJYA_SABHA,UTTAR PRADESH,ELECTED MP,45,44,0,0.0,0.0,0.0,18.545454545454547,0.0,25.0,v1.0,2026-09-02T02:01:25.287339
MP_000318,RAVINDRA DATTARAM WAIKAR,LOK_SABHA,MAHARASHTRA,MUMBAI NORTH WEST,67,46,0,0.0,0.0,0.0,223.8695652173913,0.0,25.0,v1.0,2026-09-02T02:01:25.287339
MP_000319,ANANTA NAYAK,LOK_SABHA,ODISHA,KEONJHAR(ST),340,188,0,0.0,0.0,0.0,197.38829787234042,0.0,25.0,v1.0,2026-09-02T02:01:25.287339
MP_000320,VISHNU DAYAL RAM,LOK_SABHA,JHARKHAND,PALAMU(SC),271,252,0,0.0,0.0,0.0,53.29365079365079,0.0,25.0,v1.0,2026-09-02T02:01:25.287339
MP_000321,RAJKUMAR CHAHAR,LOK_SABHA,UTTAR PRADESH,FATEHPUR SIKRI,50,50,0,0.0,0.0,0.0,49.62,0.0,25.0,v1.0,2026-09-02T02:01:25.287339
MP_000322,GOPINATH K,LOK_SABHA,TAMIL NADU,KRISHNAGIRI,96,84,0,0.0,0.0,0.0,123.44047619047619,0.0,25.0,v1.0,2026-09-02T02:01:25.287339
MP_000323,PARVATAGOUDA CHANDANAGOUDA GADDIGOUDAR,LOK_SABHA,KARNATAKA,BAGALKOT,225,169,0,0.0,0.0,0.0,134.0887573964497,0.0,25.0,v1.0,2026-09-02T02:01:25.287339
MP_000324,SANJAY HARIBHAU JADHAV,LOK_SABHA,MAHARASHTRA,PARBHANI,84,64,0,0.0,0.0,0.0,67.984375,0.0,25.0,v1.0,2026-09-02T02:01:25.287339
MP_000325,MANOHAR LAL,LOK_SABHA,HARYANA,KARNAL,19,19,0,0.0,0.0,0.0,47.78947368421053,0.0,25.0,v1.0,2026-09-02T02:01:25.287339
MP_000326,JYOTSNA CHARANDAS MAHANT,LOK_SABHA,CHHATTISGARH,KORBA,310,298,0,0.0,0.0,0.0,53.15436241610738,0.0,25.0,v1.0,2026-09-02T02:01:25.287339
MP_000327,SMT. RENUKA CHOWDHURY (2024-30) (2024-2030),RAJYA_SABHA,TELANGANA,ELECTED MP,105,68,0,0.0,0.0,0.0,136.63235294117646,0.0,25.0,v1.0,2026-09-02T02:01:25.287339
MP_000328,GAURAV GOGOI,LOK_SABHA,ASSAM,JORHAT,467,336,0,0.0,0.0,0.0,211.00595238095238,0.0,25.0,v1.0,2026-09-02T02:01:25.287339
MP_000329,JAI PRAKASH,LOK_SABHA,UTTAR PRADESH,HARDOI (SC),24,23,0,0.0,0.0,0.0,62.56521739130435,0.0,25.0,v1.0,2026-09-02T02:01:25.287339
MP_000330,V S MATHESWARAN,LOK_SABHA,TAMIL NADU,NAMAKKAL,205,200,0,0.0,0.0,0.0,46.87,0.0,25.0,v1.0,2026-09-02T02:01:25.287339
MP_000331,JYOTIRMAY SINGH MAHATO,LOK_SABHA,WEST BENGAL,PURULIA,107,79,0,0.0,0.0,0.0,73.21518987341773,0.0,25.0,v1.0,2026-09-02T02:01:25.287339
MP_000332,JITENDRA SINGH,LOK_SABHA,JAMMU AND KASHMIR,UDHAMPUR,326,308,0,0.0,0.0,0.0,75.42532467532467,0.0,25.0,v1.0,2026-09-02T02:01:25.287339
MP_000333,AJAY TAMTA,LOK_SABHA,UTTARAKHAND,ALMORA(SC),148,88,0,0.0,0.0,0.0,72.2840909090909,0.0,25.0,v1.0,2026-09-02T02:01:25.287339
MP_000334,RAJPALSINH MAHENDRASINH JADAV,LOK_SABHA,GUJARAT,PANCHMAHAL,539,394,0,0.0,0.0,0.0,118.61675126903553,0.0,25.0,v1.0,2026-09-02T02:01:25.287339
MP_000335,DEVUSINH JESINGBHAI CHAUHAN,LOK_SABHA,GUJARAT,KHEDA,588,404,0,0.0,0.0,0.0,103.68316831683168,0.0,25.0,v1.0,2026-09-02T02:01:25.287339
MP_000336,RANI SRI KUMAR,LOK_SABHA,TAMIL NADU,TENKASI(SC),160,124,0,0.0,0.0,0.0,135.58870967741936,0.0,25.0,v1.0,2026-09-02T02:01:25.287339
MP_000337,GAIKWAD VARSHA EKNATH,LOK_SABHA,MAHARASHTRA,MUMBAI NORTH-CENTRAL,57,57,0,0.0,0.0,0.0,202.3684210526316,0.0,25.0,v1.0,2026-09-02T02:01:25.287339
MP_000338,SMT. SANGEETA YADAV (2022-28) (2022-2028),RAJYA_SABHA,UTTAR PRADESH,ELECTED MP,121,61,0,0.0,0.0,0.0,61.36065573770492,0.0,25.0,v1.0,2026-09-02T02:01:25.287339
MP_000339,ANAND BHADAURIYA,LOK_SABHA,UTTAR PRADESH,DHAURAHRA,177,175,0,0.0,0.0,0.0,44.48,0.0,25.0,v1.0,2026-09-02T02:01:25.287339
MP_000340,KINJARAPU RAM MOHAN NAIDU,LOK_SABHA,ANDHRA PRADESH,SRIKAKULAM,215,189,0,0.0,0.0,0.0,46.957671957671955,0.0,25.0,v1.0,2026-09-02T02:01:25.287339
MP_000341,KHIRU MAHTO (2022-28) (2022-2028),RAJYA_SABHA,BIHAR,ELECTED MP,177,177,0,0.0,0.0,0.0,38.77401129943503,0.0,25.0,v1.0,2026-09-02T02:01:25.287339
MP_000342,RAJ KUMAR CHABBEWAL,LOK_SABHA,PUNJAB,HOSHIARPUR(SC),286,260,0,0.0,0.0,0.0,30.657692307692308,0.0,25.0,v1.0,2026-09-02T02:01:25.287339
MP_000343,MIDHUN REDDY,LOK_SABHA,ANDHRA PRADESH,RAJAMPET,489,452,0,0.0,0.0,0.0,37.02654867256637,0.0,25.0,v1.0,2026-09-02T02:01:25.287339
MP_000344,PRADYUT BORDOLOI,LOK_SABHA,ASSAM,NOWGONG,215,176,0,0.0,0.0,0.0,171.7215909090909,0.0,25.0,v1.0,2026-09-02T02:01:25.287339
MP_000345,M K RAGHAVAN,LOK_SABHA,KERALA,KOZHIKODE,268,81,0,0.0,0.0,0.0,334.22222222222223,0.0,25.0,v1.0,2026-09-02T02:01:25.287339
MP_000346,ALOK KUMAR SUMAN,LOK_SABHA,BIHAR,GOPALGANJ (SC),155,85,0,0.0,0.0,0.0,145.7058823529412,0.0,25.0,v1.0,2026-09-02T02:01:25.287339
MP_000347,CHHATRA PAL SINGH GANGWAR,LOK_SABHA,UTTAR PRADESH,BAREILLY,184,145,0,0.0,0.0,0.0,17.06206896551724,0.0,25.0,v1.0,2026-09-02T02:01:25.287339
MP_000348,SAYANI GHOSH,LOK_SABHA,WEST BENGAL,JADAVPUR,215,209,0,0.0,0.0,0.0,89.14832535885168,0.0,25.0,v1.0,2026-09-02T02:01:25.287339
MP_000349,HARSH MALHOTRA,LOK_SABHA,DELHI,EAST DELHI,113,109,0,0.0,0.0,0.0,83.45871559633028,0.0,25.0,v1.0,2026-09-02T02:01:25.287339
MP_000350,MALVINDER SINGH KANG,LOK_SABHA,PUNJAB,ANANDPUR SAHIB,371,332,0,0.0,0.0,0.0,45.9277108433735,0.0,25.0,v1.0,2026-09-02T02:01:25.287339
MP_000351,VAITHILINGAM VE,LOK_SABHA,PUDUCHERRY,PUDUCHERRY,75,27,0,0.0,0.0,0.0,233.40740740740742,0.0,25.0,v1.0,2026-09-02T02:01:25.287339
MP_000352,MURASOLI S,LOK_SABHA,TAMIL NADU,THANJAVUR,88,77,0,0.0,0.0,0.0,90.27272727272727,0.0,25.0,v1.0,2026-09-02T02:01:25.287339
MP_000353,HIMADRI SINGH,LOK_SABHA,MADHYA PRADESH,SHAHDOL (ST),168,142,0,0.0,0.0,0.0,86.03521126760563,0.0,25.0,v1.0,2026-09-02T02:01:25.287339
MP_000354,DHARMENDRA PRADHAN,LOK_SABHA,ODISHA,SAMBALPUR,115,111,0,0.0,0.0,0.0,64.88288288288288,0.0,25.0,v1.0,2026-09-02T02:01:25.287339
MP_000355,SMT. RANJEET RANJAN (2022-28) (2022-2028),RAJYA_SABHA,CHHATTISGARH,ELECTED MP,279,246,0,0.0,0.0,0.0,67.80081300813008,0.0,25.0,v1.0,2026-09-02T02:01:25.287339
MP_000356,SANTOSH PANDEY,LOK_SABHA,CHHATTISGARH,RAJNANDGAON,177,171,0,0.0,0.0,0.0,32.87719298245614,0.0,25.0,v1.0,2026-09-02T02:01:25.287339
MP_000357,RAVINDRA VASANTRAO CHAVAN,LOK_SABHA,MAHARASHTRA,NANDED,141,51,0,0.0,0.0,0.0,242.49019607843138,0.0,25.0,v1.0,2026-09-02T02:01:25.287339
MP_000358,SMT. S. PHANGNON KONYAK (2022-28) (2022-2028),RAJYA_SABHA,NAGALAND,ELECTED MP,77,74,0,0.0,0.0,0.0,55.17567567567568,0.0,25.0,v1.0,2026-09-02T02:01:25.287339
MP_000359,SUJEET KUMAR (2026-32) (2026-2032),RAJYA_SABHA,ODISHA,ELECTED MP,35,17,0,0.0,0.0,0.0,21.470588235294116,0.0,25.0,v1.0,2026-09-02T02:01:25.287339
MP_000360,ARUNA. D. K,LOK_SABHA,TELANGANA,MAHABUBNAGAR,321,289,0,0.0,0.0,0.0,67.94117647058823,0.0,25.0,v1.0,2026-09-02T02:01:25.287339
MP_000361,BHAGIRATH CHAUDHARY,LOK_SABHA,RAJASTHAN,AJMER,155,117,0,0.0,0.0,0.0,116.87179487179488,0.0,25.0,v1.0,2026-09-02T02:01:25.287339
MP_000362,RANDEEP SINGH SURJEWALA (2022-28) (2022-2028),RAJYA_SABHA,RAJASTHAN,ELECTED MP,146,105,0,0.0,0.0,0.0,88.2,0.0,25.0,v1.0,2026-09-02T02:01:25.287339
MP_000363,SHAFI PARAMBIL,LOK_SABHA,KERALA,VADAKARA,243,123,0,0.0,0.0,0.0,275.8617886178862,0.0,25.0,v1.0,2026-09-02T02:01:25.287339
MP_000364,SATISH KUMAR GAUTAM,LOK_SABHA,UTTAR PRADESH,ALIGARH,76,76,0,0.0,0.0,0.0,25.407894736842106,0.0,25.0,v1.0,2026-09-02T02:01:25.287339
MP_000365,RAMJI LAL SUMAN (2024-30) (2024-2030),RAJYA_SABHA,UTTAR PRADESH,ELECTED MP,64,64,0,0.0,0.0,0.0,52.265625,0.0,25.0,v1.0,2026-09-02T02:01:25.287339
MP_000366,MITESH RAMESHBHAI BAKABHAI PATEL,LOK_SABHA,GUJARAT,ANAND,527,489,0,0.0,0.0,0.0,60.537832310838446,0.0,25.0,v1.0,2026-09-02T02:01:25.287339
MP_000367,BAG MITALI,LOK_SABHA,WEST BENGAL,ARAMBAG(SC),187,159,0,0.0,0.0,0.0,103.0754716981132,0.0,25.0,v1.0,2026-09-02T02:01:25.287339
MP_000368,SMT. SEEMA DWIVEDI (2020-26) (2020-2026),RAJYA_SABHA,UTTAR PRADESH,ELECTED MP,408,316,0,0.0,0.0,0.0,62.90506329113924,0.0,25.0,v1.0,2026-09-02T02:01:25.287339
MP_000369,KAMLESH JANGDE,LOK_SABHA,CHHATTISGARH,JANJGIR CHAMPA(SC),344,344,0,0.0,0.0,0.0,72.52616279069767,0.0,25.0,v1.0,2026-09-02T02:01:25.287339
MP_000370,SMT. SUDHA MURTY (2024-30) (2024-2030),RAJYA_SABHA,KARNATAKA,NOMINATED MP,11,7,0,0.0,0.0,0.0,51.285714285714285,0.0,25.0,v1.0,2026-09-02T02:01:25.287339
MP_000371,SANDEEP KUMAR PATHAK (2022-28) (2022-2028),RAJYA_SABHA,PUNJAB,ELECTED MP,277,273,0,0.0,0.0,0.0,13.446886446886447,0.0,25.0,v1.0,2026-09-02T02:01:25.287339
MP_000372,SURENDRA PRASAD YADAV,LOK_SABHA,BIHAR,JAHANABAD,302,265,0,0.0,0.0,0.0,116.36603773584906,0.0,25.0,v1.0,2026-09-02T02:01:25.287339
MP_000373,NARAYAN DAS AHIRWAR,LOK_SABHA,UTTAR PRADESH,JALAUN(SC),367,193,0,0.0,0.0,0.0,193.02072538860102,0.0,25.0,v1.0,2026-09-02T02:01:25.287339
MP_000374,K. LAXMAN (2022-28) (2022-2028),RAJYA_SABHA,UTTAR PRADESH,ELECTED MP,323,308,0,0.0,0.0,0.0,83.98701298701299,0.0,25.0,v1.0,2026-09-02T02:01:25.287339
MP_000375,SANT BALBIR SINGH (2022-28) (2022-2028),RAJYA_SABHA,PUNJAB,ELECTED MP,371,323,0,0.0,0.0,0.0,54.65015479876161,0.0,25.0,v1.0,2026-09-02T02:01:25.287339
MP_000376,KARTIKEYA SHARMA (2022-28) (2022-2028),RAJYA_SABHA,HARYANA,ELECTED MP,62,41,0,0.0,0.0,0.0,60.02439024390244,0.0,25.0,v1.0,2026-09-02T02:01:25.287339
MP_000377,SARFRAZ AHMAD (2024-30) (2024-2030),RAJYA_SABHA,JHARKHAND,ELECTED MP,359,231,0,0.0,0.0,0.0,69.85281385281385,0.0,25.0,v1.0,2026-09-02T02:01:25.287339
MP_000378,RAVI CHANDRA VADDIRAJU (2024-30) (2024-2030),RAJYA_SABHA,TELANGANA,ELECTED MP,276,212,0,0.0,0.0,0.0,164.83962264150944,0.0,25.0,v1.0,2026-09-02T02:01:25.287339
MP_000379,DEAN KURIAKOSE,LOK_SABHA,KERALA,IDUKKI,189,141,0,0.0,0.0,0.0,160.87234042553192,0.0,25.0,v1.0,2026-09-02T02:01:25.287339
MP_000380,S. SELVAGANABATHY (2021-27) (2021-2027),RAJYA_SABHA,PUDUCHERRY,ELECTED MP,102,59,0,0.0,0.0,0.0,227.67796610169492,0.0,25.0,v1.0,2026-09-02T02:01:25.287339
MP_000381,KAMAKHYA PRASAD TASA,LOK_SABHA,ASSAM,KAZIRANGA,88,59,0,0.0,0.0,0.0,159.135593220339,0.0,25.0,v1.0,2026-09-02T02:01:25.287339
MP_000382,SANATAN PANDEY,LOK_SABHA,UTTAR PRADESH,BALLIA,355,242,0,0.0,0.0,0.0,190.47107438016528,0.0,25.0,v1.0,2026-09-02T02:01:25.287339
MP_000383,VINOD KUMAR BIND,LOK_SABHA,UTTAR PRADESH,BHADOHI,544,543,0,0.0,0.0,0.0,70.06077348066299,0.0,25.0,v1.0,2026-09-02T02:01:25.287339
MP_000384,S. JAGATHRAKSHAKAN,LOK_SABHA,TAMIL NADU,ARAKKONAM,164,68,0,0.0,0.0,0.0,203.91176470588235,0.0,25.0,v1.0,2026-09-02T02:01:25.287339
MP_000385,KALANIDHI VEERASWAMY,LOK_SABHA,TAMIL NADU,CHENNAI NORTH,100,60,0,0.0,0.0,0.0,134.16666666666666,0.0,25.0,v1.0,2026-09-02T02:01:25.287339
MP_000386,SHAMBHU SHARAN PATEL (2022-28) (2022-2028),RAJYA_SABHA,BIHAR,ELECTED MP,308,281,0,0.0,0.0,0.0,62.08540925266904,0.0,25.0,v1.0,2026-09-02T02:01:25.287339
MP_000387,PRADEEP KUMAR PANIGRAHY,LOK_SABHA,ODISHA,BERHAMPUR,111,15,0,0.0,0.0,0.0,92.53333333333333,0.0,25.0,v1.0,2026-09-02T02:01:25.287339
MP_000388,KHAGEN MURMU,LOK_SABHA,WEST BENGAL,MALDAHA UTTAR,38,13,0,0.0,0.0,0.0,106.76923076923077,0.0,25.0,v1.0,2026-09-02T02:01:25.287339
MP_000389,IMRAN PRATAPGARHI (2022-28) (2022-2028),RAJYA_SABHA,MAHARASHTRA,ELECTED MP,108,82,0,0.0,0.0,0.0,143.76829268292684,0.0,25.0,v1.0,2026-09-02T02:01:25.287339
MP_000390,BALABHADRA MAJHI,LOK_SABHA,ODISHA,NABARANGPUR(ST),220,205,0,0.0,0.0,0.0,120.3170731707317,0.0,25.0,v1.0,2026-09-02T02:01:25.287339
MP_000391,SANJAY SETH (2024-30) (2024-2030),RAJYA_SABHA,UTTAR PRADESH,ELECTED MP,59,49,0,0.0,0.0,0.0,118.22448979591837,0.0,25.0,v1.0,2026-09-02T02:01:25.287339
MP_000392,JAIRAM RAMESH (2022-28) (2022-2028),RAJYA_SABHA,KARNATAKA,ELECTED MP,127,75,0,0.0,0.0,0.0,304.5466666666667,0.0,25.0,v1.0,2026-09-02T02:01:25.287339
MP_000393,AMOL RAMSING KOLHE,LOK_SABHA,MAHARASHTRA,SHIRUR,111,28,0,0.0,0.0,0.0,257.17857142857144,0.0,25.0,v1.0,2026-09-02T02:01:25.287339
MP_000394,SUKHDEO BHAGAT,LOK_SABHA,JHARKHAND,LOHARDAGA(ST),284,269,0,0.0,0.0,0.0,36.07063197026022,0.0,25.0,v1.0,2026-09-02T02:01:25.287339
MP_000395,DARSHAN SINGH CHOUDHARY,LOK_SABHA,MADHYA PRADESH,HOSHANGABAD,459,318,0,0.0,0.0,0.0,133.94654088050314,0.0,25.0,v1.0,2026-09-02T02:01:25.287339
MP_000396,JASWANTSINH SUMANBHAI BHABHOR,LOK_SABHA,GUJARAT,DAHOD(ST),414,275,0,0.0,0.0,0.0,234.0909090909091,0.0,25.0,v1.0,2026-09-02T02:01:25.287339
MP_000397,KISHORI LAL,LOK_SABHA,UTTAR PRADESH,AMETHI,51,47,0,0.0,0.0,0.0,117.0,0.0,25.0,v1.0,2026-09-02T02:01:25.287339
MP_000398,BHOJRAJ NAG,LOK_SABHA,CHHATTISGARH,KANKER(ST),88,73,0,0.0,0.0,0.0,117.6027397260274,0.0,25.0,v1.0,2026-09-02T02:01:25.287339
MP_000399,BHARATSINHJI SHANKARJI DABHI,LOK_SABHA,GUJARAT,PATAN,334,271,0,0.0,0.0,0.0,78.68265682656826,0.0,25.0,v1.0,2026-09-02T02:01:25.287339
MP_000400,LAXMIKANT PAPPU NISHAD,LOK_SABHA,UTTAR PRADESH,SANT KABIR NAGAR,505,349,0,0.0,0.0,0.0,110.41833810888252,0.0,25.0,v1.0,2026-09-02T02:01:25.287339
MP_000401,DAROGA PRASAD SAROJ,LOK_SABHA,UTTAR PRADESH,LALGANJ (SC),294,289,0,0.0,0.0,0.0,98.52595155709342,0.0,25.0,v1.0,2026-09-02T02:01:25.287339
MP_000402,CHANDAN CHAUHAN,LOK_SABHA,UTTAR PRADESH,BIJNOR,116,109,0,0.0,0.0,0.0,154.55045871559633,0.0,25.0,v1.0,2026-09-02T02:01:25.287339
MP_000403,HARIS BEERAN (2024-30) (2024-2030),RAJYA_SABHA,KERALA,ELECTED MP,216,91,0,0.0,0.0,0.0,215.69230769230768,0.0,25.0,v1.0,2026-09-02T02:01:25.287339
MP_000404,BIBHU PRASAD TARAI,LOK_SABHA,ODISHA,JAGATSINGHPUR(SC),338,184,0,0.0,0.0,0.0,114.1086956521739,0.0,25.0,v1.0,2026-09-02T02:01:25.287339
MP_000405,ABHIJIT GANGOPADHYAY,LOK_SABHA,WEST BENGAL,TAMLUK,265,215,0,0.0,0.0,0.0,85.10232558139535,0.0,25.0,v1.0,2026-09-02T02:01:25.287339
MP_000406,ESWARASAMY K,LOK_SABHA,TAMIL NADU,POLLACHI,81,60,0,0.0,0.0,0.0,175.03333333333333,0.0,25.0,v1.0,2026-09-02T02:01:25.287339
MP_000407,GOVINDBHAI LALJIBHAI DHOLAKIA (2024-30) (2024-2030),RAJYA_SABHA,GUJARAT,ELECTED MP,122,109,0,0.0,0.0,0.0,113.88073394495413,0.0,25.0,v1.0,2026-09-02T02:01:25.287339
MP_000408,KARAN BHUSHAN SINGH,LOK_SABHA,UTTAR PRADESH,KAISERGANJ,108,73,0,0.0,0.0,0.0,42.75342465753425,0.0,25.0,v1.0,2026-09-02T02:01:25.287339
MP_000409,KALGE SHIVAJI BANDAPPA,LOK_SABHA,MAHARASHTRA,LATUR(SC),117,36,0,0.0,0.0,0.0,367.6111111111111,0.0,25.0,v1.0,2026-09-02T02:01:25.287339
MP_000410,ROOP KUMARI CHOUDHARY,LOK_SABHA,CHHATTISGARH,MAHASAMUND,179,164,0,0.0,0.0,0.0,65.36585365853658,0.0,25.0,v1.0,2026-09-02T02:01:25.287339
MP_000411,KALYAN BANERJEE,LOK_SABHA,WEST BENGAL,SREERAMPUR,120,118,0,0.0,0.0,0.0,57.54237288135593,0.0,25.0,v1.0,2026-09-02T02:01:25.287339
MP_000412,HEMANT VISHNU SAVARA,LOK_SABHA,MAHARASHTRA,PALGHAR(ST),85,15,0,0.0,0.0,0.0,306.6666666666667,0.0,25.0,v1.0,2026-09-02T02:01:25.287339
MP_000413,MADHAVANENI RAGHUNANDAN RAO,LOK_SABHA,TELANGANA,MEDAK,182,63,0,0.0,0.0,0.0,179.66666666666666,0.0,25.0,v1.0,2026-09-02T02:01:25.287339
MP_000414,CHUNNILAL GARASIYA (2024-30) (2024-2030),RAJYA_SABHA,RAJASTHAN,ELECTED MP,175,141,0,0.0,0.0,0.0,76.41843971631205,0.0,25.0,v1.0,2026-09-02T02:01:25.287339
MP_000415,MANAS RANJAN MANGARAJ (2022-28) (2022-2028),RAJYA_SABHA,ODISHA,ELECTED MP,128,64,0,0.0,0.0,0.0,152.234375,0.0,25.0,v1.0,2026-09-02T02:01:25.287339
MP_000416,RUCHI VIRA,LOK_SABHA,UTTAR PRADESH,MORADABAD,273,269,0,0.0,0.0,0.0,70.11895910780669,0.0,25.0,v1.0,2026-09-02T02:01:25.287339
MP_000417,MALA ROY,LOK_SABHA,WEST BENGAL,KOLKATA DAKSHIN,75,72,0,0.0,0.0,0.0,41.861111111111114,0.0,25.0,v1.0,2026-09-02T02:01:25.287339
MP_000418,DAMODAR RAO DIVAKONDA (2022-28) (2022-2028),RAJYA_SABHA,TELANGANA,ELECTED MP,295,259,0,0.0,0.0,0.0,148.77992277992277,0.0,25.0,v1.0,2026-09-02T02:01:25.287339
MP_000419,ABHISHEK BANERJEE,LOK_SABHA,WEST BENGAL,DIAMOND HARBOUR,320,315,0,0.0,0.0,0.0,88.98730158730159,0.0,25.0,v1.0,2026-09-02T02:01:25.287339
MP_000420,ADOOR PRAKASH,LOK_SABHA,KERALA,ATTINGAL,445,369,0,0.0,0.0,0.0,98.13550135501355,0.0,25.0,v1.0,2026-09-02T02:01:25.287339
MP_000421,K FRANCIS GEORGE,LOK_SABHA,KERALA,KOTTAYAM,350,174,0,0.0,0.0,0.0,158.57471264367817,0.0,25.0,v1.0,2026-09-02T02:01:25.287339
MP_000422,NARENDRA MODI,LOK_SABHA,UTTAR PRADESH,VARANASI,216,216,0,0.0,0.0,0.0,4.342592592592593,0.0,25.0,v1.0,2026-09-02T02:01:25.287339
MP_000423,P C MOHAN,LOK_SABHA,KARNATAKA,BANGALORE CENTRAL,19,10,0,0.0,0.0,0.0,30.7,0.0,25.0,v1.0,2026-09-02T02:01:25.287339
MP_000424,SURESH KUMAR SHETKAR,LOK_SABHA,TELANGANA,ZAHIRABAD,355,168,0,0.0,0.0,0.0,184.4404761904762,0.0,25.0,v1.0,2026-09-02T02:01:25.287339
MP_000425,PATHAN YUSUF,LOK_SABHA,WEST BENGAL,BAHARAMPUR,145,130,0,0.0,0.0,0.0,248.02307692307693,0.0,25.0,v1.0,2026-09-02T02:01:25.287339
MP_000426,SHIVRAJ SINGH CHOUHAN,LOK_SABHA,MADHYA PRADESH,VIDISHA,107,78,0,0.0,0.0,0.0,110.75641025641026,0.0,25.0,v1.0,2026-09-02T02:01:25.287339
MP_000427,CHHOTELAL,LOK_SABHA,UTTAR PRADESH,ROBERTSGANJ(SC),435,416,0,0.0,0.0,0.0,116.14663461538461,0.0,25.0,v1.0,2026-09-02T02:01:25.287339
MP_000428,ANITA SUBHADARSHINI,LOK_SABHA,ODISHA,ASKA,140,140,0,0.0,0.0,0.0,96.93571428571428,0.0,25.0,v1.0,2026-09-02T02:01:25.287339
MP_000429,SATABDI ROY (BANERJEE),LOK_SABHA,WEST BENGAL,BIRBHUM,95,95,0,0.0,0.0,0.0,87.13684210526316,0.0,25.0,v1.0,2026-09-02T02:01:25.287339
MP_000430,YADUVEER KRISHNADATTA CHAMARAJA WADIYAR,LOK_SABHA,KARNATAKA,MYSORE,182,121,0,0.0,0.0,0.0,208.74380165289256,0.0,25.0,v1.0,2026-09-02T02:01:25.287339
MP_000431,VIJAYLAKSHMI DEVI,LOK_SABHA,BIHAR,SIWAN,182,141,0,0.0,0.0,0.0,83.73049645390071,0.0,25.0,v1.0,2026-09-02T02:01:25.287339
MP_000432,RAHUL KASWAN,LOK_SABHA,RAJASTHAN,CHURU,251,109,0,0.0,0.0,0.0,64.77064220183486,0.0,25.0,v1.0,2026-09-02T02:01:25.287339
MP_000433,C N MANJUNATH,LOK_SABHA,KARNATAKA,BANGALORE RURAL,240,142,0,0.0,0.0,0.0,198.73239436619718,0.0,25.0,v1.0,2026-09-02T02:01:25.287339
MP_000434,SMT. PHULO DEVI NETAM (2026-32) (2026-2032),RAJYA_SABHA,CHHATTISGARH,ELECTED MP,81,61,0,0.0,0.0,0.0,60.31147540983606,0.0,25.0,v1.0,2026-09-02T02:01:25.287339
MP_000435,ROBERT BRUCE C,LOK_SABHA,TAMIL NADU,TIRUNELVELI,110,72,0,0.0,0.0,0.0,193.36111111111111,0.0,25.0,v1.0,2026-09-02T02:01:25.287339
MP_000436,MANOJ TIWARI,LOK_SABHA,DELHI,NORTH EAST DELHI,23,15,0,0.0,0.0,0.0,106.6,0.0,25.0,v1.0,2026-09-02T02:01:25.287339
MP_000437,MADDILA GURUMOORTHY,LOK_SABHA,ANDHRA PRADESH,TIRUPATI(SC),279,226,0,0.0,0.0,0.0,45.991150442477874,0.0,25.0,v1.0,2026-09-02T02:01:25.287339
MP_000438,RAMASAHAYAM RAGHURAM REDDY,LOK_SABHA,TELANGANA,KHAMMAM,212,202,0,0.0,0.0,0.0,114.86633663366337,0.0,25.0,v1.0,2026-09-02T02:01:25.287339
MP_000439,JITIN PRASADA,LOK_SABHA,UTTAR PRADESH,PILIBHIT,59,58,0,0.0,0.0,0.0,35.706896551724135,0.0,25.0,v1.0,2026-09-02T02:01:25.287339
MP_000440,L. MURUGAN (2024-30) (2024-2030),RAJYA_SABHA,MADHYA PRADESH,ELECTED MP,38,28,0,0.0,0.0,0.0,85.67857142857143,0.0,25.0,v1.0,2026-09-02T02:01:25.287339
MP_000441,SHASHI THAROOR,LOK_SABHA,KERALA,THIRUVANANTHAPURAM,114,113,0,0.0,0.0,0.0,43.11504424778761,0.0,25.0,v1.0,2026-09-02T02:01:25.287339
MP_000442,AKHILESH YADAV,LOK_SABHA,UTTAR PRADESH,KANNAUJ,244,112,0,0.0,0.0,0.0,182.99107142857142,0.0,25.0,v1.0,2026-09-02T02:01:25.287339
MP_000443,KADIYAM KAVYA,LOK_SABHA,TELANGANA,WARANGEL(SC),214,158,0,0.0,0.0,0.0,158.28481012658227,0.0,25.0,v1.0,2026-09-02T02:01:25.287339
MP_000444,BHASKAR MURLIDHAR BHAGARE,LOK_SABHA,MAHARASHTRA,DINDORI(ST),121,81,0,0.0,0.0,0.0,117.8641975308642,0.0,25.0,v1.0,2026-09-02T02:01:25.287339
MP_000445,JAGGESH (2022-28) (2022-2028),RAJYA_SABHA,KARNATAKA,ELECTED MP,208,178,0,0.0,0.0,0.0,249.79775280898878,0.0,25.0,v1.0,2026-09-02T02:01:25.287339
MP_000446,RAJESH RANJAN ALIAS PAPPU YADAV,LOK_SABHA,BIHAR,PURNEA,171,96,0,0.0,0.0,0.0,114.85416666666667,0.0,25.0,v1.0,2026-09-02T02:01:25.287339
MP_000447,CAPTAIN BRIJESH CHOWTA,LOK_SABHA,KARNATAKA,DAKSHINA KANNADA,206,167,0,0.0,0.0,0.0,89.20958083832335,0.0,25.0,v1.0,2026-09-02T02:01:25.287339
MP_000448,ARUN SINGH (2020-26) (2020-2026),RAJYA_SABHA,UTTAR PRADESH,ELECTED MP,111,100,0,0.0,0.0,0.0,130.62,0.0,25.0,v1.0,2026-09-02T02:01:25.287339
MP_000449,PRADEEP KUMAR SINGH,LOK_SABHA,BIHAR,ARARIA,86,86,0,0.0,0.0,0.0,46.7906976744186,0.0,25.0,v1.0,2026-09-02T02:01:25.287339
MP_000450,CHHATRAPATI SHAHU SHAHAJI,LOK_SABHA,MAHARASHTRA,KOLHAPUR,101,33,0,0.0,0.0,0.0,246.15151515151516,0.0,25.0,v1.0,2026-09-02T02:01:25.287339
MP_000451,SHRIMANT CHH UDAYANRAJE PRATAPSINHAMAHARAJ BHONSLE,LOK_SABHA,MAHARASHTRA,SATARA,134,125,0,0.0,0.0,0.0,82.064,0.0,25.0,v1.0,2026-09-02T02:01:25.287339
MP_000452,TEJVEER SINGH (2024-30) (2024-2030),RAJYA_SABHA,UTTAR PRADESH,ELECTED MP,86,85,0,0.0,0.0,0.0,47.35294117647059,0.0,25.0,v1.0,2026-09-02T02:01:25.287339
MP_000453,AWADHESH PRASAD,LOK_SABHA,UTTAR PRADESH,FAIZABAD,201,156,0,0.0,0.0,0.0,67.22435897435898,0.0,25.0,v1.0,2026-09-02T02:01:25.287339
MP_000454,MANSUKH MANDAVIYA,LOK_SABHA,GUJARAT,PORBANDAR,306,185,0,0.0,0.0,0.0,115.6054054054054,0.0,25.0,v1.0,2026-09-02T02:01:25.287339
MP_000455,MALA RAJYA LAXMI SHAH,LOK_SABHA,UTTARAKHAND,TEHRI GARHWAL,224,180,0,0.0,0.0,0.0,104.55555555555556,0.0,25.0,v1.0,2026-09-02T02:01:25.287339
MP_000456,S JOTHIMANI,LOK_SABHA,TAMIL NADU,KARUR,177,116,0,0.0,0.0,0.0,183.81034482758622,0.0,25.0,v1.0,2026-09-02T02:01:25.287339
MP_000457,OM BIRLA,LOK_SABHA,RAJASTHAN,KOTA,61,45,0,0.0,0.0,0.0,94.46666666666667,0.0,25.0,v1.0,2026-09-02T02:01:25.287339
MP_000458,JYOTIRADITYA M. SCINDIA,LOK_SABHA,MADHYA PRADESH,GUNA,63,62,0,0.0,0.0,0.0,55.38709677419355,0.0,25.0,v1.0,2026-09-02T02:01:25.287339
MP_000459,NARAYANASA K. BHANDAGE (2024-30) (2024-2030),RAJYA_SABHA,KARNATAKA,ELECTED MP,152,111,0,0.0,0.0,0.0,109.44144144144144,0.0,25.0,v1.0,2026-09-02T02:01:25.287339
MP_000460,ADITYA PRASAD (2022-28) (2022-2028),RAJYA_SABHA,JHARKHAND,ELECTED MP,226,219,0,0.0,0.0,0.0,46.70319634703196,0.0,25.0,v1.0,2026-09-02T02:01:25.287339
MP_000461,MALAIYARASAN D,LOK_SABHA,TAMIL NADU,KALLAKURICHI,386,201,0,0.0,0.0,0.0,101.71144278606965,0.0,25.0,v1.0,2026-09-02T02:01:25.287339
MP_000462,GIRIDHARI YADAV,LOK_SABHA,BIHAR,BANKA,120,98,0,0.0,0.0,0.0,95.31632653061224,0.0,25.0,v1.0,2026-09-02T02:01:25.287339
MP_000463,LS TEJASVI SURYA,LOK_SABHA,KARNATAKA,BANGALORE SOUTH,136,61,0,0.0,0.0,0.0,222.9344262295082,0.0,25.0,v1.0,2026-09-02T02:01:25.287339
MP_000464,SUNIL KUMAR,LOK_SABHA,BIHAR,VALMIKI NAGAR,258,99,0,0.0,0.0,0.0,143.16161616161617,0.0,25.0,v1.0,2026-09-02T02:01:25.287339
MP_000465,P. WILSON (2025-31) (2025-2031),RAJYA_SABHA,TAMIL NADU,ELECTED MP,35,16,0,0.0,0.0,0.0,48.875,0.0,25.0,v1.0,2026-09-02T02:01:25.287339
MP_000466,KRITI DEVI DEBBARMAN,LOK_SABHA,TRIPURA,TRIPURA EAST(ST),42,33,0,0.0,0.0,0.0,164.96969696969697,0.0,25.0,v1.0,2026-09-02T02:01:25.287339
MP_000467,ASHOKRAO SHANKARRAO CHAVAN (2024-30) (2024-2030),RAJYA_SABHA,MAHARASHTRA,ELECTED MP,33,8,0,0.0,0.0,0.0,343.125,0.0,25.0,v1.0,2026-09-02T02:01:25.287339
MP_000468,NARESH CHANDRA UTTAM PATEL,LOK_SABHA,UTTAR PRADESH,FATEHPUR,81,74,0,0.0,0.0,0.0,157.9189189189189,0.0,25.0,v1.0,2026-09-02T02:01:25.287339
MP_000469,SAT PAUL SHARMA (2025-31) (2025-2031),RAJYA_SABHA,JAMMU AND KASHMIR,ELECTED MP,16,5,0,0.0,0.0,0.0,13.0,0.0,25.0,v1.0,2026-09-02T02:01:25.287339
MP_000470,BIRENDRA PRASAD BAISHYA (2025-31) (2025-2031),RAJYA_SABHA,ASSAM,ELECTED MP,45,22,0,0.0,0.0,0.0,118.77272727272727,0.0,25.0,v1.0,2026-09-02T02:01:25.287339
MP_000471,RAJMOHAN UNNITHAN,LOK_SABHA,KERALA,KASARAGOD,207,192,0,0.0,0.0,0.0,77.91666666666667,0.0,25.0,v1.0,2026-09-02T02:01:25.287339
MP_000472,R. GIRIRAJAN (2022-28) (2022-2028),RAJYA_SABHA,TAMIL NADU,ELECTED MP,221,192,0,0.0,0.0,0.0,122.75520833333333,0.0,25.0,v1.0,2026-09-02T02:01:25.287339
MP_000473,DINESH SHARMA (2023-26) (2023-2026),RAJYA_SABHA,UTTAR PRADESH,ELECTED MP,91,66,0,0.0,0.0,0.0,81.39393939393939,0.0,25.0,v1.0,2026-09-02T02:01:25.287339
MP_000474,SMT. SUMITRA BALMIK (2022-28) (2022-2028),RAJYA_SABHA,MADHYA PRADESH,ELECTED MP,177,144,0,0.0,0.0,0.0,101.64583333333333,0.0,25.0,v1.0,2026-09-02T02:01:25.287339
MP_000475,SAUMITRA KHAN,LOK_SABHA,WEST BENGAL,BISHNUPUR(SC),82,81,0,0.0,0.0,0.0,126.0246913580247,0.0,25.0,v1.0,2026-09-02T02:01:25.287339
MP_000476,NITIN LAXMANRAO JADHAV PATIL (2024-28) (2024-2028),RAJYA_SABHA,MAHARASHTRA,ELECTED MP,61,52,0,0.0,0.0,0.0,55.42307692307692,0.0,25.0,v1.0,2026-09-02T02:01:25.287339
MP_000477,KHALILUR RAHAMAN,LOK_SABHA,WEST BENGAL,JANGIPUR,107,84,0,0.0,0.0,0.0,209.3095238095238,0.0,25.0,v1.0,2026-09-02T02:01:25.287339
MP_000478,SHAMBHAVI,LOK_SABHA,BIHAR,SAMASTIPUR(SC),127,102,0,0.0,0.0,0.0,100.82352941176471,0.0,25.0,v1.0,2026-09-02T02:01:25.287339
MP_000479,ANIL KUMAR YADAV MANDADI (2024-30) (2024-2030),RAJYA_SABHA,TELANGANA,ELECTED MP,105,78,0,0.0,0.0,0.0,112.65384615384616,0.0,25.0,v1.0,2026-09-02T02:01:25.287339
MP_000480,ARJUN RAM MEGHWAL,LOK_SABHA,RAJASTHAN,BIKANER(SC),77,53,0,0.0,0.0,0.0,116.71698113207547,0.0,25.0,v1.0,2026-09-02T02:01:25.287339
MP_000481,ARVIND GANPAT SAWANT,LOK_SABHA,MAHARASHTRA,MUMBAI SOUTH,60,18,0,0.0,0.0,0.0,392.94444444444446,0.0,25.0,v1.0,2026-09-02T02:01:25.287339
MP_000482,AZAD KIRTI JHA,LOK_SABHA,WEST BENGAL,BARDHAMAN-DURGAPUR,112,82,0,0.0,0.0,0.0,104.40243902439025,0.0,25.0,v1.0,2026-09-02T02:01:25.287339
MP_000483,ANURAG SHARMA,LOK_SABHA,UTTAR PRADESH,JHANSI,162,162,0,0.0,0.0,0.0,41.333333333333336,0.0,25.0,v1.0,2026-09-02T02:01:25.287339
MP_000484,RWNGWRA NARZARY (2022-28) (2022-2028),RAJYA_SABHA,ASSAM,ELECTED MP,166,122,0,0.0,0.0,0.0,315.07377049180326,0.0,25.0,v1.0,2026-09-02T02:01:25.287339
MP_000485,RYAGA KRISHNAIAH (2024-28) (2024-2028),RAJYA_SABHA,ANDHRA PRADESH,ELECTED MP,71,56,0,0.0,0.0,0.0,46.125,0.0,25.0,v1.0,2026-09-02T02:01:25.287339
MP_000486,RADHE SHYAM RATHIYA,LOK_SABHA,CHHATTISGARH,RAIGARH(ST),138,136,0,0.0,0.0,0.0,85.27941176470588,0.0,25.0,v1.0,2026-09-02T02:01:25.287339
MP_000487,SURESH KODIKUNNIL,LOK_SABHA,KERALA,MAVELIKKARA(SC),191,137,0,0.0,0.0,0.0,86.28467153284672,0.0,25.0,v1.0,2026-09-02T02:01:25.287339
MP_000488,SYED NASEER HUSSAIN (2024-30) (2024-2030),RAJYA_SABHA,KARNATAKA,ELECTED MP,66,34,0,0.0,0.0,0.0,223.2058823529412,0.0,25.0,v1.0,2026-09-02T02:01:25.287339
MP_000489,NILESH DNYANDEV LANKE,LOK_SABHA,MAHARASHTRA,AHMEDNAGAR,99,64,0,0.0,0.0,0.0,105.34375,0.0,25.0,v1.0,2026-09-02T02:01:25.287339
MP_000490,MAHIMA KUMARI MEWAR,LOK_SABHA,RAJASTHAN,RAJSAMAND,136,84,0,0.0,0.0,0.0,77.57142857142857,0.0,25.0,v1.0,2026-09-02T02:01:25.287339
MP_000491,THANGA TAMILSELVAN,LOK_SABHA,TAMIL NADU,THENI,96,54,0,0.0,0.0,0.0,308.3888888888889,0.0,25.0,v1.0,2026-09-02T02:01:25.287339
MP_000492,ILAIYARAAJA (2022-28) (2022-2028),RAJYA_SABHA,TAMIL NADU,NOMINATED MP,27,21,0,0.0,0.0,0.0,300.14285714285717,0.0,25.0,v1.0,2026-09-02T02:01:25.287339
MP_000493,D M KATHIR ANAND,LOK_SABHA,TAMIL NADU,VELLORE,83,75,0,0.0,0.0,0.0,143.82666666666665,0.0,25.0,v1.0,2026-09-02T02:01:25.287339
MP_000494,KAMALJEET SEHRAWAT,LOK_SABHA,DELHI,WEST DELHI,65,51,0,0.0,0.0,0.0,94.96078431372548,0.0,25.0,v1.0,2026-09-02T02:01:25.287339
MP_000495,GOVIND MAKTHAPPA KARJOL,LOK_SABHA,KARNATAKA,CHITRADURGA(SC),222,136,0,0.0,0.0,0.0,197.63235294117646,0.0,25.0,v1.0,2026-09-02T02:01:25.287339
MP_000496,AMAR PAL MAURYA (2024-30) (2024-2030),RAJYA_SABHA,UTTAR PRADESH,ELECTED MP,138,52,0,0.0,0.0,0.0,95.5,0.0,25.0,v1.0,2026-09-02T02:01:25.287339
MP_000497,SACHITHANANTHAM R,LOK_SABHA,TAMIL NADU,DINDIGUL,134,79,0,0.0,0.0,0.0,164.70886075949366,0.0,25.0,v1.0,2026-09-02T02:01:25.287339
MP_000498,BABUBHAI JESANGBHAI DESAI (2023-29) (2023-2029),RAJYA_SABHA,GUJARAT,ELECTED MP,282,218,0,0.0,0.0,0.0,107.31651376146789,0.0,25.0,v1.0,2026-09-02T02:01:25.287339
MP_000499,POONAMBEN HEMATBHAI MAADAM,LOK_SABHA,GUJARAT,JAMNAGAR,179,116,0,0.0,0.0,0.0,147.3793103448276,0.0,25.0,v1.0,2026-09-02T02:01:25.287339
MP_000500,PRANITI SUSHILKUMAR SHINDE,LOK_SABHA,MAHARASHTRA,SOLAPUR(SC),124,9,0,0.0,0.0,0.0,253.11111111111111,0.0,25.0,v1.0,2026-09-02T02:01:25.287339
MP_000501,CHANDUBHAI CHHAGANBHAI SHIHORA,LOK_SABHA,GUJARAT,SURENDRANAGAR,209,199,0,0.0,0.0,0.0,111.24120603015075,0.0,25.0,v1.0,2026-09-02T02:01:25.287339
MP_000502,NIMUBEN JAYANTIBHAI BAMBHANIYA,LOK_SABHA,GUJARAT,BHAVNAGAR,66,45,0,0.0,0.0,0.0,68.17777777777778,0.0,25.0,v1.0,2026-09-02T02:01:25.287339
MP_000503,MANISH TEWARI,LOK_SABHA,CHANDIGARH,CHANDIGARH,112,92,0,0.0,0.0,0.0,112.53260869565217,0.0,25.0,v1.0,2026-09-02T02:01:25.287339
MP_000504,NITIN JAIRAM GADKARI,LOK_SABHA,MAHARASHTRA,NAGPUR,67,36,0,0.0,0.0,0.0,144.41666666666666,0.0,25.0,v1.0,2026-09-02T02:01:25.287339
MP_000505,JOHN BRITTAS (2021-27) (2021-2027),RAJYA_SABHA,KERALA,ELECTED MP,144,64,0,0.0,0.0,0.0,203.859375,0.0,25.0,v1.0,2026-09-02T02:01:25.287339
MP_000506,MILIND MURLI DEORA (2024-30) (2024-2030),RAJYA_SABHA,MAHARASHTRA,ELECTED MP,25,5,0,0.0,0.0,0.0,193.0,0.0,25.0,v1.0,2026-09-02T02:01:25.287339
MP_000507,ASADUDDIN OWAISI,LOK_SABHA,TELANGANA,HYDERABAD,19,8,0,0.0,0.0,0.0,54.875,0.0,25.0,v1.0,2026-09-02T02:01:25.287339
MP_000508,TOKHAN SAHU,LOK_SABHA,CHHATTISGARH,BILASPUR,131,125,0,0.0,0.0,0.0,83.912,0.0,25.0,v1.0,2026-09-02T02:01:25.287339
MP_000509,SANJAY DINA PATIL,LOK_SABHA,MAHARASHTRA,MUMBAI NORTH EAST,40,25,0,0.0,0.0,0.0,241.2,0.0,25.0,v1.0,2026-09-02T02:01:25.287339
MP_000510,IMRAN MASOOD,LOK_SABHA,UTTAR PRADESH,SAHARANPUR,115,102,0,0.0,0.0,0.0,23.323529411764707,0.0,25.0,v1.0,2026-09-02T02:01:25.287339
MP_000511,DHARMSHILA GUPTA (2024-30) (2024-2030),RAJYA_SABHA,BIHAR,ELECTED MP,142,126,0,0.0,0.0,0.0,37.857142857142854,0.0,25.0,v1.0,2026-09-02T02:01:25.287339
MP_000512,ABHAY KUMAR SINHA,LOK_SABHA,BIHAR,AURANGABAD_BR,270,227,0,0.0,0.0,0.0,158.215859030837,0.0,25.0,v1.0,2026-09-02T02:01:25.287339
MP_000513,NARAIN DASS GUPTA (2024-30) (2024-2030),RAJYA_SABHA,DELHI,ELECTED MP,52,32,0,0.0,0.0,0.0,78.3125,0.0,25.0,v1.0,2026-09-02T02:01:25.287339
MP_000514,VISHAL,LOK_SABHA,MAHARASHTRA,SANGLI,84,79,0,0.0,0.0,0.0,87.29113924050633,0.0,25.0,v1.0,2026-09-02T02:01:25.287339
MP_000515,SANJAY SINGH (2024-30) (2024-2030),RAJYA_SABHA,DELHI,ELECTED MP,105,64,0,0.0,0.0,0.0,60.3125,0.0,25.0,v1.0,2026-09-02T02:01:25.287339
MP_000516,KANWAR SINGH TANWAR,LOK_SABHA,UTTAR PRADESH,AMROHA,104,90,0,0.0,0.0,0.0,58.06666666666667,0.0,25.0,v1.0,2026-09-02T02:01:25.287339
MP_000517,ARUP CHAKRABORTY,LOK_SABHA,WEST BENGAL,BANKURA,70,69,0,0.0,0.0,0.0,59.15942028985507,0.0,25.0,v1.0,2026-09-02T02:01:25.287339
MP_000518,ADITYA YADAV,LOK_SABHA,UTTAR PRADESH,BADAUN,134,100,0,0.0,0.0,0.0,98.17,0.0,25.0,v1.0,2026-09-02T02:01:25.287339
MP_000519,MANAN KUMAR MISHRA (2024-28) (2024-2028),RAJYA_SABHA,BIHAR,ELECTED MP,88,62,0,0.0,0.0,0.0,82.2741935483871,0.0,25.0,v1.0,2026-09-02T02:01:25.287339
MP_000520,PRAMOD TIWARI (2022-28) (2022-2028),RAJYA_SABHA,RAJASTHAN,ELECTED MP,130,115,0,0.0,0.0,0.0,94.97391304347826,0.0,25.0,v1.0,2026-09-02T02:01:25.287339
MP_000521,ALOK SHARMA,LOK_SABHA,MADHYA PRADESH,BHOPAL,90,76,0,0.0,0.0,0.0,53.88157894736842,0.0,25.0,v1.0,2026-09-02T02:01:25.287339
MP_000522,RAMESH AWASTHI,LOK_SABHA,UTTAR PRADESH,KANPUR,140,140,0,0.0,0.0,0.0,8.821428571428571,0.0,25.0,v1.0,2026-09-02T02:01:25.287339
MP_000523,KUNDURU RAGHUVEER,LOK_SABHA,TELANGANA,NALGONDA,29,27,0,0.0,0.0,0.0,60.666666666666664,0.0,25.0,v1.0,2026-09-02T02:01:25.287339
MP_000524,RAKSHA NIKHIL KHADSE,LOK_SABHA,MAHARASHTRA,RAVER,10,7,0,0.0,0.0,0.0,121.85714285714286,0.0,25.0,v1.0,2026-09-02T02:01:25.287339
MP_000525,MANOJ TIGGA,LOK_SABHA,WEST BENGAL,ALIPURDUARS(ST),90,58,0,0.0,0.0,0.0,129.68965517241378,0.0,25.0,v1.0,2026-09-02T02:01:25.287339
MP_000526,SMITA UDAY WAGH,LOK_SABHA,MAHARASHTRA,JALGAON,10,10,0,0.0,0.0,0.0,131.7,0.0,25.0,v1.0,2026-09-02T02:01:25.287339
MP_000527,MUHAMMED HAMDULLAH SAYEED,LOK_SABHA,LAKSHADWEEP,LAKSHADWEEP(ST),28,26,0,0.0,0.0,0.0,29.346153846153847,0.0,25.0,v1.0,2026-09-02T02:01:25.287339
MP_000528,PRADIP KUMAR VARMA (2024-30) (2024-2030),RAJYA_SABHA,JHARKHAND,ELECTED MP,237,165,0,0.0,0.0,0.0,74.57575757575758,0.0,25.0,v1.0,2026-09-02T02:01:25.287339
MP_000529,PRASUN BANERJEE,LOK_SABHA,WEST BENGAL,HOWRAH,227,214,0,0.0,0.0,0.0,50.700934579439256,0.0,25.0,v1.0,2026-09-02T02:01:25.287339
MP_000530,SUKANTA MAJUMDAR,LOK_SABHA,WEST BENGAL,BALURGHAT,186,180,0,0.0,0.0,0.0,50.583333333333336,0.0,25.0,v1.0,2026-09-02T02:01:25.287339
MP_000531,MANICKAM TAGORE B,LOK_SABHA,TAMIL NADU,VIRUDHUNAGAR,86,82,0,0.0,0.0,0.0,176.97560975609755,0.0,25.0,v1.0,2026-09-02T02:01:25.287339
MP_000532,ANITA NAGARSINGH CHOUHAN,LOK_SABHA,MADHYA PRADESH,RATLAM(ST),203,201,0,0.0,0.0,0.0,66.22885572139303,0.0,25.0,v1.0,2026-09-02T02:01:25.287339
MP_000533,SURENDRA SINGH NAGAR (2022-28) (2022-2028),RAJYA_SABHA,UTTAR PRADESH,ELECTED MP,299,237,0,0.0,0.0,0.0,131.0759493670886,0.0,25.0,v1.0,2026-09-02T02:01:25.287339
MP_000534,VIJAYAKUMAR VASANTH,LOK_SABHA,TAMIL NADU,KANNIYAKUMARI,101,63,0,0.0,0.0,0.0,166.77777777777777,0.0,25.0,v1.0,2026-09-02T02:01:25.287339
MP_000535,BALYOGI UMESHNATH (2024-30) (2024-2030),RAJYA_SABHA,MADHYA PRADESH,ELECTED MP,78,66,0,0.0,0.0,0.0,62.53030303030303,0.0,25.0,v1.0,2026-09-02T02:01:25.287339
MP_000536,SARBANANDA SONOWAL (18LS),LOK_SABHA,ASSAM,DIBRUGARH,87,62,0,0.0,0.0,0.0,192.03225806451613,0.0,25.0,v1.0,2026-09-02T02:01:25.287339
MP_000537,MAHESH SHARMA,LOK_SABHA,UTTAR PRADESH,GAUTAM BUDDHA NAGAR,173,112,0,0.0,0.0,0.0,51.25892857142857,0.0,25.0,v1.0,2026-09-02T02:01:25.287339
MP_000538,A. A. RAHIM (2022-28) (2022-2028),RAJYA_SABHA,KERALA,ELECTED MP,75,58,0,0.0,0.0,0.0,40.1551724137931,0.0,25.0,v1.0,2026-09-02T02:01:25.287339
MP_000539,CHARANJIT SINGH CHANNI,LOK_SABHA,PUNJAB,JALANDHAR(SC),207,149,0,0.0,0.0,0.0,67.63758389261746,0.0,25.0,v1.0,2026-09-02T02:01:25.287339
MP_000540,DAGGUBATI PURANDESHWARI,LOK_SABHA,ANDHRA PRADESH,RAJAHMUNDRY,37,28,0,0.0,0.0,0.0,85.0,0.0,25.0,v1.0,2026-09-02T02:01:25.287339
MP_000541,BHAUSAHEB RAJARAM WAKCHAURE,LOK_SABHA,MAHARASHTRA,SHIRDI(SC),137,98,0,0.0,0.0,0.0,217.81632653061226,0.0,25.0,v1.0,2026-09-02T02:01:25.287339
MP_000542,APPALANAIDU KALISETTI,LOK_SABHA,ANDHRA PRADESH,VIZIANAGARAM,118,99,0,0.0,0.0,0.0,25.555555555555557,0.0,25.0,v1.0,2026-09-02T02:01:25.287339
MP_000543,PHANI BHUSAN CHOUDHURY,LOK_SABHA,ASSAM,BARPETA,87,67,0,0.0,0.0,0.0,156.0597014925373,0.0,25.0,v1.0,2026-09-02T02:01:25.287339
MP_000544,ASHISH DUBEY,LOK_SABHA,MADHYA PRADESH,JABALPUR,341,153,0,0.0,0.0,0.0,185.640522875817,0.0,25.0,v1.0,2026-09-02T02:01:25.287339
MP_000545,DR.K.SUDHAKAR,LOK_SABHA,KARNATAKA,CHIKBALLAPUR,164,110,0,0.0,0.0,0.0,171.5909090909091,0.0,25.0,v1.0,2026-09-02T02:01:25.287339
MP_000546,HARSH VARDHAN SHRINGLA (2025-31) (2025-2031),RAJYA_SABHA,WEST BENGAL,NOMINATED MP,6,0,0,0.0,0.0,0.0,0.0,0.0,25.0,v1.0,2026-09-02T02:01:25.287339
MP_000547,ANAND KUMAR,LOK_SABHA,UTTAR PRADESH,BAHRAICH(SC),111,73,0,0.0,0.0,0.0,117.0,0.0,25.0,v1.0,2026-09-02T02:01:25.287339
MP_000548,SHRIRANG APPA BARNE,LOK_SABHA,MAHARASHTRA,MAVAL,107,50,0,0.0,0.0,0.0,267.32,0.0,25.0,v1.0,2026-09-02T02:01:25.287339
MP_000549,BACHHAV SHOBHA DINESH,LOK_SABHA,MAHARASHTRA,DHULE,91,54,0,0.0,0.0,0.0,276.7962962962963,0.0,25.0,v1.0,2026-09-02T02:01:25.287339
MP_000550,CHANDRA SEKHAR PEMMASANI,LOK_SABHA,ANDHRA PRADESH,GUNTUR,96,94,0,0.0,0.0,0.0,157.30851063829786,0.0,25.0,v1.0,2026-09-02T02:01:25.287339
MP_000551,DEVESH CHANDRA THAKUR,LOK_SABHA,BIHAR,SITAMARHI,201,127,0,0.0,0.0,0.0,104.92913385826772,0.0,25.0,v1.0,2026-09-02T02:01:25.287339
MP_000552,AMIT SHAH,LOK_SABHA,GUJARAT,GANDHINAGAR,118,65,0,0.0,0.0,0.0,140.16923076923078,0.0,25.0,v1.0,2026-09-02T02:01:25.287339
MP_000553,RACHNA BANERJEE,LOK_SABHA,WEST BENGAL,HOOGHLY,101,69,0,0.0,0.0,0.0,129.05797101449275,0.0,25.0,v1.0,2026-09-02T02:01:25.287339
MP_000554,MS MAHUA MOITRA,LOK_SABHA,WEST BENGAL,KRISHNANAGAR,55,47,0,0.0,0.0,0.0,91.80851063829788,0.0,25.0,v1.0,2026-09-02T02:01:25.287339
MP_000555,RABINDRA NARAYAN BEHERA,LOK_SABHA,ODISHA,JAJPUR(SC),203,70,0,0.0,0.0,0.0,117.24285714285715,0.0,25.0,v1.0,2026-09-02T02:01:25.287339
MP_000556,V. SOMANNA,LOK_SABHA,KARNATAKA,TUMKUR,61,24,0,0.0,0.0,0.0,201.29166666666666,0.0,25.0,v1.0,2026-09-02T02:01:25.287339
MP_000557,ATUL GARG,LOK_SABHA,UTTAR PRADESH,GHAZIABAD,77,70,0,0.0,0.0,0.0,83.94285714285714,0.0,25.0,v1.0,2026-09-02T02:01:25.287339
MP_000558,SAMIK BHATTACHARYA (2024-30) (2024-2030),RAJYA_SABHA,WEST BENGAL,ELECTED MP,51,33,0,0.0,0.0,0.0,166.5151515151515,0.0,25.0,v1.0,2026-09-02T02:01:25.287339
MP_000559,JAGADISH CHANDRA BARMA BASUNIA,LOK_SABHA,WEST BENGAL,COOCHBEHAR(SC),96,39,0,0.0,0.0,0.0,196.97435897435898,0.0,25.0,v1.0,2026-09-02T02:01:25.287339
MP_000560,MAHENDRA SINGH SOLANKY,LOK_SABHA,MADHYA PRADESH,DEWAS(SC),143,90,0,0.0,0.0,0.0,104.0,0.0,25.0,v1.0,2026-09-02T02:01:25.287339
MP_000561,DHANANJAY BHIMRAO MAHADIK (2022-28) (2022-2028),RAJYA_SABHA,MAHARASHTRA,ELECTED MP,150,43,0,0.0,0.0,0.0,244.25581395348837,0.0,25.0,v1.0,2026-09-02T02:01:25.287339
MP_000562,ASHOK KUMAR MITTAL (2022-28) (2022-2028),RAJYA_SABHA,PUNJAB,ELECTED MP,47,43,0,0.0,0.0,0.0,49.372093023255815,0.0,25.0,v1.0,2026-09-02T02:01:25.287339
MP_000563,PRAFUL PATEL (2024-30) (2024-2030),RAJYA_SABHA,MAHARASHTRA,ELECTED MP,116,56,0,0.0,0.0,0.0,184.30357142857142,0.0,25.0,v1.0,2026-09-02T02:01:25.287339
MP_000564,BASAVARAJ BOMMAI,LOK_SABHA,KARNATAKA,HAVERI,162,126,0,0.0,0.0,0.0,133.54761904761904,0.0,25.0,v1.0,2026-09-02T02:01:25.287339
MP_000565,H.D. KUMARASWAMY,LOK_SABHA,KARNATAKA,MANDYA,147,82,0,0.0,0.0,0.0,93.02439024390245,0.0,25.0,v1.0,2026-09-02T02:01:25.287339
MP_000566,SHIVMANGAL SINGH TOMAR,LOK_SABHA,MADHYA PRADESH,MORENA,66,53,0,0.0,0.0,0.0,54.18867924528302,0.0,25.0,v1.0,2026-09-02T02:01:25.287339
MP_000567,VIVEK THAKUR,LOK_SABHA,BIHAR,NAWADA,85,38,0,0.0,0.0,0.0,37.6578947368421,0.0,25.0,v1.0,2026-09-02T02:01:25.287339
MP_000568,CHIRAG PASWAN,LOK_SABHA,BIHAR,HAJIPUR(SC),113,83,0,0.0,0.0,0.0,82.51807228915662,0.0,25.0,v1.0,2026-09-02T02:01:25.287339
MP_000569,SMT. REKHA SHARMA (2024-28) (2024-2028),RAJYA_SABHA,HARYANA,ELECTED MP,145,58,0,0.0,0.0,0.0,72.6896551724138,0.0,25.0,v1.0,2026-09-02T02:01:25.287339
MP_000570,AASHTIKAR PATIL NAGESH BAPURAO,LOK_SABHA,MAHARASHTRA,HINGOLI,103,43,0,0.0,0.0,0.0,322.5348837209302,0.0,25.0,v1.0,2026-09-02T02:01:25.287339
MP_000571,S NIRANJAN REDDY (2022-28) (2022-2028),RAJYA_SABHA,ANDHRA PRADESH,ELECTED MP,19,12,0,0.0,0.0,0.0,28.833333333333332,0.0,25.0,v1.0,2026-09-02T02:01:25.287339
MP_000572,RAJNATH SINGH,LOK_SABHA,UTTAR PRADESH,LUCKNOW,102,100,0,0.0,0.0,0.0,48.52,0.0,25.0,v1.0,2026-09-02T02:01:25.287339
MP_000573,LOVELY ANAND,LOK_SABHA,BIHAR,SHEOHAR,90,54,0,0.0,0.0,0.0,68.05555555555556,0.0,25.0,v1.0,2026-09-02T02:01:25.287339
MP_000574,THIRUMAA VALAVAN THOL,LOK_SABHA,TAMIL NADU,CHIDAMBARAM(SC),80,72,0,0.0,0.0,0.0,186.79166666666666,0.0,25.0,v1.0,2026-09-02T02:01:25.287339
MP_000575,KRIPANATH MALLAH,LOK_SABHA,ASSAM,KARIMGANJ (SC),94,43,0,0.0,0.0,0.0,75.30232558139535,0.0,25.0,v1.0,2026-09-02T02:01:25.287339
MP_000576,BAPI HALDAR,LOK_SABHA,WEST BENGAL,MATHURAPUR(SC),163,141,0,0.0,0.0,0.0,94.40425531914893,0.0,25.0,v1.0,2026-09-02T02:01:25.287339
MP_000577,KAPIL SIBAL (2022-28) (2022-2028),RAJYA_SABHA,UTTAR PRADESH,ELECTED MP,223,184,0,0.0,0.0,0.0,110.67391304347827,0.0,25.0,v1.0,2026-09-02T02:01:25.287339
MP_000578,G. KUMAR NAIK,LOK_SABHA,KARNATAKA,RAICHUR(ST),128,50,0,0.0,0.0,0.0,195.32,0.0,25.0,v1.0,2026-09-02T02:01:25.287339
MP_000579,SUDHANSHU TRIVEDI (2024-30) (2024-2030),RAJYA_SABHA,UTTAR PRADESH,ELECTED MP,53,35,0,0.0,0.0,0.0,84.8,0.0,25.0,v1.0,2026-09-02T02:01:25.287339
MP_000580,ANUP SANJAY DHOTRE,LOK_SABHA,MAHARASHTRA,AKOLA,100,82,0,0.0,0.0,0.0,183.90243902439025,0.0,25.0,v1.0,2026-09-02T02:01:25.287339
MP_000581,ANGOMCHA BIMOL AKOIJAM,LOK_SABHA,MANIPUR,INNER MANIPUR,47,43,0,0.0,0.0,0.0,30.093023255813954,0.0,25.0,v1.0,2026-09-02T02:01:25.287339
MP_000582,LAXMIKANT BAJPAYEE (2022-28) (2022-2028),RAJYA_SABHA,UTTAR PRADESH,ELECTED MP,66,45,0,0.0,0.0,0.0,186.51111111111112,0.0,25.0,v1.0,2026-09-02T02:01:25.287339
MP_000583,JOYANTA BASUMATARY,LOK_SABHA,ASSAM,KOKRAJHAR (ST),129,74,0,0.0,0.0,0.0,159.75675675675674,0.0,25.0,v1.0,2026-09-02T02:01:25.287339
MP_000584,SMT. MAMATA THAKUR (2024-30) (2024-2030),RAJYA_SABHA,WEST BENGAL,ELECTED MP,60,60,0,0.0,0.0,0.0,125.98333333333333,0.0,25.0,v1.0,2026-09-02T02:01:25.287339
MP_000585,RADHA MOHAN SINGH,LOK_SABHA,BIHAR,PURVI CHAMPARAN,124,81,0,0.0,0.0,0.0,79.08641975308642,0.0,25.0,v1.0,2026-09-02T02:01:25.287339
MP_000586,KIRTI VARDHAN SINGH,LOK_SABHA,UTTAR PRADESH,GONDA,152,151,0,0.0,0.0,0.0,30.490066225165563,0.0,25.0,v1.0,2026-09-02T02:01:25.287339
MP_000587,GIRIRAJ SINGH,LOK_SABHA,BIHAR,BEGUSARAI,67,47,0,0.0,0.0,0.0,72.80851063829788,0.0,25.0,v1.0,2026-09-02T02:01:25.287339
MP_000588,AKHILESH PRASAD SINGH (2024-30) (2024-2030),RAJYA_SABHA,BIHAR,ELECTED MP,58,48,0,0.0,0.0,0.0,48.208333333333336,0.0,25.0,v1.0,2026-09-02T02:01:25.287339
MP_000589,RAMJI (2020-26) (2020-2026),RAJYA_SABHA,UTTAR PRADESH,ELECTED MP,245,239,0,0.0,0.0,0.0,77.34728033472804,0.0,25.0,v1.0,2026-09-02T02:01:25.287339
MP_000590,VISHWESHWAR HEGDE KAGERI,LOK_SABHA,KARNATAKA,UTTARA KANNADA,143,55,0,0.0,0.0,0.0,280.2909090909091,0.0,25.0,v1.0,2026-09-02T02:01:25.287339
MP_000591,YOGENDRA CHANDOLIYA,LOK_SABHA,DELHI,NORTH WEST DELHI(SC),59,55,0,0.0,0.0,0.0,56.654545454545456,0.0,25.0,v1.0,2026-09-02T02:01:25.287339
MP_000592,PRIYANKA GANDHI VADRA,LOK_SABHA,KERALA,WAYANAD,96,49,0,0.0,0.0,0.0,217.3877551020408,0.0,25.0,v1.0,2026-09-02T02:01:25.287339
MP_000593,PAKA VENKATA SATYANARAYANA (2025-28) (2025-2028),RAJYA_SABHA,ANDHRA PRADESH,ELECTED MP,13,9,0,0.0,0.0,0.0,60.55555555555556,0.0,25.0,v1.0,2026-09-02T02:01:25.287339
MP_000594,I.S. INBADURAI (2025-31) (2025-2031),RAJYA_SABHA,TAMIL NADU,ELECTED MP,83,35,0,0.0,0.0,0.0,144.45714285714286,0.0,25.0,v1.0,2026-09-02T02:01:25.287339
MP_000595,HEMA MALINI,LOK_SABHA,UTTAR PRADESH,MATHURA,88,61,0,0.0,0.0,0.0,74.42622950819673,0.0,25.0,v1.0,2026-09-02T02:01:25.287339
MP_000596,SRIBHARAT MATHUKUMLI,LOK_SABHA,ANDHRA PRADESH,VISAKHAPATNAM,40,33,0,0.0,0.0,0.0,40.303030303030305,0.0,25.0,v1.0,2026-09-02T02:01:25.287339
MP_000597,RAJ BHUSHAN CHOUDHARY,LOK_SABHA,BIHAR,MUZAFFARPUR,130,105,0,0.0,0.0,0.0,34.89523809523809,0.0,25.0,v1.0,2026-09-02T02:01:25.287339
MP_000598,THALIKKOTTAI RAJUTHEVAR BAALU,LOK_SABHA,TAMIL NADU,SRIPERUMBUDUR,126,99,0,0.0,0.0,0.0,187.2020202020202,0.0,25.0,v1.0,2026-09-02T02:01:25.287339
MP_000599,PIYUSH VEDPRAKASH GOYAL,LOK_SABHA,MAHARASHTRA,MUMBAI NORTH,49,49,0,0.0,0.0,0.0,309.42857142857144,0.0,25.0,v1.0,2026-09-02T02:01:25.287339
MP_000600,JANARDAN MISHRA,LOK_SABHA,MADHYA PRADESH,REWA,107,83,0,0.0,0.0,0.0,82.57831325301204,0.0,25.0,v1.0,2026-09-02T02:01:25.287339
MP_000601,K. C VENUGOPAL,LOK_SABHA,KERALA,ALAPPUZHA,89,70,0,0.0,0.0,0.0,126.04285714285714,0.0,25.0,v1.0,2026-09-02T02:01:25.287339
MP_000602,JUNE MALIAH,LOK_SABHA,WEST BENGAL,MEDINIPUR,31,22,0,0.0,0.0,0.0,143.86363636363637,0.0,25.0,v1.0,2026-09-02T02:01:25.287339
MP_000603,T SUMATHY (A) THAMIZHACHI THANGAPANDIAN,LOK_SABHA,TAMIL NADU,CHENNAI SOUTH,31,23,0,0.0,0.0,0.0,331.0869565217391,0.0,25.0,v1.0,2026-09-02T02:01:25.287339
MP_000604,DEVENDRA ALIAS BHOLE SINGH,LOK_SABHA,UTTAR PRADESH,AKBARPUR,148,148,0,0.0,0.0,0.0,3.8986486486486487,0.0,25.0,v1.0,2026-09-02T02:01:25.287339
MP_000605,SIVANATH KESINENI,LOK_SABHA,ANDHRA PRADESH,VIJAYAWADA,29,14,0,0.0,0.0,0.0,31.857142857142858,0.0,25.0,v1.0,2026-09-02T02:01:25.287339
MP_000606,MOHAMED HANEEFA,LOK_SABHA,LADAKH,LADAKH,55,19,0,0.0,0.0,0.0,46.73684210526316,0.0,25.0,v1.0,2026-09-02T02:01:25.287339
MP_000607,RAO INDERJIT SINGH,LOK_SABHA,HARYANA,GURGAON,46,36,0,0.0,0.0,0.0,75.0,0.0,25.0,v1.0,2026-09-02T02:01:25.287339
MP_000608,AMARSING TISSO,LOK_SABHA,ASSAM,DIPHU (ST),94,86,0,0.0,0.0,0.0,132.46511627906978,0.0,25.0,v1.0,2026-09-02T02:01:25.287339
MP_000609,MUKUL WASNIK (2022-28) (2022-2028),RAJYA_SABHA,RAJASTHAN,ELECTED MP,170,155,0,0.0,0.0,0.0,99.63225806451612,0.0,25.0,v1.0,2026-09-02T02:01:25.287339
MP_000610,SUDAMA PRASAD,LOK_SABHA,BIHAR,ARRAH,219,103,0,0.0,0.0,0.0,163.5631067961165,0.0,25.0,v1.0,2026-09-02T02:01:25.287339
MP_000611,RAKESH RATHOR,LOK_SABHA,UTTAR PRADESH,SITAPUR,71,50,0,0.0,0.0,0.0,69.06,0.0,25.0,v1.0,2026-09-02T02:01:25.287339
MP_000612,ASHOK SINGH (2024-30) (2024-2030),RAJYA_SABHA,MADHYA PRADESH,ELECTED MP,109,39,0,0.0,0.0,0.0,117.97435897435898,0.0,25.0,v1.0,2026-09-02T02:01:25.287339
MP_000613,KRISHNA PRASAD TENNETI,LOK_SABHA,ANDHRA PRADESH,BAPATLA,124,105,0,0.0,0.0,0.0,62.647619047619045,0.0,25.0,v1.0,2026-09-02T02:01:25.287339
MP_000614,BIJULI KALITA MEDHI,LOK_SABHA,ASSAM,GUWAHATI,150,99,0,0.0,0.0,0.0,168.91919191919192,0.0,25.0,v1.0,2026-09-02T02:01:25.287339
MP_000615,KAMLESH PASWAN,LOK_SABHA,UTTAR PRADESH,BANSGAON(SC),124,118,0,0.0,0.0,0.0,93.05084745762711,0.0,25.0,v1.0,2026-09-02T02:01:25.287339
MP_000616,CHANDRA PRAKASH JOSHI,LOK_SABHA,RAJASTHAN,CHITTORGARH,196,17,0,0.0,0.0,0.0,71.82352941176471,0.0,25.0,v1.0,2026-09-02T02:01:25.287339
MP_000617,BIPLAB KUMAR DEB,LOK_SABHA,TRIPURA,TRIPURA WEST,32,20,0,0.0,0.0,0.0,171.35,0.0,25.0,v1.0,2026-09-02T02:01:25.287339
MP_000618,PP CHAUDHARY,LOK_SABHA,RAJASTHAN,PALI,44,34,0,0.0,0.0,0.0,67.11764705882354,0.0,25.0,v1.0,2026-09-02T02:01:25.287339
MP_000619,SUNIL BOSE,LOK_SABHA,KARNATAKA,CHAMARAJANAGAR(SC),110,73,0,0.0,0.0,0.0,180.53424657534248,0.0,25.0,v1.0,2026-09-02T02:01:25.287339
MP_000620,KANIMOZHI KARUNANIDHI,LOK_SABHA,TAMIL NADU,THOOTHUKKUDI,52,28,0,0.0,0.0,0.0,298.4642857142857,0.0,25.0,v1.0,2026-09-02T02:01:25.287339
MP_000621,SMT. NIRMALA SITHARAMAN (2022-28) (2022-2028),RAJYA_SABHA,KARNATAKA,ELECTED MP,23,17,0,0.0,0.0,0.0,163.47058823529412,0.0,25.0,v1.0,2026-09-02T02:01:25.287339
MP_000622,GANAPATHY RAJKUMAR P,LOK_SABHA,TAMIL NADU,COIMBATORE,69,48,0,0.0,0.0,0.0,148.89583333333334,0.0,25.0,v1.0,2026-09-02T02:01:25.287339
MP_000623,KIRSAN NAMDEO,LOK_SABHA,MAHARASHTRA,GADCHIROLI-CHIMUR(ST),166,61,0,0.0,0.0,0.0,216.47540983606558,0.0,25.0,v1.0,2026-09-02T02:01:25.287339
MP_000624,SHANTANU THAKUR,LOK_SABHA,WEST BENGAL,BANGAON(SC),58,8,0,0.0,0.0,0.0,136.0,0.0,25.0,v1.0,2026-09-02T02:01:25.287339
MP_000625,JANARDAN SINGH SIGRIWAL,LOK_SABHA,BIHAR,MAHARAJGANJ_BR,74,68,0,0.0,0.0,0.0,34.55882352941177,0.0,25.0,v1.0,2026-09-02T02:01:25.287339
MP_000626,NITYANAND RAI,LOK_SABHA,BIHAR,UJJARPUR,94,70,0,0.0,0.0,0.0,185.1,0.0,25.0,v1.0,2026-09-02T02:01:25.287339
MP_000627,PRABHA MALLIKARJUN,LOK_SABHA,KARNATAKA,DAVANAGERE,97,71,0,0.0,0.0,0.0,154.1549295774648,0.0,25.0,v1.0,2026-09-02T02:01:25.287339
MP_000628,PRIYANKA SATISH JARKIHOLI,LOK_SABHA,KARNATAKA,CHIKKODI,157,27,0,0.0,0.0,0.0,292.8888888888889,0.0,25.0,v1.0,2026-09-02T02:01:25.287339
MP_000629,MAYANKKUMAR NAYAK (2024-30) (2024-2030),RAJYA_SABHA,GUJARAT,ELECTED MP,171,119,0,0.0,0.0,0.0,127.10084033613445,0.0,25.0,v1.0,2026-09-02T02:01:25.287339
MP_000630,B K PARTHASARATHI,LOK_SABHA,ANDHRA PRADESH,HINDUPUR,92,86,0,0.0,0.0,0.0,46.76744186046512,0.0,25.0,v1.0,2026-09-02T02:01:25.287339
MP_000631,PATEL UMESHBHAI BABUBHAI,LOK_SABHA,THE DADRA AND NAGAR HAVELI AND DAMAN AND DIU,DAMAN AND DIU,61,0,0,0.0,0.0,0.0,0.0,0.0,25.0,v1.0,2026-09-02T02:01:25.287339
MP_000632,VEENA DEVI,LOK_SABHA,BIHAR,VAISHALI,59,53,0,0.0,0.0,0.0,10.245283018867925,0.0,25.0,v1.0,2026-09-02T02:01:25.287339
MP_000633,PUTTA MAHESH KUMAR,LOK_SABHA,ANDHRA PRADESH,ELURU,113,100,0,0.0,0.0,0.0,175.17,0.0,25.0,v1.0,2026-09-02T02:01:25.287339
MP_000634,RAMBHUAL NISHAD,LOK_SABHA,UTTAR PRADESH,SULTANPUR,50,13,0,0.0,0.0,0.0,130.3846153846154,0.0,25.0,v1.0,2026-09-02T02:01:25.287339
MP_000635,KALIPADA SAREN,LOK_SABHA,WEST BENGAL,JHARGRAM(ST),63,46,0,0.0,0.0,0.0,100.69565217391305,0.0,25.0,v1.0,2026-09-02T02:01:25.287339
MP_000636,BAJRANG MANOHAR SONWANE,LOK_SABHA,MAHARASHTRA,BEED,100,39,0,0.0,0.0,0.0,389.8974358974359,0.0,25.0,v1.0,2026-09-02T02:01:25.287339
MP_000637,AJAY KUMAR MANDAL,LOK_SABHA,BIHAR,BHAGALPUR,74,73,0,0.0,0.0,0.0,42.3013698630137,0.0,25.0,v1.0,2026-09-02T02:01:25.287339
MP_000638,DHARMENDRA YADAV,LOK_SABHA,UTTAR PRADESH,AZAMGARH,67,65,0,0.0,0.0,0.0,53.292307692307695,0.0,25.0,v1.0,2026-09-02T02:01:25.287339
MP_000639,S.R. SIVALINGAM (2025-31) (2025-2031),RAJYA_SABHA,TAMIL NADU,ELECTED MP,54,26,0,0.0,0.0,0.0,136.76923076923077,0.0,25.0,v1.0,2026-09-02T02:01:25.287339
MP_000640,UMMEDA RAM BENIWAL,LOK_SABHA,RAJASTHAN,BARMER,184,164,0,0.0,0.0,0.0,69.22560975609755,0.0,25.0,v1.0,2026-09-02T02:01:25.287339
MP_000641,E. TUKARAM,LOK_SABHA,KARNATAKA,BELLARY(ST),91,23,0,0.0,0.0,0.0,155.82608695652175,0.0,25.0,v1.0,2026-09-02T02:01:25.287339
MP_000642,HIBI EDEN,LOK_SABHA,KERALA,ERNAKULAM,112,67,0,0.0,0.0,0.0,239.7462686567164,0.0,25.0,v1.0,2026-09-02T02:01:25.287339
MP_000643,AKSHAYA YADAV,LOK_SABHA,UTTAR PRADESH,FIROZABAD,43,42,0,0.0,0.0,0.0,48.42857142857143,0.0,25.0,v1.0,2026-09-02T02:01:25.287339
MP_000644,MURARI LAL MEENA,LOK_SABHA,RAJASTHAN,DAUSA(ST),111,61,0,0.0,0.0,0.0,91.70491803278688,0.0,25.0,v1.0,2026-09-02T02:01:25.287339
MP_000645,ARUN NEHRU,LOK_SABHA,TAMIL NADU,PERAMBALUR,82,63,0,0.0,0.0,0.0,187.20634920634922,0.0,25.0,v1.0,2026-09-02T02:01:25.287339
MP_000646,RUDRA NARAYAN PANY,LOK_SABHA,ODISHA,DHENKANAL,76,28,0,0.0,0.0,0.0,114.85714285714286,0.0,25.0,v1.0,2026-09-02T02:01:25.287339
MP_000647,JAGADISH SHETTAR,LOK_SABHA,KARNATAKA,BELGAUM,172,22,0,0.0,0.0,0.0,330.22727272727275,0.0,25.0,v1.0,2026-09-02T02:01:25.287339
MP_000648,K.R.N. RAJESHKUMAR (2022-28) (2022-2028),RAJYA_SABHA,TAMIL NADU,ELECTED MP,102,102,0,0.0,0.0,0.0,72.50980392156863,0.0,25.0,v1.0,2026-09-02T02:01:25.287339
MP_000649,JAYANTA KUMAR ROY,LOK_SABHA,WEST BENGAL,JALPAIGURI(SC),19,18,0,0.0,0.0,0.0,221.22222222222223,0.0,25.0,v1.0,2026-09-02T02:01:25.287339
MP_000650,RAKIBUL HUSSAIN,LOK_SABHA,ASSAM,DHUBRI,179,132,0,0.0,0.0,0.0,145.49242424242425,0.0,25.0,v1.0,2026-09-02T02:01:25.287339
MP_000651,LAVU SRI KRISHNA DEVARAYALU,LOK_SABHA,ANDHRA PRADESH,NARASARAOPET,131,42,0,0.0,0.0,0.0,31.523809523809526,0.0,25.0,v1.0,2026-09-02T02:01:25.287339
MP_000652,DEREK O' BRIEN (2023-29) (2023-2029),RAJYA_SABHA,WEST BENGAL,ELECTED MP,35,3,0,0.0,0.0,0.0,71.0,0.0,25.0,v1.0,2026-09-02T02:01:25.287339
MP_000653,SAMIRUL ISLAM (2023-29) (2023-2029),RAJYA_SABHA,WEST BENGAL,ELECTED MP,57,21,0,0.0,0.0,0.0,147.76190476190476,0.0,25.0,v1.0,2026-09-02T02:01:25.287339
MP_000654,SANJAY YADAV (2024-30) (2024-2030),RAJYA_SABHA,BIHAR,ELECTED MP,54,26,0,0.0,0.0,0.0,155.73076923076923,0.0,25.0,v1.0,2026-09-02T02:01:25.287339
MP_000655,MURLIDHAR MOHOL,LOK_SABHA,MAHARASHTRA,PUNE,99,19,0,0.0,0.0,0.0,273.57894736842104,0.0,25.0,v1.0,2026-09-02T02:01:25.287339
MP_000656,BISHNU PADA RAY,LOK_SABHA,ANDAMAN AND NICOBAR ISLANDS,ANDAMAN AND NICOBAR ISLANDS,29,13,0,0.0,0.0,0.0,127.0,0.0,25.0,v1.0,2026-09-02T02:01:25.287339
MP_000657,SMT. DARSHANA SINGH (2022-28) (2022-2028),RAJYA_SABHA,UTTAR PRADESH,ELECTED MP,47,46,0,0.0,0.0,0.0,31.67391304347826,0.0,25.0,v1.0,2026-09-02T02:01:25.287339
MP_000658,IQRA CHOUDHARY,LOK_SABHA,UTTAR PRADESH,KAIRANA,92,64,0,0.0,0.0,0.0,56.421875,0.0,25.0,v1.0,2026-09-02T02:01:25.287339
MP_000659,DUSHYANT SINGH,LOK_SABHA,RAJASTHAN,JHALAWAR-BARAN,196,6,0,0.0,0.0,0.0,37.333333333333336,0.0,25.0,v1.0,2026-09-02T02:01:25.287339
MP_000660,TANGELLA UDAY SRINIVAS,LOK_SABHA,ANDHRA PRADESH,KAKINADA,22,22,0,0.0,0.0,0.0,24.636363636363637,0.0,25.0,v1.0,2026-09-02T02:01:25.287339
MP_000661,SUNIL DATTATRAY TATKARE,LOK_SABHA,MAHARASHTRA,RAIGAD,62,51,0,0.0,0.0,0.0,136.09803921568627,0.0,25.0,v1.0,2026-09-02T02:01:25.287339
MP_000662,SADANAND MHALU SHET TANAVADE (2023-29) (2023-2029),RAJYA_SABHA,GOA,ELECTED MP,41,14,0,0.0,0.0,0.0,247.21428571428572,0.0,25.0,v1.0,2026-09-02T02:01:25.287339
MP_000663,VIRENDRA SINGH,LOK_SABHA,UTTAR PRADESH,CHANDAULI,32,29,0,0.0,0.0,0.0,38.793103448275865,0.0,25.0,v1.0,2026-09-02T02:01:25.287339
MP_000664,DHANORKAR PRATIBHA SURESH ALIAS BALUBHAU,LOK_SABHA,MAHARASHTRA,CHANDRAPUR,78,13,0,0.0,0.0,0.0,376.0769230769231,0.0,25.0,v1.0,2026-09-02T02:01:25.287339
MP_000665,VIKRAMJIT SINGH SAHNEY (2022-28) (2022-2028),RAJYA_SABHA,PUNJAB,ELECTED MP,61,50,0,0.0,0.0,0.0,54.78,0.0,25.0,v1.0,2026-09-02T02:01:25.287339
MP_000666,LAHAR SINGH SIROYA (2022-28) (2022-2028),RAJYA_SABHA,KARNATAKA,ELECTED MP,16,9,0,0.0,0.0,0.0,223.55555555555554,0.0,25.0,v1.0,2026-09-02T02:01:25.287339
MP_000667,THIRU DAYANIDHI MARAN,LOK_SABHA,TAMIL NADU,CHENNAI CENTRAL,12,5,0,0.0,0.0,0.0,260.6,0.0,25.0,v1.0,2026-09-02T02:01:25.287339
MP_000668,BANSHILAL GURJAR (2024-30) (2024-2030),RAJYA_SABHA,MADHYA PRADESH,ELECTED MP,81,50,0,0.0,0.0,0.0,105.34,0.0,25.0,v1.0,2026-09-02T02:01:25.287339
MP_000669,ASHWINI VAISHNAW (2024-30) (2024-2030),RAJYA_SABHA,ODISHA,ELECTED MP,17,12,0,0.0,0.0,0.0,113.0,0.0,25.0,v1.0,2026-09-02T02:01:25.287339
MP_000670,SUBHASH BARALA (2024-30) (2024-2030),RAJYA_SABHA,HARYANA,ELECTED MP,77,63,0,0.0,0.0,0.0,76.60317460317461,0.0,25.0,v1.0,2026-09-02T02:01:25.287339
MP_000671,SHATRUGHAN SINHA,LOK_SABHA,WEST BENGAL,ASANSOL,32,27,0,0.0,0.0,0.0,80.4074074074074,0.0,25.0,v1.0,2026-09-02T02:01:25.287339
MP_000672,AJEET MADHAVRAO GOPCHADE (2024-30) (2024-2030),RAJYA_SABHA,MAHARASHTRA,ELECTED MP,91,50,0,0.0,0.0,0.0,311.12,0.0,25.0,v1.0,2026-09-02T02:01:25.287339
MP_000673,TANUJ PUNIA,LOK_SABHA,UTTAR PRADESH,BARABANKI(SC),33,28,0,0.0,0.0,0.0,98.67857142857143,0.0,25.0,v1.0,2026-09-02T02:01:25.287339
MP_000674,MS. DOLA SEN (2023-29) (2023-2029),RAJYA_SABHA,WEST BENGAL,ELECTED MP,27,20,0,0.0,0.0,0.0,90.45,0.0,25.0,v1.0,2026-09-02T02:01:25.287339
MP_000675,ARUN KUMAR SAGAR,LOK_SABHA,UTTAR PRADESH,SHAHJAHANPUR(SC),7,7,0,0.0,0.0,0.0,30.714285714285715,0.0,25.0,v1.0,2026-09-02T02:01:25.287339
MP_000676,PRATAP CHANDRA SARANGI,LOK_SABHA,ODISHA,BALASORE,127,21,0,0.0,0.0,0.0,60.904761904761905,0.0,25.0,v1.0,2026-09-02T02:01:25.287339
MP_000677,NEERAJ DANGI (2026-32) (2026-2032),RAJYA_SABHA,RAJASTHAN,ELECTED MP,4,4,0,0.0,0.0,0.0,15.0,0.0,25.0,v1.0,2026-09-02T02:01:25.287339
MP_000678,SAJJAD AHMAD KICHLOO (2025-31) (2025-2031),RAJYA_SABHA,JAMMU AND KASHMIR,ELECTED MP,18,0,0,0.0,0.0,0.0,0.0,0.0,25.0,v1.0,2026-09-02T02:01:25.287339
MP_000679,CHANDRAKANT DAMODAR HANDORE (2024-30) (2024-2030),RAJYA_SABHA,MAHARASHTRA,ELECTED MP,38,26,0,0.0,0.0,0.0,206.84615384615384,0.0,25.0,v1.0,2026-09-02T02:01:25.287339
MP_000680,KISHAN REDDY GANGAPURAM,LOK_SABHA,TELANGANA,SECUNDERABAD,38,16,0,0.0,0.0,0.0,152.75,0.0,25.0,v1.0,2026-09-02T02:01:25.287339
MP_000681,PRAVEEN PATEL,LOK_SABHA,UTTAR PRADESH,PHULPUR,24,24,0,0.0,0.0,0.0,31.833333333333332,0.0,25.0,v1.0,2026-09-02T02:01:25.287339
MP_000682,SK NURUL ISLAM,LOK_SABHA,WEST BENGAL,BASIRHAT,32,18,0,0.0,0.0,0.0,295.22222222222223,0.0,25.0,v1.0,2026-09-02T02:01:25.287339
MP_000683,VAMSI KRISHNA GADDAM,LOK_SABHA,TELANGANA,PEDDAPALLE,71,35,0,0.0,0.0,0.0,161.22857142857143,0.0,25.0,v1.0,2026-09-02T02:01:25.287339
MP_000684,AJAY MAKAN (2024-30) (2024-2030),RAJYA_SABHA,KARNATAKA,ELECTED MP,11,3,0,0.0,0.0,0.0,107.0,0.0,25.0,v1.0,2026-09-02T02:01:25.287339
MP_000685,SWAMI SACHCHIDANANDHARI SAKSHI JI MAHARAJ,LOK_SABHA,UTTAR PRADESH,UNNAO,88,76,0,0.0,0.0,0.0,76.44736842105263,0.0,25.0,v1.0,2026-09-02T02:01:25.287339
MP_000686,C. SADANANDAN MASTER (2025-31) (2025-2031),RAJYA_SABHA,KERALA,NOMINATED MP,35,17,0,0.0,0.0,0.0,247.58823529411765,0.0,25.0,v1.0,2026-09-02T02:01:25.287339
MP_000687,NAGENDRA RAY (2023-29) (2023-2029),RAJYA_SABHA,WEST BENGAL,ELECTED MP,22,21,0,0.0,0.0,0.0,267.6190476190476,0.0,25.0,v1.0,2026-09-02T02:01:25.287339
MP_000688,SELVAGANAPATHI T M,LOK_SABHA,TAMIL NADU,SALEM,17,2,0,0.0,0.0,0.0,277.5,0.0,25.0,v1.0,2026-09-02T02:01:25.287339
MP_000689,SMT. SAGARIKA GHOSE (2024-30) (2024-2030),RAJYA_SABHA,WEST BENGAL,ELECTED MP,13,13,0,0.0,0.0,0.0,88.23076923076923,0.0,25.0,v1.0,2026-09-02T02:01:25.287339
MP_000690,JAYANT CHAUDHARY (2022-28) (2022-2028),RAJYA_SABHA,UTTAR PRADESH,ELECTED MP,24,17,0,0.0,0.0,0.0,225.88235294117646,0.0,25.0,v1.0,2026-09-02T02:01:25.287339
MP_000691,ASHOK KUMAR RAWAT,LOK_SABHA,UTTAR PRADESH,MISRIKH(SC),5,4,0,0.0,0.0,0.0,38.5,0.0,25.0,v1.0,2026-09-02T02:01:25.287339
MP_000692,ANUPRIYA PATEL,LOK_SABHA,UTTAR PRADESH,MIRZAPUR,10,10,0,0.0,0.0,0.0,29.8,0.0,25.0,v1.0,2026-09-02T02:01:25.287339
MP_000693,SMT. RAJATHI (2025-31) (2025-2031),RAJYA_SABHA,TAMIL NADU,ELECTED MP,55,24,0,0.0,0.0,0.0,87.20833333333333,0.0,25.0,v1.0,2026-09-02T02:01:25.287339
MP_000694,ALFRED KANNGAM S ARTHUR,LOK_SABHA,MANIPUR,OUTER MANIPUR(ST),36,31,0,0.0,0.0,0.0,54.0,0.0,25.0,v1.0,2026-09-02T02:01:25.287339
MP_000695,PRATAPRAO JADHAV,LOK_SABHA,MAHARASHTRA,BULDHANA,68,2,0,0.0,0.0,0.0,53.0,0.0,25.0,v1.0,2026-09-02T02:01:25.287339
MP_000696,DHAIRYASHEEL SAMBHAJIRAO MANE,LOK_SABHA,MAHARASHTRA,HATKANANGLE,17,9,0,0.0,0.0,0.0,133.88888888888889,0.0,25.0,v1.0,2026-09-02T02:01:25.287339
MP_000697,NEERAJ MAURYA,LOK_SABHA,UTTAR PRADESH,AONLA,36,19,0,0.0,0.0,0.0,26.36842105263158,0.0,25.0,v1.0,2026-09-02T02:01:25.287339
MP_000698,DEVENDRA PRATAP SINGH (2024-30) (2024-2030),RAJYA_SABHA,CHHATTISGARH,ELECTED MP,17,14,0,0.0,0.0,0.0,70.0,0.0,25.0,v1.0,2026-09-02T02:01:25.287339
MP_000699,SUDIP BANDYOPADHYAY,LOK_SABHA,WEST BENGAL,KOLKATA UTTAR,37,34,0,0.0,0.0,0.0,60.294117647058826,0.0,25.0,v1.0,2026-09-02T02:01:25.287339
MP_000700,MOHAMMED NADIMUL HAQUE (2024-30) (2024-2030),RAJYA_SABHA,WEST BENGAL,ELECTED MP,19,9,0,0.0,0.0,0.0,33.77777777777778,0.0,25.0,v1.0,2026-09-02T02:01:25.287339
MP_000701,ANIL BALUNI,LOK_SABHA,UTTARAKHAND,GARHWAL,12,10,0,0.0,0.0,0.0,133.1,0.0,25.0,v1.0,2026-09-02T02:01:25.287339
MP_000702,PARTHA BHOWMICK,LOK_SABHA,WEST BENGAL,BARRACKPUR,32,10,0,0.0,0.0,0.0,261.4,0.0,25.0,v1.0,2026-09-02T02:01:25.287339
MP_000703,SANTRUPT MISRA (2026-32) (2026-2032),RAJYA_SABHA,ODISHA,ELECTED MP,11,5,0,0.0,0.0,0.0,25.0,0.0,25.0,v1.0,2026-09-02T02:01:25.287339
MP_000704,KAMAL HAASAN (2025-31) (2025-2031),RAJYA_SABHA,TAMIL NADU,ELECTED MP,4,0,0,0.0,0.0,0.0,0.0,0.0,25.0,v1.0,2026-09-02T02:01:25.287339
MP_000705,SMT. ADHIKARIMAYUM SHARDA DEVI (2026-32) (2026-2032),RAJYA_SABHA,MANIPUR,ELECTED MP,10,1,0,0.0,0.0,0.0,13.0,0.0,25.0,v1.0,2026-09-02T02:01:25.287339
MP_000706,UJJWAL RAMAN SINGH,LOK_SABHA,UTTAR PRADESH,ALLAHABAD,31,31,0,0.0,0.0,0.0,88.74193548387096,0.0,25.0,v1.0,2026-09-02T02:01:25.287339
MP_000707,MEENAKSHI JAIN (2025-31) (2025-2031),RAJYA_SABHA,DELHI,NOMINATED MP,10,4,0,0.0,0.0,0.0,90.5,0.0,25.0,v1.0,2026-09-02T02:01:25.287339
MP_000708,RADHAKRISHNA,LOK_SABHA,KARNATAKA,GULBARGA(SC),29,15,0,0.0,0.0,0.0,117.26666666666667,0.0,25.0,v1.0,2026-09-02T02:01:25.287339
MP_000709,NISHIKANT DUBEY,LOK_SABHA,JHARKHAND,GODDA,2,0,0,0.0,0.0,0.0,0.0,0.0,25.0,v1.0,2026-09-02T02:01:25.287339
MP_000710,SHYAMKUMAR,LOK_SABHA,MAHARASHTRA,RAMTEK(SC),35,6,0,0.0,0.0,0.0,150.0,0.0,25.0,v1.0,2026-09-02T02:01:25.287339
MP_000711,RAM NATH THAKUR (2026-32) (2026-2032),RAJYA_SABHA,BIHAR,ELECTED MP,33,5,0,0.0,0.0,0.0,30.4,0.0,25.0,v1.0,2026-09-02T02:01:25.287339
MP_000712,RAGHAV CHADHA (2022-28) (2022-2028),RAJYA_SABHA,PUNJAB,ELECTED MP,6,6,0,0.0,0.0,0.0,63.0,0.0,25.0,v1.0,2026-09-02T02:01:25.287339
MP_000713,SMT. SADHNA SINGH (2024-30) (2024-2030),RAJYA_SABHA,UTTAR PRADESH,ELECTED MP,18,17,0,0.0,0.0,0.0,34.23529411764706,0.0,25.0,v1.0,2026-09-02T02:01:25.287339
MP_000714,DILIP KUMAR RAY (2026-32) (2026-2032),RAJYA_SABHA,ODISHA,ELECTED MP,22,0,0,0.0,0.0,0.0,0.0,0.0,25.0,v1.0,2026-09-02T02:01:25.287339
MP_000715,LINGAMANENI RAMESH (2026-32) (2026-2032),RAJYA_SABHA,ANDHRA PRADESH,ELECTED MP,1,0,0,0.0,0.0,0.0,0.0,0.0,25.0,v1.0,2026-09-02T02:01:25.287339
MP_000716,RAJIV PRATAP RUDY,LOK_SABHA,BIHAR,SARAN,12,9,0,0.0,0.0,0.0,57.22222222222222,0.0,25.0,v1.0,2026-09-02T02:01:25.287339
MP_000717,SMT. MAYA CHINTAMAN IVNATE (2026-32) (2026-2032),RAJYA_SABHA,MAHARASHTRA,ELECTED MP,20,0,0,0.0,0.0,0.0,0.0,0.0,25.0,v1.0,2026-09-02T02:01:25.287339
MP_000718,PRAVEEN CHAKRAVARTHY (2026-28) (2026-2028),RAJYA_SABHA,TAMIL NADU,ELECTED MP,1,0,0,0.0,0.0,0.0,0.0,0.0,25.0,v1.0,2026-09-02T02:01:25.287339
MP_000719,SANJAY BHATIA (2026-32) (2026-2032),RAJYA_SABHA,HARYANA,ELECTED MP,1,0,0,0.0,0.0,0.0,0.0,0.0,25.0,v1.0,2026-09-02T02:01:25.287339
MP_000720,MS. SWATI MALIWAL (2024-30) (2024-2030),RAJYA_SABHA,DELHI,ELECTED MP,3,0,0,0.0,0.0,0.0,0.0,0.0,25.0,v1.0,2026-09-02T02:01:25.287339
MP_000721,MANSOOR ALI KHAN (2026-32) (2026-2032),RAJYA_SABHA,KARNATAKA,ELECTED MP,3,0,0,0.0,0.0,0.0,0.0,0.0,25.0,v1.0,2026-09-02T02:01:25.287339
MP_000722,RAJIV RANJAN (LALAN) SINGH,LOK_SABHA,BIHAR,MUNGER,1,0,0,0.0,0.0,0.0,0.0,0.0,25.0,v1.0,2026-09-02T02:01:25.287339
MP_000723,BHUPATHIRAJU SRINIVASA VARMA,LOK_SABHA,ANDHRA PRADESH,NARASAPURAM,1,1,0,0.0,0.0,0.0,35.0,0.0,25.0,v1.0,2026-09-02T02:01:25.287339
MP_000724,KALABEN MOHANBHAI DELKAR,LOK_SABHA,THE DADRA AND NAGAR HAVELI AND DAMAN AND DIU,DADRA & NAGAR HAVELI (ST),2,0,0,0.0,0.0,0.0,0.0,0.0,25.0,v1.0,2026-09-02T02:01:25.287339
MP_000725,BHASHYAM RAMA KRISHNA (2026-32) (2026-2032),RAJYA_SABHA,ANDHRA PRADESH,ELECTED MP,1,0,0,0.0,0.0,0.0,0.0,0.0,25.0,v1.0,2026-09-02T02:01:25.287339
MP_000726,SMT. LAXMI VERMA (2026-32) (2026-2032),RAJYA_SABHA,CHHATTISGARH,ELECTED MP,2,2,0,0.0,0.0,0.0,14.0,0.0,25.0,v1.0,2026-09-02T02:01:25.287339
MP_000727,SHRIKANT EKNATH SHINDE,LOK_SABHA,MAHARASHTRA,KALYAN,2,1,0,0.0,0.0,0.0,78.0,0.0,25.0,v1.0,2026-09-02T02:01:25.287339
