canonical_work_id,source_parliament,source_dataset,source_row_id,matched_dataset,matched_row_id,official_work_id,match_method,match_score,confidence_level,review_status
CW_000001,lok_sabha,completed,92,expenditure,1106,WS/MP18152/2026-2027/274264,exact_multi_field,98.0,HIGH,auto_matched
CW_000001,lok_sabha,completed,95,expenditure,1106,WS/MP18152/2026-2027/274264,exact_multi_field,98.0,HIGH,auto_matched
CW_000001,lok_sabha,completed,97,expenditure,1106,WS/MP18152/2026-2027/274264,exact_multi_field,98.0,HIGH,auto_matched
CW_000001,lok_sabha,completed,99,expenditure,1106,WS/MP18152/2026-2027/274264,exact_multi_field,98.0,HIGH,auto_matched
CW_000001,lok_sabha,completed,101,expenditure,1106,WS/MP18152/2026-2027/274264,exact_multi_field,98.0,HIGH,auto_matched
CW_000001,lok_sabha,completed,90,expenditure,1106,WS/MP18152/2026-2027/274264,exact_multi_field,98.0,HIGH,auto_matched
CW_000001,lok_sabha,completed,96,expenditure,1106,WS/MP18152/2026-2027/274264,exact_multi_field,98.0,HIGH,auto_matched
CW_000001,lok_sabha,completed,94,expenditure,1106,WS/MP18152/2026-2027/274264,exact_multi_field,98.0,HIGH,auto_matched
CW_000001,lok_sabha,completed,100,expenditure,1106,WS/MP18152/2026-2027/274264,exact_multi_field,98.0,HIGH,auto_matched
CW_000001,lok_sabha,completed,85,expenditure,1106,WS/MP18152/2026-2027/274264,exact_multi_field,98.0,HIGH,auto_matched
CW_000001,lok_sabha,completed,91,expenditure,1106,WS/MP18152/2026-2027/274264,exact_multi_field,98.0,HIGH,auto_matched
CW_000001,lok_sabha,completed,93,expenditure,1106,WS/MP18152/2026-2027/274264,exact_multi_field,98.0,HIGH,auto_matched
CW_000001,lok_sabha,completed,103,expenditure,1106,WS/MP18152/2026-2027/274264,exact_multi_field,98.0,HIGH,auto_matched
CW_000001,lok_sabha,completed,98,expenditure,1106,WS/MP18152/2026-2027/274264,exact_multi_field,98.0,HIGH,auto_matched
CW_000001,lok_sabha,completed,102,expenditure,1106,WS/MP18152/2026-2027/274264,fuzzy_multi_field,90.18,HIGH,auto_matched
CW_000002,lok_sabha,completed,135,expenditure,1216,WS/MP18153/2025-2026/212832,fuzzy_multi_field,85.35,HIGH,auto_matched
CW_000001,lok_sabha,completed,104,expenditure,1106,WS/MP18152/2026-2027/274264,fuzzy_multi_field,90.18,HIGH,auto_matched
CW_000002,lok_sabha,completed,135,expenditure,857,WS/MP18153/2025-2026/229090,fuzzy_multi_field,85.33,HIGH,auto_matched
CW_000002,lok_sabha,completed,135,expenditure,1081,WS/MP18153/2025-2026/205302,fuzzy_multi_field,85.34,HIGH,auto_matched
CW_000002,lok_sabha,completed,135,expenditure,1217,WS/MP18153/2025-2026/205305,fuzzy_multi_field,85.35,HIGH,auto_matched
CW_000002,lok_sabha,completed,135,expenditure,1215,WS/MP18153/2025-2026/205301,fuzzy_multi_field,85.33,HIGH,auto_matched
CW_000001,lok_sabha,completed,89,expenditure,1106,WS/MP18152/2026-2027/274264,fuzzy_multi_field,89.31,HIGH,auto_matched
CW_000002,lok_sabha,completed,135,expenditure,1214,WS/MP18153/2025-2026/212830,fuzzy_multi_field,85.34,HIGH,auto_matched
CW_000003,lok_sabha,completed,125,recommended,332,,exact_multi_field,98.0,HIGH,auto_matched
CW_000004,lok_sabha,completed,1085,recommended,1244,,exact_multi_field,98.0,HIGH,auto_matched
CW_000005,lok_sabha,completed,1092,recommended,1243,,exact_multi_field,98.0,HIGH,auto_matched
CW_000006,lok_sabha,completed,1076,recommended,1231,,exact_multi_field,98.0,HIGH,auto_matched
CW_000007,lok_sabha,completed,1183,recommended,514,,exact_multi_field,98.0,HIGH,auto_matched
CW_000008,lok_sabha,completed,213,recommended,971,,exact_multi_field,98.0,HIGH,auto_matched
CW_000009,lok_sabha,completed,1098,recommended,1233,,exact_multi_field,98.0,HIGH,auto_matched
CW_000010,lok_sabha,completed,1091,recommended,1235,,exact_multi_field,98.0,HIGH,auto_matched
CW_000011,lok_sabha,completed,1094,recommended,1242,,exact_multi_field,98.0,HIGH,auto_matched
CW_000012,lok_sabha,completed,178,recommended,909,,exact_multi_field,98.0,HIGH,auto_matched
CW_000013,lok_sabha,completed,1081,recommended,1238,,exact_multi_field,98.0,HIGH,auto_matched
CW_000014,lok_sabha,completed,1090,recommended,1232,,exact_multi_field,98.0,HIGH,auto_matched
CW_000015,lok_sabha,completed,531,recommended,1326,,exact_multi_field,98.0,HIGH,auto_matched
CW_000013,lok_sabha,completed,1081,recommended,1219,,exact_multi_field,98.0,HIGH,auto_matched
CW_000016,lok_sabha,completed,1189,recommended,515,,exact_multi_field,98.0,HIGH,auto_matched
CW_000017,lok_sabha,completed,1096,recommended,1242,,exact_multi_field,98.0,HIGH,auto_matched
CW_000018,lok_sabha,completed,1077,recommended,1234,,exact_multi_field,98.0,HIGH,auto_matched
CW_000019,lok_sabha,completed,63,recommended,783,,exact_multi_field,98.0,HIGH,auto_matched
CW_000020,lok_sabha,completed,241,recommended,1097,,exact_multi_field,98.0,HIGH,auto_matched
CW_000021,lok_sabha,completed,606,recommended,853,,exact_multi_field,98.0,HIGH,auto_matched
CW_000014,lok_sabha,completed,1090,recommended,1217,,exact_multi_field,98.0,HIGH,auto_matched
CW_000022,lok_sabha,completed,1083,recommended,1219,,exact_multi_field,98.0,HIGH,auto_matched
CW_000009,lok_sabha,completed,1098,recommended,1244,,exact_multi_field,98.0,HIGH,auto_matched
CW_000023,lok_sabha,completed,1099,recommended,1212,,exact_multi_field,98.0,HIGH,auto_matched
CW_000014,lok_sabha,completed,1090,recommended,1247,,exact_multi_field,98.0,HIGH,auto_matched
CW_000024,lok_sabha,completed,1075,recommended,1213,,exact_multi_field,98.0,HIGH,auto_matched
CW_000025,lok_sabha,completed,552,recommended,1345,,exact_multi_field,98.0,HIGH,auto_matched
CW_000026,lok_sabha,completed,1186,recommended,516,,exact_multi_field,98.0,HIGH,auto_matched
CW_000027,lok_sabha,completed,945,recommended,169,,exact_multi_field,98.0,HIGH,auto_matched
CW_000005,lok_sabha,completed,1092,recommended,1247,,exact_multi_field,98.0,HIGH,auto_matched
CW_000024,lok_sabha,completed,1075,recommended,1247,,exact_multi_field,98.0,HIGH,auto_matched
CW_000028,lok_sabha,completed,1084,recommended,1241,,exact_multi_field,98.0,HIGH,auto_matched
CW_000029,lok_sabha,completed,1188,recommended,516,,exact_multi_field,98.0,HIGH,auto_matched
CW_000030,lok_sabha,completed,1192,recommended,1353,,exact_multi_field,98.0,HIGH,auto_matched
CW_000031,lok_sabha,completed,548,recommended,1339,,exact_multi_field,98.0,HIGH,auto_matched
CW_000032,lok_sabha,completed,540,recommended,1333,,exact_multi_field,98.0,HIGH,auto_matched
CW_000033,lok_sabha,completed,989,recommended,1306,,exact_multi_field,98.0,HIGH,auto_matched
CW_000034,lok_sabha,completed,1093,recommended,1214,,exact_multi_field,98.0,HIGH,auto_matched
CW_000035,lok_sabha,completed,348,recommended,795,,exact_multi_field,98.0,HIGH,auto_matched
CW_000036,lok_sabha,completed,1097,recommended,1235,,exact_multi_field,98.0,HIGH,auto_matched
CW_000034,lok_sabha,completed,1093,recommended,1244,,exact_multi_field,98.0,HIGH,auto_matched
CW_000006,lok_sabha,completed,1076,recommended,1244,,exact_multi_field,98.0,HIGH,auto_matched
CW_000036,lok_sabha,completed,1097,recommended,1216,,exact_multi_field,98.0,HIGH,auto_matched
CW_000036,lok_sabha,completed,1097,recommended,1246,,exact_multi_field,98.0,HIGH,auto_matched
CW_000037,lok_sabha,completed,39,recommended,1161,,exact_multi_field,98.0,HIGH,auto_matched
CW_000038,lok_sabha,completed,107,recommended,398,,exact_multi_field,98.0,HIGH,auto_matched
CW_000018,lok_sabha,completed,1077,recommended,1238,,exact_multi_field,98.0,HIGH,auto_matched
CW_000039,lok_sabha,completed,226,recommended,974,,exact_multi_field,98.0,HIGH,auto_matched
CW_000040,lok_sabha,completed,1128,recommended,1370,,exact_multi_field,98.0,HIGH,auto_matched
CW_000006,lok_sabha,completed,1076,recommended,1206,,exact_multi_field,98.0,HIGH,auto_matched
CW_000041,lok_sabha,completed,150,recommended,213,,exact_multi_field,98.0,HIGH,auto_matched
CW_000010,lok_sabha,completed,1091,recommended,1229,,exact_multi_field,98.0,HIGH,auto_matched
CW_000042,lok_sabha,completed,326,recommended,215,,exact_multi_field,98.0,HIGH,auto_matched
CW_000043,lok_sabha,completed,1082,recommended,1245,,exact_multi_field,98.0,HIGH,auto_matched
CW_000044,lok_sabha,completed,48,recommended,561,,exact_multi_field,98.0,HIGH,auto_matched
CW_000013,lok_sabha,completed,1081,recommended,1213,,exact_multi_field,98.0,HIGH,auto_matched
CW_000045,lok_sabha,completed,1078,recommended,1235,,exact_multi_field,98.0,HIGH,auto_matched
CW_000016,lok_sabha,completed,1189,recommended,509,,exact_multi_field,98.0,HIGH,auto_matched
CW_000013,lok_sabha,completed,1081,recommended,1243,,exact_multi_field,98.0,HIGH,auto_matched
CW_000046,lok_sabha,completed,555,recommended,1348,,exact_multi_field,98.0,HIGH,auto_matched
CW_000017,lok_sabha,completed,1096,recommended,1217,,exact_multi_field,98.0,HIGH,auto_matched
CW_000022,lok_sabha,completed,1083,recommended,1232,,exact_multi_field,98.0,HIGH,auto_matched
CW_000028,lok_sabha,completed,1084,recommended,1245,,exact_multi_field,98.0,HIGH,auto_matched
CW_000047,lok_sabha,completed,1302,recommended,1355,,exact_multi_field,98.0,HIGH,auto_matched
CW_000048,lok_sabha,completed,1095,recommended,1240,,exact_multi_field,98.0,HIGH,auto_matched
CW_000022,lok_sabha,completed,1083,recommended,1213,,exact_multi_field,98.0,HIGH,auto_matched
CW_000049,lok_sabha,completed,245,recommended,989,,exact_multi_field,98.0,HIGH,auto_matched
CW_000050,lok_sabha,completed,1191,recommended,509,,exact_multi_field,98.0,HIGH,auto_matched
CW_000022,lok_sabha,completed,1083,recommended,1243,,exact_multi_field,98.0,HIGH,auto_matched
CW_000051,lok_sabha,completed,504,recommended,824,,exact_multi_field,98.0,HIGH,auto_matched
CW_000052,lok_sabha,completed,220,recommended,904,,exact_multi_field,98.0,HIGH,auto_matched
CW_000009,lok_sabha,completed,1098,recommended,1246,,exact_multi_field,98.0,HIGH,auto_matched
CW_000053,lok_sabha,completed,34,recommended,1460,,exact_multi_field,98.0,HIGH,auto_matched
CW_000054,lok_sabha,completed,55,recommended,762,,exact_multi_field,98.0,HIGH,auto_matched
CW_000007,lok_sabha,completed,1183,recommended,512,,exact_multi_field,98.0,HIGH,auto_matched
CW_000055,lok_sabha,completed,663,recommended,1310,,exact_multi_field,98.0,HIGH,auto_matched
CW_000056,lok_sabha,completed,59,recommended,763,,exact_multi_field,98.0,HIGH,auto_matched
CW_000057,lok_sabha,completed,1187,recommended,514,,exact_multi_field,98.0,HIGH,auto_matched
CW_000010,lok_sabha,completed,1091,recommended,1233,,exact_multi_field,98.0,HIGH,auto_matched
CW_000058,lok_sabha,completed,990,recommended,1307,,exact_multi_field,98.0,HIGH,auto_matched
CW_000059,lok_sabha,completed,252,recommended,996,,exact_multi_field,98.0,HIGH,auto_matched
CW_000010,lok_sabha,completed,1091,recommended,1214,,exact_multi_field,98.0,HIGH,auto_matched
CW_000014,lok_sabha,completed,1090,recommended,1230,,exact_multi_field,98.0,HIGH,auto_matched
CW_000004,lok_sabha,completed,1085,recommended,1238,,exact_multi_field,98.0,HIGH,auto_matched
CW_000011,lok_sabha,completed,1094,recommended,1232,,exact_multi_field,98.0,HIGH,auto_matched
CW_000013,lok_sabha,completed,1081,recommended,1247,,exact_multi_field,98.0,HIGH,auto_matched
CW_000014,lok_sabha,completed,1090,recommended,1241,,exact_multi_field,98.0,HIGH,auto_matched
CW_000018,lok_sabha,completed,1077,recommended,1232,,exact_multi_field,98.0,HIGH,auto_matched
CW_000060,lok_sabha,completed,314,recommended,459,,exact_multi_field,98.0,HIGH,auto_matched
CW_000061,lok_sabha,completed,497,recommended,647,,exact_multi_field,98.0,HIGH,auto_matched
CW_000018,lok_sabha,completed,1077,recommended,1213,,exact_multi_field,98.0,HIGH,auto_matched
CW_000048,lok_sabha,completed,1095,recommended,1238,,exact_multi_field,98.0,HIGH,auto_matched
CW_000062,lok_sabha,completed,484,recommended,826,,exact_multi_field,98.0,HIGH,auto_matched
CW_000023,lok_sabha,completed,1099,recommended,1210,,exact_multi_field,98.0,HIGH,auto_matched
CW_000048,lok_sabha,completed,1095,recommended,1219,,exact_multi_field,98.0,HIGH,auto_matched
CW_000017,lok_sabha,completed,1096,recommended,1232,,exact_multi_field,98.0,HIGH,auto_matched
CW_000022,lok_sabha,completed,1083,recommended,1247,,exact_multi_field,98.0,HIGH,auto_matched
CW_000063,lok_sabha,completed,1079,recommended,1232,,exact_multi_field,98.0,HIGH,auto_matched
CW_000009,lok_sabha,completed,1098,recommended,1231,,exact_multi_field,98.0,HIGH,auto_matched
CW_000064,lok_sabha,completed,1048,recommended,1146,,exact_multi_field,98.0,HIGH,auto_matched
CW_000048,lok_sabha,completed,1095,recommended,1234,,exact_multi_field,98.0,HIGH,auto_matched
CW_000036,lok_sabha,completed,1097,recommended,1229,,exact_multi_field,98.0,HIGH,auto_matched
CW_000065,lok_sabha,completed,1440,recommended,665,,exact_multi_field,98.0,HIGH,auto_matched
CW_000066,lok_sabha,completed,18,recommended,14,,exact_multi_field,98.0,HIGH,auto_matched
CW_000005,lok_sabha,completed,1092,recommended,1237,,exact_multi_field,98.0,HIGH,auto_matched
CW_000067,lok_sabha,completed,228,recommended,983,,exact_multi_field,98.0,HIGH,auto_matched
CW_000068,lok_sabha,completed,1074,recommended,1224,,exact_multi_field,98.0,HIGH,auto_matched
CW_000024,lok_sabha,completed,1075,recommended,1237,,exact_multi_field,98.0,HIGH,auto_matched
CW_000001,lok_sabha,completed,95,recommended,1157,,exact_multi_field,98.0,HIGH,auto_matched
CW_000069,lok_sabha,completed,19,recommended,0,,exact_multi_field,98.0,HIGH,auto_matched
CW_000036,lok_sabha,completed,1097,recommended,1214,,exact_multi_field,98.0,HIGH,auto_matched
CW_000070,lok_sabha,completed,227,recommended,975,,exact_multi_field,98.0,HIGH,auto_matched
CW_000011,lok_sabha,completed,1094,recommended,1236,,exact_multi_field,98.0,HIGH,auto_matched
CW_000014,lok_sabha,completed,1090,recommended,1245,,exact_multi_field,98.0,HIGH,auto_matched
CW_000036,lok_sabha,completed,1097,recommended,1244,,exact_multi_field,98.0,HIGH,auto_matched
CW_000018,lok_sabha,completed,1077,recommended,1236,,exact_multi_field,98.0,HIGH,auto_matched
CW_000071,lok_sabha,completed,524,recommended,134,,exact_multi_field,98.0,HIGH,auto_matched
CW_000001,lok_sabha,completed,97,recommended,1157,,exact_multi_field,98.0,HIGH,auto_matched
CW_000034,lok_sabha,completed,1093,recommended,1234,,exact_multi_field,98.0,HIGH,auto_matched
CW_000018,lok_sabha,completed,1077,recommended,1217,,exact_multi_field,98.0,HIGH,auto_matched
CW_000006,lok_sabha,completed,1076,recommended,1234,,exact_multi_field,98.0,HIGH,auto_matched
CW_000007,lok_sabha,completed,1183,recommended,517,,exact_multi_field,98.0,HIGH,auto_matched
CW_000072,lok_sabha,completed,500,recommended,823,,exact_multi_field,98.0,HIGH,auto_matched
CW_000002,lok_sabha,completed,135,recommended,341,,exact_multi_field,98.0,HIGH,auto_matched
CW_000063,lok_sabha,completed,1079,recommended,1236,,exact_multi_field,98.0,HIGH,auto_matched
CW_000073,lok_sabha,completed,249,recommended,993,,exact_multi_field,98.0,HIGH,auto_matched
CW_000074,lok_sabha,completed,127,recommended,335,,exact_multi_field,98.0,HIGH,auto_matched
CW_000063,lok_sabha,completed,1079,recommended,1217,,exact_multi_field,98.0,HIGH,auto_matched
CW_000045,lok_sabha,completed,1078,recommended,1233,,exact_multi_field,98.0,HIGH,auto_matched
CW_000075,lok_sabha,completed,57,recommended,766,,exact_multi_field,98.0,HIGH,auto_matched
CW_000013,lok_sabha,completed,1081,recommended,1241,,exact_multi_field,98.0,HIGH,auto_matched
CW_000076,lok_sabha,completed,81,recommended,222,,exact_multi_field,98.0,HIGH,auto_matched
CW_000045,lok_sabha,completed,1078,recommended,1214,,exact_multi_field,98.0,HIGH,auto_matched
CW_000077,lok_sabha,completed,574,recommended,184,,exact_multi_field,98.0,HIGH,auto_matched
CW_000043,lok_sabha,completed,1082,recommended,1235,,exact_multi_field,98.0,HIGH,auto_matched
CW_000026,lok_sabha,completed,1186,recommended,510,,exact_multi_field,98.0,HIGH,auto_matched
CW_000045,lok_sabha,completed,1078,recommended,1244,,exact_multi_field,98.0,HIGH,auto_matched
CW_000078,lok_sabha,completed,523,recommended,135,,exact_multi_field,98.0,HIGH,auto_matched
CW_000022,lok_sabha,completed,1083,recommended,1241,,exact_multi_field,98.0,HIGH,auto_matched
CW_000079,lok_sabha,completed,217,recommended,973,,exact_multi_field,98.0,HIGH,auto_matched
CW_000029,lok_sabha,completed,1188,recommended,510,,exact_multi_field,98.0,HIGH,auto_matched
CW_000080,lok_sabha,completed,0,recommended,15,,exact_multi_field,98.0,HIGH,auto_matched
CW_000081,lok_sabha,completed,1049,recommended,1143,,exact_multi_field,98.0,HIGH,auto_matched
CW_000082,lok_sabha,completed,549,recommended,1340,,exact_multi_field,98.0,HIGH,auto_matched
CW_000083,lok_sabha,completed,256,recommended,1000,,exact_multi_field,98.0,HIGH,auto_matched
CW_000084,lok_sabha,completed,543,recommended,1334,,exact_multi_field,98.0,HIGH,auto_matched
CW_000085,lok_sabha,completed,672,recommended,468,,exact_multi_field,98.0,HIGH,auto_matched
CW_000086,lok_sabha,completed,1182,recommended,515,,exact_multi_field,98.0,HIGH,auto_matched
CW_000009,lok_sabha,completed,1098,recommended,1206,,exact_multi_field,98.0,HIGH,auto_matched
CW_000034,lok_sabha,completed,1093,recommended,1238,,exact_multi_field,98.0,HIGH,auto_matched
CW_000006,lok_sabha,completed,1076,recommended,1238,,exact_multi_field,98.0,HIGH,auto_matched
CW_000057,lok_sabha,completed,1187,recommended,512,,exact_multi_field,98.0,HIGH,auto_matched
CW_000087,lok_sabha,completed,1246,recommended,1041,,exact_multi_field,98.0,HIGH,auto_matched
CW_000004,lok_sabha,completed,1085,recommended,1232,,exact_multi_field,98.0,HIGH,auto_matched
CW_000088,lok_sabha,completed,1184,recommended,515,,exact_multi_field,98.0,HIGH,auto_matched
CW_000010,lok_sabha,completed,1091,recommended,1242,,exact_multi_field,98.0,HIGH,auto_matched
CW_000089,lok_sabha,completed,46,recommended,768,,exact_multi_field,98.0,HIGH,auto_matched
CW_000090,lok_sabha,completed,82,recommended,203,,exact_multi_field,98.0,HIGH,auto_matched
CW_000091,lok_sabha,completed,123,recommended,1036,,exact_multi_field,98.0,HIGH,auto_matched
CW_000011,lok_sabha,completed,1094,recommended,1230,,exact_multi_field,98.0,HIGH,auto_matched
CW_000014,lok_sabha,completed,1090,recommended,1239,,exact_multi_field,98.0,HIGH,auto_matched
CW_000004,lok_sabha,completed,1085,recommended,1217,,exact_multi_field,98.0,HIGH,auto_matched
CW_000004,lok_sabha,completed,1085,recommended,1247,,exact_multi_field,98.0,HIGH,auto_matched
CW_000011,lok_sabha,completed,1094,recommended,1241,,exact_multi_field,98.0,HIGH,auto_matched
CW_000092,lok_sabha,completed,1185,recommended,512,,exact_multi_field,98.0,HIGH,auto_matched
CW_000048,lok_sabha,completed,1095,recommended,1217,,exact_multi_field,98.0,HIGH,auto_matched
CW_000017,lok_sabha,completed,1096,recommended,1230,,exact_multi_field,98.0,HIGH,auto_matched
CW_000063,lok_sabha,completed,1079,recommended,1230,,exact_multi_field,98.0,HIGH,auto_matched
CW_000093,lok_sabha,completed,1038,recommended,1224,,exact_multi_field,98.0,HIGH,auto_matched
CW_000063,lok_sabha,completed,1079,recommended,1241,,exact_multi_field,98.0,HIGH,auto_matched
CW_000094,lok_sabha,completed,9,recommended,92,,exact_multi_field,98.0,HIGH,auto_matched
CW_000095,lok_sabha,completed,279,recommended,299,,exact_multi_field,98.0,HIGH,auto_matched
CW_000096,lok_sabha,completed,152,recommended,216,,exact_multi_field,98.0,HIGH,auto_matched
CW_000009,lok_sabha,completed,1098,recommended,1240,,exact_multi_field,98.0,HIGH,auto_matched
CW_000097,lok_sabha,completed,592,recommended,1323,,exact_multi_field,98.0,HIGH,auto_matched
CW_000098,lok_sabha,completed,243,recommended,987,,exact_multi_field,98.0,HIGH,auto_matched
CW_000005,lok_sabha,completed,1092,recommended,1235,,exact_multi_field,98.0,HIGH,auto_matched
CW_000024,lok_sabha,completed,1075,recommended,1235,,exact_multi_field,98.0,HIGH,auto_matched
CW_000028,lok_sabha,completed,1084,recommended,1229,,exact_multi_field,98.0,HIGH,auto_matched
CW_000005,lok_sabha,completed,1092,recommended,1216,,exact_multi_field,98.0,HIGH,auto_matched
CW_000099,lok_sabha,completed,1017,recommended,669,,exact_multi_field,98.0,HIGH,auto_matched
CW_000024,lok_sabha,completed,1075,recommended,1216,,exact_multi_field,98.0,HIGH,auto_matched
CW_000100,lok_sabha,completed,281,recommended,299,,exact_multi_field,98.0,HIGH,auto_matched
CW_000024,lok_sabha,completed,1075,recommended,1246,,exact_multi_field,98.0,HIGH,auto_matched
CW_000101,lok_sabha,completed,1469,recommended,224,,exact_multi_field,98.0,HIGH,auto_matched
CW_000001,lok_sabha,completed,99,recommended,1157,,exact_multi_field,98.0,HIGH,auto_matched
CW_000102,lok_sabha,completed,13,recommended,84,,exact_multi_field,98.0,HIGH,auto_matched
CW_000103,lok_sabha,completed,253,recommended,997,,exact_multi_field,98.0,HIGH,auto_matched
CW_000086,lok_sabha,completed,1182,recommended,509,,exact_multi_field,98.0,HIGH,auto_matched
CW_000104,lok_sabha,completed,315,recommended,461,,exact_multi_field,98.0,HIGH,auto_matched
CW_000105,lok_sabha,completed,247,recommended,991,,exact_multi_field,98.0,HIGH,auto_matched
CW_000034,lok_sabha,completed,1093,recommended,1232,,exact_multi_field,98.0,HIGH,auto_matched
CW_000011,lok_sabha,completed,1094,recommended,1245,,exact_multi_field,98.0,HIGH,auto_matched
CW_000006,lok_sabha,completed,1076,recommended,1232,,exact_multi_field,98.0,HIGH,auto_matched
CW_000018,lok_sabha,completed,1077,recommended,1245,,exact_multi_field,98.0,HIGH,auto_matched
CW_000106,lok_sabha,completed,679,recommended,673,,exact_multi_field,98.0,HIGH,auto_matched
CW_000034,lok_sabha,completed,1093,recommended,1213,,exact_multi_field,98.0,HIGH,auto_matched
CW_000001,lok_sabha,completed,101,recommended,1157,,exact_multi_field,98.0,HIGH,auto_matched
CW_000107,lok_sabha,completed,572,recommended,182,,exact_multi_field,98.0,HIGH,auto_matched
CW_000006,lok_sabha,completed,1076,recommended,1213,,exact_multi_field,98.0,HIGH,auto_matched
CW_000088,lok_sabha,completed,1184,recommended,509,,exact_multi_field,98.0,HIGH,auto_matched
CW_000006,lok_sabha,completed,1076,recommended,1243,,exact_multi_field,98.0,HIGH,auto_matched
CW_000108,lok_sabha,completed,582,recommended,1311,,exact_multi_field,98.0,HIGH,auto_matched
CW_000010,lok_sabha,completed,1091,recommended,1236,,exact_multi_field,98.0,HIGH,auto_matched
CW_000023,lok_sabha,completed,1099,recommended,1223,,exact_multi_field,98.0,HIGH,auto_matched
CW_000048,lok_sabha,completed,1095,recommended,1232,,exact_multi_field,98.0,HIGH,auto_matched
CW_000017,lok_sabha,completed,1096,recommended,1245,,exact_multi_field,98.0,HIGH,auto_matched
CW_000010,lok_sabha,completed,1091,recommended,1217,,exact_multi_field,98.0,HIGH,auto_matched
CW_000063,lok_sabha,completed,1079,recommended,1245,,exact_multi_field,98.0,HIGH,auto_matched
CW_000109,lok_sabha,completed,71,recommended,1163,,exact_multi_field,98.0,HIGH,auto_matched
CW_000043,lok_sabha,completed,1082,recommended,1233,,exact_multi_field,98.0,HIGH,auto_matched
CW_000045,lok_sabha,completed,1078,recommended,1242,,exact_multi_field,98.0,HIGH,auto_matched
CW_000004,lok_sabha,completed,1085,recommended,1241,,exact_multi_field,98.0,HIGH,auto_matched
CW_000110,lok_sabha,completed,282,recommended,98,,exact_multi_field,98.0,HIGH,auto_matched
CW_000111,lok_sabha,completed,547,recommended,1338,,exact_multi_field,98.0,HIGH,auto_matched
CW_000043,lok_sabha,completed,1082,recommended,1214,,exact_multi_field,98.0,HIGH,auto_matched
CW_000048,lok_sabha,completed,1095,recommended,1247,,exact_multi_field,98.0,HIGH,auto_matched
CW_000112,lok_sabha,completed,140,recommended,204,,exact_multi_field,98.0,HIGH,auto_matched
CW_000028,lok_sabha,completed,1084,recommended,1233,,exact_multi_field,98.0,HIGH,auto_matched
CW_000050,lok_sabha,completed,1191,recommended,516,,exact_multi_field,98.0,HIGH,auto_matched
CW_000028,lok_sabha,completed,1084,recommended,1214,,exact_multi_field,98.0,HIGH,auto_matched
CW_000022,lok_sabha,completed,1083,recommended,1231,,exact_multi_field,98.0,HIGH,auto_matched
CW_000113,lok_sabha,completed,280,recommended,300,,exact_multi_field,98.0,HIGH,auto_matched
CW_000114,lok_sabha,completed,8,recommended,90,,exact_multi_field,98.0,HIGH,auto_matched
CW_000009,lok_sabha,completed,1098,recommended,1234,,exact_multi_field,98.0,HIGH,auto_matched
CW_000115,lok_sabha,completed,72,recommended,1165,,exact_multi_field,98.0,HIGH,auto_matched
CW_000009,lok_sabha,completed,1098,recommended,1215,,exact_multi_field,98.0,HIGH,auto_matched
CW_000005,lok_sabha,completed,1092,recommended,1229,,exact_multi_field,98.0,HIGH,auto_matched
CW_000036,lok_sabha,completed,1097,recommended,1238,,exact_multi_field,98.0,HIGH,auto_matched
CW_000116,lok_sabha,completed,112,recommended,1021,,exact_multi_field,98.0,HIGH,auto_matched
CW_000117,lok_sabha,completed,1436,recommended,519,,exact_multi_field,98.0,HIGH,auto_matched
CW_000006,lok_sabha,completed,1076,recommended,1247,,exact_multi_field,98.0,HIGH,auto_matched
CW_000010,lok_sabha,completed,1091,recommended,1240,,exact_multi_field,98.0,HIGH,auto_matched
CW_000007,lok_sabha,completed,1183,recommended,511,,exact_multi_field,98.0,HIGH,auto_matched
CW_000118,lok_sabha,completed,536,recommended,1330,,exact_multi_field,98.0,HIGH,auto_matched
CW_000014,lok_sabha,completed,1090,recommended,1218,,exact_multi_field,98.0,HIGH,auto_matched
CW_000119,lok_sabha,completed,61,recommended,770,,exact_multi_field,98.0,HIGH,auto_matched
CW_000004,lok_sabha,completed,1085,recommended,1245,,exact_multi_field,98.0,HIGH,auto_matched
CW_000011,lok_sabha,completed,1094,recommended,1239,,exact_multi_field,98.0,HIGH,auto_matched
CW_000120,lok_sabha,completed,588,recommended,1322,,exact_multi_field,98.0,HIGH,auto_matched
CW_000121,lok_sabha,completed,1072,recommended,444,,exact_multi_field,98.0,HIGH,auto_matched
CW_000122,lok_sabha,completed,578,recommended,188,,exact_multi_field,98.0,HIGH,auto_matched
CW_000018,lok_sabha,completed,1077,recommended,1239,,exact_multi_field,98.0,HIGH,auto_matched
CW_000013,lok_sabha,completed,1081,recommended,1235,,exact_multi_field,98.0,HIGH,auto_matched
CW_000092,lok_sabha,completed,1185,recommended,510,,exact_multi_field,98.0,HIGH,auto_matched
CW_000014,lok_sabha,completed,1090,recommended,1229,,exact_multi_field,98.0,HIGH,auto_matched
CW_000016,lok_sabha,completed,1189,recommended,512,,exact_multi_field,98.0,HIGH,auto_matched
CW_000123,lok_sabha,completed,28,recommended,1427,,exact_multi_field,98.0,HIGH,auto_matched
CW_000017,lok_sabha,completed,1096,recommended,1239,,exact_multi_field,98.0,HIGH,auto_matched
CW_000063,lok_sabha,completed,1079,recommended,1239,,exact_multi_field,98.0,HIGH,auto_matched
CW_000022,lok_sabha,completed,1083,recommended,1235,,exact_multi_field,98.0,HIGH,auto_matched
CW_000124,lok_sabha,completed,126,recommended,331,,exact_multi_field,98.0,HIGH,auto_matched
CW_000125,lok_sabha,completed,66,recommended,788,,exact_multi_field,98.0,HIGH,auto_matched
CW_000126,lok_sabha,completed,1070,recommended,1226,,exact_multi_field,98.0,HIGH,auto_matched
CW_000024,lok_sabha,completed,1075,recommended,1229,,exact_multi_field,98.0,HIGH,auto_matched
CW_000127,lok_sabha,completed,567,recommended,475,,exact_multi_field,98.0,HIGH,auto_matched
CW_000001,lok_sabha,completed,90,recommended,1157,,exact_multi_field,98.0,HIGH,auto_matched
CW_000009,lok_sabha,completed,1098,recommended,1219,,exact_multi_field,98.0,HIGH,auto_matched
CW_000005,lok_sabha,completed,1092,recommended,1233,,exact_multi_field,98.0,HIGH,auto_matched
CW_000128,lok_sabha,completed,251,recommended,995,,exact_multi_field,98.0,HIGH,auto_matched
CW_000005,lok_sabha,completed,1092,recommended,1214,,exact_multi_field,98.0,HIGH,auto_matched
CW_000036,lok_sabha,completed,1097,recommended,1217,,exact_multi_field,98.0,HIGH,auto_matched
CW_000024,lok_sabha,completed,1075,recommended,1214,,exact_multi_field,98.0,HIGH,auto_matched
CW_000005,lok_sabha,completed,1092,recommended,1244,,exact_multi_field,98.0,HIGH,auto_matched
CW_000129,lok_sabha,completed,1448,recommended,1134,,exact_multi_field,98.0,HIGH,auto_matched
CW_000130,lok_sabha,completed,1319,recommended,1269,,exact_multi_field,98.0,HIGH,auto_matched
CW_000024,lok_sabha,completed,1075,recommended,1244,,exact_multi_field,98.0,HIGH,auto_matched
CW_000131,lok_sabha,completed,557,recommended,1349,,exact_multi_field,98.0,HIGH,auto_matched
CW_000029,lok_sabha,completed,1188,recommended,513,,exact_multi_field,98.0,HIGH,auto_matched
CW_000011,lok_sabha,completed,1094,recommended,1243,,exact_multi_field,98.0,HIGH,auto_matched
CW_000132,lok_sabha,completed,75,recommended,1167,,exact_multi_field,98.0,HIGH,auto_matched
CW_000133,lok_sabha,completed,69,recommended,785,,exact_multi_field,98.0,HIGH,auto_matched
CW_000018,lok_sabha,completed,1077,recommended,1243,,exact_multi_field,98.0,HIGH,auto_matched
CW_000134,lok_sabha,completed,136,recommended,94,,exact_multi_field,98.0,HIGH,auto_matched
CW_000014,lok_sabha,completed,1090,recommended,1233,,exact_multi_field,98.0,HIGH,auto_matched
CW_000036,lok_sabha,completed,1097,recommended,1232,,exact_multi_field,98.0,HIGH,auto_matched
CW_000135,lok_sabha,completed,239,recommended,1099,,exact_multi_field,98.0,HIGH,auto_matched
CW_000034,lok_sabha,completed,1093,recommended,1241,,exact_multi_field,98.0,HIGH,auto_matched
CW_000136,lok_sabha,completed,137,recommended,399,,exact_multi_field,98.0,HIGH,auto_matched
CW_000137,lok_sabha,completed,129,recommended,338,,exact_multi_field,98.0,HIGH,auto_matched
CW_000006,lok_sabha,completed,1076,recommended,1241,,exact_multi_field,98.0,HIGH,auto_matched
CW_000023,lok_sabha,completed,1099,recommended,1221,,exact_multi_field,98.0,HIGH,auto_matched
CW_000010,lok_sabha,completed,1091,recommended,1215,,exact_multi_field,98.0,HIGH,auto_matched
CW_000063,lok_sabha,completed,1079,recommended,1243,,exact_multi_field,98.0,HIGH,auto_matched
CW_000138,lok_sabha,completed,1051,recommended,1137,,exact_multi_field,98.0,HIGH,auto_matched
CW_000048,lok_sabha,completed,1095,recommended,1241,,exact_multi_field,98.0,HIGH,auto_matched
CW_000139,lok_sabha,completed,533,recommended,1327,,exact_multi_field,98.0,HIGH,auto_matched
CW_000140,lok_sabha,completed,1126,recommended,1365,,exact_multi_field,98.0,HIGH,auto_matched
CW_000141,lok_sabha,completed,49,recommended,560,,exact_multi_field,98.0,HIGH,auto_matched
CW_000142,lok_sabha,completed,232,recommended,981,,exact_multi_field,98.0,HIGH,auto_matched
CW_000013,lok_sabha,completed,1081,recommended,1229,,exact_multi_field,98.0,HIGH,auto_matched
CW_000043,lok_sabha,completed,1082,recommended,1242,,exact_multi_field,98.0,HIGH,auto_matched
CW_000026,lok_sabha,completed,1186,recommended,517,,exact_multi_field,98.0,HIGH,auto_matched
CW_000143,lok_sabha,completed,41,recommended,1168,,exact_multi_field,98.0,HIGH,auto_matched
CW_000144,lok_sabha,completed,556,recommended,1347,,exact_multi_field,98.0,HIGH,auto_matched
CW_000028,lok_sabha,completed,1084,recommended,1231,,exact_multi_field,98.0,HIGH,auto_matched
CW_000092,lok_sabha,completed,1185,recommended,515,,exact_multi_field,98.0,HIGH,auto_matched
CW_000001,lok_sabha,completed,96,recommended,1157,,exact_multi_field,98.0,HIGH,auto_matched
CW_000145,lok_sabha,completed,1124,recommended,149,,exact_multi_field,98.0,HIGH,auto_matched
CW_000022,lok_sabha,completed,1083,recommended,1229,,exact_multi_field,98.0,HIGH,auto_matched
CW_000028,lok_sabha,completed,1084,recommended,1242,,exact_multi_field,98.0,HIGH,auto_matched
CW_000029,lok_sabha,completed,1188,recommended,517,,exact_multi_field,98.0,HIGH,auto_matched
CW_000093,lok_sabha,completed,1038,recommended,1227,,exact_multi_field,98.0,HIGH,auto_matched
CW_000045,lok_sabha,completed,1078,recommended,1236,,exact_multi_field,98.0,HIGH,auto_matched
CW_000146,lok_sabha,completed,1115,recommended,1366,,exact_multi_field,98.0,HIGH,auto_matched
CW_000057,lok_sabha,completed,1187,recommended,515,,exact_multi_field,98.0,HIGH,auto_matched
CW_000001,lok_sabha,completed,98,recommended,1157,,exact_multi_field,98.0,HIGH,auto_matched
CW_000009,lok_sabha,completed,1098,recommended,1213,,exact_multi_field,98.0,HIGH,auto_matched
CW_000034,lok_sabha,completed,1093,recommended,1245,,exact_multi_field,98.0,HIGH,auto_matched
CW_000147,lok_sabha,completed,56,recommended,761,,exact_multi_field,98.0,HIGH,auto_matched
CW_000006,lok_sabha,completed,1076,recommended,1245,,exact_multi_field,98.0,HIGH,auto_matched
CW_000148,lok_sabha,completed,525,recommended,133,,exact_multi_field,98.0,HIGH,auto_matched
CW_000004,lok_sabha,completed,1085,recommended,1239,,exact_multi_field,98.0,HIGH,auto_matched
CW_000149,lok_sabha,completed,576,recommended,186,,exact_multi_field,98.0,HIGH,auto_matched
CW_000007,lok_sabha,completed,1183,recommended,509,,exact_multi_field,98.0,HIGH,auto_matched
CW_000010,lok_sabha,completed,1091,recommended,1219,,exact_multi_field,98.0,HIGH,auto_matched
CW_000150,lok_sabha,completed,151,recommended,211,,exact_multi_field,98.0,HIGH,auto_matched
CW_000057,lok_sabha,completed,1187,recommended,511,,exact_multi_field,98.0,HIGH,auto_matched
CW_000010,lok_sabha,completed,1091,recommended,1230,,exact_multi_field,98.0,HIGH,auto_matched
CW_000151,lok_sabha,completed,24,recommended,223,,exact_multi_field,98.0,HIGH,auto_matched
CW_000013,lok_sabha,completed,1081,recommended,1233,,exact_multi_field,98.0,HIGH,auto_matched
CW_000011,lok_sabha,completed,1094,recommended,1218,,exact_multi_field,98.0,HIGH,auto_matched
CW_000018,lok_sabha,completed,1077,recommended,1218,,exact_multi_field,98.0,HIGH,auto_matched
CW_000013,lok_sabha,completed,1081,recommended,1214,,exact_multi_field,98.0,HIGH,auto_matched
CW_000004,lok_sabha,completed,1085,recommended,1235,,exact_multi_field,98.0,HIGH,auto_matched
CW_000016,lok_sabha,completed,1189,recommended,510,,exact_multi_field,98.0,HIGH,auto_matched
CW_000013,lok_sabha,completed,1081,recommended,1244,,exact_multi_field,98.0,HIGH,auto_matched
CW_000017,lok_sabha,completed,1096,recommended,1237,,exact_multi_field,98.0,HIGH,auto_matched
CW_000152,lok_sabha,completed,262,recommended,212,,exact_multi_field,98.0,HIGH,auto_matched
CW_000153,lok_sabha,completed,590,recommended,1320,,exact_multi_field,98.0,HIGH,auto_matched
CW_000154,lok_sabha,completed,80,recommended,1175,,exact_multi_field,98.0,HIGH,auto_matched
CW_000155,lok_sabha,completed,534,recommended,1328,,exact_multi_field,98.0,HIGH,auto_matched
CW_000017,lok_sabha,completed,1096,recommended,1218,,exact_multi_field,98.0,HIGH,auto_matched
CW_000022,lok_sabha,completed,1083,recommended,1233,,exact_multi_field,98.0,HIGH,auto_matched
CW_000156,lok_sabha,completed,158,recommended,1180,,exact_multi_field,98.0,HIGH,auto_matched
CW_000063,lok_sabha,completed,1079,recommended,1218,,exact_multi_field,98.0,HIGH,auto_matched
CW_000022,lok_sabha,completed,1083,recommended,1214,,exact_multi_field,98.0,HIGH,auto_matched
CW_000050,lok_sabha,completed,1191,recommended,510,,exact_multi_field,98.0,HIGH,auto_matched
CW_000014,lok_sabha,completed,1090,recommended,1242,,exact_multi_field,98.0,HIGH,auto_matched
CW_000022,lok_sabha,completed,1083,recommended,1244,,exact_multi_field,98.0,HIGH,auto_matched
CW_000045,lok_sabha,completed,1078,recommended,1215,,exact_multi_field,98.0,HIGH,auto_matched
CW_000063,lok_sabha,completed,1079,recommended,1229,,exact_multi_field,98.0,HIGH,auto_matched
CW_000009,lok_sabha,completed,1098,recommended,1247,,exact_multi_field,98.0,HIGH,auto_matched
CW_000001,lok_sabha,completed,94,recommended,1157,,exact_multi_field,98.0,HIGH,auto_matched
CW_000157,lok_sabha,completed,77,recommended,1181,,exact_multi_field,98.0,HIGH,auto_matched
CW_000005,lok_sabha,completed,1092,recommended,1242,,exact_multi_field,98.0,HIGH,auto_matched
CW_000028,lok_sabha,completed,1084,recommended,1206,,exact_multi_field,98.0,HIGH,auto_matched
CW_000158,lok_sabha,completed,1129,recommended,1372,,exact_multi_field,98.0,HIGH,auto_matched
CW_000159,lok_sabha,completed,44,recommended,1164,,exact_multi_field,98.0,HIGH,auto_matched
CW_000160,lok_sabha,completed,535,recommended,1331,,exact_multi_field,98.0,HIGH,auto_matched
CW_000029,lok_sabha,completed,1188,recommended,511,,exact_multi_field,98.0,HIGH,auto_matched
CW_000086,lok_sabha,completed,1182,recommended,516,,exact_multi_field,98.0,HIGH,auto_matched
CW_000161,lok_sabha,completed,676,recommended,465,,exact_multi_field,98.0,HIGH,auto_matched
CW_000162,lok_sabha,completed,1266,recommended,679,,exact_multi_field,98.0,HIGH,auto_matched
CW_000036,lok_sabha,completed,1097,recommended,1230,,exact_multi_field,98.0,HIGH,auto_matched
CW_000009,lok_sabha,completed,1098,recommended,1243,,exact_multi_field,98.0,HIGH,auto_matched
CW_000034,lok_sabha,completed,1093,recommended,1239,,exact_multi_field,98.0,HIGH,auto_matched
CW_000011,lok_sabha,completed,1094,recommended,1233,,exact_multi_field,98.0,HIGH,auto_matched
CW_000163,lok_sabha,completed,47,recommended,559,,exact_multi_field,98.0,HIGH,auto_matched
CW_000036,lok_sabha,completed,1097,recommended,1241,,exact_multi_field,98.0,HIGH,auto_matched
CW_000164,lok_sabha,completed,1134,recommended,1371,,exact_multi_field,98.0,HIGH,auto_matched
CW_000018,lok_sabha,completed,1077,recommended,1233,,exact_multi_field,98.0,HIGH,auto_matched
CW_000088,lok_sabha,completed,1184,recommended,516,,exact_multi_field,98.0,HIGH,auto_matched
CW_000165,lok_sabha,completed,1306,recommended,595,,exact_multi_field,98.0,HIGH,auto_matched
CW_000166,lok_sabha,completed,554,recommended,1346,,exact_multi_field,98.0,HIGH,auto_matched
CW_000023,lok_sabha,completed,1099,recommended,1211,,exact_multi_field,98.0,HIGH,auto_matched
CW_000063,lok_sabha,completed,1079,recommended,1233,,exact_multi_field,98.0,HIGH,auto_matched
CW_000043,lok_sabha,completed,1082,recommended,1240,,exact_multi_field,98.0,HIGH,auto_matched
CW_000045,lok_sabha,completed,1078,recommended,1230,,exact_multi_field,98.0,HIGH,auto_matched
CW_000092,lok_sabha,completed,1185,recommended,513,,exact_multi_field,98.0,HIGH,auto_matched
CW_000167,lok_sabha,completed,505,recommended,827,,exact_multi_field,98.0,HIGH,auto_matched
CW_000168,lok_sabha,completed,23,recommended,209,,exact_multi_field,98.0,HIGH,auto_matched
CW_000169,lok_sabha,completed,255,recommended,999,,exact_multi_field,98.0,HIGH,auto_matched
CW_000170,lok_sabha,completed,73,recommended,1170,,exact_multi_field,98.0,HIGH,auto_matched
CW_000028,lok_sabha,completed,1084,recommended,1240,,exact_multi_field,98.0,HIGH,auto_matched
CW_000048,lok_sabha,completed,1095,recommended,1235,,exact_multi_field,98.0,HIGH,auto_matched
CW_000022,lok_sabha,completed,1083,recommended,1238,,exact_multi_field,98.0,HIGH,auto_matched
CW_000068,lok_sabha,completed,1074,recommended,1225,,exact_multi_field,98.0,HIGH,auto_matched
CW_000024,lok_sabha,completed,1075,recommended,1238,,exact_multi_field,98.0,HIGH,auto_matched
CW_000050,lok_sabha,completed,1191,recommended,515,,exact_multi_field,98.0,HIGH,auto_matched
CW_000171,lok_sabha,completed,1021,recommended,663,,exact_multi_field,98.0,HIGH,auto_matched
CW_000036,lok_sabha,completed,1097,recommended,1245,,exact_multi_field,98.0,HIGH,auto_matched
CW_000172,lok_sabha,completed,605,recommended,137,,exact_multi_field,98.0,HIGH,auto_matched
CW_000004,lok_sabha,completed,1085,recommended,1218,,exact_multi_field,98.0,HIGH,auto_matched
CW_000005,lok_sabha,completed,1092,recommended,1217,,exact_multi_field,98.0,HIGH,auto_matched
CW_000173,lok_sabha,completed,10,recommended,97,,exact_multi_field,98.0,HIGH,auto_matched
CW_000100,lok_sabha,completed,281,recommended,300,,exact_multi_field,98.0,HIGH,auto_matched
CW_000174,lok_sabha,completed,1036,recommended,1225,,exact_multi_field,98.0,HIGH,auto_matched
CW_000006,lok_sabha,completed,1076,recommended,1235,,exact_multi_field,98.0,HIGH,auto_matched
CW_000057,lok_sabha,completed,1187,recommended,509,,exact_multi_field,98.0,HIGH,auto_matched
CW_000175,lok_sabha,completed,447,recommended,652,,exact_multi_field,98.0,HIGH,auto_matched
CW_000176,lok_sabha,completed,240,recommended,1098,,exact_multi_field,98.0,HIGH,auto_matched
CW_000177,lok_sabha,completed,1309,recommended,1368,,exact_multi_field,98.0,HIGH,auto_matched
CW_000178,lok_sabha,completed,36,recommended,95,,exact_multi_field,98.0,HIGH,auto_matched
CW_000010,lok_sabha,completed,1091,recommended,1239,,exact_multi_field,98.0,HIGH,auto_matched
CW_000011,lok_sabha,completed,1094,recommended,1246,,exact_multi_field,98.0,HIGH,auto_matched
CW_000093,lok_sabha,completed,1038,recommended,1225,,exact_multi_field,98.0,HIGH,auto_matched
CW_000014,lok_sabha,completed,1090,recommended,1206,,exact_multi_field,98.0,HIGH,auto_matched
CW_000004,lok_sabha,completed,1085,recommended,1233,,exact_multi_field,98.0,HIGH,auto_matched
CW_000179,lok_sabha,completed,521,recommended,136,,exact_multi_field,98.0,HIGH,auto_matched
CW_000013,lok_sabha,completed,1081,recommended,1242,,exact_multi_field,98.0,HIGH,auto_matched
CW_000014,lok_sabha,completed,1090,recommended,1236,,exact_multi_field,98.0,HIGH,auto_matched
CW_000180,lok_sabha,completed,1020,recommended,664,,exact_multi_field,98.0,HIGH,auto_matched
CW_000181,lok_sabha,completed,1027,recommended,168,,exact_multi_field,98.0,HIGH,auto_matched
CW_000017,lok_sabha,completed,1096,recommended,1216,,exact_multi_field,98.0,HIGH,auto_matched
CW_000017,lok_sabha,completed,1096,recommended,1246,,exact_multi_field,98.0,HIGH,auto_matched
CW_000001,lok_sabha,completed,85,recommended,1157,,exact_multi_field,98.0,HIGH,auto_matched
CW_000022,lok_sabha,completed,1083,recommended,1242,,exact_multi_field,98.0,HIGH,auto_matched
CW_000182,lok_sabha,completed,147,recommended,176,,exact_multi_field,98.0,HIGH,auto_matched
CW_000183,lok_sabha,completed,229,recommended,976,,exact_multi_field,98.0,HIGH,auto_matched
CW_000043,lok_sabha,completed,1082,recommended,1215,,exact_multi_field,98.0,HIGH,auto_matched
CW_000024,lok_sabha,completed,1075,recommended,1217,,exact_multi_field,98.0,HIGH,auto_matched
CW_000184,lok_sabha,completed,4,recommended,86,,exact_multi_field,98.0,HIGH,auto_matched
CW_000185,lok_sabha,completed,1406,recommended,1309,,exact_multi_field,98.0,HIGH,auto_matched
CW_000186,lok_sabha,completed,216,recommended,972,,exact_multi_field,98.0,HIGH,auto_matched
CW_000187,lok_sabha,completed,1089,recommended,1341,,exact_multi_field,98.0,HIGH,auto_matched
CW_000009,lok_sabha,completed,1098,recommended,1237,,exact_multi_field,98.0,HIGH,auto_matched
CW_000188,lok_sabha,completed,132,recommended,339,,exact_multi_field,98.0,HIGH,auto_matched
CW_000028,lok_sabha,completed,1084,recommended,1215,,exact_multi_field,98.0,HIGH,auto_matched
CW_000005,lok_sabha,completed,1092,recommended,1232,,exact_multi_field,98.0,HIGH,auto_matched
CW_000189,lok_sabha,completed,1018,recommended,668,,exact_multi_field,98.0,HIGH,auto_matched
CW_000024,lok_sabha,completed,1075,recommended,1232,,exact_multi_field,98.0,HIGH,auto_matched
CW_000190,lok_sabha,completed,1265,recommended,469,,exact_multi_field,98.0,HIGH,auto_matched
CW_000191,lok_sabha,completed,224,recommended,177,,exact_multi_field,98.0,HIGH,auto_matched
CW_000192,lok_sabha,completed,261,recommended,1183,,exact_multi_field,98.0,HIGH,auto_matched
CW_000193,lok_sabha,completed,223,recommended,175,,exact_multi_field,98.0,HIGH,auto_matched
CW_000034,lok_sabha,completed,1093,recommended,1218,,exact_multi_field,98.0,HIGH,auto_matched
CW_000011,lok_sabha,completed,1094,recommended,1231,,exact_multi_field,98.0,HIGH,auto_matched
CW_000194,lok_sabha,completed,589,recommended,1321,,exact_multi_field,98.0,HIGH,auto_matched
CW_000014,lok_sabha,completed,1090,recommended,1240,,exact_multi_field,98.0,HIGH,auto_matched
CW_000036,lok_sabha,completed,1097,recommended,1239,,exact_multi_field,98.0,HIGH,auto_matched
CW_000018,lok_sabha,completed,1077,recommended,1231,,exact_multi_field,98.0,HIGH,auto_matched
CW_000034,lok_sabha,completed,1093,recommended,1229,,exact_multi_field,98.0,HIGH,auto_matched
CW_000195,lok_sabha,completed,64,recommended,781,,exact_multi_field,98.0,HIGH,auto_matched
CW_000006,lok_sabha,completed,1076,recommended,1229,,exact_multi_field,98.0,HIGH,auto_matched
CW_000196,lok_sabha,completed,1427,recommended,671,,exact_multi_field,98.0,HIGH,auto_matched
CW_000018,lok_sabha,completed,1077,recommended,1242,,exact_multi_field,98.0,HIGH,auto_matched
CW_000197,lok_sabha,completed,2,recommended,170,,exact_multi_field,98.0,HIGH,auto_matched
CW_000198,lok_sabha,completed,675,recommended,466,,exact_multi_field,98.0,HIGH,auto_matched
CW_000023,lok_sabha,completed,1099,recommended,1209,,exact_multi_field,98.0,HIGH,auto_matched
CW_000048,lok_sabha,completed,1095,recommended,1218,,exact_multi_field,98.0,HIGH,auto_matched
CW_000017,lok_sabha,completed,1096,recommended,1231,,exact_multi_field,98.0,HIGH,auto_matched
CW_000063,lok_sabha,completed,1079,recommended,1231,,exact_multi_field,98.0,HIGH,auto_matched
CW_000001,lok_sabha,completed,91,recommended,1157,,exact_multi_field,98.0,HIGH,auto_matched
CW_000199,lok_sabha,completed,585,recommended,1315,,exact_multi_field,98.0,HIGH,auto_matched
CW_000048,lok_sabha,completed,1095,recommended,1229,,exact_multi_field,98.0,HIGH,auto_matched
CW_000132,lok_sabha,completed,75,recommended,1170,,exact_multi_field,98.0,HIGH,auto_matched
CW_000043,lok_sabha,completed,1082,recommended,1219,,exact_multi_field,98.0,HIGH,auto_matched
CW_000200,lok_sabha,completed,1264,recommended,470,,exact_multi_field,98.0,HIGH,auto_matched
CW_000063,lok_sabha,completed,1079,recommended,1242,,exact_multi_field,98.0,HIGH,auto_matched
CW_000201,lok_sabha,completed,115,recommended,1027,,exact_multi_field,98.0,HIGH,auto_matched
CW_000202,lok_sabha,completed,45,recommended,1166,,exact_multi_field,98.0,HIGH,auto_matched
CW_000013,lok_sabha,completed,1081,recommended,1217,,exact_multi_field,98.0,HIGH,auto_matched
CW_000043,lok_sabha,completed,1082,recommended,1230,,exact_multi_field,98.0,HIGH,auto_matched
CW_000045,lok_sabha,completed,1078,recommended,1239,,exact_multi_field,98.0,HIGH,auto_matched
CW_000016,lok_sabha,completed,1189,recommended,513,,exact_multi_field,98.0,HIGH,auto_matched
CW_000001,lok_sabha,completed,93,recommended,1157,,exact_multi_field,98.0,HIGH,auto_matched
CW_000203,lok_sabha,completed,954,recommended,141,,exact_multi_field,98.0,HIGH,auto_matched
CW_000095,lok_sabha,completed,279,recommended,300,,exact_multi_field,98.0,HIGH,auto_matched
CW_000028,lok_sabha,completed,1084,recommended,1219,,exact_multi_field,98.0,HIGH,auto_matched
CW_000048,lok_sabha,completed,1095,recommended,1214,,exact_multi_field,98.0,HIGH,auto_matched
CW_000048,lok_sabha,completed,1095,recommended,1244,,exact_multi_field,98.0,HIGH,auto_matched
CW_000204,lok_sabha,completed,1132,recommended,1373,,exact_multi_field,98.0,HIGH,auto_matched
CW_000022,lok_sabha,completed,1083,recommended,1217,,exact_multi_field,98.0,HIGH,auto_matched
CW_000028,lok_sabha,completed,1084,recommended,1230,,exact_multi_field,98.0,HIGH,auto_matched
CW_000050,lok_sabha,completed,1191,recommended,513,,exact_multi_field,98.0,HIGH,auto_matched
CW_000086,lok_sabha,completed,1182,recommended,510,,exact_multi_field,98.0,HIGH,auto_matched
CW_000205,lok_sabha,completed,1114,recommended,1352,,exact_multi_field,98.0,HIGH,auto_matched
CW_000034,lok_sabha,completed,1093,recommended,1233,,exact_multi_field,98.0,HIGH,auto_matched
CW_000006,lok_sabha,completed,1076,recommended,1233,,exact_multi_field,98.0,HIGH,auto_matched
CW_000206,lok_sabha,completed,121,recommended,1031,,exact_multi_field,98.0,HIGH,auto_matched
CW_000207,lok_sabha,completed,11,recommended,89,,exact_multi_field,98.0,HIGH,auto_matched
CW_000006,lok_sabha,completed,1076,recommended,1214,,exact_multi_field,98.0,HIGH,auto_matched
CW_000088,lok_sabha,completed,1184,recommended,510,,exact_multi_field,98.0,HIGH,auto_matched
CW_000208,lok_sabha,completed,542,recommended,1332,,exact_multi_field,98.0,HIGH,auto_matched
CW_000010,lok_sabha,completed,1091,recommended,1237,,exact_multi_field,98.0,HIGH,auto_matched
CW_000048,lok_sabha,completed,1095,recommended,1233,,exact_multi_field,98.0,HIGH,auto_matched
CW_000010,lok_sabha,completed,1091,recommended,1218,,exact_multi_field,98.0,HIGH,auto_matched
CW_000014,lok_sabha,completed,1090,recommended,1234,,exact_multi_field,98.0,HIGH,auto_matched
CW_000011,lok_sabha,completed,1094,recommended,1206,,exact_multi_field,98.0,HIGH,auto_matched
CW_000014,lok_sabha,completed,1090,recommended,1215,,exact_multi_field,98.0,HIGH,auto_matched
CW_000045,lok_sabha,completed,1078,recommended,1243,,exact_multi_field,98.0,HIGH,auto_matched
CW_000004,lok_sabha,completed,1085,recommended,1242,,exact_multi_field,98.0,HIGH,auto_matched
CW_000016,lok_sabha,completed,1189,recommended,517,,exact_multi_field,98.0,HIGH,auto_matched
CW_000018,lok_sabha,completed,1077,recommended,1206,,exact_multi_field,98.0,HIGH,auto_matched
CW_000209,lok_sabha,completed,333,recommended,1037,,exact_multi_field,98.0,HIGH,auto_matched
CW_000095,lok_sabha,completed,279,recommended,298,,exact_multi_field,98.0,HIGH,auto_matched
CW_000013,lok_sabha,completed,1081,recommended,1232,,exact_multi_field,98.0,HIGH,auto_matched
CW_000210,lok_sabha,completed,1328,recommended,1357,,exact_multi_field,98.0,HIGH,auto_matched
CW_000211,lok_sabha,completed,501,recommended,830,,exact_multi_field,98.0,HIGH,auto_matched
CW_000212,lok_sabha,completed,586,recommended,1317,,exact_multi_field,98.0,HIGH,auto_matched
CW_000213,lok_sabha,completed,946,recommended,1015,,exact_multi_field,98.0,HIGH,auto_matched
CW_000017,lok_sabha,completed,1096,recommended,1206,,exact_multi_field,98.0,HIGH,auto_matched
CW_000050,lok_sabha,completed,1191,recommended,517,,exact_multi_field,98.0,HIGH,auto_matched
CW_000063,lok_sabha,completed,1079,recommended,1206,,exact_multi_field,98.0,HIGH,auto_matched
CW_000017,lok_sabha,completed,1096,recommended,1236,,exact_multi_field,98.0,HIGH,auto_matched
CW_000214,lok_sabha,completed,110,recommended,1023,,exact_multi_field,98.0,HIGH,auto_matched
CW_000215,lok_sabha,completed,3,recommended,82,,exact_multi_field,98.0,HIGH,auto_matched
CW_000216,lok_sabha,completed,278,recommended,202,,exact_multi_field,98.0,HIGH,auto_matched
CW_000009,lok_sabha,completed,1098,recommended,1235,,exact_multi_field,98.0,HIGH,auto_matched
CW_000217,lok_sabha,completed,940,recommended,910,,exact_multi_field,98.0,HIGH,auto_matched
CW_000218,lok_sabha,completed,539,recommended,1329,,exact_multi_field,98.0,HIGH,auto_matched
CW_000009,lok_sabha,completed,1098,recommended,1216,,exact_multi_field,98.0,HIGH,auto_matched
CW_000005,lok_sabha,completed,1092,recommended,1230,,exact_multi_field,98.0,HIGH,auto_matched
CW_000219,lok_sabha,completed,79,recommended,219,,exact_multi_field,98.0,HIGH,auto_matched
CW_000220,lok_sabha,completed,31,recommended,210,,exact_multi_field,98.0,HIGH,auto_matched
CW_000024,lok_sabha,completed,1075,recommended,1230,,exact_multi_field,98.0,HIGH,auto_matched
CW_000221,lok_sabha,completed,1327,recommended,1351,,exact_multi_field,98.0,HIGH,auto_matched
CW_000005,lok_sabha,completed,1092,recommended,1241,,exact_multi_field,98.0,HIGH,auto_matched
CW_000222,lok_sabha,completed,1194,recommended,1361,,exact_multi_field,98.0,HIGH,auto_matched
CW_000024,lok_sabha,completed,1075,recommended,1241,,exact_multi_field,98.0,HIGH,auto_matched
CW_000223,lok_sabha,completed,583,recommended,1314,,exact_multi_field,98.0,HIGH,auto_matched
CW_000014,lok_sabha,completed,1090,recommended,1219,,exact_multi_field,98.0,HIGH,auto_matched
CW_000036,lok_sabha,completed,1097,recommended,1218,,exact_multi_field,98.0,HIGH,auto_matched
CW_000011,lok_sabha,completed,1094,recommended,1240,,exact_multi_field,98.0,HIGH,auto_matched
CW_000224,lok_sabha,completed,130,recommended,337,,exact_multi_field,98.0,HIGH,auto_matched
CW_000018,lok_sabha,completed,1077,recommended,1240,,exact_multi_field,98.0,HIGH,auto_matched
CW_000225,lok_sabha,completed,60,recommended,769,,exact_multi_field,98.0,HIGH,auto_matched
CW_000226,lok_sabha,completed,16,recommended,220,,exact_multi_field,98.0,HIGH,auto_matched
CW_000227,lok_sabha,completed,1483,recommended,226,,exact_multi_field,98.0,HIGH,auto_matched
CW_000228,lok_sabha,completed,1,recommended,87,,exact_multi_field,98.0,HIGH,auto_matched
CW_000229,lok_sabha,completed,941,recommended,912,,exact_multi_field,98.0,HIGH,auto_matched
CW_000230,lok_sabha,completed,1420,recommended,1418,,exact_multi_field,98.0,HIGH,auto_matched
CW_000017,lok_sabha,completed,1096,recommended,1240,,exact_multi_field,98.0,HIGH,auto_matched
CW_000023,lok_sabha,completed,1099,recommended,1248,,exact_multi_field,98.0,HIGH,auto_matched
CW_000063,lok_sabha,completed,1079,recommended,1240,,exact_multi_field,98.0,HIGH,auto_matched
CW_000231,lok_sabha,completed,518,recommended,131,,exact_multi_field,98.0,HIGH,auto_matched
CW_000045,lok_sabha,completed,1078,recommended,1237,,exact_multi_field,98.0,HIGH,auto_matched
CW_000232,lok_sabha,completed,522,recommended,127,,exact_multi_field,98.0,HIGH,auto_matched
CW_000045,lok_sabha,completed,1078,recommended,1218,,exact_multi_field,98.0,HIGH,auto_matched
CW_000043,lok_sabha,completed,1082,recommended,1239,,exact_multi_field,98.0,HIGH,auto_matched
CW_000026,lok_sabha,completed,1186,recommended,514,,exact_multi_field,98.0,HIGH,auto_matched
CW_000233,lok_sabha,completed,584,recommended,1316,,exact_multi_field,98.0,HIGH,auto_matched
CW_000234,lok_sabha,completed,546,recommended,1337,,exact_multi_field,98.0,HIGH,auto_matched
CW_000235,lok_sabha,completed,368,recommended,1132,,exact_multi_field,98.0,HIGH,auto_matched
CW_000236,lok_sabha,completed,1435,recommended,353,,exact_multi_field,98.0,HIGH,auto_matched
CW_000237,lok_sabha,completed,1181,recommended,1375,,exact_multi_field,98.0,HIGH,auto_matched
CW_000005,lok_sabha,completed,1092,recommended,1245,,exact_multi_field,98.0,HIGH,auto_matched
CW_000024,lok_sabha,completed,1075,recommended,1245,,exact_multi_field,98.0,HIGH,auto_matched
CW_000028,lok_sabha,completed,1084,recommended,1239,,exact_multi_field,98.0,HIGH,auto_matched
CW_000029,lok_sabha,completed,1188,recommended,514,,exact_multi_field,98.0,HIGH,auto_matched
CW_000036,lok_sabha,completed,1097,recommended,1233,,exact_multi_field,98.0,HIGH,auto_matched
CW_000238,lok_sabha,completed,1307,recommended,1356,,exact_multi_field,98.0,HIGH,auto_matched
CW_000034,lok_sabha,completed,1093,recommended,1242,,exact_multi_field,98.0,HIGH,auto_matched
CW_000004,lok_sabha,completed,1085,recommended,1206,,exact_multi_field,98.0,HIGH,auto_matched
CW_000239,lok_sabha,completed,1203,recommended,1374,,exact_multi_field,98.0,HIGH,auto_matched
CW_000240,lok_sabha,completed,553,recommended,1344,,exact_multi_field,98.0,HIGH,auto_matched
CW_000006,lok_sabha,completed,1076,recommended,1242,,exact_multi_field,98.0,HIGH,auto_matched
CW_000057,lok_sabha,completed,1187,recommended,516,,exact_multi_field,98.0,HIGH,auto_matched
CW_000004,lok_sabha,completed,1085,recommended,1236,,exact_multi_field,98.0,HIGH,auto_matched
CW_000241,lok_sabha,completed,678,recommended,670,,exact_multi_field,98.0,HIGH,auto_matched
CW_000242,lok_sabha,completed,1022,recommended,667,,exact_multi_field,98.0,HIGH,auto_matched
CW_000243,lok_sabha,completed,1050,recommended,1144,,exact_multi_field,98.0,HIGH,auto_matched
CW_000244,lok_sabha,completed,139,recommended,206,,exact_multi_field,98.0,HIGH,auto_matched
CW_000010,lok_sabha,completed,1091,recommended,1216,,exact_multi_field,98.0,HIGH,auto_matched
CW_000010,lok_sabha,completed,1091,recommended,1246,,exact_multi_field,98.0,HIGH,auto_matched
CW_000245,lok_sabha,completed,482,recommended,829,,exact_multi_field,98.0,HIGH,auto_matched
CW_000048,lok_sabha,completed,1095,recommended,1242,,exact_multi_field,98.0,HIGH,auto_matched
CW_000014,lok_sabha,completed,1090,recommended,1213,,exact_multi_field,98.0,HIGH,auto_matched
CW_000011,lok_sabha,completed,1094,recommended,1234,,exact_multi_field,98.0,HIGH,auto_matched
CW_000011,lok_sabha,completed,1094,recommended,1215,,exact_multi_field,98.0,HIGH,auto_matched
CW_000013,lok_sabha,completed,1081,recommended,1230,,exact_multi_field,98.0,HIGH,auto_matched
CW_000043,lok_sabha,completed,1082,recommended,1243,,exact_multi_field,98.0,HIGH,auto_matched
CW_000246,lok_sabha,completed,498,recommended,821,,exact_multi_field,98.0,HIGH,auto_matched
CW_000018,lok_sabha,completed,1077,recommended,1215,,exact_multi_field,98.0,HIGH,auto_matched
CW_000247,lok_sabha,completed,1117,recommended,1042,,exact_multi_field,98.0,HIGH,auto_matched
CW_000092,lok_sabha,completed,1185,recommended,516,,exact_multi_field,98.0,HIGH,auto_matched
CW_000017,lok_sabha,completed,1096,recommended,1234,,exact_multi_field,98.0,HIGH,auto_matched
CW_000248,lok_sabha,completed,40,recommended,1162,,exact_multi_field,98.0,HIGH,auto_matched
CW_000249,lok_sabha,completed,116,recommended,1026,,exact_multi_field,98.0,HIGH,auto_matched
CW_000063,lok_sabha,completed,1079,recommended,1234,,exact_multi_field,98.0,HIGH,auto_matched
CW_000017,lok_sabha,completed,1096,recommended,1215,,exact_multi_field,98.0,HIGH,auto_matched
CW_000022,lok_sabha,completed,1083,recommended,1230,,exact_multi_field,98.0,HIGH,auto_matched
CW_000028,lok_sabha,completed,1084,recommended,1243,,exact_multi_field,98.0,HIGH,auto_matched
CW_000063,lok_sabha,completed,1079,recommended,1215,,exact_multi_field,98.0,HIGH,auto_matched
CW_000250,lok_sabha,completed,106,recommended,397,,exact_multi_field,98.0,HIGH,auto_matched
CW_000251,lok_sabha,completed,1454,recommended,1258,,exact_multi_field,98.0,HIGH,auto_matched
CW_000009,lok_sabha,completed,1098,recommended,1214,,exact_multi_field,98.0,HIGH,auto_matched
CW_000252,lok_sabha,completed,1123,recommended,1359,,exact_multi_field,98.0,HIGH,auto_matched
CW_000022,lok_sabha,completed,1083,recommended,1245,,exact_multi_field,98.0,HIGH,auto_matched
CW_000004,lok_sabha,completed,1085,recommended,1240,,exact_multi_field,98.0,HIGH,auto_matched
CW_000005,lok_sabha,completed,1092,recommended,1239,,exact_multi_field,98.0,HIGH,auto_matched
CW_000024,lok_sabha,completed,1075,recommended,1239,,exact_multi_field,98.0,HIGH,auto_matched
CW_000253,lok_sabha,completed,519,recommended,129,,exact_multi_field,98.0,HIGH,auto_matched
CW_000254,lok_sabha,completed,949,recommended,918,,exact_multi_field,98.0,HIGH,auto_matched
CW_000009,lok_sabha,completed,1098,recommended,1229,,exact_multi_field,98.0,HIGH,auto_matched
CW_000010,lok_sabha,completed,1091,recommended,1231,,exact_multi_field,98.0,HIGH,auto_matched
CW_000011,lok_sabha,completed,1094,recommended,1238,,exact_multi_field,98.0,HIGH,auto_matched
CW_000001,lok_sabha,completed,103,recommended,1157,,exact_multi_field,98.0,HIGH,auto_matched
CW_000086,lok_sabha,completed,1182,recommended,513,,exact_multi_field,98.0,HIGH,auto_matched
CW_000255,lok_sabha,completed,532,recommended,1325,,exact_multi_field,98.0,HIGH,auto_matched
CW_000034,lok_sabha,completed,1093,recommended,1206,,exact_multi_field,98.0,HIGH,auto_matched
CW_000256,lok_sabha,completed,244,recommended,988,,exact_multi_field,98.0,HIGH,auto_matched
CW_000011,lok_sabha,completed,1094,recommended,1219,,exact_multi_field,98.0,HIGH,auto_matched
CW_000034,lok_sabha,completed,1093,recommended,1236,,exact_multi_field,98.0,HIGH,auto_matched
CW_000018,lok_sabha,completed,1077,recommended,1219,,exact_multi_field,98.0,HIGH,auto_matched
CW_000006,lok_sabha,completed,1076,recommended,1236,,exact_multi_field,98.0,HIGH,auto_matched
CW_000034,lok_sabha,completed,1093,recommended,1217,,exact_multi_field,98.0,HIGH,auto_matched
CW_000013,lok_sabha,completed,1081,recommended,1245,,exact_multi_field,98.0,HIGH,auto_matched
CW_000257,lok_sabha,completed,15,recommended,167,,exact_multi_field,98.0,HIGH,auto_matched
CW_000006,lok_sabha,completed,1076,recommended,1217,,exact_multi_field,98.0,HIGH,auto_matched
CW_000017,lok_sabha,completed,1096,recommended,1238,,exact_multi_field,98.0,HIGH,auto_matched
CW_000018,lok_sabha,completed,1077,recommended,1230,,exact_multi_field,98.0,HIGH,auto_matched
CW_000088,lok_sabha,completed,1184,recommended,513,,exact_multi_field,98.0,HIGH,auto_matched
CW_000258,lok_sabha,completed,33,recommended,1459,,exact_multi_field,98.0,HIGH,auto_matched
CW_000063,lok_sabha,completed,1079,recommended,1238,,exact_multi_field,98.0,HIGH,auto_matched
CW_000048,lok_sabha,completed,1095,recommended,1206,,exact_multi_field,98.0,HIGH,auto_matched
CW_000017,lok_sabha,completed,1096,recommended,1219,,exact_multi_field,98.0,HIGH,auto_matched
CW_000048,lok_sabha,completed,1095,recommended,1236,,exact_multi_field,98.0,HIGH,auto_matched
CW_000063,lok_sabha,completed,1079,recommended,1219,,exact_multi_field,98.0,HIGH,auto_matched
CW_000023,lok_sabha,completed,1099,recommended,1208,,exact_multi_field,98.0,HIGH,auto_matched
CW_000259,lok_sabha,completed,581,recommended,1312,,exact_multi_field,98.0,HIGH,auto_matched
CW_000014,lok_sabha,completed,1090,recommended,1243,,exact_multi_field,98.0,HIGH,auto_matched
CW_000045,lok_sabha,completed,1078,recommended,1216,,exact_multi_field,98.0,HIGH,auto_matched
CW_000043,lok_sabha,completed,1082,recommended,1237,,exact_multi_field,98.0,HIGH,auto_matched
CW_000026,lok_sabha,completed,1186,recommended,512,,exact_multi_field,98.0,HIGH,auto_matched
CW_000045,lok_sabha,completed,1078,recommended,1246,,exact_multi_field,98.0,HIGH,auto_matched
CW_000043,lok_sabha,completed,1082,recommended,1218,,exact_multi_field,98.0,HIGH,auto_matched
CW_000170,lok_sabha,completed,73,recommended,1167,,exact_multi_field,98.0,HIGH,auto_matched
CW_000024,lok_sabha,completed,1075,recommended,1243,,exact_multi_field,98.0,HIGH,auto_matched
CW_000028,lok_sabha,completed,1084,recommended,1237,,exact_multi_field,98.0,HIGH,auto_matched
CW_000029,lok_sabha,completed,1188,recommended,512,,exact_multi_field,98.0,HIGH,auto_matched
CW_000028,lok_sabha,completed,1084,recommended,1218,,exact_multi_field,98.0,HIGH,auto_matched
CW_000057,lok_sabha,completed,1187,recommended,510,,exact_multi_field,98.0,HIGH,auto_matched
CW_000260,lok_sabha,completed,442,recommended,650,,exact_multi_field,98.0,HIGH,auto_matched
CW_000261,lok_sabha,completed,50,recommended,563,,exact_multi_field,98.0,HIGH,auto_matched
CW_000086,lok_sabha,completed,1182,recommended,517,,exact_multi_field,98.0,HIGH,auto_matched
CW_000262,lok_sabha,completed,78,recommended,1174,,exact_multi_field,98.0,HIGH,auto_matched
CW_000036,lok_sabha,completed,1097,recommended,1231,,exact_multi_field,98.0,HIGH,auto_matched
CW_000034,lok_sabha,completed,1093,recommended,1240,,exact_multi_field,98.0,HIGH,auto_matched
CW_000263,lok_sabha,completed,236,recommended,986,,exact_multi_field,98.0,HIGH,auto_matched
CW_000006,lok_sabha,completed,1076,recommended,1240,,exact_multi_field,98.0,HIGH,auto_matched
CW_000004,lok_sabha,completed,1085,recommended,1234,,exact_multi_field,98.0,HIGH,auto_matched
CW_000036,lok_sabha,completed,1097,recommended,1242,,exact_multi_field,98.0,HIGH,auto_matched
CW_000004,lok_sabha,completed,1085,recommended,1215,,exact_multi_field,98.0,HIGH,auto_matched
CW_000088,lok_sabha,completed,1184,recommended,517,,exact_multi_field,98.0,HIGH,auto_matched
CW_000010,lok_sabha,completed,1091,recommended,1244,,exact_multi_field,98.0,HIGH,auto_matched
CW_000007,lok_sabha,completed,1183,recommended,515,,exact_multi_field,98.0,HIGH,auto_matched
CW_000264,lok_sabha,completed,142,recommended,173,,exact_multi_field,98.0,HIGH,auto_matched
CW_000265,lok_sabha,completed,503,recommended,646,,exact_multi_field,98.0,HIGH,auto_matched
CW_000266,lok_sabha,completed,65,recommended,789,,exact_multi_field,98.0,HIGH,auto_matched
CW_000010,lok_sabha,completed,1091,recommended,1206,,exact_multi_field,98.0,HIGH,auto_matched
CW_000011,lok_sabha,completed,1094,recommended,1213,,exact_multi_field,98.0,HIGH,auto_matched
CW_000043,lok_sabha,completed,1082,recommended,1241,,exact_multi_field,98.0,HIGH,auto_matched
CW_000267,lok_sabha,completed,231,recommended,978,,exact_multi_field,98.0,HIGH,auto_matched
CW_000045,lok_sabha,completed,1078,recommended,1231,,exact_multi_field,98.0,HIGH,auto_matched
CW_000004,lok_sabha,completed,1085,recommended,1230,,exact_multi_field,98.0,HIGH,auto_matched
CW_000013,lok_sabha,completed,1081,recommended,1239,,exact_multi_field,98.0,HIGH,auto_matched
CW_000092,lok_sabha,completed,1185,recommended,514,,exact_multi_field,98.0,HIGH,auto_matched
CW_000268,lok_sabha,completed,76,recommended,1179,,exact_multi_field,98.0,HIGH,auto_matched
CW_000017,lok_sabha,completed,1096,recommended,1213,,exact_multi_field,98.0,HIGH,auto_matched
CW_000016,lok_sabha,completed,1189,recommended,516,,exact_multi_field,98.0,HIGH,auto_matched
CW_000269,lok_sabha,completed,22,recommended,208,,exact_multi_field,98.0,HIGH,auto_matched
CW_000270,lok_sabha,completed,254,recommended,998,,exact_multi_field,98.0,HIGH,auto_matched
CW_000093,lok_sabha,completed,1038,recommended,1226,,exact_multi_field,98.0,HIGH,auto_matched
CW_000063,lok_sabha,completed,1079,recommended,1213,,exact_multi_field,98.0,HIGH,auto_matched
CW_000017,lok_sabha,completed,1096,recommended,1243,,exact_multi_field,98.0,HIGH,auto_matched
CW_000022,lok_sabha,completed,1083,recommended,1239,,exact_multi_field,98.0,HIGH,auto_matched
CW_000271,lok_sabha,completed,237,recommended,979,,exact_multi_field,98.0,HIGH,auto_matched
CW_000068,lok_sabha,completed,1074,recommended,1226,,exact_multi_field,98.0,HIGH,auto_matched
CW_000272,lok_sabha,completed,579,recommended,189,,exact_multi_field,98.0,HIGH,auto_matched
CW_000273,lok_sabha,completed,499,recommended,822,,exact_multi_field,98.0,HIGH,auto_matched
CW_000274,lok_sabha,completed,956,recommended,143,,exact_multi_field,98.0,HIGH,auto_matched
CW_000009,lok_sabha,completed,1098,recommended,1242,,exact_multi_field,98.0,HIGH,auto_matched
CW_000275,lok_sabha,completed,248,recommended,992,,exact_multi_field,98.0,HIGH,auto_matched
CW_000276,lok_sabha,completed,128,recommended,334,,exact_multi_field,98.0,HIGH,auto_matched
CW_000277,lok_sabha,completed,980,recommended,1402,,exact_multi_field,98.0,HIGH,auto_matched
CW_000278,lok_sabha,completed,1428,recommended,674,,exact_multi_field,98.0,HIGH,auto_matched
CW_000004,lok_sabha,completed,1085,recommended,1219,,exact_multi_field,98.0,HIGH,auto_matched
CW_000005,lok_sabha,completed,1092,recommended,1218,,exact_multi_field,98.0,HIGH,auto_matched
CW_000024,lok_sabha,completed,1075,recommended,1218,,exact_multi_field,98.0,HIGH,auto_matched
CW_000174,lok_sabha,completed,1036,recommended,1226,,exact_multi_field,98.0,HIGH,auto_matched
CW_000279,lok_sabha,completed,108,recommended,1025,,exact_multi_field,98.0,HIGH,auto_matched
CW_000113,lok_sabha,completed,280,recommended,298,,exact_multi_field,98.0,HIGH,auto_matched
CW_000011,lok_sabha,completed,1094,recommended,1217,,exact_multi_field,98.0,HIGH,auto_matched
CW_000009,lok_sabha,completed,1098,recommended,1238,,exact_multi_field,98.0,HIGH,auto_matched
CW_000280,lok_sabha,completed,1329,recommended,1358,,exact_multi_field,98.0,HIGH,auto_matched
CW_000011,lok_sabha,completed,1094,recommended,1247,,exact_multi_field,98.0,HIGH,auto_matched
CW_000281,lok_sabha,completed,141,recommended,205,,exact_multi_field,98.0,HIGH,auto_matched
CW_000018,lok_sabha,completed,1077,recommended,1247,,exact_multi_field,98.0,HIGH,auto_matched
CW_000036,lok_sabha,completed,1097,recommended,1206,,exact_multi_field,98.0,HIGH,auto_matched
CW_000034,lok_sabha,completed,1093,recommended,1215,,exact_multi_field,98.0,HIGH,auto_matched
CW_000282,lok_sabha,completed,6,recommended,171,,exact_multi_field,98.0,HIGH,auto_matched
CW_000014,lok_sabha,completed,1090,recommended,1237,,exact_multi_field,98.0,HIGH,auto_matched
CW_000036,lok_sabha,completed,1097,recommended,1236,,exact_multi_field,98.0,HIGH,auto_matched
CW_000006,lok_sabha,completed,1076,recommended,1215,,exact_multi_field,98.0,HIGH,auto_matched
CW_000283,lok_sabha,completed,1320,recommended,1270,,exact_multi_field,98.0,HIGH,auto_matched
CW_000088,lok_sabha,completed,1184,recommended,511,,exact_multi_field,98.0,HIGH,auto_matched
CW_000017,lok_sabha,completed,1096,recommended,1247,,exact_multi_field,98.0,HIGH,auto_matched
CW_000063,lok_sabha,completed,1079,recommended,1247,,exact_multi_field,98.0,HIGH,auto_matched
CW_000048,lok_sabha,completed,1095,recommended,1215,,exact_multi_field,98.0,HIGH,auto_matched
CW_000284,lok_sabha,completed,1495,recommended,1184,,exact_multi_field,98.0,HIGH,auto_matched
CW_000285,lok_sabha,completed,29,recommended,221,,exact_multi_field,98.0,HIGH,auto_matched
CW_000048,lok_sabha,completed,1095,recommended,1245,,exact_multi_field,98.0,HIGH,auto_matched
CW_000286,lok_sabha,completed,111,recommended,1022,,exact_multi_field,98.0,HIGH,auto_matched
CW_000043,lok_sabha,completed,1082,recommended,1216,,exact_multi_field,98.0,HIGH,auto_matched
CW_000287,lok_sabha,completed,566,recommended,476,,exact_multi_field,98.0,HIGH,auto_matched
CW_000288,lok_sabha,completed,215,recommended,906,,exact_multi_field,98.0,HIGH,auto_matched
CW_000289,lok_sabha,completed,677,recommended,462,,exact_multi_field,98.0,HIGH,auto_matched
CW_000043,lok_sabha,completed,1082,recommended,1246,,exact_multi_field,98.0,HIGH,auto_matched
CW_000045,lok_sabha,completed,1078,recommended,1206,,exact_multi_field,98.0,HIGH,auto_matched
CW_000086,lok_sabha,completed,1182,recommended,511,,exact_multi_field,98.0,HIGH,auto_matched
CW_000028,lok_sabha,completed,1084,recommended,1235,,exact_multi_field,98.0,HIGH,auto_matched
CW_000048,lok_sabha,completed,1095,recommended,1230,,exact_multi_field,98.0,HIGH,auto_matched
CW_000290,lok_sabha,completed,234,recommended,984,,exact_multi_field,98.0,HIGH,auto_matched
CW_000028,lok_sabha,completed,1084,recommended,1216,,exact_multi_field,98.0,HIGH,auto_matched
CW_000028,lok_sabha,completed,1084,recommended,1246,,exact_multi_field,98.0,HIGH,auto_matched
CW_000024,lok_sabha,completed,1075,recommended,1233,,exact_multi_field,98.0,HIGH,auto_matched
CW_000291,lok_sabha,completed,43,recommended,1172,,exact_multi_field,98.0,HIGH,auto_matched
CW_000292,lok_sabha,completed,5,recommended,85,,exact_multi_field,98.0,HIGH,auto_matched
CW_000293,lok_sabha,completed,37,recommended,88,,exact_multi_field,98.0,HIGH,auto_matched
CW_000034,lok_sabha,completed,1093,recommended,1219,,exact_multi_field,98.0,HIGH,auto_matched
CW_000294,lok_sabha,completed,20,recommended,800,,exact_multi_field,98.0,HIGH,auto_matched
CW_000036,lok_sabha,completed,1097,recommended,1240,,exact_multi_field,98.0,HIGH,auto_matched
CW_000006,lok_sabha,completed,1076,recommended,1219,,exact_multi_field,98.0,HIGH,auto_matched
CW_000004,lok_sabha,completed,1085,recommended,1213,,exact_multi_field,98.0,HIGH,auto_matched
CW_000295,lok_sabha,completed,569,recommended,473,,exact_multi_field,98.0,HIGH,auto_matched
CW_000296,lok_sabha,completed,14,recommended,83,,exact_multi_field,98.0,HIGH,auto_matched
CW_000034,lok_sabha,completed,1093,recommended,1230,,exact_multi_field,98.0,HIGH,auto_matched
CW_000297,lok_sabha,completed,573,recommended,183,,exact_multi_field,98.0,HIGH,auto_matched
CW_000006,lok_sabha,completed,1076,recommended,1230,,exact_multi_field,98.0,HIGH,auto_matched
CW_000298,lok_sabha,completed,1434,recommended,354,,exact_multi_field,98.0,HIGH,auto_matched
CW_000007,lok_sabha,completed,1183,recommended,513,,exact_multi_field,98.0,HIGH,auto_matched
CW_000010,lok_sabha,completed,1091,recommended,1234,,exact_multi_field,98.0,HIGH,auto_matched
CW_000045,lok_sabha,completed,1078,recommended,1229,,exact_multi_field,98.0,HIGH,auto_matched
CW_000013,lok_sabha,completed,1081,recommended,1237,,exact_multi_field,98.0,HIGH,auto_matched
CW_000299,lok_sabha,completed,134,recommended,340,,exact_multi_field,98.0,HIGH,auto_matched
CW_000300,lok_sabha,completed,74,recommended,1169,,exact_multi_field,98.0,HIGH,auto_matched
CW_000013,lok_sabha,completed,1081,recommended,1218,,exact_multi_field,98.0,HIGH,auto_matched
CW_000043,lok_sabha,completed,1082,recommended,1231,,exact_multi_field,98.0,HIGH,auto_matched
CW_000045,lok_sabha,completed,1078,recommended,1240,,exact_multi_field,98.0,HIGH,auto_matched
CW_000016,lok_sabha,completed,1189,recommended,514,,exact_multi_field,98.0,HIGH,auto_matched
CW_000301,lok_sabha,completed,26,recommended,276,,exact_multi_field,98.0,HIGH,auto_matched
CW_000302,lok_sabha,completed,947,recommended,1014,,exact_multi_field,98.0,HIGH,auto_matched
CW_000017,lok_sabha,completed,1096,recommended,1241,,exact_multi_field,98.0,HIGH,auto_matched
CW_000303,lok_sabha,completed,246,recommended,990,,exact_multi_field,98.0,HIGH,auto_matched
CW_000022,lok_sabha,completed,1083,recommended,1237,,exact_multi_field,98.0,HIGH,auto_matched
CW_000022,lok_sabha,completed,1083,recommended,1218,,exact_multi_field,98.0,HIGH,auto_matched
CW_000050,lok_sabha,completed,1191,recommended,514,,exact_multi_field,98.0,HIGH,auto_matched
CW_000304,lok_sabha,completed,119,recommended,1033,,exact_multi_field,98.0,HIGH,auto_matched
CW_000305,lok_sabha,completed,53,recommended,565,,exact_multi_field,98.0,HIGH,auto_matched
CW_000009,lok_sabha,completed,1098,recommended,1232,,exact_multi_field,98.0,HIGH,auto_matched
CW_000005,lok_sabha,completed,1092,recommended,1246,,exact_multi_field,98.0,HIGH,auto_matched
CW_000174,lok_sabha,completed,1036,recommended,1224,,exact_multi_field,98.0,HIGH,auto_matched
CW_000306,lok_sabha,completed,124,recommended,333,,exact_multi_field,98.0,HIGH,auto_matched
CW_000307,lok_sabha,completed,233,recommended,982,,exact_multi_field,98.0,HIGH,auto_matched
CW_000308,lok_sabha,completed,1310,recommended,1367,,exact_multi_field,98.0,HIGH,auto_matched
CW_000309,lok_sabha,completed,674,recommended,464,,exact_multi_field,98.0,HIGH,auto_matched
CW_000010,lok_sabha,completed,1091,recommended,1238,,exact_multi_field,98.0,HIGH,auto_matched
CW_000310,lok_sabha,completed,159,recommended,344,,exact_multi_field,98.0,HIGH,auto_matched
CW_000311,lok_sabha,completed,1321,recommended,1350,,exact_multi_field,98.0,HIGH,auto_matched
CW_000009,lok_sabha,completed,1098,recommended,1217,,exact_multi_field,98.0,HIGH,auto_matched
CW_000312,lok_sabha,completed,316,recommended,460,,exact_multi_field,98.0,HIGH,auto_matched
CW_000014,lok_sabha,completed,1090,recommended,1235,,exact_multi_field,98.0,HIGH,auto_matched
CW_000034,lok_sabha,completed,1093,recommended,1243,,exact_multi_field,98.0,HIGH,auto_matched
CW_000014,lok_sabha,completed,1090,recommended,1216,,exact_multi_field,98.0,HIGH,auto_matched
CW_000036,lok_sabha,completed,1097,recommended,1215,,exact_multi_field,98.0,HIGH,auto_matched
CW_000004,lok_sabha,completed,1085,recommended,1243,,exact_multi_field,98.0,HIGH,auto_matched
CW_000011,lok_sabha,completed,1094,recommended,1237,,exact_multi_field,98.0,HIGH,auto_matched
CW_000014,lok_sabha,completed,1090,recommended,1246,,exact_multi_field,98.0,HIGH,auto_matched
CW_000313,lok_sabha,completed,133,recommended,342,,exact_multi_field,98.0,HIGH,auto_matched
CW_000314,lok_sabha,completed,1301,recommended,596,,exact_multi_field,98.0,HIGH,auto_matched
CW_000018,lok_sabha,completed,1077,recommended,1237,,exact_multi_field,98.0,HIGH,auto_matched
CW_000048,lok_sabha,completed,1095,recommended,1213,,exact_multi_field,98.0,HIGH,auto_matched
CW_000048,lok_sabha,completed,1095,recommended,1243,,exact_multi_field,98.0,HIGH,auto_matched
CW_000315,lok_sabha,completed,62,recommended,784,,exact_multi_field,98.0,HIGH,auto_matched
CW_000063,lok_sabha,completed,1079,recommended,1237,,exact_multi_field,98.0,HIGH,auto_matched
CW_000043,lok_sabha,completed,1082,recommended,1244,,exact_multi_field,98.0,HIGH,auto_matched
CW_000014,lok_sabha,completed,1090,recommended,1231,,exact_multi_field,98.0,HIGH,auto_matched
CW_000126,lok_sabha,completed,1070,recommended,1224,,exact_multi_field,98.0,HIGH,auto_matched
CW_000045,lok_sabha,completed,1078,recommended,1234,,exact_multi_field,98.0,HIGH,auto_matched
CW_000043,lok_sabha,completed,1082,recommended,1206,,exact_multi_field,98.0,HIGH,auto_matched
CW_000009,lok_sabha,completed,1098,recommended,1236,,exact_multi_field,98.0,HIGH,auto_matched
CW_000316,lok_sabha,completed,664,recommended,1308,,exact_multi_field,98.0,HIGH,auto_matched
CW_000026,lok_sabha,completed,1186,recommended,511,,exact_multi_field,98.0,HIGH,auto_matched
CW_000317,lok_sabha,completed,943,recommended,919,,exact_multi_field,98.0,HIGH,auto_matched
CW_000028,lok_sabha,completed,1084,recommended,1244,,exact_multi_field,98.0,HIGH,auto_matched
CW_000005,lok_sabha,completed,1092,recommended,1231,,exact_multi_field,98.0,HIGH,auto_matched
CW_000048,lok_sabha,completed,1095,recommended,1239,,exact_multi_field,98.0,HIGH,auto_matched
CW_000036,lok_sabha,completed,1097,recommended,1234,,exact_multi_field,98.0,HIGH,auto_matched
CW_000318,lok_sabha,completed,68,recommended,786,,exact_multi_field,98.0,HIGH,auto_matched
CW_000319,lok_sabha,completed,131,recommended,336,,exact_multi_field,98.0,HIGH,auto_matched
CW_000320,lok_sabha,completed,577,recommended,187,,exact_multi_field,98.0,HIGH,auto_matched
CW_000024,lok_sabha,completed,1075,recommended,1231,,exact_multi_field,98.0,HIGH,auto_matched
CW_000321,lok_sabha,completed,520,recommended,128,,exact_multi_field,98.0,HIGH,auto_matched
CW_000322,lok_sabha,completed,17,recommended,218,,exact_multi_field,98.0,HIGH,auto_matched
CW_000323,lok_sabha,completed,571,recommended,181,,exact_multi_field,98.0,HIGH,auto_matched
CW_000024,lok_sabha,completed,1075,recommended,1242,,exact_multi_field,98.0,HIGH,auto_matched
CW_000043,lok_sabha,completed,1082,recommended,1217,,exact_multi_field,98.0,HIGH,auto_matched
CW_000324,lok_sabha,completed,429,recommended,653,,exact_multi_field,98.0,HIGH,auto_matched
CW_000325,lok_sabha,completed,1046,recommended,1136,,exact_multi_field,98.0,HIGH,auto_matched
CW_000034,lok_sabha,completed,1093,recommended,1247,,exact_multi_field,98.0,HIGH,auto_matched
CW_000036,lok_sabha,completed,1097,recommended,1219,,exact_multi_field,98.0,HIGH,auto_matched
CW_000326,lok_sabha,completed,109,recommended,1024,,exact_multi_field,98.0,HIGH,auto_matched
CW_000018,lok_sabha,completed,1077,recommended,1241,,exact_multi_field,98.0,HIGH,auto_matched
CW_000029,lok_sabha,completed,1188,recommended,515,,exact_multi_field,98.0,HIGH,auto_matched
CW_000327,lok_sabha,completed,7,recommended,172,,exact_multi_field,98.0,HIGH,auto_matched
CW_000006,lok_sabha,completed,1076,recommended,1239,,exact_multi_field,98.0,HIGH,auto_matched
CW_000057,lok_sabha,completed,1187,recommended,513,,exact_multi_field,98.0,HIGH,auto_matched
CW_000010,lok_sabha,completed,1091,recommended,1232,,exact_multi_field,98.0,HIGH,auto_matched
CW_000328,lok_sabha,completed,545,recommended,1335,,exact_multi_field,98.0,HIGH,auto_matched
CW_000010,lok_sabha,completed,1091,recommended,1213,,exact_multi_field,98.0,HIGH,auto_matched
CW_000010,lok_sabha,completed,1091,recommended,1243,,exact_multi_field,98.0,HIGH,auto_matched
CW_000013,lok_sabha,completed,1081,recommended,1216,,exact_multi_field,98.0,HIGH,auto_matched
CW_000329,lok_sabha,completed,118,recommended,1034,,exact_multi_field,98.0,HIGH,auto_matched
CW_000043,lok_sabha,completed,1082,recommended,1229,,exact_multi_field,98.0,HIGH,auto_matched
CW_000045,lok_sabha,completed,1078,recommended,1238,,exact_multi_field,98.0,HIGH,auto_matched
CW_000004,lok_sabha,completed,1085,recommended,1237,,exact_multi_field,98.0,HIGH,auto_matched
CW_000330,lok_sabha,completed,122,recommended,1030,,exact_multi_field,98.0,HIGH,auto_matched
CW_000013,lok_sabha,completed,1081,recommended,1246,,exact_multi_field,98.0,HIGH,auto_matched
CW_000331,lok_sabha,completed,456,recommended,649,,exact_multi_field,98.0,HIGH,auto_matched
CW_000332,lok_sabha,completed,502,recommended,828,,exact_multi_field,98.0,HIGH,auto_matched
CW_000333,lok_sabha,completed,52,recommended,566,,exact_multi_field,98.0,HIGH,auto_matched
CW_000045,lok_sabha,completed,1078,recommended,1219,,exact_multi_field,98.0,HIGH,auto_matched
CW_000334,lok_sabha,completed,35,recommended,91,,exact_multi_field,98.0,HIGH,auto_matched
CW_000026,lok_sabha,completed,1186,recommended,515,,exact_multi_field,98.0,HIGH,auto_matched
CW_000022,lok_sabha,completed,1083,recommended,1216,,exact_multi_field,98.0,HIGH,auto_matched
CW_000050,lok_sabha,completed,1191,recommended,512,,exact_multi_field,98.0,HIGH,auto_matched
CW_000022,lok_sabha,completed,1083,recommended,1246,,exact_multi_field,98.0,HIGH,auto_matched
CW_000335,lok_sabha,completed,67,recommended,787,,exact_multi_field,98.0,HIGH,auto_matched
CW_000336,lok_sabha,completed,944,recommended,915,,exact_multi_field,98.0,HIGH,auto_matched
CW_000092,lok_sabha,completed,1185,recommended,517,,exact_multi_field,98.0,HIGH,auto_matched
CW_000009,lok_sabha,completed,1098,recommended,1230,,exact_multi_field,98.0,HIGH,auto_matched
CW_000337,lok_sabha,completed,1087,recommended,1318,,exact_multi_field,98.0,HIGH,auto_matched
CW_000009,lok_sabha,completed,1098,recommended,1241,,exact_multi_field,98.0,HIGH,auto_matched
CW_000005,lok_sabha,completed,1092,recommended,1206,,exact_multi_field,98.0,HIGH,auto_matched
CW_000057,lok_sabha,completed,1187,recommended,517,,exact_multi_field,98.0,HIGH,auto_matched
CW_000024,lok_sabha,completed,1075,recommended,1206,,exact_multi_field,98.0,HIGH,auto_matched
CW_000005,lok_sabha,completed,1092,recommended,1236,,exact_multi_field,98.0,HIGH,auto_matched
CW_000024,lok_sabha,completed,1075,recommended,1236,,exact_multi_field,98.0,HIGH,auto_matched
CW_000338,lok_sabha,completed,58,recommended,764,,exact_multi_field,98.0,HIGH,auto_matched
CW_000010,lok_sabha,completed,1091,recommended,1247,,exact_multi_field,98.0,HIGH,auto_matched
CW_000014,lok_sabha,completed,1090,recommended,1214,,exact_multi_field,98.0,HIGH,auto_matched
CW_000011,lok_sabha,completed,1094,recommended,1235,,exact_multi_field,98.0,HIGH,auto_matched
CW_000339,lok_sabha,completed,38,recommended,767,,exact_multi_field,98.0,HIGH,auto_matched
CW_000014,lok_sabha,completed,1090,recommended,1244,,exact_multi_field,98.0,HIGH,auto_matched
CW_000036,lok_sabha,completed,1097,recommended,1243,,exact_multi_field,98.0,HIGH,auto_matched
CW_000340,lok_sabha,completed,70,recommended,790,,exact_multi_field,98.0,HIGH,auto_matched
CW_000018,lok_sabha,completed,1077,recommended,1235,,exact_multi_field,98.0,HIGH,auto_matched
CW_000341,lok_sabha,completed,114,recommended,1028,,exact_multi_field,98.0,HIGH,auto_matched
CW_000342,lok_sabha,completed,473,recommended,214,,exact_multi_field,98.0,HIGH,auto_matched
CW_000343,lok_sabha,completed,117,recommended,1035,,exact_multi_field,98.0,HIGH,auto_matched
CW_000011,lok_sabha,completed,1094,recommended,1216,,exact_multi_field,98.0,HIGH,auto_matched
CW_000013,lok_sabha,completed,1081,recommended,1231,,exact_multi_field,98.0,HIGH,auto_matched
CW_000344,lok_sabha,completed,1125,recommended,1360,,exact_multi_field,98.0,HIGH,auto_matched
CW_000018,lok_sabha,completed,1077,recommended,1216,,exact_multi_field,98.0,HIGH,auto_matched
CW_000018,lok_sabha,completed,1077,recommended,1246,,exact_multi_field,98.0,HIGH,auto_matched
CW_000345,lok_sabha,completed,1305,recommended,230,,exact_multi_field,98.0,HIGH,auto_matched
CW_000346,lok_sabha,completed,250,recommended,994,,exact_multi_field,98.0,HIGH,auto_matched
CW_000017,lok_sabha,completed,1096,recommended,1235,,exact_multi_field,98.0,HIGH,auto_matched
CW_000063,lok_sabha,completed,1079,recommended,1235,,exact_multi_field,98.0,HIGH,auto_matched
CW_000347,lok_sabha,completed,1193,recommended,1363,,exact_multi_field,98.0,HIGH,auto_matched
CW_000348,lok_sabha,completed,480,recommended,825,,exact_multi_field,98.0,HIGH,auto_matched
CW_000349,lok_sabha,completed,575,recommended,185,,exact_multi_field,98.0,HIGH,auto_matched
CW_000063,lok_sabha,completed,1079,recommended,1216,,exact_multi_field,98.0,HIGH,auto_matched
CW_000350,lok_sabha,completed,179,recommended,400,,exact_multi_field,98.0,HIGH,auto_matched
CW_000045,lok_sabha,completed,1078,recommended,1232,,exact_multi_field,98.0,HIGH,auto_matched
CW_000063,lok_sabha,completed,1079,recommended,1246,,exact_multi_field,98.0,HIGH,auto_matched
CW_000045,lok_sabha,completed,1078,recommended,1213,,exact_multi_field,98.0,HIGH,auto_matched
CW_000351,lok_sabha,completed,481,recommended,831,,exact_multi_field,98.0,HIGH,auto_matched
CW_000043,lok_sabha,completed,1082,recommended,1234,,exact_multi_field,98.0,HIGH,auto_matched
CW_000026,lok_sabha,completed,1186,recommended,509,,exact_multi_field,98.0,HIGH,auto_matched
CW_000352,lok_sabha,completed,587,recommended,1319,,exact_multi_field,98.0,HIGH,auto_matched
CW_000009,lok_sabha,completed,1098,recommended,1245,,exact_multi_field,98.0,HIGH,auto_matched
CW_000353,lok_sabha,completed,32,recommended,1458,,exact_multi_field,98.0,HIGH,auto_matched
CW_000036,lok_sabha,completed,1097,recommended,1213,,exact_multi_field,98.0,HIGH,auto_matched
CW_000005,lok_sabha,completed,1092,recommended,1240,,exact_multi_field,98.0,HIGH,auto_matched
CW_000354,lok_sabha,completed,565,recommended,980,,exact_multi_field,98.0,HIGH,auto_matched
CW_000068,lok_sabha,completed,1074,recommended,1227,,exact_multi_field,98.0,HIGH,auto_matched
CW_000024,lok_sabha,completed,1075,recommended,1240,,exact_multi_field,98.0,HIGH,auto_matched
CW_000028,lok_sabha,completed,1084,recommended,1234,,exact_multi_field,98.0,HIGH,auto_matched
CW_000029,lok_sabha,completed,1188,recommended,509,,exact_multi_field,98.0,HIGH,auto_matched
CW_000355,lok_sabha,completed,544,recommended,1336,,exact_multi_field,98.0,HIGH,auto_matched
CW_000356,lok_sabha,completed,568,recommended,474,,exact_multi_field,98.0,HIGH,auto_matched
CW_000357,lok_sabha,completed,369,recommended,645,,exact_multi_field,98.0,HIGH,auto_matched
CW_000036,lok_sabha,completed,1097,recommended,1247,,exact_multi_field,98.0,HIGH,auto_matched
CW_000086,lok_sabha,completed,1182,recommended,514,,exact_multi_field,98.0,HIGH,auto_matched
CW_000358,lok_sabha,completed,1088,recommended,1313,,exact_multi_field,98.0,HIGH,auto_matched
CW_000034,lok_sabha,completed,1093,recommended,1237,,exact_multi_field,98.0,HIGH,auto_matched
CW_000174,lok_sabha,completed,1036,recommended,1227,,exact_multi_field,98.0,HIGH,auto_matched
CW_000006,lok_sabha,completed,1076,recommended,1237,,exact_multi_field,98.0,HIGH,auto_matched
CW_000359,lok_sabha,completed,230,recommended,977,,exact_multi_field,98.0,HIGH,auto_matched
CW_000006,lok_sabha,completed,1076,recommended,1218,,exact_multi_field,98.0,HIGH,auto_matched
CW_000360,lok_sabha,completed,550,recommended,1342,,exact_multi_field,98.0,HIGH,auto_matched
CW_000088,lok_sabha,completed,1184,recommended,514,,exact_multi_field,98.0,HIGH,auto_matched
CW_000010,lok_sabha,completed,1091,recommended,1241,,exact_multi_field,98.0,HIGH,auto_matched
CW_000048,lok_sabha,completed,1095,recommended,1237,,exact_multi_field,98.0,HIGH,auto_matched
CW_000361,lok_sabha,completed,1216,recommended,1364,,exact_multi_field,98.0,HIGH,auto_matched
CW_000362,lok_sabha,completed,21,recommended,207,,exact_multi_field,98.0,HIGH,auto_matched
CW_000363,lok_sabha,completed,25,recommended,277,,exact_multi_field,98.0,HIGH,auto_matched
CW_000364,lok_sabha,completed,235,recommended,985,,exact_multi_field,98.0,HIGH,auto_matched
CW_000045,lok_sabha,completed,1078,recommended,1217,,exact_multi_field,98.0,HIGH,auto_matched
CW_000004,lok_sabha,completed,1085,recommended,1216,,exact_multi_field,98.0,HIGH,auto_matched
CW_000365,lok_sabha,completed,1304,recommended,597,,exact_multi_field,98.0,HIGH,auto_matched
CW_000043,lok_sabha,completed,1082,recommended,1238,,exact_multi_field,98.0,HIGH,auto_matched
CW_000026,lok_sabha,completed,1186,recommended,513,,exact_multi_field,98.0,HIGH,auto_matched
CW_000045,lok_sabha,completed,1078,recommended,1247,,exact_multi_field,98.0,HIGH,auto_matched
CW_000004,lok_sabha,completed,1085,recommended,1246,,exact_multi_field,98.0,HIGH,auto_matched
CW_000013,lok_sabha,completed,1081,recommended,1206,,exact_multi_field,98.0,HIGH,auto_matched
CW_000366,lok_sabha,completed,51,recommended,562,,exact_multi_field,98.0,HIGH,auto_matched
CW_000367,lok_sabha,completed,942,recommended,914,,exact_multi_field,98.0,HIGH,auto_matched
CW_000013,lok_sabha,completed,1081,recommended,1236,,exact_multi_field,98.0,HIGH,auto_matched
CW_000092,lok_sabha,completed,1185,recommended,511,,exact_multi_field,98.0,HIGH,auto_matched
CW_000017,lok_sabha,completed,1096,recommended,1229,,exact_multi_field,98.0,HIGH,auto_matched
CW_000028,lok_sabha,completed,1084,recommended,1238,,exact_multi_field,98.0,HIGH,auto_matched
CW_000022,lok_sabha,completed,1083,recommended,1206,,exact_multi_field,98.0,HIGH,auto_matched
CW_000368,lok_sabha,completed,219,recommended,903,,exact_multi_field,98.0,HIGH,auto_matched
CW_000022,lok_sabha,completed,1083,recommended,1236,,exact_multi_field,98.0,HIGH,auto_matched
CW_000126,lok_sabha,completed,1070,recommended,1227,,exact_multi_field,98.0,HIGH,auto_matched
CW_000009,lok_sabha,completed,1098,recommended,1239,,exact_multi_field,98.0,HIGH,auto_matched
CW_000369,lok_sabha,completed,1052,recommended,1145,,exact_multi_field,98.0,HIGH,auto_matched
CW_000005,lok_sabha,completed,1092,recommended,1234,,exact_multi_field,98.0,HIGH,auto_matched
CW_000005,lok_sabha,completed,1092,recommended,1215,,exact_multi_field,98.0,HIGH,auto_matched
CW_000024,lok_sabha,completed,1075,recommended,1215,,exact_multi_field,98.0,HIGH,auto_matched
CW_000100,lok_sabha,completed,281,recommended,298,,exact_multi_field,98.0,HIGH,auto_matched
CW_000010,lok_sabha,completed,1091,recommended,1245,,exact_multi_field,98.0,HIGH,auto_matched
CW_000001,lok_sabha,completed,92,recommended,1157,,exact_multi_field,98.0,HIGH,auto_matched
CW_000007,lok_sabha,completed,1183,recommended,516,,exact_multi_field,98.0,HIGH,auto_matched
CW_000370,lok_sabha,completed,955,recommended,142,,exact_multi_field,98.0,HIGH,auto_matched
CW_000371,lok_sabha,completed,1208,recommended,1362,,exact_multi_field,98.0,HIGH,auto_matched
CW_000011,lok_sabha,completed,1094,recommended,1214,,exact_multi_field,98.0,HIGH,auto_matched
CW_000372,lok_sabha,completed,517,recommended,132,,exact_multi_field,98.0,HIGH,auto_matched
CW_000373,lok_sabha,completed,1300,recommended,1268,,exact_multi_field,98.0,HIGH,auto_matched
CW_000034,lok_sabha,completed,1093,recommended,1231,,exact_multi_field,98.0,HIGH,auto_matched
CW_000018,lok_sabha,completed,1077,recommended,1214,,exact_multi_field,98.0,HIGH,auto_matched
CW_000011,lok_sabha,completed,1094,recommended,1244,,exact_multi_field,98.0,HIGH,auto_matched
CW_000374,lok_sabha,completed,445,recommended,648,,exact_multi_field,98.0,HIGH,auto_matched
CW_000018,lok_sabha,completed,1077,recommended,1244,,exact_multi_field,98.0,HIGH,auto_matched
CW_000375,lok_sabha,completed,218,recommended,970,,exact_multi_field,98.0,HIGH,auto_matched
CW_000004,lok_sabha,completed,1085,recommended,1231,,exact_multi_field,98.0,HIGH,auto_matched
CW_000013,lok_sabha,completed,1081,recommended,1240,,exact_multi_field,98.0,HIGH,auto_matched
CW_000376,lok_sabha,completed,113,recommended,1029,,exact_multi_field,98.0,HIGH,auto_matched
CW_000017,lok_sabha,completed,1096,recommended,1233,,exact_multi_field,98.0,HIGH,auto_matched
CW_000017,lok_sabha,completed,1096,recommended,1214,,exact_multi_field,98.0,HIGH,auto_matched
CW_000023,lok_sabha,completed,1099,recommended,1222,,exact_multi_field,98.0,HIGH,auto_matched
CW_000048,lok_sabha,completed,1095,recommended,1231,,exact_multi_field,98.0,HIGH,auto_matched
CW_000063,lok_sabha,completed,1079,recommended,1214,,exact_multi_field,98.0,HIGH,auto_matched
CW_000017,lok_sabha,completed,1096,recommended,1244,,exact_multi_field,98.0,HIGH,auto_matched
CW_000063,lok_sabha,completed,1079,recommended,1244,,exact_multi_field,98.0,HIGH,auto_matched
CW_000014,lok_sabha,completed,1090,recommended,1238,,exact_multi_field,98.0,HIGH,auto_matched
CW_000022,lok_sabha,completed,1083,recommended,1240,,exact_multi_field,98.0,HIGH,auto_matched
CW_000043,lok_sabha,completed,1082,recommended,1232,,exact_multi_field,98.0,HIGH,auto_matched
CW_000024,lok_sabha,completed,1075,recommended,1234,,exact_multi_field,98.0,HIGH,auto_matched
CW_000045,lok_sabha,completed,1078,recommended,1241,,exact_multi_field,98.0,HIGH,auto_matched
CW_000011,lok_sabha,completed,1094,recommended,1229,,exact_multi_field,98.0,HIGH,auto_matched
CW_000043,lok_sabha,completed,1082,recommended,1213,,exact_multi_field,98.0,HIGH,auto_matched
CW_000377,lok_sabha,completed,42,recommended,1171,,exact_multi_field,98.0,HIGH,auto_matched
CW_000378,lok_sabha,completed,1303,recommended,594,,exact_multi_field,98.0,HIGH,auto_matched
CW_000005,lok_sabha,completed,1092,recommended,1238,,exact_multi_field,98.0,HIGH,auto_matched
CW_000379,lok_sabha,completed,591,recommended,1324,,exact_multi_field,98.0,HIGH,auto_matched
CW_000028,lok_sabha,completed,1084,recommended,1232,,exact_multi_field,98.0,HIGH,auto_matched
CW_000005,lok_sabha,completed,1092,recommended,1219,,exact_multi_field,98.0,HIGH,auto_matched
CW_000024,lok_sabha,completed,1075,recommended,1219,,exact_multi_field,98.0,HIGH,auto_matched
CW_000028,lok_sabha,completed,1084,recommended,1213,,exact_multi_field,98.0,HIGH,auto_matched
CW_000380,lok_sabha,completed,1071,recommended,1228,,exact_multi_field,98.0,HIGH,auto_matched
CW_000381,lok_sabha,completed,1073,recommended,442,,exact_multi_field,98.0,HIGH,auto_matched
CW_000113,lok_sabha,completed,280,recommended,299,,exact_multi_field,98.0,HIGH,auto_matched
CW_000086,lok_sabha,completed,1182,recommended,512,,exact_multi_field,98.0,HIGH,auto_matched
CW_000382,lok_sabha,completed,146,recommended,174,,exact_multi_field,98.0,HIGH,auto_matched
CW_000034,lok_sabha,completed,1093,recommended,1235,,exact_multi_field,98.0,HIGH,auto_matched
CW_000383,lok_sabha,completed,570,recommended,472,,exact_multi_field,98.0,HIGH,auto_matched
CW_000004,lok_sabha,completed,1085,recommended,1229,,exact_multi_field,98.0,HIGH,auto_matched
CW_000384,lok_sabha,completed,1299,recommended,233,,exact_multi_field,98.0,HIGH,auto_matched
CW_000034,lok_sabha,completed,1093,recommended,1216,,exact_multi_field,98.0,HIGH,auto_matched
CW_000036,lok_sabha,completed,1097,recommended,1237,,exact_multi_field,98.0,HIGH,auto_matched
CW_000006,lok_sabha,completed,1076,recommended,1216,,exact_multi_field,98.0,HIGH,auto_matched
CW_000034,lok_sabha,completed,1093,recommended,1246,,exact_multi_field,98.0,HIGH,auto_matched
CW_000018,lok_sabha,completed,1077,recommended,1229,,exact_multi_field,98.0,HIGH,auto_matched
CW_000088,lok_sabha,completed,1184,recommended,512,,exact_multi_field,98.0,HIGH,auto_matched
CW_000385,lok_sabha,completed,1116,recommended,1354,,exact_multi_field,98.0,HIGH,auto_matched
CW_000006,lok_sabha,completed,1076,recommended,1246,,exact_multi_field,98.0,HIGH,auto_matched
CW_000001,lok_sabha,completed,100,recommended,1157,,exact_multi_field,98.0,HIGH,auto_matched
CW_000007,lok_sabha,completed,1183,recommended,510,,exact_multi_field,98.0,HIGH,auto_matched
CW_000048,lok_sabha,completed,1095,recommended,1216,,exact_multi_field,98.0,HIGH,auto_matched
CW_000048,lok_sabha,completed,1095,recommended,1246,,exact_multi_field,98.0,HIGH,auto_matched
CW_000386,lok_sabha,completed,1267,recommended,678,,exact_multi_field,98.0,HIGH,auto_matched
CW_000043,lok_sabha,completed,1082,recommended,1236,,exact_multi_field,98.0,HIGH,auto_matched
CW_000045,lok_sabha,completed,1078,recommended,1245,,exact_multi_field,98.0,HIGH,auto_matched
CW_000013,lok_sabha,completed,1081,recommended,1234,,exact_multi_field,98.0,HIGH,auto_matched
CW_000092,lok_sabha,completed,1185,recommended,509,,exact_multi_field,98.0,HIGH,auto_matched
CW_000043,lok_sabha,completed,1082,recommended,1247,,exact_multi_field,98.0,HIGH,auto_matched
CW_000387,lok_sabha,completed,450,recommended,651,,exact_multi_field,98.0,HIGH,auto_matched
CW_000388,lok_sabha,completed,12,recommended,99,,exact_multi_field,98.0,HIGH,auto_matched
CW_000389,lok_sabha,completed,551,recommended,1343,,exact_multi_field,98.0,HIGH,auto_matched
CW_000013,lok_sabha,completed,1081,recommended,1215,,exact_multi_field,98.0,HIGH,auto_matched
CW_000390,lok_sabha,completed,214,recommended,905,,exact_multi_field,98.0,HIGH,auto_matched
CW_000016,lok_sabha,completed,1189,recommended,511,,exact_multi_field,98.0,HIGH,auto_matched
CW_000028,lok_sabha,completed,1084,recommended,1236,,exact_multi_field,98.0,HIGH,auto_matched
CW_000391,lok_sabha,completed,257,recommended,1001,,exact_multi_field,98.0,HIGH,auto_matched
CW_000392,lok_sabha,completed,242,recommended,1100,,exact_multi_field,98.0,HIGH,auto_matched
CW_000028,lok_sabha,completed,1084,recommended,1217,,exact_multi_field,98.0,HIGH,auto_matched
CW_000022,lok_sabha,completed,1083,recommended,1234,,exact_multi_field,98.0,HIGH,auto_matched
CW_000028,lok_sabha,completed,1084,recommended,1247,,exact_multi_field,98.0,HIGH,auto_matched
CW_000126,lok_sabha,completed,1070,recommended,1225,,exact_multi_field,98.0,HIGH,auto_matched
CW_000393,lok_sabha,completed,1047,recommended,1147,,exact_multi_field,98.0,HIGH,auto_matched
CW_000394,lok_sabha,completed,120,recommended,1032,,exact_multi_field,98.0,HIGH,auto_matched
CW_000022,lok_sabha,completed,1083,recommended,1215,,exact_multi_field,98.0,HIGH,auto_matched
CW_000050,lok_sabha,completed,1191,recommended,511,,exact_multi_field,98.0,HIGH,auto_matched
CW_000395,lok_sabha,completed,1466,recommended,1154,,exact_multi_field,98.0,HIGH,auto_matched
CW_000396,lok_sabha,completed,54,recommended,564,,exact_multi_field,98.0,HIGH,auto_matched
CW_000009,lok_sabha,completed,1098,recommended,1218,,exact_multi_field,98.0,HIGH,auto_matched
CW_000397,lok_sabha,completed,138,recommended,1182,,exact_multi_field,98.0,HIGH,auto_matched
CW_000398,lok_sabha,completed,27,recommended,93,,exact_multi_field,98.0,HIGH,auto_matched
CW_000004,lok_sabha,completed,1085,recommended,1214,,exact_multi_field,98.0,HIGH,auto_matched
CW_000005,lok_sabha,completed,1092,recommended,1213,,exact_multi_field,98.0,HIGH,auto_matched
CW_000069,lok_sabha,completed,19,recommended,8,,fuzzy_multi_field,85.67,HIGH,auto_matched
CW_000344,lok_sabha,completed,1125,recommended,1467,,fuzzy_multi_field,87.24,HIGH,auto_matched
CW_000399,lok_sabha,completed,981,recommended,85,,fuzzy_multi_field,95.72,HIGH,auto_matched
CW_000380,lok_sabha,completed,1071,recommended,1203,,fuzzy_multi_field,94.1,HIGH,auto_matched
CW_000361,lok_sabha,completed,1216,recommended,1494,,fuzzy_multi_field,87.66,HIGH,auto_matched
CW_000385,lok_sabha,completed,1116,recommended,1369,,fuzzy_multi_field,86.36,HIGH,auto_matched
CW_000014,lok_sabha,completed,1090,recommended,1202,,fuzzy_multi_field,86.2,HIGH,auto_matched
CW_000036,lok_sabha,completed,1097,recommended,1201,,fuzzy_multi_field,86.2,HIGH,auto_matched
CW_000087,lok_sabha,completed,1246,recommended,1049,,fuzzy_multi_field,86.33,HIGH,auto_matched
CW_000400,lok_sabha,completed,283,recommended,1182,,fuzzy_multi_field,85.72,HIGH,auto_matched
CW_000018,lok_sabha,completed,1077,recommended,1204,,fuzzy_multi_field,86.2,HIGH,auto_matched
CW_000278,lok_sabha,completed,1428,recommended,463,,fuzzy_multi_field,87.41,HIGH,auto_matched
CW_000130,lok_sabha,completed,1319,recommended,1470,,fuzzy_multi_field,85.48,HIGH,auto_matched
CW_000045,lok_sabha,completed,1078,recommended,1220,,fuzzy_multi_field,86.67,HIGH,auto_matched
CW_000170,lok_sabha,completed,73,recommended,1160,,fuzzy_multi_field,92.31,HIGH,auto_matched
CW_000205,lok_sabha,completed,1114,recommended,1482,,fuzzy_multi_field,85.12,HIGH,auto_matched
CW_000130,lok_sabha,completed,1319,recommended,1108,,fuzzy_multi_field,85.61,HIGH,auto_matched
CW_000369,lok_sabha,completed,1052,recommended,1139,,fuzzy_multi_field,85.05,HIGH,auto_matched
CW_000064,lok_sabha,completed,1048,recommended,1148,,fuzzy_multi_field,88.5,HIGH,auto_matched
CW_000401,lok_sabha,completed,602,recommended,85,,fuzzy_multi_field,95.72,HIGH,auto_matched
CW_000066,lok_sabha,completed,18,recommended,5,,fuzzy_multi_field,86.36,HIGH,auto_matched
CW_000380,lok_sabha,completed,1071,recommended,1207,,fuzzy_multi_field,86.67,HIGH,auto_matched
CW_000227,lok_sabha,completed,1483,recommended,228,,fuzzy_multi_field,89.9,HIGH,auto_matched
CW_000101,lok_sabha,completed,1469,recommended,236,,fuzzy_multi_field,86.82,HIGH,auto_matched
CW_000099,lok_sabha,completed,1017,recommended,662,,fuzzy_multi_field,88.02,HIGH,auto_matched
CW_000310,lok_sabha,completed,159,recommended,345,,fuzzy_multi_field,91.52,HIGH,auto_matched
CW_000146,lok_sabha,completed,1115,recommended,1114,,fuzzy_multi_field,87.67,HIGH,auto_matched
CW_000217,lok_sabha,completed,940,recommended,808,,fuzzy_multi_field,85.48,HIGH,auto_matched
CW_000340,lok_sabha,completed,70,recommended,782,,fuzzy_multi_field,85.39,HIGH,auto_matched
CW_000402,lok_sabha,completed,511,recommended,1159,,fuzzy_multi_field,88.64,HIGH,auto_matched
CW_000001,lok_sabha,completed,104,recommended,1157,,fuzzy_multi_field,90.18,HIGH,auto_matched
CW_000314,lok_sabha,completed,1301,recommended,231,,fuzzy_multi_field,86.42,HIGH,auto_matched
CW_000010,lok_sabha,completed,1091,recommended,1199,,fuzzy_multi_field,86.2,HIGH,auto_matched
CW_000361,lok_sabha,completed,1216,recommended,1469,,fuzzy_multi_field,85.73,HIGH,auto_matched
CW_000403,lok_sabha,completed,1425,recommended,671,,fuzzy_multi_field,86.6,HIGH,auto_matched
CW_000323,lok_sabha,completed,571,recommended,661,,fuzzy_multi_field,85.38,HIGH,auto_matched
CW_000001,lok_sabha,completed,89,recommended,1157,,fuzzy_multi_field,89.31,HIGH,auto_matched
CW_000087,lok_sabha,completed,1246,recommended,1043,,fuzzy_multi_field,85.76,HIGH,auto_matched
CW_000085,lok_sabha,completed,672,recommended,676,,fuzzy_multi_field,85.38,HIGH,auto_matched
CW_000278,lok_sabha,completed,1428,recommended,457,,fuzzy_multi_field,85.17,HIGH,auto_matched
CW_000404,lok_sabha,completed,1230,recommended,1159,,fuzzy_multi_field,89.89,HIGH,auto_matched
CW_000229,lok_sabha,completed,941,recommended,840,,fuzzy_multi_field,85.45,HIGH,auto_matched
CW_000405,lok_sabha,completed,510,recommended,1182,,fuzzy_multi_field,85.54,HIGH,auto_matched
CW_000047,lok_sabha,completed,1302,recommended,1104,,fuzzy_multi_field,86.18,HIGH,auto_matched
CW_000308,lok_sabha,completed,1310,recommended,1481,,fuzzy_multi_field,86.12,HIGH,auto_matched
CW_000277,lok_sabha,completed,980,recommended,1425,,fuzzy_multi_field,89.34,HIGH,auto_matched
CW_000064,lok_sabha,completed,1048,recommended,1142,,fuzzy_multi_field,87.5,HIGH,auto_matched
CW_000344,lok_sabha,completed,1125,recommended,1465,,fuzzy_multi_field,86.76,HIGH,auto_matched
CW_000109,lok_sabha,completed,71,recommended,96,,fuzzy_multi_field,92.74,HIGH,auto_matched
CW_000174,lok_sabha,completed,1036,recommended,1200,,fuzzy_multi_field,98.26,HIGH,auto_matched
CW_000361,lok_sabha,completed,1216,recommended,1473,,fuzzy_multi_field,85.08,HIGH,auto_matched
CW_000177,lok_sabha,completed,1309,recommended,1498,,fuzzy_multi_field,85.63,HIGH,auto_matched
CW_000121,lok_sabha,completed,1072,recommended,467,,fuzzy_multi_field,86.15,HIGH,auto_matched
CW_000130,lok_sabha,completed,1319,recommended,1468,,fuzzy_multi_field,85.26,HIGH,auto_matched
CW_000171,lok_sabha,completed,1021,recommended,666,,fuzzy_multi_field,89.98,HIGH,auto_matched
CW_000177,lok_sabha,completed,1309,recommended,1496,,fuzzy_multi_field,86.81,HIGH,auto_matched
CW_000406,lok_sabha,completed,599,recommended,1179,,fuzzy_multi_field,87.55,HIGH,auto_matched
CW_000407,lok_sabha,completed,1035,recommended,801,,fuzzy_multi_field,99.89,HIGH,auto_matched
CW_000310,lok_sabha,completed,159,recommended,343,,fuzzy_multi_field,92.5,HIGH,auto_matched
CW_000325,lok_sabha,completed,1046,recommended,1150,,fuzzy_multi_field,85.51,HIGH,auto_matched
CW_000068,lok_sabha,completed,1074,recommended,1205,,fuzzy_multi_field,90.52,HIGH,auto_matched
CW_000408,lok_sabha,completed,182,recommended,809,,fuzzy_multi_field,85.31,HIGH,auto_matched
CW_000217,lok_sabha,completed,940,recommended,847,,fuzzy_multi_field,85.57,HIGH,auto_matched
CW_000409,lok_sabha,completed,982,recommended,90,,fuzzy_multi_field,95.53,HIGH,auto_matched
CW_000069,lok_sabha,completed,19,recommended,11,,fuzzy_multi_field,87.94,HIGH,auto_matched
CW_000202,lok_sabha,completed,45,recommended,1156,,fuzzy_multi_field,91.58,HIGH,auto_matched
CW_000230,lok_sabha,completed,1420,recommended,1414,,fuzzy_multi_field,88.7,HIGH,auto_matched
CW_000278,lok_sabha,completed,1428,recommended,455,,fuzzy_multi_field,86.01,HIGH,auto_matched
CW_000410,lok_sabha,completed,1251,recommended,1159,,fuzzy_multi_field,89.89,HIGH,auto_matched
CW_000411,lok_sabha,completed,1234,recommended,1159,,fuzzy_multi_field,89.89,HIGH,auto_matched
CW_000252,lok_sabha,completed,1123,recommended,1493,,fuzzy_multi_field,85.99,HIGH,auto_matched
CW_000251,lok_sabha,completed,1454,recommended,1250,,fuzzy_multi_field,85.05,HIGH,auto_matched
CW_000277,lok_sabha,completed,980,recommended,1415,,fuzzy_multi_field,86.23,HIGH,auto_matched
CW_000243,lok_sabha,completed,1050,recommended,1140,,fuzzy_multi_field,88.77,HIGH,auto_matched
CW_000251,lok_sabha,completed,1454,recommended,1071,,fuzzy_multi_field,89.11,HIGH,auto_matched
CW_000127,lok_sabha,completed,567,recommended,690,,fuzzy_multi_field,85.43,HIGH,auto_matched
CW_000412,lok_sabha,completed,360,recommended,1161,,fuzzy_multi_field,86.06,HIGH,auto_matched
CW_000277,lok_sabha,completed,980,recommended,1419,,fuzzy_multi_field,85.24,HIGH,auto_matched
CW_000408,lok_sabha,completed,182,recommended,907,,fuzzy_multi_field,85.09,HIGH,auto_matched
CW_000099,lok_sabha,completed,1017,recommended,456,,fuzzy_multi_field,85.66,HIGH,auto_matched
CW_000217,lok_sabha,completed,940,recommended,815,,fuzzy_multi_field,91.07,HIGH,auto_matched
CW_000230,lok_sabha,completed,1420,recommended,1393,,fuzzy_multi_field,86.53,HIGH,auto_matched
CW_000323,lok_sabha,completed,571,recommended,660,,fuzzy_multi_field,85.38,HIGH,auto_matched
CW_000413,lok_sabha,completed,185,recommended,815,,fuzzy_multi_field,87.79,HIGH,auto_matched
CW_000414,lok_sabha,completed,561,recommended,1182,,fuzzy_multi_field,86.99,HIGH,auto_matched
CW_000165,lok_sabha,completed,1306,recommended,1448,,fuzzy_multi_field,86.91,HIGH,auto_matched
CW_000146,lok_sabha,completed,1115,recommended,1466,,fuzzy_multi_field,85.27,HIGH,auto_matched
CW_000415,lok_sabha,completed,1460,recommended,111,,fuzzy_multi_field,85.71,HIGH,auto_matched
CW_000251,lok_sabha,completed,1454,recommended,1259,,fuzzy_multi_field,85.6,HIGH,auto_matched
CW_000416,lok_sabha,completed,978,recommended,820,,fuzzy_multi_field,86.27,HIGH,auto_matched
CW_000087,lok_sabha,completed,1246,recommended,1050,,fuzzy_multi_field,85.28,HIGH,auto_matched
CW_000241,lok_sabha,completed,678,recommended,675,,fuzzy_multi_field,87.22,HIGH,auto_matched
CW_000242,lok_sabha,completed,1022,recommended,672,,fuzzy_multi_field,85.09,HIGH,auto_matched
CW_000280,lok_sabha,completed,1329,recommended,1126,,fuzzy_multi_field,85.12,HIGH,auto_matched
CW_000243,lok_sabha,completed,1050,recommended,1149,,fuzzy_multi_field,85.28,HIGH,auto_matched
CW_000417,lok_sabha,completed,1080,recommended,674,,fuzzy_multi_field,85.85,HIGH,auto_matched
CW_000229,lok_sabha,completed,941,recommended,911,,fuzzy_multi_field,86.01,HIGH,auto_matched
CW_000251,lok_sabha,completed,1454,recommended,1069,,fuzzy_multi_field,85.92,HIGH,auto_matched
CW_000227,lok_sabha,completed,1483,recommended,225,,fuzzy_multi_field,91.92,HIGH,auto_matched
CW_000418,lok_sabha,completed,474,recommended,1179,,fuzzy_multi_field,86.69,HIGH,auto_matched
CW_000408,lok_sabha,completed,182,recommended,846,,fuzzy_multi_field,85.28,HIGH,auto_matched
CW_000419,lok_sabha,completed,1229,recommended,1159,,fuzzy_multi_field,89.89,HIGH,auto_matched
CW_000361,lok_sabha,completed,1216,recommended,1125,,fuzzy_multi_field,86.69,HIGH,auto_matched
CW_000323,lok_sabha,completed,571,recommended,658,,fuzzy_multi_field,86.75,HIGH,auto_matched
CW_000420,lok_sabha,completed,84,recommended,1166,,fuzzy_multi_field,96.59,HIGH,auto_matched
CW_000066,lok_sabha,completed,18,recommended,6,,fuzzy_multi_field,87.47,HIGH,auto_matched
CW_000421,lok_sabha,completed,993,recommended,111,,fuzzy_multi_field,86.03,HIGH,auto_matched
CW_000101,lok_sabha,completed,1469,recommended,237,,fuzzy_multi_field,85.6,HIGH,auto_matched
CW_000277,lok_sabha,completed,980,recommended,1392,,fuzzy_multi_field,85.22,HIGH,auto_matched
CW_000158,lok_sabha,completed,1129,recommended,1106,,fuzzy_multi_field,86.16,HIGH,auto_matched
CW_000314,lok_sabha,completed,1301,recommended,232,,fuzzy_multi_field,85.88,HIGH,auto_matched
CW_000040,lok_sabha,completed,1128,recommended,1499,,fuzzy_multi_field,87.15,HIGH,auto_matched
CW_000422,lok_sabha,completed,183,recommended,809,,fuzzy_multi_field,85.27,HIGH,auto_matched
CW_000117,lok_sabha,completed,1436,recommended,196,,fuzzy_multi_field,87.93,HIGH,auto_matched
CW_000085,lok_sabha,completed,672,recommended,677,,fuzzy_multi_field,86.09,HIGH,auto_matched
CW_000423,lok_sabha,completed,1237,recommended,1159,,fuzzy_multi_field,89.89,HIGH,auto_matched
CW_000361,lok_sabha,completed,1216,recommended,1119,,fuzzy_multi_field,85.87,HIGH,auto_matched
CW_000282,lok_sabha,completed,6,recommended,1432,,fuzzy_multi_field,87.61,HIGH,auto_matched
CW_000424,lok_sabha,completed,162,recommended,814,,fuzzy_multi_field,85.57,HIGH,auto_matched
CW_000356,lok_sabha,completed,568,recommended,659,,fuzzy_multi_field,85.23,HIGH,auto_matched
CW_000356,lok_sabha,completed,568,recommended,689,,fuzzy_multi_field,87.17,HIGH,auto_matched
CW_000407,lok_sabha,completed,1035,recommended,802,,fuzzy_multi_field,90.24,HIGH,auto_matched
CW_000101,lok_sabha,completed,1469,recommended,227,,fuzzy_multi_field,90.27,HIGH,auto_matched
CW_000408,lok_sabha,completed,182,recommended,810,,fuzzy_multi_field,85.32,HIGH,auto_matched
CW_000344,lok_sabha,completed,1125,recommended,1471,,fuzzy_multi_field,85.31,HIGH,auto_matched
CW_000371,lok_sabha,completed,1208,recommended,1102,,fuzzy_multi_field,85.79,HIGH,auto_matched
CW_000117,lok_sabha,completed,1436,recommended,194,,fuzzy_multi_field,86.76,HIGH,auto_matched
CW_000196,lok_sabha,completed,1427,recommended,454,,fuzzy_multi_field,85.45,HIGH,auto_matched
CW_000130,lok_sabha,completed,1319,recommended,1474,,fuzzy_multi_field,87.01,HIGH,auto_matched
CW_000425,lok_sabha,completed,1236,recommended,1159,,fuzzy_multi_field,89.89,HIGH,auto_matched
CW_000277,lok_sabha,completed,980,recommended,1405,,fuzzy_multi_field,85.99,HIGH,auto_matched
CW_000277,lok_sabha,completed,980,recommended,1416,,fuzzy_multi_field,85.72,HIGH,auto_matched
CW_000066,lok_sabha,completed,18,recommended,9,,fuzzy_multi_field,88.97,HIGH,auto_matched
CW_000146,lok_sabha,completed,1115,recommended,1107,,fuzzy_multi_field,89.0,HIGH,auto_matched
CW_000217,lok_sabha,completed,940,recommended,812,,fuzzy_multi_field,85.37,HIGH,auto_matched
CW_000230,lok_sabha,completed,1420,recommended,1409,,fuzzy_multi_field,87.24,HIGH,auto_matched
CW_000041,lok_sabha,completed,150,recommended,217,,fuzzy_multi_field,86.39,HIGH,auto_matched
CW_000426,lok_sabha,completed,666,recommended,1179,,fuzzy_multi_field,85.68,HIGH,auto_matched
CW_000222,lok_sabha,completed,1194,recommended,1480,,fuzzy_multi_field,85.1,HIGH,auto_matched
CW_000427,lok_sabha,completed,165,recommended,849,,fuzzy_multi_field,85.39,HIGH,auto_matched
CW_000428,lok_sabha,completed,508,recommended,1180,,fuzzy_multi_field,85.17,HIGH,auto_matched
CW_000365,lok_sabha,completed,1304,recommended,593,,fuzzy_multi_field,93.1,HIGH,auto_matched
CW_000429,lok_sabha,completed,170,recommended,841,,fuzzy_multi_field,85.01,HIGH,auto_matched
CW_000283,lok_sabha,completed,1320,recommended,1476,,fuzzy_multi_field,85.41,HIGH,auto_matched
CW_000415,lok_sabha,completed,1460,recommended,1017,,fuzzy_multi_field,87.35,HIGH,auto_matched
CW_000356,lok_sabha,completed,568,recommended,681,,fuzzy_multi_field,85.1,HIGH,auto_matched
CW_000221,lok_sabha,completed,1327,recommended,1464,,fuzzy_multi_field,86.53,HIGH,auto_matched
CW_000251,lok_sabha,completed,1454,recommended,1254,,fuzzy_multi_field,87.24,HIGH,auto_matched
CW_000205,lok_sabha,completed,1114,recommended,1495,,fuzzy_multi_field,87.88,HIGH,auto_matched
CW_000430,lok_sabha,completed,514,recommended,1183,,fuzzy_multi_field,85.86,HIGH,auto_matched
CW_000012,lok_sabha,completed,178,recommended,807,,fuzzy_multi_field,86.99,HIGH,auto_matched
CW_000431,lok_sabha,completed,1231,recommended,1159,,fuzzy_multi_field,89.89,HIGH,auto_matched
CW_000117,lok_sabha,completed,1436,recommended,197,,fuzzy_multi_field,88.74,HIGH,auto_matched
CW_000432,lok_sabha,completed,88,recommended,1156,,fuzzy_multi_field,87.9,HIGH,auto_matched
CW_000407,lok_sabha,completed,1035,recommended,803,,fuzzy_multi_field,94.25,HIGH,auto_matched
CW_000277,lok_sabha,completed,980,recommended,1398,,fuzzy_multi_field,86.92,HIGH,auto_matched
CW_000433,lok_sabha,completed,1252,recommended,1159,,fuzzy_multi_field,89.89,HIGH,auto_matched
CW_000393,lok_sabha,completed,1047,recommended,1141,,fuzzy_multi_field,85.74,HIGH,auto_matched
CW_000277,lok_sabha,completed,980,recommended,1421,,fuzzy_multi_field,86.15,HIGH,auto_matched
CW_000130,lok_sabha,completed,1319,recommended,1475,,fuzzy_multi_field,85.76,HIGH,auto_matched
CW_000227,lok_sabha,completed,1483,recommended,229,,fuzzy_multi_field,89.9,HIGH,auto_matched
CW_000117,lok_sabha,completed,1436,recommended,195,,fuzzy_multi_field,90.06,HIGH,auto_matched
CW_000434,lok_sabha,completed,86,recommended,1166,,fuzzy_multi_field,96.59,HIGH,auto_matched
CW_000415,lok_sabha,completed,1460,recommended,1020,,fuzzy_multi_field,86.1,HIGH,auto_matched
CW_000066,lok_sabha,completed,18,recommended,10,,fuzzy_multi_field,92.5,HIGH,auto_matched
CW_000435,lok_sabha,completed,1249,recommended,1159,,fuzzy_multi_field,89.89,HIGH,auto_matched
CW_000277,lok_sabha,completed,980,recommended,1396,,fuzzy_multi_field,85.34,HIGH,auto_matched
CW_000217,lok_sabha,completed,940,recommended,843,,fuzzy_multi_field,86.51,HIGH,auto_matched
CW_000069,lok_sabha,completed,19,recommended,7,,fuzzy_multi_field,85.54,HIGH,auto_matched
CW_000436,lok_sabha,completed,87,recommended,1166,,fuzzy_multi_field,96.59,HIGH,auto_matched
CW_000437,lok_sabha,completed,1233,recommended,1159,,fuzzy_multi_field,89.89,HIGH,auto_matched
CW_000251,lok_sabha,completed,1454,recommended,1255,,fuzzy_multi_field,89.53,HIGH,auto_matched
CW_000087,lok_sabha,completed,1246,recommended,1046,,fuzzy_multi_field,86.86,HIGH,auto_matched
CW_000040,lok_sabha,completed,1128,recommended,1497,,fuzzy_multi_field,85.41,HIGH,auto_matched
CW_000277,lok_sabha,completed,980,recommended,1424,,fuzzy_multi_field,89.97,HIGH,auto_matched
CW_000438,lok_sabha,completed,667,recommended,106,,fuzzy_multi_field,86.46,HIGH,auto_matched
CW_000439,lok_sabha,completed,1235,recommended,1159,,fuzzy_multi_field,89.89,HIGH,auto_matched
CW_000277,lok_sabha,completed,980,recommended,1388,,fuzzy_multi_field,85.43,HIGH,auto_matched
CW_000117,lok_sabha,completed,1436,recommended,192,,fuzzy_multi_field,87.16,HIGH,auto_matched
CW_000440,lok_sabha,completed,175,recommended,814,,fuzzy_multi_field,85.81,HIGH,auto_matched
CW_000441,lok_sabha,completed,1248,recommended,1159,,fuzzy_multi_field,89.89,HIGH,auto_matched
CW_000277,lok_sabha,completed,980,recommended,1433,,fuzzy_multi_field,88.01,HIGH,auto_matched
CW_000254,lok_sabha,completed,949,recommended,917,,fuzzy_multi_field,89.01,HIGH,auto_matched
CW_000001,lok_sabha,completed,102,recommended,1157,,fuzzy_multi_field,90.18,HIGH,auto_matched
CW_000442,lok_sabha,completed,166,recommended,914,,fuzzy_multi_field,86.38,HIGH,auto_matched
CW_000443,lok_sabha,completed,1239,recommended,1159,,fuzzy_multi_field,89.89,HIGH,auto_matched
CW_000100,lok_sabha,completed,281,sanctioned,296,,exact_multi_field,98.0,HIGH,auto_matched
CW_000006,lok_sabha,completed,1076,sanctioned,1231,,exact_multi_field,98.0,HIGH,auto_matched
CW_000057,lok_sabha,completed,1187,sanctioned,505,,exact_multi_field,98.0,HIGH,auto_matched
CW_000010,lok_sabha,completed,1091,sanctioned,1224,,exact_multi_field,98.0,HIGH,auto_matched
CW_000010,lok_sabha,completed,1091,sanctioned,1205,,exact_multi_field,98.0,HIGH,auto_matched
CW_000009,lok_sabha,completed,1098,sanctioned,1233,,exact_multi_field,98.0,HIGH,auto_matched
CW_000010,lok_sabha,completed,1091,sanctioned,1235,,exact_multi_field,98.0,HIGH,auto_matched
CW_000011,lok_sabha,completed,1094,sanctioned,1223,,exact_multi_field,98.0,HIGH,auto_matched
CW_000014,lok_sabha,completed,1090,sanctioned,1232,,exact_multi_field,98.0,HIGH,auto_matched
CW_000018,lok_sabha,completed,1077,sanctioned,1223,,exact_multi_field,98.0,HIGH,auto_matched
CW_000165,lok_sabha,completed,1306,sanctioned,585,,exact_multi_field,98.0,HIGH,auto_matched
CW_000013,lok_sabha,completed,1081,sanctioned,1219,,exact_multi_field,98.0,HIGH,auto_matched
CW_000373,lok_sabha,completed,1300,sanctioned,1258,,exact_multi_field,98.0,HIGH,auto_matched
CW_000018,lok_sabha,completed,1077,sanctioned,1204,,exact_multi_field,98.0,HIGH,auto_matched
CW_000095,lok_sabha,completed,279,sanctioned,296,,exact_multi_field,98.0,HIGH,auto_matched
CW_000166,lok_sabha,completed,554,sanctioned,1336,,exact_multi_field,98.0,HIGH,auto_matched
CW_000018,lok_sabha,completed,1077,sanctioned,1234,,exact_multi_field,98.0,HIGH,auto_matched
CW_000198,lok_sabha,completed,675,sanctioned,458,,exact_multi_field,98.0,HIGH,auto_matched
CW_000023,lok_sabha,completed,1099,sanctioned,1201,,exact_multi_field,98.0,HIGH,auto_matched
CW_000017,lok_sabha,completed,1096,sanctioned,1223,,exact_multi_field,98.0,HIGH,auto_matched
CW_000337,lok_sabha,completed,1087,sanctioned,1308,,exact_multi_field,98.0,HIGH,auto_matched
CW_000063,lok_sabha,completed,1079,sanctioned,1223,,exact_multi_field,98.0,HIGH,auto_matched
CW_000304,lok_sabha,completed,119,sanctioned,1023,,exact_multi_field,98.0,HIGH,auto_matched
CW_000022,lok_sabha,completed,1083,sanctioned,1219,,exact_multi_field,98.0,HIGH,auto_matched
CW_000023,lok_sabha,completed,1099,sanctioned,1212,,exact_multi_field,98.0,HIGH,auto_matched
CW_000093,lok_sabha,completed,1038,sanctioned,1217,,exact_multi_field,98.0,HIGH,auto_matched
CW_000063,lok_sabha,completed,1079,sanctioned,1204,,exact_multi_field,98.0,HIGH,auto_matched
CW_000045,lok_sabha,completed,1078,sanctioned,1220,,exact_multi_field,98.0,HIGH,auto_matched
CW_000305,lok_sabha,completed,53,sanctioned,555,,exact_multi_field,98.0,HIGH,auto_matched
CW_000170,lok_sabha,completed,73,sanctioned,1160,,exact_multi_field,98.0,HIGH,auto_matched
CW_000258,lok_sabha,completed,33,sanctioned,1448,,exact_multi_field,98.0,HIGH,auto_matched
CW_000086,lok_sabha,completed,1182,sanctioned,506,,exact_multi_field,98.0,HIGH,auto_matched
CW_000009,lok_sabha,completed,1098,sanctioned,1203,,exact_multi_field,98.0,HIGH,auto_matched
CW_000027,lok_sabha,completed,945,sanctioned,169,,exact_multi_field,98.0,HIGH,auto_matched
CW_000308,lok_sabha,completed,1310,sanctioned,1357,,exact_multi_field,98.0,HIGH,auto_matched
CW_000005,lok_sabha,completed,1092,sanctioned,1228,,exact_multi_field,98.0,HIGH,auto_matched
CW_000068,lok_sabha,completed,1074,sanctioned,1215,,exact_multi_field,98.0,HIGH,auto_matched
CW_000024,lok_sabha,completed,1075,sanctioned,1228,,exact_multi_field,98.0,HIGH,auto_matched
CW_000028,lok_sabha,completed,1084,sanctioned,1222,,exact_multi_field,98.0,HIGH,auto_matched
CW_000171,lok_sabha,completed,1021,sanctioned,653,,exact_multi_field,98.0,HIGH,auto_matched
CW_000384,lok_sabha,completed,1299,sanctioned,231,,exact_multi_field,98.0,HIGH,auto_matched
CW_000036,lok_sabha,completed,1097,sanctioned,1235,,exact_multi_field,98.0,HIGH,auto_matched
CW_000004,lok_sabha,completed,1085,sanctioned,1208,,exact_multi_field,98.0,HIGH,auto_matched
CW_000003,lok_sabha,completed,125,sanctioned,326,,exact_multi_field,98.0,HIGH,auto_matched
CW_000034,lok_sabha,completed,1093,sanctioned,1225,,exact_multi_field,98.0,HIGH,auto_matched
CW_000006,lok_sabha,completed,1076,sanctioned,1225,,exact_multi_field,98.0,HIGH,auto_matched
CW_000007,lok_sabha,completed,1183,sanctioned,508,,exact_multi_field,98.0,HIGH,auto_matched
CW_000072,lok_sabha,completed,500,sanctioned,814,,exact_multi_field,98.0,HIGH,auto_matched
CW_000006,lok_sabha,completed,1076,sanctioned,1206,,exact_multi_field,98.0,HIGH,auto_matched
CW_000088,lok_sabha,completed,1184,sanctioned,502,,exact_multi_field,98.0,HIGH,auto_matched
CW_000041,lok_sabha,completed,150,sanctioned,213,,exact_multi_field,98.0,HIGH,auto_matched
CW_000042,lok_sabha,completed,326,sanctioned,215,,exact_multi_field,98.0,HIGH,auto_matched
CW_000048,lok_sabha,completed,1095,sanctioned,1225,,exact_multi_field,98.0,HIGH,auto_matched
CW_000093,lok_sabha,completed,1038,sanctioned,1215,,exact_multi_field,98.0,HIGH,auto_matched
CW_000014,lok_sabha,completed,1090,sanctioned,1196,,exact_multi_field,98.0,HIGH,auto_matched
CW_000045,lok_sabha,completed,1078,sanctioned,1224,,exact_multi_field,98.0,HIGH,auto_matched
CW_000180,lok_sabha,completed,1020,sanctioned,654,,exact_multi_field,98.0,HIGH,auto_matched
CW_000043,lok_sabha,completed,1082,sanctioned,1196,,exact_multi_field,98.0,HIGH,auto_matched
CW_000045,lok_sabha,completed,1078,sanctioned,1205,,exact_multi_field,98.0,HIGH,auto_matched
CW_000043,lok_sabha,completed,1082,sanctioned,1226,,exact_multi_field,98.0,HIGH,auto_matched
CW_000026,lok_sabha,completed,1186,sanctioned,501,,exact_multi_field,98.0,HIGH,auto_matched
CW_000045,lok_sabha,completed,1078,sanctioned,1235,,exact_multi_field,98.0,HIGH,auto_matched
CW_000001,lok_sabha,completed,85,sanctioned,1147,,exact_multi_field,98.0,HIGH,auto_matched
CW_000022,lok_sabha,completed,1083,sanctioned,1232,,exact_multi_field,98.0,HIGH,auto_matched
CW_000028,lok_sabha,completed,1084,sanctioned,1226,,exact_multi_field,98.0,HIGH,auto_matched
CW_000185,lok_sabha,completed,1406,sanctioned,1299,,exact_multi_field,98.0,HIGH,auto_matched
CW_000356,lok_sabha,completed,568,sanctioned,466,,exact_multi_field,98.0,HIGH,auto_matched
CW_000186,lok_sabha,completed,216,sanctioned,962,,exact_multi_field,98.0,HIGH,auto_matched
CW_000126,lok_sabha,completed,1070,sanctioned,1215,,exact_multi_field,98.0,HIGH,auto_matched
CW_000009,lok_sabha,completed,1098,sanctioned,1227,,exact_multi_field,98.0,HIGH,auto_matched
CW_000005,lok_sabha,completed,1092,sanctioned,1208,,exact_multi_field,98.0,HIGH,auto_matched
CW_000004,lok_sabha,completed,1085,sanctioned,1223,,exact_multi_field,98.0,HIGH,auto_matched
CW_000005,lok_sabha,completed,1092,sanctioned,1222,,exact_multi_field,98.0,HIGH,auto_matched
CW_000328,lok_sabha,completed,545,sanctioned,1325,,exact_multi_field,98.0,HIGH,auto_matched
CW_000024,lok_sabha,completed,1075,sanctioned,1222,,exact_multi_field,98.0,HIGH,auto_matched
CW_000010,lok_sabha,completed,1091,sanctioned,1233,,exact_multi_field,98.0,HIGH,auto_matched
CW_000192,lok_sabha,completed,261,sanctioned,1173,,exact_multi_field,98.0,HIGH,auto_matched
CW_000011,lok_sabha,completed,1094,sanctioned,1221,,exact_multi_field,98.0,HIGH,auto_matched
CW_000014,lok_sabha,completed,1090,sanctioned,1230,,exact_multi_field,98.0,HIGH,auto_matched
CW_000195,lok_sabha,completed,64,sanctioned,771,,exact_multi_field,98.0,HIGH,auto_matched
CW_000011,lok_sabha,completed,1094,sanctioned,1232,,exact_multi_field,98.0,HIGH,auto_matched
CW_000196,lok_sabha,completed,1427,sanctioned,661,,exact_multi_field,98.0,HIGH,auto_matched
CW_000018,lok_sabha,completed,1077,sanctioned,1232,,exact_multi_field,98.0,HIGH,auto_matched
CW_000013,lok_sabha,completed,1081,sanctioned,1228,,exact_multi_field,98.0,HIGH,auto_matched
CW_000092,lok_sabha,completed,1185,sanctioned,503,,exact_multi_field,98.0,HIGH,auto_matched
CW_000017,lok_sabha,completed,1096,sanctioned,1221,,exact_multi_field,98.0,HIGH,auto_matched
CW_000048,lok_sabha,completed,1095,sanctioned,1219,,exact_multi_field,98.0,HIGH,auto_matched
CW_000132,lok_sabha,completed,75,sanctioned,1160,,exact_multi_field,98.0,HIGH,auto_matched
CW_000017,lok_sabha,completed,1096,sanctioned,1232,,exact_multi_field,98.0,HIGH,auto_matched
CW_000063,lok_sabha,completed,1079,sanctioned,1232,,exact_multi_field,98.0,HIGH,auto_matched
CW_000014,lok_sabha,completed,1090,sanctioned,1226,,exact_multi_field,98.0,HIGH,auto_matched
CW_000019,lok_sabha,completed,63,sanctioned,773,,exact_multi_field,98.0,HIGH,auto_matched
CW_000020,lok_sabha,completed,241,sanctioned,1087,,exact_multi_field,98.0,HIGH,auto_matched
CW_000201,lok_sabha,completed,115,sanctioned,1017,,exact_multi_field,98.0,HIGH,auto_matched
CW_000043,lok_sabha,completed,1082,sanctioned,1220,,exact_multi_field,98.0,HIGH,auto_matched
CW_000001,lok_sabha,completed,93,sanctioned,1147,,exact_multi_field,98.0,HIGH,auto_matched
CW_000332,lok_sabha,completed,502,sanctioned,819,,exact_multi_field,98.0,HIGH,auto_matched
CW_000009,lok_sabha,completed,1098,sanctioned,1231,,exact_multi_field,98.0,HIGH,auto_matched
CW_000026,lok_sabha,completed,1186,sanctioned,506,,exact_multi_field,98.0,HIGH,auto_matched
CW_000005,lok_sabha,completed,1092,sanctioned,1226,,exact_multi_field,98.0,HIGH,auto_matched
CW_000048,lok_sabha,completed,1095,sanctioned,1234,,exact_multi_field,98.0,HIGH,auto_matched
CW_000036,lok_sabha,completed,1097,sanctioned,1229,,exact_multi_field,98.0,HIGH,auto_matched
CW_000024,lok_sabha,completed,1075,sanctioned,1226,,exact_multi_field,98.0,HIGH,auto_matched
CW_000028,lok_sabha,completed,1084,sanctioned,1220,,exact_multi_field,98.0,HIGH,auto_matched
CW_000005,lok_sabha,completed,1092,sanctioned,1207,,exact_multi_field,98.0,HIGH,auto_matched
CW_000236,lok_sabha,completed,1435,sanctioned,345,,exact_multi_field,98.0,HIGH,auto_matched
CW_000066,lok_sabha,completed,18,sanctioned,14,,exact_multi_field,98.0,HIGH,auto_matched
CW_000024,lok_sabha,completed,1075,sanctioned,1207,,exact_multi_field,98.0,HIGH,auto_matched
CW_000005,lok_sabha,completed,1092,sanctioned,1237,,exact_multi_field,98.0,HIGH,auto_matched
CW_000024,lok_sabha,completed,1075,sanctioned,1237,,exact_multi_field,98.0,HIGH,auto_matched
CW_000029,lok_sabha,completed,1188,sanctioned,506,,exact_multi_field,98.0,HIGH,auto_matched
CW_000031,lok_sabha,completed,548,sanctioned,1329,,exact_multi_field,98.0,HIGH,auto_matched
CW_000336,lok_sabha,completed,944,sanctioned,906,,exact_multi_field,98.0,HIGH,auto_matched
CW_000086,lok_sabha,completed,1182,sanctioned,500,,exact_multi_field,98.0,HIGH,auto_matched
CW_000340,lok_sabha,completed,70,sanctioned,780,,exact_multi_field,98.0,HIGH,auto_matched
CW_000175,lok_sabha,completed,447,sanctioned,642,,exact_multi_field,98.0,HIGH,auto_matched
CW_000069,lok_sabha,completed,19,sanctioned,0,,exact_multi_field,98.0,HIGH,auto_matched
CW_000001,lok_sabha,completed,91,sanctioned,1147,,exact_multi_field,98.0,HIGH,auto_matched
CW_000034,lok_sabha,completed,1093,sanctioned,1223,,exact_multi_field,98.0,HIGH,auto_matched
CW_000011,lok_sabha,completed,1094,sanctioned,1236,,exact_multi_field,98.0,HIGH,auto_matched
CW_000006,lok_sabha,completed,1076,sanctioned,1223,,exact_multi_field,98.0,HIGH,auto_matched
CW_000018,lok_sabha,completed,1077,sanctioned,1236,,exact_multi_field,98.0,HIGH,auto_matched
CW_000034,lok_sabha,completed,1093,sanctioned,1204,,exact_multi_field,98.0,HIGH,auto_matched
CW_000035,lok_sabha,completed,348,sanctioned,785,,exact_multi_field,98.0,HIGH,auto_matched
CW_000071,lok_sabha,completed,524,sanctioned,134,,exact_multi_field,98.0,HIGH,auto_matched
CW_000036,lok_sabha,completed,1097,sanctioned,1225,,exact_multi_field,98.0,HIGH,auto_matched
CW_000006,lok_sabha,completed,1076,sanctioned,1204,,exact_multi_field,98.0,HIGH,auto_matched
CW_000034,lok_sabha,completed,1093,sanctioned,1234,,exact_multi_field,98.0,HIGH,auto_matched
CW_000088,lok_sabha,completed,1184,sanctioned,500,,exact_multi_field,98.0,HIGH,auto_matched
CW_000202,lok_sabha,completed,45,sanctioned,1156,,exact_multi_field,98.0,HIGH,auto_matched
CW_000006,lok_sabha,completed,1076,sanctioned,1234,,exact_multi_field,98.0,HIGH,auto_matched
CW_000057,lok_sabha,completed,1187,sanctioned,508,,exact_multi_field,98.0,HIGH,auto_matched
CW_000208,lok_sabha,completed,542,sanctioned,1322,,exact_multi_field,98.0,HIGH,auto_matched
CW_000048,lok_sabha,completed,1095,sanctioned,1223,,exact_multi_field,98.0,HIGH,auto_matched
CW_000037,lok_sabha,completed,39,sanctioned,1151,,exact_multi_field,98.0,HIGH,auto_matched
CW_000010,lok_sabha,completed,1091,sanctioned,1208,,exact_multi_field,98.0,HIGH,auto_matched
CW_000063,lok_sabha,completed,1079,sanctioned,1236,,exact_multi_field,98.0,HIGH,auto_matched
CW_000048,lok_sabha,completed,1095,sanctioned,1204,,exact_multi_field,98.0,HIGH,auto_matched
CW_000045,lok_sabha,completed,1078,sanctioned,1203,,exact_multi_field,98.0,HIGH,auto_matched
CW_000011,lok_sabha,completed,1094,sanctioned,1196,,exact_multi_field,98.0,HIGH,auto_matched
CW_000043,lok_sabha,completed,1082,sanctioned,1224,,exact_multi_field,98.0,HIGH,auto_matched
CW_000045,lok_sabha,completed,1078,sanctioned,1233,,exact_multi_field,98.0,HIGH,auto_matched
CW_000209,lok_sabha,completed,333,sanctioned,1027,,exact_multi_field,98.0,HIGH,auto_matched
CW_000076,lok_sabha,completed,81,sanctioned,222,,exact_multi_field,98.0,HIGH,auto_matched
CW_000043,lok_sabha,completed,1082,sanctioned,1205,,exact_multi_field,98.0,HIGH,auto_matched
CW_000077,lok_sabha,completed,574,sanctioned,184,,exact_multi_field,98.0,HIGH,auto_matched
CW_000013,lok_sabha,completed,1081,sanctioned,1222,,exact_multi_field,98.0,HIGH,auto_matched
CW_000043,lok_sabha,completed,1082,sanctioned,1235,,exact_multi_field,98.0,HIGH,auto_matched
CW_000210,lok_sabha,completed,1328,sanctioned,1347,,exact_multi_field,98.0,HIGH,auto_matched
CW_000212,lok_sabha,completed,586,sanctioned,1307,,exact_multi_field,98.0,HIGH,auto_matched
CW_000213,lok_sabha,completed,946,sanctioned,1005,,exact_multi_field,98.0,HIGH,auto_matched
CW_000044,lok_sabha,completed,48,sanctioned,551,,exact_multi_field,98.0,HIGH,auto_matched
CW_000013,lok_sabha,completed,1081,sanctioned,1203,,exact_multi_field,98.0,HIGH,auto_matched
CW_000017,lok_sabha,completed,1096,sanctioned,1196,,exact_multi_field,98.0,HIGH,auto_matched
CW_000028,lok_sabha,completed,1084,sanctioned,1224,,exact_multi_field,98.0,HIGH,auto_matched
CW_000092,lok_sabha,completed,1185,sanctioned,508,,exact_multi_field,98.0,HIGH,auto_matched
CW_000078,lok_sabha,completed,523,sanctioned,135,,exact_multi_field,98.0,HIGH,auto_matched
CW_000028,lok_sabha,completed,1084,sanctioned,1205,,exact_multi_field,98.0,HIGH,auto_matched
CW_000022,lok_sabha,completed,1083,sanctioned,1222,,exact_multi_field,98.0,HIGH,auto_matched
CW_000047,lok_sabha,completed,1302,sanctioned,1345,,exact_multi_field,98.0,HIGH,auto_matched
CW_000214,lok_sabha,completed,110,sanctioned,1013,,exact_multi_field,98.0,HIGH,auto_matched
CW_000357,lok_sabha,completed,369,sanctioned,635,,exact_multi_field,98.0,HIGH,auto_matched
CW_000080,lok_sabha,completed,0,sanctioned,15,,exact_multi_field,98.0,HIGH,auto_matched
CW_000250,lok_sabha,completed,106,sanctioned,389,,exact_multi_field,98.0,HIGH,auto_matched
CW_000009,lok_sabha,completed,1098,sanctioned,1225,,exact_multi_field,98.0,HIGH,auto_matched
CW_000009,lok_sabha,completed,1098,sanctioned,1206,,exact_multi_field,98.0,HIGH,auto_matched
CW_000117,lok_sabha,completed,1436,sanctioned,510,,exact_multi_field,98.0,HIGH,auto_matched
CW_000221,lok_sabha,completed,1327,sanctioned,1341,,exact_multi_field,98.0,HIGH,auto_matched
CW_000004,lok_sabha,completed,1085,sanctioned,1232,,exact_multi_field,98.0,HIGH,auto_matched
CW_000276,lok_sabha,completed,128,sanctioned,328,,exact_multi_field,98.0,HIGH,auto_matched
CW_000054,lok_sabha,completed,55,sanctioned,752,,exact_multi_field,98.0,HIGH,auto_matched
CW_000007,lok_sabha,completed,1183,sanctioned,502,,exact_multi_field,98.0,HIGH,auto_matched
CW_000055,lok_sabha,completed,663,sanctioned,1300,,exact_multi_field,98.0,HIGH,auto_matched
CW_000014,lok_sabha,completed,1090,sanctioned,1209,,exact_multi_field,98.0,HIGH,auto_matched
CW_000090,lok_sabha,completed,82,sanctioned,203,,exact_multi_field,98.0,HIGH,auto_matched
CW_000010,lok_sabha,completed,1091,sanctioned,1223,,exact_multi_field,98.0,HIGH,auto_matched
CW_000011,lok_sabha,completed,1094,sanctioned,1230,,exact_multi_field,98.0,HIGH,auto_matched
CW_000058,lok_sabha,completed,990,sanctioned,1297,,exact_multi_field,98.0,HIGH,auto_matched
CW_000059,lok_sabha,completed,252,sanctioned,986,,exact_multi_field,98.0,HIGH,auto_matched
CW_000013,lok_sabha,completed,1081,sanctioned,1226,,exact_multi_field,98.0,HIGH,auto_matched
CW_000225,lok_sabha,completed,60,sanctioned,759,,exact_multi_field,98.0,HIGH,auto_matched
CW_000014,lok_sabha,completed,1090,sanctioned,1220,,exact_multi_field,98.0,HIGH,auto_matched
CW_000013,lok_sabha,completed,1081,sanctioned,1207,,exact_multi_field,98.0,HIGH,auto_matched
CW_000016,lok_sabha,completed,1189,sanctioned,503,,exact_multi_field,98.0,HIGH,auto_matched
CW_000017,lok_sabha,completed,1096,sanctioned,1230,,exact_multi_field,98.0,HIGH,auto_matched
CW_000023,lok_sabha,completed,1099,sanctioned,1238,,exact_multi_field,98.0,HIGH,auto_matched
CW_000002,lok_sabha,completed,135,sanctioned,335,,exact_multi_field,98.0,HIGH,auto_matched
CW_000063,lok_sabha,completed,1079,sanctioned,1230,,exact_multi_field,98.0,HIGH,auto_matched
CW_000022,lok_sabha,completed,1083,sanctioned,1226,,exact_multi_field,98.0,HIGH,auto_matched
CW_000014,lok_sabha,completed,1090,sanctioned,1205,,exact_multi_field,98.0,HIGH,auto_matched
CW_000023,lok_sabha,completed,1099,sanctioned,1200,,exact_multi_field,98.0,HIGH,auto_matched
CW_000094,lok_sabha,completed,9,sanctioned,92,,exact_multi_field,98.0,HIGH,auto_matched
CW_000045,lok_sabha,completed,1078,sanctioned,1208,,exact_multi_field,98.0,HIGH,auto_matched
CW_000026,lok_sabha,completed,1186,sanctioned,504,,exact_multi_field,98.0,HIGH,auto_matched
CW_000233,lok_sabha,completed,584,sanctioned,1306,,exact_multi_field,98.0,HIGH,auto_matched
CW_000096,lok_sabha,completed,152,sanctioned,216,,exact_multi_field,98.0,HIGH,auto_matched
CW_000234,lok_sabha,completed,546,sanctioned,1327,,exact_multi_field,98.0,HIGH,auto_matched
CW_000235,lok_sabha,completed,368,sanctioned,1122,,exact_multi_field,98.0,HIGH,auto_matched
CW_000223,lok_sabha,completed,583,sanctioned,1304,,exact_multi_field,98.0,HIGH,auto_matched
CW_000036,lok_sabha,completed,1097,sanctioned,1208,,exact_multi_field,98.0,HIGH,auto_matched
CW_000024,lok_sabha,completed,1075,sanctioned,1205,,exact_multi_field,98.0,HIGH,auto_matched
CW_000005,lok_sabha,completed,1092,sanctioned,1235,,exact_multi_field,98.0,HIGH,auto_matched
CW_000064,lok_sabha,completed,1048,sanctioned,1136,,exact_multi_field,98.0,HIGH,auto_matched
CW_000024,lok_sabha,completed,1075,sanctioned,1235,,exact_multi_field,98.0,HIGH,auto_matched
CW_000206,lok_sabha,completed,121,sanctioned,1021,,exact_multi_field,98.0,HIGH,auto_matched
CW_000028,lok_sabha,completed,1084,sanctioned,1229,,exact_multi_field,98.0,HIGH,auto_matched
CW_000029,lok_sabha,completed,1188,sanctioned,504,,exact_multi_field,98.0,HIGH,auto_matched
CW_000101,lok_sabha,completed,1469,sanctioned,224,,exact_multi_field,98.0,HIGH,auto_matched
CW_000102,lok_sabha,completed,13,sanctioned,84,,exact_multi_field,98.0,HIGH,auto_matched
CW_000113,lok_sabha,completed,280,sanctioned,296,,exact_multi_field,98.0,HIGH,auto_matched
CW_000014,lok_sabha,completed,1090,sanctioned,1224,,exact_multi_field,98.0,HIGH,auto_matched
CW_000036,lok_sabha,completed,1097,sanctioned,1223,,exact_multi_field,98.0,HIGH,auto_matched
CW_000034,lok_sabha,completed,1093,sanctioned,1232,,exact_multi_field,98.0,HIGH,auto_matched
CW_000004,lok_sabha,completed,1085,sanctioned,1196,,exact_multi_field,98.0,HIGH,auto_matched
CW_000239,lok_sabha,completed,1203,sanctioned,1364,,exact_multi_field,98.0,HIGH,auto_matched
CW_000006,lok_sabha,completed,1076,sanctioned,1232,,exact_multi_field,98.0,HIGH,auto_matched
CW_000241,lok_sabha,completed,678,sanctioned,660,,exact_multi_field,98.0,HIGH,auto_matched
CW_000222,lok_sabha,completed,1194,sanctioned,1351,,exact_multi_field,98.0,HIGH,auto_matched
CW_000018,lok_sabha,completed,1077,sanctioned,1196,,exact_multi_field,98.0,HIGH,auto_matched
CW_000242,lok_sabha,completed,1022,sanctioned,657,,exact_multi_field,98.0,HIGH,auto_matched
CW_000107,lok_sabha,completed,572,sanctioned,182,,exact_multi_field,98.0,HIGH,auto_matched
CW_000018,lok_sabha,completed,1077,sanctioned,1226,,exact_multi_field,98.0,HIGH,auto_matched
CW_000010,lok_sabha,completed,1091,sanctioned,1236,,exact_multi_field,98.0,HIGH,auto_matched
CW_000048,lok_sabha,completed,1095,sanctioned,1232,,exact_multi_field,98.0,HIGH,auto_matched
CW_000043,lok_sabha,completed,1082,sanctioned,1203,,exact_multi_field,98.0,HIGH,auto_matched
CW_000043,lok_sabha,completed,1082,sanctioned,1233,,exact_multi_field,98.0,HIGH,auto_matched
CW_000026,lok_sabha,completed,1186,sanctioned,508,,exact_multi_field,98.0,HIGH,auto_matched
CW_000110,lok_sabha,completed,282,sanctioned,98,,exact_multi_field,98.0,HIGH,auto_matched
CW_000045,lok_sabha,completed,1078,sanctioned,1223,,exact_multi_field,98.0,HIGH,auto_matched
CW_000092,lok_sabha,completed,1185,sanctioned,506,,exact_multi_field,98.0,HIGH,auto_matched
CW_000351,lok_sabha,completed,481,sanctioned,822,,exact_multi_field,98.0,HIGH,auto_matched
CW_000112,lok_sabha,completed,140,sanctioned,204,,exact_multi_field,98.0,HIGH,auto_matched
CW_000022,lok_sabha,completed,1083,sanctioned,1220,,exact_multi_field,98.0,HIGH,auto_matched
CW_000028,lok_sabha,completed,1084,sanctioned,1233,,exact_multi_field,98.0,HIGH,auto_matched
CW_000029,lok_sabha,completed,1188,sanctioned,508,,exact_multi_field,98.0,HIGH,auto_matched
CW_000074,lok_sabha,completed,127,sanctioned,329,,exact_multi_field,98.0,HIGH,auto_matched
CW_000022,lok_sabha,completed,1083,sanctioned,1231,,exact_multi_field,98.0,HIGH,auto_matched
CW_000251,lok_sabha,completed,1454,sanctioned,1248,,exact_multi_field,98.0,HIGH,auto_matched
CW_000079,lok_sabha,completed,217,sanctioned,963,,exact_multi_field,98.0,HIGH,auto_matched
CW_000009,lok_sabha,completed,1098,sanctioned,1204,,exact_multi_field,98.0,HIGH,auto_matched
CW_000114,lok_sabha,completed,8,sanctioned,90,,exact_multi_field,98.0,HIGH,auto_matched
CW_000009,lok_sabha,completed,1098,sanctioned,1234,,exact_multi_field,98.0,HIGH,auto_matched
CW_000081,lok_sabha,completed,1049,sanctioned,1133,,exact_multi_field,98.0,HIGH,auto_matched
CW_000083,lok_sabha,completed,256,sanctioned,990,,exact_multi_field,98.0,HIGH,auto_matched
CW_000084,lok_sabha,completed,543,sanctioned,1324,,exact_multi_field,98.0,HIGH,auto_matched
CW_000005,lok_sabha,completed,1092,sanctioned,1229,,exact_multi_field,98.0,HIGH,auto_matched
CW_000007,lok_sabha,completed,1183,sanctioned,500,,exact_multi_field,98.0,HIGH,auto_matched
CW_000057,lok_sabha,completed,1187,sanctioned,502,,exact_multi_field,98.0,HIGH,auto_matched
CW_000010,lok_sabha,completed,1091,sanctioned,1221,,exact_multi_field,98.0,HIGH,auto_matched
CW_000001,lok_sabha,completed,103,sanctioned,1147,,exact_multi_field,98.0,HIGH,auto_matched
CW_000255,lok_sabha,completed,532,sanctioned,1315,,exact_multi_field,98.0,HIGH,auto_matched
CW_000256,lok_sabha,completed,244,sanctioned,978,,exact_multi_field,98.0,HIGH,auto_matched
CW_000011,lok_sabha,completed,1094,sanctioned,1209,,exact_multi_field,98.0,HIGH,auto_matched
CW_000013,lok_sabha,completed,1081,sanctioned,1205,,exact_multi_field,98.0,HIGH,auto_matched
CW_000122,lok_sabha,completed,578,sanctioned,188,,exact_multi_field,98.0,HIGH,auto_matched
CW_000004,lok_sabha,completed,1085,sanctioned,1226,,exact_multi_field,98.0,HIGH,auto_matched
CW_000013,lok_sabha,completed,1081,sanctioned,1235,,exact_multi_field,98.0,HIGH,auto_matched
CW_000011,lok_sabha,completed,1094,sanctioned,1220,,exact_multi_field,98.0,HIGH,auto_matched
CW_000014,lok_sabha,completed,1090,sanctioned,1229,,exact_multi_field,98.0,HIGH,auto_matched
CW_000018,lok_sabha,completed,1077,sanctioned,1220,,exact_multi_field,98.0,HIGH,auto_matched
CW_000017,lok_sabha,completed,1096,sanctioned,1209,,exact_multi_field,98.0,HIGH,auto_matched
CW_000048,lok_sabha,completed,1095,sanctioned,1226,,exact_multi_field,98.0,HIGH,auto_matched
CW_000063,lok_sabha,completed,1079,sanctioned,1209,,exact_multi_field,98.0,HIGH,auto_matched
CW_000367,lok_sabha,completed,942,sanctioned,905,,exact_multi_field,98.0,HIGH,auto_matched
CW_000023,lok_sabha,completed,1099,sanctioned,1198,,exact_multi_field,98.0,HIGH,auto_matched
CW_000259,lok_sabha,completed,581,sanctioned,1302,,exact_multi_field,98.0,HIGH,auto_matched
CW_000048,lok_sabha,completed,1095,sanctioned,1207,,exact_multi_field,98.0,HIGH,auto_matched
CW_000017,lok_sabha,completed,1096,sanctioned,1220,,exact_multi_field,98.0,HIGH,auto_matched
CW_000022,lok_sabha,completed,1083,sanctioned,1235,,exact_multi_field,98.0,HIGH,auto_matched
CW_000063,lok_sabha,completed,1079,sanctioned,1220,,exact_multi_field,98.0,HIGH,auto_matched
CW_000024,lok_sabha,completed,1075,sanctioned,1229,,exact_multi_field,98.0,HIGH,auto_matched
CW_000095,lok_sabha,completed,279,sanctioned,297,,exact_multi_field,98.0,HIGH,auto_matched
CW_000043,lok_sabha,completed,1082,sanctioned,1208,,exact_multi_field,98.0,HIGH,auto_matched
CW_000289,lok_sabha,completed,677,sanctioned,454,,exact_multi_field,98.0,HIGH,auto_matched
CW_000368,lok_sabha,completed,219,sanctioned,894,,exact_multi_field,98.0,HIGH,auto_matched
CW_000009,lok_sabha,completed,1098,sanctioned,1219,,exact_multi_field,98.0,HIGH,auto_matched
CW_000005,lok_sabha,completed,1092,sanctioned,1233,,exact_multi_field,98.0,HIGH,auto_matched
CW_000170,lok_sabha,completed,73,sanctioned,1157,,exact_multi_field,98.0,HIGH,auto_matched
CW_000028,lok_sabha,completed,1084,sanctioned,1227,,exact_multi_field,98.0,HIGH,auto_matched
CW_000100,lok_sabha,completed,281,sanctioned,297,,exact_multi_field,98.0,HIGH,auto_matched
CW_000028,lok_sabha,completed,1084,sanctioned,1208,,exact_multi_field,98.0,HIGH,auto_matched
CW_000024,lok_sabha,completed,1075,sanctioned,1225,,exact_multi_field,98.0,HIGH,auto_matched
CW_000243,lok_sabha,completed,1050,sanctioned,1134,,exact_multi_field,98.0,HIGH,auto_matched
CW_000252,lok_sabha,completed,1123,sanctioned,1349,,exact_multi_field,98.0,HIGH,auto_matched
CW_000099,lok_sabha,completed,1017,sanctioned,659,,exact_multi_field,98.0,HIGH,auto_matched
CW_000263,lok_sabha,completed,236,sanctioned,976,,exact_multi_field,98.0,HIGH,auto_matched
CW_000015,lok_sabha,completed,531,sanctioned,1316,,exact_multi_field,98.0,HIGH,auto_matched
CW_000134,lok_sabha,completed,136,sanctioned,94,,exact_multi_field,98.0,HIGH,auto_matched
CW_000011,lok_sabha,completed,1094,sanctioned,1224,,exact_multi_field,98.0,HIGH,auto_matched
CW_000014,lok_sabha,completed,1090,sanctioned,1233,,exact_multi_field,98.0,HIGH,auto_matched
CW_000036,lok_sabha,completed,1097,sanctioned,1232,,exact_multi_field,98.0,HIGH,auto_matched
CW_000018,lok_sabha,completed,1077,sanctioned,1224,,exact_multi_field,98.0,HIGH,auto_matched
CW_000088,lok_sabha,completed,1184,sanctioned,507,,exact_multi_field,98.0,HIGH,auto_matched
CW_000060,lok_sabha,completed,314,sanctioned,451,,exact_multi_field,98.0,HIGH,auto_matched
CW_000105,lok_sabha,completed,247,sanctioned,981,,exact_multi_field,98.0,HIGH,auto_matched
CW_000018,lok_sabha,completed,1077,sanctioned,1205,,exact_multi_field,98.0,HIGH,auto_matched
CW_000006,lok_sabha,completed,1076,sanctioned,1222,,exact_multi_field,98.0,HIGH,auto_matched
CW_000023,lok_sabha,completed,1099,sanctioned,1202,,exact_multi_field,98.0,HIGH,auto_matched
CW_000017,lok_sabha,completed,1096,sanctioned,1224,,exact_multi_field,98.0,HIGH,auto_matched
CW_000010,lok_sabha,completed,1091,sanctioned,1196,,exact_multi_field,98.0,HIGH,auto_matched
CW_000063,lok_sabha,completed,1079,sanctioned,1224,,exact_multi_field,98.0,HIGH,auto_matched
CW_000267,lok_sabha,completed,231,sanctioned,968,,exact_multi_field,98.0,HIGH,auto_matched
CW_000045,lok_sabha,completed,1078,sanctioned,1221,,exact_multi_field,98.0,HIGH,auto_matched
CW_000004,lok_sabha,completed,1085,sanctioned,1220,,exact_multi_field,98.0,HIGH,auto_matched
CW_000013,lok_sabha,completed,1081,sanctioned,1229,,exact_multi_field,98.0,HIGH,auto_matched
CW_000092,lok_sabha,completed,1185,sanctioned,504,,exact_multi_field,98.0,HIGH,auto_matched
CW_000260,lok_sabha,completed,442,sanctioned,640,,exact_multi_field,98.0,HIGH,auto_matched
CW_000043,lok_sabha,completed,1082,sanctioned,1223,,exact_multi_field,98.0,HIGH,auto_matched
CW_000268,lok_sabha,completed,76,sanctioned,1169,,exact_multi_field,98.0,HIGH,auto_matched
CW_000086,lok_sabha,completed,1182,sanctioned,507,,exact_multi_field,98.0,HIGH,auto_matched
CW_000016,lok_sabha,completed,1189,sanctioned,506,,exact_multi_field,98.0,HIGH,auto_matched
CW_000028,lok_sabha,completed,1084,sanctioned,1231,,exact_multi_field,98.0,HIGH,auto_matched
CW_000270,lok_sabha,completed,254,sanctioned,988,,exact_multi_field,98.0,HIGH,auto_matched
CW_000145,lok_sabha,completed,1124,sanctioned,149,,exact_multi_field,98.0,HIGH,auto_matched
CW_000353,lok_sabha,completed,32,sanctioned,1447,,exact_multi_field,98.0,HIGH,auto_matched
CW_000022,lok_sabha,completed,1083,sanctioned,1229,,exact_multi_field,98.0,HIGH,auto_matched
CW_000124,lok_sabha,completed,126,sanctioned,325,,exact_multi_field,98.0,HIGH,auto_matched
CW_000271,lok_sabha,completed,237,sanctioned,969,,exact_multi_field,98.0,HIGH,auto_matched
CW_000068,lok_sabha,completed,1074,sanctioned,1216,,exact_multi_field,98.0,HIGH,auto_matched
CW_000045,lok_sabha,completed,1078,sanctioned,1236,,exact_multi_field,98.0,HIGH,auto_matched
CW_000050,lok_sabha,completed,1191,sanctioned,506,,exact_multi_field,98.0,HIGH,auto_matched
CW_000277,lok_sabha,completed,980,sanctioned,1392,,exact_multi_field,98.0,HIGH,auto_matched
CW_000278,lok_sabha,completed,1428,sanctioned,664,,exact_multi_field,98.0,HIGH,auto_matched
CW_000086,lok_sabha,completed,1182,sanctioned,503,,exact_multi_field,98.0,HIGH,auto_matched
CW_000004,lok_sabha,completed,1085,sanctioned,1209,,exact_multi_field,98.0,HIGH,auto_matched
CW_000148,lok_sabha,completed,525,sanctioned,133,,exact_multi_field,98.0,HIGH,auto_matched
CW_000174,lok_sabha,completed,1036,sanctioned,1216,,exact_multi_field,98.0,HIGH,auto_matched
CW_000149,lok_sabha,completed,576,sanctioned,186,,exact_multi_field,98.0,HIGH,auto_matched
CW_000012,lok_sabha,completed,178,sanctioned,900,,exact_multi_field,98.0,HIGH,auto_matched
CW_000006,lok_sabha,completed,1076,sanctioned,1226,,exact_multi_field,98.0,HIGH,auto_matched
CW_000057,lok_sabha,completed,1187,sanctioned,500,,exact_multi_field,98.0,HIGH,auto_matched
CW_000279,lok_sabha,completed,108,sanctioned,1015,,exact_multi_field,98.0,HIGH,auto_matched
CW_000010,lok_sabha,completed,1091,sanctioned,1219,,exact_multi_field,98.0,HIGH,auto_matched
CW_000150,lok_sabha,completed,151,sanctioned,211,,exact_multi_field,98.0,HIGH,auto_matched
CW_000261,lok_sabha,completed,50,sanctioned,553,,exact_multi_field,98.0,HIGH,auto_matched
CW_000167,lok_sabha,completed,505,sanctioned,818,,exact_multi_field,98.0,HIGH,auto_matched
CW_000116,lok_sabha,completed,112,sanctioned,1011,,exact_multi_field,98.0,HIGH,auto_matched
CW_000309,lok_sabha,completed,674,sanctioned,456,,exact_multi_field,98.0,HIGH,auto_matched
CW_000280,lok_sabha,completed,1329,sanctioned,1348,,exact_multi_field,98.0,HIGH,auto_matched
CW_000010,lok_sabha,completed,1091,sanctioned,1230,,exact_multi_field,98.0,HIGH,auto_matched
CW_000151,lok_sabha,completed,24,sanctioned,223,,exact_multi_field,98.0,HIGH,auto_matched
CW_000093,lok_sabha,completed,1038,sanctioned,1216,,exact_multi_field,98.0,HIGH,auto_matched
CW_000004,lok_sabha,completed,1085,sanctioned,1224,,exact_multi_field,98.0,HIGH,auto_matched
CW_000312,lok_sabha,completed,316,sanctioned,452,,exact_multi_field,98.0,HIGH,auto_matched
CW_000013,lok_sabha,completed,1081,sanctioned,1233,,exact_multi_field,98.0,HIGH,auto_matched
CW_000014,lok_sabha,completed,1090,sanctioned,1227,,exact_multi_field,98.0,HIGH,auto_matched
CW_000137,lok_sabha,completed,129,sanctioned,332,,exact_multi_field,98.0,HIGH,auto_matched
CW_000004,lok_sabha,completed,1085,sanctioned,1205,,exact_multi_field,98.0,HIGH,auto_matched
CW_000014,lok_sabha,completed,1090,sanctioned,1208,,exact_multi_field,98.0,HIGH,auto_matched
CW_000119,lok_sabha,completed,61,sanctioned,760,,exact_multi_field,98.0,HIGH,auto_matched
CW_000004,lok_sabha,completed,1085,sanctioned,1235,,exact_multi_field,98.0,HIGH,auto_matched
CW_000011,lok_sabha,completed,1094,sanctioned,1229,,exact_multi_field,98.0,HIGH,auto_matched
CW_000017,lok_sabha,completed,1096,sanctioned,1237,,exact_multi_field,98.0,HIGH,auto_matched
CW_000152,lok_sabha,completed,262,sanctioned,212,,exact_multi_field,98.0,HIGH,auto_matched
CW_000048,lok_sabha,completed,1095,sanctioned,1205,,exact_multi_field,98.0,HIGH,auto_matched
CW_000022,lok_sabha,completed,1083,sanctioned,1233,,exact_multi_field,98.0,HIGH,auto_matched
CW_000286,lok_sabha,completed,111,sanctioned,1012,,exact_multi_field,98.0,HIGH,auto_matched
CW_000024,lok_sabha,completed,1075,sanctioned,1208,,exact_multi_field,98.0,HIGH,auto_matched
CW_000063,lok_sabha,completed,1079,sanctioned,1229,,exact_multi_field,98.0,HIGH,auto_matched
CW_000045,lok_sabha,completed,1078,sanctioned,1196,,exact_multi_field,98.0,HIGH,auto_matched
CW_000125,lok_sabha,completed,66,sanctioned,778,,exact_multi_field,98.0,HIGH,auto_matched
CW_000126,lok_sabha,completed,1070,sanctioned,1216,,exact_multi_field,98.0,HIGH,auto_matched
CW_000085,lok_sabha,completed,672,sanctioned,460,,exact_multi_field,98.0,HIGH,auto_matched
CW_000009,lok_sabha,completed,1098,sanctioned,1228,,exact_multi_field,98.0,HIGH,auto_matched
CW_000028,lok_sabha,completed,1084,sanctioned,1206,,exact_multi_field,98.0,HIGH,auto_matched
CW_000036,lok_sabha,completed,1097,sanctioned,1196,,exact_multi_field,98.0,HIGH,auto_matched
CW_000005,lok_sabha,completed,1092,sanctioned,1223,,exact_multi_field,98.0,HIGH,auto_matched
CW_000128,lok_sabha,completed,251,sanctioned,985,,exact_multi_field,98.0,HIGH,auto_matched
CW_000024,lok_sabha,completed,1075,sanctioned,1223,,exact_multi_field,98.0,HIGH,auto_matched
CW_000291,lok_sabha,completed,43,sanctioned,1162,,exact_multi_field,98.0,HIGH,auto_matched
CW_000051,lok_sabha,completed,504,sanctioned,815,,exact_multi_field,98.0,HIGH,auto_matched
CW_000024,lok_sabha,completed,1075,sanctioned,1204,,exact_multi_field,98.0,HIGH,auto_matched
CW_000275,lok_sabha,completed,248,sanctioned,982,,exact_multi_field,98.0,HIGH,auto_matched
CW_000036,lok_sabha,completed,1097,sanctioned,1230,,exact_multi_field,98.0,HIGH,auto_matched
CW_000018,lok_sabha,completed,1077,sanctioned,1222,,exact_multi_field,98.0,HIGH,auto_matched
CW_000034,lok_sabha,completed,1093,sanctioned,1220,,exact_multi_field,98.0,HIGH,auto_matched
CW_000018,lok_sabha,completed,1077,sanctioned,1203,,exact_multi_field,98.0,HIGH,auto_matched
CW_000011,lok_sabha,completed,1094,sanctioned,1233,,exact_multi_field,98.0,HIGH,auto_matched
CW_000006,lok_sabha,completed,1076,sanctioned,1220,,exact_multi_field,98.0,HIGH,auto_matched
CW_000018,lok_sabha,completed,1077,sanctioned,1233,,exact_multi_field,98.0,HIGH,auto_matched
CW_000023,lok_sabha,completed,1099,sanctioned,1211,,exact_multi_field,98.0,HIGH,auto_matched
CW_000048,lok_sabha,completed,1095,sanctioned,1220,,exact_multi_field,98.0,HIGH,auto_matched
CW_000063,lok_sabha,completed,1079,sanctioned,1233,,exact_multi_field,98.0,HIGH,auto_matched
CW_000300,lok_sabha,completed,74,sanctioned,1159,,exact_multi_field,98.0,HIGH,auto_matched
CW_000013,lok_sabha,completed,1081,sanctioned,1208,,exact_multi_field,98.0,HIGH,auto_matched
CW_000043,lok_sabha,completed,1082,sanctioned,1221,,exact_multi_field,98.0,HIGH,auto_matched
CW_000045,lok_sabha,completed,1078,sanctioned,1230,,exact_multi_field,98.0,HIGH,auto_matched
CW_000016,lok_sabha,completed,1189,sanctioned,504,,exact_multi_field,98.0,HIGH,auto_matched
CW_000302,lok_sabha,completed,947,sanctioned,1004,,exact_multi_field,98.0,HIGH,auto_matched
CW_000140,lok_sabha,completed,1126,sanctioned,1355,,exact_multi_field,98.0,HIGH,auto_matched
CW_000141,lok_sabha,completed,49,sanctioned,550,,exact_multi_field,98.0,HIGH,auto_matched
CW_000168,lok_sabha,completed,23,sanctioned,209,,exact_multi_field,98.0,HIGH,auto_matched
CW_000026,lok_sabha,completed,1186,sanctioned,507,,exact_multi_field,98.0,HIGH,auto_matched
CW_000065,lok_sabha,completed,1440,sanctioned,655,,exact_multi_field,98.0,HIGH,auto_matched
CW_000048,lok_sabha,completed,1095,sanctioned,1235,,exact_multi_field,98.0,HIGH,auto_matched
CW_000062,lok_sabha,completed,484,sanctioned,817,,exact_multi_field,98.0,HIGH,auto_matched
CW_000022,lok_sabha,completed,1083,sanctioned,1208,,exact_multi_field,98.0,HIGH,auto_matched
CW_000028,lok_sabha,completed,1084,sanctioned,1221,,exact_multi_field,98.0,HIGH,auto_matched
CW_000050,lok_sabha,completed,1191,sanctioned,504,,exact_multi_field,98.0,HIGH,auto_matched
CW_000086,lok_sabha,completed,1182,sanctioned,501,,exact_multi_field,98.0,HIGH,auto_matched
CW_000146,lok_sabha,completed,1115,sanctioned,1356,,exact_multi_field,98.0,HIGH,auto_matched
CW_000104,lok_sabha,completed,315,sanctioned,453,,exact_multi_field,98.0,HIGH,auto_matched
CW_000001,lok_sabha,completed,98,sanctioned,1147,,exact_multi_field,98.0,HIGH,auto_matched
CW_000009,lok_sabha,completed,1098,sanctioned,1222,,exact_multi_field,98.0,HIGH,auto_matched
CW_000174,lok_sabha,completed,1036,sanctioned,1214,,exact_multi_field,98.0,HIGH,auto_matched
CW_000172,lok_sabha,completed,605,sanctioned,137,,exact_multi_field,98.0,HIGH,auto_matched
CW_000173,lok_sabha,completed,10,sanctioned,97,,exact_multi_field,98.0,HIGH,auto_matched
CW_000307,lok_sabha,completed,233,sanctioned,972,,exact_multi_field,98.0,HIGH,auto_matched
CW_000006,lok_sabha,completed,1076,sanctioned,1205,,exact_multi_field,98.0,HIGH,auto_matched
CW_000147,lok_sabha,completed,56,sanctioned,751,,exact_multi_field,98.0,HIGH,auto_matched
CW_000006,lok_sabha,completed,1076,sanctioned,1235,,exact_multi_field,98.0,HIGH,auto_matched
CW_000010,lok_sabha,completed,1091,sanctioned,1228,,exact_multi_field,98.0,HIGH,auto_matched
CW_000178,lok_sabha,completed,36,sanctioned,95,,exact_multi_field,98.0,HIGH,auto_matched
CW_000010,lok_sabha,completed,1091,sanctioned,1209,,exact_multi_field,98.0,HIGH,auto_matched
CW_000299,lok_sabha,completed,134,sanctioned,334,,exact_multi_field,98.0,HIGH,auto_matched
CW_000014,lok_sabha,completed,1090,sanctioned,1206,,exact_multi_field,98.0,HIGH,auto_matched
CW_000036,lok_sabha,completed,1097,sanctioned,1205,,exact_multi_field,98.0,HIGH,auto_matched
CW_000004,lok_sabha,completed,1085,sanctioned,1233,,exact_multi_field,98.0,HIGH,auto_matched
CW_000179,lok_sabha,completed,521,sanctioned,136,,exact_multi_field,98.0,HIGH,auto_matched
CW_000011,lok_sabha,completed,1094,sanctioned,1227,,exact_multi_field,98.0,HIGH,auto_matched
CW_000014,lok_sabha,completed,1090,sanctioned,1236,,exact_multi_field,98.0,HIGH,auto_matched
CW_000018,lok_sabha,completed,1077,sanctioned,1227,,exact_multi_field,98.0,HIGH,auto_matched
CW_000181,lok_sabha,completed,1027,sanctioned,168,,exact_multi_field,98.0,HIGH,auto_matched
CW_000011,lok_sabha,completed,1094,sanctioned,1208,,exact_multi_field,98.0,HIGH,auto_matched
CW_000013,lok_sabha,completed,1081,sanctioned,1223,,exact_multi_field,98.0,HIGH,auto_matched
CW_000211,lok_sabha,completed,501,sanctioned,821,,exact_multi_field,98.0,HIGH,auto_matched
CW_000018,lok_sabha,completed,1077,sanctioned,1208,,exact_multi_field,98.0,HIGH,auto_matched
CW_000017,lok_sabha,completed,1096,sanctioned,1227,,exact_multi_field,98.0,HIGH,auto_matched
CW_000153,lok_sabha,completed,590,sanctioned,1310,,exact_multi_field,98.0,HIGH,auto_matched
CW_000182,lok_sabha,completed,147,sanctioned,176,,exact_multi_field,98.0,HIGH,auto_matched
CW_000063,lok_sabha,completed,1079,sanctioned,1227,,exact_multi_field,98.0,HIGH,auto_matched
CW_000014,lok_sabha,completed,1090,sanctioned,1221,,exact_multi_field,98.0,HIGH,auto_matched
CW_000022,lok_sabha,completed,1083,sanctioned,1223,,exact_multi_field,98.0,HIGH,auto_matched
CW_000126,lok_sabha,completed,1070,sanctioned,1214,,exact_multi_field,98.0,HIGH,auto_matched
CW_000063,lok_sabha,completed,1079,sanctioned,1208,,exact_multi_field,98.0,HIGH,auto_matched
CW_000350,lok_sabha,completed,179,sanctioned,392,,exact_multi_field,98.0,HIGH,auto_matched
CW_000184,lok_sabha,completed,4,sanctioned,86,,exact_multi_field,98.0,HIGH,auto_matched
CW_000009,lok_sabha,completed,1098,sanctioned,1226,,exact_multi_field,98.0,HIGH,auto_matched
CW_000316,lok_sabha,completed,664,sanctioned,1298,,exact_multi_field,98.0,HIGH,auto_matched
CW_000217,lok_sabha,completed,940,sanctioned,901,,exact_multi_field,98.0,HIGH,auto_matched
CW_000009,lok_sabha,completed,1098,sanctioned,1207,,exact_multi_field,98.0,HIGH,auto_matched
CW_000005,lok_sabha,completed,1092,sanctioned,1221,,exact_multi_field,98.0,HIGH,auto_matched
CW_000036,lok_sabha,completed,1097,sanctioned,1224,,exact_multi_field,98.0,HIGH,auto_matched
CW_000318,lok_sabha,completed,68,sanctioned,776,,exact_multi_field,98.0,HIGH,auto_matched
CW_000009,lok_sabha,completed,1098,sanctioned,1237,,exact_multi_field,98.0,HIGH,auto_matched
CW_000005,lok_sabha,completed,1092,sanctioned,1232,,exact_multi_field,98.0,HIGH,auto_matched
CW_000028,lok_sabha,completed,1084,sanctioned,1196,,exact_multi_field,98.0,HIGH,auto_matched
CW_000158,lok_sabha,completed,1129,sanctioned,1362,,exact_multi_field,98.0,HIGH,auto_matched
CW_000159,lok_sabha,completed,44,sanctioned,1154,,exact_multi_field,98.0,HIGH,auto_matched
CW_000024,lok_sabha,completed,1075,sanctioned,1232,,exact_multi_field,98.0,HIGH,auto_matched
CW_000314,lok_sabha,completed,1301,sanctioned,586,,exact_multi_field,98.0,HIGH,auto_matched
CW_000191,lok_sabha,completed,224,sanctioned,177,,exact_multi_field,98.0,HIGH,auto_matched
CW_000029,lok_sabha,completed,1188,sanctioned,501,,exact_multi_field,98.0,HIGH,auto_matched
CW_000325,lok_sabha,completed,1046,sanctioned,1126,,exact_multi_field,98.0,HIGH,auto_matched
CW_000053,lok_sabha,completed,34,sanctioned,1449,,exact_multi_field,98.0,HIGH,auto_matched
CW_000193,lok_sabha,completed,223,sanctioned,175,,exact_multi_field,98.0,HIGH,auto_matched
CW_000011,lok_sabha,completed,1094,sanctioned,1231,,exact_multi_field,98.0,HIGH,auto_matched
CW_000313,lok_sabha,completed,133,sanctioned,336,,exact_multi_field,98.0,HIGH,auto_matched
CW_000018,lok_sabha,completed,1077,sanctioned,1231,,exact_multi_field,98.0,HIGH,auto_matched
CW_000162,lok_sabha,completed,1266,sanctioned,669,,exact_multi_field,98.0,HIGH,auto_matched
CW_000036,lok_sabha,completed,1097,sanctioned,1220,,exact_multi_field,98.0,HIGH,auto_matched
CW_000034,lok_sabha,completed,1093,sanctioned,1229,,exact_multi_field,98.0,HIGH,auto_matched
CW_000006,lok_sabha,completed,1076,sanctioned,1229,,exact_multi_field,98.0,HIGH,auto_matched
CW_000197,lok_sabha,completed,2,sanctioned,170,,exact_multi_field,98.0,HIGH,auto_matched
CW_000163,lok_sabha,completed,47,sanctioned,549,,exact_multi_field,98.0,HIGH,auto_matched
CW_000017,lok_sabha,completed,1096,sanctioned,1231,,exact_multi_field,98.0,HIGH,auto_matched
CW_000010,lok_sabha,completed,1091,sanctioned,1203,,exact_multi_field,98.0,HIGH,auto_matched
CW_000088,lok_sabha,completed,1184,sanctioned,506,,exact_multi_field,98.0,HIGH,auto_matched
CW_000063,lok_sabha,completed,1079,sanctioned,1231,,exact_multi_field,98.0,HIGH,auto_matched
CW_000303,lok_sabha,completed,246,sanctioned,980,,exact_multi_field,98.0,HIGH,auto_matched
CW_000048,lok_sabha,completed,1095,sanctioned,1229,,exact_multi_field,98.0,HIGH,auto_matched
CW_000329,lok_sabha,completed,118,sanctioned,1024,,exact_multi_field,98.0,HIGH,auto_matched
CW_000043,lok_sabha,completed,1082,sanctioned,1219,,exact_multi_field,98.0,HIGH,auto_matched
CW_000045,lok_sabha,completed,1078,sanctioned,1228,,exact_multi_field,98.0,HIGH,auto_matched
CW_000330,lok_sabha,completed,122,sanctioned,1020,,exact_multi_field,98.0,HIGH,auto_matched
CW_000333,lok_sabha,completed,52,sanctioned,556,,exact_multi_field,98.0,HIGH,auto_matched
CW_000045,lok_sabha,completed,1078,sanctioned,1209,,exact_multi_field,98.0,HIGH,auto_matched
CW_000043,lok_sabha,completed,1082,sanctioned,1230,,exact_multi_field,98.0,HIGH,auto_matched
CW_000026,lok_sabha,completed,1186,sanctioned,505,,exact_multi_field,98.0,HIGH,auto_matched
CW_000203,lok_sabha,completed,954,sanctioned,141,,exact_multi_field,98.0,HIGH,auto_matched
CW_000028,lok_sabha,completed,1084,sanctioned,1219,,exact_multi_field,98.0,HIGH,auto_matched
CW_000169,lok_sabha,completed,255,sanctioned,989,,exact_multi_field,98.0,HIGH,auto_matched
CW_000036,lok_sabha,completed,1097,sanctioned,1209,,exact_multi_field,98.0,HIGH,auto_matched
CW_000335,lok_sabha,completed,67,sanctioned,777,,exact_multi_field,98.0,HIGH,auto_matched
CW_000028,lok_sabha,completed,1084,sanctioned,1230,,exact_multi_field,98.0,HIGH,auto_matched
CW_000029,lok_sabha,completed,1188,sanctioned,505,,exact_multi_field,98.0,HIGH,auto_matched
CW_000001,lok_sabha,completed,99,sanctioned,1147,,exact_multi_field,98.0,HIGH,auto_matched
CW_000057,lok_sabha,completed,1187,sanctioned,503,,exact_multi_field,98.0,HIGH,auto_matched
CW_000113,lok_sabha,completed,280,sanctioned,297,,exact_multi_field,98.0,HIGH,auto_matched
CW_000311,lok_sabha,completed,1321,sanctioned,1340,,exact_multi_field,98.0,HIGH,auto_matched
CW_000188,lok_sabha,completed,132,sanctioned,333,,exact_multi_field,98.0,HIGH,auto_matched
CW_000034,lok_sabha,completed,1093,sanctioned,1233,,exact_multi_field,98.0,HIGH,auto_matched
CW_000136,lok_sabha,completed,137,sanctioned,391,,exact_multi_field,98.0,HIGH,auto_matched
CW_000005,lok_sabha,completed,1092,sanctioned,1196,,exact_multi_field,98.0,HIGH,auto_matched
CW_000006,lok_sabha,completed,1076,sanctioned,1233,,exact_multi_field,98.0,HIGH,auto_matched
CW_000207,lok_sabha,completed,11,sanctioned,89,,exact_multi_field,98.0,HIGH,auto_matched
CW_000004,lok_sabha,completed,1085,sanctioned,1227,,exact_multi_field,98.0,HIGH,auto_matched
CW_000010,lok_sabha,completed,1091,sanctioned,1207,,exact_multi_field,98.0,HIGH,auto_matched
CW_000010,lok_sabha,completed,1091,sanctioned,1237,,exact_multi_field,98.0,HIGH,auto_matched
CW_000245,lok_sabha,completed,482,sanctioned,820,,exact_multi_field,98.0,HIGH,auto_matched
CW_000048,lok_sabha,completed,1095,sanctioned,1233,,exact_multi_field,98.0,HIGH,auto_matched
CW_000011,lok_sabha,completed,1094,sanctioned,1225,,exact_multi_field,98.0,HIGH,auto_matched
CW_000339,lok_sabha,completed,38,sanctioned,757,,exact_multi_field,98.0,HIGH,auto_matched
CW_000014,lok_sabha,completed,1090,sanctioned,1234,,exact_multi_field,98.0,HIGH,auto_matched
CW_000176,lok_sabha,completed,240,sanctioned,1088,,exact_multi_field,98.0,HIGH,auto_matched
CW_000341,lok_sabha,completed,114,sanctioned,1018,,exact_multi_field,98.0,HIGH,auto_matched
CW_000013,lok_sabha,completed,1081,sanctioned,1221,,exact_multi_field,98.0,HIGH,auto_matched
CW_000011,lok_sabha,completed,1094,sanctioned,1206,,exact_multi_field,98.0,HIGH,auto_matched
CW_000018,lok_sabha,completed,1077,sanctioned,1206,,exact_multi_field,98.0,HIGH,auto_matched
CW_000013,lok_sabha,completed,1081,sanctioned,1232,,exact_multi_field,98.0,HIGH,auto_matched
CW_000092,lok_sabha,completed,1185,sanctioned,507,,exact_multi_field,98.0,HIGH,auto_matched
CW_000017,lok_sabha,completed,1096,sanctioned,1225,,exact_multi_field,98.0,HIGH,auto_matched
CW_000017,lok_sabha,completed,1096,sanctioned,1206,,exact_multi_field,98.0,HIGH,auto_matched
CW_000022,lok_sabha,completed,1083,sanctioned,1221,,exact_multi_field,98.0,HIGH,auto_matched
CW_000347,lok_sabha,completed,1193,sanctioned,1353,,exact_multi_field,98.0,HIGH,auto_matched
CW_000063,lok_sabha,completed,1079,sanctioned,1206,,exact_multi_field,98.0,HIGH,auto_matched
CW_000017,lok_sabha,completed,1096,sanctioned,1236,,exact_multi_field,98.0,HIGH,auto_matched
CW_000024,lok_sabha,completed,1075,sanctioned,1196,,exact_multi_field,98.0,HIGH,auto_matched
CW_000215,lok_sabha,completed,3,sanctioned,82,,exact_multi_field,98.0,HIGH,auto_matched
CW_000216,lok_sabha,completed,278,sanctioned,202,,exact_multi_field,98.0,HIGH,auto_matched
CW_000009,lok_sabha,completed,1098,sanctioned,1205,,exact_multi_field,98.0,HIGH,auto_matched
CW_000009,lok_sabha,completed,1098,sanctioned,1235,,exact_multi_field,98.0,HIGH,auto_matched
CW_000036,lok_sabha,completed,1097,sanctioned,1203,,exact_multi_field,98.0,HIGH,auto_matched
CW_000005,lok_sabha,completed,1092,sanctioned,1230,,exact_multi_field,98.0,HIGH,auto_matched
CW_000219,lok_sabha,completed,79,sanctioned,219,,exact_multi_field,98.0,HIGH,auto_matched
CW_000220,lok_sabha,completed,31,sanctioned,210,,exact_multi_field,98.0,HIGH,auto_matched
CW_000024,lok_sabha,completed,1075,sanctioned,1230,,exact_multi_field,98.0,HIGH,auto_matched
CW_000187,lok_sabha,completed,1089,sanctioned,1331,,exact_multi_field,98.0,HIGH,auto_matched
CW_000254,lok_sabha,completed,949,sanctioned,909,,exact_multi_field,98.0,HIGH,auto_matched
CW_000189,lok_sabha,completed,1018,sanctioned,658,,exact_multi_field,98.0,HIGH,auto_matched
CW_000381,lok_sabha,completed,1073,sanctioned,434,,exact_multi_field,98.0,HIGH,auto_matched
CW_000086,lok_sabha,completed,1182,sanctioned,504,,exact_multi_field,98.0,HIGH,auto_matched
CW_000014,lok_sabha,completed,1090,sanctioned,1219,,exact_multi_field,98.0,HIGH,auto_matched
CW_000034,lok_sabha,completed,1093,sanctioned,1227,,exact_multi_field,98.0,HIGH,auto_matched
CW_000383,lok_sabha,completed,570,sanctioned,464,,exact_multi_field,98.0,HIGH,auto_matched
CW_000034,lok_sabha,completed,1093,sanctioned,1208,,exact_multi_field,98.0,HIGH,auto_matched
CW_000359,lok_sabha,completed,230,sanctioned,967,,exact_multi_field,98.0,HIGH,auto_matched
CW_000226,lok_sabha,completed,16,sanctioned,220,,exact_multi_field,98.0,HIGH,auto_matched
CW_000227,lok_sabha,completed,1483,sanctioned,226,,exact_multi_field,98.0,HIGH,auto_matched
CW_000006,lok_sabha,completed,1076,sanctioned,1208,,exact_multi_field,98.0,HIGH,auto_matched
CW_000018,lok_sabha,completed,1077,sanctioned,1221,,exact_multi_field,98.0,HIGH,auto_matched
CW_000360,lok_sabha,completed,550,sanctioned,1332,,exact_multi_field,98.0,HIGH,auto_matched
CW_000088,lok_sabha,completed,1184,sanctioned,504,,exact_multi_field,98.0,HIGH,auto_matched
CW_000228,lok_sabha,completed,1,sanctioned,87,,exact_multi_field,98.0,HIGH,auto_matched
CW_000048,lok_sabha,completed,1095,sanctioned,1227,,exact_multi_field,98.0,HIGH,auto_matched
CW_000361,lok_sabha,completed,1216,sanctioned,1354,,exact_multi_field,98.0,HIGH,auto_matched
CW_000023,lok_sabha,completed,1099,sanctioned,1199,,exact_multi_field,98.0,HIGH,auto_matched
CW_000048,lok_sabha,completed,1095,sanctioned,1208,,exact_multi_field,98.0,HIGH,auto_matched
CW_000045,lok_sabha,completed,1078,sanctioned,1207,,exact_multi_field,98.0,HIGH,auto_matched
CW_000063,lok_sabha,completed,1079,sanctioned,1221,,exact_multi_field,98.0,HIGH,auto_matched
CW_000043,lok_sabha,completed,1082,sanctioned,1228,,exact_multi_field,98.0,HIGH,auto_matched
CW_000026,lok_sabha,completed,1186,sanctioned,503,,exact_multi_field,98.0,HIGH,auto_matched
CW_000231,lok_sabha,completed,518,sanctioned,131,,exact_multi_field,98.0,HIGH,auto_matched
CW_000045,lok_sabha,completed,1078,sanctioned,1237,,exact_multi_field,98.0,HIGH,auto_matched
CW_000001,lok_sabha,completed,90,sanctioned,1147,,exact_multi_field,98.0,HIGH,auto_matched
CW_000199,lok_sabha,completed,585,sanctioned,1305,,exact_multi_field,98.0,HIGH,auto_matched
CW_000232,lok_sabha,completed,522,sanctioned,127,,exact_multi_field,98.0,HIGH,auto_matched
CW_000013,lok_sabha,completed,1081,sanctioned,1196,,exact_multi_field,98.0,HIGH,auto_matched
CW_000043,lok_sabha,completed,1082,sanctioned,1209,,exact_multi_field,98.0,HIGH,auto_matched
CW_000092,lok_sabha,completed,1185,sanctioned,501,,exact_multi_field,98.0,HIGH,auto_matched
CW_000028,lok_sabha,completed,1084,sanctioned,1228,,exact_multi_field,98.0,HIGH,auto_matched
CW_000029,lok_sabha,completed,1188,sanctioned,503,,exact_multi_field,98.0,HIGH,auto_matched
CW_000358,lok_sabha,completed,1088,sanctioned,1303,,exact_multi_field,98.0,HIGH,auto_matched
CW_000022,lok_sabha,completed,1083,sanctioned,1196,,exact_multi_field,98.0,HIGH,auto_matched
CW_000028,lok_sabha,completed,1084,sanctioned,1209,,exact_multi_field,98.0,HIGH,auto_matched
CW_000126,lok_sabha,completed,1070,sanctioned,1217,,exact_multi_field,98.0,HIGH,auto_matched
CW_000113,lok_sabha,completed,280,sanctioned,295,,exact_multi_field,98.0,HIGH,auto_matched
CW_000204,lok_sabha,completed,1132,sanctioned,1363,,exact_multi_field,98.0,HIGH,auto_matched
CW_000086,lok_sabha,completed,1182,sanctioned,508,,exact_multi_field,98.0,HIGH,auto_matched
CW_000161,lok_sabha,completed,676,sanctioned,457,,exact_multi_field,98.0,HIGH,auto_matched
CW_000338,lok_sabha,completed,58,sanctioned,754,,exact_multi_field,98.0,HIGH,auto_matched
CW_000050,lok_sabha,completed,1191,sanctioned,503,,exact_multi_field,98.0,HIGH,auto_matched
CW_000036,lok_sabha,completed,1097,sanctioned,1233,,exact_multi_field,98.0,HIGH,auto_matched
CW_000190,lok_sabha,completed,1265,sanctioned,461,,exact_multi_field,98.0,HIGH,auto_matched
CW_000004,lok_sabha,completed,1085,sanctioned,1206,,exact_multi_field,98.0,HIGH,auto_matched
CW_000005,lok_sabha,completed,1092,sanctioned,1205,,exact_multi_field,98.0,HIGH,auto_matched
CW_000004,lok_sabha,completed,1085,sanctioned,1236,,exact_multi_field,98.0,HIGH,auto_matched
CW_000138,lok_sabha,completed,1051,sanctioned,1127,,exact_multi_field,98.0,HIGH,auto_matched
CW_000244,lok_sabha,completed,139,sanctioned,206,,exact_multi_field,98.0,HIGH,auto_matched
CW_000007,lok_sabha,completed,1183,sanctioned,506,,exact_multi_field,98.0,HIGH,auto_matched
CW_000371,lok_sabha,completed,1208,sanctioned,1352,,exact_multi_field,98.0,HIGH,auto_matched
CW_000011,lok_sabha,completed,1094,sanctioned,1204,,exact_multi_field,98.0,HIGH,auto_matched
CW_000010,lok_sabha,completed,1091,sanctioned,1227,,exact_multi_field,98.0,HIGH,auto_matched
CW_000011,lok_sabha,completed,1094,sanctioned,1234,,exact_multi_field,98.0,HIGH,auto_matched
CW_000224,lok_sabha,completed,130,sanctioned,331,,exact_multi_field,98.0,HIGH,auto_matched
CW_000374,lok_sabha,completed,445,sanctioned,638,,exact_multi_field,98.0,HIGH,auto_matched
CW_000375,lok_sabha,completed,218,sanctioned,960,,exact_multi_field,98.0,HIGH,auto_matched
CW_000004,lok_sabha,completed,1085,sanctioned,1221,,exact_multi_field,98.0,HIGH,auto_matched
CW_000013,lok_sabha,completed,1081,sanctioned,1230,,exact_multi_field,98.0,HIGH,auto_matched
CW_000092,lok_sabha,completed,1185,sanctioned,505,,exact_multi_field,98.0,HIGH,auto_matched
CW_000017,lok_sabha,completed,1096,sanctioned,1204,,exact_multi_field,98.0,HIGH,auto_matched
CW_000016,lok_sabha,completed,1189,sanctioned,507,,exact_multi_field,98.0,HIGH,auto_matched
CW_000017,lok_sabha,completed,1096,sanctioned,1234,,exact_multi_field,98.0,HIGH,auto_matched
CW_000369,lok_sabha,completed,1052,sanctioned,1135,,exact_multi_field,98.0,HIGH,auto_matched
CW_000063,lok_sabha,completed,1079,sanctioned,1234,,exact_multi_field,98.0,HIGH,auto_matched
CW_000022,lok_sabha,completed,1083,sanctioned,1230,,exact_multi_field,98.0,HIGH,auto_matched
CW_000005,lok_sabha,completed,1092,sanctioned,1224,,exact_multi_field,98.0,HIGH,auto_matched
CW_000354,lok_sabha,completed,565,sanctioned,970,,exact_multi_field,98.0,HIGH,auto_matched
CW_000365,lok_sabha,completed,1304,sanctioned,587,,exact_multi_field,98.0,HIGH,auto_matched
CW_000273,lok_sabha,completed,499,sanctioned,813,,exact_multi_field,98.0,HIGH,auto_matched
CW_000050,lok_sabha,completed,1191,sanctioned,507,,exact_multi_field,98.0,HIGH,auto_matched
CW_000063,lok_sabha,completed,1079,sanctioned,1196,,exact_multi_field,98.0,HIGH,auto_matched
CW_000377,lok_sabha,completed,42,sanctioned,1161,,exact_multi_field,98.0,HIGH,auto_matched
CW_000378,lok_sabha,completed,1303,sanctioned,584,,exact_multi_field,98.0,HIGH,auto_matched
CW_000379,lok_sabha,completed,591,sanctioned,1314,,exact_multi_field,98.0,HIGH,auto_matched
CW_000005,lok_sabha,completed,1092,sanctioned,1209,,exact_multi_field,98.0,HIGH,auto_matched
CW_000024,lok_sabha,completed,1075,sanctioned,1209,,exact_multi_field,98.0,HIGH,auto_matched
CW_000174,lok_sabha,completed,1036,sanctioned,1217,,exact_multi_field,98.0,HIGH,auto_matched
CW_000028,lok_sabha,completed,1084,sanctioned,1203,,exact_multi_field,98.0,HIGH,auto_matched
CW_000380,lok_sabha,completed,1071,sanctioned,1218,,exact_multi_field,98.0,HIGH,auto_matched
CW_000253,lok_sabha,completed,519,sanctioned,129,,exact_multi_field,98.0,HIGH,auto_matched
CW_000005,lok_sabha,completed,1092,sanctioned,1220,,exact_multi_field,98.0,HIGH,auto_matched
CW_000024,lok_sabha,completed,1075,sanctioned,1220,,exact_multi_field,98.0,HIGH,auto_matched
CW_000009,lok_sabha,completed,1098,sanctioned,1229,,exact_multi_field,98.0,HIGH,auto_matched
CW_000010,lok_sabha,completed,1091,sanctioned,1231,,exact_multi_field,98.0,HIGH,auto_matched
CW_000034,lok_sabha,completed,1093,sanctioned,1206,,exact_multi_field,98.0,HIGH,auto_matched
CW_000011,lok_sabha,completed,1094,sanctioned,1219,,exact_multi_field,98.0,HIGH,auto_matched
CW_000014,lok_sabha,completed,1090,sanctioned,1228,,exact_multi_field,98.0,HIGH,auto_matched
CW_000036,lok_sabha,completed,1097,sanctioned,1227,,exact_multi_field,98.0,HIGH,auto_matched
CW_000034,lok_sabha,completed,1093,sanctioned,1236,,exact_multi_field,98.0,HIGH,auto_matched
CW_000018,lok_sabha,completed,1077,sanctioned,1219,,exact_multi_field,98.0,HIGH,auto_matched
CW_000006,lok_sabha,completed,1076,sanctioned,1236,,exact_multi_field,98.0,HIGH,auto_matched
CW_000156,lok_sabha,completed,158,sanctioned,1170,,exact_multi_field,98.0,HIGH,auto_matched
CW_000257,lok_sabha,completed,15,sanctioned,167,,exact_multi_field,98.0,HIGH,auto_matched
CW_000301,lok_sabha,completed,26,sanctioned,273,,exact_multi_field,98.0,HIGH,auto_matched
CW_000038,lok_sabha,completed,107,sanctioned,390,,exact_multi_field,98.0,HIGH,auto_matched
CW_000366,lok_sabha,completed,51,sanctioned,552,,exact_multi_field,98.0,HIGH,auto_matched
CW_000018,lok_sabha,completed,1077,sanctioned,1230,,exact_multi_field,98.0,HIGH,auto_matched
CW_000001,lok_sabha,completed,92,sanctioned,1147,,exact_multi_field,98.0,HIGH,auto_matched
CW_000048,lok_sabha,completed,1095,sanctioned,1206,,exact_multi_field,98.0,HIGH,auto_matched
CW_000017,lok_sabha,completed,1096,sanctioned,1219,,exact_multi_field,98.0,HIGH,auto_matched
CW_000048,lok_sabha,completed,1095,sanctioned,1236,,exact_multi_field,98.0,HIGH,auto_matched
CW_000063,lok_sabha,completed,1079,sanctioned,1219,,exact_multi_field,98.0,HIGH,auto_matched
CW_000288,lok_sabha,completed,215,sanctioned,897,,exact_multi_field,98.0,HIGH,auto_matched
CW_000043,lok_sabha,completed,1082,sanctioned,1237,,exact_multi_field,98.0,HIGH,auto_matched
CW_000001,lok_sabha,completed,94,sanctioned,1147,,exact_multi_field,98.0,HIGH,auto_matched
CW_000387,lok_sabha,completed,450,sanctioned,641,,exact_multi_field,98.0,HIGH,auto_matched
CW_000045,lok_sabha,completed,1078,sanctioned,1227,,exact_multi_field,98.0,HIGH,auto_matched
CW_000086,lok_sabha,completed,1182,sanctioned,502,,exact_multi_field,98.0,HIGH,auto_matched
CW_000016,lok_sabha,completed,1189,sanctioned,501,,exact_multi_field,98.0,HIGH,auto_matched
CW_000160,lok_sabha,completed,535,sanctioned,1321,,exact_multi_field,98.0,HIGH,auto_matched
CW_000392,lok_sabha,completed,242,sanctioned,1090,,exact_multi_field,98.0,HIGH,auto_matched
CW_000028,lok_sabha,completed,1084,sanctioned,1207,,exact_multi_field,98.0,HIGH,auto_matched
CW_000022,lok_sabha,completed,1083,sanctioned,1224,,exact_multi_field,98.0,HIGH,auto_matched
CW_000028,lok_sabha,completed,1084,sanctioned,1237,,exact_multi_field,98.0,HIGH,auto_matched
CW_000393,lok_sabha,completed,1047,sanctioned,1137,,exact_multi_field,98.0,HIGH,auto_matched
CW_000024,lok_sabha,completed,1075,sanctioned,1224,,exact_multi_field,98.0,HIGH,auto_matched
CW_000394,lok_sabha,completed,120,sanctioned,1022,,exact_multi_field,98.0,HIGH,auto_matched
CW_000022,lok_sabha,completed,1083,sanctioned,1205,,exact_multi_field,98.0,HIGH,auto_matched
CW_000237,lok_sabha,completed,1181,sanctioned,1365,,exact_multi_field,98.0,HIGH,auto_matched
CW_000050,lok_sabha,completed,1191,sanctioned,501,,exact_multi_field,98.0,HIGH,auto_matched
CW_000396,lok_sabha,completed,54,sanctioned,554,,exact_multi_field,98.0,HIGH,auto_matched
CW_000009,lok_sabha,completed,1098,sanctioned,1208,,exact_multi_field,98.0,HIGH,auto_matched
CW_000294,lok_sabha,completed,20,sanctioned,791,,exact_multi_field,98.0,HIGH,auto_matched
CW_000036,lok_sabha,completed,1097,sanctioned,1231,,exact_multi_field,98.0,HIGH,auto_matched
CW_000164,lok_sabha,completed,1134,sanctioned,1361,,exact_multi_field,98.0,HIGH,auto_matched
CW_000397,lok_sabha,completed,138,sanctioned,1172,,exact_multi_field,98.0,HIGH,auto_matched
CW_000004,lok_sabha,completed,1085,sanctioned,1204,,exact_multi_field,98.0,HIGH,auto_matched
CW_000004,lok_sabha,completed,1085,sanctioned,1234,,exact_multi_field,98.0,HIGH,auto_matched
CW_000034,lok_sabha,completed,1093,sanctioned,1221,,exact_multi_field,98.0,HIGH,auto_matched
CW_000006,lok_sabha,completed,1076,sanctioned,1221,,exact_multi_field,98.0,HIGH,auto_matched
CW_000007,lok_sabha,completed,1183,sanctioned,504,,exact_multi_field,98.0,HIGH,auto_matched
CW_000238,lok_sabha,completed,1307,sanctioned,1346,,exact_multi_field,98.0,HIGH,auto_matched
CW_000376,lok_sabha,completed,113,sanctioned,1019,,exact_multi_field,98.0,HIGH,auto_matched
CW_000008,lok_sabha,completed,213,sanctioned,961,,exact_multi_field,98.0,HIGH,auto_matched
CW_000240,lok_sabha,completed,553,sanctioned,1334,,exact_multi_field,98.0,HIGH,auto_matched
CW_000057,lok_sabha,completed,1187,sanctioned,506,,exact_multi_field,98.0,HIGH,auto_matched
CW_000123,lok_sabha,completed,28,sanctioned,1416,,exact_multi_field,98.0,HIGH,auto_matched
CW_000010,lok_sabha,completed,1091,sanctioned,1225,,exact_multi_field,98.0,HIGH,auto_matched
CW_000264,lok_sabha,completed,142,sanctioned,173,,exact_multi_field,98.0,HIGH,auto_matched
CW_000048,lok_sabha,completed,1095,sanctioned,1221,,exact_multi_field,98.0,HIGH,auto_matched
CW_000200,lok_sabha,completed,1264,sanctioned,462,,exact_multi_field,98.0,HIGH,auto_matched
CW_000010,lok_sabha,completed,1091,sanctioned,1206,,exact_multi_field,98.0,HIGH,auto_matched
CW_000014,lok_sabha,completed,1090,sanctioned,1222,,exact_multi_field,98.0,HIGH,auto_matched
CW_000043,lok_sabha,completed,1082,sanctioned,1207,,exact_multi_field,98.0,HIGH,auto_matched
CW_000013,lok_sabha,completed,1081,sanctioned,1209,,exact_multi_field,98.0,HIGH,auto_matched
CW_000043,lok_sabha,completed,1082,sanctioned,1222,,exact_multi_field,98.0,HIGH,auto_matched
CW_000014,lok_sabha,completed,1090,sanctioned,1203,,exact_multi_field,98.0,HIGH,auto_matched
CW_000045,lok_sabha,completed,1078,sanctioned,1231,,exact_multi_field,98.0,HIGH,auto_matched
CW_000004,lok_sabha,completed,1085,sanctioned,1230,,exact_multi_field,98.0,HIGH,auto_matched
CW_000016,lok_sabha,completed,1189,sanctioned,505,,exact_multi_field,98.0,HIGH,auto_matched
CW_000395,lok_sabha,completed,1466,sanctioned,1144,,exact_multi_field,98.0,HIGH,auto_matched
CW_000247,lok_sabha,completed,1117,sanctioned,1032,,exact_multi_field,98.0,HIGH,auto_matched
CW_000013,lok_sabha,completed,1081,sanctioned,1220,,exact_multi_field,98.0,HIGH,auto_matched
CW_000022,lok_sabha,completed,1083,sanctioned,1228,,exact_multi_field,98.0,HIGH,auto_matched
CW_000269,lok_sabha,completed,22,sanctioned,208,,exact_multi_field,98.0,HIGH,auto_matched
CW_000022,lok_sabha,completed,1083,sanctioned,1209,,exact_multi_field,98.0,HIGH,auto_matched
CW_000005,lok_sabha,completed,1092,sanctioned,1203,,exact_multi_field,98.0,HIGH,auto_matched
CW_000050,lok_sabha,completed,1191,sanctioned,505,,exact_multi_field,98.0,HIGH,auto_matched
CW_000024,lok_sabha,completed,1075,sanctioned,1203,,exact_multi_field,98.0,HIGH,auto_matched
CW_000249,lok_sabha,completed,116,sanctioned,1016,,exact_multi_field,98.0,HIGH,auto_matched
CW_000025,lok_sabha,completed,552,sanctioned,1335,,exact_multi_field,98.0,HIGH,auto_matched
CW_000272,lok_sabha,completed,579,sanctioned,189,,exact_multi_field,98.0,HIGH,auto_matched
CW_000274,lok_sabha,completed,956,sanctioned,143,,exact_multi_field,98.0,HIGH,auto_matched
CW_000009,lok_sabha,completed,1098,sanctioned,1223,,exact_multi_field,98.0,HIGH,auto_matched
CW_000174,lok_sabha,completed,1036,sanctioned,1215,,exact_multi_field,98.0,HIGH,auto_matched
CW_000004,lok_sabha,completed,1085,sanctioned,1219,,exact_multi_field,98.0,HIGH,auto_matched
CW_000385,lok_sabha,completed,1116,sanctioned,1344,,exact_multi_field,98.0,HIGH,auto_matched
CW_000001,lok_sabha,completed,100,sanctioned,1147,,exact_multi_field,98.0,HIGH,auto_matched
CW_000386,lok_sabha,completed,1267,sanctioned,668,,exact_multi_field,98.0,HIGH,auto_matched
CW_000281,lok_sabha,completed,141,sanctioned,205,,exact_multi_field,98.0,HIGH,auto_matched
CW_000014,lok_sabha,completed,1090,sanctioned,1207,,exact_multi_field,98.0,HIGH,auto_matched
CW_000036,lok_sabha,completed,1097,sanctioned,1206,,exact_multi_field,98.0,HIGH,auto_matched
CW_000011,lok_sabha,completed,1094,sanctioned,1228,,exact_multi_field,98.0,HIGH,auto_matched
CW_000282,lok_sabha,completed,6,sanctioned,171,,exact_multi_field,98.0,HIGH,auto_matched
CW_000014,lok_sabha,completed,1090,sanctioned,1237,,exact_multi_field,98.0,HIGH,auto_matched
CW_000036,lok_sabha,completed,1097,sanctioned,1236,,exact_multi_field,98.0,HIGH,auto_matched
CW_000018,lok_sabha,completed,1077,sanctioned,1228,,exact_multi_field,98.0,HIGH,auto_matched
CW_000034,lok_sabha,completed,1093,sanctioned,1196,,exact_multi_field,98.0,HIGH,auto_matched
CW_000013,lok_sabha,completed,1081,sanctioned,1224,,exact_multi_field,98.0,HIGH,auto_matched
CW_000039,lok_sabha,completed,226,sanctioned,964,,exact_multi_field,98.0,HIGH,auto_matched
CW_000006,lok_sabha,completed,1076,sanctioned,1196,,exact_multi_field,98.0,HIGH,auto_matched
CW_000018,lok_sabha,completed,1077,sanctioned,1209,,exact_multi_field,98.0,HIGH,auto_matched
CW_000389,lok_sabha,completed,551,sanctioned,1333,,exact_multi_field,98.0,HIGH,auto_matched
CW_000183,lok_sabha,completed,229,sanctioned,966,,exact_multi_field,98.0,HIGH,auto_matched
CW_000017,lok_sabha,completed,1096,sanctioned,1228,,exact_multi_field,98.0,HIGH,auto_matched
CW_000391,lok_sabha,completed,257,sanctioned,991,,exact_multi_field,98.0,HIGH,auto_matched
CW_000285,lok_sabha,completed,29,sanctioned,221,,exact_multi_field,98.0,HIGH,auto_matched
CW_000063,lok_sabha,completed,1079,sanctioned,1228,,exact_multi_field,98.0,HIGH,auto_matched
CW_000048,lok_sabha,completed,1095,sanctioned,1196,,exact_multi_field,98.0,HIGH,auto_matched
CW_000030,lok_sabha,completed,1192,sanctioned,1343,,exact_multi_field,98.0,HIGH,auto_matched
CW_000045,lok_sabha,completed,1078,sanctioned,1225,,exact_multi_field,98.0,HIGH,auto_matched
CW_000045,lok_sabha,completed,1078,sanctioned,1206,,exact_multi_field,98.0,HIGH,auto_matched
CW_000043,lok_sabha,completed,1082,sanctioned,1227,,exact_multi_field,98.0,HIGH,auto_matched
CW_000026,lok_sabha,completed,1186,sanctioned,502,,exact_multi_field,98.0,HIGH,auto_matched
CW_000046,lok_sabha,completed,555,sanctioned,1338,,exact_multi_field,98.0,HIGH,auto_matched
CW_000317,lok_sabha,completed,943,sanctioned,910,,exact_multi_field,98.0,HIGH,auto_matched
CW_000028,lok_sabha,completed,1084,sanctioned,1235,,exact_multi_field,98.0,HIGH,auto_matched
CW_000048,lok_sabha,completed,1095,sanctioned,1230,,exact_multi_field,98.0,HIGH,auto_matched
CW_000022,lok_sabha,completed,1083,sanctioned,1203,,exact_multi_field,98.0,HIGH,auto_matched
CW_000049,lok_sabha,completed,245,sanctioned,979,,exact_multi_field,98.0,HIGH,auto_matched
CW_000024,lok_sabha,completed,1075,sanctioned,1233,,exact_multi_field,98.0,HIGH,auto_matched
CW_000029,lok_sabha,completed,1188,sanctioned,502,,exact_multi_field,98.0,HIGH,auto_matched
CW_000292,lok_sabha,completed,5,sanctioned,85,,exact_multi_field,98.0,HIGH,auto_matched
CW_000194,lok_sabha,completed,589,sanctioned,1311,,exact_multi_field,98.0,HIGH,auto_matched
CW_000040,lok_sabha,completed,1128,sanctioned,1360,,exact_multi_field,98.0,HIGH,auto_matched
CW_000293,lok_sabha,completed,37,sanctioned,88,,exact_multi_field,98.0,HIGH,auto_matched
CW_000034,lok_sabha,completed,1093,sanctioned,1219,,exact_multi_field,98.0,HIGH,auto_matched
CW_000010,lok_sabha,completed,1091,sanctioned,1222,,exact_multi_field,98.0,HIGH,auto_matched
CW_000006,lok_sabha,completed,1076,sanctioned,1219,,exact_multi_field,98.0,HIGH,auto_matched
CW_000262,lok_sabha,completed,78,sanctioned,1164,,exact_multi_field,98.0,HIGH,auto_matched
CW_000296,lok_sabha,completed,14,sanctioned,83,,exact_multi_field,98.0,HIGH,auto_matched
CW_000036,lok_sabha,completed,1097,sanctioned,1221,,exact_multi_field,98.0,HIGH,auto_matched
CW_000034,lok_sabha,completed,1093,sanctioned,1230,,exact_multi_field,98.0,HIGH,auto_matched
CW_000297,lok_sabha,completed,573,sanctioned,183,,exact_multi_field,98.0,HIGH,auto_matched
CW_000006,lok_sabha,completed,1076,sanctioned,1230,,exact_multi_field,98.0,HIGH,auto_matched
CW_000057,lok_sabha,completed,1187,sanctioned,504,,exact_multi_field,98.0,HIGH,auto_matched
CW_000010,lok_sabha,completed,1091,sanctioned,1204,,exact_multi_field,98.0,HIGH,auto_matched
CW_000010,lok_sabha,completed,1091,sanctioned,1234,,exact_multi_field,98.0,HIGH,auto_matched
CW_000045,lok_sabha,completed,1078,sanctioned,1229,,exact_multi_field,98.0,HIGH,auto_matched
CW_000011,lok_sabha,completed,1094,sanctioned,1222,,exact_multi_field,98.0,HIGH,auto_matched
CW_000013,lok_sabha,completed,1081,sanctioned,1237,,exact_multi_field,98.0,HIGH,auto_matched
CW_000266,lok_sabha,completed,65,sanctioned,779,,exact_multi_field,98.0,HIGH,auto_matched
CW_000011,lok_sabha,completed,1094,sanctioned,1203,,exact_multi_field,98.0,HIGH,auto_matched
CW_000043,lok_sabha,completed,1082,sanctioned,1231,,exact_multi_field,98.0,HIGH,auto_matched
CW_000022,lok_sabha,completed,1083,sanctioned,1207,,exact_multi_field,98.0,HIGH,auto_matched
CW_000022,lok_sabha,completed,1083,sanctioned,1237,,exact_multi_field,98.0,HIGH,auto_matched
CW_000017,lok_sabha,completed,1096,sanctioned,1222,,exact_multi_field,98.0,HIGH,auto_matched
CW_000063,lok_sabha,completed,1079,sanctioned,1222,,exact_multi_field,98.0,HIGH,auto_matched
CW_000017,lok_sabha,completed,1096,sanctioned,1203,,exact_multi_field,98.0,HIGH,auto_matched
CW_000063,lok_sabha,completed,1079,sanctioned,1203,,exact_multi_field,98.0,HIGH,auto_matched
CW_000205,lok_sabha,completed,1114,sanctioned,1342,,exact_multi_field,98.0,HIGH,auto_matched
CW_000056,lok_sabha,completed,59,sanctioned,753,,exact_multi_field,98.0,HIGH,auto_matched
CW_000032,lok_sabha,completed,540,sanctioned,1323,,exact_multi_field,98.0,HIGH,auto_matched
CW_000009,lok_sabha,completed,1098,sanctioned,1221,,exact_multi_field,98.0,HIGH,auto_matched
CW_000033,lok_sabha,completed,989,sanctioned,1296,,exact_multi_field,98.0,HIGH,auto_matched
CW_000009,lok_sabha,completed,1098,sanctioned,1232,,exact_multi_field,98.0,HIGH,auto_matched
CW_000004,lok_sabha,completed,1085,sanctioned,1228,,exact_multi_field,98.0,HIGH,auto_matched
CW_000005,lok_sabha,completed,1092,sanctioned,1227,,exact_multi_field,98.0,HIGH,auto_matched
CW_000024,lok_sabha,completed,1075,sanctioned,1227,,exact_multi_field,98.0,HIGH,auto_matched
CW_000070,lok_sabha,completed,227,sanctioned,965,,exact_multi_field,98.0,HIGH,auto_matched
CW_000011,lok_sabha,completed,1094,sanctioned,1226,,exact_multi_field,98.0,HIGH,auto_matched
CW_000363,lok_sabha,completed,25,sanctioned,274,,exact_multi_field,98.0,HIGH,auto_matched
CW_000014,lok_sabha,completed,1090,sanctioned,1235,,exact_multi_field,98.0,HIGH,auto_matched
CW_000011,lok_sabha,completed,1094,sanctioned,1207,,exact_multi_field,98.0,HIGH,auto_matched
CW_000001,lok_sabha,completed,97,sanctioned,1147,,exact_multi_field,98.0,HIGH,auto_matched
CW_000034,lok_sabha,completed,1093,sanctioned,1224,,exact_multi_field,98.0,HIGH,auto_matched
CW_000018,lok_sabha,completed,1077,sanctioned,1207,,exact_multi_field,98.0,HIGH,auto_matched
CW_000011,lok_sabha,completed,1094,sanctioned,1237,,exact_multi_field,98.0,HIGH,auto_matched
CW_000010,lok_sabha,completed,1091,sanctioned,1229,,exact_multi_field,98.0,HIGH,auto_matched
CW_000006,lok_sabha,completed,1076,sanctioned,1224,,exact_multi_field,98.0,HIGH,auto_matched
CW_000018,lok_sabha,completed,1077,sanctioned,1237,,exact_multi_field,98.0,HIGH,auto_matched
CW_000034,lok_sabha,completed,1093,sanctioned,1205,,exact_multi_field,98.0,HIGH,auto_matched
CW_000017,lok_sabha,completed,1096,sanctioned,1226,,exact_multi_field,98.0,HIGH,auto_matched
CW_000088,lok_sabha,completed,1184,sanctioned,501,,exact_multi_field,98.0,HIGH,auto_matched
CW_000063,lok_sabha,completed,1079,sanctioned,1226,,exact_multi_field,98.0,HIGH,auto_matched
CW_000017,lok_sabha,completed,1096,sanctioned,1207,,exact_multi_field,98.0,HIGH,auto_matched
CW_000073,lok_sabha,completed,249,sanctioned,983,,exact_multi_field,98.0,HIGH,auto_matched
CW_000348,lok_sabha,completed,480,sanctioned,816,,exact_multi_field,98.0,HIGH,auto_matched
CW_000048,lok_sabha,completed,1095,sanctioned,1224,,exact_multi_field,98.0,HIGH,auto_matched
CW_000063,lok_sabha,completed,1079,sanctioned,1207,,exact_multi_field,98.0,HIGH,auto_matched
CW_000063,lok_sabha,completed,1079,sanctioned,1237,,exact_multi_field,98.0,HIGH,auto_matched
CW_000014,lok_sabha,completed,1090,sanctioned,1231,,exact_multi_field,98.0,HIGH,auto_matched
CW_000067,lok_sabha,completed,228,sanctioned,973,,exact_multi_field,98.0,HIGH,auto_matched
CW_000045,lok_sabha,completed,1078,sanctioned,1204,,exact_multi_field,98.0,HIGH,auto_matched
CW_000284,lok_sabha,completed,1495,sanctioned,1174,,exact_multi_field,98.0,HIGH,auto_matched
CW_000043,lok_sabha,completed,1082,sanctioned,1225,,exact_multi_field,98.0,HIGH,auto_matched
CW_000026,lok_sabha,completed,1186,sanctioned,500,,exact_multi_field,98.0,HIGH,auto_matched
CW_000218,lok_sabha,completed,539,sanctioned,1319,,exact_multi_field,98.0,HIGH,auto_matched
CW_000045,lok_sabha,completed,1078,sanctioned,1234,,exact_multi_field,98.0,HIGH,auto_matched
CW_000016,lok_sabha,completed,1189,sanctioned,508,,exact_multi_field,98.0,HIGH,auto_matched
CW_000095,lok_sabha,completed,279,sanctioned,295,,exact_multi_field,98.0,HIGH,auto_matched
CW_000043,lok_sabha,completed,1082,sanctioned,1206,,exact_multi_field,98.0,HIGH,auto_matched
CW_000009,lok_sabha,completed,1098,sanctioned,1236,,exact_multi_field,98.0,HIGH,auto_matched
CW_000048,lok_sabha,completed,1095,sanctioned,1209,,exact_multi_field,98.0,HIGH,auto_matched
CW_000036,lok_sabha,completed,1097,sanctioned,1204,,exact_multi_field,98.0,HIGH,auto_matched
CW_000005,lok_sabha,completed,1092,sanctioned,1231,,exact_multi_field,98.0,HIGH,auto_matched
CW_000036,lok_sabha,completed,1097,sanctioned,1234,,exact_multi_field,98.0,HIGH,auto_matched
CW_000320,lok_sabha,completed,577,sanctioned,187,,exact_multi_field,98.0,HIGH,auto_matched
CW_000024,lok_sabha,completed,1075,sanctioned,1231,,exact_multi_field,98.0,HIGH,auto_matched
CW_000028,lok_sabha,completed,1084,sanctioned,1225,,exact_multi_field,98.0,HIGH,auto_matched
CW_000029,lok_sabha,completed,1188,sanctioned,500,,exact_multi_field,98.0,HIGH,auto_matched
CW_000321,lok_sabha,completed,520,sanctioned,128,,exact_multi_field,98.0,HIGH,auto_matched
CW_000050,lok_sabha,completed,1191,sanctioned,508,,exact_multi_field,98.0,HIGH,auto_matched
CW_000322,lok_sabha,completed,17,sanctioned,218,,exact_multi_field,98.0,HIGH,auto_matched
CW_000323,lok_sabha,completed,571,sanctioned,181,,exact_multi_field,98.0,HIGH,auto_matched
CW_000290,lok_sabha,completed,234,sanctioned,974,,exact_multi_field,98.0,HIGH,auto_matched
CW_000100,lok_sabha,completed,281,sanctioned,295,,exact_multi_field,98.0,HIGH,auto_matched
CW_000177,lok_sabha,completed,1309,sanctioned,1358,,exact_multi_field,98.0,HIGH,auto_matched
CW_000086,lok_sabha,completed,1182,sanctioned,505,,exact_multi_field,98.0,HIGH,auto_matched
CW_000009,lok_sabha,completed,1098,sanctioned,1196,,exact_multi_field,98.0,HIGH,auto_matched
CW_000036,lok_sabha,completed,1097,sanctioned,1219,,exact_multi_field,98.0,HIGH,auto_matched
CW_000034,lok_sabha,completed,1093,sanctioned,1228,,exact_multi_field,98.0,HIGH,auto_matched
CW_000006,lok_sabha,completed,1076,sanctioned,1228,,exact_multi_field,98.0,HIGH,auto_matched
CW_000087,lok_sabha,completed,1246,sanctioned,1031,,exact_multi_field,98.0,HIGH,auto_matched
CW_000004,lok_sabha,completed,1085,sanctioned,1222,,exact_multi_field,98.0,HIGH,auto_matched
CW_000034,lok_sabha,completed,1093,sanctioned,1209,,exact_multi_field,98.0,HIGH,auto_matched
CW_000327,lok_sabha,completed,7,sanctioned,172,,exact_multi_field,98.0,HIGH,auto_matched
CW_000006,lok_sabha,completed,1076,sanctioned,1209,,exact_multi_field,98.0,HIGH,auto_matched
CW_000004,lok_sabha,completed,1085,sanctioned,1203,,exact_multi_field,98.0,HIGH,auto_matched
CW_000088,lok_sabha,completed,1184,sanctioned,505,,exact_multi_field,98.0,HIGH,auto_matched
CW_000061,lok_sabha,completed,497,sanctioned,637,,exact_multi_field,98.0,HIGH,auto_matched
CW_000010,lok_sabha,completed,1091,sanctioned,1232,,exact_multi_field,98.0,HIGH,auto_matched
CW_000089,lok_sabha,completed,46,sanctioned,758,,exact_multi_field,98.0,HIGH,auto_matched
CW_000048,lok_sabha,completed,1095,sanctioned,1228,,exact_multi_field,98.0,HIGH,auto_matched
CW_000007,lok_sabha,completed,1183,sanctioned,503,,exact_multi_field,98.0,HIGH,auto_matched
CW_000091,lok_sabha,completed,123,sanctioned,1026,,exact_multi_field,98.0,HIGH,auto_matched
CW_000043,lok_sabha,completed,1082,sanctioned,1229,,exact_multi_field,98.0,HIGH,auto_matched
CW_000004,lok_sabha,completed,1085,sanctioned,1237,,exact_multi_field,98.0,HIGH,auto_matched
CW_000121,lok_sabha,completed,1072,sanctioned,436,,exact_multi_field,98.0,HIGH,auto_matched
CW_000045,lok_sabha,completed,1078,sanctioned,1219,,exact_multi_field,98.0,HIGH,auto_matched
CW_000013,lok_sabha,completed,1081,sanctioned,1227,,exact_multi_field,98.0,HIGH,auto_matched
CW_000092,lok_sabha,completed,1185,sanctioned,502,,exact_multi_field,98.0,HIGH,auto_matched
CW_000334,lok_sabha,completed,35,sanctioned,91,,exact_multi_field,98.0,HIGH,auto_matched
CW_000229,lok_sabha,completed,941,sanctioned,903,,exact_multi_field,98.0,HIGH,auto_matched
CW_000093,lok_sabha,completed,1038,sanctioned,1214,,exact_multi_field,98.0,HIGH,auto_matched
CW_000022,lok_sabha,completed,1083,sanctioned,1227,,exact_multi_field,98.0,HIGH,auto_matched
CW_000068,lok_sabha,completed,1074,sanctioned,1214,,exact_multi_field,98.0,HIGH,auto_matched
CW_000127,lok_sabha,completed,567,sanctioned,467,,exact_multi_field,98.0,HIGH,auto_matched
CW_000001,lok_sabha,completed,95,sanctioned,1147,,exact_multi_field,98.0,HIGH,auto_matched
CW_000009,lok_sabha,completed,1098,sanctioned,1230,,exact_multi_field,98.0,HIGH,auto_matched
CW_000097,lok_sabha,completed,592,sanctioned,1313,,exact_multi_field,98.0,HIGH,auto_matched
CW_000098,lok_sabha,completed,243,sanctioned,977,,exact_multi_field,98.0,HIGH,auto_matched
CW_000005,lok_sabha,completed,1092,sanctioned,1225,,exact_multi_field,98.0,HIGH,auto_matched
CW_000319,lok_sabha,completed,131,sanctioned,330,,exact_multi_field,98.0,HIGH,auto_matched
CW_000004,lok_sabha,completed,1085,sanctioned,1207,,exact_multi_field,98.0,HIGH,auto_matched
CW_000005,lok_sabha,completed,1092,sanctioned,1206,,exact_multi_field,98.0,HIGH,auto_matched
CW_000024,lok_sabha,completed,1075,sanctioned,1206,,exact_multi_field,98.0,HIGH,auto_matched
CW_000005,lok_sabha,completed,1092,sanctioned,1236,,exact_multi_field,98.0,HIGH,auto_matched
CW_000082,lok_sabha,completed,549,sanctioned,1330,,exact_multi_field,98.0,HIGH,auto_matched
CW_000024,lok_sabha,completed,1075,sanctioned,1236,,exact_multi_field,98.0,HIGH,auto_matched
CW_000007,lok_sabha,completed,1183,sanctioned,507,,exact_multi_field,98.0,HIGH,auto_matched
CW_000011,lok_sabha,completed,1094,sanctioned,1205,,exact_multi_field,98.0,HIGH,auto_matched
CW_000034,lok_sabha,completed,1093,sanctioned,1222,,exact_multi_field,98.0,HIGH,auto_matched
CW_000011,lok_sabha,completed,1094,sanctioned,1235,,exact_multi_field,98.0,HIGH,auto_matched
CW_000018,lok_sabha,completed,1077,sanctioned,1235,,exact_multi_field,98.0,HIGH,auto_matched
CW_000342,lok_sabha,completed,473,sanctioned,214,,exact_multi_field,98.0,HIGH,auto_matched
CW_000075,lok_sabha,completed,57,sanctioned,756,,exact_multi_field,98.0,HIGH,auto_matched
CW_000106,lok_sabha,completed,679,sanctioned,663,,exact_multi_field,98.0,HIGH,auto_matched
CW_000034,lok_sabha,completed,1093,sanctioned,1203,,exact_multi_field,98.0,HIGH,auto_matched
CW_000013,lok_sabha,completed,1081,sanctioned,1231,,exact_multi_field,98.0,HIGH,auto_matched
CW_000001,lok_sabha,completed,101,sanctioned,1147,,exact_multi_field,98.0,HIGH,auto_matched
CW_000014,lok_sabha,completed,1090,sanctioned,1225,,exact_multi_field,98.0,HIGH,auto_matched
CW_000306,lok_sabha,completed,124,sanctioned,327,,exact_multi_field,98.0,HIGH,auto_matched
CW_000006,lok_sabha,completed,1076,sanctioned,1203,,exact_multi_field,98.0,HIGH,auto_matched
CW_000248,lok_sabha,completed,40,sanctioned,1152,,exact_multi_field,98.0,HIGH,auto_matched
CW_000017,lok_sabha,completed,1096,sanctioned,1205,,exact_multi_field,98.0,HIGH,auto_matched
CW_000108,lok_sabha,completed,582,sanctioned,1301,,exact_multi_field,98.0,HIGH,auto_matched
CW_000345,lok_sabha,completed,1305,sanctioned,230,,exact_multi_field,98.0,HIGH,auto_matched
CW_000023,lok_sabha,completed,1099,sanctioned,1213,,exact_multi_field,98.0,HIGH,auto_matched
CW_000048,lok_sabha,completed,1095,sanctioned,1222,,exact_multi_field,98.0,HIGH,auto_matched
CW_000063,lok_sabha,completed,1079,sanctioned,1205,,exact_multi_field,98.0,HIGH,auto_matched
CW_000017,lok_sabha,completed,1096,sanctioned,1235,,exact_multi_field,98.0,HIGH,auto_matched
CW_000063,lok_sabha,completed,1079,sanctioned,1235,,exact_multi_field,98.0,HIGH,auto_matched
CW_000048,lok_sabha,completed,1095,sanctioned,1203,,exact_multi_field,98.0,HIGH,auto_matched
CW_000109,lok_sabha,completed,71,sanctioned,1153,,exact_multi_field,98.0,HIGH,auto_matched
CW_000349,lok_sabha,completed,575,sanctioned,185,,exact_multi_field,98.0,HIGH,auto_matched
CW_000045,lok_sabha,completed,1078,sanctioned,1232,,exact_multi_field,98.0,HIGH,auto_matched
CW_000315,lok_sabha,completed,62,sanctioned,774,,exact_multi_field,98.0,HIGH,auto_matched
CW_000043,lok_sabha,completed,1082,sanctioned,1204,,exact_multi_field,98.0,HIGH,auto_matched
CW_000043,lok_sabha,completed,1082,sanctioned,1234,,exact_multi_field,98.0,HIGH,auto_matched
CW_000246,lok_sabha,completed,498,sanctioned,812,,exact_multi_field,98.0,HIGH,auto_matched
CW_000028,lok_sabha,completed,1084,sanctioned,1223,,exact_multi_field,98.0,HIGH,auto_matched
CW_000028,lok_sabha,completed,1084,sanctioned,1204,,exact_multi_field,98.0,HIGH,auto_matched
CW_000028,lok_sabha,completed,1084,sanctioned,1234,,exact_multi_field,98.0,HIGH,auto_matched
CW_000024,lok_sabha,completed,1075,sanctioned,1221,,exact_multi_field,98.0,HIGH,auto_matched
CW_000034,lok_sabha,completed,1093,sanctioned,1226,,exact_multi_field,98.0,HIGH,auto_matched
CW_000310,lok_sabha,completed,159,sanctioned,338,,exact_multi_field,98.0,HIGH,auto_matched
CW_000034,lok_sabha,completed,1093,sanctioned,1207,,exact_multi_field,98.0,HIGH,auto_matched
CW_000324,lok_sabha,completed,429,sanctioned,643,,exact_multi_field,98.0,HIGH,auto_matched
CW_000036,lok_sabha,completed,1097,sanctioned,1228,,exact_multi_field,98.0,HIGH,auto_matched
CW_000006,lok_sabha,completed,1076,sanctioned,1207,,exact_multi_field,98.0,HIGH,auto_matched
CW_000034,lok_sabha,completed,1093,sanctioned,1237,,exact_multi_field,98.0,HIGH,auto_matched
CW_000088,lok_sabha,completed,1184,sanctioned,503,,exact_multi_field,98.0,HIGH,auto_matched
CW_000006,lok_sabha,completed,1076,sanctioned,1237,,exact_multi_field,98.0,HIGH,auto_matched
CW_000326,lok_sabha,completed,109,sanctioned,1014,,exact_multi_field,98.0,HIGH,auto_matched
CW_000007,lok_sabha,completed,1183,sanctioned,501,,exact_multi_field,98.0,HIGH,auto_matched
CW_000118,lok_sabha,completed,536,sanctioned,1320,,exact_multi_field,98.0,HIGH,auto_matched
CW_000103,lok_sabha,completed,253,sanctioned,987,,exact_multi_field,98.0,HIGH,auto_matched
CW_000048,lok_sabha,completed,1095,sanctioned,1237,,exact_multi_field,98.0,HIGH,auto_matched
CW_000362,lok_sabha,completed,21,sanctioned,207,,exact_multi_field,98.0,HIGH,auto_matched
CW_000120,lok_sabha,completed,588,sanctioned,1312,,exact_multi_field,98.0,HIGH,auto_matched
CW_000287,lok_sabha,completed,566,sanctioned,468,,exact_multi_field,98.0,HIGH,auto_matched
CW_000013,lok_sabha,completed,1081,sanctioned,1225,,exact_multi_field,98.0,HIGH,auto_matched
CW_000092,lok_sabha,completed,1185,sanctioned,500,,exact_multi_field,98.0,HIGH,auto_matched
CW_000013,lok_sabha,completed,1081,sanctioned,1206,,exact_multi_field,98.0,HIGH,auto_matched
CW_000390,lok_sabha,completed,214,sanctioned,896,,exact_multi_field,98.0,HIGH,auto_matched
CW_000016,lok_sabha,completed,1189,sanctioned,502,,exact_multi_field,98.0,HIGH,auto_matched
CW_000013,lok_sabha,completed,1081,sanctioned,1236,,exact_multi_field,98.0,HIGH,auto_matched
CW_000331,lok_sabha,completed,456,sanctioned,639,,exact_multi_field,98.0,HIGH,auto_matched
CW_000017,lok_sabha,completed,1096,sanctioned,1229,,exact_multi_field,98.0,HIGH,auto_matched
CW_000115,lok_sabha,completed,72,sanctioned,1155,,exact_multi_field,98.0,HIGH,auto_matched
CW_000022,lok_sabha,completed,1083,sanctioned,1225,,exact_multi_field,98.0,HIGH,auto_matched
CW_000022,lok_sabha,completed,1083,sanctioned,1206,,exact_multi_field,98.0,HIGH,auto_matched
CW_000050,lok_sabha,completed,1191,sanctioned,502,,exact_multi_field,98.0,HIGH,auto_matched
CW_000022,lok_sabha,completed,1083,sanctioned,1236,,exact_multi_field,98.0,HIGH,auto_matched
CW_000009,lok_sabha,completed,1098,sanctioned,1209,,exact_multi_field,98.0,HIGH,auto_matched
CW_000005,lok_sabha,completed,1092,sanctioned,1204,,exact_multi_field,98.0,HIGH,auto_matched
CW_000295,lok_sabha,completed,569,sanctioned,465,,exact_multi_field,98.0,HIGH,auto_matched
CW_000009,lok_sabha,completed,1098,sanctioned,1220,,exact_multi_field,98.0,HIGH,auto_matched
CW_000005,lok_sabha,completed,1092,sanctioned,1234,,exact_multi_field,98.0,HIGH,auto_matched
CW_000129,lok_sabha,completed,1448,sanctioned,1124,,exact_multi_field,98.0,HIGH,auto_matched
CW_000130,lok_sabha,completed,1319,sanctioned,1259,,exact_multi_field,98.0,HIGH,auto_matched
CW_000298,lok_sabha,completed,1434,sanctioned,346,,exact_multi_field,98.0,HIGH,auto_matched
CW_000007,lok_sabha,completed,1183,sanctioned,505,,exact_multi_field,98.0,HIGH,auto_matched
CW_000265,lok_sabha,completed,503,sanctioned,636,,exact_multi_field,98.0,HIGH,auto_matched
CW_000057,lok_sabha,completed,1187,sanctioned,507,,exact_multi_field,98.0,HIGH,auto_matched
CW_000010,lok_sabha,completed,1091,sanctioned,1226,,exact_multi_field,98.0,HIGH,auto_matched
CW_000370,lok_sabha,completed,955,sanctioned,142,,exact_multi_field,98.0,HIGH,auto_matched
CW_000372,lok_sabha,completed,517,sanctioned,132,,exact_multi_field,98.0,HIGH,auto_matched
CW_000014,lok_sabha,completed,1090,sanctioned,1223,,exact_multi_field,98.0,HIGH,auto_matched
CW_000036,lok_sabha,completed,1097,sanctioned,1222,,exact_multi_field,98.0,HIGH,auto_matched
CW_000135,lok_sabha,completed,239,sanctioned,1089,,exact_multi_field,98.0,HIGH,auto_matched
CW_000034,lok_sabha,completed,1093,sanctioned,1231,,exact_multi_field,98.0,HIGH,auto_matched
CW_000014,lok_sabha,completed,1090,sanctioned,1204,,exact_multi_field,98.0,HIGH,auto_matched
CW_000004,lok_sabha,completed,1085,sanctioned,1231,,exact_multi_field,98.0,HIGH,auto_matched
CW_000111,lok_sabha,completed,547,sanctioned,1328,,exact_multi_field,98.0,HIGH,auto_matched
CW_000017,lok_sabha,completed,1096,sanctioned,1233,,exact_multi_field,98.0,HIGH,auto_matched
CW_000018,lok_sabha,completed,1077,sanctioned,1225,,exact_multi_field,98.0,HIGH,auto_matched
CW_000343,lok_sabha,completed,117,sanctioned,1025,,exact_multi_field,98.0,HIGH,auto_matched
CW_000088,lok_sabha,completed,1184,sanctioned,508,,exact_multi_field,98.0,HIGH,auto_matched
CW_000344,lok_sabha,completed,1125,sanctioned,1350,,exact_multi_field,98.0,HIGH,auto_matched
CW_000048,lok_sabha,completed,1095,sanctioned,1231,,exact_multi_field,98.0,HIGH,auto_matched
CW_000021,lok_sabha,completed,606,sanctioned,844,,exact_multi_field,98.0,HIGH,auto_matched
CW_000139,lok_sabha,completed,533,sanctioned,1317,,exact_multi_field,98.0,HIGH,auto_matched
CW_000346,lok_sabha,completed,250,sanctioned,984,,exact_multi_field,98.0,HIGH,auto_matched
CW_000142,lok_sabha,completed,232,sanctioned,971,,exact_multi_field,98.0,HIGH,auto_matched
CW_000063,lok_sabha,completed,1079,sanctioned,1225,,exact_multi_field,98.0,HIGH,auto_matched
CW_000043,lok_sabha,completed,1082,sanctioned,1232,,exact_multi_field,98.0,HIGH,auto_matched
CW_000024,lok_sabha,completed,1075,sanctioned,1234,,exact_multi_field,98.0,HIGH,auto_matched
CW_000143,lok_sabha,completed,41,sanctioned,1158,,exact_multi_field,98.0,HIGH,auto_matched
CW_000144,lok_sabha,completed,556,sanctioned,1337,,exact_multi_field,98.0,HIGH,auto_matched
CW_000045,lok_sabha,completed,1078,sanctioned,1222,,exact_multi_field,98.0,HIGH,auto_matched
CW_000009,lok_sabha,completed,1098,sanctioned,1224,,exact_multi_field,98.0,HIGH,auto_matched
CW_000028,lok_sabha,completed,1084,sanctioned,1232,,exact_multi_field,98.0,HIGH,auto_matched
CW_000029,lok_sabha,completed,1188,sanctioned,507,,exact_multi_field,98.0,HIGH,auto_matched
CW_000005,lok_sabha,completed,1092,sanctioned,1219,,exact_multi_field,98.0,HIGH,auto_matched
CW_000352,lok_sabha,completed,587,sanctioned,1309,,exact_multi_field,98.0,HIGH,auto_matched
CW_000024,lok_sabha,completed,1075,sanctioned,1219,,exact_multi_field,98.0,HIGH,auto_matched
CW_000068,lok_sabha,completed,1074,sanctioned,1217,,exact_multi_field,98.0,HIGH,auto_matched
CW_000355,lok_sabha,completed,544,sanctioned,1326,,exact_multi_field,98.0,HIGH,auto_matched
CW_000036,lok_sabha,completed,1097,sanctioned,1226,,exact_multi_field,98.0,HIGH,auto_matched
CW_000382,lok_sabha,completed,146,sanctioned,174,,exact_multi_field,98.0,HIGH,auto_matched
CW_000034,lok_sabha,completed,1093,sanctioned,1235,,exact_multi_field,98.0,HIGH,auto_matched
CW_000283,lok_sabha,completed,1320,sanctioned,1260,,exact_multi_field,98.0,HIGH,auto_matched
CW_000036,lok_sabha,completed,1097,sanctioned,1207,,exact_multi_field,98.0,HIGH,auto_matched
CW_000004,lok_sabha,completed,1085,sanctioned,1229,,exact_multi_field,98.0,HIGH,auto_matched
CW_000036,lok_sabha,completed,1097,sanctioned,1237,,exact_multi_field,98.0,HIGH,auto_matched
CW_000018,lok_sabha,completed,1077,sanctioned,1229,,exact_multi_field,98.0,HIGH,auto_matched
CW_000006,lok_sabha,completed,1076,sanctioned,1227,,exact_multi_field,98.0,HIGH,auto_matched
CW_000057,lok_sabha,completed,1187,sanctioned,501,,exact_multi_field,98.0,HIGH,auto_matched
CW_000230,lok_sabha,completed,1420,sanctioned,1407,,exact_multi_field,98.0,HIGH,auto_matched
CW_000010,lok_sabha,completed,1091,sanctioned,1220,,exact_multi_field,98.0,HIGH,auto_matched
CW_000001,lok_sabha,completed,96,sanctioned,1147,,exact_multi_field,98.0,HIGH,auto_matched
CW_000132,lok_sabha,completed,75,sanctioned,1157,,exact_multi_field,98.0,HIGH,auto_matched
CW_000043,lok_sabha,completed,1082,sanctioned,1236,,exact_multi_field,98.0,HIGH,auto_matched
CW_000013,lok_sabha,completed,1081,sanctioned,1204,,exact_multi_field,98.0,HIGH,auto_matched
CW_000045,lok_sabha,completed,1078,sanctioned,1226,,exact_multi_field,98.0,HIGH,auto_matched
CW_000004,lok_sabha,completed,1085,sanctioned,1225,,exact_multi_field,98.0,HIGH,auto_matched
CW_000016,lok_sabha,completed,1189,sanctioned,500,,exact_multi_field,98.0,HIGH,auto_matched
CW_000013,lok_sabha,completed,1081,sanctioned,1234,,exact_multi_field,98.0,HIGH,auto_matched
CW_000388,lok_sabha,completed,12,sanctioned,99,,exact_multi_field,98.0,HIGH,auto_matched
CW_000364,lok_sabha,completed,235,sanctioned,975,,exact_multi_field,98.0,HIGH,auto_matched
CW_000154,lok_sabha,completed,80,sanctioned,1165,,exact_multi_field,98.0,HIGH,auto_matched
CW_000017,lok_sabha,completed,1096,sanctioned,1208,,exact_multi_field,98.0,HIGH,auto_matched
CW_000155,lok_sabha,completed,534,sanctioned,1318,,exact_multi_field,98.0,HIGH,auto_matched
CW_000028,lok_sabha,completed,1084,sanctioned,1236,,exact_multi_field,98.0,HIGH,auto_matched
CW_000022,lok_sabha,completed,1083,sanctioned,1204,,exact_multi_field,98.0,HIGH,auto_matched
CW_000050,lok_sabha,completed,1191,sanctioned,500,,exact_multi_field,98.0,HIGH,auto_matched
CW_000022,lok_sabha,completed,1083,sanctioned,1234,,exact_multi_field,98.0,HIGH,auto_matched
CW_000052,lok_sabha,completed,220,sanctioned,895,,exact_multi_field,98.0,HIGH,auto_matched
CW_000131,lok_sabha,completed,557,sanctioned,1339,,exact_multi_field,98.0,HIGH,auto_matched
CW_000157,lok_sabha,completed,77,sanctioned,1171,,exact_multi_field,98.0,HIGH,auto_matched
CW_000133,lok_sabha,completed,69,sanctioned,775,,exact_multi_field,98.0,HIGH,auto_matched
CW_000398,lok_sabha,completed,27,sanctioned,93,,exact_multi_field,98.0,HIGH,auto_matched
CW_000069,lok_sabha,completed,19,sanctioned,8,,fuzzy_multi_field,85.67,HIGH,auto_matched
CW_000277,lok_sabha,completed,980,sanctioned,1408,,fuzzy_multi_field,85.24,HIGH,auto_matched
CW_000005,lok_sabha,completed,1092,sanctioned,1194,,fuzzy_multi_field,86.2,HIGH,auto_matched
CW_000237,lok_sabha,completed,1181,sanctioned,1488,,fuzzy_multi_field,85.89,HIGH,auto_matched
CW_000196,lok_sabha,completed,1427,sanctioned,667,,fuzzy_multi_field,86.19,HIGH,auto_matched
CW_000189,lok_sabha,completed,1018,sanctioned,447,,fuzzy_multi_field,85.02,HIGH,auto_matched
CW_000171,lok_sabha,completed,1021,sanctioned,455,,fuzzy_multi_field,86.37,HIGH,auto_matched
CW_000399,lok_sabha,completed,981,sanctioned,85,,fuzzy_multi_field,95.72,HIGH,auto_matched
CW_000423,lok_sabha,completed,1237,sanctioned,1149,,fuzzy_multi_field,89.89,HIGH,auto_matched
CW_000229,lok_sabha,completed,941,sanctioned,831,,fuzzy_multi_field,85.45,HIGH,auto_matched
CW_000093,lok_sabha,completed,1038,sanctioned,1191,,fuzzy_multi_field,98.26,HIGH,auto_matched
CW_000011,lok_sabha,completed,1094,sanctioned,1193,,fuzzy_multi_field,86.2,HIGH,auto_matched
CW_000034,lok_sabha,completed,1093,sanctioned,1210,,fuzzy_multi_field,86.67,HIGH,auto_matched
CW_000283,lok_sabha,completed,1320,sanctioned,1497,,fuzzy_multi_field,86.62,HIGH,auto_matched
CW_000323,lok_sabha,completed,571,sanctioned,648,,fuzzy_multi_field,86.75,HIGH,auto_matched
CW_000085,lok_sabha,completed,672,sanctioned,652,,fuzzy_multi_field,86.28,HIGH,auto_matched
CW_000045,lok_sabha,completed,1078,sanctioned,1190,,fuzzy_multi_field,86.2,HIGH,auto_matched
CW_000125,lok_sabha,completed,66,sanctioned,772,,fuzzy_multi_field,91.48,HIGH,auto_matched
CW_000047,lok_sabha,completed,1302,sanctioned,1470,,fuzzy_multi_field,86.16,HIGH,auto_matched
CW_000356,lok_sabha,completed,568,sanctioned,649,,fuzzy_multi_field,85.23,HIGH,auto_matched
CW_000043,lok_sabha,completed,1082,sanctioned,1192,,fuzzy_multi_field,86.2,HIGH,auto_matched
CW_000146,lok_sabha,completed,1115,sanctioned,1465,,fuzzy_multi_field,85.79,HIGH,auto_matched
CW_000205,lok_sabha,completed,1114,sanctioned,1482,,fuzzy_multi_field,86.62,HIGH,auto_matched
CW_000412,lok_sabha,completed,360,sanctioned,1154,,fuzzy_multi_field,87.71,HIGH,auto_matched
CW_000407,lok_sabha,completed,1035,sanctioned,792,,fuzzy_multi_field,99.89,HIGH,auto_matched
CW_000065,lok_sabha,completed,1440,sanctioned,656,,fuzzy_multi_field,90.48,HIGH,auto_matched
CW_000401,lok_sabha,completed,602,sanctioned,85,,fuzzy_multi_field,95.72,HIGH,auto_matched
CW_000066,lok_sabha,completed,18,sanctioned,5,,fuzzy_multi_field,86.36,HIGH,auto_matched
CW_000171,lok_sabha,completed,1021,sanctioned,459,,fuzzy_multi_field,86.01,HIGH,auto_matched
CW_000227,lok_sabha,completed,1483,sanctioned,228,,fuzzy_multi_field,89.9,HIGH,auto_matched
CW_000099,lok_sabha,completed,1017,sanctioned,449,,fuzzy_multi_field,85.27,HIGH,auto_matched
CW_000081,lok_sabha,completed,1049,sanctioned,1130,,fuzzy_multi_field,91.98,HIGH,auto_matched
CW_000408,lok_sabha,completed,182,sanctioned,800,,fuzzy_multi_field,85.31,HIGH,auto_matched
CW_000217,lok_sabha,completed,940,sanctioned,838,,fuzzy_multi_field,85.57,HIGH,auto_matched
CW_000434,lok_sabha,completed,86,sanctioned,1146,,fuzzy_multi_field,87.9,HIGH,auto_matched
CW_000004,lok_sabha,completed,1085,sanctioned,1189,,fuzzy_multi_field,86.2,HIGH,auto_matched
CW_000230,lok_sabha,completed,1420,sanctioned,1405,,fuzzy_multi_field,87.86,HIGH,auto_matched
CW_000230,lok_sabha,completed,1420,sanctioned,1386,,fuzzy_multi_field,85.17,HIGH,auto_matched
CW_000371,lok_sabha,completed,1208,sanctioned,1092,,fuzzy_multi_field,85.79,HIGH,auto_matched
CW_000409,lok_sabha,completed,982,sanctioned,1158,,fuzzy_multi_field,94.72,HIGH,auto_matched
CW_000403,lok_sabha,completed,1425,sanctioned,458,,fuzzy_multi_field,87.44,HIGH,auto_matched
CW_000177,lok_sabha,completed,1309,sanctioned,1484,,fuzzy_multi_field,85.03,HIGH,auto_matched
CW_000001,lok_sabha,completed,102,sanctioned,1147,,fuzzy_multi_field,90.18,HIGH,auto_matched
CW_000130,lok_sabha,completed,1319,sanctioned,1464,,fuzzy_multi_field,85.76,HIGH,auto_matched
CW_000356,lok_sabha,completed,568,sanctioned,679,,fuzzy_multi_field,87.17,HIGH,auto_matched
CW_000009,lok_sabha,completed,1098,sanctioned,1197,,fuzzy_multi_field,95.67,HIGH,auto_matched
CW_000277,lok_sabha,completed,980,sanctioned,1406,,fuzzy_multi_field,85.72,HIGH,auto_matched
CW_000109,lok_sabha,completed,71,sanctioned,96,,fuzzy_multi_field,92.74,HIGH,auto_matched
CW_000164,lok_sabha,completed,1134,sanctioned,1097,,fuzzy_multi_field,85.99,HIGH,auto_matched
CW_000196,lok_sabha,completed,1427,sanctioned,448,,fuzzy_multi_field,86.45,HIGH,auto_matched
CW_000371,lok_sabha,completed,1208,sanctioned,1463,,fuzzy_multi_field,85.33,HIGH,auto_matched
CW_000347,lok_sabha,completed,1193,sanctioned,1458,,fuzzy_multi_field,87.8,HIGH,auto_matched
CW_000308,lok_sabha,completed,1310,sanctioned,1485,,fuzzy_multi_field,85.35,HIGH,auto_matched
CW_000109,lok_sabha,completed,71,sanctioned,1150,,fuzzy_multi_field,91.37,HIGH,auto_matched
CW_000413,lok_sabha,completed,185,sanctioned,838,,fuzzy_multi_field,85.85,HIGH,auto_matched
CW_000130,lok_sabha,completed,1319,sanctioned,1098,,fuzzy_multi_field,85.61,HIGH,auto_matched
CW_000426,lok_sabha,completed,666,sanctioned,1169,,fuzzy_multi_field,85.68,HIGH,auto_matched
CW_000217,lok_sabha,completed,940,sanctioned,806,,fuzzy_multi_field,91.07,HIGH,auto_matched
CW_000069,lok_sabha,completed,19,sanctioned,11,,fuzzy_multi_field,87.94,HIGH,auto_matched
CW_000241,lok_sabha,completed,678,sanctioned,662,,fuzzy_multi_field,89.13,HIGH,auto_matched
CW_000310,lok_sabha,completed,159,sanctioned,339,,fuzzy_multi_field,91.52,HIGH,auto_matched
CW_000365,lok_sabha,completed,1304,sanctioned,583,,fuzzy_multi_field,93.1,HIGH,auto_matched
CW_000386,lok_sabha,completed,1267,sanctioned,666,,fuzzy_multi_field,85.19,HIGH,auto_matched
CW_000323,lok_sabha,completed,571,sanctioned,651,,fuzzy_multi_field,85.38,HIGH,auto_matched
CW_000308,lok_sabha,completed,1310,sanctioned,1490,,fuzzy_multi_field,85.1,HIGH,auto_matched
CW_000146,lok_sabha,completed,1115,sanctioned,1359,,fuzzy_multi_field,85.97,HIGH,auto_matched
CW_000428,lok_sabha,completed,508,sanctioned,1170,,fuzzy_multi_field,85.17,HIGH,auto_matched
CW_000416,lok_sabha,completed,978,sanctioned,811,,fuzzy_multi_field,86.27,HIGH,auto_matched
CW_000040,lok_sabha,completed,1128,sanctioned,1462,,fuzzy_multi_field,85.65,HIGH,auto_matched
CW_000385,lok_sabha,completed,1116,sanctioned,1491,,fuzzy_multi_field,85.5,HIGH,auto_matched
CW_000221,lok_sabha,completed,1327,sanctioned,1453,,fuzzy_multi_field,86.53,HIGH,auto_matched
CW_000130,lok_sabha,completed,1319,sanctioned,1096,,fuzzy_multi_field,85.98,HIGH,auto_matched
CW_000406,lok_sabha,completed,599,sanctioned,1169,,fuzzy_multi_field,87.55,HIGH,auto_matched
CW_000380,lok_sabha,completed,1071,sanctioned,1195,,fuzzy_multi_field,86.67,HIGH,auto_matched
CW_000146,lok_sabha,completed,1115,sanctioned,1487,,fuzzy_multi_field,85.15,HIGH,auto_matched
CW_000325,lok_sabha,completed,1046,sanctioned,1140,,fuzzy_multi_field,85.51,HIGH,auto_matched
CW_000283,lok_sabha,completed,1320,sanctioned,1489,,fuzzy_multi_field,85.73,HIGH,auto_matched
CW_000415,lok_sabha,completed,1460,sanctioned,1007,,fuzzy_multi_field,87.35,HIGH,auto_matched
CW_000441,lok_sabha,completed,1248,sanctioned,1149,,fuzzy_multi_field,89.89,HIGH,auto_matched
CW_000356,lok_sabha,completed,568,sanctioned,671,,fuzzy_multi_field,85.1,HIGH,auto_matched
CW_000431,lok_sabha,completed,1231,sanctioned,1149,,fuzzy_multi_field,89.89,HIGH,auto_matched
CW_000437,lok_sabha,completed,1233,sanctioned,1149,,fuzzy_multi_field,89.89,HIGH,auto_matched
CW_000415,lok_sabha,completed,1460,sanctioned,111,,fuzzy_multi_field,85.71,HIGH,auto_matched
CW_000277,lok_sabha,completed,980,sanctioned,1413,,fuzzy_multi_field,89.97,HIGH,auto_matched
CW_000254,lok_sabha,completed,949,sanctioned,908,,fuzzy_multi_field,89.01,HIGH,auto_matched
CW_000422,lok_sabha,completed,183,sanctioned,800,,fuzzy_multi_field,85.27,HIGH,auto_matched
CW_000308,lok_sabha,completed,1310,sanctioned,1492,,fuzzy_multi_field,86.48,HIGH,auto_matched
CW_000140,lok_sabha,completed,1126,sanctioned,1495,,fuzzy_multi_field,85.26,HIGH,auto_matched
CW_000424,lok_sabha,completed,162,sanctioned,805,,fuzzy_multi_field,85.57,HIGH,auto_matched
CW_000227,lok_sabha,completed,1483,sanctioned,225,,fuzzy_multi_field,91.92,HIGH,auto_matched
CW_000433,lok_sabha,completed,1252,sanctioned,1149,,fuzzy_multi_field,89.89,HIGH,auto_matched
CW_000356,lok_sabha,completed,568,sanctioned,680,,fuzzy_multi_field,85.54,HIGH,auto_matched
CW_000393,lok_sabha,completed,1047,sanctioned,1131,,fuzzy_multi_field,85.74,HIGH,auto_matched
CW_000407,lok_sabha,completed,1035,sanctioned,793,,fuzzy_multi_field,90.24,HIGH,auto_matched
CW_000066,lok_sabha,completed,18,sanctioned,6,,fuzzy_multi_field,87.47,HIGH,auto_matched
CW_000421,lok_sabha,completed,993,sanctioned,111,,fuzzy_multi_field,86.03,HIGH,auto_matched
CW_000205,lok_sabha,completed,1114,sanctioned,1498,,fuzzy_multi_field,88.71,HIGH,auto_matched
CW_000277,lok_sabha,completed,980,sanctioned,1422,,fuzzy_multi_field,88.01,HIGH,auto_matched
CW_000280,lok_sabha,completed,1329,sanctioned,1116,,fuzzy_multi_field,85.12,HIGH,auto_matched
CW_000243,lok_sabha,completed,1050,sanctioned,1139,,fuzzy_multi_field,85.28,HIGH,auto_matched
CW_000117,lok_sabha,completed,1436,sanctioned,196,,fuzzy_multi_field,87.93,HIGH,auto_matched
CW_000405,lok_sabha,completed,510,sanctioned,1172,,fuzzy_multi_field,85.54,HIGH,auto_matched
CW_000415,lok_sabha,completed,1460,sanctioned,1010,,fuzzy_multi_field,86.1,HIGH,auto_matched
CW_000251,lok_sabha,completed,1454,sanctioned,1059,,fuzzy_multi_field,85.92,HIGH,auto_matched
CW_000177,lok_sabha,completed,1309,sanctioned,1454,,fuzzy_multi_field,85.44,HIGH,auto_matched
CW_000381,lok_sabha,completed,1073,sanctioned,446,,fuzzy_multi_field,85.19,HIGH,auto_matched
CW_000217,lok_sabha,completed,940,sanctioned,803,,fuzzy_multi_field,85.37,HIGH,auto_matched
CW_000344,lok_sabha,completed,1125,sanctioned,1456,,fuzzy_multi_field,87.24,HIGH,auto_matched
CW_000414,lok_sabha,completed,561,sanctioned,1170,,fuzzy_multi_field,85.54,HIGH,auto_matched
CW_000205,lok_sabha,completed,1114,sanctioned,1496,,fuzzy_multi_field,86.24,HIGH,auto_matched
CW_000252,lok_sabha,completed,1123,sanctioned,1471,,fuzzy_multi_field,85.57,HIGH,auto_matched
CW_000101,lok_sabha,completed,1469,sanctioned,227,,fuzzy_multi_field,90.27,HIGH,auto_matched
CW_000158,lok_sabha,completed,1129,sanctioned,1104,,fuzzy_multi_field,86.27,HIGH,auto_matched
CW_000344,lok_sabha,completed,1125,sanctioned,1460,,fuzzy_multi_field,85.31,HIGH,auto_matched
CW_000277,lok_sabha,completed,980,sanctioned,1382,,fuzzy_multi_field,85.22,HIGH,auto_matched
CW_000427,lok_sabha,completed,165,sanctioned,840,,fuzzy_multi_field,85.39,HIGH,auto_matched
CW_000435,lok_sabha,completed,1249,sanctioned,1149,,fuzzy_multi_field,89.89,HIGH,auto_matched
CW_000117,lok_sabha,completed,1436,sanctioned,194,,fuzzy_multi_field,86.76,HIGH,auto_matched
CW_000410,lok_sabha,completed,1251,sanctioned,1149,,fuzzy_multi_field,89.89,HIGH,auto_matched
CW_000411,lok_sabha,completed,1234,sanctioned,1149,,fuzzy_multi_field,89.89,HIGH,auto_matched
CW_000361,lok_sabha,completed,1216,sanctioned,1109,,fuzzy_multi_field,85.87,HIGH,auto_matched
CW_000251,lok_sabha,completed,1454,sanctioned,1061,,fuzzy_multi_field,89.11,HIGH,auto_matched
CW_000130,lok_sabha,completed,1319,sanctioned,1459,,fuzzy_multi_field,85.48,HIGH,auto_matched
CW_000066,lok_sabha,completed,18,sanctioned,9,,fuzzy_multi_field,88.97,HIGH,auto_matched
CW_000361,lok_sabha,completed,1216,sanctioned,1483,,fuzzy_multi_field,87.66,HIGH,auto_matched
CW_000041,lok_sabha,completed,150,sanctioned,217,,fuzzy_multi_field,86.39,HIGH,auto_matched
CW_000251,lok_sabha,completed,1454,sanctioned,1245,,fuzzy_multi_field,89.53,HIGH,auto_matched
CW_000012,lok_sabha,completed,178,sanctioned,798,,fuzzy_multi_field,86.99,HIGH,auto_matched
CW_000277,lok_sabha,completed,980,sanctioned,1410,,fuzzy_multi_field,86.15,HIGH,auto_matched
CW_000408,lok_sabha,completed,182,sanctioned,898,,fuzzy_multi_field,85.09,HIGH,auto_matched
CW_000087,lok_sabha,completed,1246,sanctioned,1036,,fuzzy_multi_field,86.86,HIGH,auto_matched
CW_000436,lok_sabha,completed,87,sanctioned,1146,,fuzzy_multi_field,87.9,HIGH,auto_matched
CW_000386,lok_sabha,completed,1267,sanctioned,665,,fuzzy_multi_field,85.04,HIGH,auto_matched
CW_000177,lok_sabha,completed,1309,sanctioned,1115,,fuzzy_multi_field,86.01,HIGH,auto_matched
CW_000323,lok_sabha,completed,571,sanctioned,650,,fuzzy_multi_field,85.38,HIGH,auto_matched
CW_000429,lok_sabha,completed,170,sanctioned,837,,fuzzy_multi_field,85.32,HIGH,auto_matched
CW_000247,lok_sabha,completed,1117,sanctioned,1033,,fuzzy_multi_field,85.18,HIGH,auto_matched
CW_000251,lok_sabha,completed,1454,sanctioned,1249,,fuzzy_multi_field,85.6,HIGH,auto_matched
CW_000425,lok_sabha,completed,1236,sanctioned,1149,,fuzzy_multi_field,89.89,HIGH,auto_matched
CW_000277,lok_sabha,completed,980,sanctioned,1414,,fuzzy_multi_field,89.34,HIGH,auto_matched
CW_000277,lok_sabha,completed,980,sanctioned,1395,,fuzzy_multi_field,85.99,HIGH,auto_matched
CW_000230,lok_sabha,completed,1420,sanctioned,1388,,fuzzy_multi_field,87.13,HIGH,auto_matched
CW_000230,lok_sabha,completed,1420,sanctioned,1399,,fuzzy_multi_field,87.24,HIGH,auto_matched
CW_000101,lok_sabha,completed,1469,sanctioned,234,,fuzzy_multi_field,86.82,HIGH,auto_matched
CW_000419,lok_sabha,completed,1229,sanctioned,1149,,fuzzy_multi_field,89.89,HIGH,auto_matched
CW_000393,lok_sabha,completed,1047,sanctioned,1132,,fuzzy_multi_field,85.57,HIGH,auto_matched
CW_000064,lok_sabha,completed,1048,sanctioned,1129,,fuzzy_multi_field,87.37,HIGH,auto_matched
CW_000310,lok_sabha,completed,159,sanctioned,337,,fuzzy_multi_field,92.5,HIGH,auto_matched
CW_000117,lok_sabha,completed,1436,sanctioned,197,,fuzzy_multi_field,88.74,HIGH,auto_matched
CW_000432,lok_sabha,completed,88,sanctioned,1156,,fuzzy_multi_field,96.59,HIGH,auto_matched
CW_000229,lok_sabha,completed,941,sanctioned,902,,fuzzy_multi_field,86.01,HIGH,auto_matched
CW_000420,lok_sabha,completed,84,sanctioned,1146,,fuzzy_multi_field,87.9,HIGH,auto_matched
CW_000439,lok_sabha,completed,1235,sanctioned,1149,,fuzzy_multi_field,89.89,HIGH,auto_matched
CW_000205,lok_sabha,completed,1114,sanctioned,1493,,fuzzy_multi_field,87.22,HIGH,auto_matched
CW_000217,lok_sabha,completed,940,sanctioned,834,,fuzzy_multi_field,86.51,HIGH,auto_matched
CW_000344,lok_sabha,completed,1125,sanctioned,1457,,fuzzy_multi_field,85.55,HIGH,auto_matched
CW_000165,lok_sabha,completed,1306,sanctioned,1437,,fuzzy_multi_field,86.91,HIGH,auto_matched
CW_000430,lok_sabha,completed,514,sanctioned,1173,,fuzzy_multi_field,85.86,HIGH,auto_matched
CW_000087,lok_sabha,completed,1246,sanctioned,1039,,fuzzy_multi_field,86.33,HIGH,auto_matched
CW_000400,lok_sabha,completed,283,sanctioned,1172,,fuzzy_multi_field,85.72,HIGH,auto_matched
CW_000146,lok_sabha,completed,1115,sanctioned,1455,,fuzzy_multi_field,85.27,HIGH,auto_matched
CW_000064,lok_sabha,completed,1048,sanctioned,1138,,fuzzy_multi_field,88.5,HIGH,auto_matched
CW_000227,lok_sabha,completed,1483,sanctioned,229,,fuzzy_multi_field,89.9,HIGH,auto_matched
CW_000402,lok_sabha,completed,511,sanctioned,1149,,fuzzy_multi_field,88.64,HIGH,auto_matched
CW_000117,lok_sabha,completed,1436,sanctioned,195,,fuzzy_multi_field,90.06,HIGH,auto_matched
CW_000408,lok_sabha,completed,182,sanctioned,801,,fuzzy_multi_field,85.32,HIGH,auto_matched
CW_000443,lok_sabha,completed,1239,sanctioned,1149,,fuzzy_multi_field,89.89,HIGH,auto_matched
CW_000130,lok_sabha,completed,1319,sanctioned,1094,,fuzzy_multi_field,85.66,HIGH,auto_matched
CW_000066,lok_sabha,completed,18,sanctioned,10,,fuzzy_multi_field,92.5,HIGH,auto_matched
CW_000069,lok_sabha,completed,19,sanctioned,7,,fuzzy_multi_field,85.54,HIGH,auto_matched
CW_000001,lok_sabha,completed,104,sanctioned,1147,,fuzzy_multi_field,90.18,HIGH,auto_matched
CW_000230,lok_sabha,completed,1420,sanctioned,1404,,fuzzy_multi_field,88.7,HIGH,auto_matched
CW_000001,lok_sabha,completed,89,sanctioned,1147,,fuzzy_multi_field,89.31,HIGH,auto_matched
CW_000404,lok_sabha,completed,1230,sanctioned,1149,,fuzzy_multi_field,89.89,HIGH,auto_matched
CW_000282,lok_sabha,completed,6,sanctioned,1421,,fuzzy_multi_field,87.61,HIGH,auto_matched
CW_000251,lok_sabha,completed,1454,sanctioned,1240,,fuzzy_multi_field,85.05,HIGH,auto_matched
CW_000429,lok_sabha,completed,170,sanctioned,832,,fuzzy_multi_field,85.01,HIGH,auto_matched
CW_000251,lok_sabha,completed,1454,sanctioned,1244,,fuzzy_multi_field,87.24,HIGH,auto_matched
CW_000101,lok_sabha,completed,1469,sanctioned,235,,fuzzy_multi_field,85.6,HIGH,auto_matched
CW_000040,lok_sabha,completed,1128,sanctioned,1486,,fuzzy_multi_field,85.41,HIGH,auto_matched
CW_000442,lok_sabha,completed,166,sanctioned,905,,fuzzy_multi_field,86.38,HIGH,auto_matched
CW_000230,lok_sabha,completed,1420,sanctioned,1383,,fuzzy_multi_field,86.53,HIGH,auto_matched
CW_000440,lok_sabha,completed,175,sanctioned,805,,fuzzy_multi_field,85.81,HIGH,auto_matched
CW_000417,lok_sabha,completed,1080,sanctioned,664,,fuzzy_multi_field,85.85,HIGH,auto_matched
CW_000438,lok_sabha,completed,667,sanctioned,106,,fuzzy_multi_field,86.46,HIGH,auto_matched
CW_000222,lok_sabha,completed,1194,sanctioned,1469,,fuzzy_multi_field,85.1,HIGH,auto_matched
CW_000418,lok_sabha,completed,474,sanctioned,1169,,fuzzy_multi_field,86.69,HIGH,auto_matched
CW_000117,lok_sabha,completed,1436,sanctioned,192,,fuzzy_multi_field,87.16,HIGH,auto_matched
CW_000087,lok_sabha,completed,1246,sanctioned,1040,,fuzzy_multi_field,85.28,HIGH,auto_matched
CW_000407,lok_sabha,completed,1035,sanctioned,794,,fuzzy_multi_field,94.25,HIGH,auto_matched
CW_000217,lok_sabha,completed,940,sanctioned,799,,fuzzy_multi_field,85.48,HIGH,auto_matched
CW_000277,lok_sabha,completed,980,sanctioned,1378,,fuzzy_multi_field,85.43,HIGH,auto_matched
CW_000001,lok_sabha,expenditure,1106,recommended,1157,,exact_multi_field,98.0,HIGH,auto_matched
CW_000002,lok_sabha,expenditure,857,recommended,341,WS/MP18153/2025-2026/229090,fuzzy_multi_field,85.33,HIGH,auto_matched
CW_000002,lok_sabha,expenditure,1216,recommended,341,WS/MP18153/2025-2026/212832,fuzzy_multi_field,85.35,HIGH,auto_matched
CW_000002,lok_sabha,expenditure,1081,recommended,341,WS/MP18153/2025-2026/205302,fuzzy_multi_field,85.34,HIGH,auto_matched
CW_000002,lok_sabha,expenditure,1214,recommended,341,WS/MP18153/2025-2026/212830,fuzzy_multi_field,85.34,HIGH,auto_matched
CW_000002,lok_sabha,expenditure,1215,recommended,341,WS/MP18153/2025-2026/205301,fuzzy_multi_field,85.33,HIGH,auto_matched
CW_000002,lok_sabha,expenditure,1217,recommended,341,WS/MP18153/2025-2026/205305,fuzzy_multi_field,85.35,HIGH,auto_matched
CW_000001,lok_sabha,expenditure,1106,sanctioned,1147,,exact_multi_field,98.0,HIGH,auto_matched
CW_000002,lok_sabha,expenditure,1214,sanctioned,335,WS/MP18153/2025-2026/212830,fuzzy_multi_field,85.34,HIGH,auto_matched
CW_000002,lok_sabha,expenditure,1217,sanctioned,335,WS/MP18153/2025-2026/205305,fuzzy_multi_field,85.35,HIGH,auto_matched
CW_000002,lok_sabha,expenditure,1216,sanctioned,335,WS/MP18153/2025-2026/212832,fuzzy_multi_field,85.35,HIGH,auto_matched
CW_000002,lok_sabha,expenditure,1215,sanctioned,335,WS/MP18153/2025-2026/205301,fuzzy_multi_field,85.33,HIGH,auto_matched
CW_000002,lok_sabha,expenditure,857,sanctioned,335,WS/MP18153/2025-2026/229090,fuzzy_multi_field,85.33,HIGH,auto_matched
CW_000002,lok_sabha,expenditure,1081,sanctioned,335,WS/MP18153/2025-2026/205302,fuzzy_multi_field,85.34,HIGH,auto_matched
CW_000444,lok_sabha,recommended,931,sanctioned,959,,exact_multi_field,98.0,HIGH,auto_matched
CW_000445,lok_sabha,recommended,923,sanctioned,923,,exact_multi_field,98.0,HIGH,auto_matched
CW_000446,lok_sabha,recommended,351,sanctioned,344,,exact_multi_field,98.0,HIGH,auto_matched
CW_000018,lok_sabha,recommended,1229,sanctioned,1236,,exact_multi_field,98.0,HIGH,auto_matched
CW_000005,lok_sabha,recommended,1238,sanctioned,1230,,exact_multi_field,98.0,HIGH,auto_matched
CW_000099,lok_sabha,recommended,669,sanctioned,659,,exact_multi_field,98.0,HIGH,auto_matched
CW_000447,lok_sabha,recommended,122,sanctioned,122,,exact_multi_field,98.0,HIGH,auto_matched
CW_000017,lok_sabha,recommended,1233,sanctioned,1208,,exact_multi_field,98.0,HIGH,auto_matched
CW_000141,lok_sabha,recommended,560,sanctioned,550,,exact_multi_field,98.0,HIGH,auto_matched
CW_000028,lok_sabha,recommended,1232,sanctioned,1205,,exact_multi_field,98.0,HIGH,auto_matched
CW_000023,lok_sabha,recommended,1212,sanctioned,1198,,exact_multi_field,98.0,HIGH,auto_matched
CW_000028,lok_sabha,recommended,1232,sanctioned,1235,,exact_multi_field,98.0,HIGH,auto_matched
CW_000448,lok_sabha,recommended,632,sanctioned,613,,exact_multi_field,98.0,HIGH,auto_matched
CW_000449,lok_sabha,recommended,968,sanctioned,921,,exact_multi_field,98.0,HIGH,auto_matched
CW_000450,lok_sabha,recommended,619,sanctioned,609,,exact_multi_field,98.0,HIGH,auto_matched
CW_000451,lok_sabha,recommended,962,sanctioned,935,,exact_multi_field,98.0,HIGH,auto_matched
CW_000452,lok_sabha,recommended,631,sanctioned,610,,exact_multi_field,98.0,HIGH,auto_matched
CW_000108,lok_sabha,recommended,1311,sanctioned,1301,,exact_multi_field,98.0,HIGH,auto_matched
CW_000453,lok_sabha,recommended,959,sanctioned,957,,exact_multi_field,98.0,HIGH,auto_matched
CW_000449,lok_sabha,recommended,968,sanctioned,951,,exact_multi_field,98.0,HIGH,auto_matched
CW_000454,lok_sabha,recommended,955,sanctioned,917,,exact_multi_field,98.0,HIGH,auto_matched
CW_000455,lok_sabha,recommended,942,sanctioned,957,,exact_multi_field,98.0,HIGH,auto_matched
CW_000456,lok_sabha,recommended,958,sanctioned,925,,exact_multi_field,98.0,HIGH,auto_matched
CW_000457,lok_sabha,recommended,609,sanctioned,588,,exact_multi_field,98.0,HIGH,auto_matched
CW_000458,lok_sabha,recommended,626,sanctioned,618,,exact_multi_field,98.0,HIGH,auto_matched
CW_000459,lok_sabha,recommended,938,sanctioned,917,,exact_multi_field,98.0,HIGH,auto_matched
CW_000460,lok_sabha,recommended,932,sanctioned,931,,exact_multi_field,98.0,HIGH,auto_matched
CW_000461,lok_sabha,recommended,941,sanctioned,925,,exact_multi_field,98.0,HIGH,auto_matched
CW_000456,lok_sabha,recommended,958,sanctioned,955,,exact_multi_field,98.0,HIGH,auto_matched
CW_000462,lok_sabha,recommended,921,sanctioned,917,,exact_multi_field,98.0,HIGH,auto_matched
CW_000459,lok_sabha,recommended,938,sanctioned,947,,exact_multi_field,98.0,HIGH,auto_matched
CW_000463,lok_sabha,recommended,930,sanctioned,911,,exact_multi_field,98.0,HIGH,auto_matched
CW_000464,lok_sabha,recommended,924,sanctioned,925,,exact_multi_field,98.0,HIGH,auto_matched
CW_000461,lok_sabha,recommended,941,sanctioned,955,,exact_multi_field,98.0,HIGH,auto_matched
CW_000087,lok_sabha,recommended,1041,sanctioned,1031,,exact_multi_field,98.0,HIGH,auto_matched
CW_000462,lok_sabha,recommended,921,sanctioned,947,,exact_multi_field,98.0,HIGH,auto_matched
CW_000465,lok_sabha,recommended,588,sanctioned,578,,exact_multi_field,98.0,HIGH,auto_matched
CW_000101,lok_sabha,recommended,236,sanctioned,234,,exact_multi_field,98.0,HIGH,auto_matched
CW_000466,lok_sabha,recommended,920,sanctioned,915,,exact_multi_field,98.0,HIGH,auto_matched
CW_000028,lok_sabha,recommended,1247,sanctioned,1229,,exact_multi_field,98.0,HIGH,auto_matched
CW_000467,lok_sabha,recommended,348,sanctioned,342,,exact_multi_field,98.0,HIGH,auto_matched
CW_000009,lok_sabha,recommended,1230,sanctioned,1229,,exact_multi_field,98.0,HIGH,auto_matched
CW_000009,lok_sabha,recommended,1239,sanctioned,1223,,exact_multi_field,98.0,HIGH,auto_matched
CW_000023,lok_sabha,recommended,1223,sanctioned,1211,,exact_multi_field,98.0,HIGH,auto_matched
CW_000031,lok_sabha,recommended,1339,sanctioned,1329,,exact_multi_field,98.0,HIGH,auto_matched
CW_000022,lok_sabha,recommended,1215,sanctioned,1205,,exact_multi_field,98.0,HIGH,auto_matched
CW_000468,lok_sabha,recommended,966,sanctioned,945,,exact_multi_field,98.0,HIGH,auto_matched
CW_000469,lok_sabha,recommended,1193,sanctioned,1183,,exact_multi_field,98.0,HIGH,auto_matched
CW_000470,lok_sabha,recommended,629,sanctioned,610,,exact_multi_field,98.0,HIGH,auto_matched
CW_000471,lok_sabha,recommended,949,sanctioned,945,,exact_multi_field,98.0,HIGH,auto_matched
CW_000472,lok_sabha,recommended,965,sanctioned,912,,exact_multi_field,98.0,HIGH,auto_matched
CW_000007,lok_sabha,recommended,516,sanctioned,500,,exact_multi_field,98.0,HIGH,auto_matched
CW_000473,lok_sabha,recommended,406,sanctioned,398,,exact_multi_field,98.0,HIGH,auto_matched
CW_000472,lok_sabha,recommended,965,sanctioned,942,,exact_multi_field,98.0,HIGH,auto_matched
CW_000474,lok_sabha,recommended,613,sanctioned,598,,exact_multi_field,98.0,HIGH,auto_matched
CW_000475,lok_sabha,recommended,616,sanctioned,606,,exact_multi_field,98.0,HIGH,auto_matched
CW_000476,lok_sabha,recommended,945,sanctioned,935,,exact_multi_field,98.0,HIGH,auto_matched
CW_000477,lok_sabha,recommended,948,sanctioned,942,,exact_multi_field,98.0,HIGH,auto_matched
CW_000478,lok_sabha,recommended,1192,sanctioned,1181,,exact_multi_field,98.0,HIGH,auto_matched
CW_000479,lok_sabha,recommended,928,sanctioned,935,,exact_multi_field,98.0,HIGH,auto_matched
CW_000480,lok_sabha,recommended,612,sanctioned,596,,exact_multi_field,98.0,HIGH,auto_matched
CW_000481,lok_sabha,recommended,578,sanctioned,566,,exact_multi_field,98.0,HIGH,auto_matched
CW_000482,lok_sabha,recommended,927,sanctioned,932,,exact_multi_field,98.0,HIGH,auto_matched
CW_000483,lok_sabha,recommended,939,sanctioned,940,,exact_multi_field,98.0,HIGH,auto_matched
CW_000484,lok_sabha,recommended,23,sanctioned,23,,exact_multi_field,98.0,HIGH,auto_matched
CW_000036,lok_sabha,recommended,1243,sanctioned,1203,,exact_multi_field,98.0,HIGH,auto_matched
CW_000485,lok_sabha,recommended,922,sanctioned,940,,exact_multi_field,98.0,HIGH,auto_matched
CW_000036,lok_sabha,recommended,1243,sanctioned,1233,,exact_multi_field,98.0,HIGH,auto_matched
CW_000486,lok_sabha,recommended,435,sanctioned,428,,exact_multi_field,98.0,HIGH,auto_matched
CW_000048,lok_sabha,recommended,1216,sanctioned,1207,,exact_multi_field,98.0,HIGH,auto_matched
CW_000487,lok_sabha,recommended,119,sanctioned,119,,exact_multi_field,98.0,HIGH,auto_matched
CW_000005,lok_sabha,recommended,1213,sanctioned,1229,,exact_multi_field,98.0,HIGH,auto_matched
CW_000488,lok_sabha,recommended,1426,sanctioned,1415,,exact_multi_field,98.0,HIGH,auto_matched
CW_000048,lok_sabha,recommended,1216,sanctioned,1237,,exact_multi_field,98.0,HIGH,auto_matched
CW_000489,lok_sabha,recommended,1010,sanctioned,1000,,exact_multi_field,98.0,HIGH,auto_matched
CW_000490,lok_sabha,recommended,644,sanctioned,634,,exact_multi_field,98.0,HIGH,auto_matched
CW_000212,lok_sabha,recommended,1317,sanctioned,1307,,exact_multi_field,98.0,HIGH,auto_matched
CW_000454,lok_sabha,recommended,955,sanctioned,930,,exact_multi_field,98.0,HIGH,auto_matched
CW_000491,lok_sabha,recommended,620,sanctioned,616,,exact_multi_field,98.0,HIGH,auto_matched
CW_000492,lok_sabha,recommended,740,sanctioned,730,,exact_multi_field,98.0,HIGH,auto_matched
CW_000493,lok_sabha,recommended,956,sanctioned,924,,exact_multi_field,98.0,HIGH,auto_matched
CW_000453,lok_sabha,recommended,959,sanctioned,932,,exact_multi_field,98.0,HIGH,auto_matched
CW_000494,lok_sabha,recommended,925,sanctioned,926,,exact_multi_field,98.0,HIGH,auto_matched
CW_000455,lok_sabha,recommended,942,sanctioned,932,,exact_multi_field,98.0,HIGH,auto_matched
CW_000495,lok_sabha,recommended,1271,sanctioned,1261,,exact_multi_field,98.0,HIGH,auto_matched
CW_000494,lok_sabha,recommended,925,sanctioned,956,,exact_multi_field,98.0,HIGH,auto_matched
CW_000496,lok_sabha,recommended,946,sanctioned,928,,exact_multi_field,98.0,HIGH,auto_matched
CW_000497,lok_sabha,recommended,929,sanctioned,928,,exact_multi_field,98.0,HIGH,auto_matched
CW_000045,lok_sabha,recommended,1241,sanctioned,1227,,exact_multi_field,98.0,HIGH,auto_matched
CW_000497,lok_sabha,recommended,929,sanctioned,958,,exact_multi_field,98.0,HIGH,auto_matched
CW_000017,lok_sabha,recommended,1233,sanctioned,1221,,exact_multi_field,98.0,HIGH,auto_matched
CW_000498,lok_sabha,recommended,1038,sanctioned,1028,,exact_multi_field,98.0,HIGH,auto_matched
CW_000022,lok_sabha,recommended,1240,sanctioned,1224,,exact_multi_field,98.0,HIGH,auto_matched
CW_000499,lok_sabha,recommended,585,sanctioned,575,,exact_multi_field,98.0,HIGH,auto_matched
CW_000063,lok_sabha,recommended,1244,sanctioned,1196,,exact_multi_field,98.0,HIGH,auto_matched
CW_000034,lok_sabha,recommended,1235,sanctioned,1232,,exact_multi_field,98.0,HIGH,auto_matched
CW_000063,lok_sabha,recommended,1244,sanctioned,1226,,exact_multi_field,98.0,HIGH,auto_matched
CW_000500,lok_sabha,recommended,887,sanctioned,878,,exact_multi_field,98.0,HIGH,auto_matched
CW_000009,lok_sabha,recommended,1230,sanctioned,1204,,exact_multi_field,98.0,HIGH,auto_matched
CW_000009,lok_sabha,recommended,1218,sanctioned,1232,,exact_multi_field,98.0,HIGH,auto_matched
CW_000501,lok_sabha,recommended,963,sanctioned,950,,exact_multi_field,98.0,HIGH,auto_matched
CW_000026,lok_sabha,recommended,513,sanctioned,505,,exact_multi_field,98.0,HIGH,auto_matched
CW_000451,lok_sabha,recommended,962,sanctioned,918,,exact_multi_field,98.0,HIGH,auto_matched
CW_000502,lok_sabha,recommended,630,sanctioned,611,,exact_multi_field,98.0,HIGH,auto_matched
CW_000451,lok_sabha,recommended,962,sanctioned,948,,exact_multi_field,98.0,HIGH,auto_matched
CW_000501,lok_sabha,recommended,963,sanctioned,912,,exact_multi_field,98.0,HIGH,auto_matched
CW_000503,lok_sabha,recommended,957,sanctioned,926,,exact_multi_field,98.0,HIGH,auto_matched
CW_000504,lok_sabha,recommended,617,sanctioned,607,,exact_multi_field,98.0,HIGH,auto_matched
CW_000468,lok_sabha,recommended,966,sanctioned,920,,exact_multi_field,98.0,HIGH,auto_matched
CW_000505,lok_sabha,recommended,954,sanctioned,948,,exact_multi_field,98.0,HIGH,auto_matched
CW_000503,lok_sabha,recommended,957,sanctioned,956,,exact_multi_field,98.0,HIGH,auto_matched
CW_000471,lok_sabha,recommended,949,sanctioned,920,,exact_multi_field,98.0,HIGH,auto_matched
CW_000506,lok_sabha,recommended,937,sanctioned,948,,exact_multi_field,98.0,HIGH,auto_matched
CW_000507,lok_sabha,recommended,953,sanctioned,916,,exact_multi_field,98.0,HIGH,auto_matched
CW_000508,lok_sabha,recommended,621,sanctioned,609,,exact_multi_field,98.0,HIGH,auto_matched
CW_000509,lok_sabha,recommended,264,sanctioned,261,,exact_multi_field,98.0,HIGH,auto_matched
CW_000510,lok_sabha,recommended,936,sanctioned,915,,exact_multi_field,98.0,HIGH,auto_matched
CW_000511,lok_sabha,recommended,1066,sanctioned,1056,,exact_multi_field,98.0,HIGH,auto_matched
CW_000474,lok_sabha,recommended,613,sanctioned,603,,exact_multi_field,98.0,HIGH,auto_matched
CW_000510,lok_sabha,recommended,936,sanctioned,945,,exact_multi_field,98.0,HIGH,auto_matched
CW_000512,lok_sabha,recommended,24,sanctioned,24,,exact_multi_field,98.0,HIGH,auto_matched
CW_000513,lok_sabha,recommended,1491,sanctioned,1480,,exact_multi_field,98.0,HIGH,auto_matched
CW_000005,lok_sabha,recommended,1238,sanctioned,1224,,exact_multi_field,98.0,HIGH,auto_matched
CW_000024,lok_sabha,recommended,1242,sanctioned,1220,,exact_multi_field,98.0,HIGH,auto_matched
CW_000048,lok_sabha,recommended,1231,sanctioned,1206,,exact_multi_field,98.0,HIGH,auto_matched
CW_000004,lok_sabha,recommended,1214,sanctioned,1206,,exact_multi_field,98.0,HIGH,auto_matched
CW_000357,lok_sabha,recommended,645,sanctioned,635,,exact_multi_field,98.0,HIGH,auto_matched
CW_000004,lok_sabha,recommended,1214,sanctioned,1236,,exact_multi_field,98.0,HIGH,auto_matched
CW_000005,lok_sabha,recommended,1213,sanctioned,1204,,exact_multi_field,98.0,HIGH,auto_matched
CW_000448,lok_sabha,recommended,632,sanctioned,607,,exact_multi_field,98.0,HIGH,auto_matched
CW_000514,lok_sabha,recommended,1423,sanctioned,1412,,exact_multi_field,98.0,HIGH,auto_matched
CW_000493,lok_sabha,recommended,956,sanctioned,937,,exact_multi_field,98.0,HIGH,auto_matched
CW_000515,lok_sabha,recommended,960,sanctioned,933,,exact_multi_field,98.0,HIGH,auto_matched
CW_000516,lok_sabha,recommended,52,sanctioned,52,,exact_multi_field,98.0,HIGH,auto_matched
CW_000517,lok_sabha,recommended,969,sanctioned,927,,exact_multi_field,98.0,HIGH,auto_matched
CW_000518,lok_sabha,recommended,611,sanctioned,597,,exact_multi_field,98.0,HIGH,auto_matched
CW_000519,lok_sabha,recommended,943,sanctioned,933,,exact_multi_field,98.0,HIGH,auto_matched
CW_000520,lok_sabha,recommended,1190,sanctioned,1179,,exact_multi_field,98.0,HIGH,auto_matched
CW_000521,lok_sabha,recommended,952,sanctioned,927,,exact_multi_field,98.0,HIGH,auto_matched
CW_000445,lok_sabha,recommended,923,sanctioned,925,,exact_multi_field,98.0,HIGH,auto_matched
CW_000522,lok_sabha,recommended,940,sanctioned,955,,exact_multi_field,98.0,HIGH,auto_matched
CW_000445,lok_sabha,recommended,923,sanctioned,955,,exact_multi_field,98.0,HIGH,auto_matched
CW_000523,lok_sabha,recommended,261,sanctioned,258,,exact_multi_field,98.0,HIGH,auto_matched
CW_000524,lok_sabha,recommended,148,sanctioned,148,,exact_multi_field,98.0,HIGH,auto_matched
CW_000483,lok_sabha,recommended,939,sanctioned,953,,exact_multi_field,98.0,HIGH,auto_matched
CW_000463,lok_sabha,recommended,930,sanctioned,935,,exact_multi_field,98.0,HIGH,auto_matched
CW_000525,lok_sabha,recommended,934,sanctioned,931,,exact_multi_field,98.0,HIGH,auto_matched
CW_000106,lok_sabha,recommended,673,sanctioned,663,,exact_multi_field,98.0,HIGH,auto_matched
CW_000485,lok_sabha,recommended,922,sanctioned,953,,exact_multi_field,98.0,HIGH,auto_matched
CW_000298,lok_sabha,recommended,354,sanctioned,346,,exact_multi_field,98.0,HIGH,auto_matched
CW_000045,lok_sabha,recommended,1241,sanctioned,1232,,exact_multi_field,98.0,HIGH,auto_matched
CW_000526,lok_sabha,recommended,1451,sanctioned,1440,,exact_multi_field,98.0,HIGH,auto_matched
CW_000045,lok_sabha,recommended,1245,sanctioned,1203,,exact_multi_field,98.0,HIGH,auto_matched
CW_000527,lok_sabha,recommended,80,sanctioned,80,,exact_multi_field,98.0,HIGH,auto_matched
CW_000008,lok_sabha,recommended,971,sanctioned,961,,exact_multi_field,98.0,HIGH,auto_matched
CW_000501,lok_sabha,recommended,963,sanctioned,925,,exact_multi_field,98.0,HIGH,auto_matched
CW_000022,lok_sabha,recommended,1215,sanctioned,1229,,exact_multi_field,98.0,HIGH,auto_matched
CW_000528,lok_sabha,recommended,967,sanctioned,921,,exact_multi_field,98.0,HIGH,auto_matched
CW_000456,lok_sabha,recommended,958,sanctioned,957,,exact_multi_field,98.0,HIGH,auto_matched
CW_000529,lok_sabha,recommended,950,sanctioned,921,,exact_multi_field,98.0,HIGH,auto_matched
CW_000528,lok_sabha,recommended,967,sanctioned,951,,exact_multi_field,98.0,HIGH,auto_matched
CW_000530,lok_sabha,recommended,618,sanctioned,614,,exact_multi_field,98.0,HIGH,auto_matched
CW_000531,lok_sabha,recommended,627,sanctioned,608,,exact_multi_field,98.0,HIGH,auto_matched
CW_000461,lok_sabha,recommended,941,sanctioned,957,,exact_multi_field,98.0,HIGH,auto_matched
CW_000529,lok_sabha,recommended,950,sanctioned,951,,exact_multi_field,98.0,HIGH,auto_matched
CW_000532,lok_sabha,recommended,1067,sanctioned,1057,,exact_multi_field,98.0,HIGH,auto_matched
CW_000533,lok_sabha,recommended,933,sanctioned,951,,exact_multi_field,98.0,HIGH,auto_matched
CW_000505,lok_sabha,recommended,954,sanctioned,923,,exact_multi_field,98.0,HIGH,auto_matched
CW_000534,lok_sabha,recommended,614,sanctioned,604,,exact_multi_field,98.0,HIGH,auto_matched
CW_000504,lok_sabha,recommended,617,sanctioned,612,,exact_multi_field,98.0,HIGH,auto_matched
CW_000479,lok_sabha,recommended,928,sanctioned,929,,exact_multi_field,98.0,HIGH,auto_matched
CW_000506,lok_sabha,recommended,937,sanctioned,923,,exact_multi_field,98.0,HIGH,auto_matched
CW_000505,lok_sabha,recommended,954,sanctioned,953,,exact_multi_field,98.0,HIGH,auto_matched
CW_000535,lok_sabha,recommended,382,sanctioned,374,,exact_multi_field,98.0,HIGH,auto_matched
CW_000130,lok_sabha,recommended,1269,sanctioned,1259,,exact_multi_field,98.0,HIGH,auto_matched
CW_000461,lok_sabha,recommended,941,sanctioned,919,,exact_multi_field,98.0,HIGH,auto_matched
CW_000479,lok_sabha,recommended,928,sanctioned,959,,exact_multi_field,98.0,HIGH,auto_matched
CW_000506,lok_sabha,recommended,937,sanctioned,953,,exact_multi_field,98.0,HIGH,auto_matched
CW_000464,lok_sabha,recommended,924,sanctioned,919,,exact_multi_field,98.0,HIGH,auto_matched
CW_000510,lok_sabha,recommended,936,sanctioned,920,,exact_multi_field,98.0,HIGH,auto_matched
CW_000536,lok_sabha,recommended,579,sanctioned,572,,exact_multi_field,98.0,HIGH,auto_matched
CW_000464,lok_sabha,recommended,924,sanctioned,949,,exact_multi_field,98.0,HIGH,auto_matched
CW_000482,lok_sabha,recommended,927,sanctioned,956,,exact_multi_field,98.0,HIGH,auto_matched
CW_000091,lok_sabha,recommended,1036,sanctioned,1026,,exact_multi_field,98.0,HIGH,auto_matched
CW_000140,lok_sabha,recommended,1365,sanctioned,1355,,exact_multi_field,98.0,HIGH,auto_matched
CW_000036,lok_sabha,recommended,1243,sanctioned,1227,,exact_multi_field,98.0,HIGH,auto_matched
CW_000169,lok_sabha,recommended,999,sanctioned,989,,exact_multi_field,98.0,HIGH,auto_matched
CW_000537,lok_sabha,recommended,433,sanctioned,426,,exact_multi_field,98.0,HIGH,auto_matched
CW_000538,lok_sabha,recommended,890,sanctioned,880,,exact_multi_field,98.0,HIGH,auto_matched
CW_000024,lok_sabha,recommended,1242,sanctioned,1225,,exact_multi_field,98.0,HIGH,auto_matched
CW_000539,lok_sabha,recommended,1095,sanctioned,1085,,exact_multi_field,98.0,HIGH,auto_matched
CW_000540,lok_sabha,recommended,642,sanctioned,632,,exact_multi_field,98.0,HIGH,auto_matched
CW_000023,lok_sabha,recommended,1209,sanctioned,1213,,exact_multi_field,98.0,HIGH,auto_matched
CW_000026,lok_sabha,recommended,515,sanctioned,500,,exact_multi_field,98.0,HIGH,auto_matched
CW_000541,lok_sabha,recommended,410,sanctioned,402,,exact_multi_field,98.0,HIGH,auto_matched
CW_000263,lok_sabha,recommended,986,sanctioned,976,,exact_multi_field,98.0,HIGH,auto_matched
CW_000542,lok_sabha,recommended,1297,sanctioned,1287,,exact_multi_field,98.0,HIGH,auto_matched
CW_000543,lok_sabha,recommended,961,sanctioned,940,,exact_multi_field,98.0,HIGH,auto_matched
CW_000472,lok_sabha,recommended,965,sanctioned,936,,exact_multi_field,98.0,HIGH,auto_matched
CW_000544,lok_sabha,recommended,944,sanctioned,940,,exact_multi_field,98.0,HIGH,auto_matched
CW_000545,lok_sabha,recommended,951,sanctioned,914,,exact_multi_field,98.0,HIGH,auto_matched
CW_000477,lok_sabha,recommended,948,sanctioned,936,,exact_multi_field,98.0,HIGH,auto_matched
CW_000546,lok_sabha,recommended,49,sanctioned,49,,exact_multi_field,98.0,HIGH,auto_matched
CW_000545,lok_sabha,recommended,951,sanctioned,944,,exact_multi_field,98.0,HIGH,auto_matched
CW_000230,lok_sabha,recommended,1393,sanctioned,1383,,exact_multi_field,98.0,HIGH,auto_matched
CW_000547,lok_sabha,recommended,599,sanctioned,600,,exact_multi_field,98.0,HIGH,auto_matched
CW_000444,lok_sabha,recommended,931,sanctioned,936,,exact_multi_field,98.0,HIGH,auto_matched
CW_000548,lok_sabha,recommended,364,sanctioned,356,,exact_multi_field,98.0,HIGH,auto_matched
CW_000522,lok_sabha,recommended,940,sanctioned,930,,exact_multi_field,98.0,HIGH,auto_matched
CW_000525,lok_sabha,recommended,934,sanctioned,944,,exact_multi_field,98.0,HIGH,auto_matched
CW_000445,lok_sabha,recommended,923,sanctioned,930,,exact_multi_field,98.0,HIGH,auto_matched
CW_000549,lok_sabha,recommended,581,sanctioned,567,,exact_multi_field,98.0,HIGH,auto_matched
CW_000550,lok_sabha,recommended,598,sanctioned,598,,exact_multi_field,98.0,HIGH,auto_matched
CW_000482,lok_sabha,recommended,927,sanctioned,926,,exact_multi_field,98.0,HIGH,auto_matched
CW_000551,lok_sabha,recommended,913,sanctioned,904,,exact_multi_field,98.0,HIGH,auto_matched
CW_000552,lok_sabha,recommended,1452,sanctioned,1441,,exact_multi_field,98.0,HIGH,auto_matched
CW_000048,lok_sabha,recommended,1246,sanctioned,1205,,exact_multi_field,98.0,HIGH,auto_matched
CW_000241,lok_sabha,recommended,670,sanctioned,660,,exact_multi_field,98.0,HIGH,auto_matched
CW_000018,lok_sabha,recommended,1229,sanctioned,1205,,exact_multi_field,98.0,HIGH,auto_matched
CW_000553,lok_sabha,recommended,81,sanctioned,81,,exact_multi_field,98.0,HIGH,auto_matched
CW_000302,lok_sabha,recommended,1014,sanctioned,1004,,exact_multi_field,98.0,HIGH,auto_matched
CW_000018,lok_sabha,recommended,1229,sanctioned,1235,,exact_multi_field,98.0,HIGH,auto_matched
CW_000554,lok_sabha,recommended,430,sanctioned,423,,exact_multi_field,98.0,HIGH,auto_matched
CW_000448,lok_sabha,recommended,632,sanctioned,620,,exact_multi_field,98.0,HIGH,auto_matched
CW_000075,lok_sabha,recommended,766,sanctioned,756,,exact_multi_field,98.0,HIGH,auto_matched
CW_000023,lok_sabha,recommended,1211,sanctioned,1202,,exact_multi_field,98.0,HIGH,auto_matched
CW_000555,lok_sabha,recommended,534,sanctioned,525,,exact_multi_field,98.0,HIGH,auto_matched
CW_000556,lok_sabha,recommended,290,sanctioned,287,,exact_multi_field,98.0,HIGH,auto_matched
CW_000449,lok_sabha,recommended,968,sanctioned,928,,exact_multi_field,98.0,HIGH,auto_matched
CW_000557,lok_sabha,recommended,639,sanctioned,629,,exact_multi_field,98.0,HIGH,auto_matched
CW_000449,lok_sabha,recommended,968,sanctioned,958,,exact_multi_field,98.0,HIGH,auto_matched
CW_000454,lok_sabha,recommended,955,sanctioned,924,,exact_multi_field,98.0,HIGH,auto_matched
CW_000558,lok_sabha,recommended,964,sanctioned,918,,exact_multi_field,98.0,HIGH,auto_matched
CW_000456,lok_sabha,recommended,958,sanctioned,932,,exact_multi_field,98.0,HIGH,auto_matched
CW_000459,lok_sabha,recommended,938,sanctioned,924,,exact_multi_field,98.0,HIGH,auto_matched
CW_000454,lok_sabha,recommended,955,sanctioned,954,,exact_multi_field,98.0,HIGH,auto_matched
CW_000559,lok_sabha,recommended,947,sanctioned,918,,exact_multi_field,98.0,HIGH,auto_matched
CW_000461,lok_sabha,recommended,941,sanctioned,932,,exact_multi_field,98.0,HIGH,auto_matched
CW_000462,lok_sabha,recommended,921,sanctioned,924,,exact_multi_field,98.0,HIGH,auto_matched
CW_000459,lok_sabha,recommended,938,sanctioned,954,,exact_multi_field,98.0,HIGH,auto_matched
CW_000463,lok_sabha,recommended,930,sanctioned,918,,exact_multi_field,98.0,HIGH,auto_matched
CW_000560,lok_sabha,recommended,735,sanctioned,725,,exact_multi_field,98.0,HIGH,auto_matched
CW_000222,lok_sabha,recommended,1480,sanctioned,1469,,exact_multi_field,98.0,HIGH,auto_matched
CW_000561,lok_sabha,recommended,1064,sanctioned,1054,,exact_multi_field,98.0,HIGH,auto_matched
CW_000462,lok_sabha,recommended,921,sanctioned,954,,exact_multi_field,98.0,HIGH,auto_matched
CW_000455,lok_sabha,recommended,942,sanctioned,926,,exact_multi_field,98.0,HIGH,auto_matched
CW_000494,lok_sabha,recommended,925,sanctioned,950,,exact_multi_field,98.0,HIGH,auto_matched
CW_000466,lok_sabha,recommended,920,sanctioned,922,,exact_multi_field,98.0,HIGH,auto_matched
CW_000028,lok_sabha,recommended,1247,sanctioned,1236,,exact_multi_field,98.0,HIGH,auto_matched
CW_000028,lok_sabha,recommended,1236,sanctioned,1222,,exact_multi_field,98.0,HIGH,auto_matched
CW_000009,lok_sabha,recommended,1239,sanctioned,1230,,exact_multi_field,98.0,HIGH,auto_matched
CW_000024,lok_sabha,recommended,1219,sanctioned,1222,,exact_multi_field,98.0,HIGH,auto_matched
CW_000468,lok_sabha,recommended,966,sanctioned,952,,exact_multi_field,98.0,HIGH,auto_matched
CW_000451,lok_sabha,recommended,962,sanctioned,912,,exact_multi_field,98.0,HIGH,auto_matched
CW_000471,lok_sabha,recommended,949,sanctioned,952,,exact_multi_field,98.0,HIGH,auto_matched
CW_000007,lok_sabha,recommended,516,sanctioned,507,,exact_multi_field,98.0,HIGH,auto_matched
CW_000476,lok_sabha,recommended,945,sanctioned,912,,exact_multi_field,98.0,HIGH,auto_matched
CW_000451,lok_sabha,recommended,962,sanctioned,942,,exact_multi_field,98.0,HIGH,auto_matched
CW_000472,lok_sabha,recommended,965,sanctioned,949,,exact_multi_field,98.0,HIGH,auto_matched
CW_000474,lok_sabha,recommended,613,sanctioned,605,,exact_multi_field,98.0,HIGH,auto_matched
CW_000562,lok_sabha,recommended,860,sanctioned,851,,exact_multi_field,98.0,HIGH,auto_matched
CW_000382,lok_sabha,recommended,174,sanctioned,174,,exact_multi_field,98.0,HIGH,auto_matched
CW_000563,lok_sabha,recommended,1189,sanctioned,1180,,exact_multi_field,98.0,HIGH,auto_matched
CW_000479,lok_sabha,recommended,928,sanctioned,912,,exact_multi_field,98.0,HIGH,auto_matched
CW_000476,lok_sabha,recommended,945,sanctioned,942,,exact_multi_field,98.0,HIGH,auto_matched
CW_000517,lok_sabha,recommended,969,sanctioned,921,,exact_multi_field,98.0,HIGH,auto_matched
CW_000479,lok_sabha,recommended,928,sanctioned,942,,exact_multi_field,98.0,HIGH,auto_matched
CW_000471,lok_sabha,recommended,949,sanctioned,914,,exact_multi_field,98.0,HIGH,auto_matched
CW_000457,lok_sabha,recommended,609,sanctioned,595,,exact_multi_field,98.0,HIGH,auto_matched
CW_000521,lok_sabha,recommended,952,sanctioned,921,,exact_multi_field,98.0,HIGH,auto_matched
CW_000517,lok_sabha,recommended,969,sanctioned,951,,exact_multi_field,98.0,HIGH,auto_matched
CW_000480,lok_sabha,recommended,612,sanctioned,603,,exact_multi_field,98.0,HIGH,auto_matched
CW_000472,lok_sabha,recommended,965,sanctioned,911,,exact_multi_field,98.0,HIGH,auto_matched
CW_000521,lok_sabha,recommended,952,sanctioned,951,,exact_multi_field,98.0,HIGH,auto_matched
CW_000564,lok_sabha,recommended,380,sanctioned,372,,exact_multi_field,98.0,HIGH,auto_matched
CW_000483,lok_sabha,recommended,939,sanctioned,917,,exact_multi_field,98.0,HIGH,auto_matched
CW_000477,lok_sabha,recommended,948,sanctioned,911,,exact_multi_field,98.0,HIGH,auto_matched
CW_000565,lok_sabha,recommended,935,sanctioned,951,,exact_multi_field,98.0,HIGH,auto_matched
CW_000566,lok_sabha,recommended,259,sanctioned,256,,exact_multi_field,98.0,HIGH,auto_matched
CW_000485,lok_sabha,recommended,922,sanctioned,917,,exact_multi_field,98.0,HIGH,auto_matched
CW_000483,lok_sabha,recommended,939,sanctioned,947,,exact_multi_field,98.0,HIGH,auto_matched
CW_000444,lok_sabha,recommended,931,sanctioned,911,,exact_multi_field,98.0,HIGH,auto_matched
CW_000485,lok_sabha,recommended,922,sanctioned,947,,exact_multi_field,98.0,HIGH,auto_matched
CW_000481,lok_sabha,recommended,578,sanctioned,565,,exact_multi_field,98.0,HIGH,auto_matched
CW_000567,lok_sabha,recommended,544,sanctioned,535,,exact_multi_field,98.0,HIGH,auto_matched
CW_000568,lok_sabha,recommended,1120,sanctioned,1110,,exact_multi_field,98.0,HIGH,auto_matched
CW_000569,lok_sabha,recommended,1449,sanctioned,1438,,exact_multi_field,98.0,HIGH,auto_matched
CW_000028,lok_sabha,recommended,1217,sanctioned,1208,,exact_multi_field,98.0,HIGH,auto_matched
CW_000570,lok_sabha,recommended,78,sanctioned,78,,exact_multi_field,98.0,HIGH,auto_matched
CW_000571,lok_sabha,recommended,603,sanctioned,593,,exact_multi_field,98.0,HIGH,auto_matched
CW_000572,lok_sabha,recommended,408,sanctioned,400,,exact_multi_field,98.0,HIGH,auto_matched
CW_000528,lok_sabha,recommended,967,sanctioned,945,,exact_multi_field,98.0,HIGH,auto_matched
CW_000493,lok_sabha,recommended,956,sanctioned,931,,exact_multi_field,98.0,HIGH,auto_matched
CW_000573,lok_sabha,recommended,287,sanctioned,284,,exact_multi_field,98.0,HIGH,auto_matched
CW_000057,lok_sabha,recommended,517,sanctioned,500,,exact_multi_field,98.0,HIGH,auto_matched
CW_000453,lok_sabha,recommended,959,sanctioned,939,,exact_multi_field,98.0,HIGH,auto_matched
CW_000534,lok_sabha,recommended,614,sanctioned,598,,exact_multi_field,98.0,HIGH,auto_matched
CW_000455,lok_sabha,recommended,942,sanctioned,939,,exact_multi_field,98.0,HIGH,auto_matched
CW_000574,lok_sabha,recommended,699,sanctioned,689,,exact_multi_field,98.0,HIGH,auto_matched
CW_000496,lok_sabha,recommended,946,sanctioned,935,,exact_multi_field,98.0,HIGH,auto_matched
CW_000454,lok_sabha,recommended,955,sanctioned,929,,exact_multi_field,98.0,HIGH,auto_matched
CW_000575,lok_sabha,recommended,926,sanctioned,927,,exact_multi_field,98.0,HIGH,auto_matched
CW_000576,lok_sabha,recommended,606,sanctioned,592,,exact_multi_field,98.0,HIGH,auto_matched
CW_000519,lok_sabha,recommended,943,sanctioned,957,,exact_multi_field,98.0,HIGH,auto_matched
CW_000565,lok_sabha,recommended,935,sanctioned,921,,exact_multi_field,98.0,HIGH,auto_matched
CW_000497,lok_sabha,recommended,929,sanctioned,935,,exact_multi_field,98.0,HIGH,auto_matched
CW_000045,lok_sabha,recommended,1241,sanctioned,1234,,exact_multi_field,98.0,HIGH,auto_matched
CW_000575,lok_sabha,recommended,926,sanctioned,957,,exact_multi_field,98.0,HIGH,auto_matched
CW_000577,lok_sabha,recommended,1477,sanctioned,1466,,exact_multi_field,98.0,HIGH,auto_matched
CW_000494,lok_sabha,recommended,925,sanctioned,925,,exact_multi_field,98.0,HIGH,auto_matched
CW_000045,lok_sabha,recommended,1245,sanctioned,1235,,exact_multi_field,98.0,HIGH,auto_matched
CW_000494,lok_sabha,recommended,925,sanctioned,955,,exact_multi_field,98.0,HIGH,auto_matched
CW_000578,lok_sabha,recommended,458,sanctioned,450,,exact_multi_field,98.0,HIGH,auto_matched
CW_000438,lok_sabha,recommended,106,sanctioned,106,,exact_multi_field,98.0,HIGH,auto_matched
CW_000063,lok_sabha,recommended,1244,sanctioned,1203,,exact_multi_field,98.0,HIGH,auto_matched
CW_000103,lok_sabha,recommended,997,sanctioned,987,,exact_multi_field,98.0,HIGH,auto_matched
CW_000063,lok_sabha,recommended,1244,sanctioned,1233,,exact_multi_field,98.0,HIGH,auto_matched
CW_000187,lok_sabha,recommended,1341,sanctioned,1331,,exact_multi_field,98.0,HIGH,auto_matched
CW_000579,lok_sabha,recommended,315,sanctioned,312,,exact_multi_field,98.0,HIGH,auto_matched
CW_000216,lok_sabha,recommended,202,sanctioned,202,,exact_multi_field,98.0,HIGH,auto_matched
CW_000501,lok_sabha,recommended,963,sanctioned,919,,exact_multi_field,98.0,HIGH,auto_matched
CW_000580,lok_sabha,recommended,75,sanctioned,75,,exact_multi_field,98.0,HIGH,auto_matched
CW_000468,lok_sabha,recommended,966,sanctioned,927,,exact_multi_field,98.0,HIGH,auto_matched
CW_000505,lok_sabha,recommended,954,sanctioned,955,,exact_multi_field,98.0,HIGH,auto_matched
CW_000501,lok_sabha,recommended,963,sanctioned,949,,exact_multi_field,98.0,HIGH,auto_matched
CW_000471,lok_sabha,recommended,949,sanctioned,927,,exact_multi_field,98.0,HIGH,auto_matched
CW_000581,lok_sabha,recommended,1295,sanctioned,1285,,exact_multi_field,98.0,HIGH,auto_matched
CW_000506,lok_sabha,recommended,937,sanctioned,955,,exact_multi_field,98.0,HIGH,auto_matched
CW_000507,lok_sabha,recommended,953,sanctioned,923,,exact_multi_field,98.0,HIGH,auto_matched
CW_000508,lok_sabha,recommended,621,sanctioned,616,,exact_multi_field,98.0,HIGH,auto_matched
CW_000451,lok_sabha,recommended,962,sanctioned,917,,exact_multi_field,98.0,HIGH,auto_matched
CW_000529,lok_sabha,recommended,950,sanctioned,945,,exact_multi_field,98.0,HIGH,auto_matched
CW_000502,lok_sabha,recommended,630,sanctioned,610,,exact_multi_field,98.0,HIGH,auto_matched
CW_000507,lok_sabha,recommended,953,sanctioned,953,,exact_multi_field,98.0,HIGH,auto_matched
CW_000582,lok_sabha,recommended,610,sanctioned,602,,exact_multi_field,98.0,HIGH,auto_matched
CW_000282,lok_sabha,recommended,171,sanctioned,171,,exact_multi_field,98.0,HIGH,auto_matched
CW_000533,lok_sabha,recommended,933,sanctioned,945,,exact_multi_field,98.0,HIGH,auto_matched
CW_000583,lok_sabha,recommended,486,sanctioned,478,,exact_multi_field,98.0,HIGH,auto_matched
CW_000460,lok_sabha,recommended,932,sanctioned,913,,exact_multi_field,98.0,HIGH,auto_matched
CW_000279,lok_sabha,recommended,1025,sanctioned,1015,,exact_multi_field,98.0,HIGH,auto_matched
CW_000460,lok_sabha,recommended,932,sanctioned,943,,exact_multi_field,98.0,HIGH,auto_matched
CW_000385,lok_sabha,recommended,1369,sanctioned,1359,,exact_multi_field,98.0,HIGH,auto_matched
CW_000510,lok_sabha,recommended,936,sanctioned,914,,exact_multi_field,98.0,HIGH,auto_matched
CW_000023,lok_sabha,recommended,1248,sanctioned,1213,,exact_multi_field,98.0,HIGH,auto_matched
CW_000536,lok_sabha,recommended,579,sanctioned,566,,exact_multi_field,98.0,HIGH,auto_matched
CW_000024,lok_sabha,recommended,1242,sanctioned,1227,,exact_multi_field,98.0,HIGH,auto_matched
CW_000482,lok_sabha,recommended,927,sanctioned,950,,exact_multi_field,98.0,HIGH,auto_matched
CW_000584,lok_sabha,recommended,545,sanctioned,536,,exact_multi_field,98.0,HIGH,auto_matched
CW_000585,lok_sabha,recommended,792,sanctioned,782,,exact_multi_field,98.0,HIGH,auto_matched
CW_000022,lok_sabha,recommended,1234,sanctioned,1221,,exact_multi_field,98.0,HIGH,auto_matched
CW_000586,lok_sabha,recommended,1121,sanctioned,1111,,exact_multi_field,98.0,HIGH,auto_matched
CW_000587,lok_sabha,recommended,881,sanctioned,874,,exact_multi_field,98.0,HIGH,auto_matched
CW_000097,lok_sabha,recommended,1323,sanctioned,1313,,exact_multi_field,98.0,HIGH,auto_matched
CW_000588,lok_sabha,recommended,199,sanctioned,199,,exact_multi_field,98.0,HIGH,auto_matched
CW_000217,lok_sabha,recommended,843,sanctioned,834,,exact_multi_field,98.0,HIGH,auto_matched
CW_000503,lok_sabha,recommended,957,sanctioned,933,,exact_multi_field,98.0,HIGH,auto_matched
CW_000515,lok_sabha,recommended,960,sanctioned,940,,exact_multi_field,98.0,HIGH,auto_matched
CW_000517,lok_sabha,recommended,969,sanctioned,934,,exact_multi_field,98.0,HIGH,auto_matched
CW_000518,lok_sabha,recommended,611,sanctioned,604,,exact_multi_field,98.0,HIGH,auto_matched
CW_000558,lok_sabha,recommended,964,sanctioned,912,,exact_multi_field,98.0,HIGH,auto_matched
CW_000589,lok_sabha,recommended,405,sanctioned,397,,exact_multi_field,98.0,HIGH,auto_matched
CW_000590,lok_sabha,recommended,1397,sanctioned,1387,,exact_multi_field,98.0,HIGH,auto_matched
CW_000559,lok_sabha,recommended,947,sanctioned,912,,exact_multi_field,98.0,HIGH,auto_matched
CW_000558,lok_sabha,recommended,964,sanctioned,942,,exact_multi_field,98.0,HIGH,auto_matched
CW_000591,lok_sabha,recommended,607,sanctioned,594,,exact_multi_field,98.0,HIGH,auto_matched
CW_000544,lok_sabha,recommended,944,sanctioned,934,,exact_multi_field,98.0,HIGH,auto_matched
CW_000559,lok_sabha,recommended,947,sanctioned,942,,exact_multi_field,98.0,HIGH,auto_matched
CW_000545,lok_sabha,recommended,951,sanctioned,938,,exact_multi_field,98.0,HIGH,auto_matched
CW_000463,lok_sabha,recommended,930,sanctioned,942,,exact_multi_field,98.0,HIGH,auto_matched
CW_000525,lok_sabha,recommended,934,sanctioned,938,,exact_multi_field,98.0,HIGH,auto_matched
CW_000592,lok_sabha,recommended,501,sanctioned,493,,exact_multi_field,98.0,HIGH,auto_matched
CW_000593,lok_sabha,recommended,577,sanctioned,566,,exact_multi_field,98.0,HIGH,auto_matched
CW_000045,lok_sabha,recommended,1241,sanctioned,1209,,exact_multi_field,98.0,HIGH,auto_matched
CW_000575,lok_sabha,recommended,926,sanctioned,932,,exact_multi_field,98.0,HIGH,auto_matched
CW_000005,lok_sabha,recommended,1238,sanctioned,1231,,exact_multi_field,98.0,HIGH,auto_matched
CW_000594,lok_sabha,recommended,871,sanctioned,862,,exact_multi_field,98.0,HIGH,auto_matched
CW_000595,lok_sabha,recommended,1118,sanctioned,1108,,exact_multi_field,98.0,HIGH,auto_matched
CW_000028,lok_sabha,recommended,1232,sanctioned,1206,,exact_multi_field,98.0,HIGH,auto_matched
CW_000023,lok_sabha,recommended,1212,sanctioned,1199,,exact_multi_field,98.0,HIGH,auto_matched
CW_000022,lok_sabha,recommended,1215,sanctioned,1206,,exact_multi_field,98.0,HIGH,auto_matched
CW_000028,lok_sabha,recommended,1232,sanctioned,1236,,exact_multi_field,98.0,HIGH,auto_matched
CW_000022,lok_sabha,recommended,1215,sanctioned,1236,,exact_multi_field,98.0,HIGH,auto_matched
CW_000528,lok_sabha,recommended,967,sanctioned,928,,exact_multi_field,98.0,HIGH,auto_matched
CW_000448,lok_sabha,recommended,632,sanctioned,614,,exact_multi_field,98.0,HIGH,auto_matched
CW_000528,lok_sabha,recommended,967,sanctioned,958,,exact_multi_field,98.0,HIGH,auto_matched
CW_000531,lok_sabha,recommended,627,sanctioned,615,,exact_multi_field,98.0,HIGH,auto_matched
CW_000529,lok_sabha,recommended,950,sanctioned,958,,exact_multi_field,98.0,HIGH,auto_matched
CW_000452,lok_sabha,recommended,631,sanctioned,611,,exact_multi_field,98.0,HIGH,auto_matched
CW_000476,lok_sabha,recommended,945,sanctioned,936,,exact_multi_field,98.0,HIGH,auto_matched
CW_000596,lok_sabha,recommended,724,sanctioned,714,,exact_multi_field,98.0,HIGH,auto_matched
CW_000505,lok_sabha,recommended,954,sanctioned,930,,exact_multi_field,98.0,HIGH,auto_matched
CW_000597,lok_sabha,recommended,248,sanctioned,245,,exact_multi_field,98.0,HIGH,auto_matched
CW_000456,lok_sabha,recommended,958,sanctioned,926,,exact_multi_field,98.0,HIGH,auto_matched
CW_000458,lok_sabha,recommended,626,sanctioned,619,,exact_multi_field,98.0,HIGH,auto_matched
CW_000506,lok_sabha,recommended,937,sanctioned,930,,exact_multi_field,98.0,HIGH,auto_matched
CW_000598,lok_sabha,recommended,1068,sanctioned,1058,,exact_multi_field,98.0,HIGH,auto_matched
CW_000461,lok_sabha,recommended,941,sanctioned,926,,exact_multi_field,98.0,HIGH,auto_matched
CW_000529,lok_sabha,recommended,950,sanctioned,920,,exact_multi_field,98.0,HIGH,auto_matched
CW_000530,lok_sabha,recommended,618,sanctioned,613,,exact_multi_field,98.0,HIGH,auto_matched
CW_000463,lok_sabha,recommended,930,sanctioned,912,,exact_multi_field,98.0,HIGH,auto_matched
CW_000464,lok_sabha,recommended,924,sanctioned,926,,exact_multi_field,98.0,HIGH,auto_matched
CW_000599,lok_sabha,recommended,604,sanctioned,591,,exact_multi_field,98.0,HIGH,auto_matched
CW_000461,lok_sabha,recommended,941,sanctioned,956,,exact_multi_field,98.0,HIGH,auto_matched
CW_000533,lok_sabha,recommended,933,sanctioned,920,,exact_multi_field,98.0,HIGH,auto_matched
CW_000462,lok_sabha,recommended,921,sanctioned,948,,exact_multi_field,98.0,HIGH,auto_matched
CW_000464,lok_sabha,recommended,924,sanctioned,956,,exact_multi_field,98.0,HIGH,auto_matched
CW_000064,lok_sabha,recommended,1146,sanctioned,1136,,exact_multi_field,98.0,HIGH,auto_matched
CW_000466,lok_sabha,recommended,920,sanctioned,916,,exact_multi_field,98.0,HIGH,auto_matched
CW_000600,lok_sabha,recommended,693,sanctioned,683,,exact_multi_field,98.0,HIGH,auto_matched
CW_000036,lok_sabha,recommended,1243,sanctioned,1234,,exact_multi_field,98.0,HIGH,auto_matched
CW_000009,lok_sabha,recommended,1239,sanctioned,1224,,exact_multi_field,98.0,HIGH,auto_matched
CW_000024,lok_sabha,recommended,1242,sanctioned,1232,,exact_multi_field,98.0,HIGH,auto_matched
CW_000266,lok_sabha,recommended,789,sanctioned,779,,exact_multi_field,98.0,HIGH,auto_matched
CW_000601,lok_sabha,recommended,200,sanctioned,200,,exact_multi_field,98.0,HIGH,auto_matched
CW_000602,lok_sabha,recommended,520,sanctioned,511,,exact_multi_field,98.0,HIGH,auto_matched
CW_000026,lok_sabha,recommended,515,sanctioned,507,,exact_multi_field,98.0,HIGH,auto_matched
CW_000018,lok_sabha,recommended,1204,sanctioned,1192,,exact_multi_field,98.0,HIGH,auto_matched
CW_000603,lok_sabha,recommended,1096,sanctioned,1086,,exact_multi_field,98.0,HIGH,auto_matched
CW_000470,lok_sabha,recommended,629,sanctioned,611,,exact_multi_field,98.0,HIGH,auto_matched
CW_000604,lok_sabha,recommended,624,sanctioned,607,,exact_multi_field,98.0,HIGH,auto_matched
CW_000007,lok_sabha,recommended,516,sanctioned,501,,exact_multi_field,98.0,HIGH,auto_matched
CW_000543,lok_sabha,recommended,961,sanctioned,947,,exact_multi_field,98.0,HIGH,auto_matched
CW_000472,lok_sabha,recommended,965,sanctioned,943,,exact_multi_field,98.0,HIGH,auto_matched
CW_000515,lok_sabha,recommended,960,sanctioned,915,,exact_multi_field,98.0,HIGH,auto_matched
CW_000450,lok_sabha,recommended,619,sanctioned,615,,exact_multi_field,98.0,HIGH,auto_matched
CW_000477,lok_sabha,recommended,948,sanctioned,943,,exact_multi_field,98.0,HIGH,auto_matched
CW_000545,lok_sabha,recommended,951,sanctioned,951,,exact_multi_field,98.0,HIGH,auto_matched
CW_000479,lok_sabha,recommended,928,sanctioned,936,,exact_multi_field,98.0,HIGH,auto_matched
CW_000605,lok_sabha,recommended,608,sanctioned,601,,exact_multi_field,98.0,HIGH,auto_matched
CW_000444,lok_sabha,recommended,931,sanctioned,943,,exact_multi_field,98.0,HIGH,auto_matched
CW_000522,lok_sabha,recommended,940,sanctioned,937,,exact_multi_field,98.0,HIGH,auto_matched
CW_000565,lok_sabha,recommended,935,sanctioned,915,,exact_multi_field,98.0,HIGH,auto_matched
CW_000606,lok_sabha,recommended,1394,sanctioned,1384,,exact_multi_field,98.0,HIGH,auto_matched
CW_000445,lok_sabha,recommended,923,sanctioned,937,,exact_multi_field,98.0,HIGH,auto_matched
CW_000481,lok_sabha,recommended,578,sanctioned,567,,exact_multi_field,98.0,HIGH,auto_matched
CW_000550,lok_sabha,recommended,598,sanctioned,605,,exact_multi_field,98.0,HIGH,auto_matched
CW_000482,lok_sabha,recommended,927,sanctioned,933,,exact_multi_field,98.0,HIGH,auto_matched
CW_000545,lok_sabha,recommended,951,sanctioned,913,,exact_multi_field,98.0,HIGH,auto_matched
CW_000525,lok_sabha,recommended,934,sanctioned,913,,exact_multi_field,98.0,HIGH,auto_matched
CW_000485,lok_sabha,recommended,922,sanctioned,941,,exact_multi_field,98.0,HIGH,auto_matched
CW_000442,lok_sabha,recommended,914,sanctioned,905,,exact_multi_field,98.0,HIGH,auto_matched
CW_000227,lok_sabha,recommended,228,sanctioned,228,,exact_multi_field,98.0,HIGH,auto_matched
CW_000361,lok_sabha,recommended,1119,sanctioned,1109,,exact_multi_field,98.0,HIGH,auto_matched
CW_000549,lok_sabha,recommended,581,sanctioned,566,,exact_multi_field,98.0,HIGH,auto_matched
CW_000023,lok_sabha,recommended,1212,sanctioned,1212,,exact_multi_field,98.0,HIGH,auto_matched
CW_000048,lok_sabha,recommended,1216,sanctioned,1208,,exact_multi_field,98.0,HIGH,auto_matched
CW_000023,lok_sabha,recommended,1208,sanctioned,1202,,exact_multi_field,98.0,HIGH,auto_matched
CW_000449,lok_sabha,recommended,968,sanctioned,935,,exact_multi_field,98.0,HIGH,auto_matched
CW_000607,lok_sabha,recommended,291,sanctioned,288,,exact_multi_field,98.0,HIGH,auto_matched
CW_000454,lok_sabha,recommended,955,sanctioned,931,,exact_multi_field,98.0,HIGH,auto_matched
CW_000558,lok_sabha,recommended,964,sanctioned,925,,exact_multi_field,98.0,HIGH,auto_matched
CW_000456,lok_sabha,recommended,958,sanctioned,939,,exact_multi_field,98.0,HIGH,auto_matched
CW_000608,lok_sabha,recommended,615,sanctioned,589,,exact_multi_field,98.0,HIGH,auto_matched
CW_000459,lok_sabha,recommended,938,sanctioned,931,,exact_multi_field,98.0,HIGH,auto_matched
CW_000453,lok_sabha,recommended,959,sanctioned,933,,exact_multi_field,98.0,HIGH,auto_matched
CW_000609,lok_sabha,recommended,605,sanctioned,592,,exact_multi_field,98.0,HIGH,auto_matched
CW_000455,lok_sabha,recommended,942,sanctioned,933,,exact_multi_field,98.0,HIGH,auto_matched
CW_000494,lok_sabha,recommended,925,sanctioned,957,,exact_multi_field,98.0,HIGH,auto_matched
CW_000466,lok_sabha,recommended,920,sanctioned,929,,exact_multi_field,98.0,HIGH,auto_matched
CW_000497,lok_sabha,recommended,929,sanctioned,929,,exact_multi_field,98.0,HIGH,auto_matched
CW_000460,lok_sabha,recommended,932,sanctioned,937,,exact_multi_field,98.0,HIGH,auto_matched
CW_000497,lok_sabha,recommended,929,sanctioned,959,,exact_multi_field,98.0,HIGH,auto_matched
CW_000289,lok_sabha,recommended,462,sanctioned,454,,exact_multi_field,98.0,HIGH,auto_matched
CW_000462,lok_sabha,recommended,921,sanctioned,923,,exact_multi_field,98.0,HIGH,auto_matched
CW_000028,lok_sabha,recommended,1236,sanctioned,1229,,exact_multi_field,98.0,HIGH,auto_matched
CW_000048,lok_sabha,recommended,1231,sanctioned,1237,,exact_multi_field,98.0,HIGH,auto_matched
CW_000028,lok_sabha,recommended,1247,sanctioned,1205,,exact_multi_field,98.0,HIGH,auto_matched
CW_000004,lok_sabha,recommended,1214,sanctioned,1237,,exact_multi_field,98.0,HIGH,auto_matched
CW_000610,lok_sabha,recommended,319,sanctioned,316,,exact_multi_field,98.0,HIGH,auto_matched
CW_000009,lok_sabha,recommended,1230,sanctioned,1205,,exact_multi_field,98.0,HIGH,auto_matched
CW_000028,lok_sabha,recommended,1247,sanctioned,1235,,exact_multi_field,98.0,HIGH,auto_matched
CW_000005,lok_sabha,recommended,1213,sanctioned,1205,,exact_multi_field,98.0,HIGH,auto_matched
CW_000009,lok_sabha,recommended,1230,sanctioned,1235,,exact_multi_field,98.0,HIGH,auto_matched
CW_000026,lok_sabha,recommended,513,sanctioned,506,,exact_multi_field,98.0,HIGH,auto_matched
CW_000024,lok_sabha,recommended,1219,sanctioned,1221,,exact_multi_field,98.0,HIGH,auto_matched
CW_000005,lok_sabha,recommended,1213,sanctioned,1235,,exact_multi_field,98.0,HIGH,auto_matched
CW_000502,lok_sabha,recommended,630,sanctioned,612,,exact_multi_field,98.0,HIGH,auto_matched
CW_000451,lok_sabha,recommended,962,sanctioned,949,,exact_multi_field,98.0,HIGH,auto_matched
CW_000468,lok_sabha,recommended,966,sanctioned,921,,exact_multi_field,98.0,HIGH,auto_matched
CW_000088,lok_sabha,recommended,512,sanctioned,504,,exact_multi_field,98.0,HIGH,auto_matched
CW_000517,lok_sabha,recommended,969,sanctioned,928,,exact_multi_field,98.0,HIGH,auto_matched
CW_000611,lok_sabha,recommended,160,sanctioned,160,,exact_multi_field,98.0,HIGH,auto_matched
CW_000503,lok_sabha,recommended,957,sanctioned,957,,exact_multi_field,98.0,HIGH,auto_matched
CW_000612,lok_sabha,recommended,722,sanctioned,712,,exact_multi_field,98.0,HIGH,auto_matched
CW_000471,lok_sabha,recommended,949,sanctioned,921,,exact_multi_field,98.0,HIGH,auto_matched
CW_000517,lok_sabha,recommended,969,sanctioned,958,,exact_multi_field,98.0,HIGH,auto_matched
CW_000613,lok_sabha,recommended,490,sanctioned,482,,exact_multi_field,98.0,HIGH,auto_matched
CW_000471,lok_sabha,recommended,949,sanctioned,951,,exact_multi_field,98.0,HIGH,auto_matched
CW_000472,lok_sabha,recommended,965,sanctioned,918,,exact_multi_field,98.0,HIGH,auto_matched
CW_000521,lok_sabha,recommended,952,sanctioned,958,,exact_multi_field,98.0,HIGH,auto_matched
CW_000614,lok_sabha,recommended,1395,sanctioned,1385,,exact_multi_field,98.0,HIGH,auto_matched
CW_000483,lok_sabha,recommended,939,sanctioned,924,,exact_multi_field,98.0,HIGH,auto_matched
CW_000477,lok_sabha,recommended,948,sanctioned,918,,exact_multi_field,98.0,HIGH,auto_matched
CW_000472,lok_sabha,recommended,965,sanctioned,948,,exact_multi_field,98.0,HIGH,auto_matched
CW_000510,lok_sabha,recommended,936,sanctioned,946,,exact_multi_field,98.0,HIGH,auto_matched
CW_000483,lok_sabha,recommended,939,sanctioned,954,,exact_multi_field,98.0,HIGH,auto_matched
CW_000479,lok_sabha,recommended,928,sanctioned,911,,exact_multi_field,98.0,HIGH,auto_matched
CW_000444,lok_sabha,recommended,931,sanctioned,918,,exact_multi_field,98.0,HIGH,auto_matched
CW_000005,lok_sabha,recommended,1238,sanctioned,1225,,exact_multi_field,98.0,HIGH,auto_matched
CW_000384,lok_sabha,recommended,233,sanctioned,231,,exact_multi_field,98.0,HIGH,auto_matched
CW_000036,lok_sabha,recommended,1237,sanctioned,1223,,exact_multi_field,98.0,HIGH,auto_matched
CW_000615,lok_sabha,recommended,880,sanctioned,874,,exact_multi_field,98.0,HIGH,auto_matched
CW_000227,lok_sabha,recommended,225,sanctioned,225,,exact_multi_field,98.0,HIGH,auto_matched
CW_000616,lok_sabha,recommended,750,sanctioned,740,,exact_multi_field,98.0,HIGH,auto_matched
CW_000493,lok_sabha,recommended,956,sanctioned,938,,exact_multi_field,98.0,HIGH,auto_matched
CW_000496,lok_sabha,recommended,946,sanctioned,912,,exact_multi_field,98.0,HIGH,auto_matched
CW_000617,lok_sabha,recommended,1422,sanctioned,1411,,exact_multi_field,98.0,HIGH,auto_matched
CW_000534,lok_sabha,recommended,614,sanctioned,605,,exact_multi_field,98.0,HIGH,auto_matched
CW_000520,lok_sabha,recommended,1190,sanctioned,1180,,exact_multi_field,98.0,HIGH,auto_matched
CW_000521,lok_sabha,recommended,952,sanctioned,928,,exact_multi_field,98.0,HIGH,auto_matched
CW_000496,lok_sabha,recommended,946,sanctioned,942,,exact_multi_field,98.0,HIGH,auto_matched
CW_000571,lok_sabha,recommended,603,sanctioned,592,,exact_multi_field,98.0,HIGH,auto_matched
CW_000575,lok_sabha,recommended,926,sanctioned,934,,exact_multi_field,98.0,HIGH,auto_matched
CW_000576,lok_sabha,recommended,606,sanctioned,599,,exact_multi_field,98.0,HIGH,auto_matched
CW_000565,lok_sabha,recommended,935,sanctioned,928,,exact_multi_field,98.0,HIGH,auto_matched
CW_000618,lok_sabha,recommended,51,sanctioned,51,,exact_multi_field,98.0,HIGH,auto_matched
CW_000565,lok_sabha,recommended,935,sanctioned,958,,exact_multi_field,98.0,HIGH,auto_matched
CW_000619,lok_sabha,recommended,602,sanctioned,589,,exact_multi_field,98.0,HIGH,auto_matched
CW_000463,lok_sabha,recommended,930,sanctioned,936,,exact_multi_field,98.0,HIGH,auto_matched
CW_000494,lok_sabha,recommended,925,sanctioned,932,,exact_multi_field,98.0,HIGH,auto_matched
CW_000243,lok_sabha,recommended,1144,sanctioned,1134,,exact_multi_field,98.0,HIGH,auto_matched
CW_000045,lok_sabha,recommended,1241,sanctioned,1203,,exact_multi_field,98.0,HIGH,auto_matched
CW_000497,lok_sabha,recommended,929,sanctioned,934,,exact_multi_field,98.0,HIGH,auto_matched
CW_000045,lok_sabha,recommended,1241,sanctioned,1233,,exact_multi_field,98.0,HIGH,auto_matched
CW_000060,lok_sabha,recommended,459,sanctioned,451,,exact_multi_field,98.0,HIGH,auto_matched
CW_000045,lok_sabha,recommended,1245,sanctioned,1204,,exact_multi_field,98.0,HIGH,auto_matched
CW_000023,lok_sabha,recommended,1223,sanctioned,1200,,exact_multi_field,98.0,HIGH,auto_matched
CW_000022,lok_sabha,recommended,1240,sanctioned,1230,,exact_multi_field,98.0,HIGH,auto_matched
CW_000620,lok_sabha,recommended,432,sanctioned,425,,exact_multi_field,98.0,HIGH,auto_matched
CW_000621,lok_sabha,recommended,1450,sanctioned,1439,,exact_multi_field,98.0,HIGH,auto_matched
CW_000501,lok_sabha,recommended,963,sanctioned,926,,exact_multi_field,98.0,HIGH,auto_matched
CW_000622,lok_sabha,recommended,518,sanctioned,509,,exact_multi_field,98.0,HIGH,auto_matched
CW_000022,lok_sabha,recommended,1215,sanctioned,1230,,exact_multi_field,98.0,HIGH,auto_matched
CW_000501,lok_sabha,recommended,963,sanctioned,956,,exact_multi_field,98.0,HIGH,auto_matched
CW_000023,lok_sabha,recommended,1210,sanctioned,1202,,exact_multi_field,98.0,HIGH,auto_matched
CW_000528,lok_sabha,recommended,967,sanctioned,952,,exact_multi_field,98.0,HIGH,auto_matched
CW_000507,lok_sabha,recommended,953,sanctioned,930,,exact_multi_field,98.0,HIGH,auto_matched
CW_000375,lok_sabha,recommended,970,sanctioned,960,,exact_multi_field,98.0,HIGH,auto_matched
CW_000531,lok_sabha,recommended,627,sanctioned,609,,exact_multi_field,98.0,HIGH,auto_matched
CW_000533,lok_sabha,recommended,933,sanctioned,922,,exact_multi_field,98.0,HIGH,auto_matched
CW_000529,lok_sabha,recommended,950,sanctioned,952,,exact_multi_field,98.0,HIGH,auto_matched
CW_000502,lok_sabha,recommended,630,sanctioned,617,,exact_multi_field,98.0,HIGH,auto_matched
CW_000057,lok_sabha,recommended,517,sanctioned,507,,exact_multi_field,98.0,HIGH,auto_matched
CW_000533,lok_sabha,recommended,933,sanctioned,952,,exact_multi_field,98.0,HIGH,auto_matched
CW_000291,lok_sabha,recommended,1172,sanctioned,1162,,exact_multi_field,98.0,HIGH,auto_matched
CW_000504,lok_sabha,recommended,617,sanctioned,613,,exact_multi_field,98.0,HIGH,auto_matched
CW_000506,lok_sabha,recommended,937,sanctioned,924,,exact_multi_field,98.0,HIGH,auto_matched
CW_000460,lok_sabha,recommended,932,sanctioned,920,,exact_multi_field,98.0,HIGH,auto_matched
CW_000506,lok_sabha,recommended,937,sanctioned,954,,exact_multi_field,98.0,HIGH,auto_matched
CW_000623,lok_sabha,recommended,487,sanctioned,479,,exact_multi_field,98.0,HIGH,auto_matched
CW_000510,lok_sabha,recommended,936,sanctioned,921,,exact_multi_field,98.0,HIGH,auto_matched
CW_000482,lok_sabha,recommended,927,sanctioned,957,,exact_multi_field,98.0,HIGH,auto_matched
CW_000373,lok_sabha,recommended,1268,sanctioned,1258,,exact_multi_field,98.0,HIGH,auto_matched
CW_000510,lok_sabha,recommended,936,sanctioned,951,,exact_multi_field,98.0,HIGH,auto_matched
CW_000048,lok_sabha,recommended,1231,sanctioned,1220,,exact_multi_field,98.0,HIGH,auto_matched
CW_000624,lok_sabha,recommended,793,sanctioned,783,,exact_multi_field,98.0,HIGH,auto_matched
CW_000024,lok_sabha,recommended,1242,sanctioned,1196,,exact_multi_field,98.0,HIGH,auto_matched
CW_000024,lok_sabha,recommended,1242,sanctioned,1226,,exact_multi_field,98.0,HIGH,auto_matched
CW_000050,lok_sabha,recommended,511,sanctioned,505,,exact_multi_field,98.0,HIGH,auto_matched
CW_000174,lok_sabha,recommended,1200,sanctioned,1190,,exact_multi_field,98.0,HIGH,auto_matched
CW_000625,lok_sabha,recommended,628,sanctioned,611,,exact_multi_field,98.0,HIGH,auto_matched
CW_000026,lok_sabha,recommended,515,sanctioned,501,,exact_multi_field,98.0,HIGH,auto_matched
CW_000558,lok_sabha,recommended,964,sanctioned,919,,exact_multi_field,98.0,HIGH,auto_matched
CW_000626,lok_sabha,recommended,158,sanctioned,158,,exact_multi_field,98.0,HIGH,auto_matched
CW_000543,lok_sabha,recommended,961,sanctioned,941,,exact_multi_field,98.0,HIGH,auto_matched
CW_000454,lok_sabha,recommended,955,sanctioned,955,,exact_multi_field,98.0,HIGH,auto_matched
CW_000558,lok_sabha,recommended,964,sanctioned,949,,exact_multi_field,98.0,HIGH,auto_matched
CW_000493,lok_sabha,recommended,956,sanctioned,913,,exact_multi_field,98.0,HIGH,auto_matched
CW_000591,lok_sabha,recommended,607,sanctioned,601,,exact_multi_field,98.0,HIGH,auto_matched
CW_000544,lok_sabha,recommended,944,sanctioned,941,,exact_multi_field,98.0,HIGH,auto_matched
CW_000627,lok_sabha,recommended,1296,sanctioned,1286,,exact_multi_field,98.0,HIGH,auto_matched
CW_000559,lok_sabha,recommended,947,sanctioned,949,,exact_multi_field,98.0,HIGH,auto_matched
CW_000545,lok_sabha,recommended,951,sanctioned,945,,exact_multi_field,98.0,HIGH,auto_matched
CW_000515,lok_sabha,recommended,960,sanctioned,939,,exact_multi_field,98.0,HIGH,auto_matched
CW_000518,lok_sabha,recommended,611,sanctioned,603,,exact_multi_field,98.0,HIGH,auto_matched
CW_000522,lok_sabha,recommended,940,sanctioned,931,,exact_multi_field,98.0,HIGH,auto_matched
CW_000525,lok_sabha,recommended,934,sanctioned,945,,exact_multi_field,98.0,HIGH,auto_matched
CW_000519,lok_sabha,recommended,943,sanctioned,939,,exact_multi_field,98.0,HIGH,auto_matched
CW_000628,lok_sabha,recommended,816,sanctioned,807,,exact_multi_field,98.0,HIGH,auto_matched
CW_000445,lok_sabha,recommended,923,sanctioned,931,,exact_multi_field,98.0,HIGH,auto_matched
CW_000575,lok_sabha,recommended,926,sanctioned,939,,exact_multi_field,98.0,HIGH,auto_matched
CW_000312,lok_sabha,recommended,460,sanctioned,452,,exact_multi_field,98.0,HIGH,auto_matched
CW_000629,lok_sabha,recommended,573,sanctioned,563,,exact_multi_field,98.0,HIGH,auto_matched
CW_000630,lok_sabha,recommended,576,sanctioned,570,,exact_multi_field,98.0,HIGH,auto_matched
CW_000018,lok_sabha,recommended,1229,sanctioned,1206,,exact_multi_field,98.0,HIGH,auto_matched
CW_000631,lok_sabha,recommended,317,sanctioned,314,,exact_multi_field,98.0,HIGH,auto_matched
CW_000448,lok_sabha,recommended,632,sanctioned,621,,exact_multi_field,98.0,HIGH,auto_matched
CW_000632,lok_sabha,recommended,429,sanctioned,422,,exact_multi_field,98.0,HIGH,auto_matched
CW_000449,lok_sabha,recommended,968,sanctioned,929,,exact_multi_field,98.0,HIGH,auto_matched
CW_000449,lok_sabha,recommended,968,sanctioned,959,,exact_multi_field,98.0,HIGH,auto_matched
CW_000505,lok_sabha,recommended,954,sanctioned,937,,exact_multi_field,98.0,HIGH,auto_matched
CW_000456,lok_sabha,recommended,958,sanctioned,933,,exact_multi_field,98.0,HIGH,auto_matched
CW_000633,lok_sabha,recommended,1420,sanctioned,1409,,exact_multi_field,98.0,HIGH,auto_matched
CW_000528,lok_sabha,recommended,967,sanctioned,927,,exact_multi_field,98.0,HIGH,auto_matched
CW_000559,lok_sabha,recommended,947,sanctioned,919,,exact_multi_field,98.0,HIGH,auto_matched
CW_000461,lok_sabha,recommended,941,sanctioned,933,,exact_multi_field,98.0,HIGH,auto_matched
CW_000529,lok_sabha,recommended,950,sanctioned,927,,exact_multi_field,98.0,HIGH,auto_matched
CW_000634,lok_sabha,recommended,601,sanctioned,590,,exact_multi_field,98.0,HIGH,auto_matched
CW_000530,lok_sabha,recommended,618,sanctioned,620,,exact_multi_field,98.0,HIGH,auto_matched
CW_000459,lok_sabha,recommended,938,sanctioned,955,,exact_multi_field,98.0,HIGH,auto_matched
CW_000635,lok_sabha,recommended,488,sanctioned,480,,exact_multi_field,98.0,HIGH,auto_matched
CW_000463,lok_sabha,recommended,930,sanctioned,919,,exact_multi_field,98.0,HIGH,auto_matched
CW_000464,lok_sabha,recommended,924,sanctioned,933,,exact_multi_field,98.0,HIGH,auto_matched
CW_000533,lok_sabha,recommended,933,sanctioned,927,,exact_multi_field,98.0,HIGH,auto_matched
CW_000462,lok_sabha,recommended,921,sanctioned,955,,exact_multi_field,98.0,HIGH,auto_matched
CW_000463,lok_sabha,recommended,930,sanctioned,949,,exact_multi_field,98.0,HIGH,auto_matched
CW_000466,lok_sabha,recommended,920,sanctioned,923,,exact_multi_field,98.0,HIGH,auto_matched
CW_000636,lok_sabha,recommended,1479,sanctioned,1468,,exact_multi_field,98.0,HIGH,auto_matched
CW_000466,lok_sabha,recommended,920,sanctioned,953,,exact_multi_field,98.0,HIGH,auto_matched
CW_000028,lok_sabha,recommended,1236,sanctioned,1223,,exact_multi_field,98.0,HIGH,auto_matched
CW_000009,lok_sabha,recommended,1239,sanctioned,1231,,exact_multi_field,98.0,HIGH,auto_matched
CW_000024,lok_sabha,recommended,1219,sanctioned,1223,,exact_multi_field,98.0,HIGH,auto_matched
CW_000034,lok_sabha,recommended,1235,sanctioned,1221,,exact_multi_field,98.0,HIGH,auto_matched
CW_000023,lok_sabha,recommended,1221,sanctioned,1199,,exact_multi_field,98.0,HIGH,auto_matched
CW_000036,lok_sabha,recommended,1201,sanctioned,1191,,exact_multi_field,98.0,HIGH,auto_matched
CW_000009,lok_sabha,recommended,1218,sanctioned,1221,,exact_multi_field,98.0,HIGH,auto_matched
CW_000165,lok_sabha,recommended,1448,sanctioned,1437,,exact_multi_field,98.0,HIGH,auto_matched
CW_000637,lok_sabha,recommended,201,sanctioned,201,,exact_multi_field,98.0,HIGH,auto_matched
CW_000470,lok_sabha,recommended,629,sanctioned,618,,exact_multi_field,98.0,HIGH,auto_matched
CW_000007,lok_sabha,recommended,516,sanctioned,508,,exact_multi_field,98.0,HIGH,auto_matched
CW_000638,lok_sabha,recommended,77,sanctioned,77,,exact_multi_field,98.0,HIGH,auto_matched
CW_000472,lok_sabha,recommended,965,sanctioned,950,,exact_multi_field,98.0,HIGH,auto_matched
CW_000503,lok_sabha,recommended,957,sanctioned,915,,exact_multi_field,98.0,HIGH,auto_matched
CW_000476,lok_sabha,recommended,945,sanctioned,943,,exact_multi_field,98.0,HIGH,auto_matched
CW_000639,lok_sabha,recommended,625,sanctioned,608,,exact_multi_field,98.0,HIGH,auto_matched
CW_000450,lok_sabha,recommended,619,sanctioned,622,,exact_multi_field,98.0,HIGH,auto_matched
CW_000477,lok_sabha,recommended,948,sanctioned,950,,exact_multi_field,98.0,HIGH,auto_matched
CW_000517,lok_sabha,recommended,969,sanctioned,922,,exact_multi_field,98.0,HIGH,auto_matched
CW_000026,lok_sabha,recommended,515,sanctioned,506,,exact_multi_field,98.0,HIGH,auto_matched
CW_000479,lok_sabha,recommended,928,sanctioned,943,,exact_multi_field,98.0,HIGH,auto_matched
CW_000521,lok_sabha,recommended,952,sanctioned,922,,exact_multi_field,98.0,HIGH,auto_matched
CW_000517,lok_sabha,recommended,969,sanctioned,952,,exact_multi_field,98.0,HIGH,auto_matched
CW_000522,lok_sabha,recommended,940,sanctioned,944,,exact_multi_field,98.0,HIGH,auto_matched
CW_000543,lok_sabha,recommended,961,sanctioned,916,,exact_multi_field,98.0,HIGH,auto_matched
CW_000480,lok_sabha,recommended,612,sanctioned,604,,exact_multi_field,98.0,HIGH,auto_matched
CW_000565,lok_sabha,recommended,935,sanctioned,922,,exact_multi_field,98.0,HIGH,auto_matched
CW_000521,lok_sabha,recommended,952,sanctioned,952,,exact_multi_field,98.0,HIGH,auto_matched
CW_000544,lok_sabha,recommended,944,sanctioned,916,,exact_multi_field,98.0,HIGH,auto_matched
CW_000477,lok_sabha,recommended,948,sanctioned,912,,exact_multi_field,98.0,HIGH,auto_matched
CW_000565,lok_sabha,recommended,935,sanctioned,952,,exact_multi_field,98.0,HIGH,auto_matched
CW_000640,lok_sabha,recommended,485,sanctioned,477,,exact_multi_field,98.0,HIGH,auto_matched
CW_000545,lok_sabha,recommended,951,sanctioned,920,,exact_multi_field,98.0,HIGH,auto_matched
CW_000483,lok_sabha,recommended,939,sanctioned,948,,exact_multi_field,98.0,HIGH,auto_matched
CW_000444,lok_sabha,recommended,931,sanctioned,912,,exact_multi_field,98.0,HIGH,auto_matched
CW_000525,lok_sabha,recommended,934,sanctioned,920,,exact_multi_field,98.0,HIGH,auto_matched
CW_000485,lok_sabha,recommended,922,sanctioned,948,,exact_multi_field,98.0,HIGH,auto_matched
CW_000048,lok_sabha,recommended,1246,sanctioned,1219,,exact_multi_field,98.0,HIGH,auto_matched
CW_000444,lok_sabha,recommended,931,sanctioned,942,,exact_multi_field,98.0,HIGH,auto_matched
CW_000018,lok_sabha,recommended,1229,sanctioned,1219,,exact_multi_field,98.0,HIGH,auto_matched
CW_000283,lok_sabha,recommended,1476,sanctioned,1465,,exact_multi_field,98.0,HIGH,auto_matched
CW_000641,lok_sabha,recommended,776,sanctioned,766,,exact_multi_field,98.0,HIGH,auto_matched
CW_000024,lok_sabha,recommended,1242,sanctioned,1209,,exact_multi_field,98.0,HIGH,auto_matched
CW_000227,lok_sabha,recommended,229,sanctioned,229,,exact_multi_field,98.0,HIGH,auto_matched
CW_000255,lok_sabha,recommended,1325,sanctioned,1315,,exact_multi_field,98.0,HIGH,auto_matched
CW_000454,lok_sabha,recommended,955,sanctioned,938,,exact_multi_field,98.0,HIGH,auto_matched
CW_000608,lok_sabha,recommended,615,sanctioned,596,,exact_multi_field,98.0,HIGH,auto_matched
CW_000057,lok_sabha,recommended,517,sanctioned,501,,exact_multi_field,98.0,HIGH,auto_matched
CW_000453,lok_sabha,recommended,959,sanctioned,940,,exact_multi_field,98.0,HIGH,auto_matched
CW_000582,lok_sabha,recommended,610,sanctioned,603,,exact_multi_field,98.0,HIGH,auto_matched
CW_000449,lok_sabha,recommended,968,sanctioned,934,,exact_multi_field,98.0,HIGH,auto_matched
CW_000642,lok_sabha,recommended,55,sanctioned,55,,exact_multi_field,98.0,HIGH,auto_matched
CW_000455,lok_sabha,recommended,942,sanctioned,940,,exact_multi_field,98.0,HIGH,auto_matched
CW_000460,lok_sabha,recommended,932,sanctioned,914,,exact_multi_field,98.0,HIGH,auto_matched
CW_000576,lok_sabha,recommended,606,sanctioned,593,,exact_multi_field,98.0,HIGH,auto_matched
CW_000497,lok_sabha,recommended,929,sanctioned,936,,exact_multi_field,98.0,HIGH,auto_matched
CW_000457,lok_sabha,recommended,609,sanctioned,601,,exact_multi_field,98.0,HIGH,auto_matched
CW_000459,lok_sabha,recommended,938,sanctioned,930,,exact_multi_field,98.0,HIGH,auto_matched
CW_000460,lok_sabha,recommended,932,sanctioned,944,,exact_multi_field,98.0,HIGH,auto_matched
CW_000064,lok_sabha,recommended,1148,sanctioned,1138,,exact_multi_field,98.0,HIGH,auto_matched
CW_000462,lok_sabha,recommended,921,sanctioned,930,,exact_multi_field,98.0,HIGH,auto_matched
CW_000536,lok_sabha,recommended,579,sanctioned,567,,exact_multi_field,98.0,HIGH,auto_matched
CW_000609,lok_sabha,recommended,605,sanctioned,591,,exact_multi_field,98.0,HIGH,auto_matched
CW_000643,lok_sabha,recommended,571,sanctioned,561,,exact_multi_field,98.0,HIGH,auto_matched
CW_000063,lok_sabha,recommended,1244,sanctioned,1234,,exact_multi_field,98.0,HIGH,auto_matched
CW_000644,lok_sabha,recommended,1454,sanctioned,1443,,exact_multi_field,98.0,HIGH,auto_matched
CW_000028,lok_sabha,recommended,1236,sanctioned,1228,,exact_multi_field,98.0,HIGH,auto_matched
CW_000502,lok_sabha,recommended,630,sanctioned,619,,exact_multi_field,98.0,HIGH,auto_matched
CW_000023,lok_sabha,recommended,1209,sanctioned,1202,,exact_multi_field,98.0,HIGH,auto_matched
CW_000022,lok_sabha,recommended,1206,sanctioned,1224,,exact_multi_field,98.0,HIGH,auto_matched
CW_000039,lok_sabha,recommended,974,sanctioned,964,,exact_multi_field,98.0,HIGH,auto_matched
CW_000645,lok_sabha,recommended,1198,sanctioned,1188,,exact_multi_field,98.0,HIGH,auto_matched
CW_000468,lok_sabha,recommended,966,sanctioned,928,,exact_multi_field,98.0,HIGH,auto_matched
CW_000471,lok_sabha,recommended,949,sanctioned,928,,exact_multi_field,98.0,HIGH,auto_matched
CW_000468,lok_sabha,recommended,966,sanctioned,958,,exact_multi_field,98.0,HIGH,auto_matched
CW_000471,lok_sabha,recommended,949,sanctioned,958,,exact_multi_field,98.0,HIGH,auto_matched
CW_000472,lok_sabha,recommended,965,sanctioned,925,,exact_multi_field,98.0,HIGH,auto_matched
CW_000591,lok_sabha,recommended,607,sanctioned,595,,exact_multi_field,98.0,HIGH,auto_matched
CW_000507,lok_sabha,recommended,953,sanctioned,954,,exact_multi_field,98.0,HIGH,auto_matched
CW_000476,lok_sabha,recommended,945,sanctioned,918,,exact_multi_field,98.0,HIGH,auto_matched
CW_000477,lok_sabha,recommended,948,sanctioned,925,,exact_multi_field,98.0,HIGH,auto_matched
CW_000510,lok_sabha,recommended,936,sanctioned,953,,exact_multi_field,98.0,HIGH,auto_matched
CW_000547,lok_sabha,recommended,599,sanctioned,589,,exact_multi_field,98.0,HIGH,auto_matched
CW_000479,lok_sabha,recommended,928,sanctioned,918,,exact_multi_field,98.0,HIGH,auto_matched
CW_000476,lok_sabha,recommended,945,sanctioned,948,,exact_multi_field,98.0,HIGH,auto_matched
CW_000646,lok_sabha,recommended,1272,sanctioned,1262,,exact_multi_field,98.0,HIGH,auto_matched
CW_000647,lok_sabha,recommended,575,sanctioned,571,,exact_multi_field,98.0,HIGH,auto_matched
CW_000483,lok_sabha,recommended,939,sanctioned,923,,exact_multi_field,98.0,HIGH,auto_matched
CW_000648,lok_sabha,recommended,695,sanctioned,685,,exact_multi_field,98.0,HIGH,auto_matched
CW_000326,lok_sabha,recommended,1024,sanctioned,1014,,exact_multi_field,98.0,HIGH,auto_matched
CW_000485,lok_sabha,recommended,922,sanctioned,923,,exact_multi_field,98.0,HIGH,auto_matched
CW_000022,lok_sabha,recommended,1234,sanctioned,1222,,exact_multi_field,98.0,HIGH,auto_matched
CW_000036,lok_sabha,recommended,1237,sanctioned,1230,,exact_multi_field,98.0,HIGH,auto_matched
CW_000028,lok_sabha,recommended,1217,sanctioned,1222,,exact_multi_field,98.0,HIGH,auto_matched
CW_000174,lok_sabha,recommended,1226,sanctioned,1216,,exact_multi_field,98.0,HIGH,auto_matched
CW_000615,lok_sabha,recommended,880,sanctioned,873,,exact_multi_field,98.0,HIGH,auto_matched
CW_000120,lok_sabha,recommended,1322,sanctioned,1312,,exact_multi_field,98.0,HIGH,auto_matched
CW_000380,lok_sabha,recommended,1203,sanctioned,1191,,exact_multi_field,98.0,HIGH,auto_matched
CW_000517,lok_sabha,recommended,969,sanctioned,935,,exact_multi_field,98.0,HIGH,auto_matched
CW_000454,lok_sabha,recommended,955,sanctioned,913,,exact_multi_field,98.0,HIGH,auto_matched
CW_000649,lok_sabha,recommended,1300,sanctioned,1290,,exact_multi_field,98.0,HIGH,auto_matched
CW_000519,lok_sabha,recommended,943,sanctioned,941,,exact_multi_field,98.0,HIGH,auto_matched
CW_000521,lok_sabha,recommended,952,sanctioned,935,,exact_multi_field,98.0,HIGH,auto_matched
CW_000571,lok_sabha,recommended,603,sanctioned,599,,exact_multi_field,98.0,HIGH,auto_matched
CW_000558,lok_sabha,recommended,964,sanctioned,943,,exact_multi_field,98.0,HIGH,auto_matched
CW_000565,lok_sabha,recommended,935,sanctioned,935,,exact_multi_field,98.0,HIGH,auto_matched
CW_000453,lok_sabha,recommended,959,sanctioned,915,,exact_multi_field,98.0,HIGH,auto_matched
CW_000559,lok_sabha,recommended,947,sanctioned,943,,exact_multi_field,98.0,HIGH,auto_matched
CW_000416,lok_sabha,recommended,820,sanctioned,811,,exact_multi_field,98.0,HIGH,auto_matched
CW_000619,lok_sabha,recommended,602,sanctioned,596,,exact_multi_field,98.0,HIGH,auto_matched
CW_000463,lok_sabha,recommended,930,sanctioned,943,,exact_multi_field,98.0,HIGH,auto_matched
CW_000277,lok_sabha,recommended,1396,sanctioned,1386,,exact_multi_field,98.0,HIGH,auto_matched
CW_000494,lok_sabha,recommended,925,sanctioned,939,,exact_multi_field,98.0,HIGH,auto_matched
CW_000496,lok_sabha,recommended,946,sanctioned,911,,exact_multi_field,98.0,HIGH,auto_matched
CW_000466,lok_sabha,recommended,920,sanctioned,917,,exact_multi_field,98.0,HIGH,auto_matched
CW_000497,lok_sabha,recommended,929,sanctioned,911,,exact_multi_field,98.0,HIGH,auto_matched
CW_000496,lok_sabha,recommended,946,sanctioned,941,,exact_multi_field,98.0,HIGH,auto_matched
CW_000650,lok_sabha,recommended,572,sanctioned,562,,exact_multi_field,98.0,HIGH,auto_matched
CW_000593,lok_sabha,recommended,577,sanctioned,567,,exact_multi_field,98.0,HIGH,auto_matched
CW_000575,lok_sabha,recommended,926,sanctioned,933,,exact_multi_field,98.0,HIGH,auto_matched
CW_000466,lok_sabha,recommended,920,sanctioned,947,,exact_multi_field,98.0,HIGH,auto_matched
CW_000497,lok_sabha,recommended,929,sanctioned,941,,exact_multi_field,98.0,HIGH,auto_matched
CW_000017,lok_sabha,recommended,1233,sanctioned,1204,,exact_multi_field,98.0,HIGH,auto_matched
CW_000022,lok_sabha,recommended,1240,sanctioned,1207,,exact_multi_field,98.0,HIGH,auto_matched
CW_000003,lok_sabha,recommended,332,sanctioned,326,,exact_multi_field,98.0,HIGH,auto_matched
CW_000022,lok_sabha,recommended,1240,sanctioned,1237,,exact_multi_field,98.0,HIGH,auto_matched
CW_000063,lok_sabha,recommended,1244,sanctioned,1209,,exact_multi_field,98.0,HIGH,auto_matched
CW_000028,lok_sabha,recommended,1232,sanctioned,1237,,exact_multi_field,98.0,HIGH,auto_matched
CW_000651,lok_sabha,recommended,541,sanctioned,532,,exact_multi_field,98.0,HIGH,auto_matched
CW_000022,lok_sabha,recommended,1215,sanctioned,1237,,exact_multi_field,98.0,HIGH,auto_matched
CW_000652,lok_sabha,recommended,870,sanctioned,861,,exact_multi_field,98.0,HIGH,auto_matched
CW_000528,lok_sabha,recommended,967,sanctioned,959,,exact_multi_field,98.0,HIGH,auto_matched
CW_000531,lok_sabha,recommended,627,sanctioned,616,,exact_multi_field,98.0,HIGH,auto_matched
CW_000529,lok_sabha,recommended,950,sanctioned,959,,exact_multi_field,98.0,HIGH,auto_matched
CW_000277,lok_sabha,recommended,1424,sanctioned,1413,,exact_multi_field,98.0,HIGH,auto_matched
CW_000533,lok_sabha,recommended,933,sanctioned,959,,exact_multi_field,98.0,HIGH,auto_matched
CW_000505,lok_sabha,recommended,954,sanctioned,931,,exact_multi_field,98.0,HIGH,auto_matched
CW_000503,lok_sabha,recommended,957,sanctioned,939,,exact_multi_field,98.0,HIGH,auto_matched
CW_000504,lok_sabha,recommended,617,sanctioned,620,,exact_multi_field,98.0,HIGH,auto_matched
CW_000506,lok_sabha,recommended,937,sanctioned,931,,exact_multi_field,98.0,HIGH,auto_matched
CW_000507,lok_sabha,recommended,953,sanctioned,929,,exact_multi_field,98.0,HIGH,auto_matched
CW_000599,lok_sabha,recommended,604,sanctioned,592,,exact_multi_field,98.0,HIGH,auto_matched
CW_000508,lok_sabha,recommended,621,sanctioned,622,,exact_multi_field,98.0,HIGH,auto_matched
CW_000533,lok_sabha,recommended,933,sanctioned,921,,exact_multi_field,98.0,HIGH,auto_matched
CW_000510,lok_sabha,recommended,936,sanctioned,928,,exact_multi_field,98.0,HIGH,auto_matched
CW_000464,lok_sabha,recommended,924,sanctioned,957,,exact_multi_field,98.0,HIGH,auto_matched
CW_000510,lok_sabha,recommended,936,sanctioned,958,,exact_multi_field,98.0,HIGH,auto_matched
CW_000069,lok_sabha,recommended,7,sanctioned,7,,exact_multi_field,98.0,HIGH,auto_matched
CW_000024,lok_sabha,recommended,1242,sanctioned,1203,,exact_multi_field,98.0,HIGH,auto_matched
CW_000130,lok_sabha,recommended,1474,sanctioned,1463,,exact_multi_field,98.0,HIGH,auto_matched
CW_000009,lok_sabha,recommended,1239,sanctioned,1225,,exact_multi_field,98.0,HIGH,auto_matched
CW_000024,lok_sabha,recommended,1242,sanctioned,1233,,exact_multi_field,98.0,HIGH,auto_matched
CW_000653,lok_sabha,recommended,347,sanctioned,341,,exact_multi_field,98.0,HIGH,auto_matched
CW_000654,lok_sabha,recommended,103,sanctioned,103,,exact_multi_field,98.0,HIGH,auto_matched
CW_000048,lok_sabha,recommended,1231,sanctioned,1219,,exact_multi_field,98.0,HIGH,auto_matched
CW_000004,lok_sabha,recommended,1214,sanctioned,1219,,exact_multi_field,98.0,HIGH,auto_matched
CW_000026,lok_sabha,recommended,515,sanctioned,508,,exact_multi_field,98.0,HIGH,auto_matched
CW_000018,lok_sabha,recommended,1204,sanctioned,1193,,exact_multi_field,98.0,HIGH,auto_matched
CW_000469,lok_sabha,recommended,1193,sanctioned,1179,,exact_multi_field,98.0,HIGH,auto_matched
CW_000470,lok_sabha,recommended,629,sanctioned,612,,exact_multi_field,98.0,HIGH,auto_matched
CW_000604,lok_sabha,recommended,624,sanctioned,608,,exact_multi_field,98.0,HIGH,auto_matched
CW_000543,lok_sabha,recommended,961,sanctioned,948,,exact_multi_field,98.0,HIGH,auto_matched
CW_000117,lok_sabha,recommended,519,sanctioned,510,,exact_multi_field,98.0,HIGH,auto_matched
CW_000558,lok_sabha,recommended,964,sanctioned,956,,exact_multi_field,98.0,HIGH,auto_matched
CW_000544,lok_sabha,recommended,944,sanctioned,948,,exact_multi_field,98.0,HIGH,auto_matched
CW_000515,lok_sabha,recommended,960,sanctioned,916,,exact_multi_field,98.0,HIGH,auto_matched
CW_000450,lok_sabha,recommended,619,sanctioned,616,,exact_multi_field,98.0,HIGH,auto_matched
CW_000625,lok_sabha,recommended,628,sanctioned,610,,exact_multi_field,98.0,HIGH,auto_matched
CW_000452,lok_sabha,recommended,631,sanctioned,617,,exact_multi_field,98.0,HIGH,auto_matched
CW_000545,lok_sabha,recommended,951,sanctioned,952,,exact_multi_field,98.0,HIGH,auto_matched
CW_000519,lok_sabha,recommended,943,sanctioned,916,,exact_multi_field,98.0,HIGH,auto_matched
CW_000515,lok_sabha,recommended,960,sanctioned,946,,exact_multi_field,98.0,HIGH,auto_matched
CW_000655,lok_sabha,recommended,35,sanctioned,35,,exact_multi_field,98.0,HIGH,auto_matched
CW_000605,lok_sabha,recommended,608,sanctioned,602,,exact_multi_field,98.0,HIGH,auto_matched
CW_000522,lok_sabha,recommended,940,sanctioned,938,,exact_multi_field,98.0,HIGH,auto_matched
CW_000525,lok_sabha,recommended,934,sanctioned,952,,exact_multi_field,98.0,HIGH,auto_matched
CW_000519,lok_sabha,recommended,943,sanctioned,946,,exact_multi_field,98.0,HIGH,auto_matched
CW_000445,lok_sabha,recommended,923,sanctioned,938,,exact_multi_field,98.0,HIGH,auto_matched
CW_000575,lok_sabha,recommended,926,sanctioned,946,,exact_multi_field,98.0,HIGH,auto_matched
CW_000283,lok_sabha,recommended,1270,sanctioned,1260,,exact_multi_field,98.0,HIGH,auto_matched
CW_000565,lok_sabha,recommended,935,sanctioned,946,,exact_multi_field,98.0,HIGH,auto_matched
CW_000656,lok_sabha,recommended,817,sanctioned,808,,exact_multi_field,98.0,HIGH,auto_matched
CW_000231,lok_sabha,recommended,131,sanctioned,131,,exact_multi_field,98.0,HIGH,auto_matched
CW_000525,lok_sabha,recommended,934,sanctioned,914,,exact_multi_field,98.0,HIGH,auto_matched
CW_000286,lok_sabha,recommended,1022,sanctioned,1012,,exact_multi_field,98.0,HIGH,auto_matched
CW_000005,lok_sabha,recommended,1238,sanctioned,1207,,exact_multi_field,98.0,HIGH,auto_matched
CW_000023,lok_sabha,recommended,1212,sanctioned,1213,,exact_multi_field,98.0,HIGH,auto_matched
CW_000449,lok_sabha,recommended,968,sanctioned,936,,exact_multi_field,98.0,HIGH,auto_matched
CW_000153,lok_sabha,recommended,1320,sanctioned,1310,,exact_multi_field,98.0,HIGH,auto_matched
CW_000657,lok_sabha,recommended,643,sanctioned,633,,exact_multi_field,98.0,HIGH,auto_matched
CW_000658,lok_sabha,recommended,1283,sanctioned,1273,,exact_multi_field,98.0,HIGH,auto_matched
CW_000456,lok_sabha,recommended,958,sanctioned,940,,exact_multi_field,98.0,HIGH,auto_matched
CW_000528,lok_sabha,recommended,967,sanctioned,934,,exact_multi_field,98.0,HIGH,auto_matched
CW_000608,lok_sabha,recommended,615,sanctioned,590,,exact_multi_field,98.0,HIGH,auto_matched
CW_000461,lok_sabha,recommended,941,sanctioned,940,,exact_multi_field,98.0,HIGH,auto_matched
CW_000529,lok_sabha,recommended,950,sanctioned,934,,exact_multi_field,98.0,HIGH,auto_matched
CW_000659,lok_sabha,recommended,845,sanctioned,836,,exact_multi_field,98.0,HIGH,auto_matched
CW_000262,lok_sabha,recommended,1174,sanctioned,1164,,exact_multi_field,98.0,HIGH,auto_matched
CW_000609,lok_sabha,recommended,605,sanctioned,593,,exact_multi_field,98.0,HIGH,auto_matched
CW_000533,lok_sabha,recommended,933,sanctioned,934,,exact_multi_field,98.0,HIGH,auto_matched
CW_000087,lok_sabha,recommended,1050,sanctioned,1040,,exact_multi_field,98.0,HIGH,auto_matched
CW_000455,lok_sabha,recommended,942,sanctioned,934,,exact_multi_field,98.0,HIGH,auto_matched
CW_000365,lok_sabha,recommended,597,sanctioned,587,,exact_multi_field,98.0,HIGH,auto_matched
CW_000660,lok_sabha,recommended,50,sanctioned,50,,exact_multi_field,98.0,HIGH,auto_matched
CW_000466,lok_sabha,recommended,920,sanctioned,930,,exact_multi_field,98.0,HIGH,auto_matched
CW_000661,lok_sabha,recommended,365,sanctioned,357,,exact_multi_field,98.0,HIGH,auto_matched
CW_000460,lok_sabha,recommended,932,sanctioned,938,,exact_multi_field,98.0,HIGH,auto_matched
CW_000647,lok_sabha,recommended,575,sanctioned,565,,exact_multi_field,98.0,HIGH,auto_matched
CW_000634,lok_sabha,recommended,601,sanctioned,589,,exact_multi_field,98.0,HIGH,auto_matched
CW_000023,lok_sabha,recommended,1248,sanctioned,1202,,exact_multi_field,98.0,HIGH,auto_matched
CW_000662,lok_sabha,recommended,244,sanctioned,241,,exact_multi_field,98.0,HIGH,auto_matched
CW_000464,lok_sabha,recommended,924,sanctioned,932,,exact_multi_field,98.0,HIGH,auto_matched
CW_000028,lok_sabha,recommended,1236,sanctioned,1230,,exact_multi_field,98.0,HIGH,auto_matched
CW_000482,lok_sabha,recommended,927,sanctioned,939,,exact_multi_field,98.0,HIGH,auto_matched
CW_000024,lok_sabha,recommended,1219,sanctioned,1230,,exact_multi_field,98.0,HIGH,auto_matched
CW_000046,lok_sabha,recommended,1348,sanctioned,1338,,exact_multi_field,98.0,HIGH,auto_matched
CW_000034,lok_sabha,recommended,1235,sanctioned,1228,,exact_multi_field,98.0,HIGH,auto_matched
CW_000403,lok_sabha,recommended,671,sanctioned,661,,exact_multi_field,98.0,HIGH,auto_matched
CW_000083,lok_sabha,recommended,1000,sanctioned,990,,exact_multi_field,98.0,HIGH,auto_matched
CW_000009,lok_sabha,recommended,1230,sanctioned,1206,,exact_multi_field,98.0,HIGH,auto_matched
CW_000009,lok_sabha,recommended,1218,sanctioned,1228,,exact_multi_field,98.0,HIGH,auto_matched
CW_000663,lok_sabha,recommended,416,sanctioned,409,,exact_multi_field,98.0,HIGH,auto_matched
CW_000005,lok_sabha,recommended,1213,sanctioned,1206,,exact_multi_field,98.0,HIGH,auto_matched
CW_000009,lok_sabha,recommended,1230,sanctioned,1236,,exact_multi_field,98.0,HIGH,auto_matched
CW_000023,lok_sabha,recommended,1222,sanctioned,1200,,exact_multi_field,98.0,HIGH,auto_matched
CW_000005,lok_sabha,recommended,1213,sanctioned,1236,,exact_multi_field,98.0,HIGH,auto_matched
CW_000664,lok_sabha,recommended,622,sanctioned,607,,exact_multi_field,98.0,HIGH,auto_matched
CW_000503,lok_sabha,recommended,957,sanctioned,922,,exact_multi_field,98.0,HIGH,auto_matched
CW_000639,lok_sabha,recommended,625,sanctioned,615,,exact_multi_field,98.0,HIGH,auto_matched
CW_000517,lok_sabha,recommended,969,sanctioned,929,,exact_multi_field,98.0,HIGH,auto_matched
CW_000036,lok_sabha,recommended,1201,sanctioned,1190,,exact_multi_field,98.0,HIGH,auto_matched
CW_000521,lok_sabha,recommended,952,sanctioned,929,,exact_multi_field,98.0,HIGH,auto_matched
CW_000517,lok_sabha,recommended,969,sanctioned,959,,exact_multi_field,98.0,HIGH,auto_matched
CW_000170,lok_sabha,recommended,1167,sanctioned,1160,,exact_multi_field,98.0,HIGH,auto_matched
CW_000543,lok_sabha,recommended,961,sanctioned,923,,exact_multi_field,98.0,HIGH,auto_matched
CW_000665,lok_sabha,recommended,1298,sanctioned,1288,,exact_multi_field,98.0,HIGH,auto_matched
CW_000472,lok_sabha,recommended,965,sanctioned,919,,exact_multi_field,98.0,HIGH,auto_matched
CW_000521,lok_sabha,recommended,952,sanctioned,959,,exact_multi_field,98.0,HIGH,auto_matched
CW_000544,lok_sabha,recommended,944,sanctioned,923,,exact_multi_field,98.0,HIGH,auto_matched
CW_000477,lok_sabha,recommended,948,sanctioned,919,,exact_multi_field,98.0,HIGH,auto_matched
CW_000666,lok_sabha,recommended,721,sanctioned,711,,exact_multi_field,98.0,HIGH,auto_matched
CW_000545,lok_sabha,recommended,951,sanctioned,927,,exact_multi_field,98.0,HIGH,auto_matched
CW_000483,lok_sabha,recommended,939,sanctioned,955,,exact_multi_field,98.0,HIGH,auto_matched
CW_000444,lok_sabha,recommended,931,sanctioned,919,,exact_multi_field,98.0,HIGH,auto_matched
CW_000477,lok_sabha,recommended,948,sanctioned,949,,exact_multi_field,98.0,HIGH,auto_matched
CW_000667,lok_sabha,recommended,818,sanctioned,809,,exact_multi_field,98.0,HIGH,auto_matched
CW_000522,lok_sabha,recommended,940,sanctioned,913,,exact_multi_field,98.0,HIGH,auto_matched
CW_000525,lok_sabha,recommended,934,sanctioned,927,,exact_multi_field,98.0,HIGH,auto_matched
CW_000485,lok_sabha,recommended,922,sanctioned,955,,exact_multi_field,98.0,HIGH,auto_matched
CW_000048,lok_sabha,recommended,1246,sanctioned,1226,,exact_multi_field,98.0,HIGH,auto_matched
CW_000444,lok_sabha,recommended,931,sanctioned,949,,exact_multi_field,98.0,HIGH,auto_matched
CW_000341,lok_sabha,recommended,1028,sanctioned,1018,,exact_multi_field,98.0,HIGH,auto_matched
CW_000017,lok_sabha,recommended,1233,sanctioned,1228,,exact_multi_field,98.0,HIGH,auto_matched
CW_000036,lok_sabha,recommended,1237,sanctioned,1224,,exact_multi_field,98.0,HIGH,auto_matched
CW_000022,lok_sabha,recommended,1240,sanctioned,1231,,exact_multi_field,98.0,HIGH,auto_matched
CW_000324,lok_sabha,recommended,653,sanctioned,643,,exact_multi_field,98.0,HIGH,auto_matched
CW_000015,lok_sabha,recommended,1326,sanctioned,1316,,exact_multi_field,98.0,HIGH,auto_matched
CW_000095,lok_sabha,recommended,300,sanctioned,296,,exact_multi_field,98.0,HIGH,auto_matched
CW_000608,lok_sabha,recommended,615,sanctioned,603,,exact_multi_field,98.0,HIGH,auto_matched
CW_000453,lok_sabha,recommended,959,sanctioned,917,,exact_multi_field,98.0,HIGH,auto_matched
CW_000668,lok_sabha,recommended,749,sanctioned,739,,exact_multi_field,98.0,HIGH,auto_matched
CW_000531,lok_sabha,recommended,627,sanctioned,610,,exact_multi_field,98.0,HIGH,auto_matched
CW_000449,lok_sabha,recommended,968,sanctioned,911,,exact_multi_field,98.0,HIGH,auto_matched
CW_000057,lok_sabha,recommended,517,sanctioned,508,,exact_multi_field,98.0,HIGH,auto_matched
CW_000453,lok_sabha,recommended,959,sanctioned,947,,exact_multi_field,98.0,HIGH,auto_matched
CW_000408,lok_sabha,recommended,846,sanctioned,837,,exact_multi_field,98.0,HIGH,auto_matched
CW_000092,lok_sabha,recommended,509,sanctioned,502,,exact_multi_field,98.0,HIGH,auto_matched
CW_000456,lok_sabha,recommended,958,sanctioned,915,,exact_multi_field,98.0,HIGH,auto_matched
CW_000458,lok_sabha,recommended,626,sanctioned,608,,exact_multi_field,98.0,HIGH,auto_matched
CW_000496,lok_sabha,recommended,946,sanctioned,943,,exact_multi_field,98.0,HIGH,auto_matched
CW_000454,lok_sabha,recommended,955,sanctioned,937,,exact_multi_field,98.0,HIGH,auto_matched
CW_000576,lok_sabha,recommended,606,sanctioned,600,,exact_multi_field,98.0,HIGH,auto_matched
CW_000461,lok_sabha,recommended,941,sanctioned,915,,exact_multi_field,98.0,HIGH,auto_matched
CW_000565,lok_sabha,recommended,935,sanctioned,929,,exact_multi_field,98.0,HIGH,auto_matched
CW_000497,lok_sabha,recommended,929,sanctioned,943,,exact_multi_field,98.0,HIGH,auto_matched
CW_000459,lok_sabha,recommended,938,sanctioned,937,,exact_multi_field,98.0,HIGH,auto_matched
CW_000669,lok_sabha,recommended,366,sanctioned,358,,exact_multi_field,98.0,HIGH,auto_matched
CW_000565,lok_sabha,recommended,935,sanctioned,959,,exact_multi_field,98.0,HIGH,auto_matched
CW_000462,lok_sabha,recommended,921,sanctioned,937,,exact_multi_field,98.0,HIGH,auto_matched
CW_000619,lok_sabha,recommended,602,sanctioned,590,,exact_multi_field,98.0,HIGH,auto_matched
CW_000494,lok_sabha,recommended,925,sanctioned,933,,exact_multi_field,98.0,HIGH,auto_matched
CW_000609,lok_sabha,recommended,605,sanctioned,598,,exact_multi_field,98.0,HIGH,auto_matched
CW_000670,lok_sabha,recommended,1391,sanctioned,1381,,exact_multi_field,98.0,HIGH,auto_matched
CW_000319,lok_sabha,recommended,336,sanctioned,330,,exact_multi_field,98.0,HIGH,auto_matched
CW_000671,lok_sabha,recommended,362,sanctioned,354,,exact_multi_field,98.0,HIGH,auto_matched
CW_000385,lok_sabha,recommended,1354,sanctioned,1344,,exact_multi_field,98.0,HIGH,auto_matched
CW_000028,lok_sabha,recommended,1236,sanctioned,1205,,exact_multi_field,98.0,HIGH,auto_matched
CW_000024,lok_sabha,recommended,1219,sanctioned,1205,,exact_multi_field,98.0,HIGH,auto_matched
CW_000028,lok_sabha,recommended,1236,sanctioned,1235,,exact_multi_field,98.0,HIGH,auto_matched
CW_000023,lok_sabha,recommended,1223,sanctioned,1201,,exact_multi_field,98.0,HIGH,auto_matched
CW_000672,lok_sabha,recommended,874,sanctioned,865,,exact_multi_field,98.0,HIGH,auto_matched
CW_000189,lok_sabha,recommended,668,sanctioned,658,,exact_multi_field,98.0,HIGH,auto_matched
CW_000022,lok_sabha,recommended,1206,sanctioned,1231,,exact_multi_field,98.0,HIGH,auto_matched
CW_000468,lok_sabha,recommended,966,sanctioned,935,,exact_multi_field,98.0,HIGH,auto_matched
CW_000501,lok_sabha,recommended,963,sanctioned,957,,exact_multi_field,98.0,HIGH,auto_matched
CW_000673,lok_sabha,recommended,394,sanctioned,386,,exact_multi_field,98.0,HIGH,auto_matched
CW_000507,lok_sabha,recommended,953,sanctioned,931,,exact_multi_field,98.0,HIGH,auto_matched
CW_000451,lok_sabha,recommended,962,sanctioned,925,,exact_multi_field,98.0,HIGH,auto_matched
CW_000474,lok_sabha,recommended,613,sanctioned,588,,exact_multi_field,98.0,HIGH,auto_matched
CW_000502,lok_sabha,recommended,630,sanctioned,618,,exact_multi_field,98.0,HIGH,auto_matched
CW_000674,lok_sabha,recommended,1302,sanctioned,1273,,exact_multi_field,98.0,HIGH,auto_matched
CW_000476,lok_sabha,recommended,945,sanctioned,925,,exact_multi_field,98.0,HIGH,auto_matched
CW_000451,lok_sabha,recommended,962,sanctioned,955,,exact_multi_field,98.0,HIGH,auto_matched
CW_000504,lok_sabha,recommended,617,sanctioned,614,,exact_multi_field,98.0,HIGH,auto_matched
CW_000479,lok_sabha,recommended,928,sanctioned,925,,exact_multi_field,98.0,HIGH,auto_matched
CW_000460,lok_sabha,recommended,932,sanctioned,921,,exact_multi_field,98.0,HIGH,auto_matched
CW_000675,lok_sabha,recommended,390,sanctioned,382,,exact_multi_field,98.0,HIGH,auto_matched
CW_000676,lok_sabha,recommended,33,sanctioned,33,,exact_multi_field,98.0,HIGH,auto_matched
CW_000460,lok_sabha,recommended,932,sanctioned,951,,exact_multi_field,98.0,HIGH,auto_matched
CW_000510,lok_sabha,recommended,936,sanctioned,922,,exact_multi_field,98.0,HIGH,auto_matched
CW_000069,lok_sabha,recommended,11,sanctioned,11,,exact_multi_field,98.0,HIGH,auto_matched
CW_000483,lok_sabha,recommended,939,sanctioned,930,,exact_multi_field,98.0,HIGH,auto_matched
CW_000510,lok_sabha,recommended,936,sanctioned,952,,exact_multi_field,98.0,HIGH,auto_matched
CW_000485,lok_sabha,recommended,922,sanctioned,930,,exact_multi_field,98.0,HIGH,auto_matched
CW_000677,lok_sabha,recommended,1478,sanctioned,1467,,exact_multi_field,98.0,HIGH,auto_matched
CW_000022,lok_sabha,recommended,1234,sanctioned,1229,,exact_multi_field,98.0,HIGH,auto_matched
CW_000036,lok_sabha,recommended,1243,sanctioned,1223,,exact_multi_field,98.0,HIGH,auto_matched
CW_000678,lok_sabha,recommended,696,sanctioned,686,,exact_multi_field,98.0,HIGH,auto_matched
CW_000028,lok_sabha,recommended,1247,sanctioned,1219,,exact_multi_field,98.0,HIGH,auto_matched
CW_000679,lok_sabha,recommended,107,sanctioned,107,,exact_multi_field,98.0,HIGH,auto_matched
CW_000009,lok_sabha,recommended,1230,sanctioned,1219,,exact_multi_field,98.0,HIGH,auto_matched
CW_000282,lok_sabha,recommended,1432,sanctioned,1421,,exact_multi_field,98.0,HIGH,auto_matched
CW_000050,lok_sabha,recommended,511,sanctioned,506,,exact_multi_field,98.0,HIGH,auto_matched
CW_000680,lok_sabha,recommended,316,sanctioned,313,,exact_multi_field,98.0,HIGH,auto_matched
CW_000174,lok_sabha,recommended,1200,sanctioned,1191,,exact_multi_field,98.0,HIGH,auto_matched
CW_000028,lok_sabha,recommended,1217,sanctioned,1221,,exact_multi_field,98.0,HIGH,auto_matched
CW_000681,lok_sabha,recommended,61,sanctioned,61,,exact_multi_field,98.0,HIGH,auto_matched
CW_000346,lok_sabha,recommended,994,sanctioned,984,,exact_multi_field,98.0,HIGH,auto_matched
CW_000007,lok_sabha,recommended,510,sanctioned,503,,exact_multi_field,98.0,HIGH,auto_matched
CW_000558,lok_sabha,recommended,964,sanctioned,950,,exact_multi_field,98.0,HIGH,auto_matched
CW_000493,lok_sabha,recommended,956,sanctioned,914,,exact_multi_field,98.0,HIGH,auto_matched
CW_000591,lok_sabha,recommended,607,sanctioned,602,,exact_multi_field,98.0,HIGH,auto_matched
CW_000559,lok_sabha,recommended,947,sanctioned,950,,exact_multi_field,98.0,HIGH,auto_matched
CW_000088,lok_sabha,recommended,514,sanctioned,505,,exact_multi_field,98.0,HIGH,auto_matched
CW_000493,lok_sabha,recommended,956,sanctioned,944,,exact_multi_field,98.0,HIGH,auto_matched
CW_000682,lok_sabha,recommended,270,sanctioned,267,,exact_multi_field,98.0,HIGH,auto_matched
CW_000683,lok_sabha,recommended,157,sanctioned,157,,exact_multi_field,98.0,HIGH,auto_matched
CW_000463,lok_sabha,recommended,930,sanctioned,950,,exact_multi_field,98.0,HIGH,auto_matched
CW_000496,lok_sabha,recommended,946,sanctioned,918,,exact_multi_field,98.0,HIGH,auto_matched
CW_000519,lok_sabha,recommended,943,sanctioned,940,,exact_multi_field,98.0,HIGH,auto_matched
CW_000684,lok_sabha,recommended,682,sanctioned,672,,exact_multi_field,98.0,HIGH,auto_matched
CW_000497,lok_sabha,recommended,929,sanctioned,918,,exact_multi_field,98.0,HIGH,auto_matched
CW_000496,lok_sabha,recommended,946,sanctioned,948,,exact_multi_field,98.0,HIGH,auto_matched
CW_000078,lok_sabha,recommended,135,sanctioned,135,,exact_multi_field,98.0,HIGH,auto_matched
CW_000445,lok_sabha,recommended,923,sanctioned,932,,exact_multi_field,98.0,HIGH,auto_matched
CW_000575,lok_sabha,recommended,926,sanctioned,940,,exact_multi_field,98.0,HIGH,auto_matched
CW_000466,lok_sabha,recommended,920,sanctioned,954,,exact_multi_field,98.0,HIGH,auto_matched
CW_000685,lok_sabha,recommended,363,sanctioned,355,,exact_multi_field,98.0,HIGH,auto_matched
CW_000249,lok_sabha,recommended,1026,sanctioned,1016,,exact_multi_field,98.0,HIGH,auto_matched
CW_000630,lok_sabha,recommended,576,sanctioned,571,,exact_multi_field,98.0,HIGH,auto_matched
CW_000306,lok_sabha,recommended,333,sanctioned,327,,exact_multi_field,98.0,HIGH,auto_matched
CW_000034,lok_sabha,recommended,1235,sanctioned,1222,,exact_multi_field,98.0,HIGH,auto_matched
CW_000207,lok_sabha,recommended,89,sanctioned,89,,exact_multi_field,98.0,HIGH,auto_matched
CW_000354,lok_sabha,recommended,980,sanctioned,970,,exact_multi_field,98.0,HIGH,auto_matched
CW_000126,lok_sabha,recommended,1227,sanctioned,1216,,exact_multi_field,98.0,HIGH,auto_matched
CW_000379,lok_sabha,recommended,1324,sanctioned,1314,,exact_multi_field,98.0,HIGH,auto_matched
CW_000686,lok_sabha,recommended,542,sanctioned,533,,exact_multi_field,98.0,HIGH,auto_matched
CW_000100,lok_sabha,recommended,298,sanctioned,295,,exact_multi_field,98.0,HIGH,auto_matched
CW_000349,lok_sabha,recommended,185,sanctioned,185,,exact_multi_field,98.0,HIGH,auto_matched
CW_000505,lok_sabha,recommended,954,sanctioned,938,,exact_multi_field,98.0,HIGH,auto_matched
CW_000687,lok_sabha,recommended,844,sanctioned,835,,exact_multi_field,98.0,HIGH,auto_matched
CW_000501,lok_sabha,recommended,963,sanctioned,932,,exact_multi_field,98.0,HIGH,auto_matched
CW_000503,lok_sabha,recommended,957,sanctioned,946,,exact_multi_field,98.0,HIGH,auto_matched
CW_000506,lok_sabha,recommended,937,sanctioned,938,,exact_multi_field,98.0,HIGH,auto_matched
CW_000688,lok_sabha,recommended,391,sanctioned,383,,exact_multi_field,98.0,HIGH,auto_matched
CW_000689,lok_sabha,recommended,1054,sanctioned,1044,,exact_multi_field,98.0,HIGH,auto_matched
CW_000690,lok_sabha,recommended,1278,sanctioned,1268,,exact_multi_field,98.0,HIGH,auto_matched
CW_000529,lok_sabha,recommended,950,sanctioned,928,,exact_multi_field,98.0,HIGH,auto_matched
CW_000634,lok_sabha,recommended,601,sanctioned,591,,exact_multi_field,98.0,HIGH,auto_matched
CW_000530,lok_sabha,recommended,618,sanctioned,621,,exact_multi_field,98.0,HIGH,auto_matched
CW_000507,lok_sabha,recommended,953,sanctioned,936,,exact_multi_field,98.0,HIGH,auto_matched
CW_000691,lok_sabha,recommended,1290,sanctioned,1276,,exact_multi_field,98.0,HIGH,auto_matched
CW_000599,lok_sabha,recommended,604,sanctioned,599,,exact_multi_field,98.0,HIGH,auto_matched
CW_000533,lok_sabha,recommended,933,sanctioned,928,,exact_multi_field,98.0,HIGH,auto_matched
CW_000533,lok_sabha,recommended,933,sanctioned,958,,exact_multi_field,98.0,HIGH,auto_matched
CW_000692,lok_sabha,recommended,600,sanctioned,589,,exact_multi_field,98.0,HIGH,auto_matched
CW_000466,lok_sabha,recommended,920,sanctioned,924,,exact_multi_field,98.0,HIGH,auto_matched
CW_000325,lok_sabha,recommended,1150,sanctioned,1140,,exact_multi_field,98.0,HIGH,auto_matched
CW_000693,lok_sabha,recommended,697,sanctioned,687,,exact_multi_field,98.0,HIGH,auto_matched
CW_000205,lok_sabha,recommended,1352,sanctioned,1342,,exact_multi_field,98.0,HIGH,auto_matched
CW_000009,lok_sabha,recommended,1239,sanctioned,1232,,exact_multi_field,98.0,HIGH,auto_matched
CW_000048,lok_sabha,recommended,1231,sanctioned,1196,,exact_multi_field,98.0,HIGH,auto_matched
CW_000022,lok_sabha,recommended,1234,sanctioned,1204,,exact_multi_field,98.0,HIGH,auto_matched
CW_000004,lok_sabha,recommended,1214,sanctioned,1196,,exact_multi_field,98.0,HIGH,auto_matched
CW_000048,lok_sabha,recommended,1231,sanctioned,1226,,exact_multi_field,98.0,HIGH,auto_matched
CW_000047,lok_sabha,recommended,1104,sanctioned,1094,,exact_multi_field,98.0,HIGH,auto_matched
CW_000004,lok_sabha,recommended,1214,sanctioned,1226,,exact_multi_field,98.0,HIGH,auto_matched
CW_000023,lok_sabha,recommended,1221,sanctioned,1200,,exact_multi_field,98.0,HIGH,auto_matched
CW_000036,lok_sabha,recommended,1201,sanctioned,1192,,exact_multi_field,98.0,HIGH,auto_matched
CW_000009,lok_sabha,recommended,1218,sanctioned,1222,,exact_multi_field,98.0,HIGH,auto_matched
CW_000694,lok_sabha,recommended,104,sanctioned,104,,exact_multi_field,98.0,HIGH,auto_matched
CW_000470,lok_sabha,recommended,629,sanctioned,619,,exact_multi_field,98.0,HIGH,auto_matched
CW_000543,lok_sabha,recommended,961,sanctioned,955,,exact_multi_field,98.0,HIGH,auto_matched
CW_000503,lok_sabha,recommended,957,sanctioned,916,,exact_multi_field,98.0,HIGH,auto_matched
CW_000695,lok_sabha,recommended,313,sanctioned,310,,exact_multi_field,98.0,HIGH,auto_matched
CW_000515,lok_sabha,recommended,960,sanctioned,923,,exact_multi_field,98.0,HIGH,auto_matched
CW_000639,lok_sabha,recommended,625,sanctioned,609,,exact_multi_field,98.0,HIGH,auto_matched
CW_000625,lok_sabha,recommended,628,sanctioned,617,,exact_multi_field,98.0,HIGH,auto_matched
CW_000522,lok_sabha,recommended,940,sanctioned,915,,exact_multi_field,98.0,HIGH,auto_matched
CW_000515,lok_sabha,recommended,960,sanctioned,953,,exact_multi_field,98.0,HIGH,auto_matched
CW_000522,lok_sabha,recommended,940,sanctioned,945,,exact_multi_field,98.0,HIGH,auto_matched
CW_000696,lok_sabha,recommended,725,sanctioned,715,,exact_multi_field,98.0,HIGH,auto_matched
CW_000543,lok_sabha,recommended,961,sanctioned,917,,exact_multi_field,98.0,HIGH,auto_matched
CW_000519,lok_sabha,recommended,943,sanctioned,953,,exact_multi_field,98.0,HIGH,auto_matched
CW_000521,lok_sabha,recommended,952,sanctioned,953,,exact_multi_field,98.0,HIGH,auto_matched
CW_000445,lok_sabha,recommended,923,sanctioned,945,,exact_multi_field,98.0,HIGH,auto_matched
CW_000697,lok_sabha,recommended,388,sanctioned,380,,exact_multi_field,98.0,HIGH,auto_matched
CW_000544,lok_sabha,recommended,944,sanctioned,917,,exact_multi_field,98.0,HIGH,auto_matched
CW_000698,lok_sabha,recommended,1380,sanctioned,1370,,exact_multi_field,98.0,HIGH,auto_matched
CW_000559,lok_sabha,recommended,947,sanctioned,925,,exact_multi_field,98.0,HIGH,auto_matched
CW_000565,lok_sabha,recommended,935,sanctioned,953,,exact_multi_field,98.0,HIGH,auto_matched
CW_000544,lok_sabha,recommended,944,sanctioned,947,,exact_multi_field,98.0,HIGH,auto_matched
CW_000545,lok_sabha,recommended,951,sanctioned,921,,exact_multi_field,98.0,HIGH,auto_matched
CW_000463,lok_sabha,recommended,930,sanctioned,925,,exact_multi_field,98.0,HIGH,auto_matched
CW_000525,lok_sabha,recommended,934,sanctioned,921,,exact_multi_field,98.0,HIGH,auto_matched
CW_000048,lok_sabha,recommended,1246,sanctioned,1220,,exact_multi_field,98.0,HIGH,auto_matched
CW_000519,lok_sabha,recommended,943,sanctioned,915,,exact_multi_field,98.0,HIGH,auto_matched
CW_000525,lok_sabha,recommended,934,sanctioned,951,,exact_multi_field,98.0,HIGH,auto_matched
CW_000162,lok_sabha,recommended,679,sanctioned,669,,exact_multi_field,98.0,HIGH,auto_matched
CW_000699,lok_sabha,recommended,484,sanctioned,476,,exact_multi_field,98.0,HIGH,auto_matched
CW_000018,lok_sabha,recommended,1229,sanctioned,1220,,exact_multi_field,98.0,HIGH,auto_matched
CW_000372,lok_sabha,recommended,132,sanctioned,132,,exact_multi_field,98.0,HIGH,auto_matched
CW_000276,lok_sabha,recommended,334,sanctioned,328,,exact_multi_field,98.0,HIGH,auto_matched
CW_000214,lok_sabha,recommended,1023,sanctioned,1013,,exact_multi_field,98.0,HIGH,auto_matched
CW_000017,lok_sabha,recommended,1233,sanctioned,1222,,exact_multi_field,98.0,HIGH,auto_matched
CW_000022,lok_sabha,recommended,1240,sanctioned,1225,,exact_multi_field,98.0,HIGH,auto_matched
CW_000700,lok_sabha,recommended,543,sanctioned,534,,exact_multi_field,98.0,HIGH,auto_matched
CW_000449,lok_sabha,recommended,968,sanctioned,943,,exact_multi_field,98.0,HIGH,auto_matched
CW_000113,lok_sabha,recommended,299,sanctioned,296,,exact_multi_field,98.0,HIGH,auto_matched
CW_000028,lok_sabha,recommended,1232,sanctioned,1219,,exact_multi_field,98.0,HIGH,auto_matched
CW_000022,lok_sabha,recommended,1206,sanctioned,1225,,exact_multi_field,98.0,HIGH,auto_matched
CW_000701,lok_sabha,recommended,753,sanctioned,743,,exact_multi_field,98.0,HIGH,auto_matched
CW_000022,lok_sabha,recommended,1215,sanctioned,1219,,exact_multi_field,98.0,HIGH,auto_matched
CW_000528,lok_sabha,recommended,967,sanctioned,911,,exact_multi_field,98.0,HIGH,auto_matched
CW_000528,lok_sabha,recommended,967,sanctioned,941,,exact_multi_field,98.0,HIGH,auto_matched
CW_000608,lok_sabha,recommended,615,sanctioned,597,,exact_multi_field,98.0,HIGH,auto_matched
CW_000451,lok_sabha,recommended,962,sanctioned,919,,exact_multi_field,98.0,HIGH,auto_matched
CW_000529,lok_sabha,recommended,950,sanctioned,941,,exact_multi_field,98.0,HIGH,auto_matched
CW_000476,lok_sabha,recommended,945,sanctioned,919,,exact_multi_field,98.0,HIGH,auto_matched
CW_000609,lok_sabha,recommended,605,sanctioned,600,,exact_multi_field,98.0,HIGH,auto_matched
CW_000505,lok_sabha,recommended,954,sanctioned,913,,exact_multi_field,98.0,HIGH,auto_matched
CW_000534,lok_sabha,recommended,614,sanctioned,594,,exact_multi_field,98.0,HIGH,auto_matched
CW_000455,lok_sabha,recommended,942,sanctioned,941,,exact_multi_field,98.0,HIGH,auto_matched
CW_000476,lok_sabha,recommended,945,sanctioned,949,,exact_multi_field,98.0,HIGH,auto_matched
CW_000702,lok_sabha,recommended,155,sanctioned,155,,exact_multi_field,98.0,HIGH,auto_matched
CW_000506,lok_sabha,recommended,937,sanctioned,913,,exact_multi_field,98.0,HIGH,auto_matched
CW_000457,lok_sabha,recommended,609,sanctioned,602,,exact_multi_field,98.0,HIGH,auto_matched
CW_000703,lok_sabha,recommended,1051,sanctioned,1041,,exact_multi_field,98.0,HIGH,auto_matched
CW_000460,lok_sabha,recommended,932,sanctioned,945,,exact_multi_field,98.0,HIGH,auto_matched
CW_000461,lok_sabha,recommended,941,sanctioned,939,,exact_multi_field,98.0,HIGH,auto_matched
CW_000462,lok_sabha,recommended,921,sanctioned,931,,exact_multi_field,98.0,HIGH,auto_matched
CW_000634,lok_sabha,recommended,601,sanctioned,596,,exact_multi_field,98.0,HIGH,auto_matched
CW_000464,lok_sabha,recommended,924,sanctioned,939,,exact_multi_field,98.0,HIGH,auto_matched
CW_000704,lok_sabha,recommended,900,sanctioned,891,,exact_multi_field,98.0,HIGH,auto_matched
CW_000393,lok_sabha,recommended,1147,sanctioned,1137,,exact_multi_field,98.0,HIGH,auto_matched
CW_000009,lok_sabha,recommended,1239,sanctioned,1207,,exact_multi_field,98.0,HIGH,auto_matched
CW_000131,lok_sabha,recommended,1349,sanctioned,1339,,exact_multi_field,98.0,HIGH,auto_matched
CW_000009,lok_sabha,recommended,1239,sanctioned,1237,,exact_multi_field,98.0,HIGH,auto_matched
CW_000024,lok_sabha,recommended,1219,sanctioned,1229,,exact_multi_field,98.0,HIGH,auto_matched
CW_000705,lok_sabha,recommended,869,sanctioned,860,,exact_multi_field,98.0,HIGH,auto_matched
CW_000639,lok_sabha,recommended,625,sanctioned,622,,exact_multi_field,98.0,HIGH,auto_matched
CW_000517,lok_sabha,recommended,969,sanctioned,936,,exact_multi_field,98.0,HIGH,auto_matched
CW_000480,lok_sabha,recommended,612,sanctioned,588,,exact_multi_field,98.0,HIGH,auto_matched
CW_000706,lok_sabha,recommended,1079,sanctioned,1069,,exact_multi_field,98.0,HIGH,auto_matched
CW_000471,lok_sabha,recommended,949,sanctioned,929,,exact_multi_field,98.0,HIGH,auto_matched
CW_000468,lok_sabha,recommended,966,sanctioned,959,,exact_multi_field,98.0,HIGH,auto_matched
CW_000543,lok_sabha,recommended,961,sanctioned,930,,exact_multi_field,98.0,HIGH,auto_matched
CW_000471,lok_sabha,recommended,949,sanctioned,959,,exact_multi_field,98.0,HIGH,auto_matched
CW_000472,lok_sabha,recommended,965,sanctioned,926,,exact_multi_field,98.0,HIGH,auto_matched
CW_000707,lok_sabha,recommended,389,sanctioned,381,,exact_multi_field,98.0,HIGH,auto_matched
CW_000708,lok_sabha,recommended,37,sanctioned,37,,exact_multi_field,98.0,HIGH,auto_matched
CW_000477,lok_sabha,recommended,948,sanctioned,926,,exact_multi_field,98.0,HIGH,auto_matched
CW_000472,lok_sabha,recommended,965,sanctioned,956,,exact_multi_field,98.0,HIGH,auto_matched
CW_000547,lok_sabha,recommended,599,sanctioned,590,,exact_multi_field,98.0,HIGH,auto_matched
CW_000479,lok_sabha,recommended,928,sanctioned,919,,exact_multi_field,98.0,HIGH,auto_matched
CW_000477,lok_sabha,recommended,948,sanctioned,956,,exact_multi_field,98.0,HIGH,auto_matched
CW_000154,lok_sabha,recommended,1175,sanctioned,1165,,exact_multi_field,98.0,HIGH,auto_matched
CW_000479,lok_sabha,recommended,928,sanctioned,949,,exact_multi_field,98.0,HIGH,auto_matched
CW_000444,lok_sabha,recommended,931,sanctioned,956,,exact_multi_field,98.0,HIGH,auto_matched
CW_000709,lok_sabha,recommended,246,sanctioned,243,,exact_multi_field,98.0,HIGH,auto_matched
CW_000482,lok_sabha,recommended,927,sanctioned,916,,exact_multi_field,98.0,HIGH,auto_matched
CW_000148,lok_sabha,recommended,133,sanctioned,133,,exact_multi_field,98.0,HIGH,auto_matched
CW_000647,lok_sabha,recommended,575,sanctioned,572,,exact_multi_field,98.0,HIGH,auto_matched
CW_000710,lok_sabha,recommended,448,sanctioned,440,,exact_multi_field,98.0,HIGH,auto_matched
CW_000482,lok_sabha,recommended,927,sanctioned,946,,exact_multi_field,98.0,HIGH,auto_matched
CW_000485,lok_sabha,recommended,922,sanctioned,924,,exact_multi_field,98.0,HIGH,auto_matched
CW_000036,lok_sabha,recommended,1237,sanctioned,1231,,exact_multi_field,98.0,HIGH,auto_matched
CW_000485,lok_sabha,recommended,922,sanctioned,954,,exact_multi_field,98.0,HIGH,auto_matched
CW_000048,lok_sabha,recommended,1246,sanctioned,1225,,exact_multi_field,98.0,HIGH,auto_matched
CW_000711,lok_sabha,recommended,897,sanctioned,888,,exact_multi_field,98.0,HIGH,auto_matched
CW_000174,lok_sabha,recommended,1226,sanctioned,1217,,exact_multi_field,98.0,HIGH,auto_matched
CW_000448,lok_sabha,recommended,632,sanctioned,610,,exact_multi_field,98.0,HIGH,auto_matched
CW_000048,lok_sabha,recommended,1216,sanctioned,1221,,exact_multi_field,98.0,HIGH,auto_matched
CW_000449,lok_sabha,recommended,968,sanctioned,918,,exact_multi_field,98.0,HIGH,auto_matched
CW_000493,lok_sabha,recommended,956,sanctioned,946,,exact_multi_field,98.0,HIGH,auto_matched
CW_000380,lok_sabha,recommended,1203,sanctioned,1192,,exact_multi_field,98.0,HIGH,auto_matched
CW_000712,lok_sabha,recommended,296,sanctioned,293,,exact_multi_field,98.0,HIGH,auto_matched
CW_000454,lok_sabha,recommended,955,sanctioned,914,,exact_multi_field,98.0,HIGH,auto_matched
CW_000713,lok_sabha,recommended,623,sanctioned,608,,exact_multi_field,98.0,HIGH,auto_matched
CW_000496,lok_sabha,recommended,946,sanctioned,950,,exact_multi_field,98.0,HIGH,auto_matched
CW_000714,lok_sabha,recommended,274,sanctioned,271,,exact_multi_field,98.0,HIGH,auto_matched
CW_000454,lok_sabha,recommended,955,sanctioned,944,,exact_multi_field,98.0,HIGH,auto_matched
CW_000715,lok_sabha,recommended,161,sanctioned,161,,exact_multi_field,98.0,HIGH,auto_matched
CW_000571,lok_sabha,recommended,603,sanctioned,600,,exact_multi_field,98.0,HIGH,auto_matched
CW_000014,lok_sabha,recommended,1202,sanctioned,1190,,exact_multi_field,98.0,HIGH,auto_matched
CW_000716,lok_sabha,recommended,723,sanctioned,713,,exact_multi_field,98.0,HIGH,auto_matched
CW_000459,lok_sabha,recommended,938,sanctioned,944,,exact_multi_field,98.0,HIGH,auto_matched
CW_000717,lok_sabha,recommended,1052,sanctioned,1042,,exact_multi_field,98.0,HIGH,auto_matched
CW_000453,lok_sabha,recommended,959,sanctioned,916,,exact_multi_field,98.0,HIGH,auto_matched
CW_000455,lok_sabha,recommended,942,sanctioned,916,,exact_multi_field,98.0,HIGH,auto_matched
CW_000453,lok_sabha,recommended,959,sanctioned,946,,exact_multi_field,98.0,HIGH,auto_matched
CW_000619,lok_sabha,recommended,602,sanctioned,597,,exact_multi_field,98.0,HIGH,auto_matched
CW_000494,lok_sabha,recommended,925,sanctioned,940,,exact_multi_field,98.0,HIGH,auto_matched
CW_000455,lok_sabha,recommended,942,sanctioned,946,,exact_multi_field,98.0,HIGH,auto_matched
CW_000497,lok_sabha,recommended,929,sanctioned,912,,exact_multi_field,98.0,HIGH,auto_matched
CW_000497,lok_sabha,recommended,929,sanctioned,942,,exact_multi_field,98.0,HIGH,auto_matched
CW_000718,lok_sabha,recommended,130,sanctioned,130,,exact_multi_field,98.0,HIGH,auto_matched
CW_000017,lok_sabha,recommended,1233,sanctioned,1205,,exact_multi_field,98.0,HIGH,auto_matched
CW_000630,lok_sabha,recommended,576,sanctioned,565,,exact_multi_field,98.0,HIGH,auto_matched
CW_000022,lok_sabha,recommended,1240,sanctioned,1208,,exact_multi_field,98.0,HIGH,auto_matched
CW_000017,lok_sabha,recommended,1233,sanctioned,1235,,exact_multi_field,98.0,HIGH,auto_matched
CW_000023,lok_sabha,recommended,1223,sanctioned,1238,,exact_multi_field,98.0,HIGH,auto_matched
CW_000719,lok_sabha,recommended,773,sanctioned,763,,exact_multi_field,98.0,HIGH,auto_matched
CW_000227,lok_sabha,recommended,226,sanctioned,226,,exact_multi_field,98.0,HIGH,auto_matched
CW_000272,lok_sabha,recommended,189,sanctioned,189,,exact_multi_field,98.0,HIGH,auto_matched
CW_000469,lok_sabha,recommended,1193,sanctioned,1180,,exact_multi_field,98.0,HIGH,auto_matched
CW_000720,lok_sabha,recommended,1080,sanctioned,1070,,exact_multi_field,98.0,HIGH,auto_matched
CW_000507,lok_sabha,recommended,953,sanctioned,938,,exact_multi_field,98.0,HIGH,auto_matched
CW_000531,lok_sabha,recommended,627,sanctioned,617,,exact_multi_field,98.0,HIGH,auto_matched
CW_000451,lok_sabha,recommended,962,sanctioned,932,,exact_multi_field,98.0,HIGH,auto_matched
CW_000476,lok_sabha,recommended,945,sanctioned,932,,exact_multi_field,98.0,HIGH,auto_matched
CW_000517,lok_sabha,recommended,969,sanctioned,911,,exact_multi_field,98.0,HIGH,auto_matched
CW_000503,lok_sabha,recommended,957,sanctioned,940,,exact_multi_field,98.0,HIGH,auto_matched
CW_000504,lok_sabha,recommended,617,sanctioned,621,,exact_multi_field,98.0,HIGH,auto_matched
CW_000468,lok_sabha,recommended,966,sanctioned,934,,exact_multi_field,98.0,HIGH,auto_matched
CW_000458,lok_sabha,recommended,626,sanctioned,615,,exact_multi_field,98.0,HIGH,auto_matched
CW_000517,lok_sabha,recommended,969,sanctioned,941,,exact_multi_field,98.0,HIGH,auto_matched
CW_000721,lok_sabha,recommended,1289,sanctioned,1276,,exact_multi_field,98.0,HIGH,auto_matched
CW_000722,lok_sabha,recommended,1176,sanctioned,1166,,exact_multi_field,98.0,HIGH,auto_matched
CW_000480,lok_sabha,recommended,612,sanctioned,593,,exact_multi_field,98.0,HIGH,auto_matched
CW_000471,lok_sabha,recommended,949,sanctioned,934,,exact_multi_field,98.0,HIGH,auto_matched
CW_000599,lok_sabha,recommended,604,sanctioned,593,,exact_multi_field,98.0,HIGH,auto_matched
CW_000510,lok_sabha,recommended,936,sanctioned,929,,exact_multi_field,98.0,HIGH,auto_matched
CW_000723,lok_sabha,recommended,1378,sanctioned,1368,,exact_multi_field,98.0,HIGH,auto_matched
CW_000483,lok_sabha,recommended,939,sanctioned,937,,exact_multi_field,98.0,HIGH,auto_matched
CW_000510,lok_sabha,recommended,936,sanctioned,959,,exact_multi_field,98.0,HIGH,auto_matched
CW_000036,lok_sabha,recommended,1243,sanctioned,1230,,exact_multi_field,98.0,HIGH,auto_matched
CW_000005,lok_sabha,recommended,1238,sanctioned,1208,,exact_multi_field,98.0,HIGH,auto_matched
CW_000130,lok_sabha,recommended,1108,sanctioned,1098,,exact_multi_field,98.0,HIGH,auto_matched
CW_000066,lok_sabha,recommended,6,sanctioned,6,,exact_multi_field,98.0,HIGH,auto_matched
CW_000024,lok_sabha,recommended,1242,sanctioned,1234,,exact_multi_field,98.0,HIGH,auto_matched
CW_000036,lok_sabha,recommended,1237,sanctioned,1206,,exact_multi_field,98.0,HIGH,auto_matched
CW_000022,lok_sabha,recommended,1234,sanctioned,1228,,exact_multi_field,98.0,HIGH,auto_matched
CW_000004,lok_sabha,recommended,1214,sanctioned,1220,,exact_multi_field,98.0,HIGH,auto_matched
CW_000028,lok_sabha,recommended,1217,sanctioned,1228,,exact_multi_field,98.0,HIGH,auto_matched
CW_000018,lok_sabha,recommended,1204,sanctioned,1194,,exact_multi_field,98.0,HIGH,auto_matched
CW_000491,lok_sabha,recommended,620,sanctioned,613,,exact_multi_field,98.0,HIGH,auto_matched
CW_000724,lok_sabha,recommended,751,sanctioned,741,,exact_multi_field,98.0,HIGH,auto_matched
CW_000604,lok_sabha,recommended,624,sanctioned,609,,exact_multi_field,98.0,HIGH,auto_matched
CW_000725,lok_sabha,recommended,414,sanctioned,406,,exact_multi_field,98.0,HIGH,auto_matched
CW_000558,lok_sabha,recommended,964,sanctioned,957,,exact_multi_field,98.0,HIGH,auto_matched
CW_000726,lok_sabha,recommended,1406,sanctioned,1396,,exact_multi_field,98.0,HIGH,auto_matched
CW_000493,lok_sabha,recommended,956,sanctioned,921,,exact_multi_field,98.0,HIGH,auto_matched
CW_000515,lok_sabha,recommended,960,sanctioned,917,,exact_multi_field,98.0,HIGH,auto_matched
CW_000559,lok_sabha,recommended,947,sanctioned,957,,exact_multi_field,98.0,HIGH,auto_matched
CW_000493,lok_sabha,recommended,956,sanctioned,951,,exact_multi_field,98.0,HIGH,auto_matched
CW_000452,lok_sabha,recommended,631,sanctioned,618,,exact_multi_field,98.0,HIGH,auto_matched
CW_000519,lok_sabha,recommended,943,sanctioned,917,,exact_multi_field,98.0,HIGH,auto_matched
CW_000515,lok_sabha,recommended,960,sanctioned,947,,exact_multi_field,98.0,HIGH,auto_matched
CW_000521,lok_sabha,recommended,952,sanctioned,911,,exact_multi_field,98.0,HIGH,auto_matched
CW_000496,lok_sabha,recommended,946,sanctioned,925,,exact_multi_field,98.0,HIGH,auto_matched
CW_000522,lok_sabha,recommended,940,sanctioned,939,,exact_multi_field,98.0,HIGH,auto_matched
CW_000575,lok_sabha,recommended,926,sanctioned,917,,exact_multi_field,98.0,HIGH,auto_matched
CW_000519,lok_sabha,recommended,943,sanctioned,947,,exact_multi_field,98.0,HIGH,auto_matched
CW_000007,lok_sabha,recommended,510,sanctioned,502,,exact_multi_field,98.0,HIGH,auto_matched
CW_000727,lok_sabha,recommended,1173,sanctioned,1163,,exact_multi_field,98.0,HIGH,auto_matched
CW_000565,lok_sabha,recommended,935,sanctioned,911,,exact_multi_field,98.0,HIGH,auto_matched
CW_000496,lok_sabha,recommended,946,sanctioned,955,,exact_multi_field,98.0,HIGH,auto_matched
CW_000445,lok_sabha,recommended,923,sanctioned,939,,exact_multi_field,98.0,HIGH,auto_matched
CW_000575,lok_sabha,recommended,926,sanctioned,947,,exact_multi_field,98.0,HIGH,auto_matched
CW_000295,lok_sabha,recommended,473,sanctioned,465,,exact_multi_field,98.0,HIGH,auto_matched
CW_000494,lok_sabha,recommended,925,sanctioned,915,,exact_multi_field,98.0,HIGH,auto_matched
CW_000485,lok_sabha,recommended,922,sanctioned,937,,exact_multi_field,98.0,HIGH,auto_matched
CW_000063,lok_sabha,recommended,1244,sanctioned,1223,,exact_multi_field,98.0,HIGH,auto_matched
CW_000728,lok_sabha,recommended,892,sanctioned,879,,exact_multi_field,98.0,HIGH,auto_matched
CW_000729,lok_sabha,recommended,779,sanctioned,769,,exact_multi_field,98.0,HIGH,auto_matched
CW_000126,lok_sabha,recommended,1224,sanctioned,1215,,exact_multi_field,98.0,HIGH,auto_matched
CW_000381,lok_sabha,recommended,442,sanctioned,434,,exact_multi_field,98.0,HIGH,auto_matched
CW_000023,lok_sabha,recommended,1211,sanctioned,1211,,exact_multi_field,98.0,HIGH,auto_matched
CW_000505,lok_sabha,recommended,954,sanctioned,945,,exact_multi_field,98.0,HIGH,auto_matched
CW_000501,lok_sabha,recommended,963,sanctioned,939,,exact_multi_field,98.0,HIGH,auto_matched
CW_000528,lok_sabha,recommended,967,sanctioned,935,,exact_multi_field,98.0,HIGH,auto_matched
CW_000730,lok_sabha,recommended,748,sanctioned,738,,exact_multi_field,98.0,HIGH,auto_matched
CW_000507,lok_sabha,recommended,953,sanctioned,913,,exact_multi_field,98.0,HIGH,auto_matched
CW_000731,lok_sabha,recommended,1077,sanctioned,1067,,exact_multi_field,98.0,HIGH,auto_matched
CW_000529,lok_sabha,recommended,950,sanctioned,935,,exact_multi_field,98.0,HIGH,auto_matched
CW_000634,lok_sabha,recommended,601,sanctioned,598,,exact_multi_field,98.0,HIGH,auto_matched
CW_000507,lok_sabha,recommended,953,sanctioned,943,,exact_multi_field,98.0,HIGH,auto_matched
CW_000582,lok_sabha,recommended,610,sanctioned,592,,exact_multi_field,98.0,HIGH,auto_matched
CW_000531,lok_sabha,recommended,627,sanctioned,622,,exact_multi_field,98.0,HIGH,auto_matched
CW_000533,lok_sabha,recommended,933,sanctioned,935,,exact_multi_field,98.0,HIGH,auto_matched
CW_000534,lok_sabha,recommended,614,sanctioned,588,,exact_multi_field,98.0,HIGH,auto_matched
CW_000466,lok_sabha,recommended,920,sanctioned,931,,exact_multi_field,98.0,HIGH,auto_matched
CW_000692,lok_sabha,recommended,600,sanctioned,596,,exact_multi_field,98.0,HIGH,auto_matched
CW_000506,lok_sabha,recommended,937,sanctioned,937,,exact_multi_field,98.0,HIGH,auto_matched
CW_000482,lok_sabha,recommended,927,sanctioned,940,,exact_multi_field,98.0,HIGH,auto_matched
CW_000048,lok_sabha,recommended,1231,sanctioned,1203,,exact_multi_field,98.0,HIGH,auto_matched
CW_000732,lok_sabha,recommended,574,sanctioned,564,,exact_multi_field,98.0,HIGH,auto_matched
CW_000048,lok_sabha,recommended,1231,sanctioned,1233,,exact_multi_field,98.0,HIGH,auto_matched
CW_000034,lok_sabha,recommended,1235,sanctioned,1229,,exact_multi_field,98.0,HIGH,auto_matched
CW_000004,lok_sabha,recommended,1214,sanctioned,1233,,exact_multi_field,98.0,HIGH,auto_matched
CW_000009,lok_sabha,recommended,1218,sanctioned,1229,,exact_multi_field,98.0,HIGH,auto_matched
CW_000023,lok_sabha,recommended,1222,sanctioned,1201,,exact_multi_field,98.0,HIGH,auto_matched
CW_000005,lok_sabha,recommended,1213,sanctioned,1237,,exact_multi_field,98.0,HIGH,auto_matched
CW_000733,lok_sabha,recommended,415,sanctioned,408,,exact_multi_field,98.0,HIGH,auto_matched
CW_000503,lok_sabha,recommended,957,sanctioned,923,,exact_multi_field,98.0,HIGH,auto_matched
CW_000639,lok_sabha,recommended,625,sanctioned,616,,exact_multi_field,98.0,HIGH,auto_matched
CW_000503,lok_sabha,recommended,957,sanctioned,953,,exact_multi_field,98.0,HIGH,auto_matched
CW_000543,lok_sabha,recommended,961,sanctioned,924,,exact_multi_field,98.0,HIGH,auto_matched
CW_000558,lok_sabha,recommended,964,sanctioned,932,,exact_multi_field,98.0,HIGH,auto_matched
CW_000550,lok_sabha,recommended,598,sanctioned,590,,exact_multi_field,98.0,HIGH,auto_matched
CW_000734,lok_sabha,recommended,272,sanctioned,269,,exact_multi_field,98.0,HIGH,auto_matched
CW_000544,lok_sabha,recommended,944,sanctioned,924,,exact_multi_field,98.0,HIGH,auto_matched
CW_000543,lok_sabha,recommended,961,sanctioned,954,,exact_multi_field,98.0,HIGH,auto_matched
CW_000559,lok_sabha,recommended,947,sanctioned,932,,exact_multi_field,98.0,HIGH,auto_matched
CW_000544,lok_sabha,recommended,944,sanctioned,954,,exact_multi_field,98.0,HIGH,auto_matched
CW_000545,lok_sabha,recommended,951,sanctioned,928,,exact_multi_field,98.0,HIGH,auto_matched
CW_000619,lok_sabha,recommended,602,sanctioned,591,,exact_multi_field,98.0,HIGH,auto_matched
CW_000515,lok_sabha,recommended,960,sanctioned,922,,exact_multi_field,98.0,HIGH,auto_matched
CW_000522,lok_sabha,recommended,940,sanctioned,914,,exact_multi_field,98.0,HIGH,auto_matched
CW_000525,lok_sabha,recommended,934,sanctioned,928,,exact_multi_field,98.0,HIGH,auto_matched
CW_000545,lok_sabha,recommended,951,sanctioned,958,,exact_multi_field,98.0,HIGH,auto_matched
CW_000048,lok_sabha,recommended,1246,sanctioned,1227,,exact_multi_field,98.0,HIGH,auto_matched
CW_000444,lok_sabha,recommended,931,sanctioned,950,,exact_multi_field,98.0,HIGH,auto_matched
CW_000445,lok_sabha,recommended,923,sanctioned,914,,exact_multi_field,98.0,HIGH,auto_matched
CW_000525,lok_sabha,recommended,934,sanctioned,958,,exact_multi_field,98.0,HIGH,auto_matched
CW_000005,lok_sabha,recommended,1238,sanctioned,1221,,exact_multi_field,98.0,HIGH,auto_matched
CW_000445,lok_sabha,recommended,923,sanctioned,944,,exact_multi_field,98.0,HIGH,auto_matched
CW_000735,lok_sabha,recommended,241,sanctioned,239,,exact_multi_field,98.0,HIGH,auto_matched
CW_000017,lok_sabha,recommended,1233,sanctioned,1229,,exact_multi_field,98.0,HIGH,auto_matched
CW_000736,lok_sabha,recommended,443,sanctioned,435,,exact_multi_field,98.0,HIGH,auto_matched
CW_000022,lok_sabha,recommended,1240,sanctioned,1232,,exact_multi_field,98.0,HIGH,auto_matched
CW_000028,lok_sabha,recommended,1232,sanctioned,1196,,exact_multi_field,98.0,HIGH,auto_matched
CW_000028,lok_sabha,recommended,1232,sanctioned,1226,,exact_multi_field,98.0,HIGH,auto_matched
CW_000737,lok_sabha,recommended,1434,sanctioned,1423,,exact_multi_field,98.0,HIGH,auto_matched
CW_000022,lok_sabha,recommended,1215,sanctioned,1226,,exact_multi_field,98.0,HIGH,auto_matched
CW_000095,lok_sabha,recommended,300,sanctioned,297,,exact_multi_field,98.0,HIGH,auto_matched
CW_000014,lok_sabha,recommended,1202,sanctioned,1192,,exact_multi_field,98.0,HIGH,auto_matched
CW_000320,lok_sabha,recommended,187,sanctioned,187,,exact_multi_field,98.0,HIGH,auto_matched
CW_000608,lok_sabha,recommended,615,sanctioned,604,,exact_multi_field,98.0,HIGH,auto_matched
CW_000738,lok_sabha,recommended,1191,sanctioned,1179,,exact_multi_field,98.0,HIGH,auto_matched
CW_000449,lok_sabha,recommended,968,sanctioned,912,,exact_multi_field,98.0,HIGH,auto_matched
CW_000059,lok_sabha,recommended,996,sanctioned,986,,exact_multi_field,98.0,HIGH,auto_matched
CW_000453,lok_sabha,recommended,959,sanctioned,948,,exact_multi_field,98.0,HIGH,auto_matched
CW_000449,lok_sabha,recommended,968,sanctioned,942,,exact_multi_field,98.0,HIGH,auto_matched
CW_000113,lok_sabha,recommended,299,sanctioned,295,,exact_multi_field,98.0,HIGH,auto_matched
CW_000451,lok_sabha,recommended,962,sanctioned,956,,exact_multi_field,98.0,HIGH,auto_matched
CW_000505,lok_sabha,recommended,954,sanctioned,920,,exact_multi_field,98.0,HIGH,auto_matched
CW_000455,lok_sabha,recommended,942,sanctioned,948,,exact_multi_field,98.0,HIGH,auto_matched
CW_000664,lok_sabha,recommended,622,sanctioned,613,,exact_multi_field,98.0,HIGH,auto_matched
CW_000092,lok_sabha,recommended,509,sanctioned,503,,exact_multi_field,98.0,HIGH,auto_matched
CW_000456,lok_sabha,recommended,958,sanctioned,916,,exact_multi_field,98.0,HIGH,auto_matched
CW_000458,lok_sabha,recommended,626,sanctioned,609,,exact_multi_field,98.0,HIGH,auto_matched
CW_000461,lok_sabha,recommended,941,sanctioned,916,,exact_multi_field,98.0,HIGH,auto_matched
CW_000456,lok_sabha,recommended,958,sanctioned,946,,exact_multi_field,98.0,HIGH,auto_matched
CW_000459,lok_sabha,recommended,938,sanctioned,938,,exact_multi_field,98.0,HIGH,auto_matched
CW_000460,lok_sabha,recommended,932,sanctioned,952,,exact_multi_field,98.0,HIGH,auto_matched
CW_000461,lok_sabha,recommended,941,sanctioned,946,,exact_multi_field,98.0,HIGH,auto_matched
CW_000462,lok_sabha,recommended,921,sanctioned,938,,exact_multi_field,98.0,HIGH,auto_matched
CW_000739,lok_sabha,recommended,471,sanctioned,463,,exact_multi_field,98.0,HIGH,auto_matched
CW_000463,lok_sabha,recommended,930,sanctioned,932,,exact_multi_field,98.0,HIGH,auto_matched
CW_000464,lok_sabha,recommended,924,sanctioned,946,,exact_multi_field,98.0,HIGH,auto_matched
CW_000609,lok_sabha,recommended,605,sanctioned,599,,exact_multi_field,98.0,HIGH,auto_matched
CW_000740,lok_sabha,recommended,1294,sanctioned,1284,,exact_multi_field,98.0,HIGH,auto_matched
CW_000028,lok_sabha,recommended,1247,sanctioned,1220,,exact_multi_field,98.0,HIGH,auto_matched
CW_000028,lok_sabha,recommended,1236,sanctioned,1206,,exact_multi_field,98.0,HIGH,auto_matched
CW_000042,lok_sabha,recommended,215,sanctioned,215,,exact_multi_field,98.0,HIGH,auto_matched
CW_000741,lok_sabha,recommended,777,sanctioned,767,,exact_multi_field,98.0,HIGH,auto_matched
CW_000024,lok_sabha,recommended,1219,sanctioned,1206,,exact_multi_field,98.0,HIGH,auto_matched
CW_000028,lok_sabha,recommended,1236,sanctioned,1236,,exact_multi_field,98.0,HIGH,auto_matched
CW_000074,lok_sabha,recommended,335,sanctioned,329,,exact_multi_field,98.0,HIGH,auto_matched
CW_000024,lok_sabha,recommended,1219,sanctioned,1236,,exact_multi_field,98.0,HIGH,auto_matched
CW_000034,lok_sabha,recommended,1235,sanctioned,1204,,exact_multi_field,98.0,HIGH,auto_matched
CW_000009,lok_sabha,recommended,1218,sanctioned,1204,,exact_multi_field,98.0,HIGH,auto_matched
CW_000022,lok_sabha,recommended,1206,sanctioned,1232,,exact_multi_field,98.0,HIGH,auto_matched
CW_000471,lok_sabha,recommended,949,sanctioned,936,,exact_multi_field,98.0,HIGH,auto_matched
CW_000077,lok_sabha,recommended,184,sanctioned,184,,exact_multi_field,98.0,HIGH,auto_matched
CW_000451,lok_sabha,recommended,962,sanctioned,926,,exact_multi_field,98.0,HIGH,auto_matched
CW_000472,lok_sabha,recommended,965,sanctioned,933,,exact_multi_field,98.0,HIGH,auto_matched
CW_000742,lok_sabha,recommended,499,sanctioned,491,,exact_multi_field,98.0,HIGH,auto_matched
CW_000476,lok_sabha,recommended,945,sanctioned,926,,exact_multi_field,98.0,HIGH,auto_matched
CW_000743,lok_sabha,recommended,1280,sanctioned,1270,,exact_multi_field,98.0,HIGH,auto_matched
CW_000479,lok_sabha,recommended,928,sanctioned,926,,exact_multi_field,98.0,HIGH,auto_matched
CW_000476,lok_sabha,recommended,945,sanctioned,956,,exact_multi_field,98.0,HIGH,auto_matched
CW_000479,lok_sabha,recommended,928,sanctioned,956,,exact_multi_field,98.0,HIGH,auto_matched
CW_000744,lok_sabha,recommended,842,sanctioned,833,,exact_multi_field,98.0,HIGH,auto_matched
CW_000129,lok_sabha,recommended,1134,sanctioned,1124,,exact_multi_field,98.0,HIGH,auto_matched
CW_000483,lok_sabha,recommended,939,sanctioned,931,,exact_multi_field,98.0,HIGH,auto_matched
CW_000482,lok_sabha,recommended,927,sanctioned,953,,exact_multi_field,98.0,HIGH,auto_matched
CW_000485,lok_sabha,recommended,922,sanctioned,931,,exact_multi_field,98.0,HIGH,auto_matched
CW_000444,lok_sabha,recommended,931,sanctioned,925,,exact_multi_field,98.0,HIGH,auto_matched
CW_000036,lok_sabha,recommended,1243,sanctioned,1224,,exact_multi_field,98.0,HIGH,auto_matched
CW_000066,lok_sabha,recommended,10,sanctioned,10,,exact_multi_field,98.0,HIGH,auto_matched
CW_000028,lok_sabha,recommended,1217,sanctioned,1230,,exact_multi_field,98.0,HIGH,auto_matched
CW_000005,lok_sabha,recommended,1238,sanctioned,1232,,exact_multi_field,98.0,HIGH,auto_matched
CW_000048,lok_sabha,recommended,1216,sanctioned,1228,,exact_multi_field,98.0,HIGH,auto_matched
CW_000745,lok_sabha,recommended,1103,sanctioned,1093,,exact_multi_field,98.0,HIGH,auto_matched
CW_000316,lok_sabha,recommended,1308,sanctioned,1298,,exact_multi_field,98.0,HIGH,auto_matched
CW_000174,lok_sabha,recommended,1200,sanctioned,1192,,exact_multi_field,98.0,HIGH,auto_matched
CW_000491,lok_sabha,recommended,620,sanctioned,607,,exact_multi_field,98.0,HIGH,auto_matched
CW_000558,lok_sabha,recommended,964,sanctioned,915,,exact_multi_field,98.0,HIGH,auto_matched
CW_000007,lok_sabha,recommended,510,sanctioned,504,,exact_multi_field,98.0,HIGH,auto_matched
CW_000713,lok_sabha,recommended,623,sanctioned,615,,exact_multi_field,98.0,HIGH,auto_matched
CW_000010,lok_sabha,recommended,1199,sanctioned,1189,,exact_multi_field,98.0,HIGH,auto_matched
CW_000454,lok_sabha,recommended,955,sanctioned,951,,exact_multi_field,98.0,HIGH,auto_matched
CW_000248,lok_sabha,recommended,1162,sanctioned,1152,,exact_multi_field,98.0,HIGH,auto_matched
CW_000493,lok_sabha,recommended,956,sanctioned,915,,exact_multi_field,98.0,HIGH,auto_matched
CW_000746,lok_sabha,recommended,60,sanctioned,60,,exact_multi_field,98.0,HIGH,auto_matched
CW_000453,lok_sabha,recommended,959,sanctioned,923,,exact_multi_field,98.0,HIGH,auto_matched
CW_000088,lok_sabha,recommended,514,sanctioned,506,,exact_multi_field,98.0,HIGH,auto_matched
CW_000493,lok_sabha,recommended,956,sanctioned,945,,exact_multi_field,98.0,HIGH,auto_matched
CW_000452,lok_sabha,recommended,631,sanctioned,612,,exact_multi_field,98.0,HIGH,auto_matched
CW_000455,lok_sabha,recommended,942,sanctioned,923,,exact_multi_field,98.0,HIGH,auto_matched
CW_000453,lok_sabha,recommended,959,sanctioned,953,,exact_multi_field,98.0,HIGH,auto_matched
CW_000619,lok_sabha,recommended,602,sanctioned,604,,exact_multi_field,98.0,HIGH,auto_matched
CW_000496,lok_sabha,recommended,946,sanctioned,919,,exact_multi_field,98.0,HIGH,auto_matched
CW_000455,lok_sabha,recommended,942,sanctioned,953,,exact_multi_field,98.0,HIGH,auto_matched
CW_000497,lok_sabha,recommended,929,sanctioned,919,,exact_multi_field,98.0,HIGH,auto_matched
CW_000496,lok_sabha,recommended,946,sanctioned,949,,exact_multi_field,98.0,HIGH,auto_matched
CW_000459,lok_sabha,recommended,938,sanctioned,913,,exact_multi_field,98.0,HIGH,auto_matched
CW_000251,lok_sabha,recommended,1258,sanctioned,1248,,exact_multi_field,98.0,HIGH,auto_matched
CW_000460,lok_sabha,recommended,932,sanctioned,927,,exact_multi_field,98.0,HIGH,auto_matched
CW_000575,lok_sabha,recommended,926,sanctioned,941,,exact_multi_field,98.0,HIGH,auto_matched
CW_000497,lok_sabha,recommended,929,sanctioned,949,,exact_multi_field,98.0,HIGH,auto_matched
CW_000462,lok_sabha,recommended,921,sanctioned,913,,exact_multi_field,98.0,HIGH,auto_matched
CW_000085,lok_sabha,recommended,468,sanctioned,460,,exact_multi_field,98.0,HIGH,auto_matched
CW_000630,lok_sabha,recommended,576,sanctioned,572,,exact_multi_field,98.0,HIGH,auto_matched
CW_000747,lok_sabha,recommended,883,sanctioned,873,,exact_multi_field,98.0,HIGH,auto_matched
CW_000028,lok_sabha,recommended,1247,sanctioned,1225,,exact_multi_field,98.0,HIGH,auto_matched
CW_000126,lok_sabha,recommended,1227,sanctioned,1217,,exact_multi_field,98.0,HIGH,auto_matched
CW_000009,lok_sabha,recommended,1230,sanctioned,1225,,exact_multi_field,98.0,HIGH,auto_matched
CW_000100,lok_sabha,recommended,298,sanctioned,296,,exact_multi_field,98.0,HIGH,auto_matched
CW_000271,lok_sabha,recommended,979,sanctioned,969,,exact_multi_field,98.0,HIGH,auto_matched
CW_000022,lok_sabha,recommended,1206,sanctioned,1207,,exact_multi_field,98.0,HIGH,auto_matched
CW_000468,lok_sabha,recommended,966,sanctioned,911,,exact_multi_field,98.0,HIGH,auto_matched
CW_000501,lok_sabha,recommended,963,sanctioned,933,,exact_multi_field,98.0,HIGH,auto_matched
CW_000503,lok_sabha,recommended,957,sanctioned,947,,exact_multi_field,98.0,HIGH,auto_matched
CW_000471,lok_sabha,recommended,949,sanctioned,911,,exact_multi_field,98.0,HIGH,auto_matched
CW_000468,lok_sabha,recommended,966,sanctioned,941,,exact_multi_field,98.0,HIGH,auto_matched
CW_000471,lok_sabha,recommended,949,sanctioned,941,,exact_multi_field,98.0,HIGH,auto_matched
CW_000507,lok_sabha,recommended,953,sanctioned,937,,exact_multi_field,98.0,HIGH,auto_matched
CW_000599,lok_sabha,recommended,604,sanctioned,600,,exact_multi_field,98.0,HIGH,auto_matched
CW_000533,lok_sabha,recommended,933,sanctioned,929,,exact_multi_field,98.0,HIGH,auto_matched
CW_000474,lok_sabha,recommended,613,sanctioned,594,,exact_multi_field,98.0,HIGH,auto_matched
CW_000510,lok_sabha,recommended,936,sanctioned,936,,exact_multi_field,98.0,HIGH,auto_matched
CW_000692,lok_sabha,recommended,600,sanctioned,590,,exact_multi_field,98.0,HIGH,auto_matched
CW_000251,lok_sabha,recommended,1255,sanctioned,1245,,exact_multi_field,98.0,HIGH,auto_matched
CW_000482,lok_sabha,recommended,927,sanctioned,934,,exact_multi_field,98.0,HIGH,auto_matched
CW_000041,lok_sabha,recommended,213,sanctioned,213,,exact_multi_field,98.0,HIGH,auto_matched
CW_000022,lok_sabha,recommended,1234,sanctioned,1205,,exact_multi_field,98.0,HIGH,auto_matched
CW_000048,lok_sabha,recommended,1231,sanctioned,1227,,exact_multi_field,98.0,HIGH,auto_matched
CW_000028,lok_sabha,recommended,1217,sanctioned,1205,,exact_multi_field,98.0,HIGH,auto_matched
CW_000022,lok_sabha,recommended,1234,sanctioned,1235,,exact_multi_field,98.0,HIGH,auto_matched
CW_000221,lok_sabha,recommended,1351,sanctioned,1341,,exact_multi_field,98.0,HIGH,auto_matched
CW_000004,lok_sabha,recommended,1214,sanctioned,1227,,exact_multi_field,98.0,HIGH,auto_matched
CW_000023,lok_sabha,recommended,1221,sanctioned,1201,,exact_multi_field,98.0,HIGH,auto_matched
CW_000028,lok_sabha,recommended,1217,sanctioned,1235,,exact_multi_field,98.0,HIGH,auto_matched
CW_000748,lok_sabha,recommended,527,sanctioned,518,,exact_multi_field,98.0,HIGH,auto_matched
CW_000749,lok_sabha,recommended,419,sanctioned,412,,exact_multi_field,98.0,HIGH,auto_matched
CW_000515,lok_sabha,recommended,960,sanctioned,924,,exact_multi_field,98.0,HIGH,auto_matched
CW_000517,lok_sabha,recommended,969,sanctioned,918,,exact_multi_field,98.0,HIGH,auto_matched
CW_000493,lok_sabha,recommended,956,sanctioned,958,,exact_multi_field,98.0,HIGH,auto_matched
CW_000518,lok_sabha,recommended,611,sanctioned,588,,exact_multi_field,98.0,HIGH,auto_matched
CW_000625,lok_sabha,recommended,628,sanctioned,618,,exact_multi_field,98.0,HIGH,auto_matched
CW_000519,lok_sabha,recommended,943,sanctioned,924,,exact_multi_field,98.0,HIGH,auto_matched
CW_000515,lok_sabha,recommended,960,sanctioned,954,,exact_multi_field,98.0,HIGH,auto_matched
CW_000521,lok_sabha,recommended,952,sanctioned,918,,exact_multi_field,98.0,HIGH,auto_matched
CW_000519,lok_sabha,recommended,943,sanctioned,954,,exact_multi_field,98.0,HIGH,auto_matched
CW_000558,lok_sabha,recommended,964,sanctioned,926,,exact_multi_field,98.0,HIGH,auto_matched
CW_000565,lok_sabha,recommended,935,sanctioned,918,,exact_multi_field,98.0,HIGH,auto_matched
CW_000559,lok_sabha,recommended,947,sanctioned,926,,exact_multi_field,98.0,HIGH,auto_matched
CW_000493,lok_sabha,recommended,956,sanctioned,920,,exact_multi_field,98.0,HIGH,auto_matched
CW_000463,lok_sabha,recommended,930,sanctioned,926,,exact_multi_field,98.0,HIGH,auto_matched
CW_000559,lok_sabha,recommended,947,sanctioned,956,,exact_multi_field,98.0,HIGH,auto_matched
CW_000494,lok_sabha,recommended,925,sanctioned,922,,exact_multi_field,98.0,HIGH,auto_matched
CW_000463,lok_sabha,recommended,930,sanctioned,956,,exact_multi_field,98.0,HIGH,auto_matched
CW_000750,lok_sabha,recommended,1379,sanctioned,1369,,exact_multi_field,98.0,HIGH,auto_matched
CW_000575,lok_sabha,recommended,926,sanctioned,916,,exact_multi_field,98.0,HIGH,auto_matched
CW_000045,lok_sabha,recommended,1241,sanctioned,1223,,exact_multi_field,98.0,HIGH,auto_matched
CW_000069,lok_sabha,recommended,8,sanctioned,8,,exact_multi_field,98.0,HIGH,auto_matched
CW_000380,lok_sabha,recommended,1228,sanctioned,1218,,exact_multi_field,98.0,HIGH,auto_matched
CW_000045,lok_sabha,recommended,1245,sanctioned,1224,,exact_multi_field,98.0,HIGH,auto_matched
CW_000113,lok_sabha,recommended,299,sanctioned,297,,exact_multi_field,98.0,HIGH,auto_matched
CW_000028,lok_sabha,recommended,1232,sanctioned,1220,,exact_multi_field,98.0,HIGH,auto_matched
CW_000022,lok_sabha,recommended,1215,sanctioned,1220,,exact_multi_field,98.0,HIGH,auto_matched
CW_000528,lok_sabha,recommended,967,sanctioned,912,,exact_multi_field,98.0,HIGH,auto_matched
CW_000126,lok_sabha,recommended,1224,sanctioned,1214,,exact_multi_field,98.0,HIGH,auto_matched
CW_000501,lok_sabha,recommended,963,sanctioned,946,,exact_multi_field,98.0,HIGH,auto_matched
CW_000529,lok_sabha,recommended,950,sanctioned,912,,exact_multi_field,98.0,HIGH,auto_matched
CW_000528,lok_sabha,recommended,967,sanctioned,942,,exact_multi_field,98.0,HIGH,auto_matched
CW_000529,lok_sabha,recommended,950,sanctioned,942,,exact_multi_field,98.0,HIGH,auto_matched
CW_000582,lok_sabha,recommended,610,sanctioned,599,,exact_multi_field,98.0,HIGH,auto_matched
CW_000451,lok_sabha,recommended,962,sanctioned,950,,exact_multi_field,98.0,HIGH,auto_matched
CW_000751,lok_sabha,recommended,58,sanctioned,58,,exact_multi_field,98.0,HIGH,auto_matched
CW_000505,lok_sabha,recommended,954,sanctioned,914,,exact_multi_field,98.0,HIGH,auto_matched
CW_000534,lok_sabha,recommended,614,sanctioned,595,,exact_multi_field,98.0,HIGH,auto_matched
CW_000476,lok_sabha,recommended,945,sanctioned,950,,exact_multi_field,98.0,HIGH,auto_matched
CW_000088,lok_sabha,recommended,512,sanctioned,505,,exact_multi_field,98.0,HIGH,auto_matched
CW_000506,lok_sabha,recommended,937,sanctioned,914,,exact_multi_field,98.0,HIGH,auto_matched
CW_000505,lok_sabha,recommended,954,sanctioned,944,,exact_multi_field,98.0,HIGH,auto_matched
CW_000752,lok_sabha,recommended,1286,sanctioned,1280,,exact_multi_field,98.0,HIGH,auto_matched
CW_000692,lok_sabha,recommended,600,sanctioned,603,,exact_multi_field,98.0,HIGH,auto_matched
CW_000479,lok_sabha,recommended,928,sanctioned,950,,exact_multi_field,98.0,HIGH,auto_matched
CW_000506,lok_sabha,recommended,937,sanctioned,944,,exact_multi_field,98.0,HIGH,auto_matched
CW_000753,lok_sabha,recommended,1256,sanctioned,1246,,exact_multi_field,98.0,HIGH,auto_matched
CW_000510,lok_sabha,recommended,936,sanctioned,911,,exact_multi_field,98.0,HIGH,auto_matched
CW_000634,lok_sabha,recommended,601,sanctioned,597,,exact_multi_field,98.0,HIGH,auto_matched
CW_000464,lok_sabha,recommended,924,sanctioned,940,,exact_multi_field,98.0,HIGH,auto_matched
CW_000754,lok_sabha,recommended,1252,sanctioned,1242,,exact_multi_field,98.0,HIGH,auto_matched
CW_000009,lok_sabha,recommended,1239,sanctioned,1208,,exact_multi_field,98.0,HIGH,auto_matched
CW_000126,lok_sabha,recommended,1225,sanctioned,1216,,exact_multi_field,98.0,HIGH,auto_matched
CW_000023,lok_sabha,recommended,1222,sanctioned,1238,,exact_multi_field,98.0,HIGH,auto_matched
CW_000755,lok_sabha,recommended,330,sanctioned,324,,exact_multi_field,98.0,HIGH,auto_matched
CW_000184,lok_sabha,recommended,86,sanctioned,86,,exact_multi_field,98.0,HIGH,auto_matched
CW_000543,lok_sabha,recommended,961,sanctioned,931,,exact_multi_field,98.0,HIGH,auto_matched
CW_000756,lok_sabha,recommended,1284,sanctioned,1274,,exact_multi_field,98.0,HIGH,auto_matched
CW_000558,lok_sabha,recommended,964,sanctioned,939,,exact_multi_field,98.0,HIGH,auto_matched
CW_000757,lok_sabha,recommended,868,sanctioned,859,,exact_multi_field,98.0,HIGH,auto_matched
CW_000591,lok_sabha,recommended,607,sanctioned,591,,exact_multi_field,98.0,HIGH,auto_matched
CW_000544,lok_sabha,recommended,944,sanctioned,931,,exact_multi_field,98.0,HIGH,auto_matched
CW_000472,lok_sabha,recommended,965,sanctioned,957,,exact_multi_field,98.0,HIGH,auto_matched
CW_000545,lok_sabha,recommended,951,sanctioned,935,,exact_multi_field,98.0,HIGH,auto_matched
CW_000444,lok_sabha,recommended,931,sanctioned,927,,exact_multi_field,98.0,HIGH,auto_matched
CW_000477,lok_sabha,recommended,948,sanctioned,957,,exact_multi_field,98.0,HIGH,auto_matched
CW_000522,lok_sabha,recommended,940,sanctioned,921,,exact_multi_field,98.0,HIGH,auto_matched
CW_000444,lok_sabha,recommended,931,sanctioned,957,,exact_multi_field,98.0,HIGH,auto_matched
CW_000758,lok_sabha,recommended,36,sanctioned,36,,exact_multi_field,98.0,HIGH,auto_matched
CW_000445,lok_sabha,recommended,923,sanctioned,921,,exact_multi_field,98.0,HIGH,auto_matched
CW_000522,lok_sabha,recommended,940,sanctioned,951,,exact_multi_field,98.0,HIGH,auto_matched
CW_000550,lok_sabha,recommended,598,sanctioned,589,,exact_multi_field,98.0,HIGH,auto_matched
CW_000482,lok_sabha,recommended,927,sanctioned,917,,exact_multi_field,98.0,HIGH,auto_matched
CW_000017,lok_sabha,recommended,1233,sanctioned,1206,,exact_multi_field,98.0,HIGH,auto_matched
CW_000482,lok_sabha,recommended,927,sanctioned,947,,exact_multi_field,98.0,HIGH,auto_matched
CW_000048,lok_sabha,recommended,1246,sanctioned,1196,,exact_multi_field,98.0,HIGH,auto_matched
CW_000017,lok_sabha,recommended,1233,sanctioned,1236,,exact_multi_field,98.0,HIGH,auto_matched
CW_000294,lok_sabha,recommended,800,sanctioned,791,,exact_multi_field,98.0,HIGH,auto_matched
CW_000759,lok_sabha,recommended,114,sanctioned,114,,exact_multi_field,98.0,HIGH,auto_matched
CW_000760,lok_sabha,recommended,245,sanctioned,242,,exact_multi_field,98.0,HIGH,auto_matched
CW_000018,lok_sabha,recommended,1229,sanctioned,1196,,exact_multi_field,98.0,HIGH,auto_matched
CW_000018,lok_sabha,recommended,1229,sanctioned,1226,,exact_multi_field,98.0,HIGH,auto_matched
CW_000448,lok_sabha,recommended,632,sanctioned,611,,exact_multi_field,98.0,HIGH,auto_matched
CW_000259,lok_sabha,recommended,1312,sanctioned,1302,,exact_multi_field,98.0,HIGH,auto_matched
CW_000048,lok_sabha,recommended,1216,sanctioned,1222,,exact_multi_field,98.0,HIGH,auto_matched
CW_000761,lok_sabha,recommended,896,sanctioned,887,,exact_multi_field,98.0,HIGH,auto_matched
CW_000762,lok_sabha,recommended,417,sanctioned,410,,exact_multi_field,98.0,HIGH,auto_matched
CW_000763,lok_sabha,recommended,1435,sanctioned,1424,,exact_multi_field,98.0,HIGH,auto_matched
CW_000449,lok_sabha,recommended,968,sanctioned,919,,exact_multi_field,98.0,HIGH,auto_matched
CW_000453,lok_sabha,recommended,959,sanctioned,955,,exact_multi_field,98.0,HIGH,auto_matched
CW_000449,lok_sabha,recommended,968,sanctioned,949,,exact_multi_field,98.0,HIGH,auto_matched
CW_000764,lok_sabha,recommended,64,sanctioned,64,,exact_multi_field,98.0,HIGH,auto_matched
CW_000765,lok_sabha,recommended,1408,sanctioned,1398,,exact_multi_field,98.0,HIGH,auto_matched
CW_000456,lok_sabha,recommended,958,sanctioned,923,,exact_multi_field,98.0,HIGH,auto_matched
CW_000713,lok_sabha,recommended,623,sanctioned,609,,exact_multi_field,98.0,HIGH,auto_matched
CW_000458,lok_sabha,recommended,626,sanctioned,616,,exact_multi_field,98.0,HIGH,auto_matched
CW_000528,lok_sabha,recommended,967,sanctioned,917,,exact_multi_field,98.0,HIGH,auto_matched
CW_000454,lok_sabha,recommended,955,sanctioned,945,,exact_multi_field,98.0,HIGH,auto_matched
CW_000014,lok_sabha,recommended,1202,sanctioned,1191,,exact_multi_field,98.0,HIGH,auto_matched
CW_000456,lok_sabha,recommended,958,sanctioned,953,,exact_multi_field,98.0,HIGH,auto_matched
CW_000459,lok_sabha,recommended,938,sanctioned,945,,exact_multi_field,98.0,HIGH,auto_matched
CW_000559,lok_sabha,recommended,947,sanctioned,939,,exact_multi_field,98.0,HIGH,auto_matched
CW_000461,lok_sabha,recommended,941,sanctioned,953,,exact_multi_field,98.0,HIGH,auto_matched
CW_000462,lok_sabha,recommended,921,sanctioned,945,,exact_multi_field,98.0,HIGH,auto_matched
CW_000332,lok_sabha,recommended,828,sanctioned,819,,exact_multi_field,98.0,HIGH,auto_matched
CW_000455,lok_sabha,recommended,942,sanctioned,917,,exact_multi_field,98.0,HIGH,auto_matched
CW_000766,lok_sabha,recommended,273,sanctioned,270,,exact_multi_field,98.0,HIGH,auto_matched
CW_000619,lok_sabha,recommended,602,sanctioned,598,,exact_multi_field,98.0,HIGH,auto_matched
CW_000463,lok_sabha,recommended,930,sanctioned,939,,exact_multi_field,98.0,HIGH,auto_matched
CW_000455,lok_sabha,recommended,942,sanctioned,947,,exact_multi_field,98.0,HIGH,auto_matched
CW_000466,lok_sabha,recommended,920,sanctioned,913,,exact_multi_field,98.0,HIGH,auto_matched
CW_000464,lok_sabha,recommended,924,sanctioned,915,,exact_multi_field,98.0,HIGH,auto_matched
CW_000767,lok_sabha,recommended,1253,sanctioned,1243,,exact_multi_field,98.0,HIGH,auto_matched
CW_000045,lok_sabha,recommended,1245,sanctioned,1207,,exact_multi_field,98.0,HIGH,auto_matched
CW_000768,lok_sabha,recommended,1463,sanctioned,1452,,exact_multi_field,98.0,HIGH,auto_matched
CW_000253,lok_sabha,recommended,129,sanctioned,129,,exact_multi_field,98.0,HIGH,auto_matched
CW_000121,lok_sabha,recommended,444,sanctioned,436,,exact_multi_field,98.0,HIGH,auto_matched
CW_000769,lok_sabha,recommended,654,sanctioned,644,,exact_multi_field,98.0,HIGH,auto_matched
CW_000468,lok_sabha,recommended,966,sanctioned,943,,exact_multi_field,98.0,HIGH,auto_matched
CW_000067,lok_sabha,recommended,983,sanctioned,973,,exact_multi_field,98.0,HIGH,auto_matched
CW_000023,lok_sabha,recommended,1210,sanctioned,1211,,exact_multi_field,98.0,HIGH,auto_matched
CW_000005,lok_sabha,recommended,1213,sanctioned,1219,,exact_multi_field,98.0,HIGH,auto_matched
CW_000451,lok_sabha,recommended,962,sanctioned,933,,exact_multi_field,98.0,HIGH,auto_matched
CW_000476,lok_sabha,recommended,945,sanctioned,933,,exact_multi_field,98.0,HIGH,auto_matched
CW_000478,lok_sabha,recommended,1192,sanctioned,1179,,exact_multi_field,98.0,HIGH,auto_matched
CW_000517,lok_sabha,recommended,969,sanctioned,912,,exact_multi_field,98.0,HIGH,auto_matched
CW_000664,lok_sabha,recommended,622,sanctioned,620,,exact_multi_field,98.0,HIGH,auto_matched
CW_000479,lok_sabha,recommended,928,sanctioned,933,,exact_multi_field,98.0,HIGH,auto_matched
CW_000517,lok_sabha,recommended,969,sanctioned,942,,exact_multi_field,98.0,HIGH,auto_matched
CW_000480,lok_sabha,recommended,612,sanctioned,594,,exact_multi_field,98.0,HIGH,auto_matched
CW_000471,lok_sabha,recommended,949,sanctioned,935,,exact_multi_field,98.0,HIGH,auto_matched
CW_000521,lok_sabha,recommended,952,sanctioned,942,,exact_multi_field,98.0,HIGH,auto_matched
CW_000770,lok_sabha,recommended,1281,sanctioned,1271,,exact_multi_field,98.0,HIGH,auto_matched
CW_000472,lok_sabha,recommended,965,sanctioned,932,,exact_multi_field,98.0,HIGH,auto_matched
CW_000483,lok_sabha,recommended,939,sanctioned,938,,exact_multi_field,98.0,HIGH,auto_matched
CW_000477,lok_sabha,recommended,948,sanctioned,932,,exact_multi_field,98.0,HIGH,auto_matched
CW_000771,lok_sabha,recommended,582,sanctioned,566,,exact_multi_field,98.0,HIGH,auto_matched
CW_000547,lok_sabha,recommended,599,sanctioned,596,,exact_multi_field,98.0,HIGH,auto_matched
CW_000485,lok_sabha,recommended,922,sanctioned,938,,exact_multi_field,98.0,HIGH,auto_matched
CW_000444,lok_sabha,recommended,931,sanctioned,932,,exact_multi_field,98.0,HIGH,auto_matched
CW_000036,lok_sabha,recommended,1243,sanctioned,1231,,exact_multi_field,98.0,HIGH,auto_matched
CW_000772,lok_sabha,recommended,1048,sanctioned,1038,,exact_multi_field,98.0,HIGH,auto_matched
CW_000773,lok_sabha,recommended,1377,sanctioned,1367,,exact_multi_field,98.0,HIGH,auto_matched
CW_000048,lok_sabha,recommended,1216,sanctioned,1235,,exact_multi_field,98.0,HIGH,auto_matched
CW_000036,lok_sabha,recommended,1237,sanctioned,1207,,exact_multi_field,98.0,HIGH,auto_matched
CW_000774,lok_sabha,recommended,778,sanctioned,768,,exact_multi_field,98.0,HIGH,auto_matched
CW_000036,lok_sabha,recommended,1237,sanctioned,1237,,exact_multi_field,98.0,HIGH,auto_matched
CW_000028,lok_sabha,recommended,1217,sanctioned,1229,,exact_multi_field,98.0,HIGH,auto_matched
CW_000491,lok_sabha,recommended,620,sanctioned,614,,exact_multi_field,98.0,HIGH,auto_matched
CW_000185,lok_sabha,recommended,1309,sanctioned,1299,,exact_multi_field,98.0,HIGH,auto_matched
CW_000713,lok_sabha,recommended,623,sanctioned,622,,exact_multi_field,98.0,HIGH,auto_matched
CW_000493,lok_sabha,recommended,956,sanctioned,922,,exact_multi_field,98.0,HIGH,auto_matched
CW_000453,lok_sabha,recommended,959,sanctioned,930,,exact_multi_field,98.0,HIGH,auto_matched
CW_000450,lok_sabha,recommended,619,sanctioned,612,,exact_multi_field,98.0,HIGH,auto_matched
CW_000493,lok_sabha,recommended,956,sanctioned,952,,exact_multi_field,98.0,HIGH,auto_matched
CW_000452,lok_sabha,recommended,631,sanctioned,619,,exact_multi_field,98.0,HIGH,auto_matched
CW_000245,lok_sabha,recommended,829,sanctioned,820,,exact_multi_field,98.0,HIGH,auto_matched
CW_000775,lok_sabha,recommended,1076,sanctioned,1066,,exact_multi_field,98.0,HIGH,auto_matched
CW_000521,lok_sabha,recommended,952,sanctioned,912,,exact_multi_field,98.0,HIGH,auto_matched
CW_000496,lok_sabha,recommended,946,sanctioned,926,,exact_multi_field,98.0,HIGH,auto_matched
CW_000277,lok_sabha,recommended,1405,sanctioned,1395,,exact_multi_field,98.0,HIGH,auto_matched
CW_000454,lok_sabha,recommended,955,sanctioned,920,,exact_multi_field,98.0,HIGH,auto_matched
CW_000519,lok_sabha,recommended,943,sanctioned,948,,exact_multi_field,98.0,HIGH,auto_matched
CW_000565,lok_sabha,recommended,935,sanctioned,912,,exact_multi_field,98.0,HIGH,auto_matched
CW_000497,lok_sabha,recommended,929,sanctioned,926,,exact_multi_field,98.0,HIGH,auto_matched
CW_000496,lok_sabha,recommended,946,sanctioned,956,,exact_multi_field,98.0,HIGH,auto_matched
CW_000459,lok_sabha,recommended,938,sanctioned,920,,exact_multi_field,98.0,HIGH,auto_matched
CW_000575,lok_sabha,recommended,926,sanctioned,948,,exact_multi_field,98.0,HIGH,auto_matched
CW_000776,lok_sabha,recommended,34,sanctioned,34,,exact_multi_field,98.0,HIGH,auto_matched
CW_000565,lok_sabha,recommended,935,sanctioned,942,,exact_multi_field,98.0,HIGH,auto_matched
CW_000497,lok_sabha,recommended,929,sanctioned,956,,exact_multi_field,98.0,HIGH,auto_matched
CW_000462,lok_sabha,recommended,921,sanctioned,920,,exact_multi_field,98.0,HIGH,auto_matched
CW_000463,lok_sabha,recommended,930,sanctioned,920,,exact_multi_field,98.0,HIGH,auto_matched
CW_000494,lok_sabha,recommended,925,sanctioned,916,,exact_multi_field,98.0,HIGH,auto_matched
CW_000619,lok_sabha,recommended,602,sanctioned,603,,exact_multi_field,98.0,HIGH,auto_matched
CW_000002,lok_sabha,recommended,341,sanctioned,335,,exact_multi_field,98.0,HIGH,auto_matched
CW_000494,lok_sabha,recommended,925,sanctioned,946,,exact_multi_field,98.0,HIGH,auto_matched
CW_000239,lok_sabha,recommended,1374,sanctioned,1364,,exact_multi_field,98.0,HIGH,auto_matched
CW_000063,lok_sabha,recommended,1244,sanctioned,1224,,exact_multi_field,98.0,HIGH,auto_matched
CW_000028,lok_sabha,recommended,1247,sanctioned,1232,,exact_multi_field,98.0,HIGH,auto_matched
CW_000126,lok_sabha,recommended,1224,sanctioned,1216,,exact_multi_field,98.0,HIGH,auto_matched
CW_000777,lok_sabha,recommended,894,sanctioned,885,,exact_multi_field,98.0,HIGH,auto_matched
CW_000778,lok_sabha,recommended,857,sanctioned,848,,exact_multi_field,98.0,HIGH,auto_matched
CW_000779,lok_sabha,recommended,302,sanctioned,299,,exact_multi_field,98.0,HIGH,auto_matched
CW_000277,lok_sabha,recommended,1433,sanctioned,1422,,exact_multi_field,98.0,HIGH,auto_matched
CW_000468,lok_sabha,recommended,966,sanctioned,918,,exact_multi_field,98.0,HIGH,auto_matched
CW_000387,lok_sabha,recommended,651,sanctioned,641,,exact_multi_field,98.0,HIGH,auto_matched
CW_000501,lok_sabha,recommended,963,sanctioned,940,,exact_multi_field,98.0,HIGH,auto_matched
CW_000468,lok_sabha,recommended,966,sanctioned,948,,exact_multi_field,98.0,HIGH,auto_matched
CW_000780,lok_sabha,recommended,62,sanctioned,62,,exact_multi_field,98.0,HIGH,auto_matched
CW_000507,lok_sabha,recommended,953,sanctioned,914,,exact_multi_field,98.0,HIGH,auto_matched
CW_000508,lok_sabha,recommended,621,sanctioned,607,,exact_multi_field,98.0,HIGH,auto_matched
CW_000529,lok_sabha,recommended,950,sanctioned,936,,exact_multi_field,98.0,HIGH,auto_matched
CW_000604,lok_sabha,recommended,624,sanctioned,615,,exact_multi_field,98.0,HIGH,auto_matched
CW_000507,lok_sabha,recommended,953,sanctioned,944,,exact_multi_field,98.0,HIGH,auto_matched
CW_000582,lok_sabha,recommended,610,sanctioned,593,,exact_multi_field,98.0,HIGH,auto_matched
CW_000533,lok_sabha,recommended,933,sanctioned,936,,exact_multi_field,98.0,HIGH,auto_matched
CW_000474,lok_sabha,recommended,613,sanctioned,601,,exact_multi_field,98.0,HIGH,auto_matched
CW_000781,lok_sabha,recommended,747,sanctioned,737,,exact_multi_field,98.0,HIGH,auto_matched
CW_000782,lok_sabha,recommended,1492,sanctioned,1481,,exact_multi_field,98.0,HIGH,auto_matched
CW_000783,lok_sabha,recommended,271,sanctioned,268,,exact_multi_field,98.0,HIGH,auto_matched
CW_000692,lok_sabha,recommended,600,sanctioned,597,,exact_multi_field,98.0,HIGH,auto_matched
CW_000457,lok_sabha,recommended,609,sanctioned,591,,exact_multi_field,98.0,HIGH,auto_matched
CW_000460,lok_sabha,recommended,932,sanctioned,934,,exact_multi_field,98.0,HIGH,auto_matched
CW_000784,lok_sabha,recommended,16,sanctioned,16,,exact_multi_field,98.0,HIGH,auto_matched
CW_000483,lok_sabha,recommended,939,sanctioned,913,,exact_multi_field,98.0,HIGH,auto_matched
CW_000482,lok_sabha,recommended,927,sanctioned,941,,exact_multi_field,98.0,HIGH,auto_matched
CW_000510,lok_sabha,recommended,936,sanctioned,935,,exact_multi_field,98.0,HIGH,auto_matched
CW_000048,lok_sabha,recommended,1231,sanctioned,1204,,exact_multi_field,98.0,HIGH,auto_matched
CW_000485,lok_sabha,recommended,922,sanctioned,913,,exact_multi_field,98.0,HIGH,auto_matched
CW_000004,lok_sabha,recommended,1214,sanctioned,1204,,exact_multi_field,98.0,HIGH,auto_matched
CW_000048,lok_sabha,recommended,1231,sanctioned,1234,,exact_multi_field,98.0,HIGH,auto_matched
CW_000785,lok_sabha,recommended,1461,sanctioned,1450,,exact_multi_field,98.0,HIGH,auto_matched
CW_000004,lok_sabha,recommended,1214,sanctioned,1234,,exact_multi_field,98.0,HIGH,auto_matched
CW_000786,lok_sabha,recommended,1008,sanctioned,998,,exact_multi_field,98.0,HIGH,auto_matched
CW_000023,lok_sabha,recommended,1221,sanctioned,1238,,exact_multi_field,98.0,HIGH,auto_matched
CW_000409,lok_sabha,recommended,90,sanctioned,90,,exact_multi_field,98.0,HIGH,auto_matched
CW_000787,lok_sabha,recommended,528,sanctioned,519,,exact_multi_field,98.0,HIGH,auto_matched
CW_000738,lok_sabha,recommended,1191,sanctioned,1180,,exact_multi_field,98.0,HIGH,auto_matched
CW_000788,lok_sabha,recommended,775,sanctioned,765,,exact_multi_field,98.0,HIGH,auto_matched
CW_000028,lok_sabha,recommended,1217,sanctioned,1204,,exact_multi_field,98.0,HIGH,auto_matched
CW_000515,lok_sabha,recommended,960,sanctioned,931,,exact_multi_field,98.0,HIGH,auto_matched
CW_000517,lok_sabha,recommended,969,sanctioned,925,,exact_multi_field,98.0,HIGH,auto_matched
CW_000789,lok_sabha,recommended,872,sanctioned,863,,exact_multi_field,98.0,HIGH,auto_matched
CW_000149,lok_sabha,recommended,186,sanctioned,186,,exact_multi_field,98.0,HIGH,auto_matched
CW_000518,lok_sabha,recommended,611,sanctioned,595,,exact_multi_field,98.0,HIGH,auto_matched
CW_000503,lok_sabha,recommended,957,sanctioned,954,,exact_multi_field,98.0,HIGH,auto_matched
CW_000521,lok_sabha,recommended,952,sanctioned,925,,exact_multi_field,98.0,HIGH,auto_matched
CW_000790,lok_sabha,recommended,44,sanctioned,44,,exact_multi_field,98.0,HIGH,auto_matched
CW_000571,lok_sabha,recommended,603,sanctioned,589,,exact_multi_field,98.0,HIGH,auto_matched
CW_000558,lok_sabha,recommended,964,sanctioned,933,,exact_multi_field,98.0,HIGH,auto_matched
CW_000559,lok_sabha,recommended,947,sanctioned,933,,exact_multi_field,98.0,HIGH,auto_matched
CW_000791,lok_sabha,recommended,392,sanctioned,384,,exact_multi_field,98.0,HIGH,auto_matched
CW_000544,lok_sabha,recommended,944,sanctioned,955,,exact_multi_field,98.0,HIGH,auto_matched
CW_000463,lok_sabha,recommended,930,sanctioned,933,,exact_multi_field,98.0,HIGH,auto_matched
CW_000062,lok_sabha,recommended,826,sanctioned,817,,exact_multi_field,98.0,HIGH,auto_matched
CW_000792,lok_sabha,recommended,1489,sanctioned,1478,,exact_multi_field,98.0,HIGH,auto_matched
CW_000793,lok_sabha,recommended,140,sanctioned,140,,exact_multi_field,98.0,HIGH,auto_matched
CW_000525,lok_sabha,recommended,934,sanctioned,929,,exact_multi_field,98.0,HIGH,auto_matched
CW_000545,lok_sabha,recommended,951,sanctioned,959,,exact_multi_field,98.0,HIGH,auto_matched
CW_000519,lok_sabha,recommended,943,sanctioned,923,,exact_multi_field,98.0,HIGH,auto_matched
CW_000445,lok_sabha,recommended,923,sanctioned,915,,exact_multi_field,98.0,HIGH,auto_matched
CW_000525,lok_sabha,recommended,934,sanctioned,959,,exact_multi_field,98.0,HIGH,auto_matched
CW_000575,lok_sabha,recommended,926,sanctioned,923,,exact_multi_field,98.0,HIGH,auto_matched
CW_000794,lok_sabha,recommended,118,sanctioned,118,,exact_multi_field,98.0,HIGH,auto_matched
CW_000045,lok_sabha,recommended,1241,sanctioned,1230,,exact_multi_field,98.0,HIGH,auto_matched
CW_000111,lok_sabha,recommended,1338,sanctioned,1328,,exact_multi_field,98.0,HIGH,auto_matched
CW_000045,lok_sabha,recommended,1245,sanctioned,1231,,exact_multi_field,98.0,HIGH,auto_matched
CW_000795,lok_sabha,recommended,888,sanctioned,883,,exact_multi_field,98.0,HIGH,auto_matched
CW_000147,lok_sabha,recommended,761,sanctioned,751,,exact_multi_field,98.0,HIGH,auto_matched
CW_000034,lok_sabha,recommended,1235,sanctioned,1205,,exact_multi_field,98.0,HIGH,auto_matched
CW_000342,lok_sabha,recommended,214,sanctioned,214,,exact_multi_field,98.0,HIGH,auto_matched
CW_000028,lok_sabha,recommended,1232,sanctioned,1227,,exact_multi_field,98.0,HIGH,auto_matched
CW_000034,lok_sabha,recommended,1235,sanctioned,1235,,exact_multi_field,98.0,HIGH,auto_matched
CW_000796,lok_sabha,recommended,1105,sanctioned,1095,,exact_multi_field,98.0,HIGH,auto_matched
CW_000022,lok_sabha,recommended,1215,sanctioned,1227,,exact_multi_field,98.0,HIGH,auto_matched
CW_000528,lok_sabha,recommended,967,sanctioned,919,,exact_multi_field,98.0,HIGH,auto_matched
CW_000175,lok_sabha,recommended,652,sanctioned,642,,exact_multi_field,98.0,HIGH,auto_matched
CW_000528,lok_sabha,recommended,967,sanctioned,949,,exact_multi_field,98.0,HIGH,auto_matched
CW_000608,lok_sabha,recommended,615,sanctioned,605,,exact_multi_field,98.0,HIGH,auto_matched
CW_000057,lok_sabha,recommended,517,sanctioned,504,,exact_multi_field,98.0,HIGH,auto_matched
CW_000797,lok_sabha,recommended,854,sanctioned,845,,exact_multi_field,98.0,HIGH,auto_matched
CW_000451,lok_sabha,recommended,962,sanctioned,957,,exact_multi_field,98.0,HIGH,auto_matched
CW_000505,lok_sabha,recommended,954,sanctioned,921,,exact_multi_field,98.0,HIGH,auto_matched
CW_000664,lok_sabha,recommended,622,sanctioned,614,,exact_multi_field,98.0,HIGH,auto_matched
CW_000503,lok_sabha,recommended,957,sanctioned,929,,exact_multi_field,98.0,HIGH,auto_matched
CW_000504,lok_sabha,recommended,617,sanctioned,610,,exact_multi_field,98.0,HIGH,auto_matched
CW_000092,lok_sabha,recommended,509,sanctioned,504,,exact_multi_field,98.0,HIGH,auto_matched
CW_000798,lok_sabha,recommended,1059,sanctioned,1049,,exact_multi_field,98.0,HIGH,auto_matched
CW_000476,lok_sabha,recommended,945,sanctioned,957,,exact_multi_field,98.0,HIGH,auto_matched
CW_000506,lok_sabha,recommended,937,sanctioned,921,,exact_multi_field,98.0,HIGH,auto_matched
CW_000505,lok_sabha,recommended,954,sanctioned,951,,exact_multi_field,98.0,HIGH,auto_matched
CW_000461,lok_sabha,recommended,941,sanctioned,917,,exact_multi_field,98.0,HIGH,auto_matched
CW_000456,lok_sabha,recommended,958,sanctioned,947,,exact_multi_field,98.0,HIGH,auto_matched
CW_000799,lok_sabha,recommended,59,sanctioned,59,,exact_multi_field,98.0,HIGH,auto_matched
CW_000800,lok_sabha,recommended,1403,sanctioned,1393,,exact_multi_field,98.0,HIGH,auto_matched
CW_000529,lok_sabha,recommended,950,sanctioned,911,,exact_multi_field,98.0,HIGH,auto_matched
CW_000506,lok_sabha,recommended,937,sanctioned,951,,exact_multi_field,98.0,HIGH,auto_matched
CW_000801,lok_sabha,recommended,374,sanctioned,366,,exact_multi_field,98.0,HIGH,auto_matched
CW_000464,lok_sabha,recommended,924,sanctioned,917,,exact_multi_field,98.0,HIGH,auto_matched
CW_000461,lok_sabha,recommended,941,sanctioned,947,,exact_multi_field,98.0,HIGH,auto_matched
CW_000533,lok_sabha,recommended,933,sanctioned,911,,exact_multi_field,98.0,HIGH,auto_matched
CW_000802,lok_sabha,recommended,584,sanctioned,574,,exact_multi_field,98.0,HIGH,auto_matched
CW_000634,lok_sabha,recommended,601,sanctioned,604,,exact_multi_field,98.0,HIGH,auto_matched
CW_000464,lok_sabha,recommended,924,sanctioned,947,,exact_multi_field,98.0,HIGH,auto_matched
CW_000803,lok_sabha,recommended,886,sanctioned,877,,exact_multi_field,98.0,HIGH,auto_matched
CW_000466,lok_sabha,recommended,920,sanctioned,937,,exact_multi_field,98.0,HIGH,auto_matched
CW_000200,lok_sabha,recommended,470,sanctioned,462,,exact_multi_field,98.0,HIGH,auto_matched
CW_000804,lok_sabha,recommended,1133,sanctioned,1123,,exact_multi_field,98.0,HIGH,auto_matched
CW_000805,lok_sabha,recommended,680,sanctioned,670,,exact_multi_field,98.0,HIGH,auto_matched
CW_000024,lok_sabha,recommended,1242,sanctioned,1223,,exact_multi_field,98.0,HIGH,auto_matched
CW_000028,lok_sabha,recommended,1236,sanctioned,1237,,exact_multi_field,98.0,HIGH,auto_matched
CW_000048,lok_sabha,recommended,1231,sanctioned,1209,,exact_multi_field,98.0,HIGH,auto_matched
CW_000024,lok_sabha,recommended,1219,sanctioned,1237,,exact_multi_field,98.0,HIGH,auto_matched
CW_000353,lok_sabha,recommended,1458,sanctioned,1447,,exact_multi_field,98.0,HIGH,auto_matched
CW_000009,lok_sabha,recommended,1218,sanctioned,1205,,exact_multi_field,98.0,HIGH,auto_matched
CW_000009,lok_sabha,recommended,1218,sanctioned,1235,,exact_multi_field,98.0,HIGH,auto_matched
CW_000228,lok_sabha,recommended,87,sanctioned,87,,exact_multi_field,98.0,HIGH,auto_matched
CW_000806,lok_sabha,recommended,402,sanctioned,394,,exact_multi_field,98.0,HIGH,auto_matched
CW_000547,lok_sabha,recommended,599,sanctioned,598,,exact_multi_field,98.0,HIGH,auto_matched
CW_000297,lok_sabha,recommended,183,sanctioned,183,,exact_multi_field,98.0,HIGH,auto_matched
CW_000605,lok_sabha,recommended,608,sanctioned,592,,exact_multi_field,98.0,HIGH,auto_matched
CW_000522,lok_sabha,recommended,940,sanctioned,928,,exact_multi_field,98.0,HIGH,auto_matched
CW_000807,lok_sabha,recommended,498,sanctioned,490,,exact_multi_field,98.0,HIGH,auto_matched
CW_000479,lok_sabha,recommended,928,sanctioned,957,,exact_multi_field,98.0,HIGH,auto_matched
CW_000521,lok_sabha,recommended,952,sanctioned,936,,exact_multi_field,98.0,HIGH,auto_matched
CW_000522,lok_sabha,recommended,940,sanctioned,958,,exact_multi_field,98.0,HIGH,auto_matched
CW_000808,lok_sabha,recommended,708,sanctioned,698,,exact_multi_field,98.0,HIGH,auto_matched
CW_000209,lok_sabha,recommended,1037,sanctioned,1027,,exact_multi_field,98.0,HIGH,auto_matched
CW_000550,lok_sabha,recommended,598,sanctioned,596,,exact_multi_field,98.0,HIGH,auto_matched
CW_000565,lok_sabha,recommended,935,sanctioned,936,,exact_multi_field,98.0,HIGH,auto_matched
CW_000544,lok_sabha,recommended,944,sanctioned,930,,exact_multi_field,98.0,HIGH,auto_matched
CW_000545,lok_sabha,recommended,951,sanctioned,934,,exact_multi_field,98.0,HIGH,auto_matched
CW_000048,lok_sabha,recommended,1246,sanctioned,1203,,exact_multi_field,98.0,HIGH,auto_matched
CW_000444,lok_sabha,recommended,931,sanctioned,926,,exact_multi_field,98.0,HIGH,auto_matched
CW_000036,lok_sabha,recommended,1243,sanctioned,1225,,exact_multi_field,98.0,HIGH,auto_matched
CW_000525,lok_sabha,recommended,934,sanctioned,934,,exact_multi_field,98.0,HIGH,auto_matched
CW_000018,lok_sabha,recommended,1229,sanctioned,1203,,exact_multi_field,98.0,HIGH,auto_matched
CW_000048,lok_sabha,recommended,1246,sanctioned,1233,,exact_multi_field,98.0,HIGH,auto_matched
CW_000018,lok_sabha,recommended,1229,sanctioned,1233,,exact_multi_field,98.0,HIGH,auto_matched
CW_000809,lok_sabha,recommended,115,sanctioned,115,,exact_multi_field,98.0,HIGH,auto_matched
CW_000810,lok_sabha,recommended,1006,sanctioned,996,,exact_multi_field,98.0,HIGH,auto_matched
CW_000328,lok_sabha,recommended,1335,sanctioned,1325,,exact_multi_field,98.0,HIGH,auto_matched
CW_000048,lok_sabha,recommended,1216,sanctioned,1229,,exact_multi_field,98.0,HIGH,auto_matched
CW_000150,lok_sabha,recommended,211,sanctioned,211,,exact_multi_field,98.0,HIGH,auto_matched
CW_000811,lok_sabha,recommended,526,sanctioned,517,,exact_multi_field,98.0,HIGH,auto_matched
CW_000449,lok_sabha,recommended,968,sanctioned,956,,exact_multi_field,98.0,HIGH,auto_matched
CW_000371,lok_sabha,recommended,1102,sanctioned,1092,,exact_multi_field,98.0,HIGH,auto_matched
CW_000812,lok_sabha,recommended,736,sanctioned,726,,exact_multi_field,98.0,HIGH,auto_matched
CW_000713,lok_sabha,recommended,623,sanctioned,616,,exact_multi_field,98.0,HIGH,auto_matched
CW_000010,lok_sabha,recommended,1199,sanctioned,1190,,exact_multi_field,98.0,HIGH,auto_matched
CW_000454,lok_sabha,recommended,955,sanctioned,952,,exact_multi_field,98.0,HIGH,auto_matched
CW_000459,lok_sabha,recommended,938,sanctioned,952,,exact_multi_field,98.0,HIGH,auto_matched
CW_000453,lok_sabha,recommended,959,sanctioned,924,,exact_multi_field,98.0,HIGH,auto_matched
CW_000455,lok_sabha,recommended,942,sanctioned,924,,exact_multi_field,98.0,HIGH,auto_matched
CW_000453,lok_sabha,recommended,959,sanctioned,954,,exact_multi_field,98.0,HIGH,auto_matched
CW_000619,lok_sabha,recommended,602,sanctioned,605,,exact_multi_field,98.0,HIGH,auto_matched
CW_000455,lok_sabha,recommended,942,sanctioned,954,,exact_multi_field,98.0,HIGH,auto_matched
CW_000456,lok_sabha,recommended,958,sanctioned,922,,exact_multi_field,98.0,HIGH,auto_matched
CW_000459,lok_sabha,recommended,938,sanctioned,914,,exact_multi_field,98.0,HIGH,auto_matched
CW_000460,lok_sabha,recommended,932,sanctioned,928,,exact_multi_field,98.0,HIGH,auto_matched
CW_000461,lok_sabha,recommended,941,sanctioned,922,,exact_multi_field,98.0,HIGH,auto_matched
CW_000310,lok_sabha,recommended,345,sanctioned,339,,exact_multi_field,98.0,HIGH,auto_matched
CW_000497,lok_sabha,recommended,929,sanctioned,950,,exact_multi_field,98.0,HIGH,auto_matched
CW_000329,lok_sabha,recommended,1034,sanctioned,1024,,exact_multi_field,98.0,HIGH,auto_matched
CW_000462,lok_sabha,recommended,921,sanctioned,914,,exact_multi_field,98.0,HIGH,auto_matched
CW_000460,lok_sabha,recommended,932,sanctioned,958,,exact_multi_field,98.0,HIGH,auto_matched
CW_000464,lok_sabha,recommended,924,sanctioned,922,,exact_multi_field,98.0,HIGH,auto_matched
CW_000462,lok_sabha,recommended,921,sanctioned,944,,exact_multi_field,98.0,HIGH,auto_matched
CW_000028,lok_sabha,recommended,1247,sanctioned,1196,,exact_multi_field,98.0,HIGH,auto_matched
CW_000813,lok_sabha,recommended,554,sanctioned,545,,exact_multi_field,98.0,HIGH,auto_matched
CW_000747,lok_sabha,recommended,883,sanctioned,874,,exact_multi_field,98.0,HIGH,auto_matched
CW_000814,lok_sabha,recommended,1130,sanctioned,1120,,exact_multi_field,98.0,HIGH,auto_matched
CW_000009,lok_sabha,recommended,1230,sanctioned,1196,,exact_multi_field,98.0,HIGH,auto_matched
CW_000028,lok_sabha,recommended,1247,sanctioned,1226,,exact_multi_field,98.0,HIGH,auto_matched
CW_000085,lok_sabha,recommended,677,sanctioned,667,,exact_multi_field,98.0,HIGH,auto_matched
CW_000009,lok_sabha,recommended,1230,sanctioned,1226,,exact_multi_field,98.0,HIGH,auto_matched
CW_000815,lok_sabha,recommended,445,sanctioned,437,,exact_multi_field,98.0,HIGH,auto_matched
CW_000293,lok_sabha,recommended,88,sanctioned,88,,exact_multi_field,98.0,HIGH,auto_matched
CW_000005,lok_sabha,recommended,1213,sanctioned,1226,,exact_multi_field,98.0,HIGH,auto_matched
CW_000100,lok_sabha,recommended,298,sanctioned,297,,exact_multi_field,98.0,HIGH,auto_matched
CW_000022,lok_sabha,recommended,1206,sanctioned,1208,,exact_multi_field,98.0,HIGH,auto_matched
CW_000468,lok_sabha,recommended,966,sanctioned,912,,exact_multi_field,98.0,HIGH,auto_matched
CW_000816,lok_sabha,recommended,852,sanctioned,843,,exact_multi_field,98.0,HIGH,auto_matched
CW_000817,lok_sabha,recommended,297,sanctioned,294,,exact_multi_field,98.0,HIGH,auto_matched
CW_000471,lok_sabha,recommended,949,sanctioned,912,,exact_multi_field,98.0,HIGH,auto_matched
CW_000468,lok_sabha,recommended,966,sanctioned,942,,exact_multi_field,98.0,HIGH,auto_matched
CW_000517,lok_sabha,recommended,969,sanctioned,949,,exact_multi_field,98.0,HIGH,auto_matched
CW_000480,lok_sabha,recommended,612,sanctioned,601,,exact_multi_field,98.0,HIGH,auto_matched
CW_000818,lok_sabha,recommended,260,sanctioned,257,,exact_multi_field,98.0,HIGH,auto_matched
CW_000471,lok_sabha,recommended,949,sanctioned,942,,exact_multi_field,98.0,HIGH,auto_matched
CW_000819,lok_sabha,recommended,1285,sanctioned,1274,,exact_multi_field,98.0,HIGH,auto_matched
CW_000472,lok_sabha,recommended,965,sanctioned,939,,exact_multi_field,98.0,HIGH,auto_matched
CW_000474,lok_sabha,recommended,613,sanctioned,595,,exact_multi_field,98.0,HIGH,auto_matched
CW_000483,lok_sabha,recommended,939,sanctioned,945,,exact_multi_field,98.0,HIGH,auto_matched
CW_000477,lok_sabha,recommended,948,sanctioned,939,,exact_multi_field,98.0,HIGH,auto_matched
CW_000547,lok_sabha,recommended,599,sanctioned,603,,exact_multi_field,98.0,HIGH,auto_matched
CW_000479,lok_sabha,recommended,928,sanctioned,932,,exact_multi_field,98.0,HIGH,auto_matched
CW_000444,lok_sabha,recommended,931,sanctioned,939,,exact_multi_field,98.0,HIGH,auto_matched
CW_000820,lok_sabha,recommended,1158,sanctioned,1148,,exact_multi_field,98.0,HIGH,auto_matched
CW_000821,lok_sabha,recommended,1487,sanctioned,1476,,exact_multi_field,98.0,HIGH,auto_matched
CW_000822,lok_sabha,recommended,705,sanctioned,695,,exact_multi_field,98.0,HIGH,auto_matched
CW_000823,lok_sabha,recommended,116,sanctioned,116,,exact_multi_field,98.0,HIGH,auto_matched
CW_000824,lok_sabha,recommended,1007,sanctioned,997,,exact_multi_field,98.0,HIGH,auto_matched
CW_000022,lok_sabha,recommended,1234,sanctioned,1206,,exact_multi_field,98.0,HIGH,auto_matched
CW_000251,lok_sabha,recommended,1254,sanctioned,1244,,exact_multi_field,98.0,HIGH,auto_matched
CW_000028,lok_sabha,recommended,1217,sanctioned,1206,,exact_multi_field,98.0,HIGH,auto_matched
CW_000022,lok_sabha,recommended,1234,sanctioned,1236,,exact_multi_field,98.0,HIGH,auto_matched
CW_000004,lok_sabha,recommended,1214,sanctioned,1228,,exact_multi_field,98.0,HIGH,auto_matched
CW_000028,lok_sabha,recommended,1217,sanctioned,1236,,exact_multi_field,98.0,HIGH,auto_matched
CW_000152,lok_sabha,recommended,212,sanctioned,212,,exact_multi_field,98.0,HIGH,auto_matched
CW_000005,lok_sabha,recommended,1213,sanctioned,1196,,exact_multi_field,98.0,HIGH,auto_matched
CW_000048,lok_sabha,recommended,1216,sanctioned,1204,,exact_multi_field,98.0,HIGH,auto_matched
CW_000491,lok_sabha,recommended,620,sanctioned,621,,exact_multi_field,98.0,HIGH,auto_matched
CW_000825,lok_sabha,recommended,737,sanctioned,727,,exact_multi_field,98.0,HIGH,auto_matched
CW_000493,lok_sabha,recommended,956,sanctioned,929,,exact_multi_field,98.0,HIGH,auto_matched
CW_000450,lok_sabha,recommended,619,sanctioned,619,,exact_multi_field,98.0,HIGH,auto_matched
CW_000517,lok_sabha,recommended,969,sanctioned,919,,exact_multi_field,98.0,HIGH,auto_matched
CW_000493,lok_sabha,recommended,956,sanctioned,959,,exact_multi_field,98.0,HIGH,auto_matched
CW_000515,lok_sabha,recommended,960,sanctioned,955,,exact_multi_field,98.0,HIGH,auto_matched
CW_000521,lok_sabha,recommended,952,sanctioned,919,,exact_multi_field,98.0,HIGH,auto_matched
CW_000496,lok_sabha,recommended,946,sanctioned,933,,exact_multi_field,98.0,HIGH,auto_matched
CW_000454,lok_sabha,recommended,955,sanctioned,927,,exact_multi_field,98.0,HIGH,auto_matched
CW_000519,lok_sabha,recommended,943,sanctioned,955,,exact_multi_field,98.0,HIGH,auto_matched
CW_000565,lok_sabha,recommended,935,sanctioned,919,,exact_multi_field,98.0,HIGH,auto_matched
CW_000521,lok_sabha,recommended,952,sanctioned,949,,exact_multi_field,98.0,HIGH,auto_matched
CW_000826,lok_sabha,recommended,496,sanctioned,488,,exact_multi_field,98.0,HIGH,auto_matched
CW_000459,lok_sabha,recommended,938,sanctioned,927,,exact_multi_field,98.0,HIGH,auto_matched
CW_000827,lok_sabha,recommended,144,sanctioned,144,,exact_multi_field,98.0,HIGH,auto_matched
CW_000575,lok_sabha,recommended,926,sanctioned,955,,exact_multi_field,98.0,HIGH,auto_matched
CW_000565,lok_sabha,recommended,935,sanctioned,949,,exact_multi_field,98.0,HIGH,auto_matched
CW_000343,lok_sabha,recommended,1035,sanctioned,1025,,exact_multi_field,98.0,HIGH,auto_matched
CW_000463,lok_sabha,recommended,930,sanctioned,927,,exact_multi_field,98.0,HIGH,auto_matched
CW_000494,lok_sabha,recommended,925,sanctioned,923,,exact_multi_field,98.0,HIGH,auto_matched
CW_000463,lok_sabha,recommended,930,sanctioned,957,,exact_multi_field,98.0,HIGH,auto_matched
CW_000494,lok_sabha,recommended,925,sanctioned,953,,exact_multi_field,98.0,HIGH,auto_matched
CW_000497,lok_sabha,recommended,929,sanctioned,925,,exact_multi_field,98.0,HIGH,auto_matched
CW_000045,lok_sabha,recommended,1241,sanctioned,1224,,exact_multi_field,98.0,HIGH,auto_matched
CW_000063,lok_sabha,recommended,1244,sanctioned,1231,,exact_multi_field,98.0,HIGH,auto_matched
CW_000828,lok_sabha,recommended,1131,sanctioned,1121,,exact_multi_field,98.0,HIGH,auto_matched
CW_000829,lok_sabha,recommended,765,sanctioned,755,,exact_multi_field,98.0,HIGH,auto_matched
CW_000045,lok_sabha,recommended,1245,sanctioned,1225,,exact_multi_field,98.0,HIGH,auto_matched
CW_000022,lok_sabha,recommended,1240,sanctioned,1221,,exact_multi_field,98.0,HIGH,auto_matched
CW_000830,lok_sabha,recommended,446,sanctioned,438,,exact_multi_field,98.0,HIGH,auto_matched
CW_000501,lok_sabha,recommended,963,sanctioned,917,,exact_multi_field,98.0,HIGH,auto_matched
CW_000022,lok_sabha,recommended,1206,sanctioned,1221,,exact_multi_field,98.0,HIGH,auto_matched
CW_000168,lok_sabha,recommended,209,sanctioned,209,,exact_multi_field,98.0,HIGH,auto_matched
CW_000501,lok_sabha,recommended,963,sanctioned,947,,exact_multi_field,98.0,HIGH,auto_matched
CW_000468,lok_sabha,recommended,966,sanctioned,955,,exact_multi_field,98.0,HIGH,auto_matched
CW_000327,lok_sabha,recommended,172,sanctioned,172,,exact_multi_field,98.0,HIGH,auto_matched
CW_000507,lok_sabha,recommended,953,sanctioned,921,,exact_multi_field,98.0,HIGH,auto_matched
CW_000508,lok_sabha,recommended,621,sanctioned,614,,exact_multi_field,98.0,HIGH,auto_matched
CW_000451,lok_sabha,recommended,962,sanctioned,915,,exact_multi_field,98.0,HIGH,auto_matched
CW_000831,lok_sabha,recommended,1063,sanctioned,1053,,exact_multi_field,98.0,HIGH,auto_matched
CW_000529,lok_sabha,recommended,950,sanctioned,943,,exact_multi_field,98.0,HIGH,auto_matched
CW_000502,lok_sabha,recommended,630,sanctioned,608,,exact_multi_field,98.0,HIGH,auto_matched
CW_000507,lok_sabha,recommended,953,sanctioned,951,,exact_multi_field,98.0,HIGH,auto_matched
CW_000582,lok_sabha,recommended,610,sanctioned,600,,exact_multi_field,98.0,HIGH,auto_matched
CW_000476,lok_sabha,recommended,945,sanctioned,915,,exact_multi_field,98.0,HIGH,auto_matched
CW_000533,lok_sabha,recommended,933,sanctioned,943,,exact_multi_field,98.0,HIGH,auto_matched
CW_000563,lok_sabha,recommended,1189,sanctioned,1183,,exact_multi_field,98.0,HIGH,auto_matched
CW_000832,lok_sabha,recommended,378,sanctioned,370,,exact_multi_field,98.0,HIGH,auto_matched
CW_000088,lok_sabha,recommended,512,sanctioned,506,,exact_multi_field,98.0,HIGH,auto_matched
CW_000506,lok_sabha,recommended,937,sanctioned,915,,exact_multi_field,98.0,HIGH,auto_matched
CW_000460,lok_sabha,recommended,932,sanctioned,911,,exact_multi_field,98.0,HIGH,auto_matched
CW_000692,lok_sabha,recommended,600,sanctioned,604,,exact_multi_field,98.0,HIGH,auto_matched
CW_000506,lok_sabha,recommended,937,sanctioned,945,,exact_multi_field,98.0,HIGH,auto_matched
CW_000443,lok_sabha,recommended,1159,sanctioned,1149,,exact_multi_field,98.0,HIGH,auto_matched
CW_000460,lok_sabha,recommended,932,sanctioned,941,,exact_multi_field,98.0,HIGH,auto_matched
CW_000833,lok_sabha,recommended,706,sanctioned,696,,exact_multi_field,98.0,HIGH,auto_matched
CW_000510,lok_sabha,recommended,936,sanctioned,912,,exact_multi_field,98.0,HIGH,auto_matched
CW_000023,lok_sabha,recommended,1248,sanctioned,1211,,exact_multi_field,98.0,HIGH,auto_matched
CW_000483,lok_sabha,recommended,939,sanctioned,920,,exact_multi_field,98.0,HIGH,auto_matched
CW_000482,lok_sabha,recommended,927,sanctioned,948,,exact_multi_field,98.0,HIGH,auto_matched
CW_000356,lok_sabha,recommended,474,sanctioned,466,,exact_multi_field,98.0,HIGH,auto_matched
CW_000510,lok_sabha,recommended,936,sanctioned,942,,exact_multi_field,98.0,HIGH,auto_matched
CW_000222,lok_sabha,recommended,1361,sanctioned,1351,,exact_multi_field,98.0,HIGH,auto_matched
CW_000028,lok_sabha,recommended,1247,sanctioned,1209,,exact_multi_field,98.0,HIGH,auto_matched
CW_000009,lok_sabha,recommended,1230,sanctioned,1209,,exact_multi_field,98.0,HIGH,auto_matched
CW_000834,lok_sabha,recommended,113,sanctioned,113,,exact_multi_field,98.0,HIGH,auto_matched
CW_000126,lok_sabha,recommended,1225,sanctioned,1217,,exact_multi_field,98.0,HIGH,auto_matched
CW_000004,lok_sabha,recommended,1214,sanctioned,1203,,exact_multi_field,98.0,HIGH,auto_matched
CW_000307,lok_sabha,recommended,982,sanctioned,972,,exact_multi_field,98.0,HIGH,auto_matched
CW_000835,lok_sabha,recommended,322,sanctioned,319,,exact_multi_field,98.0,HIGH,auto_matched
CW_000836,lok_sabha,recommended,1187,sanctioned,1177,,exact_multi_field,98.0,HIGH,auto_matched
CW_000837,lok_sabha,recommended,734,sanctioned,724,,exact_multi_field,98.0,HIGH,auto_matched
CW_000558,lok_sabha,recommended,964,sanctioned,940,,exact_multi_field,98.0,HIGH,auto_matched
CW_000591,lok_sabha,recommended,607,sanctioned,592,,exact_multi_field,98.0,HIGH,auto_matched
CW_000604,lok_sabha,recommended,624,sanctioned,622,,exact_multi_field,98.0,HIGH,auto_matched
CW_000544,lok_sabha,recommended,944,sanctioned,932,,exact_multi_field,98.0,HIGH,auto_matched
CW_000838,lok_sabha,recommended,502,sanctioned,494,,exact_multi_field,98.0,HIGH,auto_matched
CW_000839,lok_sabha,recommended,1078,sanctioned,1068,,exact_multi_field,98.0,HIGH,auto_matched
CW_000515,lok_sabha,recommended,960,sanctioned,930,,exact_multi_field,98.0,HIGH,auto_matched
CW_000518,lok_sabha,recommended,611,sanctioned,594,,exact_multi_field,98.0,HIGH,auto_matched
CW_000522,lok_sabha,recommended,940,sanctioned,922,,exact_multi_field,98.0,HIGH,auto_matched
CW_000525,lok_sabha,recommended,934,sanctioned,936,,exact_multi_field,98.0,HIGH,auto_matched
CW_000534,lok_sabha,recommended,614,sanctioned,601,,exact_multi_field,98.0,HIGH,auto_matched
CW_000519,lok_sabha,recommended,943,sanctioned,930,,exact_multi_field,98.0,HIGH,auto_matched
CW_000445,lok_sabha,recommended,923,sanctioned,922,,exact_multi_field,98.0,HIGH,auto_matched
CW_000522,lok_sabha,recommended,940,sanctioned,952,,exact_multi_field,98.0,HIGH,auto_matched
CW_000575,lok_sabha,recommended,926,sanctioned,930,,exact_multi_field,98.0,HIGH,auto_matched
CW_000445,lok_sabha,recommended,923,sanctioned,952,,exact_multi_field,98.0,HIGH,auto_matched
CW_000394,lok_sabha,recommended,1032,sanctioned,1022,,exact_multi_field,98.0,HIGH,auto_matched
CW_000485,lok_sabha,recommended,922,sanctioned,920,,exact_multi_field,98.0,HIGH,auto_matched
CW_000017,lok_sabha,recommended,1233,sanctioned,1237,,exact_multi_field,98.0,HIGH,auto_matched
CW_000028,lok_sabha,recommended,1232,sanctioned,1204,,exact_multi_field,98.0,HIGH,auto_matched
CW_000018,lok_sabha,recommended,1229,sanctioned,1227,,exact_multi_field,98.0,HIGH,auto_matched
CW_000028,lok_sabha,recommended,1232,sanctioned,1234,,exact_multi_field,98.0,HIGH,auto_matched
CW_000840,lok_sabha,recommended,1128,sanctioned,1118,,exact_multi_field,98.0,HIGH,auto_matched
CW_000054,lok_sabha,recommended,762,sanctioned,752,,exact_multi_field,98.0,HIGH,auto_matched
CW_000158,lok_sabha,recommended,1106,sanctioned,1096,,exact_multi_field,98.0,HIGH,auto_matched
CW_000449,lok_sabha,recommended,968,sanctioned,950,,exact_multi_field,98.0,HIGH,auto_matched
CW_000022,lok_sabha,recommended,1215,sanctioned,1196,,exact_multi_field,98.0,HIGH,auto_matched
CW_000528,lok_sabha,recommended,967,sanctioned,918,,exact_multi_field,98.0,HIGH,auto_matched
CW_000505,lok_sabha,recommended,954,sanctioned,958,,exact_multi_field,98.0,HIGH,auto_matched
CW_000461,lok_sabha,recommended,941,sanctioned,924,,exact_multi_field,98.0,HIGH,auto_matched
CW_000456,lok_sabha,recommended,958,sanctioned,954,,exact_multi_field,98.0,HIGH,auto_matched
CW_000529,lok_sabha,recommended,950,sanctioned,918,,exact_multi_field,98.0,HIGH,auto_matched
CW_000528,lok_sabha,recommended,967,sanctioned,948,,exact_multi_field,98.0,HIGH,auto_matched
CW_000841,lok_sabha,recommended,731,sanctioned,721,,exact_multi_field,98.0,HIGH,auto_matched
CW_000530,lok_sabha,recommended,618,sanctioned,611,,exact_multi_field,98.0,HIGH,auto_matched
CW_000559,lok_sabha,recommended,947,sanctioned,940,,exact_multi_field,98.0,HIGH,auto_matched
CW_000461,lok_sabha,recommended,941,sanctioned,954,,exact_multi_field,98.0,HIGH,auto_matched
CW_000533,lok_sabha,recommended,933,sanctioned,918,,exact_multi_field,98.0,HIGH,auto_matched
CW_000529,lok_sabha,recommended,950,sanctioned,948,,exact_multi_field,98.0,HIGH,auto_matched
CW_000464,lok_sabha,recommended,924,sanctioned,954,,exact_multi_field,98.0,HIGH,auto_matched
CW_000466,lok_sabha,recommended,920,sanctioned,914,,exact_multi_field,98.0,HIGH,auto_matched
CW_000506,lok_sabha,recommended,937,sanctioned,920,,exact_multi_field,98.0,HIGH,auto_matched
CW_000842,lok_sabha,recommended,580,sanctioned,571,,exact_multi_field,98.0,HIGH,auto_matched
CW_000466,lok_sabha,recommended,920,sanctioned,944,,exact_multi_field,98.0,HIGH,auto_matched
CW_000432,lok_sabha,recommended,1156,sanctioned,1146,,exact_multi_field,98.0,HIGH,auto_matched
CW_000464,lok_sabha,recommended,924,sanctioned,916,,exact_multi_field,98.0,HIGH,auto_matched
CW_000482,lok_sabha,recommended,927,sanctioned,923,,exact_multi_field,98.0,HIGH,auto_matched
CW_000009,lok_sabha,recommended,1239,sanctioned,1222,,exact_multi_field,98.0,HIGH,auto_matched
CW_000843,lok_sabha,recommended,32,sanctioned,32,,exact_multi_field,98.0,HIGH,auto_matched
CW_000009,lok_sabha,recommended,1230,sanctioned,1220,,exact_multi_field,98.0,HIGH,auto_matched
CW_000005,lok_sabha,recommended,1213,sanctioned,1220,,exact_multi_field,98.0,HIGH,auto_matched
CW_000478,lok_sabha,recommended,1192,sanctioned,1180,,exact_multi_field,98.0,HIGH,auto_matched
CW_000664,lok_sabha,recommended,622,sanctioned,621,,exact_multi_field,98.0,HIGH,auto_matched
CW_000503,lok_sabha,recommended,957,sanctioned,936,,exact_multi_field,98.0,HIGH,auto_matched
CW_000605,lok_sabha,recommended,608,sanctioned,599,,exact_multi_field,98.0,HIGH,auto_matched
CW_000517,lok_sabha,recommended,969,sanctioned,943,,exact_multi_field,98.0,HIGH,auto_matched
CW_000284,lok_sabha,recommended,1184,sanctioned,1174,,exact_multi_field,98.0,HIGH,auto_matched
CW_000480,lok_sabha,recommended,612,sanctioned,595,,exact_multi_field,98.0,HIGH,auto_matched
CW_000521,lok_sabha,recommended,952,sanctioned,943,,exact_multi_field,98.0,HIGH,auto_matched
CW_000543,lok_sabha,recommended,961,sanctioned,937,,exact_multi_field,98.0,HIGH,auto_matched
CW_000599,lok_sabha,recommended,604,sanctioned,589,,exact_multi_field,98.0,HIGH,auto_matched
CW_000550,lok_sabha,recommended,598,sanctioned,603,,exact_multi_field,98.0,HIGH,auto_matched
CW_000844,lok_sabha,recommended,255,sanctioned,252,,exact_multi_field,98.0,HIGH,auto_matched
CW_000565,lok_sabha,recommended,935,sanctioned,943,,exact_multi_field,98.0,HIGH,auto_matched
CW_000544,lok_sabha,recommended,944,sanctioned,937,,exact_multi_field,98.0,HIGH,auto_matched
CW_000545,lok_sabha,recommended,951,sanctioned,911,,exact_multi_field,98.0,HIGH,auto_matched
CW_000477,lok_sabha,recommended,948,sanctioned,933,,exact_multi_field,98.0,HIGH,auto_matched
CW_000525,lok_sabha,recommended,934,sanctioned,911,,exact_multi_field,98.0,HIGH,auto_matched
CW_000545,lok_sabha,recommended,951,sanctioned,941,,exact_multi_field,98.0,HIGH,auto_matched
CW_000771,lok_sabha,recommended,582,sanctioned,567,,exact_multi_field,98.0,HIGH,auto_matched
CW_000547,lok_sabha,recommended,599,sanctioned,597,,exact_multi_field,98.0,HIGH,auto_matched
CW_000383,lok_sabha,recommended,472,sanctioned,464,,exact_multi_field,98.0,HIGH,auto_matched
CW_000444,lok_sabha,recommended,931,sanctioned,933,,exact_multi_field,98.0,HIGH,auto_matched
CW_000494,lok_sabha,recommended,925,sanctioned,947,,exact_multi_field,98.0,HIGH,auto_matched
CW_000525,lok_sabha,recommended,934,sanctioned,941,,exact_multi_field,98.0,HIGH,auto_matched
CW_000005,lok_sabha,recommended,1238,sanctioned,1204,,exact_multi_field,98.0,HIGH,auto_matched
CW_000048,lok_sabha,recommended,1216,sanctioned,1236,,exact_multi_field,98.0,HIGH,auto_matched
CW_000036,lok_sabha,recommended,1237,sanctioned,1208,,exact_multi_field,98.0,HIGH,auto_matched
CW_000028,lok_sabha,recommended,1232,sanctioned,1209,,exact_multi_field,98.0,HIGH,auto_matched
CW_000023,lok_sabha,recommended,1212,sanctioned,1202,,exact_multi_field,98.0,HIGH,auto_matched
CW_000448,lok_sabha,recommended,632,sanctioned,617,,exact_multi_field,98.0,HIGH,auto_matched
CW_000454,lok_sabha,recommended,955,sanctioned,959,,exact_multi_field,98.0,HIGH,auto_matched
CW_000197,lok_sabha,recommended,170,sanctioned,170,,exact_multi_field,98.0,HIGH,auto_matched
CW_000453,lok_sabha,recommended,959,sanctioned,931,,exact_multi_field,98.0,HIGH,auto_matched
CW_000449,lok_sabha,recommended,968,sanctioned,925,,exact_multi_field,98.0,HIGH,auto_matched
CW_000450,lok_sabha,recommended,619,sanctioned,613,,exact_multi_field,98.0,HIGH,auto_matched
CW_000451,lok_sabha,recommended,962,sanctioned,939,,exact_multi_field,98.0,HIGH,auto_matched
CW_000493,lok_sabha,recommended,956,sanctioned,953,,exact_multi_field,98.0,HIGH,auto_matched
CW_000845,lok_sabha,recommended,500,sanctioned,492,,exact_multi_field,98.0,HIGH,auto_matched
CW_000455,lok_sabha,recommended,942,sanctioned,931,,exact_multi_field,98.0,HIGH,auto_matched
CW_000454,lok_sabha,recommended,955,sanctioned,921,,exact_multi_field,98.0,HIGH,auto_matched
CW_000846,lok_sabha,recommended,376,sanctioned,368,,exact_multi_field,98.0,HIGH,auto_matched
CW_000456,lok_sabha,recommended,958,sanctioned,929,,exact_multi_field,98.0,HIGH,auto_matched
CW_000457,lok_sabha,recommended,609,sanctioned,592,,exact_multi_field,98.0,HIGH,auto_matched
CW_000458,lok_sabha,recommended,626,sanctioned,622,,exact_multi_field,98.0,HIGH,auto_matched
CW_000496,lok_sabha,recommended,946,sanctioned,957,,exact_multi_field,98.0,HIGH,auto_matched
CW_000459,lok_sabha,recommended,938,sanctioned,921,,exact_multi_field,98.0,HIGH,auto_matched
CW_000460,lok_sabha,recommended,932,sanctioned,935,,exact_multi_field,98.0,HIGH,auto_matched
CW_000461,lok_sabha,recommended,941,sanctioned,929,,exact_multi_field,98.0,HIGH,auto_matched
CW_000497,lok_sabha,recommended,929,sanctioned,957,,exact_multi_field,98.0,HIGH,auto_matched
CW_000462,lok_sabha,recommended,921,sanctioned,921,,exact_multi_field,98.0,HIGH,auto_matched
CW_000459,lok_sabha,recommended,938,sanctioned,951,,exact_multi_field,98.0,HIGH,auto_matched
CW_000494,lok_sabha,recommended,925,sanctioned,917,,exact_multi_field,98.0,HIGH,auto_matched
CW_000462,lok_sabha,recommended,921,sanctioned,951,,exact_multi_field,98.0,HIGH,auto_matched
CW_000028,lok_sabha,recommended,1247,sanctioned,1203,,exact_multi_field,98.0,HIGH,auto_matched
CW_000063,lok_sabha,recommended,1244,sanctioned,1225,,exact_multi_field,98.0,HIGH,auto_matched
CW_000028,lok_sabha,recommended,1247,sanctioned,1233,,exact_multi_field,98.0,HIGH,auto_matched
CW_000028,lok_sabha,recommended,1236,sanctioned,1219,,exact_multi_field,98.0,HIGH,auto_matched
CW_000009,lok_sabha,recommended,1230,sanctioned,1233,,exact_multi_field,98.0,HIGH,auto_matched
CW_000847,lok_sabha,recommended,198,sanctioned,198,,exact_multi_field,98.0,HIGH,auto_matched
CW_000024,lok_sabha,recommended,1219,sanctioned,1219,,exact_multi_field,98.0,HIGH,auto_matched
CW_000468,lok_sabha,recommended,966,sanctioned,919,,exact_multi_field,98.0,HIGH,auto_matched
CW_000022,lok_sabha,recommended,1215,sanctioned,1209,,exact_multi_field,98.0,HIGH,auto_matched
CW_000848,lok_sabha,recommended,404,sanctioned,396,,exact_multi_field,98.0,HIGH,auto_matched
CW_000501,lok_sabha,recommended,963,sanctioned,941,,exact_multi_field,98.0,HIGH,auto_matched
CW_000471,lok_sabha,recommended,949,sanctioned,919,,exact_multi_field,98.0,HIGH,auto_matched
CW_000468,lok_sabha,recommended,966,sanctioned,949,,exact_multi_field,98.0,HIGH,auto_matched
CW_000471,lok_sabha,recommended,949,sanctioned,949,,exact_multi_field,98.0,HIGH,auto_matched
CW_000472,lok_sabha,recommended,965,sanctioned,916,,exact_multi_field,98.0,HIGH,auto_matched
CW_000604,lok_sabha,recommended,624,sanctioned,616,,exact_multi_field,98.0,HIGH,auto_matched
CW_000507,lok_sabha,recommended,953,sanctioned,945,,exact_multi_field,98.0,HIGH,auto_matched
CW_000472,lok_sabha,recommended,965,sanctioned,946,,exact_multi_field,98.0,HIGH,auto_matched
CW_000474,lok_sabha,recommended,613,sanctioned,602,,exact_multi_field,98.0,HIGH,auto_matched
CW_000476,lok_sabha,recommended,945,sanctioned,939,,exact_multi_field,98.0,HIGH,auto_matched
CW_000477,lok_sabha,recommended,948,sanctioned,946,,exact_multi_field,98.0,HIGH,auto_matched
CW_000479,lok_sabha,recommended,928,sanctioned,939,,exact_multi_field,98.0,HIGH,auto_matched
CW_000849,lok_sabha,recommended,586,sanctioned,576,,exact_multi_field,98.0,HIGH,auto_matched
CW_000522,lok_sabha,recommended,940,sanctioned,946,,exact_multi_field,98.0,HIGH,auto_matched
CW_000445,lok_sabha,recommended,923,sanctioned,946,,exact_multi_field,98.0,HIGH,auto_matched
CW_000481,lok_sabha,recommended,578,sanctioned,570,,exact_multi_field,98.0,HIGH,auto_matched
CW_000483,lok_sabha,recommended,939,sanctioned,914,,exact_multi_field,98.0,HIGH,auto_matched
CW_000850,lok_sabha,recommended,1117,sanctioned,1107,,exact_multi_field,98.0,HIGH,auto_matched
CW_000485,lok_sabha,recommended,922,sanctioned,914,,exact_multi_field,98.0,HIGH,auto_matched
CW_000483,lok_sabha,recommended,939,sanctioned,944,,exact_multi_field,98.0,HIGH,auto_matched
CW_000036,lok_sabha,recommended,1243,sanctioned,1207,,exact_multi_field,98.0,HIGH,auto_matched
CW_000036,lok_sabha,recommended,1237,sanctioned,1221,,exact_multi_field,98.0,HIGH,auto_matched
CW_000485,lok_sabha,recommended,922,sanctioned,944,,exact_multi_field,98.0,HIGH,auto_matched
CW_000004,lok_sabha,recommended,1214,sanctioned,1235,,exact_multi_field,98.0,HIGH,auto_matched
CW_000009,lok_sabha,recommended,1230,sanctioned,1203,,exact_multi_field,98.0,HIGH,auto_matched
CW_000005,lok_sabha,recommended,1213,sanctioned,1203,,exact_multi_field,98.0,HIGH,auto_matched
CW_000053,lok_sabha,recommended,1460,sanctioned,1449,,exact_multi_field,98.0,HIGH,auto_matched
CW_000005,lok_sabha,recommended,1213,sanctioned,1233,,exact_multi_field,98.0,HIGH,auto_matched
CW_000517,lok_sabha,recommended,969,sanctioned,956,,exact_multi_field,98.0,HIGH,auto_matched
CW_000454,lok_sabha,recommended,955,sanctioned,934,,exact_multi_field,98.0,HIGH,auto_matched
CW_000571,lok_sabha,recommended,603,sanctioned,590,,exact_multi_field,98.0,HIGH,auto_matched
CW_000491,lok_sabha,recommended,620,sanctioned,620,,exact_multi_field,98.0,HIGH,auto_matched
CW_000414,lok_sabha,recommended,1182,sanctioned,1172,,exact_multi_field,98.0,HIGH,auto_matched
CW_000559,lok_sabha,recommended,947,sanctioned,934,,exact_multi_field,98.0,HIGH,auto_matched
CW_000493,lok_sabha,recommended,956,sanctioned,928,,exact_multi_field,98.0,HIGH,auto_matched
CW_000463,lok_sabha,recommended,930,sanctioned,934,,exact_multi_field,98.0,HIGH,auto_matched
CW_000851,lok_sabha,recommended,497,sanctioned,489,,exact_multi_field,98.0,HIGH,auto_matched
CW_000496,lok_sabha,recommended,946,sanctioned,932,,exact_multi_field,98.0,HIGH,auto_matched
CW_000576,lok_sabha,recommended,606,sanctioned,589,,exact_multi_field,98.0,HIGH,auto_matched
CW_000575,lok_sabha,recommended,926,sanctioned,924,,exact_multi_field,98.0,HIGH,auto_matched
CW_000466,lok_sabha,recommended,920,sanctioned,938,,exact_multi_field,98.0,HIGH,auto_matched
CW_000497,lok_sabha,recommended,929,sanctioned,932,,exact_multi_field,98.0,HIGH,auto_matched
CW_000045,lok_sabha,recommended,1241,sanctioned,1231,,exact_multi_field,98.0,HIGH,auto_matched
CW_000852,lok_sabha,recommended,1488,sanctioned,1477,,exact_multi_field,98.0,HIGH,auto_matched
CW_000575,lok_sabha,recommended,926,sanctioned,954,,exact_multi_field,98.0,HIGH,auto_matched
CW_000853,lok_sabha,recommended,312,sanctioned,309,,exact_multi_field,98.0,HIGH,auto_matched
CW_000045,lok_sabha,recommended,1245,sanctioned,1232,,exact_multi_field,98.0,HIGH,auto_matched
CW_000022,lok_sabha,recommended,1240,sanctioned,1228,,exact_multi_field,98.0,HIGH,auto_matched
CW_000235,lok_sabha,recommended,1132,sanctioned,1122,,exact_multi_field,98.0,HIGH,auto_matched
CW_000034,lok_sabha,recommended,1235,sanctioned,1206,,exact_multi_field,98.0,HIGH,auto_matched
CW_000234,lok_sabha,recommended,1337,sanctioned,1327,,exact_multi_field,98.0,HIGH,auto_matched
CW_000009,lok_sabha,recommended,1218,sanctioned,1206,,exact_multi_field,98.0,HIGH,auto_matched
CW_000034,lok_sabha,recommended,1235,sanctioned,1236,,exact_multi_field,98.0,HIGH,auto_matched
CW_000063,lok_sabha,recommended,1244,sanctioned,1230,,exact_multi_field,98.0,HIGH,auto_matched
CW_000009,lok_sabha,recommended,1218,sanctioned,1236,,exact_multi_field,98.0,HIGH,auto_matched
CW_000023,lok_sabha,recommended,1210,sanctioned,1200,,exact_multi_field,98.0,HIGH,auto_matched
CW_000531,lok_sabha,recommended,627,sanctioned,607,,exact_multi_field,98.0,HIGH,auto_matched
CW_000451,lok_sabha,recommended,962,sanctioned,922,,exact_multi_field,98.0,HIGH,auto_matched
CW_000502,lok_sabha,recommended,630,sanctioned,615,,exact_multi_field,98.0,HIGH,auto_matched
CW_000501,lok_sabha,recommended,963,sanctioned,916,,exact_multi_field,98.0,HIGH,auto_matched
CW_000503,lok_sabha,recommended,957,sanctioned,930,,exact_multi_field,98.0,HIGH,auto_matched
CW_000504,lok_sabha,recommended,617,sanctioned,611,,exact_multi_field,98.0,HIGH,auto_matched
CW_000033,lok_sabha,recommended,1306,sanctioned,1296,,exact_multi_field,98.0,HIGH,auto_matched
CW_000506,lok_sabha,recommended,937,sanctioned,922,,exact_multi_field,98.0,HIGH,auto_matched
CW_000505,lok_sabha,recommended,954,sanctioned,952,,exact_multi_field,98.0,HIGH,auto_matched
CW_000506,lok_sabha,recommended,937,sanctioned,952,,exact_multi_field,98.0,HIGH,auto_matched
CW_000507,lok_sabha,recommended,953,sanctioned,920,,exact_multi_field,98.0,HIGH,auto_matched
CW_000508,lok_sabha,recommended,621,sanctioned,613,,exact_multi_field,98.0,HIGH,auto_matched
CW_000533,lok_sabha,recommended,933,sanctioned,912,,exact_multi_field,98.0,HIGH,auto_matched
CW_000510,lok_sabha,recommended,936,sanctioned,919,,exact_multi_field,98.0,HIGH,auto_matched
CW_000634,lok_sabha,recommended,601,sanctioned,605,,exact_multi_field,98.0,HIGH,auto_matched
CW_000507,lok_sabha,recommended,953,sanctioned,950,,exact_multi_field,98.0,HIGH,auto_matched
CW_000170,lok_sabha,recommended,1160,sanctioned,1150,,exact_multi_field,98.0,HIGH,auto_matched
CW_000533,lok_sabha,recommended,933,sanctioned,942,,exact_multi_field,98.0,HIGH,auto_matched
CW_000510,lok_sabha,recommended,936,sanctioned,949,,exact_multi_field,98.0,HIGH,auto_matched
CW_000842,lok_sabha,recommended,580,sanctioned,565,,exact_multi_field,98.0,HIGH,auto_matched
CW_000854,lok_sabha,recommended,583,sanctioned,573,,exact_multi_field,98.0,HIGH,auto_matched
CW_000024,lok_sabha,recommended,1242,sanctioned,1224,,exact_multi_field,98.0,HIGH,auto_matched
CW_000084,lok_sabha,recommended,1334,sanctioned,1324,,exact_multi_field,98.0,HIGH,auto_matched
CW_000855,lok_sabha,recommended,439,sanctioned,432,,exact_multi_field,98.0,HIGH,auto_matched
CW_000587,lok_sabha,recommended,881,sanctioned,871,,exact_multi_field,98.0,HIGH,auto_matched
CW_000856,lok_sabha,recommended,1188,sanctioned,1178,,exact_multi_field,98.0,HIGH,auto_matched
CW_000452,lok_sabha,recommended,631,sanctioned,608,,exact_multi_field,98.0,HIGH,auto_matched
CW_000545,lok_sabha,recommended,951,sanctioned,943,,exact_multi_field,98.0,HIGH,auto_matched
CW_000515,lok_sabha,recommended,960,sanctioned,937,,exact_multi_field,98.0,HIGH,auto_matched
CW_000359,lok_sabha,recommended,977,sanctioned,967,,exact_multi_field,98.0,HIGH,auto_matched
CW_000605,lok_sabha,recommended,608,sanctioned,593,,exact_multi_field,98.0,HIGH,auto_matched
CW_000518,lok_sabha,recommended,611,sanctioned,601,,exact_multi_field,98.0,HIGH,auto_matched
CW_000522,lok_sabha,recommended,940,sanctioned,929,,exact_multi_field,98.0,HIGH,auto_matched
CW_000519,lok_sabha,recommended,943,sanctioned,937,,exact_multi_field,98.0,HIGH,auto_matched
CW_000520,lok_sabha,recommended,1190,sanctioned,1183,,exact_multi_field,98.0,HIGH,auto_matched
CW_000445,lok_sabha,recommended,923,sanctioned,929,,exact_multi_field,98.0,HIGH,auto_matched
CW_000522,lok_sabha,recommended,940,sanctioned,959,,exact_multi_field,98.0,HIGH,auto_matched
CW_000857,lok_sabha,recommended,22,sanctioned,22,,exact_multi_field,98.0,HIGH,auto_matched
CW_000550,lok_sabha,recommended,598,sanctioned,597,,exact_multi_field,98.0,HIGH,auto_matched
CW_000445,lok_sabha,recommended,923,sanctioned,959,,exact_multi_field,98.0,HIGH,auto_matched
CW_000483,lok_sabha,recommended,939,sanctioned,927,,exact_multi_field,98.0,HIGH,auto_matched
CW_000485,lok_sabha,recommended,922,sanctioned,927,,exact_multi_field,98.0,HIGH,auto_matched
CW_000858,lok_sabha,recommended,707,sanctioned,697,,exact_multi_field,98.0,HIGH,auto_matched
CW_000525,lok_sabha,recommended,934,sanctioned,935,,exact_multi_field,98.0,HIGH,auto_matched
CW_000859,lok_sabha,recommended,804,sanctioned,795,,exact_multi_field,98.0,HIGH,auto_matched
CW_000048,lok_sabha,recommended,1246,sanctioned,1234,,exact_multi_field,98.0,HIGH,auto_matched
CW_000860,lok_sabha,recommended,18,sanctioned,18,,exact_multi_field,98.0,HIGH,auto_matched
CW_000045,lok_sabha,recommended,1241,sanctioned,1206,,exact_multi_field,98.0,HIGH,auto_matched
CW_000018,lok_sabha,recommended,1229,sanctioned,1234,,exact_multi_field,98.0,HIGH,auto_matched
CW_000005,lok_sabha,recommended,1238,sanctioned,1228,,exact_multi_field,98.0,HIGH,auto_matched
CW_000277,lok_sabha,recommended,1421,sanctioned,1410,,exact_multi_field,98.0,HIGH,auto_matched
CW_000028,lok_sabha,recommended,1232,sanctioned,1203,,exact_multi_field,98.0,HIGH,auto_matched
CW_000861,lok_sabha,recommended,1005,sanctioned,995,,exact_multi_field,98.0,HIGH,auto_matched
CW_000449,lok_sabha,recommended,968,sanctioned,957,,exact_multi_field,98.0,HIGH,auto_matched
CW_000022,lok_sabha,recommended,1215,sanctioned,1203,,exact_multi_field,98.0,HIGH,auto_matched
CW_000028,lok_sabha,recommended,1232,sanctioned,1233,,exact_multi_field,98.0,HIGH,auto_matched
CW_000456,lok_sabha,recommended,958,sanctioned,931,,exact_multi_field,98.0,HIGH,auto_matched
CW_000022,lok_sabha,recommended,1215,sanctioned,1233,,exact_multi_field,98.0,HIGH,auto_matched
CW_000528,lok_sabha,recommended,967,sanctioned,925,,exact_multi_field,98.0,HIGH,auto_matched
CW_000529,lok_sabha,recommended,950,sanctioned,925,,exact_multi_field,98.0,HIGH,auto_matched
CW_000528,lok_sabha,recommended,967,sanctioned,955,,exact_multi_field,98.0,HIGH,auto_matched
CW_000530,lok_sabha,recommended,618,sanctioned,618,,exact_multi_field,98.0,HIGH,auto_matched
CW_000462,lok_sabha,recommended,921,sanctioned,953,,exact_multi_field,98.0,HIGH,auto_matched
CW_000862,lok_sabha,recommended,832,sanctioned,823,,exact_multi_field,98.0,HIGH,auto_matched
CW_000505,lok_sabha,recommended,954,sanctioned,927,,exact_multi_field,98.0,HIGH,auto_matched
CW_000455,lok_sabha,recommended,942,sanctioned,955,,exact_multi_field,98.0,HIGH,auto_matched
CW_000466,lok_sabha,recommended,920,sanctioned,921,,exact_multi_field,98.0,HIGH,auto_matched
CW_000506,lok_sabha,recommended,937,sanctioned,927,,exact_multi_field,98.0,HIGH,auto_matched
CW_000466,lok_sabha,recommended,920,sanctioned,951,,exact_multi_field,98.0,HIGH,auto_matched
CW_000461,lok_sabha,recommended,941,sanctioned,923,,exact_multi_field,98.0,HIGH,auto_matched
CW_000462,lok_sabha,recommended,921,sanctioned,915,,exact_multi_field,98.0,HIGH,auto_matched
CW_000460,lok_sabha,recommended,932,sanctioned,959,,exact_multi_field,98.0,HIGH,auto_matched
CW_000464,lok_sabha,recommended,924,sanctioned,923,,exact_multi_field,98.0,HIGH,auto_matched
CW_000464,lok_sabha,recommended,924,sanctioned,953,,exact_multi_field,98.0,HIGH,auto_matched
CW_000310,lok_sabha,recommended,344,sanctioned,338,,exact_multi_field,98.0,HIGH,auto_matched
CW_000304,lok_sabha,recommended,1033,sanctioned,1023,,exact_multi_field,98.0,HIGH,auto_matched
CW_000034,lok_sabha,recommended,1235,sanctioned,1219,,exact_multi_field,98.0,HIGH,auto_matched
CW_000028,lok_sabha,recommended,1247,sanctioned,1227,,exact_multi_field,98.0,HIGH,auto_matched
CW_000009,lok_sabha,recommended,1218,sanctioned,1219,,exact_multi_field,98.0,HIGH,auto_matched
CW_000009,lok_sabha,recommended,1230,sanctioned,1227,,exact_multi_field,98.0,HIGH,auto_matched
CW_000009,lok_sabha,recommended,1239,sanctioned,1221,,exact_multi_field,98.0,HIGH,auto_matched
CW_000863,lok_sabha,recommended,553,sanctioned,544,,exact_multi_field,98.0,HIGH,auto_matched
CW_000864,lok_sabha,recommended,882,sanctioned,873,,exact_multi_field,98.0,HIGH,auto_matched
CW_000007,lok_sabha,recommended,516,sanctioned,506,,exact_multi_field,98.0,HIGH,auto_matched
CW_000005,lok_sabha,recommended,1213,sanctioned,1227,,exact_multi_field,98.0,HIGH,auto_matched
CW_000503,lok_sabha,recommended,957,sanctioned,913,,exact_multi_field,98.0,HIGH,auto_matched
CW_000026,lok_sabha,recommended,515,sanctioned,504,,exact_multi_field,98.0,HIGH,auto_matched
CW_000503,lok_sabha,recommended,957,sanctioned,943,,exact_multi_field,98.0,HIGH,auto_matched
CW_000517,lok_sabha,recommended,969,sanctioned,950,,exact_multi_field,98.0,HIGH,auto_matched
CW_000543,lok_sabha,recommended,961,sanctioned,914,,exact_multi_field,98.0,HIGH,auto_matched
CW_000480,lok_sabha,recommended,612,sanctioned,602,,exact_multi_field,98.0,HIGH,auto_matched
CW_000471,lok_sabha,recommended,949,sanctioned,943,,exact_multi_field,98.0,HIGH,auto_matched
CW_000470,lok_sabha,recommended,629,sanctioned,608,,exact_multi_field,98.0,HIGH,auto_matched
CW_000521,lok_sabha,recommended,952,sanctioned,950,,exact_multi_field,98.0,HIGH,auto_matched
CW_000543,lok_sabha,recommended,961,sanctioned,944,,exact_multi_field,98.0,HIGH,auto_matched
CW_000472,lok_sabha,recommended,965,sanctioned,940,,exact_multi_field,98.0,HIGH,auto_matched
CW_000544,lok_sabha,recommended,944,sanctioned,944,,exact_multi_field,98.0,HIGH,auto_matched
CW_000545,lok_sabha,recommended,951,sanctioned,918,,exact_multi_field,98.0,HIGH,auto_matched
CW_000477,lok_sabha,recommended,948,sanctioned,940,,exact_multi_field,98.0,HIGH,auto_matched
CW_000545,lok_sabha,recommended,951,sanctioned,948,,exact_multi_field,98.0,HIGH,auto_matched
CW_000547,lok_sabha,recommended,599,sanctioned,604,,exact_multi_field,98.0,HIGH,auto_matched
CW_000444,lok_sabha,recommended,931,sanctioned,940,,exact_multi_field,98.0,HIGH,auto_matched
CW_000865,lok_sabha,recommended,19,sanctioned,19,,exact_multi_field,98.0,HIGH,auto_matched
CW_000347,lok_sabha,recommended,1363,sanctioned,1353,,exact_multi_field,98.0,HIGH,auto_matched
CW_000482,lok_sabha,recommended,927,sanctioned,930,,exact_multi_field,98.0,HIGH,auto_matched
CW_000866,lok_sabha,recommended,1486,sanctioned,1475,,exact_multi_field,98.0,HIGH,auto_matched
CW_000017,lok_sabha,recommended,1233,sanctioned,1219,,exact_multi_field,98.0,HIGH,auto_matched
CW_000048,lok_sabha,recommended,1246,sanctioned,1209,,exact_multi_field,98.0,HIGH,auto_matched
CW_000018,lok_sabha,recommended,1229,sanctioned,1209,,exact_multi_field,98.0,HIGH,auto_matched
CW_000028,lok_sabha,recommended,1217,sanctioned,1237,,exact_multi_field,98.0,HIGH,auto_matched
CW_000867,lok_sabha,recommended,640,sanctioned,630,,exact_multi_field,98.0,HIGH,auto_matched
CW_000048,lok_sabha,recommended,1216,sanctioned,1205,,exact_multi_field,98.0,HIGH,auto_matched
CW_000453,lok_sabha,recommended,959,sanctioned,938,,exact_multi_field,98.0,HIGH,auto_matched
CW_000230,lok_sabha,recommended,1418,sanctioned,1407,,exact_multi_field,98.0,HIGH,auto_matched
CW_000449,lok_sabha,recommended,968,sanctioned,932,,exact_multi_field,98.0,HIGH,auto_matched
CW_000868,lok_sabha,recommended,1186,sanctioned,1176,,exact_multi_field,98.0,HIGH,auto_matched
CW_000102,lok_sabha,recommended,84,sanctioned,84,,exact_multi_field,98.0,HIGH,auto_matched
CW_000136,lok_sabha,recommended,399,sanctioned,391,,exact_multi_field,98.0,HIGH,auto_matched
CW_000454,lok_sabha,recommended,955,sanctioned,928,,exact_multi_field,98.0,HIGH,auto_matched
CW_000869,lok_sabha,recommended,47,sanctioned,47,,exact_multi_field,98.0,HIGH,auto_matched
CW_000576,lok_sabha,recommended,606,sanctioned,591,,exact_multi_field,98.0,HIGH,auto_matched
CW_000456,lok_sabha,recommended,958,sanctioned,936,,exact_multi_field,98.0,HIGH,auto_matched
CW_000565,lok_sabha,recommended,935,sanctioned,920,,exact_multi_field,98.0,HIGH,auto_matched
CW_000459,lok_sabha,recommended,938,sanctioned,928,,exact_multi_field,98.0,HIGH,auto_matched
CW_000454,lok_sabha,recommended,955,sanctioned,958,,exact_multi_field,98.0,HIGH,auto_matched
CW_000461,lok_sabha,recommended,941,sanctioned,936,,exact_multi_field,98.0,HIGH,auto_matched
CW_000565,lok_sabha,recommended,935,sanctioned,950,,exact_multi_field,98.0,HIGH,auto_matched
CW_000462,lok_sabha,recommended,921,sanctioned,928,,exact_multi_field,98.0,HIGH,auto_matched
CW_000459,lok_sabha,recommended,938,sanctioned,958,,exact_multi_field,98.0,HIGH,auto_matched
CW_000870,lok_sabha,recommended,1282,sanctioned,1272,,exact_multi_field,98.0,HIGH,auto_matched
CW_000494,lok_sabha,recommended,925,sanctioned,924,,exact_multi_field,98.0,HIGH,auto_matched
CW_000609,lok_sabha,recommended,605,sanctioned,589,,exact_multi_field,98.0,HIGH,auto_matched
CW_000462,lok_sabha,recommended,921,sanctioned,958,,exact_multi_field,98.0,HIGH,auto_matched
CW_000455,lok_sabha,recommended,942,sanctioned,930,,exact_multi_field,98.0,HIGH,auto_matched
CW_000871,lok_sabha,recommended,256,sanctioned,253,,exact_multi_field,98.0,HIGH,auto_matched
CW_000274,lok_sabha,recommended,143,sanctioned,143,,exact_multi_field,98.0,HIGH,auto_matched
CW_000494,lok_sabha,recommended,925,sanctioned,954,,exact_multi_field,98.0,HIGH,auto_matched
CW_000063,lok_sabha,recommended,1244,sanctioned,1232,,exact_multi_field,98.0,HIGH,auto_matched
CW_000028,lok_sabha,recommended,1236,sanctioned,1196,,exact_multi_field,98.0,HIGH,auto_matched
CW_000028,lok_sabha,recommended,1236,sanctioned,1226,,exact_multi_field,98.0,HIGH,auto_matched
CW_000022,lok_sabha,recommended,1240,sanctioned,1222,,exact_multi_field,98.0,HIGH,auto_matched
CW_000024,lok_sabha,recommended,1219,sanctioned,1226,,exact_multi_field,98.0,HIGH,auto_matched
CW_000872,lok_sabha,recommended,112,sanctioned,112,,exact_multi_field,98.0,HIGH,auto_matched
CW_000022,lok_sabha,recommended,1206,sanctioned,1222,,exact_multi_field,98.0,HIGH,auto_matched
CW_000468,lok_sabha,recommended,966,sanctioned,926,,exact_multi_field,98.0,HIGH,auto_matched
CW_000208,lok_sabha,recommended,1332,sanctioned,1322,,exact_multi_field,98.0,HIGH,auto_matched
CW_000501,lok_sabha,recommended,963,sanctioned,948,,exact_multi_field,98.0,HIGH,auto_matched
CW_000468,lok_sabha,recommended,966,sanctioned,956,,exact_multi_field,98.0,HIGH,auto_matched
CW_000026,lok_sabha,recommended,513,sanctioned,503,,exact_multi_field,98.0,HIGH,auto_matched
CW_000451,lok_sabha,recommended,962,sanctioned,916,,exact_multi_field,98.0,HIGH,auto_matched
CW_000502,lok_sabha,recommended,630,sanctioned,609,,exact_multi_field,98.0,HIGH,auto_matched
CW_000055,lok_sabha,recommended,1310,sanctioned,1300,,exact_multi_field,98.0,HIGH,auto_matched
CW_000507,lok_sabha,recommended,953,sanctioned,952,,exact_multi_field,98.0,HIGH,auto_matched
CW_000476,lok_sabha,recommended,945,sanctioned,916,,exact_multi_field,98.0,HIGH,auto_matched
CW_000451,lok_sabha,recommended,962,sanctioned,946,,exact_multi_field,98.0,HIGH,auto_matched
CW_000472,lok_sabha,recommended,965,sanctioned,953,,exact_multi_field,98.0,HIGH,auto_matched
CW_000503,lok_sabha,recommended,957,sanctioned,924,,exact_multi_field,98.0,HIGH,auto_matched
CW_000479,lok_sabha,recommended,928,sanctioned,916,,exact_multi_field,98.0,HIGH,auto_matched
CW_000476,lok_sabha,recommended,945,sanctioned,946,,exact_multi_field,98.0,HIGH,auto_matched
CW_000873,lok_sabha,recommended,733,sanctioned,723,,exact_multi_field,98.0,HIGH,auto_matched
CW_000874,lok_sabha,recommended,1062,sanctioned,1052,,exact_multi_field,98.0,HIGH,auto_matched
CW_000692,lok_sabha,recommended,600,sanctioned,605,,exact_multi_field,98.0,HIGH,auto_matched
CW_000479,lok_sabha,recommended,928,sanctioned,946,,exact_multi_field,98.0,HIGH,auto_matched
CW_000471,lok_sabha,recommended,949,sanctioned,918,,exact_multi_field,98.0,HIGH,auto_matched
CW_000457,lok_sabha,recommended,609,sanctioned,599,,exact_multi_field,98.0,HIGH,auto_matched
CW_000522,lok_sabha,recommended,940,sanctioned,953,,exact_multi_field,98.0,HIGH,auto_matched
CW_000647,lok_sabha,recommended,575,sanctioned,569,,exact_multi_field,98.0,HIGH,auto_matched
CW_000472,lok_sabha,recommended,965,sanctioned,915,,exact_multi_field,98.0,HIGH,auto_matched
CW_000875,lok_sabha,recommended,377,sanctioned,369,,exact_multi_field,98.0,HIGH,auto_matched
CW_000876,lok_sabha,recommended,1264,sanctioned,1254,,exact_multi_field,98.0,HIGH,auto_matched
CW_000483,lok_sabha,recommended,939,sanctioned,921,,exact_multi_field,98.0,HIGH,auto_matched
CW_000510,lok_sabha,recommended,936,sanctioned,943,,exact_multi_field,98.0,HIGH,auto_matched
CW_000485,lok_sabha,recommended,922,sanctioned,921,,exact_multi_field,98.0,HIGH,auto_matched
CW_000483,lok_sabha,recommended,939,sanctioned,951,,exact_multi_field,98.0,HIGH,auto_matched
CW_000022,lok_sabha,recommended,1234,sanctioned,1220,,exact_multi_field,98.0,HIGH,auto_matched
CW_000485,lok_sabha,recommended,922,sanctioned,951,,exact_multi_field,98.0,HIGH,auto_matched
CW_000174,lok_sabha,recommended,1226,sanctioned,1214,,exact_multi_field,98.0,HIGH,auto_matched
CW_000206,lok_sabha,recommended,1031,sanctioned,1021,,exact_multi_field,98.0,HIGH,auto_matched
CW_000344,lok_sabha,recommended,1360,sanctioned,1350,,exact_multi_field,98.0,HIGH,auto_matched
CW_000005,lok_sabha,recommended,1238,sanctioned,1222,,exact_multi_field,98.0,HIGH,auto_matched
CW_000587,lok_sabha,recommended,881,sanctioned,873,,exact_multi_field,98.0,HIGH,auto_matched
CW_000615,lok_sabha,recommended,880,sanctioned,871,,exact_multi_field,98.0,HIGH,auto_matched
CW_000877,lok_sabha,recommended,858,sanctioned,849,,exact_multi_field,98.0,HIGH,auto_matched
CW_000878,lok_sabha,recommended,637,sanctioned,627,,exact_multi_field,98.0,HIGH,auto_matched
CW_000571,lok_sabha,recommended,603,sanctioned,597,,exact_multi_field,98.0,HIGH,auto_matched
CW_000142,lok_sabha,recommended,981,sanctioned,971,,exact_multi_field,98.0,HIGH,auto_matched
CW_000453,lok_sabha,recommended,959,sanctioned,913,,exact_multi_field,98.0,HIGH,auto_matched
CW_000559,lok_sabha,recommended,947,sanctioned,941,,exact_multi_field,98.0,HIGH,auto_matched
CW_000493,lok_sabha,recommended,956,sanctioned,935,,exact_multi_field,98.0,HIGH,auto_matched
CW_000534,lok_sabha,recommended,614,sanctioned,602,,exact_multi_field,98.0,HIGH,auto_matched
CW_000879,lok_sabha,recommended,257,sanctioned,254,,exact_multi_field,98.0,HIGH,auto_matched
CW_000519,lok_sabha,recommended,943,sanctioned,931,,exact_multi_field,98.0,HIGH,auto_matched
CW_000496,lok_sabha,recommended,946,sanctioned,939,,exact_multi_field,98.0,HIGH,auto_matched
CW_000277,lok_sabha,recommended,1388,sanctioned,1378,,exact_multi_field,98.0,HIGH,auto_matched
CW_000593,lok_sabha,recommended,577,sanctioned,565,,exact_multi_field,98.0,HIGH,auto_matched
CW_000045,lok_sabha,recommended,1241,sanctioned,1208,,exact_multi_field,98.0,HIGH,auto_matched
CW_000575,lok_sabha,recommended,926,sanctioned,931,,exact_multi_field,98.0,HIGH,auto_matched
CW_000880,lok_sabha,recommended,711,sanctioned,701,,exact_multi_field,98.0,HIGH,auto_matched
CW_000565,lok_sabha,recommended,935,sanctioned,925,,exact_multi_field,98.0,HIGH,auto_matched
CW_000497,lok_sabha,recommended,929,sanctioned,939,,exact_multi_field,98.0,HIGH,auto_matched
CW_000445,lok_sabha,recommended,923,sanctioned,953,,exact_multi_field,98.0,HIGH,auto_matched
CW_000045,lok_sabha,recommended,1245,sanctioned,1209,,exact_multi_field,98.0,HIGH,auto_matched
CW_000881,lok_sabha,recommended,908,sanctioned,899,,exact_multi_field,98.0,HIGH,auto_matched
CW_000494,lok_sabha,recommended,925,sanctioned,929,,exact_multi_field,98.0,HIGH,auto_matched
CW_000882,lok_sabha,recommended,1447,sanctioned,1436,,exact_multi_field,98.0,HIGH,auto_matched
CW_000063,lok_sabha,recommended,1244,sanctioned,1207,,exact_multi_field,98.0,HIGH,auto_matched
CW_000065,lok_sabha,recommended,665,sanctioned,655,,exact_multi_field,98.0,HIGH,auto_matched
CW_000063,lok_sabha,recommended,1244,sanctioned,1237,,exact_multi_field,98.0,HIGH,auto_matched
CW_000022,lok_sabha,recommended,1215,sanctioned,1235,,exact_multi_field,98.0,HIGH,auto_matched
CW_000883,lok_sabha,recommended,76,sanctioned,76,,exact_multi_field,98.0,HIGH,auto_matched
CW_000884,lok_sabha,recommended,1009,sanctioned,999,,exact_multi_field,98.0,HIGH,auto_matched
CW_000380,lok_sabha,recommended,1203,sanctioned,1189,,exact_multi_field,98.0,HIGH,auto_matched
CW_000885,lok_sabha,recommended,529,sanctioned,520,,exact_multi_field,98.0,HIGH,auto_matched
CW_000505,lok_sabha,recommended,954,sanctioned,929,,exact_multi_field,98.0,HIGH,auto_matched
CW_000886,lok_sabha,recommended,285,sanctioned,282,,exact_multi_field,98.0,HIGH,auto_matched
CW_000501,lok_sabha,recommended,963,sanctioned,923,,exact_multi_field,98.0,HIGH,auto_matched
CW_000505,lok_sabha,recommended,954,sanctioned,959,,exact_multi_field,98.0,HIGH,auto_matched
CW_000501,lok_sabha,recommended,963,sanctioned,953,,exact_multi_field,98.0,HIGH,auto_matched
CW_000529,lok_sabha,recommended,950,sanctioned,919,,exact_multi_field,98.0,HIGH,auto_matched
CW_000506,lok_sabha,recommended,937,sanctioned,959,,exact_multi_field,98.0,HIGH,auto_matched
CW_000530,lok_sabha,recommended,618,sanctioned,612,,exact_multi_field,98.0,HIGH,auto_matched
CW_000507,lok_sabha,recommended,953,sanctioned,927,,exact_multi_field,98.0,HIGH,auto_matched
CW_000058,lok_sabha,recommended,1307,sanctioned,1297,,exact_multi_field,98.0,HIGH,auto_matched
CW_000599,lok_sabha,recommended,604,sanctioned,590,,exact_multi_field,98.0,HIGH,auto_matched
CW_000508,lok_sabha,recommended,621,sanctioned,620,,exact_multi_field,98.0,HIGH,auto_matched
CW_000533,lok_sabha,recommended,933,sanctioned,919,,exact_multi_field,98.0,HIGH,auto_matched
CW_000529,lok_sabha,recommended,950,sanctioned,949,,exact_multi_field,98.0,HIGH,auto_matched
CW_000455,lok_sabha,recommended,942,sanctioned,913,,exact_multi_field,98.0,HIGH,auto_matched
CW_000464,lok_sabha,recommended,924,sanctioned,955,,exact_multi_field,98.0,HIGH,auto_matched
CW_000533,lok_sabha,recommended,933,sanctioned,949,,exact_multi_field,98.0,HIGH,auto_matched
CW_000130,lok_sabha,recommended,1475,sanctioned,1464,,exact_multi_field,98.0,HIGH,auto_matched
CW_000842,lok_sabha,recommended,580,sanctioned,572,,exact_multi_field,98.0,HIGH,auto_matched
CW_000460,lok_sabha,recommended,932,sanctioned,917,,exact_multi_field,98.0,HIGH,auto_matched
CW_000167,lok_sabha,recommended,827,sanctioned,818,,exact_multi_field,98.0,HIGH,auto_matched
CW_000203,lok_sabha,recommended,141,sanctioned,141,,exact_multi_field,98.0,HIGH,auto_matched
CW_000466,lok_sabha,recommended,920,sanctioned,945,,exact_multi_field,98.0,HIGH,auto_matched
CW_000482,lok_sabha,recommended,927,sanctioned,924,,exact_multi_field,98.0,HIGH,auto_matched
CW_000510,lok_sabha,recommended,936,sanctioned,918,,exact_multi_field,98.0,HIGH,auto_matched
CW_000128,lok_sabha,recommended,995,sanctioned,985,,exact_multi_field,98.0,HIGH,auto_matched
CW_000536,lok_sabha,recommended,579,sanctioned,570,,exact_multi_field,98.0,HIGH,auto_matched
CW_000024,lok_sabha,recommended,1242,sanctioned,1231,,exact_multi_field,98.0,HIGH,auto_matched
CW_000482,lok_sabha,recommended,927,sanctioned,954,,exact_multi_field,98.0,HIGH,auto_matched
CW_000887,lok_sabha,recommended,557,sanctioned,548,,exact_multi_field,98.0,HIGH,auto_matched
CW_000888,lok_sabha,recommended,1293,sanctioned,1283,,exact_multi_field,98.0,HIGH,auto_matched
CW_000050,lok_sabha,recommended,511,sanctioned,502,,exact_multi_field,98.0,HIGH,auto_matched
CW_000450,lok_sabha,recommended,619,sanctioned,614,,exact_multi_field,98.0,HIGH,auto_matched
CW_000625,lok_sabha,recommended,628,sanctioned,608,,exact_multi_field,98.0,HIGH,auto_matched
CW_000503,lok_sabha,recommended,957,sanctioned,937,,exact_multi_field,98.0,HIGH,auto_matched
CW_000515,lok_sabha,recommended,960,sanctioned,944,,exact_multi_field,98.0,HIGH,auto_matched
CW_000605,lok_sabha,recommended,608,sanctioned,600,,exact_multi_field,98.0,HIGH,auto_matched
CW_000889,lok_sabha,recommended,855,sanctioned,846,,exact_multi_field,98.0,HIGH,auto_matched
CW_000027,lok_sabha,recommended,169,sanctioned,169,,exact_multi_field,98.0,HIGH,auto_matched
CW_000558,lok_sabha,recommended,964,sanctioned,916,,exact_multi_field,98.0,HIGH,auto_matched
CW_000543,lok_sabha,recommended,961,sanctioned,938,,exact_multi_field,98.0,HIGH,auto_matched
CW_000559,lok_sabha,recommended,947,sanctioned,916,,exact_multi_field,98.0,HIGH,auto_matched
CW_000558,lok_sabha,recommended,964,sanctioned,946,,exact_multi_field,98.0,HIGH,auto_matched
CW_000550,lok_sabha,recommended,598,sanctioned,604,,exact_multi_field,98.0,HIGH,auto_matched
CW_000591,lok_sabha,recommended,607,sanctioned,598,,exact_multi_field,98.0,HIGH,auto_matched
CW_000544,lok_sabha,recommended,944,sanctioned,938,,exact_multi_field,98.0,HIGH,auto_matched
CW_000545,lok_sabha,recommended,951,sanctioned,912,,exact_multi_field,98.0,HIGH,auto_matched
CW_000559,lok_sabha,recommended,947,sanctioned,946,,exact_multi_field,98.0,HIGH,auto_matched
CW_000890,lok_sabha,recommended,375,sanctioned,367,,exact_multi_field,98.0,HIGH,auto_matched
CW_000525,lok_sabha,recommended,934,sanctioned,912,,exact_multi_field,98.0,HIGH,auto_matched
CW_000545,lok_sabha,recommended,951,sanctioned,942,,exact_multi_field,98.0,HIGH,auto_matched
CW_000444,lok_sabha,recommended,931,sanctioned,934,,exact_multi_field,98.0,HIGH,auto_matched
CW_000891,lok_sabha,recommended,254,sanctioned,251,,exact_multi_field,98.0,HIGH,auto_matched
CW_000525,lok_sabha,recommended,934,sanctioned,942,,exact_multi_field,98.0,HIGH,auto_matched
CW_000005,lok_sabha,recommended,1238,sanctioned,1205,,exact_multi_field,98.0,HIGH,auto_matched
CW_000593,lok_sabha,recommended,577,sanctioned,570,,exact_multi_field,98.0,HIGH,auto_matched
CW_000445,lok_sabha,recommended,923,sanctioned,928,,exact_multi_field,98.0,HIGH,auto_matched
CW_000549,lok_sabha,recommended,581,sanctioned,565,,exact_multi_field,98.0,HIGH,auto_matched
CW_000005,lok_sabha,recommended,1238,sanctioned,1235,,exact_multi_field,98.0,HIGH,auto_matched
CW_000892,lok_sabha,recommended,426,sanctioned,419,,exact_multi_field,98.0,HIGH,auto_matched
CW_000893,lok_sabha,recommended,1444,sanctioned,1433,,exact_multi_field,98.0,HIGH,auto_matched
CW_000117,lok_sabha,recommended,197,sanctioned,197,,exact_multi_field,98.0,HIGH,auto_matched
CW_000894,lok_sabha,recommended,73,sanctioned,73,,exact_multi_field,98.0,HIGH,auto_matched
CW_000528,lok_sabha,recommended,967,sanctioned,932,,exact_multi_field,98.0,HIGH,auto_matched
CW_000608,lok_sabha,recommended,615,sanctioned,588,,exact_multi_field,98.0,HIGH,auto_matched
CW_000448,lok_sabha,recommended,632,sanctioned,618,,exact_multi_field,98.0,HIGH,auto_matched
CW_000023,lok_sabha,recommended,1211,sanctioned,1200,,exact_multi_field,98.0,HIGH,auto_matched
CW_000895,lok_sabha,recommended,403,sanctioned,395,,exact_multi_field,98.0,HIGH,auto_matched
CW_000449,lok_sabha,recommended,968,sanctioned,926,,exact_multi_field,98.0,HIGH,auto_matched
CW_000451,lok_sabha,recommended,962,sanctioned,940,,exact_multi_field,98.0,HIGH,auto_matched
CW_000452,lok_sabha,recommended,631,sanctioned,615,,exact_multi_field,98.0,HIGH,auto_matched
CW_000896,lok_sabha,recommended,282,sanctioned,279,,exact_multi_field,98.0,HIGH,auto_matched
CW_000476,lok_sabha,recommended,945,sanctioned,940,,exact_multi_field,98.0,HIGH,auto_matched
CW_000505,lok_sabha,recommended,954,sanctioned,934,,exact_multi_field,98.0,HIGH,auto_matched
CW_000456,lok_sabha,recommended,958,sanctioned,930,,exact_multi_field,98.0,HIGH,auto_matched
CW_000457,lok_sabha,recommended,609,sanctioned,593,,exact_multi_field,98.0,HIGH,auto_matched
CW_000459,lok_sabha,recommended,938,sanctioned,922,,exact_multi_field,98.0,HIGH,auto_matched
CW_000897,lok_sabha,recommended,694,sanctioned,684,,exact_multi_field,98.0,HIGH,auto_matched
CW_000461,lok_sabha,recommended,941,sanctioned,930,,exact_multi_field,98.0,HIGH,auto_matched
CW_000898,lok_sabha,recommended,42,sanctioned,42,,exact_multi_field,98.0,HIGH,auto_matched
CW_000462,lok_sabha,recommended,921,sanctioned,922,,exact_multi_field,98.0,HIGH,auto_matched
CW_000463,lok_sabha,recommended,930,sanctioned,916,,exact_multi_field,98.0,HIGH,auto_matched
CW_000464,lok_sabha,recommended,924,sanctioned,930,,exact_multi_field,98.0,HIGH,auto_matched
CW_000462,lok_sabha,recommended,921,sanctioned,952,,exact_multi_field,98.0,HIGH,auto_matched
CW_000466,lok_sabha,recommended,920,sanctioned,920,,exact_multi_field,98.0,HIGH,auto_matched
CW_000899,lok_sabha,recommended,138,sanctioned,138,,exact_multi_field,98.0,HIGH,auto_matched
CW_000028,lok_sabha,recommended,1247,sanctioned,1234,,exact_multi_field,98.0,HIGH,auto_matched
CW_000900,lok_sabha,recommended,101,sanctioned,101,,exact_multi_field,98.0,HIGH,auto_matched
CW_000024,lok_sabha,recommended,1242,sanctioned,1206,,exact_multi_field,98.0,HIGH,auto_matched
CW_000171,lok_sabha,recommended,663,sanctioned,653,,exact_multi_field,98.0,HIGH,auto_matched
CW_000028,lok_sabha,recommended,1236,sanctioned,1220,,exact_multi_field,98.0,HIGH,auto_matched
CW_000009,lok_sabha,recommended,1230,sanctioned,1234,,exact_multi_field,98.0,HIGH,auto_matched
CW_000275,lok_sabha,recommended,992,sanctioned,982,,exact_multi_field,98.0,HIGH,auto_matched
CW_000023,lok_sabha,recommended,1222,sanctioned,1198,,exact_multi_field,98.0,HIGH,auto_matched
CW_000009,lok_sabha,recommended,1239,sanctioned,1228,,exact_multi_field,98.0,HIGH,auto_matched
CW_000024,lok_sabha,recommended,1219,sanctioned,1220,,exact_multi_field,98.0,HIGH,auto_matched
CW_000005,lok_sabha,recommended,1213,sanctioned,1234,,exact_multi_field,98.0,HIGH,auto_matched
CW_000355,lok_sabha,recommended,1336,sanctioned,1326,,exact_multi_field,98.0,HIGH,auto_matched
CW_000901,lok_sabha,recommended,310,sanctioned,307,,exact_multi_field,98.0,HIGH,auto_matched
CW_000902,lok_sabha,recommended,759,sanctioned,749,,exact_multi_field,98.0,HIGH,auto_matched
CW_000468,lok_sabha,recommended,966,sanctioned,950,,exact_multi_field,98.0,HIGH,auto_matched
CW_000517,lok_sabha,recommended,969,sanctioned,957,,exact_multi_field,98.0,HIGH,auto_matched
CW_000903,lok_sabha,recommended,70,sanctioned,70,,exact_multi_field,98.0,HIGH,auto_matched
CW_000471,lok_sabha,recommended,949,sanctioned,950,,exact_multi_field,98.0,HIGH,auto_matched
CW_000470,lok_sabha,recommended,629,sanctioned,615,,exact_multi_field,98.0,HIGH,auto_matched
CW_000472,lok_sabha,recommended,965,sanctioned,917,,exact_multi_field,98.0,HIGH,auto_matched
CW_000007,lok_sabha,recommended,516,sanctioned,505,,exact_multi_field,98.0,HIGH,auto_matched
CW_000543,lok_sabha,recommended,961,sanctioned,951,,exact_multi_field,98.0,HIGH,auto_matched
CW_000691,lok_sabha,recommended,1290,sanctioned,1280,,exact_multi_field,98.0,HIGH,auto_matched
CW_000477,lok_sabha,recommended,948,sanctioned,917,,exact_multi_field,98.0,HIGH,auto_matched
CW_000472,lok_sabha,recommended,965,sanctioned,947,,exact_multi_field,98.0,HIGH,auto_matched
CW_000477,lok_sabha,recommended,948,sanctioned,947,,exact_multi_field,98.0,HIGH,auto_matched
CW_000522,lok_sabha,recommended,940,sanctioned,911,,exact_multi_field,98.0,HIGH,auto_matched
CW_000545,lok_sabha,recommended,951,sanctioned,955,,exact_multi_field,98.0,HIGH,auto_matched
CW_000904,lok_sabha,recommended,166,sanctioned,166,,exact_multi_field,98.0,HIGH,auto_matched
CW_000479,lok_sabha,recommended,928,sanctioned,940,,exact_multi_field,98.0,HIGH,auto_matched
CW_000444,lok_sabha,recommended,931,sanctioned,947,,exact_multi_field,98.0,HIGH,auto_matched
CW_000543,lok_sabha,recommended,961,sanctioned,913,,exact_multi_field,98.0,HIGH,auto_matched
CW_000905,lok_sabha,recommended,1057,sanctioned,1047,,exact_multi_field,98.0,HIGH,auto_matched
CW_000481,lok_sabha,recommended,578,sanctioned,571,,exact_multi_field,98.0,HIGH,auto_matched
CW_000415,lok_sabha,recommended,1020,sanctioned,1010,,exact_multi_field,98.0,HIGH,auto_matched
CW_000482,lok_sabha,recommended,927,sanctioned,937,,exact_multi_field,98.0,HIGH,auto_matched
CW_000906,lok_sabha,recommended,372,sanctioned,364,,exact_multi_field,98.0,HIGH,auto_matched
CW_000485,lok_sabha,recommended,922,sanctioned,915,,exact_multi_field,98.0,HIGH,auto_matched
CW_000361,lok_sabha,recommended,1364,sanctioned,1354,,exact_multi_field,98.0,HIGH,auto_matched
CW_000036,lok_sabha,recommended,1243,sanctioned,1208,,exact_multi_field,98.0,HIGH,auto_matched
CW_000036,lok_sabha,recommended,1237,sanctioned,1222,,exact_multi_field,98.0,HIGH,auto_matched
CW_000485,lok_sabha,recommended,922,sanctioned,945,,exact_multi_field,98.0,HIGH,auto_matched
CW_000335,lok_sabha,recommended,787,sanctioned,777,,exact_multi_field,98.0,HIGH,auto_matched
CW_000907,lok_sabha,recommended,1116,sanctioned,1106,,exact_multi_field,98.0,HIGH,auto_matched
CW_000908,lok_sabha,recommended,884,sanctioned,875,,exact_multi_field,98.0,HIGH,auto_matched
CW_000549,lok_sabha,recommended,581,sanctioned,570,,exact_multi_field,98.0,HIGH,auto_matched
CW_000049,lok_sabha,recommended,989,sanctioned,979,,exact_multi_field,98.0,HIGH,auto_matched
CW_000909,lok_sabha,recommended,641,sanctioned,631,,exact_multi_field,98.0,HIGH,auto_matched
CW_000449,lok_sabha,recommended,968,sanctioned,939,,exact_multi_field,98.0,HIGH,auto_matched
CW_000117,lok_sabha,recommended,194,sanctioned,194,,exact_multi_field,98.0,HIGH,auto_matched
CW_000910,lok_sabha,recommended,1085,sanctioned,1075,,exact_multi_field,98.0,HIGH,auto_matched
CW_000454,lok_sabha,recommended,955,sanctioned,935,,exact_multi_field,98.0,HIGH,auto_matched
CW_000230,lok_sabha,recommended,1414,sanctioned,1404,,exact_multi_field,98.0,HIGH,auto_matched
CW_000571,lok_sabha,recommended,603,sanctioned,591,,exact_multi_field,98.0,HIGH,auto_matched
CW_000456,lok_sabha,recommended,958,sanctioned,943,,exact_multi_field,98.0,HIGH,auto_matched
CW_000459,lok_sabha,recommended,938,sanctioned,935,,exact_multi_field,98.0,HIGH,auto_matched
CW_000350,lok_sabha,recommended,400,sanctioned,392,,exact_multi_field,98.0,HIGH,auto_matched
CW_000277,lok_sabha,recommended,1392,sanctioned,1382,,exact_multi_field,98.0,HIGH,auto_matched
CW_000453,lok_sabha,recommended,959,sanctioned,937,,exact_multi_field,98.0,HIGH,auto_matched
CW_000619,lok_sabha,recommended,602,sanctioned,588,,exact_multi_field,98.0,HIGH,auto_matched
CW_000494,lok_sabha,recommended,925,sanctioned,931,,exact_multi_field,98.0,HIGH,auto_matched
CW_000609,lok_sabha,recommended,605,sanctioned,596,,exact_multi_field,98.0,HIGH,auto_matched
CW_000455,lok_sabha,recommended,942,sanctioned,937,,exact_multi_field,98.0,HIGH,auto_matched
CW_000576,lok_sabha,recommended,606,sanctioned,590,,exact_multi_field,98.0,HIGH,auto_matched
CW_000229,lok_sabha,recommended,912,sanctioned,903,,exact_multi_field,98.0,HIGH,auto_matched
CW_000497,lok_sabha,recommended,929,sanctioned,933,,exact_multi_field,98.0,HIGH,auto_matched
CW_000017,lok_sabha,recommended,1233,sanctioned,1226,,exact_multi_field,98.0,HIGH,auto_matched
CW_000028,lok_sabha,recommended,1236,sanctioned,1233,,exact_multi_field,98.0,HIGH,auto_matched
CW_000023,lok_sabha,recommended,1223,sanctioned,1199,,exact_multi_field,98.0,HIGH,auto_matched
CW_000022,lok_sabha,recommended,1240,sanctioned,1229,,exact_multi_field,98.0,HIGH,auto_matched
CW_000911,lok_sabha,recommended,555,sanctioned,546,,exact_multi_field,98.0,HIGH,auto_matched
CW_000912,lok_sabha,recommended,866,sanctioned,857,,exact_multi_field,98.0,HIGH,auto_matched
CW_000009,lok_sabha,recommended,1218,sanctioned,1237,,exact_multi_field,98.0,HIGH,auto_matched
CW_000501,lok_sabha,recommended,963,sanctioned,955,,exact_multi_field,98.0,HIGH,auto_matched
CW_000023,lok_sabha,recommended,1210,sanctioned,1201,,exact_multi_field,98.0,HIGH,auto_matched
CW_000005,lok_sabha,recommended,1213,sanctioned,1209,,exact_multi_field,98.0,HIGH,auto_matched
CW_000913,lok_sabha,recommended,71,sanctioned,71,,exact_multi_field,98.0,HIGH,auto_matched
CW_000451,lok_sabha,recommended,962,sanctioned,923,,exact_multi_field,98.0,HIGH,auto_matched
CW_000502,lok_sabha,recommended,630,sanctioned,616,,exact_multi_field,98.0,HIGH,auto_matched
CW_000507,lok_sabha,recommended,953,sanctioned,959,,exact_multi_field,98.0,HIGH,auto_matched
CW_000451,lok_sabha,recommended,962,sanctioned,953,,exact_multi_field,98.0,HIGH,auto_matched
CW_000503,lok_sabha,recommended,957,sanctioned,931,,exact_multi_field,98.0,HIGH,auto_matched
CW_000476,lok_sabha,recommended,945,sanctioned,953,,exact_multi_field,98.0,HIGH,auto_matched
CW_000468,lok_sabha,recommended,966,sanctioned,925,,exact_multi_field,98.0,HIGH,auto_matched
CW_000517,lok_sabha,recommended,969,sanctioned,932,,exact_multi_field,98.0,HIGH,auto_matched
CW_000914,lok_sabha,recommended,280,sanctioned,277,,exact_multi_field,98.0,HIGH,auto_matched
CW_000915,lok_sabha,recommended,719,sanctioned,709,,exact_multi_field,98.0,HIGH,auto_matched
CW_000257,lok_sabha,recommended,167,sanctioned,167,,exact_multi_field,98.0,HIGH,auto_matched
CW_000471,lok_sabha,recommended,949,sanctioned,925,,exact_multi_field,98.0,HIGH,auto_matched
CW_000916,lok_sabha,recommended,243,sanctioned,240,,exact_multi_field,98.0,HIGH,auto_matched
CW_000472,lok_sabha,recommended,965,sanctioned,922,,exact_multi_field,98.0,HIGH,auto_matched
CW_000510,lok_sabha,recommended,936,sanctioned,950,,exact_multi_field,98.0,HIGH,auto_matched
CW_000483,lok_sabha,recommended,939,sanctioned,958,,exact_multi_field,98.0,HIGH,auto_matched
CW_000479,lok_sabha,recommended,928,sanctioned,915,,exact_multi_field,98.0,HIGH,auto_matched
CW_000036,lok_sabha,recommended,1243,sanctioned,1221,,exact_multi_field,98.0,HIGH,auto_matched
CW_000130,lok_sabha,recommended,1470,sanctioned,1459,,exact_multi_field,98.0,HIGH,auto_matched
CW_000647,lok_sabha,recommended,575,sanctioned,568,,exact_multi_field,98.0,HIGH,auto_matched
CW_000005,lok_sabha,recommended,1238,sanctioned,1229,,exact_multi_field,98.0,HIGH,auto_matched
CW_000310,lok_sabha,recommended,343,sanctioned,337,,exact_multi_field,98.0,HIGH,auto_matched
CW_000388,lok_sabha,recommended,99,sanctioned,99,,exact_multi_field,98.0,HIGH,auto_matched
CW_000022,lok_sabha,recommended,1234,sanctioned,1219,,exact_multi_field,98.0,HIGH,auto_matched
CW_000174,lok_sabha,recommended,1200,sanctioned,1189,,exact_multi_field,98.0,HIGH,auto_matched
CW_000028,lok_sabha,recommended,1217,sanctioned,1219,,exact_multi_field,98.0,HIGH,auto_matched
CW_000587,lok_sabha,recommended,881,sanctioned,872,,exact_multi_field,98.0,HIGH,auto_matched
CW_000117,lok_sabha,recommended,195,sanctioned,195,,exact_multi_field,98.0,HIGH,auto_matched
CW_000558,lok_sabha,recommended,964,sanctioned,948,,exact_multi_field,98.0,HIGH,auto_matched
CW_000493,lok_sabha,recommended,956,sanctioned,912,,exact_multi_field,98.0,HIGH,auto_matched
CW_000088,lok_sabha,recommended,514,sanctioned,503,,exact_multi_field,98.0,HIGH,auto_matched
CW_000493,lok_sabha,recommended,956,sanctioned,942,,exact_multi_field,98.0,HIGH,auto_matched
CW_000917,lok_sabha,recommended,401,sanctioned,393,,exact_multi_field,98.0,HIGH,auto_matched
CW_000452,lok_sabha,recommended,631,sanctioned,609,,exact_multi_field,98.0,HIGH,auto_matched
CW_000515,lok_sabha,recommended,960,sanctioned,938,,exact_multi_field,98.0,HIGH,auto_matched
CW_000518,lok_sabha,recommended,611,sanctioned,602,,exact_multi_field,98.0,HIGH,auto_matched
CW_000519,lok_sabha,recommended,943,sanctioned,938,,exact_multi_field,98.0,HIGH,auto_matched
CW_000521,lok_sabha,recommended,952,sanctioned,932,,exact_multi_field,98.0,HIGH,auto_matched
CW_000496,lok_sabha,recommended,946,sanctioned,946,,exact_multi_field,98.0,HIGH,auto_matched
CW_000571,lok_sabha,recommended,603,sanctioned,596,,exact_multi_field,98.0,HIGH,auto_matched
CW_000575,lok_sabha,recommended,926,sanctioned,938,,exact_multi_field,98.0,HIGH,auto_matched
CW_000565,lok_sabha,recommended,935,sanctioned,932,,exact_multi_field,98.0,HIGH,auto_matched
CW_000232,lok_sabha,recommended,127,sanctioned,127,,exact_multi_field,98.0,HIGH,auto_matched
CW_000918,lok_sabha,recommended,258,sanctioned,255,,exact_multi_field,98.0,HIGH,auto_matched
CW_000483,lok_sabha,recommended,939,sanctioned,928,,exact_multi_field,98.0,HIGH,auto_matched
CW_000463,lok_sabha,recommended,930,sanctioned,940,,exact_multi_field,98.0,HIGH,auto_matched
CW_000485,lok_sabha,recommended,922,sanctioned,958,,exact_multi_field,98.0,HIGH,auto_matched
CW_000045,lok_sabha,recommended,1241,sanctioned,1207,,exact_multi_field,98.0,HIGH,auto_matched
CW_000012,lok_sabha,recommended,909,sanctioned,900,,exact_multi_field,98.0,HIGH,auto_matched
CW_000151,lok_sabha,recommended,223,sanctioned,223,,exact_multi_field,98.0,HIGH,auto_matched
CW_000045,lok_sabha,recommended,1241,sanctioned,1237,,exact_multi_field,98.0,HIGH,auto_matched
CW_000146,lok_sabha,recommended,1114,sanctioned,1104,,exact_multi_field,98.0,HIGH,auto_matched
CW_000045,lok_sabha,recommended,1245,sanctioned,1208,,exact_multi_field,98.0,HIGH,auto_matched
CW_000022,lok_sabha,recommended,1240,sanctioned,1204,,exact_multi_field,98.0,HIGH,auto_matched
CW_000864,lok_sabha,recommended,882,sanctioned,874,,exact_multi_field,98.0,HIGH,auto_matched
CW_000022,lok_sabha,recommended,1215,sanctioned,1204,,exact_multi_field,98.0,HIGH,auto_matched
CW_000501,lok_sabha,recommended,963,sanctioned,930,,exact_multi_field,98.0,HIGH,auto_matched
CW_000022,lok_sabha,recommended,1215,sanctioned,1234,,exact_multi_field,98.0,HIGH,auto_matched
CW_000528,lok_sabha,recommended,967,sanctioned,926,,exact_multi_field,98.0,HIGH,auto_matched
CW_000919,lok_sabha,recommended,286,sanctioned,283,,exact_multi_field,98.0,HIGH,auto_matched
CW_000529,lok_sabha,recommended,950,sanctioned,926,,exact_multi_field,98.0,HIGH,auto_matched
CW_000528,lok_sabha,recommended,967,sanctioned,956,,exact_multi_field,98.0,HIGH,auto_matched
CW_000920,lok_sabha,recommended,1412,sanctioned,1402,,exact_multi_field,98.0,HIGH,auto_matched
CW_000530,lok_sabha,recommended,618,sanctioned,619,,exact_multi_field,98.0,HIGH,auto_matched
CW_000507,lok_sabha,recommended,953,sanctioned,934,,exact_multi_field,98.0,HIGH,auto_matched
CW_000531,lok_sabha,recommended,627,sanctioned,613,,exact_multi_field,98.0,HIGH,auto_matched
CW_000533,lok_sabha,recommended,933,sanctioned,926,,exact_multi_field,98.0,HIGH,auto_matched
CW_000529,lok_sabha,recommended,950,sanctioned,956,,exact_multi_field,98.0,HIGH,auto_matched
CW_000533,lok_sabha,recommended,933,sanctioned,956,,exact_multi_field,98.0,HIGH,auto_matched
CW_000505,lok_sabha,recommended,954,sanctioned,928,,exact_multi_field,98.0,HIGH,auto_matched
CW_000504,lok_sabha,recommended,617,sanctioned,617,,exact_multi_field,98.0,HIGH,auto_matched
CW_000506,lok_sabha,recommended,937,sanctioned,928,,exact_multi_field,98.0,HIGH,auto_matched
CW_000460,lok_sabha,recommended,932,sanctioned,924,,exact_multi_field,98.0,HIGH,auto_matched
CW_000064,lok_sabha,recommended,1142,sanctioned,1132,,exact_multi_field,98.0,HIGH,auto_matched
CW_000506,lok_sabha,recommended,937,sanctioned,958,,exact_multi_field,98.0,HIGH,auto_matched
CW_000464,lok_sabha,recommended,924,sanctioned,924,,exact_multi_field,98.0,HIGH,auto_matched
CW_000482,lok_sabha,recommended,927,sanctioned,931,,exact_multi_field,98.0,HIGH,auto_matched
CW_000356,lok_sabha,recommended,689,sanctioned,679,,exact_multi_field,98.0,HIGH,auto_matched
CW_000510,lok_sabha,recommended,936,sanctioned,925,,exact_multi_field,98.0,HIGH,auto_matched
CW_000370,lok_sabha,recommended,142,sanctioned,142,,exact_multi_field,98.0,HIGH,auto_matched
CW_000278,lok_sabha,recommended,457,sanctioned,449,,exact_multi_field,98.0,HIGH,auto_matched
CW_000048,lok_sabha,recommended,1231,sanctioned,1224,,exact_multi_field,98.0,HIGH,auto_matched
CW_000371,lok_sabha,recommended,1362,sanctioned,1352,,exact_multi_field,98.0,HIGH,auto_matched
CW_000036,lok_sabha,recommended,1243,sanctioned,1232,,exact_multi_field,98.0,HIGH,auto_matched
CW_000921,lok_sabha,recommended,314,sanctioned,311,,exact_multi_field,98.0,HIGH,auto_matched
CW_000024,lok_sabha,recommended,1242,sanctioned,1230,,exact_multi_field,98.0,HIGH,auto_matched
CW_000023,lok_sabha,recommended,1208,sanctioned,1200,,exact_multi_field,98.0,HIGH,auto_matched
CW_000639,lok_sabha,recommended,625,sanctioned,607,,exact_multi_field,98.0,HIGH,auto_matched
CW_000625,lok_sabha,recommended,628,sanctioned,615,,exact_multi_field,98.0,HIGH,auto_matched
CW_000026,lok_sabha,recommended,515,sanctioned,505,,exact_multi_field,98.0,HIGH,auto_matched
CW_000018,lok_sabha,recommended,1204,sanctioned,1190,,exact_multi_field,98.0,HIGH,auto_matched
CW_000117,lok_sabha,recommended,192,sanctioned,192,,exact_multi_field,98.0,HIGH,auto_matched
CW_000543,lok_sabha,recommended,961,sanctioned,915,,exact_multi_field,98.0,HIGH,auto_matched
CW_000558,lok_sabha,recommended,964,sanctioned,923,,exact_multi_field,98.0,HIGH,auto_matched
CW_000470,lok_sabha,recommended,629,sanctioned,609,,exact_multi_field,98.0,HIGH,auto_matched
CW_000544,lok_sabha,recommended,944,sanctioned,915,,exact_multi_field,98.0,HIGH,auto_matched
CW_000543,lok_sabha,recommended,961,sanctioned,945,,exact_multi_field,98.0,HIGH,auto_matched
CW_000922,lok_sabha,recommended,717,sanctioned,707,,exact_multi_field,98.0,HIGH,auto_matched
CW_000558,lok_sabha,recommended,964,sanctioned,953,,exact_multi_field,98.0,HIGH,auto_matched
CW_000591,lok_sabha,recommended,607,sanctioned,605,,exact_multi_field,98.0,HIGH,auto_matched
CW_000544,lok_sabha,recommended,944,sanctioned,945,,exact_multi_field,98.0,HIGH,auto_matched
CW_000545,lok_sabha,recommended,951,sanctioned,919,,exact_multi_field,98.0,HIGH,auto_matched
CW_000440,lok_sabha,recommended,814,sanctioned,805,,exact_multi_field,98.0,HIGH,auto_matched
CW_000515,lok_sabha,recommended,960,sanctioned,913,,exact_multi_field,98.0,HIGH,auto_matched
CW_000923,lok_sabha,recommended,1061,sanctioned,1051,,exact_multi_field,98.0,HIGH,auto_matched
CW_000477,lok_sabha,recommended,948,sanctioned,941,,exact_multi_field,98.0,HIGH,auto_matched
CW_000924,lok_sabha,recommended,1390,sanctioned,1380,,exact_multi_field,98.0,HIGH,auto_matched
CW_000525,lok_sabha,recommended,934,sanctioned,919,,exact_multi_field,98.0,HIGH,auto_matched
CW_000545,lok_sabha,recommended,951,sanctioned,949,,exact_multi_field,98.0,HIGH,auto_matched
CW_000547,lok_sabha,recommended,599,sanctioned,605,,exact_multi_field,98.0,HIGH,auto_matched
CW_000519,lok_sabha,recommended,943,sanctioned,913,,exact_multi_field,98.0,HIGH,auto_matched
CW_000444,lok_sabha,recommended,931,sanctioned,941,,exact_multi_field,98.0,HIGH,auto_matched
CW_000925,lok_sabha,recommended,1266,sanctioned,1256,,exact_multi_field,98.0,HIGH,auto_matched
CW_000522,lok_sabha,recommended,940,sanctioned,935,,exact_multi_field,98.0,HIGH,auto_matched
CW_000525,lok_sabha,recommended,934,sanctioned,949,,exact_multi_field,98.0,HIGH,auto_matched
CW_000575,lok_sabha,recommended,926,sanctioned,913,,exact_multi_field,98.0,HIGH,auto_matched
CW_000445,lok_sabha,recommended,923,sanctioned,935,,exact_multi_field,98.0,HIGH,auto_matched
CW_000549,lok_sabha,recommended,581,sanctioned,572,,exact_multi_field,98.0,HIGH,auto_matched
CW_000217,lok_sabha,recommended,910,sanctioned,901,,exact_multi_field,98.0,HIGH,auto_matched
CW_000001,lok_sabha,recommended,1157,sanctioned,1147,,exact_multi_field,98.0,HIGH,auto_matched
CW_000926,lok_sabha,recommended,791,sanctioned,781,,exact_multi_field,98.0,HIGH,auto_matched
CW_000017,lok_sabha,recommended,1233,sanctioned,1220,,exact_multi_field,98.0,HIGH,auto_matched
CW_000226,lok_sabha,recommended,220,sanctioned,220,,exact_multi_field,98.0,HIGH,auto_matched
CW_000927,lok_sabha,recommended,535,sanctioned,526,,exact_multi_field,98.0,HIGH,auto_matched
CW_000928,lok_sabha,recommended,1111,sanctioned,1101,,exact_multi_field,98.0,HIGH,auto_matched
CW_000608,lok_sabha,recommended,615,sanctioned,595,,exact_multi_field,98.0,HIGH,auto_matched
CW_000449,lok_sabha,recommended,968,sanctioned,933,,exact_multi_field,98.0,HIGH,auto_matched
CW_000451,lok_sabha,recommended,962,sanctioned,947,,exact_multi_field,98.0,HIGH,auto_matched
CW_000088,lok_sabha,recommended,512,sanctioned,502,,exact_multi_field,98.0,HIGH,auto_matched
CW_000505,lok_sabha,recommended,954,sanctioned,941,,exact_multi_field,98.0,HIGH,auto_matched
CW_000456,lok_sabha,recommended,958,sanctioned,937,,exact_multi_field,98.0,HIGH,auto_matched
CW_000457,lok_sabha,recommended,609,sanctioned,600,,exact_multi_field,98.0,HIGH,auto_matched
CW_000459,lok_sabha,recommended,938,sanctioned,929,,exact_multi_field,98.0,HIGH,auto_matched
CW_000929,lok_sabha,recommended,1185,sanctioned,1175,,exact_multi_field,98.0,HIGH,auto_matched
CW_000559,lok_sabha,recommended,947,sanctioned,923,,exact_multi_field,98.0,HIGH,auto_matched
CW_000461,lok_sabha,recommended,941,sanctioned,937,,exact_multi_field,98.0,HIGH,auto_matched
CW_000462,lok_sabha,recommended,921,sanctioned,929,,exact_multi_field,98.0,HIGH,auto_matched
CW_000634,lok_sabha,recommended,601,sanctioned,594,,exact_multi_field,98.0,HIGH,auto_matched
CW_000459,lok_sabha,recommended,938,sanctioned,959,,exact_multi_field,98.0,HIGH,auto_matched
CW_000463,lok_sabha,recommended,930,sanctioned,923,,exact_multi_field,98.0,HIGH,auto_matched
CW_000464,lok_sabha,recommended,924,sanctioned,937,,exact_multi_field,98.0,HIGH,auto_matched
CW_000609,lok_sabha,recommended,605,sanctioned,590,,exact_multi_field,98.0,HIGH,auto_matched
CW_000462,lok_sabha,recommended,921,sanctioned,959,,exact_multi_field,98.0,HIGH,auto_matched
CW_000930,lok_sabha,recommended,1387,sanctioned,1377,,exact_multi_field,98.0,HIGH,auto_matched
CW_000466,lok_sabha,recommended,920,sanctioned,927,,exact_multi_field,98.0,HIGH,auto_matched
CW_000009,lok_sabha,recommended,1239,sanctioned,1205,,exact_multi_field,98.0,HIGH,auto_matched
CW_000028,lok_sabha,recommended,1236,sanctioned,1227,,exact_multi_field,98.0,HIGH,auto_matched
CW_000045,lok_sabha,recommended,1245,sanctioned,1221,,exact_multi_field,98.0,HIGH,auto_matched
CW_000009,lok_sabha,recommended,1239,sanctioned,1235,,exact_multi_field,98.0,HIGH,auto_matched
CW_000196,lok_sabha,recommended,454,sanctioned,446,,exact_multi_field,98.0,HIGH,auto_matched
CW_000024,lok_sabha,recommended,1219,sanctioned,1227,,exact_multi_field,98.0,HIGH,auto_matched
CW_000023,lok_sabha,recommended,1209,sanctioned,1201,,exact_multi_field,98.0,HIGH,auto_matched
CW_000022,lok_sabha,recommended,1206,sanctioned,1223,,exact_multi_field,98.0,HIGH,auto_matched
CW_000931,lok_sabha,recommended,427,sanctioned,420,,exact_multi_field,98.0,HIGH,auto_matched
CW_000468,lok_sabha,recommended,966,sanctioned,957,,exact_multi_field,98.0,HIGH,auto_matched
CW_000026,lok_sabha,recommended,513,sanctioned,504,,exact_multi_field,98.0,HIGH,auto_matched
CW_000471,lok_sabha,recommended,949,sanctioned,957,,exact_multi_field,98.0,HIGH,auto_matched
CW_000470,lok_sabha,recommended,629,sanctioned,622,,exact_multi_field,98.0,HIGH,auto_matched
CW_000932,lok_sabha,recommended,760,sanctioned,750,,exact_multi_field,98.0,HIGH,auto_matched
CW_000472,lok_sabha,recommended,965,sanctioned,924,,exact_multi_field,98.0,HIGH,auto_matched
CW_000476,lok_sabha,recommended,945,sanctioned,917,,exact_multi_field,98.0,HIGH,auto_matched
CW_000933,lok_sabha,recommended,284,sanctioned,281,,exact_multi_field,98.0,HIGH,auto_matched
CW_000934,lok_sabha,recommended,636,sanctioned,626,,exact_multi_field,98.0,HIGH,auto_matched
CW_000472,lok_sabha,recommended,965,sanctioned,954,,exact_multi_field,98.0,HIGH,auto_matched
CW_000479,lok_sabha,recommended,928,sanctioned,917,,exact_multi_field,98.0,HIGH,auto_matched
CW_000476,lok_sabha,recommended,945,sanctioned,947,,exact_multi_field,98.0,HIGH,auto_matched
CW_000517,lok_sabha,recommended,969,sanctioned,926,,exact_multi_field,98.0,HIGH,auto_matched
CW_000479,lok_sabha,recommended,928,sanctioned,947,,exact_multi_field,98.0,HIGH,auto_matched
CW_000521,lok_sabha,recommended,952,sanctioned,926,,exact_multi_field,98.0,HIGH,auto_matched
CW_000543,lok_sabha,recommended,961,sanctioned,920,,exact_multi_field,98.0,HIGH,auto_matched
CW_000565,lok_sabha,recommended,935,sanctioned,926,,exact_multi_field,98.0,HIGH,auto_matched
CW_000521,lok_sabha,recommended,952,sanctioned,956,,exact_multi_field,98.0,HIGH,auto_matched
CW_000477,lok_sabha,recommended,948,sanctioned,916,,exact_multi_field,98.0,HIGH,auto_matched
CW_000565,lok_sabha,recommended,935,sanctioned,956,,exact_multi_field,98.0,HIGH,auto_matched
CW_000485,lok_sabha,recommended,922,sanctioned,922,,exact_multi_field,98.0,HIGH,auto_matched
CW_000483,lok_sabha,recommended,939,sanctioned,952,,exact_multi_field,98.0,HIGH,auto_matched
CW_000444,lok_sabha,recommended,931,sanctioned,916,,exact_multi_field,98.0,HIGH,auto_matched
CW_000485,lok_sabha,recommended,922,sanctioned,952,,exact_multi_field,98.0,HIGH,auto_matched
CW_000048,lok_sabha,recommended,1246,sanctioned,1223,,exact_multi_field,98.0,HIGH,auto_matched
CW_000444,lok_sabha,recommended,931,sanctioned,946,,exact_multi_field,98.0,HIGH,auto_matched
CW_000174,lok_sabha,recommended,1226,sanctioned,1215,,exact_multi_field,98.0,HIGH,auto_matched
CW_000018,lok_sabha,recommended,1229,sanctioned,1223,,exact_multi_field,98.0,HIGH,auto_matched
CW_000048,lok_sabha,recommended,1216,sanctioned,1219,,exact_multi_field,98.0,HIGH,auto_matched
CW_000125,lok_sabha,recommended,788,sanctioned,778,,exact_multi_field,98.0,HIGH,auto_matched
CW_000615,lok_sabha,recommended,880,sanctioned,872,,exact_multi_field,98.0,HIGH,auto_matched
CW_000571,lok_sabha,recommended,603,sanctioned,598,,exact_multi_field,98.0,HIGH,auto_matched
CW_000528,lok_sabha,recommended,967,sanctioned,950,,exact_multi_field,98.0,HIGH,auto_matched
CW_000453,lok_sabha,recommended,959,sanctioned,914,,exact_multi_field,98.0,HIGH,auto_matched
CW_000935,lok_sabha,recommended,153,sanctioned,153,,exact_multi_field,98.0,HIGH,auto_matched
CW_000493,lok_sabha,recommended,956,sanctioned,936,,exact_multi_field,98.0,HIGH,auto_matched
CW_000529,lok_sabha,recommended,950,sanctioned,950,,exact_multi_field,98.0,HIGH,auto_matched
CW_000057,lok_sabha,recommended,517,sanctioned,505,,exact_multi_field,98.0,HIGH,auto_matched
CW_000455,lok_sabha,recommended,942,sanctioned,914,,exact_multi_field,98.0,HIGH,auto_matched
CW_000453,lok_sabha,recommended,959,sanctioned,944,,exact_multi_field,98.0,HIGH,auto_matched
CW_000619,lok_sabha,recommended,602,sanctioned,595,,exact_multi_field,98.0,HIGH,auto_matched
CW_000455,lok_sabha,recommended,942,sanctioned,944,,exact_multi_field,98.0,HIGH,auto_matched
CW_000496,lok_sabha,recommended,946,sanctioned,940,,exact_multi_field,98.0,HIGH,auto_matched
CW_000936,lok_sabha,recommended,359,sanctioned,351,,exact_multi_field,98.0,HIGH,auto_matched
CW_000576,lok_sabha,recommended,606,sanctioned,597,,exact_multi_field,98.0,HIGH,auto_matched
CW_000497,lok_sabha,recommended,929,sanctioned,940,,exact_multi_field,98.0,HIGH,auto_matched
CW_000459,lok_sabha,recommended,938,sanctioned,934,,exact_multi_field,98.0,HIGH,auto_matched
CW_000460,lok_sabha,recommended,932,sanctioned,948,,exact_multi_field,98.0,HIGH,auto_matched
CW_000937,lok_sabha,recommended,811,sanctioned,802,,exact_multi_field,98.0,HIGH,auto_matched
CW_000536,lok_sabha,recommended,579,sanctioned,571,,exact_multi_field,98.0,HIGH,auto_matched
CW_000494,lok_sabha,recommended,925,sanctioned,930,,exact_multi_field,98.0,HIGH,auto_matched
CW_000278,lok_sabha,recommended,455,sanctioned,447,,exact_multi_field,98.0,HIGH,auto_matched
CW_000063,lok_sabha,recommended,1244,sanctioned,1208,,exact_multi_field,98.0,HIGH,auto_matched
CW_000938,lok_sabha,recommended,1446,sanctioned,1435,,exact_multi_field,98.0,HIGH,auto_matched
CW_000023,lok_sabha,recommended,1223,sanctioned,1198,,exact_multi_field,98.0,HIGH,auto_matched
CW_000023,lok_sabha,recommended,1210,sanctioned,1238,,exact_multi_field,98.0,HIGH,auto_matched
CW_000939,lok_sabha,recommended,1072,sanctioned,1062,,exact_multi_field,98.0,HIGH,auto_matched
CW_000380,lok_sabha,recommended,1203,sanctioned,1190,,exact_multi_field,98.0,HIGH,auto_matched
CW_000277,lok_sabha,recommended,1416,sanctioned,1406,,exact_multi_field,98.0,HIGH,auto_matched
CW_000501,lok_sabha,recommended,963,sanctioned,924,,exact_multi_field,98.0,HIGH,auto_matched
CW_000503,lok_sabha,recommended,957,sanctioned,938,,exact_multi_field,98.0,HIGH,auto_matched
CW_000022,lok_sabha,recommended,1206,sanctioned,1228,,exact_multi_field,98.0,HIGH,auto_matched
CW_000504,lok_sabha,recommended,617,sanctioned,619,,exact_multi_field,98.0,HIGH,auto_matched
CW_000468,lok_sabha,recommended,966,sanctioned,932,,exact_multi_field,98.0,HIGH,auto_matched
CW_000501,lok_sabha,recommended,963,sanctioned,954,,exact_multi_field,98.0,HIGH,auto_matched
CW_000471,lok_sabha,recommended,949,sanctioned,932,,exact_multi_field,98.0,HIGH,auto_matched
CW_000507,lok_sabha,recommended,953,sanctioned,928,,exact_multi_field,98.0,HIGH,auto_matched
CW_000508,lok_sabha,recommended,621,sanctioned,621,,exact_multi_field,98.0,HIGH,auto_matched
CW_000507,lok_sabha,recommended,953,sanctioned,958,,exact_multi_field,98.0,HIGH,auto_matched
CW_000476,lok_sabha,recommended,945,sanctioned,922,,exact_multi_field,98.0,HIGH,auto_matched
CW_000533,lok_sabha,recommended,933,sanctioned,950,,exact_multi_field,98.0,HIGH,auto_matched
CW_000510,lok_sabha,recommended,936,sanctioned,957,,exact_multi_field,98.0,HIGH,auto_matched
CW_000940,lok_sabha,recommended,483,sanctioned,475,,exact_multi_field,98.0,HIGH,auto_matched
CW_000460,lok_sabha,recommended,932,sanctioned,918,,exact_multi_field,98.0,HIGH,auto_matched
CW_000022,lok_sabha,recommended,1234,sanctioned,1196,,exact_multi_field,98.0,HIGH,auto_matched
CW_000482,lok_sabha,recommended,927,sanctioned,955,,exact_multi_field,98.0,HIGH,auto_matched
CW_000022,lok_sabha,recommended,1234,sanctioned,1226,,exact_multi_field,98.0,HIGH,auto_matched
CW_000028,lok_sabha,recommended,1217,sanctioned,1226,,exact_multi_field,98.0,HIGH,auto_matched
CW_000941,lok_sabha,recommended,1196,sanctioned,1186,,exact_multi_field,98.0,HIGH,auto_matched
CW_000942,lok_sabha,recommended,1443,sanctioned,1432,,exact_multi_field,98.0,HIGH,auto_matched
CW_000448,lok_sabha,recommended,632,sanctioned,619,,exact_multi_field,98.0,HIGH,auto_matched
CW_000117,lok_sabha,recommended,196,sanctioned,196,,exact_multi_field,98.0,HIGH,auto_matched
CW_000050,lok_sabha,recommended,511,sanctioned,503,,exact_multi_field,98.0,HIGH,auto_matched
CW_000943,lok_sabha,recommended,72,sanctioned,72,,exact_multi_field,98.0,HIGH,auto_matched
CW_000625,lok_sabha,recommended,628,sanctioned,609,,exact_multi_field,98.0,HIGH,auto_matched
CW_000515,lok_sabha,recommended,960,sanctioned,945,,exact_multi_field,98.0,HIGH,auto_matched
CW_000517,lok_sabha,recommended,969,sanctioned,939,,exact_multi_field,98.0,HIGH,auto_matched
CW_000519,lok_sabha,recommended,943,sanctioned,945,,exact_multi_field,98.0,HIGH,auto_matched
CW_000558,lok_sabha,recommended,964,sanctioned,917,,exact_multi_field,98.0,HIGH,auto_matched
CW_000007,lok_sabha,recommended,510,sanctioned,500,,exact_multi_field,98.0,HIGH,auto_matched
CW_000521,lok_sabha,recommended,952,sanctioned,939,,exact_multi_field,98.0,HIGH,auto_matched
CW_000571,lok_sabha,recommended,603,sanctioned,603,,exact_multi_field,98.0,HIGH,auto_matched
CW_000559,lok_sabha,recommended,947,sanctioned,917,,exact_multi_field,98.0,HIGH,auto_matched
CW_000558,lok_sabha,recommended,964,sanctioned,947,,exact_multi_field,98.0,HIGH,auto_matched
CW_000493,lok_sabha,recommended,956,sanctioned,911,,exact_multi_field,98.0,HIGH,auto_matched
CW_000591,lok_sabha,recommended,607,sanctioned,599,,exact_multi_field,98.0,HIGH,auto_matched
CW_000544,lok_sabha,recommended,944,sanctioned,939,,exact_multi_field,98.0,HIGH,auto_matched
CW_000463,lok_sabha,recommended,930,sanctioned,917,,exact_multi_field,98.0,HIGH,auto_matched
CW_000559,lok_sabha,recommended,947,sanctioned,947,,exact_multi_field,98.0,HIGH,auto_matched
CW_000088,lok_sabha,recommended,514,sanctioned,502,,exact_multi_field,98.0,HIGH,auto_matched
CW_000463,lok_sabha,recommended,930,sanctioned,947,,exact_multi_field,98.0,HIGH,auto_matched
CW_000944,lok_sabha,recommended,480,sanctioned,472,,exact_multi_field,98.0,HIGH,auto_matched
CW_000496,lok_sabha,recommended,946,sanctioned,915,,exact_multi_field,98.0,HIGH,auto_matched
CW_000525,lok_sabha,recommended,934,sanctioned,943,,exact_multi_field,98.0,HIGH,auto_matched
CW_000005,lok_sabha,recommended,1238,sanctioned,1206,,exact_multi_field,98.0,HIGH,auto_matched
CW_000497,lok_sabha,recommended,929,sanctioned,915,,exact_multi_field,98.0,HIGH,auto_matched
CW_000593,lok_sabha,recommended,577,sanctioned,571,,exact_multi_field,98.0,HIGH,auto_matched
CW_000945,lok_sabha,recommended,1261,sanctioned,1251,,exact_multi_field,98.0,HIGH,auto_matched
CW_000575,lok_sabha,recommended,926,sanctioned,937,,exact_multi_field,98.0,HIGH,auto_matched
CW_000005,lok_sabha,recommended,1238,sanctioned,1236,,exact_multi_field,98.0,HIGH,auto_matched
CW_000344,lok_sabha,recommended,1471,sanctioned,1460,,exact_multi_field,98.0,HIGH,auto_matched
CW_000630,lok_sabha,recommended,576,sanctioned,568,,exact_multi_field,98.0,HIGH,auto_matched
CW_000101,lok_sabha,recommended,224,sanctioned,224,,exact_multi_field,98.0,HIGH,auto_matched
CW_000946,lok_sabha,recommended,539,sanctioned,530,,exact_multi_field,98.0,HIGH,auto_matched
CW_000947,lok_sabha,recommended,1115,sanctioned,1105,,exact_multi_field,98.0,HIGH,auto_matched
CW_000105,lok_sabha,recommended,991,sanctioned,981,,exact_multi_field,98.0,HIGH,auto_matched
CW_000948,lok_sabha,recommended,425,sanctioned,418,,exact_multi_field,98.0,HIGH,auto_matched
CW_000528,lok_sabha,recommended,967,sanctioned,933,,exact_multi_field,98.0,HIGH,auto_matched
CW_000023,lok_sabha,recommended,1211,sanctioned,1201,,exact_multi_field,98.0,HIGH,auto_matched
CW_000529,lok_sabha,recommended,950,sanctioned,933,,exact_multi_field,98.0,HIGH,auto_matched
CW_000531,lok_sabha,recommended,627,sanctioned,620,,exact_multi_field,98.0,HIGH,auto_matched
CW_000452,lok_sabha,recommended,631,sanctioned,616,,exact_multi_field,98.0,HIGH,auto_matched
CW_000505,lok_sabha,recommended,954,sanctioned,935,,exact_multi_field,98.0,HIGH,auto_matched
CW_000479,lok_sabha,recommended,928,sanctioned,941,,exact_multi_field,98.0,HIGH,auto_matched
CW_000506,lok_sabha,recommended,937,sanctioned,935,,exact_multi_field,98.0,HIGH,auto_matched
CW_000461,lok_sabha,recommended,941,sanctioned,931,,exact_multi_field,98.0,HIGH,auto_matched
CW_000634,lok_sabha,recommended,601,sanctioned,588,,exact_multi_field,98.0,HIGH,auto_matched
CW_000464,lok_sabha,recommended,924,sanctioned,931,,exact_multi_field,98.0,HIGH,auto_matched
CW_000599,lok_sabha,recommended,604,sanctioned,596,,exact_multi_field,98.0,HIGH,auto_matched
CW_000533,lok_sabha,recommended,933,sanctioned,925,,exact_multi_field,98.0,HIGH,auto_matched
CW_000510,lok_sabha,recommended,936,sanctioned,932,,exact_multi_field,98.0,HIGH,auto_matched
CW_000081,lok_sabha,recommended,1143,sanctioned,1133,,exact_multi_field,98.0,HIGH,auto_matched
CW_000333,lok_sabha,recommended,566,sanctioned,556,,exact_multi_field,98.0,HIGH,auto_matched
CW_000024,lok_sabha,recommended,1242,sanctioned,1207,,exact_multi_field,98.0,HIGH,auto_matched
CW_000023,lok_sabha,recommended,1222,sanctioned,1199,,exact_multi_field,98.0,HIGH,auto_matched
CW_000009,lok_sabha,recommended,1239,sanctioned,1229,,exact_multi_field,98.0,HIGH,auto_matched
CW_000024,lok_sabha,recommended,1242,sanctioned,1237,,exact_multi_field,98.0,HIGH,auto_matched
CW_000099,lok_sabha,recommended,662,sanctioned,652,,exact_multi_field,98.0,HIGH,auto_matched
CW_000639,lok_sabha,recommended,625,sanctioned,614,,exact_multi_field,98.0,HIGH,auto_matched
CW_000036,lok_sabha,recommended,1201,sanctioned,1189,,exact_multi_field,98.0,HIGH,auto_matched
CW_000949,lok_sabha,recommended,422,sanctioned,415,,exact_multi_field,98.0,HIGH,auto_matched
CW_000543,lok_sabha,recommended,961,sanctioned,922,,exact_multi_field,98.0,HIGH,auto_matched
CW_000470,lok_sabha,recommended,629,sanctioned,616,,exact_multi_field,98.0,HIGH,auto_matched
CW_000604,lok_sabha,recommended,624,sanctioned,612,,exact_multi_field,98.0,HIGH,auto_matched
CW_000543,lok_sabha,recommended,961,sanctioned,952,,exact_multi_field,98.0,HIGH,auto_matched
CW_000544,lok_sabha,recommended,944,sanctioned,952,,exact_multi_field,98.0,HIGH,auto_matched
CW_000545,lok_sabha,recommended,951,sanctioned,926,,exact_multi_field,98.0,HIGH,auto_matched
CW_000515,lok_sabha,recommended,960,sanctioned,920,,exact_multi_field,98.0,HIGH,auto_matched
CW_000450,lok_sabha,recommended,619,sanctioned,620,,exact_multi_field,98.0,HIGH,auto_matched
CW_000477,lok_sabha,recommended,948,sanctioned,948,,exact_multi_field,98.0,HIGH,auto_matched
CW_000522,lok_sabha,recommended,940,sanctioned,912,,exact_multi_field,98.0,HIGH,auto_matched
CW_000545,lok_sabha,recommended,951,sanctioned,956,,exact_multi_field,98.0,HIGH,auto_matched
CW_000519,lok_sabha,recommended,943,sanctioned,920,,exact_multi_field,98.0,HIGH,auto_matched
CW_000444,lok_sabha,recommended,931,sanctioned,948,,exact_multi_field,98.0,HIGH,auto_matched
CW_000378,lok_sabha,recommended,594,sanctioned,584,,exact_multi_field,98.0,HIGH,auto_matched
CW_000445,lok_sabha,recommended,923,sanctioned,912,,exact_multi_field,98.0,HIGH,auto_matched
CW_000522,lok_sabha,recommended,940,sanctioned,942,,exact_multi_field,98.0,HIGH,auto_matched
CW_000445,lok_sabha,recommended,923,sanctioned,942,,exact_multi_field,98.0,HIGH,auto_matched
CW_000544,lok_sabha,recommended,944,sanctioned,914,,exact_multi_field,98.0,HIGH,auto_matched
CW_000481,lok_sabha,recommended,578,sanctioned,572,,exact_multi_field,98.0,HIGH,auto_matched
CW_000950,lok_sabha,recommended,1267,sanctioned,1257,,exact_multi_field,98.0,HIGH,auto_matched
CW_000482,lok_sabha,recommended,927,sanctioned,938,,exact_multi_field,98.0,HIGH,auto_matched
CW_000017,lok_sabha,recommended,1233,sanctioned,1227,,exact_multi_field,98.0,HIGH,auto_matched
CW_000951,lok_sabha,recommended,1472,sanctioned,1461,,exact_multi_field,98.0,HIGH,auto_matched
CW_000525,lok_sabha,recommended,934,sanctioned,918,,exact_multi_field,98.0,HIGH,auto_matched
CW_000127,lok_sabha,recommended,690,sanctioned,680,,exact_multi_field,98.0,HIGH,auto_matched
CW_000549,lok_sabha,recommended,581,sanctioned,571,,exact_multi_field,98.0,HIGH,auto_matched
CW_000095,lok_sabha,recommended,300,sanctioned,295,,exact_multi_field,98.0,HIGH,auto_matched
CW_000449,lok_sabha,recommended,968,sanctioned,940,,exact_multi_field,98.0,HIGH,auto_matched
CW_000092,lok_sabha,recommended,509,sanctioned,501,,exact_multi_field,98.0,HIGH,auto_matched
CW_000456,lok_sabha,recommended,958,sanctioned,914,,exact_multi_field,98.0,HIGH,auto_matched
CW_000458,lok_sabha,recommended,626,sanctioned,607,,exact_multi_field,98.0,HIGH,auto_matched
CW_000454,lok_sabha,recommended,955,sanctioned,936,,exact_multi_field,98.0,HIGH,auto_matched
CW_000558,lok_sabha,recommended,964,sanctioned,930,,exact_multi_field,98.0,HIGH,auto_matched
CW_000456,lok_sabha,recommended,958,sanctioned,944,,exact_multi_field,98.0,HIGH,auto_matched
CW_000608,lok_sabha,recommended,615,sanctioned,594,,exact_multi_field,98.0,HIGH,auto_matched
CW_000459,lok_sabha,recommended,938,sanctioned,936,,exact_multi_field,98.0,HIGH,auto_matched
CW_000559,lok_sabha,recommended,947,sanctioned,930,,exact_multi_field,98.0,HIGH,auto_matched
CW_000609,lok_sabha,recommended,605,sanctioned,597,,exact_multi_field,98.0,HIGH,auto_matched
CW_000534,lok_sabha,recommended,614,sanctioned,591,,exact_multi_field,98.0,HIGH,auto_matched
CW_000455,lok_sabha,recommended,942,sanctioned,938,,exact_multi_field,98.0,HIGH,auto_matched
CW_000413,lok_sabha,recommended,815,sanctioned,806,,exact_multi_field,98.0,HIGH,auto_matched
CW_000460,lok_sabha,recommended,932,sanctioned,912,,exact_multi_field,98.0,HIGH,auto_matched
CW_000466,lok_sabha,recommended,920,sanctioned,934,,exact_multi_field,98.0,HIGH,auto_matched
CW_000460,lok_sabha,recommended,932,sanctioned,942,,exact_multi_field,98.0,HIGH,auto_matched
CW_000028,lok_sabha,recommended,1236,sanctioned,1204,,exact_multi_field,98.0,HIGH,auto_matched
CW_000952,lok_sabha,recommended,567,sanctioned,557,,exact_multi_field,98.0,HIGH,auto_matched
CW_000953,lok_sabha,recommended,20,sanctioned,20,,exact_multi_field,98.0,HIGH,auto_matched
CW_000028,lok_sabha,recommended,1236,sanctioned,1234,,exact_multi_field,98.0,HIGH,auto_matched
CW_000045,lok_sabha,recommended,1245,sanctioned,1228,,exact_multi_field,98.0,HIGH,auto_matched
CW_000954,lok_sabha,recommended,327,sanctioned,321,,exact_multi_field,98.0,HIGH,auto_matched
CW_000009,lok_sabha,recommended,1239,sanctioned,1204,,exact_multi_field,98.0,HIGH,auto_matched
CW_000024,lok_sabha,recommended,1219,sanctioned,1196,,exact_multi_field,98.0,HIGH,auto_matched
CW_000955,lok_sabha,recommended,428,sanctioned,421,,exact_multi_field,98.0,HIGH,auto_matched
CW_000956,lok_sabha,recommended,1441,sanctioned,1430,,exact_multi_field,98.0,HIGH,auto_matched
CW_000451,lok_sabha,recommended,962,sanctioned,954,,exact_multi_field,98.0,HIGH,auto_matched
CW_000023,lok_sabha,recommended,1209,sanctioned,1200,,exact_multi_field,98.0,HIGH,auto_matched
CW_000664,lok_sabha,recommended,622,sanctioned,611,,exact_multi_field,98.0,HIGH,auto_matched
CW_000476,lok_sabha,recommended,945,sanctioned,954,,exact_multi_field,98.0,HIGH,auto_matched
CW_000277,lok_sabha,recommended,1419,sanctioned,1408,,exact_multi_field,98.0,HIGH,auto_matched
CW_000517,lok_sabha,recommended,969,sanctioned,933,,exact_multi_field,98.0,HIGH,auto_matched
CW_000471,lok_sabha,recommended,949,sanctioned,926,,exact_multi_field,98.0,HIGH,auto_matched
CW_000521,lok_sabha,recommended,952,sanctioned,933,,exact_multi_field,98.0,HIGH,auto_matched
CW_000165,lok_sabha,recommended,595,sanctioned,585,,exact_multi_field,98.0,HIGH,auto_matched
CW_000957,lok_sabha,recommended,48,sanctioned,48,,exact_multi_field,98.0,HIGH,auto_matched
CW_000471,lok_sabha,recommended,949,sanctioned,956,,exact_multi_field,98.0,HIGH,auto_matched
CW_000472,lok_sabha,recommended,965,sanctioned,923,,exact_multi_field,98.0,HIGH,auto_matched
CW_000483,lok_sabha,recommended,939,sanctioned,929,,exact_multi_field,98.0,HIGH,auto_matched
CW_000477,lok_sabha,recommended,948,sanctioned,923,,exact_multi_field,98.0,HIGH,auto_matched
CW_000483,lok_sabha,recommended,939,sanctioned,959,,exact_multi_field,98.0,HIGH,auto_matched
CW_000444,lok_sabha,recommended,931,sanctioned,923,,exact_multi_field,98.0,HIGH,auto_matched
CW_000477,lok_sabha,recommended,948,sanctioned,953,,exact_multi_field,98.0,HIGH,auto_matched
CW_000485,lok_sabha,recommended,922,sanctioned,959,,exact_multi_field,98.0,HIGH,auto_matched
CW_000482,lok_sabha,recommended,927,sanctioned,913,,exact_multi_field,98.0,HIGH,auto_matched
CW_000958,lok_sabha,recommended,2,sanctioned,2,,exact_multi_field,98.0,HIGH,auto_matched
CW_000361,lok_sabha,recommended,1469,sanctioned,1458,,exact_multi_field,98.0,HIGH,auto_matched
CW_000036,lok_sabha,recommended,1237,sanctioned,1228,,exact_multi_field,98.0,HIGH,auto_matched
CW_000028,lok_sabha,recommended,1217,sanctioned,1220,,exact_multi_field,98.0,HIGH,auto_matched
CW_000313,lok_sabha,recommended,342,sanctioned,336,,exact_multi_field,98.0,HIGH,auto_matched
CW_000110,lok_sabha,recommended,98,sanctioned,98,,exact_multi_field,98.0,HIGH,auto_matched
CW_000528,lok_sabha,recommended,967,sanctioned,957,,exact_multi_field,98.0,HIGH,auto_matched
CW_000453,lok_sabha,recommended,959,sanctioned,921,,exact_multi_field,98.0,HIGH,auto_matched
CW_000531,lok_sabha,recommended,627,sanctioned,614,,exact_multi_field,98.0,HIGH,auto_matched
CW_000088,lok_sabha,recommended,514,sanctioned,504,,exact_multi_field,98.0,HIGH,auto_matched
CW_000493,lok_sabha,recommended,956,sanctioned,943,,exact_multi_field,98.0,HIGH,auto_matched
CW_000453,lok_sabha,recommended,959,sanctioned,951,,exact_multi_field,98.0,HIGH,auto_matched
CW_000496,lok_sabha,recommended,946,sanctioned,917,,exact_multi_field,98.0,HIGH,auto_matched
CW_000454,lok_sabha,recommended,955,sanctioned,911,,exact_multi_field,98.0,HIGH,auto_matched
CW_000496,lok_sabha,recommended,946,sanctioned,947,,exact_multi_field,98.0,HIGH,auto_matched
CW_000459,lok_sabha,recommended,938,sanctioned,911,,exact_multi_field,98.0,HIGH,auto_matched
CW_000959,lok_sabha,recommended,30,sanctioned,30,,exact_multi_field,98.0,HIGH,auto_matched
CW_000454,lok_sabha,recommended,955,sanctioned,941,,exact_multi_field,98.0,HIGH,auto_matched
CW_000576,lok_sabha,recommended,606,sanctioned,604,,exact_multi_field,98.0,HIGH,auto_matched
CW_000565,lok_sabha,recommended,935,sanctioned,933,,exact_multi_field,98.0,HIGH,auto_matched
CW_000497,lok_sabha,recommended,929,sanctioned,947,,exact_multi_field,98.0,HIGH,auto_matched
CW_000040,lok_sabha,recommended,1497,sanctioned,1486,,exact_multi_field,98.0,HIGH,auto_matched
CW_000619,lok_sabha,recommended,602,sanctioned,594,,exact_multi_field,98.0,HIGH,auto_matched
CW_000960,lok_sabha,recommended,1265,sanctioned,1255,,exact_multi_field,98.0,HIGH,auto_matched
CW_000463,lok_sabha,recommended,930,sanctioned,941,,exact_multi_field,98.0,HIGH,auto_matched
CW_000494,lok_sabha,recommended,925,sanctioned,937,,exact_multi_field,98.0,HIGH,auto_matched
CW_000217,lok_sabha,recommended,812,sanctioned,803,,exact_multi_field,98.0,HIGH,auto_matched
CW_000961,lok_sabha,recommended,126,sanctioned,126,,exact_multi_field,98.0,HIGH,auto_matched
CW_000415,lok_sabha,recommended,1017,sanctioned,1007,,exact_multi_field,98.0,HIGH,auto_matched
CW_000028,lok_sabha,recommended,1236,sanctioned,1209,,exact_multi_field,98.0,HIGH,auto_matched
CW_000962,lok_sabha,recommended,17,sanctioned,17,,exact_multi_field,98.0,HIGH,auto_matched
CW_000022,lok_sabha,recommended,1240,sanctioned,1205,,exact_multi_field,98.0,HIGH,auto_matched
CW_000022,lok_sabha,recommended,1240,sanctioned,1235,,exact_multi_field,98.0,HIGH,auto_matched
CW_000022,lok_sabha,recommended,1206,sanctioned,1205,,exact_multi_field,98.0,HIGH,auto_matched
CW_000501,lok_sabha,recommended,963,sanctioned,931,,exact_multi_field,98.0,HIGH,auto_matched
CW_000022,lok_sabha,recommended,1206,sanctioned,1235,,exact_multi_field,98.0,HIGH,auto_matched
CW_000468,lok_sabha,recommended,966,sanctioned,939,,exact_multi_field,98.0,HIGH,auto_matched
CW_000963,lok_sabha,recommended,638,sanctioned,628,,exact_multi_field,98.0,HIGH,auto_matched
CW_000507,lok_sabha,recommended,953,sanctioned,935,,exact_multi_field,98.0,HIGH,auto_matched
CW_000451,lok_sabha,recommended,962,sanctioned,929,,exact_multi_field,98.0,HIGH,auto_matched
CW_000474,lok_sabha,recommended,613,sanctioned,592,,exact_multi_field,98.0,HIGH,auto_matched
CW_000502,lok_sabha,recommended,630,sanctioned,622,,exact_multi_field,98.0,HIGH,auto_matched
CW_000529,lok_sabha,recommended,950,sanctioned,957,,exact_multi_field,98.0,HIGH,auto_matched
CW_000476,lok_sabha,recommended,945,sanctioned,929,,exact_multi_field,98.0,HIGH,auto_matched
CW_000533,lok_sabha,recommended,933,sanctioned,957,,exact_multi_field,98.0,HIGH,auto_matched
CW_000964,lok_sabha,recommended,835,sanctioned,826,,exact_multi_field,98.0,HIGH,auto_matched
CW_000300,lok_sabha,recommended,1169,sanctioned,1159,,exact_multi_field,98.0,HIGH,auto_matched
CW_000692,lok_sabha,recommended,600,sanctioned,588,,exact_multi_field,98.0,HIGH,auto_matched
CW_000504,lok_sabha,recommended,617,sanctioned,618,,exact_multi_field,98.0,HIGH,auto_matched
CW_000965,lok_sabha,recommended,1045,sanctioned,1035,,exact_multi_field,98.0,HIGH,auto_matched
CW_000506,lok_sabha,recommended,937,sanctioned,929,,exact_multi_field,98.0,HIGH,auto_matched
CW_000522,lok_sabha,recommended,940,sanctioned,936,,exact_multi_field,98.0,HIGH,auto_matched
CW_000460,lok_sabha,recommended,932,sanctioned,925,,exact_multi_field,98.0,HIGH,auto_matched
CW_000966,lok_sabha,recommended,592,sanctioned,582,,exact_multi_field,98.0,HIGH,auto_matched
CW_000967,lok_sabha,recommended,45,sanctioned,45,,exact_multi_field,98.0,HIGH,auto_matched
CW_000460,lok_sabha,recommended,932,sanctioned,955,,exact_multi_field,98.0,HIGH,auto_matched
CW_000968,lok_sabha,recommended,1389,sanctioned,1379,,exact_multi_field,98.0,HIGH,auto_matched
CW_000969,lok_sabha,recommended,360,sanctioned,352,,exact_multi_field,98.0,HIGH,auto_matched
CW_000510,lok_sabha,recommended,936,sanctioned,926,,exact_multi_field,98.0,HIGH,auto_matched
CW_000483,lok_sabha,recommended,939,sanctioned,934,,exact_multi_field,98.0,HIGH,auto_matched
CW_000970,lok_sabha,recommended,570,sanctioned,560,,exact_multi_field,98.0,HIGH,auto_matched
CW_000510,lok_sabha,recommended,936,sanctioned,956,,exact_multi_field,98.0,HIGH,auto_matched
CW_000048,lok_sabha,recommended,1231,sanctioned,1225,,exact_multi_field,98.0,HIGH,auto_matched
CW_000022,lok_sabha,recommended,1234,sanctioned,1233,,exact_multi_field,98.0,HIGH,auto_matched
CW_000971,lok_sabha,recommended,688,sanctioned,678,,exact_multi_field,98.0,HIGH,auto_matched
CW_000004,lok_sabha,recommended,1214,sanctioned,1225,,exact_multi_field,98.0,HIGH,auto_matched
CW_000028,lok_sabha,recommended,1247,sanctioned,1223,,exact_multi_field,98.0,HIGH,auto_matched
CW_000099,lok_sabha,recommended,456,sanctioned,448,,exact_multi_field,98.0,HIGH,auto_matched
CW_000009,lok_sabha,recommended,1230,sanctioned,1223,,exact_multi_field,98.0,HIGH,auto_matched
CW_000171,lok_sabha,recommended,666,sanctioned,656,,exact_multi_field,98.0,HIGH,auto_matched
CW_000005,lok_sabha,recommended,1213,sanctioned,1223,,exact_multi_field,98.0,HIGH,auto_matched
CW_000023,lok_sabha,recommended,1208,sanctioned,1201,,exact_multi_field,98.0,HIGH,auto_matched
CW_000972,lok_sabha,recommended,863,sanctioned,854,,exact_multi_field,98.0,HIGH,auto_matched
CW_000625,lok_sabha,recommended,628,sanctioned,616,,exact_multi_field,98.0,HIGH,auto_matched
CW_000515,lok_sabha,recommended,960,sanctioned,952,,exact_multi_field,98.0,HIGH,auto_matched
CW_000018,lok_sabha,recommended,1204,sanctioned,1191,,exact_multi_field,98.0,HIGH,auto_matched
CW_000491,lok_sabha,recommended,620,sanctioned,610,,exact_multi_field,98.0,HIGH,auto_matched
CW_000558,lok_sabha,recommended,964,sanctioned,924,,exact_multi_field,98.0,HIGH,auto_matched
CW_000007,lok_sabha,recommended,510,sanctioned,507,,exact_multi_field,98.0,HIGH,auto_matched
CW_000543,lok_sabha,recommended,961,sanctioned,946,,exact_multi_field,98.0,HIGH,auto_matched
CW_000973,lok_sabha,recommended,31,sanctioned,31,,exact_multi_field,98.0,HIGH,auto_matched
CW_000559,lok_sabha,recommended,947,sanctioned,924,,exact_multi_field,98.0,HIGH,auto_matched
CW_000558,lok_sabha,recommended,964,sanctioned,954,,exact_multi_field,98.0,HIGH,auto_matched
CW_000493,lok_sabha,recommended,956,sanctioned,918,,exact_multi_field,98.0,HIGH,auto_matched
CW_000544,lok_sabha,recommended,944,sanctioned,946,,exact_multi_field,98.0,HIGH,auto_matched
CW_000515,lok_sabha,recommended,960,sanctioned,914,,exact_multi_field,98.0,HIGH,auto_matched
CW_000559,lok_sabha,recommended,947,sanctioned,954,,exact_multi_field,98.0,HIGH,auto_matched
CW_000545,lok_sabha,recommended,951,sanctioned,950,,exact_multi_field,98.0,HIGH,auto_matched
CW_000519,lok_sabha,recommended,943,sanctioned,914,,exact_multi_field,98.0,HIGH,auto_matched
CW_000463,lok_sabha,recommended,930,sanctioned,954,,exact_multi_field,98.0,HIGH,auto_matched
CW_000974,lok_sabha,recommended,716,sanctioned,706,,exact_multi_field,98.0,HIGH,auto_matched
CW_000496,lok_sabha,recommended,946,sanctioned,922,,exact_multi_field,98.0,HIGH,auto_matched
CW_000525,lok_sabha,recommended,934,sanctioned,950,,exact_multi_field,98.0,HIGH,auto_matched
CW_000575,lok_sabha,recommended,926,sanctioned,914,,exact_multi_field,98.0,HIGH,auto_matched
CW_000519,lok_sabha,recommended,943,sanctioned,944,,exact_multi_field,98.0,HIGH,auto_matched
CW_000975,lok_sabha,recommended,813,sanctioned,804,,exact_multi_field,98.0,HIGH,auto_matched
CW_000497,lok_sabha,recommended,929,sanctioned,922,,exact_multi_field,98.0,HIGH,auto_matched
CW_000976,lok_sabha,recommended,1060,sanctioned,1050,,exact_multi_field,98.0,HIGH,auto_matched
CW_000445,lok_sabha,recommended,923,sanctioned,936,,exact_multi_field,98.0,HIGH,auto_matched
CW_000045,lok_sabha,recommended,1241,sanctioned,1221,,exact_multi_field,98.0,HIGH,auto_matched
CW_000575,lok_sabha,recommended,926,sanctioned,944,,exact_multi_field,98.0,HIGH,auto_matched
CW_000045,lok_sabha,recommended,1245,sanctioned,1222,,exact_multi_field,98.0,HIGH,auto_matched
CW_000340,lok_sabha,recommended,790,sanctioned,780,,exact_multi_field,98.0,HIGH,auto_matched
CW_000977,lok_sabha,recommended,1430,sanctioned,1419,,exact_multi_field,98.0,HIGH,auto_matched
CW_000034,lok_sabha,recommended,1235,sanctioned,1226,,exact_multi_field,98.0,HIGH,auto_matched
CW_000023,lok_sabha,recommended,1212,sanctioned,1211,,exact_multi_field,98.0,HIGH,auto_matched
CW_000374,lok_sabha,recommended,648,sanctioned,638,,exact_multi_field,98.0,HIGH,auto_matched
CW_000194,lok_sabha,recommended,1321,sanctioned,1311,,exact_multi_field,98.0,HIGH,auto_matched
CW_000023,lok_sabha,recommended,1211,sanctioned,1238,,exact_multi_field,98.0,HIGH,auto_matched
CW_000505,lok_sabha,recommended,954,sanctioned,912,,exact_multi_field,98.0,HIGH,auto_matched
CW_000978,lok_sabha,recommended,744,sanctioned,734,,exact_multi_field,98.0,HIGH,auto_matched
CW_000088,lok_sabha,recommended,512,sanctioned,503,,exact_multi_field,98.0,HIGH,auto_matched
CW_000505,lok_sabha,recommended,954,sanctioned,942,,exact_multi_field,98.0,HIGH,auto_matched
CW_000429,lok_sabha,recommended,841,sanctioned,832,,exact_multi_field,98.0,HIGH,auto_matched
CW_000456,lok_sabha,recommended,958,sanctioned,938,,exact_multi_field,98.0,HIGH,auto_matched
CW_000506,lok_sabha,recommended,937,sanctioned,942,,exact_multi_field,98.0,HIGH,auto_matched
CW_000461,lok_sabha,recommended,941,sanctioned,938,,exact_multi_field,98.0,HIGH,auto_matched
CW_000529,lok_sabha,recommended,950,sanctioned,932,,exact_multi_field,98.0,HIGH,auto_matched
CW_000634,lok_sabha,recommended,601,sanctioned,595,,exact_multi_field,98.0,HIGH,auto_matched
CW_000979,lok_sabha,recommended,46,sanctioned,46,,exact_multi_field,98.0,HIGH,auto_matched
CW_000463,lok_sabha,recommended,930,sanctioned,924,,exact_multi_field,98.0,HIGH,auto_matched
CW_000464,lok_sabha,recommended,924,sanctioned,938,,exact_multi_field,98.0,HIGH,auto_matched
CW_000599,lok_sabha,recommended,604,sanctioned,603,,exact_multi_field,98.0,HIGH,auto_matched
CW_000533,lok_sabha,recommended,933,sanctioned,932,,exact_multi_field,98.0,HIGH,auto_matched
CW_000980,lok_sabha,recommended,361,sanctioned,353,,exact_multi_field,98.0,HIGH,auto_matched
CW_000466,lok_sabha,recommended,920,sanctioned,928,,exact_multi_field,98.0,HIGH,auto_matched
CW_000408,lok_sabha,recommended,810,sanctioned,801,,exact_multi_field,98.0,HIGH,auto_matched
CW_000466,lok_sabha,recommended,920,sanctioned,958,,exact_multi_field,98.0,HIGH,auto_matched
CW_000981,lok_sabha,recommended,1386,sanctioned,1376,,exact_multi_field,98.0,HIGH,auto_matched
CW_000009,lok_sabha,recommended,1239,sanctioned,1206,,exact_multi_field,98.0,HIGH,auto_matched
CW_000124,lok_sabha,recommended,331,sanctioned,325,,exact_multi_field,98.0,HIGH,auto_matched
CW_000023,lok_sabha,recommended,1248,sanctioned,1200,,exact_multi_field,98.0,HIGH,auto_matched
CW_000009,lok_sabha,recommended,1239,sanctioned,1236,,exact_multi_field,98.0,HIGH,auto_matched
CW_000024,lok_sabha,recommended,1219,sanctioned,1228,,exact_multi_field,98.0,HIGH,auto_matched
CW_000034,lok_sabha,recommended,1235,sanctioned,1196,,exact_multi_field,98.0,HIGH,auto_matched
CW_000288,lok_sabha,recommended,906,sanctioned,897,,exact_multi_field,98.0,HIGH,auto_matched
CW_000009,lok_sabha,recommended,1218,sanctioned,1196,,exact_multi_field,98.0,HIGH,auto_matched
CW_000982,lok_sabha,recommended,540,sanctioned,531,,exact_multi_field,98.0,HIGH,auto_matched
CW_000983,lok_sabha,recommended,1445,sanctioned,1434,,exact_multi_field,98.0,HIGH,auto_matched
CW_000009,lok_sabha,recommended,1218,sanctioned,1226,,exact_multi_field,98.0,HIGH,auto_matched
CW_000984,lok_sabha,recommended,1074,sanctioned,1064,,exact_multi_field,98.0,HIGH,auto_matched
CW_000985,lok_sabha,recommended,74,sanctioned,74,,exact_multi_field,98.0,HIGH,auto_matched
CW_000604,lok_sabha,recommended,624,sanctioned,619,,exact_multi_field,98.0,HIGH,auto_matched
CW_000543,lok_sabha,recommended,961,sanctioned,959,,exact_multi_field,98.0,HIGH,auto_matched
CW_000472,lok_sabha,recommended,965,sanctioned,955,,exact_multi_field,98.0,HIGH,auto_matched
CW_000503,lok_sabha,recommended,957,sanctioned,920,,exact_multi_field,98.0,HIGH,auto_matched
CW_000515,lok_sabha,recommended,960,sanctioned,927,,exact_multi_field,98.0,HIGH,auto_matched
CW_000639,lok_sabha,recommended,625,sanctioned,613,,exact_multi_field,98.0,HIGH,auto_matched
CW_000477,lok_sabha,recommended,948,sanctioned,955,,exact_multi_field,98.0,HIGH,auto_matched
CW_000518,lok_sabha,recommended,611,sanctioned,591,,exact_multi_field,98.0,HIGH,auto_matched
CW_000522,lok_sabha,recommended,940,sanctioned,919,,exact_multi_field,98.0,HIGH,auto_matched
CW_000479,lok_sabha,recommended,928,sanctioned,948,,exact_multi_field,98.0,HIGH,auto_matched
CW_000986,lok_sabha,recommended,838,sanctioned,829,,exact_multi_field,98.0,HIGH,auto_matched
CW_000987,lok_sabha,recommended,283,sanctioned,280,,exact_multi_field,98.0,HIGH,auto_matched
CW_000522,lok_sabha,recommended,940,sanctioned,949,,exact_multi_field,98.0,HIGH,auto_matched
CW_000543,lok_sabha,recommended,961,sanctioned,921,,exact_multi_field,98.0,HIGH,auto_matched
CW_000565,lok_sabha,recommended,935,sanctioned,927,,exact_multi_field,98.0,HIGH,auto_matched
CW_000521,lok_sabha,recommended,952,sanctioned,957,,exact_multi_field,98.0,HIGH,auto_matched
CW_000988,lok_sabha,recommended,28,sanctioned,28,,exact_multi_field,98.0,HIGH,auto_matched
CW_000158,lok_sabha,recommended,1372,sanctioned,1362,,exact_multi_field,98.0,HIGH,auto_matched
CW_000544,lok_sabha,recommended,944,sanctioned,921,,exact_multi_field,98.0,HIGH,auto_matched
CW_000565,lok_sabha,recommended,935,sanctioned,957,,exact_multi_field,98.0,HIGH,auto_matched
CW_000544,lok_sabha,recommended,944,sanctioned,951,,exact_multi_field,98.0,HIGH,auto_matched
CW_000545,lok_sabha,recommended,951,sanctioned,925,,exact_multi_field,98.0,HIGH,auto_matched
CW_000444,lok_sabha,recommended,931,sanctioned,917,,exact_multi_field,98.0,HIGH,auto_matched
CW_000525,lok_sabha,recommended,934,sanctioned,925,,exact_multi_field,98.0,HIGH,auto_matched
CW_000048,lok_sabha,recommended,1246,sanctioned,1224,,exact_multi_field,98.0,HIGH,auto_matched
CW_000445,lok_sabha,recommended,923,sanctioned,911,,exact_multi_field,98.0,HIGH,auto_matched
CW_000361,lok_sabha,recommended,1473,sanctioned,1462,,exact_multi_field,98.0,HIGH,auto_matched
CW_000018,lok_sabha,recommended,1229,sanctioned,1224,,exact_multi_field,98.0,HIGH,auto_matched
CW_000989,lok_sabha,recommended,691,sanctioned,681,,exact_multi_field,98.0,HIGH,auto_matched
CW_000017,lok_sabha,recommended,1233,sanctioned,1196,,exact_multi_field,98.0,HIGH,auto_matched
CW_000048,lok_sabha,recommended,1216,sanctioned,1220,,exact_multi_field,98.0,HIGH,auto_matched
CW_000990,lok_sabha,recommended,102,sanctioned,102,,exact_multi_field,98.0,HIGH,auto_matched
CW_000073,lok_sabha,recommended,993,sanctioned,983,,exact_multi_field,98.0,HIGH,auto_matched
CW_000449,lok_sabha,recommended,968,sanctioned,947,,exact_multi_field,98.0,HIGH,auto_matched
CW_000028,lok_sabha,recommended,1232,sanctioned,1223,,exact_multi_field,98.0,HIGH,auto_matched
CW_000991,lok_sabha,recommended,311,sanctioned,308,,exact_multi_field,98.0,HIGH,auto_matched
CW_000713,lok_sabha,recommended,623,sanctioned,607,,exact_multi_field,98.0,HIGH,auto_matched
CW_000528,lok_sabha,recommended,967,sanctioned,915,,exact_multi_field,98.0,HIGH,auto_matched
CW_000454,lok_sabha,recommended,955,sanctioned,943,,exact_multi_field,98.0,HIGH,auto_matched
CW_000014,lok_sabha,recommended,1202,sanctioned,1189,,exact_multi_field,98.0,HIGH,auto_matched
CW_000992,lok_sabha,recommended,56,sanctioned,56,,exact_multi_field,98.0,HIGH,auto_matched
CW_000608,lok_sabha,recommended,615,sanctioned,601,,exact_multi_field,98.0,HIGH,auto_matched
CW_000057,lok_sabha,recommended,517,sanctioned,506,,exact_multi_field,98.0,HIGH,auto_matched
CW_000455,lok_sabha,recommended,942,sanctioned,915,,exact_multi_field,98.0,HIGH,auto_matched
CW_000453,lok_sabha,recommended,959,sanctioned,945,,exact_multi_field,98.0,HIGH,auto_matched
CW_000525,lok_sabha,recommended,934,sanctioned,953,,exact_multi_field,98.0,HIGH,auto_matched
CW_000993,lok_sabha,recommended,1291,sanctioned,1281,,exact_multi_field,98.0,HIGH,auto_matched
CW_000609,lok_sabha,recommended,605,sanctioned,604,,exact_multi_field,98.0,HIGH,auto_matched
CW_000455,lok_sabha,recommended,942,sanctioned,945,,exact_multi_field,98.0,HIGH,auto_matched
CW_000092,lok_sabha,recommended,509,sanctioned,500,,exact_multi_field,98.0,HIGH,auto_matched
CW_000456,lok_sabha,recommended,958,sanctioned,913,,exact_multi_field,98.0,HIGH,auto_matched
CW_000994,lok_sabha,recommended,152,sanctioned,152,,exact_multi_field,98.0,HIGH,auto_matched
CW_000460,lok_sabha,recommended,932,sanctioned,919,,exact_multi_field,98.0,HIGH,auto_matched
CW_000995,lok_sabha,recommended,714,sanctioned,704,,exact_multi_field,98.0,HIGH,auto_matched
CW_000576,lok_sabha,recommended,606,sanctioned,598,,exact_multi_field,98.0,HIGH,auto_matched
CW_000461,lok_sabha,recommended,941,sanctioned,913,,exact_multi_field,98.0,HIGH,auto_matched
CW_000460,lok_sabha,recommended,932,sanctioned,949,,exact_multi_field,98.0,HIGH,auto_matched
CW_000996,lok_sabha,recommended,482,sanctioned,474,,exact_multi_field,98.0,HIGH,auto_matched
CW_000464,lok_sabha,recommended,924,sanctioned,913,,exact_multi_field,98.0,HIGH,auto_matched
CW_000462,lok_sabha,recommended,921,sanctioned,935,,exact_multi_field,98.0,HIGH,auto_matched
CW_000997,lok_sabha,recommended,358,sanctioned,350,,exact_multi_field,98.0,HIGH,auto_matched
CW_000116,lok_sabha,recommended,1021,sanctioned,1011,,exact_multi_field,98.0,HIGH,auto_matched
CW_000311,lok_sabha,recommended,1350,sanctioned,1340,,exact_multi_field,98.0,HIGH,auto_matched
CW_000998,lok_sabha,recommended,568,sanctioned,558,,exact_multi_field,98.0,HIGH,auto_matched
CW_000034,lok_sabha,recommended,1235,sanctioned,1209,,exact_multi_field,98.0,HIGH,auto_matched
CW_000028,lok_sabha,recommended,1236,sanctioned,1203,,exact_multi_field,98.0,HIGH,auto_matched
CW_000024,lok_sabha,recommended,1219,sanctioned,1203,,exact_multi_field,98.0,HIGH,auto_matched
CW_000180,lok_sabha,recommended,664,sanctioned,654,,exact_multi_field,98.0,HIGH,auto_matched
CW_000070,lok_sabha,recommended,975,sanctioned,965,,exact_multi_field,98.0,HIGH,auto_matched
CW_000024,lok_sabha,recommended,1219,sanctioned,1233,,exact_multi_field,98.0,HIGH,auto_matched
CW_000352,lok_sabha,recommended,1319,sanctioned,1309,,exact_multi_field,98.0,HIGH,auto_matched
CW_000999,lok_sabha,recommended,537,sanctioned,528,,exact_multi_field,98.0,HIGH,auto_matched
CW_000022,lok_sabha,recommended,1206,sanctioned,1229,,exact_multi_field,98.0,HIGH,auto_matched
CW_000468,lok_sabha,recommended,966,sanctioned,933,,exact_multi_field,98.0,HIGH,auto_matched
CW_001000,lok_sabha,recommended,742,sanctioned,732,,exact_multi_field,98.0,HIGH,auto_matched
CW_000471,lok_sabha,recommended,949,sanctioned,933,,exact_multi_field,98.0,HIGH,auto_matched
CW_001001,lok_sabha,recommended,839,sanctioned,830,,exact_multi_field,98.0,HIGH,auto_matched
CW_000277,lok_sabha,recommended,1415,sanctioned,1405,,exact_multi_field,98.0,HIGH,auto_matched
CW_000472,lok_sabha,recommended,965,sanctioned,930,,exact_multi_field,98.0,HIGH,auto_matched
CW_000591,lok_sabha,recommended,607,sanctioned,600,,exact_multi_field,98.0,HIGH,auto_matched
CW_001002,lok_sabha,recommended,386,sanctioned,378,,exact_multi_field,98.0,HIGH,auto_matched
CW_000087,lok_sabha,recommended,1049,sanctioned,1039,,exact_multi_field,98.0,HIGH,auto_matched
CW_000476,lok_sabha,recommended,945,sanctioned,923,,exact_multi_field,98.0,HIGH,auto_matched
CW_000477,lok_sabha,recommended,948,sanctioned,930,,exact_multi_field,98.0,HIGH,auto_matched
CW_000314,lok_sabha,recommended,596,sanctioned,586,,exact_multi_field,98.0,HIGH,auto_matched
CW_000547,lok_sabha,recommended,599,sanctioned,594,,exact_multi_field,98.0,HIGH,auto_matched
CW_000479,lok_sabha,recommended,928,sanctioned,923,,exact_multi_field,98.0,HIGH,auto_matched
CW_000479,lok_sabha,recommended,928,sanctioned,953,,exact_multi_field,98.0,HIGH,auto_matched
CW_000369,lok_sabha,recommended,1145,sanctioned,1135,,exact_multi_field,98.0,HIGH,auto_matched
CW_000482,lok_sabha,recommended,927,sanctioned,920,,exact_multi_field,98.0,HIGH,auto_matched
CW_000005,lok_sabha,recommended,1238,sanctioned,1237,,exact_multi_field,98.0,HIGH,auto_matched
CW_001003,lok_sabha,recommended,692,sanctioned,682,,exact_multi_field,98.0,HIGH,auto_matched
CW_000036,lok_sabha,recommended,1237,sanctioned,1205,,exact_multi_field,98.0,HIGH,auto_matched
CW_001004,lok_sabha,recommended,355,sanctioned,347,,exact_multi_field,98.0,HIGH,auto_matched
CW_000485,lok_sabha,recommended,922,sanctioned,928,,exact_multi_field,98.0,HIGH,auto_matched
CW_000144,lok_sabha,recommended,1347,sanctioned,1337,,exact_multi_field,98.0,HIGH,auto_matched
CW_000022,lok_sabha,recommended,1234,sanctioned,1227,,exact_multi_field,98.0,HIGH,auto_matched
CW_000036,lok_sabha,recommended,1237,sanctioned,1235,,exact_multi_field,98.0,HIGH,auto_matched
CW_000028,lok_sabha,recommended,1217,sanctioned,1227,,exact_multi_field,98.0,HIGH,auto_matched
CW_000135,lok_sabha,recommended,1099,sanctioned,1089,,exact_multi_field,98.0,HIGH,auto_matched
CW_001005,lok_sabha,recommended,867,sanctioned,858,,exact_multi_field,98.0,HIGH,auto_matched
CW_001006,lok_sabha,recommended,451,sanctioned,443,,exact_multi_field,98.0,HIGH,auto_matched
CW_000048,lok_sabha,recommended,1216,sanctioned,1225,,exact_multi_field,98.0,HIGH,auto_matched
CW_000303,lok_sabha,recommended,990,sanctioned,980,,exact_multi_field,98.0,HIGH,auto_matched
CW_000050,lok_sabha,recommended,511,sanctioned,504,,exact_multi_field,98.0,HIGH,auto_matched
CW_000493,lok_sabha,recommended,956,sanctioned,950,,exact_multi_field,98.0,HIGH,auto_matched
CW_001007,lok_sabha,recommended,1195,sanctioned,1185,,exact_multi_field,98.0,HIGH,auto_matched
CW_000517,lok_sabha,recommended,969,sanctioned,940,,exact_multi_field,98.0,HIGH,auto_matched
CW_001008,lok_sabha,recommended,308,sanctioned,305,,exact_multi_field,98.0,HIGH,auto_matched
CW_000454,lok_sabha,recommended,955,sanctioned,918,,exact_multi_field,98.0,HIGH,auto_matched
CW_000007,lok_sabha,recommended,510,sanctioned,501,,exact_multi_field,98.0,HIGH,auto_matched
CW_000713,lok_sabha,recommended,623,sanctioned,612,,exact_multi_field,98.0,HIGH,auto_matched
CW_000521,lok_sabha,recommended,952,sanctioned,940,,exact_multi_field,98.0,HIGH,auto_matched
CW_000496,lok_sabha,recommended,946,sanctioned,954,,exact_multi_field,98.0,HIGH,auto_matched
CW_000454,lok_sabha,recommended,955,sanctioned,948,,exact_multi_field,98.0,HIGH,auto_matched
CW_000571,lok_sabha,recommended,603,sanctioned,604,,exact_multi_field,98.0,HIGH,auto_matched
CW_000565,lok_sabha,recommended,935,sanctioned,940,,exact_multi_field,98.0,HIGH,auto_matched
CW_001009,lok_sabha,recommended,720,sanctioned,710,,exact_multi_field,98.0,HIGH,auto_matched
CW_000453,lok_sabha,recommended,959,sanctioned,920,,exact_multi_field,98.0,HIGH,auto_matched
CW_000559,lok_sabha,recommended,947,sanctioned,948,,exact_multi_field,98.0,HIGH,auto_matched
CW_000494,lok_sabha,recommended,925,sanctioned,914,,exact_multi_field,98.0,HIGH,auto_matched
CW_000455,lok_sabha,recommended,942,sanctioned,920,,exact_multi_field,98.0,HIGH,auto_matched
CW_000619,lok_sabha,recommended,602,sanctioned,601,,exact_multi_field,98.0,HIGH,auto_matched
CW_000463,lok_sabha,recommended,930,sanctioned,948,,exact_multi_field,98.0,HIGH,auto_matched
CW_000494,lok_sabha,recommended,925,sanctioned,944,,exact_multi_field,98.0,HIGH,auto_matched
CW_000496,lok_sabha,recommended,946,sanctioned,916,,exact_multi_field,98.0,HIGH,auto_matched
CW_000497,lok_sabha,recommended,929,sanctioned,916,,exact_multi_field,98.0,HIGH,auto_matched
CW_000593,lok_sabha,recommended,577,sanctioned,572,,exact_multi_field,98.0,HIGH,auto_matched
CW_000466,lok_sabha,recommended,920,sanctioned,952,,exact_multi_field,98.0,HIGH,auto_matched
CW_000497,lok_sabha,recommended,929,sanctioned,946,,exact_multi_field,98.0,HIGH,auto_matched
CW_000417,lok_sabha,recommended,674,sanctioned,664,,exact_multi_field,98.0,HIGH,auto_matched
CW_000017,lok_sabha,recommended,1233,sanctioned,1209,,exact_multi_field,98.0,HIGH,auto_matched
CW_001010,lok_sabha,recommended,329,sanctioned,323,,exact_multi_field,98.0,HIGH,auto_matched
CW_000630,lok_sabha,recommended,576,sanctioned,569,,exact_multi_field,98.0,HIGH,auto_matched
CW_001011,lok_sabha,recommended,1018,sanctioned,1008,,exact_multi_field,98.0,HIGH,auto_matched
CW_000023,lok_sabha,recommended,1223,sanctioned,1212,,exact_multi_field,98.0,HIGH,auto_matched
CW_000034,lok_sabha,recommended,1235,sanctioned,1220,,exact_multi_field,98.0,HIGH,auto_matched
CW_001012,lok_sabha,recommended,538,sanctioned,529,,exact_multi_field,98.0,HIGH,auto_matched
CW_000009,lok_sabha,recommended,1218,sanctioned,1220,,exact_multi_field,98.0,HIGH,auto_matched
CW_000501,lok_sabha,recommended,963,sanctioned,938,,exact_multi_field,98.0,HIGH,auto_matched
CW_001013,lok_sabha,recommended,294,sanctioned,291,,exact_multi_field,98.0,HIGH,auto_matched
CW_000133,lok_sabha,recommended,785,sanctioned,775,,exact_multi_field,98.0,HIGH,auto_matched
CW_000126,lok_sabha,recommended,1227,sanctioned,1214,,exact_multi_field,98.0,HIGH,auto_matched
CW_000507,lok_sabha,recommended,953,sanctioned,942,,exact_multi_field,98.0,HIGH,auto_matched
CW_000582,lok_sabha,recommended,610,sanctioned,591,,exact_multi_field,98.0,HIGH,auto_matched
CW_000531,lok_sabha,recommended,627,sanctioned,621,,exact_multi_field,98.0,HIGH,auto_matched
CW_000451,lok_sabha,recommended,962,sanctioned,936,,exact_multi_field,98.0,HIGH,auto_matched
CW_000233,lok_sabha,recommended,1316,sanctioned,1306,,exact_multi_field,98.0,HIGH,auto_matched
CW_000503,lok_sabha,recommended,957,sanctioned,914,,exact_multi_field,98.0,HIGH,auto_matched
CW_000505,lok_sabha,recommended,954,sanctioned,936,,exact_multi_field,98.0,HIGH,auto_matched
CW_000503,lok_sabha,recommended,957,sanctioned,944,,exact_multi_field,98.0,HIGH,auto_matched
CW_000692,lok_sabha,recommended,600,sanctioned,595,,exact_multi_field,98.0,HIGH,auto_matched
CW_000457,lok_sabha,recommended,609,sanctioned,589,,exact_multi_field,98.0,HIGH,auto_matched
CW_000721,lok_sabha,recommended,1289,sanctioned,1280,,exact_multi_field,98.0,HIGH,auto_matched
CW_000506,lok_sabha,recommended,937,sanctioned,936,,exact_multi_field,98.0,HIGH,auto_matched
CW_001014,lok_sabha,recommended,150,sanctioned,150,,exact_multi_field,98.0,HIGH,auto_matched
CW_000599,lok_sabha,recommended,604,sanctioned,597,,exact_multi_field,98.0,HIGH,auto_matched
CW_000087,lok_sabha,recommended,1046,sanctioned,1036,,exact_multi_field,98.0,HIGH,auto_matched
CW_000510,lok_sabha,recommended,936,sanctioned,933,,exact_multi_field,98.0,HIGH,auto_matched
CW_000483,lok_sabha,recommended,939,sanctioned,941,,exact_multi_field,98.0,HIGH,auto_matched
CW_001015,lok_sabha,recommended,4,sanctioned,4,,exact_multi_field,98.0,HIGH,auto_matched
CW_001016,lok_sabha,recommended,895,sanctioned,886,,exact_multi_field,98.0,HIGH,auto_matched
CW_000024,lok_sabha,recommended,1242,sanctioned,1208,,exact_multi_field,98.0,HIGH,auto_matched
CW_001017,lok_sabha,recommended,326,sanctioned,320,,exact_multi_field,98.0,HIGH,auto_matched
CW_001018,lok_sabha,recommended,100,sanctioned,100,,exact_multi_field,98.0,HIGH,auto_matched
CW_000004,lok_sabha,recommended,1214,sanctioned,1224,,exact_multi_field,98.0,HIGH,auto_matched
CW_000023,lok_sabha,recommended,1221,sanctioned,1198,,exact_multi_field,98.0,HIGH,auto_matched
CW_000023,lok_sabha,recommended,1208,sanctioned,1238,,exact_multi_field,98.0,HIGH,auto_matched
CW_001019,lok_sabha,recommended,864,sanctioned,855,,exact_multi_field,98.0,HIGH,auto_matched
CW_001020,lok_sabha,recommended,178,sanctioned,178,,exact_multi_field,98.0,HIGH,auto_matched
CW_001021,lok_sabha,recommended,309,sanctioned,306,,exact_multi_field,98.0,HIGH,auto_matched
CW_000491,lok_sabha,recommended,620,sanctioned,617,,exact_multi_field,98.0,HIGH,auto_matched
CW_000558,lok_sabha,recommended,964,sanctioned,931,,exact_multi_field,98.0,HIGH,auto_matched
CW_000470,lok_sabha,recommended,629,sanctioned,617,,exact_multi_field,98.0,HIGH,auto_matched
CW_000604,lok_sabha,recommended,624,sanctioned,613,,exact_multi_field,98.0,HIGH,auto_matched
CW_000543,lok_sabha,recommended,961,sanctioned,953,,exact_multi_field,98.0,HIGH,auto_matched
CW_000493,lok_sabha,recommended,956,sanctioned,925,,exact_multi_field,98.0,HIGH,auto_matched
CW_000544,lok_sabha,recommended,944,sanctioned,953,,exact_multi_field,98.0,HIGH,auto_matched
CW_000515,lok_sabha,recommended,960,sanctioned,921,,exact_multi_field,98.0,HIGH,auto_matched
CW_000450,lok_sabha,recommended,619,sanctioned,621,,exact_multi_field,98.0,HIGH,auto_matched
CW_000517,lok_sabha,recommended,969,sanctioned,915,,exact_multi_field,98.0,HIGH,auto_matched
CW_001022,lok_sabha,recommended,384,sanctioned,376,,exact_multi_field,98.0,HIGH,auto_matched
CW_000545,lok_sabha,recommended,951,sanctioned,957,,exact_multi_field,98.0,HIGH,auto_matched
CW_000452,lok_sabha,recommended,631,sanctioned,622,,exact_multi_field,98.0,HIGH,auto_matched
CW_001023,lok_sabha,recommended,1376,sanctioned,1366,,exact_multi_field,98.0,HIGH,auto_matched
CW_000519,lok_sabha,recommended,943,sanctioned,921,,exact_multi_field,98.0,HIGH,auto_matched
CW_000515,lok_sabha,recommended,960,sanctioned,951,,exact_multi_field,98.0,HIGH,auto_matched
CW_000496,lok_sabha,recommended,946,sanctioned,929,,exact_multi_field,98.0,HIGH,auto_matched
CW_000445,lok_sabha,recommended,923,sanctioned,913,,exact_multi_field,98.0,HIGH,auto_matched
CW_000522,lok_sabha,recommended,940,sanctioned,943,,exact_multi_field,98.0,HIGH,auto_matched
CW_000525,lok_sabha,recommended,934,sanctioned,957,,exact_multi_field,98.0,HIGH,auto_matched
CW_000575,lok_sabha,recommended,926,sanctioned,921,,exact_multi_field,98.0,HIGH,auto_matched
CW_000519,lok_sabha,recommended,943,sanctioned,951,,exact_multi_field,98.0,HIGH,auto_matched
CW_000132,lok_sabha,recommended,1170,sanctioned,1160,,exact_multi_field,98.0,HIGH,auto_matched
CW_000040,lok_sabha,recommended,1499,sanctioned,1488,,exact_multi_field,98.0,HIGH,auto_matched
CW_000445,lok_sabha,recommended,923,sanctioned,943,,exact_multi_field,98.0,HIGH,auto_matched
CW_000483,lok_sabha,recommended,939,sanctioned,911,,exact_multi_field,98.0,HIGH,auto_matched
CW_000575,lok_sabha,recommended,926,sanctioned,951,,exact_multi_field,98.0,HIGH,auto_matched
CW_000485,lok_sabha,recommended,922,sanctioned,911,,exact_multi_field,98.0,HIGH,auto_matched
CW_000321,lok_sabha,recommended,128,sanctioned,128,,exact_multi_field,98.0,HIGH,auto_matched
CW_000028,lok_sabha,recommended,1232,sanctioned,1225,,exact_multi_field,98.0,HIGH,auto_matched
CW_000728,lok_sabha,recommended,892,sanctioned,883,,exact_multi_field,98.0,HIGH,auto_matched
CW_001024,lok_sabha,recommended,412,sanctioned,404,,exact_multi_field,98.0,HIGH,auto_matched
CW_000449,lok_sabha,recommended,968,sanctioned,941,,exact_multi_field,98.0,HIGH,auto_matched
CW_000501,lok_sabha,recommended,963,sanctioned,913,,exact_multi_field,98.0,HIGH,auto_matched
CW_000456,lok_sabha,recommended,958,sanctioned,945,,exact_multi_field,98.0,HIGH,auto_matched
CW_000528,lok_sabha,recommended,967,sanctioned,939,,exact_multi_field,98.0,HIGH,auto_matched
CW_000507,lok_sabha,recommended,953,sanctioned,917,,exact_multi_field,98.0,HIGH,auto_matched
CW_000508,lok_sabha,recommended,621,sanctioned,610,,exact_multi_field,98.0,HIGH,auto_matched
CW_000461,lok_sabha,recommended,941,sanctioned,945,,exact_multi_field,98.0,HIGH,auto_matched
CW_001025,lok_sabha,recommended,269,sanctioned,266,,exact_multi_field,98.0,HIGH,auto_matched
CW_000529,lok_sabha,recommended,950,sanctioned,939,,exact_multi_field,98.0,HIGH,auto_matched
CW_001026,lok_sabha,recommended,156,sanctioned,156,,exact_multi_field,98.0,HIGH,auto_matched
CW_000634,lok_sabha,recommended,601,sanctioned,602,,exact_multi_field,98.0,HIGH,auto_matched
CW_001027,lok_sabha,recommended,718,sanctioned,708,,exact_multi_field,98.0,HIGH,auto_matched
CW_000533,lok_sabha,recommended,933,sanctioned,939,,exact_multi_field,98.0,HIGH,auto_matched
CW_001028,lok_sabha,recommended,1047,sanctioned,1037,,exact_multi_field,98.0,HIGH,auto_matched
CW_000505,lok_sabha,recommended,954,sanctioned,911,,exact_multi_field,98.0,HIGH,auto_matched
CW_000534,lok_sabha,recommended,614,sanctioned,592,,exact_multi_field,98.0,HIGH,auto_matched
CW_000506,lok_sabha,recommended,937,sanctioned,911,,exact_multi_field,98.0,HIGH,auto_matched
CW_000466,lok_sabha,recommended,920,sanctioned,935,,exact_multi_field,98.0,HIGH,auto_matched
CW_000482,lok_sabha,recommended,927,sanctioned,914,,exact_multi_field,98.0,HIGH,auto_matched
CW_000647,lok_sabha,recommended,575,sanctioned,570,,exact_multi_field,98.0,HIGH,auto_matched
CW_000482,lok_sabha,recommended,927,sanctioned,944,,exact_multi_field,98.0,HIGH,auto_matched
CW_001029,lok_sabha,recommended,125,sanctioned,125,,exact_multi_field,98.0,HIGH,auto_matched
CW_000048,lok_sabha,recommended,1231,sanctioned,1207,,exact_multi_field,98.0,HIGH,auto_matched
CW_000024,lok_sabha,recommended,1219,sanctioned,1235,,exact_multi_field,98.0,HIGH,auto_matched
CW_000034,lok_sabha,recommended,1235,sanctioned,1203,,exact_multi_field,98.0,HIGH,auto_matched
CW_000025,lok_sabha,recommended,1345,sanctioned,1335,,exact_multi_field,98.0,HIGH,auto_matched
CW_000009,lok_sabha,recommended,1218,sanctioned,1203,,exact_multi_field,98.0,HIGH,auto_matched
CW_000034,lok_sabha,recommended,1235,sanctioned,1233,,exact_multi_field,98.0,HIGH,auto_matched
CW_000023,lok_sabha,recommended,1221,sanctioned,1211,,exact_multi_field,98.0,HIGH,auto_matched
CW_000009,lok_sabha,recommended,1218,sanctioned,1233,,exact_multi_field,98.0,HIGH,auto_matched
CW_000089,lok_sabha,recommended,768,sanctioned,758,,exact_multi_field,98.0,HIGH,auto_matched
CW_000285,lok_sabha,recommended,221,sanctioned,221,,exact_multi_field,98.0,HIGH,auto_matched
CW_001030,lok_sabha,recommended,746,sanctioned,736,,exact_multi_field,98.0,HIGH,auto_matched
CW_001031,lok_sabha,recommended,1075,sanctioned,1065,,exact_multi_field,98.0,HIGH,auto_matched
CW_000664,lok_sabha,recommended,622,sanctioned,612,,exact_multi_field,98.0,HIGH,auto_matched
CW_000503,lok_sabha,recommended,957,sanctioned,927,,exact_multi_field,98.0,HIGH,auto_matched
CW_000605,lok_sabha,recommended,608,sanctioned,590,,exact_multi_field,98.0,HIGH,auto_matched
CW_000639,lok_sabha,recommended,625,sanctioned,620,,exact_multi_field,98.0,HIGH,auto_matched
CW_000521,lok_sabha,recommended,952,sanctioned,934,,exact_multi_field,98.0,HIGH,auto_matched
CW_000543,lok_sabha,recommended,961,sanctioned,928,,exact_multi_field,98.0,HIGH,auto_matched
CW_000377,lok_sabha,recommended,1171,sanctioned,1161,,exact_multi_field,98.0,HIGH,auto_matched
CW_000544,lok_sabha,recommended,944,sanctioned,928,,exact_multi_field,98.0,HIGH,auto_matched
CW_000543,lok_sabha,recommended,961,sanctioned,958,,exact_multi_field,98.0,HIGH,auto_matched
CW_000477,lok_sabha,recommended,948,sanctioned,924,,exact_multi_field,98.0,HIGH,auto_matched
CW_000545,lok_sabha,recommended,951,sanctioned,932,,exact_multi_field,98.0,HIGH,auto_matched
CW_000547,lok_sabha,recommended,599,sanctioned,588,,exact_multi_field,98.0,HIGH,auto_matched
CW_001032,lok_sabha,recommended,1044,sanctioned,1034,,exact_multi_field,98.0,HIGH,auto_matched
CW_000444,lok_sabha,recommended,931,sanctioned,924,,exact_multi_field,98.0,HIGH,auto_matched
CW_000477,lok_sabha,recommended,948,sanctioned,954,,exact_multi_field,98.0,HIGH,auto_matched
CW_000204,lok_sabha,recommended,1373,sanctioned,1363,,exact_multi_field,98.0,HIGH,auto_matched
CW_000522,lok_sabha,recommended,940,sanctioned,918,,exact_multi_field,98.0,HIGH,auto_matched
CW_000525,lok_sabha,recommended,934,sanctioned,932,,exact_multi_field,98.0,HIGH,auto_matched
CW_000048,lok_sabha,recommended,1246,sanctioned,1231,,exact_multi_field,98.0,HIGH,auto_matched
CW_000444,lok_sabha,recommended,931,sanctioned,954,,exact_multi_field,98.0,HIGH,auto_matched
CW_000445,lok_sabha,recommended,923,sanctioned,918,,exact_multi_field,98.0,HIGH,auto_matched
CW_001033,lok_sabha,recommended,796,sanctioned,786,,exact_multi_field,98.0,HIGH,auto_matched
CW_000017,lok_sabha,recommended,1233,sanctioned,1203,,exact_multi_field,98.0,HIGH,auto_matched
CW_001034,lok_sabha,recommended,893,sanctioned,884,,exact_multi_field,98.0,HIGH,auto_matched
CW_000243,lok_sabha,recommended,1140,sanctioned,1130,,exact_multi_field,98.0,HIGH,auto_matched
CW_000048,lok_sabha,recommended,1216,sanctioned,1227,,exact_multi_field,98.0,HIGH,auto_matched
CW_000022,lok_sabha,recommended,1240,sanctioned,1206,,exact_multi_field,98.0,HIGH,auto_matched
CW_000017,lok_sabha,recommended,1233,sanctioned,1233,,exact_multi_field,98.0,HIGH,auto_matched
CW_001035,lok_sabha,recommended,1,sanctioned,1,,exact_multi_field,98.0,HIGH,auto_matched
CW_000036,lok_sabha,recommended,1237,sanctioned,1229,,exact_multi_field,98.0,HIGH,auto_matched
CW_000022,lok_sabha,recommended,1240,sanctioned,1236,,exact_multi_field,98.0,HIGH,auto_matched
CW_000713,lok_sabha,recommended,623,sanctioned,614,,exact_multi_field,98.0,HIGH,auto_matched
CW_000448,lok_sabha,recommended,632,sanctioned,608,,exact_multi_field,98.0,HIGH,auto_matched
CW_000453,lok_sabha,recommended,959,sanctioned,922,,exact_multi_field,98.0,HIGH,auto_matched
CW_000738,lok_sabha,recommended,1191,sanctioned,1183,,exact_multi_field,98.0,HIGH,auto_matched
CW_000449,lok_sabha,recommended,968,sanctioned,916,,exact_multi_field,98.0,HIGH,auto_matched
CW_000453,lok_sabha,recommended,959,sanctioned,952,,exact_multi_field,98.0,HIGH,auto_matched
CW_000449,lok_sabha,recommended,968,sanctioned,946,,exact_multi_field,98.0,HIGH,auto_matched
CW_000454,lok_sabha,recommended,955,sanctioned,912,,exact_multi_field,98.0,HIGH,auto_matched
CW_000455,lok_sabha,recommended,942,sanctioned,952,,exact_multi_field,98.0,HIGH,auto_matched
CW_000092,lok_sabha,recommended,509,sanctioned,507,,exact_multi_field,98.0,HIGH,auto_matched
CW_000456,lok_sabha,recommended,958,sanctioned,920,,exact_multi_field,98.0,HIGH,auto_matched
CW_000458,lok_sabha,recommended,626,sanctioned,613,,exact_multi_field,98.0,HIGH,auto_matched
CW_000459,lok_sabha,recommended,938,sanctioned,912,,exact_multi_field,98.0,HIGH,auto_matched
CW_000454,lok_sabha,recommended,955,sanctioned,942,,exact_multi_field,98.0,HIGH,auto_matched
CW_000576,lok_sabha,recommended,606,sanctioned,605,,exact_multi_field,98.0,HIGH,auto_matched
CW_000461,lok_sabha,recommended,941,sanctioned,920,,exact_multi_field,98.0,HIGH,auto_matched
CW_000456,lok_sabha,recommended,958,sanctioned,950,,exact_multi_field,98.0,HIGH,auto_matched
CW_000565,lok_sabha,recommended,935,sanctioned,934,,exact_multi_field,98.0,HIGH,auto_matched
CW_000497,lok_sabha,recommended,929,sanctioned,948,,exact_multi_field,98.0,HIGH,auto_matched
CW_000462,lok_sabha,recommended,921,sanctioned,912,,exact_multi_field,98.0,HIGH,auto_matched
CW_000459,lok_sabha,recommended,938,sanctioned,942,,exact_multi_field,98.0,HIGH,auto_matched
CW_000460,lok_sabha,recommended,932,sanctioned,956,,exact_multi_field,98.0,HIGH,auto_matched
CW_000143,lok_sabha,recommended,1168,sanctioned,1158,,exact_multi_field,98.0,HIGH,auto_matched
CW_000462,lok_sabha,recommended,921,sanctioned,942,,exact_multi_field,98.0,HIGH,auto_matched
CW_000494,lok_sabha,recommended,925,sanctioned,938,,exact_multi_field,98.0,HIGH,auto_matched
CW_000609,lok_sabha,recommended,605,sanctioned,603,,exact_multi_field,98.0,HIGH,auto_matched
CW_001036,lok_sabha,recommended,239,sanctioned,237,,exact_multi_field,98.0,HIGH,auto_matched
CW_000028,lok_sabha,recommended,1247,sanctioned,1224,,exact_multi_field,98.0,HIGH,auto_matched
CW_001037,lok_sabha,recommended,774,sanctioned,764,,exact_multi_field,98.0,HIGH,auto_matched
CW_000022,lok_sabha,recommended,1206,sanctioned,1206,,exact_multi_field,98.0,HIGH,auto_matched
CW_000022,lok_sabha,recommended,1206,sanctioned,1236,,exact_multi_field,98.0,HIGH,auto_matched
CW_000468,lok_sabha,recommended,966,sanctioned,940,,exact_multi_field,98.0,HIGH,auto_matched
CW_000471,lok_sabha,recommended,949,sanctioned,940,,exact_multi_field,98.0,HIGH,auto_matched
CW_000451,lok_sabha,recommended,962,sanctioned,930,,exact_multi_field,98.0,HIGH,auto_matched
CW_001038,lok_sabha,recommended,743,sanctioned,733,,exact_multi_field,98.0,HIGH,auto_matched
CW_000472,lok_sabha,recommended,965,sanctioned,937,,exact_multi_field,98.0,HIGH,auto_matched
CW_000474,lok_sabha,recommended,613,sanctioned,593,,exact_multi_field,98.0,HIGH,auto_matched
CW_000476,lok_sabha,recommended,945,sanctioned,930,,exact_multi_field,98.0,HIGH,auto_matched
CW_000229,lok_sabha,recommended,840,sanctioned,831,,exact_multi_field,98.0,HIGH,auto_matched
CW_001039,lok_sabha,recommended,154,sanctioned,154,,exact_multi_field,98.0,HIGH,auto_matched
CW_000479,lok_sabha,recommended,928,sanctioned,930,,exact_multi_field,98.0,HIGH,auto_matched
CW_000460,lok_sabha,recommended,932,sanctioned,926,,exact_multi_field,98.0,HIGH,auto_matched
CW_000480,lok_sabha,recommended,612,sanctioned,591,,exact_multi_field,98.0,HIGH,auto_matched
CW_001040,lok_sabha,recommended,1292,sanctioned,1282,,exact_multi_field,98.0,HIGH,auto_matched
CW_000482,lok_sabha,recommended,927,sanctioned,927,,exact_multi_field,98.0,HIGH,auto_matched
CW_000510,lok_sabha,recommended,936,sanctioned,927,,exact_multi_field,98.0,HIGH,auto_matched
CW_000483,lok_sabha,recommended,939,sanctioned,935,,exact_multi_field,98.0,HIGH,auto_matched
CW_001041,lok_sabha,recommended,108,sanctioned,108,,exact_multi_field,98.0,HIGH,auto_matched
CW_000485,lok_sabha,recommended,922,sanctioned,935,,exact_multi_field,98.0,HIGH,auto_matched
CW_000048,lok_sabha,recommended,1246,sanctioned,1206,,exact_multi_field,98.0,HIGH,auto_matched
CW_000022,lok_sabha,recommended,1234,sanctioned,1234,,exact_multi_field,98.0,HIGH,auto_matched
CW_000036,lok_sabha,recommended,1243,sanctioned,1228,,exact_multi_field,98.0,HIGH,auto_matched
CW_000028,lok_sabha,recommended,1217,sanctioned,1234,,exact_multi_field,98.0,HIGH,auto_matched
CW_001042,lok_sabha,recommended,569,sanctioned,559,,exact_multi_field,98.0,HIGH,auto_matched
CW_000009,lok_sabha,recommended,1230,sanctioned,1224,,exact_multi_field,98.0,HIGH,auto_matched
CW_000538,lok_sabha,recommended,890,sanctioned,881,,exact_multi_field,98.0,HIGH,auto_matched
CW_000005,lok_sabha,recommended,1213,sanctioned,1224,,exact_multi_field,98.0,HIGH,auto_matched
CW_000048,lok_sabha,recommended,1216,sanctioned,1232,,exact_multi_field,98.0,HIGH,auto_matched
CW_000036,lok_sabha,recommended,1237,sanctioned,1204,,exact_multi_field,98.0,HIGH,auto_matched
CW_000028,lok_sabha,recommended,1217,sanctioned,1196,,exact_multi_field,98.0,HIGH,auto_matched
CW_000107,lok_sabha,recommended,182,sanctioned,182,,exact_multi_field,98.0,HIGH,auto_matched
CW_000491,lok_sabha,recommended,620,sanctioned,611,,exact_multi_field,98.0,HIGH,auto_matched
CW_000007,lok_sabha,recommended,510,sanctioned,508,,exact_multi_field,98.0,HIGH,auto_matched
CW_000713,lok_sabha,recommended,623,sanctioned,619,,exact_multi_field,98.0,HIGH,auto_matched
CW_000010,lok_sabha,recommended,1199,sanctioned,1193,,exact_multi_field,98.0,HIGH,auto_matched
CW_000558,lok_sabha,recommended,964,sanctioned,955,,exact_multi_field,98.0,HIGH,auto_matched
CW_000493,lok_sabha,recommended,956,sanctioned,919,,exact_multi_field,98.0,HIGH,auto_matched
CW_000453,lok_sabha,recommended,959,sanctioned,927,,exact_multi_field,98.0,HIGH,auto_matched
CW_001043,lok_sabha,recommended,267,sanctioned,264,,exact_multi_field,98.0,HIGH,auto_matched
CW_000559,lok_sabha,recommended,947,sanctioned,955,,exact_multi_field,98.0,HIGH,auto_matched
CW_000493,lok_sabha,recommended,956,sanctioned,949,,exact_multi_field,98.0,HIGH,auto_matched
CW_000455,lok_sabha,recommended,942,sanctioned,927,,exact_multi_field,98.0,HIGH,auto_matched
CW_000463,lok_sabha,recommended,930,sanctioned,955,,exact_multi_field,98.0,HIGH,auto_matched
CW_000494,lok_sabha,recommended,925,sanctioned,951,,exact_multi_field,98.0,HIGH,auto_matched
CW_000496,lok_sabha,recommended,946,sanctioned,923,,exact_multi_field,98.0,HIGH,auto_matched
CW_000575,lok_sabha,recommended,926,sanctioned,915,,exact_multi_field,98.0,HIGH,auto_matched
CW_001044,lok_sabha,recommended,240,sanctioned,238,,exact_multi_field,98.0,HIGH,auto_matched
CW_000497,lok_sabha,recommended,929,sanctioned,923,,exact_multi_field,98.0,HIGH,auto_matched
CW_000496,lok_sabha,recommended,946,sanctioned,953,,exact_multi_field,98.0,HIGH,auto_matched
CW_000045,lok_sabha,recommended,1241,sanctioned,1222,,exact_multi_field,98.0,HIGH,auto_matched
CW_000575,lok_sabha,recommended,926,sanctioned,945,,exact_multi_field,98.0,HIGH,auto_matched
CW_000466,lok_sabha,recommended,920,sanctioned,959,,exact_multi_field,98.0,HIGH,auto_matched
CW_000254,lok_sabha,recommended,918,sanctioned,909,,exact_multi_field,98.0,HIGH,auto_matched
CW_000497,lok_sabha,recommended,929,sanctioned,953,,exact_multi_field,98.0,HIGH,auto_matched
CW_000115,lok_sabha,recommended,1165,sanctioned,1155,,exact_multi_field,98.0,HIGH,auto_matched
CW_000494,lok_sabha,recommended,925,sanctioned,913,,exact_multi_field,98.0,HIGH,auto_matched
CW_000045,lok_sabha,recommended,1245,sanctioned,1223,,exact_multi_field,98.0,HIGH,auto_matched
CW_000022,lok_sabha,recommended,1240,sanctioned,1219,,exact_multi_field,98.0,HIGH,auto_matched
CW_000034,lok_sabha,recommended,1235,sanctioned,1227,,exact_multi_field,98.0,HIGH,auto_matched
CW_000063,lok_sabha,recommended,1244,sanctioned,1221,,exact_multi_field,98.0,HIGH,auto_matched
CW_000009,lok_sabha,recommended,1218,sanctioned,1227,,exact_multi_field,98.0,HIGH,auto_matched
CW_001045,lok_sabha,recommended,1429,sanctioned,1418,,exact_multi_field,98.0,HIGH,auto_matched
CW_001046,lok_sabha,recommended,295,sanctioned,292,,exact_multi_field,98.0,HIGH,auto_matched
CW_001047,lok_sabha,recommended,1197,sanctioned,1187,,exact_multi_field,98.0,HIGH,auto_matched
CW_000451,lok_sabha,recommended,962,sanctioned,943,,exact_multi_field,98.0,HIGH,auto_matched
CW_000563,lok_sabha,recommended,1189,sanctioned,1181,,exact_multi_field,98.0,HIGH,auto_matched
CW_000503,lok_sabha,recommended,957,sanctioned,921,,exact_multi_field,98.0,HIGH,auto_matched
CW_000468,lok_sabha,recommended,966,sanctioned,915,,exact_multi_field,98.0,HIGH,auto_matched
CW_000505,lok_sabha,recommended,954,sanctioned,943,,exact_multi_field,98.0,HIGH,auto_matched
CW_000501,lok_sabha,recommended,963,sanctioned,937,,exact_multi_field,98.0,HIGH,auto_matched
CW_000503,lok_sabha,recommended,957,sanctioned,951,,exact_multi_field,98.0,HIGH,auto_matched
CW_000752,lok_sabha,recommended,1286,sanctioned,1279,,exact_multi_field,98.0,HIGH,auto_matched
CW_000471,lok_sabha,recommended,949,sanctioned,915,,exact_multi_field,98.0,HIGH,auto_matched
CW_000506,lok_sabha,recommended,937,sanctioned,943,,exact_multi_field,98.0,HIGH,auto_matched
CW_000507,lok_sabha,recommended,953,sanctioned,911,,exact_multi_field,98.0,HIGH,auto_matched
CW_000507,lok_sabha,recommended,953,sanctioned,941,,exact_multi_field,98.0,HIGH,auto_matched
CW_000582,lok_sabha,recommended,610,sanctioned,590,,exact_multi_field,98.0,HIGH,auto_matched
CW_000599,lok_sabha,recommended,604,sanctioned,604,,exact_multi_field,98.0,HIGH,auto_matched
CW_000533,lok_sabha,recommended,933,sanctioned,933,,exact_multi_field,98.0,HIGH,auto_matched
CW_000510,lok_sabha,recommended,936,sanctioned,940,,exact_multi_field,98.0,HIGH,auto_matched
CW_000198,lok_sabha,recommended,466,sanctioned,458,,exact_multi_field,98.0,HIGH,auto_matched
CW_001048,lok_sabha,recommended,27,sanctioned,27,,exact_multi_field,98.0,HIGH,auto_matched
CW_000692,lok_sabha,recommended,600,sanctioned,594,,exact_multi_field,98.0,HIGH,auto_matched
CW_000023,lok_sabha,recommended,1248,sanctioned,1201,,exact_multi_field,98.0,HIGH,auto_matched
CW_000126,lok_sabha,recommended,1225,sanctioned,1215,,exact_multi_field,98.0,HIGH,auto_matched
CW_000220,lok_sabha,recommended,210,sanctioned,210,,exact_multi_field,98.0,HIGH,auto_matched
CW_000022,lok_sabha,recommended,1234,sanctioned,1209,,exact_multi_field,98.0,HIGH,auto_matched
CW_001049,lok_sabha,recommended,772,sanctioned,762,,exact_multi_field,98.0,HIGH,auto_matched
CW_000048,lok_sabha,recommended,1231,sanctioned,1231,,exact_multi_field,98.0,HIGH,auto_matched
CW_000028,lok_sabha,recommended,1217,sanctioned,1209,,exact_multi_field,98.0,HIGH,auto_matched
CW_000004,lok_sabha,recommended,1214,sanctioned,1231,,exact_multi_field,98.0,HIGH,auto_matched
CW_001050,lok_sabha,recommended,179,sanctioned,179,,exact_multi_field,98.0,HIGH,auto_matched
CW_000515,lok_sabha,recommended,960,sanctioned,928,,exact_multi_field,98.0,HIGH,auto_matched
CW_001051,lok_sabha,recommended,494,sanctioned,486,,exact_multi_field,98.0,HIGH,auto_matched
CW_000518,lok_sabha,recommended,611,sanctioned,592,,exact_multi_field,98.0,HIGH,auto_matched
CW_000625,lok_sabha,recommended,628,sanctioned,622,,exact_multi_field,98.0,HIGH,auto_matched
CW_000522,lok_sabha,recommended,940,sanctioned,920,,exact_multi_field,98.0,HIGH,auto_matched
CW_000519,lok_sabha,recommended,943,sanctioned,928,,exact_multi_field,98.0,HIGH,auto_matched
CW_000515,lok_sabha,recommended,960,sanctioned,958,,exact_multi_field,98.0,HIGH,auto_matched
CW_000522,lok_sabha,recommended,940,sanctioned,950,,exact_multi_field,98.0,HIGH,auto_matched
CW_001052,lok_sabha,recommended,1275,sanctioned,1265,,exact_multi_field,98.0,HIGH,auto_matched
CW_000519,lok_sabha,recommended,943,sanctioned,958,,exact_multi_field,98.0,HIGH,auto_matched
CW_000550,lok_sabha,recommended,598,sanctioned,588,,exact_multi_field,98.0,HIGH,auto_matched
CW_000445,lok_sabha,recommended,923,sanctioned,950,,exact_multi_field,98.0,HIGH,auto_matched
CW_000544,lok_sabha,recommended,944,sanctioned,922,,exact_multi_field,98.0,HIGH,auto_matched
CW_001053,lok_sabha,recommended,837,sanctioned,828,,exact_multi_field,98.0,HIGH,auto_matched
CW_000463,lok_sabha,recommended,930,sanctioned,930,,exact_multi_field,98.0,HIGH,auto_matched
CW_001054,lok_sabha,recommended,1129,sanctioned,1119,,exact_multi_field,98.0,HIGH,auto_matched
CW_000525,lok_sabha,recommended,934,sanctioned,926,,exact_multi_field,98.0,HIGH,auto_matched
CW_000101,lok_sabha,recommended,237,sanctioned,235,,exact_multi_field,98.0,HIGH,auto_matched
CW_000525,lok_sabha,recommended,934,sanctioned,956,,exact_multi_field,98.0,HIGH,auto_matched
CW_000018,lok_sabha,recommended,1229,sanctioned,1225,,exact_multi_field,98.0,HIGH,auto_matched
CW_000575,lok_sabha,recommended,926,sanctioned,920,,exact_multi_field,98.0,HIGH,auto_matched
CW_000005,lok_sabha,recommended,1238,sanctioned,1219,,exact_multi_field,98.0,HIGH,auto_matched
CW_000066,lok_sabha,recommended,5,sanctioned,5,,exact_multi_field,98.0,HIGH,auto_matched
CW_000176,lok_sabha,recommended,1098,sanctioned,1088,,exact_multi_field,98.0,HIGH,auto_matched
CW_000449,lok_sabha,recommended,968,sanctioned,948,,exact_multi_field,98.0,HIGH,auto_matched
CW_000028,lok_sabha,recommended,1232,sanctioned,1224,,exact_multi_field,98.0,HIGH,auto_matched
CW_000022,lok_sabha,recommended,1206,sanctioned,1230,,exact_multi_field,98.0,HIGH,auto_matched
CW_000022,lok_sabha,recommended,1215,sanctioned,1224,,exact_multi_field,98.0,HIGH,auto_matched
CW_000528,lok_sabha,recommended,967,sanctioned,916,,exact_multi_field,98.0,HIGH,auto_matched
CW_000456,lok_sabha,recommended,958,sanctioned,952,,exact_multi_field,98.0,HIGH,auto_matched
CW_000529,lok_sabha,recommended,950,sanctioned,916,,exact_multi_field,98.0,HIGH,auto_matched
CW_000528,lok_sabha,recommended,967,sanctioned,946,,exact_multi_field,98.0,HIGH,auto_matched
CW_000608,lok_sabha,recommended,615,sanctioned,602,,exact_multi_field,98.0,HIGH,auto_matched
CW_000530,lok_sabha,recommended,618,sanctioned,609,,exact_multi_field,98.0,HIGH,auto_matched
CW_001055,lok_sabha,recommended,1194,sanctioned,1184,,exact_multi_field,98.0,HIGH,auto_matched
CW_000451,lok_sabha,recommended,962,sanctioned,924,,exact_multi_field,98.0,HIGH,auto_matched
CW_000529,lok_sabha,recommended,950,sanctioned,946,,exact_multi_field,98.0,HIGH,auto_matched
CW_000476,lok_sabha,recommended,945,sanctioned,924,,exact_multi_field,98.0,HIGH,auto_matched
CW_000609,lok_sabha,recommended,605,sanctioned,605,,exact_multi_field,98.0,HIGH,auto_matched
CW_000505,lok_sabha,recommended,954,sanctioned,918,,exact_multi_field,98.0,HIGH,auto_matched
CW_000534,lok_sabha,recommended,614,sanctioned,599,,exact_multi_field,98.0,HIGH,auto_matched
CW_000506,lok_sabha,recommended,937,sanctioned,918,,exact_multi_field,98.0,HIGH,auto_matched
CW_000461,lok_sabha,recommended,941,sanctioned,914,,exact_multi_field,98.0,HIGH,auto_matched
CW_000479,lok_sabha,recommended,928,sanctioned,954,,exact_multi_field,98.0,HIGH,auto_matched
CW_000460,lok_sabha,recommended,932,sanctioned,950,,exact_multi_field,98.0,HIGH,auto_matched
CW_000464,lok_sabha,recommended,924,sanctioned,914,,exact_multi_field,98.0,HIGH,auto_matched
CW_000461,lok_sabha,recommended,941,sanctioned,944,,exact_multi_field,98.0,HIGH,auto_matched
CW_000462,lok_sabha,recommended,921,sanctioned,936,,exact_multi_field,98.0,HIGH,auto_matched
CW_000634,lok_sabha,recommended,601,sanctioned,601,,exact_multi_field,98.0,HIGH,auto_matched
CW_000464,lok_sabha,recommended,924,sanctioned,944,,exact_multi_field,98.0,HIGH,auto_matched
CW_000036,lok_sabha,recommended,1243,sanctioned,1222,,exact_multi_field,98.0,HIGH,auto_matched
CW_001056,lok_sabha,recommended,234,sanctioned,232,,exact_multi_field,98.0,HIGH,auto_matched
CW_001057,lok_sabha,recommended,436,sanctioned,429,,exact_multi_field,98.0,HIGH,auto_matched
CW_000024,lok_sabha,recommended,1219,sanctioned,1204,,exact_multi_field,98.0,HIGH,auto_matched
CW_000023,lok_sabha,recommended,1222,sanctioned,1212,,exact_multi_field,98.0,HIGH,auto_matched
CW_000024,lok_sabha,recommended,1219,sanctioned,1234,,exact_multi_field,98.0,HIGH,auto_matched
CW_000225,lok_sabha,recommended,769,sanctioned,759,,exact_multi_field,98.0,HIGH,auto_matched
CW_001058,lok_sabha,recommended,180,sanctioned,180,,exact_multi_field,98.0,HIGH,auto_matched
CW_000023,lok_sabha,recommended,1209,sanctioned,1238,,exact_multi_field,98.0,HIGH,auto_matched
CW_000337,lok_sabha,recommended,1318,sanctioned,1308,,exact_multi_field,98.0,HIGH,auto_matched
CW_000543,lok_sabha,recommended,961,sanctioned,935,,exact_multi_field,98.0,HIGH,auto_matched
CW_000472,lok_sabha,recommended,965,sanctioned,931,,exact_multi_field,98.0,HIGH,auto_matched
CW_000477,lok_sabha,recommended,948,sanctioned,931,,exact_multi_field,98.0,HIGH,auto_matched
CW_000545,lok_sabha,recommended,951,sanctioned,939,,exact_multi_field,98.0,HIGH,auto_matched
CW_000771,lok_sabha,recommended,582,sanctioned,565,,exact_multi_field,98.0,HIGH,auto_matched
CW_000547,lok_sabha,recommended,599,sanctioned,595,,exact_multi_field,98.0,HIGH,auto_matched
CW_000479,lok_sabha,recommended,928,sanctioned,924,,exact_multi_field,98.0,HIGH,auto_matched
CW_000605,lok_sabha,recommended,608,sanctioned,589,,exact_multi_field,98.0,HIGH,auto_matched
CW_000444,lok_sabha,recommended,931,sanctioned,931,,exact_multi_field,98.0,HIGH,auto_matched
CW_000522,lok_sabha,recommended,940,sanctioned,925,,exact_multi_field,98.0,HIGH,auto_matched
CW_000550,lok_sabha,recommended,598,sanctioned,593,,exact_multi_field,98.0,HIGH,auto_matched
CW_000482,lok_sabha,recommended,927,sanctioned,921,,exact_multi_field,98.0,HIGH,auto_matched
CW_000251,lok_sabha,recommended,1250,sanctioned,1240,,exact_multi_field,98.0,HIGH,auto_matched
CW_000482,lok_sabha,recommended,927,sanctioned,951,,exact_multi_field,98.0,HIGH,auto_matched
CW_000485,lok_sabha,recommended,922,sanctioned,929,,exact_multi_field,98.0,HIGH,auto_matched
CW_000036,lok_sabha,recommended,1237,sanctioned,1236,,exact_multi_field,98.0,HIGH,auto_matched
CW_000269,lok_sabha,recommended,208,sanctioned,208,,exact_multi_field,98.0,HIGH,auto_matched
CW_000048,lok_sabha,recommended,1246,sanctioned,1230,,exact_multi_field,98.0,HIGH,auto_matched
CW_001059,lok_sabha,recommended,328,sanctioned,322,,exact_multi_field,98.0,HIGH,auto_matched
CW_000023,lok_sabha,recommended,1212,sanctioned,1200,,exact_multi_field,98.0,HIGH,auto_matched
CW_000018,lok_sabha,recommended,1229,sanctioned,1230,,exact_multi_field,98.0,HIGH,auto_matched
CW_000166,lok_sabha,recommended,1346,sanctioned,1336,,exact_multi_field,98.0,HIGH,auto_matched
CW_000048,lok_sabha,recommended,1216,sanctioned,1196,,exact_multi_field,98.0,HIGH,auto_matched
CW_000396,lok_sabha,recommended,564,sanctioned,554,,exact_multi_field,98.0,HIGH,auto_matched
CW_000448,lok_sabha,recommended,632,sanctioned,615,,exact_multi_field,98.0,HIGH,auto_matched
CW_000048,lok_sabha,recommended,1216,sanctioned,1226,,exact_multi_field,98.0,HIGH,auto_matched
CW_000449,lok_sabha,recommended,968,sanctioned,923,,exact_multi_field,98.0,HIGH,auto_matched
CW_000453,lok_sabha,recommended,959,sanctioned,959,,exact_multi_field,98.0,HIGH,auto_matched
CW_000449,lok_sabha,recommended,968,sanctioned,953,,exact_multi_field,98.0,HIGH,auto_matched
CW_000454,lok_sabha,recommended,955,sanctioned,919,,exact_multi_field,98.0,HIGH,auto_matched
CW_000558,lok_sabha,recommended,964,sanctioned,913,,exact_multi_field,98.0,HIGH,auto_matched
CW_000456,lok_sabha,recommended,958,sanctioned,927,,exact_multi_field,98.0,HIGH,auto_matched
CW_000713,lok_sabha,recommended,623,sanctioned,613,,exact_multi_field,98.0,HIGH,auto_matched
CW_000458,lok_sabha,recommended,626,sanctioned,620,,exact_multi_field,98.0,HIGH,auto_matched
CW_000459,lok_sabha,recommended,938,sanctioned,919,,exact_multi_field,98.0,HIGH,auto_matched
CW_000454,lok_sabha,recommended,955,sanctioned,949,,exact_multi_field,98.0,HIGH,auto_matched
CW_000571,lok_sabha,recommended,603,sanctioned,605,,exact_multi_field,98.0,HIGH,auto_matched
CW_000559,lok_sabha,recommended,947,sanctioned,913,,exact_multi_field,98.0,HIGH,auto_matched
CW_000497,lok_sabha,recommended,929,sanctioned,955,,exact_multi_field,98.0,HIGH,auto_matched
CW_000459,lok_sabha,recommended,938,sanctioned,949,,exact_multi_field,98.0,HIGH,auto_matched
CW_000463,lok_sabha,recommended,930,sanctioned,913,,exact_multi_field,98.0,HIGH,auto_matched
CW_000462,lok_sabha,recommended,921,sanctioned,949,,exact_multi_field,98.0,HIGH,auto_matched
CW_000455,lok_sabha,recommended,942,sanctioned,921,,exact_multi_field,98.0,HIGH,auto_matched
CW_000619,lok_sabha,recommended,602,sanctioned,602,,exact_multi_field,98.0,HIGH,auto_matched
CW_000494,lok_sabha,recommended,925,sanctioned,945,,exact_multi_field,98.0,HIGH,auto_matched
CW_000455,lok_sabha,recommended,942,sanctioned,951,,exact_multi_field,98.0,HIGH,auto_matched
CW_001060,lok_sabha,recommended,1127,sanctioned,1117,,exact_multi_field,98.0,HIGH,auto_matched
CW_000497,lok_sabha,recommended,929,sanctioned,917,,exact_multi_field,98.0,HIGH,auto_matched
CW_000462,lok_sabha,recommended,921,sanctioned,911,,exact_multi_field,98.0,HIGH,auto_matched
CW_001061,lok_sabha,recommended,3,sanctioned,3,,exact_multi_field,98.0,HIGH,auto_matched
CW_000023,lok_sabha,recommended,1223,sanctioned,1213,,exact_multi_field,98.0,HIGH,auto_matched
CW_000747,lok_sabha,recommended,883,sanctioned,871,,exact_multi_field,98.0,HIGH,auto_matched
CW_000126,lok_sabha,recommended,1227,sanctioned,1215,,exact_multi_field,98.0,HIGH,auto_matched
CW_000468,lok_sabha,recommended,966,sanctioned,947,,exact_multi_field,98.0,HIGH,auto_matched
CW_000007,lok_sabha,recommended,516,sanctioned,502,,exact_multi_field,98.0,HIGH,auto_matched
CW_000451,lok_sabha,recommended,962,sanctioned,937,,exact_multi_field,98.0,HIGH,auto_matched
CW_000474,lok_sabha,recommended,613,sanctioned,600,,exact_multi_field,98.0,HIGH,auto_matched
CW_000476,lok_sabha,recommended,945,sanctioned,937,,exact_multi_field,98.0,HIGH,auto_matched
CW_000478,lok_sabha,recommended,1192,sanctioned,1183,,exact_multi_field,98.0,HIGH,auto_matched
CW_000517,lok_sabha,recommended,969,sanctioned,916,,exact_multi_field,98.0,HIGH,auto_matched
CW_000503,lok_sabha,recommended,957,sanctioned,945,,exact_multi_field,98.0,HIGH,auto_matched
CW_000479,lok_sabha,recommended,928,sanctioned,937,,exact_multi_field,98.0,HIGH,auto_matched
CW_001062,lok_sabha,recommended,53,sanctioned,53,,exact_multi_field,98.0,HIGH,auto_matched
CW_000457,lok_sabha,recommended,609,sanctioned,590,,exact_multi_field,98.0,HIGH,auto_matched
CW_000517,lok_sabha,recommended,969,sanctioned,946,,exact_multi_field,98.0,HIGH,auto_matched
CW_000480,lok_sabha,recommended,612,sanctioned,598,,exact_multi_field,98.0,HIGH,auto_matched
CW_000471,lok_sabha,recommended,949,sanctioned,939,,exact_multi_field,98.0,HIGH,auto_matched
CW_000521,lok_sabha,recommended,952,sanctioned,946,,exact_multi_field,98.0,HIGH,auto_matched
CW_000483,lok_sabha,recommended,939,sanctioned,912,,exact_multi_field,98.0,HIGH,auto_matched
CW_000599,lok_sabha,recommended,604,sanctioned,598,,exact_multi_field,98.0,HIGH,auto_matched
CW_000510,lok_sabha,recommended,936,sanctioned,934,,exact_multi_field,98.0,HIGH,auto_matched
CW_000483,lok_sabha,recommended,939,sanctioned,942,,exact_multi_field,98.0,HIGH,auto_matched
CW_001063,lok_sabha,recommended,1251,sanctioned,1241,,exact_multi_field,98.0,HIGH,auto_matched
CW_000177,lok_sabha,recommended,1498,sanctioned,1487,,exact_multi_field,98.0,HIGH,auto_matched
CW_000036,lok_sabha,recommended,1243,sanctioned,1205,,exact_multi_field,98.0,HIGH,auto_matched
CW_000771,lok_sabha,recommended,582,sanctioned,570,,exact_multi_field,98.0,HIGH,auto_matched
CW_000485,lok_sabha,recommended,922,sanctioned,942,,exact_multi_field,98.0,HIGH,auto_matched
CW_000036,lok_sabha,recommended,1243,sanctioned,1235,,exact_multi_field,98.0,HIGH,auto_matched
CW_000022,lok_sabha,recommended,1234,sanctioned,1203,,exact_multi_field,98.0,HIGH,auto_matched
CW_000028,lok_sabha,recommended,1217,sanctioned,1203,,exact_multi_field,98.0,HIGH,auto_matched
CW_000281,lok_sabha,recommended,205,sanctioned,205,,exact_multi_field,98.0,HIGH,auto_matched
CW_000028,lok_sabha,recommended,1217,sanctioned,1233,,exact_multi_field,98.0,HIGH,auto_matched
CW_000186,lok_sabha,recommended,972,sanctioned,962,,exact_multi_field,98.0,HIGH,auto_matched
CW_000491,lok_sabha,recommended,620,sanctioned,618,,exact_multi_field,98.0,HIGH,auto_matched
CW_000604,lok_sabha,recommended,624,sanctioned,614,,exact_multi_field,98.0,HIGH,auto_matched
CW_000528,lok_sabha,recommended,967,sanctioned,940,,exact_multi_field,98.0,HIGH,auto_matched
CW_000493,lok_sabha,recommended,956,sanctioned,926,,exact_multi_field,98.0,HIGH,auto_matched
CW_000453,lok_sabha,recommended,959,sanctioned,934,,exact_multi_field,98.0,HIGH,auto_matched
CW_001064,lok_sabha,recommended,1279,sanctioned,1269,,exact_multi_field,98.0,HIGH,auto_matched
CW_000493,lok_sabha,recommended,956,sanctioned,956,,exact_multi_field,98.0,HIGH,auto_matched
CW_000534,lok_sabha,recommended,614,sanctioned,593,,exact_multi_field,98.0,HIGH,auto_matched
CW_000519,lok_sabha,recommended,943,sanctioned,922,,exact_multi_field,98.0,HIGH,auto_matched
CW_000521,lok_sabha,recommended,952,sanctioned,916,,exact_multi_field,98.0,HIGH,auto_matched
CW_000496,lok_sabha,recommended,946,sanctioned,930,,exact_multi_field,98.0,HIGH,auto_matched
CW_000575,lok_sabha,recommended,926,sanctioned,922,,exact_multi_field,98.0,HIGH,auto_matched
CW_000519,lok_sabha,recommended,943,sanctioned,952,,exact_multi_field,98.0,HIGH,auto_matched
CW_000565,lok_sabha,recommended,935,sanctioned,916,,exact_multi_field,98.0,HIGH,auto_matched
CW_000497,lok_sabha,recommended,929,sanctioned,930,,exact_multi_field,98.0,HIGH,auto_matched
CW_000045,lok_sabha,recommended,1241,sanctioned,1229,,exact_multi_field,98.0,HIGH,auto_matched
CW_000575,lok_sabha,recommended,926,sanctioned,952,,exact_multi_field,98.0,HIGH,auto_matched
CW_000237,lok_sabha,recommended,1375,sanctioned,1365,,exact_multi_field,98.0,HIGH,auto_matched
CW_000365,lok_sabha,recommended,593,sanctioned,583,,exact_multi_field,98.0,HIGH,auto_matched
CW_000485,lok_sabha,recommended,922,sanctioned,912,,exact_multi_field,98.0,HIGH,auto_matched
CW_000494,lok_sabha,recommended,925,sanctioned,920,,exact_multi_field,98.0,HIGH,auto_matched
CW_000045,lok_sabha,recommended,1245,sanctioned,1230,,exact_multi_field,98.0,HIGH,auto_matched
CW_001065,lok_sabha,recommended,1124,sanctioned,1114,,exact_multi_field,98.0,HIGH,auto_matched
CW_000034,lok_sabha,recommended,1235,sanctioned,1234,,exact_multi_field,98.0,HIGH,auto_matched
CW_000063,lok_sabha,recommended,1244,sanctioned,1228,,exact_multi_field,98.0,HIGH,auto_matched
CW_000069,lok_sabha,recommended,0,sanctioned,0,,exact_multi_field,98.0,HIGH,auto_matched
CW_000240,lok_sabha,recommended,1344,sanctioned,1334,,exact_multi_field,98.0,HIGH,auto_matched
CW_001066,lok_sabha,recommended,891,sanctioned,882,,exact_multi_field,98.0,HIGH,auto_matched
CW_000045,lok_sabha,recommended,1220,sanctioned,1210,,exact_multi_field,98.0,HIGH,auto_matched
CW_000501,lok_sabha,recommended,963,sanctioned,914,,exact_multi_field,98.0,HIGH,auto_matched
CW_000468,lok_sabha,recommended,966,sanctioned,922,,exact_multi_field,98.0,HIGH,auto_matched
CW_000505,lok_sabha,recommended,954,sanctioned,950,,exact_multi_field,98.0,HIGH,auto_matched
CW_000109,lok_sabha,recommended,96,sanctioned,96,,exact_multi_field,98.0,HIGH,auto_matched
CW_000501,lok_sabha,recommended,963,sanctioned,944,,exact_multi_field,98.0,HIGH,auto_matched
CW_001067,lok_sabha,recommended,411,sanctioned,403,,exact_multi_field,98.0,HIGH,auto_matched
CW_000507,lok_sabha,recommended,953,sanctioned,918,,exact_multi_field,98.0,HIGH,auto_matched
CW_000508,lok_sabha,recommended,621,sanctioned,611,,exact_multi_field,98.0,HIGH,auto_matched
CW_000529,lok_sabha,recommended,950,sanctioned,940,,exact_multi_field,98.0,HIGH,auto_matched
CW_000634,lok_sabha,recommended,601,sanctioned,603,,exact_multi_field,98.0,HIGH,auto_matched
CW_000507,lok_sabha,recommended,953,sanctioned,948,,exact_multi_field,98.0,HIGH,auto_matched
CW_000582,lok_sabha,recommended,610,sanctioned,597,,exact_multi_field,98.0,HIGH,auto_matched
CW_000533,lok_sabha,recommended,933,sanctioned,940,,exact_multi_field,98.0,HIGH,auto_matched
CW_000506,lok_sabha,recommended,937,sanctioned,912,,exact_multi_field,98.0,HIGH,auto_matched
CW_001068,lok_sabha,recommended,268,sanctioned,265,,exact_multi_field,98.0,HIGH,auto_matched
CW_000466,lok_sabha,recommended,920,sanctioned,936,,exact_multi_field,98.0,HIGH,auto_matched
CW_000692,lok_sabha,recommended,600,sanctioned,601,,exact_multi_field,98.0,HIGH,auto_matched
CW_000482,lok_sabha,recommended,927,sanctioned,915,,exact_multi_field,98.0,HIGH,auto_matched
CW_000024,lok_sabha,recommended,1242,sanctioned,1222,,exact_multi_field,98.0,HIGH,auto_matched
CW_000482,lok_sabha,recommended,927,sanctioned,945,,exact_multi_field,98.0,HIGH,auto_matched
CW_000510,lok_sabha,recommended,936,sanctioned,939,,exact_multi_field,98.0,HIGH,auto_matched
CW_000048,lok_sabha,recommended,1231,sanctioned,1208,,exact_multi_field,98.0,HIGH,auto_matched
CW_000023,lok_sabha,recommended,1248,sanctioned,1238,,exact_multi_field,98.0,HIGH,auto_matched
CW_000205,lok_sabha,recommended,1495,sanctioned,1484,,exact_multi_field,98.0,HIGH,auto_matched
CW_000004,lok_sabha,recommended,1214,sanctioned,1208,,exact_multi_field,98.0,HIGH,auto_matched
CW_000028,lok_sabha,recommended,1247,sanctioned,1206,,exact_multi_field,98.0,HIGH,auto_matched
CW_000023,lok_sabha,recommended,1221,sanctioned,1212,,exact_multi_field,98.0,HIGH,auto_matched
CW_001069,lok_sabha,recommended,124,sanctioned,124,,exact_multi_field,98.0,HIGH,auto_matched
CW_000009,lok_sabha,recommended,1218,sanctioned,1234,,exact_multi_field,98.0,HIGH,auto_matched
CW_000213,lok_sabha,recommended,1015,sanctioned,1005,,exact_multi_field,98.0,HIGH,auto_matched
CW_000331,lok_sabha,recommended,649,sanctioned,639,,exact_multi_field,98.0,HIGH,auto_matched
CW_000267,lok_sabha,recommended,978,sanctioned,968,,exact_multi_field,98.0,HIGH,auto_matched
CW_000126,lok_sabha,recommended,1225,sanctioned,1214,,exact_multi_field,98.0,HIGH,auto_matched
CW_000503,lok_sabha,recommended,957,sanctioned,928,,exact_multi_field,98.0,HIGH,auto_matched
CW_000515,lok_sabha,recommended,960,sanctioned,935,,exact_multi_field,98.0,HIGH,auto_matched
CW_000605,lok_sabha,recommended,608,sanctioned,591,,exact_multi_field,98.0,HIGH,auto_matched
CW_000639,lok_sabha,recommended,625,sanctioned,621,,exact_multi_field,98.0,HIGH,auto_matched
CW_000518,lok_sabha,recommended,611,sanctioned,599,,exact_multi_field,98.0,HIGH,auto_matched
CW_000503,lok_sabha,recommended,957,sanctioned,958,,exact_multi_field,98.0,HIGH,auto_matched
CW_001070,lok_sabha,recommended,745,sanctioned,735,,exact_multi_field,98.0,HIGH,auto_matched
CW_000543,lok_sabha,recommended,961,sanctioned,929,,exact_multi_field,98.0,HIGH,auto_matched
CW_000558,lok_sabha,recommended,964,sanctioned,937,,exact_multi_field,98.0,HIGH,auto_matched
CW_000550,lok_sabha,recommended,598,sanctioned,595,,exact_multi_field,98.0,HIGH,auto_matched
CW_000591,lok_sabha,recommended,607,sanctioned,589,,exact_multi_field,98.0,HIGH,auto_matched
CW_000544,lok_sabha,recommended,944,sanctioned,929,,exact_multi_field,98.0,HIGH,auto_matched
CW_000559,lok_sabha,recommended,947,sanctioned,937,,exact_multi_field,98.0,HIGH,auto_matched
CW_001071,lok_sabha,recommended,1276,sanctioned,1266,,exact_multi_field,98.0,HIGH,auto_matched
CW_000544,lok_sabha,recommended,944,sanctioned,959,,exact_multi_field,98.0,HIGH,auto_matched
CW_000545,lok_sabha,recommended,951,sanctioned,933,,exact_multi_field,98.0,HIGH,auto_matched
CW_000525,lok_sabha,recommended,934,sanctioned,933,,exact_multi_field,98.0,HIGH,auto_matched
CW_000048,lok_sabha,recommended,1246,sanctioned,1232,,exact_multi_field,98.0,HIGH,auto_matched
CW_000519,lok_sabha,recommended,943,sanctioned,927,,exact_multi_field,98.0,HIGH,auto_matched
CW_000444,lok_sabha,recommended,931,sanctioned,955,,exact_multi_field,98.0,HIGH,auto_matched
CW_000445,lok_sabha,recommended,923,sanctioned,919,,exact_multi_field,98.0,HIGH,auto_matched
CW_000045,lok_sabha,recommended,1241,sanctioned,1204,,exact_multi_field,98.0,HIGH,auto_matched
CW_000018,lok_sabha,recommended,1229,sanctioned,1232,,exact_multi_field,98.0,HIGH,auto_matched
CW_001072,lok_sabha,recommended,110,sanctioned,110,,exact_multi_field,98.0,HIGH,auto_matched
CW_000005,lok_sabha,recommended,1238,sanctioned,1226,,exact_multi_field,98.0,HIGH,auto_matched
CW_000087,lok_sabha,recommended,1043,sanctioned,1033,,exact_multi_field,98.0,HIGH,auto_matched
CW_000445,lok_sabha,recommended,923,sanctioned,949,,exact_multi_field,98.0,HIGH,auto_matched
CW_000045,lok_sabha,recommended,1245,sanctioned,1205,,exact_multi_field,98.0,HIGH,auto_matched
CW_000017,lok_sabha,recommended,1233,sanctioned,1234,,exact_multi_field,98.0,HIGH,auto_matched
CW_000028,lok_sabha,recommended,1232,sanctioned,1231,,exact_multi_field,98.0,HIGH,auto_matched
CW_000022,lok_sabha,recommended,1215,sanctioned,1231,,exact_multi_field,98.0,HIGH,auto_matched
CW_000448,lok_sabha,recommended,632,sanctioned,609,,exact_multi_field,98.0,HIGH,auto_matched
CW_000528,lok_sabha,recommended,967,sanctioned,953,,exact_multi_field,98.0,HIGH,auto_matched
CW_001073,lok_sabha,recommended,1304,sanctioned,1294,,exact_multi_field,98.0,HIGH,auto_matched
CW_000449,lok_sabha,recommended,968,sanctioned,917,,exact_multi_field,98.0,HIGH,auto_matched
CW_000451,lok_sabha,recommended,962,sanctioned,931,,exact_multi_field,98.0,HIGH,auto_matched
CW_000505,lok_sabha,recommended,954,sanctioned,925,,exact_multi_field,98.0,HIGH,auto_matched
CW_000664,lok_sabha,recommended,622,sanctioned,618,,exact_multi_field,98.0,HIGH,auto_matched
CW_000092,lok_sabha,recommended,509,sanctioned,508,,exact_multi_field,98.0,HIGH,auto_matched
CW_000520,lok_sabha,recommended,1190,sanctioned,1181,,exact_multi_field,98.0,HIGH,auto_matched
CW_000456,lok_sabha,recommended,958,sanctioned,921,,exact_multi_field,98.0,HIGH,auto_matched
CW_000458,lok_sabha,recommended,626,sanctioned,614,,exact_multi_field,98.0,HIGH,auto_matched
CW_000051,lok_sabha,recommended,824,sanctioned,815,,exact_multi_field,98.0,HIGH,auto_matched
CW_000251,lok_sabha,recommended,1071,sanctioned,1061,,exact_multi_field,98.0,HIGH,auto_matched
CW_000461,lok_sabha,recommended,941,sanctioned,921,,exact_multi_field,98.0,HIGH,auto_matched
CW_000456,lok_sabha,recommended,958,sanctioned,951,,exact_multi_field,98.0,HIGH,auto_matched
CW_001074,lok_sabha,recommended,1400,sanctioned,1390,,exact_multi_field,98.0,HIGH,auto_matched
CW_000529,lok_sabha,recommended,950,sanctioned,915,,exact_multi_field,98.0,HIGH,auto_matched
CW_000459,lok_sabha,recommended,938,sanctioned,943,,exact_multi_field,98.0,HIGH,auto_matched
CW_000530,lok_sabha,recommended,618,sanctioned,608,,exact_multi_field,98.0,HIGH,auto_matched
CW_000460,lok_sabha,recommended,932,sanctioned,957,,exact_multi_field,98.0,HIGH,auto_matched
CW_000464,lok_sabha,recommended,924,sanctioned,921,,exact_multi_field,98.0,HIGH,auto_matched
CW_000461,lok_sabha,recommended,941,sanctioned,951,,exact_multi_field,98.0,HIGH,auto_matched
CW_000533,lok_sabha,recommended,933,sanctioned,915,,exact_multi_field,98.0,HIGH,auto_matched
CW_000462,lok_sabha,recommended,921,sanctioned,943,,exact_multi_field,98.0,HIGH,auto_matched
CW_001075,lok_sabha,recommended,29,sanctioned,29,,exact_multi_field,98.0,HIGH,auto_matched
CW_000463,lok_sabha,recommended,930,sanctioned,937,,exact_multi_field,98.0,HIGH,auto_matched
CW_000464,lok_sabha,recommended,924,sanctioned,951,,exact_multi_field,98.0,HIGH,auto_matched
CW_000466,lok_sabha,recommended,920,sanctioned,911,,exact_multi_field,98.0,HIGH,auto_matched
CW_000842,lok_sabha,recommended,580,sanctioned,568,,exact_multi_field,98.0,HIGH,auto_matched
CW_000466,lok_sabha,recommended,920,sanctioned,941,,exact_multi_field,98.0,HIGH,auto_matched
CW_000009,lok_sabha,recommended,1239,sanctioned,1219,,exact_multi_field,98.0,HIGH,auto_matched
CW_000538,lok_sabha,recommended,890,sanctioned,882,,exact_multi_field,98.0,HIGH,auto_matched
CW_000260,lok_sabha,recommended,650,sanctioned,640,,exact_multi_field,98.0,HIGH,auto_matched
CW_001076,lok_sabha,recommended,889,sanctioned,880,,exact_multi_field,98.0,HIGH,auto_matched
CW_000009,lok_sabha,recommended,1218,sanctioned,1209,,exact_multi_field,98.0,HIGH,auto_matched
CW_000022,lok_sabha,recommended,1206,sanctioned,1237,,exact_multi_field,98.0,HIGH,auto_matched
CW_001077,lok_sabha,recommended,1428,sanctioned,1417,,exact_multi_field,98.0,HIGH,auto_matched
CW_000265,lok_sabha,recommended,646,sanctioned,636,,exact_multi_field,98.0,HIGH,auto_matched
CW_000472,lok_sabha,recommended,965,sanctioned,938,,exact_multi_field,98.0,HIGH,auto_matched
CW_001078,lok_sabha,recommended,57,sanctioned,57,,exact_multi_field,98.0,HIGH,auto_matched
CW_000476,lok_sabha,recommended,945,sanctioned,931,,exact_multi_field,98.0,HIGH,auto_matched
CW_000450,lok_sabha,recommended,619,sanctioned,610,,exact_multi_field,98.0,HIGH,auto_matched
CW_000477,lok_sabha,recommended,948,sanctioned,938,,exact_multi_field,98.0,HIGH,auto_matched
CW_000547,lok_sabha,recommended,599,sanctioned,602,,exact_multi_field,98.0,HIGH,auto_matched
CW_000479,lok_sabha,recommended,928,sanctioned,931,,exact_multi_field,98.0,HIGH,auto_matched
CW_000605,lok_sabha,recommended,608,sanctioned,596,,exact_multi_field,98.0,HIGH,auto_matched
CW_000522,lok_sabha,recommended,940,sanctioned,932,,exact_multi_field,98.0,HIGH,auto_matched
CW_000480,lok_sabha,recommended,612,sanctioned,592,,exact_multi_field,98.0,HIGH,auto_matched
CW_001079,lok_sabha,recommended,266,sanctioned,263,,exact_multi_field,98.0,HIGH,auto_matched
CW_000550,lok_sabha,recommended,598,sanctioned,600,,exact_multi_field,98.0,HIGH,auto_matched
CW_000483,lok_sabha,recommended,939,sanctioned,936,,exact_multi_field,98.0,HIGH,auto_matched
CW_000386,lok_sabha,recommended,678,sanctioned,668,,exact_multi_field,98.0,HIGH,auto_matched
CW_000482,lok_sabha,recommended,927,sanctioned,958,,exact_multi_field,98.0,HIGH,auto_matched
CW_000048,lok_sabha,recommended,1246,sanctioned,1207,,exact_multi_field,98.0,HIGH,auto_matched
CW_000485,lok_sabha,recommended,922,sanctioned,936,,exact_multi_field,98.0,HIGH,auto_matched
CW_000444,lok_sabha,recommended,931,sanctioned,930,,exact_multi_field,98.0,HIGH,auto_matched
CW_000036,lok_sabha,recommended,1243,sanctioned,1229,,exact_multi_field,98.0,HIGH,auto_matched
CW_000254,lok_sabha,recommended,917,sanctioned,908,,exact_multi_field,98.0,HIGH,auto_matched
CW_000018,lok_sabha,recommended,1229,sanctioned,1207,,exact_multi_field,98.0,HIGH,auto_matched
CW_000048,lok_sabha,recommended,1246,sanctioned,1237,,exact_multi_field,98.0,HIGH,auto_matched
CW_001080,lok_sabha,recommended,1456,sanctioned,1445,,exact_multi_field,98.0,HIGH,auto_matched
CW_000018,lok_sabha,recommended,1229,sanctioned,1237,,exact_multi_field,98.0,HIGH,auto_matched
CW_000048,lok_sabha,recommended,1216,sanctioned,1203,,exact_multi_field,98.0,HIGH,auto_matched
CW_000048,lok_sabha,recommended,1216,sanctioned,1233,,exact_multi_field,98.0,HIGH,auto_matched
CW_000401,lok_sabha,recommended,85,sanctioned,85,,exact_multi_field,98.0,HIGH,auto_matched
CW_000183,lok_sabha,recommended,976,sanctioned,966,,exact_multi_field,98.0,HIGH,auto_matched
CW_001081,lok_sabha,recommended,523,sanctioned,514,,exact_multi_field,98.0,HIGH,auto_matched
CW_000119,lok_sabha,recommended,770,sanctioned,760,,exact_multi_field,98.0,HIGH,auto_matched
CW_000454,lok_sabha,recommended,955,sanctioned,926,,exact_multi_field,98.0,HIGH,auto_matched
CW_000491,lok_sabha,recommended,620,sanctioned,612,,exact_multi_field,98.0,HIGH,auto_matched
CW_000558,lok_sabha,recommended,964,sanctioned,920,,exact_multi_field,98.0,HIGH,auto_matched
CW_000323,lok_sabha,recommended,181,sanctioned,181,,exact_multi_field,98.0,HIGH,auto_matched
CW_000713,lok_sabha,recommended,623,sanctioned,620,,exact_multi_field,98.0,HIGH,auto_matched
CW_000010,lok_sabha,recommended,1199,sanctioned,1194,,exact_multi_field,98.0,HIGH,auto_matched
CW_000454,lok_sabha,recommended,955,sanctioned,956,,exact_multi_field,98.0,HIGH,auto_matched
CW_000459,lok_sabha,recommended,938,sanctioned,956,,exact_multi_field,98.0,HIGH,auto_matched
CW_000453,lok_sabha,recommended,959,sanctioned,928,,exact_multi_field,98.0,HIGH,auto_matched
CW_000455,lok_sabha,recommended,942,sanctioned,928,,exact_multi_field,98.0,HIGH,auto_matched
CW_000453,lok_sabha,recommended,959,sanctioned,958,,exact_multi_field,98.0,HIGH,auto_matched
CW_001082,lok_sabha,recommended,387,sanctioned,379,,exact_multi_field,98.0,HIGH,auto_matched
CW_001083,lok_sabha,recommended,1274,sanctioned,1264,,exact_multi_field,98.0,HIGH,auto_matched
CW_000496,lok_sabha,recommended,946,sanctioned,924,,exact_multi_field,98.0,HIGH,auto_matched
CW_000455,lok_sabha,recommended,942,sanctioned,958,,exact_multi_field,98.0,HIGH,auto_matched
CW_000246,lok_sabha,recommended,821,sanctioned,812,,exact_multi_field,98.0,HIGH,auto_matched
CW_001084,lok_sabha,recommended,1484,sanctioned,1473,,exact_multi_field,98.0,HIGH,auto_matched
CW_000497,lok_sabha,recommended,929,sanctioned,924,,exact_multi_field,98.0,HIGH,auto_matched
CW_000459,lok_sabha,recommended,938,sanctioned,918,,exact_multi_field,98.0,HIGH,auto_matched
CW_000460,lok_sabha,recommended,932,sanctioned,932,,exact_multi_field,98.0,HIGH,auto_matched
CW_000497,lok_sabha,recommended,929,sanctioned,954,,exact_multi_field,98.0,HIGH,auto_matched
CW_000462,lok_sabha,recommended,921,sanctioned,918,,exact_multi_field,98.0,HIGH,auto_matched
CW_000040,lok_sabha,recommended,1370,sanctioned,1360,,exact_multi_field,98.0,HIGH,auto_matched
CW_000032,lok_sabha,recommended,1333,sanctioned,1323,,exact_multi_field,98.0,HIGH,auto_matched
CW_000048,lok_sabha,recommended,1231,sanctioned,1232,,exact_multi_field,98.0,HIGH,auto_matched
CW_001085,lok_sabha,recommended,438,sanctioned,431,,exact_multi_field,98.0,HIGH,auto_matched
CW_000063,lok_sabha,recommended,1244,sanctioned,1222,,exact_multi_field,98.0,HIGH,auto_matched
CW_000028,lok_sabha,recommended,1247,sanctioned,1230,,exact_multi_field,98.0,HIGH,auto_matched
CW_000009,lok_sabha,recommended,1230,sanctioned,1230,,exact_multi_field,98.0,HIGH,auto_matched
CW_000392,lok_sabha,recommended,1100,sanctioned,1090,,exact_multi_field,98.0,HIGH,auto_matched
CW_000026,lok_sabha,recommended,513,sanctioned,501,,exact_multi_field,98.0,HIGH,auto_matched
CW_000005,lok_sabha,recommended,1213,sanctioned,1230,,exact_multi_field,98.0,HIGH,auto_matched
CW_000502,lok_sabha,recommended,630,sanctioned,607,,exact_multi_field,98.0,HIGH,auto_matched
CW_000061,lok_sabha,recommended,647,sanctioned,637,,exact_multi_field,98.0,HIGH,auto_matched
CW_000451,lok_sabha,recommended,962,sanctioned,944,,exact_multi_field,98.0,HIGH,auto_matched
CW_000674,lok_sabha,recommended,1302,sanctioned,1292,,exact_multi_field,98.0,HIGH,auto_matched
CW_000563,lok_sabha,recommended,1189,sanctioned,1182,,exact_multi_field,98.0,HIGH,auto_matched
CW_000468,lok_sabha,recommended,966,sanctioned,916,,exact_multi_field,98.0,HIGH,auto_matched
CW_000503,lok_sabha,recommended,957,sanctioned,952,,exact_multi_field,98.0,HIGH,auto_matched
CW_000471,lok_sabha,recommended,949,sanctioned,916,,exact_multi_field,98.0,HIGH,auto_matched
CW_000468,lok_sabha,recommended,966,sanctioned,946,,exact_multi_field,98.0,HIGH,auto_matched
CW_000517,lok_sabha,recommended,969,sanctioned,953,,exact_multi_field,98.0,HIGH,auto_matched
CW_000480,lok_sabha,recommended,612,sanctioned,605,,exact_multi_field,98.0,HIGH,auto_matched
CW_000507,lok_sabha,recommended,953,sanctioned,912,,exact_multi_field,98.0,HIGH,auto_matched
CW_000471,lok_sabha,recommended,949,sanctioned,946,,exact_multi_field,98.0,HIGH,auto_matched
CW_000472,lok_sabha,recommended,965,sanctioned,913,,exact_multi_field,98.0,HIGH,auto_matched
CW_001086,lok_sabha,recommended,54,sanctioned,54,,exact_multi_field,98.0,HIGH,auto_matched
CW_000277,lok_sabha,recommended,1398,sanctioned,1388,,exact_multi_field,98.0,HIGH,auto_matched
CW_000599,lok_sabha,recommended,604,sanctioned,605,,exact_multi_field,98.0,HIGH,auto_matched
CW_000477,lok_sabha,recommended,948,sanctioned,913,,exact_multi_field,98.0,HIGH,auto_matched
CW_000474,lok_sabha,recommended,613,sanctioned,599,,exact_multi_field,98.0,HIGH,auto_matched
CW_000510,lok_sabha,recommended,936,sanctioned,941,,exact_multi_field,98.0,HIGH,auto_matched
CW_001087,lok_sabha,recommended,369,sanctioned,361,,exact_multi_field,98.0,HIGH,auto_matched
CW_000483,lok_sabha,recommended,939,sanctioned,949,,exact_multi_field,98.0,HIGH,auto_matched
CW_001088,lok_sabha,recommended,263,sanctioned,260,,exact_multi_field,98.0,HIGH,auto_matched
CW_000005,lok_sabha,recommended,1238,sanctioned,1220,,exact_multi_field,98.0,HIGH,auto_matched
CW_000161,lok_sabha,recommended,465,sanctioned,457,,exact_multi_field,98.0,HIGH,auto_matched
CW_001089,lok_sabha,recommended,1457,sanctioned,1446,,exact_multi_field,98.0,HIGH,auto_matched
CW_000241,lok_sabha,recommended,675,sanctioned,665,,exact_multi_field,98.0,HIGH,auto_matched
CW_000036,lok_sabha,recommended,1243,sanctioned,1204,,exact_multi_field,98.0,HIGH,auto_matched
CW_001090,lok_sabha,recommended,1019,sanctioned,1009,,exact_multi_field,98.0,HIGH,auto_matched
CW_000004,lok_sabha,recommended,1214,sanctioned,1232,,exact_multi_field,98.0,HIGH,auto_matched
CW_001091,lok_sabha,recommended,771,sanctioned,761,,exact_multi_field,98.0,HIGH,auto_matched
CW_000215,lok_sabha,recommended,82,sanctioned,82,,exact_multi_field,98.0,HIGH,auto_matched
CW_000493,lok_sabha,recommended,956,sanctioned,933,,exact_multi_field,98.0,HIGH,auto_matched
CW_000079,lok_sabha,recommended,973,sanctioned,963,,exact_multi_field,98.0,HIGH,auto_matched
CW_000515,lok_sabha,recommended,960,sanctioned,929,,exact_multi_field,98.0,HIGH,auto_matched
CW_000517,lok_sabha,recommended,969,sanctioned,923,,exact_multi_field,98.0,HIGH,auto_matched
CW_000518,lok_sabha,recommended,611,sanctioned,593,,exact_multi_field,98.0,HIGH,auto_matched
CW_000519,lok_sabha,recommended,943,sanctioned,929,,exact_multi_field,98.0,HIGH,auto_matched
CW_000515,lok_sabha,recommended,960,sanctioned,959,,exact_multi_field,98.0,HIGH,auto_matched
CW_000521,lok_sabha,recommended,952,sanctioned,923,,exact_multi_field,98.0,HIGH,auto_matched
CW_000519,lok_sabha,recommended,943,sanctioned,959,,exact_multi_field,98.0,HIGH,auto_matched
CW_000565,lok_sabha,recommended,935,sanctioned,923,,exact_multi_field,98.0,HIGH,auto_matched
CW_001092,lok_sabha,recommended,1485,sanctioned,1474,,exact_multi_field,98.0,HIGH,auto_matched
CW_000251,lok_sabha,recommended,1069,sanctioned,1059,,exact_multi_field,98.0,HIGH,auto_matched
CW_000575,lok_sabha,recommended,926,sanctioned,959,,exact_multi_field,98.0,HIGH,auto_matched
CW_000559,lok_sabha,recommended,947,sanctioned,931,,exact_multi_field,98.0,HIGH,auto_matched
CW_001093,lok_sabha,recommended,703,sanctioned,693,,exact_multi_field,98.0,HIGH,auto_matched
CW_000463,lok_sabha,recommended,930,sanctioned,931,,exact_multi_field,98.0,HIGH,auto_matched
CW_000494,lok_sabha,recommended,925,sanctioned,927,,exact_multi_field,98.0,HIGH,auto_matched
CW_000045,lok_sabha,recommended,1241,sanctioned,1228,,exact_multi_field,98.0,HIGH,auto_matched
CW_000063,lok_sabha,recommended,1244,sanctioned,1235,,exact_multi_field,98.0,HIGH,auto_matched
CW_000045,lok_sabha,recommended,1245,sanctioned,1229,,exact_multi_field,98.0,HIGH,auto_matched
CW_000391,lok_sabha,recommended,1001,sanctioned,991,,exact_multi_field,98.0,HIGH,auto_matched
CW_000501,lok_sabha,recommended,963,sanctioned,921,,exact_multi_field,98.0,HIGH,auto_matched
CW_000244,lok_sabha,recommended,206,sanctioned,206,,exact_multi_field,98.0,HIGH,auto_matched
CW_000022,lok_sabha,recommended,1215,sanctioned,1225,,exact_multi_field,98.0,HIGH,auto_matched
CW_001094,lok_sabha,recommended,521,sanctioned,512,,exact_multi_field,98.0,HIGH,auto_matched
CW_000501,lok_sabha,recommended,963,sanctioned,951,,exact_multi_field,98.0,HIGH,auto_matched
CW_000020,lok_sabha,recommended,1097,sanctioned,1087,,exact_multi_field,98.0,HIGH,auto_matched
CW_000529,lok_sabha,recommended,950,sanctioned,917,,exact_multi_field,98.0,HIGH,auto_matched
CW_000528,lok_sabha,recommended,967,sanctioned,947,,exact_multi_field,98.0,HIGH,auto_matched
CW_000530,lok_sabha,recommended,618,sanctioned,610,,exact_multi_field,98.0,HIGH,auto_matched
CW_001095,lok_sabha,recommended,865,sanctioned,856,,exact_multi_field,98.0,HIGH,auto_matched
CW_000529,lok_sabha,recommended,950,sanctioned,947,,exact_multi_field,98.0,HIGH,auto_matched
CW_000057,lok_sabha,recommended,517,sanctioned,502,,exact_multi_field,98.0,HIGH,auto_matched
CW_000507,lok_sabha,recommended,953,sanctioned,955,,exact_multi_field,98.0,HIGH,auto_matched
CW_000582,lok_sabha,recommended,610,sanctioned,604,,exact_multi_field,98.0,HIGH,auto_matched
CW_000533,lok_sabha,recommended,933,sanctioned,947,,exact_multi_field,98.0,HIGH,auto_matched
CW_001096,lok_sabha,recommended,1404,sanctioned,1394,,exact_multi_field,98.0,HIGH,auto_matched
CW_000505,lok_sabha,recommended,954,sanctioned,919,,exact_multi_field,98.0,HIGH,auto_matched
CW_000534,lok_sabha,recommended,614,sanctioned,600,,exact_multi_field,98.0,HIGH,auto_matched
CW_000504,lok_sabha,recommended,617,sanctioned,608,,exact_multi_field,98.0,HIGH,auto_matched
CW_000476,lok_sabha,recommended,945,sanctioned,955,,exact_multi_field,98.0,HIGH,auto_matched
CW_000506,lok_sabha,recommended,937,sanctioned,919,,exact_multi_field,98.0,HIGH,auto_matched
CW_000505,lok_sabha,recommended,954,sanctioned,949,,exact_multi_field,98.0,HIGH,auto_matched
CW_000460,lok_sabha,recommended,932,sanctioned,915,,exact_multi_field,98.0,HIGH,auto_matched
CW_000479,lok_sabha,recommended,928,sanctioned,955,,exact_multi_field,98.0,HIGH,auto_matched
CW_000506,lok_sabha,recommended,937,sanctioned,949,,exact_multi_field,98.0,HIGH,auto_matched
CW_001097,lok_sabha,recommended,819,sanctioned,810,,exact_multi_field,98.0,HIGH,auto_matched
CW_000510,lok_sabha,recommended,936,sanctioned,916,,exact_multi_field,98.0,HIGH,auto_matched
CW_000299,lok_sabha,recommended,340,sanctioned,334,,exact_multi_field,98.0,HIGH,auto_matched
CW_000464,lok_sabha,recommended,924,sanctioned,945,,exact_multi_field,98.0,HIGH,auto_matched
CW_000482,lok_sabha,recommended,927,sanctioned,952,,exact_multi_field,98.0,HIGH,auto_matched
CW_000336,lok_sabha,recommended,915,sanctioned,906,,exact_multi_field,98.0,HIGH,auto_matched
CW_001098,lok_sabha,recommended,549,sanctioned,540,,exact_multi_field,98.0,HIGH,auto_matched
CW_001099,lok_sabha,recommended,878,sanctioned,869,,exact_multi_field,98.0,HIGH,auto_matched
CW_000361,lok_sabha,recommended,1125,sanctioned,1115,,exact_multi_field,98.0,HIGH,auto_matched
CW_000024,lok_sabha,recommended,1242,sanctioned,1221,,exact_multi_field,98.0,HIGH,auto_matched
CW_000242,lok_sabha,recommended,672,sanctioned,662,,exact_multi_field,98.0,HIGH,auto_matched
CW_000023,lok_sabha,recommended,1222,sanctioned,1213,,exact_multi_field,98.0,HIGH,auto_matched
CW_000296,lok_sabha,recommended,83,sanctioned,83,,exact_multi_field,98.0,HIGH,auto_matched
CW_000004,lok_sabha,recommended,1214,sanctioned,1207,,exact_multi_field,98.0,HIGH,auto_matched
CW_001100,lok_sabha,recommended,413,sanctioned,405,,exact_multi_field,98.0,HIGH,auto_matched
CW_000558,lok_sabha,recommended,964,sanctioned,914,,exact_multi_field,98.0,HIGH,auto_matched
CW_000217,lok_sabha,recommended,847,sanctioned,838,,exact_multi_field,98.0,HIGH,auto_matched
CW_000543,lok_sabha,recommended,961,sanctioned,936,,exact_multi_field,98.0,HIGH,auto_matched
CW_001101,lok_sabha,recommended,292,sanctioned,289,,exact_multi_field,98.0,HIGH,auto_matched
CW_000558,lok_sabha,recommended,964,sanctioned,944,,exact_multi_field,98.0,HIGH,auto_matched
CW_000591,lok_sabha,recommended,607,sanctioned,596,,exact_multi_field,98.0,HIGH,auto_matched
CW_000544,lok_sabha,recommended,944,sanctioned,936,,exact_multi_field,98.0,HIGH,auto_matched
CW_001102,lok_sabha,recommended,704,sanctioned,694,,exact_multi_field,98.0,HIGH,auto_matched
CW_000545,lok_sabha,recommended,951,sanctioned,940,,exact_multi_field,98.0,HIGH,auto_matched
CW_000515,lok_sabha,recommended,960,sanctioned,934,,exact_multi_field,98.0,HIGH,auto_matched
CW_000518,lok_sabha,recommended,611,sanctioned,598,,exact_multi_field,98.0,HIGH,auto_matched
CW_000522,lok_sabha,recommended,940,sanctioned,926,,exact_multi_field,98.0,HIGH,auto_matched
CW_000525,lok_sabha,recommended,934,sanctioned,940,,exact_multi_field,98.0,HIGH,auto_matched
CW_000519,lok_sabha,recommended,943,sanctioned,934,,exact_multi_field,98.0,HIGH,auto_matched
CW_000593,lok_sabha,recommended,577,sanctioned,568,,exact_multi_field,98.0,HIGH,auto_matched
CW_000445,lok_sabha,recommended,923,sanctioned,926,,exact_multi_field,98.0,HIGH,auto_matched
CW_000522,lok_sabha,recommended,940,sanctioned,956,,exact_multi_field,98.0,HIGH,auto_matched
CW_000205,lok_sabha,recommended,1482,sanctioned,1471,,exact_multi_field,98.0,HIGH,auto_matched
CW_000550,lok_sabha,recommended,598,sanctioned,594,,exact_multi_field,98.0,HIGH,auto_matched
CW_000482,lok_sabha,recommended,927,sanctioned,922,,exact_multi_field,98.0,HIGH,auto_matched
CW_000445,lok_sabha,recommended,923,sanctioned,956,,exact_multi_field,98.0,HIGH,auto_matched
CW_000278,lok_sabha,recommended,463,sanctioned,455,,exact_multi_field,98.0,HIGH,auto_matched
CW_000421,lok_sabha,recommended,111,sanctioned,111,,exact_multi_field,98.0,HIGH,auto_matched
CW_001103,lok_sabha,recommended,1002,sanctioned,992,,exact_multi_field,98.0,HIGH,auto_matched
CW_000747,lok_sabha,recommended,883,sanctioned,872,,exact_multi_field,98.0,HIGH,auto_matched
CW_000023,lok_sabha,recommended,1212,sanctioned,1201,,exact_multi_field,98.0,HIGH,auto_matched
CW_000018,lok_sabha,recommended,1229,sanctioned,1231,,exact_multi_field,98.0,HIGH,auto_matched
CW_001104,lok_sabha,recommended,320,sanctioned,317,,exact_multi_field,98.0,HIGH,auto_matched
CW_000362,lok_sabha,recommended,207,sanctioned,207,,exact_multi_field,98.0,HIGH,auto_matched
CW_000448,lok_sabha,recommended,632,sanctioned,616,,exact_multi_field,98.0,HIGH,auto_matched
CW_000023,lok_sabha,recommended,1211,sanctioned,1198,,exact_multi_field,98.0,HIGH,auto_matched
CW_001105,lok_sabha,recommended,732,sanctioned,722,,exact_multi_field,98.0,HIGH,auto_matched
CW_000449,lok_sabha,recommended,968,sanctioned,924,,exact_multi_field,98.0,HIGH,auto_matched
CW_000449,lok_sabha,recommended,968,sanctioned,954,,exact_multi_field,98.0,HIGH,auto_matched
CW_000456,lok_sabha,recommended,958,sanctioned,928,,exact_multi_field,98.0,HIGH,auto_matched
CW_000458,lok_sabha,recommended,626,sanctioned,621,,exact_multi_field,98.0,HIGH,auto_matched
CW_000528,lok_sabha,recommended,967,sanctioned,922,,exact_multi_field,98.0,HIGH,auto_matched
CW_000454,lok_sabha,recommended,955,sanctioned,950,,exact_multi_field,98.0,HIGH,auto_matched
CW_000559,lok_sabha,recommended,947,sanctioned,914,,exact_multi_field,98.0,HIGH,auto_matched
CW_000461,lok_sabha,recommended,941,sanctioned,928,,exact_multi_field,98.0,HIGH,auto_matched
CW_000456,lok_sabha,recommended,958,sanctioned,958,,exact_multi_field,98.0,HIGH,auto_matched
CW_000529,lok_sabha,recommended,950,sanctioned,922,,exact_multi_field,98.0,HIGH,auto_matched
CW_000182,lok_sabha,recommended,176,sanctioned,176,,exact_multi_field,98.0,HIGH,auto_matched
CW_000459,lok_sabha,recommended,938,sanctioned,950,,exact_multi_field,98.0,HIGH,auto_matched
CW_000530,lok_sabha,recommended,618,sanctioned,615,,exact_multi_field,98.0,HIGH,auto_matched
CW_000463,lok_sabha,recommended,930,sanctioned,914,,exact_multi_field,98.0,HIGH,auto_matched
CW_000559,lok_sabha,recommended,947,sanctioned,944,,exact_multi_field,98.0,HIGH,auto_matched
CW_000461,lok_sabha,recommended,941,sanctioned,958,,exact_multi_field,98.0,HIGH,auto_matched
CW_001106,lok_sabha,recommended,491,sanctioned,483,,exact_multi_field,98.0,HIGH,auto_matched
CW_001107,lok_sabha,recommended,139,sanctioned,139,,exact_multi_field,98.0,HIGH,auto_matched
CW_000462,lok_sabha,recommended,921,sanctioned,950,,exact_multi_field,98.0,HIGH,auto_matched
CW_000455,lok_sabha,recommended,942,sanctioned,922,,exact_multi_field,98.0,HIGH,auto_matched
CW_000463,lok_sabha,recommended,930,sanctioned,944,,exact_multi_field,98.0,HIGH,auto_matched
CW_000464,lok_sabha,recommended,924,sanctioned,958,,exact_multi_field,98.0,HIGH,auto_matched
CW_000330,lok_sabha,recommended,1030,sanctioned,1020,,exact_multi_field,98.0,HIGH,auto_matched
CW_000466,lok_sabha,recommended,920,sanctioned,918,,exact_multi_field,98.0,HIGH,auto_matched
CW_000466,lok_sabha,recommended,920,sanctioned,948,,exact_multi_field,98.0,HIGH,auto_matched
CW_000464,lok_sabha,recommended,924,sanctioned,920,,exact_multi_field,98.0,HIGH,auto_matched
CW_001108,lok_sabha,recommended,550,sanctioned,541,,exact_multi_field,98.0,HIGH,auto_matched
CW_001109,lok_sabha,recommended,797,sanctioned,787,,exact_multi_field,98.0,HIGH,auto_matched
CW_000009,lok_sabha,recommended,1239,sanctioned,1226,,exact_multi_field,98.0,HIGH,auto_matched
CW_000280,lok_sabha,recommended,1126,sanctioned,1116,,exact_multi_field,98.0,HIGH,auto_matched
CW_001110,lok_sabha,recommended,441,sanctioned,433,,exact_multi_field,98.0,HIGH,auto_matched
CW_000155,lok_sabha,recommended,1328,sanctioned,1318,,exact_multi_field,98.0,HIGH,auto_matched
CW_000112,lok_sabha,recommended,204,sanctioned,204,,exact_multi_field,98.0,HIGH,auto_matched
CW_000471,lok_sabha,recommended,949,sanctioned,948,,exact_multi_field,98.0,HIGH,auto_matched
CW_000007,lok_sabha,recommended,516,sanctioned,503,,exact_multi_field,98.0,HIGH,auto_matched
CW_001111,lok_sabha,recommended,848,sanctioned,839,,exact_multi_field,98.0,HIGH,auto_matched
CW_000451,lok_sabha,recommended,962,sanctioned,938,,exact_multi_field,98.0,HIGH,auto_matched
CW_000472,lok_sabha,recommended,965,sanctioned,945,,exact_multi_field,98.0,HIGH,auto_matched
CW_001112,lok_sabha,recommended,1058,sanctioned,1048,,exact_multi_field,98.0,HIGH,auto_matched
CW_000476,lok_sabha,recommended,945,sanctioned,938,,exact_multi_field,98.0,HIGH,auto_matched
CW_000517,lok_sabha,recommended,969,sanctioned,917,,exact_multi_field,98.0,HIGH,auto_matched
CW_000605,lok_sabha,recommended,608,sanctioned,603,,exact_multi_field,98.0,HIGH,auto_matched
CW_000479,lok_sabha,recommended,928,sanctioned,938,,exact_multi_field,98.0,HIGH,auto_matched
CW_000277,lok_sabha,recommended,1402,sanctioned,1392,,exact_multi_field,98.0,HIGH,auto_matched
CW_000521,lok_sabha,recommended,952,sanctioned,917,,exact_multi_field,98.0,HIGH,auto_matched
CW_000517,lok_sabha,recommended,969,sanctioned,947,,exact_multi_field,98.0,HIGH,auto_matched
CW_000543,lok_sabha,recommended,961,sanctioned,911,,exact_multi_field,98.0,HIGH,auto_matched
CW_000480,lok_sabha,recommended,612,sanctioned,599,,exact_multi_field,98.0,HIGH,auto_matched
CW_000521,lok_sabha,recommended,952,sanctioned,947,,exact_multi_field,98.0,HIGH,auto_matched
CW_000544,lok_sabha,recommended,944,sanctioned,911,,exact_multi_field,98.0,HIGH,auto_matched
CW_000395,lok_sabha,recommended,1154,sanctioned,1144,,exact_multi_field,98.0,HIGH,auto_matched
CW_000565,lok_sabha,recommended,935,sanctioned,947,,exact_multi_field,98.0,HIGH,auto_matched
CW_000545,lok_sabha,recommended,951,sanctioned,915,,exact_multi_field,98.0,HIGH,auto_matched
CW_000483,lok_sabha,recommended,939,sanctioned,943,,exact_multi_field,98.0,HIGH,auto_matched
CW_001113,lok_sabha,recommended,701,sanctioned,691,,exact_multi_field,98.0,HIGH,auto_matched
CW_000477,lok_sabha,recommended,948,sanctioned,937,,exact_multi_field,98.0,HIGH,auto_matched
CW_000036,lok_sabha,recommended,1243,sanctioned,1206,,exact_multi_field,98.0,HIGH,auto_matched
CW_000525,lok_sabha,recommended,934,sanctioned,915,,exact_multi_field,98.0,HIGH,auto_matched
CW_000771,lok_sabha,recommended,582,sanctioned,571,,exact_multi_field,98.0,HIGH,auto_matched
CW_000547,lok_sabha,recommended,599,sanctioned,601,,exact_multi_field,98.0,HIGH,auto_matched
CW_000485,lok_sabha,recommended,922,sanctioned,943,,exact_multi_field,98.0,HIGH,auto_matched
CW_000190,lok_sabha,recommended,469,sanctioned,461,,exact_multi_field,98.0,HIGH,auto_matched
CW_000444,lok_sabha,recommended,931,sanctioned,937,,exact_multi_field,98.0,HIGH,auto_matched
CW_000036,lok_sabha,recommended,1243,sanctioned,1236,,exact_multi_field,98.0,HIGH,auto_matched
CW_000549,lok_sabha,recommended,581,sanctioned,568,,exact_multi_field,98.0,HIGH,auto_matched
CW_001114,lok_sabha,recommended,321,sanctioned,318,,exact_multi_field,98.0,HIGH,auto_matched
CW_001115,lok_sabha,recommended,1123,sanctioned,1113,,exact_multi_field,98.0,HIGH,auto_matched
CW_000491,lok_sabha,recommended,620,sanctioned,619,,exact_multi_field,98.0,HIGH,auto_matched
CW_000608,lok_sabha,recommended,615,sanctioned,591,,exact_multi_field,98.0,HIGH,auto_matched
CW_000493,lok_sabha,recommended,956,sanctioned,927,,exact_multi_field,98.0,HIGH,auto_matched
CW_001116,lok_sabha,recommended,729,sanctioned,719,,exact_multi_field,98.0,HIGH,auto_matched
CW_000453,lok_sabha,recommended,959,sanctioned,935,,exact_multi_field,98.0,HIGH,auto_matched
CW_000450,lok_sabha,recommended,619,sanctioned,617,,exact_multi_field,98.0,HIGH,auto_matched
CW_000493,lok_sabha,recommended,956,sanctioned,957,,exact_multi_field,98.0,HIGH,auto_matched
CW_000455,lok_sabha,recommended,942,sanctioned,935,,exact_multi_field,98.0,HIGH,auto_matched
CW_001117,lok_sabha,recommended,1073,sanctioned,1063,,exact_multi_field,98.0,HIGH,auto_matched
CW_000496,lok_sabha,recommended,946,sanctioned,931,,exact_multi_field,98.0,HIGH,auto_matched
CW_000454,lok_sabha,recommended,955,sanctioned,925,,exact_multi_field,98.0,HIGH,auto_matched
CW_000576,lok_sabha,recommended,606,sanctioned,588,,exact_multi_field,98.0,HIGH,auto_matched
CW_000565,lok_sabha,recommended,935,sanctioned,917,,exact_multi_field,98.0,HIGH,auto_matched
CW_000497,lok_sabha,recommended,929,sanctioned,931,,exact_multi_field,98.0,HIGH,auto_matched
CW_000457,lok_sabha,recommended,609,sanctioned,596,,exact_multi_field,98.0,HIGH,auto_matched
CW_000459,lok_sabha,recommended,938,sanctioned,925,,exact_multi_field,98.0,HIGH,auto_matched
CW_000575,lok_sabha,recommended,926,sanctioned,953,,exact_multi_field,98.0,HIGH,auto_matched
CW_000462,lok_sabha,recommended,921,sanctioned,925,,exact_multi_field,98.0,HIGH,auto_matched
CW_000494,lok_sabha,recommended,925,sanctioned,921,,exact_multi_field,98.0,HIGH,auto_matched
CW_001118,lok_sabha,recommended,698,sanctioned,688,,exact_multi_field,98.0,HIGH,auto_matched
CW_000201,lok_sabha,recommended,1027,sanctioned,1017,,exact_multi_field,98.0,HIGH,auto_matched
CW_000028,lok_sabha,recommended,1247,sanctioned,1207,,exact_multi_field,98.0,HIGH,auto_matched
CW_000063,lok_sabha,recommended,1244,sanctioned,1229,,exact_multi_field,98.0,HIGH,auto_matched
CW_000028,lok_sabha,recommended,1247,sanctioned,1237,,exact_multi_field,98.0,HIGH,auto_matched
CW_001119,lok_sabha,recommended,794,sanctioned,784,,exact_multi_field,98.0,HIGH,auto_matched
CW_000009,lok_sabha,recommended,1230,sanctioned,1237,,exact_multi_field,98.0,HIGH,auto_matched
CW_001120,lok_sabha,recommended,757,sanctioned,747,,exact_multi_field,98.0,HIGH,auto_matched
CW_001121,lok_sabha,recommended,525,sanctioned,516,,exact_multi_field,98.0,HIGH,auto_matched
CW_000181,lok_sabha,recommended,168,sanctioned,168,,exact_multi_field,98.0,HIGH,auto_matched
CW_001122,lok_sabha,recommended,1101,sanctioned,1091,,exact_multi_field,98.0,HIGH,auto_matched
CW_000501,lok_sabha,recommended,963,sanctioned,915,,exact_multi_field,98.0,HIGH,auto_matched
CW_000022,lok_sabha,recommended,1206,sanctioned,1219,,exact_multi_field,98.0,HIGH,auto_matched
CW_000468,lok_sabha,recommended,966,sanctioned,923,,exact_multi_field,98.0,HIGH,auto_matched
CW_000501,lok_sabha,recommended,963,sanctioned,945,,exact_multi_field,98.0,HIGH,auto_matched
CW_000503,lok_sabha,recommended,957,sanctioned,959,,exact_multi_field,98.0,HIGH,auto_matched
CW_000471,lok_sabha,recommended,949,sanctioned,923,,exact_multi_field,98.0,HIGH,auto_matched
CW_000468,lok_sabha,recommended,966,sanctioned,953,,exact_multi_field,98.0,HIGH,auto_matched
CW_000507,lok_sabha,recommended,953,sanctioned,919,,exact_multi_field,98.0,HIGH,auto_matched
CW_000026,lok_sabha,recommended,513,sanctioned,500,,exact_multi_field,98.0,HIGH,auto_matched
CW_000508,lok_sabha,recommended,621,sanctioned,612,,exact_multi_field,98.0,HIGH,auto_matched
CW_000471,lok_sabha,recommended,949,sanctioned,953,,exact_multi_field,98.0,HIGH,auto_matched
CW_000451,lok_sabha,recommended,962,sanctioned,913,,exact_multi_field,98.0,HIGH,auto_matched
CW_000472,lok_sabha,recommended,965,sanctioned,920,,exact_multi_field,98.0,HIGH,auto_matched
CW_000604,lok_sabha,recommended,624,sanctioned,620,,exact_multi_field,98.0,HIGH,auto_matched
CW_000507,lok_sabha,recommended,953,sanctioned,949,,exact_multi_field,98.0,HIGH,auto_matched
CW_000582,lok_sabha,recommended,610,sanctioned,598,,exact_multi_field,98.0,HIGH,auto_matched
CW_000476,lok_sabha,recommended,945,sanctioned,913,,exact_multi_field,98.0,HIGH,auto_matched
CW_000533,lok_sabha,recommended,933,sanctioned,941,,exact_multi_field,98.0,HIGH,auto_matched
CW_000479,lok_sabha,recommended,928,sanctioned,913,,exact_multi_field,98.0,HIGH,auto_matched
CW_001123,lok_sabha,recommended,1399,sanctioned,1389,,exact_multi_field,98.0,HIGH,auto_matched
CW_000692,lok_sabha,recommended,600,sanctioned,602,,exact_multi_field,98.0,HIGH,auto_matched
CW_000445,lok_sabha,recommended,923,sanctioned,920,,exact_multi_field,98.0,HIGH,auto_matched
CW_000460,lok_sabha,recommended,932,sanctioned,939,,exact_multi_field,98.0,HIGH,auto_matched
CW_000647,lok_sabha,recommended,575,sanctioned,566,,exact_multi_field,98.0,HIGH,auto_matched
CW_001124,lok_sabha,recommended,1151,sanctioned,1141,,exact_multi_field,98.0,HIGH,auto_matched
CW_000483,lok_sabha,recommended,939,sanctioned,918,,exact_multi_field,98.0,HIGH,auto_matched
CW_000317,lok_sabha,recommended,919,sanctioned,910,,exact_multi_field,98.0,HIGH,auto_matched
CW_000485,lok_sabha,recommended,922,sanctioned,918,,exact_multi_field,98.0,HIGH,auto_matched
CW_000036,lok_sabha,recommended,1237,sanctioned,1225,,exact_multi_field,98.0,HIGH,auto_matched
CW_000004,lok_sabha,recommended,1214,sanctioned,1209,,exact_multi_field,98.0,HIGH,auto_matched
CW_000023,lok_sabha,recommended,1221,sanctioned,1213,,exact_multi_field,98.0,HIGH,auto_matched
CW_000009,lok_sabha,recommended,1230,sanctioned,1207,,exact_multi_field,98.0,HIGH,auto_matched
CW_000005,lok_sabha,recommended,1213,sanctioned,1207,,exact_multi_field,98.0,HIGH,auto_matched
CW_001125,lok_sabha,recommended,873,sanctioned,864,,exact_multi_field,98.0,HIGH,auto_matched
CW_000515,lok_sabha,recommended,960,sanctioned,936,,exact_multi_field,98.0,HIGH,auto_matched
CW_000517,lok_sabha,recommended,969,sanctioned,930,,exact_multi_field,98.0,HIGH,auto_matched
CW_000518,lok_sabha,recommended,611,sanctioned,600,,exact_multi_field,98.0,HIGH,auto_matched
CW_000520,lok_sabha,recommended,1190,sanctioned,1182,,exact_multi_field,98.0,HIGH,auto_matched
CW_000521,lok_sabha,recommended,952,sanctioned,930,,exact_multi_field,98.0,HIGH,auto_matched
CW_000571,lok_sabha,recommended,603,sanctioned,594,,exact_multi_field,98.0,HIGH,auto_matched
CW_000558,lok_sabha,recommended,964,sanctioned,938,,exact_multi_field,98.0,HIGH,auto_matched
CW_000426,lok_sabha,recommended,1179,sanctioned,1169,,exact_multi_field,98.0,HIGH,auto_matched
CW_000591,lok_sabha,recommended,607,sanctioned,590,,exact_multi_field,98.0,HIGH,auto_matched
CW_000559,lok_sabha,recommended,947,sanctioned,938,,exact_multi_field,98.0,HIGH,auto_matched
CW_000493,lok_sabha,recommended,956,sanctioned,932,,exact_multi_field,98.0,HIGH,auto_matched
CW_001126,lok_sabha,recommended,250,sanctioned,247,,exact_multi_field,98.0,HIGH,auto_matched
CW_000463,lok_sabha,recommended,930,sanctioned,938,,exact_multi_field,98.0,HIGH,auto_matched
CW_000496,lok_sabha,recommended,946,sanctioned,936,,exact_multi_field,98.0,HIGH,auto_matched
CW_000045,lok_sabha,recommended,1241,sanctioned,1205,,exact_multi_field,98.0,HIGH,auto_matched
CW_000121,lok_sabha,recommended,467,sanctioned,459,,exact_multi_field,98.0,HIGH,auto_matched
CW_000575,lok_sabha,recommended,926,sanctioned,928,,exact_multi_field,98.0,HIGH,auto_matched
CW_000466,lok_sabha,recommended,920,sanctioned,942,,exact_multi_field,98.0,HIGH,auto_matched
CW_000045,lok_sabha,recommended,1241,sanctioned,1235,,exact_multi_field,98.0,HIGH,auto_matched
CW_000575,lok_sabha,recommended,926,sanctioned,958,,exact_multi_field,98.0,HIGH,auto_matched
CW_000045,lok_sabha,recommended,1245,sanctioned,1206,,exact_multi_field,98.0,HIGH,auto_matched
CW_000045,lok_sabha,recommended,1245,sanctioned,1236,,exact_multi_field,98.0,HIGH,auto_matched
CW_000063,lok_sabha,recommended,1244,sanctioned,1204,,exact_multi_field,98.0,HIGH,auto_matched
CW_000028,lok_sabha,recommended,1232,sanctioned,1232,,exact_multi_field,98.0,HIGH,auto_matched
CW_000022,lok_sabha,recommended,1215,sanctioned,1232,,exact_multi_field,98.0,HIGH,auto_matched
CW_000528,lok_sabha,recommended,967,sanctioned,924,,exact_multi_field,98.0,HIGH,auto_matched
CW_000528,lok_sabha,recommended,967,sanctioned,954,,exact_multi_field,98.0,HIGH,auto_matched
CW_000531,lok_sabha,recommended,627,sanctioned,611,,exact_multi_field,98.0,HIGH,auto_matched
CW_000529,lok_sabha,recommended,950,sanctioned,954,,exact_multi_field,98.0,HIGH,auto_matched
CW_001127,lok_sabha,recommended,165,sanctioned,165,,exact_multi_field,98.0,HIGH,auto_matched
CW_001128,lok_sabha,recommended,727,sanctioned,717,,exact_multi_field,98.0,HIGH,auto_matched
CW_000505,lok_sabha,recommended,954,sanctioned,926,,exact_multi_field,98.0,HIGH,auto_matched
CW_000664,lok_sabha,recommended,622,sanctioned,619,,exact_multi_field,98.0,HIGH,auto_matched
CW_000501,lok_sabha,recommended,963,sanctioned,920,,exact_multi_field,98.0,HIGH,auto_matched
CW_000503,lok_sabha,recommended,957,sanctioned,934,,exact_multi_field,98.0,HIGH,auto_matched
CW_000504,lok_sabha,recommended,617,sanctioned,615,,exact_multi_field,98.0,HIGH,auto_matched
CW_001129,lok_sabha,recommended,495,sanctioned,487,,exact_multi_field,98.0,HIGH,auto_matched
CW_000506,lok_sabha,recommended,937,sanctioned,926,,exact_multi_field,98.0,HIGH,auto_matched
CW_000505,lok_sabha,recommended,954,sanctioned,956,,exact_multi_field,98.0,HIGH,auto_matched
CW_000506,lok_sabha,recommended,937,sanctioned,956,,exact_multi_field,98.0,HIGH,auto_matched
CW_001130,lok_sabha,recommended,371,sanctioned,363,,exact_multi_field,98.0,HIGH,auto_matched
CW_000507,lok_sabha,recommended,953,sanctioned,924,,exact_multi_field,98.0,HIGH,auto_matched
CW_000461,lok_sabha,recommended,941,sanctioned,952,,exact_multi_field,98.0,HIGH,auto_matched
CW_000508,lok_sabha,recommended,621,sanctioned,617,,exact_multi_field,98.0,HIGH,auto_matched
CW_000533,lok_sabha,recommended,933,sanctioned,916,,exact_multi_field,98.0,HIGH,auto_matched
CW_000464,lok_sabha,recommended,924,sanctioned,952,,exact_multi_field,98.0,HIGH,auto_matched
CW_000533,lok_sabha,recommended,933,sanctioned,946,,exact_multi_field,98.0,HIGH,auto_matched
CW_000071,lok_sabha,recommended,134,sanctioned,134,,exact_multi_field,98.0,HIGH,auto_matched
CW_000466,lok_sabha,recommended,920,sanctioned,912,,exact_multi_field,98.0,HIGH,auto_matched
CW_001131,lok_sabha,recommended,449,sanctioned,441,,exact_multi_field,98.0,HIGH,auto_matched
CW_000842,lok_sabha,recommended,580,sanctioned,569,,exact_multi_field,98.0,HIGH,auto_matched
CW_001132,lok_sabha,recommended,238,sanctioned,236,,exact_multi_field,98.0,HIGH,auto_matched
CW_000009,lok_sabha,recommended,1239,sanctioned,1220,,exact_multi_field,98.0,HIGH,auto_matched
CW_000024,lok_sabha,recommended,1242,sanctioned,1228,,exact_multi_field,98.0,HIGH,auto_matched
CW_000345,lok_sabha,recommended,230,sanctioned,230,,exact_multi_field,98.0,HIGH,auto_matched
CW_001076,lok_sabha,recommended,889,sanctioned,881,,exact_multi_field,98.0,HIGH,auto_matched
CW_000026,lok_sabha,recommended,515,sanctioned,503,,exact_multi_field,98.0,HIGH,auto_matched
CW_000470,lok_sabha,recommended,629,sanctioned,607,,exact_multi_field,98.0,HIGH,auto_matched
CW_000543,lok_sabha,recommended,961,sanctioned,943,,exact_multi_field,98.0,HIGH,auto_matched
CW_000123,lok_sabha,recommended,1427,sanctioned,1416,,exact_multi_field,98.0,HIGH,auto_matched
CW_000515,lok_sabha,recommended,960,sanctioned,911,,exact_multi_field,98.0,HIGH,auto_matched
CW_000450,lok_sabha,recommended,619,sanctioned,611,,exact_multi_field,98.0,HIGH,auto_matched
CW_000545,lok_sabha,recommended,951,sanctioned,947,,exact_multi_field,98.0,HIGH,auto_matched
CW_000515,lok_sabha,recommended,960,sanctioned,941,,exact_multi_field,98.0,HIGH,auto_matched
CW_000605,lok_sabha,recommended,608,sanctioned,597,,exact_multi_field,98.0,HIGH,auto_matched
CW_001133,lok_sabha,recommended,1053,sanctioned,1043,,exact_multi_field,98.0,HIGH,auto_matched
CW_000518,lok_sabha,recommended,611,sanctioned,605,,exact_multi_field,98.0,HIGH,auto_matched
CW_000522,lok_sabha,recommended,940,sanctioned,933,,exact_multi_field,98.0,HIGH,auto_matched
CW_000521,lok_sabha,recommended,952,sanctioned,941,,exact_multi_field,98.0,HIGH,auto_matched
CW_000445,lok_sabha,recommended,923,sanctioned,933,,exact_multi_field,98.0,HIGH,auto_matched
CW_000550,lok_sabha,recommended,598,sanctioned,601,,exact_multi_field,98.0,HIGH,auto_matched
CW_000565,lok_sabha,recommended,935,sanctioned,941,,exact_multi_field,98.0,HIGH,auto_matched
CW_000544,lok_sabha,recommended,944,sanctioned,935,,exact_multi_field,98.0,HIGH,auto_matched
CW_000243,lok_sabha,recommended,1149,sanctioned,1139,,exact_multi_field,98.0,HIGH,auto_matched
CW_000048,lok_sabha,recommended,1246,sanctioned,1208,,exact_multi_field,98.0,HIGH,auto_matched
CW_000525,lok_sabha,recommended,934,sanctioned,939,,exact_multi_field,98.0,HIGH,auto_matched
CW_000018,lok_sabha,recommended,1229,sanctioned,1208,,exact_multi_field,98.0,HIGH,auto_matched
CW_000309,lok_sabha,recommended,464,sanctioned,456,,exact_multi_field,98.0,HIGH,auto_matched
CW_000023,lok_sabha,recommended,1212,sanctioned,1238,,exact_multi_field,98.0,HIGH,auto_matched
CW_001134,lok_sabha,recommended,437,sanctioned,430,,exact_multi_field,98.0,HIGH,auto_matched
CW_000048,lok_sabha,recommended,1216,sanctioned,1234,,exact_multi_field,98.0,HIGH,auto_matched
CW_000023,lok_sabha,recommended,1208,sanctioned,1198,,exact_multi_field,98.0,HIGH,auto_matched
CW_001135,lok_sabha,recommended,1455,sanctioned,1444,,exact_multi_field,98.0,HIGH,auto_matched
CW_000449,lok_sabha,recommended,968,sanctioned,931,,exact_multi_field,98.0,HIGH,auto_matched
CW_000028,lok_sabha,recommended,1232,sanctioned,1207,,exact_multi_field,98.0,HIGH,auto_matched
CW_000022,lok_sabha,recommended,1215,sanctioned,1207,,exact_multi_field,98.0,HIGH,auto_matched
CW_000456,lok_sabha,recommended,958,sanctioned,935,,exact_multi_field,98.0,HIGH,auto_matched
CW_000713,lok_sabha,recommended,623,sanctioned,621,,exact_multi_field,98.0,HIGH,auto_matched
CW_000528,lok_sabha,recommended,967,sanctioned,929,,exact_multi_field,98.0,HIGH,auto_matched
CW_000454,lok_sabha,recommended,955,sanctioned,957,,exact_multi_field,98.0,HIGH,auto_matched
CW_000529,lok_sabha,recommended,950,sanctioned,929,,exact_multi_field,98.0,HIGH,auto_matched
CW_000459,lok_sabha,recommended,938,sanctioned,957,,exact_multi_field,98.0,HIGH,auto_matched
CW_000530,lok_sabha,recommended,618,sanctioned,622,,exact_multi_field,98.0,HIGH,auto_matched
CW_000453,lok_sabha,recommended,959,sanctioned,929,,exact_multi_field,98.0,HIGH,auto_matched
CW_001136,lok_sabha,recommended,1177,sanctioned,1167,,exact_multi_field,98.0,HIGH,auto_matched
CW_000609,lok_sabha,recommended,605,sanctioned,588,,exact_multi_field,98.0,HIGH,auto_matched
CW_000455,lok_sabha,recommended,942,sanctioned,929,,exact_multi_field,98.0,HIGH,auto_matched
CW_000455,lok_sabha,recommended,942,sanctioned,959,,exact_multi_field,98.0,HIGH,auto_matched
CW_000466,lok_sabha,recommended,920,sanctioned,925,,exact_multi_field,98.0,HIGH,auto_matched
CW_001137,lok_sabha,recommended,492,sanctioned,484,,exact_multi_field,98.0,HIGH,auto_matched
CW_000460,lok_sabha,recommended,932,sanctioned,933,,exact_multi_field,98.0,HIGH,auto_matched
CW_000466,lok_sabha,recommended,920,sanctioned,955,,exact_multi_field,98.0,HIGH,auto_matched
CW_000461,lok_sabha,recommended,941,sanctioned,927,,exact_multi_field,98.0,HIGH,auto_matched
CW_001138,lok_sabha,recommended,1273,sanctioned,1263,,exact_multi_field,98.0,HIGH,auto_matched
CW_000462,lok_sabha,recommended,921,sanctioned,919,,exact_multi_field,98.0,HIGH,auto_matched
CW_000464,lok_sabha,recommended,924,sanctioned,927,,exact_multi_field,98.0,HIGH,auto_matched
CW_000028,lok_sabha,recommended,1236,sanctioned,1225,,exact_multi_field,98.0,HIGH,auto_matched
CW_001139,lok_sabha,recommended,551,sanctioned,542,,exact_multi_field,98.0,HIGH,auto_matched
CW_001140,lok_sabha,recommended,307,sanctioned,304,,exact_multi_field,98.0,HIGH,auto_matched
CW_001141,lok_sabha,recommended,798,sanctioned,788,,exact_multi_field,98.0,HIGH,auto_matched
CW_000034,lok_sabha,recommended,1235,sanctioned,1223,,exact_multi_field,98.0,HIGH,auto_matched
CW_000028,lok_sabha,recommended,1247,sanctioned,1231,,exact_multi_field,98.0,HIGH,auto_matched
CW_000009,lok_sabha,recommended,1218,sanctioned,1223,,exact_multi_field,98.0,HIGH,auto_matched
CW_001142,lok_sabha,recommended,1003,sanctioned,993,,exact_multi_field,98.0,HIGH,auto_matched
CW_000009,lok_sabha,recommended,1230,sanctioned,1231,,exact_multi_field,98.0,HIGH,auto_matched
CW_000005,lok_sabha,recommended,1213,sanctioned,1231,,exact_multi_field,98.0,HIGH,auto_matched
CW_000068,lok_sabha,recommended,1205,sanctioned,1195,,exact_multi_field,98.0,HIGH,auto_matched
CW_000503,lok_sabha,recommended,957,sanctioned,917,,exact_multi_field,98.0,HIGH,auto_matched
CW_000639,lok_sabha,recommended,625,sanctioned,610,,exact_multi_field,98.0,HIGH,auto_matched
CW_000468,lok_sabha,recommended,966,sanctioned,917,,exact_multi_field,98.0,HIGH,auto_matched
CW_000517,lok_sabha,recommended,969,sanctioned,924,,exact_multi_field,98.0,HIGH,auto_matched
CW_001143,lok_sabha,recommended,163,sanctioned,163,,exact_multi_field,98.0,HIGH,auto_matched
CW_000471,lok_sabha,recommended,949,sanctioned,917,,exact_multi_field,98.0,HIGH,auto_matched
CW_000517,lok_sabha,recommended,969,sanctioned,954,,exact_multi_field,98.0,HIGH,auto_matched
CW_000543,lok_sabha,recommended,961,sanctioned,918,,exact_multi_field,98.0,HIGH,auto_matched
CW_001144,lok_sabha,recommended,1301,sanctioned,1291,,exact_multi_field,98.0,HIGH,auto_matched
CW_000471,lok_sabha,recommended,949,sanctioned,947,,exact_multi_field,98.0,HIGH,auto_matched
CW_000472,lok_sabha,recommended,965,sanctioned,914,,exact_multi_field,98.0,HIGH,auto_matched
CW_000521,lok_sabha,recommended,952,sanctioned,954,,exact_multi_field,98.0,HIGH,auto_matched
CW_000477,lok_sabha,recommended,948,sanctioned,914,,exact_multi_field,98.0,HIGH,auto_matched
CW_000472,lok_sabha,recommended,965,sanctioned,944,,exact_multi_field,98.0,HIGH,auto_matched
CW_000545,lok_sabha,recommended,951,sanctioned,922,,exact_multi_field,98.0,HIGH,auto_matched
CW_000483,lok_sabha,recommended,939,sanctioned,950,,exact_multi_field,98.0,HIGH,auto_matched
CW_000444,lok_sabha,recommended,931,sanctioned,914,,exact_multi_field,98.0,HIGH,auto_matched
CW_000477,lok_sabha,recommended,948,sanctioned,944,,exact_multi_field,98.0,HIGH,auto_matched
CW_001145,lok_sabha,recommended,1155,sanctioned,1145,,exact_multi_field,98.0,HIGH,auto_matched
CW_000444,lok_sabha,recommended,931,sanctioned,944,,exact_multi_field,98.0,HIGH,auto_matched
CW_000481,lok_sabha,recommended,578,sanctioned,568,,exact_multi_field,98.0,HIGH,auto_matched
CW_000017,lok_sabha,recommended,1233,sanctioned,1223,,exact_multi_field,98.0,HIGH,auto_matched
CW_000036,lok_sabha,recommended,1237,sanctioned,1219,,exact_multi_field,98.0,HIGH,auto_matched
CW_001146,lok_sabha,recommended,191,sanctioned,191,,exact_multi_field,98.0,HIGH,auto_matched
CW_000218,lok_sabha,recommended,1329,sanctioned,1319,,exact_multi_field,98.0,HIGH,auto_matched
CW_000048,lok_sabha,recommended,1216,sanctioned,1209,,exact_multi_field,98.0,HIGH,auto_matched
CW_001147,lok_sabha,recommended,434,sanctioned,427,,exact_multi_field,98.0,HIGH,auto_matched
CW_000250,lok_sabha,recommended,397,sanctioned,389,,exact_multi_field,98.0,HIGH,auto_matched
CW_000493,lok_sabha,recommended,956,sanctioned,934,,exact_multi_field,98.0,HIGH,auto_matched
CW_000453,lok_sabha,recommended,959,sanctioned,942,,exact_multi_field,98.0,HIGH,auto_matched
CW_000427,lok_sabha,recommended,849,sanctioned,840,,exact_multi_field,98.0,HIGH,auto_matched
CW_000521,lok_sabha,recommended,952,sanctioned,924,,exact_multi_field,98.0,HIGH,auto_matched
CW_000496,lok_sabha,recommended,946,sanctioned,938,,exact_multi_field,98.0,HIGH,auto_matched
CW_000454,lok_sabha,recommended,955,sanctioned,932,,exact_multi_field,98.0,HIGH,auto_matched
CW_000571,lok_sabha,recommended,603,sanctioned,588,,exact_multi_field,98.0,HIGH,auto_matched
CW_000576,lok_sabha,recommended,606,sanctioned,595,,exact_multi_field,98.0,HIGH,auto_matched
CW_001148,lok_sabha,recommended,493,sanctioned,485,,exact_multi_field,98.0,HIGH,auto_matched
CW_000565,lok_sabha,recommended,935,sanctioned,924,,exact_multi_field,98.0,HIGH,auto_matched
CW_000459,lok_sabha,recommended,938,sanctioned,932,,exact_multi_field,98.0,HIGH,auto_matched
CW_000565,lok_sabha,recommended,935,sanctioned,954,,exact_multi_field,98.0,HIGH,auto_matched
CW_000462,lok_sabha,recommended,921,sanctioned,932,,exact_multi_field,98.0,HIGH,auto_matched
CW_000494,lok_sabha,recommended,925,sanctioned,928,,exact_multi_field,98.0,HIGH,auto_matched
CW_000525,lok_sabha,recommended,934,sanctioned,922,,exact_multi_field,98.0,HIGH,auto_matched
CW_000494,lok_sabha,recommended,925,sanctioned,958,,exact_multi_field,98.0,HIGH,auto_matched
CW_000063,lok_sabha,recommended,1244,sanctioned,1206,,exact_multi_field,98.0,HIGH,auto_matched
CW_001149,lok_sabha,recommended,799,sanctioned,790,,exact_multi_field,98.0,HIGH,auto_matched
CW_000063,lok_sabha,recommended,1244,sanctioned,1236,,exact_multi_field,98.0,HIGH,auto_matched
CW_000022,lok_sabha,recommended,1240,sanctioned,1196,,exact_multi_field,98.0,HIGH,auto_matched
CW_000022,lok_sabha,recommended,1240,sanctioned,1226,,exact_multi_field,98.0,HIGH,auto_matched
CW_000022,lok_sabha,recommended,1206,sanctioned,1196,,exact_multi_field,98.0,HIGH,auto_matched
CW_001150,lok_sabha,recommended,1453,sanctioned,1442,,exact_multi_field,98.0,HIGH,auto_matched
CW_000501,lok_sabha,recommended,963,sanctioned,922,,exact_multi_field,98.0,HIGH,auto_matched
CW_000022,lok_sabha,recommended,1206,sanctioned,1226,,exact_multi_field,98.0,HIGH,auto_matched
CW_000468,lok_sabha,recommended,966,sanctioned,930,,exact_multi_field,98.0,HIGH,auto_matched
CW_000501,lok_sabha,recommended,963,sanctioned,952,,exact_multi_field,98.0,HIGH,auto_matched
CW_000023,lok_sabha,recommended,1210,sanctioned,1198,,exact_multi_field,98.0,HIGH,auto_matched
CW_000507,lok_sabha,recommended,953,sanctioned,926,,exact_multi_field,98.0,HIGH,auto_matched
CW_000026,lok_sabha,recommended,513,sanctioned,507,,exact_multi_field,98.0,HIGH,auto_matched
CW_000508,lok_sabha,recommended,621,sanctioned,619,,exact_multi_field,98.0,HIGH,auto_matched
CW_000451,lok_sabha,recommended,962,sanctioned,920,,exact_multi_field,98.0,HIGH,auto_matched
CW_000502,lok_sabha,recommended,630,sanctioned,613,,exact_multi_field,98.0,HIGH,auto_matched
CW_000057,lok_sabha,recommended,517,sanctioned,503,,exact_multi_field,98.0,HIGH,auto_matched
CW_000507,lok_sabha,recommended,953,sanctioned,956,,exact_multi_field,98.0,HIGH,auto_matched
CW_000582,lok_sabha,recommended,610,sanctioned,605,,exact_multi_field,98.0,HIGH,auto_matched
CW_000476,lok_sabha,recommended,945,sanctioned,920,,exact_multi_field,98.0,HIGH,auto_matched
CW_000533,lok_sabha,recommended,933,sanctioned,948,,exact_multi_field,98.0,HIGH,auto_matched
CW_000504,lok_sabha,recommended,617,sanctioned,609,,exact_multi_field,98.0,HIGH,auto_matched
CW_000522,lok_sabha,recommended,940,sanctioned,927,,exact_multi_field,98.0,HIGH,auto_matched
CW_000460,lok_sabha,recommended,932,sanctioned,916,,exact_multi_field,98.0,HIGH,auto_matched
CW_000471,lok_sabha,recommended,949,sanctioned,922,,exact_multi_field,98.0,HIGH,auto_matched
CW_000457,lok_sabha,recommended,609,sanctioned,603,,exact_multi_field,98.0,HIGH,auto_matched
CW_000506,lok_sabha,recommended,937,sanctioned,950,,exact_multi_field,98.0,HIGH,auto_matched
CW_000522,lok_sabha,recommended,940,sanctioned,957,,exact_multi_field,98.0,HIGH,auto_matched
CW_000460,lok_sabha,recommended,932,sanctioned,946,,exact_multi_field,98.0,HIGH,auto_matched
CW_000510,lok_sabha,recommended,936,sanctioned,917,,exact_multi_field,98.0,HIGH,auto_matched
CW_000483,lok_sabha,recommended,939,sanctioned,925,,exact_multi_field,98.0,HIGH,auto_matched
CW_000510,lok_sabha,recommended,936,sanctioned,947,,exact_multi_field,98.0,HIGH,auto_matched
CW_000308,lok_sabha,recommended,1481,sanctioned,1470,,exact_multi_field,98.0,HIGH,auto_matched
CW_000195,lok_sabha,recommended,781,sanctioned,771,,exact_multi_field,98.0,HIGH,auto_matched
CW_000188,lok_sabha,recommended,339,sanctioned,333,,exact_multi_field,98.0,HIGH,auto_matched
CW_000005,lok_sabha,recommended,1238,sanctioned,1196,,exact_multi_field,98.0,HIGH,auto_matched
CW_000118,lok_sabha,recommended,1330,sanctioned,1320,,exact_multi_field,98.0,HIGH,auto_matched
CW_001151,lok_sabha,recommended,548,sanctioned,539,,exact_multi_field,98.0,HIGH,auto_matched
CW_000050,lok_sabha,recommended,511,sanctioned,501,,exact_multi_field,98.0,HIGH,auto_matched
CW_000625,lok_sabha,recommended,628,sanctioned,607,,exact_multi_field,98.0,HIGH,auto_matched
CW_001152,lok_sabha,recommended,1431,sanctioned,1420,,exact_multi_field,98.0,HIGH,auto_matched
CW_000558,lok_sabha,recommended,964,sanctioned,945,,exact_multi_field,98.0,HIGH,auto_matched
CW_000591,lok_sabha,recommended,607,sanctioned,597,,exact_multi_field,98.0,HIGH,auto_matched
CW_000559,lok_sabha,recommended,947,sanctioned,945,,exact_multi_field,98.0,HIGH,auto_matched
CW_000088,lok_sabha,recommended,514,sanctioned,500,,exact_multi_field,98.0,HIGH,auto_matched
CW_000493,lok_sabha,recommended,956,sanctioned,939,,exact_multi_field,98.0,HIGH,auto_matched
CW_000496,lok_sabha,recommended,946,sanctioned,913,,exact_multi_field,98.0,HIGH,auto_matched
CW_000519,lok_sabha,recommended,943,sanctioned,935,,exact_multi_field,98.0,HIGH,auto_matched
CW_000593,lok_sabha,recommended,577,sanctioned,569,,exact_multi_field,98.0,HIGH,auto_matched
CW_000445,lok_sabha,recommended,923,sanctioned,927,,exact_multi_field,98.0,HIGH,auto_matched
CW_001153,lok_sabha,recommended,1153,sanctioned,1143,,exact_multi_field,98.0,HIGH,auto_matched
CW_000575,lok_sabha,recommended,926,sanctioned,935,,exact_multi_field,98.0,HIGH,auto_matched
CW_000445,lok_sabha,recommended,923,sanctioned,957,,exact_multi_field,98.0,HIGH,auto_matched
CW_000066,lok_sabha,recommended,14,sanctioned,14,,exact_multi_field,98.0,HIGH,auto_matched
CW_000280,lok_sabha,recommended,1358,sanctioned,1348,,exact_multi_field,98.0,HIGH,auto_matched
CW_000630,lok_sabha,recommended,576,sanctioned,566,,exact_multi_field,98.0,HIGH,auto_matched
CW_000485,lok_sabha,recommended,922,sanctioned,925,,exact_multi_field,98.0,HIGH,auto_matched
CW_001154,lok_sabha,recommended,1249,sanctioned,1239,,exact_multi_field,98.0,HIGH,auto_matched
CW_000258,lok_sabha,recommended,1459,sanctioned,1448,,exact_multi_field,98.0,HIGH,auto_matched
CW_000864,lok_sabha,recommended,882,sanctioned,871,,exact_multi_field,98.0,HIGH,auto_matched
CW_000023,lok_sabha,recommended,1211,sanctioned,1199,,exact_multi_field,98.0,HIGH,auto_matched
CW_000380,lok_sabha,recommended,1203,sanctioned,1193,,exact_multi_field,98.0,HIGH,auto_matched
CW_000449,lok_sabha,recommended,968,sanctioned,955,,exact_multi_field,98.0,HIGH,auto_matched
CW_000505,lok_sabha,recommended,954,sanctioned,933,,exact_multi_field,98.0,HIGH,auto_matched
CW_000501,lok_sabha,recommended,963,sanctioned,927,,exact_multi_field,98.0,HIGH,auto_matched
CW_000157,lok_sabha,recommended,1181,sanctioned,1171,,exact_multi_field,98.0,HIGH,auto_matched
CW_000528,lok_sabha,recommended,967,sanctioned,923,,exact_multi_field,98.0,HIGH,auto_matched
CW_001155,lok_sabha,recommended,79,sanctioned,79,,exact_multi_field,98.0,HIGH,auto_matched
CW_000658,lok_sabha,recommended,1283,sanctioned,1292,,exact_multi_field,98.0,HIGH,auto_matched
CW_000456,lok_sabha,recommended,958,sanctioned,959,,exact_multi_field,98.0,HIGH,auto_matched
CW_000529,lok_sabha,recommended,950,sanctioned,923,,exact_multi_field,98.0,HIGH,auto_matched
CW_000530,lok_sabha,recommended,618,sanctioned,616,,exact_multi_field,98.0,HIGH,auto_matched
CW_000464,lok_sabha,recommended,924,sanctioned,929,,exact_multi_field,98.0,HIGH,auto_matched
CW_000461,lok_sabha,recommended,941,sanctioned,959,,exact_multi_field,98.0,HIGH,auto_matched
CW_000533,lok_sabha,recommended,933,sanctioned,923,,exact_multi_field,98.0,HIGH,auto_matched
CW_000529,lok_sabha,recommended,950,sanctioned,953,,exact_multi_field,98.0,HIGH,auto_matched
CW_000463,lok_sabha,recommended,930,sanctioned,945,,exact_multi_field,98.0,HIGH,auto_matched
CW_000464,lok_sabha,recommended,924,sanctioned,959,,exact_multi_field,98.0,HIGH,auto_matched
CW_000533,lok_sabha,recommended,933,sanctioned,953,,exact_multi_field,98.0,HIGH,auto_matched
CW_001156,lok_sabha,recommended,1277,sanctioned,1267,,exact_multi_field,98.0,HIGH,auto_matched
CW_000466,lok_sabha,recommended,920,sanctioned,919,,exact_multi_field,98.0,HIGH,auto_matched
CW_000506,lok_sabha,recommended,937,sanctioned,925,,exact_multi_field,98.0,HIGH,auto_matched
CW_000466,lok_sabha,recommended,920,sanctioned,949,,exact_multi_field,98.0,HIGH,auto_matched
CW_001157,lok_sabha,recommended,700,sanctioned,690,,exact_multi_field,98.0,HIGH,auto_matched
CW_000376,lok_sabha,recommended,1029,sanctioned,1019,,exact_multi_field,98.0,HIGH,auto_matched
CW_000482,lok_sabha,recommended,927,sanctioned,928,,exact_multi_field,98.0,HIGH,auto_matched
CW_000009,lok_sabha,recommended,1239,sanctioned,1227,,exact_multi_field,98.0,HIGH,auto_matched
CW_000024,lok_sabha,recommended,1242,sanctioned,1235,,exact_multi_field,98.0,HIGH,auto_matched
CW_000048,lok_sabha,recommended,1231,sanctioned,1221,,exact_multi_field,98.0,HIGH,auto_matched
CW_000004,lok_sabha,recommended,1214,sanctioned,1221,,exact_multi_field,98.0,HIGH,auto_matched
CW_000270,lok_sabha,recommended,998,sanctioned,988,,exact_multi_field,98.0,HIGH,auto_matched
CW_000470,lok_sabha,recommended,629,sanctioned,614,,exact_multi_field,98.0,HIGH,auto_matched
CW_000139,lok_sabha,recommended,1327,sanctioned,1317,,exact_multi_field,98.0,HIGH,auto_matched
CW_000007,lok_sabha,recommended,516,sanctioned,504,,exact_multi_field,98.0,HIGH,auto_matched
CW_000005,lok_sabha,recommended,1213,sanctioned,1225,,exact_multi_field,98.0,HIGH,auto_matched
CW_000503,lok_sabha,recommended,957,sanctioned,911,,exact_multi_field,98.0,HIGH,auto_matched
CW_001158,lok_sabha,recommended,1305,sanctioned,1295,,exact_multi_field,98.0,HIGH,auto_matched
CW_000450,lok_sabha,recommended,619,sanctioned,618,,exact_multi_field,98.0,HIGH,auto_matched
CW_000625,lok_sabha,recommended,628,sanctioned,612,,exact_multi_field,98.0,HIGH,auto_matched
CW_000026,lok_sabha,recommended,515,sanctioned,502,,exact_multi_field,98.0,HIGH,auto_matched
CW_000503,lok_sabha,recommended,957,sanctioned,941,,exact_multi_field,98.0,HIGH,auto_matched
CW_000515,lok_sabha,recommended,960,sanctioned,948,,exact_multi_field,98.0,HIGH,auto_matched
CW_000605,lok_sabha,recommended,608,sanctioned,604,,exact_multi_field,98.0,HIGH,auto_matched
CW_000517,lok_sabha,recommended,969,sanctioned,948,,exact_multi_field,98.0,HIGH,auto_matched
CW_000522,lok_sabha,recommended,940,sanctioned,940,,exact_multi_field,98.0,HIGH,auto_matched
CW_000543,lok_sabha,recommended,961,sanctioned,912,,exact_multi_field,98.0,HIGH,auto_matched
CW_000480,lok_sabha,recommended,612,sanctioned,600,,exact_multi_field,98.0,HIGH,auto_matched
CW_001159,lok_sabha,recommended,728,sanctioned,718,,exact_multi_field,98.0,HIGH,auto_matched
CW_000132,lok_sabha,recommended,1170,sanctioned,1157,,exact_multi_field,98.0,HIGH,auto_matched
CW_000521,lok_sabha,recommended,952,sanctioned,948,,exact_multi_field,98.0,HIGH,auto_matched
CW_000544,lok_sabha,recommended,944,sanctioned,912,,exact_multi_field,98.0,HIGH,auto_matched
CW_000543,lok_sabha,recommended,961,sanctioned,942,,exact_multi_field,98.0,HIGH,auto_matched
CW_000348,lok_sabha,recommended,825,sanctioned,816,,exact_multi_field,98.0,HIGH,auto_matched
CW_000599,lok_sabha,recommended,604,sanctioned,594,,exact_multi_field,98.0,HIGH,auto_matched
CW_000559,lok_sabha,recommended,947,sanctioned,920,,exact_multi_field,98.0,HIGH,auto_matched
CW_000565,lok_sabha,recommended,935,sanctioned,948,,exact_multi_field,98.0,HIGH,auto_matched
CW_001160,lok_sabha,recommended,1401,sanctioned,1391,,exact_multi_field,98.0,HIGH,auto_matched
CW_000544,lok_sabha,recommended,944,sanctioned,942,,exact_multi_field,98.0,HIGH,auto_matched
CW_000545,lok_sabha,recommended,951,sanctioned,916,,exact_multi_field,98.0,HIGH,auto_matched
CW_000251,lok_sabha,recommended,1259,sanctioned,1249,,exact_multi_field,98.0,HIGH,auto_matched
CW_000525,lok_sabha,recommended,934,sanctioned,916,,exact_multi_field,98.0,HIGH,auto_matched
CW_000545,lok_sabha,recommended,951,sanctioned,946,,exact_multi_field,98.0,HIGH,auto_matched
CW_000771,lok_sabha,recommended,582,sanctioned,572,,exact_multi_field,98.0,HIGH,auto_matched
CW_000444,lok_sabha,recommended,931,sanctioned,938,,exact_multi_field,98.0,HIGH,auto_matched
CW_000494,lok_sabha,recommended,925,sanctioned,952,,exact_multi_field,98.0,HIGH,auto_matched
CW_000525,lok_sabha,recommended,934,sanctioned,946,,exact_multi_field,98.0,HIGH,auto_matched
CW_000005,lok_sabha,recommended,1238,sanctioned,1209,,exact_multi_field,98.0,HIGH,auto_matched
CW_000549,lok_sabha,recommended,581,sanctioned,569,,exact_multi_field,98.0,HIGH,auto_matched
CW_000224,lok_sabha,recommended,337,sanctioned,331,,exact_multi_field,98.0,HIGH,auto_matched
CW_000047,lok_sabha,recommended,1355,sanctioned,1345,,exact_multi_field,98.0,HIGH,auto_matched
CW_000022,lok_sabha,recommended,1240,sanctioned,1220,,exact_multi_field,98.0,HIGH,auto_matched
CW_001161,lok_sabha,recommended,875,sanctioned,866,,exact_multi_field,98.0,HIGH,auto_matched
CW_000528,lok_sabha,recommended,967,sanctioned,936,,exact_multi_field,98.0,HIGH,auto_matched
CW_000021,lok_sabha,recommended,853,sanctioned,844,,exact_multi_field,98.0,HIGH,auto_matched
CW_000608,lok_sabha,recommended,615,sanctioned,592,,exact_multi_field,98.0,HIGH,auto_matched
CW_000448,lok_sabha,recommended,632,sanctioned,622,,exact_multi_field,98.0,HIGH,auto_matched
CW_000451,lok_sabha,recommended,962,sanctioned,914,,exact_multi_field,98.0,HIGH,auto_matched
CW_000453,lok_sabha,recommended,959,sanctioned,936,,exact_multi_field,98.0,HIGH,auto_matched
CW_000449,lok_sabha,recommended,968,sanctioned,930,,exact_multi_field,98.0,HIGH,auto_matched
CW_000534,lok_sabha,recommended,614,sanctioned,589,,exact_multi_field,98.0,HIGH,auto_matched
CW_000455,lok_sabha,recommended,942,sanctioned,936,,exact_multi_field,98.0,HIGH,auto_matched
CW_000476,lok_sabha,recommended,945,sanctioned,944,,exact_multi_field,98.0,HIGH,auto_matched
CW_000456,lok_sabha,recommended,958,sanctioned,934,,exact_multi_field,98.0,HIGH,auto_matched
CW_000457,lok_sabha,recommended,609,sanctioned,597,,exact_multi_field,98.0,HIGH,auto_matched
CW_000012,lok_sabha,recommended,807,sanctioned,798,,exact_multi_field,98.0,HIGH,auto_matched
CW_000459,lok_sabha,recommended,938,sanctioned,926,,exact_multi_field,98.0,HIGH,auto_matched
CW_001162,lok_sabha,recommended,252,sanctioned,249,,exact_multi_field,98.0,HIGH,auto_matched
CW_000460,lok_sabha,recommended,932,sanctioned,940,,exact_multi_field,98.0,HIGH,auto_matched
CW_000461,lok_sabha,recommended,941,sanctioned,934,,exact_multi_field,98.0,HIGH,auto_matched
CW_001163,lok_sabha,recommended,1383,sanctioned,1373,,exact_multi_field,98.0,HIGH,auto_matched
CW_000462,lok_sabha,recommended,921,sanctioned,926,,exact_multi_field,98.0,HIGH,auto_matched
CW_000464,lok_sabha,recommended,924,sanctioned,934,,exact_multi_field,98.0,HIGH,auto_matched
CW_000462,lok_sabha,recommended,921,sanctioned,956,,exact_multi_field,98.0,HIGH,auto_matched
CW_001164,lok_sabha,recommended,12,sanctioned,12,,exact_multi_field,98.0,HIGH,auto_matched
CW_000368,lok_sabha,recommended,903,sanctioned,894,,exact_multi_field,98.0,HIGH,auto_matched
CW_000028,lok_sabha,recommended,1247,sanctioned,1208,,exact_multi_field,98.0,HIGH,auto_matched
CW_001165,lok_sabha,recommended,1442,sanctioned,1431,,exact_multi_field,98.0,HIGH,auto_matched
CW_000009,lok_sabha,recommended,1230,sanctioned,1208,,exact_multi_field,98.0,HIGH,auto_matched
CW_000028,lok_sabha,recommended,1236,sanctioned,1224,,exact_multi_field,98.0,HIGH,auto_matched
CW_000023,lok_sabha,recommended,1222,sanctioned,1202,,exact_multi_field,98.0,HIGH,auto_matched
CW_000024,lok_sabha,recommended,1219,sanctioned,1224,,exact_multi_field,98.0,HIGH,auto_matched
CW_001166,lok_sabha,recommended,1004,sanctioned,994,,exact_multi_field,98.0,HIGH,auto_matched
CW_000023,lok_sabha,recommended,1209,sanctioned,1198,,exact_multi_field,98.0,HIGH,auto_matched
CW_000022,lok_sabha,recommended,1206,sanctioned,1220,,exact_multi_field,98.0,HIGH,auto_matched
CW_000468,lok_sabha,recommended,966,sanctioned,924,,exact_multi_field,98.0,HIGH,auto_matched
CW_001167,lok_sabha,recommended,524,sanctioned,515,,exact_multi_field,98.0,HIGH,auto_matched
CW_000471,lok_sabha,recommended,949,sanctioned,924,,exact_multi_field,98.0,HIGH,auto_matched
CW_000468,lok_sabha,recommended,966,sanctioned,954,,exact_multi_field,98.0,HIGH,auto_matched
CW_000471,lok_sabha,recommended,949,sanctioned,954,,exact_multi_field,98.0,HIGH,auto_matched
CW_000472,lok_sabha,recommended,965,sanctioned,921,,exact_multi_field,98.0,HIGH,auto_matched
CW_000604,lok_sabha,recommended,624,sanctioned,621,,exact_multi_field,98.0,HIGH,auto_matched
CW_000476,lok_sabha,recommended,945,sanctioned,914,,exact_multi_field,98.0,HIGH,auto_matched
CW_000477,lok_sabha,recommended,948,sanctioned,921,,exact_multi_field,98.0,HIGH,auto_matched
CW_000472,lok_sabha,recommended,965,sanctioned,951,,exact_multi_field,98.0,HIGH,auto_matched
CW_000479,lok_sabha,recommended,928,sanctioned,914,,exact_multi_field,98.0,HIGH,auto_matched
CW_001168,lok_sabha,recommended,373,sanctioned,365,,exact_multi_field,98.0,HIGH,auto_matched
CW_000477,lok_sabha,recommended,948,sanctioned,951,,exact_multi_field,98.0,HIGH,auto_matched
CW_000479,lok_sabha,recommended,928,sanctioned,944,,exact_multi_field,98.0,HIGH,auto_matched
CW_000482,lok_sabha,recommended,927,sanctioned,911,,exact_multi_field,98.0,HIGH,auto_matched
CW_000647,lok_sabha,recommended,575,sanctioned,567,,exact_multi_field,98.0,HIGH,auto_matched
CW_000273,lok_sabha,recommended,822,sanctioned,813,,exact_multi_field,98.0,HIGH,auto_matched
CW_000179,lok_sabha,recommended,136,sanctioned,136,,exact_multi_field,98.0,HIGH,auto_matched
CW_000445,lok_sabha,recommended,923,sanctioned,951,,exact_multi_field,98.0,HIGH,auto_matched
CW_000483,lok_sabha,recommended,939,sanctioned,919,,exact_multi_field,98.0,HIGH,auto_matched
CW_000036,lok_sabha,recommended,1237,sanctioned,1196,,exact_multi_field,98.0,HIGH,auto_matched
CW_000485,lok_sabha,recommended,922,sanctioned,919,,exact_multi_field,98.0,HIGH,auto_matched
CW_000444,lok_sabha,recommended,931,sanctioned,913,,exact_multi_field,98.0,HIGH,auto_matched
CW_000036,lok_sabha,recommended,1237,sanctioned,1226,,exact_multi_field,98.0,HIGH,auto_matched
CW_000485,lok_sabha,recommended,922,sanctioned,949,,exact_multi_field,98.0,HIGH,auto_matched
CW_001169,lok_sabha,recommended,552,sanctioned,543,,exact_multi_field,98.0,HIGH,auto_matched
CW_000005,lok_sabha,recommended,1213,sanctioned,1208,,exact_multi_field,98.0,HIGH,auto_matched
CW_001170,lok_sabha,recommended,1288,sanctioned,1278,,exact_multi_field,98.0,HIGH,auto_matched
CW_000454,lok_sabha,recommended,955,sanctioned,939,,exact_multi_field,98.0,HIGH,auto_matched
CW_000571,lok_sabha,recommended,603,sanctioned,595,,exact_multi_field,98.0,HIGH,auto_matched
CW_001171,lok_sabha,recommended,850,sanctioned,841,,exact_multi_field,98.0,HIGH,auto_matched
CW_001172,lok_sabha,recommended,164,sanctioned,164,,exact_multi_field,98.0,HIGH,auto_matched
CW_000453,lok_sabha,recommended,959,sanctioned,911,,exact_multi_field,98.0,HIGH,auto_matched
CW_001173,lok_sabha,recommended,1055,sanctioned,1045,,exact_multi_field,98.0,HIGH,auto_matched
CW_000455,lok_sabha,recommended,942,sanctioned,911,,exact_multi_field,98.0,HIGH,auto_matched
CW_000453,lok_sabha,recommended,959,sanctioned,941,,exact_multi_field,98.0,HIGH,auto_matched
CW_000619,lok_sabha,recommended,602,sanctioned,592,,exact_multi_field,98.0,HIGH,auto_matched
CW_000494,lok_sabha,recommended,925,sanctioned,935,,exact_multi_field,98.0,HIGH,auto_matched
CW_001174,lok_sabha,recommended,370,sanctioned,362,,exact_multi_field,98.0,HIGH,auto_matched
CW_000496,lok_sabha,recommended,946,sanctioned,937,,exact_multi_field,98.0,HIGH,auto_matched
CW_000842,lok_sabha,recommended,580,sanctioned,570,,exact_multi_field,98.0,HIGH,auto_matched
CW_000576,lok_sabha,recommended,606,sanctioned,594,,exact_multi_field,98.0,HIGH,auto_matched
CW_000466,lok_sabha,recommended,920,sanctioned,943,,exact_multi_field,98.0,HIGH,auto_matched
CW_000575,lok_sabha,recommended,926,sanctioned,929,,exact_multi_field,98.0,HIGH,auto_matched
CW_001175,lok_sabha,recommended,249,sanctioned,246,,exact_multi_field,98.0,HIGH,auto_matched
CW_000497,lok_sabha,recommended,929,sanctioned,937,,exact_multi_field,98.0,HIGH,auto_matched
CW_000045,lok_sabha,recommended,1241,sanctioned,1236,,exact_multi_field,98.0,HIGH,auto_matched
CW_000022,lok_sabha,recommended,1240,sanctioned,1203,,exact_multi_field,98.0,HIGH,auto_matched
CW_000017,lok_sabha,recommended,1233,sanctioned,1230,,exact_multi_field,98.0,HIGH,auto_matched
CW_000536,lok_sabha,recommended,579,sanctioned,568,,exact_multi_field,98.0,HIGH,auto_matched
CW_000066,lok_sabha,recommended,9,sanctioned,9,,exact_multi_field,98.0,HIGH,auto_matched
CW_000030,lok_sabha,recommended,1353,sanctioned,1343,,exact_multi_field,98.0,HIGH,auto_matched
CW_000045,lok_sabha,recommended,1245,sanctioned,1237,,exact_multi_field,98.0,HIGH,auto_matched
CW_000022,lok_sabha,recommended,1240,sanctioned,1233,,exact_multi_field,98.0,HIGH,auto_matched
CW_000085,lok_sabha,recommended,676,sanctioned,666,,exact_multi_field,98.0,HIGH,auto_matched
CW_000063,lok_sabha,recommended,1244,sanctioned,1205,,exact_multi_field,98.0,HIGH,auto_matched
CW_001176,lok_sabha,recommended,421,sanctioned,414,,exact_multi_field,98.0,HIGH,auto_matched
CW_001177,lok_sabha,recommended,1439,sanctioned,1428,,exact_multi_field,98.0,HIGH,auto_matched
CW_000380,lok_sabha,recommended,1207,sanctioned,1197,,exact_multi_field,98.0,HIGH,auto_matched
CW_000501,lok_sabha,recommended,963,sanctioned,959,,exact_multi_field,98.0,HIGH,auto_matched
CW_001178,lok_sabha,recommended,105,sanctioned,105,,exact_multi_field,98.0,HIGH,auto_matched
CW_001179,lok_sabha,recommended,68,sanctioned,68,,exact_multi_field,98.0,HIGH,auto_matched
CW_000531,lok_sabha,recommended,627,sanctioned,612,,exact_multi_field,98.0,HIGH,auto_matched
CW_000451,lok_sabha,recommended,962,sanctioned,927,,exact_multi_field,98.0,HIGH,auto_matched
CW_000502,lok_sabha,recommended,630,sanctioned,620,,exact_multi_field,98.0,HIGH,auto_matched
CW_000038,lok_sabha,recommended,398,sanctioned,390,,exact_multi_field,98.0,HIGH,auto_matched
CW_000503,lok_sabha,recommended,957,sanctioned,935,,exact_multi_field,98.0,HIGH,auto_matched
CW_001180,lok_sabha,recommended,1303,sanctioned,1293,,exact_multi_field,98.0,HIGH,auto_matched
CW_000504,lok_sabha,recommended,617,sanctioned,616,,exact_multi_field,98.0,HIGH,auto_matched
CW_000468,lok_sabha,recommended,966,sanctioned,929,,exact_multi_field,98.0,HIGH,auto_matched
CW_000458,lok_sabha,recommended,626,sanctioned,610,,exact_multi_field,98.0,HIGH,auto_matched
CW_000505,lok_sabha,recommended,954,sanctioned,957,,exact_multi_field,98.0,HIGH,auto_matched
CW_000363,lok_sabha,recommended,277,sanctioned,274,,exact_multi_field,98.0,HIGH,auto_matched
CW_000506,lok_sabha,recommended,937,sanctioned,957,,exact_multi_field,98.0,HIGH,auto_matched
CW_001181,lok_sabha,recommended,726,sanctioned,716,,exact_multi_field,98.0,HIGH,auto_matched
CW_000507,lok_sabha,recommended,953,sanctioned,925,,exact_multi_field,98.0,HIGH,auto_matched
CW_000599,lok_sabha,recommended,604,sanctioned,588,,exact_multi_field,98.0,HIGH,auto_matched
CW_000508,lok_sabha,recommended,621,sanctioned,618,,exact_multi_field,98.0,HIGH,auto_matched
CW_000533,lok_sabha,recommended,933,sanctioned,917,,exact_multi_field,98.0,HIGH,auto_matched
CW_000510,lok_sabha,recommended,936,sanctioned,924,,exact_multi_field,98.0,HIGH,auto_matched
CW_000072,lok_sabha,recommended,823,sanctioned,814,,exact_multi_field,98.0,HIGH,auto_matched
CW_000510,lok_sabha,recommended,936,sanctioned,954,,exact_multi_field,98.0,HIGH,auto_matched
CW_000005,lok_sabha,recommended,1238,sanctioned,1203,,exact_multi_field,98.0,HIGH,auto_matched
CW_000005,lok_sabha,recommended,1238,sanctioned,1233,,exact_multi_field,98.0,HIGH,auto_matched
CW_000024,lok_sabha,recommended,1242,sanctioned,1229,,exact_multi_field,98.0,HIGH,auto_matched
CW_000323,lok_sabha,recommended,658,sanctioned,648,,exact_multi_field,98.0,HIGH,auto_matched
CW_000022,lok_sabha,recommended,1234,sanctioned,1223,,exact_multi_field,98.0,HIGH,auto_matched
CW_001076,lok_sabha,recommended,889,sanctioned,882,,exact_multi_field,98.0,HIGH,auto_matched
CW_000028,lok_sabha,recommended,1217,sanctioned,1223,,exact_multi_field,98.0,HIGH,auto_matched
CW_000160,lok_sabha,recommended,1331,sanctioned,1321,,exact_multi_field,98.0,HIGH,auto_matched
CW_000018,lok_sabha,recommended,1204,sanctioned,1189,,exact_multi_field,98.0,HIGH,auto_matched
CW_001182,lok_sabha,recommended,754,sanctioned,744,,exact_multi_field,98.0,HIGH,auto_matched
CW_001183,lok_sabha,recommended,522,sanctioned,513,,exact_multi_field,98.0,HIGH,auto_matched
CW_000558,lok_sabha,recommended,964,sanctioned,952,,exact_multi_field,98.0,HIGH,auto_matched
CW_001184,lok_sabha,recommended,851,sanctioned,842,,exact_multi_field,98.0,HIGH,auto_matched
CW_000493,lok_sabha,recommended,956,sanctioned,916,,exact_multi_field,98.0,HIGH,auto_matched
CW_000515,lok_sabha,recommended,960,sanctioned,912,,exact_multi_field,98.0,HIGH,auto_matched
CW_000050,lok_sabha,recommended,511,sanctioned,500,,exact_multi_field,98.0,HIGH,auto_matched
CW_000088,lok_sabha,recommended,514,sanctioned,507,,exact_multi_field,98.0,HIGH,auto_matched
CW_000452,lok_sabha,recommended,631,sanctioned,613,,exact_multi_field,98.0,HIGH,auto_matched
CW_000519,lok_sabha,recommended,943,sanctioned,912,,exact_multi_field,98.0,HIGH,auto_matched
CW_000515,lok_sabha,recommended,960,sanctioned,942,,exact_multi_field,98.0,HIGH,auto_matched
CW_000605,lok_sabha,recommended,608,sanctioned,598,,exact_multi_field,98.0,HIGH,auto_matched
CW_000522,lok_sabha,recommended,940,sanctioned,934,,exact_multi_field,98.0,HIGH,auto_matched
CW_000525,lok_sabha,recommended,934,sanctioned,948,,exact_multi_field,98.0,HIGH,auto_matched
CW_000519,lok_sabha,recommended,943,sanctioned,942,,exact_multi_field,98.0,HIGH,auto_matched
CW_000445,lok_sabha,recommended,923,sanctioned,934,,exact_multi_field,98.0,HIGH,auto_matched
CW_000575,lok_sabha,recommended,926,sanctioned,942,,exact_multi_field,98.0,HIGH,auto_matched
CW_000550,lok_sabha,recommended,598,sanctioned,602,,exact_multi_field,98.0,HIGH,auto_matched
CW_000483,lok_sabha,recommended,939,sanctioned,932,,exact_multi_field,98.0,HIGH,auto_matched
CW_001185,lok_sabha,recommended,686,sanctioned,676,,exact_multi_field,98.0,HIGH,auto_matched
CW_000485,lok_sabha,recommended,922,sanctioned,932,,exact_multi_field,98.0,HIGH,auto_matched
CW_001186,lok_sabha,recommended,367,sanctioned,359,,exact_multi_field,98.0,HIGH,auto_matched
CW_000252,lok_sabha,recommended,1359,sanctioned,1349,,exact_multi_field,98.0,HIGH,auto_matched
CW_000340,lok_sabha,recommended,782,sanctioned,772,,exact_multi_field,98.0,HIGH,auto_matched
CW_001187,lok_sabha,recommended,879,sanctioned,870,,exact_multi_field,98.0,HIGH,auto_matched
CW_001188,lok_sabha,recommended,193,sanctioned,193,,exact_multi_field,98.0,HIGH,auto_matched
CW_000028,lok_sabha,recommended,1232,sanctioned,1208,,exact_multi_field,98.0,HIGH,auto_matched
CW_000022,lok_sabha,recommended,1215,sanctioned,1208,,exact_multi_field,98.0,HIGH,auto_matched
CW_000501,lok_sabha,recommended,963,sanctioned,934,,exact_multi_field,98.0,HIGH,auto_matched
CW_000528,lok_sabha,recommended,967,sanctioned,930,,exact_multi_field,98.0,HIGH,auto_matched
CW_000529,lok_sabha,recommended,950,sanctioned,930,,exact_multi_field,98.0,HIGH,auto_matched
CW_000230,lok_sabha,recommended,1409,sanctioned,1399,,exact_multi_field,98.0,HIGH,auto_matched
CW_000533,lok_sabha,recommended,933,sanctioned,930,,exact_multi_field,98.0,HIGH,auto_matched
CW_001189,lok_sabha,recommended,395,sanctioned,387,,exact_multi_field,98.0,HIGH,auto_matched
CW_001190,lok_sabha,recommended,38,sanctioned,38,,exact_multi_field,98.0,HIGH,auto_matched
CW_000505,lok_sabha,recommended,954,sanctioned,932,,exact_multi_field,98.0,HIGH,auto_matched
CW_000466,lok_sabha,recommended,920,sanctioned,926,,exact_multi_field,98.0,HIGH,auto_matched
CW_000692,lok_sabha,recommended,600,sanctioned,591,,exact_multi_field,98.0,HIGH,auto_matched
CW_000506,lok_sabha,recommended,937,sanctioned,932,,exact_multi_field,98.0,HIGH,auto_matched
CW_000466,lok_sabha,recommended,920,sanctioned,956,,exact_multi_field,98.0,HIGH,auto_matched
CW_000023,lok_sabha,recommended,1248,sanctioned,1198,,exact_multi_field,98.0,HIGH,auto_matched
CW_000408,lok_sabha,recommended,907,sanctioned,898,,exact_multi_field,98.0,HIGH,auto_matched
CW_000464,lok_sabha,recommended,924,sanctioned,928,,exact_multi_field,98.0,HIGH,auto_matched
CW_001191,lok_sabha,recommended,247,sanctioned,244,,exact_multi_field,98.0,HIGH,auto_matched
CW_000482,lok_sabha,recommended,927,sanctioned,935,,exact_multi_field,98.0,HIGH,auto_matched
CW_001192,lok_sabha,recommended,1483,sanctioned,1472,,exact_multi_field,98.0,HIGH,auto_matched
CW_000009,lok_sabha,recommended,1239,sanctioned,1234,,exact_multi_field,98.0,HIGH,auto_matched
CW_000048,lok_sabha,recommended,1231,sanctioned,1228,,exact_multi_field,98.0,HIGH,auto_matched
CW_000034,lok_sabha,recommended,1235,sanctioned,1224,,exact_multi_field,98.0,HIGH,auto_matched
CW_000009,lok_sabha,recommended,1218,sanctioned,1224,,exact_multi_field,98.0,HIGH,auto_matched
CW_000009,lok_sabha,recommended,1239,sanctioned,1196,,exact_multi_field,98.0,HIGH,auto_matched
CW_000024,lok_sabha,recommended,1242,sanctioned,1204,,exact_multi_field,98.0,HIGH,auto_matched
CW_000009,lok_sabha,recommended,1230,sanctioned,1232,,exact_multi_field,98.0,HIGH,auto_matched
CW_001193,lok_sabha,recommended,1437,sanctioned,1426,,exact_multi_field,98.0,HIGH,auto_matched
CW_000005,lok_sabha,recommended,1213,sanctioned,1232,,exact_multi_field,98.0,HIGH,auto_matched
CW_001194,lok_sabha,recommended,66,sanctioned,66,,exact_multi_field,98.0,HIGH,auto_matched
CW_000503,lok_sabha,recommended,957,sanctioned,918,,exact_multi_field,98.0,HIGH,auto_matched
CW_000639,lok_sabha,recommended,625,sanctioned,611,,exact_multi_field,98.0,HIGH,auto_matched
CW_000625,lok_sabha,recommended,628,sanctioned,619,,exact_multi_field,98.0,HIGH,auto_matched
CW_000503,lok_sabha,recommended,957,sanctioned,948,,exact_multi_field,98.0,HIGH,auto_matched
CW_000517,lok_sabha,recommended,969,sanctioned,955,,exact_multi_field,98.0,HIGH,auto_matched
CW_000543,lok_sabha,recommended,961,sanctioned,919,,exact_multi_field,98.0,HIGH,auto_matched
CW_000558,lok_sabha,recommended,964,sanctioned,927,,exact_multi_field,98.0,HIGH,auto_matched
CW_000470,lok_sabha,recommended,629,sanctioned,613,,exact_multi_field,98.0,HIGH,auto_matched
CW_000521,lok_sabha,recommended,952,sanctioned,955,,exact_multi_field,98.0,HIGH,auto_matched
CW_000544,lok_sabha,recommended,944,sanctioned,919,,exact_multi_field,98.0,HIGH,auto_matched
CW_000543,lok_sabha,recommended,961,sanctioned,949,,exact_multi_field,98.0,HIGH,auto_matched
CW_001195,lok_sabha,recommended,275,sanctioned,272,,exact_multi_field,98.0,HIGH,auto_matched
CW_001196,lok_sabha,recommended,162,sanctioned,162,,exact_multi_field,98.0,HIGH,auto_matched
CW_000477,lok_sabha,recommended,948,sanctioned,915,,exact_multi_field,98.0,HIGH,auto_matched
CW_000544,lok_sabha,recommended,944,sanctioned,949,,exact_multi_field,98.0,HIGH,auto_matched
CW_000545,lok_sabha,recommended,951,sanctioned,923,,exact_multi_field,98.0,HIGH,auto_matched
CW_000444,lok_sabha,recommended,931,sanctioned,915,,exact_multi_field,98.0,HIGH,auto_matched
CW_000477,lok_sabha,recommended,948,sanctioned,945,,exact_multi_field,98.0,HIGH,auto_matched
CW_000525,lok_sabha,recommended,934,sanctioned,923,,exact_multi_field,98.0,HIGH,auto_matched
CW_000545,lok_sabha,recommended,951,sanctioned,953,,exact_multi_field,98.0,HIGH,auto_matched
CW_000048,lok_sabha,recommended,1246,sanctioned,1222,,exact_multi_field,98.0,HIGH,auto_matched
CW_000444,lok_sabha,recommended,931,sanctioned,945,,exact_multi_field,98.0,HIGH,auto_matched
CW_001197,lok_sabha,recommended,368,sanctioned,360,,exact_multi_field,98.0,HIGH,auto_matched
CW_000481,lok_sabha,recommended,578,sanctioned,569,,exact_multi_field,98.0,HIGH,auto_matched
CW_000017,lok_sabha,recommended,1233,sanctioned,1224,,exact_multi_field,98.0,HIGH,auto_matched
CW_000036,lok_sabha,recommended,1237,sanctioned,1220,,exact_multi_field,98.0,HIGH,auto_matched
CW_000137,lok_sabha,recommended,338,sanctioned,332,,exact_multi_field,98.0,HIGH,auto_matched
CW_000022,lok_sabha,recommended,1240,sanctioned,1227,,exact_multi_field,98.0,HIGH,auto_matched
CW_000134,lok_sabha,recommended,94,sanctioned,94,,exact_multi_field,98.0,HIGH,auto_matched
CW_000028,lok_sabha,recommended,1232,sanctioned,1221,,exact_multi_field,98.0,HIGH,auto_matched
CW_001198,lok_sabha,recommended,547,sanctioned,538,,exact_multi_field,98.0,HIGH,auto_matched
CW_001199,lok_sabha,recommended,303,sanctioned,300,,exact_multi_field,98.0,HIGH,auto_matched
CW_001200,lok_sabha,recommended,876,sanctioned,867,,exact_multi_field,98.0,HIGH,auto_matched
CW_001201,lok_sabha,recommended,190,sanctioned,190,,exact_multi_field,98.0,HIGH,auto_matched
CW_000608,lok_sabha,recommended,615,sanctioned,599,,exact_multi_field,98.0,HIGH,auto_matched
CW_001202,lok_sabha,recommended,1081,sanctioned,1071,,exact_multi_field,98.0,HIGH,auto_matched
CW_000453,lok_sabha,recommended,959,sanctioned,943,,exact_multi_field,98.0,HIGH,auto_matched
CW_000449,lok_sabha,recommended,968,sanctioned,937,,exact_multi_field,98.0,HIGH,auto_matched
CW_000456,lok_sabha,recommended,958,sanctioned,911,,exact_multi_field,98.0,HIGH,auto_matched
CW_001203,lok_sabha,recommended,396,sanctioned,388,,exact_multi_field,98.0,HIGH,auto_matched
CW_000454,lok_sabha,recommended,955,sanctioned,933,,exact_multi_field,98.0,HIGH,auto_matched
CW_000576,lok_sabha,recommended,606,sanctioned,596,,exact_multi_field,98.0,HIGH,auto_matched
CW_000461,lok_sabha,recommended,941,sanctioned,911,,exact_multi_field,98.0,HIGH,auto_matched
CW_000456,lok_sabha,recommended,958,sanctioned,941,,exact_multi_field,98.0,HIGH,auto_matched
CW_000457,lok_sabha,recommended,609,sanctioned,604,,exact_multi_field,98.0,HIGH,auto_matched
CW_000459,lok_sabha,recommended,938,sanctioned,933,,exact_multi_field,98.0,HIGH,auto_matched
CW_000559,lok_sabha,recommended,947,sanctioned,927,,exact_multi_field,98.0,HIGH,auto_matched
CW_000461,lok_sabha,recommended,941,sanctioned,941,,exact_multi_field,98.0,HIGH,auto_matched
CW_000565,lok_sabha,recommended,935,sanctioned,955,,exact_multi_field,98.0,HIGH,auto_matched
CW_001204,lok_sabha,recommended,159,sanctioned,159,,exact_multi_field,98.0,HIGH,auto_matched
CW_000462,lok_sabha,recommended,921,sanctioned,933,,exact_multi_field,98.0,HIGH,auto_matched
CW_000609,lok_sabha,recommended,605,sanctioned,594,,exact_multi_field,98.0,HIGH,auto_matched
CW_001205,lok_sabha,recommended,253,sanctioned,250,,exact_multi_field,98.0,HIGH,auto_matched
CW_000494,lok_sabha,recommended,925,sanctioned,959,,exact_multi_field,98.0,HIGH,auto_matched
CW_001206,lok_sabha,recommended,702,sanctioned,692,,exact_multi_field,98.0,HIGH,auto_matched
CW_000210,lok_sabha,recommended,1357,sanctioned,1347,,exact_multi_field,98.0,HIGH,auto_matched
CW_000009,lok_sabha,recommended,1239,sanctioned,1209,,exact_multi_field,98.0,HIGH,auto_matched
CW_000052,lok_sabha,recommended,904,sanctioned,895,,exact_multi_field,98.0,HIGH,auto_matched
CW_000322,lok_sabha,recommended,218,sanctioned,218,,exact_multi_field,98.0,HIGH,auto_matched
CW_000028,lok_sabha,recommended,1236,sanctioned,1231,,exact_multi_field,98.0,HIGH,auto_matched
CW_001207,lok_sabha,recommended,1109,sanctioned,1099,,exact_multi_field,98.0,HIGH,auto_matched
CW_000024,lok_sabha,recommended,1219,sanctioned,1231,,exact_multi_field,98.0,HIGH,auto_matched
CW_001208,lok_sabha,recommended,109,sanctioned,109,,exact_multi_field,98.0,HIGH,auto_matched
CW_000022,lok_sabha,recommended,1206,sanctioned,1227,,exact_multi_field,98.0,HIGH,auto_matched
CW_000468,lok_sabha,recommended,966,sanctioned,931,,exact_multi_field,98.0,HIGH,auto_matched
CW_000023,lok_sabha,recommended,1210,sanctioned,1199,,exact_multi_field,98.0,HIGH,auto_matched
CW_000026,lok_sabha,recommended,513,sanctioned,508,,exact_multi_field,98.0,HIGH,auto_matched
CW_000451,lok_sabha,recommended,962,sanctioned,921,,exact_multi_field,98.0,HIGH,auto_matched
CW_001209,lok_sabha,recommended,318,sanctioned,315,,exact_multi_field,98.0,HIGH,auto_matched
CW_000472,lok_sabha,recommended,965,sanctioned,928,,exact_multi_field,98.0,HIGH,auto_matched
CW_000502,lok_sabha,recommended,630,sanctioned,614,,exact_multi_field,98.0,HIGH,auto_matched
CW_000507,lok_sabha,recommended,953,sanctioned,957,,exact_multi_field,98.0,HIGH,auto_matched
CW_001210,lok_sabha,recommended,281,sanctioned,278,,exact_multi_field,98.0,HIGH,auto_matched
CW_000430,lok_sabha,recommended,1183,sanctioned,1173,,exact_multi_field,98.0,HIGH,auto_matched
CW_000476,lok_sabha,recommended,945,sanctioned,921,,exact_multi_field,98.0,HIGH,auto_matched
CW_000451,lok_sabha,recommended,962,sanctioned,951,,exact_multi_field,98.0,HIGH,auto_matched
CW_001211,lok_sabha,recommended,63,sanctioned,63,,exact_multi_field,98.0,HIGH,auto_matched
CW_000472,lok_sabha,recommended,965,sanctioned,958,,exact_multi_field,98.0,HIGH,auto_matched
CW_001212,lok_sabha,recommended,1407,sanctioned,1397,,exact_multi_field,98.0,HIGH,auto_matched
CW_000664,lok_sabha,recommended,622,sanctioned,608,,exact_multi_field,98.0,HIGH,auto_matched
CW_001213,lok_sabha,recommended,730,sanctioned,720,,exact_multi_field,98.0,HIGH,auto_matched
CW_000479,lok_sabha,recommended,928,sanctioned,921,,exact_multi_field,98.0,HIGH,auto_matched
CW_000476,lok_sabha,recommended,945,sanctioned,951,,exact_multi_field,98.0,HIGH,auto_matched
CW_001214,lok_sabha,recommended,393,sanctioned,385,,exact_multi_field,98.0,HIGH,auto_matched
CW_000479,lok_sabha,recommended,928,sanctioned,951,,exact_multi_field,98.0,HIGH,auto_matched
CW_000565,lok_sabha,recommended,935,sanctioned,930,,exact_multi_field,98.0,HIGH,auto_matched
CW_000445,lok_sabha,recommended,923,sanctioned,958,,exact_multi_field,98.0,HIGH,auto_matched
CW_000483,lok_sabha,recommended,939,sanctioned,926,,exact_multi_field,98.0,HIGH,auto_matched
CW_000138,lok_sabha,recommended,1137,sanctioned,1127,,exact_multi_field,98.0,HIGH,auto_matched
CW_000477,lok_sabha,recommended,948,sanctioned,920,,exact_multi_field,98.0,HIGH,auto_matched
CW_000510,lok_sabha,recommended,936,sanctioned,948,,exact_multi_field,98.0,HIGH,auto_matched
CW_000485,lok_sabha,recommended,922,sanctioned,926,,exact_multi_field,98.0,HIGH,auto_matched
CW_001215,lok_sabha,recommended,684,sanctioned,674,,exact_multi_field,98.0,HIGH,auto_matched
CW_000483,lok_sabha,recommended,939,sanctioned,956,,exact_multi_field,98.0,HIGH,auto_matched
CW_001216,lok_sabha,recommended,489,sanctioned,481,,exact_multi_field,98.0,HIGH,auto_matched
CW_000022,lok_sabha,recommended,1234,sanctioned,1225,,exact_multi_field,98.0,HIGH,auto_matched
CW_000444,lok_sabha,recommended,931,sanctioned,920,,exact_multi_field,98.0,HIGH,auto_matched
CW_000172,lok_sabha,recommended,137,sanctioned,137,,exact_multi_field,98.0,HIGH,auto_matched
CW_000036,lok_sabha,recommended,1243,sanctioned,1219,,exact_multi_field,98.0,HIGH,auto_matched
CW_000485,lok_sabha,recommended,922,sanctioned,956,,exact_multi_field,98.0,HIGH,auto_matched
CW_001217,lok_sabha,recommended,452,sanctioned,444,,exact_multi_field,98.0,HIGH,auto_matched
CW_000005,lok_sabha,recommended,1238,sanctioned,1227,,exact_multi_field,98.0,HIGH,auto_matched
CW_000048,lok_sabha,recommended,1216,sanctioned,1223,,exact_multi_field,98.0,HIGH,auto_matched
CW_001218,lok_sabha,recommended,758,sanctioned,748,,exact_multi_field,98.0,HIGH,auto_matched
CW_000713,lok_sabha,recommended,623,sanctioned,610,,exact_multi_field,98.0,HIGH,auto_matched
CW_000571,lok_sabha,recommended,603,sanctioned,602,,exact_multi_field,98.0,HIGH,auto_matched
CW_000453,lok_sabha,recommended,959,sanctioned,918,,exact_multi_field,98.0,HIGH,auto_matched
CW_000088,lok_sabha,recommended,514,sanctioned,501,,exact_multi_field,98.0,HIGH,auto_matched
CW_000493,lok_sabha,recommended,956,sanctioned,940,,exact_multi_field,98.0,HIGH,auto_matched
CW_001219,lok_sabha,recommended,712,sanctioned,702,,exact_multi_field,98.0,HIGH,auto_matched
CW_000452,lok_sabha,recommended,631,sanctioned,607,,exact_multi_field,98.0,HIGH,auto_matched
CW_000455,lok_sabha,recommended,942,sanctioned,918,,exact_multi_field,98.0,HIGH,auto_matched
CW_000619,lok_sabha,recommended,602,sanctioned,599,,exact_multi_field,98.0,HIGH,auto_matched
CW_000463,lok_sabha,recommended,930,sanctioned,946,,exact_multi_field,98.0,HIGH,auto_matched
CW_000496,lok_sabha,recommended,946,sanctioned,914,,exact_multi_field,98.0,HIGH,auto_matched
CW_000422,lok_sabha,recommended,809,sanctioned,800,,exact_multi_field,98.0,HIGH,auto_matched
CW_001220,lok_sabha,recommended,1056,sanctioned,1046,,exact_multi_field,98.0,HIGH,auto_matched
CW_000519,lok_sabha,recommended,943,sanctioned,936,,exact_multi_field,98.0,HIGH,auto_matched
CW_001221,lok_sabha,recommended,1385,sanctioned,1375,,exact_multi_field,98.0,HIGH,auto_matched
CW_000497,lok_sabha,recommended,929,sanctioned,914,,exact_multi_field,98.0,HIGH,auto_matched
CW_000496,lok_sabha,recommended,946,sanctioned,944,,exact_multi_field,98.0,HIGH,auto_matched
CW_000575,lok_sabha,recommended,926,sanctioned,936,,exact_multi_field,98.0,HIGH,auto_matched
CW_000576,lok_sabha,recommended,606,sanctioned,601,,exact_multi_field,98.0,HIGH,auto_matched
CW_000466,lok_sabha,recommended,920,sanctioned,950,,exact_multi_field,98.0,HIGH,auto_matched
CW_000497,lok_sabha,recommended,929,sanctioned,944,,exact_multi_field,98.0,HIGH,auto_matched
CW_000630,lok_sabha,recommended,576,sanctioned,567,,exact_multi_field,98.0,HIGH,auto_matched
CW_000390,lok_sabha,recommended,905,sanctioned,896,,exact_multi_field,98.0,HIGH,auto_matched
CW_001222,lok_sabha,recommended,1152,sanctioned,1142,,exact_multi_field,98.0,HIGH,auto_matched
CW_000494,lok_sabha,recommended,925,sanctioned,934,,exact_multi_field,98.0,HIGH,auto_matched
CW_000318,lok_sabha,recommended,786,sanctioned,776,,exact_multi_field,98.0,HIGH,auto_matched
CW_001223,lok_sabha,recommended,530,sanctioned,521,,exact_multi_field,98.0,HIGH,auto_matched
CW_000864,lok_sabha,recommended,882,sanctioned,872,,exact_multi_field,98.0,HIGH,auto_matched
CW_000023,lok_sabha,recommended,1223,sanctioned,1202,,exact_multi_field,98.0,HIGH,auto_matched
CW_000380,lok_sabha,recommended,1203,sanctioned,1194,,exact_multi_field,98.0,HIGH,auto_matched
CW_001224,lok_sabha,recommended,1084,sanctioned,1074,,exact_multi_field,98.0,HIGH,auto_matched
CW_001225,lok_sabha,recommended,1413,sanctioned,1403,,exact_multi_field,98.0,HIGH,auto_matched
CW_000501,lok_sabha,recommended,963,sanctioned,928,,exact_multi_field,98.0,HIGH,auto_matched
CW_000503,lok_sabha,recommended,957,sanctioned,942,,exact_multi_field,98.0,HIGH,auto_matched
CW_000468,lok_sabha,recommended,966,sanctioned,936,,exact_multi_field,98.0,HIGH,auto_matched
CW_000506,lok_sabha,recommended,937,sanctioned,934,,exact_multi_field,98.0,HIGH,auto_matched
CW_000501,lok_sabha,recommended,963,sanctioned,958,,exact_multi_field,98.0,HIGH,auto_matched
CW_000529,lok_sabha,recommended,950,sanctioned,924,,exact_multi_field,98.0,HIGH,auto_matched
CW_000530,lok_sabha,recommended,618,sanctioned,617,,exact_multi_field,98.0,HIGH,auto_matched
CW_000507,lok_sabha,recommended,953,sanctioned,932,,exact_multi_field,98.0,HIGH,auto_matched
CW_001226,lok_sabha,recommended,357,sanctioned,349,,exact_multi_field,98.0,HIGH,auto_matched
CW_000599,lok_sabha,recommended,604,sanctioned,595,,exact_multi_field,98.0,HIGH,auto_matched
CW_000533,lok_sabha,recommended,933,sanctioned,924,,exact_multi_field,98.0,HIGH,auto_matched
CW_000474,lok_sabha,recommended,613,sanctioned,589,,exact_multi_field,98.0,HIGH,auto_matched
CW_000428,lok_sabha,recommended,1180,sanctioned,1170,,exact_multi_field,98.0,HIGH,auto_matched
CW_000533,lok_sabha,recommended,933,sanctioned,954,,exact_multi_field,98.0,HIGH,auto_matched
CW_001227,lok_sabha,recommended,251,sanctioned,248,,exact_multi_field,98.0,HIGH,auto_matched
CW_000460,lok_sabha,recommended,932,sanctioned,922,,exact_multi_field,98.0,HIGH,auto_matched
CW_001228,lok_sabha,recommended,453,sanctioned,445,,exact_multi_field,98.0,HIGH,auto_matched
CW_000482,lok_sabha,recommended,927,sanctioned,929,,exact_multi_field,98.0,HIGH,auto_matched
CW_000510,lok_sabha,recommended,936,sanctioned,923,,exact_multi_field,98.0,HIGH,auto_matched
CW_000024,lok_sabha,recommended,1242,sanctioned,1236,,exact_multi_field,98.0,HIGH,auto_matched
CW_000482,lok_sabha,recommended,927,sanctioned,959,,exact_multi_field,98.0,HIGH,auto_matched
CW_000048,lok_sabha,recommended,1231,sanctioned,1222,,exact_multi_field,98.0,HIGH,auto_matched
CW_000022,lok_sabha,recommended,1234,sanctioned,1230,,exact_multi_field,98.0,HIGH,auto_matched
CW_000004,lok_sabha,recommended,1214,sanctioned,1222,,exact_multi_field,98.0,HIGH,auto_matched
CW_001229,lok_sabha,recommended,385,sanctioned,377,,exact_multi_field,98.0,HIGH,auto_matched
CW_001230,lok_sabha,recommended,301,sanctioned,298,,exact_multi_field,98.0,HIGH,auto_matched
CW_000503,lok_sabha,recommended,957,sanctioned,912,,exact_multi_field,98.0,HIGH,auto_matched
CW_001231,lok_sabha,recommended,755,sanctioned,745,,exact_multi_field,98.0,HIGH,auto_matched
CW_000515,lok_sabha,recommended,960,sanctioned,919,,exact_multi_field,98.0,HIGH,auto_matched
CW_000050,lok_sabha,recommended,511,sanctioned,507,,exact_multi_field,98.0,HIGH,auto_matched
CW_000517,lok_sabha,recommended,969,sanctioned,913,,exact_multi_field,98.0,HIGH,auto_matched
CW_000625,lok_sabha,recommended,628,sanctioned,613,,exact_multi_field,98.0,HIGH,auto_matched
CW_001232,lok_sabha,recommended,279,sanctioned,276,,exact_multi_field,98.0,HIGH,auto_matched
CW_000515,lok_sabha,recommended,960,sanctioned,949,,exact_multi_field,98.0,HIGH,auto_matched
CW_000605,lok_sabha,recommended,608,sanctioned,605,,exact_multi_field,98.0,HIGH,auto_matched
CW_000521,lok_sabha,recommended,952,sanctioned,913,,exact_multi_field,98.0,HIGH,auto_matched
CW_001233,lok_sabha,recommended,481,sanctioned,473,,exact_multi_field,98.0,HIGH,auto_matched
CW_000519,lok_sabha,recommended,943,sanctioned,949,,exact_multi_field,98.0,HIGH,auto_matched
CW_000558,lok_sabha,recommended,964,sanctioned,921,,exact_multi_field,98.0,HIGH,auto_matched
CW_000544,lok_sabha,recommended,944,sanctioned,913,,exact_multi_field,98.0,HIGH,auto_matched
CW_000559,lok_sabha,recommended,947,sanctioned,921,,exact_multi_field,98.0,HIGH,auto_matched
CW_000558,lok_sabha,recommended,964,sanctioned,951,,exact_multi_field,98.0,HIGH,auto_matched
CW_000591,lok_sabha,recommended,607,sanctioned,603,,exact_multi_field,98.0,HIGH,auto_matched
CW_000544,lok_sabha,recommended,944,sanctioned,943,,exact_multi_field,98.0,HIGH,auto_matched
CW_000545,lok_sabha,recommended,951,sanctioned,917,,exact_multi_field,98.0,HIGH,auto_matched
CW_000463,lok_sabha,recommended,930,sanctioned,921,,exact_multi_field,98.0,HIGH,auto_matched
CW_000559,lok_sabha,recommended,947,sanctioned,951,,exact_multi_field,98.0,HIGH,auto_matched
CW_000525,lok_sabha,recommended,934,sanctioned,917,,exact_multi_field,98.0,HIGH,auto_matched
CW_000519,lok_sabha,recommended,943,sanctioned,911,,exact_multi_field,98.0,HIGH,auto_matched
CW_000463,lok_sabha,recommended,930,sanctioned,951,,exact_multi_field,98.0,HIGH,auto_matched
CW_000525,lok_sabha,recommended,934,sanctioned,947,,exact_multi_field,98.0,HIGH,auto_matched
CW_000575,lok_sabha,recommended,926,sanctioned,911,,exact_multi_field,98.0,HIGH,auto_matched
CW_000045,lok_sabha,recommended,1245,sanctioned,1219,,exact_multi_field,98.0,HIGH,auto_matched
CW_000019,lok_sabha,recommended,783,sanctioned,773,,exact_multi_field,98.0,HIGH,auto_matched
CW_000528,lok_sabha,recommended,967,sanctioned,937,,exact_multi_field,98.0,HIGH,auto_matched
CW_000608,lok_sabha,recommended,615,sanctioned,593,,exact_multi_field,98.0,HIGH,auto_matched
CW_000026,lok_sabha,recommended,513,sanctioned,502,,exact_multi_field,98.0,HIGH,auto_matched
CW_000529,lok_sabha,recommended,950,sanctioned,937,,exact_multi_field,98.0,HIGH,auto_matched
CW_000451,lok_sabha,recommended,962,sanctioned,945,,exact_multi_field,98.0,HIGH,auto_matched
CW_000534,lok_sabha,recommended,614,sanctioned,590,,exact_multi_field,98.0,HIGH,auto_matched
CW_000452,lok_sabha,recommended,631,sanctioned,620,,exact_multi_field,98.0,HIGH,auto_matched
CW_000476,lok_sabha,recommended,945,sanctioned,945,,exact_multi_field,98.0,HIGH,auto_matched
CW_000088,lok_sabha,recommended,512,sanctioned,500,,exact_multi_field,98.0,HIGH,auto_matched
CW_000505,lok_sabha,recommended,954,sanctioned,939,,exact_multi_field,98.0,HIGH,auto_matched
CW_000457,lok_sabha,recommended,609,sanctioned,598,,exact_multi_field,98.0,HIGH,auto_matched
CW_000506,lok_sabha,recommended,937,sanctioned,939,,exact_multi_field,98.0,HIGH,auto_matched
CW_000461,lok_sabha,recommended,941,sanctioned,935,,exact_multi_field,98.0,HIGH,auto_matched
CW_000634,lok_sabha,recommended,601,sanctioned,592,,exact_multi_field,98.0,HIGH,auto_matched
CW_000462,lok_sabha,recommended,921,sanctioned,927,,exact_multi_field,98.0,HIGH,auto_matched
CW_000464,lok_sabha,recommended,924,sanctioned,935,,exact_multi_field,98.0,HIGH,auto_matched
CW_000462,lok_sabha,recommended,921,sanctioned,957,,exact_multi_field,98.0,HIGH,auto_matched
CW_000076,lok_sabha,recommended,222,sanctioned,222,,exact_multi_field,98.0,HIGH,auto_matched
CW_001234,lok_sabha,recommended,1113,sanctioned,1103,,exact_multi_field,98.0,HIGH,auto_matched
CW_000009,lok_sabha,recommended,1239,sanctioned,1203,,exact_multi_field,98.0,HIGH,auto_matched
CW_000323,lok_sabha,recommended,660,sanctioned,650,,exact_multi_field,98.0,HIGH,auto_matched
CW_000009,lok_sabha,recommended,1239,sanctioned,1233,,exact_multi_field,98.0,HIGH,auto_matched
CW_000024,lok_sabha,recommended,1219,sanctioned,1225,,exact_multi_field,98.0,HIGH,auto_matched
CW_000023,lok_sabha,recommended,1209,sanctioned,1199,,exact_multi_field,98.0,HIGH,auto_matched
CW_000639,lok_sabha,recommended,625,sanctioned,618,,exact_multi_field,98.0,HIGH,auto_matched
CW_001235,lok_sabha,recommended,756,sanctioned,746,,exact_multi_field,98.0,HIGH,auto_matched
CW_000036,lok_sabha,recommended,1201,sanctioned,1193,,exact_multi_field,98.0,HIGH,auto_matched
CW_001236,lok_sabha,recommended,1411,sanctioned,1401,,exact_multi_field,98.0,HIGH,auto_matched
CW_000543,lok_sabha,recommended,961,sanctioned,926,,exact_multi_field,98.0,HIGH,auto_matched
CW_000471,lok_sabha,recommended,949,sanctioned,955,,exact_multi_field,98.0,HIGH,auto_matched
CW_000470,lok_sabha,recommended,629,sanctioned,620,,exact_multi_field,98.0,HIGH,auto_matched
CW_000543,lok_sabha,recommended,961,sanctioned,956,,exact_multi_field,98.0,HIGH,auto_matched
CW_000477,lok_sabha,recommended,948,sanctioned,922,,exact_multi_field,98.0,HIGH,auto_matched
CW_000472,lok_sabha,recommended,965,sanctioned,952,,exact_multi_field,98.0,HIGH,auto_matched
CW_000544,lok_sabha,recommended,944,sanctioned,956,,exact_multi_field,98.0,HIGH,auto_matched
CW_000545,lok_sabha,recommended,951,sanctioned,930,,exact_multi_field,98.0,HIGH,auto_matched
CW_000444,lok_sabha,recommended,931,sanctioned,922,,exact_multi_field,98.0,HIGH,auto_matched
CW_000477,lok_sabha,recommended,948,sanctioned,952,,exact_multi_field,98.0,HIGH,auto_matched
CW_001237,lok_sabha,recommended,1178,sanctioned,1168,,exact_multi_field,98.0,HIGH,auto_matched
CW_000522,lok_sabha,recommended,940,sanctioned,916,,exact_multi_field,98.0,HIGH,auto_matched
CW_000479,lok_sabha,recommended,928,sanctioned,945,,exact_multi_field,98.0,HIGH,auto_matched
CW_000444,lok_sabha,recommended,931,sanctioned,952,,exact_multi_field,98.0,HIGH,auto_matched
CW_001238,lok_sabha,recommended,478,sanctioned,470,,exact_multi_field,98.0,HIGH,auto_matched
CW_000393,lok_sabha,recommended,1141,sanctioned,1131,,exact_multi_field,98.0,HIGH,auto_matched
CW_000445,lok_sabha,recommended,923,sanctioned,916,,exact_multi_field,98.0,HIGH,auto_matched
CW_001239,lok_sabha,recommended,39,sanctioned,39,,exact_multi_field,98.0,HIGH,auto_matched
CW_000482,lok_sabha,recommended,927,sanctioned,912,,exact_multi_field,98.0,HIGH,auto_matched
CW_000544,lok_sabha,recommended,944,sanctioned,918,,exact_multi_field,98.0,HIGH,auto_matched
CW_000482,lok_sabha,recommended,927,sanctioned,942,,exact_multi_field,98.0,HIGH,auto_matched
CW_000017,lok_sabha,recommended,1233,sanctioned,1231,,exact_multi_field,98.0,HIGH,auto_matched
CW_000036,lok_sabha,recommended,1237,sanctioned,1227,,exact_multi_field,98.0,HIGH,auto_matched
CW_000485,lok_sabha,recommended,922,sanctioned,950,,exact_multi_field,98.0,HIGH,auto_matched
CW_000048,lok_sabha,recommended,1246,sanctioned,1221,,exact_multi_field,98.0,HIGH,auto_matched
CW_000315,lok_sabha,recommended,784,sanctioned,774,,exact_multi_field,98.0,HIGH,auto_matched
CW_000018,lok_sabha,recommended,1229,sanctioned,1221,,exact_multi_field,98.0,HIGH,auto_matched
CW_001240,lok_sabha,recommended,447,sanctioned,439,,exact_multi_field,98.0,HIGH,auto_matched
CW_000738,lok_sabha,recommended,1191,sanctioned,1181,,exact_multi_field,98.0,HIGH,auto_matched
CW_000023,lok_sabha,recommended,1208,sanctioned,1211,,exact_multi_field,98.0,HIGH,auto_matched
CW_000449,lok_sabha,recommended,968,sanctioned,914,,exact_multi_field,98.0,HIGH,auto_matched
CW_001241,lok_sabha,recommended,1438,sanctioned,1427,,exact_multi_field,98.0,HIGH,auto_matched
CW_000449,lok_sabha,recommended,968,sanctioned,944,,exact_multi_field,98.0,HIGH,auto_matched
CW_001242,lok_sabha,recommended,506,sanctioned,498,,exact_multi_field,98.0,HIGH,auto_matched
CW_000456,lok_sabha,recommended,958,sanctioned,918,,exact_multi_field,98.0,HIGH,auto_matched
CW_001243,lok_sabha,recommended,1082,sanctioned,1072,,exact_multi_field,98.0,HIGH,auto_matched
CW_000458,lok_sabha,recommended,626,sanctioned,611,,exact_multi_field,98.0,HIGH,auto_matched
CW_000454,lok_sabha,recommended,955,sanctioned,940,,exact_multi_field,98.0,HIGH,auto_matched
CW_000576,lok_sabha,recommended,606,sanctioned,603,,exact_multi_field,98.0,HIGH,auto_matched
CW_000558,lok_sabha,recommended,964,sanctioned,934,,exact_multi_field,98.0,HIGH,auto_matched
CW_000456,lok_sabha,recommended,958,sanctioned,948,,exact_multi_field,98.0,HIGH,auto_matched
CW_000608,lok_sabha,recommended,615,sanctioned,598,,exact_multi_field,98.0,HIGH,auto_matched
CW_000459,lok_sabha,recommended,938,sanctioned,940,,exact_multi_field,98.0,HIGH,auto_matched
CW_000453,lok_sabha,recommended,959,sanctioned,912,,exact_multi_field,98.0,HIGH,auto_matched
CW_000455,lok_sabha,recommended,942,sanctioned,912,,exact_multi_field,98.0,HIGH,auto_matched
CW_000619,lok_sabha,recommended,602,sanctioned,593,,exact_multi_field,98.0,HIGH,auto_matched
CW_000494,lok_sabha,recommended,925,sanctioned,936,,exact_multi_field,98.0,HIGH,auto_matched
CW_000609,lok_sabha,recommended,605,sanctioned,601,,exact_multi_field,98.0,HIGH,auto_matched
CW_000455,lok_sabha,recommended,942,sanctioned,942,,exact_multi_field,98.0,HIGH,auto_matched
CW_000127,lok_sabha,recommended,475,sanctioned,467,,exact_multi_field,98.0,HIGH,auto_matched
CW_000497,lok_sabha,recommended,929,sanctioned,938,,exact_multi_field,98.0,HIGH,auto_matched
CW_000028,lok_sabha,recommended,1236,sanctioned,1208,,exact_multi_field,98.0,HIGH,auto_matched
CW_000536,lok_sabha,recommended,579,sanctioned,569,,exact_multi_field,98.0,HIGH,auto_matched
CW_000022,lok_sabha,recommended,1240,sanctioned,1234,,exact_multi_field,98.0,HIGH,auto_matched
CW_001244,lok_sabha,recommended,1110,sanctioned,1100,,exact_multi_field,98.0,HIGH,auto_matched
CW_000022,lok_sabha,recommended,1206,sanctioned,1234,,exact_multi_field,98.0,HIGH,auto_matched
CW_001245,lok_sabha,recommended,533,sanctioned,523,,exact_multi_field,98.0,HIGH,auto_matched
CW_001246,lok_sabha,recommended,420,sanctioned,413,,exact_multi_field,98.0,HIGH,auto_matched
CW_000451,lok_sabha,recommended,962,sanctioned,928,,exact_multi_field,98.0,HIGH,auto_matched
CW_000474,lok_sabha,recommended,613,sanctioned,591,,exact_multi_field,98.0,HIGH,auto_matched
CW_000502,lok_sabha,recommended,630,sanctioned,621,,exact_multi_field,98.0,HIGH,auto_matched
CW_000476,lok_sabha,recommended,945,sanctioned,928,,exact_multi_field,98.0,HIGH,auto_matched
CW_000451,lok_sabha,recommended,962,sanctioned,958,,exact_multi_field,98.0,HIGH,auto_matched
CW_000664,lok_sabha,recommended,622,sanctioned,615,,exact_multi_field,98.0,HIGH,auto_matched
CW_000476,lok_sabha,recommended,945,sanctioned,958,,exact_multi_field,98.0,HIGH,auto_matched
CW_000517,lok_sabha,recommended,969,sanctioned,937,,exact_multi_field,98.0,HIGH,auto_matched
CW_000480,lok_sabha,recommended,612,sanctioned,589,,exact_multi_field,98.0,HIGH,auto_matched
CW_000479,lok_sabha,recommended,928,sanctioned,958,,exact_multi_field,98.0,HIGH,auto_matched
CW_000471,lok_sabha,recommended,949,sanctioned,930,,exact_multi_field,98.0,HIGH,auto_matched
CW_000472,lok_sabha,recommended,965,sanctioned,927,,exact_multi_field,98.0,HIGH,auto_matched
CW_000483,lok_sabha,recommended,939,sanctioned,933,,exact_multi_field,98.0,HIGH,auto_matched
CW_000477,lok_sabha,recommended,948,sanctioned,927,,exact_multi_field,98.0,HIGH,auto_matched
CW_000036,lok_sabha,recommended,1243,sanctioned,1196,,exact_multi_field,98.0,HIGH,auto_matched
CW_000510,lok_sabha,recommended,936,sanctioned,955,,exact_multi_field,98.0,HIGH,auto_matched
CW_000547,lok_sabha,recommended,599,sanctioned,591,,exact_multi_field,98.0,HIGH,auto_matched
CW_000479,lok_sabha,recommended,928,sanctioned,920,,exact_multi_field,98.0,HIGH,auto_matched
CW_000036,lok_sabha,recommended,1243,sanctioned,1226,,exact_multi_field,98.0,HIGH,auto_matched
CW_000005,lok_sabha,recommended,1238,sanctioned,1234,,exact_multi_field,98.0,HIGH,auto_matched
CW_000044,lok_sabha,recommended,561,sanctioned,551,,exact_multi_field,98.0,HIGH,auto_matched
CW_000022,lok_sabha,recommended,1234,sanctioned,1224,,exact_multi_field,98.0,HIGH,auto_matched
CW_000036,lok_sabha,recommended,1237,sanctioned,1232,,exact_multi_field,98.0,HIGH,auto_matched
CW_000174,lok_sabha,recommended,1200,sanctioned,1194,,exact_multi_field,98.0,HIGH,auto_matched
CW_000028,lok_sabha,recommended,1217,sanctioned,1224,,exact_multi_field,98.0,HIGH,auto_matched
CW_001247,lok_sabha,recommended,305,sanctioned,302,,exact_multi_field,98.0,HIGH,auto_matched
CW_001248,lok_sabha,recommended,657,sanctioned,647,,exact_multi_field,98.0,HIGH,auto_matched
CW_000491,lok_sabha,recommended,620,sanctioned,609,,exact_multi_field,98.0,HIGH,auto_matched
CW_000010,lok_sabha,recommended,1199,sanctioned,1191,,exact_multi_field,98.0,HIGH,auto_matched
CW_000493,lok_sabha,recommended,956,sanctioned,917,,exact_multi_field,98.0,HIGH,auto_matched
CW_000559,lok_sabha,recommended,947,sanctioned,953,,exact_multi_field,98.0,HIGH,auto_matched
CW_000450,lok_sabha,recommended,619,sanctioned,607,,exact_multi_field,98.0,HIGH,auto_matched
CW_000088,lok_sabha,recommended,514,sanctioned,508,,exact_multi_field,98.0,HIGH,auto_matched
CW_000493,lok_sabha,recommended,956,sanctioned,947,,exact_multi_field,98.0,HIGH,auto_matched
CW_000452,lok_sabha,recommended,631,sanctioned,614,,exact_multi_field,98.0,HIGH,auto_matched
CW_000515,lok_sabha,recommended,960,sanctioned,943,,exact_multi_field,98.0,HIGH,auto_matched
CW_000496,lok_sabha,recommended,946,sanctioned,921,,exact_multi_field,98.0,HIGH,auto_matched
CW_000454,lok_sabha,recommended,955,sanctioned,915,,exact_multi_field,98.0,HIGH,auto_matched
CW_000519,lok_sabha,recommended,943,sanctioned,943,,exact_multi_field,98.0,HIGH,auto_matched
CW_000521,lok_sabha,recommended,952,sanctioned,937,,exact_multi_field,98.0,HIGH,auto_matched
CW_000496,lok_sabha,recommended,946,sanctioned,951,,exact_multi_field,98.0,HIGH,auto_matched
CW_000459,lok_sabha,recommended,938,sanctioned,915,,exact_multi_field,98.0,HIGH,auto_matched
CW_000571,lok_sabha,recommended,603,sanctioned,601,,exact_multi_field,98.0,HIGH,auto_matched
CW_000575,lok_sabha,recommended,926,sanctioned,943,,exact_multi_field,98.0,HIGH,auto_matched
CW_000559,lok_sabha,recommended,947,sanctioned,915,,exact_multi_field,98.0,HIGH,auto_matched
CW_000287,lok_sabha,recommended,476,sanctioned,468,,exact_multi_field,98.0,HIGH,auto_matched
CW_000565,lok_sabha,recommended,935,sanctioned,937,,exact_multi_field,98.0,HIGH,auto_matched
CW_000497,lok_sabha,recommended,929,sanctioned,951,,exact_multi_field,98.0,HIGH,auto_matched
CW_001249,lok_sabha,recommended,1299,sanctioned,1289,,exact_multi_field,98.0,HIGH,auto_matched
CW_000463,lok_sabha,recommended,930,sanctioned,915,,exact_multi_field,98.0,HIGH,auto_matched
CW_000494,lok_sabha,recommended,925,sanctioned,911,,exact_multi_field,98.0,HIGH,auto_matched
CW_001250,lok_sabha,recommended,1262,sanctioned,1252,,exact_multi_field,98.0,HIGH,auto_matched
CW_000494,lok_sabha,recommended,925,sanctioned,941,,exact_multi_field,98.0,HIGH,auto_matched
CW_000344,lok_sabha,recommended,1467,sanctioned,1456,,exact_multi_field,98.0,HIGH,auto_matched
CW_000497,lok_sabha,recommended,929,sanctioned,913,,exact_multi_field,98.0,HIGH,auto_matched
CW_000063,lok_sabha,recommended,1244,sanctioned,1219,,exact_multi_field,98.0,HIGH,auto_matched
CW_000022,lok_sabha,recommended,1240,sanctioned,1209,,exact_multi_field,98.0,HIGH,auto_matched
CW_000022,lok_sabha,recommended,1206,sanctioned,1209,,exact_multi_field,98.0,HIGH,auto_matched
CW_000501,lok_sabha,recommended,963,sanctioned,935,,exact_multi_field,98.0,HIGH,auto_matched
CW_000528,lok_sabha,recommended,967,sanctioned,931,,exact_multi_field,98.0,HIGH,auto_matched
CW_001251,lok_sabha,recommended,504,sanctioned,496,,exact_multi_field,98.0,HIGH,auto_matched
CW_000469,lok_sabha,recommended,1193,sanctioned,1181,,exact_multi_field,98.0,HIGH,auto_matched
CW_000529,lok_sabha,recommended,950,sanctioned,931,,exact_multi_field,98.0,HIGH,auto_matched
CW_000453,lok_sabha,recommended,959,sanctioned,925,,exact_multi_field,98.0,HIGH,auto_matched
CW_000507,lok_sabha,recommended,953,sanctioned,939,,exact_multi_field,98.0,HIGH,auto_matched
CW_000582,lok_sabha,recommended,610,sanctioned,588,,exact_multi_field,98.0,HIGH,auto_matched
CW_000531,lok_sabha,recommended,627,sanctioned,618,,exact_multi_field,98.0,HIGH,auto_matched
CW_000691,lok_sabha,recommended,1290,sanctioned,1279,,exact_multi_field,98.0,HIGH,auto_matched
CW_000819,lok_sabha,recommended,1285,sanctioned,1275,,exact_multi_field,98.0,HIGH,auto_matched
CW_000533,lok_sabha,recommended,933,sanctioned,931,,exact_multi_field,98.0,HIGH,auto_matched
CW_000474,lok_sabha,recommended,613,sanctioned,596,,exact_multi_field,98.0,HIGH,auto_matched
CW_000692,lok_sabha,recommended,600,sanctioned,592,,exact_multi_field,98.0,HIGH,auto_matched
CW_000504,lok_sabha,recommended,617,sanctioned,622,,exact_multi_field,98.0,HIGH,auto_matched
CW_000506,lok_sabha,recommended,937,sanctioned,933,,exact_multi_field,98.0,HIGH,auto_matched
CW_000460,lok_sabha,recommended,932,sanctioned,929,,exact_multi_field,98.0,HIGH,auto_matched
CW_000369,lok_sabha,recommended,1139,sanctioned,1129,,exact_multi_field,98.0,HIGH,auto_matched
CW_000023,lok_sabha,recommended,1248,sanctioned,1199,,exact_multi_field,98.0,HIGH,auto_matched
CW_000482,lok_sabha,recommended,927,sanctioned,936,,exact_multi_field,98.0,HIGH,auto_matched
CW_000510,lok_sabha,recommended,936,sanctioned,930,,exact_multi_field,98.0,HIGH,auto_matched
CW_000080,lok_sabha,recommended,15,sanctioned,15,,exact_multi_field,98.0,HIGH,auto_matched
CW_000048,lok_sabha,recommended,1231,sanctioned,1229,,exact_multi_field,98.0,HIGH,auto_matched
CW_000022,lok_sabha,recommended,1234,sanctioned,1237,,exact_multi_field,98.0,HIGH,auto_matched
CW_000036,lok_sabha,recommended,1243,sanctioned,1237,,exact_multi_field,98.0,HIGH,auto_matched
CW_000004,lok_sabha,recommended,1214,sanctioned,1229,,exact_multi_field,98.0,HIGH,auto_matched
CW_000041,lok_sabha,recommended,217,sanctioned,217,,exact_multi_field,98.0,HIGH,auto_matched
CW_001252,lok_sabha,recommended,532,sanctioned,524,,exact_multi_field,98.0,HIGH,auto_matched
CW_000024,lok_sabha,recommended,1242,sanctioned,1205,,exact_multi_field,98.0,HIGH,auto_matched
CW_001253,lok_sabha,recommended,418,sanctioned,411,,exact_multi_field,98.0,HIGH,auto_matched
CW_001254,lok_sabha,recommended,423,sanctioned,416,,exact_multi_field,98.0,HIGH,auto_matched
CW_001255,lok_sabha,recommended,1436,sanctioned,1425,,exact_multi_field,98.0,HIGH,auto_matched
CW_000639,lok_sabha,recommended,625,sanctioned,612,,exact_multi_field,98.0,HIGH,auto_matched
CW_000517,lok_sabha,recommended,969,sanctioned,920,,exact_multi_field,98.0,HIGH,auto_matched
CW_000625,lok_sabha,recommended,628,sanctioned,620,,exact_multi_field,98.0,HIGH,auto_matched
CW_000515,lok_sabha,recommended,960,sanctioned,956,,exact_multi_field,98.0,HIGH,auto_matched
CW_000170,lok_sabha,recommended,1167,sanctioned,1157,,exact_multi_field,98.0,HIGH,auto_matched
CW_001256,lok_sabha,recommended,65,sanctioned,65,,exact_multi_field,98.0,HIGH,auto_matched
CW_000558,lok_sabha,recommended,964,sanctioned,928,,exact_multi_field,98.0,HIGH,auto_matched
CW_000604,lok_sabha,recommended,624,sanctioned,610,,exact_multi_field,98.0,HIGH,auto_matched
CW_000544,lok_sabha,recommended,944,sanctioned,920,,exact_multi_field,98.0,HIGH,auto_matched
CW_000543,lok_sabha,recommended,961,sanctioned,950,,exact_multi_field,98.0,HIGH,auto_matched
CW_000559,lok_sabha,recommended,947,sanctioned,928,,exact_multi_field,98.0,HIGH,auto_matched
CW_000558,lok_sabha,recommended,964,sanctioned,958,,exact_multi_field,98.0,HIGH,auto_matched
CW_001257,lok_sabha,recommended,590,sanctioned,580,,exact_multi_field,98.0,HIGH,auto_matched
CW_000544,lok_sabha,recommended,944,sanctioned,950,,exact_multi_field,98.0,HIGH,auto_matched
CW_000545,lok_sabha,recommended,951,sanctioned,924,,exact_multi_field,98.0,HIGH,auto_matched
CW_001258,lok_sabha,recommended,43,sanctioned,43,,exact_multi_field,98.0,HIGH,auto_matched
CW_000515,lok_sabha,recommended,960,sanctioned,918,,exact_multi_field,98.0,HIGH,auto_matched
CW_000559,lok_sabha,recommended,947,sanctioned,958,,exact_multi_field,98.0,HIGH,auto_matched
CW_000525,lok_sabha,recommended,934,sanctioned,924,,exact_multi_field,98.0,HIGH,auto_matched
CW_000545,lok_sabha,recommended,951,sanctioned,954,,exact_multi_field,98.0,HIGH,auto_matched
CW_001259,lok_sabha,recommended,1263,sanctioned,1253,,exact_multi_field,98.0,HIGH,auto_matched
CW_000519,lok_sabha,recommended,943,sanctioned,918,,exact_multi_field,98.0,HIGH,auto_matched
CW_000463,lok_sabha,recommended,930,sanctioned,958,,exact_multi_field,98.0,HIGH,auto_matched
CW_000525,lok_sabha,recommended,934,sanctioned,954,,exact_multi_field,98.0,HIGH,auto_matched
CW_000575,lok_sabha,recommended,926,sanctioned,918,,exact_multi_field,98.0,HIGH,auto_matched
CW_000445,lok_sabha,recommended,923,sanctioned,940,,exact_multi_field,98.0,HIGH,auto_matched
CW_000045,lok_sabha,recommended,1241,sanctioned,1225,,exact_multi_field,98.0,HIGH,auto_matched
CW_000325,lok_sabha,recommended,1136,sanctioned,1126,,exact_multi_field,98.0,HIGH,auto_matched
CW_000017,lok_sabha,recommended,1233,sanctioned,1225,,exact_multi_field,98.0,HIGH,auto_matched
CW_000045,lok_sabha,recommended,1245,sanctioned,1226,,exact_multi_field,98.0,HIGH,auto_matched
CW_000221,lok_sabha,recommended,1464,sanctioned,1453,,exact_multi_field,98.0,HIGH,auto_matched
CW_000028,lok_sabha,recommended,1232,sanctioned,1222,,exact_multi_field,98.0,HIGH,auto_matched
CW_000034,lok_sabha,recommended,1235,sanctioned,1230,,exact_multi_field,98.0,HIGH,auto_matched
CW_000022,lok_sabha,recommended,1215,sanctioned,1222,,exact_multi_field,98.0,HIGH,auto_matched
CW_000398,lok_sabha,recommended,93,sanctioned,93,,exact_multi_field,98.0,HIGH,auto_matched
CW_001260,lok_sabha,recommended,655,sanctioned,645,,exact_multi_field,98.0,HIGH,auto_matched
CW_000528,lok_sabha,recommended,967,sanctioned,944,,exact_multi_field,98.0,HIGH,auto_matched
CW_000290,lok_sabha,recommended,984,sanctioned,974,,exact_multi_field,98.0,HIGH,auto_matched
CW_000608,lok_sabha,recommended,615,sanctioned,600,,exact_multi_field,98.0,HIGH,auto_matched
CW_000023,lok_sabha,recommended,1211,sanctioned,1212,,exact_multi_field,98.0,HIGH,auto_matched
CW_000449,lok_sabha,recommended,968,sanctioned,938,,exact_multi_field,98.0,HIGH,auto_matched
CW_000451,lok_sabha,recommended,962,sanctioned,952,,exact_multi_field,98.0,HIGH,auto_matched
CW_001261,lok_sabha,recommended,546,sanctioned,537,,exact_multi_field,98.0,HIGH,auto_matched
CW_000505,lok_sabha,recommended,954,sanctioned,916,,exact_multi_field,98.0,HIGH,auto_matched
CW_000664,lok_sabha,recommended,622,sanctioned,609,,exact_multi_field,98.0,HIGH,auto_matched
CW_000456,lok_sabha,recommended,958,sanctioned,912,,exact_multi_field,98.0,HIGH,auto_matched
CW_000088,lok_sabha,recommended,512,sanctioned,507,,exact_multi_field,98.0,HIGH,auto_matched
CW_000505,lok_sabha,recommended,954,sanctioned,946,,exact_multi_field,98.0,HIGH,auto_matched
CW_000461,lok_sabha,recommended,941,sanctioned,912,,exact_multi_field,98.0,HIGH,auto_matched
CW_000456,lok_sabha,recommended,958,sanctioned,942,,exact_multi_field,98.0,HIGH,auto_matched
CW_000457,lok_sabha,recommended,609,sanctioned,605,,exact_multi_field,98.0,HIGH,auto_matched
CW_000464,lok_sabha,recommended,924,sanctioned,912,,exact_multi_field,98.0,HIGH,auto_matched
CW_000461,lok_sabha,recommended,941,sanctioned,942,,exact_multi_field,98.0,HIGH,auto_matched
CW_000462,lok_sabha,recommended,921,sanctioned,934,,exact_multi_field,98.0,HIGH,auto_matched
CW_000634,lok_sabha,recommended,601,sanctioned,599,,exact_multi_field,98.0,HIGH,auto_matched
CW_000463,lok_sabha,recommended,930,sanctioned,928,,exact_multi_field,98.0,HIGH,auto_matched
CW_000464,lok_sabha,recommended,924,sanctioned,942,,exact_multi_field,98.0,HIGH,auto_matched
CW_000609,lok_sabha,recommended,605,sanctioned,595,,exact_multi_field,98.0,HIGH,auto_matched
CW_001262,lok_sabha,recommended,1260,sanctioned,1250,,exact_multi_field,98.0,HIGH,auto_matched
CW_000466,lok_sabha,recommended,920,sanctioned,932,,exact_multi_field,98.0,HIGH,auto_matched
CW_000045,lok_sabha,recommended,1245,sanctioned,1196,,exact_multi_field,98.0,HIGH,auto_matched
CW_001263,lok_sabha,recommended,1012,sanctioned,1002,,exact_multi_field,98.0,HIGH,auto_matched
CW_000028,lok_sabha,recommended,1236,sanctioned,1232,,exact_multi_field,98.0,HIGH,auto_matched
CW_000238,lok_sabha,recommended,1356,sanctioned,1346,,exact_multi_field,98.0,HIGH,auto_matched
CW_000024,lok_sabha,recommended,1219,sanctioned,1232,,exact_multi_field,98.0,HIGH,auto_matched
CW_001264,lok_sabha,recommended,424,sanctioned,417,,exact_multi_field,98.0,HIGH,auto_matched
CW_000009,lok_sabha,recommended,1218,sanctioned,1230,,exact_multi_field,98.0,HIGH,auto_matched
CW_000472,lok_sabha,recommended,965,sanctioned,929,,exact_multi_field,98.0,HIGH,auto_matched
CW_000472,lok_sabha,recommended,965,sanctioned,959,,exact_multi_field,98.0,HIGH,auto_matched
CW_000547,lok_sabha,recommended,599,sanctioned,593,,exact_multi_field,98.0,HIGH,auto_matched
CW_000479,lok_sabha,recommended,928,sanctioned,922,,exact_multi_field,98.0,HIGH,auto_matched
CW_000476,lok_sabha,recommended,945,sanctioned,952,,exact_multi_field,98.0,HIGH,auto_matched
CW_000639,lok_sabha,recommended,625,sanctioned,617,,exact_multi_field,98.0,HIGH,auto_matched
CW_000477,lok_sabha,recommended,948,sanctioned,959,,exact_multi_field,98.0,HIGH,auto_matched
CW_000517,lok_sabha,recommended,969,sanctioned,931,,exact_multi_field,98.0,HIGH,auto_matched
CW_000522,lok_sabha,recommended,940,sanctioned,923,,exact_multi_field,98.0,HIGH,auto_matched
CW_000479,lok_sabha,recommended,928,sanctioned,952,,exact_multi_field,98.0,HIGH,auto_matched
CW_000211,lok_sabha,recommended,830,sanctioned,821,,exact_multi_field,98.0,HIGH,auto_matched
CW_000521,lok_sabha,recommended,952,sanctioned,931,,exact_multi_field,98.0,HIGH,auto_matched
CW_000543,lok_sabha,recommended,961,sanctioned,925,,exact_multi_field,98.0,HIGH,auto_matched
CW_000550,lok_sabha,recommended,598,sanctioned,591,,exact_multi_field,98.0,HIGH,auto_matched
CW_000565,lok_sabha,recommended,935,sanctioned,931,,exact_multi_field,98.0,HIGH,auto_matched
CW_000544,lok_sabha,recommended,944,sanctioned,925,,exact_multi_field,98.0,HIGH,auto_matched
CW_001265,lok_sabha,recommended,587,sanctioned,577,,exact_multi_field,98.0,HIGH,auto_matched
CW_001266,lok_sabha,recommended,40,sanctioned,40,,exact_multi_field,98.0,HIGH,auto_matched
CW_001267,lok_sabha,recommended,1384,sanctioned,1374,,exact_multi_field,98.0,HIGH,auto_matched
CW_000545,lok_sabha,recommended,951,sanctioned,929,,exact_multi_field,98.0,HIGH,auto_matched
CW_000483,lok_sabha,recommended,939,sanctioned,957,,exact_multi_field,98.0,HIGH,auto_matched
CW_000444,lok_sabha,recommended,931,sanctioned,921,,exact_multi_field,98.0,HIGH,auto_matched
CW_000036,lok_sabha,recommended,1243,sanctioned,1220,,exact_multi_field,98.0,HIGH,auto_matched
CW_000036,lok_sabha,recommended,1237,sanctioned,1234,,exact_multi_field,98.0,HIGH,auto_matched
CW_000305,lok_sabha,recommended,565,sanctioned,555,,exact_multi_field,98.0,HIGH,auto_matched
CW_000485,lok_sabha,recommended,922,sanctioned,957,,exact_multi_field,98.0,HIGH,auto_matched
CW_000048,lok_sabha,recommended,1246,sanctioned,1228,,exact_multi_field,98.0,HIGH,auto_matched
CW_000444,lok_sabha,recommended,931,sanctioned,951,,exact_multi_field,98.0,HIGH,auto_matched
CW_000018,lok_sabha,recommended,1229,sanctioned,1228,,exact_multi_field,98.0,HIGH,auto_matched
CW_001268,lok_sabha,recommended,683,sanctioned,673,,exact_multi_field,98.0,HIGH,auto_matched
CW_000048,lok_sabha,recommended,1216,sanctioned,1224,,exact_multi_field,98.0,HIGH,auto_matched
CW_000323,lok_sabha,recommended,661,sanctioned,651,,exact_multi_field,98.0,HIGH,auto_matched
CW_000713,lok_sabha,recommended,623,sanctioned,611,,exact_multi_field,98.0,HIGH,auto_matched
CW_000454,lok_sabha,recommended,955,sanctioned,947,,exact_multi_field,98.0,HIGH,auto_matched
CW_000014,lok_sabha,recommended,1202,sanctioned,1193,,exact_multi_field,98.0,HIGH,auto_matched
CW_000453,lok_sabha,recommended,959,sanctioned,919,,exact_multi_field,98.0,HIGH,auto_matched
CW_000449,lok_sabha,recommended,968,sanctioned,913,,exact_multi_field,98.0,HIGH,auto_matched
CW_000493,lok_sabha,recommended,956,sanctioned,941,,exact_multi_field,98.0,HIGH,auto_matched
CW_000529,lok_sabha,recommended,950,sanctioned,955,,exact_multi_field,98.0,HIGH,auto_matched
CW_001269,lok_sabha,recommended,26,sanctioned,26,,exact_multi_field,98.0,HIGH,auto_matched
CW_000455,lok_sabha,recommended,942,sanctioned,919,,exact_multi_field,98.0,HIGH,auto_matched
CW_000453,lok_sabha,recommended,959,sanctioned,949,,exact_multi_field,98.0,HIGH,auto_matched
CW_000619,lok_sabha,recommended,602,sanctioned,600,,exact_multi_field,98.0,HIGH,auto_matched
CW_000533,lok_sabha,recommended,933,sanctioned,955,,exact_multi_field,98.0,HIGH,auto_matched
CW_000455,lok_sabha,recommended,942,sanctioned,949,,exact_multi_field,98.0,HIGH,auto_matched
CW_000456,lok_sabha,recommended,958,sanctioned,917,,exact_multi_field,98.0,HIGH,auto_matched
CW_000496,lok_sabha,recommended,946,sanctioned,945,,exact_multi_field,98.0,HIGH,auto_matched
CW_000460,lok_sabha,recommended,932,sanctioned,923,,exact_multi_field,98.0,HIGH,auto_matched
CW_000576,lok_sabha,recommended,606,sanctioned,602,,exact_multi_field,98.0,HIGH,auto_matched
CW_000497,lok_sabha,recommended,929,sanctioned,945,,exact_multi_field,98.0,HIGH,auto_matched
CW_000459,lok_sabha,recommended,938,sanctioned,939,,exact_multi_field,98.0,HIGH,auto_matched
CW_000460,lok_sabha,recommended,932,sanctioned,953,,exact_multi_field,98.0,HIGH,auto_matched
CW_000217,lok_sabha,recommended,808,sanctioned,799,,exact_multi_field,98.0,HIGH,auto_matched
CW_000462,lok_sabha,recommended,921,sanctioned,939,,exact_multi_field,98.0,HIGH,auto_matched
CW_001270,lok_sabha,recommended,13,sanctioned,13,,exact_multi_field,98.0,HIGH,auto_matched
CW_001271,lok_sabha,recommended,1257,sanctioned,1247,,exact_multi_field,98.0,HIGH,auto_matched
CW_000028,lok_sabha,recommended,1247,sanctioned,1221,,exact_multi_field,98.0,HIGH,auto_matched
CW_001272,lok_sabha,recommended,1462,sanctioned,1451,,exact_multi_field,98.0,HIGH,auto_matched
CW_000277,lok_sabha,recommended,1425,sanctioned,1414,,exact_multi_field,98.0,HIGH,auto_matched
CW_000028,lok_sabha,recommended,1236,sanctioned,1207,,exact_multi_field,98.0,HIGH,auto_matched
CW_000009,lok_sabha,recommended,1230,sanctioned,1221,,exact_multi_field,98.0,HIGH,auto_matched
CW_001223,lok_sabha,recommended,530,sanctioned,522,,exact_multi_field,98.0,HIGH,auto_matched
CW_000023,lok_sabha,recommended,1210,sanctioned,1213,,exact_multi_field,98.0,HIGH,auto_matched
CW_000334,lok_sabha,recommended,91,sanctioned,91,,exact_multi_field,98.0,HIGH,auto_matched
CW_000024,lok_sabha,recommended,1219,sanctioned,1207,,exact_multi_field,98.0,HIGH,auto_matched
CW_000098,lok_sabha,recommended,987,sanctioned,977,,exact_multi_field,98.0,HIGH,auto_matched
CW_000022,lok_sabha,recommended,1206,sanctioned,1203,,exact_multi_field,98.0,HIGH,auto_matched
CW_000023,lok_sabha,recommended,1209,sanctioned,1211,,exact_multi_field,98.0,HIGH,auto_matched
CW_000664,lok_sabha,recommended,622,sanctioned,622,,exact_multi_field,98.0,HIGH,auto_matched
CW_000501,lok_sabha,recommended,963,sanctioned,929,,exact_multi_field,98.0,HIGH,auto_matched
CW_000022,lok_sabha,recommended,1206,sanctioned,1233,,exact_multi_field,98.0,HIGH,auto_matched
CW_000468,lok_sabha,recommended,966,sanctioned,937,,exact_multi_field,98.0,HIGH,auto_matched
CW_000721,lok_sabha,recommended,1289,sanctioned,1279,,exact_multi_field,98.0,HIGH,auto_matched
CW_000471,lok_sabha,recommended,949,sanctioned,937,,exact_multi_field,98.0,HIGH,auto_matched
CW_001273,lok_sabha,recommended,836,sanctioned,827,,exact_multi_field,98.0,HIGH,auto_matched
CW_001274,lok_sabha,recommended,1083,sanctioned,1073,,exact_multi_field,98.0,HIGH,auto_matched
CW_000507,lok_sabha,recommended,953,sanctioned,933,,exact_multi_field,98.0,HIGH,auto_matched
CW_000472,lok_sabha,recommended,965,sanctioned,934,,exact_multi_field,98.0,HIGH,auto_matched
CW_000474,lok_sabha,recommended,613,sanctioned,590,,exact_multi_field,98.0,HIGH,auto_matched
CW_000591,lok_sabha,recommended,607,sanctioned,604,,exact_multi_field,98.0,HIGH,auto_matched
CW_000476,lok_sabha,recommended,945,sanctioned,927,,exact_multi_field,98.0,HIGH,auto_matched
CW_000477,lok_sabha,recommended,948,sanctioned,934,,exact_multi_field,98.0,HIGH,auto_matched
CW_001275,lok_sabha,recommended,41,sanctioned,41,,exact_multi_field,98.0,HIGH,auto_matched
CW_000479,lok_sabha,recommended,928,sanctioned,927,,exact_multi_field,98.0,HIGH,auto_matched
CW_001276,lok_sabha,recommended,356,sanctioned,348,,exact_multi_field,98.0,HIGH,auto_matched
CW_001277,lok_sabha,recommended,1490,sanctioned,1479,,exact_multi_field,98.0,HIGH,auto_matched
CW_001278,lok_sabha,recommended,805,sanctioned,796,,exact_multi_field,98.0,HIGH,auto_matched
CW_001279,lok_sabha,recommended,1381,sanctioned,1371,,exact_multi_field,98.0,HIGH,auto_matched
CW_000036,lok_sabha,recommended,1237,sanctioned,1209,,exact_multi_field,98.0,HIGH,auto_matched
CW_000048,lok_sabha,recommended,1231,sanctioned,1223,,exact_multi_field,98.0,HIGH,auto_matched
CW_000022,lok_sabha,recommended,1234,sanctioned,1231,,exact_multi_field,98.0,HIGH,auto_matched
CW_000004,lok_sabha,recommended,1214,sanctioned,1223,,exact_multi_field,98.0,HIGH,auto_matched
CW_000028,lok_sabha,recommended,1217,sanctioned,1231,,exact_multi_field,98.0,HIGH,auto_matched
CW_001280,lok_sabha,recommended,901,sanctioned,892,,exact_multi_field,98.0,HIGH,auto_matched
CW_001281,lok_sabha,recommended,1440,sanctioned,1429,,exact_multi_field,98.0,HIGH,auto_matched
CW_000005,lok_sabha,recommended,1213,sanctioned,1221,,exact_multi_field,98.0,HIGH,auto_matched
CW_000023,lok_sabha,recommended,1208,sanctioned,1199,,exact_multi_field,98.0,HIGH,auto_matched
CW_001282,lok_sabha,recommended,69,sanctioned,69,,exact_multi_field,98.0,HIGH,auto_matched
CW_000050,lok_sabha,recommended,511,sanctioned,508,,exact_multi_field,98.0,HIGH,auto_matched
CW_000517,lok_sabha,recommended,969,sanctioned,914,,exact_multi_field,98.0,HIGH,auto_matched
CW_000493,lok_sabha,recommended,956,sanctioned,954,,exact_multi_field,98.0,HIGH,auto_matched
CW_000174,lok_sabha,recommended,1200,sanctioned,1193,,exact_multi_field,98.0,HIGH,auto_matched
CW_000625,lok_sabha,recommended,628,sanctioned,614,,exact_multi_field,98.0,HIGH,auto_matched
CW_000452,lok_sabha,recommended,631,sanctioned,621,,exact_multi_field,98.0,HIGH,auto_matched
CW_000515,lok_sabha,recommended,960,sanctioned,950,,exact_multi_field,98.0,HIGH,auto_matched
CW_000521,lok_sabha,recommended,952,sanctioned,914,,exact_multi_field,98.0,HIGH,auto_matched
CW_000517,lok_sabha,recommended,969,sanctioned,944,,exact_multi_field,98.0,HIGH,auto_matched
CW_000454,lok_sabha,recommended,955,sanctioned,922,,exact_multi_field,98.0,HIGH,auto_matched
CW_000491,lok_sabha,recommended,620,sanctioned,608,,exact_multi_field,98.0,HIGH,auto_matched
CW_000519,lok_sabha,recommended,943,sanctioned,950,,exact_multi_field,98.0,HIGH,auto_matched
CW_000558,lok_sabha,recommended,964,sanctioned,922,,exact_multi_field,98.0,HIGH,auto_matched
CW_000007,lok_sabha,recommended,510,sanctioned,505,,exact_multi_field,98.0,HIGH,auto_matched
CW_000565,lok_sabha,recommended,935,sanctioned,914,,exact_multi_field,98.0,HIGH,auto_matched
CW_000521,lok_sabha,recommended,952,sanctioned,944,,exact_multi_field,98.0,HIGH,auto_matched
CW_000496,lok_sabha,recommended,946,sanctioned,958,,exact_multi_field,98.0,HIGH,auto_matched
CW_000575,lok_sabha,recommended,926,sanctioned,950,,exact_multi_field,98.0,HIGH,auto_matched
CW_001283,lok_sabha,recommended,833,sanctioned,824,,exact_multi_field,98.0,HIGH,auto_matched
CW_000559,lok_sabha,recommended,947,sanctioned,922,,exact_multi_field,98.0,HIGH,auto_matched
CW_001284,lok_sabha,recommended,278,sanctioned,275,,exact_multi_field,98.0,HIGH,auto_matched
CW_000565,lok_sabha,recommended,935,sanctioned,944,,exact_multi_field,98.0,HIGH,auto_matched
CW_000463,lok_sabha,recommended,930,sanctioned,922,,exact_multi_field,98.0,HIGH,auto_matched
CW_000559,lok_sabha,recommended,947,sanctioned,952,,exact_multi_field,98.0,HIGH,auto_matched
CW_000494,lok_sabha,recommended,925,sanctioned,918,,exact_multi_field,98.0,HIGH,auto_matched
CW_000308,lok_sabha,recommended,1367,sanctioned,1357,,exact_multi_field,98.0,HIGH,auto_matched
CW_000771,lok_sabha,recommended,582,sanctioned,568,,exact_multi_field,98.0,HIGH,auto_matched
CW_000463,lok_sabha,recommended,930,sanctioned,952,,exact_multi_field,98.0,HIGH,auto_matched
CW_000494,lok_sabha,recommended,925,sanctioned,948,,exact_multi_field,98.0,HIGH,auto_matched
CW_000496,lok_sabha,recommended,946,sanctioned,920,,exact_multi_field,98.0,HIGH,auto_matched
CW_000236,lok_sabha,recommended,353,sanctioned,345,,exact_multi_field,98.0,HIGH,auto_matched
CW_000575,lok_sabha,recommended,926,sanctioned,912,,exact_multi_field,98.0,HIGH,auto_matched
CW_000497,lok_sabha,recommended,929,sanctioned,920,,exact_multi_field,98.0,HIGH,auto_matched
CW_000045,lok_sabha,recommended,1241,sanctioned,1219,,exact_multi_field,98.0,HIGH,auto_matched
CW_000130,lok_sabha,recommended,1468,sanctioned,1457,,exact_multi_field,98.0,HIGH,auto_matched
CW_000356,lok_sabha,recommended,681,sanctioned,671,,exact_multi_field,98.0,HIGH,auto_matched
CW_000045,lok_sabha,recommended,1245,sanctioned,1220,,exact_multi_field,98.0,HIGH,auto_matched
CW_001066,lok_sabha,recommended,891,sanctioned,880,,exact_multi_field,98.0,HIGH,auto_matched
CW_000173,lok_sabha,recommended,97,sanctioned,97,,exact_multi_field,98.0,HIGH,auto_matched
CW_000356,lok_sabha,recommended,659,sanctioned,649,,exact_multi_field,98.0,HIGH,auto_matched
CW_000256,lok_sabha,recommended,988,sanctioned,978,,exact_multi_field,98.0,HIGH,auto_matched
CW_000501,lok_sabha,recommended,963,sanctioned,942,,exact_multi_field,98.0,HIGH,auto_matched
CW_000528,lok_sabha,recommended,967,sanctioned,938,,exact_multi_field,98.0,HIGH,auto_matched
CW_001285,lok_sabha,recommended,306,sanctioned,303,,exact_multi_field,98.0,HIGH,auto_matched
CW_000529,lok_sabha,recommended,950,sanctioned,938,,exact_multi_field,98.0,HIGH,auto_matched
CW_000507,lok_sabha,recommended,953,sanctioned,946,,exact_multi_field,98.0,HIGH,auto_matched
CW_000582,lok_sabha,recommended,610,sanctioned,595,,exact_multi_field,98.0,HIGH,auto_matched
CW_000533,lok_sabha,recommended,933,sanctioned,938,,exact_multi_field,98.0,HIGH,auto_matched
CW_000088,lok_sabha,recommended,512,sanctioned,501,,exact_multi_field,98.0,HIGH,auto_matched
CW_000505,lok_sabha,recommended,954,sanctioned,940,,exact_multi_field,98.0,HIGH,auto_matched
CW_000752,lok_sabha,recommended,1286,sanctioned,1276,,exact_multi_field,98.0,HIGH,auto_matched
CW_000692,lok_sabha,recommended,600,sanctioned,599,,exact_multi_field,98.0,HIGH,auto_matched
CW_000506,lok_sabha,recommended,937,sanctioned,940,,exact_multi_field,98.0,HIGH,auto_matched
CW_000460,lok_sabha,recommended,932,sanctioned,936,,exact_multi_field,98.0,HIGH,auto_matched
CW_001286,lok_sabha,recommended,147,sanctioned,147,,exact_multi_field,98.0,HIGH,auto_matched
CW_000177,lok_sabha,recommended,1496,sanctioned,1485,,exact_multi_field,98.0,HIGH,auto_matched
CW_000634,lok_sabha,recommended,601,sanctioned,593,,exact_multi_field,98.0,HIGH,auto_matched
CW_001287,lok_sabha,recommended,709,sanctioned,699,,exact_multi_field,98.0,HIGH,auto_matched
CW_000464,lok_sabha,recommended,924,sanctioned,936,,exact_multi_field,98.0,HIGH,auto_matched
CW_000599,lok_sabha,recommended,604,sanctioned,601,,exact_multi_field,98.0,HIGH,auto_matched
CW_000510,lok_sabha,recommended,936,sanctioned,937,,exact_multi_field,98.0,HIGH,auto_matched
CW_001288,lok_sabha,recommended,477,sanctioned,469,,exact_multi_field,98.0,HIGH,auto_matched
CW_001289,lok_sabha,recommended,806,sanctioned,797,,exact_multi_field,98.0,HIGH,auto_matched
CW_001290,lok_sabha,recommended,1382,sanctioned,1372,,exact_multi_field,98.0,HIGH,auto_matched
CW_000048,lok_sabha,recommended,1231,sanctioned,1236,,exact_multi_field,98.0,HIGH,auto_matched
CW_001291,lok_sabha,recommended,1016,sanctioned,1006,,exact_multi_field,98.0,HIGH,auto_matched
CW_000028,lok_sabha,recommended,1247,sanctioned,1204,,exact_multi_field,98.0,HIGH,auto_matched
CW_000261,lok_sabha,recommended,563,sanctioned,553,,exact_multi_field,98.0,HIGH,auto_matched
CW_001292,lok_sabha,recommended,536,sanctioned,527,,exact_multi_field,98.0,HIGH,auto_matched
CW_001293,lok_sabha,recommended,1112,sanctioned,1102,,exact_multi_field,98.0,HIGH,auto_matched
CW_000023,lok_sabha,recommended,1208,sanctioned,1212,,exact_multi_field,98.0,HIGH,auto_matched
CW_000023,lok_sabha,recommended,1221,sanctioned,1202,,exact_multi_field,98.0,HIGH,auto_matched
CW_000639,lok_sabha,recommended,625,sanctioned,619,,exact_multi_field,98.0,HIGH,auto_matched
CW_000223,lok_sabha,recommended,1314,sanctioned,1304,,exact_multi_field,98.0,HIGH,auto_matched
CW_000036,lok_sabha,recommended,1201,sanctioned,1194,,exact_multi_field,98.0,HIGH,auto_matched
CW_001252,lok_sabha,recommended,532,sanctioned,523,,exact_multi_field,98.0,HIGH,auto_matched
CW_000543,lok_sabha,recommended,961,sanctioned,927,,exact_multi_field,98.0,HIGH,auto_matched
CW_000558,lok_sabha,recommended,964,sanctioned,935,,exact_multi_field,98.0,HIGH,auto_matched
CW_000470,lok_sabha,recommended,629,sanctioned,621,,exact_multi_field,98.0,HIGH,auto_matched
CW_000604,lok_sabha,recommended,624,sanctioned,617,,exact_multi_field,98.0,HIGH,auto_matched
CW_000544,lok_sabha,recommended,944,sanctioned,927,,exact_multi_field,98.0,HIGH,auto_matched
CW_000543,lok_sabha,recommended,961,sanctioned,957,,exact_multi_field,98.0,HIGH,auto_matched
CW_001294,lok_sabha,recommended,834,sanctioned,825,,exact_multi_field,98.0,HIGH,auto_matched
CW_000544,lok_sabha,recommended,944,sanctioned,957,,exact_multi_field,98.0,HIGH,auto_matched
CW_000545,lok_sabha,recommended,951,sanctioned,931,,exact_multi_field,98.0,HIGH,auto_matched
CW_001295,lok_sabha,recommended,1410,sanctioned,1400,,exact_multi_field,98.0,HIGH,auto_matched
CW_000515,lok_sabha,recommended,960,sanctioned,925,,exact_multi_field,98.0,HIGH,auto_matched
CW_001296,lok_sabha,recommended,381,sanctioned,373,,exact_multi_field,98.0,HIGH,auto_matched
CW_000518,lok_sabha,recommended,611,sanctioned,589,,exact_multi_field,98.0,HIGH,auto_matched
CW_000522,lok_sabha,recommended,940,sanctioned,917,,exact_multi_field,98.0,HIGH,auto_matched
CW_000519,lok_sabha,recommended,943,sanctioned,925,,exact_multi_field,98.0,HIGH,auto_matched
CW_000444,lok_sabha,recommended,931,sanctioned,953,,exact_multi_field,98.0,HIGH,auto_matched
CW_000445,lok_sabha,recommended,923,sanctioned,917,,exact_multi_field,98.0,HIGH,auto_matched
CW_000522,lok_sabha,recommended,940,sanctioned,947,,exact_multi_field,98.0,HIGH,auto_matched
CW_000575,lok_sabha,recommended,926,sanctioned,925,,exact_multi_field,98.0,HIGH,auto_matched
CW_000445,lok_sabha,recommended,923,sanctioned,947,,exact_multi_field,98.0,HIGH,auto_matched
CW_000483,lok_sabha,recommended,939,sanctioned,915,,exact_multi_field,98.0,HIGH,auto_matched
CW_000482,lok_sabha,recommended,927,sanctioned,943,,exact_multi_field,98.0,HIGH,auto_matched
CW_001297,lok_sabha,recommended,346,sanctioned,340,,exact_multi_field,98.0,HIGH,auto_matched
CW_000017,lok_sabha,recommended,1233,sanctioned,1232,,exact_multi_field,98.0,HIGH,auto_matched
CW_001298,lok_sabha,recommended,687,sanctioned,677,,exact_multi_field,98.0,HIGH,auto_matched
CW_000360,lok_sabha,recommended,1342,sanctioned,1332,,exact_multi_field,98.0,HIGH,auto_matched
CW_000018,lok_sabha,recommended,1229,sanctioned,1222,,exact_multi_field,98.0,HIGH,auto_matched
CW_000028,lok_sabha,recommended,1232,sanctioned,1229,,exact_multi_field,98.0,HIGH,auto_matched
CW_001299,lok_sabha,recommended,862,sanctioned,853,,exact_multi_field,98.0,HIGH,auto_matched
CW_000738,lok_sabha,recommended,1191,sanctioned,1182,,exact_multi_field,98.0,HIGH,auto_matched
CW_000449,lok_sabha,recommended,968,sanctioned,915,,exact_multi_field,98.0,HIGH,auto_matched
CW_001300,lok_sabha,recommended,656,sanctioned,646,,exact_multi_field,98.0,HIGH,auto_matched
CW_000449,lok_sabha,recommended,968,sanctioned,945,,exact_multi_field,98.0,HIGH,auto_matched
CW_000364,lok_sabha,recommended,985,sanctioned,975,,exact_multi_field,98.0,HIGH,auto_matched
CW_001301,lok_sabha,recommended,67,sanctioned,67,,exact_multi_field,98.0,HIGH,auto_matched
CW_000092,lok_sabha,recommended,509,sanctioned,506,,exact_multi_field,98.0,HIGH,auto_matched
CW_000456,lok_sabha,recommended,958,sanctioned,919,,exact_multi_field,98.0,HIGH,auto_matched
CW_000022,lok_sabha,recommended,1215,sanctioned,1221,,exact_multi_field,98.0,HIGH,auto_matched
CW_000458,lok_sabha,recommended,626,sanctioned,612,,exact_multi_field,98.0,HIGH,auto_matched
CW_000528,lok_sabha,recommended,967,sanctioned,913,,exact_multi_field,98.0,HIGH,auto_matched
CW_000456,lok_sabha,recommended,958,sanctioned,949,,exact_multi_field,98.0,HIGH,auto_matched
CW_000529,lok_sabha,recommended,950,sanctioned,913,,exact_multi_field,98.0,HIGH,auto_matched
CW_000528,lok_sabha,recommended,967,sanctioned,943,,exact_multi_field,98.0,HIGH,auto_matched
CW_000459,lok_sabha,recommended,938,sanctioned,941,,exact_multi_field,98.0,HIGH,auto_matched
CW_000559,lok_sabha,recommended,947,sanctioned,935,,exact_multi_field,98.0,HIGH,auto_matched
CW_000461,lok_sabha,recommended,941,sanctioned,949,,exact_multi_field,98.0,HIGH,auto_matched
CW_001302,lok_sabha,recommended,752,sanctioned,742,,exact_multi_field,98.0,HIGH,auto_matched
CW_000533,lok_sabha,recommended,933,sanctioned,913,,exact_multi_field,98.0,HIGH,auto_matched
CW_000462,lok_sabha,recommended,921,sanctioned,941,,exact_multi_field,98.0,HIGH,auto_matched
CW_001303,lok_sabha,recommended,715,sanctioned,705,,exact_multi_field,98.0,HIGH,auto_matched
CW_000301,lok_sabha,recommended,276,sanctioned,273,,exact_multi_field,98.0,HIGH,auto_matched
CW_000609,lok_sabha,recommended,605,sanctioned,602,,exact_multi_field,98.0,HIGH,auto_matched
CW_000505,lok_sabha,recommended,954,sanctioned,915,,exact_multi_field,98.0,HIGH,auto_matched
CW_000534,lok_sabha,recommended,614,sanctioned,596,,exact_multi_field,98.0,HIGH,auto_matched
CW_000455,lok_sabha,recommended,942,sanctioned,943,,exact_multi_field,98.0,HIGH,auto_matched
CW_001304,lok_sabha,recommended,21,sanctioned,21,,exact_multi_field,98.0,HIGH,auto_matched
CW_000842,lok_sabha,recommended,580,sanctioned,566,,exact_multi_field,98.0,HIGH,auto_matched
CW_000466,lok_sabha,recommended,920,sanctioned,939,,exact_multi_field,98.0,HIGH,auto_matched
CW_000460,lok_sabha,recommended,932,sanctioned,947,,exact_multi_field,98.0,HIGH,auto_matched
CW_000464,lok_sabha,recommended,924,sanctioned,911,,exact_multi_field,98.0,HIGH,auto_matched
CW_000482,lok_sabha,recommended,927,sanctioned,918,,exact_multi_field,98.0,HIGH,auto_matched
CW_000024,lok_sabha,recommended,1219,sanctioned,1209,,exact_multi_field,98.0,HIGH,auto_matched
CW_000464,lok_sabha,recommended,924,sanctioned,941,,exact_multi_field,98.0,HIGH,auto_matched
CW_000146,lok_sabha,recommended,1466,sanctioned,1455,,exact_multi_field,98.0,HIGH,auto_matched
CW_001305,lok_sabha,recommended,117,sanctioned,117,,exact_multi_field,98.0,HIGH,auto_matched
CW_000045,lok_sabha,recommended,1245,sanctioned,1233,,exact_multi_field,98.0,HIGH,auto_matched
CW_001306,lok_sabha,recommended,1013,sanctioned,1003,,exact_multi_field,98.0,HIGH,auto_matched
CW_000034,lok_sabha,recommended,1235,sanctioned,1207,,exact_multi_field,98.0,HIGH,auto_matched
CW_000178,lok_sabha,recommended,95,sanctioned,95,,exact_multi_field,98.0,HIGH,auto_matched
CW_000009,lok_sabha,recommended,1218,sanctioned,1207,,exact_multi_field,98.0,HIGH,auto_matched
CW_000034,lok_sabha,recommended,1235,sanctioned,1237,,exact_multi_field,98.0,HIGH,auto_matched
CW_000199,lok_sabha,recommended,1315,sanctioned,1305,,exact_multi_field,98.0,HIGH,auto_matched
CW_001245,lok_sabha,recommended,533,sanctioned,524,,exact_multi_field,98.0,HIGH,auto_matched
CW_001307,lok_sabha,recommended,289,sanctioned,286,,exact_multi_field,98.0,HIGH,auto_matched
CW_001308,lok_sabha,recommended,780,sanctioned,770,,exact_multi_field,98.0,HIGH,auto_matched
CW_001309,lok_sabha,recommended,877,sanctioned,868,,exact_multi_field,98.0,HIGH,auto_matched
CW_000451,lok_sabha,recommended,962,sanctioned,959,,exact_multi_field,98.0,HIGH,auto_matched
CW_000664,lok_sabha,recommended,622,sanctioned,616,,exact_multi_field,98.0,HIGH,auto_matched
CW_000605,lok_sabha,recommended,608,sanctioned,594,,exact_multi_field,98.0,HIGH,auto_matched
CW_000476,lok_sabha,recommended,945,sanctioned,959,,exact_multi_field,98.0,HIGH,auto_matched
CW_000517,lok_sabha,recommended,969,sanctioned,938,,exact_multi_field,98.0,HIGH,auto_matched
CW_000480,lok_sabha,recommended,612,sanctioned,590,,exact_multi_field,98.0,HIGH,auto_matched
CW_000471,lok_sabha,recommended,949,sanctioned,931,,exact_multi_field,98.0,HIGH,auto_matched
CW_000521,lok_sabha,recommended,952,sanctioned,938,,exact_multi_field,98.0,HIGH,auto_matched
CW_000543,lok_sabha,recommended,961,sanctioned,932,,exact_multi_field,98.0,HIGH,auto_matched
CW_000756,lok_sabha,recommended,1284,sanctioned,1275,,exact_multi_field,98.0,HIGH,auto_matched
CW_000351,lok_sabha,recommended,831,sanctioned,822,,exact_multi_field,98.0,HIGH,auto_matched
CW_000361,lok_sabha,recommended,1494,sanctioned,1483,,exact_multi_field,98.0,HIGH,auto_matched
CW_001310,lok_sabha,recommended,145,sanctioned,145,,exact_multi_field,98.0,HIGH,auto_matched
CW_000477,lok_sabha,recommended,948,sanctioned,928,,exact_multi_field,98.0,HIGH,auto_matched
CW_000545,lok_sabha,recommended,951,sanctioned,936,,exact_multi_field,98.0,HIGH,auto_matched
CW_000547,lok_sabha,recommended,599,sanctioned,592,,exact_multi_field,98.0,HIGH,auto_matched
CW_000485,lok_sabha,recommended,922,sanctioned,934,,exact_multi_field,98.0,HIGH,auto_matched
CW_000444,lok_sabha,recommended,931,sanctioned,928,,exact_multi_field,98.0,HIGH,auto_matched
CW_000477,lok_sabha,recommended,948,sanctioned,958,,exact_multi_field,98.0,HIGH,auto_matched
CW_000048,lok_sabha,recommended,1246,sanctioned,1235,,exact_multi_field,98.0,HIGH,auto_matched
CW_000444,lok_sabha,recommended,931,sanctioned,958,,exact_multi_field,98.0,HIGH,auto_matched
CW_000389,lok_sabha,recommended,1343,sanctioned,1333,,exact_multi_field,98.0,HIGH,auto_matched
CW_000017,lok_sabha,recommended,1233,sanctioned,1207,,exact_multi_field,98.0,HIGH,auto_matched
CW_000048,lok_sabha,recommended,1216,sanctioned,1231,,exact_multi_field,98.0,HIGH,auto_matched
CW_000036,lok_sabha,recommended,1237,sanctioned,1203,,exact_multi_field,98.0,HIGH,auto_matched
CW_000219,lok_sabha,recommended,219,sanctioned,219,,exact_multi_field,98.0,HIGH,auto_matched
CW_000036,lok_sabha,recommended,1237,sanctioned,1233,,exact_multi_field,98.0,HIGH,auto_matched
CW_000028,lok_sabha,recommended,1217,sanctioned,1225,,exact_multi_field,98.0,HIGH,auto_matched
CW_000713,lok_sabha,recommended,623,sanctioned,618,,exact_multi_field,98.0,HIGH,auto_matched
CW_000010,lok_sabha,recommended,1199,sanctioned,1192,,exact_multi_field,98.0,HIGH,auto_matched
CW_000448,lok_sabha,recommended,632,sanctioned,612,,exact_multi_field,98.0,HIGH,auto_matched
CW_001311,lok_sabha,recommended,859,sanctioned,850,,exact_multi_field,98.0,HIGH,auto_matched
CW_000264,lok_sabha,recommended,173,sanctioned,173,,exact_multi_field,98.0,HIGH,auto_matched
CW_001312,lok_sabha,recommended,304,sanctioned,301,,exact_multi_field,98.0,HIGH,auto_matched
CW_000453,lok_sabha,recommended,959,sanctioned,926,,exact_multi_field,98.0,HIGH,auto_matched
CW_000531,lok_sabha,recommended,627,sanctioned,619,,exact_multi_field,98.0,HIGH,auto_matched
CW_000449,lok_sabha,recommended,968,sanctioned,920,,exact_multi_field,98.0,HIGH,auto_matched
CW_000450,lok_sabha,recommended,619,sanctioned,608,,exact_multi_field,98.0,HIGH,auto_matched
CW_000493,lok_sabha,recommended,956,sanctioned,948,,exact_multi_field,98.0,HIGH,auto_matched
CW_000453,lok_sabha,recommended,959,sanctioned,956,,exact_multi_field,98.0,HIGH,auto_matched
CW_000454,lok_sabha,recommended,955,sanctioned,916,,exact_multi_field,98.0,HIGH,auto_matched
CW_000455,lok_sabha,recommended,942,sanctioned,956,,exact_multi_field,98.0,HIGH,auto_matched
CW_000456,lok_sabha,recommended,958,sanctioned,924,,exact_multi_field,98.0,HIGH,auto_matched
CW_001313,lok_sabha,recommended,379,sanctioned,371,,exact_multi_field,98.0,HIGH,auto_matched
CW_000458,lok_sabha,recommended,626,sanctioned,617,,exact_multi_field,98.0,HIGH,auto_matched
CW_000496,lok_sabha,recommended,946,sanctioned,952,,exact_multi_field,98.0,HIGH,auto_matched
CW_000164,lok_sabha,recommended,1371,sanctioned,1361,,exact_multi_field,98.0,HIGH,auto_matched
CW_000459,lok_sabha,recommended,938,sanctioned,916,,exact_multi_field,98.0,HIGH,auto_matched
CW_000454,lok_sabha,recommended,955,sanctioned,946,,exact_multi_field,98.0,HIGH,auto_matched
CW_001314,lok_sabha,recommended,589,sanctioned,579,,exact_multi_field,98.0,HIGH,auto_matched
CW_000565,lok_sabha,recommended,935,sanctioned,938,,exact_multi_field,98.0,HIGH,auto_matched
CW_000497,lok_sabha,recommended,929,sanctioned,952,,exact_multi_field,98.0,HIGH,auto_matched
CW_000462,lok_sabha,recommended,921,sanctioned,916,,exact_multi_field,98.0,HIGH,auto_matched
CW_000459,lok_sabha,recommended,938,sanctioned,946,,exact_multi_field,98.0,HIGH,auto_matched
CW_000494,lok_sabha,recommended,925,sanctioned,912,,exact_multi_field,98.0,HIGH,auto_matched
CW_000462,lok_sabha,recommended,921,sanctioned,946,,exact_multi_field,98.0,HIGH,auto_matched
CW_000494,lok_sabha,recommended,925,sanctioned,942,,exact_multi_field,98.0,HIGH,auto_matched
CW_001315,lok_sabha,recommended,1138,sanctioned,1128,,exact_multi_field,98.0,HIGH,auto_matched
CW_001316,lok_sabha,recommended,123,sanctioned,123,,exact_multi_field,98.0,HIGH,auto_matched
CW_001317,lok_sabha,recommended,685,sanctioned,675,,exact_multi_field,98.0,HIGH,auto_matched
CW_000063,lok_sabha,recommended,1244,sanctioned,1220,,exact_multi_field,98.0,HIGH,auto_matched
CW_000028,lok_sabha,recommended,1247,sanctioned,1228,,exact_multi_field,98.0,HIGH,auto_matched
CW_000094,lok_sabha,recommended,92,sanctioned,92,,exact_multi_field,98.0,HIGH,auto_matched
CW_000468,lok_sabha,recommended,966,sanctioned,914,,exact_multi_field,98.0,HIGH,auto_matched
CW_001318,lok_sabha,recommended,407,sanctioned,399,,exact_multi_field,98.0,HIGH,auto_matched
CW_000501,lok_sabha,recommended,963,sanctioned,936,,exact_multi_field,98.0,HIGH,auto_matched
CW_000503,lok_sabha,recommended,957,sanctioned,950,,exact_multi_field,98.0,HIGH,auto_matched
CW_000468,lok_sabha,recommended,966,sanctioned,944,,exact_multi_field,98.0,HIGH,auto_matched
CW_000469,lok_sabha,recommended,1193,sanctioned,1182,,exact_multi_field,98.0,HIGH,auto_matched
CW_000023,lok_sabha,recommended,1210,sanctioned,1212,,exact_multi_field,98.0,HIGH,auto_matched
CW_000471,lok_sabha,recommended,949,sanctioned,944,,exact_multi_field,98.0,HIGH,auto_matched
CW_000604,lok_sabha,recommended,624,sanctioned,611,,exact_multi_field,98.0,HIGH,auto_matched
CW_000507,lok_sabha,recommended,953,sanctioned,940,,exact_multi_field,98.0,HIGH,auto_matched
CW_000582,lok_sabha,recommended,610,sanctioned,589,,exact_multi_field,98.0,HIGH,auto_matched
CW_000451,lok_sabha,recommended,962,sanctioned,934,,exact_multi_field,98.0,HIGH,auto_matched
CW_000472,lok_sabha,recommended,965,sanctioned,941,,exact_multi_field,98.0,HIGH,auto_matched
CW_000122,lok_sabha,recommended,188,sanctioned,188,,exact_multi_field,98.0,HIGH,auto_matched
CW_000474,lok_sabha,recommended,613,sanctioned,597,,exact_multi_field,98.0,HIGH,auto_matched
CW_001319,lok_sabha,recommended,503,sanctioned,495,,exact_multi_field,98.0,HIGH,auto_matched
CW_000476,lok_sabha,recommended,945,sanctioned,934,,exact_multi_field,98.0,HIGH,auto_matched
CW_001320,lok_sabha,recommended,151,sanctioned,151,,exact_multi_field,98.0,HIGH,auto_matched
CW_001321,lok_sabha,recommended,713,sanctioned,703,,exact_multi_field,98.0,HIGH,auto_matched
CW_000692,lok_sabha,recommended,600,sanctioned,593,,exact_multi_field,98.0,HIGH,auto_matched
CW_000479,lok_sabha,recommended,928,sanctioned,934,,exact_multi_field,98.0,HIGH,auto_matched
CW_000247,lok_sabha,recommended,1042,sanctioned,1032,,exact_multi_field,98.0,HIGH,auto_matched
CW_000460,lok_sabha,recommended,932,sanctioned,930,,exact_multi_field,98.0,HIGH,auto_matched
CW_000522,lok_sabha,recommended,940,sanctioned,941,,exact_multi_field,98.0,HIGH,auto_matched
CW_000445,lok_sabha,recommended,923,sanctioned,941,,exact_multi_field,98.0,HIGH,auto_matched
CW_000510,lok_sabha,recommended,936,sanctioned,931,,exact_multi_field,98.0,HIGH,auto_matched
CW_000483,lok_sabha,recommended,939,sanctioned,939,,exact_multi_field,98.0,HIGH,auto_matched
CW_000022,lok_sabha,recommended,1234,sanctioned,1208,,exact_multi_field,98.0,HIGH,auto_matched
CW_000048,lok_sabha,recommended,1231,sanctioned,1230,,exact_multi_field,98.0,HIGH,auto_matched
CW_000485,lok_sabha,recommended,922,sanctioned,939,,exact_multi_field,98.0,HIGH,auto_matched
CW_000242,lok_sabha,recommended,667,sanctioned,657,,exact_multi_field,98.0,HIGH,auto_matched
CW_001322,lok_sabha,recommended,120,sanctioned,120,,exact_multi_field,98.0,HIGH,auto_matched
CW_000004,lok_sabha,recommended,1214,sanctioned,1230,,exact_multi_field,98.0,HIGH,auto_matched
CW_001323,lok_sabha,recommended,1011,sanctioned,1001,,exact_multi_field,98.0,HIGH,auto_matched
CW_000082,lok_sabha,recommended,1340,sanctioned,1330,,exact_multi_field,98.0,HIGH,auto_matched
CW_000009,lok_sabha,recommended,1230,sanctioned,1228,,exact_multi_field,98.0,HIGH,auto_matched
CW_000048,lok_sabha,recommended,1216,sanctioned,1206,,exact_multi_field,98.0,HIGH,auto_matched
CW_000005,lok_sabha,recommended,1213,sanctioned,1228,,exact_multi_field,98.0,HIGH,auto_matched
CW_000056,lok_sabha,recommended,763,sanctioned,753,,exact_multi_field,98.0,HIGH,auto_matched
CW_000096,lok_sabha,recommended,216,sanctioned,216,,exact_multi_field,98.0,HIGH,auto_matched
CW_001324,lok_sabha,recommended,531,sanctioned,522,,exact_multi_field,98.0,HIGH,auto_matched
CW_000146,lok_sabha,recommended,1107,sanctioned,1097,,exact_multi_field,98.0,HIGH,auto_matched
CW_001325,lok_sabha,recommended,741,sanctioned,731,,exact_multi_field,98.0,HIGH,auto_matched
CW_000625,lok_sabha,recommended,628,sanctioned,621,,exact_multi_field,98.0,HIGH,auto_matched
CW_001326,lok_sabha,recommended,1070,sanctioned,1060,,exact_multi_field,98.0,HIGH,auto_matched
CW_000515,lok_sabha,recommended,960,sanctioned,957,,exact_multi_field,98.0,HIGH,auto_matched
CW_000491,lok_sabha,recommended,620,sanctioned,615,,exact_multi_field,98.0,HIGH,auto_matched
CW_000558,lok_sabha,recommended,964,sanctioned,929,,exact_multi_field,98.0,HIGH,auto_matched
CW_000559,lok_sabha,recommended,947,sanctioned,929,,exact_multi_field,98.0,HIGH,auto_matched
CW_000558,lok_sabha,recommended,964,sanctioned,959,,exact_multi_field,98.0,HIGH,auto_matched
CW_000493,lok_sabha,recommended,956,sanctioned,923,,exact_multi_field,98.0,HIGH,auto_matched
CW_000436,lok_sabha,recommended,1166,sanctioned,1156,,exact_multi_field,98.0,HIGH,auto_matched
CW_000463,lok_sabha,recommended,930,sanctioned,929,,exact_multi_field,98.0,HIGH,auto_matched
CW_000559,lok_sabha,recommended,947,sanctioned,959,,exact_multi_field,98.0,HIGH,auto_matched
CW_000519,lok_sabha,recommended,943,sanctioned,919,,exact_multi_field,98.0,HIGH,auto_matched
CW_000463,lok_sabha,recommended,930,sanctioned,959,,exact_multi_field,98.0,HIGH,auto_matched
CW_000496,lok_sabha,recommended,946,sanctioned,927,,exact_multi_field,98.0,HIGH,auto_matched
CW_000045,lok_sabha,recommended,1241,sanctioned,1196,,exact_multi_field,98.0,HIGH,auto_matched
CW_000525,lok_sabha,recommended,934,sanctioned,955,,exact_multi_field,98.0,HIGH,auto_matched
CW_001327,lok_sabha,recommended,1039,sanctioned,1029,,exact_multi_field,98.0,HIGH,auto_matched
CW_000575,lok_sabha,recommended,926,sanctioned,919,,exact_multi_field,98.0,HIGH,auto_matched
CW_000177,lok_sabha,recommended,1368,sanctioned,1358,,exact_multi_field,98.0,HIGH,auto_matched
CW_000565,lok_sabha,recommended,935,sanctioned,913,,exact_multi_field,98.0,HIGH,auto_matched
CW_000497,lok_sabha,recommended,929,sanctioned,927,,exact_multi_field,98.0,HIGH,auto_matched
CW_000045,lok_sabha,recommended,1241,sanctioned,1226,,exact_multi_field,98.0,HIGH,auto_matched
CW_000575,lok_sabha,recommended,926,sanctioned,949,,exact_multi_field,98.0,HIGH,auto_matched
CW_000045,lok_sabha,recommended,1245,sanctioned,1227,,exact_multi_field,98.0,HIGH,auto_matched
CW_000022,lok_sabha,recommended,1240,sanctioned,1223,,exact_multi_field,98.0,HIGH,auto_matched
CW_000795,lok_sabha,recommended,888,sanctioned,879,,exact_multi_field,98.0,HIGH,auto_matched
CW_001328,lok_sabha,recommended,1135,sanctioned,1125,,exact_multi_field,98.0,HIGH,auto_matched
CW_000034,lok_sabha,recommended,1235,sanctioned,1231,,exact_multi_field,98.0,HIGH,auto_matched
CW_001329,lok_sabha,recommended,450,sanctioned,442,,exact_multi_field,98.0,HIGH,auto_matched
CW_000022,lok_sabha,recommended,1215,sanctioned,1223,,exact_multi_field,98.0,HIGH,auto_matched
CW_000126,lok_sabha,recommended,1224,sanctioned,1217,,exact_multi_field,98.0,HIGH,auto_matched
CW_000009,lok_sabha,recommended,1218,sanctioned,1231,,exact_multi_field,98.0,HIGH,auto_matched
CW_000023,lok_sabha,recommended,1211,sanctioned,1213,,exact_multi_field,98.0,HIGH,auto_matched
CW_000505,lok_sabha,recommended,954,sanctioned,917,,exact_multi_field,98.0,HIGH,auto_matched
CW_000664,lok_sabha,recommended,622,sanctioned,610,,exact_multi_field,98.0,HIGH,auto_matched
CW_000501,lok_sabha,recommended,963,sanctioned,911,,exact_multi_field,98.0,HIGH,auto_matched
CW_000503,lok_sabha,recommended,957,sanctioned,925,,exact_multi_field,98.0,HIGH,auto_matched
CW_001330,lok_sabha,recommended,265,sanctioned,262,,exact_multi_field,98.0,HIGH,auto_matched
CW_000088,lok_sabha,recommended,512,sanctioned,508,,exact_multi_field,98.0,HIGH,auto_matched
CW_000506,lok_sabha,recommended,937,sanctioned,917,,exact_multi_field,98.0,HIGH,auto_matched
CW_000505,lok_sabha,recommended,954,sanctioned,947,,exact_multi_field,98.0,HIGH,auto_matched
CW_000503,lok_sabha,recommended,957,sanctioned,955,,exact_multi_field,98.0,HIGH,auto_matched
CW_000506,lok_sabha,recommended,937,sanctioned,947,,exact_multi_field,98.0,HIGH,auto_matched
CW_000507,lok_sabha,recommended,953,sanctioned,915,,exact_multi_field,98.0,HIGH,auto_matched
CW_000461,lok_sabha,recommended,941,sanctioned,943,,exact_multi_field,98.0,HIGH,auto_matched
CW_000508,lok_sabha,recommended,621,sanctioned,608,,exact_multi_field,98.0,HIGH,auto_matched
CW_001331,lok_sabha,recommended,25,sanctioned,25,,exact_multi_field,98.0,HIGH,auto_matched
CW_000634,lok_sabha,recommended,601,sanctioned,600,,exact_multi_field,98.0,HIGH,auto_matched
CW_000582,lok_sabha,recommended,610,sanctioned,594,,exact_multi_field,98.0,HIGH,auto_matched
CW_000464,lok_sabha,recommended,924,sanctioned,943,,exact_multi_field,98.0,HIGH,auto_matched
CW_001332,lok_sabha,recommended,916,sanctioned,907,,exact_multi_field,98.0,HIGH,auto_matched
CW_000533,lok_sabha,recommended,933,sanctioned,937,,exact_multi_field,98.0,HIGH,auto_matched
CW_000510,lok_sabha,recommended,936,sanctioned,944,,exact_multi_field,98.0,HIGH,auto_matched
CW_000109,lok_sabha,recommended,1163,sanctioned,1153,,exact_multi_field,98.0,HIGH,auto_matched
CW_001333,lok_sabha,recommended,710,sanctioned,700,,exact_multi_field,98.0,HIGH,auto_matched
CW_000466,lok_sabha,recommended,920,sanctioned,933,,exact_multi_field,98.0,HIGH,auto_matched
CW_000692,lok_sabha,recommended,600,sanctioned,598,,exact_multi_field,98.0,HIGH,auto_matched
CW_001334,lok_sabha,recommended,121,sanctioned,121,,exact_multi_field,98.0,HIGH,auto_matched
CW_000024,lok_sabha,recommended,1242,sanctioned,1219,,exact_multi_field,98.0,HIGH,auto_matched
CW_000023,lok_sabha,recommended,1222,sanctioned,1211,,exact_multi_field,98.0,HIGH,auto_matched
CW_000048,lok_sabha,recommended,1231,sanctioned,1205,,exact_multi_field,98.0,HIGH,auto_matched
CW_000004,lok_sabha,recommended,1214,sanctioned,1205,,exact_multi_field,98.0,HIGH,auto_matched
CW_000048,lok_sabha,recommended,1231,sanctioned,1235,,exact_multi_field,98.0,HIGH,auto_matched
CW_001335,lok_sabha,recommended,293,sanctioned,290,,exact_multi_field,98.0,HIGH,auto_matched
CW_000543,lok_sabha,recommended,961,sanctioned,934,,exact_multi_field,98.0,HIGH,auto_matched
CW_001336,lok_sabha,recommended,738,sanctioned,728,,exact_multi_field,98.0,HIGH,auto_matched
CW_000515,lok_sabha,recommended,960,sanctioned,932,,exact_multi_field,98.0,HIGH,auto_matched
CW_000605,lok_sabha,recommended,608,sanctioned,588,,exact_multi_field,98.0,HIGH,auto_matched
CW_000518,lok_sabha,recommended,611,sanctioned,596,,exact_multi_field,98.0,HIGH,auto_matched
CW_000522,lok_sabha,recommended,940,sanctioned,924,,exact_multi_field,98.0,HIGH,auto_matched
CW_000519,lok_sabha,recommended,943,sanctioned,932,,exact_multi_field,98.0,HIGH,auto_matched
CW_000145,lok_sabha,recommended,149,sanctioned,149,,exact_multi_field,98.0,HIGH,auto_matched
CW_000445,lok_sabha,recommended,923,sanctioned,924,,exact_multi_field,98.0,HIGH,auto_matched
CW_000522,lok_sabha,recommended,940,sanctioned,954,,exact_multi_field,98.0,HIGH,auto_matched
CW_001337,lok_sabha,recommended,1040,sanctioned,1030,,exact_multi_field,98.0,HIGH,auto_matched
CW_000550,lok_sabha,recommended,598,sanctioned,592,,exact_multi_field,98.0,HIGH,auto_matched
CW_001338,lok_sabha,recommended,1287,sanctioned,1277,,exact_multi_field,98.0,HIGH,auto_matched
CW_000445,lok_sabha,recommended,923,sanctioned,954,,exact_multi_field,98.0,HIGH,auto_matched
CW_000544,lok_sabha,recommended,944,sanctioned,926,,exact_multi_field,98.0,HIGH,auto_matched
CW_000483,lok_sabha,recommended,939,sanctioned,922,,exact_multi_field,98.0,HIGH,auto_matched
CW_000525,lok_sabha,recommended,934,sanctioned,930,,exact_multi_field,98.0,HIGH,auto_matched
CW_000048,lok_sabha,recommended,1246,sanctioned,1229,,exact_multi_field,98.0,HIGH,auto_matched
CW_000018,lok_sabha,recommended,1229,sanctioned,1229,,exact_multi_field,98.0,HIGH,auto_matched
CW_000005,lok_sabha,recommended,1238,sanctioned,1223,,exact_multi_field,98.0,HIGH,auto_matched
CW_001339,lok_sabha,recommended,556,sanctioned,547,,exact_multi_field,98.0,HIGH,auto_matched
CW_001340,lok_sabha,recommended,885,sanctioned,876,,exact_multi_field,98.0,HIGH,auto_matched
CW_000449,lok_sabha,recommended,968,sanctioned,922,,exact_multi_field,98.0,HIGH,auto_matched
CW_000449,lok_sabha,recommended,968,sanctioned,952,,exact_multi_field,98.0,HIGH,auto_matched
CW_000028,lok_sabha,recommended,1232,sanctioned,1228,,exact_multi_field,98.0,HIGH,auto_matched
CW_000191,lok_sabha,recommended,177,sanctioned,177,,exact_multi_field,98.0,HIGH,auto_matched
CW_000022,lok_sabha,recommended,1215,sanctioned,1228,,exact_multi_field,98.0,HIGH,auto_matched
CW_000528,lok_sabha,recommended,967,sanctioned,920,,exact_multi_field,98.0,HIGH,auto_matched
CW_000014,lok_sabha,recommended,1202,sanctioned,1194,,exact_multi_field,98.0,HIGH,auto_matched
CW_000456,lok_sabha,recommended,958,sanctioned,956,,exact_multi_field,98.0,HIGH,auto_matched
CW_000459,lok_sabha,recommended,938,sanctioned,948,,exact_multi_field,98.0,HIGH,auto_matched
CW_001341,lok_sabha,recommended,383,sanctioned,375,,exact_multi_field,98.0,HIGH,auto_matched
CW_000453,lok_sabha,recommended,959,sanctioned,950,,exact_multi_field,98.0,HIGH,auto_matched
CW_000505,lok_sabha,recommended,954,sanctioned,922,,exact_multi_field,98.0,HIGH,auto_matched
CW_000534,lok_sabha,recommended,614,sanctioned,603,,exact_multi_field,98.0,HIGH,auto_matched
CW_001342,lok_sabha,recommended,262,sanctioned,259,,exact_multi_field,98.0,HIGH,auto_matched
CW_000455,lok_sabha,recommended,942,sanctioned,950,,exact_multi_field,98.0,HIGH,auto_matched
CW_000159,lok_sabha,recommended,1164,sanctioned,1154,,exact_multi_field,98.0,HIGH,auto_matched
CW_000092,lok_sabha,recommended,509,sanctioned,505,,exact_multi_field,98.0,HIGH,auto_matched
CW_000466,lok_sabha,recommended,920,sanctioned,946,,exact_multi_field,98.0,HIGH,auto_matched
CW_000461,lok_sabha,recommended,941,sanctioned,918,,exact_multi_field,98.0,HIGH,auto_matched
CW_001343,lok_sabha,recommended,479,sanctioned,471,,exact_multi_field,98.0,HIGH,auto_matched
CW_001344,lok_sabha,recommended,235,sanctioned,233,,exact_multi_field,98.0,HIGH,auto_matched
CW_000460,lok_sabha,recommended,932,sanctioned,954,,exact_multi_field,98.0,HIGH,auto_matched
CW_000146,lok_sabha,recommended,1366,sanctioned,1356,,exact_multi_field,98.0,HIGH,auto_matched
CW_000464,lok_sabha,recommended,924,sanctioned,918,,exact_multi_field,98.0,HIGH,auto_matched
CW_000461,lok_sabha,recommended,941,sanctioned,948,,exact_multi_field,98.0,HIGH,auto_matched
CW_000462,lok_sabha,recommended,921,sanctioned,940,,exact_multi_field,98.0,HIGH,auto_matched
CW_000101,lok_sabha,recommended,227,sanctioned,227,,exact_multi_field,98.0,HIGH,auto_matched
CW_000464,lok_sabha,recommended,924,sanctioned,948,,exact_multi_field,98.0,HIGH,auto_matched
CW_000028,lok_sabha,recommended,1247,sanctioned,1222,,exact_multi_field,98.0,HIGH,auto_matched
CW_000009,lok_sabha,recommended,1230,sanctioned,1222,,exact_multi_field,98.0,HIGH,auto_matched
CW_000024,lok_sabha,recommended,1219,sanctioned,1208,,exact_multi_field,98.0,HIGH,auto_matched
CW_000005,lok_sabha,recommended,1213,sanctioned,1222,,exact_multi_field,98.0,HIGH,auto_matched
CW_000022,lok_sabha,recommended,1206,sanctioned,1204,,exact_multi_field,98.0,HIGH,auto_matched
CW_000478,lok_sabha,recommended,1192,sanctioned,1182,,exact_multi_field,98.0,HIGH,auto_matched
CW_000023,lok_sabha,recommended,1209,sanctioned,1212,,exact_multi_field,98.0,HIGH,auto_matched
CW_001345,lok_sabha,recommended,739,sanctioned,729,,exact_multi_field,98.0,HIGH,auto_matched
CW_000468,lok_sabha,recommended,966,sanctioned,938,,exact_multi_field,98.0,HIGH,auto_matched
CW_000517,lok_sabha,recommended,969,sanctioned,945,,exact_multi_field,98.0,HIGH,auto_matched
CW_000480,lok_sabha,recommended,612,sanctioned,597,,exact_multi_field,98.0,HIGH,auto_matched
CW_001346,lok_sabha,recommended,507,sanctioned,499,,exact_multi_field,98.0,HIGH,auto_matched
CW_000471,lok_sabha,recommended,949,sanctioned,938,,exact_multi_field,98.0,HIGH,auto_matched
CW_000543,lok_sabha,recommended,961,sanctioned,939,,exact_multi_field,98.0,HIGH,auto_matched
CW_000472,lok_sabha,recommended,965,sanctioned,935,,exact_multi_field,98.0,HIGH,auto_matched
CW_000477,lok_sabha,recommended,948,sanctioned,935,,exact_multi_field,98.0,HIGH,auto_matched
CW_000547,lok_sabha,recommended,599,sanctioned,599,,exact_multi_field,98.0,HIGH,auto_matched
CW_000479,lok_sabha,recommended,928,sanctioned,928,,exact_multi_field,98.0,HIGH,auto_matched
CW_000444,lok_sabha,recommended,931,sanctioned,935,,exact_multi_field,98.0,HIGH,auto_matched
CW_001347,lok_sabha,recommended,146,sanctioned,146,,exact_multi_field,98.0,HIGH,auto_matched
CW_000104,lok_sabha,recommended,461,sanctioned,453,,exact_multi_field,98.0,HIGH,auto_matched
CW_000482,lok_sabha,recommended,927,sanctioned,925,,exact_multi_field,98.0,HIGH,auto_matched
CW_000048,lok_sabha,recommended,1246,sanctioned,1204,,exact_multi_field,98.0,HIGH,auto_matched
CW_000485,lok_sabha,recommended,922,sanctioned,933,,exact_multi_field,98.0,HIGH,auto_matched
CW_000022,lok_sabha,recommended,1234,sanctioned,1232,,exact_multi_field,98.0,HIGH,auto_matched
CW_000018,lok_sabha,recommended,1229,sanctioned,1204,,exact_multi_field,98.0,HIGH,auto_matched
CW_000028,lok_sabha,recommended,1217,sanctioned,1232,,exact_multi_field,98.0,HIGH,auto_matched
CW_000339,lok_sabha,recommended,767,sanctioned,757,,exact_multi_field,98.0,HIGH,auto_matched
CW_000048,lok_sabha,recommended,1216,sanctioned,1230,,exact_multi_field,98.0,HIGH,auto_matched
CW_000449,lok_sabha,recommended,968,sanctioned,927,,exact_multi_field,98.0,HIGH,auto_matched
CW_000493,lok_sabha,recommended,956,sanctioned,955,,exact_multi_field,98.0,HIGH,auto_matched
CW_000521,lok_sabha,recommended,952,sanctioned,915,,exact_multi_field,98.0,HIGH,auto_matched
CW_000454,lok_sabha,recommended,955,sanctioned,923,,exact_multi_field,98.0,HIGH,auto_matched
CW_001348,lok_sabha,recommended,1065,sanctioned,1055,,exact_multi_field,98.0,HIGH,auto_matched
CW_000007,lok_sabha,recommended,510,sanctioned,506,,exact_multi_field,98.0,HIGH,auto_matched
CW_000713,lok_sabha,recommended,623,sanctioned,617,,exact_multi_field,98.0,HIGH,auto_matched
CW_000521,lok_sabha,recommended,952,sanctioned,945,,exact_multi_field,98.0,HIGH,auto_matched
CW_000496,lok_sabha,recommended,946,sanctioned,959,,exact_multi_field,98.0,HIGH,auto_matched
CW_000459,lok_sabha,recommended,938,sanctioned,923,,exact_multi_field,98.0,HIGH,auto_matched
CW_000454,lok_sabha,recommended,955,sanctioned,953,,exact_multi_field,98.0,HIGH,auto_matched
CW_000565,lok_sabha,recommended,935,sanctioned,945,,exact_multi_field,98.0,HIGH,auto_matched
CW_000459,lok_sabha,recommended,938,sanctioned,953,,exact_multi_field,98.0,HIGH,auto_matched
CW_000494,lok_sabha,recommended,925,sanctioned,919,,exact_multi_field,98.0,HIGH,auto_matched
CW_000771,lok_sabha,recommended,582,sanctioned,569,,exact_multi_field,98.0,HIGH,auto_matched
CW_000455,lok_sabha,recommended,942,sanctioned,925,,exact_multi_field,98.0,HIGH,auto_matched
CW_000463,lok_sabha,recommended,930,sanctioned,953,,exact_multi_field,98.0,HIGH,auto_matched
CW_000494,lok_sabha,recommended,925,sanctioned,949,,exact_multi_field,98.0,HIGH,auto_matched
CW_000412,lok_sabha,recommended,1161,sanctioned,1151,,exact_multi_field,98.0,HIGH,auto_matched
CW_000035,lok_sabha,recommended,795,sanctioned,785,,exact_multi_field,98.0,HIGH,auto_matched
CW_000497,lok_sabha,recommended,929,sanctioned,921,,exact_multi_field,98.0,HIGH,auto_matched
CW_000045,lok_sabha,recommended,1241,sanctioned,1220,,exact_multi_field,98.0,HIGH,auto_matched
CW_000063,lok_sabha,recommended,1244,sanctioned,1227,,exact_multi_field,98.0,HIGH,auto_matched
CW_000466,lok_sabha,recommended,920,sanctioned,957,,exact_multi_field,98.0,HIGH,auto_matched
CW_000028,lok_sabha,recommended,1236,sanctioned,1221,,exact_multi_field,98.0,HIGH,auto_matched
CW_000366,lok_sabha,recommended,562,sanctioned,552,,exact_multi_field,98.0,HIGH,auto_matched
CW_001066,lok_sabha,recommended,891,sanctioned,881,,exact_multi_field,98.0,HIGH,auto_matched
CW_000034,lok_sabha,recommended,1235,sanctioned,1225,,exact_multi_field,98.0,HIGH,auto_matched
CW_000009,lok_sabha,recommended,1218,sanctioned,1225,,exact_multi_field,98.0,HIGH,auto_matched
CW_000501,lok_sabha,recommended,963,sanctioned,943,,exact_multi_field,98.0,HIGH,auto_matched
CW_000468,lok_sabha,recommended,966,sanctioned,951,,exact_multi_field,98.0,HIGH,auto_matched
CW_000451,lok_sabha,recommended,962,sanctioned,911,,exact_multi_field,98.0,HIGH,auto_matched
CW_000507,lok_sabha,recommended,953,sanctioned,947,,exact_multi_field,98.0,HIGH,auto_matched
CW_000582,lok_sabha,recommended,610,sanctioned,596,,exact_multi_field,98.0,HIGH,auto_matched
CW_000476,lok_sabha,recommended,945,sanctioned,911,,exact_multi_field,98.0,HIGH,auto_matched
CW_000451,lok_sabha,recommended,962,sanctioned,941,,exact_multi_field,98.0,HIGH,auto_matched
CW_000474,lok_sabha,recommended,613,sanctioned,604,,exact_multi_field,98.0,HIGH,auto_matched
CW_000563,lok_sabha,recommended,1189,sanctioned,1179,,exact_multi_field,98.0,HIGH,auto_matched
CW_000503,lok_sabha,recommended,957,sanctioned,919,,exact_multi_field,98.0,HIGH,auto_matched
CW_000476,lok_sabha,recommended,945,sanctioned,941,,exact_multi_field,98.0,HIGH,auto_matched
CW_000468,lok_sabha,recommended,966,sanctioned,913,,exact_multi_field,98.0,HIGH,auto_matched
CW_000503,lok_sabha,recommended,957,sanctioned,949,,exact_multi_field,98.0,HIGH,auto_matched
CW_000692,lok_sabha,recommended,600,sanctioned,600,,exact_multi_field,98.0,HIGH,auto_matched
CW_000471,lok_sabha,recommended,949,sanctioned,913,,exact_multi_field,98.0,HIGH,auto_matched
CW_000457,lok_sabha,recommended,609,sanctioned,594,,exact_multi_field,98.0,HIGH,auto_matched
CW_000506,lok_sabha,recommended,937,sanctioned,941,,exact_multi_field,98.0,HIGH,auto_matched
CW_000522,lok_sabha,recommended,940,sanctioned,948,,exact_multi_field,98.0,HIGH,auto_matched
CW_000483,lok_sabha,recommended,939,sanctioned,916,,exact_multi_field,98.0,HIGH,auto_matched
CW_000599,lok_sabha,recommended,604,sanctioned,602,,exact_multi_field,98.0,HIGH,auto_matched
CW_000510,lok_sabha,recommended,936,sanctioned,938,,exact_multi_field,98.0,HIGH,auto_matched
CW_000483,lok_sabha,recommended,939,sanctioned,946,,exact_multi_field,98.0,HIGH,auto_matched
CW_000036,lok_sabha,recommended,1243,sanctioned,1209,,exact_multi_field,98.0,HIGH,auto_matched
CW_000229,lok_sabha,recommended,911,sanctioned,902,,exact_multi_field,98.0,HIGH,auto_matched
CW_000485,lok_sabha,recommended,922,sanctioned,946,,exact_multi_field,98.0,HIGH,auto_matched
CW_001349,lok_sabha,recommended,431,sanctioned,424,,exact_multi_field,98.0,HIGH,auto_matched
CW_000022,lok_sabha,recommended,1234,sanctioned,1207,,exact_multi_field,98.0,HIGH,auto_matched
CW_000023,lok_sabha,recommended,1208,sanctioned,1213,,exact_multi_field,98.0,HIGH,auto_matched
CW_000028,lok_sabha,recommended,1217,sanctioned,1207,,exact_multi_field,98.0,HIGH,auto_matched
CW_000338,lok_sabha,recommended,764,sanctioned,754,,exact_multi_field,98.0,HIGH,auto_matched
CW_001350,lok_sabha,recommended,288,sanctioned,285,,exact_multi_field,98.0,HIGH,auto_matched
CW_000193,lok_sabha,recommended,175,sanctioned,175,,exact_multi_field,98.0,HIGH,auto_matched
CW_000491,lok_sabha,recommended,620,sanctioned,622,,exact_multi_field,98.0,HIGH,auto_matched
CW_000558,lok_sabha,recommended,964,sanctioned,936,,exact_multi_field,98.0,HIGH,auto_matched
CW_000591,lok_sabha,recommended,607,sanctioned,588,,exact_multi_field,98.0,HIGH,auto_matched
CW_000604,lok_sabha,recommended,624,sanctioned,618,,exact_multi_field,98.0,HIGH,auto_matched
CW_000358,lok_sabha,recommended,1313,sanctioned,1303,,exact_multi_field,98.0,HIGH,auto_matched
CW_000559,lok_sabha,recommended,947,sanctioned,936,,exact_multi_field,98.0,HIGH,auto_matched
CW_001324,lok_sabha,recommended,531,sanctioned,521,,exact_multi_field,98.0,HIGH,auto_matched
CW_000493,lok_sabha,recommended,956,sanctioned,930,,exact_multi_field,98.0,HIGH,auto_matched
CW_000544,lok_sabha,recommended,944,sanctioned,958,,exact_multi_field,98.0,HIGH,auto_matched
CW_000515,lok_sabha,recommended,960,sanctioned,926,,exact_multi_field,98.0,HIGH,auto_matched
CW_000518,lok_sabha,recommended,611,sanctioned,590,,exact_multi_field,98.0,HIGH,auto_matched
CW_000534,lok_sabha,recommended,614,sanctioned,597,,exact_multi_field,98.0,HIGH,auto_matched
CW_000519,lok_sabha,recommended,943,sanctioned,926,,exact_multi_field,98.0,HIGH,auto_matched
CW_000521,lok_sabha,recommended,952,sanctioned,920,,exact_multi_field,98.0,HIGH,auto_matched
CW_000496,lok_sabha,recommended,946,sanctioned,934,,exact_multi_field,98.0,HIGH,auto_matched
CW_000575,lok_sabha,recommended,926,sanctioned,926,,exact_multi_field,98.0,HIGH,auto_matched
CW_000519,lok_sabha,recommended,943,sanctioned,956,,exact_multi_field,98.0,HIGH,auto_matched
CW_000445,lok_sabha,recommended,923,sanctioned,948,,exact_multi_field,98.0,HIGH,auto_matched
CW_000575,lok_sabha,recommended,926,sanctioned,956,,exact_multi_field,98.0,HIGH,auto_matched
CW_000485,lok_sabha,recommended,922,sanctioned,916,,exact_multi_field,98.0,HIGH,auto_matched
CW_000045,lok_sabha,recommended,1245,sanctioned,1234,,exact_multi_field,98.0,HIGH,auto_matched
CW_001351,lok_sabha,recommended,350,sanctioned,343,,exact_multi_field,98.0,HIGH,auto_matched
CW_000028,lok_sabha,recommended,1232,sanctioned,1230,,exact_multi_field,98.0,HIGH,auto_matched
CW_000090,lok_sabha,recommended,203,sanctioned,203,,exact_multi_field,98.0,HIGH,auto_matched
CW_000163,lok_sabha,recommended,559,sanctioned,549,,exact_multi_field,98.0,HIGH,auto_matched
CW_001352,lok_sabha,recommended,409,sanctioned,401,,exact_multi_field,98.0,HIGH,auto_matched
CW_000505,lok_sabha,recommended,954,sanctioned,924,,exact_multi_field,98.0,HIGH,auto_matched
CW_000664,lok_sabha,recommended,622,sanctioned,617,,exact_multi_field,98.0,HIGH,auto_matched
CW_000501,lok_sabha,recommended,963,sanctioned,918,,exact_multi_field,98.0,HIGH,auto_matched
CW_001353,lok_sabha,recommended,861,sanctioned,852,,exact_multi_field,98.0,HIGH,auto_matched
CW_000528,lok_sabha,recommended,967,sanctioned,914,,exact_multi_field,98.0,HIGH,auto_matched
CW_000505,lok_sabha,recommended,954,sanctioned,954,,exact_multi_field,98.0,HIGH,auto_matched
CW_000529,lok_sabha,recommended,950,sanctioned,914,,exact_multi_field,98.0,HIGH,auto_matched
CW_000530,lok_sabha,recommended,618,sanctioned,607,,exact_multi_field,98.0,HIGH,auto_matched
CW_000507,lok_sabha,recommended,953,sanctioned,922,,exact_multi_field,98.0,HIGH,auto_matched
CW_001354,lok_sabha,recommended,505,sanctioned,497,,exact_multi_field,98.0,HIGH,auto_matched
CW_000508,lok_sabha,recommended,621,sanctioned,615,,exact_multi_field,98.0,HIGH,auto_matched
CW_000461,lok_sabha,recommended,941,sanctioned,950,,exact_multi_field,98.0,HIGH,auto_matched
CW_000533,lok_sabha,recommended,933,sanctioned,914,,exact_multi_field,98.0,HIGH,auto_matched
CW_000529,lok_sabha,recommended,950,sanctioned,944,,exact_multi_field,98.0,HIGH,auto_matched
CW_000582,lok_sabha,recommended,610,sanctioned,601,,exact_multi_field,98.0,HIGH,auto_matched
CW_000464,lok_sabha,recommended,924,sanctioned,950,,exact_multi_field,98.0,HIGH,auto_matched
CW_000533,lok_sabha,recommended,933,sanctioned,944,,exact_multi_field,98.0,HIGH,auto_matched
CW_001355,lok_sabha,recommended,591,sanctioned,581,,exact_multi_field,98.0,HIGH,auto_matched
CW_000506,lok_sabha,recommended,937,sanctioned,916,,exact_multi_field,98.0,HIGH,auto_matched
CW_000842,lok_sabha,recommended,580,sanctioned,567,,exact_multi_field,98.0,HIGH,auto_matched
CW_000466,lok_sabha,recommended,920,sanctioned,940,,exact_multi_field,98.0,HIGH,auto_matched
CW_000506,lok_sabha,recommended,937,sanctioned,946,,exact_multi_field,98.0,HIGH,auto_matched
CW_001356,lok_sabha,recommended,1122,sanctioned,1112,,exact_multi_field,98.0,HIGH,auto_matched
CW_000482,lok_sabha,recommended,927,sanctioned,919,,exact_multi_field,98.0,HIGH,auto_matched
CW_000510,lok_sabha,recommended,936,sanctioned,913,,exact_multi_field,98.0,HIGH,auto_matched
CW_000023,lok_sabha,recommended,1248,sanctioned,1212,,exact_multi_field,98.0,HIGH,auto_matched
CW_000536,lok_sabha,recommended,579,sanctioned,565,,exact_multi_field,98.0,HIGH,auto_matched
CW_000482,lok_sabha,recommended,927,sanctioned,949,,exact_multi_field,98.0,HIGH,auto_matched
CW_000034,lok_sabha,recommended,1235,sanctioned,1208,,exact_multi_field,98.0,HIGH,auto_matched
CW_000009,lok_sabha,recommended,1218,sanctioned,1208,,exact_multi_field,98.0,HIGH,auto_matched
CW_000344,lok_sabha,recommended,1465,sanctioned,1454,,exact_multi_field,98.0,HIGH,auto_matched
CW_000503,lok_sabha,recommended,957,sanctioned,932,,exact_multi_field,98.0,HIGH,auto_matched
CW_000605,lok_sabha,recommended,608,sanctioned,595,,exact_multi_field,98.0,HIGH,auto_matched
CW_000558,lok_sabha,recommended,964,sanctioned,911,,exact_multi_field,98.0,HIGH,auto_matched
CW_000543,lok_sabha,recommended,961,sanctioned,933,,exact_multi_field,98.0,HIGH,auto_matched
CW_000559,lok_sabha,recommended,947,sanctioned,911,,exact_multi_field,98.0,HIGH,auto_matched
CW_000558,lok_sabha,recommended,964,sanctioned,941,,exact_multi_field,98.0,HIGH,auto_matched
CW_000550,lok_sabha,recommended,598,sanctioned,599,,exact_multi_field,98.0,HIGH,auto_matched
CW_000565,lok_sabha,recommended,935,sanctioned,939,,exact_multi_field,98.0,HIGH,auto_matched
CW_000591,lok_sabha,recommended,607,sanctioned,593,,exact_multi_field,98.0,HIGH,auto_matched
CW_000544,lok_sabha,recommended,944,sanctioned,933,,exact_multi_field,98.0,HIGH,auto_matched
CW_000477,lok_sabha,recommended,948,sanctioned,929,,exact_multi_field,98.0,HIGH,auto_matched
CW_000545,lok_sabha,recommended,951,sanctioned,937,,exact_multi_field,98.0,HIGH,auto_matched
CW_000444,lok_sabha,recommended,931,sanctioned,929,,exact_multi_field,98.0,HIGH,auto_matched
CW_000494,lok_sabha,recommended,925,sanctioned,943,,exact_multi_field,98.0,HIGH,auto_matched
CW_000525,lok_sabha,recommended,934,sanctioned,937,,exact_multi_field,98.0,HIGH,auto_matched
CW_000048,lok_sabha,recommended,1246,sanctioned,1236,,exact_multi_field,98.0,HIGH,auto_matched
CW_000252,lok_sabha,recommended,1493,sanctioned,1482,,exact_multi_field,98.0,HIGH,auto_matched
CW_000371,lok_sabha,recommended,1102,sanctioned,1491,,fuzzy_multi_field,86.65,HIGH,auto_matched
CW_000140,lok_sabha,recommended,1365,sanctioned,1495,,fuzzy_multi_field,86.49,HIGH,auto_matched
CW_000407,lok_sabha,recommended,801,sanctioned,794,,fuzzy_multi_field,94.65,HIGH,auto_matched
CW_001234,lok_sabha,recommended,1113,sanctioned,1489,,fuzzy_multi_field,86.37,HIGH,auto_matched
CW_000252,lok_sabha,recommended,1359,sanctioned,1493,,fuzzy_multi_field,85.72,HIGH,auto_matched
CW_000205,lok_sabha,recommended,1495,sanctioned,1490,,fuzzy_multi_field,85.27,HIGH,auto_matched
CW_000361,lok_sabha,recommended,1364,sanctioned,1496,,fuzzy_multi_field,88.22,HIGH,auto_matched
CW_000308,lok_sabha,recommended,1481,sanctioned,1498,,fuzzy_multi_field,86.17,HIGH,auto_matched
CW_001357,lok_sabha,recommended,1092,sanctioned,1082,,fuzzy_multi_field,100.0,HIGH,auto_matched
CW_000308,lok_sabha,recommended,1481,sanctioned,1492,,fuzzy_multi_field,87.7,HIGH,auto_matched
CW_001358,lok_sabha,recommended,558,sanctioned,557,,fuzzy_multi_field,89.65,HIGH,auto_matched
CW_001359,lok_sabha,recommended,1090,sanctioned,1080,,fuzzy_multi_field,100.0,HIGH,auto_matched
CW_000130,lok_sabha,recommended,1475,sanctioned,1497,,fuzzy_multi_field,85.54,HIGH,auto_matched
CW_000314,lok_sabha,recommended,232,sanctioned,586,,fuzzy_multi_field,86.73,HIGH,auto_matched
CW_000361,lok_sabha,recommended,1473,sanctioned,1494,,fuzzy_multi_field,89.98,HIGH,auto_matched
CW_000407,lok_sabha,recommended,803,sanctioned,793,,fuzzy_multi_field,93.27,HIGH,auto_matched
CW_000407,lok_sabha,recommended,802,sanctioned,792,,fuzzy_multi_field,91.0,HIGH,auto_matched
CW_000314,lok_sabha,recommended,231,sanctioned,586,,fuzzy_multi_field,86.56,HIGH,auto_matched
CW_001360,lok_sabha,recommended,635,sanctioned,625,,fuzzy_multi_field,100.0,HIGH,auto_matched
CW_001361,lok_sabha,recommended,634,sanctioned,624,,fuzzy_multi_field,100.0,HIGH,auto_matched
CW_000238,lok_sabha,recommended,1356,sanctioned,1499,,fuzzy_multi_field,85.59,HIGH,auto_matched
CW_001362,lok_sabha,recommended,633,sanctioned,623,,fuzzy_multi_field,100.0,HIGH,auto_matched
